datetime,date,hour,national,dhaka,chattogram,cumilla,mymensingh,sylhet,khulna,barishal,rajshahi,rangpur
2026-01-01T00:00,2026-01-01,0,12.7,12.14,13.41,12.45,12.91,13.75,12.54,13.36,12.24,13.35
2026-01-01T01:00,2026-01-01,1,12.34,11.79,13.03,12.04,12.76,13.25,12.05,12.59,11.99,13.19
2026-01-01T02:00,2026-01-01,2,12.08,11.63,12.69,11.76,12.61,12.94,11.83,12.33,11.67,12.81
2026-01-01T03:00,2026-01-01,3,11.77,11.38,12.26,11.48,12.37,12.57,11.53,11.99,11.28,12.51
2026-01-01T04:00,2026-01-01,4,11.45,11.15,11.78,11.1,12.2,12.25,11.09,11.48,10.95,12.22
2026-01-01T05:00,2026-01-01,5,11.17,10.9,11.34,10.78,11.95,11.97,10.79,11.23,10.73,12.0
2026-01-01T06:00,2026-01-01,6,10.99,10.6,11.03,10.47,11.9,12.1,10.72,11.64,10.51,11.64
2026-01-01T07:00,2026-01-01,7,11.07,10.75,11.22,10.82,12.08,12.52,10.55,11.3,10.39,11.64
2026-01-01T08:00,2026-01-01,8,12.79,12.85,13.5,12.72,13.34,13.53,12.05,13.45,11.99,12.62
2026-01-01T09:00,2026-01-01,9,15.2,15.71,16.53,15.49,14.91,14.8,14.37,16.02,14.25,14.44
2026-01-01T10:00,2026-01-01,10,17.89,18.55,19.04,18.68,17.15,17.18,17.25,18.71,16.81,16.79
2026-01-01T11:00,2026-01-01,11,19.99,20.54,20.92,20.75,19.29,19.43,19.44,20.53,19.09,19.16
2026-01-01T12:00,2026-01-01,12,20.91,21.31,21.69,21.49,20.34,20.73,20.27,21.21,20.28,20.4
2026-01-01T13:00,2026-01-01,13,21.83,22.06,22.63,22.4,21.39,21.63,21.39,22.26,21.15,21.36
2026-01-01T14:00,2026-01-01,14,22.29,22.45,23.14,22.88,21.96,22.09,21.98,22.82,21.52,21.78
2026-01-01T15:00,2026-01-01,15,22.33,22.43,23.04,22.88,22.15,22.2,22.03,22.85,21.7,21.9
2026-01-01T16:00,2026-01-01,16,21.83,21.85,22.3,22.37,21.71,21.74,21.51,22.3,21.25,21.66
2026-01-01T17:00,2026-01-01,17,19.61,19.63,19.83,20.11,19.4,19.39,19.26,20.0,19.03,19.92
2026-01-01T18:00,2026-01-01,18,17.63,17.47,18.15,18.0,17.58,17.69,17.09,17.95,17.07,18.24
2026-01-01T19:00,2026-01-01,19,16.53,16.23,17.26,16.84,16.23,16.75,15.93,16.66,15.92,17.67
2026-01-01T20:00,2026-01-01,20,15.62,15.26,16.04,16.04,15.52,16.18,15.13,15.62,14.8,16.92
2026-01-01T21:00,2026-01-01,21,15.01,14.67,14.92,15.46,15.12,15.72,14.4,14.82,14.33,16.42
2026-01-01T22:00,2026-01-01,22,14.49,14.15,14.45,14.66,14.57,15.16,13.85,14.17,14.25,15.85
2026-01-01T23:00,2026-01-01,23,13.99,13.67,14.13,13.84,14.02,14.47,13.29,13.8,13.98,15.32
2026-01-02T00:00,2026-01-02,0,13.68,13.41,13.93,13.41,13.79,14.14,13.02,13.96,13.49,14.85
2026-01-02T01:00,2026-01-02,1,13.06,12.67,13.57,12.98,13.12,13.41,12.4,13.03,12.9,14.37
2026-01-02T02:00,2026-01-02,2,12.62,12.14,13.17,12.63,12.66,12.98,11.95,12.61,12.28,14.17
2026-01-02T03:00,2026-01-02,3,12.26,11.79,12.68,12.31,12.27,12.45,11.59,12.31,12.07,13.84
2026-01-02T04:00,2026-01-02,4,11.89,11.43,12.22,11.97,11.94,12.05,11.26,12.01,11.6,13.46
2026-01-02T05:00,2026-01-02,5,11.64,11.23,11.93,11.69,11.65,11.99,10.92,11.74,11.4,13.16
2026-01-02T06:00,2026-01-02,6,11.73,11.21,12.02,11.61,11.73,12.06,11.06,12.35,11.77,13.03
2026-01-02T07:00,2026-01-02,7,11.88,11.4,12.17,11.85,12.03,12.53,11.21,11.92,11.84,13.11
2026-01-02T08:00,2026-01-02,8,13.32,12.99,13.8,13.32,13.02,13.33,12.64,14.3,13.49,13.93
2026-01-02T09:00,2026-01-02,9,15.44,15.63,16.17,15.37,14.18,14.61,14.96,16.88,15.51,15.5
2026-01-02T10:00,2026-01-02,10,18.22,18.72,19.29,18.43,16.63,17.07,17.93,19.53,18.01,17.55
2026-01-02T11:00,2026-01-02,11,20.42,20.79,21.55,20.73,19.38,19.56,20.17,21.22,20.18,19.64
2026-01-02T12:00,2026-01-02,12,21.35,21.46,22.43,21.49,20.88,20.98,21.08,21.9,21.0,20.96
2026-01-02T13:00,2026-01-02,13,22.15,22.17,23.09,22.14,21.82,21.91,22.02,22.79,21.7,22.03
2026-01-02T14:00,2026-01-02,14,22.51,22.48,23.17,22.52,22.28,22.34,22.47,23.21,22.04,22.51
2026-01-02T15:00,2026-01-02,15,22.44,22.37,22.83,22.5,22.3,22.37,22.45,23.18,22.0,22.51
2026-01-02T16:00,2026-01-02,16,21.87,21.79,21.98,21.99,21.74,21.8,21.91,22.56,21.45,22.1
2026-01-02T17:00,2026-01-02,17,19.57,19.76,19.27,19.6,19.21,19.14,19.66,20.03,19.07,20.09
2026-01-02T18:00,2026-01-02,18,17.47,17.56,16.99,17.5,17.1,17.29,17.38,17.83,17.24,18.17
2026-01-02T19:00,2026-01-02,19,16.5,16.28,16.22,16.47,16.12,16.41,16.77,16.5,16.26,17.65
2026-01-02T20:00,2026-01-02,20,15.8,15.58,15.99,15.44,15.27,15.95,16.26,15.68,15.4,16.99
2026-01-02T21:00,2026-01-02,21,15.23,15.11,15.61,14.8,14.87,15.29,15.69,15.04,14.68,16.26
2026-01-02T22:00,2026-01-02,22,14.64,14.46,14.74,14.46,14.49,14.7,15.25,14.43,14.02,15.53
2026-01-02T23:00,2026-01-02,23,14.1,13.9,13.86,14.0,14.29,14.32,14.65,14.13,13.34,14.95
2026-01-03T00:00,2026-01-03,0,13.72,13.51,13.12,13.52,14.47,14.1,14.03,14.12,12.93,14.55
2026-01-03T01:00,2026-01-03,1,13.16,12.84,12.42,12.98,14.4,13.71,13.47,13.44,12.32,14.06
2026-01-03T02:00,2026-01-03,2,12.8,12.43,12.08,12.85,13.93,13.51,13.14,13.31,11.8,13.55
2026-01-03T03:00,2026-01-03,3,12.43,12.05,11.74,12.52,13.64,13.05,12.78,13.15,11.35,13.11
2026-01-03T04:00,2026-01-03,4,12.08,11.74,11.56,12.06,13.08,12.67,12.47,13.05,11.01,12.66
2026-01-03T05:00,2026-01-03,5,11.74,11.47,11.39,11.57,12.27,12.05,12.12,12.94,10.75,12.44
2026-01-03T06:00,2026-01-03,6,11.79,11.46,11.41,11.57,12.72,12.46,12.31,12.72,10.73,12.27
2026-01-03T07:00,2026-01-03,7,11.7,11.38,11.87,11.54,12.8,12.53,11.96,12.52,10.41,12.1
2026-01-03T08:00,2026-01-03,8,13.23,12.65,14.3,13.37,13.89,13.86,13.75,14.41,12.09,13.0
2026-01-03T09:00,2026-01-03,9,15.66,14.9,17.49,16.66,15.47,16.42,16.16,17.33,14.33,14.8
2026-01-03T10:00,2026-01-03,10,18.25,17.96,20.13,19.31,17.49,18.97,18.48,20.04,16.73,16.99
2026-01-03T11:00,2026-01-03,11,20.2,20.38,21.61,21.02,19.22,20.74,20.14,21.63,18.71,19.05
2026-01-03T12:00,2026-01-03,12,20.95,21.2,22.2,21.8,20.18,21.03,20.92,22.24,19.38,20.04
2026-01-03T13:00,2026-01-03,13,21.69,21.94,22.63,22.4,21.27,21.58,21.65,23.07,20.11,20.99
2026-01-03T14:00,2026-01-03,14,21.93,22.06,22.71,22.67,21.5,21.61,21.98,23.4,20.54,21.41
2026-01-03T15:00,2026-01-03,15,21.88,21.96,22.55,22.54,21.54,21.52,22.03,23.38,20.58,21.42
2026-01-03T16:00,2026-01-03,16,21.36,21.42,21.85,21.91,21.1,21.18,21.54,22.84,20.22,20.92
2026-01-03T17:00,2026-01-03,17,19.11,19.14,19.4,19.49,18.68,18.99,19.52,20.39,18.19,18.76
2026-01-03T18:00,2026-01-03,18,17.29,17.1,17.49,17.79,17.24,17.15,17.53,18.4,16.54,17.21
2026-01-03T19:00,2026-01-03,19,16.32,15.96,16.81,16.83,16.08,16.24,16.69,17.16,15.71,16.37
2026-01-03T20:00,2026-01-03,20,15.51,15.15,16.03,15.83,15.2,15.38,16.01,16.27,14.95,15.68
2026-01-03T21:00,2026-01-03,21,14.75,14.31,15.05,14.91,14.23,14.77,15.29,15.72,14.27,15.35
2026-01-03T22:00,2026-01-03,22,14.14,13.6,14.03,14.33,13.51,14.1,14.86,15.13,13.8,14.96
2026-01-03T23:00,2026-01-03,23,13.62,12.97,13.15,13.84,13.14,13.64,14.36,14.6,13.57,14.55
2026-01-04T00:00,2026-01-04,0,13.3,12.51,12.77,13.31,13.09,13.34,14.18,14.39,13.29,14.36
2026-01-04T01:00,2026-01-04,1,12.77,11.91,12.45,12.74,12.6,12.86,13.56,13.65,12.81,13.99
2026-01-04T02:00,2026-01-04,2,12.39,11.44,12.17,12.2,12.24,12.76,13.28,13.23,12.53,13.63
2026-01-04T03:00,2026-01-04,3,12.09,11.11,11.85,11.78,12.01,12.44,13.09,12.84,12.35,13.28
2026-01-04T04:00,2026-01-04,4,11.82,10.96,11.58,11.38,11.56,11.97,12.88,12.57,12.1,12.97
2026-01-04T05:00,2026-01-04,5,11.57,10.78,11.34,11.08,11.38,11.42,12.62,12.41,11.81,12.76
2026-01-04T06:00,2026-01-04,6,11.35,10.67,10.69,10.76,11.44,10.49,12.38,12.72,11.46,12.86
2026-01-04T07:00,2026-01-04,7,11.56,10.81,11.24,11.05,11.54,10.73,12.57,12.54,11.81,13.06
2026-01-04T08:00,2026-01-04,8,13.01,12.19,13.92,13.14,13.43,12.5,13.77,14.62,12.56,13.23
2026-01-04T09:00,2026-01-04,9,15.06,14.25,17.34,16.05,15.65,15.51,15.69,17.02,13.5,13.64
2026-01-04T10:00,2026-01-04,10,17.53,17.26,20.08,18.82,18.05,18.42,17.89,19.37,15.34,15.02
2026-01-04T11:00,2026-01-04,11,19.6,20.11,21.54,20.73,19.93,20.4,19.71,20.87,17.23,16.67
2026-01-04T12:00,2026-01-04,12,20.15,20.86,21.93,21.42,20.26,20.88,20.21,21.37,17.56,17.25
2026-01-04T13:00,2026-01-04,13,20.93,21.56,22.48,22.01,20.58,21.68,21.04,22.16,18.83,18.34
2026-01-04T14:00,2026-01-04,14,21.33,21.94,22.63,22.17,21.04,22.01,21.41,22.46,19.45,19.05
2026-01-04T15:00,2026-01-04,15,21.25,21.76,22.27,22.08,20.96,21.95,21.31,22.34,19.6,19.21
2026-01-04T16:00,2026-01-04,16,20.67,21.15,21.47,21.54,20.37,21.29,20.67,21.73,19.14,18.82
2026-01-04T17:00,2026-01-04,17,18.63,19.18,18.9,19.32,18.62,18.49,19.05,19.66,17.22,17.0
2026-01-04T18:00,2026-01-04,18,16.44,16.55,17.18,17.13,16.57,16.46,17.11,17.46,15.15,14.94
2026-01-04T19:00,2026-01-04,19,15.51,15.53,16.32,16.25,15.55,15.66,16.19,16.35,14.42,14.04
2026-01-04T20:00,2026-01-04,20,14.82,14.82,15.15,15.51,14.89,15.07,15.52,15.5,13.96,13.56
2026-01-04T21:00,2026-01-04,21,14.32,14.24,14.92,14.8,14.51,14.67,14.9,14.8,13.51,13.21
2026-01-04T22:00,2026-01-04,22,13.9,13.86,14.71,13.97,14.14,14.41,14.57,14.53,13.0,12.78
2026-01-04T23:00,2026-01-04,23,13.51,13.5,14.11,13.32,13.8,13.94,14.53,14.38,12.56,12.41
2026-01-05T00:00,2026-01-05,0,13.15,13.19,13.3,13.06,13.56,13.45,14.13,14.38,12.16,12.08
2026-01-05T01:00,2026-01-05,1,12.86,12.86,13.05,13.0,13.29,13.25,13.47,13.97,11.76,12.06
2026-01-05T02:00,2026-01-05,2,12.48,12.47,12.6,12.85,12.85,12.85,12.95,13.75,11.27,11.74
2026-01-05T03:00,2026-01-05,3,12.18,12.24,12.2,12.61,12.56,12.77,12.51,13.46,10.88,11.43
2026-01-05T04:00,2026-01-05,4,11.9,12.01,11.95,12.27,12.3,12.51,12.16,13.2,10.53,11.12
2026-01-05T05:00,2026-01-05,5,11.59,11.7,11.87,11.83,12.1,12.32,11.77,12.89,10.08,10.83
2026-01-05T06:00,2026-01-05,6,11.75,11.38,11.68,12.73,12.28,13.57,11.44,12.98,10.25,11.56
2026-01-05T07:00,2026-01-05,7,11.95,11.69,12.12,12.77,12.54,14.04,11.3,12.84,10.47,11.71
2026-01-05T08:00,2026-01-05,8,12.69,12.47,13.73,13.02,12.89,14.42,12.37,14.03,11.34,11.96
2026-01-05T09:00,2026-01-05,9,14.04,13.85,15.97,14.26,13.77,15.31,14.05,15.74,12.79,12.68
2026-01-05T10:00,2026-01-05,10,15.91,15.83,18.14,16.38,15.14,16.84,15.95,17.57,14.78,14.14
2026-01-05T11:00,2026-01-05,11,17.83,17.78,19.84,18.73,17.02,18.48,17.71,19.22,16.76,16.14
2026-01-05T12:00,2026-01-05,12,17.89,18.03,20.3,18.47,16.66,18.43,17.41,19.26,16.62,16.67
2026-01-05T13:00,2026-01-05,13,18.98,18.95,20.8,19.6,18.24,19.76,18.27,20.05,18.03,18.21
2026-01-05T14:00,2026-01-05,14,19.57,19.52,21.09,20.08,19.21,20.36,18.72,20.35,18.78,19.01
2026-01-05T15:00,2026-01-05,15,19.69,19.61,20.93,20.21,19.65,20.4,18.79,20.31,18.95,19.31
2026-01-05T16:00,2026-01-05,16,19.22,19.15,20.3,19.74,19.31,19.86,18.31,19.61,18.61,18.95
2026-01-05T17:00,2026-01-05,17,17.34,17.49,18.01,17.78,16.98,17.76,16.81,17.93,16.59,16.98
2026-01-05T18:00,2026-01-05,18,15.21,15.03,15.96,15.33,15.2,16.12,14.57,15.91,14.61,15.33
2026-01-05T19:00,2026-01-05,19,14.21,13.95,15.09,14.1,14.38,15.52,13.57,14.75,13.69,14.31
2026-01-05T20:00,2026-01-05,20,13.57,13.32,14.11,13.49,13.84,14.88,13.04,13.84,13.18,13.65
2026-01-05T21:00,2026-01-05,21,13.07,12.85,13.45,13.05,13.52,14.38,12.58,13.22,12.64,13.09
2026-01-05T22:00,2026-01-05,22,12.6,12.4,13.02,12.45,13.31,13.68,12.12,12.71,12.25,12.59
2026-01-05T23:00,2026-01-05,23,12.21,11.95,12.62,11.83,13.3,13.13,11.73,12.25,12.04,12.25
2026-01-06T00:00,2026-01-06,0,12.0,11.7,12.21,11.74,13.24,12.73,11.72,12.19,11.73,12.07
2026-01-06T01:00,2026-01-06,1,12.02,11.89,12.19,11.95,13.23,12.67,11.68,12.03,11.58,11.85
2026-01-06T02:00,2026-01-06,2,11.81,11.79,11.93,11.75,12.91,12.64,11.5,11.82,11.21,11.49
2026-01-06T03:00,2026-01-06,3,11.55,11.58,11.69,11.52,12.59,12.55,11.31,11.67,10.75,11.11
2026-01-06T04:00,2026-01-06,4,11.3,11.36,11.45,11.36,12.22,12.51,10.95,11.51,10.39,10.83
2026-01-06T05:00,2026-01-06,5,11.01,11.0,11.05,11.06,11.75,12.93,10.59,11.32,10.12,10.45
2026-01-06T06:00,2026-01-06,6,11.01,10.89,11.03,11.33,11.71,13.15,10.52,11.58,10.14,10.29
2026-01-06T07:00,2026-01-06,7,11.25,11.22,11.67,11.87,11.87,13.64,10.53,11.59,10.06,10.33
2026-01-06T08:00,2026-01-06,8,12.45,12.65,13.24,12.94,12.79,14.12,11.7,12.96,11.25,11.34
2026-01-06T09:00,2026-01-06,9,14.21,14.76,14.58,14.73,14.14,15.08,13.62,14.95,13.14,12.86
2026-01-06T10:00,2026-01-06,10,16.3,16.98,16.36,17.09,16.29,16.8,15.66,17.06,15.19,14.83
2026-01-06T11:00,2026-01-06,11,18.2,18.88,18.24,18.91,18.17,18.77,17.58,18.63,17.27,16.76
2026-01-06T12:00,2026-01-06,12,18.45,18.71,19.48,19.21,18.58,18.95,17.5,18.45,17.8,17.42
2026-01-06T13:00,2026-01-06,13,19.41,19.47,20.58,20.06,19.43,20.15,18.55,19.54,18.84,18.54
2026-01-06T14:00,2026-01-06,14,20.0,20.1,20.94,20.58,20.12,20.78,19.11,19.93,19.51,19.29
2026-01-06T15:00,2026-01-06,15,20.2,20.33,21.0,20.75,20.49,20.97,19.33,19.89,19.68,19.57
2026-01-06T16:00,2026-01-06,16,19.81,19.92,20.44,20.22,20.27,20.45,19.04,19.52,19.3,19.3
2026-01-06T17:00,2026-01-06,17,17.98,18.33,18.11,18.36,18.33,18.28,17.5,18.01,17.22,17.49
2026-01-06T18:00,2026-01-06,18,16.0,16.4,16.1,16.29,16.22,16.15,15.59,16.38,15.06,15.59
2026-01-06T19:00,2026-01-06,19,15.05,15.37,15.18,15.39,15.33,15.66,14.6,15.12,14.13,14.62
2026-01-06T20:00,2026-01-06,20,14.4,14.68,14.57,14.57,14.61,14.98,13.96,14.46,13.66,14.13
2026-01-06T21:00,2026-01-06,21,13.93,14.13,14.25,14.08,14.13,14.32,13.45,13.98,13.33,13.75
2026-01-06T22:00,2026-01-06,22,13.47,13.65,13.79,13.33,13.78,13.86,13.12,13.65,12.99,13.27
2026-01-06T23:00,2026-01-06,23,13.14,13.32,13.42,13.1,13.52,13.32,12.86,13.36,12.71,12.83
2026-01-07T00:00,2026-01-07,0,12.85,12.91,13.0,12.69,13.3,13.01,12.75,13.15,12.52,12.63
2026-01-07T01:00,2026-01-07,1,12.33,12.42,12.43,12.28,12.84,12.72,12.12,12.46,11.99,11.98
2026-01-07T02:00,2026-01-07,2,12.03,12.1,12.04,12.01,12.54,12.57,11.92,12.24,11.64,11.62
2026-01-07T03:00,2026-01-07,3,11.75,11.91,11.81,11.6,12.26,12.15,11.68,11.94,11.36,11.23
2026-01-07T04:00,2026-01-07,4,11.46,11.63,11.63,11.35,12.02,11.87,11.35,11.71,11.05,10.78
2026-01-07T05:00,2026-01-07,5,11.18,11.28,11.46,11.07,11.76,11.69,11.06,11.54,10.79,10.45
2026-01-07T06:00,2026-01-07,6,10.86,10.75,11.01,10.37,11.54,11.75,11.0,11.65,10.58,10.35
2026-01-07T07:00,2026-01-07,7,10.61,10.5,10.53,10.32,11.26,12.04,10.61,11.2,10.27,10.02
2026-01-07T08:00,2026-01-07,8,12.17,12.26,12.79,12.46,12.69,12.8,11.94,12.9,11.43,11.06
2026-01-07T09:00,2026-01-07,9,14.31,14.67,15.4,14.98,14.61,13.84,13.9,15.08,13.45,12.88
2026-01-07T10:00,2026-01-07,10,16.77,17.18,18.3,17.67,16.83,16.23,16.18,17.45,15.66,15.27
2026-01-07T11:00,2026-01-07,11,18.95,19.39,20.44,19.85,18.88,18.58,18.26,19.53,17.77,17.64
2026-01-07T12:00,2026-01-07,12,20.38,20.78,21.6,21.18,20.09,20.13,19.85,20.75,19.39,19.31
2026-01-07T13:00,2026-01-07,13,21.43,21.7,22.44,22.15,21.31,21.45,20.99,21.84,20.49,20.56
2026-01-07T14:00,2026-01-07,14,21.96,22.18,22.75,22.64,21.88,22.09,21.59,22.39,21.05,21.2
2026-01-07T15:00,2026-01-07,15,22.0,22.18,22.57,22.64,22.01,22.31,21.7,22.48,21.11,21.26
2026-01-07T16:00,2026-01-07,16,21.43,21.6,21.89,22.01,21.58,21.7,21.19,21.86,20.56,20.71
2026-01-07T17:00,2026-01-07,17,19.1,19.59,19.16,19.56,18.84,18.9,19.15,19.78,18.21,18.2
2026-01-07T18:00,2026-01-07,18,16.94,17.38,17.14,17.48,16.52,17.2,16.77,17.63,15.87,16.19
2026-01-07T19:00,2026-01-07,19,16.12,16.57,15.79,16.74,15.74,16.32,15.91,16.86,15.24,15.55
2026-01-07T20:00,2026-01-07,20,15.36,15.82,15.24,15.7,15.16,15.64,15.06,16.16,14.42,14.84
2026-01-07T21:00,2026-01-07,21,14.73,15.21,14.55,14.87,14.75,15.06,14.49,15.62,13.85,14.12
2026-01-07T22:00,2026-01-07,22,14.23,14.65,14.16,14.48,14.39,14.51,13.96,15.07,13.41,13.4
2026-01-07T23:00,2026-01-07,23,13.74,14.12,13.75,14.06,14.04,13.98,13.52,14.74,12.89,12.73
2026-01-08T00:00,2026-01-08,0,13.28,13.59,13.06,13.73,13.64,13.66,13.12,14.45,12.27,12.34
2026-01-08T01:00,2026-01-08,1,12.78,13.07,12.58,13.29,13.22,12.88,12.65,13.84,11.88,11.9
2026-01-08T02:00,2026-01-08,2,12.36,12.62,12.14,12.96,12.73,12.28,12.29,13.68,11.51,11.38
2026-01-08T03:00,2026-01-08,3,12.0,12.19,12.0,12.7,12.25,11.89,11.91,13.48,11.19,10.88
2026-01-08T04:00,2026-01-08,4,11.72,11.91,11.99,12.37,11.98,11.6,11.52,13.21,10.89,10.54
2026-01-08T05:00,2026-01-08,5,11.42,11.59,11.93,12.08,11.73,11.25,11.13,12.84,10.67,10.18
2026-01-08T06:00,2026-01-08,6,11.03,11.1,11.77,11.56,11.36,11.26,10.65,12.72,10.1,9.85
2026-01-08T07:00,2026-01-08,7,10.83,10.84,11.82,11.39,11.2,11.33,10.22,12.22,9.97,9.69
2026-01-08T08:00,2026-01-08,8,12.25,12.36,13.96,12.97,12.3,12.72,11.53,13.56,11.12,10.78
2026-01-08T09:00,2026-01-08,9,14.43,14.7,16.66,15.26,14.22,14.64,13.57,15.57,13.12,12.8
2026-01-08T10:00,2026-01-08,10,16.99,17.36,19.39,18.0,16.96,17.27,15.92,17.89,15.41,15.25
2026-01-08T11:00,2026-01-08,11,19.37,19.81,21.46,20.45,19.45,19.89,18.19,20.0,17.75,17.76
2026-01-08T12:00,2026-01-08,12,20.93,21.47,23.08,22.07,20.86,21.3,19.85,21.41,19.22,19.21
2026-01-08T13:00,2026-01-08,13,22.07,22.52,24.16,23.05,22.12,22.75,21.01,22.42,20.37,20.56
2026-01-08T14:00,2026-01-08,14,22.65,23.06,24.62,23.54,22.72,23.5,21.63,22.86,21.0,21.28
2026-01-08T15:00,2026-01-08,15,22.7,23.05,24.61,23.56,22.79,23.65,21.73,22.83,21.1,21.45
2026-01-08T16:00,2026-01-08,16,22.11,22.4,23.89,23.02,22.19,23.04,21.18,22.15,20.55,21.02
2026-01-08T17:00,2026-01-08,17,19.7,20.1,21.23,20.35,19.46,19.98,19.16,19.78,18.5,18.6
2026-01-08T18:00,2026-01-08,18,17.72,17.94,19.1,18.6,17.4,18.21,17.1,17.75,16.58,16.96
2026-01-08T19:00,2026-01-08,19,16.99,17.14,18.25,17.9,16.74,17.6,16.49,17.04,15.76,16.26
2026-01-08T20:00,2026-01-08,20,16.28,16.51,17.53,17.18,16.23,17.07,15.72,16.3,14.82,15.42
2026-01-08T21:00,2026-01-08,21,15.59,15.88,16.85,16.61,15.46,16.23,15.07,15.72,14.1,14.61
2026-01-08T22:00,2026-01-08,22,15.0,15.19,16.69,15.89,14.98,15.73,14.46,15.28,13.53,13.86
2026-01-08T23:00,2026-01-08,23,14.49,14.57,16.25,15.33,14.68,15.34,14.03,14.87,13.09,13.15
2026-01-09T00:00,2026-01-09,0,14.23,14.21,16.48,15.2,14.44,14.9,13.69,14.62,12.84,12.73
2026-01-09T01:00,2026-01-09,1,13.82,13.83,15.89,14.94,14.01,14.6,13.25,14.18,12.41,12.28
2026-01-09T02:00,2026-01-09,2,13.42,13.35,15.75,14.59,13.3,14.47,12.84,13.88,12.04,11.82
2026-01-09T03:00,2026-01-09,3,13.1,12.92,15.65,14.29,12.7,14.55,12.48,13.56,11.75,11.47
2026-01-09T04:00,2026-01-09,4,12.73,12.54,14.99,14.12,12.32,14.05,12.09,13.16,11.46,11.15
2026-01-09T05:00,2026-01-09,5,12.37,12.21,14.28,13.88,11.87,13.56,11.73,12.91,11.17,10.92
2026-01-09T06:00,2026-01-09,6,12.13,11.77,14.16,13.31,11.95,14.02,11.62,12.84,10.88,10.65
2026-01-09T07:00,2026-01-09,7,11.97,11.65,14.03,13.38,11.63,14.54,11.2,12.54,10.54,10.3
2026-01-09T08:00,2026-01-09,8,13.39,13.19,16.39,15.04,12.89,16.08,12.36,13.92,11.61,11.14
2026-01-09T09:00,2026-01-09,9,15.56,15.54,19.61,17.37,14.78,18.09,14.24,15.99,13.45,12.78
2026-01-09T10:00,2026-01-09,10,18.1,18.41,22.2,19.96,17.25,20.34,16.59,18.57,15.73,15.16
2026-01-09T11:00,2026-01-09,11,20.48,20.95,24.16,22.31,19.93,22.51,18.9,20.94,18.02,17.62
2026-01-09T12:00,2026-01-09,12,22.28,22.85,25.09,23.96,21.96,24.05,20.93,22.58,20.0,19.66
2026-01-09T13:00,2026-01-09,13,23.4,23.92,25.7,24.92,23.34,25.21,22.02,23.66,21.27,21.1
2026-01-09T14:00,2026-01-09,14,23.8,24.39,25.46,25.3,23.82,25.6,22.49,23.95,21.79,21.71
2026-01-09T15:00,2026-01-09,15,23.74,24.42,24.86,25.25,23.77,25.41,22.53,23.89,21.79,21.78
2026-01-09T16:00,2026-01-09,16,23.16,23.99,23.75,24.72,23.2,24.52,22.04,23.36,21.19,21.21
2026-01-09T17:00,2026-01-09,17,20.94,21.77,21.6,22.54,21.01,21.96,19.97,21.27,18.95,18.87
2026-01-09T18:00,2026-01-09,18,18.79,19.51,19.28,20.14,19.13,20.71,17.7,19.03,16.81,16.89
2026-01-09T19:00,2026-01-09,19,17.83,18.48,18.58,18.72,18.3,19.66,17.05,17.94,15.96,15.99
2026-01-09T20:00,2026-01-09,20,17.06,17.8,18.14,17.81,17.32,19.05,16.38,17.19,15.01,15.01
2026-01-09T21:00,2026-01-09,21,16.41,17.19,17.6,16.79,16.82,18.79,15.82,16.58,14.19,14.27
2026-01-09T22:00,2026-01-09,22,15.79,16.45,17.09,16.2,16.33,18.55,15.22,16.09,13.48,13.58
2026-01-09T23:00,2026-01-09,23,15.19,15.69,16.46,15.9,15.98,18.12,14.57,15.45,12.83,12.91
2026-01-10T00:00,2026-01-10,0,14.74,15.16,15.96,15.43,15.7,17.64,14.07,15.08,12.47,12.54
2026-01-10T01:00,2026-01-10,1,14.18,14.64,15.24,14.99,15.04,16.97,13.37,14.49,12.0,12.08
2026-01-10T02:00,2026-01-10,2,13.77,14.12,15.15,14.6,14.55,16.75,12.78,14.17,11.63,11.6
2026-01-10T03:00,2026-01-10,3,13.37,13.67,14.97,14.18,14.24,16.34,12.25,13.82,11.29,11.26
2026-01-10T04:00,2026-01-10,4,12.97,13.23,14.84,13.69,13.71,15.64,11.82,13.54,10.95,10.94
2026-01-10T05:00,2026-01-10,5,12.6,12.82,14.55,13.32,13.16,15.26,11.36,13.24,10.68,10.67
2026-01-10T06:00,2026-01-10,6,12.41,12.51,14.72,13.23,12.83,14.83,11.26,13.39,10.45,10.46
2026-01-10T07:00,2026-01-10,7,12.28,12.22,15.02,13.14,12.6,14.86,11.06,12.98,10.39,10.43
2026-01-10T08:00,2026-01-10,8,13.54,13.64,16.03,14.9,13.83,17.02,12.16,14.25,11.24,11.0
2026-01-10T09:00,2026-01-10,9,15.55,15.78,18.22,17.33,16.07,19.56,14.03,16.09,12.8,12.32
2026-01-10T10:00,2026-01-10,10,17.93,18.22,20.95,19.84,18.48,21.94,16.26,18.26,15.06,14.49
2026-01-10T11:00,2026-01-10,11,20.13,20.61,23.03,21.94,20.57,23.57,18.45,20.34,17.24,16.98
2026-01-10T12:00,2026-01-10,12,21.46,21.96,24.33,23.29,21.52,24.25,20.12,21.96,18.6,18.39
2026-01-10T13:00,2026-01-10,13,22.59,23.08,25.08,24.28,22.64,24.95,21.41,23.15,19.97,19.82
2026-01-10T14:00,2026-01-10,14,23.13,23.62,24.99,24.77,23.22,25.22,22.04,23.63,20.79,20.74
2026-01-10T15:00,2026-01-10,15,23.13,23.66,24.31,24.78,23.22,25.11,22.11,23.58,20.96,20.98
2026-01-10T16:00,2026-01-10,16,22.56,23.07,23.07,24.26,22.78,24.66,21.67,23.02,20.48,20.54
2026-01-10T17:00,2026-01-10,17,20.58,21.22,21.07,22.06,20.81,22.26,19.98,21.08,18.56,18.35
2026-01-10T18:00,2026-01-10,18,18.65,19.36,19.15,20.0,19.05,20.41,17.72,19.19,16.46,16.74
2026-01-10T19:00,2026-01-10,19,17.79,18.46,18.25,18.81,18.07,19.9,16.87,18.44,15.69,16.06
2026-01-10T20:00,2026-01-10,20,17.08,17.66,17.77,18.33,17.22,19.16,16.12,17.8,15.0,15.24
2026-01-10T21:00,2026-01-10,21,16.49,16.91,17.36,17.85,16.61,18.52,15.65,17.19,14.39,14.75
2026-01-10T22:00,2026-01-10,22,15.99,16.31,16.86,17.24,16.08,18.03,15.51,16.61,13.95,14.24
2026-01-10T23:00,2026-01-10,23,15.56,15.77,15.96,16.56,15.72,17.78,15.86,16.15,13.62,13.68
2026-01-11T00:00,2026-01-11,0,15.36,15.51,15.36,16.03,15.59,17.82,15.93,16.59,13.45,13.45
2026-01-11T01:00,2026-01-11,1,14.92,15.08,15.18,15.75,15.12,17.4,15.0,16.39,13.06,12.93
2026-01-11T02:00,2026-01-11,2,14.52,14.81,14.95,15.74,14.76,16.61,14.2,15.88,12.59,12.44
2026-01-11T03:00,2026-01-11,3,14.16,14.32,15.42,15.13,14.25,15.89,14.15,15.5,12.19,12.03
2026-01-11T04:00,2026-01-11,4,13.92,14.4,14.99,14.55,13.84,15.41,14.01,15.35,11.87,11.76
2026-01-11T05:00,2026-01-11,5,13.73,14.4,14.76,14.6,13.44,15.01,13.69,14.87,11.65,11.46
2026-01-11T06:00,2026-01-11,6,13.56,13.95,14.68,14.65,13.24,15.88,13.38,14.8,11.42,11.18
2026-01-11T07:00,2026-01-11,7,13.43,13.5,15.17,14.95,13.15,15.8,12.95,15.1,11.23,10.98
2026-01-11T08:00,2026-01-11,8,14.57,14.63,16.41,16.38,14.42,17.4,13.89,15.86,12.28,11.84
2026-01-11T09:00,2026-01-11,9,16.37,16.57,18.5,18.03,16.43,19.21,15.21,17.36,14.18,13.6
2026-01-11T10:00,2026-01-11,10,18.39,19.05,20.35,19.09,18.74,21.06,17.09,18.34,16.4,15.99
2026-01-11T11:00,2026-01-11,11,20.49,21.27,22.35,21.02,20.78,22.95,19.28,19.78,18.68,18.37
2026-01-11T12:00,2026-01-11,12,22.25,22.9,23.3,22.75,22.27,23.97,21.14,22.22,20.89,20.77
2026-01-11T13:00,2026-01-11,13,23.39,23.86,24.57,23.97,23.37,25.01,22.36,23.44,22.09,22.15
2026-01-11T14:00,2026-01-11,14,23.87,24.37,24.98,24.32,23.84,25.3,22.92,23.92,22.58,22.74
2026-01-11T15:00,2026-01-11,15,23.87,24.34,24.39,24.63,23.86,25.27,22.94,24.0,22.6,22.84
2026-01-11T16:00,2026-01-11,16,23.27,23.63,23.49,24.24,23.39,24.76,22.38,23.54,22.02,22.3
2026-01-11T17:00,2026-01-11,17,21.24,21.84,21.38,22.59,21.21,22.81,20.33,21.68,19.45,19.88
2026-01-11T18:00,2026-01-11,18,19.26,20.12,18.94,20.6,19.24,21.01,17.97,19.96,17.19,18.02
2026-01-11T19:00,2026-01-11,19,18.52,19.14,18.53,19.57,18.81,20.42,17.08,19.24,16.62,17.66
2026-01-11T20:00,2026-01-11,20,17.62,18.19,17.63,18.72,18.05,19.59,16.18,18.09,15.75,16.78
2026-01-11T21:00,2026-01-11,21,16.95,17.46,17.3,18.23,17.47,18.84,15.46,17.45,14.97,15.93
2026-01-11T22:00,2026-01-11,22,16.35,16.78,16.97,17.72,16.89,18.32,14.95,16.86,14.26,15.13
2026-01-11T23:00,2026-01-11,23,15.76,16.15,16.63,17.11,16.14,17.92,14.51,16.34,13.63,14.35
2026-01-12T00:00,2026-01-12,0,15.22,15.52,15.7,16.63,15.49,17.24,14.18,15.93,13.26,13.92
2026-01-12T01:00,2026-01-12,1,14.73,14.92,15.65,16.08,15.05,16.6,13.51,15.3,12.93,13.62
2026-01-12T02:00,2026-01-12,2,14.27,14.41,14.7,15.51,14.65,16.26,13.2,14.9,12.75,13.11
2026-01-12T03:00,2026-01-12,3,13.86,13.84,14.6,15.03,14.26,15.93,12.83,14.5,12.59,12.61
2026-01-12T04:00,2026-01-12,4,13.51,13.38,14.28,14.59,13.9,15.54,12.55,14.19,12.41,12.3
2026-01-12T05:00,2026-01-12,5,13.19,13.0,14.01,14.21,13.58,15.14,12.32,13.75,12.28,12.04
2026-01-12T06:00,2026-01-12,6,13.04,12.74,14.38,13.9,13.13,15.09,12.4,13.71,12.13,11.73
2026-01-12T07:00,2026-01-12,7,12.85,12.51,14.78,13.57,12.94,15.16,11.99,13.34,11.83,11.59
2026-01-12T08:00,2026-01-12,8,14.38,14.22,16.52,15.56,14.57,16.36,13.37,14.89,12.95,12.75
2026-01-12T09:00,2026-01-12,9,16.76,16.81,19.14,18.08,16.94,18.74,15.53,17.15,14.91,15.0
2026-01-12T10:00,2026-01-12,10,19.36,19.53,21.83,20.72,19.36,21.35,17.86,19.61,17.33,17.86
2026-01-12T11:00,2026-01-12,11,21.63,21.88,23.94,22.87,21.46,23.25,20.13,21.78,19.72,20.48
2026-01-12T12:00,2026-01-12,12,23.57,23.84,25.36,24.62,23.32,24.75,22.25,23.51,22.11,22.77
2026-01-12T13:00,2026-01-12,13,24.51,24.7,26.12,25.32,24.5,25.64,23.28,24.33,23.25,23.91
2026-01-12T14:00,2026-01-12,14,24.88,25.07,26.15,25.56,24.99,25.96,23.67,24.63,23.81,24.43
2026-01-12T15:00,2026-01-12,15,24.79,24.99,25.78,25.42,24.94,25.93,23.6,24.48,23.82,24.41
2026-01-12T16:00,2026-01-12,16,24.16,24.4,24.87,24.78,24.37,25.26,23.08,23.85,23.24,23.76
2026-01-12T17:00,2026-01-12,17,21.9,22.36,22.41,22.46,21.89,22.52,21.06,21.65,21.0,21.36
2026-01-12T18:00,2026-01-12,18,19.74,20.19,20.57,20.66,19.59,20.29,18.68,19.54,18.81,18.92
2026-01-12T19:00,2026-01-12,19,19.03,19.37,19.57,19.84,18.96,19.91,18.04,18.79,18.3,18.24
2026-01-12T20:00,2026-01-12,20,18.19,18.43,18.59,19.07,18.19,19.28,17.35,17.97,17.6,17.25
2026-01-12T21:00,2026-01-12,21,17.48,17.63,18.04,18.27,17.6,18.55,16.84,17.31,16.92,16.38
2026-01-12T22:00,2026-01-12,22,16.85,16.95,17.63,17.56,17.11,17.73,16.33,16.86,16.17,15.73
2026-01-12T23:00,2026-01-12,23,16.27,16.4,17.26,17.04,16.34,17.13,15.84,16.46,15.43,15.03
2026-01-13T00:00,2026-01-13,0,15.85,16.04,16.82,16.53,15.95,16.62,15.56,16.11,14.94,14.46
2026-01-13T01:00,2026-01-13,1,15.45,15.56,16.65,16.17,15.56,16.28,15.11,15.62,14.52,14.15
2026-01-13T02:00,2026-01-13,2,14.95,15.05,16.07,15.79,15.08,15.77,14.67,15.27,13.96,13.53
2026-01-13T03:00,2026-01-13,3,14.51,14.65,15.55,15.46,14.76,15.25,14.17,14.99,13.46,12.92
2026-01-13T04:00,2026-01-13,4,14.11,14.28,15.28,15.07,14.42,14.87,13.65,14.72,12.98,12.41
2026-01-13T05:00,2026-01-13,5,13.73,13.94,14.9,14.72,13.94,14.59,13.18,14.45,12.58,11.99
2026-01-13T06:00,2026-01-13,6,13.63,13.9,14.69,14.6,13.6,14.16,13.34,14.66,12.47,11.8
2026-01-13T07:00,2026-01-13,7,13.48,13.64,14.83,14.56,13.37,14.38,13.06,14.33,12.28,11.68
2026-01-13T08:00,2026-01-13,8,14.92,15.09,17.06,16.19,14.67,15.85,14.29,15.68,13.53,12.81
2026-01-13T09:00,2026-01-13,9,17.13,17.38,19.76,18.35,16.95,18.09,16.28,17.74,15.57,14.88
2026-01-13T10:00,2026-01-13,10,19.55,19.98,22.14,20.81,19.53,20.54,18.42,20.03,17.78,17.32
2026-01-13T11:00,2026-01-13,11,21.75,22.32,23.99,23.09,21.74,22.6,20.46,22.24,19.94,19.59
2026-01-13T12:00,2026-01-13,12,23.58,24.17,25.35,24.73,23.47,24.02,22.35,24.08,22.08,21.86
2026-01-13T13:00,2026-01-13,13,24.62,25.07,26.09,25.74,24.73,25.22,23.41,25.05,23.2,23.19
2026-01-13T14:00,2026-01-13,14,25.02,25.42,26.12,26.08,25.25,25.66,23.84,25.29,23.75,23.84
2026-01-13T15:00,2026-01-13,15,24.97,25.34,25.85,26.05,25.23,25.64,23.83,25.24,23.78,23.91
2026-01-13T16:00,2026-01-13,16,24.4,24.7,25.3,25.56,24.65,24.99,23.36,24.69,23.22,23.34
2026-01-13T17:00,2026-01-13,17,22.17,22.57,23.13,23.52,22.11,22.4,21.37,22.66,20.9,20.78
2026-01-13T18:00,2026-01-13,18,19.9,20.31,21.13,21.19,19.84,20.49,18.84,20.38,18.42,18.63
2026-01-13T19:00,2026-01-13,19,19.1,19.37,20.15,20.28,19.41,19.87,18.03,19.14,17.85,18.01
2026-01-13T20:00,2026-01-13,20,18.25,18.55,19.09,19.48,18.65,19.1,17.25,18.28,17.02,17.04
2026-01-13T21:00,2026-01-13,21,17.54,17.87,18.61,18.85,17.72,18.47,16.5,17.75,16.25,16.1
2026-01-13T22:00,2026-01-13,22,16.91,17.25,18.3,18.3,16.95,17.94,15.86,17.24,15.43,15.32
2026-01-13T23:00,2026-01-13,23,16.19,16.46,17.55,17.49,16.22,17.4,15.2,16.52,14.68,14.72
2026-01-14T00:00,2026-01-14,0,15.71,15.85,17.05,16.76,15.89,16.89,15.0,16.01,14.36,14.35
2026-01-14T01:00,2026-01-14,1,15.3,15.29,16.85,16.16,15.61,16.58,14.63,15.43,14.04,14.13
2026-01-14T02:00,2026-01-14,2,14.85,14.73,16.63,15.55,15.23,15.97,14.32,14.97,13.68,13.75
2026-01-14T03:00,2026-01-14,3,14.43,14.33,16.26,15.05,14.75,15.31,13.92,14.49,13.36,13.5
2026-01-14T04:00,2026-01-14,4,14.02,13.89,15.61,14.64,14.4,14.82,13.52,14.13,13.07,13.16
2026-01-14T05:00,2026-01-14,5,13.65,13.55,15.15,14.33,14.02,14.38,13.07,13.8,12.77,12.76
2026-01-14T06:00,2026-01-14,6,13.61,13.58,15.1,14.46,13.71,13.9,13.18,14.24,12.68,12.49
2026-01-14T07:00,2026-01-14,7,13.54,13.47,15.31,14.59,13.49,14.32,12.97,14.19,12.36,12.23
2026-01-14T08:00,2026-01-14,8,15.1,15.03,17.61,16.38,14.88,16.26,14.31,15.84,13.62,13.32
2026-01-14T09:00,2026-01-14,9,17.36,17.43,20.27,18.69,17.0,18.97,16.43,17.99,15.65,15.14
2026-01-14T10:00,2026-01-14,10,19.77,20.03,22.55,21.14,19.4,21.38,18.65,20.37,17.96,17.47
2026-01-14T11:00,2026-01-14,11,22.01,22.53,24.29,23.35,21.74,23.22,20.84,22.68,20.14,19.74
2026-01-14T12:00,2026-01-14,12,23.61,24.13,25.43,24.87,23.44,24.5,22.52,24.05,22.0,21.69
2026-01-14T13:00,2026-01-14,13,24.6,25.1,26.15,25.83,24.52,25.56,23.29,24.94,23.05,23.05
2026-01-14T14:00,2026-01-14,14,24.96,25.44,26.23,26.19,24.95,26.02,23.58,25.21,23.43,23.66
2026-01-14T15:00,2026-01-14,15,24.9,25.37,25.81,26.27,24.84,25.92,23.55,25.15,23.45,23.78
2026-01-14T16:00,2026-01-14,16,24.38,24.82,24.95,25.77,24.34,25.37,23.12,24.8,22.94,23.37
2026-01-14T17:00,2026-01-14,17,22.33,22.84,22.61,23.83,22.09,22.73,21.37,23.04,20.88,21.27
2026-01-14T18:00,2026-01-14,18,20.05,20.53,20.32,21.55,19.96,20.97,18.8,20.23,18.65,19.16
2026-01-14T19:00,2026-01-14,19,19.03,19.35,19.07,20.43,19.17,19.93,17.91,19.42,17.78,18.36
2026-01-14T20:00,2026-01-14,20,18.17,18.63,18.37,19.39,18.1,19.34,17.01,18.53,16.7,17.46
2026-01-14T21:00,2026-01-14,21,17.51,17.96,17.77,18.51,17.33,18.97,16.44,17.54,16.19,16.78
2026-01-14T22:00,2026-01-14,22,16.97,17.3,17.34,18.01,16.95,18.74,15.94,17.0,15.74,16.05
2026-01-14T23:00,2026-01-14,23,16.51,16.76,17.02,17.53,16.64,18.37,15.48,16.57,15.28,15.48
2026-01-15T00:00,2026-01-15,0,16.18,16.4,16.99,16.98,16.28,17.74,15.3,16.4,15.05,15.11
2026-01-15T01:00,2026-01-15,1,15.83,16.02,16.78,16.48,16.14,17.46,15.0,15.78,14.67,14.82
2026-01-15T02:00,2026-01-15,2,15.35,15.59,16.34,15.89,15.61,16.76,14.66,15.29,14.17,14.35
2026-01-15T03:00,2026-01-15,3,14.92,15.16,15.8,15.59,15.25,16.23,14.33,14.95,13.67,13.77
2026-01-15T04:00,2026-01-15,4,14.55,14.78,15.64,15.38,14.85,15.8,13.9,14.72,13.22,13.26
2026-01-15T05:00,2026-01-15,5,14.17,14.37,15.66,15.08,14.44,15.24,13.4,14.41,12.78,12.87
2026-01-15T06:00,2026-01-15,6,13.95,14.17,15.81,14.9,14.15,14.52,13.14,14.57,12.48,12.56
2026-01-15T07:00,2026-01-15,7,13.76,13.95,15.91,14.81,14.04,14.61,12.65,14.33,12.22,12.28
2026-01-15T08:00,2026-01-15,8,15.24,15.45,17.72,16.46,15.59,16.5,14.01,15.9,13.45,13.26
2026-01-15T09:00,2026-01-15,9,17.42,17.78,20.05,18.64,17.69,19.11,16.06,18.18,15.48,14.98
2026-01-15T10:00,2026-01-15,10,19.73,20.24,22.08,20.95,20.06,21.65,18.27,20.53,17.59,17.22
2026-01-15T11:00,2026-01-15,11,21.81,22.39,23.7,23.08,22.14,23.66,20.34,22.65,19.68,19.45
2026-01-15T12:00,2026-01-15,12,23.27,23.76,24.66,24.49,23.6,24.67,21.92,23.84,21.52,21.48
2026-01-15T13:00,2026-01-15,13,24.23,24.59,25.56,25.38,24.54,25.65,22.76,24.78,22.64,22.82
2026-01-15T14:00,2026-01-15,14,24.56,24.91,25.39,25.85,24.73,26.0,23.05,25.0,23.17,23.42
2026-01-15T15:00,2026-01-15,15,24.48,24.78,24.87,25.76,24.76,25.94,22.96,24.9,23.22,23.59
2026-01-15T16:00,2026-01-15,16,23.94,24.35,23.72,25.18,24.34,25.29,22.46,24.44,22.74,23.13
2026-01-15T17:00,2026-01-15,17,22.01,22.83,21.63,23.29,22.15,22.82,20.57,22.54,20.67,20.92
2026-01-15T18:00,2026-01-15,18,19.86,20.74,19.74,21.42,20.07,20.77,18.18,20.1,18.34,18.61
2026-01-15T19:00,2026-01-15,19,19.17,19.96,18.76,20.66,19.62,20.22,17.51,19.14,17.74,18.14
2026-01-15T20:00,2026-01-15,20,18.35,19.07,18.1,19.81,18.85,19.57,16.68,18.4,16.95,17.24
2026-01-15T21:00,2026-01-15,21,17.6,18.22,17.58,19.17,18.09,19.02,15.94,17.67,16.17,16.36
2026-01-15T22:00,2026-01-15,22,17.02,17.59,17.34,18.56,17.37,18.56,15.51,16.81,15.5,15.72
2026-01-15T23:00,2026-01-15,23,16.5,17.03,17.21,17.9,16.76,17.97,15.16,16.28,14.92,15.16
2026-01-16T00:00,2026-01-16,0,15.98,16.54,16.53,17.1,16.41,16.98,14.94,15.95,14.49,14.69
2026-01-16T01:00,2026-01-16,1,15.48,15.97,15.74,16.59,16.08,16.66,14.37,15.34,14.06,14.41
2026-01-16T02:00,2026-01-16,2,14.98,15.48,15.23,16.09,15.7,16.03,13.94,14.81,13.57,13.88
2026-01-16T03:00,2026-01-16,3,14.54,15.12,14.61,15.68,15.28,15.46,13.47,14.48,13.12,13.35
2026-01-16T04:00,2026-01-16,4,14.16,14.75,14.31,15.26,14.86,15.08,13.03,14.27,12.78,12.85
2026-01-16T05:00,2026-01-16,5,13.81,14.36,14.32,14.84,14.37,14.96,12.58,13.99,12.42,12.47
2026-01-16T06:00,2026-01-16,6,13.83,14.1,15.34,14.97,14.13,15.28,12.6,14.3,12.32,12.29
2026-01-16T07:00,2026-01-16,7,13.71,13.89,15.42,15.19,14.03,15.35,12.3,14.18,12.03,12.12
2026-01-16T08:00,2026-01-16,8,15.12,15.34,16.91,16.75,15.29,16.96,13.69,15.81,13.34,13.14
2026-01-16T09:00,2026-01-16,9,17.25,17.61,19.36,18.5,17.38,19.04,15.81,18.01,15.44,15.11
2026-01-16T10:00,2026-01-16,10,19.65,20.22,21.75,20.73,19.74,21.11,18.19,20.31,17.85,17.57
2026-01-16T11:00,2026-01-16,11,21.86,22.55,23.68,22.85,21.73,22.96,20.46,22.43,20.19,19.96
2026-01-16T12:00,2026-01-16,12,23.67,24.26,25.03,24.64,23.36,24.45,22.3,24.02,22.37,22.4
2026-01-16T13:00,2026-01-16,13,24.68,25.13,25.83,25.72,24.62,25.59,23.23,24.93,23.44,23.72
2026-01-16T14:00,2026-01-16,14,25.02,25.38,25.83,25.97,25.15,25.93,23.64,25.14,23.9,24.32
2026-01-16T15:00,2026-01-16,15,25.01,25.42,25.43,26.02,25.21,25.88,23.68,25.05,23.93,24.4
2026-01-16T16:00,2026-01-16,16,24.45,24.89,24.29,25.54,24.72,25.18,23.31,24.59,23.47,23.84
2026-01-16T17:00,2026-01-16,17,22.38,22.98,22.11,23.57,22.19,22.67,21.46,22.8,21.45,21.42
2026-01-16T18:00,2026-01-16,18,20.13,20.6,20.41,21.44,19.91,20.63,19.17,20.52,19.02,19.15
2026-01-16T19:00,2026-01-16,19,19.15,19.44,19.4,20.63,19.16,20.1,18.21,19.3,18.02,18.14
2026-01-16T20:00,2026-01-16,20,18.24,18.57,18.09,19.52,18.33,19.47,17.43,18.25,17.14,17.28
2026-01-16T21:00,2026-01-16,21,17.52,17.8,17.46,18.77,17.35,18.77,16.84,17.65,16.39,16.69
2026-01-16T22:00,2026-01-16,22,16.94,17.35,17.04,17.95,16.95,18.01,16.19,17.17,15.69,16.12
2026-01-16T23:00,2026-01-16,23,16.41,17.02,16.54,17.29,16.73,17.46,15.6,16.3,14.94,15.42
2026-01-17T00:00,2026-01-17,0,15.97,16.69,16.03,16.77,16.33,16.97,15.24,15.81,14.56,14.79
2026-01-17T01:00,2026-01-17,1,15.63,16.34,15.38,16.48,16.07,16.64,14.91,15.2,14.29,14.64
2026-01-17T02:00,2026-01-17,2,15.18,15.78,15.05,16.1,15.62,15.96,14.56,15.06,13.84,14.12
2026-01-17T03:00,2026-01-17,3,14.75,15.28,14.69,15.67,15.26,15.54,14.25,14.89,13.4,13.57
2026-01-17T04:00,2026-01-17,4,14.38,14.84,14.54,15.27,14.82,15.12,13.97,14.85,12.94,13.12
2026-01-17T05:00,2026-01-17,5,13.99,14.38,14.23,14.82,14.48,14.81,13.59,14.67,12.55,12.69
2026-01-17T06:00,2026-01-17,6,13.85,14.37,13.93,14.71,14.3,14.59,13.59,14.91,12.33,12.22
2026-01-17T07:00,2026-01-17,7,13.71,14.14,14.12,14.76,14.19,14.58,13.34,14.79,12.01,12.03
2026-01-17T08:00,2026-01-17,8,15.45,15.81,16.62,16.72,15.69,16.66,14.84,16.46,13.67,13.33
2026-01-17T09:00,2026-01-17,9,17.95,18.39,19.8,19.2,18.07,19.19,17.11,18.88,16.06,15.58
2026-01-17T10:00,2026-01-17,10,20.57,21.21,22.41,21.78,20.72,21.64,19.6,21.31,18.68,18.12
2026-01-17T11:00,2026-01-17,11,22.83,23.57,24.4,23.96,22.87,23.58,21.86,23.53,21.15,20.49
2026-01-17T12:00,2026-01-17,12,24.24,24.98,25.63,25.35,24.11,24.64,23.37,24.78,22.78,22.13
2026-01-17T13:00,2026-01-17,13,25.19,25.81,26.54,26.15,25.21,25.54,24.22,25.65,23.84,23.48
2026-01-17T14:00,2026-01-17,14,25.54,26.11,26.74,26.48,25.67,25.82,24.54,25.9,24.24,24.09
2026-01-17T15:00,2026-01-17,15,25.47,26.02,26.44,26.54,25.6,25.72,24.49,25.79,24.2,24.16
2026-01-17T16:00,2026-01-17,16,24.93,25.45,25.49,26.15,25.01,25.23,24.01,25.35,23.75,23.64
2026-01-17T17:00,2026-01-17,17,22.87,23.45,23.11,24.21,22.87,22.92,22.17,23.58,21.69,21.37
2026-01-17T18:00,2026-01-17,18,20.68,21.4,20.55,22.18,20.73,20.84,19.68,21.42,19.52,19.09
2026-01-17T19:00,2026-01-17,19,19.72,20.47,19.33,20.86,19.9,20.33,18.63,20.25,18.55,18.51
2026-01-17T20:00,2026-01-17,20,18.74,19.56,18.33,19.8,18.99,19.44,17.74,19.19,17.23,17.7
2026-01-17T21:00,2026-01-17,21,17.87,18.35,17.78,19.1,18.27,18.7,16.91,18.24,16.39,17.05
2026-01-17T22:00,2026-01-17,22,17.23,17.6,17.19,18.44,17.72,18.3,16.21,17.44,15.84,16.43
2026-01-17T23:00,2026-01-17,23,16.63,16.91,16.62,17.94,17.35,17.81,15.64,16.46,15.28,15.85
2026-01-18T00:00,2026-01-18,0,16.32,16.53,16.43,17.39,17.13,17.93,15.47,16.23,14.97,15.31
2026-01-18T01:00,2026-01-18,1,15.77,15.96,15.81,16.61,16.55,17.3,14.97,15.6,14.64,14.96
2026-01-18T02:00,2026-01-18,2,15.35,15.66,15.36,16.06,16.03,16.59,14.69,15.35,14.24,14.48
2026-01-18T03:00,2026-01-18,3,14.9,15.18,14.9,15.65,15.47,16.18,14.26,15.06,13.75,14.06
2026-01-18T04:00,2026-01-18,4,14.44,14.57,14.59,15.27,15.12,15.55,13.79,14.71,13.38,13.59
2026-01-18T05:00,2026-01-18,5,14.01,14.2,14.34,14.78,14.71,14.92,13.44,14.22,12.95,13.05
2026-01-18T06:00,2026-01-18,6,13.72,13.89,14.03,14.28,14.32,14.85,13.35,14.42,12.48,12.74
2026-01-18T07:00,2026-01-18,7,13.5,13.66,14.06,14.19,13.88,14.69,12.93,14.04,12.2,12.61
2026-01-18T08:00,2026-01-18,8,15.57,15.8,16.95,16.55,15.89,16.76,14.96,16.33,13.94,13.94
2026-01-18T09:00,2026-01-18,9,18.39,18.72,20.82,19.67,18.26,19.52,17.43,19.05,16.59,16.23
2026-01-18T10:00,2026-01-18,10,21.11,21.51,23.72,22.45,20.71,22.04,20.07,21.72,19.4,18.91
2026-01-18T11:00,2026-01-18,11,23.35,23.86,25.69,24.62,22.79,23.83,22.41,23.93,21.8,21.25
2026-01-18T12:00,2026-01-18,12,24.73,25.13,26.59,25.85,24.17,24.91,23.98,25.26,23.48,23.19
2026-01-18T13:00,2026-01-18,13,25.64,26.0,27.37,26.68,25.39,25.82,24.7,26.08,24.37,24.39
2026-01-18T14:00,2026-01-18,14,25.89,26.26,27.38,26.93,25.51,26.1,25.0,26.32,24.61,24.87
2026-01-18T15:00,2026-01-18,15,25.81,26.19,27.05,26.82,25.46,25.95,25.0,26.28,24.56,24.89
2026-01-18T16:00,2026-01-18,16,25.26,25.61,26.04,26.28,24.98,25.37,24.58,25.78,24.08,24.48
2026-01-18T17:00,2026-01-18,17,23.25,23.86,23.44,24.04,22.92,23.1,22.79,24.1,21.96,22.51
2026-01-18T18:00,2026-01-18,18,20.78,21.27,20.94,21.21,20.98,21.17,19.95,21.66,19.65,20.28
2026-01-18T19:00,2026-01-18,19,19.64,20.11,20.0,19.86,19.87,19.87,18.81,20.24,18.74,19.15
2026-01-18T20:00,2026-01-18,20,18.59,19.15,18.93,19.12,18.29,19.06,17.79,18.95,17.53,18.06
2026-01-18T21:00,2026-01-18,21,17.74,18.19,18.31,18.3,17.47,18.62,16.89,17.97,16.51,17.32
2026-01-18T22:00,2026-01-18,22,17.05,17.33,17.72,17.64,17.07,17.93,16.16,17.41,15.89,16.63
2026-01-18T23:00,2026-01-18,23,16.37,16.53,17.25,17.11,16.33,17.39,15.53,16.51,15.21,15.91
2026-01-19T00:00,2026-01-19,0,15.95,16.13,16.59,16.78,16.04,16.94,15.19,16.2,14.69,15.5
2026-01-19T01:00,2026-01-19,1,15.49,15.68,15.87,16.26,15.59,16.64,14.74,15.35,14.26,15.27
2026-01-19T02:00,2026-01-19,2,15.03,15.16,15.26,15.75,15.19,16.29,14.32,15.04,13.89,14.8
2026-01-19T03:00,2026-01-19,3,14.61,14.76,14.81,15.25,14.98,15.75,13.91,14.72,13.51,14.31
2026-01-19T04:00,2026-01-19,4,14.26,14.46,14.43,14.89,14.67,15.35,13.58,14.48,13.12,13.87
2026-01-19T05:00,2026-01-19,5,13.91,14.13,14.03,14.6,14.38,14.72,13.3,14.06,12.75,13.52
2026-01-19T06:00,2026-01-19,6,13.76,14.05,13.54,14.17,14.41,14.43,13.3,14.19,12.66,13.35
2026-01-19T07:00,2026-01-19,7,13.62,13.96,13.59,14.2,14.16,14.47,13.09,13.89,12.36,13.11
2026-01-19T08:00,2026-01-19,8,15.76,16.12,16.47,16.8,16.07,16.72,15.09,16.38,14.17,14.48
2026-01-19T09:00,2026-01-19,9,18.69,19.17,20.28,19.9,18.74,19.79,17.81,19.2,16.84,16.85
2026-01-19T10:00,2026-01-19,10,21.51,22.14,23.13,22.74,21.4,22.13,20.66,22.06,19.74,19.51
2026-01-19T11:00,2026-01-19,11,23.66,24.32,25.03,24.83,23.4,23.81,22.94,24.16,22.16,21.88
2026-01-19T12:00,2026-01-19,12,24.87,25.41,26.17,26.0,24.63,24.88,24.12,25.26,23.56,23.45
2026-01-19T13:00,2026-01-19,13,25.68,26.17,26.78,26.74,25.45,25.76,24.94,26.25,24.37,24.44
2026-01-19T14:00,2026-01-19,14,25.92,26.46,26.71,26.93,25.68,25.95,25.31,26.48,24.65,24.77
2026-01-19T15:00,2026-01-19,15,25.83,26.37,26.4,26.83,25.55,25.76,25.37,26.45,24.58,24.7
2026-01-19T16:00,2026-01-19,16,25.24,25.78,25.42,26.26,24.92,25.16,24.94,26.04,24.04,24.1
2026-01-19T17:00,2026-01-19,17,23.1,23.85,22.59,23.91,22.65,23.02,23.06,24.29,21.84,21.94
2026-01-19T18:00,2026-01-19,18,20.5,21.22,19.83,21.13,20.23,20.72,20.19,21.65,19.28,19.66
2026-01-19T19:00,2026-01-19,19,19.46,20.16,18.89,20.21,19.2,19.75,19.02,20.03,18.34,18.74
2026-01-19T20:00,2026-01-19,20,18.48,18.97,18.15,19.5,18.19,18.8,18.19,19.04,17.32,17.69
2026-01-19T21:00,2026-01-19,21,17.62,18.0,17.5,18.57,17.51,18.3,17.4,18.1,16.46,16.66
2026-01-19T22:00,2026-01-19,22,16.91,17.12,17.05,17.77,16.93,18.0,16.8,17.21,15.77,15.88
2026-01-19T23:00,2026-01-19,23,16.25,16.32,16.81,17.11,16.22,17.38,16.33,16.42,15.1,15.15
2026-01-20T00:00,2026-01-20,0,15.83,15.95,16.64,16.75,15.98,16.77,15.92,16.09,14.36,14.67
2026-01-20T01:00,2026-01-20,1,15.23,15.34,15.63,16.13,15.48,16.27,15.28,15.22,13.91,14.31
2026-01-20T02:00,2026-01-20,2,14.7,14.79,14.77,15.7,14.94,16.07,14.57,14.79,13.43,13.83
2026-01-20T03:00,2026-01-20,3,14.23,14.25,14.25,15.28,14.47,15.66,13.93,14.6,13.01,13.43
2026-01-20T04:00,2026-01-20,4,13.84,13.84,13.98,14.79,13.98,15.24,13.47,14.37,12.67,13.12
2026-01-20T05:00,2026-01-20,5,13.5,13.49,13.65,14.45,13.7,14.81,13.11,14.11,12.29,12.84
2026-01-20T06:00,2026-01-20,6,13.29,13.41,13.26,14.1,13.53,14.42,13.09,14.42,12.13,12.2
2026-01-20T07:00,2026-01-20,7,13.17,13.28,13.37,14.18,13.2,14.43,12.98,14.3,11.85,11.93
2026-01-20T08:00,2026-01-20,8,15.37,15.52,16.5,16.73,15.3,16.31,15.16,16.81,13.79,13.26
2026-01-20T09:00,2026-01-20,9,18.67,19.17,20.06,20.01,18.32,19.14,18.45,19.78,16.89,16.45
2026-01-20T10:00,2026-01-20,10,21.63,22.28,23.11,22.9,21.09,21.65,21.47,22.62,19.79,19.49
2026-01-20T11:00,2026-01-20,11,23.66,24.26,25.22,24.76,23.09,23.48,23.64,24.51,21.97,21.68
2026-01-20T12:00,2026-01-20,12,24.82,25.41,26.24,25.84,24.04,24.38,24.99,25.62,23.33,23.04
2026-01-20T13:00,2026-01-20,13,25.8,26.45,26.98,26.7,24.96,25.28,25.97,26.63,24.4,24.11
2026-01-20T14:00,2026-01-20,14,26.21,26.91,27.27,27.04,25.27,25.51,26.49,27.07,24.91,24.52
2026-01-20T15:00,2026-01-20,15,26.19,26.85,26.98,27.02,25.2,25.44,26.55,27.11,25.0,24.61
2026-01-20T16:00,2026-01-20,16,25.56,26.1,26.02,26.44,24.67,24.82,26.01,26.51,24.55,24.2
2026-01-20T17:00,2026-01-20,17,23.38,24.07,23.16,24.23,22.19,22.46,24.01,24.34,22.47,22.15
2026-01-20T18:00,2026-01-20,18,20.95,21.58,20.61,21.87,19.81,20.32,21.19,21.7,20.28,19.97
2026-01-20T19:00,2026-01-20,19,19.99,20.52,19.91,20.78,19.34,19.61,20.06,20.36,19.33,18.98
2026-01-20T20:00,2026-01-20,20,19.04,19.5,18.83,19.72,18.6,18.96,19.13,19.27,18.42,18.12
2026-01-20T21:00,2026-01-20,21,18.27,18.6,18.0,19.12,17.61,18.26,18.56,18.46,17.62,17.52
2026-01-20T22:00,2026-01-20,22,17.57,17.79,17.27,18.56,16.7,17.68,18.14,17.9,16.72,16.87
2026-01-20T23:00,2026-01-20,23,16.94,17.11,16.8,17.87,16.04,17.31,17.69,17.47,15.84,16.25
2026-01-21T00:00,2026-01-21,0,16.36,16.37,16.27,17.1,15.59,16.77,17.16,17.07,15.45,15.71
2026-01-21T01:00,2026-01-21,1,15.68,15.55,15.95,16.22,14.93,16.31,16.42,16.2,14.95,15.17
2026-01-21T02:00,2026-01-21,2,15.18,14.88,15.57,15.73,14.62,15.85,15.85,15.64,14.64,14.71
2026-01-21T03:00,2026-01-21,3,14.78,14.58,15.05,15.3,14.35,15.3,15.11,15.44,14.34,14.3
2026-01-21T04:00,2026-01-21,4,14.38,14.29,14.77,14.78,14.12,14.59,14.59,15.28,13.82,13.89
2026-01-21T05:00,2026-01-21,5,14.09,13.96,14.74,14.45,13.79,14.21,14.44,15.13,13.49,13.42
2026-01-21T06:00,2026-01-21,6,13.95,13.61,13.96,13.96,13.62,13.9,14.51,15.5,14.13,13.47
2026-01-21T07:00,2026-01-21,7,13.95,13.62,14.17,14.09,13.55,14.13,14.44,15.32,14.08,13.29
2026-01-21T08:00,2026-01-21,8,16.09,15.95,17.13,16.66,15.76,16.2,16.48,17.5,15.61,14.6
2026-01-21T09:00,2026-01-21,9,19.14,19.38,20.59,19.91,18.52,19.08,19.36,20.34,18.24,17.13
2026-01-21T10:00,2026-01-21,10,21.92,22.34,23.65,22.66,20.99,21.62,22.23,23.03,20.89,19.75
2026-01-21T11:00,2026-01-21,11,23.86,24.3,25.4,24.45,22.89,23.46,24.34,24.87,22.96,21.77
2026-01-21T12:00,2026-01-21,12,25.0,25.49,26.28,25.63,23.95,24.33,25.45,25.84,24.24,23.22
2026-01-21T13:00,2026-01-21,13,25.94,26.46,26.77,26.46,24.88,25.29,26.34,26.83,25.22,24.48
2026-01-21T14:00,2026-01-21,14,26.34,26.91,26.88,26.74,25.26,25.66,26.69,27.13,25.71,25.16
2026-01-21T15:00,2026-01-21,15,26.29,26.81,26.7,26.65,25.31,25.47,26.61,27.04,25.77,25.33
2026-01-21T16:00,2026-01-21,16,25.73,26.28,25.79,26.14,24.97,24.85,26.1,26.43,25.21,24.75
2026-01-21T17:00,2026-01-21,17,23.71,24.5,23.25,24.14,22.98,22.63,24.15,24.47,23.28,22.46
2026-01-21T18:00,2026-01-21,18,21.24,21.78,21.09,21.73,20.28,20.47,21.73,21.75,20.8,20.38
2026-01-21T19:00,2026-01-21,19,20.14,20.59,19.38,20.8,19.08,19.49,20.72,20.61,19.63,19.76
2026-01-21T20:00,2026-01-21,20,19.21,19.68,18.2,19.7,18.49,18.72,19.8,19.55,18.69,18.93
2026-01-21T21:00,2026-01-21,21,18.46,18.94,17.44,18.62,18.07,18.24,19.13,18.6,18.11,17.99
2026-01-21T22:00,2026-01-21,22,17.81,18.2,16.89,18.07,17.57,17.87,18.42,18.1,17.33,17.23
2026-01-21T23:00,2026-01-21,23,17.19,17.42,16.7,17.41,17.16,17.27,17.73,17.67,16.74,16.45
2026-01-22T00:00,2026-01-22,0,16.59,16.81,15.96,16.75,16.69,17.2,17.15,17.36,15.89,15.76
2026-01-22T01:00,2026-01-22,1,15.93,16.41,15.29,16.14,15.78,16.73,16.47,16.43,14.87,14.96
2026-01-22T02:00,2026-01-22,2,15.48,16.16,15.14,15.67,15.07,16.18,15.81,16.05,14.25,14.4
2026-01-22T03:00,2026-01-22,3,14.97,15.59,14.81,15.11,14.42,15.61,15.54,15.73,13.67,13.85
2026-01-22T04:00,2026-01-22,4,14.5,14.82,14.81,14.82,13.79,15.07,15.14,15.91,13.15,13.45
2026-01-22T05:00,2026-01-22,5,14.01,14.09,14.65,14.45,13.32,14.52,14.48,15.94,12.71,13.02
2026-01-22T06:00,2026-01-22,6,13.78,13.85,14.41,14.36,13.21,14.19,14.33,16.03,12.39,12.43
2026-01-22T07:00,2026-01-22,7,13.67,13.71,14.74,14.24,13.06,14.32,14.05,15.63,12.22,12.31
2026-01-22T08:00,2026-01-22,8,15.73,16.01,17.38,16.54,15.09,16.19,15.9,17.51,14.12,13.73
2026-01-22T09:00,2026-01-22,9,18.6,19.05,20.59,19.49,17.99,18.9,18.52,19.94,17.0,16.32
2026-01-22T10:00,2026-01-22,10,21.28,21.96,23.31,22.26,20.34,21.42,21.13,22.37,19.56,18.92
2026-01-22T11:00,2026-01-22,11,23.31,24.0,24.9,24.5,22.39,23.29,23.15,24.47,21.63,21.16
2026-01-22T12:00,2026-01-22,12,24.44,25.06,25.71,25.8,23.51,24.41,24.09,25.55,22.89,22.57
2026-01-22T13:00,2026-01-22,13,25.29,25.9,26.3,26.52,24.64,25.42,24.8,26.31,23.61,23.89
2026-01-22T14:00,2026-01-22,14,25.54,26.09,26.51,26.67,24.98,25.81,25.02,26.49,23.79,24.35
2026-01-22T15:00,2026-01-22,15,25.43,25.9,26.42,26.48,24.86,25.83,24.92,26.46,23.71,24.39
2026-01-22T16:00,2026-01-22,16,24.76,25.09,25.73,25.78,24.05,24.98,24.35,25.86,23.2,23.96
2026-01-22T17:00,2026-01-22,17,22.67,23.16,23.59,23.49,21.57,22.44,22.45,23.84,21.24,21.91
2026-01-22T18:00,2026-01-22,18,20.15,20.62,20.89,20.97,19.42,20.4,19.62,21.23,18.83,19.29
2026-01-22T19:00,2026-01-22,19,19.07,19.47,19.52,20.02,18.46,19.38,18.53,20.04,18.06,18.12
2026-01-22T20:00,2026-01-22,20,18.01,18.35,18.12,18.85,17.27,18.44,17.69,18.79,17.16,17.24
2026-01-22T21:00,2026-01-22,21,17.17,17.34,17.32,18.24,16.52,17.73,17.03,17.86,16.16,16.47
2026-01-22T22:00,2026-01-22,22,16.4,16.35,17.1,17.5,15.76,17.37,16.31,16.83,15.29,15.71
2026-01-22T23:00,2026-01-22,23,15.72,15.51,16.88,16.71,15.21,17.05,15.67,16.03,14.55,15.03
2026-01-23T00:00,2026-01-23,0,15.12,14.97,15.88,15.95,14.7,16.14,15.16,15.43,14.15,14.55
2026-01-23T01:00,2026-01-23,1,14.6,14.5,15.16,15.42,14.48,15.67,14.39,14.75,13.59,14.17
2026-01-23T02:00,2026-01-23,2,14.12,14.04,14.74,14.86,14.09,15.19,13.8,14.34,13.11,13.71
2026-01-23T03:00,2026-01-23,3,13.67,13.69,14.25,14.27,13.62,14.63,13.29,13.85,12.69,13.31
2026-01-23T04:00,2026-01-23,4,13.31,13.3,14.04,13.82,13.33,14.2,12.93,13.61,12.33,12.95
2026-01-23T05:00,2026-01-23,5,12.92,12.87,13.57,13.37,13.06,13.88,12.51,13.26,11.96,12.7
2026-01-23T06:00,2026-01-23,6,12.65,12.66,13.03,12.93,12.84,13.48,12.38,13.41,11.63,12.41
2026-01-23T07:00,2026-01-23,7,12.59,12.51,13.07,13.09,12.87,13.69,12.31,13.1,11.5,12.26
2026-01-23T08:00,2026-01-23,8,14.84,15.0,15.54,15.67,15.11,15.54,14.42,15.75,13.52,13.84
2026-01-23T09:00,2026-01-23,9,18.02,18.42,18.84,18.89,18.17,18.18,17.49,18.85,16.54,16.94
2026-01-23T10:00,2026-01-23,10,21.06,21.74,21.88,21.86,21.02,20.94,20.44,21.7,19.53,19.91
2026-01-23T11:00,2026-01-23,11,23.33,24.05,24.18,24.19,23.21,23.25,22.39,23.74,21.99,22.24
2026-01-23T12:00,2026-01-23,12,24.47,24.93,25.61,25.33,24.32,24.69,23.33,24.61,23.33,23.82
2026-01-23T13:00,2026-01-23,13,25.39,25.78,26.51,26.17,25.27,25.87,24.11,25.58,24.25,24.89
2026-01-23T14:00,2026-01-23,14,25.73,26.08,26.75,26.51,25.52,26.28,24.5,25.91,24.56,25.43
2026-01-23T15:00,2026-01-23,15,25.66,25.97,26.34,26.46,25.34,26.31,24.52,25.89,24.55,25.55
2026-01-23T16:00,2026-01-23,16,25.07,25.27,25.32,25.86,24.83,25.8,24.12,25.37,24.13,25.13
2026-01-23T17:00,2026-01-23,17,22.93,23.19,22.7,23.59,22.51,22.99,22.54,23.31,22.16,23.09
2026-01-23T18:00,2026-01-23,18,20.2,20.46,19.58,20.27,19.93,20.48,19.7,20.64,19.63,20.88
2026-01-23T19:00,2026-01-23,19,19.1,19.24,18.49,19.46,18.87,19.63,18.66,19.08,18.4,19.98
2026-01-23T20:00,2026-01-23,20,18.09,17.95,17.55,18.89,17.89,18.92,17.8,18.08,17.29,18.83
2026-01-23T21:00,2026-01-23,21,17.19,16.98,16.78,17.77,17.06,18.28,17.08,17.22,16.49,17.77
2026-01-23T22:00,2026-01-23,22,16.43,16.29,16.29,16.58,16.22,17.78,16.26,16.2,15.78,17.03
2026-01-23T23:00,2026-01-23,23,15.65,15.42,15.66,15.71,15.58,17.2,15.29,15.51,15.05,16.32
2026-01-24T00:00,2026-01-24,0,15.15,15.01,14.87,15.15,15.19,16.54,14.95,15.31,14.29,15.94
2026-01-24T01:00,2026-01-24,1,14.67,14.55,14.02,14.68,14.74,15.96,14.51,14.52,13.95,15.67
2026-01-24T02:00,2026-01-24,2,14.3,14.15,13.35,14.42,14.42,15.44,14.09,14.21,13.96,15.18
2026-01-24T03:00,2026-01-24,3,14.07,14.02,13.33,13.96,14.62,14.94,13.84,13.94,13.68,14.75
2026-01-24T04:00,2026-01-24,4,13.81,13.88,13.48,13.67,14.23,14.71,13.43,13.72,13.14,14.39
2026-01-24T05:00,2026-01-24,5,13.36,13.22,13.57,13.35,13.33,14.53,13.0,13.32,12.82,13.89
2026-01-24T06:00,2026-01-24,6,13.1,12.82,13.16,12.91,13.24,13.96,12.59,13.47,12.93,13.83
2026-01-24T07:00,2026-01-24,7,12.98,12.63,13.36,12.76,13.24,13.87,12.33,13.11,12.91,13.75
2026-01-24T08:00,2026-01-24,8,15.2,15.12,15.83,15.36,15.36,15.91,14.37,15.48,15.0,15.09
2026-01-24T09:00,2026-01-24,9,18.35,18.62,19.35,18.68,18.54,18.75,17.47,18.49,17.8,17.58
2026-01-24T10:00,2026-01-24,10,21.36,21.86,22.35,21.76,21.5,21.46,20.65,21.45,20.48,20.36
2026-01-24T11:00,2026-01-24,11,23.66,24.23,24.56,24.12,23.77,23.55,22.96,23.51,22.74,22.78
2026-01-24T12:00,2026-01-24,12,24.85,25.18,25.85,25.41,24.85,24.85,24.04,24.4,24.25,24.29
2026-01-24T13:00,2026-01-24,13,25.65,25.87,26.51,26.18,25.51,25.95,24.77,25.31,25.13,25.36
2026-01-24T14:00,2026-01-24,14,25.91,26.09,26.49,26.39,25.69,26.28,25.18,25.66,25.42,25.82
2026-01-24T15:00,2026-01-24,15,25.77,25.94,25.9,26.25,25.49,26.19,25.18,25.61,25.33,25.82
2026-01-24T16:00,2026-01-24,16,25.18,25.35,24.7,25.65,24.89,25.51,24.74,25.24,24.86,25.37
2026-01-24T17:00,2026-01-24,17,23.05,23.53,21.84,23.27,22.56,23.06,22.85,23.44,22.82,23.16
2026-01-24T18:00,2026-01-24,18,20.53,20.73,18.79,20.52,20.07,20.71,20.33,20.68,21.2,21.01
2026-01-24T19:00,2026-01-24,19,19.52,19.76,17.86,19.18,19.23,19.87,19.31,19.27,20.25,20.05
2026-01-24T20:00,2026-01-24,20,18.55,18.69,16.97,18.36,18.75,19.02,18.55,18.21,18.84,19.08
2026-01-24T21:00,2026-01-24,21,17.75,17.74,16.39,17.6,18.17,18.38,17.89,17.45,17.88,18.18
2026-01-24T22:00,2026-01-24,22,16.98,16.93,15.98,16.63,17.29,17.79,17.08,16.56,16.98,17.65
2026-01-24T23:00,2026-01-24,23,16.35,16.37,15.79,15.89,16.71,16.99,16.36,16.0,16.15,17.0
2026-01-25T00:00,2026-01-25,0,15.85,15.87,14.82,15.52,15.71,16.65,15.93,15.87,15.83,16.53
2026-01-25T01:00,2026-01-25,1,15.11,15.23,13.71,14.69,14.76,16.19,15.1,15.0,15.17,15.99
2026-01-25T02:00,2026-01-25,2,14.66,14.82,13.16,14.22,14.26,15.71,14.56,14.66,14.55,15.76
2026-01-25T03:00,2026-01-25,3,14.2,14.33,12.49,13.85,14.45,15.01,13.99,14.29,13.99,15.3
2026-01-25T04:00,2026-01-25,4,13.71,13.93,12.15,13.2,14.06,14.3,13.62,13.91,13.43,14.7
2026-01-25T05:00,2026-01-25,5,13.34,13.61,11.82,12.72,13.88,13.72,13.36,13.48,13.01,14.2
2026-01-25T06:00,2026-01-25,6,13.38,13.87,11.43,12.77,13.69,13.51,13.46,13.66,13.04,14.24
2026-01-25T07:00,2026-01-25,7,13.3,13.82,11.4,12.95,13.33,13.52,13.42,13.62,12.93,13.9
2026-01-25T08:00,2026-01-25,8,15.5,16.0,14.51,15.67,15.38,15.77,15.34,16.46,14.79,15.19
2026-01-25T09:00,2026-01-25,9,18.6,19.07,18.49,19.37,18.53,18.81,18.21,19.49,17.57,17.69
2026-01-25T10:00,2026-01-25,10,21.51,22.05,21.8,22.33,21.33,21.39,21.25,22.2,20.46,20.33
2026-01-25T11:00,2026-01-25,11,23.69,24.26,24.06,24.48,23.43,23.23,23.51,24.17,22.8,22.48
2026-01-25T12:00,2026-01-25,12,24.9,25.56,25.3,25.51,24.42,24.39,24.65,25.18,24.13,23.87
2026-01-25T13:00,2026-01-25,13,25.69,26.28,25.92,26.06,25.24,25.34,25.42,25.93,25.06,24.98
2026-01-25T14:00,2026-01-25,14,25.96,26.54,25.9,26.24,25.5,25.62,25.78,26.2,25.43,25.45
2026-01-25T15:00,2026-01-25,15,25.87,26.38,25.52,26.13,25.45,25.5,25.86,26.15,25.46,25.44
2026-01-25T16:00,2026-01-25,16,25.32,25.79,24.63,25.62,24.96,24.78,25.44,25.69,25.06,24.89
2026-01-25T17:00,2026-01-25,17,23.36,24.19,21.92,23.71,22.78,22.32,23.65,23.83,23.11,22.8
2026-01-25T18:00,2026-01-25,18,20.71,21.47,18.85,21.35,20.48,19.98,20.62,21.05,20.5,20.31
2026-01-25T19:00,2026-01-25,19,19.53,20.0,17.99,20.15,19.39,19.27,19.36,20.06,19.19,19.44
2026-01-25T20:00,2026-01-25,20,18.5,18.89,17.27,19.06,18.32,18.37,18.45,19.08,17.91,18.48
2026-01-25T21:00,2026-01-25,21,17.71,18.14,16.5,18.18,17.42,17.62,17.78,18.19,17.12,17.72
2026-01-25T22:00,2026-01-25,22,17.03,17.4,15.69,17.37,16.79,17.11,17.24,17.5,16.44,17.16
2026-01-25T23:00,2026-01-25,23,16.4,16.57,15.08,16.73,16.29,16.72,16.74,16.78,15.9,16.58
2026-01-26T00:00,2026-01-26,0,15.87,15.89,14.67,16.32,15.7,16.18,16.07,16.53,15.6,16.01
2026-01-26T01:00,2026-01-26,1,15.34,15.19,14.4,15.63,15.14,16.03,15.5,15.66,15.23,15.63
2026-01-26T02:00,2026-01-26,2,14.92,14.73,14.11,15.02,14.82,15.38,15.23,15.25,15.0,15.1
2026-01-26T03:00,2026-01-26,3,14.6,14.49,13.67,14.8,14.53,14.79,14.88,15.04,14.66,14.71
2026-01-26T04:00,2026-01-26,4,14.33,14.26,13.26,14.64,14.3,14.17,14.74,14.91,14.52,14.23
2026-01-26T05:00,2026-01-26,5,14.07,14.1,13.11,14.36,14.05,13.58,14.56,14.74,14.14,13.83
2026-01-26T06:00,2026-01-26,6,14.07,14.24,12.95,14.41,13.92,13.19,14.58,14.89,14.02,13.92
2026-01-26T07:00,2026-01-26,7,13.92,13.89,13.42,14.45,13.56,13.33,14.54,14.75,13.75,13.57
2026-01-26T08:00,2026-01-26,8,16.09,16.19,16.37,16.83,15.66,15.67,16.51,17.09,15.63,14.92
2026-01-26T09:00,2026-01-26,9,18.9,19.2,19.82,19.68,18.45,18.77,19.11,19.9,18.12,17.04
2026-01-26T10:00,2026-01-26,10,21.57,22.12,23.0,22.41,21.01,21.16,21.75,22.6,20.48,19.32
2026-01-26T11:00,2026-01-26,11,23.59,24.24,24.92,24.45,22.94,23.07,23.74,24.67,22.44,21.26
2026-01-26T12:00,2026-01-26,12,24.74,25.42,25.85,25.6,24.0,24.03,24.8,25.63,23.76,22.71
2026-01-26T13:00,2026-01-26,13,25.59,26.18,26.55,26.45,24.75,25.05,25.66,26.53,24.68,23.84
2026-01-26T14:00,2026-01-26,14,25.96,26.43,26.79,26.9,25.03,25.38,26.05,26.91,25.17,24.38
2026-01-26T15:00,2026-01-26,15,25.91,26.34,26.55,26.76,25.05,25.32,26.03,26.75,25.29,24.5
2026-01-26T16:00,2026-01-26,16,25.31,25.7,25.71,26.23,24.44,24.58,25.49,26.11,24.81,24.06
2026-01-26T17:00,2026-01-26,17,23.38,24.07,23.04,24.31,22.12,22.23,23.81,24.43,22.81,22.14
2026-01-26T18:00,2026-01-26,18,20.69,21.34,20.46,21.61,19.36,19.62,21.07,21.65,20.12,19.57
2026-01-26T19:00,2026-01-26,19,19.8,20.43,20.11,20.6,18.69,19.01,20.03,20.28,19.08,18.72
2026-01-26T20:00,2026-01-26,20,18.84,19.22,19.54,19.74,17.67,18.23,19.09,19.29,18.11,17.87
2026-01-26T21:00,2026-01-26,21,17.96,18.18,18.48,18.67,16.92,17.53,18.55,18.61,17.3,17.01
2026-01-26T22:00,2026-01-26,22,17.21,17.17,17.71,17.81,16.26,17.25,17.99,17.91,16.71,16.3
2026-01-26T23:00,2026-01-26,23,16.57,16.39,16.81,17.01,15.77,17.0,17.34,17.43,16.16,15.85
2026-01-27T00:00,2026-01-27,0,16.09,15.89,15.74,16.48,15.76,16.36,16.71,17.33,15.89,15.48
2026-01-27T01:00,2026-01-27,1,15.58,15.47,15.09,15.97,15.57,15.53,16.09,16.62,15.29,15.14
2026-01-27T02:00,2026-01-27,2,15.21,15.22,14.71,15.48,15.0,15.11,16.17,16.2,14.68,14.6
2026-01-27T03:00,2026-01-27,3,14.89,14.98,14.57,15.09,14.6,14.84,16.0,15.98,14.26,14.0
2026-01-27T04:00,2026-01-27,4,14.5,14.59,14.42,14.58,14.25,14.35,15.55,15.71,13.92,13.5
2026-01-27T05:00,2026-01-27,5,14.02,14.02,14.09,14.12,13.82,13.77,14.87,15.36,13.59,13.13
2026-01-27T06:00,2026-01-27,6,13.59,13.52,13.3,13.7,13.38,13.26,14.4,15.09,13.34,12.91
2026-01-27T07:00,2026-01-27,7,13.47,13.36,13.19,13.79,13.41,13.43,14.13,14.77,13.09,12.82
2026-01-27T08:00,2026-01-27,8,15.5,15.48,16.02,16.17,15.31,15.32,15.97,16.77,14.75,14.33
2026-01-27T09:00,2026-01-27,9,18.23,18.34,19.28,19.03,17.82,18.27,18.47,19.22,17.17,16.91
2026-01-27T10:00,2026-01-27,10,20.97,21.23,22.22,21.74,20.47,21.01,20.92,21.72,19.74,19.85
2026-01-27T11:00,2026-01-27,11,23.15,23.54,24.41,23.83,22.64,23.18,22.82,23.58,21.95,22.18
2026-01-27T12:00,2026-01-27,12,24.52,24.9,25.83,25.22,24.07,24.42,23.99,24.71,23.47,23.81
2026-01-27T13:00,2026-01-27,13,25.47,25.86,26.65,26.14,25.22,25.45,24.85,25.57,24.36,24.85
2026-01-27T14:00,2026-01-27,14,25.86,26.32,26.78,26.55,25.55,25.84,25.17,25.96,24.79,25.27
2026-01-27T15:00,2026-01-27,15,25.87,26.35,26.47,26.63,25.55,25.84,25.17,26.01,24.85,25.37
2026-01-27T16:00,2026-01-27,16,25.37,25.86,25.66,26.11,25.13,25.26,24.71,25.54,24.41,25.01
2026-01-27T17:00,2026-01-27,17,23.45,24.06,23.22,24.02,23.15,22.89,22.99,23.74,22.58,23.34
2026-01-27T18:00,2026-01-27,18,20.71,21.31,19.89,21.21,20.68,20.39,19.99,20.79,20.02,21.05
2026-01-27T19:00,2026-01-27,19,19.64,20.27,18.65,19.89,19.5,19.76,18.89,19.74,19.08,19.96
2026-01-27T20:00,2026-01-27,20,18.6,19.21,17.76,18.76,18.45,18.9,17.79,18.82,18.09,18.7
2026-01-27T21:00,2026-01-27,21,17.75,18.23,17.3,18.02,17.64,18.21,16.99,17.84,17.17,17.78
2026-01-27T22:00,2026-01-27,22,17.05,17.43,16.8,17.33,17.05,17.53,16.4,16.99,16.41,17.07
2026-01-27T23:00,2026-01-27,23,16.33,16.6,15.63,16.68,16.33,17.17,15.76,16.37,15.81,16.48
2026-01-28T00:00,2026-01-28,0,15.92,16.14,15.16,16.15,16.01,16.53,15.53,16.19,15.44,16.03
2026-01-28T01:00,2026-01-28,1,15.38,15.58,14.71,15.64,15.63,15.96,15.06,15.44,14.82,15.51
2026-01-28T02:00,2026-01-28,2,14.96,15.16,14.58,15.22,15.28,15.41,14.63,15.08,14.31,15.0
2026-01-28T03:00,2026-01-28,3,14.53,14.77,14.05,14.75,14.93,14.67,14.28,14.8,13.87,14.53
2026-01-28T04:00,2026-01-28,4,14.09,14.25,13.55,14.29,14.49,14.28,13.96,14.55,13.43,14.16
2026-01-28T05:00,2026-01-28,5,13.7,13.85,13.02,13.85,14.09,14.11,13.48,14.27,13.06,13.82
2026-01-28T06:00,2026-01-28,6,13.67,13.75,12.95,13.61,13.79,14.19,13.61,14.63,13.13,13.86
2026-01-28T07:00,2026-01-28,7,13.52,13.47,13.27,13.48,13.62,14.52,13.19,14.2,12.96,13.79
2026-01-28T08:00,2026-01-28,8,15.87,15.92,16.68,16.4,15.42,16.59,15.46,16.99,15.01,15.2
2026-01-28T09:00,2026-01-28,9,19.14,19.36,20.87,20.02,18.41,19.4,18.5,19.89,18.03,18.13
2026-01-28T10:00,2026-01-28,10,22.12,22.46,24.19,23.1,21.24,22.07,21.44,22.7,20.94,20.9
2026-01-28T11:00,2026-01-28,11,24.32,24.66,26.61,25.37,23.48,24.11,23.55,24.84,23.19,23.03
2026-01-28T12:00,2026-01-28,12,25.26,25.55,27.68,26.23,24.38,25.01,24.41,25.64,24.25,24.13
2026-01-28T13:00,2026-01-28,13,26.23,26.51,28.47,27.3,25.37,25.97,25.44,26.75,25.12,25.11
2026-01-28T14:00,2026-01-28,14,26.55,26.85,28.39,27.62,25.69,26.25,25.85,27.1,25.49,25.58
2026-01-28T15:00,2026-01-28,15,26.49,26.81,27.66,27.55,25.75,26.18,25.95,27.15,25.47,25.67
2026-01-28T16:00,2026-01-28,16,25.96,26.32,26.35,26.95,25.33,25.53,25.6,26.8,25.1,25.28
2026-01-28T17:00,2026-01-28,17,24.06,24.69,23.73,24.65,23.34,23.31,23.86,25.21,23.35,23.46
2026-01-28T18:00,2026-01-28,18,21.43,22.09,20.74,21.92,20.8,20.88,20.92,22.4,20.83,21.21
2026-01-28T19:00,2026-01-28,19,20.3,20.89,19.62,20.71,19.8,20.31,19.53,20.57,19.89,20.35
2026-01-28T20:00,2026-01-28,20,19.19,19.46,18.92,19.67,18.8,19.46,18.52,19.65,18.55,19.41
2026-01-28T21:00,2026-01-28,21,18.36,18.58,18.43,18.71,17.93,18.78,17.7,18.48,17.67,18.76
2026-01-28T22:00,2026-01-28,22,17.65,17.83,17.76,17.85,17.44,18.03,17.21,17.66,17.03,18.0
2026-01-28T23:00,2026-01-28,23,17.01,16.96,17.4,17.21,16.71,17.4,16.77,16.98,16.47,17.47
2026-01-29T00:00,2026-01-29,0,16.56,16.36,17.09,16.6,16.37,17.15,16.41,16.68,16.0,17.09
2026-01-29T01:00,2026-01-29,1,15.85,15.65,15.62,15.8,15.88,16.59,15.64,15.73,15.55,16.7
2026-01-29T02:00,2026-01-29,2,15.35,15.36,14.7,15.17,15.41,16.08,14.94,15.0,15.17,16.32
2026-01-29T03:00,2026-01-29,3,14.95,14.91,14.36,14.91,15.16,15.54,14.41,14.92,14.81,15.73
2026-01-29T04:00,2026-01-29,4,14.61,14.62,13.77,14.61,15.09,15.25,14.06,14.73,14.45,15.18
2026-01-29T05:00,2026-01-29,5,14.32,14.44,13.42,14.16,15.03,14.75,13.78,14.45,14.11,14.82
2026-01-29T06:00,2026-01-29,6,14.24,14.36,13.4,14.1,15.0,14.42,13.75,14.81,13.97,14.64
2026-01-29T07:00,2026-01-29,7,14.31,14.44,13.57,14.15,14.76,14.69,13.93,14.67,14.08,14.63
2026-01-29T08:00,2026-01-29,8,16.53,16.83,16.57,16.85,16.77,16.64,16.03,17.36,15.98,15.88
2026-01-29T09:00,2026-01-29,9,19.68,20.21,20.54,20.63,19.58,19.56,19.15,20.44,18.63,18.09
2026-01-29T10:00,2026-01-29,10,22.44,23.11,23.71,23.58,21.86,22.09,22.13,23.14,21.22,20.39
2026-01-29T11:00,2026-01-29,11,24.42,25.06,25.79,25.47,23.8,23.96,24.16,25.03,23.27,22.46
2026-01-29T12:00,2026-01-29,12,25.41,26.06,26.75,26.41,24.7,24.81,25.21,25.93,24.29,23.71
2026-01-29T13:00,2026-01-29,13,26.33,27.06,27.31,27.19,25.63,25.76,26.14,26.91,25.2,24.81
2026-01-29T14:00,2026-01-29,14,26.71,27.44,27.31,27.56,25.97,26.0,26.58,27.38,25.61,25.41
2026-01-29T15:00,2026-01-29,15,26.67,27.38,26.88,27.58,26.02,25.83,26.57,27.39,25.65,25.53
2026-01-29T16:00,2026-01-29,16,26.17,26.89,26.11,27.06,25.58,25.24,26.15,26.89,25.25,25.1
2026-01-29T17:00,2026-01-29,17,24.45,25.38,23.62,25.35,23.67,23.51,24.61,25.23,23.56,23.37
2026-01-29T18:00,2026-01-29,18,21.85,22.84,20.63,22.81,21.23,21.39,21.81,22.51,21.0,20.62
2026-01-29T19:00,2026-01-29,19,20.95,21.77,19.95,21.84,20.45,20.46,20.75,21.58,20.25,20.03
2026-01-29T20:00,2026-01-29,20,20.05,20.89,19.13,20.82,19.67,19.33,20.02,20.51,19.11,19.39
2026-01-29T21:00,2026-01-29,21,19.27,20.06,18.36,19.87,19.04,18.76,19.33,19.65,18.26,18.75
2026-01-29T22:00,2026-01-29,22,18.67,19.32,17.86,19.3,18.45,18.39,18.75,18.96,17.72,18.18
2026-01-29T23:00,2026-01-29,23,18.13,18.55,17.39,18.95,17.9,17.92,18.11,18.37,17.48,17.67
2026-01-30T00:00,2026-01-30,0,17.61,17.91,17.02,18.45,17.37,17.38,17.49,17.88,17.22,17.09
2026-01-30T01:00,2026-01-30,1,17.02,17.29,16.3,17.93,16.78,17.09,16.84,17.41,16.58,16.5
2026-01-30T02:00,2026-01-30,2,16.51,16.91,15.55,17.55,16.24,16.68,16.4,16.85,15.82,15.88
2026-01-30T03:00,2026-01-30,3,16.04,16.53,14.88,16.99,15.68,16.29,16.2,16.48,15.16,15.35
2026-01-30T04:00,2026-01-30,4,15.59,16.05,14.64,16.45,15.05,15.75,15.96,16.41,14.63,14.77
2026-01-30T05:00,2026-01-30,5,15.15,15.57,14.63,15.8,14.72,15.12,15.58,16.22,14.08,14.33
2026-01-30T06:00,2026-01-30,6,15.15,15.12,14.64,15.56,14.81,15.0,15.78,16.46,14.62,14.78
2026-01-30T07:00,2026-01-30,7,14.91,14.84,15.0,15.29,14.63,14.96,15.4,16.23,14.18,14.47
2026-01-30T08:00,2026-01-30,8,16.84,16.98,17.86,17.64,16.48,16.76,17.06,18.1,15.67,15.58
2026-01-30T09:00,2026-01-30,9,19.3,19.67,21.39,20.18,18.79,18.55,19.29,20.43,18.01,17.45
2026-01-30T10:00,2026-01-30,10,21.55,22.05,24.16,22.46,20.73,20.58,21.5,22.69,20.2,19.35
2026-01-30T11:00,2026-01-30,11,23.37,23.89,26.01,24.41,22.34,22.47,23.33,24.64,21.97,21.02
2026-01-30T12:00,2026-01-30,12,24.1,24.68,26.83,25.38,23.06,23.48,23.92,25.48,22.41,21.5
2026-01-30T13:00,2026-01-30,13,24.94,25.52,27.36,26.18,23.92,24.55,24.78,26.48,23.19,22.5
2026-01-30T14:00,2026-01-30,14,25.27,25.87,27.39,26.52,24.19,24.89,25.19,26.76,23.53,23.02
2026-01-30T15:00,2026-01-30,15,25.26,25.8,27.15,26.5,24.15,24.83,25.25,26.74,23.6,23.16
2026-01-30T16:00,2026-01-30,16,24.78,25.16,26.48,26.09,23.73,24.29,24.92,26.29,23.26,22.86
2026-01-30T17:00,2026-01-30,17,23.28,23.65,24.37,24.7,22.12,22.42,23.8,24.93,21.84,21.48
2026-01-30T18:00,2026-01-30,18,20.83,21.12,21.63,22.2,19.81,19.71,21.19,22.35,19.69,19.51
2026-01-30T19:00,2026-01-30,19,19.73,19.91,20.64,21.0,18.9,18.9,19.96,21.17,18.65,18.53
2026-01-30T20:00,2026-01-30,20,18.68,18.81,19.52,19.77,17.78,17.95,19.11,20.2,17.49,17.71
2026-01-30T21:00,2026-01-30,21,17.87,17.87,18.78,18.92,16.77,17.27,18.49,19.38,16.78,16.98
2026-01-30T22:00,2026-01-30,22,17.17,17.11,18.11,18.37,16.11,16.74,17.76,18.84,15.97,16.2
2026-01-30T23:00,2026-01-30,23,16.59,16.45,17.65,17.89,15.59,16.36,17.19,18.35,15.14,15.69
2026-01-31T00:00,2026-01-31,0,16.31,16.15,17.26,17.49,15.43,16.11,16.86,18.06,15.01,15.37
2026-01-31T01:00,2026-01-31,1,15.84,15.72,16.68,16.78,15.04,15.65,16.46,17.15,14.72,15.08
2026-01-31T02:00,2026-01-31,2,15.45,15.37,15.9,16.27,14.97,15.3,16.13,16.62,14.39,14.77
2026-01-31T03:00,2026-01-31,3,14.99,14.82,15.35,15.69,14.74,14.91,15.79,16.08,14.01,14.35
2026-01-31T04:00,2026-01-31,4,14.51,14.13,14.89,15.19,14.46,14.47,15.4,15.74,13.62,13.97
2026-01-31T05:00,2026-01-31,5,14.09,13.56,14.45,14.78,14.08,14.16,14.98,15.47,13.32,13.57
2026-01-31T06:00,2026-01-31,6,13.79,13.38,14.01,14.39,13.72,13.63,14.68,15.56,13.03,13.17
2026-01-31T07:00,2026-01-31,7,13.67,13.29,14.26,14.34,13.43,13.64,14.4,15.12,12.84,13.08
2026-01-31T08:00,2026-01-31,8,15.65,15.71,16.51,16.6,15.39,15.46,16.06,17.24,14.35,14.34
2026-01-31T09:00,2026-01-31,9,18.38,18.79,19.65,19.52,18.12,18.2,18.39,19.85,16.71,16.43
2026-01-31T10:00,2026-01-31,10,21.13,21.68,22.58,22.27,20.75,20.95,20.9,22.4,19.41,19.26
2026-01-31T11:00,2026-01-31,11,23.15,23.69,24.68,24.03,22.75,23.03,22.82,24.06,21.59,21.63
2026-01-31T12:00,2026-01-31,12,24.14,24.73,25.65,24.97,23.71,24.03,23.81,24.87,22.6,22.58
2026-01-31T13:00,2026-01-31,13,25.04,25.61,26.48,25.84,24.53,25.11,24.74,25.81,23.45,23.64
2026-01-31T14:00,2026-01-31,14,25.45,26.03,26.78,26.23,24.93,25.38,25.13,26.18,23.91,24.15
2026-01-31T15:00,2026-01-31,15,25.46,26.04,26.64,26.26,25.01,25.36,25.1,26.17,24.03,24.18
2026-01-31T16:00,2026-01-31,16,24.95,25.43,25.88,25.84,24.54,24.68,24.63,25.66,23.63,23.92
2026-01-31T17:00,2026-01-31,17,23.29,23.91,23.78,24.14,22.67,22.33,23.22,24.17,22.07,22.45
2026-01-31T18:00,2026-01-31,18,20.55,21.1,20.64,21.64,20.11,19.77,20.23,21.37,19.23,20.05
2026-01-31T19:00,2026-01-31,19,19.56,20.07,19.36,20.64,19.32,19.28,19.01,20.24,18.41,19.07
2026-01-31T20:00,2026-01-31,20,18.52,18.91,18.39,19.6,18.3,18.27,17.98,19.27,17.35,18.22
2026-01-31T21:00,2026-01-31,21,17.62,17.93,17.63,18.43,17.46,17.59,17.08,18.48,16.47,17.42
2026-01-31T22:00,2026-01-31,22,16.85,16.9,17.27,17.74,16.64,17.0,16.26,17.78,15.73,16.85
2026-01-31T23:00,2026-01-31,23,16.24,16.25,16.66,17.07,16.21,16.43,15.58,17.04,15.12,16.41
2026-02-01T00:00,2026-02-01,0,15.89,15.95,15.99,16.63,16.08,16.13,15.32,16.66,14.75,16.06
2026-02-01T01:00,2026-02-01,1,15.44,15.52,15.42,16.06,15.82,15.78,14.81,15.79,14.42,15.73
2026-02-01T02:00,2026-02-01,2,15.1,15.24,15.03,15.52,15.52,15.31,14.6,15.43,14.09,15.37
2026-02-01T03:00,2026-02-01,3,14.77,14.95,14.87,15.09,15.22,14.64,14.34,15.18,13.75,15.01
2026-02-01T04:00,2026-02-01,4,14.43,14.54,14.7,14.68,14.88,14.13,13.96,14.95,13.56,14.72
2026-02-01T05:00,2026-02-01,5,14.09,14.12,14.32,14.35,14.53,13.69,13.62,14.73,13.35,14.45
2026-02-01T06:00,2026-02-01,6,13.9,13.99,13.74,14.24,14.4,13.22,13.51,14.92,13.2,14.16
2026-02-01T07:00,2026-02-01,7,13.86,13.99,13.81,14.34,14.36,13.39,13.3,14.71,13.03,14.0
2026-02-01T08:00,2026-02-01,8,15.7,15.92,16.36,16.6,15.87,15.38,15.05,16.79,14.53,15.16
2026-02-01T09:00,2026-02-01,9,18.23,18.52,19.74,19.37,18.01,18.18,17.44,19.44,16.76,17.11
2026-02-01T10:00,2026-02-01,10,20.91,21.35,22.94,22.09,20.25,20.51,20.17,22.2,19.34,19.48
2026-02-01T11:00,2026-02-01,11,23.07,23.51,25.39,24.11,22.2,22.63,22.3,24.06,21.64,21.77
2026-02-01T12:00,2026-02-01,12,24.08,24.49,26.69,25.17,23.13,23.45,23.37,24.93,22.51,22.9
2026-02-01T13:00,2026-02-01,13,25.12,25.53,27.57,26.09,24.27,24.58,24.56,25.95,23.5,23.96
2026-02-01T14:00,2026-02-01,14,25.62,26.05,27.94,26.56,24.75,24.97,25.13,26.47,24.02,24.53
2026-02-01T15:00,2026-02-01,15,25.64,26.09,27.69,26.54,24.77,24.89,25.16,26.49,24.13,24.69
2026-02-01T16:00,2026-02-01,16,25.16,25.59,26.81,26.01,24.43,24.37,24.64,26.01,23.85,24.38
2026-02-01T17:00,2026-02-01,17,23.52,24.15,24.32,24.34,23.0,22.2,22.93,24.26,22.37,23.13
2026-02-01T18:00,2026-02-01,18,20.9,21.57,20.8,21.66,20.65,19.9,20.05,21.58,19.99,20.83
2026-02-01T19:00,2026-02-01,19,19.73,20.28,19.58,20.54,19.37,19.02,18.69,20.27,18.99,19.87
2026-02-01T20:00,2026-02-01,20,18.7,19.14,18.55,19.52,18.45,18.23,17.62,19.19,17.92,18.98
2026-02-01T21:00,2026-02-01,21,17.92,18.28,17.7,18.81,17.65,17.54,16.9,18.39,17.13,18.32
2026-02-01T22:00,2026-02-01,22,17.27,17.55,17.27,18.0,16.99,16.87,16.34,17.71,16.57,17.69
2026-02-01T23:00,2026-02-01,23,16.8,17.05,16.98,17.41,16.63,16.57,15.83,17.17,16.16,17.14
2026-02-02T00:00,2026-02-02,0,16.54,16.84,16.61,16.93,16.69,16.22,15.63,16.99,15.94,16.81
2026-02-02T01:00,2026-02-02,1,16.18,16.49,16.28,16.4,16.61,16.1,15.15,16.37,15.64,16.35
2026-02-02T02:00,2026-02-02,2,15.82,16.08,16.0,16.01,16.35,15.8,15.06,16.13,15.16,15.81
2026-02-02T03:00,2026-02-02,3,15.41,15.63,15.75,15.72,15.94,15.32,14.63,15.78,14.64,15.35
2026-02-02T04:00,2026-02-02,4,15.01,15.12,15.71,15.4,15.43,14.76,14.08,15.59,14.29,15.05
2026-02-02T05:00,2026-02-02,5,14.64,14.75,15.25,14.98,14.97,14.3,13.82,15.45,13.9,14.7
2026-02-02T06:00,2026-02-02,6,14.47,14.56,15.41,14.94,14.7,13.72,13.85,15.77,13.58,14.29
2026-02-02T07:00,2026-02-02,7,14.58,14.68,16.0,15.32,14.82,14.01,13.86,15.76,13.45,14.01
2026-02-02T08:00,2026-02-02,8,16.36,16.71,17.84,17.34,16.51,15.97,15.52,17.64,14.96,15.15
2026-02-02T09:00,2026-02-02,9,18.8,19.38,20.47,20.01,18.59,18.64,17.83,20.09,17.19,17.11
2026-02-02T10:00,2026-02-02,10,21.4,22.08,23.27,22.61,20.85,21.21,20.53,22.5,19.68,19.61
2026-02-02T11:00,2026-02-02,11,23.5,24.09,25.57,24.56,22.8,23.21,22.72,24.37,21.94,21.93
2026-02-02T12:00,2026-02-02,12,24.69,25.24,26.93,25.8,23.96,24.3,23.91,25.41,23.13,23.24
2026-02-02T13:00,2026-02-02,13,25.72,26.29,27.83,26.79,24.9,25.29,25.04,26.45,24.07,24.42
2026-02-02T14:00,2026-02-02,14,26.21,26.81,28.25,27.32,25.31,25.63,25.57,26.97,24.57,24.99
2026-02-02T15:00,2026-02-02,15,26.28,26.87,28.1,27.43,25.34,25.66,25.65,27.02,24.68,25.16
2026-02-02T16:00,2026-02-02,16,25.84,26.43,27.27,26.91,25.05,25.14,25.27,26.57,24.36,24.91
2026-02-02T17:00,2026-02-02,17,24.14,25.01,24.45,24.91,23.6,22.92,23.74,24.97,22.86,23.43
2026-02-02T18:00,2026-02-02,18,21.4,22.37,21.42,22.03,21.0,20.25,20.72,21.89,20.21,21.03
2026-02-02T19:00,2026-02-02,19,20.26,21.16,20.44,20.62,19.76,19.29,19.51,20.89,19.15,20.07
2026-02-02T20:00,2026-02-02,20,19.17,19.89,19.24,19.57,18.66,18.6,18.43,19.96,18.03,19.21
2026-02-02T21:00,2026-02-02,21,18.26,18.88,18.32,18.89,17.86,17.64,17.45,18.9,17.14,18.41
2026-02-02T22:00,2026-02-02,22,17.53,18.06,17.68,18.05,17.4,17.07,16.67,18.03,16.4,17.76
2026-02-02T23:00,2026-02-02,23,16.88,17.28,17.47,17.19,16.72,16.95,16.04,17.25,15.72,17.1
2026-02-03T00:00,2026-02-03,0,16.48,16.78,17.01,16.68,16.53,16.72,15.67,16.91,15.35,16.76
2026-02-03T01:00,2026-02-03,1,16.07,16.36,16.66,16.36,16.21,16.12,15.16,16.32,15.02,16.39
2026-02-03T02:00,2026-02-03,2,15.65,15.93,16.2,15.87,15.86,15.45,14.83,16.1,14.66,15.95
2026-02-03T03:00,2026-02-03,3,15.28,15.51,15.95,15.58,15.53,14.69,14.48,15.9,14.35,15.57
2026-02-03T04:00,2026-02-03,4,14.95,15.14,15.5,15.27,15.27,14.17,14.26,15.7,14.09,15.26
2026-02-03T05:00,2026-02-03,5,14.64,14.8,15.04,15.02,14.95,13.7,14.05,15.46,13.91,14.89
2026-02-03T06:00,2026-02-03,6,14.5,14.76,14.51,15.0,14.72,13.41,14.03,15.75,13.69,14.57
2026-02-03T07:00,2026-02-03,7,14.6,14.9,14.84,15.29,14.82,13.7,14.05,15.62,13.64,14.46
2026-02-03T08:00,2026-02-03,8,16.65,16.95,17.51,17.79,16.5,15.71,15.98,17.83,15.47,16.09
2026-02-03T09:00,2026-02-03,9,19.57,19.96,21.29,20.95,18.87,19.01,18.63,20.61,18.1,18.64
2026-02-03T10:00,2026-02-03,10,22.47,22.92,24.54,23.96,21.48,22.01,21.43,23.39,20.97,21.29
2026-02-03T11:00,2026-02-03,11,24.69,25.05,26.84,26.26,23.63,24.29,23.65,25.55,23.31,23.56
2026-02-03T12:00,2026-02-03,12,25.93,26.21,28.09,27.67,24.95,25.8,24.72,26.66,24.49,24.78
2026-02-03T13:00,2026-02-03,13,26.9,27.35,28.86,28.54,25.93,26.84,25.66,27.6,25.32,25.77
2026-02-03T14:00,2026-02-03,14,27.33,27.82,28.99,29.0,26.36,27.34,26.14,28.01,25.77,26.24
2026-02-03T15:00,2026-02-03,15,27.36,27.9,28.57,28.97,26.37,27.29,26.32,28.03,25.88,26.34
2026-02-03T16:00,2026-02-03,16,26.9,27.41,27.63,28.45,25.98,26.65,26.07,27.63,25.58,26.07
2026-02-03T17:00,2026-02-03,17,25.1,25.7,24.95,26.46,24.41,24.14,24.63,25.91,24.0,24.56
2026-02-03T18:00,2026-02-03,18,22.3,22.93,21.98,23.52,21.46,21.29,21.58,23.34,21.32,22.1
2026-02-03T19:00,2026-02-03,19,21.13,21.64,20.89,22.36,20.19,20.75,20.4,21.53,20.28,21.06
2026-02-03T20:00,2026-02-03,20,20.27,20.72,20.1,21.64,19.12,20.08,19.63,20.99,19.32,20.06
2026-02-03T21:00,2026-02-03,21,19.49,19.83,19.42,21.07,18.17,19.56,18.76,20.38,18.42,19.3
2026-02-03T22:00,2026-02-03,22,18.89,19.22,18.79,20.41,17.68,18.87,18.12,19.82,17.86,18.75
2026-02-03T23:00,2026-02-03,23,18.34,18.57,18.43,19.78,17.11,18.61,17.69,19.01,17.4,18.13
2026-02-04T00:00,2026-02-04,0,18.02,18.34,17.99,19.35,16.9,18.44,17.19,18.8,17.21,17.61
2026-02-04T01:00,2026-02-04,1,17.48,17.78,17.0,18.54,16.58,18.13,16.91,18.15,16.75,17.16
2026-02-04T02:00,2026-02-04,2,16.97,17.21,16.06,18.11,16.1,17.44,16.59,17.73,16.45,16.68
2026-02-04T03:00,2026-02-04,3,16.58,16.78,15.58,17.53,15.87,16.83,16.33,17.41,16.21,16.37
2026-02-04T04:00,2026-02-04,4,16.25,16.43,15.25,17.04,15.7,16.12,16.15,16.94,16.04,16.12
2026-02-04T05:00,2026-02-04,5,15.94,16.15,14.94,16.48,15.61,15.48,16.05,16.47,15.85,15.83
2026-02-04T06:00,2026-02-04,6,15.92,16.17,14.72,16.72,15.5,15.07,16.18,16.95,15.65,15.66
2026-02-04T07:00,2026-02-04,7,15.85,16.03,15.12,16.87,15.44,15.24,16.02,16.91,15.39,15.3
2026-02-04T08:00,2026-02-04,8,17.59,17.98,17.18,18.91,17.03,17.13,17.46,18.76,16.84,16.53
2026-02-04T09:00,2026-02-04,9,20.06,20.43,20.75,21.52,19.48,19.9,19.58,21.3,18.92,18.57
2026-02-04T10:00,2026-02-04,10,22.55,23.02,24.24,24.03,21.97,22.15,21.84,23.45,21.19,20.82
2026-02-04T11:00,2026-02-04,11,24.62,25.22,26.21,25.84,24.13,23.98,23.88,25.48,23.36,22.99
2026-02-04T12:00,2026-02-04,12,25.63,26.04,27.17,26.59,25.36,24.97,24.97,26.11,24.62,24.43
2026-02-04T13:00,2026-02-04,13,26.45,26.88,27.44,27.13,26.12,25.91,25.96,26.86,25.58,25.67
2026-02-04T14:00,2026-02-04,14,26.84,27.34,27.16,27.43,26.42,26.34,26.51,27.24,26.09,26.25
2026-02-04T15:00,2026-02-04,15,26.87,27.45,26.75,27.37,26.5,26.24,26.69,27.11,26.2,26.37
2026-02-04T16:00,2026-02-04,16,26.42,27.08,26.04,26.97,26.06,25.64,26.42,26.61,25.76,25.88
2026-02-04T17:00,2026-02-04,17,24.86,25.7,24.22,25.45,24.28,23.72,24.87,25.27,24.1,24.34
2026-02-04T18:00,2026-02-04,18,22.2,22.96,21.71,22.66,21.63,21.18,22.15,22.62,21.47,21.87
2026-02-04T19:00,2026-02-04,19,21.13,21.79,20.66,21.82,20.8,20.13,20.76,21.27,20.52,20.92
2026-02-04T20:00,2026-02-04,20,20.22,20.84,19.89,21.1,19.94,19.14,19.75,20.04,19.56,20.11
2026-02-04T21:00,2026-02-04,21,19.35,19.84,19.48,20.05,19.09,18.5,19.09,18.97,18.56,19.38
2026-02-04T22:00,2026-02-04,22,18.68,19.07,18.81,19.28,18.47,17.93,18.45,18.31,18.07,18.66
2026-02-04T23:00,2026-02-04,23,17.99,18.25,17.83,18.68,17.79,17.37,17.82,17.87,17.58,17.9
2026-02-05T00:00,2026-02-05,0,17.47,17.49,17.47,18.18,17.4,17.37,17.29,17.66,17.03,17.35
2026-02-05T01:00,2026-02-05,1,16.81,16.68,16.72,17.55,16.96,17.01,16.75,16.68,16.38,16.75
2026-02-05T02:00,2026-02-05,2,16.32,16.22,16.29,17.11,16.4,16.73,16.38,16.23,15.81,16.02
2026-02-05T03:00,2026-02-05,3,15.91,15.96,15.72,16.56,15.97,16.35,15.99,16.04,15.26,15.44
2026-02-05T04:00,2026-02-05,4,15.55,15.65,15.48,16.03,15.6,15.79,15.73,16.03,14.88,15.0
2026-02-05T05:00,2026-02-05,5,15.21,15.13,15.53,15.76,15.14,15.36,15.45,16.06,14.52,14.6
2026-02-05T06:00,2026-02-05,6,14.91,14.66,15.2,15.46,14.73,14.94,15.18,16.33,14.38,14.42
2026-02-05T07:00,2026-02-05,7,14.81,14.53,15.49,15.36,14.61,15.0,15.04,15.95,14.23,14.2
2026-02-05T08:00,2026-02-05,8,16.82,16.82,18.3,17.64,16.38,16.99,16.98,17.92,15.81,15.36
2026-02-05T09:00,2026-02-05,9,19.38,19.63,21.5,20.18,18.58,19.5,19.64,20.38,18.17,17.24
2026-02-05T10:00,2026-02-05,10,21.69,22.16,24.21,22.64,20.58,21.53,21.93,22.78,20.31,19.09
2026-02-05T11:00,2026-02-05,11,23.53,24.12,25.87,24.65,22.27,23.22,23.69,24.72,22.14,20.83
2026-02-05T12:00,2026-02-05,12,24.8,25.4,26.79,25.94,23.4,24.27,24.89,25.83,23.66,22.37
2026-02-05T13:00,2026-02-05,13,25.78,26.41,27.32,26.83,24.52,25.15,25.84,26.77,24.81,23.6
2026-02-05T14:00,2026-02-05,14,26.28,26.95,27.39,27.18,25.05,25.5,26.38,27.17,25.47,24.46
2026-02-05T15:00,2026-02-05,15,26.28,26.93,27.09,27.07,25.05,25.35,26.5,27.11,25.61,24.68
2026-02-05T16:00,2026-02-05,16,25.77,26.33,26.42,26.62,24.55,24.66,26.08,26.65,25.22,24.31
2026-02-05T17:00,2026-02-05,17,23.97,24.57,23.93,24.84,22.41,22.71,24.56,24.88,23.44,22.93
2026-02-05T18:00,2026-02-05,18,21.01,21.58,20.78,22.05,19.71,20.42,21.64,21.77,20.03,19.95
2026-02-05T19:00,2026-02-05,19,19.89,20.28,19.61,20.99,19.01,19.81,20.38,20.41,18.94,18.94
2026-02-05T20:00,2026-02-05,20,18.79,18.97,18.71,19.71,18.23,18.45,19.43,19.41,17.98,17.98
2026-02-05T21:00,2026-02-05,21,17.92,18.07,17.72,18.67,17.3,17.46,18.78,18.59,17.14,17.26
2026-02-05T22:00,2026-02-05,22,17.24,17.39,17.03,18.15,16.6,16.91,18.07,17.93,16.3,16.58
2026-02-05T23:00,2026-02-05,23,16.54,16.64,16.5,17.31,15.99,16.4,17.24,17.27,15.72,15.82
2026-02-06T00:00,2026-02-06,0,15.99,15.97,15.95,16.63,15.51,16.0,16.72,17.18,15.18,15.28
2026-02-06T01:00,2026-02-06,1,15.47,15.53,15.67,15.88,14.71,15.66,15.97,16.35,14.91,14.8
2026-02-06T02:00,2026-02-06,2,14.98,15.1,15.23,15.27,13.95,15.3,15.52,15.78,14.53,14.25
2026-02-06T03:00,2026-02-06,3,14.49,14.58,14.8,14.6,13.54,14.88,15.14,15.28,14.04,13.78
2026-02-06T04:00,2026-02-06,4,13.95,13.89,14.39,13.98,13.28,14.38,14.5,14.95,13.45,13.37
2026-02-06T05:00,2026-02-06,5,13.47,13.07,14.22,13.51,13.18,13.79,14.05,14.93,12.95,13.06
2026-02-06T06:00,2026-02-06,6,13.17,12.7,14.0,13.32,13.1,12.97,13.7,15.47,12.57,12.63
2026-02-06T07:00,2026-02-06,7,13.17,12.71,14.44,13.32,13.26,13.16,13.44,15.1,12.51,12.61
2026-02-06T08:00,2026-02-06,8,15.47,15.29,17.22,15.81,15.28,15.43,15.62,17.08,14.54,14.34
2026-02-06T09:00,2026-02-06,9,18.29,18.37,20.52,18.72,17.92,18.16,18.4,19.57,17.17,16.73
2026-02-06T10:00,2026-02-06,10,20.89,21.19,23.22,21.61,20.32,20.59,20.82,21.97,19.52,19.14
2026-02-06T11:00,2026-02-06,11,22.76,23.17,24.63,23.64,22.22,22.44,22.5,23.72,21.43,21.1
2026-02-06T12:00,2026-02-06,12,23.96,24.46,25.49,24.95,23.29,23.45,23.68,24.77,22.64,22.58
2026-02-06T13:00,2026-02-06,13,24.74,25.21,26.05,25.67,24.13,24.32,24.45,25.57,23.43,23.54
2026-02-06T14:00,2026-02-06,14,25.09,25.58,26.12,26.04,24.43,24.67,24.8,25.81,23.87,24.03
2026-02-06T15:00,2026-02-06,15,25.05,25.5,25.83,25.99,24.4,24.63,24.8,25.72,23.98,24.11
2026-02-06T16:00,2026-02-06,16,24.53,24.9,25.13,25.5,23.88,24.04,24.31,25.15,23.6,23.79
2026-02-06T17:00,2026-02-06,17,22.92,23.45,22.63,23.87,22.03,22.1,22.92,23.42,22.16,22.48
2026-02-06T18:00,2026-02-06,18,20.1,20.62,19.6,20.76,19.54,19.72,19.98,20.38,19.23,20.02
2026-02-06T19:00,2026-02-06,19,19.03,19.49,18.59,19.67,18.66,18.84,18.79,19.25,18.21,18.95
2026-02-06T20:00,2026-02-06,20,18.08,18.49,17.86,18.5,17.84,17.82,17.88,18.38,17.36,18.01
2026-02-06T21:00,2026-02-06,21,17.34,17.69,16.9,18.13,16.9,17.04,17.25,17.63,16.49,17.37
2026-02-06T22:00,2026-02-06,22,16.63,16.87,16.05,17.35,16.08,16.38,16.53,16.97,15.96,16.89
2026-02-06T23:00,2026-02-06,23,15.93,16.12,15.41,16.33,15.58,15.47,15.97,16.12,15.48,16.31
2026-02-07T00:00,2026-02-07,0,15.36,15.43,15.09,15.66,14.99,14.98,15.6,15.64,14.94,15.66
2026-02-07T01:00,2026-02-07,1,14.81,14.76,14.89,15.08,14.6,14.45,14.94,14.58,14.59,15.23
2026-02-07T02:00,2026-02-07,2,14.35,14.22,14.61,14.63,14.28,14.19,14.27,14.2,14.07,14.77
2026-02-07T03:00,2026-02-07,3,13.94,13.73,14.35,14.22,13.86,13.75,14.0,13.99,13.61,14.38
2026-02-07T04:00,2026-02-07,4,13.63,13.43,14.03,13.81,13.52,13.58,13.78,13.8,13.22,13.96
2026-02-07T05:00,2026-02-07,5,13.18,12.94,13.75,13.38,13.19,13.27,13.1,13.46,12.75,13.44
2026-02-07T06:00,2026-02-07,6,12.91,12.64,13.46,13.19,12.95,12.77,12.9,13.66,12.43,13.13
2026-02-07T07:00,2026-02-07,7,12.86,12.4,13.7,13.18,13.03,12.9,12.71,13.51,12.46,13.08
2026-02-07T08:00,2026-02-07,8,15.2,14.89,16.1,15.92,15.13,15.13,15.11,16.27,14.63,14.72
2026-02-07T09:00,2026-02-07,9,17.95,17.87,19.16,18.83,17.61,17.58,17.92,18.97,17.3,16.94
2026-02-07T10:00,2026-02-07,10,20.49,20.64,21.98,21.35,19.78,19.85,20.61,21.5,19.63,19.17
2026-02-07T11:00,2026-02-07,11,22.34,22.56,23.85,23.2,21.6,21.81,22.26,23.14,21.46,21.14
2026-02-07T12:00,2026-02-07,12,23.47,23.65,24.87,24.2,22.82,23.07,23.27,23.95,22.68,22.65
2026-02-07T13:00,2026-02-07,13,24.33,24.58,25.57,24.98,23.65,23.92,24.13,24.74,23.41,23.77
2026-02-07T14:00,2026-02-07,14,24.75,25.05,25.89,25.39,24.0,24.22,24.55,25.08,23.88,24.27
2026-02-07T15:00,2026-02-07,15,24.77,25.11,25.69,25.35,24.0,24.18,24.62,25.05,23.92,24.39
2026-02-07T16:00,2026-02-07,16,24.34,24.67,24.95,24.93,23.54,23.68,24.26,24.58,23.62,24.1
2026-02-07T17:00,2026-02-07,17,22.92,23.37,22.98,23.47,21.94,21.8,23.04,23.19,22.41,22.8
2026-02-07T18:00,2026-02-07,18,20.11,20.61,19.82,20.46,19.38,19.27,19.88,20.18,19.76,20.3
2026-02-07T19:00,2026-02-07,19,19.08,19.49,18.87,19.51,18.46,18.32,18.8,19.04,18.85,19.25
2026-02-07T20:00,2026-02-07,20,18.06,18.39,17.56,18.75,17.4,17.43,17.89,18.07,17.76,18.27
2026-02-07T21:00,2026-02-07,21,17.18,17.48,16.67,17.54,16.53,16.82,17.22,17.37,16.69,17.54
2026-02-07T22:00,2026-02-07,22,16.51,16.7,16.05,16.93,15.92,16.16,16.58,16.69,15.95,17.02
2026-02-07T23:00,2026-02-07,23,15.91,16.0,15.53,16.32,15.43,15.48,15.98,16.12,15.44,16.47
2026-02-08T00:00,2026-02-08,0,15.49,15.5,15.34,15.71,15.05,15.29,15.54,15.91,15.04,16.01
2026-02-08T01:00,2026-02-08,1,15.0,14.9,15.02,15.22,14.69,15.07,14.87,15.07,14.73,15.61
2026-02-08T02:00,2026-02-08,2,14.54,14.41,14.65,14.77,14.46,14.82,14.18,14.6,14.27,15.04
2026-02-08T03:00,2026-02-08,3,14.15,13.98,14.32,14.45,14.28,14.48,13.77,14.38,13.76,14.54
2026-02-08T04:00,2026-02-08,4,13.85,13.76,14.0,14.1,14.01,14.05,13.43,14.09,13.41,14.23
2026-02-08T05:00,2026-02-08,5,13.49,13.47,13.41,13.74,13.74,13.53,13.17,13.72,13.04,13.9
2026-02-08T06:00,2026-02-08,6,13.23,13.23,12.95,13.52,13.44,13.1,13.06,13.81,12.83,13.44
2026-02-08T07:00,2026-02-08,7,13.2,13.07,13.27,13.72,13.32,13.12,13.16,13.63,12.73,13.23
2026-02-08T08:00,2026-02-08,8,15.64,15.57,15.98,16.51,15.49,15.47,15.66,16.44,15.01,15.03
2026-02-08T09:00,2026-02-08,9,18.56,18.62,19.27,19.49,18.14,18.07,18.75,19.41,17.91,17.55
2026-02-08T10:00,2026-02-08,10,21.18,21.45,22.11,21.89,20.44,20.2,21.55,22.04,20.52,19.99
2026-02-08T11:00,2026-02-08,11,23.0,23.37,23.79,23.53,22.4,22.04,23.28,23.65,22.33,22.07
2026-02-08T12:00,2026-02-08,12,24.11,24.53,24.8,24.53,23.58,23.26,24.32,24.67,23.3,23.34
2026-02-08T13:00,2026-02-08,13,24.92,25.37,25.62,25.47,24.29,24.12,25.05,25.44,23.93,24.33
2026-02-08T14:00,2026-02-08,14,25.3,25.76,25.98,25.89,24.54,24.42,25.42,25.77,24.3,24.76
2026-02-08T15:00,2026-02-08,15,25.35,25.84,25.78,25.99,24.64,24.43,25.56,25.78,24.37,24.79
2026-02-08T16:00,2026-02-08,16,24.9,25.36,25.1,25.57,24.3,23.93,25.18,25.38,24.01,24.38
2026-02-08T17:00,2026-02-08,17,23.44,24.03,23.24,24.03,22.73,21.98,23.93,23.96,22.74,22.98
2026-02-08T18:00,2026-02-08,18,20.64,21.27,19.91,20.98,19.95,19.46,21.24,20.9,20.04,20.45
2026-02-08T19:00,2026-02-08,19,19.53,19.98,18.72,20.1,18.85,18.78,20.01,19.82,19.16,19.16
2026-02-08T20:00,2026-02-08,20,18.47,18.89,17.53,19.01,17.84,17.79,18.9,18.93,18.28,17.98
2026-02-08T21:00,2026-02-08,21,17.66,18.1,16.67,18.32,17.03,16.8,18.17,18.05,17.35,17.26
2026-02-08T22:00,2026-02-08,22,16.89,17.1,16.35,17.64,16.12,16.1,17.35,17.43,16.59,16.6
2026-02-08T23:00,2026-02-08,23,16.24,16.47,15.82,17.05,15.12,15.61,16.65,16.81,15.9,15.92
2026-02-09T00:00,2026-02-09,0,15.72,15.93,15.27,16.59,14.79,15.11,16.11,16.67,15.26,15.23
2026-02-09T01:00,2026-02-09,1,15.1,15.15,14.84,16.12,14.23,14.78,15.41,15.99,14.61,14.69
2026-02-09T02:00,2026-02-09,2,14.61,14.68,14.38,15.46,13.95,14.28,14.99,15.56,14.01,14.2
2026-02-09T03:00,2026-02-09,3,14.09,14.05,13.94,14.69,13.77,13.93,14.56,15.23,13.35,13.8
2026-02-09T04:00,2026-02-09,4,13.65,13.57,13.66,14.18,13.47,13.25,14.1,14.99,12.97,13.31
2026-02-09T05:00,2026-02-09,5,13.24,13.11,13.14,13.71,13.09,12.83,13.62,14.7,12.67,13.02
2026-02-09T06:00,2026-02-09,6,13.13,12.92,12.83,13.78,12.96,13.0,13.53,14.85,12.34,12.98
2026-02-09T07:00,2026-02-09,7,13.24,12.98,13.33,14.17,13.12,13.4,13.37,14.54,12.31,13.09
2026-02-09T08:00,2026-02-09,8,15.94,16.02,16.06,17.08,15.48,15.17,16.17,17.39,14.91,15.42
2026-02-09T09:00,2026-02-09,9,19.31,19.81,19.52,20.37,18.33,17.68,19.68,20.29,18.35,18.63
2026-02-09T10:00,2026-02-09,10,22.14,22.71,22.53,23.2,21.09,20.52,22.36,22.69,21.2,21.54
2026-02-09T11:00,2026-02-09,11,23.99,24.4,24.65,24.69,23.32,22.83,23.86,24.22,23.26,23.69
2026-02-09T12:00,2026-02-09,12,25.01,25.3,25.9,25.63,24.52,24.3,24.71,24.95,24.34,24.83
2026-02-09T13:00,2026-02-09,13,25.87,26.25,26.66,26.38,25.37,25.34,25.5,25.78,25.14,25.66
2026-02-09T14:00,2026-02-09,14,26.24,26.69,26.9,26.76,25.63,25.78,25.87,26.23,25.45,26.04
2026-02-09T15:00,2026-02-09,15,26.26,26.71,26.59,26.75,25.7,25.83,25.87,26.34,25.54,26.16
2026-02-09T16:00,2026-02-09,16,25.81,26.2,25.68,26.27,25.41,25.31,25.49,25.95,25.19,25.98
2026-02-09T17:00,2026-02-09,17,24.21,24.79,23.35,24.6,23.87,22.91,24.22,24.35,23.69,24.63
2026-02-09T18:00,2026-02-09,18,21.28,21.87,19.85,21.57,20.86,20.05,21.13,21.36,21.06,22.06
2026-02-09T19:00,2026-02-09,19,20.12,20.72,18.67,20.48,19.5,19.28,19.81,19.87,20.21,20.66
2026-02-09T20:00,2026-02-09,20,19.07,19.67,17.93,19.45,18.5,18.47,18.74,18.7,18.92,19.45
2026-02-09T21:00,2026-02-09,21,18.17,18.8,17.51,18.16,17.73,17.68,17.88,17.7,17.82,18.65
2026-02-09T22:00,2026-02-09,22,17.4,17.94,16.81,17.15,16.44,17.23,17.38,16.9,17.1,18.16
2026-02-09T23:00,2026-02-09,23,16.73,17.16,15.37,16.63,15.9,16.79,16.9,16.22,16.43,17.87
2026-02-10T00:00,2026-02-10,0,16.3,16.49,14.65,16.52,15.73,16.14,16.44,15.99,16.13,17.57
2026-02-10T01:00,2026-02-10,1,15.66,15.72,13.91,15.85,15.29,15.39,15.81,15.07,15.75,17.23
2026-02-10T02:00,2026-02-10,2,15.11,15.15,13.53,15.12,14.98,14.88,15.04,14.74,15.25,16.66
2026-02-10T03:00,2026-02-10,3,14.67,14.67,13.22,14.59,14.69,14.64,14.45,14.43,14.84,16.03
2026-02-10T04:00,2026-02-10,4,14.26,14.24,12.86,14.19,14.46,14.33,13.88,14.12,14.45,15.51
2026-02-10T05:00,2026-02-10,5,13.82,13.86,12.48,13.79,14.1,13.64,13.42,13.82,14.02,14.96
2026-02-10T06:00,2026-02-10,6,13.74,14.12,12.28,13.58,14.0,13.06,13.49,13.88,13.62,14.71
2026-02-10T07:00,2026-02-10,7,13.76,14.2,12.69,13.86,14.05,13.11,13.39,13.66,13.47,14.38
2026-02-10T08:00,2026-02-10,8,16.39,16.97,16.04,16.87,16.71,15.13,15.84,16.88,15.79,16.26
2026-02-10T09:00,2026-02-10,9,19.56,20.3,19.95,20.19,19.28,18.31,18.96,20.15,18.74,18.85
2026-02-10T10:00,2026-02-10,10,22.34,23.12,23.12,22.97,21.63,21.05,21.96,22.99,21.48,21.43
2026-02-10T11:00,2026-02-10,11,24.4,25.15,25.18,24.92,23.5,23.1,24.07,24.77,23.72,23.61
2026-02-10T12:00,2026-02-10,12,25.42,26.04,25.93,25.91,24.53,24.17,25.04,25.48,24.93,25.25
2026-02-10T13:00,2026-02-10,13,26.28,26.91,26.54,26.7,25.56,25.07,25.91,26.41,25.74,26.24
2026-02-10T14:00,2026-02-10,14,26.69,27.35,26.77,27.19,25.9,25.35,26.45,26.85,26.1,26.64
2026-02-10T15:00,2026-02-10,15,26.71,27.35,26.53,27.25,26.03,25.29,26.64,26.92,26.13,26.69
2026-02-10T16:00,2026-02-10,16,26.3,26.92,25.86,26.8,25.78,24.73,26.34,26.53,25.79,26.34
2026-02-10T17:00,2026-02-10,17,24.8,25.61,23.82,25.37,24.32,22.8,24.85,25.07,24.43,24.78
2026-02-10T18:00,2026-02-10,18,22.14,23.08,20.57,22.7,21.87,20.49,21.72,22.14,21.84,22.34
2026-02-10T19:00,2026-02-10,19,20.88,21.61,19.43,21.58,21.13,19.44,20.38,20.89,20.44,21.17
2026-02-10T20:00,2026-02-10,20,19.89,20.55,18.17,20.61,20.1,18.56,19.33,20.08,19.59,20.26
2026-02-10T21:00,2026-02-10,21,19.1,19.67,17.74,19.72,19.01,18.03,18.5,19.04,18.83,19.68
2026-02-10T22:00,2026-02-10,22,18.24,18.74,16.74,18.54,18.33,17.76,17.82,17.87,17.98,19.03
2026-02-10T23:00,2026-02-10,23,17.51,17.96,15.83,17.64,17.88,17.46,17.28,17.09,17.05,18.35
2026-02-11T00:00,2026-02-11,0,17.19,17.64,15.5,17.15,17.56,17.27,16.97,16.65,16.79,18.08
2026-02-11T01:00,2026-02-11,1,16.58,16.92,15.39,16.56,16.97,16.7,16.23,15.59,16.26,17.53
2026-02-11T02:00,2026-02-11,2,16.07,16.36,15.01,16.13,16.45,16.18,15.69,15.2,15.7,17.02
2026-02-11T03:00,2026-02-11,3,15.62,15.84,14.53,15.78,16.17,15.52,15.24,14.99,15.37,16.46
2026-02-11T04:00,2026-02-11,4,15.21,15.55,13.85,15.36,15.94,14.97,14.87,14.73,14.9,15.83
2026-02-11T05:00,2026-02-11,5,14.81,15.16,13.28,15.05,15.49,14.5,14.55,14.6,14.49,15.32
2026-02-11T06:00,2026-02-11,6,14.59,15.15,13.04,14.85,15.26,13.99,14.41,14.96,13.9,14.78
2026-02-11T07:00,2026-02-11,7,14.77,15.32,13.69,15.21,15.33,14.42,14.47,15.23,13.88,14.69
2026-02-11T08:00,2026-02-11,8,17.25,17.95,16.65,18.13,17.46,16.6,16.92,18.03,16.08,16.54
2026-02-11T09:00,2026-02-11,9,20.34,21.16,20.47,21.39,19.96,19.55,20.04,21.12,19.01,19.16
2026-02-11T10:00,2026-02-11,10,23.23,24.19,23.96,24.11,22.45,22.07,23.06,23.96,21.92,21.84
2026-02-11T11:00,2026-02-11,11,25.27,26.19,26.04,25.91,24.43,23.97,25.2,25.89,24.16,24.07
2026-02-11T12:00,2026-02-11,12,26.47,27.35,27.22,27.13,25.67,25.08,26.36,26.75,25.41,25.56
2026-02-11T13:00,2026-02-11,13,27.32,28.2,27.93,27.88,26.48,26.16,27.25,27.5,26.24,26.54
2026-02-11T14:00,2026-02-11,14,27.69,28.59,28.18,28.25,26.81,26.59,27.72,27.86,26.56,26.92
2026-02-11T15:00,2026-02-11,15,27.71,28.57,28.13,28.32,26.83,26.58,27.82,27.88,26.6,26.97
2026-02-11T16:00,2026-02-11,16,27.29,28.17,27.45,27.88,26.47,26.1,27.43,27.54,26.19,26.57
2026-02-11T17:00,2026-02-11,17,25.68,26.73,25.49,26.44,24.81,24.1,25.73,26.31,24.47,24.94
2026-02-11T18:00,2026-02-11,18,22.74,23.92,22.05,23.73,22.02,21.4,22.45,23.22,21.38,22.18
2026-02-11T19:00,2026-02-11,19,21.44,22.35,20.78,22.58,21.08,20.37,20.97,21.83,20.29,20.95
2026-02-11T20:00,2026-02-11,20,20.26,21.1,19.39,21.47,20.04,19.36,19.84,20.55,18.98,19.96
2026-02-11T21:00,2026-02-11,21,19.29,20.02,18.7,20.43,19.0,18.74,18.93,19.76,17.9,18.91
2026-02-11T22:00,2026-02-11,22,18.53,19.22,17.91,19.82,18.3,18.44,18.12,18.71,17.02,18.07
2026-02-11T23:00,2026-02-11,23,17.75,18.32,17.36,19.08,17.77,17.99,17.44,17.68,16.01,17.28
2026-02-12T00:00,2026-02-12,0,17.18,17.56,16.89,18.62,17.26,17.59,16.95,17.17,15.52,16.65
2026-02-12T01:00,2026-02-12,1,16.52,16.64,16.53,18.08,16.58,17.42,16.26,16.26,14.92,16.14
2026-02-12T02:00,2026-02-12,2,15.91,15.89,16.07,17.51,15.86,16.97,15.61,15.82,14.3,15.63
2026-02-12T03:00,2026-02-12,3,15.39,15.3,15.6,16.89,15.46,16.28,15.11,15.41,13.88,15.2
2026-02-12T04:00,2026-02-12,4,14.94,14.83,15.16,16.28,15.14,15.66,14.58,15.19,13.47,14.87
2026-02-12T05:00,2026-02-12,5,14.54,14.42,15.0,15.68,14.72,15.16,14.28,14.95,13.12,14.43
2026-02-12T06:00,2026-02-12,6,14.35,14.25,15.17,15.11,14.47,14.65,14.27,14.98,13.01,14.09
2026-02-12T07:00,2026-02-12,7,14.42,14.21,15.66,15.06,14.55,14.7,14.44,14.91,13.09,14.22
2026-02-12T08:00,2026-02-12,8,17.04,17.1,18.32,18.01,16.99,16.77,17.1,18.11,15.56,16.13
2026-02-12T09:00,2026-02-12,9,20.42,20.89,21.79,21.56,19.74,19.95,20.4,21.46,18.89,18.92
2026-02-12T10:00,2026-02-12,10,23.33,24.01,24.96,24.38,22.23,22.46,23.33,24.4,21.84,21.58
2026-02-12T11:00,2026-02-12,11,25.31,26.0,26.85,26.16,24.26,24.28,25.33,26.33,23.9,23.84
2026-02-12T12:00,2026-02-12,12,26.34,27.0,27.71,27.24,25.38,25.29,26.33,27.29,24.79,25.19
2026-02-12T13:00,2026-02-12,13,27.04,27.68,28.21,27.88,26.03,26.15,27.08,28.08,25.42,26.08
2026-02-12T14:00,2026-02-12,14,27.31,27.94,28.4,28.13,26.34,26.25,27.4,28.36,25.73,26.44
2026-02-12T15:00,2026-02-12,15,27.22,27.8,28.21,28.07,26.37,26.05,27.29,28.23,25.76,26.48
2026-02-12T16:00,2026-02-12,16,26.71,27.21,27.52,27.55,25.87,25.63,26.81,27.6,25.39,26.1
2026-02-12T17:00,2026-02-12,17,25.02,25.62,25.15,25.97,23.84,23.92,25.25,25.9,23.84,24.5
2026-02-12T18:00,2026-02-12,18,22.16,22.91,21.82,23.26,21.19,21.6,22.07,22.8,20.96,21.52
2026-02-12T19:00,2026-02-12,19,20.96,21.52,20.95,21.78,20.35,20.83,20.81,21.55,19.75,20.37
2026-02-12T20:00,2026-02-12,20,19.85,20.36,20.01,20.52,19.38,19.51,19.85,20.44,18.66,19.31
2026-02-12T21:00,2026-02-12,21,18.89,19.38,18.86,19.76,18.14,18.63,18.94,19.46,17.57,18.61
2026-02-12T22:00,2026-02-12,22,18.05,18.26,17.63,18.98,17.15,17.88,18.16,18.77,17.11,18.2
2026-02-12T23:00,2026-02-12,23,17.37,17.5,16.84,18.21,16.68,17.31,17.41,18.17,16.56,17.56
2026-02-13T00:00,2026-02-13,0,16.75,16.77,16.1,17.51,16.12,17.23,16.69,17.41,16.13,16.97
2026-02-13T01:00,2026-02-13,1,16.15,16.03,16.12,16.81,15.85,16.81,15.87,16.37,15.48,16.44
2026-02-13T02:00,2026-02-13,2,15.63,15.49,15.68,16.13,15.59,16.38,15.4,15.83,14.95,15.84
2026-02-13T03:00,2026-02-13,3,15.11,15.05,15.11,15.66,15.24,15.71,14.95,15.39,14.3,15.17
2026-02-13T04:00,2026-02-13,4,14.63,14.59,14.47,15.04,14.84,15.23,14.42,14.9,13.87,14.79
2026-02-13T05:00,2026-02-13,5,14.15,14.11,13.82,14.46,14.38,14.63,13.92,14.56,13.54,14.41
2026-02-13T06:00,2026-02-13,6,14.07,14.12,13.47,14.42,14.08,14.52,13.94,14.65,13.47,14.28
2026-02-13T07:00,2026-02-13,7,14.2,14.08,13.97,14.52,14.45,14.84,13.97,14.51,13.62,14.47
2026-02-13T08:00,2026-02-13,8,16.92,16.91,16.97,17.57,17.01,16.92,16.89,17.57,16.32,16.46
2026-02-13T09:00,2026-02-13,9,20.04,20.17,20.65,20.89,19.7,19.57,20.04,20.84,19.45,19.09
2026-02-13T10:00,2026-02-13,10,22.91,23.33,23.98,23.57,22.15,21.97,22.89,23.56,22.29,21.73
2026-02-13T11:00,2026-02-13,11,25.04,25.66,26.03,25.59,24.08,23.95,24.93,25.18,24.54,24.05
2026-02-13T12:00,2026-02-13,12,26.25,26.89,27.06,26.75,25.36,25.16,25.94,26.06,25.78,25.67
2026-02-13T13:00,2026-02-13,13,27.17,27.96,27.62,27.54,26.31,26.32,26.86,26.97,26.47,26.73
2026-02-13T14:00,2026-02-13,14,27.61,28.41,27.89,28.0,26.79,26.87,27.36,27.39,26.86,27.18
2026-02-13T15:00,2026-02-13,15,27.61,28.37,27.71,28.09,26.92,26.87,27.41,27.41,26.85,27.25
2026-02-13T16:00,2026-02-13,16,27.14,27.89,27.02,27.66,26.51,26.27,27.03,27.01,26.36,26.84
2026-02-13T17:00,2026-02-13,17,25.46,26.52,24.59,25.91,24.78,24.19,25.57,25.34,24.66,25.09
2026-02-13T18:00,2026-02-13,18,22.46,23.51,21.16,23.02,21.8,21.61,22.39,22.32,21.61,22.33
2026-02-13T19:00,2026-02-13,19,21.14,21.86,20.0,21.73,20.59,20.73,21.0,21.24,20.36,21.18
2026-02-13T20:00,2026-02-13,20,20.07,20.67,19.07,20.56,19.71,19.86,20.06,20.25,19.27,20.06
2026-02-13T21:00,2026-02-13,21,19.23,19.72,18.25,19.69,19.12,19.15,19.17,19.4,18.49,19.23
2026-02-13T22:00,2026-02-13,22,18.52,18.89,17.37,19.05,18.53,18.42,18.44,18.79,17.91,18.61
2026-02-13T23:00,2026-02-13,23,17.88,18.13,16.81,18.49,17.83,17.84,17.76,17.96,17.52,18.01
2026-02-14T00:00,2026-02-14,0,17.55,17.91,15.93,18.04,17.69,17.84,17.24,17.97,17.21,17.62
2026-02-14T01:00,2026-02-14,1,16.95,17.26,15.55,17.32,17.24,17.52,16.62,17.02,16.6,17.03
2026-02-14T02:00,2026-02-14,2,16.47,16.85,15.23,16.77,16.79,17.13,16.2,16.3,15.91,16.53
2026-02-14T03:00,2026-02-14,3,16.01,16.43,14.84,16.31,16.37,16.51,15.97,15.81,15.19,16.03
2026-02-14T04:00,2026-02-14,4,15.55,16.1,14.23,15.84,16.02,15.89,15.52,15.51,14.53,15.53
2026-02-14T05:00,2026-02-14,5,15.09,15.72,13.91,15.46,15.6,15.32,14.94,15.24,13.85,14.98
2026-02-14T06:00,2026-02-14,6,14.92,15.47,13.77,15.25,15.42,15.11,14.81,15.51,13.77,14.72
2026-02-14T07:00,2026-02-14,7,14.93,15.27,14.59,15.58,15.3,15.55,14.71,15.49,13.55,14.53
2026-02-14T08:00,2026-02-14,8,17.4,17.81,17.69,18.42,17.45,17.1,17.16,18.21,16.09,16.47
2026-02-14T09:00,2026-02-14,9,20.29,20.8,21.28,21.31,20.1,19.49,20.09,21.16,19.03,18.89
2026-02-14T10:00,2026-02-14,10,22.96,23.66,24.15,24.04,22.54,21.96,22.93,23.94,21.5,21.2
2026-02-14T11:00,2026-02-14,11,25.01,25.89,26.07,26.08,24.46,24.05,24.79,25.96,23.41,23.31
2026-02-14T12:00,2026-02-14,12,26.25,27.11,27.1,27.2,25.64,25.47,25.88,27.09,24.68,24.96
2026-02-14T13:00,2026-02-14,13,27.07,27.88,27.61,27.99,26.53,26.52,26.66,27.89,25.47,26.15
2026-02-14T14:00,2026-02-14,14,27.36,28.06,27.67,28.37,26.83,26.78,26.98,28.24,25.83,26.65
2026-02-14T15:00,2026-02-14,15,27.31,27.95,27.49,28.33,26.79,26.67,26.99,28.25,25.86,26.66
2026-02-14T16:00,2026-02-14,16,26.81,27.36,26.97,27.82,26.28,26.21,26.52,27.71,25.43,26.28
2026-02-14T17:00,2026-02-14,17,25.13,25.74,24.75,26.05,24.44,24.44,25.11,25.92,23.96,24.8
2026-02-14T18:00,2026-02-14,18,22.19,22.79,21.58,23.22,21.65,22.21,21.68,22.59,20.99,22.03
2026-02-14T19:00,2026-02-14,19,20.97,21.45,20.29,22.16,20.74,21.2,20.46,21.1,19.71,20.92
2026-02-14T20:00,2026-02-14,20,19.91,20.28,19.13,21.16,19.64,20.26,19.7,19.98,18.47,20.0
2026-02-14T21:00,2026-02-14,21,18.89,18.97,18.55,20.12,18.51,19.39,18.75,18.89,17.59,19.17
2026-02-14T22:00,2026-02-14,22,18.01,17.94,17.72,18.85,17.76,18.88,17.98,17.9,16.96,18.4
2026-02-14T23:00,2026-02-14,23,17.18,17.05,16.7,17.87,17.04,18.28,17.29,17.11,16.12,17.66
2026-02-15T00:00,2026-02-15,0,16.74,16.57,16.4,17.25,16.66,17.81,17.01,16.75,15.61,17.3
2026-02-15T01:00,2026-02-15,1,16.05,15.78,16.1,16.39,16.01,17.04,16.26,15.75,15.16,16.72
2026-02-15T02:00,2026-02-15,2,15.48,15.26,15.86,15.61,15.36,16.57,15.51,15.39,14.51,16.15
2026-02-15T03:00,2026-02-15,3,14.99,14.85,15.25,14.99,14.81,16.18,15.17,15.09,13.89,15.55
2026-02-15T04:00,2026-02-15,4,14.56,14.48,14.66,14.55,14.52,15.66,14.82,14.79,13.34,15.07
2026-02-15T05:00,2026-02-15,5,14.16,14.1,14.16,14.16,14.12,15.41,14.52,14.48,12.8,14.59
2026-02-15T06:00,2026-02-15,6,13.95,13.96,13.6,13.89,14.31,14.68,14.32,14.37,12.85,14.26
2026-02-15T07:00,2026-02-15,7,14.07,13.97,14.14,14.21,14.26,14.9,14.45,14.27,12.92,14.33
2026-02-15T08:00,2026-02-15,8,16.83,16.98,17.35,17.34,16.89,16.93,16.84,17.59,15.64,16.37
2026-02-15T09:00,2026-02-15,9,20.33,20.82,20.96,21.06,20.0,19.86,20.64,21.14,19.11,18.93
2026-02-15T10:00,2026-02-15,10,23.11,23.79,23.82,23.96,22.52,22.53,23.5,23.9,21.8,21.31
2026-02-15T11:00,2026-02-15,11,25.02,25.69,25.8,25.87,24.34,24.53,25.28,25.65,23.73,23.42
2026-02-15T12:00,2026-02-15,12,25.99,26.71,26.66,26.83,25.08,25.5,26.09,26.56,24.68,24.78
2026-02-15T13:00,2026-02-15,13,26.81,27.47,27.28,27.6,25.88,26.36,26.91,27.6,25.47,25.88
2026-02-15T14:00,2026-02-15,14,27.15,27.81,27.33,27.95,26.18,26.61,27.32,28.0,25.85,26.31
2026-02-15T15:00,2026-02-15,15,27.11,27.77,26.98,27.9,26.16,26.5,27.44,27.97,25.88,26.34
2026-02-15T16:00,2026-02-15,16,26.63,27.24,26.19,27.47,25.72,25.85,27.08,27.55,25.53,26.0
2026-02-15T17:00,2026-02-15,17,25.07,25.74,24.1,25.91,24.11,24.01,25.59,25.98,24.18,24.58
2026-02-15T18:00,2026-02-15,18,22.2,22.84,21.29,23.05,21.25,21.6,22.18,22.83,21.49,21.88
2026-02-15T19:00,2026-02-15,19,20.92,21.39,20.1,21.85,20.05,20.65,20.71,21.41,20.32,20.79
2026-02-15T20:00,2026-02-15,20,19.66,20.08,18.75,20.12,19.09,19.53,19.66,20.16,19.14,19.62
2026-02-15T21:00,2026-02-15,21,18.72,19.09,18.21,19.25,18.08,18.74,18.59,19.01,18.06,18.76
2026-02-15T22:00,2026-02-15,22,17.92,18.24,17.08,18.74,17.34,17.98,17.83,17.95,17.36,17.96
2026-02-15T23:00,2026-02-15,23,17.24,17.35,16.29,18.34,16.81,17.46,17.16,17.33,16.57,17.46
2026-02-16T00:00,2026-02-16,0,17.0,17.0,15.81,18.02,16.68,17.33,16.98,17.28,16.61,17.17
2026-02-16T01:00,2026-02-16,1,16.42,16.27,15.58,17.36,16.16,17.13,16.48,16.36,16.02,16.59
2026-02-16T02:00,2026-02-16,2,15.91,15.78,15.16,16.81,15.66,16.82,15.97,15.73,15.47,15.99
2026-02-16T03:00,2026-02-16,3,15.41,15.25,14.78,16.1,15.37,16.48,15.42,15.19,14.96,15.5
2026-02-16T04:00,2026-02-16,4,14.98,14.92,14.34,15.49,14.99,15.7,15.08,14.99,14.46,15.14
2026-02-16T05:00,2026-02-16,5,14.65,14.63,13.88,15.13,14.57,15.4,14.82,14.85,14.05,14.76
2026-02-16T06:00,2026-02-16,6,14.36,14.59,13.2,14.63,14.37,14.6,14.5,14.94,13.66,14.62
2026-02-16T07:00,2026-02-16,7,14.6,14.74,14.12,14.98,14.63,14.82,14.66,14.89,13.78,14.74
2026-02-16T08:00,2026-02-16,8,17.4,17.61,17.3,18.12,17.07,17.34,17.63,18.16,16.53,16.79
2026-02-16T09:00,2026-02-16,9,20.69,21.09,21.0,21.57,20.05,20.21,20.99,21.55,19.75,19.53
2026-02-16T10:00,2026-02-16,10,23.46,24.08,24.11,24.34,22.55,22.57,23.67,24.33,22.42,22.08
2026-02-16T11:00,2026-02-16,11,25.38,26.09,26.18,26.08,24.49,24.51,25.34,26.05,24.35,24.21
2026-02-16T12:00,2026-02-16,12,26.42,27.07,27.25,27.09,25.58,25.82,26.17,26.91,25.35,25.54
2026-02-16T13:00,2026-02-16,13,27.29,27.99,27.98,27.89,26.51,26.71,26.96,27.79,26.15,26.58
2026-02-16T14:00,2026-02-16,14,27.68,28.45,28.28,28.24,26.83,27.12,27.35,28.17,26.51,27.03
2026-02-16T15:00,2026-02-16,15,27.72,28.53,28.22,28.22,26.93,27.03,27.36,28.05,26.6,27.16
2026-02-16T16:00,2026-02-16,16,27.27,28.13,27.49,27.63,26.65,26.41,27.01,27.53,26.24,26.86
2026-02-16T17:00,2026-02-16,17,25.73,26.78,25.29,26.01,25.08,24.07,25.73,25.89,24.91,25.49
2026-02-16T18:00,2026-02-16,18,22.81,23.78,21.99,23.08,22.08,21.62,22.62,22.85,22.14,22.89
2026-02-16T19:00,2026-02-16,19,21.45,22.18,20.55,21.74,20.78,20.5,21.19,21.58,21.04,21.69
2026-02-16T20:00,2026-02-16,20,20.32,21.04,19.39,20.6,19.51,19.45,20.08,20.49,19.98,20.57
2026-02-16T21:00,2026-02-16,21,19.44,20.08,19.0,19.85,18.74,18.73,19.13,19.62,18.8,19.6
2026-02-16T22:00,2026-02-16,22,18.69,19.29,18.43,18.99,18.35,18.17,18.38,18.85,17.9,18.72
2026-02-16T23:00,2026-02-16,23,18.03,18.5,18.15,18.15,18.21,17.88,17.57,18.15,17.24,17.89
2026-02-17T00:00,2026-02-17,0,17.59,18.07,17.58,17.64,17.76,17.3,17.19,17.89,17.02,17.32
2026-02-17T01:00,2026-02-17,1,17.07,17.45,16.98,16.94,17.1,16.96,16.67,17.1,16.85,16.97
2026-02-17T02:00,2026-02-17,2,16.6,16.82,16.28,16.42,16.46,16.38,16.36,16.78,16.79,16.63
2026-02-17T03:00,2026-02-17,3,16.18,16.35,15.49,15.99,15.9,15.79,16.17,16.52,16.68,16.2
2026-02-17T04:00,2026-02-17,4,15.84,16.05,14.99,15.6,15.61,15.15,16.01,16.25,16.45,15.78
2026-02-17T05:00,2026-02-17,5,15.55,15.88,14.45,15.27,15.4,14.68,15.8,16.03,16.19,15.29
2026-02-17T06:00,2026-02-17,6,15.29,15.76,13.85,15.16,15.07,14.45,15.74,15.91,15.59,14.94
2026-02-17T07:00,2026-02-17,7,15.48,15.97,14.48,15.51,15.26,14.85,15.75,15.81,15.53,15.09
2026-02-17T08:00,2026-02-17,8,18.03,18.61,17.46,18.35,17.79,16.92,18.2,18.62,17.69,17.47
2026-02-17T09:00,2026-02-17,9,21.13,21.71,21.05,21.58,20.94,19.97,21.0,21.7,20.56,20.58
2026-02-17T10:00,2026-02-17,10,24.1,24.69,24.21,24.64,23.84,23.0,23.78,24.5,23.51,23.52
2026-02-17T11:00,2026-02-17,11,26.39,27.12,26.54,26.88,26.08,25.35,26.01,26.46,25.73,25.8
2026-02-17T12:00,2026-02-17,12,27.79,28.57,28.1,28.39,27.47,26.96,27.43,27.62,27.03,26.98
2026-02-17T13:00,2026-02-17,13,28.8,29.65,29.13,29.38,28.55,28.18,28.31,28.51,27.91,27.95
2026-02-17T14:00,2026-02-17,14,29.29,30.18,29.58,29.89,29.0,28.76,28.74,28.9,28.43,28.42
2026-02-17T15:00,2026-02-17,15,29.33,30.28,29.4,29.92,29.03,28.74,28.8,28.96,28.46,28.53
2026-02-17T16:00,2026-02-17,16,28.9,29.92,28.58,29.49,28.67,28.02,28.46,28.56,28.07,28.18
2026-02-17T17:00,2026-02-17,17,27.19,28.47,26.06,27.77,26.67,25.57,27.11,27.06,26.47,26.54
2026-02-17T18:00,2026-02-17,18,24.0,25.16,22.23,24.55,23.47,22.73,23.99,24.11,23.48,23.59
2026-02-17T19:00,2026-02-17,19,22.36,23.41,20.46,22.67,21.97,21.72,22.34,22.71,21.82,22.02
2026-02-17T20:00,2026-02-17,20,21.13,22.04,19.38,21.44,20.54,20.8,21.19,21.26,20.7,20.9
2026-02-17T21:00,2026-02-17,21,20.19,21.02,18.75,20.51,19.51,20.06,20.29,20.35,19.68,19.83
2026-02-17T22:00,2026-02-17,22,19.32,19.95,18.39,19.49,18.86,19.45,19.44,19.22,18.74,19.07
2026-02-17T23:00,2026-02-17,23,18.55,19.0,17.93,18.63,18.21,18.97,18.64,18.5,18.05,18.33
2026-02-18T00:00,2026-02-18,0,18.14,18.63,16.85,18.14,18.05,18.69,18.21,18.36,18.04,17.58
2026-02-18T01:00,2026-02-18,1,17.4,17.66,16.21,17.27,17.53,18.21,17.44,17.41,17.41,17.15
2026-02-18T02:00,2026-02-18,2,16.8,17.01,15.64,16.67,17.11,17.3,17.04,16.82,16.77,16.57
2026-02-18T03:00,2026-02-18,3,16.28,16.48,15.45,16.27,16.5,16.19,16.59,16.44,16.23,15.98
2026-02-18T04:00,2026-02-18,4,15.81,16.05,15.08,15.67,16.04,15.53,16.23,16.14,15.79,15.37
2026-02-18T05:00,2026-02-18,5,15.41,15.66,14.6,15.33,15.59,15.14,15.94,15.79,15.39,14.88
2026-02-18T06:00,2026-02-18,6,15.59,15.96,14.36,15.12,15.71,15.02,16.58,16.47,15.69,14.86
2026-02-18T07:00,2026-02-18,7,15.71,16.09,14.73,15.43,15.89,15.45,16.55,16.35,15.54,14.86
2026-02-18T08:00,2026-02-18,8,18.48,19.0,18.33,18.94,18.2,18.09,18.86,19.24,17.88,17.16
2026-02-18T09:00,2026-02-18,9,21.8,22.5,22.46,22.89,20.95,21.37,21.69,22.4,20.68,20.27
2026-02-18T10:00,2026-02-18,10,24.87,25.75,25.9,26.09,23.63,24.24,24.66,25.43,23.49,23.23
2026-02-18T11:00,2026-02-18,11,27.23,28.08,28.34,28.38,26.0,26.57,27.08,27.74,25.89,25.61
2026-02-18T12:00,2026-02-18,12,28.71,29.35,29.99,29.9,27.69,28.3,28.28,29.02,27.61,27.27
2026-02-18T13:00,2026-02-18,13,29.74,30.49,31.03,30.93,28.89,29.47,28.95,29.82,28.45,28.43
2026-02-18T14:00,2026-02-18,14,30.12,30.9,31.21,31.38,29.29,30.06,29.25,30.11,28.78,28.93
2026-02-18T15:00,2026-02-18,15,30.11,30.93,30.9,31.38,29.28,30.1,29.27,30.02,28.77,29.04
2026-02-18T16:00,2026-02-18,16,29.59,30.42,29.67,30.73,28.96,29.15,29.01,29.67,28.41,28.77
2026-02-18T17:00,2026-02-18,17,27.72,28.62,26.73,28.58,27.26,26.54,27.77,27.98,26.79,27.25
2026-02-18T18:00,2026-02-18,18,24.61,25.52,23.21,25.34,23.96,23.86,24.77,24.74,23.83,24.18
2026-02-18T19:00,2026-02-18,19,23.08,23.96,21.63,23.61,22.42,22.97,23.12,22.98,22.48,22.63
2026-02-18T20:00,2026-02-18,20,21.82,22.56,20.56,22.12,21.15,22.26,21.76,21.84,21.41,21.35
2026-02-18T21:00,2026-02-18,21,20.84,21.53,19.61,20.99,20.08,21.43,20.87,20.75,20.54,20.42
2026-02-18T22:00,2026-02-18,22,19.99,20.64,19.09,19.97,19.36,20.71,19.97,19.37,19.8,19.61
2026-02-18T23:00,2026-02-18,23,19.22,19.64,18.58,19.43,18.36,20.32,19.2,18.74,19.01,18.89
2026-02-19T00:00,2026-02-19,0,18.54,18.9,17.48,18.98,17.87,19.77,18.61,18.16,18.12,18.24
2026-02-19T01:00,2026-02-19,1,17.72,18.24,16.19,17.83,17.46,18.83,17.84,17.06,17.34,17.66
2026-02-19T02:00,2026-02-19,2,17.08,17.77,15.42,17.04,16.88,17.84,17.29,16.43,16.69,16.96
2026-02-19T03:00,2026-02-19,3,16.56,17.2,15.19,16.37,16.22,17.14,16.93,16.07,16.27,16.29
2026-02-19T04:00,2026-02-19,4,16.08,16.72,14.72,15.75,15.84,16.73,16.54,15.78,15.87,15.64
2026-02-19T05:00,2026-02-19,5,15.68,16.27,14.19,15.44,15.67,16.24,16.18,15.86,15.35,15.04
2026-02-19T06:00,2026-02-19,6,15.75,16.29,14.28,15.56,15.49,16.19,16.11,16.31,15.53,15.22
2026-02-19T07:00,2026-02-19,7,16.07,16.61,14.76,15.77,15.89,16.49,16.48,16.58,15.89,15.49
2026-02-19T08:00,2026-02-19,8,19.06,19.84,17.9,18.92,18.88,18.85,19.44,20.05,18.63,18.0
2026-02-19T09:00,2026-02-19,9,22.75,23.93,22.37,23.06,22.25,22.06,22.72,23.47,21.9,21.18
2026-02-19T10:00,2026-02-19,10,25.88,27.25,25.89,26.35,24.96,24.97,25.6,26.32,24.97,24.2
2026-02-19T11:00,2026-02-19,11,28.06,29.38,28.24,28.64,27.06,27.24,27.66,28.24,27.17,26.47
2026-02-19T12:00,2026-02-19,12,29.17,30.31,29.62,29.91,28.4,28.71,28.29,29.2,28.19,27.93
2026-02-19T13:00,2026-02-19,13,29.98,31.03,30.4,30.97,29.3,30.06,28.85,29.57,28.84,28.97
2026-02-19T14:00,2026-02-19,14,30.18,31.35,30.29,30.82,29.69,30.52,29.05,29.32,29.05,29.39
2026-02-19T15:00,2026-02-19,15,30.1,31.28,29.86,30.64,29.6,30.55,29.12,29.28,29.0,29.4
2026-02-19T16:00,2026-02-19,16,29.51,30.71,28.93,29.55,29.17,29.91,28.9,28.8,28.48,29.06
2026-02-19T17:00,2026-02-19,17,27.71,29.0,26.28,27.72,27.42,26.96,27.74,27.26,26.83,27.46
2026-02-19T18:00,2026-02-19,18,25.15,26.42,23.46,25.39,24.75,24.19,25.37,24.53,24.41,24.85
2026-02-19T19:00,2026-02-19,19,23.84,24.96,22.67,23.68,23.69,22.95,23.97,23.93,23.27,23.27
2026-02-19T20:00,2026-02-19,20,22.62,23.45,21.98,22.01,23.06,22.24,22.78,22.73,22.04,22.04
2026-02-19T21:00,2026-02-19,21,21.77,22.77,21.51,21.3,21.79,21.67,21.73,21.9,20.96,20.91
2026-02-19T22:00,2026-02-19,22,21.19,22.08,20.82,21.09,20.81,21.75,21.28,21.18,20.23,20.22
2026-02-19T23:00,2026-02-19,23,20.57,21.03,19.92,20.77,20.14,21.76,21.28,20.6,19.86,19.35
2026-02-20T00:00,2026-02-20,0,20.13,20.68,19.58,19.8,20.42,20.84,20.63,20.44,19.59,18.85
2026-02-20T01:00,2026-02-20,1,19.3,19.65,18.45,18.51,20.04,19.91,19.98,18.95,19.27,18.56
2026-02-20T02:00,2026-02-20,2,18.97,19.68,17.8,18.14,19.7,19.69,19.27,18.53,18.91,18.08
2026-02-20T03:00,2026-02-20,3,18.52,18.98,17.48,17.68,19.41,19.33,18.88,18.51,18.55,17.61
2026-02-20T04:00,2026-02-20,4,18.18,18.7,17.24,17.2,19.43,18.59,18.19,18.1,18.54,17.17
2026-02-20T05:00,2026-02-20,5,17.71,18.14,16.62,16.98,18.83,18.21,17.79,17.83,17.96,16.77
2026-02-20T06:00,2026-02-20,6,17.34,17.53,17.0,16.47,18.52,17.73,17.37,17.73,17.71,16.31
2026-02-20T07:00,2026-02-20,7,17.52,17.67,17.54,16.95,18.4,17.68,17.67,17.67,17.73,16.54
2026-02-20T08:00,2026-02-20,8,19.93,20.63,20.28,19.48,20.36,19.61,20.1,20.27,19.24,18.74
2026-02-20T09:00,2026-02-20,9,22.96,24.01,23.41,23.21,22.25,22.32,23.12,23.51,21.53,21.74
2026-02-20T10:00,2026-02-20,10,25.54,26.8,26.2,25.79,23.85,24.7,25.96,26.33,23.75,24.51
2026-02-20T11:00,2026-02-20,11,27.56,28.96,28.43,27.76,25.54,26.31,27.96,28.2,25.71,26.68
2026-02-20T12:00,2026-02-20,12,28.7,29.84,30.05,28.93,26.67,27.55,28.81,28.85,27.32,28.04
2026-02-20T13:00,2026-02-20,13,29.64,30.61,30.76,29.98,28.03,28.56,29.71,29.55,28.35,29.17
2026-02-20T14:00,2026-02-20,14,29.96,30.91,30.73,30.2,28.75,29.21,30.09,29.83,28.55,29.59
2026-02-20T15:00,2026-02-20,15,29.83,30.77,30.24,30.07,28.52,29.22,29.98,29.83,28.48,29.57
2026-02-20T16:00,2026-02-20,16,29.27,30.24,29.05,29.64,27.97,28.36,29.52,29.4,28.15,29.05
2026-02-20T17:00,2026-02-20,17,27.65,28.93,26.69,27.97,26.41,26.1,28.16,27.78,26.62,27.3
2026-02-20T18:00,2026-02-20,18,24.99,26.32,23.87,25.51,23.48,23.94,25.01,24.96,24.08,24.68
2026-02-20T19:00,2026-02-20,19,23.6,24.92,22.37,23.85,22.38,22.75,23.52,23.58,22.71,23.45
2026-02-20T20:00,2026-02-20,20,22.5,23.77,21.14,22.65,21.47,21.79,22.54,22.78,21.48,22.33
2026-02-20T21:00,2026-02-20,21,21.63,22.71,20.4,21.93,20.7,21.26,21.77,21.61,20.46,21.69
2026-02-20T22:00,2026-02-20,22,20.95,21.74,19.92,21.7,20.04,20.71,21.02,20.68,19.7,21.28
2026-02-20T23:00,2026-02-20,23,20.32,20.98,19.7,21.21,19.45,19.93,20.44,19.83,19.02,20.62
2026-02-21T00:00,2026-02-21,0,19.89,20.34,19.22,20.95,18.98,19.08,20.05,19.53,18.77,20.56
2026-02-21T01:00,2026-02-21,1,19.3,19.79,18.12,20.1,18.61,18.63,19.52,18.86,18.29,20.18
2026-02-21T02:00,2026-02-21,2,18.87,19.36,17.28,19.91,18.16,18.36,18.98,18.41,18.03,19.63
2026-02-21T03:00,2026-02-21,3,18.39,18.69,16.8,18.91,18.16,18.12,18.52,17.96,17.65,19.64
2026-02-21T04:00,2026-02-21,4,18.08,18.15,16.4,18.36,18.28,17.62,18.09,17.63,17.76,19.73
2026-02-21T05:00,2026-02-21,5,17.71,17.68,16.16,17.73,17.86,17.2,17.61,17.37,17.72,19.47
2026-02-21T06:00,2026-02-21,6,17.28,17.29,15.92,17.35,17.37,16.31,17.25,17.58,17.32,18.67
2026-02-21T07:00,2026-02-21,7,17.56,17.52,16.46,17.81,17.81,16.68,17.55,17.98,17.45,18.57
2026-02-21T08:00,2026-02-21,8,20.04,20.31,19.47,20.72,19.92,18.89,20.07,20.67,19.59,20.01
2026-02-21T09:00,2026-02-21,9,23.02,23.81,23.27,23.93,22.27,21.54,23.16,23.8,22.12,21.77
2026-02-21T10:00,2026-02-21,10,25.53,26.72,26.51,26.47,24.65,23.78,25.88,26.49,23.94,23.42
2026-02-21T11:00,2026-02-21,11,27.29,28.63,28.48,28.3,26.23,25.79,27.72,28.22,25.49,24.66
2026-02-21T12:00,2026-02-21,12,28.43,29.75,29.34,29.37,27.39,27.15,28.71,29.17,26.77,26.1
2026-02-21T13:00,2026-02-21,13,29.29,30.53,29.99,30.16,28.34,28.14,29.58,30.0,27.78,27.04
2026-02-21T14:00,2026-02-21,14,29.77,30.94,30.12,30.59,28.91,28.51,30.04,30.37,28.4,27.95
2026-02-21T15:00,2026-02-21,15,29.84,30.94,29.84,30.62,28.97,28.35,30.18,30.4,28.74,28.37
2026-02-21T16:00,2026-02-21,16,29.38,30.5,29.11,30.25,28.42,27.75,29.79,29.89,28.34,27.98
2026-02-21T17:00,2026-02-21,17,27.87,29.21,26.76,28.73,26.91,25.93,28.44,28.28,26.83,26.73
2026-02-21T18:00,2026-02-21,18,25.34,26.66,24.08,26.24,24.81,23.59,25.56,25.28,24.49,24.29
2026-02-21T19:00,2026-02-21,19,24.1,25.12,22.8,24.91,23.87,22.72,24.01,24.11,23.64,23.25
2026-02-21T20:00,2026-02-21,20,23.08,23.97,21.82,23.65,23.07,22.12,23.0,23.03,22.5,22.6
2026-02-21T21:00,2026-02-21,21,22.16,22.96,20.96,22.86,22.35,21.3,22.33,21.89,21.22,21.76
2026-02-21T22:00,2026-02-21,22,21.37,22.18,20.28,21.92,21.06,21.18,21.65,21.04,20.49,20.83
2026-02-21T23:00,2026-02-21,23,20.61,21.19,19.71,20.93,20.4,21.21,21.03,20.2,19.86,19.9
2026-02-22T00:00,2026-02-22,0,20.13,20.48,18.91,20.33,19.91,21.19,20.52,19.68,19.52,19.99
2026-02-22T01:00,2026-02-22,1,19.51,19.85,18.09,19.87,19.31,20.15,19.99,18.82,19.03,19.58
2026-02-22T02:00,2026-02-22,2,19.01,19.32,17.63,19.49,18.88,19.51,19.39,18.4,18.66,18.91
2026-02-22T03:00,2026-02-22,3,18.57,19.07,17.17,18.79,18.45,19.14,18.76,18.03,18.37,18.26
2026-02-22T04:00,2026-02-22,4,18.16,18.73,16.75,18.11,18.23,18.65,18.56,17.71,17.98,17.61
2026-02-22T05:00,2026-02-22,5,17.77,18.36,16.52,17.51,18.06,18.03,18.31,17.34,17.7,16.91
2026-02-22T06:00,2026-02-22,6,17.44,18.02,16.25,16.89,18.2,17.12,18.15,17.12,17.59,16.45
2026-02-22T07:00,2026-02-22,7,17.95,18.6,17.18,17.82,18.69,17.76,18.41,17.76,17.76,16.53
2026-02-22T08:00,2026-02-22,8,20.49,21.25,20.24,21.17,20.91,19.45,20.35,20.75,20.12,18.78
2026-02-22T09:00,2026-02-22,9,23.44,24.39,24.03,24.48,23.08,21.97,22.94,23.56,23.02,21.5
2026-02-22T10:00,2026-02-22,10,25.97,26.84,27.35,26.95,25.22,24.46,25.98,25.72,25.4,23.76
2026-02-22T11:00,2026-02-22,11,27.75,28.62,29.17,28.32,26.83,26.35,28.05,28.0,27.06,25.64
2026-02-22T12:00,2026-02-22,12,28.6,29.35,29.98,29.38,27.64,27.63,28.54,28.85,27.76,26.88
2026-02-22T13:00,2026-02-22,13,29.32,30.02,30.33,30.0,28.22,28.52,29.52,29.69,28.47,27.85
2026-02-22T14:00,2026-02-22,14,29.45,30.11,30.48,30.28,28.3,28.25,29.66,29.79,28.57,28.18
2026-02-22T15:00,2026-02-22,15,29.27,29.89,30.12,29.89,28.1,27.78,29.72,29.74,28.66,28.1
2026-02-22T16:00,2026-02-22,16,28.74,29.3,29.24,29.34,27.61,27.12,29.34,29.45,28.22,27.7
2026-02-22T17:00,2026-02-22,17,27.43,28.12,27.2,28.16,25.94,25.84,28.25,28.33,27.02,26.25
2026-02-22T18:00,2026-02-22,18,24.97,25.88,24.79,25.41,23.53,23.85,25.98,25.41,24.48,23.35
2026-02-22T19:00,2026-02-22,19,23.7,24.77,22.85,24.18,22.73,22.59,24.4,23.81,23.0,22.5
2026-02-22T20:00,2026-02-22,20,22.68,23.61,21.6,23.18,21.59,21.94,23.35,22.83,22.24,21.56
2026-02-22T21:00,2026-02-22,21,21.91,22.82,20.85,22.36,20.87,21.02,22.8,22.12,21.46,20.76
2026-02-22T22:00,2026-02-22,22,21.17,22.3,19.82,21.68,20.57,20.28,21.64,21.0,20.66,19.94
2026-02-22T23:00,2026-02-22,23,20.52,21.67,18.97,21.01,19.99,19.68,21.19,20.29,20.12,19.08
2026-02-23T00:00,2026-02-23,0,20.04,21.31,18.41,20.29,19.5,19.34,20.63,20.02,19.5,18.68
2026-02-23T01:00,2026-02-23,1,19.55,20.53,18.06,20.01,19.06,19.01,20.25,19.71,19.16,18.08
2026-02-23T02:00,2026-02-23,2,19.07,19.96,17.58,19.47,18.7,18.7,19.86,19.33,18.71,17.51
2026-02-23T03:00,2026-02-23,3,18.48,19.15,17.26,18.78,18.06,18.15,19.47,18.88,18.26,17.0
2026-02-23T04:00,2026-02-23,4,18.03,18.52,16.99,18.25,17.5,17.8,19.1,18.33,18.06,16.56
2026-02-23T05:00,2026-02-23,5,17.69,18.22,16.66,17.68,17.25,17.44,18.78,17.93,17.92,16.08
2026-02-23T06:00,2026-02-23,6,17.3,17.77,16.0,17.43,17.24,16.8,18.53,17.79,17.55,15.55
2026-02-23T07:00,2026-02-23,7,17.72,18.07,16.81,17.98,17.77,17.46,18.88,18.12,17.91,15.77
2026-02-23T08:00,2026-02-23,8,20.45,21.09,20.49,21.02,20.13,19.64,21.16,20.96,20.21,18.13
2026-02-23T09:00,2026-02-23,9,23.65,24.53,24.44,24.45,22.92,22.41,23.82,24.07,23.26,21.2
2026-02-23T10:00,2026-02-23,10,26.1,26.97,27.52,27.05,25.12,24.68,26.02,26.66,25.56,23.65
2026-02-23T11:00,2026-02-23,11,27.7,28.6,29.08,28.63,26.65,26.42,27.66,28.55,26.91,25.35
2026-02-23T12:00,2026-02-23,12,28.42,29.2,29.82,29.3,27.2,27.31,28.57,29.34,27.5,26.31
2026-02-23T13:00,2026-02-23,13,29.27,30.18,30.38,30.19,27.97,28.01,29.53,30.28,28.25,27.19
2026-02-23T14:00,2026-02-23,14,29.56,30.55,30.47,30.45,28.05,28.14,29.78,30.58,28.58,27.61
2026-02-23T15:00,2026-02-23,15,29.5,30.49,30.14,30.36,28.16,27.97,29.73,30.67,28.56,27.69
2026-02-23T16:00,2026-02-23,16,29.08,30.06,29.48,29.96,27.8,27.38,29.56,30.0,28.12,27.39
2026-02-23T17:00,2026-02-23,17,27.74,28.84,27.26,28.58,26.55,25.93,28.66,28.26,26.81,26.22
2026-02-23T18:00,2026-02-23,18,25.08,26.08,24.8,25.95,24.11,23.37,26.0,25.45,24.1,23.59
2026-02-23T19:00,2026-02-23,19,23.64,24.6,23.34,24.26,22.45,22.51,24.45,24.04,22.74,22.36
2026-02-23T20:00,2026-02-23,20,22.61,23.61,22.15,23.34,21.23,21.53,23.61,22.84,21.65,21.23
2026-02-23T21:00,2026-02-23,21,21.75,22.8,21.32,22.66,20.31,20.6,22.51,22.19,20.62,20.52
2026-02-23T22:00,2026-02-23,22,20.97,21.86,20.84,21.95,19.56,19.96,21.67,21.36,19.74,19.89
2026-02-23T23:00,2026-02-23,23,20.25,21.12,20.24,21.09,18.75,19.58,21.07,20.57,18.97,19.11
2026-02-24T00:00,2026-02-24,0,19.96,20.7,19.85,20.72,18.54,19.61,20.73,20.27,18.77,18.98
2026-02-24T01:00,2026-02-24,1,19.44,20.22,19.04,19.87,18.06,19.27,20.33,19.64,18.44,18.5
2026-02-24T02:00,2026-02-24,2,19.11,19.72,19.45,19.4,17.61,19.12,19.96,19.24,18.24,18.06
2026-02-24T03:00,2026-02-24,3,18.83,19.57,18.62,19.05,17.42,18.54,19.77,18.93,18.06,17.88
2026-02-24T04:00,2026-02-24,4,18.43,19.11,18.36,18.41,16.87,18.11,19.78,18.44,17.81,17.46
2026-02-24T05:00,2026-02-24,5,18.25,18.89,17.57,18.09,16.64,17.77,19.66,18.19,18.05,17.63
2026-02-24T06:00,2026-02-24,6,18.19,19.0,17.2,18.13,16.39,17.57,19.86,18.69,17.59,17.4
2026-02-24T07:00,2026-02-24,7,18.53,19.4,18.09,18.98,16.53,17.9,19.21,19.0,18.15,17.49
2026-02-24T08:00,2026-02-24,8,20.43,21.27,20.88,21.78,18.99,19.82,19.7,21.56,19.39,19.2
2026-02-24T09:00,2026-02-24,9,22.46,23.16,24.2,24.61,21.67,22.23,21.05,23.59,20.64,20.5
2026-02-24T10:00,2026-02-24,10,24.58,25.1,27.3,26.79,23.31,24.4,23.43,26.01,22.3,22.7
2026-02-24T11:00,2026-02-24,11,26.59,27.08,29.29,28.57,25.52,26.06,25.46,27.76,24.71,24.75
2026-02-24T12:00,2026-02-24,12,27.51,27.14,30.17,29.3,26.23,27.51,26.73,28.74,26.67,26.36
2026-02-24T13:00,2026-02-24,13,28.14,27.9,30.33,29.62,26.52,28.07,27.19,29.38,27.75,27.26
2026-02-24T14:00,2026-02-24,14,28.27,27.79,30.39,29.92,27.17,27.74,27.29,29.3,28.11,27.66
2026-02-24T15:00,2026-02-24,15,28.04,27.65,30.05,29.25,27.54,26.8,27.15,28.96,27.99,27.71
2026-02-24T16:00,2026-02-24,16,27.67,27.63,29.27,28.66,27.23,26.26,26.66,28.77,27.27,27.49
2026-02-24T17:00,2026-02-24,17,26.35,26.57,26.77,27.36,25.84,24.66,25.56,27.53,26.02,26.33
2026-02-24T18:00,2026-02-24,18,24.3,24.84,24.3,25.38,23.31,23.33,23.98,24.62,23.85,23.69
2026-02-24T19:00,2026-02-24,19,23.27,23.82,23.25,24.01,22.52,23.14,22.86,23.54,22.51,22.83
2026-02-24T20:00,2026-02-24,20,22.46,22.87,22.72,23.39,21.81,22.74,21.85,23.02,21.54,21.78
2026-02-24T21:00,2026-02-24,21,21.85,22.38,22.55,23.08,21.2,21.92,21.15,21.95,20.84,20.79
2026-02-24T22:00,2026-02-24,22,21.18,21.66,21.17,22.8,20.58,21.3,20.68,21.27,20.25,20.05
2026-02-24T23:00,2026-02-24,23,20.48,20.7,21.06,21.89,19.91,20.93,20.21,20.45,19.76,19.07
2026-02-25T00:00,2026-02-25,0,20.34,20.47,20.83,21.18,19.89,20.74,20.6,20.93,19.9,18.69
2026-02-25T01:00,2026-02-25,1,19.96,20.04,21.16,20.8,19.29,20.56,20.06,20.59,19.26,18.29
2026-02-25T02:00,2026-02-25,2,19.43,19.64,20.76,20.3,18.59,19.88,19.9,19.79,18.52,17.57
2026-02-25T03:00,2026-02-25,3,19.02,19.27,20.47,19.82,18.26,19.39,19.25,19.69,18.08,17.14
2026-02-25T04:00,2026-02-25,4,18.55,18.93,19.38,19.6,17.76,18.88,18.74,19.16,17.47,16.85
2026-02-25T05:00,2026-02-25,5,18.11,18.59,18.72,19.04,17.36,18.06,18.42,18.82,17.12,16.33
2026-02-25T06:00,2026-02-25,6,17.83,18.03,18.55,18.66,17.33,17.33,18.17,18.85,17.02,16.55
2026-02-25T07:00,2026-02-25,7,18.38,18.63,19.03,19.17,18.04,17.93,18.6,19.29,17.49,17.16
2026-02-25T08:00,2026-02-25,8,20.96,21.68,21.62,21.92,20.49,19.83,20.71,22.03,19.89,19.48
2026-02-25T09:00,2026-02-25,9,23.96,24.92,24.9,24.84,23.17,22.37,23.68,25.07,22.9,22.23
2026-02-25T10:00,2026-02-25,10,26.27,27.12,27.67,27.0,25.5,24.53,26.06,27.11,25.5,24.49
2026-02-25T11:00,2026-02-25,11,27.75,28.36,29.05,28.46,26.95,26.25,27.71,28.49,27.22,26.17
2026-02-25T12:00,2026-02-25,12,28.23,28.48,29.53,28.97,27.37,27.16,28.35,29.08,27.53,27.24
2026-02-25T13:00,2026-02-25,13,28.81,29.17,29.89,29.61,27.82,27.83,29.14,29.65,27.9,27.7
2026-02-25T14:00,2026-02-25,14,28.93,29.4,29.78,29.79,27.62,27.76,29.4,29.67,28.09,27.84
2026-02-25T15:00,2026-02-25,15,28.81,29.32,29.46,29.59,27.43,27.61,29.23,29.67,28.09,27.81
2026-02-25T16:00,2026-02-25,16,28.31,28.82,28.51,29.04,26.85,27.05,28.76,29.37,27.79,27.45
2026-02-25T17:00,2026-02-25,17,27.01,27.79,26.31,27.76,25.52,25.34,27.53,28.08,26.53,26.29
2026-02-25T18:00,2026-02-25,18,25.07,25.88,24.78,25.96,23.87,23.96,25.04,25.88,24.43,24.12
2026-02-25T19:00,2026-02-25,19,23.75,24.51,23.56,24.67,22.62,22.84,23.84,24.11,22.94,22.95
2026-02-25T20:00,2026-02-25,20,22.71,23.42,22.31,23.56,21.61,21.65,22.93,22.79,22.14,22.06
2026-02-25T21:00,2026-02-25,21,21.78,22.3,21.52,22.45,20.79,21.06,22.23,21.86,21.36,21.05
2026-02-25T22:00,2026-02-25,22,21.01,21.45,20.9,21.4,20.18,20.38,21.59,21.16,20.76,20.18
2026-02-25T23:00,2026-02-25,23,20.36,20.64,20.17,20.85,19.65,19.97,21.0,20.65,19.99,19.66
2026-02-26T00:00,2026-02-26,0,20.06,20.44,19.79,20.69,19.45,19.87,20.55,20.61,19.25,19.26
2026-02-26T01:00,2026-02-26,1,19.42,19.82,19.59,20.18,18.74,19.47,19.68,19.68,18.33,18.77
2026-02-26T02:00,2026-02-26,2,18.86,19.22,19.34,19.76,18.13,18.87,18.83,19.46,17.72,18.1
2026-02-26T03:00,2026-02-26,3,18.3,18.72,18.69,19.12,17.66,18.5,18.28,18.79,17.13,17.4
2026-02-26T04:00,2026-02-26,4,17.71,18.14,17.53,18.59,17.06,18.31,17.77,18.27,16.56,16.84
2026-02-26T05:00,2026-02-26,5,17.23,17.63,16.96,18.1,16.58,17.73,17.34,17.97,16.16,16.37
2026-02-26T06:00,2026-02-26,6,17.19,17.59,17.01,18.06,16.79,17.45,17.25,17.82,16.08,16.33
2026-02-26T07:00,2026-02-26,7,17.67,17.93,17.95,18.79,17.27,18.05,17.52,18.23,16.58,16.75
2026-02-26T08:00,2026-02-26,8,20.33,20.79,20.83,21.61,19.7,20.05,20.02,21.25,19.38,18.89
2026-02-26T09:00,2026-02-26,9,23.42,24.14,24.05,24.88,22.43,22.28,23.38,24.34,22.53,21.44
2026-02-26T10:00,2026-02-26,10,25.79,26.58,26.64,27.0,24.68,24.39,25.98,26.67,25.05,23.61
2026-02-26T11:00,2026-02-26,11,27.47,28.29,28.28,28.42,26.36,26.11,27.75,28.24,26.73,25.45
2026-02-26T12:00,2026-02-26,12,28.15,28.84,28.8,28.88,27.2,26.98,28.34,28.93,27.41,26.73
2026-02-26T13:00,2026-02-26,13,28.6,29.18,29.05,29.41,27.35,27.59,28.83,29.47,27.78,27.62
2026-02-26T14:00,2026-02-26,14,28.69,29.23,29.08,29.62,27.34,27.64,28.98,29.59,27.87,27.75
2026-02-26T15:00,2026-02-26,15,28.48,28.91,28.75,29.44,27.1,27.42,28.85,29.48,27.87,27.54
2026-02-26T16:00,2026-02-26,16,27.96,28.35,27.79,29.05,26.52,26.62,28.41,28.96,27.62,27.12
2026-02-26T17:00,2026-02-26,17,26.56,27.03,25.87,27.77,25.01,24.85,27.09,27.3,26.52,25.83
2026-02-26T18:00,2026-02-26,18,24.39,24.76,24.23,25.65,22.93,22.73,24.62,24.84,24.25,23.92
2026-02-26T19:00,2026-02-26,19,23.06,23.33,23.33,23.95,22.01,21.82,23.35,23.27,22.8,22.59
2026-02-26T20:00,2026-02-26,20,22.05,22.29,22.2,22.95,21.27,21.2,22.16,22.07,21.79,21.55
2026-02-26T21:00,2026-02-26,21,21.07,21.31,20.97,21.95,20.43,20.33,21.24,21.07,20.79,20.63
2026-02-26T22:00,2026-02-26,22,20.2,20.51,20.23,21.15,19.6,19.51,20.26,20.34,19.62,19.73
2026-02-26T23:00,2026-02-26,23,19.48,19.99,19.44,20.26,18.77,18.78,19.78,19.58,18.59,19.02
2026-02-27T00:00,2026-02-27,0,18.92,19.23,18.84,19.49,18.32,18.83,19.19,19.36,18.28,18.29
2026-02-27T01:00,2026-02-27,1,18.33,18.58,18.44,18.56,17.93,18.39,18.29,18.52,17.91,18.03
2026-02-27T02:00,2026-02-27,2,17.81,18.0,18.05,17.93,17.54,17.91,17.86,17.91,17.38,17.49
2026-02-27T03:00,2026-02-27,3,17.23,17.39,17.18,17.47,17.01,17.52,17.26,17.39,16.97,16.78
2026-02-27T04:00,2026-02-27,4,16.73,16.81,16.45,16.96,16.75,17.09,16.77,17.11,16.52,16.29
2026-02-27T05:00,2026-02-27,5,16.39,16.58,16.05,16.52,16.16,16.65,16.66,17.1,16.01,15.79
2026-02-27T06:00,2026-02-27,6,16.5,16.73,16.07,16.48,16.35,16.31,16.93,17.4,16.22,15.87
2026-02-27T07:00,2026-02-27,7,17.27,17.66,17.19,17.32,16.97,17.11,17.48,17.56,16.84,16.73
2026-02-27T08:00,2026-02-27,8,20.06,20.74,20.47,20.67,19.51,19.13,20.08,20.35,19.37,18.93
2026-02-27T09:00,2026-02-27,9,23.14,23.93,24.16,24.35,22.21,21.88,22.77,23.92,22.12,21.57
2026-02-27T10:00,2026-02-27,10,25.66,26.57,26.89,27.07,24.34,24.26,25.3,26.65,24.5,23.77
2026-02-27T11:00,2026-02-27,11,27.33,28.15,28.57,28.56,26.08,26.09,27.28,28.15,26.19,25.49
2026-02-27T12:00,2026-02-27,12,28.19,28.9,28.98,29.12,27.13,27.14,28.35,28.88,27.19,26.71
2026-02-27T13:00,2026-02-27,13,28.74,29.37,29.23,29.51,27.79,27.68,29.0,29.71,27.85,27.47
2026-02-27T14:00,2026-02-27,14,28.94,29.65,29.16,29.75,28.13,27.54,29.25,30.01,28.14,27.57
2026-02-27T15:00,2026-02-27,15,28.81,29.46,28.97,29.67,27.95,27.24,29.07,29.9,28.09,27.63
2026-02-27T16:00,2026-02-27,16,28.21,28.76,28.0,29.1,27.25,26.75,28.49,29.13,27.73,27.36
2026-02-27T17:00,2026-02-27,17,26.59,27.28,25.96,27.28,25.41,25.21,26.96,26.95,26.36,26.01
2026-02-27T18:00,2026-02-27,18,24.22,24.71,23.62,24.88,23.14,23.22,24.35,24.89,24.11,23.82
2026-02-27T19:00,2026-02-27,19,22.96,23.25,22.41,23.46,22.18,22.39,23.15,23.5,22.96,22.55
2026-02-27T20:00,2026-02-27,20,21.88,22.08,21.51,22.33,21.47,21.57,22.17,22.19,21.68,21.39
2026-02-27T21:00,2026-02-27,21,20.97,21.11,21.4,21.58,20.29,20.42,21.4,21.3,20.57,20.24
2026-02-27T22:00,2026-02-27,22,20.17,20.36,20.88,20.68,19.68,19.65,20.64,20.48,19.59,19.25
2026-02-27T23:00,2026-02-27,23,19.43,19.76,20.39,19.81,18.9,19.03,19.87,19.84,18.52,18.44
2026-02-28T00:00,2026-02-28,0,18.91,19.05,20.24,19.18,18.3,18.65,19.28,19.36,17.95,18.35
2026-02-28T01:00,2026-02-28,1,18.54,18.77,19.83,18.65,18.08,18.49,18.81,18.76,17.52,17.94
2026-02-28T02:00,2026-02-28,2,17.85,18.0,19.28,17.79,17.22,18.23,17.91,18.45,16.93,17.31
2026-02-28T03:00,2026-02-28,3,17.26,17.56,17.39,17.18,16.8,17.65,17.53,17.88,16.5,16.86
2026-02-28T04:00,2026-02-28,4,16.81,17.16,16.51,16.32,16.37,17.25,17.24,17.66,16.22,16.49
2026-02-28T05:00,2026-02-28,5,16.48,16.83,16.0,15.97,15.97,16.86,17.12,17.66,16.05,15.93
2026-02-28T06:00,2026-02-28,6,16.47,16.83,15.79,16.2,16.05,16.29,17.03,17.88,16.17,15.86
2026-02-28T07:00,2026-02-28,7,17.27,17.76,16.89,17.11,16.85,16.98,17.69,17.87,17.02,16.57
2026-02-28T08:00,2026-02-28,8,19.88,20.76,20.21,19.57,19.45,18.72,20.24,19.7,19.63,18.81
2026-02-28T09:00,2026-02-28,9,23.01,24.04,24.19,22.71,22.42,21.13,23.34,23.21,22.6,21.37
2026-02-28T10:00,2026-02-28,10,25.68,26.91,26.31,25.72,24.72,23.53,26.16,26.4,25.37,23.56
2026-02-28T11:00,2026-02-28,11,27.66,28.77,27.96,28.03,26.59,25.5,28.2,28.42,27.62,25.42
2026-02-28T12:00,2026-02-28,12,28.54,29.28,28.89,29.18,27.41,26.7,29.2,29.38,28.59,26.48
2026-02-28T13:00,2026-02-28,13,29.15,29.82,29.26,29.66,28.04,27.3,29.96,30.24,29.02,27.49
2026-02-28T14:00,2026-02-28,14,29.37,30.04,29.14,29.88,28.29,27.42,30.25,30.56,29.23,27.87
2026-02-28T15:00,2026-02-28,15,29.33,29.9,28.8,29.93,28.23,27.48,30.17,30.51,29.28,28.13
2026-02-28T16:00,2026-02-28,16,28.76,29.25,28.13,29.43,27.74,27.03,29.66,29.65,28.64,27.81
2026-02-28T17:00,2026-02-28,17,27.08,27.74,26.4,27.62,25.88,24.94,28.28,27.32,26.98,26.27
2026-02-28T18:00,2026-02-28,18,24.58,25.43,23.94,25.14,23.11,23.07,25.68,24.73,24.29,23.42
2026-02-28T19:00,2026-02-28,19,23.09,23.77,22.4,23.75,21.88,22.03,24.13,23.33,22.78,21.92
2026-02-28T20:00,2026-02-28,20,22.03,22.7,21.69,22.32,21.07,21.1,23.02,22.27,21.6,20.86
2026-02-28T21:00,2026-02-28,21,21.04,21.56,21.44,21.26,20.34,20.29,21.59,21.11,20.47,20.21
2026-02-28T22:00,2026-02-28,22,20.35,20.68,21.33,20.12,19.13,19.69,20.71,20.9,19.77,20.31
2026-02-28T23:00,2026-02-28,23,19.79,19.97,20.88,19.48,18.72,19.05,20.3,20.81,19.46,19.35
2026-03-01T00:00,2026-03-01,0,19.39,19.55,20.32,19.37,18.06,18.27,20.36,20.73,19.04,18.65
2026-03-01T01:00,2026-03-01,1,19.01,19.06,19.54,19.36,17.86,17.75,20.31,20.47,18.5,18.21
2026-03-01T02:00,2026-03-01,2,18.73,18.79,18.74,19.18,17.48,17.42,20.07,20.85,18.13,18.01
2026-03-01T03:00,2026-03-01,3,18.4,18.41,18.5,18.85,17.0,16.97,19.83,21.22,17.97,17.27
2026-03-01T04:00,2026-03-01,4,18.11,18.04,18.04,18.87,16.45,16.47,19.7,21.7,17.79,16.58
2026-03-01T05:00,2026-03-01,5,17.99,17.91,17.7,19.27,16.26,16.1,19.88,21.77,17.45,16.14
2026-03-01T06:00,2026-03-01,6,18.31,18.13,17.78,20.58,16.66,16.39,20.13,21.29,17.48,16.57
2026-03-01T07:00,2026-03-01,7,18.95,19.04,18.23,21.04,17.32,17.18,20.7,21.68,18.02,17.13
2026-03-01T08:00,2026-03-01,8,20.73,21.2,20.07,21.65,19.34,19.3,22.39,22.56,20.27,18.82
2026-03-01T09:00,2026-03-01,9,23.15,23.71,23.29,23.67,21.85,21.66,24.43,24.47,22.92,21.15
2026-03-01T10:00,2026-03-01,10,25.5,25.96,26.22,26.23,24.02,24.01,26.64,26.61,25.34,23.37
2026-03-01T11:00,2026-03-01,11,27.46,27.87,28.18,28.35,25.76,25.94,28.79,28.64,27.39,25.09
2026-03-01T12:00,2026-03-01,12,28.54,29.01,29.21,29.4,26.47,26.89,30.11,29.62,28.66,26.04
2026-03-01T13:00,2026-03-01,13,29.67,30.17,30.1,30.47,27.57,28.08,31.44,30.58,29.84,27.13
2026-03-01T14:00,2026-03-01,14,30.04,30.65,30.01,30.69,28.23,28.5,31.69,30.54,30.27,27.85
2026-03-01T15:00,2026-03-01,15,30.08,31.0,29.48,30.33,28.62,28.31,31.35,30.64,30.28,28.25
2026-03-01T16:00,2026-03-01,16,29.56,30.61,28.56,29.32,28.54,27.78,30.77,30.17,29.72,28.06
2026-03-01T17:00,2026-03-01,17,28.19,29.52,26.64,27.63,27.2,26.27,29.67,28.53,28.14,27.01
2026-03-01T18:00,2026-03-01,18,25.94,26.96,25.04,25.11,24.9,24.39,27.56,26.15,25.99,24.86
2026-03-01T19:00,2026-03-01,19,24.63,25.66,23.75,24.26,23.22,23.78,26.08,25.0,24.48,23.15
2026-03-01T20:00,2026-03-01,20,23.8,24.87,22.85,23.68,22.56,23.08,25.14,24.12,23.7,21.82
2026-03-01T21:00,2026-03-01,21,23.08,24.1,22.09,23.32,21.71,22.15,24.47,23.63,22.92,21.02
2026-03-01T22:00,2026-03-01,22,22.55,23.34,21.68,23.05,21.53,21.44,23.91,23.37,22.36,20.51
2026-03-01T23:00,2026-03-01,23,22.06,22.87,21.14,22.68,21.31,21.09,23.32,23.17,21.71,19.7
2026-03-02T00:00,2026-03-02,0,21.89,22.59,20.97,22.63,21.31,20.71,23.27,23.18,21.56,19.53
2026-03-02T01:00,2026-03-02,1,21.59,22.38,20.38,22.38,20.14,20.47,22.85,22.93,21.94,18.97
2026-03-02T02:00,2026-03-02,2,21.26,22.16,20.38,21.95,19.75,19.55,22.55,22.55,21.86,18.36
2026-03-02T03:00,2026-03-02,3,20.85,21.63,20.18,21.72,19.34,18.55,22.4,22.22,21.48,17.91
2026-03-02T04:00,2026-03-02,4,20.58,21.28,20.42,21.82,19.12,18.33,22.05,21.84,20.93,17.4
2026-03-02T05:00,2026-03-02,5,20.42,20.93,20.54,21.83,19.22,18.73,22.04,21.63,20.51,16.98
2026-03-02T06:00,2026-03-02,6,20.76,21.73,20.89,22.36,19.14,19.14,21.83,22.68,20.12,17.18
2026-03-02T07:00,2026-03-02,7,21.14,22.01,21.15,22.51,20.22,19.36,22.19,23.03,20.74,17.52
2026-03-02T08:00,2026-03-02,8,22.56,24.03,22.38,23.07,22.18,20.3,23.24,23.81,22.31,19.0
2026-03-02T09:00,2026-03-02,9,24.45,26.17,24.32,24.59,24.03,22.17,24.95,24.86,24.42,21.05
2026-03-02T10:00,2026-03-02,10,26.28,28.0,26.32,26.06,25.44,24.14,26.52,26.89,26.41,23.34
2026-03-02T11:00,2026-03-02,11,27.8,29.04,27.88,27.61,26.73,26.06,28.58,28.17,28.09,25.34
2026-03-02T12:00,2026-03-02,12,28.36,28.94,29.06,28.81,27.07,25.96,29.59,29.03,28.83,26.06
2026-03-02T13:00,2026-03-02,13,29.08,29.32,30.13,29.49,27.42,27.47,30.36,29.93,29.47,27.17
2026-03-02T14:00,2026-03-02,14,29.29,29.56,30.58,29.49,26.87,28.07,30.41,29.64,29.8,27.93
2026-03-02T15:00,2026-03-02,15,29.08,29.48,30.25,27.8,27.43,28.13,30.4,28.72,29.78,28.35
2026-03-02T16:00,2026-03-02,16,28.35,29.29,29.14,25.41,27.44,27.55,29.75,26.89,29.27,28.04
2026-03-02T17:00,2026-03-02,17,27.3,28.64,27.61,24.41,26.64,26.02,28.94,25.72,27.81,26.69
2026-03-02T18:00,2026-03-02,18,25.15,26.26,25.39,24.11,24.54,23.43,26.39,23.83,25.22,24.19
2026-03-02T19:00,2026-03-02,19,23.89,24.66,24.47,22.98,23.14,22.41,25.13,23.01,23.97,23.08
2026-03-02T20:00,2026-03-02,20,22.96,23.43,24.32,22.45,22.15,21.64,24.13,22.43,22.84,21.89
2026-03-02T21:00,2026-03-02,21,22.16,22.54,24.23,21.95,21.3,21.33,23.18,22.17,21.46,20.67
2026-03-02T22:00,2026-03-02,22,21.41,21.69,23.18,21.5,20.74,20.79,22.28,21.87,20.47,19.97
2026-03-02T23:00,2026-03-02,23,20.72,21.21,21.08,21.08,19.86,20.49,21.49,21.45,19.83,19.39
2026-03-03T00:00,2026-03-03,0,20.41,20.69,20.8,21.13,19.67,20.47,21.03,21.59,19.34,19.08
2026-03-03T01:00,2026-03-03,1,20.2,20.59,20.73,21.26,19.66,20.36,20.5,21.52,18.62,18.76
2026-03-03T02:00,2026-03-03,2,19.74,20.02,20.61,21.16,19.25,20.02,20.16,21.31,17.73,18.0
2026-03-03T03:00,2026-03-03,3,19.43,19.63,20.46,21.16,18.89,19.58,19.99,20.87,17.29,17.62
2026-03-03T04:00,2026-03-03,4,19.17,19.46,20.12,21.07,18.74,18.98,19.75,20.83,16.7,17.35
2026-03-03T05:00,2026-03-03,5,18.96,19.36,20.16,21.0,18.9,18.47,19.17,20.95,16.09,17.15
2026-03-03T06:00,2026-03-03,6,19.64,20.51,21.2,21.64,19.94,18.89,19.57,22.15,15.81,17.45
2026-03-03T07:00,2026-03-03,7,20.16,21.07,21.29,22.16,20.35,19.54,20.04,22.43,16.66,17.95
2026-03-03T08:00,2026-03-03,8,21.32,21.66,22.61,22.51,21.09,20.8,21.98,22.8,19.36,19.44
2026-03-03T09:00,2026-03-03,9,23.23,23.14,24.68,23.44,22.09,22.58,25.07,24.13,22.68,21.63
2026-03-03T10:00,2026-03-03,10,25.69,25.96,26.87,25.16,24.22,24.78,27.68,26.5,25.56,24.03
2026-03-03T11:00,2026-03-03,11,27.69,28.3,28.35,26.91,26.06,26.61,29.62,28.51,27.72,25.91
2026-03-03T12:00,2026-03-03,12,28.76,29.2,29.68,28.45,27.14,27.66,30.32,29.93,28.72,26.93
2026-03-03T13:00,2026-03-03,13,29.55,29.99,30.25,29.23,28.13,28.62,30.84,30.82,29.51,27.88
2026-03-03T14:00,2026-03-03,14,29.8,30.32,30.4,29.55,28.36,28.62,30.99,30.98,29.76,28.29
2026-03-03T15:00,2026-03-03,15,29.76,30.32,29.99,29.66,28.39,28.63,30.81,30.98,29.67,28.37
2026-03-03T16:00,2026-03-03,16,29.33,30.02,29.11,29.22,28.2,28.04,30.34,30.35,29.13,28.12
2026-03-03T17:00,2026-03-03,17,27.97,28.76,27.55,28.22,27.23,26.33,28.87,28.58,27.62,26.75
2026-03-03T18:00,2026-03-03,18,25.38,26.06,25.2,25.81,24.28,24.36,26.3,25.52,24.77,24.39
2026-03-03T19:00,2026-03-03,19,24.06,24.59,24.0,24.27,23.01,23.66,24.92,24.1,23.52,23.21
2026-03-03T20:00,2026-03-03,20,23.0,23.36,22.99,23.47,22.17,22.65,23.86,23.19,22.3,22.19
2026-03-03T21:00,2026-03-03,21,21.97,22.2,22.23,22.46,21.2,21.63,22.64,22.4,21.27,21.29
2026-03-03T22:00,2026-03-03,22,21.22,21.4,21.51,21.68,20.57,21.16,21.8,21.71,20.51,20.47
2026-03-03T23:00,2026-03-03,23,20.57,20.83,20.97,21.08,20.01,20.68,20.8,21.1,19.75,19.73
2026-03-04T00:00,2026-03-04,0,20.08,20.16,20.73,20.56,19.85,20.19,20.25,20.84,19.35,19.21
2026-03-04T01:00,2026-03-04,1,19.5,19.46,20.06,20.05,19.6,19.83,19.58,19.96,18.71,18.9
2026-03-04T02:00,2026-03-04,2,19.07,19.19,19.56,19.67,19.12,19.44,19.03,19.58,18.02,18.47
2026-03-04T03:00,2026-03-04,3,18.63,18.66,19.28,19.17,18.61,18.74,18.81,19.17,17.6,18.12
2026-03-04T04:00,2026-03-04,4,18.21,18.24,19.07,18.63,18.16,18.21,18.37,18.96,17.09,17.76
2026-03-04T05:00,2026-03-04,5,17.83,17.79,18.55,18.29,17.83,17.95,18.08,18.64,16.71,17.42
2026-03-04T06:00,2026-03-04,6,17.52,17.39,18.26,18.14,17.4,17.75,17.79,19.08,16.53,16.56
2026-03-04T07:00,2026-03-04,7,18.14,18.13,18.88,18.55,18.05,18.31,18.38,19.27,17.18,17.37
2026-03-04T08:00,2026-03-04,8,20.64,20.9,21.41,20.27,20.48,19.97,21.38,21.35,20.01,19.89
2026-03-04T09:00,2026-03-04,9,23.89,24.23,25.24,23.74,23.29,22.26,24.63,24.23,23.51,23.11
2026-03-04T10:00,2026-03-04,10,26.62,26.97,27.85,26.94,25.45,24.98,27.35,27.29,26.13,25.69
2026-03-04T11:00,2026-03-04,11,28.42,28.72,29.43,28.89,27.15,27.31,29.18,29.4,27.84,27.3
2026-03-04T12:00,2026-03-04,12,29.11,29.32,29.84,29.77,27.85,28.27,29.94,30.13,28.52,27.97
2026-03-04T13:00,2026-03-04,13,29.81,30.14,30.1,30.25,28.47,29.16,30.67,30.95,29.32,28.75
2026-03-04T14:00,2026-03-04,14,30.02,30.47,29.87,30.35,28.8,29.18,30.89,31.16,29.52,29.09
2026-03-04T15:00,2026-03-04,15,29.94,30.47,29.6,30.21,28.76,28.95,30.85,30.96,29.43,29.15
2026-03-04T16:00,2026-03-04,16,29.48,30.03,29.01,29.72,28.38,28.21,30.43,30.44,29.01,28.84
2026-03-04T17:00,2026-03-04,17,28.0,28.51,27.36,28.19,27.03,26.45,29.23,28.96,27.53,27.49
2026-03-04T18:00,2026-03-04,18,25.49,25.97,25.3,25.93,24.21,24.75,26.42,25.72,24.89,24.98
2026-03-04T19:00,2026-03-04,19,24.04,24.41,24.19,24.58,23.17,23.78,24.57,24.15,23.21,23.49
2026-03-04T20:00,2026-03-04,20,22.97,23.26,23.41,23.39,22.23,22.85,23.43,23.12,22.07,22.54
2026-03-04T21:00,2026-03-04,21,22.19,22.54,22.51,22.54,21.51,22.34,22.35,22.19,21.34,21.83
2026-03-04T22:00,2026-03-04,22,21.62,22.14,21.72,22.08,20.98,21.77,21.48,21.69,20.69,21.22
2026-03-04T23:00,2026-03-04,23,20.93,21.25,21.09,21.37,20.39,21.21,20.92,21.26,19.93,20.67
2026-03-05T00:00,2026-03-05,0,20.57,20.7,20.66,20.98,20.64,20.83,20.54,21.2,19.66,20.2
2026-03-05T01:00,2026-03-05,1,20.32,20.55,20.03,20.53,20.62,20.74,20.13,20.69,19.62,20.05
2026-03-05T02:00,2026-03-05,2,19.76,20.17,19.06,19.72,19.76,20.07,19.66,20.4,19.2,19.53
2026-03-05T03:00,2026-03-05,3,19.16,19.4,18.36,19.08,19.16,19.17,19.31,20.05,18.9,18.96
2026-03-05T04:00,2026-03-05,4,18.64,18.79,18.04,18.79,18.59,18.6,19.02,19.43,18.23,18.32
2026-03-05T05:00,2026-03-05,5,18.19,18.49,17.38,18.19,18.37,18.25,18.48,18.99,17.58,17.89
2026-03-05T06:00,2026-03-05,6,17.88,17.81,17.68,17.98,18.01,17.77,18.48,18.77,17.32,17.64
2026-03-05T07:00,2026-03-05,7,18.65,18.74,18.48,18.98,18.97,18.48,19.01,18.76,17.99,18.43
2026-03-05T08:00,2026-03-05,8,21.34,21.86,21.41,21.99,21.27,20.43,21.38,20.61,20.72,20.87
2026-03-05T09:00,2026-03-05,9,24.56,25.3,24.82,25.4,23.62,23.15,24.64,24.04,24.04,23.91
2026-03-05T10:00,2026-03-05,10,27.02,27.58,27.78,27.86,25.68,25.68,27.25,27.17,26.38,26.31
2026-03-05T11:00,2026-03-05,11,28.75,29.17,29.53,29.41,27.51,27.8,29.13,29.1,28.03,28.04
2026-03-05T12:00,2026-03-05,12,29.7,29.94,30.26,30.27,28.73,29.18,30.16,30.1,28.96,29.17
2026-03-05T13:00,2026-03-05,13,30.53,30.76,31.0,31.04,29.69,30.39,30.89,30.82,29.83,30.02
2026-03-05T14:00,2026-03-05,14,30.85,31.13,31.07,31.41,30.08,30.82,31.09,31.04,30.18,30.33
2026-03-05T15:00,2026-03-05,15,30.8,31.16,30.7,31.32,30.13,30.55,31.03,30.88,30.21,30.44
2026-03-05T16:00,2026-03-05,16,30.28,30.63,29.83,30.63,29.92,29.52,30.65,30.36,29.89,30.11
2026-03-05T17:00,2026-03-05,17,28.84,29.07,28.0,28.99,29.06,27.65,29.55,29.19,28.65,28.64
2026-03-05T18:00,2026-03-05,18,26.35,26.62,25.67,26.36,26.35,25.04,27.25,26.29,26.18,26.33
2026-03-05T19:00,2026-03-05,19,25.0,25.26,24.07,25.07,25.15,24.44,25.63,24.57,24.87,25.01
2026-03-05T20:00,2026-03-05,20,24.06,24.38,23.49,23.96,23.9,23.76,24.42,23.53,24.03,24.03
2026-03-05T21:00,2026-03-05,21,23.09,23.27,22.48,22.98,23.06,23.27,23.42,22.72,23.09,23.05
2026-03-05T22:00,2026-03-05,22,22.31,22.41,21.88,22.1,22.48,22.71,22.44,21.93,22.27,22.34
2026-03-05T23:00,2026-03-05,23,21.63,21.64,21.5,21.47,21.51,21.89,21.78,21.11,21.7,21.8
2026-03-06T00:00,2026-03-06,0,21.31,21.19,21.04,20.78,21.07,21.67,21.53,21.22,21.77,21.68
2026-03-06T01:00,2026-03-06,1,20.8,20.68,19.87,20.29,20.84,21.48,21.07,20.6,21.11,21.39
2026-03-06T02:00,2026-03-06,2,20.25,20.05,19.2,19.72,20.58,21.1,20.77,20.24,20.5,20.64
2026-03-06T03:00,2026-03-06,3,19.73,19.54,18.84,19.08,20.4,20.5,20.23,19.88,19.88,19.97
2026-03-06T04:00,2026-03-06,4,19.28,19.26,18.56,18.5,19.81,19.68,19.69,19.62,19.42,19.38
2026-03-06T05:00,2026-03-06,5,18.95,18.92,18.45,18.1,19.4,19.2,19.42,19.29,19.21,18.97
2026-03-06T06:00,2026-03-06,6,18.96,18.6,18.58,18.09,19.03,19.43,19.85,20.67,19.11,18.85
2026-03-06T07:00,2026-03-06,7,19.86,19.63,19.66,19.38,19.75,20.03,20.2,21.23,19.98,19.92
2026-03-06T08:00,2026-03-06,8,22.35,22.44,22.77,22.47,22.32,21.83,21.74,21.87,22.75,22.39
2026-03-06T09:00,2026-03-06,9,25.28,25.67,26.45,25.88,25.06,24.42,23.99,23.33,25.59,25.31
2026-03-06T10:00,2026-03-06,10,27.87,28.37,29.28,28.45,27.3,27.13,26.71,25.91,27.94,27.78
2026-03-06T11:00,2026-03-06,11,29.72,30.15,31.03,30.19,29.02,29.36,28.91,28.22,29.69,29.4
2026-03-06T12:00,2026-03-06,12,30.53,30.85,31.59,30.81,29.97,30.54,30.04,29.47,30.34,30.2
2026-03-06T13:00,2026-03-06,13,31.31,31.5,32.3,31.77,30.8,31.75,30.91,30.57,30.95,30.86
2026-03-06T14:00,2026-03-06,14,31.57,31.81,31.89,31.93,31.07,32.27,31.31,30.81,31.29,31.14
2026-03-06T15:00,2026-03-06,15,31.44,31.82,30.96,31.74,31.18,32.07,31.37,30.55,31.21,31.08
2026-03-06T16:00,2026-03-06,16,30.85,31.35,29.85,31.19,30.78,30.78,30.94,29.96,30.68,30.63
2026-03-06T17:00,2026-03-06,17,29.38,29.62,28.1,29.96,29.4,28.84,29.83,28.67,29.43,29.3
2026-03-06T18:00,2026-03-06,18,26.84,27.02,25.77,26.81,27.03,26.72,27.19,26.07,27.29,26.75
2026-03-06T19:00,2026-03-06,19,25.41,25.53,24.51,25.47,25.58,25.65,25.77,24.64,25.75,25.12
2026-03-06T20:00,2026-03-06,20,24.36,24.52,23.52,24.49,24.48,24.78,24.65,23.29,24.42,24.31
2026-03-06T21:00,2026-03-06,21,23.55,23.73,22.85,23.51,23.86,24.19,23.6,22.22,23.63,23.61
2026-03-06T22:00,2026-03-06,22,22.74,22.97,21.72,22.6,22.65,23.72,22.72,21.46,23.02,22.9
2026-03-06T23:00,2026-03-06,23,22.15,22.45,21.08,21.8,21.87,23.1,22.12,21.09,22.34,22.55
2026-03-07T00:00,2026-03-07,0,21.57,21.57,20.88,20.98,21.39,22.83,21.69,21.13,21.79,21.97
2026-03-07T01:00,2026-03-07,1,21.08,21.02,20.55,20.44,20.81,22.88,21.22,20.47,21.16,21.54
2026-03-07T02:00,2026-03-07,2,20.53,20.37,20.28,19.9,20.34,22.2,20.93,19.91,20.59,20.81
2026-03-07T03:00,2026-03-07,3,20.09,19.8,19.92,19.37,19.85,21.75,20.62,20.12,20.11,20.31
2026-03-07T04:00,2026-03-07,4,19.76,19.25,19.58,19.41,19.16,21.26,20.36,20.78,19.7,19.95
2026-03-07T05:00,2026-03-07,5,19.49,18.83,19.21,19.94,18.45,20.94,20.26,20.88,19.23,19.54
2026-03-07T06:00,2026-03-07,6,19.73,19.08,19.56,20.09,18.52,20.68,20.87,22.01,19.29,19.55
2026-03-07T07:00,2026-03-07,7,20.48,20.0,20.14,20.9,19.43,21.1,21.4,22.38,20.07,20.38
2026-03-07T08:00,2026-03-07,8,22.34,22.06,21.95,22.66,21.82,22.77,22.45,23.43,22.26,22.5
2026-03-07T09:00,2026-03-07,9,24.68,24.36,25.17,24.88,24.19,25.04,24.48,25.19,24.64,24.91
2026-03-07T10:00,2026-03-07,10,26.94,26.72,28.02,27.17,26.21,27.22,26.59,26.97,26.95,27.04
2026-03-07T11:00,2026-03-07,11,28.81,28.72,29.76,29.29,28.17,29.08,28.14,28.55,28.83,28.81
2026-03-07T12:00,2026-03-07,12,29.28,28.98,30.0,29.45,28.86,29.7,28.81,28.87,29.4,29.81
2026-03-07T13:00,2026-03-07,13,30.09,30.01,30.34,30.47,29.84,30.56,29.9,29.67,29.89,30.22
2026-03-07T14:00,2026-03-07,14,30.37,30.46,29.94,30.81,30.11,30.72,30.44,30.05,30.14,30.28
2026-03-07T15:00,2026-03-07,15,30.27,30.51,29.33,30.66,30.08,30.3,30.54,29.91,30.2,30.11
2026-03-07T16:00,2026-03-07,16,29.83,30.04,28.47,30.22,29.96,29.39,30.22,29.29,29.96,29.85
2026-03-07T17:00,2026-03-07,17,28.7,28.96,27.22,29.02,28.61,27.78,29.39,27.99,28.94,28.87
2026-03-07T18:00,2026-03-07,18,26.77,27.18,25.61,26.93,26.75,26.02,27.49,26.15,26.66,26.71
2026-03-07T19:00,2026-03-07,19,25.5,26.01,24.39,25.61,25.26,25.08,26.05,24.84,25.35,25.37
2026-03-07T20:00,2026-03-07,20,24.61,25.09,23.77,24.57,24.42,24.46,25.01,23.9,24.56,24.34
2026-03-07T21:00,2026-03-07,21,23.82,24.27,23.15,23.74,23.62,23.67,24.3,23.14,23.75,23.44
2026-03-07T22:00,2026-03-07,22,23.16,23.62,22.66,23.03,22.9,23.05,23.65,22.44,23.08,22.75
2026-03-07T23:00,2026-03-07,23,22.65,23.21,22.05,22.28,22.34,22.63,23.26,21.89,22.43,22.35
2026-03-08T00:00,2026-03-08,0,22.32,22.82,21.4,21.83,22.09,22.09,22.86,21.95,22.31,22.25
2026-03-08T01:00,2026-03-08,1,22.07,22.57,21.13,21.65,21.89,21.78,22.63,21.47,22.12,22.0
2026-03-08T02:00,2026-03-08,2,21.55,22.0,20.61,21.22,21.43,21.42,22.24,21.07,21.68,21.12
2026-03-08T03:00,2026-03-08,3,21.13,21.5,19.92,20.96,21.19,20.78,22.03,21.08,21.21,20.57
2026-03-08T04:00,2026-03-08,4,20.84,21.12,19.48,20.93,20.71,20.52,21.85,21.22,20.75,20.23
2026-03-08T05:00,2026-03-08,5,20.6,20.86,19.02,20.94,20.22,20.34,21.72,21.26,20.45,19.93
2026-03-08T06:00,2026-03-08,6,20.79,21.27,19.3,21.16,19.98,20.5,22.17,21.4,20.5,19.67
2026-03-08T07:00,2026-03-08,7,21.55,22.15,19.95,21.89,20.99,21.1,22.55,21.77,21.29,20.72
2026-03-08T08:00,2026-03-08,8,23.07,23.34,22.5,23.37,22.72,22.53,23.3,23.27,23.14,22.69
2026-03-08T09:00,2026-03-08,9,24.98,25.15,25.32,24.85,24.61,24.23,25.05,25.15,25.1,24.87
2026-03-08T10:00,2026-03-08,10,26.82,26.96,27.2,26.54,26.38,26.06,26.97,26.93,26.92,26.93
2026-03-08T11:00,2026-03-08,11,28.28,28.46,28.34,28.08,27.92,27.61,28.49,28.34,28.17,28.58
2026-03-08T12:00,2026-03-08,12,28.56,28.58,28.67,28.09,28.26,28.39,28.94,28.73,28.45,28.95
2026-03-08T13:00,2026-03-08,13,29.26,29.32,29.33,29.04,28.84,29.1,29.73,29.28,28.97,29.55
2026-03-08T14:00,2026-03-08,14,29.54,29.68,29.24,29.38,29.18,29.48,30.04,29.41,29.26,29.81
2026-03-08T15:00,2026-03-08,15,29.44,29.62,28.53,29.4,29.2,29.43,29.91,29.04,29.36,29.77
2026-03-08T16:00,2026-03-08,16,29.05,29.22,27.81,29.0,28.89,28.71,29.66,28.59,29.2,29.47
2026-03-08T17:00,2026-03-08,17,28.08,28.3,26.77,28.09,27.82,27.39,28.82,27.16,28.42,28.49
2026-03-08T18:00,2026-03-08,18,25.95,26.51,24.28,25.29,25.61,25.89,26.55,24.96,26.2,26.45
2026-03-08T19:00,2026-03-08,19,24.79,24.99,23.1,24.26,24.88,25.14,25.37,24.43,24.99,25.31
2026-03-08T20:00,2026-03-08,20,24.02,24.09,22.61,23.5,24.28,24.41,24.55,23.89,24.14,24.5
2026-03-08T21:00,2026-03-08,21,23.3,23.39,22.23,22.91,23.71,23.37,23.79,23.4,23.17,23.64
2026-03-08T22:00,2026-03-08,22,22.74,23.05,21.62,22.33,23.29,22.8,23.12,22.78,22.38,22.93
2026-03-08T23:00,2026-03-08,23,22.1,22.29,20.72,21.75,22.44,22.57,22.62,22.35,21.67,22.43
2026-03-09T00:00,2026-03-09,0,22.15,22.1,20.88,21.69,22.1,22.13,23.04,22.78,21.96,22.8
2026-03-09T01:00,2026-03-09,1,22.19,21.96,21.16,21.68,22.48,22.12,22.97,22.52,22.12,23.19
2026-03-09T02:00,2026-03-09,2,21.74,21.42,20.97,21.25,21.62,21.72,22.52,22.28,21.67,22.81
2026-03-09T03:00,2026-03-09,3,21.38,20.96,20.7,20.94,21.14,21.6,22.18,22.1,21.28,22.49
2026-03-09T04:00,2026-03-09,4,21.13,20.75,20.21,20.85,20.74,21.07,21.94,21.89,20.98,22.42
2026-03-09T05:00,2026-03-09,5,20.9,20.62,19.82,20.66,20.67,20.9,21.62,21.83,20.73,21.94
2026-03-09T06:00,2026-03-09,6,21.18,21.23,19.76,20.92,20.89,20.98,22.83,21.77,20.66,21.42
2026-03-09T07:00,2026-03-09,7,21.91,22.01,20.88,21.61,21.45,21.64,23.31,22.24,21.54,22.11
2026-03-09T08:00,2026-03-09,8,23.13,22.92,23.32,22.85,22.35,22.5,24.04,23.65,23.48,23.17
2026-03-09T09:00,2026-03-09,9,24.84,24.6,25.91,24.38,23.83,23.7,25.7,25.55,25.37,24.71
2026-03-09T10:00,2026-03-09,10,26.49,26.37,27.6,26.2,25.07,25.28,27.25,27.03,27.14,26.18
2026-03-09T11:00,2026-03-09,11,27.87,27.72,28.92,27.69,26.48,26.99,28.33,28.21,28.55,27.73
2026-03-09T12:00,2026-03-09,12,28.16,28.15,29.3,27.98,27.23,26.18,28.49,27.26,29.07,28.48
2026-03-09T13:00,2026-03-09,13,28.94,28.84,29.83,28.95,28.13,27.6,29.31,28.32,29.66,29.04
2026-03-09T14:00,2026-03-09,14,29.26,29.4,29.93,29.35,28.46,27.95,29.77,28.2,29.91,28.95
2026-03-09T15:00,2026-03-09,15,29.13,29.41,29.45,29.38,28.44,28.05,29.52,28.11,29.73,28.53
2026-03-09T16:00,2026-03-09,16,28.8,29.18,28.68,29.08,28.3,27.57,28.93,27.77,29.45,28.41
2026-03-09T17:00,2026-03-09,17,28.11,28.61,27.52,28.4,27.47,26.38,28.4,27.4,28.75,27.93
2026-03-09T18:00,2026-03-09,18,25.61,25.49,25.96,26.11,24.48,24.63,25.95,25.21,26.23,25.58
2026-03-09T19:00,2026-03-09,19,24.59,24.64,24.65,25.1,23.71,23.81,24.99,24.39,24.89,24.28
2026-03-09T20:00,2026-03-09,20,23.9,23.96,23.96,24.26,22.72,23.33,24.43,23.91,24.19,23.65
2026-03-09T21:00,2026-03-09,21,23.35,23.52,23.53,23.54,22.16,22.65,23.84,23.54,23.62,22.96
2026-03-09T22:00,2026-03-09,22,22.88,22.95,23.09,23.19,21.88,22.16,23.38,23.07,23.03,22.52
2026-03-09T23:00,2026-03-09,23,22.46,22.4,22.78,22.49,21.8,21.85,22.97,22.84,22.6,22.27
2026-03-10T00:00,2026-03-10,0,22.48,22.28,22.55,22.47,21.68,22.01,22.98,22.95,22.81,22.63
2026-03-10T01:00,2026-03-10,1,22.31,22.09,21.85,22.29,21.83,21.89,22.91,22.56,22.79,22.59
2026-03-10T02:00,2026-03-10,2,21.87,21.6,21.27,21.82,21.69,21.5,22.57,22.41,22.27,22.01
2026-03-10T03:00,2026-03-10,3,21.44,21.35,20.89,21.29,21.34,20.92,22.3,22.12,21.75,21.08
2026-03-10T04:00,2026-03-10,4,21.11,21.05,20.52,20.88,20.65,20.66,22.08,21.93,21.41,20.81
2026-03-10T05:00,2026-03-10,5,20.83,20.8,20.17,20.65,20.49,20.1,21.92,21.78,21.09,20.46
2026-03-10T06:00,2026-03-10,6,20.93,21.09,20.12,20.65,19.67,19.89,22.24,22.5,21.06,20.74
2026-03-10T07:00,2026-03-10,7,21.77,22.05,20.78,21.5,20.63,20.82,22.93,23.1,21.95,21.47
2026-03-10T08:00,2026-03-10,8,23.77,24.34,22.84,24.27,22.4,22.56,24.58,24.08,24.12,22.86
2026-03-10T09:00,2026-03-10,9,26.18,26.79,26.49,26.87,24.81,24.55,26.62,25.91,26.41,25.09
2026-03-10T10:00,2026-03-10,10,28.14,28.64,28.97,28.78,27.08,26.66,28.15,27.79,28.29,27.17
2026-03-10T11:00,2026-03-10,11,29.41,29.73,30.21,30.0,28.61,28.65,29.26,28.92,29.46,28.63
2026-03-10T12:00,2026-03-10,12,29.63,29.69,30.74,30.14,28.7,29.19,29.63,29.36,29.7,29.0
2026-03-10T13:00,2026-03-10,13,30.31,30.25,31.45,30.88,29.37,29.85,30.3,30.2,30.3,29.96
2026-03-10T14:00,2026-03-10,14,30.51,30.34,31.77,30.94,29.44,30.0,30.55,30.43,30.57,30.43
2026-03-10T15:00,2026-03-10,15,30.35,30.32,30.91,30.66,29.56,29.91,30.56,29.3,30.6,30.55
2026-03-10T16:00,2026-03-10,16,30.01,30.21,30.19,30.15,29.28,29.3,30.24,28.54,30.29,30.41
2026-03-10T17:00,2026-03-10,17,29.14,29.65,28.68,29.28,28.63,27.77,29.34,27.6,29.46,29.55
2026-03-10T18:00,2026-03-10,18,27.13,27.81,26.61,26.63,26.91,25.27,27.34,26.03,27.46,27.67
2026-03-10T19:00,2026-03-10,19,25.86,26.38,24.98,25.43,25.45,24.67,26.23,25.25,26.28,26.2
2026-03-10T20:00,2026-03-10,20,24.96,25.42,23.84,24.66,24.4,24.14,25.39,24.69,25.47,25.07
2026-03-10T21:00,2026-03-10,21,24.27,24.64,23.19,24.09,23.59,23.62,24.64,24.25,24.82,24.26
2026-03-10T22:00,2026-03-10,22,23.61,23.98,22.21,23.48,23.06,22.85,24.0,23.79,24.09,23.75
2026-03-10T23:00,2026-03-10,23,23.08,23.4,21.81,22.64,22.61,22.29,23.66,23.39,23.46,23.39
2026-03-11T00:00,2026-03-11,0,23.11,23.18,22.05,22.68,23.16,22.59,23.97,23.69,23.25,23.24
2026-03-11T01:00,2026-03-11,1,22.98,23.19,22.0,22.53,22.7,22.29,23.79,23.64,23.11,23.06
2026-03-11T02:00,2026-03-11,2,22.56,22.75,21.66,22.28,22.22,21.65,23.35,23.44,22.64,22.57
2026-03-11T03:00,2026-03-11,3,22.18,22.46,21.27,21.88,21.7,21.25,23.04,22.98,22.21,22.19
2026-03-11T04:00,2026-03-11,4,21.83,21.99,21.01,21.57,21.21,21.03,22.81,22.69,21.89,21.81
2026-03-11T05:00,2026-03-11,5,21.5,21.63,20.79,21.2,20.74,20.82,22.62,22.36,21.54,21.41
2026-03-11T06:00,2026-03-11,6,21.38,21.39,20.66,21.11,20.55,20.56,22.52,23.11,21.24,21.48
2026-03-11T07:00,2026-03-11,7,22.38,22.53,21.72,22.26,21.43,21.31,23.38,23.58,22.25,22.49
2026-03-11T08:00,2026-03-11,8,24.45,24.94,24.35,24.77,23.39,22.9,24.84,24.65,24.33,24.33
2026-03-11T09:00,2026-03-11,9,26.73,27.25,27.34,27.26,25.62,25.11,26.77,26.35,26.61,26.49
2026-03-11T10:00,2026-03-11,10,28.51,28.85,29.37,28.79,27.6,27.35,28.41,28.03,28.42,28.48
2026-03-11T11:00,2026-03-11,11,29.55,29.86,30.45,29.57,29.01,29.06,29.26,29.37,29.37,29.28
2026-03-11T12:00,2026-03-11,12,30.11,30.24,30.9,30.03,29.45,29.88,30.06,30.1,29.89,30.17
2026-03-11T13:00,2026-03-11,13,30.75,31.03,31.0,30.62,30.25,30.28,30.91,30.93,30.54,30.64
2026-03-11T14:00,2026-03-11,14,30.98,31.24,31.34,30.98,30.67,30.25,31.33,30.58,30.79,30.78
2026-03-11T15:00,2026-03-11,15,30.75,31.08,30.7,30.62,30.6,30.17,31.19,30.55,30.65,30.35
2026-03-11T16:00,2026-03-11,16,30.09,30.68,29.72,30.22,30.25,29.2,29.78,29.07,30.43,29.65
2026-03-11T17:00,2026-03-11,17,29.05,29.33,28.51,29.57,29.42,27.99,29.07,27.42,29.82,28.54
2026-03-11T18:00,2026-03-11,18,26.36,27.03,26.73,26.29,26.49,24.79,26.86,25.4,26.13,25.63
2026-03-11T19:00,2026-03-11,19,25.53,26.05,25.25,25.93,25.06,24.12,26.28,25.13,25.21,25.0
2026-03-11T20:00,2026-03-11,20,24.82,25.29,24.36,25.12,24.31,23.69,25.64,24.79,24.51,24.27
2026-03-11T21:00,2026-03-11,21,24.26,24.72,23.66,24.47,23.68,23.08,25.13,24.71,24.04,23.68
2026-03-11T22:00,2026-03-11,22,23.76,24.19,22.98,23.83,23.17,22.61,24.62,24.37,23.64,23.27
2026-03-11T23:00,2026-03-11,23,23.26,23.65,22.22,23.59,22.51,22.13,24.07,23.96,23.17,22.9
2026-03-12T00:00,2026-03-12,0,23.52,23.93,22.85,24.08,23.33,22.29,23.86,24.24,23.52,22.62
2026-03-12T01:00,2026-03-12,1,23.22,23.61,22.67,23.74,22.72,22.12,23.74,23.79,22.82,22.74
2026-03-12T02:00,2026-03-12,2,22.72,23.05,22.45,23.33,22.0,21.46,23.41,23.62,22.05,22.35
2026-03-12T03:00,2026-03-12,3,22.37,22.67,21.87,22.78,21.51,21.15,23.4,23.37,21.79,22.02
2026-03-12T04:00,2026-03-12,4,22.09,22.34,21.65,22.45,21.21,20.98,23.34,23.25,21.37,21.71
2026-03-12T05:00,2026-03-12,5,21.92,22.15,21.48,22.45,21.13,20.67,23.22,23.18,21.12,21.4
2026-03-12T06:00,2026-03-12,6,22.39,22.77,21.67,22.81,21.72,21.68,23.62,23.28,21.74,21.53
2026-03-12T07:00,2026-03-12,7,22.8,23.39,22.51,23.3,21.14,21.76,24.22,23.79,21.99,21.82
2026-03-12T08:00,2026-03-12,8,23.62,24.19,23.87,24.46,21.28,21.78,25.3,24.73,22.86,22.44
2026-03-12T09:00,2026-03-12,9,24.94,25.54,26.1,26.23,22.53,21.58,26.62,25.94,24.09,23.63
2026-03-12T10:00,2026-03-12,10,26.4,26.96,28.68,27.69,23.9,22.41,27.88,27.32,25.6,25.01
2026-03-12T11:00,2026-03-12,11,27.64,28.08,30.32,28.24,25.57,23.75,28.9,28.44,27.2,26.43
2026-03-12T12:00,2026-03-12,12,28.58,29.34,30.45,29.6,26.5,26.64,29.06,28.62,27.91,26.97
2026-03-12T13:00,2026-03-12,13,29.39,29.99,30.74,30.05,27.25,28.43,30.06,29.5,28.91,28.01
2026-03-12T14:00,2026-03-12,14,29.69,30.25,30.38,30.21,27.66,29.14,30.59,29.5,29.34,28.49
2026-03-12T15:00,2026-03-12,15,29.45,30.23,29.7,29.42,28.05,29.21,29.82,29.03,29.46,28.3
2026-03-12T16:00,2026-03-12,16,28.77,29.11,29.16,28.95,28.0,28.77,29.01,26.9,29.31,28.06
2026-03-12T17:00,2026-03-12,17,27.82,28.21,27.89,28.08,27.26,27.35,28.37,25.17,28.73,26.91
2026-03-12T18:00,2026-03-12,18,26.22,26.69,26.49,26.58,25.69,24.97,26.55,25.71,27.0,24.55
2026-03-12T19:00,2026-03-12,19,25.16,25.62,25.05,25.4,24.78,23.69,25.75,24.82,25.88,23.76
2026-03-12T20:00,2026-03-12,20,24.48,24.82,24.41,24.75,24.08,22.97,25.09,24.41,25.22,23.21
2026-03-12T21:00,2026-03-12,21,23.86,24.09,24.01,24.3,23.54,22.29,24.52,24.22,24.06,22.76
2026-03-12T22:00,2026-03-12,22,23.46,23.82,23.33,23.86,22.88,22.14,23.94,24.08,23.58,22.52
2026-03-12T23:00,2026-03-12,23,23.0,23.55,23.01,23.46,22.75,21.13,23.56,24.03,22.5,21.93
2026-03-13T00:00,2026-03-13,0,22.66,22.72,22.54,22.19,22.64,21.74,23.77,23.48,22.79,22.0
2026-03-13T01:00,2026-03-13,1,22.49,22.51,22.27,22.19,22.47,21.52,23.92,23.48,22.13,22.02
2026-03-13T02:00,2026-03-13,2,22.17,22.36,22.05,21.92,21.9,21.08,23.35,23.28,21.83,21.6
2026-03-13T03:00,2026-03-13,3,21.85,21.94,21.69,21.81,21.53,20.77,22.95,23.16,21.52,21.25
2026-03-13T04:00,2026-03-13,4,21.65,21.61,21.71,21.7,21.16,20.66,22.8,23.24,21.34,21.01
2026-03-13T05:00,2026-03-13,5,21.51,21.31,21.64,21.83,20.79,20.43,23.0,23.45,21.08,20.77
2026-03-13T06:00,2026-03-13,6,21.97,21.74,22.09,21.84,20.89,21.5,24.31,22.82,21.75,21.09
2026-03-13T07:00,2026-03-13,7,22.36,22.36,22.61,22.29,21.37,21.48,24.43,23.45,22.08,21.2
2026-03-13T08:00,2026-03-13,8,23.16,23.34,24.17,23.56,21.26,21.29,25.5,25.08,22.34,21.56
2026-03-13T09:00,2026-03-13,9,24.48,24.88,26.54,25.79,22.05,21.56,27.51,26.84,22.31,22.12
2026-03-13T10:00,2026-03-13,10,25.82,26.11,28.47,27.42,22.51,22.43,29.57,28.38,23.79,22.91
2026-03-13T11:00,2026-03-13,11,26.73,27.26,27.06,28.48,22.1,23.63,31.23,29.53,25.7,23.62
2026-03-13T12:00,2026-03-13,12,27.94,28.78,29.44,29.09,22.61,20.7,32.5,29.89,28.09,25.91
2026-03-13T13:00,2026-03-13,13,28.7,29.66,28.99,28.94,23.09,21.29,33.81,30.95,29.9,26.67
2026-03-13T14:00,2026-03-13,14,28.65,29.54,27.52,27.81,23.47,21.82,34.27,31.05,30.82,26.81
2026-03-13T15:00,2026-03-13,15,28.72,30.1,27.49,26.63,24.03,22.17,34.36,30.67,31.17,26.42
2026-03-13T16:00,2026-03-13,16,27.94,29.13,27.25,24.7,24.44,22.61,33.74,28.83,30.49,25.66
2026-03-13T17:00,2026-03-13,17,26.32,26.41,26.73,22.75,23.91,22.19,31.97,27.81,28.61,24.9
2026-03-13T18:00,2026-03-13,18,25.26,25.17,25.69,23.57,23.96,21.84,29.49,26.65,27.09,23.0
2026-03-13T19:00,2026-03-13,19,24.35,24.18,24.83,23.31,22.91,21.71,27.97,25.96,25.73,22.19
2026-03-13T20:00,2026-03-13,20,23.85,23.8,24.27,23.49,22.41,21.02,27.15,25.41,24.86,21.48
2026-03-13T21:00,2026-03-13,21,23.59,23.8,23.71,23.69,22.32,20.59,26.44,25.17,24.26,21.1
2026-03-13T22:00,2026-03-13,22,23.28,23.94,23.59,24.0,21.0,20.26,25.49,24.96,23.41,20.77
2026-03-13T23:00,2026-03-13,23,23.06,23.81,23.59,24.2,20.8,20.23,24.74,24.79,22.79,20.56
2026-03-14T00:00,2026-03-14,0,23.02,23.42,23.39,24.17,20.81,20.03,24.87,25.04,23.42,20.42
2026-03-14T01:00,2026-03-14,1,22.41,21.57,23.17,23.85,20.28,20.0,24.96,24.77,23.21,20.58
2026-03-14T02:00,2026-03-14,2,22.27,21.71,23.03,23.26,20.2,19.68,24.8,24.56,22.97,20.54
2026-03-14T03:00,2026-03-14,3,22.43,22.67,22.72,23.18,20.24,19.46,24.94,24.41,22.68,20.31
2026-03-14T04:00,2026-03-14,4,22.57,23.27,22.44,23.52,20.15,19.53,25.02,24.27,22.45,20.21
2026-03-14T05:00,2026-03-14,5,22.73,23.74,22.29,23.67,20.37,19.45,25.13,24.31,22.59,20.14
2026-03-14T06:00,2026-03-14,6,22.88,24.14,22.29,23.55,20.89,19.72,24.53,24.27,23.38,19.81
2026-03-14T07:00,2026-03-14,7,23.35,24.29,22.86,24.26,21.19,20.16,25.13,24.88,23.95,20.56
2026-03-14T08:00,2026-03-14,8,24.47,25.13,25.08,25.59,22.06,20.75,26.42,26.49,25.0,21.43
2026-03-14T09:00,2026-03-14,9,25.97,26.88,26.96,26.83,23.9,21.27,28.1,27.83,26.62,22.4
2026-03-14T10:00,2026-03-14,10,27.48,28.55,28.33,28.12,25.22,22.45,29.9,29.02,28.5,23.71
2026-03-14T11:00,2026-03-14,11,28.68,29.75,28.88,29.18,27.05,23.21,31.44,29.95,30.15,24.68
2026-03-14T12:00,2026-03-14,12,29.76,30.51,29.35,29.27,29.0,26.45,32.16,29.84,31.52,26.79
2026-03-14T13:00,2026-03-14,13,30.35,31.25,28.96,29.41,29.6,27.1,32.94,30.08,32.36,27.97
2026-03-14T14:00,2026-03-14,14,30.47,31.23,29.39,29.14,29.81,26.47,33.35,29.27,32.88,28.83
2026-03-14T15:00,2026-03-14,15,30.06,30.24,28.78,29.06,30.06,24.16,33.34,29.36,33.01,29.14
2026-03-14T16:00,2026-03-14,16,28.96,28.39,28.15,27.84,29.9,22.95,32.46,29.02,32.3,28.0
2026-03-14T17:00,2026-03-14,17,27.32,25.86,27.66,27.09,28.53,21.88,30.88,27.96,30.76,25.73
2026-03-14T18:00,2026-03-14,18,26.78,28.07,25.63,26.65,25.52,21.89,29.56,27.02,28.63,23.43
2026-03-14T19:00,2026-03-14,19,25.65,27.22,24.59,25.57,24.07,21.0,28.1,26.21,26.87,22.45
2026-03-14T20:00,2026-03-14,20,24.73,26.53,23.65,23.9,23.14,20.43,26.83,25.56,26.01,21.72
2026-03-14T21:00,2026-03-14,21,24.01,25.94,21.43,23.5,22.62,20.02,26.02,25.23,24.99,21.42
2026-03-14T22:00,2026-03-14,22,23.61,25.35,21.51,23.65,22.13,19.84,25.46,24.71,24.15,21.14
2026-03-14T23:00,2026-03-14,23,23.23,24.75,21.46,23.7,21.59,19.47,24.95,24.45,23.58,21.04
2026-03-15T00:00,2026-03-15,0,23.47,24.19,22.55,24.42,20.98,19.1,24.82,24.76,24.8,22.24
2026-03-15T01:00,2026-03-15,1,23.32,23.92,22.68,24.52,19.22,19.62,25.02,24.83,24.83,21.89
2026-03-15T02:00,2026-03-15,2,23.24,23.99,22.49,24.27,19.53,19.67,25.12,24.82,24.34,21.62
2026-03-15T03:00,2026-03-15,3,23.21,24.3,22.35,24.13,19.92,19.57,25.12,24.72,24.05,21.02
2026-03-15T04:00,2026-03-15,4,23.0,24.3,22.1,24.02,19.42,18.82,25.05,24.76,24.08,20.12
2026-03-15T05:00,2026-03-15,5,22.96,24.35,21.9,24.02,19.31,18.96,24.97,24.76,24.29,19.64
2026-03-15T06:00,2026-03-15,6,22.8,23.49,22.05,22.19,20.1,19.27,25.1,24.85,24.64,20.98
2026-03-15T07:00,2026-03-15,7,22.69,22.8,22.76,21.58,19.42,19.25,25.58,25.31,25.04,21.02
2026-03-15T08:00,2026-03-15,8,22.79,21.48,24.33,21.97,19.61,20.02,26.69,26.54,25.39,20.91
2026-03-15T09:00,2026-03-15,9,23.36,21.71,25.83,21.75,19.69,20.53,28.34,27.75,26.24,21.09
2026-03-15T10:00,2026-03-15,10,24.06,22.81,26.96,21.85,20.25,21.08,29.79,28.67,25.89,21.61
2026-03-15T11:00,2026-03-15,11,24.69,23.73,23.67,23.22,21.64,22.47,31.12,29.51,26.35,22.19
2026-03-15T12:00,2026-03-15,12,27.41,28.39,29.28,26.4,24.23,24.3,31.99,27.83,27.36,24.01
2026-03-15T13:00,2026-03-15,13,28.16,28.63,29.57,28.06,25.78,25.77,31.98,26.78,28.56,25.57
2026-03-15T14:00,2026-03-15,14,27.83,27.67,28.54,27.45,26.81,24.21,31.52,26.86,28.96,26.59
2026-03-15T15:00,2026-03-15,15,26.76,25.1,28.13,26.64,27.44,23.47,29.27,26.67,28.79,26.86
2026-03-15T16:00,2026-03-15,16,25.45,23.65,27.29,25.81,24.93,21.81,25.15,27.05,28.42,26.9
2026-03-15T17:00,2026-03-15,17,24.48,23.52,26.65,24.46,24.01,20.94,22.59,26.56,26.67,26.09
2026-03-15T18:00,2026-03-15,18,24.88,24.9,26.26,25.04,24.33,20.78,27.26,24.89,25.63,23.26
2026-03-15T19:00,2026-03-15,19,23.75,24.17,25.57,24.06,23.18,19.37,26.03,24.88,24.29,20.52
2026-03-15T20:00,2026-03-15,20,23.07,23.75,24.96,23.94,21.69,19.24,24.1,25.15,23.27,19.82
2026-03-15T21:00,2026-03-15,21,22.61,23.74,24.51,24.0,19.56,19.09,23.85,25.25,21.7,19.49
2026-03-15T22:00,2026-03-15,22,22.18,22.84,24.27,23.87,19.57,18.84,23.38,25.13,21.24,19.22
2026-03-15T23:00,2026-03-15,23,21.63,21.53,24.22,23.42,19.4,18.78,22.98,24.95,20.62,19.27
2026-03-16T00:00,2026-03-16,0,22.1,21.83,23.94,22.39,20.43,19.52,23.6,25.39,22.06,20.65
2026-03-16T01:00,2026-03-16,1,21.96,22.01,23.36,21.84,20.29,19.61,23.43,25.19,21.99,20.31
2026-03-16T02:00,2026-03-16,2,21.47,21.97,21.4,20.73,19.94,19.24,23.19,25.0,21.66,19.78
2026-03-16T03:00,2026-03-16,3,21.11,21.76,19.91,20.58,19.55,19.06,22.91,24.45,21.51,19.39
2026-03-16T04:00,2026-03-16,4,20.91,21.65,19.7,20.47,19.34,18.93,22.74,24.12,20.95,19.22
2026-03-16T05:00,2026-03-16,5,20.66,21.34,19.73,20.38,19.19,18.65,22.49,23.9,20.15,19.3
2026-03-16T06:00,2026-03-16,6,21.21,21.89,21.34,21.97,20.1,18.88,22.96,23.67,19.89,19.2
2026-03-16T07:00,2026-03-16,7,21.9,22.79,21.56,22.73,20.7,19.16,23.37,24.43,20.94,19.85
2026-03-16T08:00,2026-03-16,8,23.44,24.26,23.33,24.58,21.48,19.93,24.93,25.89,23.21,21.22
2026-03-16T09:00,2026-03-16,9,25.23,26.23,25.81,26.44,22.07,21.18,27.06,27.28,25.15,22.85
2026-03-16T10:00,2026-03-16,10,26.97,27.95,28.19,28.25,23.64,22.69,28.81,28.61,26.73,24.65
2026-03-16T11:00,2026-03-16,11,28.38,29.34,29.86,29.5,25.28,24.15,30.27,29.57,28.11,26.15
2026-03-16T12:00,2026-03-16,12,29.1,30.14,30.27,30.71,27.01,24.34,30.9,30.23,28.24,26.79
2026-03-16T13:00,2026-03-16,13,29.49,30.44,29.66,30.7,27.63,25.38,31.13,29.93,29.38,27.76
2026-03-16T14:00,2026-03-16,14,28.99,30.36,28.81,28.2,28.26,25.6,29.12,28.01,30.03,28.34
2026-03-16T15:00,2026-03-16,15,28.13,29.54,27.84,26.61,28.68,23.46,28.31,24.16,30.24,28.51
2026-03-16T16:00,2026-03-16,16,26.95,27.59,27.47,23.61,28.21,21.86,27.76,24.45,29.97,28.0
2026-03-16T17:00,2026-03-16,17,25.29,25.79,22.78,22.81,26.67,21.79,24.43,25.06,29.33,26.39
2026-03-16T18:00,2026-03-16,18,24.17,25.44,24.9,22.12,25.21,20.8,23.68,23.24,26.56,22.28
2026-03-16T19:00,2026-03-16,19,23.5,24.72,23.63,22.5,23.75,21.14,23.27,23.43,25.2,20.98
2026-03-16T20:00,2026-03-16,20,22.74,23.68,23.69,22.27,21.75,19.55,23.07,23.58,24.37,20.14
2026-03-16T21:00,2026-03-16,21,22.18,23.04,22.91,22.12,20.31,19.64,22.78,23.27,23.58,19.6
2026-03-16T22:00,2026-03-16,22,21.77,22.53,22.49,21.86,19.74,18.76,22.53,23.06,23.03,19.56
2026-03-16T23:00,2026-03-16,23,21.44,22.05,23.01,21.71,18.92,18.53,22.35,22.84,22.18,19.49
2026-03-17T00:00,2026-03-17,0,22.77,24.31,23.13,23.7,20.25,18.99,23.23,23.98,22.77,20.59
2026-03-17T01:00,2026-03-17,1,22.91,24.24,23.76,23.99,20.7,19.34,23.15,23.84,22.79,20.85
2026-03-17T02:00,2026-03-17,2,22.54,23.43,23.76,23.72,20.62,19.29,22.81,23.52,22.49,20.64
2026-03-17T03:00,2026-03-17,3,22.11,22.84,23.51,23.02,20.18,18.99,22.43,23.05,22.24,20.47
2026-03-17T04:00,2026-03-17,4,21.68,22.24,23.18,22.48,19.76,18.95,22.23,22.76,21.78,20.05
2026-03-17T05:00,2026-03-17,5,21.31,21.59,22.7,22.34,19.43,18.93,21.89,22.55,21.57,19.62
2026-03-17T06:00,2026-03-17,6,20.68,20.54,22.56,21.91,18.37,17.89,21.75,23.19,20.53,19.29
2026-03-17T07:00,2026-03-17,7,21.18,21.22,22.69,22.44,18.94,18.2,22.3,23.42,20.97,19.89
2026-03-17T08:00,2026-03-17,8,22.87,23.13,24.04,24.13,20.31,19.06,24.23,25.24,22.89,21.43
2026-03-17T09:00,2026-03-17,9,24.87,25.11,26.71,26.13,22.07,20.58,26.46,26.85,24.97,23.29
2026-03-17T10:00,2026-03-17,10,26.71,26.91,28.63,27.89,23.96,22.68,28.39,28.55,26.82,25.03
2026-03-17T11:00,2026-03-17,11,28.2,28.43,29.62,29.27,25.66,24.8,30.11,29.81,28.31,26.3
2026-03-17T12:00,2026-03-17,12,29.02,29.1,30.65,30.46,26.85,25.91,30.52,30.42,29.21,26.98
2026-03-17T13:00,2026-03-17,13,30.02,30.35,31.23,30.96,28.19,27.34,31.51,31.09,30.23,27.85
2026-03-17T14:00,2026-03-17,14,30.46,30.9,31.06,31.0,29.03,27.96,32.11,31.12,30.92,28.32
2026-03-17T15:00,2026-03-17,15,30.31,31.29,30.03,30.4,29.32,28.59,31.73,30.16,30.39,28.33
2026-03-17T16:00,2026-03-17,16,29.49,30.13,29.13,29.77,29.09,27.93,30.52,29.43,29.68,27.9
2026-03-17T17:00,2026-03-17,17,27.1,24.94,27.83,28.76,26.35,26.13,28.78,28.27,28.99,26.77
2026-03-17T18:00,2026-03-17,18,26.48,26.66,26.24,27.16,25.17,23.49,28.24,26.37,27.69,25.2
2026-03-17T19:00,2026-03-17,19,25.05,25.11,25.22,26.0,23.11,22.25,26.97,25.23,25.93,23.8
2026-03-17T20:00,2026-03-17,20,24.29,24.79,24.66,25.13,22.09,20.49,26.19,24.6,24.94,22.94
2026-03-17T21:00,2026-03-17,21,23.74,24.48,24.07,24.52,21.85,19.95,25.34,24.16,24.46,21.78
2026-03-17T22:00,2026-03-17,22,23.35,24.18,23.28,23.89,22.14,19.61,24.71,23.81,24.34,21.18
2026-03-17T23:00,2026-03-17,23,22.93,23.76,22.51,23.32,21.87,19.43,24.2,23.51,24.2,20.64
2026-03-18T00:00,2026-03-18,0,23.21,23.98,22.76,23.52,22.76,19.36,24.82,24.06,23.43,21.69
2026-03-18T01:00,2026-03-18,1,23.02,23.74,22.49,23.31,21.83,19.57,24.3,24.01,23.58,21.81
2026-03-18T02:00,2026-03-18,2,22.39,23.04,22.01,22.93,19.9,18.63,23.88,23.82,23.56,20.92
2026-03-18T03:00,2026-03-18,3,21.89,22.62,21.51,22.46,18.89,18.02,23.57,23.47,23.19,20.21
2026-03-18T04:00,2026-03-18,4,21.57,22.25,21.18,22.19,18.74,17.87,23.39,23.16,22.88,19.63
2026-03-18T05:00,2026-03-18,5,21.3,22.02,20.89,21.66,18.9,17.82,23.2,22.84,22.59,19.11
2026-03-18T06:00,2026-03-18,6,21.92,22.28,20.86,22.39,20.93,19.1,24.05,23.03,22.75,20.1
2026-03-18T07:00,2026-03-18,7,22.93,23.64,22.01,23.59,21.87,18.87,24.63,24.11,23.66,21.27
2026-03-18T08:00,2026-03-18,8,24.18,24.63,24.3,25.06,22.9,19.42,25.82,25.9,24.6,22.89
2026-03-18T09:00,2026-03-18,9,25.73,25.86,26.96,26.9,23.76,20.37,27.66,27.66,26.48,24.08
2026-03-18T10:00,2026-03-18,10,27.06,27.53,28.32,27.48,24.46,20.67,29.41,28.75,28.29,25.58
2026-03-18T11:00,2026-03-18,11,28.02,29.0,28.77,26.67,24.15,21.51,31.03,29.69,29.96,27.1
2026-03-18T12:00,2026-03-18,12,28.98,30.36,29.89,27.29,25.92,24.99,31.33,28.84,30.94,26.77
2026-03-18T13:00,2026-03-18,13,28.76,30.16,30.1,27.5,24.87,26.79,28.18,27.98,31.84,26.93
2026-03-18T14:00,2026-03-18,14,26.98,26.1,28.93,26.26,24.88,27.68,25.69,24.36,30.68,27.86
2026-03-18T15:00,2026-03-18,15,25.5,24.14,27.43,24.87,24.58,27.89,23.83,23.05,27.57,27.87
2026-03-18T16:00,2026-03-18,16,24.62,22.99,26.65,23.78,24.54,26.07,24.79,23.39,24.68,27.69
2026-03-18T17:00,2026-03-18,17,23.93,22.74,25.5,23.44,23.42,24.1,24.61,23.62,23.3,26.73
2026-03-18T18:00,2026-03-18,18,23.54,23.27,22.42,22.55,22.48,21.25,24.9,24.19,24.8,25.29
2026-03-18T19:00,2026-03-18,19,22.99,22.75,22.7,22.55,22.02,20.71,24.05,23.74,23.96,23.89
2026-03-18T20:00,2026-03-18,20,22.44,22.22,22.55,21.98,21.87,20.4,23.41,23.06,23.32,22.84
2026-03-18T21:00,2026-03-18,21,22.01,21.56,21.86,21.62,21.38,20.38,23.11,22.85,23.05,22.47
2026-03-18T22:00,2026-03-18,22,21.58,21.25,21.04,21.12,20.7,19.94,22.66,22.43,22.77,22.09
2026-03-18T23:00,2026-03-18,23,21.19,20.95,20.5,20.87,19.96,19.76,22.41,22.25,22.43,21.31
2026-03-19T00:00,2026-03-19,0,21.54,20.48,20.81,20.83,21.98,21.46,22.41,21.98,23.35,22.14
2026-03-19T01:00,2026-03-19,1,21.34,20.54,20.96,20.83,21.5,21.11,22.18,22.04,22.83,21.38
2026-03-19T02:00,2026-03-19,2,20.88,20.48,20.52,20.47,20.52,20.51,21.89,21.73,22.01,20.38
2026-03-19T03:00,2026-03-19,3,20.4,20.05,20.58,20.08,19.71,19.89,21.28,21.17,21.47,19.77
2026-03-19T04:00,2026-03-19,4,20.03,19.71,20.31,19.54,19.21,19.52,21.33,21.02,20.86,19.27
2026-03-19T05:00,2026-03-19,5,19.77,19.6,19.73,19.61,18.67,18.72,21.13,21.11,20.36,19.07
2026-03-19T06:00,2026-03-19,6,19.53,19.05,21.47,19.4,18.37,18.67,20.97,21.25,19.3,18.58
2026-03-19T07:00,2026-03-19,7,20.41,20.04,22.13,20.21,19.54,19.56,21.84,22.09,20.21,19.28
2026-03-19T08:00,2026-03-19,8,22.54,22.35,24.67,22.9,21.46,20.9,23.84,24.27,22.28,20.83
2026-03-19T09:00,2026-03-19,9,24.86,24.78,27.33,25.54,23.69,22.93,25.98,26.18,24.6,22.87
2026-03-19T10:00,2026-03-19,10,26.92,26.87,29.37,27.62,25.73,25.14,27.98,27.84,26.67,24.97
2026-03-19T11:00,2026-03-19,11,28.67,28.69,30.83,29.35,27.3,27.34,29.92,29.37,28.45,26.6
2026-03-19T12:00,2026-03-19,12,29.07,29.25,31.12,30.09,27.25,28.09,29.83,29.62,28.63,27.22
2026-03-19T13:00,2026-03-19,13,29.9,30.26,31.14,31.01,28.24,28.76,30.52,29.99,29.7,28.24
2026-03-19T14:00,2026-03-19,14,30.26,30.6,31.28,31.44,28.67,28.87,30.8,30.08,30.28,28.76
2026-03-19T15:00,2026-03-19,15,30.23,30.57,31.12,31.48,28.82,28.71,30.6,30.12,30.37,28.73
2026-03-19T16:00,2026-03-19,16,29.81,30.13,30.47,31.12,28.62,28.08,30.09,29.89,30.05,28.38
2026-03-19T17:00,2026-03-19,17,28.4,29.23,29.2,30.19,27.61,26.43,24.9,29.01,29.2,27.74
2026-03-19T18:00,2026-03-19,18,26.0,26.38,26.83,27.86,25.07,24.69,24.88,26.62,24.59,26.26
2026-03-19T19:00,2026-03-19,19,24.76,25.58,25.16,25.73,24.28,23.8,23.66,24.19,23.73,24.86
2026-03-19T20:00,2026-03-19,20,23.88,25.17,24.65,23.41,23.61,22.91,23.46,22.21,22.9,23.73
2026-03-19T21:00,2026-03-19,21,23.23,24.22,24.2,22.63,22.88,22.11,23.0,22.38,22.59,22.99
2026-03-19T22:00,2026-03-19,22,22.56,23.37,23.52,21.81,22.31,21.55,22.37,21.97,22.22,22.34
2026-03-19T23:00,2026-03-19,23,21.95,22.46,22.7,21.31,21.83,21.34,21.96,22.16,21.78,21.34
2026-03-20T00:00,2026-03-20,0,22.11,22.69,22.18,21.75,22.04,20.38,23.24,23.23,22.1,20.37
2026-03-20T01:00,2026-03-20,1,22.16,22.85,22.14,21.98,20.97,20.53,23.39,23.5,22.09,20.61
2026-03-20T02:00,2026-03-20,2,21.64,22.28,21.77,21.82,19.56,19.77,23.12,23.53,21.49,20.0
2026-03-20T03:00,2026-03-20,3,21.24,21.7,21.75,21.66,19.35,19.13,22.73,23.31,20.9,19.7
2026-03-20T04:00,2026-03-20,4,20.8,21.08,21.52,21.23,19.08,18.75,22.4,23.0,20.28,19.39
2026-03-20T05:00,2026-03-20,5,20.53,20.85,21.16,21.07,18.51,18.68,22.15,22.69,20.04,19.07
2026-03-20T06:00,2026-03-20,6,21.64,21.85,22.84,21.5,19.59,20.26,23.54,24.38,21.28,19.65
2026-03-20T07:00,2026-03-20,7,21.8,21.27,23.77,20.52,20.44,20.49,24.25,25.13,22.32,19.95
2026-03-20T08:00,2026-03-20,8,22.78,22.57,24.78,21.27,20.85,20.95,25.64,26.42,23.14,20.69
2026-03-20T09:00,2026-03-20,9,23.9,24.36,24.85,23.05,21.18,22.24,27.54,26.19,22.9,22.2
2026-03-20T10:00,2026-03-20,10,25.66,26.4,26.56,26.18,21.67,24.65,29.06,26.12,24.23,23.94
2026-03-20T11:00,2026-03-20,11,27.42,28.12,28.29,28.77,23.46,26.92,29.24,26.11,27.24,25.6
2026-03-20T12:00,2026-03-20,12,27.18,27.15,30.17,24.96,24.69,27.33,29.07,26.86,27.65,26.71
2026-03-20T13:00,2026-03-20,13,27.45,26.43,30.4,24.21,26.77,28.59,28.82,28.32,28.8,27.64
2026-03-20T14:00,2026-03-20,14,27.32,26.03,30.36,25.77,27.52,29.05,25.17,29.03,28.95,28.04
2026-03-20T15:00,2026-03-20,15,26.77,25.63,28.35,26.63,27.34,26.39,25.09,28.97,27.46,28.2
2026-03-20T16:00,2026-03-20,16,26.09,25.38,28.11,27.04,26.9,25.45,24.26,25.32,26.34,27.01
2026-03-20T17:00,2026-03-20,17,25.28,25.06,26.88,26.35,25.69,24.24,24.18,24.6,26.25,24.04
2026-03-20T18:00,2026-03-20,18,23.91,23.26,25.12,22.46,22.82,21.69,24.88,24.03,25.88,25.08
2026-03-20T19:00,2026-03-20,19,23.41,23.04,24.46,22.54,22.13,21.45,24.36,23.45,24.98,23.86
2026-03-20T20:00,2026-03-20,20,23.11,22.97,24.04,22.44,21.54,21.06,24.15,23.43,24.28,23.32
2026-03-20T21:00,2026-03-20,21,22.72,22.57,23.53,22.11,21.03,20.76,24.05,23.52,23.67,22.67
2026-03-20T22:00,2026-03-20,22,22.2,22.16,22.56,21.66,20.64,20.7,23.93,23.45,22.99,21.37
2026-03-20T23:00,2026-03-20,23,21.82,21.81,22.8,21.21,20.44,20.51,23.54,23.07,22.26,20.7
2026-03-21T00:00,2026-03-21,0,21.3,21.61,20.92,20.35,20.93,21.05,22.51,21.92,21.8,20.12
2026-03-21T01:00,2026-03-21,1,20.94,21.16,20.73,20.27,20.57,20.96,22.13,21.73,21.13,19.73
2026-03-21T02:00,2026-03-21,2,20.68,20.81,20.42,20.28,20.35,20.83,21.72,21.94,20.53,19.59
2026-03-21T03:00,2026-03-21,3,20.47,20.42,20.48,20.19,19.99,20.44,21.77,21.67,20.36,19.46
2026-03-21T04:00,2026-03-21,4,20.28,20.21,20.86,20.29,19.49,19.65,21.46,21.92,20.04,19.2
2026-03-21T05:00,2026-03-21,5,19.91,19.61,20.33,19.64,19.21,19.42,21.18,21.74,19.99,19.13
2026-03-21T06:00,2026-03-21,6,19.47,19.09,20.28,19.28,19.29,19.07,20.17,21.01,19.65,18.62
2026-03-21T07:00,2026-03-21,7,19.91,19.72,21.05,19.98,20.01,19.88,20.0,20.86,19.87,18.76
2026-03-21T08:00,2026-03-21,8,20.61,20.25,22.82,20.7,20.9,21.28,20.18,20.85,20.31,19.71
2026-03-21T09:00,2026-03-21,9,21.58,20.91,25.01,21.8,22.93,22.96,20.18,20.94,20.88,20.99
2026-03-21T10:00,2026-03-21,10,22.53,21.63,26.79,22.88,23.41,24.79,20.79,21.03,21.87,22.3
2026-03-21T11:00,2026-03-21,11,23.38,22.72,27.41,23.61,23.81,26.38,21.11,20.9,23.04,23.35
2026-03-21T12:00,2026-03-21,12,23.72,23.26,27.58,24.15,24.59,26.98,21.53,21.51,22.88,22.99
2026-03-21T13:00,2026-03-21,13,24.01,24.28,27.6,23.97,24.21,26.63,21.68,21.64,23.58,22.74
2026-03-21T14:00,2026-03-21,14,24.14,24.49,27.35,23.83,24.25,26.74,22.43,22.02,23.7,22.58
2026-03-21T15:00,2026-03-21,15,24.12,24.57,26.8,24.28,23.71,26.41,22.86,21.96,23.92,22.11
2026-03-21T16:00,2026-03-21,16,23.88,24.33,25.8,24.28,23.42,25.7,23.16,22.53,23.46,21.81
2026-03-21T17:00,2026-03-21,17,23.28,23.87,24.47,24.0,22.79,24.42,22.96,22.32,22.82,21.0
2026-03-21T18:00,2026-03-21,18,22.29,23.17,24.37,21.91,22.36,23.03,22.52,22.09,21.29,19.29
2026-03-21T19:00,2026-03-21,19,21.25,21.77,23.42,20.75,22.0,22.35,21.34,20.82,20.11,18.97
2026-03-21T20:00,2026-03-21,20,20.61,20.61,22.78,20.38,21.15,22.14,20.92,20.77,19.55,18.61
2026-03-21T21:00,2026-03-21,21,19.95,19.67,21.76,20.06,20.41,21.27,20.2,20.42,19.05,18.43
2026-03-21T22:00,2026-03-21,22,19.44,19.15,20.67,19.51,19.91,20.42,19.99,20.0,18.62,18.24
2026-03-21T23:00,2026-03-21,23,19.02,18.76,19.97,18.91,19.6,20.06,19.97,19.66,18.13,17.72
2026-03-22T00:00,2026-03-22,0,19.32,19.44,19.55,19.48,19.51,19.03,19.76,20.41,18.86,18.22
2026-03-22T01:00,2026-03-22,1,19.31,19.6,19.31,19.54,19.4,19.16,19.58,20.09,18.67,18.42
2026-03-22T02:00,2026-03-22,2,19.08,19.52,19.16,19.29,18.94,18.85,18.93,19.91,18.43,18.37
2026-03-22T03:00,2026-03-22,3,18.76,19.02,19.26,19.2,18.57,18.71,18.4,19.23,18.08,18.31
2026-03-22T04:00,2026-03-22,4,18.32,18.42,18.91,18.73,18.26,18.36,18.02,18.67,17.57,18.11
2026-03-22T05:00,2026-03-22,5,17.89,17.95,18.85,18.25,17.99,17.86,17.49,18.12,17.2,17.55
2026-03-22T06:00,2026-03-22,6,18.06,17.75,19.34,18.8,17.95,18.67,17.75,19.11,17.29,17.37
2026-03-22T07:00,2026-03-22,7,18.9,18.96,19.8,19.59,18.65,19.0,18.73,19.92,18.02,18.02
2026-03-22T08:00,2026-03-22,8,20.32,20.75,21.08,21.1,19.67,19.59,20.45,21.32,19.45,19.03
2026-03-22T09:00,2026-03-22,9,22.02,22.63,23.08,22.53,21.15,20.39,22.37,23.1,21.23,20.66
2026-03-22T10:00,2026-03-22,10,23.56,23.98,24.9,24.0,22.66,21.67,24.07,24.67,22.98,22.33
2026-03-22T11:00,2026-03-22,11,24.8,25.1,26.15,25.35,24.0,22.91,25.25,25.65,24.29,23.78
2026-03-22T12:00,2026-03-22,12,24.61,24.61,26.65,25.35,23.46,23.1,25.29,25.45,23.86,23.7
2026-03-22T13:00,2026-03-22,13,25.5,25.56,27.11,26.02,24.6,24.21,26.3,26.12,24.91,24.49
2026-03-22T14:00,2026-03-22,14,25.98,26.23,27.3,26.42,25.05,24.77,26.66,26.52,25.38,24.99
2026-03-22T15:00,2026-03-22,15,26.1,26.53,26.93,26.47,25.43,24.85,26.73,26.61,25.49,25.03
2026-03-22T16:00,2026-03-22,16,25.86,26.3,26.39,26.2,25.58,24.51,26.48,26.39,25.35,24.65
2026-03-22T17:00,2026-03-22,17,25.15,25.68,25.32,25.41,24.66,23.56,25.81,25.71,24.93,23.99
2026-03-22T18:00,2026-03-22,18,23.23,23.49,23.66,23.46,22.49,21.56,24.25,23.92,23.07,22.3
2026-03-22T19:00,2026-03-22,19,22.13,22.41,22.61,22.16,21.62,20.99,22.85,22.69,21.89,21.32
2026-03-22T20:00,2026-03-22,20,21.34,21.47,21.93,21.59,20.93,20.31,21.96,22.24,21.05,20.47
2026-03-22T21:00,2026-03-22,21,20.65,20.74,21.65,20.64,20.2,20.08,21.33,21.51,20.2,19.66
2026-03-22T22:00,2026-03-22,22,20.01,20.05,20.96,20.09,19.53,19.64,20.53,20.99,19.61,19.06
2026-03-22T23:00,2026-03-22,23,19.43,19.51,19.87,19.69,18.77,19.12,20.08,20.5,18.99,18.52
2026-03-23T00:00,2026-03-23,0,19.25,19.29,19.29,19.22,18.85,19.28,20.02,20.44,18.84,18.53
2026-03-23T01:00,2026-03-23,1,18.99,19.09,18.7,18.9,18.65,18.94,19.9,19.95,18.64,18.32
2026-03-23T02:00,2026-03-23,2,18.6,18.58,18.25,18.49,18.3,18.48,19.82,19.7,18.33,17.87
2026-03-23T03:00,2026-03-23,3,18.23,18.17,17.94,17.98,17.86,18.12,19.56,19.48,18.03,17.42
2026-03-23T04:00,2026-03-23,4,17.93,17.95,17.61,17.55,17.25,17.85,19.21,19.25,17.96,17.09
2026-03-23T05:00,2026-03-23,5,17.71,17.83,17.47,17.18,16.71,17.67,19.08,18.93,17.77,16.84
2026-03-23T06:00,2026-03-23,6,17.84,18.07,17.39,16.83,16.69,17.63,19.33,19.09,18.29,17.01
2026-03-23T07:00,2026-03-23,7,19.37,19.7,19.48,18.91,18.34,18.36,20.45,20.54,19.61,18.34
2026-03-23T08:00,2026-03-23,8,21.83,22.44,22.41,22.02,20.77,19.43,22.65,22.95,21.93,20.33
2026-03-23T09:00,2026-03-23,9,24.0,24.57,25.51,24.39,23.1,21.1,24.17,24.89,24.28,22.45
2026-03-23T10:00,2026-03-23,10,25.51,25.95,27.11,26.08,24.65,23.05,25.53,25.94,25.7,24.12
2026-03-23T11:00,2026-03-23,11,26.48,26.82,28.12,26.86,25.72,24.9,26.58,26.55,26.58,25.1
2026-03-23T12:00,2026-03-23,12,26.65,26.82,28.55,27.01,25.93,25.58,26.82,26.5,26.59,25.48
2026-03-23T13:00,2026-03-23,13,27.36,27.59,28.85,27.68,26.68,26.13,27.87,27.16,27.3,26.13
2026-03-23T14:00,2026-03-23,14,27.65,27.86,29.15,27.91,26.99,26.41,28.23,27.26,27.68,26.45
2026-03-23T15:00,2026-03-23,15,27.67,28.0,28.53,27.93,27.18,26.35,28.3,27.08,27.8,26.51
2026-03-23T16:00,2026-03-23,16,27.37,27.8,27.72,27.41,27.17,25.89,28.15,26.72,27.57,26.31
2026-03-23T17:00,2026-03-23,17,26.61,27.17,26.36,26.47,26.49,24.83,27.55,26.11,26.97,25.63
2026-03-23T18:00,2026-03-23,18,24.65,24.93,24.43,24.65,24.04,22.99,25.96,24.22,25.16,23.89
2026-03-23T19:00,2026-03-23,19,23.28,23.74,23.15,23.06,22.46,21.81,24.31,23.3,23.67,22.49
2026-03-23T20:00,2026-03-23,20,22.43,22.9,22.53,22.1,21.72,21.36,23.37,22.66,22.54,21.51
2026-03-23T21:00,2026-03-23,21,21.78,22.27,21.78,21.51,21.14,21.0,22.96,22.08,21.55,20.71
2026-03-23T22:00,2026-03-23,22,21.29,21.88,21.18,21.06,20.71,20.66,22.42,21.66,20.96,19.98
2026-03-23T23:00,2026-03-23,23,20.78,21.38,20.89,20.55,19.91,20.31,21.85,21.55,20.26,19.43
2026-03-24T00:00,2026-03-24,0,20.69,21.3,20.47,20.54,19.5,20.26,21.78,21.64,20.2,19.54
2026-03-24T01:00,2026-03-24,1,20.56,21.23,19.76,20.36,19.54,19.88,21.66,21.14,20.39,19.62
2026-03-24T02:00,2026-03-24,2,20.14,20.65,19.13,20.23,19.16,19.33,21.18,20.81,20.1,19.38
2026-03-24T03:00,2026-03-24,3,19.77,20.18,18.59,19.92,18.94,18.82,20.84,20.52,19.82,19.14
2026-03-24T04:00,2026-03-24,4,19.51,19.81,18.36,19.61,18.69,18.56,20.71,20.13,19.59,19.12
2026-03-24T05:00,2026-03-24,5,19.29,19.53,18.24,19.52,18.3,18.35,20.56,19.82,19.38,18.93
2026-03-24T06:00,2026-03-24,6,19.28,19.65,18.32,18.83,18.2,18.11,21.05,20.13,19.38,18.77
2026-03-24T07:00,2026-03-24,7,20.79,21.29,20.25,20.5,19.8,19.52,22.27,21.61,20.83,19.84
2026-03-24T08:00,2026-03-24,8,23.06,23.64,23.08,23.34,22.22,21.24,24.32,24.01,23.06,21.18
2026-03-24T09:00,2026-03-24,9,25.11,25.73,26.22,25.56,24.44,23.51,26.3,26.04,25.51,21.47
2026-03-24T10:00,2026-03-24,10,26.84,27.56,27.9,27.38,26.29,25.42,27.87,27.65,27.73,22.31
2026-03-24T11:00,2026-03-24,11,27.94,28.88,29.0,28.41,27.55,26.84,29.09,28.68,28.94,22.37
2026-03-24T12:00,2026-03-24,12,28.57,29.3,29.37,28.74,28.08,27.28,30.03,28.94,29.5,24.25
2026-03-24T13:00,2026-03-24,13,29.15,29.77,29.72,29.21,28.05,27.71,30.67,29.51,30.22,25.71
2026-03-24T14:00,2026-03-24,14,29.26,29.67,29.44,29.48,27.94,27.78,30.84,29.74,30.42,26.45
2026-03-24T15:00,2026-03-24,15,29.18,29.42,29.27,29.54,28.11,27.61,30.83,29.75,30.05,26.8
2026-03-24T16:00,2026-03-24,16,28.83,29.15,28.63,29.12,28.23,27.04,30.24,29.38,29.83,26.58
2026-03-24T17:00,2026-03-24,17,27.92,28.48,27.33,28.15,27.8,25.82,29.37,28.74,28.43,25.66
2026-03-24T18:00,2026-03-24,18,25.54,26.45,25.32,25.95,24.22,23.89,27.25,26.16,26.25,21.97
2026-03-24T19:00,2026-03-24,19,24.44,25.52,24.22,24.61,22.96,22.83,25.96,24.97,25.31,20.94
2026-03-24T20:00,2026-03-24,20,23.72,24.71,23.44,23.73,22.31,21.93,25.4,24.32,24.71,20.35
2026-03-24T21:00,2026-03-24,21,23.24,24.23,23.03,23.36,21.85,21.55,25.0,23.89,23.96,19.84
2026-03-24T22:00,2026-03-24,22,22.85,23.96,22.79,23.05,21.42,21.17,24.45,23.37,23.53,19.27
2026-03-24T23:00,2026-03-24,23,22.42,23.62,22.06,22.59,21.08,20.28,23.99,23.11,23.0,19.09
2026-03-25T00:00,2026-03-25,0,22.49,23.52,21.95,22.48,21.62,20.63,24.05,23.43,22.52,20.01
2026-03-25T01:00,2026-03-25,1,22.12,22.86,21.69,22.46,20.39,20.45,23.93,23.29,22.3,19.8
2026-03-25T02:00,2026-03-25,2,21.44,21.33,21.46,22.44,19.71,19.58,23.75,23.28,21.86,19.19
2026-03-25T03:00,2026-03-25,3,21.08,21.06,20.75,22.24,19.31,19.2,23.61,23.01,21.23,18.82
2026-03-25T04:00,2026-03-25,4,20.81,21.12,19.89,21.63,19.13,19.02,23.5,22.67,20.78,18.49
2026-03-25T05:00,2026-03-25,5,20.52,20.75,19.25,21.15,18.82,19.09,23.5,22.4,20.61,18.24
2026-03-25T06:00,2026-03-25,6,20.77,21.37,18.99,20.77,19.64,19.42,23.32,22.69,21.02,18.43
2026-03-25T07:00,2026-03-25,7,22.05,22.73,20.87,22.38,20.43,19.88,24.41,23.9,22.64,19.39
2026-03-25T08:00,2026-03-25,8,24.0,24.8,23.75,24.51,21.8,21.0,26.28,25.87,24.6,21.09
2026-03-25T09:00,2026-03-25,9,26.02,26.7,27.16,26.55,23.54,22.8,27.98,27.47,26.69,23.07
2026-03-25T10:00,2026-03-25,10,27.81,28.24,29.21,28.42,25.46,24.71,29.52,28.85,28.84,25.0
2026-03-25T11:00,2026-03-25,11,29.33,29.77,30.44,29.81,27.34,26.81,30.76,29.96,30.68,26.44
2026-03-25T12:00,2026-03-25,12,29.68,29.71,30.9,30.15,27.81,27.58,31.11,30.15,31.35,27.16
2026-03-25T13:00,2026-03-25,13,30.26,30.5,31.31,30.29,28.77,28.49,31.55,30.24,31.61,28.06
2026-03-25T14:00,2026-03-25,14,30.13,29.79,30.82,30.31,28.45,28.66,31.41,30.09,32.21,28.64
2026-03-25T15:00,2026-03-25,15,29.24,27.5,29.99,29.68,27.42,28.82,31.47,28.77,32.14,28.76
2026-03-25T16:00,2026-03-25,16,28.57,26.81,29.89,27.72,26.77,28.67,30.71,27.75,31.92,28.57
2026-03-25T17:00,2026-03-25,17,27.6,26.56,28.52,26.88,24.96,26.39,29.38,27.3,30.73,27.67
2026-03-25T18:00,2026-03-25,18,26.16,25.77,26.91,26.14,24.86,25.51,26.73,26.15,28.11,25.1
2026-03-25T19:00,2026-03-25,19,24.9,24.8,25.11,25.19,23.62,24.17,25.43,25.42,26.35,23.57
2026-03-25T20:00,2026-03-25,20,24.14,24.25,24.66,24.65,22.58,23.19,24.89,25.1,24.87,22.49
2026-03-25T21:00,2026-03-25,21,23.57,24.03,24.09,23.96,22.06,22.18,24.32,24.7,23.97,21.64
2026-03-25T22:00,2026-03-25,22,23.0,23.44,23.71,23.28,21.57,22.03,23.68,24.24,23.31,20.94
2026-03-25T23:00,2026-03-25,23,22.48,22.82,23.34,22.83,21.28,21.91,23.15,23.88,22.42,20.43
2026-03-26T00:00,2026-03-26,0,22.34,22.19,22.89,22.58,21.52,22.31,23.58,23.91,22.43,20.46
2026-03-26T01:00,2026-03-26,1,22.26,22.22,22.25,22.51,21.84,21.93,23.49,23.78,22.26,20.55
2026-03-26T02:00,2026-03-26,2,21.83,21.91,21.45,22.12,20.89,21.55,23.06,23.89,21.81,20.15
2026-03-26T03:00,2026-03-26,3,21.48,21.58,21.07,21.79,20.32,20.86,22.99,24.04,21.36,19.71
2026-03-26T04:00,2026-03-26,4,21.12,21.11,20.65,21.47,19.99,20.37,22.9,24.18,20.73,19.42
2026-03-26T05:00,2026-03-26,5,20.86,20.91,20.3,21.05,19.68,20.21,22.84,24.25,20.19,19.25
2026-03-26T06:00,2026-03-26,6,20.55,20.27,20.04,21.05,19.37,20.12,22.53,24.38,19.63,19.27
2026-03-26T07:00,2026-03-26,7,21.92,21.69,21.83,22.59,21.37,21.09,23.58,24.71,21.41,20.21
2026-03-26T08:00,2026-03-26,8,24.26,24.63,25.01,24.97,23.69,22.55,25.39,24.99,24.34,21.76
2026-03-26T09:00,2026-03-26,9,26.54,27.21,28.13,27.12,25.91,24.54,27.18,26.03,27.18,23.49
2026-03-26T10:00,2026-03-26,10,28.54,29.39,30.11,29.02,27.78,26.77,28.81,27.41,29.62,25.25
2026-03-26T11:00,2026-03-26,11,30.16,31.06,31.63,30.53,29.27,28.65,30.52,28.94,31.37,26.75
2026-03-26T12:00,2026-03-26,12,30.66,31.2,31.93,30.99,29.9,29.76,31.25,29.38,32.01,27.45
2026-03-26T13:00,2026-03-26,13,31.44,32.1,32.11,31.87,30.84,30.48,32.13,30.54,32.55,28.2
2026-03-26T14:00,2026-03-26,14,31.73,32.5,32.17,32.25,31.16,30.62,32.3,30.96,32.71,28.59
2026-03-26T15:00,2026-03-26,15,31.69,32.46,31.92,32.21,31.15,30.22,32.37,31.02,32.59,28.86
2026-03-26T16:00,2026-03-26,16,31.21,32.13,31.08,31.67,30.47,29.32,32.03,30.68,31.96,28.73
2026-03-26T17:00,2026-03-26,17,30.14,31.15,29.68,30.64,28.73,27.72,31.15,30.0,30.8,28.17
2026-03-26T18:00,2026-03-26,18,27.73,28.4,27.55,28.36,26.27,26.09,29.28,27.07,28.22,25.77
2026-03-26T19:00,2026-03-26,19,26.11,26.63,26.23,26.72,24.55,24.64,27.73,26.14,26.28,24.21
2026-03-26T20:00,2026-03-26,20,25.0,25.38,25.17,25.33,23.48,23.64,26.74,25.39,25.18,23.32
2026-03-26T21:00,2026-03-26,21,24.29,24.57,24.24,24.57,22.91,22.98,26.05,24.83,24.38,22.94
2026-03-26T22:00,2026-03-26,22,23.6,23.87,23.35,23.97,22.12,21.95,25.55,24.33,23.71,22.33
2026-03-26T23:00,2026-03-26,23,23.02,23.29,22.87,23.3,21.34,21.6,24.98,23.95,23.09,21.62
2026-03-27T00:00,2026-03-27,0,22.88,23.32,22.42,22.92,21.25,21.3,24.89,24.41,22.86,21.4
2026-03-27T01:00,2026-03-27,1,22.73,23.15,22.0,22.88,21.63,20.96,24.56,23.95,22.87,21.31
2026-03-27T02:00,2026-03-27,2,22.27,22.76,21.29,22.46,21.5,20.4,24.01,23.42,22.37,20.87
2026-03-27T03:00,2026-03-27,3,21.85,22.39,20.77,21.81,20.98,19.78,23.71,23.18,22.1,20.41
2026-03-27T04:00,2026-03-27,4,21.44,22.02,20.24,21.09,20.4,19.03,23.51,23.03,21.97,20.02
2026-03-27T05:00,2026-03-27,5,21.21,21.83,19.75,20.76,20.33,18.85,23.25,23.11,21.72,19.73
2026-03-27T06:00,2026-03-27,6,21.09,21.48,19.77,20.75,20.33,18.95,23.44,23.3,21.34,19.58
2026-03-27T07:00,2026-03-27,7,22.79,23.52,21.6,22.65,22.1,20.57,24.69,24.04,23.1,21.03
2026-03-27T08:00,2026-03-27,8,25.07,26.06,25.02,25.54,24.18,22.44,26.44,25.33,25.12,22.79
2026-03-27T09:00,2026-03-27,9,27.25,28.11,28.44,28.06,25.73,24.85,28.17,27.11,27.37,24.81
2026-03-27T10:00,2026-03-27,10,29.08,29.81,30.78,29.94,27.42,27.18,29.82,28.8,29.15,26.53
2026-03-27T11:00,2026-03-27,11,30.62,31.32,32.18,31.32,28.98,29.32,31.53,30.45,30.64,27.91
2026-03-27T12:00,2026-03-27,12,31.2,31.62,32.55,31.64,29.42,30.34,32.7,31.0,31.6,28.48
2026-03-27T13:00,2026-03-27,13,31.85,32.28,32.67,32.4,29.72,30.61,33.75,31.74,32.55,29.12
2026-03-27T14:00,2026-03-27,14,31.97,32.72,32.34,32.72,29.08,30.41,33.8,32.09,32.64,29.27
2026-03-27T15:00,2026-03-27,15,31.89,32.74,31.81,32.65,29.7,30.12,33.68,32.02,32.44,29.04
2026-03-27T16:00,2026-03-27,16,31.47,32.61,30.93,32.11,29.58,29.51,33.14,31.51,32.18,28.25
2026-03-27T17:00,2026-03-27,17,30.37,31.55,29.48,30.96,28.85,28.23,32.14,29.75,31.31,27.26
2026-03-27T18:00,2026-03-27,18,28.22,29.05,27.39,28.55,25.91,26.2,30.34,27.64,29.22,26.27
2026-03-27T19:00,2026-03-27,19,26.82,27.58,26.24,27.25,24.76,24.75,28.55,26.61,27.59,25.1
2026-03-27T20:00,2026-03-27,20,26.05,27.01,25.15,26.54,23.98,24.21,27.57,25.85,26.57,24.32
2026-03-27T21:00,2026-03-27,21,25.34,26.22,24.38,25.69,23.58,23.66,26.79,25.34,25.77,23.76
2026-03-27T22:00,2026-03-27,22,24.79,25.77,23.75,25.07,23.43,23.39,25.92,25.09,25.07,23.02
2026-03-27T23:00,2026-03-27,23,24.19,25.16,23.26,24.58,23.17,22.62,25.48,24.93,23.93,22.31
2026-03-28T00:00,2026-03-28,0,23.99,25.09,22.79,24.33,23.58,22.76,25.39,25.24,23.39,21.48
2026-03-28T01:00,2026-03-28,1,23.82,25.05,22.92,24.23,22.93,22.77,25.38,25.2,22.5,21.51
2026-03-28T02:00,2026-03-28,2,23.31,24.54,22.62,24.16,21.53,22.13,24.29,25.17,22.16,21.18
2026-03-28T03:00,2026-03-28,3,22.81,23.94,22.75,24.09,21.02,20.85,23.48,25.01,21.42,20.81
2026-03-28T04:00,2026-03-28,4,22.47,23.38,23.09,24.02,20.96,20.09,23.29,23.63,21.28,20.49
2026-03-28T05:00,2026-03-28,5,22.15,22.55,23.23,23.97,20.84,19.81,23.07,23.33,21.23,20.16
2026-03-28T06:00,2026-03-28,6,22.15,22.87,23.49,23.65,20.89,20.65,22.31,23.16,21.33,19.61
2026-03-28T07:00,2026-03-28,7,22.45,22.89,24.38,24.27,21.1,20.87,22.86,23.62,21.65,19.57
2026-03-28T08:00,2026-03-28,8,23.23,23.6,25.78,24.64,21.76,21.13,24.49,24.86,22.4,19.87
2026-03-28T09:00,2026-03-28,9,24.11,25.0,27.48,24.48,22.61,21.67,25.45,25.01,23.38,20.33
2026-03-28T10:00,2026-03-28,10,25.21,26.17,27.93,24.71,23.69,22.22,27.0,26.67,25.01,21.77
2026-03-28T11:00,2026-03-28,11,26.32,27.08,26.85,26.85,24.68,22.2,28.85,27.31,26.72,23.6
2026-03-28T12:00,2026-03-28,12,26.45,26.85,26.73,27.4,25.52,21.74,29.95,27.95,25.93,24.03
2026-03-28T13:00,2026-03-28,13,27.0,27.8,28.03,28.73,24.94,23.39,28.73,28.71,26.13,24.34
2026-03-28T14:00,2026-03-28,14,26.92,27.74,28.59,28.87,24.58,23.38,28.0,26.81,26.79,24.27
2026-03-28T15:00,2026-03-28,15,26.95,27.5,28.67,28.83,25.15,24.54,27.45,25.95,26.97,24.93
2026-03-28T16:00,2026-03-28,16,26.66,27.3,28.03,27.37,25.38,24.49,27.22,26.63,26.74,24.74
2026-03-28T17:00,2026-03-28,17,26.0,26.86,27.33,25.56,24.91,23.76,26.82,26.09,26.37,24.15
2026-03-28T18:00,2026-03-28,18,23.95,24.84,24.08,24.47,22.5,22.23,25.28,25.46,23.83,21.11
2026-03-28T19:00,2026-03-28,19,22.88,23.53,22.59,23.57,21.53,21.42,24.22,24.36,22.86,20.42
2026-03-28T20:00,2026-03-28,20,22.21,22.54,22.19,22.76,20.9,21.17,23.74,23.7,22.31,19.84
2026-03-28T21:00,2026-03-28,21,21.73,21.92,21.93,22.2,20.29,20.53,23.49,23.48,21.75,19.64
2026-03-28T22:00,2026-03-28,22,21.24,21.42,21.18,21.54,19.88,20.0,23.18,22.99,21.35,19.27
2026-03-28T23:00,2026-03-28,23,20.91,21.12,20.76,21.0,19.7,19.77,23.06,22.35,21.04,18.91
2026-03-29T00:00,2026-03-29,0,21.25,21.57,21.34,21.21,20.32,20.2,22.92,22.53,21.4,19.2
2026-03-29T01:00,2026-03-29,1,21.07,21.31,21.16,20.95,20.5,20.14,22.76,22.34,21.26,18.95
2026-03-29T02:00,2026-03-29,2,20.85,21.13,20.78,20.67,20.3,19.72,22.57,22.47,20.89,18.82
2026-03-29T03:00,2026-03-29,3,20.56,20.9,20.56,20.48,19.63,19.35,22.44,22.25,20.48,18.56
2026-03-29T04:00,2026-03-29,4,20.36,20.75,20.48,20.29,19.15,19.2,22.22,21.98,20.16,18.43
2026-03-29T05:00,2026-03-29,5,20.16,20.36,20.38,20.29,18.66,19.07,22.15,22.01,20.02,18.28
2026-03-29T06:00,2026-03-29,6,20.87,21.08,20.8,21.11,20.15,20.19,22.12,22.92,20.54,19.13
2026-03-29T07:00,2026-03-29,7,21.99,22.42,22.36,22.74,21.16,20.85,22.92,23.93,21.55,19.62
2026-03-29T08:00,2026-03-29,8,23.76,24.34,24.96,25.18,22.54,22.06,24.64,25.42,23.29,20.49
2026-03-29T09:00,2026-03-29,9,25.69,26.48,27.91,27.37,24.45,23.78,26.67,27.43,24.75,21.24
2026-03-29T10:00,2026-03-29,10,27.42,28.43,30.12,29.61,25.67,24.95,29.01,29.04,25.74,22.52
2026-03-29T11:00,2026-03-29,11,28.76,29.99,31.52,30.88,26.47,26.82,30.55,30.31,26.89,23.44
2026-03-29T12:00,2026-03-29,12,28.67,30.13,31.31,31.1,26.31,26.6,30.22,30.24,26.72,22.92
2026-03-29T13:00,2026-03-29,13,28.84,30.09,31.52,30.3,27.25,27.25,30.48,30.21,27.25,23.41
2026-03-29T14:00,2026-03-29,14,28.57,29.16,30.76,29.04,27.89,28.05,30.56,29.45,27.94,23.83
2026-03-29T15:00,2026-03-29,15,27.71,28.0,25.49,28.1,27.93,28.26,30.44,27.94,28.27,24.24
2026-03-29T16:00,2026-03-29,16,27.51,27.65,27.03,26.49,27.66,27.96,30.22,28.28,27.88,24.73
2026-03-29T17:00,2026-03-29,17,26.75,26.62,27.21,25.7,26.89,26.43,29.2,28.28,26.9,24.54
2026-03-29T18:00,2026-03-29,18,25.63,25.86,27.02,25.3,25.29,23.9,27.96,26.16,25.33,23.32
2026-03-29T19:00,2026-03-29,19,24.6,24.98,26.1,24.47,24.0,22.89,26.56,25.5,24.3,21.98
2026-03-29T20:00,2026-03-29,20,23.88,24.15,25.11,23.83,23.11,22.49,25.78,25.15,23.67,21.34
2026-03-29T21:00,2026-03-29,21,23.35,23.55,24.2,23.63,22.52,21.91,25.17,24.85,23.21,20.88
2026-03-29T22:00,2026-03-29,22,22.83,22.95,23.25,23.35,21.91,21.62,24.75,24.72,22.59,20.37
2026-03-29T23:00,2026-03-29,23,22.4,22.56,22.52,23.24,21.24,21.2,24.33,24.43,22.02,19.94
2026-03-30T00:00,2026-03-30,0,22.81,23.17,23.33,23.96,21.43,21.38,24.59,24.92,21.92,20.17
2026-03-30T01:00,2026-03-30,1,22.69,23.22,23.47,23.6,21.26,21.15,24.37,24.65,21.75,19.99
2026-03-30T02:00,2026-03-30,2,22.42,23.03,23.31,23.39,20.8,20.69,24.26,24.22,21.39,19.69
2026-03-30T03:00,2026-03-30,3,22.22,22.8,22.95,23.21,20.58,20.34,24.39,24.21,21.14,19.42
2026-03-30T04:00,2026-03-30,4,22.07,22.57,22.9,22.92,20.5,20.23,24.39,24.46,20.85,19.24
2026-03-30T05:00,2026-03-30,5,21.99,22.62,22.72,22.86,20.38,20.05,24.44,24.57,20.6,19.03
2026-03-30T06:00,2026-03-30,6,21.85,21.89,22.08,22.84,20.54,21.08,24.21,25.05,20.65,19.23
2026-03-30T07:00,2026-03-30,7,22.81,22.58,23.69,23.88,21.95,21.79,24.82,25.85,21.91,20.15
2026-03-30T08:00,2026-03-30,8,24.24,24.07,26.2,25.13,23.43,22.24,25.86,27.12,23.59,21.56
2026-03-30T09:00,2026-03-30,9,26.08,26.15,28.31,26.89,25.01,23.47,27.7,28.38,25.65,23.24
2026-03-30T10:00,2026-03-30,10,27.95,28.33,29.84,28.96,26.4,25.4,29.42,29.82,27.65,24.97
2026-03-30T11:00,2026-03-30,11,29.31,29.78,31.35,30.59,27.5,26.8,30.69,30.79,28.9,26.2
2026-03-30T12:00,2026-03-30,12,29.74,30.54,31.37,31.5,28.04,27.51,31.13,30.78,29.18,25.76
2026-03-30T13:00,2026-03-30,13,30.36,31.44,31.68,31.55,28.72,28.13,32.03,30.8,29.87,26.39
2026-03-30T14:00,2026-03-30,14,30.4,31.91,31.56,31.62,29.12,28.81,31.18,29.29,30.31,26.04
2026-03-30T15:00,2026-03-30,15,29.75,31.66,30.33,29.38,29.16,28.73,29.32,28.92,30.55,25.82
2026-03-30T16:00,2026-03-30,16,29.14,30.6,30.13,29.69,25.62,27.07,29.8,28.62,30.52,25.8
2026-03-30T17:00,2026-03-30,17,27.56,27.04,29.18,28.7,24.15,24.61,29.62,28.36,29.82,25.51
2026-03-30T18:00,2026-03-30,18,26.37,26.23,28.09,27.46,23.65,23.24,28.21,28.36,27.19,24.17
2026-03-30T19:00,2026-03-30,19,25.35,25.29,26.89,26.39,22.71,22.48,27.4,27.35,25.9,23.04
2026-03-30T20:00,2026-03-30,20,24.69,24.63,26.25,25.78,22.46,22.27,26.6,26.7,24.68,22.47
2026-03-30T21:00,2026-03-30,21,24.2,24.12,25.43,25.35,22.32,22.14,26.0,26.31,23.97,22.08
2026-03-30T22:00,2026-03-30,22,23.59,23.1,24.69,24.94,22.1,22.04,25.2,25.9,23.58,21.68
2026-03-30T23:00,2026-03-30,23,23.03,22.61,24.27,23.31,21.95,21.64,24.81,25.48,23.12,21.27
2026-03-31T00:00,2026-03-31,0,23.19,23.02,24.58,23.03,21.81,22.07,24.2,25.76,23.28,21.9
2026-03-31T01:00,2026-03-31,1,22.99,23.04,24.1,22.55,22.22,22.05,23.81,24.97,23.13,21.54
2026-03-31T02:00,2026-03-31,2,22.59,22.91,22.67,22.53,21.67,21.72,23.63,24.26,22.54,21.13
2026-03-31T03:00,2026-03-31,3,22.4,22.74,22.95,22.58,21.34,21.32,23.47,23.7,22.17,20.8
2026-03-31T04:00,2026-03-31,4,22.34,22.8,23.0,22.58,21.26,21.13,23.35,23.77,21.94,20.63
2026-03-31T05:00,2026-03-31,5,22.36,22.99,22.82,22.55,21.26,21.06,23.53,23.75,21.91,20.39
2026-03-31T06:00,2026-03-31,6,22.99,23.28,24.07,24.26,21.73,21.23,24.07,25.12,22.45,20.35
2026-03-31T07:00,2026-03-31,7,23.62,23.91,24.91,25.05,21.91,21.47,24.87,26.03,22.99,21.02
2026-03-31T08:00,2026-03-31,8,24.58,24.76,26.22,26.02,22.71,22.14,26.05,27.24,23.84,22.03
2026-03-31T09:00,2026-03-31,9,25.59,25.5,27.72,27.08,24.01,23.48,27.22,27.97,24.75,23.0
2026-03-31T10:00,2026-03-31,10,26.81,26.95,29.77,28.05,24.7,25.54,28.32,28.76,25.52,23.92
2026-03-31T11:00,2026-03-31,11,28.03,28.19,31.25,29.48,25.48,27.37,29.63,29.41,26.62,24.9
2026-03-31T12:00,2026-03-31,12,28.83,29.26,31.2,30.67,26.18,28.05,30.04,30.03,27.92,25.34
2026-03-31T13:00,2026-03-31,13,29.46,29.86,31.83,31.07,27.65,28.73,30.17,30.4,28.96,25.86
2026-03-31T14:00,2026-03-31,14,29.41,29.78,30.8,30.43,28.17,29.14,30.13,29.67,29.66,26.1
2026-03-31T15:00,2026-03-31,15,29.33,30.02,29.82,29.06,28.43,29.41,30.26,28.93,29.99,26.54
2026-03-31T16:00,2026-03-31,16,28.91,29.64,29.24,29.11,27.05,26.74,30.15,29.06,29.82,26.89
2026-03-31T17:00,2026-03-31,17,28.08,28.83,28.45,28.1,25.94,24.35,29.64,28.4,29.22,26.67
2026-03-31T18:00,2026-03-31,18,26.0,24.3,27.04,25.1,24.82,24.19,28.93,28.03,28.23,25.91
2026-03-31T19:00,2026-03-31,19,24.97,23.79,25.65,24.44,23.56,23.46,27.53,26.84,26.8,24.28
2026-03-31T20:00,2026-03-31,20,24.09,23.24,24.85,22.95,22.74,23.08,26.98,25.51,25.92,22.69
2026-03-31T21:00,2026-03-31,21,23.55,23.03,24.47,22.73,22.22,22.67,25.88,24.6,25.05,21.89
2026-03-31T22:00,2026-03-31,22,23.21,22.98,24.04,22.58,22.11,22.55,24.32,24.39,24.5,21.73
2026-03-31T23:00,2026-03-31,23,22.93,22.92,23.62,22.57,21.96,21.89,23.61,24.14,24.13,21.47
2026-04-01T00:00,2026-04-01,0,23.25,23.45,23.9,23.42,22.56,22.11,23.61,24.19,23.18,22.44
2026-04-01T01:00,2026-04-01,1,23.25,23.53,23.59,23.31,22.74,22.09,23.75,24.19,23.2,22.37
2026-04-01T02:00,2026-04-01,2,23.02,23.39,23.24,23.05,22.54,21.95,23.51,23.94,22.99,21.9
2026-04-01T03:00,2026-04-01,3,22.8,23.2,22.77,22.88,22.47,21.77,23.38,23.79,22.77,21.5
2026-04-01T04:00,2026-04-01,4,22.58,23.02,22.43,22.63,22.07,21.25,23.3,23.85,22.67,21.23
2026-04-01T05:00,2026-04-01,5,22.43,22.79,22.27,22.66,21.72,20.83,23.52,23.94,22.46,20.95
2026-04-01T06:00,2026-04-01,6,22.93,23.5,22.04,22.84,21.8,21.14,24.96,25.06,22.81,21.2
2026-04-01T07:00,2026-04-01,7,23.79,24.37,23.39,24.2,22.01,21.56,25.61,25.79,24.03,21.63
2026-04-01T08:00,2026-04-01,8,24.87,25.04,25.67,25.61,22.03,22.44,26.87,27.4,25.44,22.49
2026-04-01T09:00,2026-04-01,9,26.46,26.64,28.45,27.4,23.49,22.44,28.77,28.84,27.04,23.74
2026-04-01T10:00,2026-04-01,10,28.19,28.88,30.23,29.42,24.68,22.96,30.43,29.99,28.9,25.13
2026-04-01T11:00,2026-04-01,11,29.65,30.33,31.59,30.89,25.94,24.56,31.84,30.93,30.66,26.76
2026-04-01T12:00,2026-04-01,12,30.28,30.81,31.96,31.27,26.17,26.07,32.61,31.11,31.79,27.53
2026-04-01T13:00,2026-04-01,13,31.26,31.68,32.68,32.06,27.89,27.45,33.75,31.91,32.53,28.59
2026-04-01T14:00,2026-04-01,14,31.64,32.15,32.61,32.4,29.3,28.66,33.81,31.16,32.76,29.01
2026-04-01T15:00,2026-04-01,15,31.06,32.23,32.05,31.94,30.0,29.1,32.5,30.23,31.89,26.26
2026-04-01T16:00,2026-04-01,16,30.23,31.12,30.94,31.31,29.23,29.1,31.93,30.25,31.09,24.87
2026-04-01T17:00,2026-04-01,17,28.89,28.63,29.61,30.37,27.19,28.18,30.7,29.56,30.73,24.61
2026-04-01T18:00,2026-04-01,18,28.07,28.92,28.33,28.49,27.21,26.52,28.84,28.38,28.35,25.49
2026-04-01T19:00,2026-04-01,19,26.75,27.35,26.9,27.52,25.31,23.71,28.05,27.36,27.3,24.86
2026-04-01T20:00,2026-04-01,20,26.01,26.74,26.06,26.84,23.97,22.58,27.51,26.71,26.68,24.13
2026-04-01T21:00,2026-04-01,21,25.38,26.08,25.57,26.05,23.72,21.82,26.89,26.08,26.13,23.37
2026-04-01T22:00,2026-04-01,22,24.92,25.67,25.07,25.64,23.21,21.54,26.27,25.68,25.55,22.95
2026-04-01T23:00,2026-04-01,23,24.57,25.44,24.53,25.36,22.7,21.46,25.76,25.39,25.13,22.48
2026-04-02T00:00,2026-04-02,0,24.96,25.62,24.84,25.49,23.74,22.54,26.08,25.87,24.67,23.9
2026-04-02T01:00,2026-04-02,1,24.73,25.48,24.73,25.31,23.3,22.25,25.54,25.67,24.79,23.39
2026-04-02T02:00,2026-04-02,2,24.41,25.08,24.58,25.1,23.45,21.07,25.22,25.5,24.68,22.87
2026-04-02T03:00,2026-04-02,3,24.14,24.72,24.65,24.89,22.92,20.68,25.06,25.35,24.45,22.52
2026-04-02T04:00,2026-04-02,4,23.86,24.38,24.41,24.58,22.31,20.72,24.88,25.11,24.31,22.18
2026-04-02T05:00,2026-04-02,5,23.59,24.04,24.32,24.53,21.59,20.52,24.75,24.97,24.05,21.76
2026-04-02T06:00,2026-04-02,6,23.63,23.81,24.2,24.53,22.27,21.3,24.9,25.12,23.9,21.79
2026-04-02T07:00,2026-04-02,7,24.88,25.27,25.29,25.65,23.54,22.12,26.06,26.17,25.21,23.1
2026-04-02T08:00,2026-04-02,8,26.59,27.15,27.03,27.37,25.33,22.52,27.83,27.61,27.13,24.96
2026-04-02T09:00,2026-04-02,9,28.4,28.94,29.28,29.17,27.13,23.39,29.72,29.0,29.13,27.0
2026-04-02T10:00,2026-04-02,10,30.09,30.66,31.31,30.86,28.48,24.56,31.53,30.35,31.07,28.71
2026-04-02T11:00,2026-04-02,11,31.64,32.28,32.73,32.23,29.74,26.43,33.26,31.6,32.89,30.09
2026-04-02T12:00,2026-04-02,12,32.25,32.66,33.26,32.64,29.94,27.4,34.13,32.0,33.68,31.23
2026-04-02T13:00,2026-04-02,13,33.09,33.53,33.43,33.46,30.7,29.0,35.07,32.72,34.52,32.1
2026-04-02T14:00,2026-04-02,14,33.22,33.79,32.79,33.51,31.1,29.85,34.81,32.82,34.51,32.53
2026-04-02T15:00,2026-04-02,15,32.34,31.74,32.03,32.48,30.37,30.13,34.0,31.99,34.67,32.55
2026-04-02T16:00,2026-04-02,16,31.24,30.24,31.19,31.91,28.71,29.0,32.63,30.01,34.32,31.92
2026-04-02T17:00,2026-04-02,17,29.81,29.84,29.79,27.98,27.93,25.78,31.64,29.6,32.73,30.55
2026-04-02T18:00,2026-04-02,18,29.18,29.46,28.29,29.38,27.28,26.71,30.93,28.51,30.98,28.36
2026-04-02T19:00,2026-04-02,19,28.03,28.51,26.93,28.3,25.86,25.62,29.95,27.72,29.61,26.83
2026-04-02T20:00,2026-04-02,20,27.39,28.08,26.03,27.6,25.65,25.1,29.14,27.13,28.51,26.28
2026-04-02T21:00,2026-04-02,21,26.73,27.41,25.43,27.05,24.78,24.45,28.43,26.47,27.64,25.81
2026-04-02T22:00,2026-04-02,22,26.1,26.88,25.0,26.59,24.2,24.08,27.83,26.11,26.37,25.03
2026-04-02T23:00,2026-04-02,23,25.56,26.38,24.67,26.01,24.08,23.34,27.17,25.84,25.48,24.41
2026-04-03T00:00,2026-04-03,0,25.36,26.2,24.6,25.92,24.56,22.83,26.69,25.91,25.28,23.81
2026-04-03T01:00,2026-04-03,1,25.23,25.94,24.4,25.74,24.86,22.68,26.45,25.78,25.47,23.59
2026-04-03T02:00,2026-04-03,2,24.89,25.54,24.06,25.51,24.75,22.11,26.13,25.57,25.25,23.08
2026-04-03T03:00,2026-04-03,3,24.61,25.22,24.0,25.3,24.52,21.83,25.9,25.37,24.92,22.54
2026-04-03T04:00,2026-04-03,4,24.34,24.99,23.88,25.28,23.82,21.22,25.83,25.16,24.52,22.19
2026-04-03T05:00,2026-04-03,5,24.17,24.85,23.84,25.2,23.38,21.32,25.72,25.05,24.14,21.97
2026-04-03T06:00,2026-04-03,6,24.4,24.92,23.69,25.45,23.73,22.48,25.35,25.0,24.59,22.62
2026-04-03T07:00,2026-04-03,7,25.56,26.1,24.57,26.44,25.15,23.51,26.55,26.23,25.84,23.85
2026-04-03T08:00,2026-04-03,8,27.28,27.84,26.48,28.17,26.3,24.72,28.44,27.86,27.78,25.7
2026-04-03T09:00,2026-04-03,9,29.11,29.76,29.13,30.09,27.73,25.03,30.52,29.45,29.87,27.43
2026-04-03T10:00,2026-04-03,10,30.9,31.58,31.6,31.91,28.88,26.23,32.61,31.02,31.95,28.85
2026-04-03T11:00,2026-04-03,11,32.55,33.23,33.61,33.43,30.28,28.19,34.41,32.37,33.82,30.05
2026-04-03T12:00,2026-04-03,12,32.94,33.53,33.41,33.62,30.34,29.21,34.96,32.5,34.6,30.74
2026-04-03T13:00,2026-04-03,13,33.94,34.7,33.82,34.51,31.36,30.35,35.91,33.37,35.66,31.9
2026-04-03T14:00,2026-04-03,14,34.48,35.38,33.79,35.11,31.8,31.09,36.38,33.82,36.15,32.61
2026-04-03T15:00,2026-04-03,15,34.4,35.16,33.28,34.87,32.04,31.61,36.3,33.38,36.05,32.99
2026-04-03T16:00,2026-04-03,16,34.01,35.15,32.37,33.93,32.28,31.6,35.59,32.56,35.51,32.65
2026-04-03T17:00,2026-04-03,17,32.74,34.19,30.72,32.51,31.4,30.17,34.0,30.86,34.13,31.54
2026-04-03T18:00,2026-04-03,18,30.48,31.31,28.77,30.43,29.29,28.41,31.87,29.25,32.14,29.31
2026-04-03T19:00,2026-04-03,19,28.92,29.79,27.54,29.13,27.37,26.98,30.54,28.07,30.17,27.28
2026-04-03T20:00,2026-04-03,20,28.03,29.0,26.73,28.4,26.12,26.01,29.77,27.18,28.99,26.4
2026-04-03T21:00,2026-04-03,21,27.29,28.31,26.13,27.76,25.53,25.28,28.74,26.57,28.03,25.71
2026-04-03T22:00,2026-04-03,22,26.73,27.72,25.71,27.08,25.19,24.84,27.97,26.2,27.48,25.08
2026-04-03T23:00,2026-04-03,23,26.19,27.13,25.31,26.36,24.85,24.48,27.26,25.95,26.87,24.56
2026-04-04T00:00,2026-04-04,0,26.15,26.88,25.48,26.08,25.27,24.93,27.12,26.26,26.64,24.7
2026-04-04T01:00,2026-04-04,1,25.96,26.66,25.42,25.91,25.37,24.16,27.05,26.23,26.34,24.55
2026-04-04T02:00,2026-04-04,2,25.68,26.25,25.37,25.68,25.28,23.84,26.93,26.16,25.95,24.11
2026-04-04T03:00,2026-04-04,3,25.46,26.17,25.11,25.61,24.78,23.49,26.9,26.02,25.58,23.65
2026-04-04T04:00,2026-04-04,4,25.26,25.98,25.1,25.62,24.34,23.4,26.67,25.75,25.3,23.21
2026-04-04T05:00,2026-04-04,5,25.03,25.8,25.02,25.72,23.82,23.0,26.35,25.69,25.01,22.8
2026-04-04T06:00,2026-04-04,6,24.95,25.55,24.74,25.77,24.19,22.83,25.92,25.41,25.45,22.73
2026-04-04T07:00,2026-04-04,7,26.02,26.86,25.49,26.66,25.5,22.56,27.25,26.65,26.6,23.87
2026-04-04T08:00,2026-04-04,8,27.58,28.53,27.57,28.31,26.7,22.78,29.06,28.41,28.34,25.21
2026-04-04T09:00,2026-04-04,9,29.2,30.12,29.79,30.19,27.06,23.88,31.09,30.18,30.02,26.77
2026-04-04T10:00,2026-04-04,10,30.57,31.44,31.63,31.33,27.67,25.26,32.87,31.52,31.47,28.15
2026-04-04T11:00,2026-04-04,11,31.96,32.97,33.05,32.74,28.51,27.34,34.23,32.81,32.71,29.39
2026-04-04T12:00,2026-04-04,12,32.01,32.8,32.13,32.48,29.06,27.66,34.43,32.9,33.21,29.96
2026-04-04T13:00,2026-04-04,13,32.96,33.91,32.8,33.56,30.43,28.92,35.2,32.66,33.99,31.04
2026-04-04T14:00,2026-04-04,14,33.25,34.42,32.74,33.25,30.92,29.74,35.56,31.65,34.4,31.66
2026-04-04T15:00,2026-04-04,15,33.28,34.74,31.93,33.27,31.39,30.37,35.19,30.48,34.64,31.77
2026-04-04T16:00,2026-04-04,16,32.98,34.38,31.2,32.86,31.42,30.52,34.68,30.76,34.14,31.68
2026-04-04T17:00,2026-04-04,17,32.16,33.49,30.4,32.26,30.8,29.65,33.59,30.43,33.26,30.84
2026-04-04T18:00,2026-04-04,18,30.04,30.79,28.84,30.16,28.88,28.27,31.77,29.68,30.78,28.45
2026-04-04T19:00,2026-04-04,19,28.7,29.42,27.88,28.95,27.6,27.28,30.26,28.56,28.9,27.16
2026-04-04T20:00,2026-04-04,20,27.93,28.77,27.41,28.26,26.38,26.55,29.45,27.82,28.12,26.09
2026-04-04T21:00,2026-04-04,21,27.32,28.3,26.86,27.62,25.41,25.87,28.74,27.34,27.58,25.34
2026-04-04T22:00,2026-04-04,22,26.82,27.81,26.23,27.12,24.82,25.33,28.03,26.85,27.11,25.22
2026-04-04T23:00,2026-04-04,23,26.39,27.41,25.79,26.58,24.83,24.63,27.54,26.57,26.56,24.86
2026-04-05T00:00,2026-04-05,0,26.59,27.46,26.03,26.9,25.34,25.18,27.4,27.03,26.62,25.15
2026-04-05T01:00,2026-04-05,1,26.37,27.16,25.69,26.68,25.27,25.13,27.15,26.8,26.62,24.8
2026-04-05T02:00,2026-04-05,2,26.0,26.81,25.56,26.48,25.29,23.89,26.81,26.66,26.31,24.05
2026-04-05T03:00,2026-04-05,3,25.62,26.51,25.37,26.37,25.03,23.02,26.49,26.45,25.77,23.29
2026-04-05T04:00,2026-04-05,4,25.42,26.33,25.28,26.36,24.72,23.05,26.27,26.26,25.51,22.76
2026-04-05T05:00,2026-04-05,5,25.25,26.18,25.07,26.25,24.61,22.67,26.11,26.17,25.17,22.71
2026-04-05T06:00,2026-04-05,6,25.23,26.06,25.04,25.99,24.11,22.77,26.25,26.31,24.93,23.46
2026-04-05T07:00,2026-04-05,7,26.34,27.21,26.08,27.02,25.69,22.7,27.43,27.2,26.28,24.86
2026-04-05T08:00,2026-04-05,8,28.02,29.02,28.11,28.84,27.72,23.22,28.83,28.63,28.24,26.35
2026-04-05T09:00,2026-04-05,9,29.41,30.8,30.16,30.64,29.41,22.82,29.83,29.88,29.69,27.06
2026-04-05T10:00,2026-04-05,10,30.32,32.43,31.69,31.28,30.23,23.08,30.75,30.66,29.63,27.58
2026-04-05T11:00,2026-04-05,11,30.22,33.59,32.54,28.8,30.26,23.5,29.82,27.7,29.26,28.44
2026-04-05T12:00,2026-04-05,12,29.78,32.5,30.42,29.96,29.34,25.18,30.2,27.08,28.03,28.4
2026-04-05T13:00,2026-04-05,13,29.98,32.36,30.15,30.39,29.42,27.79,29.09,30.22,27.11,29.21
2026-04-05T14:00,2026-04-05,14,29.64,30.05,27.65,31.17,29.5,29.1,29.3,31.62,28.3,29.79
2026-04-05T15:00,2026-04-05,15,29.6,28.1,28.53,31.36,28.6,29.36,29.65,31.49,30.88,30.62
2026-04-05T16:00,2026-04-05,16,29.43,28.49,29.25,29.95,28.23,27.84,29.22,31.19,31.17,30.57
2026-04-05T17:00,2026-04-05,17,28.7,28.32,29.0,28.99,27.75,26.8,28.04,29.37,30.22,29.52
2026-04-05T18:00,2026-04-05,18,27.21,27.13,26.48,28.47,26.19,25.39,27.47,27.77,27.87,27.18
2026-04-05T19:00,2026-04-05,19,26.25,26.05,25.45,27.84,24.74,24.05,26.74,27.13,27.0,26.27
2026-04-05T20:00,2026-04-05,20,25.73,25.54,25.27,27.38,24.01,23.22,26.35,26.94,26.41,25.51
2026-04-05T21:00,2026-04-05,21,25.19,25.19,24.62,26.47,23.56,22.64,26.11,26.24,25.77,24.9
2026-04-05T22:00,2026-04-05,22,24.7,24.79,24.2,25.66,22.8,22.24,25.83,25.75,25.24,24.38
2026-04-05T23:00,2026-04-05,23,24.33,24.46,23.98,25.24,22.14,22.06,25.67,25.44,24.84,23.74
2026-04-06T00:00,2026-04-06,0,24.27,24.24,24.61,25.4,22.15,22.45,25.12,25.61,24.54,23.59
2026-04-06T01:00,2026-04-06,1,23.69,23.46,23.89,24.89,21.95,22.31,24.6,24.79,23.88,23.17
2026-04-06T02:00,2026-04-06,2,23.19,22.79,23.53,24.23,21.71,21.88,24.21,24.27,23.45,22.71
2026-04-06T03:00,2026-04-06,3,22.74,22.22,23.5,23.49,21.3,21.54,23.9,23.64,23.19,22.27
2026-04-06T04:00,2026-04-06,4,22.41,21.96,23.4,22.96,20.91,21.41,23.59,23.22,22.95,21.64
2026-04-06T05:00,2026-04-06,5,22.12,21.68,23.13,22.42,20.66,21.51,23.39,23.03,22.67,21.15
2026-04-06T06:00,2026-04-06,6,22.0,21.6,22.91,22.26,20.45,21.07,23.29,23.07,22.51,21.2
2026-04-06T07:00,2026-04-06,7,23.57,23.7,24.15,24.08,21.88,22.07,24.58,24.45,23.77,22.67
2026-04-06T08:00,2026-04-06,8,25.56,26.09,26.66,26.93,23.97,23.85,26.18,26.38,24.44,24.24
2026-04-06T09:00,2026-04-06,9,27.19,27.72,29.25,28.95,26.12,25.89,27.56,28.04,24.67,25.88
2026-04-06T10:00,2026-04-06,10,28.5,28.86,31.03,30.49,27.23,27.75,29.19,29.45,25.27,27.23
2026-04-06T11:00,2026-04-06,11,29.83,30.22,32.09,31.65,27.25,29.11,30.38,30.49,27.6,28.98
2026-04-06T12:00,2026-04-06,12,30.42,30.45,32.78,32.11,27.66,29.34,30.93,31.06,29.18,29.84
2026-04-06T13:00,2026-04-06,13,31.13,31.32,32.67,32.6,28.39,29.84,31.79,31.57,30.29,30.58
2026-04-06T14:00,2026-04-06,14,31.5,31.99,32.23,32.88,28.84,29.75,32.14,31.75,31.02,30.9
2026-04-06T15:00,2026-04-06,15,31.39,32.12,32.27,32.65,29.45,29.35,31.93,30.74,30.71,30.62
2026-04-06T16:00,2026-04-06,16,30.76,31.71,31.6,32.16,29.34,29.17,30.58,28.97,30.16,29.9
2026-04-06T17:00,2026-04-06,17,29.9,30.71,30.36,31.24,28.88,28.56,29.98,28.55,29.51,28.62
2026-04-06T18:00,2026-04-06,18,27.44,27.69,29.17,29.11,25.86,26.09,26.81,27.56,27.15,26.38
2026-04-06T19:00,2026-04-06,19,26.55,27.32,27.86,27.94,24.77,24.66,25.94,26.69,26.09,25.51
2026-04-06T20:00,2026-04-06,20,25.98,26.61,26.81,27.06,24.45,23.93,25.75,26.18,25.84,25.12
2026-04-06T21:00,2026-04-06,21,25.49,26.38,25.65,26.16,24.12,23.46,25.6,25.63,25.52,24.39
2026-04-06T22:00,2026-04-06,22,25.22,26.04,25.26,25.85,23.94,23.3,25.07,25.63,25.59,24.04
2026-04-06T23:00,2026-04-06,23,24.83,25.65,24.56,25.6,23.69,23.2,24.3,25.85,25.29,23.42
2026-04-07T00:00,2026-04-07,0,24.53,25.51,25.56,26.17,23.74,24.12,23.45,24.97,22.64,23.21
2026-04-07T01:00,2026-04-07,1,23.56,23.7,25.95,23.91,22.13,24.17,22.94,23.61,22.86,22.88
2026-04-07T02:00,2026-04-07,2,23.04,23.02,26.29,23.02,21.45,22.82,22.65,23.56,22.7,22.31
2026-04-07T03:00,2026-04-07,3,22.46,22.5,23.89,23.0,20.96,21.96,22.38,23.28,22.29,21.87
2026-04-07T04:00,2026-04-07,4,21.97,21.92,23.83,22.75,20.68,21.72,21.82,22.73,21.54,21.06
2026-04-07T05:00,2026-04-07,5,21.59,21.58,23.21,22.43,20.03,21.69,21.51,22.43,21.34,20.36
2026-04-07T06:00,2026-04-07,6,22.1,22.08,23.0,22.71,21.06,21.96,22.33,22.76,22.27,20.75
2026-04-07T07:00,2026-04-07,7,23.11,23.48,23.58,23.55,21.6,22.47,23.38,23.4,23.08,22.38
2026-04-07T08:00,2026-04-07,8,24.66,25.13,24.76,25.07,22.75,23.67,24.94,24.97,24.62,24.49
2026-04-07T09:00,2026-04-07,9,26.33,26.47,26.7,26.85,24.97,24.89,26.51,26.54,26.6,26.31
2026-04-07T10:00,2026-04-07,10,28.0,28.32,28.57,28.55,26.86,26.42,27.8,27.2,28.53,27.92
2026-04-07T11:00,2026-04-07,11,29.27,29.96,29.27,29.68,28.36,27.68,28.78,27.0,30.19,29.28
2026-04-07T12:00,2026-04-07,12,30.3,30.83,29.61,29.66,29.28,29.03,31.65,28.99,32.09,28.97
2026-04-07T13:00,2026-04-07,13,30.75,31.32,30.58,30.19,29.85,29.71,31.85,29.91,32.02,29.17
2026-04-07T14:00,2026-04-07,14,30.64,31.27,31.02,30.45,27.68,29.03,31.22,29.79,32.13,30.22
2026-04-07T15:00,2026-04-07,15,30.3,31.0,30.46,30.42,26.69,28.04,31.02,28.36,32.14,30.41
2026-04-07T16:00,2026-04-07,16,29.78,30.17,29.56,30.36,26.99,27.64,29.87,28.43,31.72,30.05
2026-04-07T17:00,2026-04-07,17,28.83,29.28,28.21,29.7,26.52,26.35,29.06,27.61,30.45,28.92
2026-04-07T18:00,2026-04-07,18,26.98,27.77,26.75,27.57,25.51,24.28,27.09,26.78,27.61,26.47
2026-04-07T19:00,2026-04-07,19,25.83,26.56,25.63,26.63,24.1,23.31,26.07,25.95,26.16,25.39
2026-04-07T20:00,2026-04-07,20,25.17,25.87,25.21,26.16,23.27,22.08,25.9,25.21,25.5,24.38
2026-04-07T21:00,2026-04-07,21,24.78,25.59,25.51,25.73,23.3,20.97,25.16,24.89,25.4,23.38
2026-04-07T22:00,2026-04-07,22,24.25,25.01,24.95,25.25,23.27,20.4,24.69,24.36,24.78,22.68
2026-04-07T23:00,2026-04-07,23,23.77,24.44,24.55,24.89,23.16,20.21,24.18,24.21,24.12,21.84
2026-04-08T00:00,2026-04-08,0,22.63,22.37,23.47,23.31,22.61,21.11,22.25,23.38,22.95,22.42
2026-04-08T01:00,2026-04-08,1,21.93,21.77,23.65,22.7,21.66,20.78,21.69,22.46,21.8,21.17
2026-04-08T02:00,2026-04-08,2,21.37,20.96,23.31,22.13,20.91,20.7,21.53,22.29,21.17,20.36
2026-04-08T03:00,2026-04-08,3,20.89,20.45,22.77,21.4,20.14,20.55,21.34,21.86,20.84,19.79
2026-04-08T04:00,2026-04-08,4,20.44,19.98,22.2,20.78,19.51,19.98,21.21,21.71,20.39,19.41
2026-04-08T05:00,2026-04-08,5,20.08,19.66,21.48,20.46,19.16,19.31,21.21,21.68,19.81,19.07
2026-04-08T06:00,2026-04-08,6,20.11,19.83,21.55,20.55,19.59,19.43,20.81,22.01,19.41,19.07
2026-04-08T07:00,2026-04-08,7,21.73,21.9,23.04,22.03,21.01,20.71,22.49,23.3,21.05,20.25
2026-04-08T08:00,2026-04-08,8,23.92,24.39,25.56,24.56,22.71,22.48,24.43,25.56,23.21,21.89
2026-04-08T09:00,2026-04-08,9,25.78,26.2,27.87,26.91,24.53,24.49,25.77,27.26,24.93,23.72
2026-04-08T10:00,2026-04-08,10,27.49,27.93,29.58,28.71,26.26,26.47,27.05,28.5,26.69,25.7
2026-04-08T11:00,2026-04-08,11,28.91,29.42,30.85,29.97,27.54,27.91,28.81,29.21,28.38,27.02
2026-04-08T12:00,2026-04-08,12,28.15,28.33,30.73,29.17,26.84,27.47,28.46,27.97,27.54,26.34
2026-04-08T13:00,2026-04-08,13,28.99,29.68,30.73,29.49,27.79,28.15,29.43,28.58,28.45,27.01
2026-04-08T14:00,2026-04-08,14,29.33,30.24,29.7,29.95,28.34,28.55,29.81,28.19,29.14,27.51
2026-04-08T15:00,2026-04-08,15,29.54,30.51,29.75,30.01,28.44,28.68,29.91,28.85,29.43,27.83
2026-04-08T16:00,2026-04-08,16,29.31,30.25,29.14,29.84,28.24,28.39,29.42,28.93,29.42,27.71
2026-04-08T17:00,2026-04-08,17,28.74,29.61,28.55,29.5,27.62,27.49,28.76,28.41,29.02,27.21
2026-04-08T18:00,2026-04-08,18,26.95,27.52,26.86,27.93,25.79,25.89,26.69,25.67,27.49,26.23
2026-04-08T19:00,2026-04-08,19,25.67,26.24,25.35,26.5,24.59,24.7,25.55,24.5,26.14,25.06
2026-04-08T20:00,2026-04-08,20,24.68,25.62,24.58,25.42,24.03,23.78,24.75,24.01,24.13,23.44
2026-04-08T21:00,2026-04-08,21,23.98,25.48,24.04,24.99,23.72,23.09,23.59,23.63,22.85,21.59
2026-04-08T22:00,2026-04-08,22,23.43,24.62,23.96,24.94,23.53,22.86,22.61,23.69,22.18,20.74
2026-04-08T23:00,2026-04-08,23,23.06,23.59,23.95,24.84,23.23,23.04,22.45,23.53,21.85,20.64
2026-04-09T00:00,2026-04-09,0,22.64,22.55,23.77,24.68,21.42,23.11,22.83,23.52,21.85,20.49
2026-04-09T01:00,2026-04-09,1,22.33,22.44,23.34,24.02,21.33,22.02,22.6,23.44,21.41,20.42
2026-04-09T02:00,2026-04-09,2,21.79,21.96,22.54,23.38,20.72,20.83,22.28,23.25,21.01,20.02
2026-04-09T03:00,2026-04-09,3,21.47,21.52,21.75,22.99,20.16,20.41,22.31,22.97,21.14,19.75
2026-04-09T04:00,2026-04-09,4,21.28,21.3,21.41,22.26,19.93,20.29,22.38,22.96,21.43,19.45
2026-04-09T05:00,2026-04-09,5,21.28,21.61,20.85,21.89,20.22,19.85,22.61,22.87,21.44,19.4
2026-04-09T06:00,2026-04-09,6,21.39,21.68,22.4,22.53,20.82,20.56,22.03,23.08,20.12,19.39
2026-04-09T07:00,2026-04-09,7,21.72,21.64,24.24,22.7,21.01,20.71,22.1,22.74,20.65,20.26
2026-04-09T08:00,2026-04-09,8,22.29,21.96,25.8,22.01,21.47,20.96,23.02,22.12,22.24,21.51
2026-04-09T09:00,2026-04-09,9,23.15,22.83,25.6,21.74,22.89,21.57,24.1,22.9,24.2,22.7
2026-04-09T10:00,2026-04-09,10,24.29,25.11,24.21,22.52,24.57,21.93,24.65,23.73,25.84,23.62
2026-04-09T11:00,2026-04-09,11,25.15,26.62,24.8,23.46,26.12,22.9,24.4,23.68,26.26,24.58
2026-04-09T12:00,2026-04-09,12,25.43,26.43,25.19,24.32,25.51,25.82,24.09,23.95,26.12,25.33
2026-04-09T13:00,2026-04-09,13,25.39,25.61,25.82,24.04,25.54,25.53,24.49,23.97,27.01,25.62
2026-04-09T14:00,2026-04-09,14,25.15,25.17,24.82,24.04,25.88,22.49,25.65,23.51,27.5,25.42
2026-04-09T15:00,2026-04-09,15,25.33,25.39,24.41,23.79,26.23,22.19,26.64,23.43,27.89,25.69
2026-04-09T16:00,2026-04-09,16,25.29,25.47,23.69,23.86,26.1,22.17,26.71,23.54,27.77,25.74
2026-04-09T17:00,2026-04-09,17,24.95,25.21,23.46,23.56,25.15,21.86,26.63,23.59,27.29,25.18
2026-04-09T18:00,2026-04-09,18,23.87,24.41,22.91,23.07,23.63,22.01,25.06,23.43,24.54,23.79
2026-04-09T19:00,2026-04-09,19,22.92,23.38,22.69,22.58,22.45,21.42,24.01,22.58,23.44,22.05
2026-04-09T20:00,2026-04-09,20,22.29,22.66,22.52,21.95,21.76,21.04,23.44,22.38,22.83,20.84
2026-04-09T21:00,2026-04-09,21,21.84,22.13,22.16,21.68,21.13,20.62,23.0,22.13,22.33,20.35
2026-04-09T22:00,2026-04-09,22,21.41,21.68,21.91,21.46,20.6,20.12,22.58,21.91,21.93,19.55
2026-04-09T23:00,2026-04-09,23,21.07,21.39,21.58,21.19,19.99,19.91,22.28,21.78,21.5,19.11
2026-04-10T00:00,2026-04-10,0,21.24,21.64,21.7,21.29,20.18,20.32,22.52,22.18,21.47,19.06
2026-04-10T01:00,2026-04-10,1,21.02,21.49,21.11,21.36,19.53,19.71,22.16,21.59,21.51,19.21
2026-04-10T02:00,2026-04-10,2,20.68,21.08,21.05,21.27,19.05,19.62,21.85,21.34,20.77,18.89
2026-04-10T03:00,2026-04-10,3,20.39,20.71,20.75,21.06,19.03,19.3,21.67,21.13,20.31,18.62
2026-04-10T04:00,2026-04-10,4,20.05,20.27,20.51,20.88,18.5,19.11,21.5,20.91,19.8,18.24
2026-04-10T05:00,2026-04-10,5,19.86,20.13,20.32,20.77,18.07,18.93,21.41,20.84,19.53,17.9
2026-04-10T06:00,2026-04-10,6,20.74,21.05,21.15,21.54,19.21,19.43,22.24,21.78,20.62,18.75
2026-04-10T07:00,2026-04-10,7,21.62,21.85,22.03,22.0,19.97,20.0,22.99,22.6,22.04,20.06
2026-04-10T08:00,2026-04-10,8,22.98,23.2,24.34,23.04,20.2,21.21,24.32,23.67,24.11,21.29
2026-04-10T09:00,2026-04-10,9,24.88,25.02,26.87,25.02,22.14,22.21,26.41,25.54,26.22,22.95
2026-04-10T10:00,2026-04-10,10,26.65,26.89,28.33,26.71,24.12,23.36,28.31,27.32,28.34,24.56
2026-04-10T11:00,2026-04-10,11,28.02,28.16,29.59,28.38,25.3,25.02,29.85,28.84,29.65,25.66
2026-04-10T12:00,2026-04-10,12,29.03,29.19,30.44,29.49,26.44,26.11,30.49,29.84,30.45,27.15
2026-04-10T13:00,2026-04-10,13,29.69,29.82,30.9,30.08,27.58,27.13,30.93,30.4,31.02,27.92
2026-04-10T14:00,2026-04-10,14,29.68,29.52,30.65,30.13,27.82,27.41,31.15,30.36,30.97,28.19
2026-04-10T15:00,2026-04-10,15,29.5,29.48,30.33,29.86,27.31,27.21,30.91,30.37,30.8,28.08
2026-04-10T16:00,2026-04-10,16,28.98,29.51,29.47,29.3,26.82,24.56,30.56,29.91,30.22,27.64
2026-04-10T17:00,2026-04-10,17,27.83,28.54,28.31,28.49,24.75,22.88,29.5,28.9,29.0,26.62
2026-04-10T18:00,2026-04-10,18,25.98,26.51,26.5,26.57,24.26,22.67,27.69,27.16,26.29,24.15
2026-04-10T19:00,2026-04-10,19,24.59,25.32,25.34,25.2,22.76,21.4,26.36,25.72,24.47,22.53
2026-04-10T20:00,2026-04-10,20,23.7,24.32,24.72,24.62,21.42,20.84,25.27,25.05,23.38,21.72
2026-04-10T21:00,2026-04-10,21,22.81,23.0,24.3,24.12,20.37,19.96,24.4,24.63,22.45,21.08
2026-04-10T22:00,2026-04-10,22,22.14,22.09,24.34,23.36,19.88,19.42,23.72,24.18,21.77,20.23
2026-04-10T23:00,2026-04-10,23,21.52,21.65,23.8,22.67,19.09,19.02,23.01,23.72,20.86,19.48
2026-04-11T00:00,2026-04-11,0,21.6,21.88,23.29,22.56,19.44,20.06,22.75,23.72,20.59,19.82
2026-04-11T01:00,2026-04-11,1,21.44,21.57,22.7,22.42,19.8,19.61,22.5,23.2,21.17,19.68
2026-04-11T02:00,2026-04-11,2,20.9,20.88,21.67,21.9,19.37,19.37,22.07,22.93,20.79,19.17
2026-04-11T03:00,2026-04-11,3,20.49,20.55,21.25,21.07,18.92,19.22,21.66,22.68,20.36,18.82
2026-04-11T04:00,2026-04-11,4,20.25,20.37,21.15,20.61,18.44,18.76,21.64,22.55,20.13,18.53
2026-04-11T05:00,2026-04-11,5,20.05,20.27,20.77,20.36,18.2,18.65,21.69,22.49,19.74,18.19
2026-04-11T06:00,2026-04-11,6,20.59,20.8,21.25,20.94,19.32,19.12,22.41,23.23,19.6,18.9
2026-04-11T07:00,2026-04-11,7,22.39,22.92,23.26,22.9,20.68,20.33,24.05,25.01,21.64,20.1
2026-04-11T08:00,2026-04-11,8,24.65,25.31,25.99,25.64,22.47,22.22,26.19,26.92,24.21,21.65
2026-04-11T09:00,2026-04-11,9,26.79,27.43,28.49,27.94,24.46,24.52,28.09,28.59,26.69,23.41
2026-04-11T10:00,2026-04-11,10,28.58,29.27,29.97,29.73,26.29,26.56,29.74,29.95,28.92,25.01
2026-04-11T11:00,2026-04-11,11,29.87,30.52,31.05,30.85,27.79,28.07,31.14,30.45,30.6,26.35
2026-04-11T12:00,2026-04-11,12,30.56,31.34,31.25,31.03,28.58,28.45,31.84,30.74,31.72,27.46
2026-04-11T13:00,2026-04-11,13,31.05,31.69,31.35,31.35,29.35,28.94,32.54,31.2,32.29,28.37
2026-04-11T14:00,2026-04-11,14,31.39,32.19,31.25,31.49,30.39,29.14,32.76,31.38,32.44,28.87
2026-04-11T15:00,2026-04-11,15,31.25,32.23,30.66,31.18,30.35,28.81,32.64,30.95,32.37,28.95
2026-04-11T16:00,2026-04-11,16,30.71,31.77,29.88,30.67,29.83,27.56,32.11,30.08,31.99,28.79
2026-04-11T17:00,2026-04-11,17,29.56,30.57,28.64,29.73,28.4,26.34,30.83,28.92,30.68,28.1
2026-04-11T18:00,2026-04-11,18,27.52,28.32,26.98,27.87,25.96,24.88,28.91,27.42,28.04,26.34
2026-04-11T19:00,2026-04-11,19,26.04,26.98,25.76,26.8,24.31,23.97,27.27,26.07,25.89,24.48
2026-04-11T20:00,2026-04-11,20,25.12,26.05,25.24,26.1,23.28,23.1,26.29,25.4,24.64,23.34
2026-04-11T21:00,2026-04-11,21,24.31,24.98,24.64,25.47,22.56,22.48,25.24,25.07,24.0,22.46
2026-04-11T22:00,2026-04-11,22,23.73,24.42,24.29,24.89,21.93,22.12,24.83,24.86,23.11,21.57
2026-04-11T23:00,2026-04-11,23,23.12,23.7,23.81,24.4,21.47,21.58,24.09,24.72,22.18,21.02
2026-04-12T00:00,2026-04-12,0,23.09,23.6,24.0,24.49,21.43,21.65,24.01,25.31,21.76,21.06
2026-04-12T01:00,2026-04-12,1,23.08,23.61,23.61,24.59,21.56,21.43,24.06,25.23,21.83,21.1
2026-04-12T02:00,2026-04-12,2,22.7,23.23,23.02,24.22,21.47,20.96,23.75,24.83,21.41,20.65
2026-04-12T03:00,2026-04-12,3,22.37,23.05,22.49,23.9,21.18,20.62,23.63,24.5,20.85,20.19
2026-04-12T04:00,2026-04-12,4,22.07,22.88,22.1,23.62,20.82,20.15,23.45,24.33,20.34,19.77
2026-04-12T05:00,2026-04-12,5,21.93,22.91,21.86,23.29,20.52,19.9,23.47,24.34,20.09,19.55
2026-04-12T06:00,2026-04-12,6,22.71,23.7,22.62,24.64,21.28,20.54,23.75,25.1,20.89,20.26
2026-04-12T07:00,2026-04-12,7,23.94,24.48,24.04,25.37,22.91,21.84,25.02,25.88,23.09,21.82
2026-04-12T08:00,2026-04-12,8,25.69,25.95,26.46,26.94,24.53,23.34,26.88,27.12,25.53,23.52
2026-04-12T09:00,2026-04-12,9,27.73,28.21,28.77,28.83,26.23,25.03,28.97,28.67,27.85,25.3
2026-04-12T10:00,2026-04-12,10,29.49,29.98,30.37,30.53,27.82,26.82,30.92,30.01,30.25,26.63
2026-04-12T11:00,2026-04-12,11,30.94,31.57,31.3,31.95,29.07,28.39,32.55,31.27,32.18,27.6
2026-04-12T12:00,2026-04-12,12,32.04,32.95,31.47,32.72,30.37,29.21,33.85,32.13,33.63,28.62
2026-04-12T13:00,2026-04-12,13,32.73,33.83,31.43,33.14,31.5,30.26,34.39,32.8,34.31,29.41
2026-04-12T14:00,2026-04-12,14,32.96,34.38,31.5,32.83,31.89,30.35,34.4,32.77,34.61,29.8
2026-04-12T15:00,2026-04-12,15,32.92,34.44,30.94,32.97,31.98,30.53,34.22,32.58,34.46,29.75
2026-04-12T16:00,2026-04-12,16,32.48,33.93,29.86,32.94,31.58,30.35,33.79,31.29,34.27,29.53
2026-04-12T17:00,2026-04-12,17,31.1,32.31,29.13,31.69,29.98,28.35,32.51,29.68,32.85,28.72
2026-04-12T18:00,2026-04-12,18,28.88,30.06,27.53,29.32,27.67,25.03,30.13,28.18,30.8,26.65
2026-04-12T19:00,2026-04-12,19,27.42,28.75,25.93,27.93,26.45,24.13,28.75,27.21,28.65,24.7
2026-04-12T20:00,2026-04-12,20,26.51,27.81,25.34,27.08,25.04,23.2,28.08,26.55,27.88,23.47
2026-04-12T21:00,2026-04-12,21,25.77,27.1,24.92,26.5,23.99,22.6,27.11,26.2,26.88,22.65
2026-04-12T22:00,2026-04-12,22,25.23,26.29,24.93,26.03,23.4,22.55,26.4,25.99,26.03,22.37
2026-04-12T23:00,2026-04-12,23,24.64,25.58,24.37,25.64,22.95,22.57,25.71,25.8,24.9,21.86
2026-04-13T00:00,2026-04-13,0,24.52,25.46,24.38,25.48,23.06,22.0,25.53,25.86,24.65,21.89
2026-04-13T01:00,2026-04-13,1,24.37,25.35,24.31,25.36,22.84,21.95,25.48,25.71,24.34,21.62
2026-04-13T02:00,2026-04-13,2,23.99,24.82,24.06,24.97,22.46,21.93,25.4,25.45,23.81,21.14
2026-04-13T03:00,2026-04-13,3,23.67,24.49,23.8,24.76,22.18,21.28,25.33,25.22,23.31,20.72
2026-04-13T04:00,2026-04-13,4,23.38,24.29,23.43,24.61,21.81,21.18,25.33,25.06,22.52,20.32
2026-04-13T05:00,2026-04-13,5,23.22,24.11,23.64,24.52,21.48,20.92,25.41,24.94,22.15,20.01
2026-04-13T06:00,2026-04-13,6,23.52,24.35,24.1,25.17,21.66,21.6,25.42,25.47,22.37,20.0
2026-04-13T07:00,2026-04-13,7,24.92,26.0,25.06,26.33,23.9,21.09,26.77,26.7,24.59,21.21
2026-04-13T08:00,2026-04-13,8,26.57,27.72,27.0,27.76,25.73,21.64,28.42,28.15,26.8,22.72
2026-04-13T09:00,2026-04-13,9,28.27,29.51,29.01,29.46,27.01,23.0,30.08,29.4,28.76,24.46
2026-04-13T10:00,2026-04-13,10,29.75,30.93,30.29,30.93,28.6,23.64,31.64,30.62,30.72,26.12
2026-04-13T11:00,2026-04-13,11,31.08,32.25,31.36,32.33,28.9,25.65,33.11,31.61,32.42,27.51
2026-04-13T12:00,2026-04-13,12,31.53,32.94,31.62,32.86,26.5,26.93,33.74,31.95,33.13,28.53
2026-04-13T13:00,2026-04-13,13,32.32,33.69,32.13,33.58,27.55,27.61,34.64,32.42,34.15,29.42
2026-04-13T14:00,2026-04-13,14,32.49,33.75,32.07,33.14,28.19,28.01,34.94,32.33,34.62,29.89
2026-04-13T15:00,2026-04-13,15,32.37,33.81,31.43,32.78,27.96,28.31,34.95,31.27,34.51,30.12
2026-04-13T16:00,2026-04-13,16,31.74,32.92,30.6,31.94,28.32,27.15,34.44,30.77,33.87,30.09
2026-04-13T17:00,2026-04-13,17,30.68,31.58,29.43,29.64,27.74,26.71,33.42,29.85,33.33,29.75
2026-04-13T18:00,2026-04-13,18,29.62,30.49,28.19,29.97,26.76,27.15,31.45,28.57,31.59,28.12
2026-04-13T19:00,2026-04-13,19,28.15,29.06,26.73,28.68,25.67,25.56,29.83,27.47,29.95,26.36
2026-04-13T20:00,2026-04-13,20,27.4,28.62,25.87,27.9,25.14,24.61,28.85,26.86,28.72,25.62
2026-04-13T21:00,2026-04-13,21,26.75,27.91,25.41,27.14,24.72,24.19,28.24,26.58,27.66,24.95
2026-04-13T22:00,2026-04-13,22,26.13,27.17,24.88,26.54,24.55,23.56,27.66,26.47,26.71,24.36
2026-04-13T23:00,2026-04-13,23,25.6,26.76,24.36,26.05,23.77,23.25,27.09,26.47,25.6,23.94
2026-04-14T00:00,2026-04-14,0,25.01,25.64,24.22,25.73,22.91,22.84,26.52,26.25,25.3,23.57
2026-04-14T01:00,2026-04-14,1,24.86,25.62,24.14,25.61,22.7,22.11,26.44,26.16,25.05,23.4
2026-04-14T02:00,2026-04-14,2,24.48,25.39,24.03,25.25,22.21,21.27,26.37,25.95,24.37,22.77
2026-04-14T03:00,2026-04-14,3,24.21,25.12,23.74,25.02,21.81,21.51,26.32,25.65,23.84,22.25
2026-04-14T04:00,2026-04-14,4,23.99,25.16,23.51,24.87,21.42,21.17,26.37,25.36,23.33,21.67
2026-04-14T05:00,2026-04-14,5,23.86,25.14,23.44,24.83,21.27,21.17,26.35,25.07,22.99,21.21
2026-04-14T06:00,2026-04-14,6,23.75,24.34,23.34,24.64,21.84,21.69,26.05,25.08,23.6,21.4
2026-04-14T07:00,2026-04-14,7,24.96,25.36,25.09,25.8,22.96,22.75,27.09,26.55,25.07,22.57
2026-04-14T08:00,2026-04-14,8,26.49,26.9,27.26,27.48,24.34,23.89,28.38,27.96,26.8,23.82
2026-04-14T09:00,2026-04-14,9,28.19,28.76,29.23,29.45,25.87,25.53,29.92,29.29,28.73,24.84
2026-04-14T10:00,2026-04-14,10,29.74,30.5,30.62,30.93,27.03,27.6,31.47,30.46,30.62,25.84
2026-04-14T11:00,2026-04-14,11,30.99,32.0,31.47,32.26,27.82,28.89,32.69,31.23,32.46,26.58
2026-04-14T12:00,2026-04-14,12,31.22,32.18,31.73,32.02,27.86,29.0,33.18,30.59,33.12,27.4
2026-04-14T13:00,2026-04-14,13,31.82,32.92,32.02,31.12,29.11,29.92,34.2,30.41,34.16,28.37
2026-04-14T14:00,2026-04-14,14,32.02,33.22,31.91,30.23,29.81,30.44,34.56,30.13,34.64,29.0
2026-04-14T15:00,2026-04-14,15,32.03,33.23,31.51,30.85,30.13,30.18,34.36,29.14,34.69,29.23
2026-04-14T16:00,2026-04-14,16,31.65,32.62,30.49,30.9,30.09,30.26,33.29,29.72,34.33,29.15
2026-04-14T17:00,2026-04-14,17,30.92,31.92,29.6,30.29,29.61,28.77,32.41,29.24,33.5,28.75
2026-04-14T18:00,2026-04-14,18,29.15,29.56,28.39,29.06,28.47,27.1,29.87,27.61,31.5,27.93
2026-04-14T19:00,2026-04-14,19,27.87,28.5,27.56,27.85,26.89,25.87,28.81,27.05,29.29,26.32
2026-04-14T20:00,2026-04-14,20,27.1,27.78,26.99,27.21,25.81,24.97,28.17,26.69,28.13,25.49
2026-04-14T21:00,2026-04-14,21,26.48,27.14,26.52,26.78,25.19,24.17,27.67,26.48,27.17,24.77
2026-04-14T22:00,2026-04-14,22,26.02,26.63,26.23,26.4,24.61,23.82,27.29,26.43,26.43,24.22
2026-04-14T23:00,2026-04-14,23,25.56,26.16,26.1,25.97,24.18,22.82,27.02,26.45,25.81,23.61
2026-04-15T00:00,2026-04-15,0,25.41,25.92,25.99,26.23,23.96,21.69,27.0,26.87,25.71,23.35
2026-04-15T01:00,2026-04-15,1,25.32,25.82,25.7,26.4,23.72,21.8,26.89,26.89,25.59,23.18
2026-04-15T02:00,2026-04-15,2,25.08,25.68,25.38,26.44,22.64,21.67,26.83,26.72,25.35,22.71
2026-04-15T03:00,2026-04-15,3,24.92,25.67,24.87,26.37,22.42,21.59,26.79,26.66,25.15,22.26
2026-04-15T04:00,2026-04-15,4,24.81,25.72,24.56,26.28,22.12,21.44,26.8,26.59,24.89,22.02
2026-04-15T05:00,2026-04-15,5,24.74,25.76,24.28,26.22,22.08,21.29,26.69,26.55,24.82,21.84
2026-04-15T06:00,2026-04-15,6,24.76,25.93,24.27,25.66,22.96,21.55,26.26,26.36,24.59,22.31
2026-04-15T07:00,2026-04-15,7,25.64,26.4,25.58,26.33,23.48,22.12,27.32,27.26,26.09,23.64
2026-04-15T08:00,2026-04-15,8,27.02,27.71,27.41,27.86,23.72,22.74,28.9,28.56,27.9,25.28
2026-04-15T09:00,2026-04-15,9,28.57,29.5,29.28,29.6,24.65,24.24,30.45,29.81,29.78,26.03
2026-04-15T10:00,2026-04-15,10,30.06,31.2,30.78,31.37,25.66,26.08,31.94,30.9,31.5,26.68
2026-04-15T11:00,2026-04-15,11,31.37,32.66,31.9,32.81,26.75,27.93,33.36,31.81,33.17,27.16
2026-04-15T12:00,2026-04-15,12,31.82,33.01,31.96,32.79,27.63,28.35,34.02,31.86,33.63,28.34
2026-04-15T13:00,2026-04-15,13,32.67,33.92,32.05,33.25,29.21,29.49,35.04,32.19,34.75,29.23
2026-04-15T14:00,2026-04-15,14,33.08,34.42,31.84,33.55,30.07,30.21,35.21,31.69,35.47,29.87
2026-04-15T15:00,2026-04-15,15,33.07,34.65,31.1,32.96,30.36,30.52,35.43,30.94,35.56,30.07
2026-04-15T16:00,2026-04-15,16,32.59,33.98,30.65,32.58,30.24,30.39,34.29,30.41,35.22,30.05
2026-04-15T17:00,2026-04-15,17,31.57,32.66,29.67,31.51,29.68,29.41,32.95,29.81,34.38,29.29
2026-04-15T18:00,2026-04-15,18,29.78,30.31,28.59,30.06,28.34,27.16,31.36,28.61,32.17,27.98
2026-04-15T19:00,2026-04-15,19,28.6,29.53,27.54,28.93,27.05,25.69,30.05,27.85,30.45,26.43
2026-04-15T20:00,2026-04-15,20,27.79,28.85,26.86,28.3,26.23,24.84,29.23,27.24,29.19,25.42
2026-04-15T21:00,2026-04-15,21,27.05,28.14,26.24,27.71,25.67,23.59,28.56,26.74,28.16,24.64
2026-04-15T22:00,2026-04-15,22,26.41,27.48,25.94,27.2,25.12,22.18,27.9,26.43,27.48,24.01
2026-04-15T23:00,2026-04-15,23,25.82,26.94,25.78,26.68,24.61,21.66,27.34,26.35,26.07,23.45
2026-04-16T00:00,2026-04-16,0,25.21,25.55,25.51,26.0,23.43,21.03,27.09,26.34,26.07,23.67
2026-04-16T01:00,2026-04-16,1,25.04,25.59,25.36,25.92,22.49,21.05,27.0,26.44,25.49,23.48
2026-04-16T02:00,2026-04-16,2,24.87,25.76,25.29,25.69,22.16,20.85,26.9,26.36,24.87,22.93
2026-04-16T03:00,2026-04-16,3,24.7,25.83,24.9,25.35,22.15,20.96,26.8,26.1,24.6,22.41
2026-04-16T04:00,2026-04-16,4,24.51,25.82,24.33,25.13,22.24,21.01,26.74,25.7,24.2,21.93
2026-04-16T05:00,2026-04-16,5,24.38,25.72,24.09,24.99,21.93,20.62,26.69,25.62,24.39,21.6
2026-04-16T06:00,2026-04-16,6,24.01,24.33,24.63,23.21,22.0,21.53,26.86,25.94,24.69,21.92
2026-04-16T07:00,2026-04-16,7,24.66,25.41,23.12,24.5,22.51,22.66,27.58,27.38,24.88,22.3
2026-04-16T08:00,2026-04-16,8,25.73,26.47,24.78,25.99,23.57,23.84,28.74,28.64,25.02,23.24
2026-04-16T09:00,2026-04-16,9,27.2,27.83,25.66,28.37,25.55,25.65,29.99,29.71,26.25,24.59
2026-04-16T10:00,2026-04-16,10,28.95,29.53,27.93,30.52,27.48,27.41,31.31,30.5,28.43,25.95
2026-04-16T11:00,2026-04-16,11,30.48,31.3,30.42,31.95,28.39,28.81,32.61,31.31,30.12,27.13
2026-04-16T12:00,2026-04-16,12,30.51,31.43,31.65,31.38,28.52,29.26,32.24,30.86,30.06,27.07
2026-04-16T13:00,2026-04-16,13,31.11,31.8,31.51,32.02,29.51,30.14,32.76,31.36,31.08,27.95
2026-04-16T14:00,2026-04-16,14,31.13,31.7,31.36,31.48,30.28,30.28,32.46,31.52,31.3,28.47
2026-04-16T15:00,2026-04-16,15,31.03,31.71,30.9,31.25,30.53,30.25,32.17,31.11,30.94,28.9
2026-04-16T16:00,2026-04-16,16,30.63,30.89,30.24,31.4,30.28,30.2,31.64,30.52,30.72,28.83
2026-04-16T17:00,2026-04-16,17,30.13,30.58,29.61,30.99,29.59,29.59,31.18,29.6,30.2,28.31
2026-04-16T18:00,2026-04-16,18,28.84,29.79,28.7,29.95,28.08,27.72,27.31,28.42,29.31,27.73
2026-04-16T19:00,2026-04-16,19,27.64,28.71,27.38,29.02,26.78,26.25,27.05,27.65,27.34,26.03
2026-04-16T20:00,2026-04-16,20,26.91,27.78,27.0,28.35,26.29,25.43,26.6,27.08,26.2,25.41
2026-04-16T21:00,2026-04-16,21,26.15,26.85,26.42,27.57,25.88,24.69,26.03,26.88,25.46,24.19
2026-04-16T22:00,2026-04-16,22,25.52,26.21,25.84,26.78,25.14,23.82,25.6,26.59,24.89,23.54
2026-04-16T23:00,2026-04-16,23,24.88,25.59,25.17,25.31,24.81,23.0,25.15,26.16,24.51,23.02
2026-04-17T00:00,2026-04-17,0,25.11,25.63,25.59,24.93,24.52,24.08,25.96,26.42,24.87,23.38
2026-04-17T01:00,2026-04-17,1,24.9,25.44,25.9,23.95,24.63,23.49,25.9,26.19,24.91,23.13
2026-04-17T02:00,2026-04-17,2,24.37,24.64,25.49,23.7,23.91,22.65,25.77,25.78,24.47,22.72
2026-04-17T03:00,2026-04-17,3,23.97,24.1,24.68,23.47,23.53,22.41,25.67,25.33,24.13,22.34
2026-04-17T04:00,2026-04-17,4,23.71,23.86,24.07,23.43,23.12,22.13,25.48,24.96,23.95,22.06
2026-04-17T05:00,2026-04-17,5,23.55,23.6,23.67,23.3,22.88,21.94,25.67,24.97,23.97,21.74
2026-04-17T06:00,2026-04-17,6,24.33,24.23,24.57,24.72,24.59,23.25,25.75,26.02,24.1,22.37
2026-04-17T07:00,2026-04-17,7,25.39,25.26,26.22,26.13,24.67,24.3,26.68,27.15,24.98,23.64
2026-04-17T08:00,2026-04-17,8,26.79,26.73,28.02,27.65,25.42,25.44,27.8,28.59,26.34,25.42
2026-04-17T09:00,2026-04-17,9,28.44,28.56,29.76,28.91,26.98,26.39,29.44,29.92,28.16,27.39
2026-04-17T10:00,2026-04-17,10,29.93,30.01,31.0,30.31,28.8,27.96,30.96,30.83,30.0,28.92
2026-04-17T11:00,2026-04-17,11,31.18,31.27,32.23,31.63,30.11,29.54,32.19,31.59,31.35,29.97
2026-04-17T12:00,2026-04-17,12,31.53,31.66,32.58,32.2,30.41,30.56,32.56,31.75,31.5,29.92
2026-04-17T13:00,2026-04-17,13,32.28,32.46,33.07,33.04,30.92,31.21,33.44,32.16,32.58,30.47
2026-04-17T14:00,2026-04-17,14,32.56,32.96,32.78,33.25,30.95,31.27,33.87,32.04,33.14,30.82
2026-04-17T15:00,2026-04-17,15,32.51,32.96,32.25,33.09,31.31,31.04,33.76,31.69,33.24,31.02
2026-04-17T16:00,2026-04-17,16,32.14,32.78,31.41,32.61,31.14,30.01,33.44,30.97,32.97,30.99
2026-04-17T17:00,2026-04-17,17,31.42,32.23,30.33,31.82,30.14,28.76,32.85,30.25,32.41,30.38
2026-04-17T18:00,2026-04-17,18,29.6,30.03,28.93,29.93,27.61,27.62,31.16,29.2,30.68,28.75
2026-04-17T19:00,2026-04-17,19,28.23,28.79,27.61,28.69,26.21,26.43,29.72,28.19,28.73,27.27
2026-04-17T20:00,2026-04-17,20,27.5,28.3,26.69,27.8,25.65,25.73,28.72,27.56,27.83,26.5
2026-04-17T21:00,2026-04-17,21,27.01,27.83,26.26,27.51,25.12,25.36,27.95,27.1,27.34,25.92
2026-04-17T22:00,2026-04-17,22,26.56,27.3,26.02,27.02,24.88,24.98,27.41,26.76,26.93,25.39
2026-04-17T23:00,2026-04-17,23,26.04,26.5,25.78,26.43,24.65,24.8,26.91,26.38,26.34,24.98
2026-04-18T00:00,2026-04-18,0,25.73,25.5,25.69,26.32,24.77,24.89,26.62,26.51,26.19,25.05
2026-04-18T01:00,2026-04-18,1,25.71,25.65,25.5,26.11,24.82,24.76,26.56,26.33,26.12,25.18
2026-04-18T02:00,2026-04-18,2,25.45,25.51,25.05,25.89,24.67,24.29,26.41,26.06,25.7,24.84
2026-04-18T03:00,2026-04-18,3,25.17,25.61,24.48,25.43,24.21,23.79,26.27,25.9,25.27,24.27
2026-04-18T04:00,2026-04-18,4,24.97,25.63,24.43,25.22,24.0,23.58,26.15,25.64,24.77,23.7
2026-04-18T05:00,2026-04-18,5,24.82,25.72,24.3,25.03,24.05,23.23,25.97,25.32,24.44,23.29
2026-04-18T06:00,2026-04-18,6,25.01,25.68,24.5,25.17,24.13,24.04,26.68,25.87,24.87,22.77
2026-04-18T07:00,2026-04-18,7,26.08,27.1,26.34,25.93,23.15,24.81,27.58,27.29,26.36,23.85
2026-04-18T08:00,2026-04-18,8,27.43,28.3,28.24,27.53,24.19,25.57,28.83,28.45,28.19,25.05
2026-04-18T09:00,2026-04-18,9,28.94,29.48,29.83,28.84,26.27,26.56,30.42,29.77,30.05,27.09
2026-04-18T10:00,2026-04-18,10,30.38,30.49,31.47,30.76,28.33,27.97,31.82,31.05,31.44,28.77
2026-04-18T11:00,2026-04-18,11,31.51,31.6,32.48,32.14,29.69,29.78,33.0,32.13,32.43,29.23
2026-04-18T12:00,2026-04-18,12,31.93,32.39,32.85,32.61,30.14,29.95,33.24,32.49,33.15,28.72
2026-04-18T13:00,2026-04-18,13,32.44,33.11,32.86,33.4,30.56,30.57,34.01,32.95,33.84,28.29
2026-04-18T14:00,2026-04-18,14,32.48,33.4,32.64,33.78,30.96,29.97,34.36,32.88,33.97,27.38
2026-04-18T15:00,2026-04-18,15,32.0,32.96,32.17,33.84,30.26,29.87,34.48,32.5,32.49,26.57
2026-04-18T16:00,2026-04-18,16,31.65,32.81,31.45,33.54,29.89,29.66,34.21,31.68,31.52,26.78
2026-04-18T17:00,2026-04-18,17,31.03,32.21,30.44,32.68,29.47,29.38,33.49,30.72,30.76,26.78
2026-04-18T18:00,2026-04-18,18,29.52,30.24,29.07,30.71,27.58,28.4,31.18,29.3,30.13,26.51
2026-04-18T19:00,2026-04-18,19,28.32,29.09,27.83,29.38,26.06,27.16,30.19,28.22,28.96,25.31
2026-04-18T20:00,2026-04-18,20,27.57,28.3,27.17,28.37,25.69,26.49,29.39,27.57,28.61,24.06
2026-04-18T21:00,2026-04-18,21,27.0,27.85,26.57,27.64,25.79,26.03,28.8,27.07,27.4,23.56
2026-04-18T22:00,2026-04-18,22,26.41,27.58,26.13,27.13,24.79,25.69,28.3,26.7,25.56,23.35
2026-04-18T23:00,2026-04-18,23,25.69,26.78,25.7,26.74,23.03,25.55,27.74,26.45,24.08,23.07
2026-04-19T00:00,2026-04-19,0,25.34,25.31,26.0,26.74,22.91,25.44,27.32,26.94,24.11,23.57
2026-04-19T01:00,2026-04-19,1,24.73,24.03,25.99,26.22,22.76,24.01,26.81,26.6,24.07,23.4
2026-04-19T02:00,2026-04-19,2,24.28,23.68,25.76,24.52,22.6,23.45,26.55,26.43,23.99,22.96
2026-04-19T03:00,2026-04-19,3,24.12,23.7,25.56,24.27,22.56,23.0,26.46,26.23,23.97,22.38
2026-04-19T04:00,2026-04-19,4,24.02,23.9,24.31,24.27,22.52,22.85,26.53,26.23,23.86,22.11
2026-04-19T05:00,2026-04-19,5,24.03,24.14,24.28,24.07,22.31,22.58,26.72,26.27,23.7,22.16
2026-04-19T06:00,2026-04-19,6,24.74,25.03,25.32,26.24,22.55,23.31,26.25,26.26,24.09,22.7
2026-04-19T07:00,2026-04-19,7,25.55,26.0,26.76,27.12,23.49,22.91,27.38,27.73,24.32,23.28
2026-04-19T08:00,2026-04-19,8,26.85,27.59,28.36,28.73,24.65,23.77,28.68,29.07,25.21,24.0
2026-04-19T09:00,2026-04-19,9,28.4,29.35,29.97,30.59,26.25,25.7,30.04,30.31,26.43,25.09
2026-04-19T10:00,2026-04-19,10,29.91,30.99,31.53,32.04,27.35,27.33,31.97,31.39,27.91,26.35
2026-04-19T11:00,2026-04-19,11,31.12,32.21,32.5,33.22,28.87,28.27,33.55,32.12,29.42,27.3
2026-04-19T12:00,2026-04-19,12,31.37,32.38,32.62,33.39,29.08,28.1,33.55,31.85,30.06,28.28
2026-04-19T13:00,2026-04-19,13,32.22,33.3,32.94,33.85,30.24,28.71,34.48,32.27,31.84,28.8
2026-04-19T14:00,2026-04-19,14,32.69,33.78,32.44,34.26,31.01,29.66,34.88,32.46,32.7,29.33
2026-04-19T15:00,2026-04-19,15,32.76,33.99,31.65,33.73,31.26,30.11,34.96,32.25,33.24,29.69
2026-04-19T16:00,2026-04-19,16,32.44,33.71,31.05,33.08,31.21,29.45,34.5,31.52,33.27,29.75
2026-04-19T17:00,2026-04-19,17,31.79,33.12,30.14,32.5,30.59,28.67,33.74,30.42,32.73,29.35
2026-04-19T18:00,2026-04-19,18,30.06,31.33,29.2,30.58,28.59,26.94,31.91,29.33,31.27,27.02
2026-04-19T19:00,2026-04-19,19,28.72,30.07,28.02,29.54,26.01,25.91,30.59,28.38,29.76,25.65
2026-04-19T20:00,2026-04-19,20,28.03,29.42,27.49,28.98,25.34,25.54,29.72,27.72,28.87,24.84
2026-04-19T21:00,2026-04-19,21,27.47,28.74,27.08,28.35,25.22,24.97,28.94,27.35,28.2,24.48
2026-04-19T22:00,2026-04-19,22,27.0,28.15,26.68,27.67,24.98,24.79,28.4,27.22,27.81,23.9
2026-04-19T23:00,2026-04-19,23,26.53,27.5,26.47,27.13,24.81,24.13,27.85,27.07,27.41,23.49
2026-04-20T00:00,2026-04-20,0,26.51,27.24,26.67,27.32,24.71,23.81,27.67,27.88,27.44,23.63
2026-04-20T01:00,2026-04-20,1,26.49,27.2,26.67,27.48,24.79,23.43,27.56,27.8,27.5,23.64
2026-04-20T02:00,2026-04-20,2,26.25,26.97,26.63,27.54,24.51,23.0,27.44,27.55,26.9,23.34
2026-04-20T03:00,2026-04-20,3,25.91,26.81,26.27,27.46,23.5,22.39,27.24,27.49,26.24,22.96
2026-04-20T04:00,2026-04-20,4,25.74,26.91,25.94,27.42,22.97,22.28,27.0,27.29,25.75,22.75
2026-04-20T05:00,2026-04-20,5,25.66,26.95,25.89,27.42,22.95,22.26,26.82,27.08,25.39,22.67
2026-04-20T06:00,2026-04-20,6,25.97,27.02,25.77,26.5,23.92,22.61,26.96,27.37,26.83,23.72
2026-04-20T07:00,2026-04-20,7,26.89,27.98,26.75,28.15,24.21,22.82,28.29,28.53,27.68,24.05
2026-04-20T08:00,2026-04-20,8,27.94,29.25,28.36,29.33,24.76,23.67,29.67,29.66,28.56,24.26
2026-04-20T09:00,2026-04-20,9,29.24,30.67,30.16,31.26,25.62,24.87,31.16,30.7,29.9,24.46
2026-04-20T10:00,2026-04-20,10,30.68,32.49,31.88,32.56,27.03,25.83,32.69,31.64,31.92,24.67
2026-04-20T11:00,2026-04-20,11,32.02,33.91,32.98,33.68,28.59,27.79,34.02,32.43,33.53,25.64
2026-04-20T12:00,2026-04-20,12,32.79,34.15,33.32,34.21,29.96,29.41,34.48,32.6,34.29,28.12
2026-04-20T13:00,2026-04-20,13,33.56,34.89,33.38,34.78,31.02,30.64,35.38,32.84,35.24,29.14
2026-04-20T14:00,2026-04-20,14,33.98,35.39,32.95,34.93,31.74,31.34,35.76,32.63,35.85,30.08
2026-04-20T15:00,2026-04-20,15,33.98,35.67,32.57,34.58,32.32,30.48,35.65,31.99,35.84,30.65
2026-04-20T16:00,2026-04-20,16,33.56,35.29,31.5,33.84,32.49,30.38,35.03,31.15,35.37,30.93
2026-04-20T17:00,2026-04-20,17,32.5,34.08,30.68,32.49,31.29,29.4,33.86,30.22,34.4,30.34
2026-04-20T18:00,2026-04-20,18,30.85,32.33,29.69,31.02,29.92,25.87,32.0,29.35,32.78,29.07
2026-04-20T19:00,2026-04-20,19,29.75,31.07,28.77,29.94,28.71,25.25,30.92,28.66,31.83,27.55
2026-04-20T20:00,2026-04-20,20,28.99,30.26,28.39,29.14,27.89,24.95,29.96,28.09,31.33,26.17
2026-04-20T21:00,2026-04-20,21,28.29,29.33,28.05,28.55,27.64,24.7,29.1,27.74,30.74,24.89
2026-04-20T22:00,2026-04-20,22,27.56,28.63,27.83,28.09,25.09,24.53,28.41,27.58,29.96,24.05
2026-04-20T23:00,2026-04-20,23,26.84,27.85,27.41,27.72,22.41,23.99,27.84,27.31,29.22,23.67
2026-04-21T00:00,2026-04-21,0,26.91,27.7,27.39,27.9,22.74,22.97,28.04,27.59,29.16,24.7
2026-04-21T01:00,2026-04-21,1,26.79,27.64,27.13,27.86,23.03,23.08,27.97,27.47,28.69,24.41
2026-04-21T02:00,2026-04-21,2,26.52,27.46,26.94,27.72,23.23,22.42,27.68,27.29,28.04,24.03
2026-04-21T03:00,2026-04-21,3,26.33,27.31,26.52,27.6,23.76,22.34,27.32,27.25,27.48,23.8
2026-04-21T04:00,2026-04-21,4,26.14,27.15,26.08,27.4,24.25,22.51,27.01,27.19,26.89,23.55
2026-04-21T05:00,2026-04-21,5,26.0,26.95,25.78,27.31,24.71,22.54,26.77,27.1,26.54,23.42
2026-04-21T06:00,2026-04-21,6,26.08,26.45,25.66,27.11,25.5,23.29,26.86,27.38,26.25,24.83
2026-04-21T07:00,2026-04-21,7,27.41,27.94,27.42,28.69,26.06,23.92,28.24,28.51,27.77,25.99
2026-04-21T08:00,2026-04-21,8,28.93,29.7,29.28,30.26,26.48,24.8,29.81,29.77,29.55,27.54
2026-04-21T09:00,2026-04-21,9,30.5,31.15,31.0,31.84,28.22,26.38,31.48,30.95,31.51,28.72
2026-04-21T10:00,2026-04-21,10,31.99,32.86,32.05,33.09,29.71,28.01,33.09,31.92,33.36,29.94
2026-04-21T11:00,2026-04-21,11,33.38,34.56,32.98,34.4,31.34,28.99,34.57,32.66,35.11,30.97
2026-04-21T12:00,2026-04-21,12,33.59,34.89,33.01,33.9,32.0,30.44,34.22,32.6,35.39,31.32
2026-04-21T13:00,2026-04-21,13,34.16,35.61,32.97,33.39,32.76,31.7,35.04,32.79,36.27,32.19
2026-04-21T14:00,2026-04-21,14,34.45,36.04,32.54,34.14,33.16,31.52,35.0,32.86,36.44,32.99
2026-04-21T15:00,2026-04-21,15,34.21,35.49,32.39,33.17,33.49,30.9,35.42,32.44,36.38,33.39
2026-04-21T16:00,2026-04-21,16,33.78,34.86,31.55,32.79,33.62,30.46,35.08,31.6,36.06,33.26
2026-04-21T17:00,2026-04-21,17,32.68,33.08,30.65,32.41,32.52,29.6,34.07,30.96,35.02,32.43
2026-04-21T18:00,2026-04-21,18,31.5,32.55,30.02,31.24,30.98,29.14,32.08,29.95,32.65,31.04
2026-04-21T19:00,2026-04-21,19,30.33,31.18,28.93,30.26,30.2,27.57,30.86,29.22,31.8,29.54
2026-04-21T20:00,2026-04-21,20,29.54,30.27,28.41,29.43,29.79,27.08,29.92,28.54,30.99,28.57
2026-04-21T21:00,2026-04-21,21,28.88,29.5,28.13,28.73,29.11,26.23,29.14,28.12,30.24,28.18
2026-04-21T22:00,2026-04-21,22,28.12,28.77,27.75,28.2,28.2,25.37,28.45,27.79,29.56,26.54
2026-04-21T23:00,2026-04-21,23,27.52,28.08,27.44,27.79,27.46,24.72,27.88,27.6,29.0,25.52
2026-04-22T00:00,2026-04-22,0,27.15,27.49,27.28,27.64,26.92,23.98,27.57,27.67,28.6,25.45
2026-04-22T01:00,2026-04-22,1,26.85,27.51,27.0,27.44,26.01,23.43,27.46,27.56,28.28,24.44
2026-04-22T02:00,2026-04-22,2,26.56,27.53,26.48,27.5,25.43,22.45,27.48,27.65,27.66,23.73
2026-04-22T03:00,2026-04-22,3,26.45,27.5,26.23,27.52,25.39,22.67,27.47,27.51,26.96,23.71
2026-04-22T04:00,2026-04-22,4,26.32,27.47,25.86,27.4,25.28,22.73,27.57,27.4,26.31,23.71
2026-04-22T05:00,2026-04-22,5,26.15,27.31,25.7,27.3,25.08,22.52,27.56,27.35,25.8,23.66
2026-04-22T06:00,2026-04-22,6,26.19,27.08,25.9,26.95,25.83,21.19,27.56,27.19,26.37,24.65
2026-04-22T07:00,2026-04-22,7,27.24,27.96,27.22,28.11,26.53,21.64,28.5,28.14,27.5,26.45
2026-04-22T08:00,2026-04-22,8,28.58,29.33,29.0,29.83,26.9,21.92,29.97,29.18,29.09,28.04
2026-04-22T09:00,2026-04-22,9,30.02,30.89,30.82,31.6,26.99,22.75,31.5,30.53,30.95,29.34
2026-04-22T10:00,2026-04-22,10,31.52,32.55,32.18,33.37,27.69,24.44,32.99,31.72,32.69,30.56
2026-04-22T11:00,2026-04-22,11,32.93,33.9,33.34,34.6,28.91,27.35,34.39,32.91,34.36,31.54
2026-04-22T12:00,2026-04-22,12,33.32,34.35,33.8,34.16,28.51,29.27,34.73,32.96,35.03,32.08
2026-04-22T13:00,2026-04-22,13,34.23,35.25,34.25,34.81,30.46,30.52,35.64,33.31,36.12,32.86
2026-04-22T14:00,2026-04-22,14,34.46,35.87,34.07,33.52,31.4,31.17,36.14,33.14,36.66,32.94
2026-04-22T15:00,2026-04-22,15,34.37,35.62,33.25,34.01,31.98,31.59,36.0,32.81,36.21,32.94
2026-04-22T16:00,2026-04-22,16,33.52,34.27,31.96,33.8,31.51,31.6,34.62,32.13,35.47,32.51
2026-04-22T17:00,2026-04-22,17,31.94,31.84,30.77,32.66,30.61,30.52,32.57,31.1,34.25,31.32
2026-04-22T18:00,2026-04-22,18,29.4,29.01,29.76,26.78,28.76,29.07,29.86,30.13,32.52,29.23
2026-04-22T19:00,2026-04-22,19,27.89,27.62,28.79,25.49,27.12,27.13,28.69,28.86,30.56,27.12
2026-04-22T20:00,2026-04-22,20,26.95,26.61,28.21,24.3,26.73,25.67,28.51,27.97,29.24,25.96
2026-04-22T21:00,2026-04-22,21,26.38,26.03,26.82,24.37,26.43,24.79,27.82,26.93,29.02,25.27
2026-04-22T22:00,2026-04-22,22,25.89,25.74,25.98,24.16,25.78,24.3,27.28,26.73,28.13,24.76
2026-04-22T23:00,2026-04-22,23,25.43,25.44,25.03,23.84,25.23,23.64,26.88,26.78,27.4,24.36
2026-04-23T00:00,2026-04-23,0,25.72,25.44,25.32,24.28,24.89,23.33,27.01,27.53,27.61,26.04
2026-04-23T01:00,2026-04-23,1,25.86,25.91,25.15,24.66,24.75,23.49,27.02,27.56,27.4,26.12
2026-04-23T02:00,2026-04-23,2,25.54,25.75,24.81,24.56,24.2,23.32,26.62,27.04,26.9,25.57
2026-04-23T03:00,2026-04-23,3,25.2,25.45,24.51,24.37,23.87,22.97,26.46,26.69,26.43,24.94
2026-04-23T04:00,2026-04-23,4,25.0,25.16,24.44,24.54,23.62,22.99,26.36,26.6,26.03,24.37
2026-04-23T05:00,2026-04-23,5,24.87,25.22,24.07,24.45,23.42,22.99,26.42,26.47,25.6,24.06
2026-04-23T06:00,2026-04-23,6,25.78,26.34,25.79,26.74,24.69,23.23,27.03,27.12,25.76,23.69
2026-04-23T07:00,2026-04-23,7,26.81,27.29,27.35,28.08,25.21,23.69,27.87,28.21,27.05,24.75
2026-04-23T08:00,2026-04-23,8,28.23,28.94,29.56,29.87,25.95,24.78,29.22,29.49,28.24,25.64
2026-04-23T09:00,2026-04-23,9,29.75,30.67,31.51,31.69,26.62,26.02,30.71,30.69,29.99,26.64
2026-04-23T10:00,2026-04-23,10,31.19,32.17,33.12,33.37,28.35,27.25,32.14,31.72,31.58,27.47
2026-04-23T11:00,2026-04-23,11,32.44,33.29,34.24,34.42,30.1,28.91,33.54,32.62,33.16,28.4
2026-04-23T12:00,2026-04-23,12,32.63,33.66,34.36,34.54,29.68,29.23,34.07,32.9,33.46,28.08
2026-04-23T13:00,2026-04-23,13,33.43,34.52,34.13,35.34,30.5,30.53,34.99,33.41,34.72,28.74
2026-04-23T14:00,2026-04-23,14,33.89,35.0,33.7,35.68,31.09,31.1,35.56,33.54,35.42,29.7
2026-04-23T15:00,2026-04-23,15,34.01,35.14,33.21,35.62,31.5,31.46,35.65,33.39,35.65,30.05
2026-04-23T16:00,2026-04-23,16,33.69,34.83,32.23,34.96,31.38,31.36,35.24,32.86,35.5,30.35
2026-04-23T17:00,2026-04-23,17,33.0,34.13,31.3,34.24,30.62,30.73,34.68,31.81,34.68,30.15
2026-04-23T18:00,2026-04-23,18,31.31,32.26,29.79,32.11,29.65,29.42,32.85,30.5,32.32,29.28
2026-04-23T19:00,2026-04-23,19,29.82,30.91,28.41,30.46,28.46,27.98,31.15,29.21,30.46,27.75
2026-04-23T20:00,2026-04-23,20,29.04,30.18,27.6,29.55,28.07,27.52,30.05,28.36,29.55,27.07
2026-04-23T21:00,2026-04-23,21,28.51,29.71,27.26,28.75,27.48,27.24,29.3,27.77,29.11,26.62
2026-04-23T22:00,2026-04-23,22,27.98,29.09,26.85,28.0,26.99,26.98,28.8,27.36,28.59,26.12
2026-04-23T23:00,2026-04-23,23,27.45,28.4,26.4,27.36,26.5,26.44,28.39,26.97,28.18,25.72
2026-04-24T00:00,2026-04-24,0,27.26,28.14,26.24,27.03,26.31,26.1,28.31,27.2,27.88,25.71
2026-04-24T01:00,2026-04-24,1,27.0,27.8,25.88,26.88,26.17,25.84,28.01,26.85,27.77,25.51
2026-04-24T02:00,2026-04-24,2,26.59,27.31,25.36,26.45,25.89,25.44,27.57,26.73,27.42,25.09
2026-04-24T03:00,2026-04-24,3,26.3,26.89,25.23,26.1,25.56,24.99,27.36,26.75,27.18,24.9
2026-04-24T04:00,2026-04-24,4,26.09,26.6,25.02,25.93,25.77,24.93,27.22,26.64,26.8,24.49
2026-04-24T05:00,2026-04-24,5,25.91,26.43,24.84,25.79,25.57,24.74,27.13,26.56,26.51,24.24
2026-04-24T06:00,2026-04-24,6,26.1,26.45,25.26,26.24,25.14,25.0,27.23,26.83,26.75,24.81
2026-04-24T07:00,2026-04-24,7,27.22,27.75,27.06,27.64,24.14,26.56,28.12,28.0,28.16,25.66
2026-04-24T08:00,2026-04-24,8,28.64,29.25,29.29,29.64,25.2,27.45,29.45,29.33,29.57,26.34
2026-04-24T09:00,2026-04-24,9,30.11,30.97,31.24,31.35,27.15,29.02,30.94,30.63,31.33,25.89
2026-04-24T10:00,2026-04-24,10,31.49,32.39,32.93,32.97,29.08,30.25,32.25,31.76,32.97,26.23
2026-04-24T11:00,2026-04-24,11,32.81,33.68,33.96,34.25,30.69,31.47,33.58,32.75,34.18,27.98
2026-04-24T12:00,2026-04-24,12,33.18,33.95,33.85,34.62,30.62,31.51,33.85,32.77,34.54,29.86
2026-04-24T13:00,2026-04-24,13,34.0,34.79,34.03,35.58,31.75,32.31,34.8,33.28,35.4,30.75
2026-04-24T14:00,2026-04-24,14,34.36,35.23,33.7,36.03,32.29,32.79,35.31,33.43,35.68,31.23
2026-04-24T15:00,2026-04-24,15,34.46,35.35,33.36,36.06,32.53,32.78,35.47,33.33,35.93,31.57
2026-04-24T16:00,2026-04-24,16,34.22,35.05,32.84,35.61,32.47,32.57,35.31,32.83,35.82,31.67
2026-04-24T17:00,2026-04-24,17,33.46,34.36,31.75,34.56,31.95,31.9,34.68,31.82,35.1,31.07
2026-04-24T18:00,2026-04-24,18,31.57,32.52,29.92,32.53,30.29,29.64,33.1,30.5,33.0,28.83
2026-04-24T19:00,2026-04-24,19,30.09,31.13,28.26,30.78,29.04,28.23,31.56,29.02,31.55,27.43
2026-04-24T20:00,2026-04-24,20,29.18,30.42,27.13,29.61,28.33,27.49,30.36,28.16,30.59,26.56
2026-04-24T21:00,2026-04-24,21,28.53,29.84,26.67,28.64,27.8,27.13,29.48,27.54,30.08,25.67
2026-04-24T22:00,2026-04-24,22,27.95,29.29,26.41,27.91,27.24,26.71,28.86,27.07,29.51,24.77
2026-04-24T23:00,2026-04-24,23,27.36,28.53,26.15,27.27,26.67,26.54,28.23,26.72,28.87,24.17
2026-04-25T00:00,2026-04-25,0,27.1,27.89,25.85,26.77,26.85,26.26,27.92,26.91,28.68,24.59
2026-04-25T01:00,2026-04-25,1,27.03,27.83,25.91,26.62,26.75,26.24,27.66,26.69,28.66,24.63
2026-04-25T02:00,2026-04-25,2,26.55,27.29,25.57,26.2,25.82,25.83,27.29,26.56,28.22,24.12
2026-04-25T03:00,2026-04-25,3,26.12,26.75,25.17,25.89,25.51,25.47,26.99,26.55,27.31,23.81
2026-04-25T04:00,2026-04-25,4,25.8,26.36,25.07,25.87,25.17,25.05,26.82,26.5,26.58,23.49
2026-04-25T05:00,2026-04-25,5,25.65,26.13,25.26,25.94,25.0,24.96,26.79,26.34,26.13,23.19
2026-04-25T06:00,2026-04-25,6,25.85,26.71,26.17,26.42,25.83,26.03,27.24,26.6,24.12,22.88
2026-04-25T07:00,2026-04-25,7,26.78,27.84,27.69,27.56,25.89,27.48,28.05,27.78,24.25,23.78
2026-04-25T08:00,2026-04-25,8,27.97,28.97,29.42,29.51,23.53,28.11,29.48,29.28,26.48,25.13
2026-04-25T09:00,2026-04-25,9,29.56,30.46,31.31,31.27,24.76,27.57,30.88,30.49,29.46,26.88
2026-04-25T10:00,2026-04-25,10,31.34,32.34,32.95,32.65,28.19,28.87,32.21,31.73,31.87,28.14
2026-04-25T11:00,2026-04-25,11,32.82,33.89,34.45,34.12,29.99,31.01,33.6,32.65,33.46,28.99
2026-04-25T12:00,2026-04-25,12,33.16,34.07,34.46,34.98,30.44,31.39,34.24,32.89,34.13,28.7
2026-04-25T13:00,2026-04-25,13,34.01,34.79,33.82,35.86,31.89,32.55,35.14,33.49,35.1,30.35
2026-04-25T14:00,2026-04-25,14,34.3,35.27,33.69,36.19,32.39,32.88,35.65,33.67,35.68,29.77
2026-04-25T15:00,2026-04-25,15,34.15,35.44,33.29,36.12,32.61,32.78,35.72,33.33,35.72,28.29
2026-04-25T16:00,2026-04-25,16,33.66,35.11,32.46,35.65,32.64,32.56,35.26,32.5,34.76,27.81
2026-04-25T17:00,2026-04-25,17,32.68,34.27,31.1,34.59,32.04,31.72,34.35,31.17,32.87,27.63
2026-04-25T18:00,2026-04-25,18,31.13,31.62,29.47,32.11,29.85,29.94,32.4,29.82,32.43,29.65
2026-04-25T19:00,2026-04-25,19,29.71,30.35,28.08,30.34,28.42,28.34,31.06,28.45,31.2,28.0
2026-04-25T20:00,2026-04-25,20,28.91,29.72,27.26,29.4,27.6,27.35,30.1,27.62,30.39,27.31
2026-04-25T21:00,2026-04-25,21,28.32,29.27,26.77,28.52,27.24,26.69,29.23,27.15,29.76,26.74
2026-04-25T22:00,2026-04-25,22,27.9,29.01,26.58,27.89,27.14,26.52,28.33,27.11,29.01,26.27
2026-04-25T23:00,2026-04-25,23,27.33,28.43,26.13,27.24,26.88,26.21,27.63,27.25,27.64,25.95
2026-04-26T00:00,2026-04-26,0,27.03,27.84,26.05,26.73,26.66,26.12,27.24,27.2,27.88,25.65
2026-04-26T01:00,2026-04-26,1,26.82,27.53,26.28,26.54,26.59,25.66,27.24,27.01,27.52,25.31
2026-04-26T02:00,2026-04-26,2,26.46,27.05,26.07,26.15,26.49,25.43,26.93,26.76,27.15,24.84
2026-04-26T03:00,2026-04-26,3,26.13,26.58,25.81,25.86,26.51,25.27,26.78,26.38,26.82,24.2
2026-04-26T04:00,2026-04-26,4,25.85,26.19,25.66,25.89,26.2,25.0,26.7,26.14,26.6,23.45
2026-04-26T05:00,2026-04-26,5,25.64,25.92,25.56,25.97,25.92,24.72,26.59,26.3,26.37,22.84
2026-04-26T06:00,2026-04-26,6,24.35,24.43,25.15,24.96,23.05,23.57,26.17,26.36,23.45,22.4
2026-04-26T07:00,2026-04-26,7,25.47,25.42,26.9,26.45,24.13,24.77,27.28,27.7,24.5,22.89
2026-04-26T08:00,2026-04-26,8,26.77,26.62,28.78,28.23,25.42,25.9,28.59,28.8,25.8,23.61
2026-04-26T09:00,2026-04-26,9,28.4,28.41,30.66,30.11,27.06,27.25,30.15,30.06,27.79,24.42
2026-04-26T10:00,2026-04-26,10,29.95,30.49,32.37,31.81,28.2,28.5,31.64,31.25,29.1,25.3
2026-04-26T11:00,2026-04-26,11,31.28,32.28,33.64,33.36,29.07,29.35,33.0,32.24,30.13,26.34
2026-04-26T12:00,2026-04-26,12,30.33,31.38,33.94,32.95,28.13,28.07,32.53,31.8,28.42,24.07
2026-04-26T13:00,2026-04-26,13,30.82,32.44,34.0,33.48,27.87,28.34,33.41,31.85,28.38,24.44
2026-04-26T14:00,2026-04-26,14,30.85,32.41,33.14,33.34,27.34,28.32,33.85,32.12,28.88,24.91
2026-04-26T15:00,2026-04-26,15,30.99,32.63,32.64,33.65,26.61,28.44,33.93,31.9,29.47,25.51
2026-04-26T16:00,2026-04-26,16,30.53,31.89,31.78,33.01,26.69,26.79,33.49,31.29,29.54,26.08
2026-04-26T17:00,2026-04-26,17,29.45,30.87,30.76,30.99,26.44,25.52,32.16,30.15,28.48,25.67
2026-04-26T18:00,2026-04-26,18,26.06,24.63,29.53,27.72,25.02,24.73,29.13,29.04,24.63,23.62
2026-04-26T19:00,2026-04-26,19,25.33,24.75,28.16,25.56,24.71,24.35,26.82,28.43,24.51,23.2
2026-04-26T20:00,2026-04-26,20,24.98,24.75,27.7,24.77,24.46,24.31,25.74,27.88,24.37,22.8
2026-04-26T21:00,2026-04-26,21,24.69,24.61,25.94,24.74,24.22,24.29,25.75,27.72,24.05,22.49
2026-04-26T22:00,2026-04-26,22,24.42,24.51,25.04,24.67,23.77,23.99,25.95,27.28,23.45,22.17
2026-04-26T23:00,2026-04-26,23,24.31,24.29,25.48,24.8,23.45,23.25,26.27,27.13,23.27,21.87
2026-04-27T00:00,2026-04-27,0,23.95,23.55,25.42,24.29,23.47,23.11,26.15,26.93,22.77,21.88
2026-04-27T01:00,2026-04-27,1,23.7,23.32,24.86,24.06,23.03,22.59,26.14,26.61,22.67,21.66
2026-04-27T02:00,2026-04-27,2,23.76,23.42,24.93,24.21,23.22,22.17,26.31,26.8,22.78,21.58
2026-04-27T03:00,2026-04-27,3,23.91,23.71,24.8,24.57,23.2,22.18,26.52,27.02,22.9,21.45
2026-04-27T04:00,2026-04-27,4,24.03,24.01,24.81,24.86,23.16,22.16,26.53,27.08,23.14,21.21
2026-04-27T05:00,2026-04-27,5,24.1,24.39,24.67,25.23,22.84,22.0,26.64,27.14,22.94,21.05
2026-04-27T06:00,2026-04-27,6,23.0,22.73,24.73,23.8,20.48,20.47,26.72,26.76,21.66,20.65
2026-04-27T07:00,2026-04-27,7,23.15,22.61,25.16,23.84,20.59,20.55,27.01,27.63,21.86,20.81
2026-04-27T08:00,2026-04-27,8,23.69,22.62,26.53,24.36,20.81,20.78,27.79,28.79,22.76,21.53
2026-04-27T09:00,2026-04-27,9,24.63,23.21,28.0,25.44,21.68,21.16,28.43,30.15,24.52,22.37
2026-04-27T10:00,2026-04-27,10,26.34,26.08,30.05,26.35,23.26,22.19,29.68,30.66,26.58,22.9
2026-04-27T11:00,2026-04-27,11,28.14,28.98,30.78,29.31,23.95,23.98,31.42,31.06,27.9,23.61
2026-04-27T12:00,2026-04-27,12,26.95,27.01,30.37,27.8,21.8,22.96,31.38,29.52,26.45,24.01
2026-04-27T13:00,2026-04-27,13,27.55,27.55,31.12,27.78,23.82,24.37,32.34,30.47,26.46,23.96
2026-04-27T14:00,2026-04-27,14,27.98,28.26,30.89,28.71,24.86,24.83,32.84,30.14,26.55,23.98
2026-04-27T15:00,2026-04-27,15,28.14,29.02,30.44,29.55,23.99,24.61,32.98,30.26,26.51,23.57
2026-04-27T16:00,2026-04-27,16,27.93,29.38,29.78,29.51,22.72,24.08,32.45,30.15,26.02,23.54
2026-04-27T17:00,2026-04-27,17,26.81,27.66,29.12,29.11,22.72,23.03,30.14,29.57,24.45,23.41
2026-04-27T18:00,2026-04-27,18,26.57,27.08,28.23,27.74,23.69,22.76,29.96,28.5,26.12,23.16
2026-04-27T19:00,2026-04-27,19,26.05,26.58,27.78,27.59,23.2,22.06,29.04,28.46,25.36,22.63
2026-04-27T20:00,2026-04-27,20,25.69,26.23,27.56,27.53,22.35,21.95,28.58,28.52,24.62,22.36
2026-04-27T21:00,2026-04-27,21,25.44,25.72,27.5,27.77,22.29,21.79,28.23,28.25,24.06,22.28
2026-04-27T22:00,2026-04-27,22,24.61,23.55,26.67,27.51,21.7,21.62,27.93,28.25,23.71,22.15
2026-04-27T23:00,2026-04-27,23,24.46,23.51,27.06,26.7,21.69,21.5,27.82,28.11,23.36,22.09
2026-04-28T00:00,2026-04-28,0,24.98,25.29,26.12,26.56,22.18,21.56,27.59,27.93,23.7,22.95
2026-04-28T01:00,2026-04-28,1,24.76,25.18,25.15,26.14,21.9,21.49,27.62,27.84,23.62,22.73
2026-04-28T02:00,2026-04-28,2,24.6,25.11,24.74,25.55,21.52,21.5,27.59,27.75,23.85,22.49
2026-04-28T03:00,2026-04-28,3,24.49,25.21,24.48,25.24,21.28,21.34,27.51,27.63,23.76,22.19
2026-04-28T04:00,2026-04-28,4,24.46,25.34,24.75,25.0,21.28,21.32,27.48,27.62,23.57,21.93
2026-04-28T05:00,2026-04-28,5,24.26,24.95,24.78,24.77,21.24,21.25,27.3,27.73,23.4,21.68
2026-04-28T06:00,2026-04-28,6,24.04,23.44,25.91,24.11,22.27,22.01,28.18,28.37,22.0,22.47
2026-04-28T07:00,2026-04-28,7,24.33,23.73,26.43,23.96,22.52,22.3,28.58,28.54,22.38,22.98
2026-04-28T08:00,2026-04-28,8,24.72,24.05,26.79,24.37,22.72,22.64,29.25,29.28,22.46,23.59
2026-04-28T09:00,2026-04-28,9,25.46,24.68,27.42,26.02,23.02,22.73,30.08,30.15,23.18,24.24
2026-04-28T10:00,2026-04-28,10,26.15,24.27,28.96,27.96,23.87,22.65,31.67,29.72,24.28,25.3
2026-04-28T11:00,2026-04-28,11,26.99,24.64,30.94,28.04,24.39,22.87,33.01,30.29,26.28,26.17
2026-04-28T12:00,2026-04-28,12,26.38,24.93,29.13,25.06,23.63,23.3,32.28,28.84,26.17,26.26
2026-04-28T13:00,2026-04-28,13,26.45,24.98,28.75,24.71,24.65,23.41,32.18,29.3,26.09,26.68
2026-04-28T14:00,2026-04-28,14,26.12,25.33,25.32,24.56,25.19,24.18,29.98,28.14,26.39,27.2
2026-04-28T15:00,2026-04-28,15,25.76,25.65,24.87,24.77,25.29,24.14,26.65,27.25,26.02,27.22
2026-04-28T16:00,2026-04-28,16,25.41,25.27,24.73,24.67,25.47,23.65,25.44,26.19,25.94,27.21
2026-04-28T17:00,2026-04-28,17,25.3,25.32,24.46,24.87,25.03,23.28,25.65,26.25,25.76,26.5
2026-04-28T18:00,2026-04-28,18,24.66,23.54,24.76,24.19,23.5,23.18,25.54,26.52,26.13,26.19
2026-04-28T19:00,2026-04-28,19,24.36,23.42,24.68,24.47,23.11,22.81,25.53,26.05,25.33,25.1
2026-04-28T20:00,2026-04-28,20,24.23,23.56,24.64,24.83,23.06,22.93,25.38,25.16,24.87,24.26
2026-04-28T21:00,2026-04-28,21,24.19,23.75,24.46,25.09,23.08,22.64,25.41,25.32,24.46,23.76
2026-04-28T22:00,2026-04-28,22,24.26,24.1,24.52,25.6,23.03,22.28,25.58,25.27,24.12,23.44
2026-04-28T23:00,2026-04-28,23,24.24,24.23,24.38,25.67,22.84,22.05,25.66,25.79,23.8,23.15
2026-04-29T00:00,2026-04-29,0,23.63,23.2,22.65,24.26,22.63,22.3,25.28,25.87,23.9,23.22
2026-04-29T01:00,2026-04-29,1,23.53,23.15,22.65,24.01,22.42,22.2,25.34,25.88,23.7,23.07
2026-04-29T02:00,2026-04-29,2,23.35,23.2,22.64,23.49,22.28,21.82,25.21,25.69,23.66,22.43
2026-04-29T03:00,2026-04-29,3,23.31,23.13,22.67,23.69,22.13,21.61,25.37,25.66,23.55,22.21
2026-04-29T04:00,2026-04-29,4,23.44,23.62,22.93,23.95,21.88,21.53,25.82,25.84,23.0,22.04
2026-04-29T05:00,2026-04-29,5,23.53,24.08,23.12,24.24,21.67,21.55,25.78,26.14,22.37,21.91
2026-04-29T06:00,2026-04-29,6,23.43,23.41,22.67,23.84,21.28,21.37,26.38,25.59,23.42,22.33
2026-04-29T07:00,2026-04-29,7,23.86,23.91,23.58,24.62,21.2,21.48,27.54,26.94,22.73,22.51
2026-04-29T08:00,2026-04-29,8,24.29,23.96,25.08,25.21,21.59,21.64,28.54,28.06,22.81,22.49
2026-04-29T09:00,2026-04-29,9,24.73,23.94,27.9,25.38,21.74,21.91,29.05,29.01,23.16,22.58
2026-04-29T10:00,2026-04-29,10,25.3,24.74,29.05,25.82,22.47,22.33,29.1,29.22,23.62,23.06
2026-04-29T11:00,2026-04-29,11,25.55,24.27,29.06,27.46,22.49,23.04,28.89,29.55,24.58,23.23
2026-04-29T12:00,2026-04-29,12,23.81,23.5,27.62,22.65,21.93,21.3,25.47,24.23,23.7,24.07
2026-04-29T13:00,2026-04-29,13,24.11,23.52,25.39,23.38,23.11,22.37,25.95,24.04,24.86,24.58
2026-04-29T14:00,2026-04-29,14,24.27,23.6,24.52,22.85,24.0,22.88,25.94,23.87,25.73,25.27
2026-04-29T15:00,2026-04-29,15,24.38,23.84,23.21,22.6,24.12,23.25,26.65,24.28,25.98,25.49
2026-04-29T16:00,2026-04-29,16,24.57,24.2,22.83,22.96,23.88,23.22,27.02,24.88,26.3,25.42
2026-04-29T17:00,2026-04-29,17,24.48,24.26,22.65,23.35,23.53,22.96,26.69,25.3,25.83,25.16
2026-04-29T18:00,2026-04-29,18,23.49,23.11,22.79,22.68,22.62,22.6,24.96,24.88,24.17,24.13
2026-04-29T19:00,2026-04-29,19,23.21,22.82,22.75,22.73,22.05,21.91,24.96,24.57,23.99,23.37
2026-04-29T20:00,2026-04-29,20,22.96,22.39,22.75,22.82,21.79,21.5,24.76,24.47,23.8,22.92
2026-04-29T21:00,2026-04-29,21,22.6,21.95,22.43,22.43,21.08,21.1,24.77,24.83,23.3,22.42
2026-04-29T22:00,2026-04-29,22,22.45,21.79,22.47,22.15,21.18,20.85,24.93,25.14,22.8,22.03
2026-04-29T23:00,2026-04-29,23,22.2,21.6,22.07,21.99,21.12,20.46,24.82,24.99,22.36,21.66
2026-04-30T00:00,2026-04-30,0,21.86,21.66,21.62,21.7,21.24,21.49,22.67,23.5,22.06,21.5
2026-04-30T01:00,2026-04-30,1,21.6,21.4,20.92,21.6,21.24,21.44,22.26,23.17,21.7,21.4
2026-04-30T02:00,2026-04-30,2,21.49,21.34,20.97,21.43,21.13,21.11,22.18,23.13,21.53,21.3
2026-04-30T03:00,2026-04-30,3,21.42,21.24,21.12,21.39,21.07,20.92,22.21,23.23,21.32,21.12
2026-04-30T04:00,2026-04-30,4,21.42,21.26,21.36,21.46,20.97,20.82,22.17,23.35,21.22,20.98
2026-04-30T05:00,2026-04-30,5,21.36,21.29,21.14,21.5,20.87,20.73,22.07,23.19,21.11,20.93
2026-04-30T06:00,2026-04-30,6,20.87,20.64,20.96,20.51,20.7,20.62,21.51,22.48,20.66,20.85
2026-04-30T07:00,2026-04-30,7,21.36,21.15,21.59,20.89,21.34,20.8,22.3,22.74,21.21,21.12
2026-04-30T08:00,2026-04-30,8,22.53,22.47,22.97,22.22,22.41,21.52,23.57,24.16,22.29,21.8
2026-04-30T09:00,2026-04-30,9,23.98,24.19,24.86,24.26,23.49,22.18,24.65,25.78,23.55,22.79
2026-04-30T10:00,2026-04-30,10,25.61,25.56,27.24,25.92,25.07,23.59,26.32,27.2,25.35,24.47
2026-04-30T11:00,2026-04-30,11,26.75,26.75,27.79,27.16,26.26,24.79,27.36,28.29,26.75,25.63
2026-04-30T12:00,2026-04-30,12,26.85,27.18,27.91,26.62,26.35,25.5,27.71,28.4,26.07,25.88
2026-04-30T13:00,2026-04-30,13,27.67,28.02,28.01,27.12,27.31,27.14,29.18,28.23,27.21,26.39
2026-04-30T14:00,2026-04-30,14,27.89,28.08,27.45,27.48,27.7,27.93,29.07,28.78,27.88,26.7
2026-04-30T15:00,2026-04-30,15,28.14,28.2,28.31,27.72,27.77,28.2,29.18,28.22,28.23,27.34
2026-04-30T16:00,2026-04-30,16,28.13,28.21,28.09,28.17,27.98,27.97,29.16,28.23,28.17,26.98
2026-04-30T17:00,2026-04-30,17,27.71,27.75,27.74,27.87,27.41,27.4,28.88,27.8,27.77,26.56
2026-04-30T18:00,2026-04-30,18,26.47,26.55,26.44,26.48,26.02,25.0,27.52,27.29,26.72,25.78
2026-04-30T19:00,2026-04-30,19,25.26,25.22,25.48,25.38,24.49,23.81,26.51,26.32,25.45,24.47
2026-04-30T20:00,2026-04-30,20,24.61,24.59,24.9,24.87,23.91,23.3,25.27,26.29,24.68,23.8
2026-04-30T21:00,2026-04-30,21,24.05,24.2,24.46,24.65,23.15,22.98,23.73,25.45,24.2,23.4
2026-04-30T22:00,2026-04-30,22,23.46,23.55,24.45,24.24,22.6,22.46,23.27,22.82,23.85,22.91
2026-04-30T23:00,2026-04-30,23,22.81,22.7,24.15,22.74,22.37,22.14,23.03,22.68,23.3,22.08
2026-05-01T00:00,2026-05-01,0,22.96,22.53,24.13,24.18,22.31,22.42,22.86,22.44,23.48,22.33
2026-05-01T01:00,2026-05-01,1,22.79,22.45,24.03,23.15,22.58,22.35,22.67,22.62,23.23,22.36
2026-05-01T02:00,2026-05-01,2,22.53,22.41,23.34,22.29,22.45,21.94,22.73,22.71,22.91,22.14
2026-05-01T03:00,2026-05-01,3,22.29,22.38,22.08,22.07,22.33,21.49,22.74,22.78,22.69,21.74
2026-05-01T04:00,2026-05-01,4,22.16,22.3,22.09,22.16,22.21,21.25,22.61,22.93,22.46,21.17
2026-05-01T05:00,2026-05-01,5,21.98,22.07,21.79,22.14,22.11,21.17,22.3,22.99,22.34,20.85
2026-05-01T06:00,2026-05-01,6,22.1,22.17,22.25,22.65,21.31,21.5,22.43,23.37,22.09,21.16
2026-05-01T07:00,2026-05-01,7,22.52,22.21,23.08,23.49,21.47,21.71,23.14,23.94,22.43,21.79
2026-05-01T08:00,2026-05-01,8,23.23,22.73,23.97,24.14,22.08,21.93,24.34,24.63,23.22,22.68
2026-05-01T09:00,2026-05-01,9,24.16,23.67,24.93,24.83,22.6,22.49,25.76,26.01,24.17,23.66
2026-05-01T10:00,2026-05-01,10,25.07,24.76,24.91,25.64,23.64,23.14,26.5,26.39,25.33,25.19
2026-05-01T11:00,2026-05-01,11,25.99,25.72,25.41,26.78,25.34,23.2,27.38,27.15,26.21,26.25
2026-05-01T12:00,2026-05-01,12,26.27,25.78,26.6,26.6,25.04,24.54,27.9,26.87,26.32,26.82
2026-05-01T13:00,2026-05-01,13,26.65,26.14,26.79,26.79,25.27,23.83,28.33,27.38,27.46,27.49
2026-05-01T14:00,2026-05-01,14,26.67,26.62,26.61,27.07,25.06,22.57,28.66,27.44,27.99,26.26
2026-05-01T15:00,2026-05-01,15,26.87,26.98,27.01,27.24,25.41,22.24,28.93,27.39,28.34,26.0
2026-05-01T16:00,2026-05-01,16,26.85,27.07,26.37,27.11,25.41,22.31,29.16,27.42,28.22,26.06
2026-05-01T17:00,2026-05-01,17,26.46,26.94,25.36,26.42,24.93,22.44,28.86,26.95,27.73,25.65
2026-05-01T18:00,2026-05-01,18,25.29,25.88,25.37,25.5,23.79,22.4,27.6,26.51,25.01,23.69
2026-05-01T19:00,2026-05-01,19,24.09,24.54,24.56,24.46,22.7,21.75,26.32,25.7,23.29,22.49
2026-05-01T20:00,2026-05-01,20,23.5,23.8,23.97,23.92,22.23,21.38,25.58,25.06,22.84,21.96
2026-05-01T21:00,2026-05-01,21,23.09,23.31,23.46,23.61,21.91,21.08,25.01,24.7,22.46,21.67
2026-05-01T22:00,2026-05-01,22,22.83,23.11,22.49,23.46,21.64,20.95,24.93,24.58,22.3,21.26
2026-05-01T23:00,2026-05-01,23,22.69,22.96,22.46,23.31,21.41,20.94,24.97,24.51,22.25,20.74
2026-05-02T00:00,2026-05-02,0,23.05,23.33,22.62,23.58,21.78,21.21,25.29,24.86,22.52,21.57
2026-05-02T01:00,2026-05-02,1,22.81,23.23,22.48,23.42,21.73,20.63,24.42,23.7,22.48,21.77
2026-05-02T02:00,2026-05-02,2,22.44,22.91,22.3,23.22,21.24,20.79,22.93,23.47,22.23,21.62
2026-05-02T03:00,2026-05-02,3,22.11,22.75,21.86,22.64,21.05,20.39,22.34,23.37,21.72,21.45
2026-05-02T04:00,2026-05-02,4,21.78,22.24,21.55,22.0,21.07,20.12,22.45,23.1,21.44,21.15
2026-05-02T05:00,2026-05-02,5,21.49,21.59,21.22,21.85,20.85,20.08,22.29,22.94,21.25,21.1
2026-05-02T06:00,2026-05-02,6,21.87,22.05,22.27,21.99,20.68,20.61,22.36,24.39,21.68,20.95
2026-05-02T07:00,2026-05-02,7,22.65,23.0,23.89,23.44,21.13,21.31,22.49,25.81,21.89,21.22
2026-05-02T08:00,2026-05-02,8,23.44,23.58,25.46,24.59,21.55,21.62,24.13,26.29,22.64,21.41
2026-05-02T09:00,2026-05-02,9,24.26,24.76,26.75,25.31,21.99,22.05,25.45,24.6,23.89,21.83
2026-05-02T10:00,2026-05-02,10,25.58,26.52,28.38,27.09,23.43,22.55,26.5,25.37,25.16,22.33
2026-05-02T11:00,2026-05-02,11,25.98,26.84,24.65,27.33,24.38,22.68,27.81,27.39,26.91,22.88
2026-05-02T12:00,2026-05-02,12,25.92,27.1,23.86,28.16,24.83,22.03,25.96,28.1,25.84,24.23
2026-05-02T13:00,2026-05-02,13,26.73,28.21,24.63,28.98,24.06,22.46,27.41,28.74,27.29,24.34
2026-05-02T14:00,2026-05-02,14,26.81,28.17,27.25,27.52,22.96,23.52,28.06,27.74,27.8,24.03
2026-05-02T15:00,2026-05-02,15,26.73,27.78,26.94,26.52,22.77,23.87,28.74,27.85,28.09,24.54
2026-05-02T16:00,2026-05-02,16,26.68,27.36,26.83,26.81,23.5,23.16,28.75,28.25,28.07,24.58
2026-05-02T17:00,2026-05-02,17,26.28,26.83,26.48,26.9,23.55,22.68,28.34,27.57,27.43,24.09
2026-05-02T18:00,2026-05-02,18,24.29,24.06,23.54,22.79,24.33,21.97,25.93,25.73,26.47,23.67
2026-05-02T19:00,2026-05-02,19,23.32,23.06,22.93,23.08,22.9,21.65,24.91,25.31,24.06,22.43
2026-05-02T20:00,2026-05-02,20,22.93,22.64,22.41,23.0,22.55,21.52,24.51,25.3,23.3,21.91
2026-05-02T21:00,2026-05-02,21,22.77,22.63,22.32,23.2,22.23,21.43,24.14,25.14,22.85,21.52
2026-05-02T22:00,2026-05-02,22,22.58,22.48,22.23,23.35,21.73,21.31,23.74,25.03,22.52,21.27
2026-05-02T23:00,2026-05-02,23,22.4,22.37,22.37,23.24,21.15,21.16,23.41,25.37,22.04,21.05
2026-05-03T00:00,2026-05-03,0,22.16,22.08,21.93,22.7,21.23,21.23,22.72,24.77,21.99,21.45
2026-05-03T01:00,2026-05-03,1,22.24,22.54,21.91,22.93,21.34,20.91,22.46,24.59,21.93,21.31
2026-05-03T02:00,2026-05-03,2,22.23,22.69,21.68,22.87,21.22,20.79,22.59,24.84,21.79,21.23
2026-05-03T03:00,2026-05-03,3,22.26,22.73,21.69,22.95,21.25,20.52,22.87,24.95,21.65,21.22
2026-05-03T04:00,2026-05-03,4,22.24,22.76,22.18,22.92,21.06,20.45,22.9,24.29,21.6,21.15
2026-05-03T05:00,2026-05-03,5,22.21,22.81,22.01,22.68,21.01,20.47,22.86,24.14,21.86,20.98
2026-05-03T06:00,2026-05-03,6,22.45,22.78,21.33,22.37,21.61,20.55,23.58,25.4,22.61,21.56
2026-05-03T07:00,2026-05-03,7,23.35,23.61,22.31,23.23,22.22,21.34,24.77,26.89,23.24,22.53
2026-05-03T08:00,2026-05-03,8,24.2,24.66,23.09,24.27,23.13,22.44,25.31,26.71,24.01,23.45
2026-05-03T09:00,2026-05-03,9,25.14,25.61,24.22,24.99,24.48,23.72,26.41,25.65,25.21,24.57
2026-05-03T10:00,2026-05-03,10,26.25,26.86,25.97,25.14,25.5,24.86,27.24,25.95,26.94,25.93
2026-05-03T11:00,2026-05-03,11,26.98,27.46,27.75,25.61,26.23,25.63,28.31,24.48,27.92,26.95
2026-05-03T12:00,2026-05-03,12,27.91,27.46,29.31,26.98,27.21,27.36,30.23,25.39,28.81,27.8
2026-05-03T13:00,2026-05-03,13,28.34,27.96,30.04,28.15,27.94,25.96,29.86,26.84,29.32,28.06
2026-05-03T14:00,2026-05-03,14,28.57,28.39,29.84,29.31,28.13,25.52,29.01,27.6,29.42,28.56
2026-05-03T15:00,2026-05-03,15,28.37,28.71,29.28,29.35,28.29,26.8,26.33,27.72,28.98,28.45
2026-05-03T16:00,2026-05-03,16,28.1,28.75,27.94,28.97,27.45,27.56,25.91,27.92,28.45,28.36
2026-05-03T17:00,2026-05-03,17,27.73,28.23,27.4,28.41,27.16,27.37,26.41,27.82,27.66,27.99
2026-05-03T18:00,2026-05-03,18,25.96,26.01,25.83,24.76,25.02,24.24,26.5,25.7,27.43,26.89
2026-05-03T19:00,2026-05-03,19,24.9,24.86,25.35,24.0,23.93,23.44,25.45,25.32,26.16,25.07
2026-05-03T20:00,2026-05-03,20,24.42,24.41,24.48,23.92,23.36,23.01,25.12,25.24,25.42,24.28
2026-05-03T21:00,2026-05-03,21,24.07,23.95,23.82,23.94,22.99,22.86,24.92,25.25,24.9,23.8
2026-05-03T22:00,2026-05-03,22,23.84,23.63,23.42,23.93,22.89,22.6,24.78,25.32,24.59,23.48
2026-05-03T23:00,2026-05-03,23,23.68,23.45,23.15,24.1,22.76,22.4,24.63,25.35,24.22,23.23
2026-05-04T00:00,2026-05-04,0,23.47,23.78,22.82,22.49,22.54,21.62,25.48,25.41,24.45,21.95
2026-05-04T01:00,2026-05-04,1,23.27,23.64,22.4,22.01,22.19,21.85,25.31,25.21,24.19,21.98
2026-05-04T02:00,2026-05-04,2,22.89,23.0,22.06,21.96,22.06,21.81,25.14,24.91,23.24,21.82
2026-05-04T03:00,2026-05-04,3,22.68,22.89,21.9,21.68,21.92,21.82,24.92,24.73,22.7,21.65
2026-05-04T04:00,2026-05-04,4,22.4,22.55,21.93,21.64,21.85,21.64,24.75,24.67,21.69,21.36
2026-05-04T05:00,2026-05-04,5,22.25,22.36,21.81,21.7,21.59,21.4,24.4,24.53,21.61,21.28
2026-05-04T06:00,2026-05-04,6,22.77,21.99,22.86,22.87,22.17,21.94,24.16,25.57,23.02,22.37
2026-05-04T07:00,2026-05-04,7,23.4,22.94,24.65,22.65,22.79,22.32,23.96,24.97,24.06,23.33
2026-05-04T08:00,2026-05-04,8,24.28,23.9,26.62,22.52,23.87,22.39,24.74,25.7,25.12,24.62
2026-05-04T09:00,2026-05-04,9,25.21,24.16,27.13,23.96,24.95,22.61,25.69,26.8,26.92,26.28
2026-05-04T10:00,2026-05-04,10,25.97,24.91,25.07,25.91,25.62,23.13,25.48,28.62,28.39,27.82
2026-05-04T11:00,2026-05-04,11,27.07,25.54,27.16,28.29,26.33,24.53,26.7,28.27,29.26,28.85
2026-05-04T12:00,2026-05-04,12,28.2,27.95,29.41,29.43,26.63,24.67,28.61,27.3,28.94,29.05
2026-05-04T13:00,2026-05-04,13,29.11,29.23,30.33,30.16,27.67,26.92,30.04,25.89,29.53,29.36
2026-05-04T14:00,2026-05-04,14,29.53,29.58,30.63,30.18,28.06,27.7,30.59,27.21,30.01,29.59
2026-05-04T15:00,2026-05-04,15,29.6,29.71,30.35,30.04,28.14,28.22,30.49,28.25,30.12,29.29
2026-05-04T16:00,2026-05-04,16,29.39,29.53,29.73,29.9,28.12,28.33,29.91,28.51,29.96,29.02
2026-05-04T17:00,2026-05-04,17,28.93,29.06,29.11,29.23,27.78,28.05,29.46,28.29,29.65,28.43
2026-05-04T18:00,2026-05-04,18,26.81,26.86,26.3,26.13,25.99,26.1,27.77,26.64,27.59,27.08
2026-05-04T19:00,2026-05-04,19,25.6,25.64,25.01,25.38,24.61,24.49,26.66,25.85,26.26,25.64
2026-05-04T20:00,2026-05-04,20,25.01,25.11,24.26,24.87,23.99,23.81,26.13,25.55,25.39,25.16
2026-05-04T21:00,2026-05-04,21,24.55,24.63,23.73,24.35,23.53,23.35,25.82,25.56,24.76,24.68
2026-05-04T22:00,2026-05-04,22,24.13,24.38,23.33,24.02,23.22,23.15,25.3,25.36,24.24,23.57
2026-05-04T23:00,2026-05-04,23,23.81,24.18,23.17,23.82,22.96,22.7,24.92,24.94,23.99,22.72
2026-05-05T00:00,2026-05-05,0,23.89,24.45,23.44,23.96,23.09,22.64,25.29,25.07,23.9,22.04
2026-05-05T01:00,2026-05-05,1,23.74,24.26,23.22,24.0,23.0,22.78,24.75,24.79,23.48,22.42
2026-05-05T02:00,2026-05-05,2,23.42,24.03,22.98,23.86,22.84,22.59,24.34,24.51,22.5,22.22
2026-05-05T03:00,2026-05-05,3,23.03,23.43,22.67,23.45,22.53,22.36,23.7,24.15,22.36,22.1
2026-05-05T04:00,2026-05-05,4,22.54,22.18,22.56,23.24,22.62,22.09,23.04,24.1,22.13,22.01
2026-05-05T05:00,2026-05-05,5,22.38,22.03,22.46,23.06,22.52,22.11,22.91,23.46,21.99,21.86
2026-05-05T06:00,2026-05-05,6,23.1,23.22,23.17,23.38,23.21,22.87,23.64,23.68,22.48,22.36
2026-05-05T07:00,2026-05-05,7,24.28,24.66,25.27,25.1,23.89,23.84,24.29,24.37,23.44,23.05
2026-05-05T08:00,2026-05-05,8,25.62,26.05,27.62,27.04,24.82,24.81,24.95,25.75,24.69,24.09
2026-05-05T09:00,2026-05-05,9,27.0,27.22,29.27,28.54,26.18,26.5,26.1,26.27,26.56,25.64
2026-05-05T10:00,2026-05-05,10,28.22,28.21,30.5,29.27,27.86,27.77,27.87,26.71,28.12,26.99
2026-05-05T11:00,2026-05-05,11,29.14,28.89,31.21,30.24,28.93,29.55,28.84,27.41,29.12,27.98
2026-05-05T12:00,2026-05-05,12,29.91,30.23,30.83,30.98,29.61,30.27,29.69,28.02,29.65,28.65
2026-05-05T13:00,2026-05-05,13,30.18,30.7,30.04,30.39,30.3,31.05,29.98,27.74,30.35,29.33
2026-05-05T14:00,2026-05-05,14,29.93,30.21,29.93,29.2,30.36,31.27,30.08,27.44,30.32,29.59
2026-05-05T15:00,2026-05-05,15,29.53,29.61,29.7,27.73,30.26,30.99,29.9,27.54,30.17,29.73
2026-05-05T16:00,2026-05-05,16,28.75,27.65,28.45,27.66,29.85,30.36,29.77,27.46,29.93,29.46
2026-05-05T17:00,2026-05-05,17,28.14,27.0,27.59,27.24,29.05,28.9,29.29,27.17,29.67,28.9
2026-05-05T18:00,2026-05-05,18,27.57,26.72,27.0,26.71,27.69,27.8,29.21,27.24,28.79,28.06
2026-05-05T19:00,2026-05-05,19,26.34,25.6,26.51,25.98,25.9,26.9,27.58,26.54,26.94,26.35
2026-05-05T20:00,2026-05-05,20,25.58,24.98,25.99,25.57,25.03,25.93,26.57,26.32,25.83,25.3
2026-05-05T21:00,2026-05-05,21,25.02,24.6,25.23,25.01,24.4,25.1,26.02,25.81,25.25,24.58
2026-05-05T22:00,2026-05-05,22,24.58,24.32,24.68,24.35,23.99,24.54,25.61,25.48,24.8,24.06
2026-05-05T23:00,2026-05-05,23,24.19,24.06,24.09,23.88,23.61,24.13,25.24,25.11,24.39,23.6
2026-05-06T00:00,2026-05-06,0,24.3,24.09,24.3,24.08,23.93,24.31,25.14,25.34,24.51,23.7
2026-05-06T01:00,2026-05-06,1,24.33,24.14,24.27,24.19,24.02,24.13,25.17,25.22,24.63,23.74
2026-05-06T02:00,2026-05-06,2,24.04,23.83,23.91,24.11,23.66,23.7,25.07,25.14,24.31,23.13
2026-05-06T03:00,2026-05-06,3,23.79,23.72,23.79,23.98,23.23,23.38,24.79,24.95,23.94,22.63
2026-05-06T04:00,2026-05-06,4,23.55,23.63,24.05,23.82,22.82,22.84,24.64,24.72,23.7,21.7
2026-05-06T05:00,2026-05-06,5,23.33,23.43,23.81,23.53,22.54,22.67,24.36,24.73,23.43,21.55
2026-05-06T06:00,2026-05-06,6,23.93,24.15,24.11,24.37,23.35,23.46,25.13,25.0,23.35,22.3
2026-05-06T07:00,2026-05-06,7,25.27,25.78,25.81,26.03,24.82,24.8,26.39,26.45,23.81,23.22
2026-05-06T08:00,2026-05-06,8,26.51,27.24,27.64,27.42,25.42,26.05,27.82,27.74,24.33,24.33
2026-05-06T09:00,2026-05-06,9,27.73,28.69,28.84,28.83,26.69,27.3,29.01,29.11,24.9,25.47
2026-05-06T10:00,2026-05-06,10,28.71,29.41,30.03,29.97,27.79,28.46,29.71,30.04,26.11,26.58
2026-05-06T11:00,2026-05-06,11,29.34,29.4,30.65,30.41,28.94,28.67,30.5,30.53,27.98,27.41
2026-05-06T12:00,2026-05-06,12,29.83,30.28,30.78,30.73,29.48,28.89,31.57,30.93,28.73,26.71
2026-05-06T13:00,2026-05-06,13,30.05,30.65,31.09,31.15,29.88,29.58,31.68,31.18,29.59,25.15
2026-05-06T14:00,2026-05-06,14,29.89,30.88,31.18,31.21,29.29,29.67,30.44,30.84,29.39,24.92
2026-05-06T15:00,2026-05-06,15,29.51,30.82,30.75,31.2,28.91,30.19,27.83,30.42,28.16,26.02
2026-05-06T16:00,2026-05-06,16,28.81,30.05,29.95,30.6,25.55,30.16,27.15,29.64,27.81,26.53
2026-05-06T17:00,2026-05-06,17,27.81,28.59,28.96,29.83,23.49,29.23,26.57,27.91,27.41,26.48
2026-05-06T18:00,2026-05-06,18,26.47,27.15,27.75,28.52,23.88,27.5,25.56,26.97,24.3,25.8
2026-05-06T19:00,2026-05-06,19,25.12,24.47,26.89,27.01,23.83,26.68,24.97,26.36,23.65,24.35
2026-05-06T20:00,2026-05-06,20,24.54,23.71,26.42,26.18,23.83,25.82,24.58,25.75,23.48,23.56
2026-05-06T21:00,2026-05-06,21,24.01,23.43,26.17,24.44,23.73,24.93,23.87,25.74,23.25,23.05
2026-05-06T22:00,2026-05-06,22,23.64,23.17,25.7,23.95,23.61,24.52,23.54,24.99,22.89,22.57
2026-05-06T23:00,2026-05-06,23,23.36,23.01,25.5,23.32,23.38,24.1,23.43,24.68,22.68,22.15
2026-05-07T00:00,2026-05-07,0,23.22,23.07,25.18,23.02,23.31,23.82,23.99,23.08,22.63,21.77
2026-05-07T01:00,2026-05-07,1,23.07,23.03,24.7,23.04,22.78,23.52,23.86,23.26,22.47,21.57
2026-05-07T02:00,2026-05-07,2,22.86,22.88,24.1,22.98,22.38,23.32,23.78,23.28,22.25,21.27
2026-05-07T03:00,2026-05-07,3,22.75,22.68,24.02,22.97,22.34,23.12,23.58,23.43,22.24,21.09
2026-05-07T04:00,2026-05-07,4,22.53,22.25,23.56,22.79,22.32,22.91,23.42,23.66,22.12,21.04
2026-05-07T05:00,2026-05-07,5,22.41,22.06,23.4,22.77,22.15,22.64,23.21,23.71,22.12,21.02
2026-05-07T06:00,2026-05-07,6,22.78,22.39,24.76,23.81,21.81,22.8,23.45,23.69,21.91,21.56
2026-05-07T07:00,2026-05-07,7,23.71,23.34,25.76,24.26,22.91,23.59,24.75,22.95,23.47,22.66
2026-05-07T08:00,2026-05-07,8,25.05,24.76,27.77,23.46,24.65,24.95,26.33,24.83,25.37,24.15
2026-05-07T09:00,2026-05-07,9,26.45,26.42,27.34,25.04,26.56,26.12,27.3,26.77,27.01,25.82
2026-05-07T10:00,2026-05-07,10,27.78,27.62,27.29,27.39,27.95,27.39,28.63,28.5,28.4,27.13
2026-05-07T11:00,2026-05-07,11,28.94,28.79,28.8,28.84,29.0,29.0,29.17,29.86,29.43,28.2
2026-05-07T12:00,2026-05-07,12,29.59,29.43,30.12,29.77,29.11,29.22,29.7,30.85,29.7,29.08
2026-05-07T13:00,2026-05-07,13,30.29,30.02,30.91,30.62,29.68,29.79,30.76,31.29,30.44,29.75
2026-05-07T14:00,2026-05-07,14,30.54,30.19,31.07,30.95,30.04,30.2,31.21,31.07,30.74,29.94
2026-05-07T15:00,2026-05-07,15,30.55,30.26,30.86,30.7,30.15,30.33,31.4,31.07,30.78,29.93
2026-05-07T16:00,2026-05-07,16,30.27,29.97,30.39,30.5,29.81,30.15,31.08,30.73,30.52,29.7
2026-05-07T17:00,2026-05-07,17,29.74,29.54,29.49,29.89,29.27,29.59,30.6,30.22,30.08,29.24
2026-05-07T18:00,2026-05-07,18,27.88,27.45,28.47,28.37,27.93,28.75,27.67,27.47,27.65,28.04
2026-05-07T19:00,2026-05-07,19,26.41,25.96,26.99,26.82,26.45,27.92,26.17,26.14,26.29,26.16
2026-05-07T20:00,2026-05-07,20,25.66,25.2,26.2,25.94,25.71,26.72,25.55,25.75,25.75,25.35
2026-05-07T21:00,2026-05-07,21,25.2,24.8,25.72,25.18,25.58,26.04,25.11,25.36,25.62,24.57
2026-05-07T22:00,2026-05-07,22,24.84,24.53,25.32,24.77,25.24,25.64,24.73,24.78,25.19,24.28
2026-05-07T23:00,2026-05-07,23,24.54,24.48,24.89,24.47,24.72,25.27,24.4,24.49,24.58,24.02
2026-05-08T00:00,2026-05-08,0,24.48,24.26,25.27,24.9,24.83,25.29,23.4,24.58,24.24,24.45
2026-05-08T01:00,2026-05-08,1,24.07,23.9,24.92,24.64,24.37,25.22,22.82,24.0,23.55,24.16
2026-05-08T02:00,2026-05-08,2,23.49,23.21,24.43,23.97,23.67,25.02,22.64,23.54,22.75,23.47
2026-05-08T03:00,2026-05-08,3,23.03,22.88,23.73,23.43,22.97,24.78,22.52,23.38,22.06,22.82
2026-05-08T04:00,2026-05-08,4,22.6,22.33,23.32,23.13,22.43,24.31,22.45,23.12,21.49,22.32
2026-05-08T05:00,2026-05-08,5,22.27,21.96,22.95,22.59,22.13,23.98,22.36,22.97,21.21,21.89
2026-05-08T06:00,2026-05-08,6,22.97,22.78,23.83,23.44,23.11,23.81,23.26,24.63,21.62,22.04
2026-05-08T07:00,2026-05-08,7,24.91,24.73,25.6,25.67,25.25,25.98,24.72,25.97,23.69,24.05
2026-05-08T08:00,2026-05-08,8,26.88,26.7,27.9,27.78,27.23,27.95,26.43,27.5,25.87,25.94
2026-05-08T09:00,2026-05-08,9,28.49,28.3,29.79,29.28,28.79,29.64,28.11,28.88,27.78,27.1
2026-05-08T10:00,2026-05-08,10,29.76,29.51,31.16,30.34,29.86,30.81,29.64,30.13,29.25,28.37
2026-05-08T11:00,2026-05-08,11,30.59,30.4,31.85,31.13,30.32,31.52,30.64,31.0,30.29,29.16
2026-05-08T12:00,2026-05-08,12,31.05,31.21,32.51,32.07,30.36,31.21,31.12,31.86,30.48,28.87
2026-05-08T13:00,2026-05-08,13,31.4,31.57,32.66,31.86,30.61,31.36,31.8,32.25,31.17,29.45
2026-05-08T14:00,2026-05-08,14,31.61,31.71,32.45,32.21,30.85,31.67,32.05,32.37,31.47,29.79
2026-05-08T15:00,2026-05-08,15,31.45,31.46,31.87,31.95,31.01,31.35,31.98,32.25,31.44,29.97
2026-05-08T16:00,2026-05-08,16,31.1,31.15,31.13,31.4,30.71,30.91,31.72,31.91,31.22,29.82
2026-05-08T17:00,2026-05-08,17,30.31,30.42,29.7,30.55,29.91,30.05,31.12,31.15,30.52,29.23
2026-05-08T18:00,2026-05-08,18,29.01,28.62,28.98,29.5,28.59,28.89,29.95,29.8,29.42,28.0
2026-05-08T19:00,2026-05-08,19,27.39,27.08,27.59,28.03,26.73,27.28,28.47,28.5,27.37,26.18
2026-05-08T20:00,2026-05-08,20,26.41,26.11,26.76,27.09,25.6,26.45,27.71,27.77,26.16,24.9
2026-05-08T21:00,2026-05-08,21,25.75,25.53,26.18,26.2,24.77,25.98,27.04,27.02,25.63,24.2
2026-05-08T22:00,2026-05-08,22,25.22,25.05,25.68,25.55,24.38,25.42,26.54,26.53,25.0,23.6
2026-05-08T23:00,2026-05-08,23,24.83,24.82,25.35,25.07,24.13,24.88,26.05,26.04,24.47,23.14
2026-05-09T00:00,2026-05-09,0,24.63,24.6,25.1,24.72,23.96,24.6,25.78,25.69,24.5,23.17
2026-05-09T01:00,2026-05-09,1,24.46,24.33,24.93,24.68,23.93,24.69,25.4,25.28,24.36,23.09
2026-05-09T02:00,2026-05-09,2,24.12,24.15,24.3,24.26,23.46,24.35,25.14,24.87,23.98,22.74
2026-05-09T03:00,2026-05-09,3,23.85,23.96,23.85,24.01,23.23,23.88,24.89,24.65,23.61,22.59
2026-05-09T04:00,2026-05-09,4,23.62,23.84,23.44,23.84,23.0,23.43,24.65,24.48,23.38,22.28
2026-05-09T05:00,2026-05-09,5,23.54,23.91,23.18,23.73,23.19,22.78,24.62,24.32,23.22,22.27
2026-05-09T06:00,2026-05-09,6,23.9,24.05,24.1,24.59,23.19,23.71,24.84,25.28,23.23,22.29
2026-05-09T07:00,2026-05-09,7,25.41,25.35,26.17,26.18,24.74,25.66,25.88,26.49,24.86,24.03
2026-05-09T08:00,2026-05-09,8,27.1,26.9,28.56,27.46,26.71,27.23,27.48,27.82,26.81,25.82
2026-05-09T09:00,2026-05-09,9,28.87,28.93,30.69,29.07,28.29,28.53,29.06,29.2,28.76,27.38
2026-05-09T10:00,2026-05-09,10,30.21,30.17,31.98,30.47,29.75,29.94,30.54,30.64,29.97,28.8
2026-05-09T11:00,2026-05-09,11,31.12,31.03,33.04,31.53,30.6,30.94,31.57,31.51,30.76,29.53
2026-05-09T12:00,2026-05-09,12,31.83,31.8,33.68,32.57,31.26,31.63,32.46,32.25,31.28,29.93
2026-05-09T13:00,2026-05-09,13,32.3,32.28,34.11,32.97,31.76,32.49,32.9,32.68,31.75,30.21
2026-05-09T14:00,2026-05-09,14,32.32,32.18,34.13,33.16,32.02,32.87,32.87,32.85,31.75,29.94
2026-05-09T15:00,2026-05-09,15,31.84,31.99,33.17,32.95,31.64,32.71,31.74,32.27,31.53,28.95
2026-05-09T16:00,2026-05-09,16,31.08,31.66,32.34,32.19,31.15,32.32,29.41,30.33,31.16,28.44
2026-05-09T17:00,2026-05-09,17,30.15,30.65,30.64,30.89,30.22,31.11,29.15,28.71,30.71,28.07
2026-05-09T18:00,2026-05-09,18,29.01,29.38,29.32,29.76,28.85,29.87,28.71,28.32,29.62,26.41
2026-05-09T19:00,2026-05-09,19,27.5,27.87,27.93,28.18,26.99,28.11,27.69,27.55,27.58,25.09
2026-05-09T20:00,2026-05-09,20,26.8,27.11,27.27,27.65,26.01,27.21,27.16,26.94,26.86,24.43
2026-05-09T21:00,2026-05-09,21,26.28,26.61,26.83,27.07,25.46,26.8,26.73,26.12,26.29,23.99
2026-05-09T22:00,2026-05-09,22,25.85,26.27,26.33,26.59,25.29,26.48,26.27,25.62,25.5,23.66
2026-05-09T23:00,2026-05-09,23,25.29,25.82,25.54,25.88,24.95,26.0,25.54,25.19,24.55,23.52
2026-05-10T00:00,2026-05-10,0,25.18,25.7,25.12,25.82,25.06,25.98,24.81,25.75,23.43,24.87
2026-05-10T01:00,2026-05-10,1,24.89,24.37,25.17,25.88,25.54,26.36,24.56,25.5,23.78,24.83
2026-05-10T02:00,2026-05-10,2,24.28,23.64,24.9,24.31,25.23,26.07,23.55,25.13,23.8,24.44
2026-05-10T03:00,2026-05-10,3,23.94,23.37,24.42,23.77,24.85,25.65,23.28,24.56,23.76,24.0
2026-05-10T04:00,2026-05-10,4,23.65,23.21,23.93,23.52,24.45,25.31,23.01,23.63,23.72,23.66
2026-05-10T05:00,2026-05-10,5,23.47,23.21,24.13,23.16,24.26,25.19,22.8,23.13,23.49,23.16
2026-05-10T06:00,2026-05-10,6,24.25,24.53,23.61,25.09,24.77,24.84,24.26,24.62,23.13,23.49
2026-05-10T07:00,2026-05-10,7,25.36,25.42,25.02,26.99,25.38,26.57,25.27,26.04,24.02,24.13
2026-05-10T08:00,2026-05-10,8,26.84,26.94,26.49,28.66,27.14,28.32,26.76,27.49,25.46,25.04
2026-05-10T09:00,2026-05-10,9,28.43,28.85,27.85,30.25,28.49,29.99,28.46,29.18,27.26,25.71
2026-05-10T10:00,2026-05-10,10,29.57,29.67,28.85,31.36,30.22,31.2,29.83,30.21,29.02,26.36
2026-05-10T11:00,2026-05-10,11,30.07,29.85,28.21,31.85,31.24,32.23,30.78,30.57,29.99,26.99
2026-05-10T12:00,2026-05-10,12,29.32,29.12,28.14,29.79,29.89,32.51,30.88,28.89,28.84,26.95
2026-05-10T13:00,2026-05-10,13,28.9,28.97,27.98,27.85,27.54,32.8,30.7,29.53,28.24,27.75
2026-05-10T14:00,2026-05-10,14,28.75,28.55,27.84,27.8,27.11,31.15,30.19,29.18,28.64,29.12
2026-05-10T15:00,2026-05-10,15,28.15,26.67,27.34,27.83,28.13,29.26,29.28,29.16,29.13,29.44
2026-05-10T16:00,2026-05-10,16,27.95,26.01,27.5,27.85,28.12,28.04,29.35,28.96,29.51,29.49
2026-05-10T17:00,2026-05-10,17,27.55,25.77,26.76,27.66,28.05,27.15,28.78,28.24,29.05,29.16
2026-05-10T18:00,2026-05-10,18,26.27,24.49,26.06,25.81,25.15,25.91,28.32,25.98,28.87,27.6
2026-05-10T19:00,2026-05-10,19,25.44,23.99,25.57,24.65,24.6,25.51,27.3,25.67,27.37,26.22
2026-05-10T20:00,2026-05-10,20,24.84,23.82,25.15,23.62,24.09,25.26,26.58,24.73,26.42,25.3
2026-05-10T21:00,2026-05-10,21,24.45,23.7,25.06,23.48,23.7,24.79,26.04,24.42,25.55,24.43
2026-05-10T22:00,2026-05-10,22,24.11,23.7,24.68,23.56,23.3,24.54,25.57,24.17,25.0,23.03
2026-05-10T23:00,2026-05-10,23,23.68,23.49,24.3,23.52,22.94,24.32,25.06,24.01,24.45,21.47
2026-05-11T00:00,2026-05-11,0,23.89,23.68,24.35,24.16,23.41,24.69,25.04,24.73,23.83,22.05
2026-05-11T01:00,2026-05-11,1,23.76,23.42,24.26,24.01,23.1,24.33,25.1,24.44,23.91,22.2
2026-05-11T02:00,2026-05-11,2,23.2,22.67,23.87,23.56,22.5,24.21,24.52,24.13,23.07,21.81
2026-05-11T03:00,2026-05-11,3,22.69,22.39,23.69,23.13,21.94,23.39,23.33,23.86,22.36,21.38
2026-05-11T04:00,2026-05-11,4,22.3,22.29,23.42,22.84,21.66,22.14,22.38,23.66,22.14,20.78
2026-05-11T05:00,2026-05-11,5,22.09,22.17,23.27,22.55,21.48,21.51,22.33,23.4,21.82,20.61
2026-05-11T06:00,2026-05-11,6,22.42,21.1,24.06,22.24,21.28,23.7,24.44,25.28,21.21,22.55
2026-05-11T07:00,2026-05-11,7,23.2,22.19,25.41,22.1,22.03,24.36,25.21,25.08,22.5,23.17
2026-05-11T08:00,2026-05-11,8,24.07,22.89,26.76,22.41,24.15,25.39,24.81,24.35,24.39,24.64
2026-05-11T09:00,2026-05-11,9,25.06,24.02,27.74,23.04,25.72,26.14,23.66,25.14,26.48,26.42
2026-05-11T10:00,2026-05-11,10,26.64,25.79,29.05,24.67,27.37,27.62,25.14,25.67,28.4,27.91
2026-05-11T11:00,2026-05-11,11,28.09,27.4,28.99,27.51,28.56,28.84,27.1,26.28,29.67,29.05
2026-05-11T12:00,2026-05-11,12,29.35,29.88,25.06,29.71,29.28,28.88,29.48,27.96,30.99,30.09
2026-05-11T13:00,2026-05-11,13,29.68,30.03,27.22,29.5,27.75,29.62,29.95,28.84,31.35,30.6
2026-05-11T14:00,2026-05-11,14,29.34,28.76,28.41,29.65,26.48,28.09,30.23,29.4,31.53,30.58
2026-05-11T15:00,2026-05-11,15,28.74,26.6,29.21,29.02,26.96,27.9,30.05,29.32,31.33,30.68
2026-05-11T16:00,2026-05-11,16,28.1,25.53,29.1,27.82,27.1,27.08,29.94,28.66,30.71,30.34
2026-05-11T17:00,2026-05-11,17,27.55,25.46,28.21,27.14,26.88,27.07,29.45,27.53,29.69,29.24
2026-05-11T18:00,2026-05-11,18,27.27,27.46,26.18,25.99,25.57,27.18,28.92,27.67,27.95,27.74
2026-05-11T19:00,2026-05-11,19,26.03,26.09,25.08,25.05,24.61,25.65,27.84,26.72,26.56,26.17
2026-05-11T20:00,2026-05-11,20,25.42,25.47,24.41,24.67,24.11,24.86,27.16,26.33,26.0,25.34
2026-05-11T21:00,2026-05-11,21,24.96,24.83,23.91,24.42,24.02,24.33,26.64,25.98,25.7,24.68
2026-05-11T22:00,2026-05-11,22,24.55,24.39,23.5,24.02,23.83,23.79,26.16,25.53,25.36,24.31
2026-05-11T23:00,2026-05-11,23,24.18,24.03,23.25,23.64,23.42,23.27,25.78,25.19,25.01,23.91
2026-05-12T00:00,2026-05-12,0,24.0,24.03,23.52,23.75,22.74,23.73,25.0,25.53,24.56,23.18
2026-05-12T01:00,2026-05-12,1,23.82,23.78,23.23,23.61,22.5,23.29,25.01,25.2,24.57,23.11
2026-05-12T02:00,2026-05-12,2,23.36,23.29,22.46,23.27,22.15,22.71,24.63,24.81,24.09,22.73
2026-05-12T03:00,2026-05-12,3,23.02,22.93,22.12,22.92,21.93,22.44,24.31,24.46,23.73,22.36
2026-05-12T04:00,2026-05-12,4,22.78,22.66,21.86,22.65,21.9,22.37,24.13,24.36,23.33,22.03
2026-05-12T05:00,2026-05-12,5,22.61,22.62,21.42,22.4,21.88,22.15,23.98,24.19,23.08,21.83
2026-05-12T06:00,2026-05-12,6,23.56,23.11,23.51,23.44,22.69,23.37,25.19,24.65,23.9,22.97
2026-05-12T07:00,2026-05-12,7,24.84,24.54,25.78,24.94,23.69,24.16,26.18,25.9,25.02,23.83
2026-05-12T08:00,2026-05-12,8,26.33,26.13,27.75,26.76,25.22,25.04,27.43,27.36,26.42,25.11
2026-05-12T09:00,2026-05-12,9,27.78,27.74,28.89,28.31,26.89,26.55,28.76,28.48,28.05,26.16
2026-05-12T10:00,2026-05-12,10,28.98,28.95,29.82,29.57,28.05,28.04,30.11,29.28,29.32,27.21
2026-05-12T11:00,2026-05-12,11,29.87,29.82,30.6,30.42,29.02,29.23,30.98,30.09,30.26,28.1
2026-05-12T12:00,2026-05-12,12,30.31,30.52,30.76,31.04,28.45,29.55,32.09,30.75,30.44,28.23
2026-05-12T13:00,2026-05-12,13,30.57,30.88,30.94,31.28,28.99,30.16,32.49,30.97,29.93,28.66
2026-05-12T14:00,2026-05-12,14,30.7,31.12,30.63,31.48,29.1,30.45,32.71,30.99,29.57,29.26
2026-05-12T15:00,2026-05-12,15,30.6,31.16,30.06,31.37,28.83,30.51,32.62,30.74,29.53,29.21
2026-05-12T16:00,2026-05-12,16,30.32,30.97,29.35,30.94,28.75,30.27,32.18,30.26,29.45,29.02
2026-05-12T17:00,2026-05-12,17,29.67,30.32,28.46,30.27,28.58,29.74,31.3,29.32,28.87,28.53
2026-05-12T18:00,2026-05-12,18,29.02,29.35,27.97,29.07,28.79,28.77,30.24,28.66,28.98,28.27
2026-05-12T19:00,2026-05-12,19,27.78,28.11,26.68,27.92,27.19,27.36,29.07,27.82,27.82,26.96
2026-05-12T20:00,2026-05-12,20,27.14,27.53,26.12,27.25,26.47,26.69,28.37,27.26,27.16,26.24
2026-05-12T21:00,2026-05-12,21,26.65,27.18,25.55,26.64,26.03,26.09,27.78,26.79,26.76,25.62
2026-05-12T22:00,2026-05-12,22,26.26,26.83,25.26,26.16,25.88,25.81,27.35,26.42,26.48,24.83
2026-05-12T23:00,2026-05-12,23,25.86,26.48,25.14,25.85,25.6,25.49,27.02,26.18,25.95,23.87
2026-05-13T00:00,2026-05-13,0,26.05,26.43,25.4,25.99,26.03,26.0,27.28,26.38,25.95,24.39
2026-05-13T01:00,2026-05-13,1,25.49,26.07,24.96,25.54,25.46,24.53,26.91,25.99,25.37,23.45
2026-05-13T02:00,2026-05-13,2,24.97,25.73,24.52,25.32,24.04,23.23,26.61,25.76,24.84,22.86
2026-05-13T03:00,2026-05-13,3,24.58,25.36,24.15,25.05,23.61,22.69,26.33,25.59,24.22,22.42
2026-05-13T04:00,2026-05-13,4,24.29,24.97,23.97,24.73,22.88,22.88,26.14,25.52,23.74,22.29
2026-05-13T05:00,2026-05-13,5,23.97,24.56,23.79,24.4,22.67,22.52,25.85,25.26,23.26,22.21
2026-05-13T06:00,2026-05-13,6,24.93,25.7,24.46,25.49,23.29,24.14,26.53,26.11,23.89,23.32
2026-05-13T07:00,2026-05-13,7,25.63,26.44,26.07,27.13,22.88,24.57,27.67,27.55,23.43,23.6
2026-05-13T08:00,2026-05-13,8,26.62,27.26,27.93,28.76,23.08,25.12,29.15,28.97,24.11,24.12
2026-05-13T09:00,2026-05-13,9,27.52,27.81,29.4,29.93,24.19,26.05,29.87,29.91,25.39,24.69
2026-05-13T10:00,2026-05-13,10,28.33,28.56,30.4,30.83,24.84,26.96,30.55,30.74,26.09,25.7
2026-05-13T11:00,2026-05-13,11,29.18,29.26,31.2,31.62,26.79,27.99,31.47,31.39,26.74,26.4
2026-05-13T12:00,2026-05-13,12,29.48,30.41,31.49,31.89,25.95,27.75,32.53,31.73,27.53,24.37
2026-05-13T13:00,2026-05-13,13,29.43,29.45,31.45,32.0,27.25,28.12,32.77,31.07,27.73,25.02
2026-05-13T14:00,2026-05-13,14,29.38,29.51,31.2,31.74,28.23,27.8,31.8,30.96,27.24,25.99
2026-05-13T15:00,2026-05-13,15,29.43,29.82,30.81,31.23,28.58,28.52,30.8,30.96,27.13,26.98
2026-05-13T16:00,2026-05-13,16,28.88,29.56,30.11,30.58,28.41,28.57,27.98,30.54,27.13,26.87
2026-05-13T17:00,2026-05-13,17,28.4,28.89,29.31,30.23,28.03,28.12,27.19,29.77,27.33,26.58
2026-05-13T18:00,2026-05-13,18,27.55,27.54,28.39,29.09,25.52,26.32,29.52,29.2,26.51,25.76
2026-05-13T19:00,2026-05-13,19,26.35,26.36,27.16,27.75,24.42,25.34,27.85,28.23,25.42,24.67
2026-05-13T20:00,2026-05-13,20,25.9,26.05,26.68,27.37,24.14,25.03,26.8,27.76,25.01,24.25
2026-05-13T21:00,2026-05-13,21,25.51,25.87,26.3,26.93,23.9,24.62,25.85,27.42,24.78,23.56
2026-05-13T22:00,2026-05-13,22,25.35,25.83,26.09,26.6,23.87,24.29,25.89,27.25,24.62,23.13
2026-05-13T23:00,2026-05-13,23,25.22,25.74,25.84,26.4,23.75,24.07,26.02,27.07,24.45,22.95
2026-05-14T00:00,2026-05-14,0,24.91,25.11,25.79,26.14,23.85,24.21,25.4,26.47,24.0,23.21
2026-05-14T01:00,2026-05-14,1,24.52,24.6,25.31,25.52,23.62,23.82,25.47,26.3,23.66,22.78
2026-05-14T02:00,2026-05-14,2,24.34,24.24,25.12,25.27,23.45,23.35,25.64,26.41,23.59,22.69
2026-05-14T03:00,2026-05-14,3,24.13,24.01,24.77,25.15,23.09,23.02,25.61,26.53,23.25,22.48
2026-05-14T04:00,2026-05-14,4,23.9,23.92,24.5,25.01,22.81,22.56,24.88,26.63,23.03,22.34
2026-05-14T05:00,2026-05-14,5,23.63,23.52,24.47,24.75,22.56,22.39,24.3,26.45,22.9,22.23
2026-05-14T06:00,2026-05-14,6,23.86,23.72,24.87,23.84,23.47,24.2,24.86,24.85,23.23,22.71
2026-05-14T07:00,2026-05-14,7,24.58,24.42,25.6,25.02,23.72,24.65,25.93,25.82,23.78,23.18
2026-05-14T08:00,2026-05-14,8,25.94,25.79,26.95,26.63,24.78,25.15,27.66,27.43,25.16,24.44
2026-05-14T09:00,2026-05-14,9,27.71,27.83,28.43,28.65,26.3,26.38,29.69,29.81,26.54,25.83
2026-05-14T10:00,2026-05-14,10,29.22,29.51,29.82,30.37,27.95,28.33,31.11,31.0,27.83,26.92
2026-05-14T11:00,2026-05-14,11,30.09,30.15,31.1,31.39,28.56,29.35,32.15,31.11,28.73,28.21
2026-05-14T12:00,2026-05-14,12,30.92,30.98,32.06,32.33,29.79,30.51,32.6,32.16,29.36,28.8
2026-05-14T13:00,2026-05-14,13,31.06,31.46,32.23,31.09,29.76,30.99,33.16,31.99,29.89,28.72
2026-05-14T14:00,2026-05-14,14,31.01,31.49,31.09,30.53,29.95,30.02,33.2,31.7,30.55,29.56
2026-05-14T15:00,2026-05-14,15,30.78,31.21,30.62,31.39,29.57,26.62,33.53,31.4,30.81,29.5
2026-05-14T16:00,2026-05-14,16,30.11,30.17,30.01,30.81,28.21,26.43,32.76,30.41,30.89,29.24
2026-05-14T17:00,2026-05-14,17,29.5,29.3,29.09,30.05,27.16,27.19,32.05,29.76,30.56,28.85
2026-05-14T18:00,2026-05-14,18,28.28,28.23,28.48,28.59,25.8,25.65,30.79,29.24,29.23,27.23
2026-05-14T19:00,2026-05-14,19,27.27,27.26,27.76,27.66,25.2,24.43,29.53,28.54,27.95,26.01
2026-05-14T20:00,2026-05-14,20,26.85,26.98,27.59,27.28,24.89,24.17,28.93,28.03,27.18,25.42
2026-05-14T21:00,2026-05-14,21,26.51,26.88,27.11,27.13,24.34,23.87,28.35,27.79,26.48,25.07
2026-05-14T22:00,2026-05-14,22,26.26,26.84,26.83,27.02,23.89,23.32,28.01,27.72,26.15,24.62
2026-05-14T23:00,2026-05-14,23,25.97,26.54,26.35,26.88,23.61,22.91,27.81,27.58,25.96,24.12
2026-05-15T00:00,2026-05-15,0,25.85,26.16,25.93,26.77,23.9,23.36,27.6,27.49,26.13,23.95
2026-05-15T01:00,2026-05-15,1,25.5,25.91,25.28,26.23,23.45,23.2,27.43,27.31,25.87,23.38
2026-05-15T02:00,2026-05-15,2,25.28,25.79,24.96,25.92,22.84,23.02,27.28,27.16,25.59,23.3
2026-05-15T03:00,2026-05-15,3,25.11,25.8,24.7,25.72,22.61,22.83,27.15,27.06,25.16,23.01
2026-05-15T04:00,2026-05-15,4,24.94,25.74,24.78,25.39,22.3,22.67,27.05,26.86,24.81,22.87
2026-05-15T05:00,2026-05-15,5,24.81,25.58,24.54,25.25,22.57,22.55,26.98,26.74,24.53,22.72
2026-05-15T06:00,2026-05-15,6,25.43,25.74,25.19,25.22,23.58,23.6,27.61,27.35,25.69,24.05
2026-05-15T07:00,2026-05-15,7,26.21,26.8,26.16,26.58,24.12,23.95,28.88,28.58,25.02,24.7
2026-05-15T08:00,2026-05-15,8,27.25,27.93,27.59,28.18,24.93,24.93,30.12,29.84,24.98,25.69
2026-05-15T09:00,2026-05-15,9,28.4,29.19,28.82,29.72,26.13,25.6,31.37,30.94,25.68,26.84
2026-05-15T10:00,2026-05-15,10,29.56,30.33,29.87,31.1,27.78,26.78,32.72,31.85,27.02,27.25
2026-05-15T11:00,2026-05-15,11,30.79,31.34,31.03,32.1,28.75,28.67,33.75,32.49,29.22,28.51
2026-05-15T12:00,2026-05-15,12,31.61,32.08,31.39,32.84,30.11,28.63,34.2,32.59,31.05,29.69
2026-05-15T13:00,2026-05-15,13,32.11,32.48,31.56,33.18,31.04,29.42,34.74,32.93,31.99,29.92
2026-05-15T14:00,2026-05-15,14,32.27,32.79,31.26,33.33,31.12,29.96,35.08,33.05,32.21,29.6
2026-05-15T15:00,2026-05-15,15,32.2,32.77,30.93,33.09,30.65,30.17,34.9,32.76,32.28,30.0
2026-05-15T16:00,2026-05-15,16,31.42,32.2,30.4,32.61,26.77,30.04,34.14,32.11,31.57,29.81
2026-05-15T17:00,2026-05-15,17,30.59,31.54,29.64,31.67,25.48,29.79,33.3,30.93,30.35,29.21
2026-05-15T18:00,2026-05-15,18,29.55,29.8,28.82,29.93,28.62,28.08,31.86,29.97,29.24,28.5
2026-05-15T19:00,2026-05-15,19,28.33,28.5,27.61,28.78,27.39,26.62,30.35,29.2,28.18,27.35
2026-05-15T20:00,2026-05-15,20,27.77,28.03,27.19,28.15,26.7,26.01,29.66,28.57,27.85,26.63
2026-05-15T21:00,2026-05-15,21,27.33,27.81,26.78,27.79,26.04,25.18,29.25,28.18,27.57,25.61
2026-05-15T22:00,2026-05-15,22,26.93,27.59,26.4,27.46,24.67,24.58,28.96,27.93,27.32,25.1
2026-05-15T23:00,2026-05-15,23,26.57,27.25,26.1,27.12,24.15,23.95,28.5,27.75,27.18,24.71
2026-05-16T00:00,2026-05-16,0,26.39,27.03,26.15,26.82,24.42,24.1,27.81,27.69,27.27,24.21
2026-05-16T01:00,2026-05-16,1,26.01,26.62,25.78,26.46,24.22,23.82,27.48,27.44,26.82,23.64
2026-05-16T02:00,2026-05-16,2,25.8,26.34,25.67,26.46,23.92,23.6,27.37,27.37,26.47,23.31
2026-05-16T03:00,2026-05-16,3,25.6,26.22,25.55,26.42,23.09,23.41,27.33,27.41,25.88,23.28
2026-05-16T04:00,2026-05-16,4,25.45,26.16,25.46,26.35,22.72,23.38,27.35,27.4,25.3,23.09
2026-05-16T05:00,2026-05-16,5,25.36,26.04,25.42,26.3,22.83,23.12,27.37,27.41,24.96,23.08
2026-05-16T06:00,2026-05-16,6,25.52,25.01,26.33,26.83,23.5,23.75,28.33,28.22,25.12,23.5
2026-05-16T07:00,2026-05-16,7,26.44,26.56,27.63,27.47,23.97,24.28,29.15,29.25,25.62,23.93
2026-05-16T08:00,2026-05-16,8,27.46,27.26,29.04,29.09,24.49,25.26,30.29,30.14,26.64,25.06
2026-05-16T09:00,2026-05-16,9,28.47,28.06,30.11,30.51,24.8,26.26,31.54,31.07,27.8,26.2
2026-05-16T10:00,2026-05-16,10,29.66,29.49,31.0,31.71,26.22,27.3,32.72,31.95,28.99,27.13
2026-05-16T11:00,2026-05-16,11,30.73,30.69,31.66,32.54,27.89,26.93,33.88,32.72,30.63,28.37
2026-05-16T12:00,2026-05-16,12,31.55,31.61,32.11,33.0,29.17,27.68,34.54,33.12,31.57,29.56
2026-05-16T13:00,2026-05-16,13,31.97,31.83,32.03,33.65,29.86,28.9,35.13,33.29,31.97,29.91
2026-05-16T14:00,2026-05-16,14,32.3,32.59,31.62,32.94,30.58,30.23,35.32,33.0,32.23,30.59
2026-05-16T15:00,2026-05-16,15,32.4,32.88,31.52,32.93,30.97,30.52,35.26,32.78,32.08,30.79
2026-05-16T16:00,2026-05-16,16,32.02,32.6,30.93,32.27,30.82,30.48,34.6,32.03,31.56,30.84
2026-05-16T17:00,2026-05-16,17,31.32,31.71,30.1,31.74,30.19,29.96,33.85,31.2,30.91,30.48
2026-05-16T18:00,2026-05-16,18,29.91,29.63,29.51,30.66,28.96,27.77,31.83,30.45,30.34,29.46
2026-05-16T19:00,2026-05-16,19,28.74,28.62,28.67,29.69,27.44,26.21,30.69,29.69,28.99,27.82
2026-05-16T20:00,2026-05-16,20,28.23,28.3,28.2,29.07,26.99,25.3,30.26,29.23,28.32,27.17
2026-05-16T21:00,2026-05-16,21,27.8,27.99,27.89,28.68,26.38,24.34,29.91,28.88,27.84,26.69
2026-05-16T22:00,2026-05-16,22,27.49,27.95,27.59,28.36,26.06,24.23,29.39,28.59,27.5,25.85
2026-05-16T23:00,2026-05-16,23,27.18,27.89,27.23,28.08,25.73,24.25,28.93,28.38,27.42,24.57
2026-05-17T00:00,2026-05-17,0,27.03,27.62,26.7,28.01,24.57,24.72,28.7,28.18,28.39,24.01
2026-05-17T01:00,2026-05-17,1,26.38,27.05,26.25,27.38,23.21,24.07,28.37,27.77,27.09,23.74
2026-05-17T02:00,2026-05-17,2,26.02,26.85,25.6,27.02,23.13,23.59,28.25,27.55,26.13,23.47
2026-05-17T03:00,2026-05-17,3,25.75,26.38,25.4,26.76,23.02,23.11,28.24,27.4,25.92,23.34
2026-05-17T04:00,2026-05-17,4,25.62,26.15,25.22,26.43,22.99,23.07,28.16,27.41,26.1,23.08
2026-05-17T05:00,2026-05-17,5,25.5,25.91,25.15,26.21,22.81,22.84,28.0,27.45,26.41,22.9
2026-05-17T06:00,2026-05-17,6,25.0,24.69,25.3,25.97,22.92,22.83,27.38,27.19,25.44,23.19
2026-05-17T07:00,2026-05-17,7,25.99,25.8,26.31,27.48,23.62,23.47,28.56,28.63,26.3,23.5
2026-05-17T08:00,2026-05-17,8,27.44,27.41,27.94,29.19,25.14,24.33,30.12,30.06,27.73,24.33
2026-05-17T09:00,2026-05-17,9,28.97,29.41,29.76,30.61,26.77,25.65,31.53,31.07,29.04,25.28
2026-05-17T10:00,2026-05-17,10,30.28,30.76,30.91,32.12,27.93,27.04,32.94,32.23,30.29,26.48
2026-05-17T11:00,2026-05-17,11,31.34,31.78,32.0,33.11,28.59,28.23,34.23,33.17,31.39,27.64
2026-05-17T12:00,2026-05-17,12,31.54,31.61,32.04,32.68,28.74,29.18,34.46,33.08,32.06,28.78
2026-05-17T13:00,2026-05-17,13,31.98,32.36,31.97,32.23,29.39,29.72,35.12,33.4,32.65,29.32
2026-05-17T14:00,2026-05-17,14,32.49,33.08,31.89,32.55,30.24,30.63,35.29,33.24,33.24,30.09
2026-05-17T15:00,2026-05-17,15,32.52,33.06,31.65,32.96,30.46,30.63,34.99,32.68,33.44,30.31
2026-05-17T16:00,2026-05-17,16,32.07,32.75,30.97,32.52,30.53,30.37,34.57,32.23,32.15,30.17
2026-05-17T17:00,2026-05-17,17,31.18,32.15,30.04,31.51,30.26,29.19,33.28,31.48,30.8,29.35
2026-05-17T18:00,2026-05-17,18,30.21,30.54,29.37,30.36,29.85,29.33,31.98,30.38,30.15,28.92
2026-05-17T19:00,2026-05-17,19,28.9,29.21,28.26,29.43,28.24,27.81,30.64,29.68,28.93,27.0
2026-05-17T20:00,2026-05-17,20,28.29,28.75,27.77,29.16,27.3,27.2,30.24,29.25,28.52,25.17
2026-05-17T21:00,2026-05-17,21,27.86,28.6,27.53,28.78,26.64,26.35,29.93,28.91,28.13,24.02
2026-05-17T22:00,2026-05-17,22,27.46,28.37,27.4,28.43,24.94,25.38,29.56,28.75,27.93,23.81
2026-05-17T23:00,2026-05-17,23,27.0,28.04,27.4,28.18,23.12,24.69,29.13,28.65,27.16,23.74
2026-05-18T00:00,2026-05-18,0,26.98,27.67,27.59,28.6,23.81,24.25,29.36,29.09,25.91,24.57
2026-05-18T01:00,2026-05-18,1,26.35,26.88,27.07,28.17,23.21,23.75,28.93,28.72,25.01,24.01
2026-05-18T02:00,2026-05-18,2,25.84,25.91,26.98,27.39,23.03,23.45,28.75,28.66,24.49,23.64
2026-05-18T03:00,2026-05-18,3,25.57,25.53,26.65,26.85,22.86,23.3,28.56,28.56,24.42,23.5
2026-05-18T04:00,2026-05-18,4,25.32,25.13,26.6,26.0,22.63,23.19,28.49,28.48,24.55,23.26
2026-05-18T05:00,2026-05-18,5,25.31,25.3,26.46,25.58,22.55,23.16,28.48,28.46,24.9,23.06
2026-05-18T06:00,2026-05-18,6,25.75,25.82,26.57,26.93,22.87,23.02,28.12,28.15,26.25,23.08
2026-05-18T07:00,2026-05-18,7,26.6,26.87,27.52,28.11,23.2,23.98,29.33,29.38,26.43,23.48
2026-05-18T08:00,2026-05-18,8,27.78,28.32,28.54,29.82,24.08,25.29,30.94,30.73,26.61,24.37
2026-05-18T09:00,2026-05-18,9,28.92,29.36,29.94,31.13,25.27,26.92,32.43,31.81,26.91,25.65
2026-05-18T10:00,2026-05-18,10,30.5,31.08,31.23,32.49,27.21,28.47,33.9,32.73,28.85,27.08
2026-05-18T11:00,2026-05-18,11,31.71,32.27,32.24,33.2,28.93,29.38,35.14,33.36,30.93,28.23
2026-05-18T12:00,2026-05-18,12,31.0,31.12,31.9,32.25,27.95,26.18,35.29,32.98,30.9,28.59
2026-05-18T13:00,2026-05-18,13,31.73,32.12,32.14,32.8,28.64,28.22,35.96,33.07,31.94,28.41
2026-05-18T14:00,2026-05-18,14,32.06,32.71,31.98,33.09,28.72,29.47,35.14,33.26,32.69,28.85
2026-05-18T15:00,2026-05-18,15,31.96,32.84,31.58,32.81,29.41,29.66,33.81,32.86,32.87,28.93
2026-05-18T16:00,2026-05-18,16,31.46,32.16,30.98,32.39,29.75,29.56,32.49,32.16,32.46,28.87
2026-05-18T17:00,2026-05-18,17,30.43,30.21,30.18,31.69,29.34,29.16,31.15,31.42,31.71,28.58
2026-05-18T18:00,2026-05-18,18,29.38,29.49,29.44,30.18,25.67,28.63,31.09,30.69,29.45,28.74
2026-05-18T19:00,2026-05-18,19,28.28,28.59,28.41,29.49,24.77,27.15,29.74,29.9,27.94,27.25
2026-05-18T20:00,2026-05-18,20,27.81,28.08,27.93,29.15,24.83,26.47,29.45,29.56,27.2,26.66
2026-05-18T21:00,2026-05-18,21,27.35,27.61,27.64,28.75,24.73,25.33,29.01,29.43,26.74,25.99
2026-05-18T22:00,2026-05-18,22,26.98,27.19,27.41,28.42,24.52,24.63,28.8,29.13,26.39,25.47
2026-05-18T23:00,2026-05-18,23,26.7,27.03,26.93,28.19,24.45,23.88,28.65,28.83,26.03,25.08
2026-05-19T00:00,2026-05-19,0,26.67,26.88,27.39,28.04,24.9,23.88,28.22,28.3,26.01,25.41
2026-05-19T01:00,2026-05-19,1,26.18,26.24,26.76,27.5,24.33,23.4,28.05,28.1,25.6,24.96
2026-05-19T02:00,2026-05-19,2,25.94,25.87,26.47,27.25,23.85,23.23,28.05,28.11,25.47,24.72
2026-05-19T03:00,2026-05-19,3,25.78,25.59,26.2,27.16,23.71,22.89,28.03,28.31,25.4,24.48
2026-05-19T04:00,2026-05-19,4,25.73,25.67,25.92,27.01,23.66,22.97,27.92,28.42,25.37,24.29
2026-05-19T05:00,2026-05-19,5,25.77,25.95,25.86,26.81,23.83,22.97,27.87,28.41,25.39,24.11
2026-05-19T06:00,2026-05-19,6,25.85,25.73,26.69,26.77,23.9,23.94,27.49,28.06,25.63,24.49
2026-05-19T07:00,2026-05-19,7,26.93,26.85,27.78,28.49,24.96,24.42,28.6,29.31,26.61,25.15
2026-05-19T08:00,2026-05-19,8,28.29,28.23,28.83,30.05,26.51,25.83,30.29,30.53,27.88,26.16
2026-05-19T09:00,2026-05-19,9,29.67,29.86,29.61,31.17,28.37,27.66,31.63,31.73,29.1,27.33
2026-05-19T10:00,2026-05-19,10,30.89,31.19,30.26,32.22,29.92,29.24,33.05,32.91,30.38,28.21
2026-05-19T11:00,2026-05-19,11,31.83,32.33,29.2,33.03,30.79,30.46,34.48,33.88,31.57,29.47
2026-05-19T12:00,2026-05-19,12,32.28,32.88,29.5,33.36,31.57,31.41,34.5,34.07,31.95,30.06
2026-05-19T13:00,2026-05-19,13,32.72,33.16,31.57,33.82,32.11,31.9,34.7,32.4,32.41,30.79
2026-05-19T14:00,2026-05-19,14,32.71,33.13,32.3,32.6,32.36,32.16,35.26,30.23,32.78,31.33
2026-05-19T15:00,2026-05-19,15,32.63,32.67,32.44,31.39,32.61,32.33,35.57,31.37,33.02,31.52
2026-05-19T16:00,2026-05-19,16,32.25,31.66,31.53,31.86,32.59,31.88,35.1,31.95,32.79,31.4
2026-05-19T17:00,2026-05-19,17,31.77,31.25,30.6,31.73,32.16,31.51,34.13,31.73,32.28,31.02
2026-05-19T18:00,2026-05-19,18,30.65,30.74,29.89,30.66,30.6,30.02,30.81,31.17,31.13,30.5
2026-05-19T19:00,2026-05-19,19,29.44,29.49,28.61,29.74,28.89,28.67,30.12,30.53,29.71,28.92
2026-05-19T20:00,2026-05-19,20,28.94,29.09,28.14,29.18,28.32,27.91,29.93,30.1,29.06,28.25
2026-05-19T21:00,2026-05-19,21,28.53,28.75,27.73,28.9,27.75,27.44,29.6,29.69,28.45,27.86
2026-05-19T22:00,2026-05-19,22,28.2,28.33,27.57,28.6,27.32,27.2,29.35,29.4,28.06,27.57
2026-05-19T23:00,2026-05-19,23,27.94,28.05,27.44,28.36,27.08,26.84,29.12,29.18,27.84,27.21
2026-05-20T00:00,2026-05-20,0,27.99,27.55,28.07,28.11,27.42,27.1,29.36,29.52,28.17,27.43
2026-05-20T01:00,2026-05-20,1,27.35,26.72,27.28,27.82,26.81,26.14,28.87,29.0,27.73,26.83
2026-05-20T02:00,2026-05-20,2,26.95,26.53,26.79,27.48,25.93,25.16,28.55,28.67,27.32,26.5
2026-05-20T03:00,2026-05-20,3,26.64,26.4,26.02,27.08,25.41,24.87,28.3,28.47,26.99,26.24
2026-05-20T04:00,2026-05-20,4,26.34,26.34,24.77,26.58,25.06,24.73,28.11,28.35,26.73,25.94
2026-05-20T05:00,2026-05-20,5,26.11,26.27,24.56,26.18,24.6,24.37,27.98,28.2,26.39,25.75
2026-05-20T06:00,2026-05-20,6,27.01,27.37,26.7,27.67,25.46,25.42,28.55,28.69,26.16,26.22
2026-05-20T07:00,2026-05-20,7,27.74,28.23,27.67,28.59,26.04,25.68,29.55,29.64,26.27,26.94
2026-05-20T08:00,2026-05-20,8,28.95,29.35,29.36,29.97,27.27,26.44,30.95,30.53,27.6,27.97
2026-05-20T09:00,2026-05-20,9,30.29,30.58,30.85,31.36,28.74,27.72,32.3,31.61,29.11,29.27
2026-05-20T10:00,2026-05-20,10,31.51,31.77,32.09,32.54,29.95,29.49,33.56,32.64,30.3,30.33
2026-05-20T11:00,2026-05-20,11,32.44,32.55,33.02,33.45,31.24,31.13,34.36,33.11,31.43,31.11
2026-05-20T12:00,2026-05-20,12,32.7,32.71,33.35,33.66,31.64,31.69,34.15,33.55,32.26,31.08
2026-05-20T13:00,2026-05-20,13,33.02,33.11,33.27,34.13,31.97,32.44,34.38,33.85,32.67,31.1
2026-05-20T14:00,2026-05-20,14,33.21,33.25,33.15,34.23,32.33,32.81,34.35,33.53,33.04,31.72
2026-05-20T15:00,2026-05-20,15,33.06,33.21,32.78,34.01,32.44,32.96,33.75,32.69,33.24,31.66
2026-05-20T16:00,2026-05-20,16,32.68,32.59,32.07,33.59,32.37,32.83,33.3,32.04,33.11,31.68
2026-05-20T17:00,2026-05-20,17,32.18,32.25,31.17,32.91,31.99,32.44,32.9,31.48,32.65,31.03
2026-05-20T18:00,2026-05-20,18,31.47,31.29,30.56,31.58,31.29,31.53,32.88,31.07,31.73,31.13
2026-05-20T19:00,2026-05-20,19,30.23,30.03,29.37,30.43,29.88,30.21,31.64,30.16,30.42,29.83
2026-05-20T20:00,2026-05-20,20,29.6,29.45,28.77,29.84,29.05,29.55,31.0,29.75,29.77,29.04
2026-05-20T21:00,2026-05-20,21,29.1,28.98,28.35,29.25,28.55,29.13,30.45,29.44,29.27,28.48
2026-05-20T22:00,2026-05-20,22,28.78,28.69,28.02,28.88,28.18,28.89,30.02,29.19,28.91,28.21
2026-05-20T23:00,2026-05-20,23,28.43,28.34,27.51,28.58,27.78,28.12,29.71,28.94,28.65,28.09
2026-05-21T00:00,2026-05-21,0,28.61,28.66,27.86,28.76,28.22,27.96,29.78,29.1,29.11,27.62
2026-05-21T01:00,2026-05-21,1,28.05,28.1,27.29,28.18,27.64,27.03,29.42,28.51,28.59,27.05
2026-05-21T02:00,2026-05-21,2,27.75,27.83,26.97,27.89,27.3,26.41,29.21,28.27,28.32,26.73
2026-05-21T03:00,2026-05-21,3,27.43,27.59,26.71,27.66,26.76,25.54,28.99,28.18,28.07,26.32
2026-05-21T04:00,2026-05-21,4,26.95,27.41,26.46,27.52,26.13,25.18,28.65,27.77,26.7,25.39
2026-05-21T05:00,2026-05-21,5,26.64,27.24,26.35,27.38,25.57,24.7,28.43,27.66,25.93,24.98
2026-05-21T06:00,2026-05-21,6,27.21,28.06,27.49,28.66,24.67,25.51,28.98,28.35,25.61,25.6
2026-05-21T07:00,2026-05-21,7,27.78,28.52,29.02,30.03,24.83,26.44,29.68,29.24,25.37,25.42
2026-05-21T08:00,2026-05-21,8,28.48,28.98,30.71,31.05,25.24,27.63,30.66,30.72,25.53,25.39
2026-05-21T09:00,2026-05-21,9,29.15,29.63,31.48,32.02,25.96,28.78,31.34,32.04,25.67,25.63
2026-05-21T10:00,2026-05-21,10,29.81,30.12,31.47,32.89,26.41,30.64,32.02,32.91,26.07,26.62
2026-05-21T11:00,2026-05-21,11,30.52,30.53,32.91,33.35,27.26,31.47,32.73,33.1,27.05,27.52
2026-05-21T12:00,2026-05-21,12,30.52,30.41,33.57,32.31,28.05,31.91,31.73,33.37,27.95,27.45
2026-05-21T13:00,2026-05-21,13,31.15,30.63,33.57,32.61,29.0,32.27,32.8,33.35,30.04,28.17
2026-05-21T14:00,2026-05-21,14,31.73,31.41,33.17,33.33,29.86,32.43,33.71,33.02,31.17,28.44
2026-05-21T15:00,2026-05-21,15,31.92,31.6,32.53,33.31,30.25,32.49,34.14,33.07,31.46,29.15
2026-05-21T16:00,2026-05-21,16,31.76,31.47,31.87,32.98,30.41,32.05,34.01,32.94,31.38,29.39
2026-05-21T17:00,2026-05-21,17,31.31,31.22,31.04,32.58,30.34,30.34,33.55,32.28,31.03,29.18
2026-05-21T18:00,2026-05-21,18,30.38,30.3,30.6,31.1,29.73,30.48,32.21,31.03,29.94,28.32
2026-05-21T19:00,2026-05-21,19,29.35,29.29,29.67,29.99,28.44,29.44,31.16,30.21,29.02,27.24
2026-05-21T20:00,2026-05-21,20,28.86,28.87,29.13,29.43,27.87,28.89,30.55,29.72,28.54,26.88
2026-05-21T21:00,2026-05-21,21,28.52,28.57,28.76,28.95,27.66,28.48,29.98,29.39,28.18,26.76
2026-05-21T22:00,2026-05-21,22,28.23,28.31,28.03,28.71,27.56,28.17,29.66,29.12,27.94,26.58
2026-05-21T23:00,2026-05-21,23,27.97,27.98,27.5,28.58,27.36,27.99,29.32,28.87,27.78,26.46
2026-05-22T00:00,2026-05-22,0,28.21,28.11,27.81,28.69,27.53,27.79,29.89,29.1,28.05,26.97
2026-05-22T01:00,2026-05-22,1,27.69,27.65,27.08,28.02,27.12,27.15,29.37,28.57,27.65,26.59
2026-05-22T02:00,2026-05-22,2,27.42,27.37,26.9,27.65,26.9,26.56,29.07,28.41,27.45,26.43
2026-05-22T03:00,2026-05-22,3,27.1,27.25,26.77,27.4,26.69,25.67,28.81,28.2,27.18,25.44
2026-05-22T04:00,2026-05-22,4,26.8,27.04,26.57,27.28,25.95,24.96,28.62,28.1,27.04,24.82
2026-05-22T05:00,2026-05-22,5,26.43,26.7,26.48,27.13,24.83,24.69,28.47,28.08,26.24,24.47
2026-05-22T06:00,2026-05-22,6,27.22,27.66,28.02,27.66,24.63,25.87,29.24,29.04,26.72,25.24
2026-05-22T07:00,2026-05-22,7,28.02,28.44,29.27,28.78,25.22,26.22,30.15,30.11,27.2,25.88
2026-05-22T08:00,2026-05-22,8,29.16,29.45,30.62,30.43,26.46,27.18,31.64,31.28,27.89,26.83
2026-05-22T09:00,2026-05-22,9,30.44,30.66,31.64,32.08,27.71,28.24,33.0,32.23,29.05,28.52
2026-05-22T10:00,2026-05-22,10,31.69,31.63,32.95,33.07,29.01,29.7,34.36,33.32,30.69,30.12
2026-05-22T11:00,2026-05-22,11,32.38,32.19,33.78,33.4,30.3,30.77,34.37,33.55,31.86,31.07
2026-05-22T12:00,2026-05-22,12,32.67,32.59,33.3,34.23,30.51,31.62,34.17,34.27,32.17,31.01
2026-05-22T13:00,2026-05-22,13,32.5,32.06,32.27,34.14,30.56,31.63,34.21,34.07,32.46,31.42
2026-05-22T14:00,2026-05-22,14,32.45,31.98,32.16,33.88,30.85,32.03,34.45,33.65,32.21,31.35
2026-05-22T15:00,2026-05-22,15,32.35,32.15,32.24,32.71,31.09,31.76,34.56,32.77,32.38,31.34
2026-05-22T16:00,2026-05-22,16,32.16,31.88,31.74,32.74,30.8,31.23,34.32,33.0,32.3,31.31
2026-05-22T17:00,2026-05-22,17,31.56,31.73,31.0,32.44,30.35,29.69,32.75,32.46,31.65,30.83
2026-05-22T18:00,2026-05-22,18,30.25,29.86,29.55,31.07,29.92,29.13,31.27,31.67,30.39,29.85
2026-05-22T19:00,2026-05-22,19,29.12,29.01,28.3,29.87,28.77,28.28,30.35,30.79,29.1,27.88
2026-05-22T20:00,2026-05-22,20,28.5,28.67,27.13,29.53,27.86,26.73,29.97,30.23,28.51,27.15
2026-05-22T21:00,2026-05-22,21,28.0,28.51,26.34,29.25,27.06,25.83,28.97,29.87,28.02,26.66
2026-05-22T22:00,2026-05-22,22,27.73,28.42,26.18,29.03,25.86,25.59,28.58,29.64,27.81,26.46
2026-05-22T23:00,2026-05-22,23,27.49,28.14,26.19,28.85,25.42,24.89,28.45,29.54,27.61,26.29
2026-05-23T00:00,2026-05-23,0,27.31,27.67,27.33,27.46,25.68,25.18,28.89,28.94,28.22,25.17
2026-05-23T01:00,2026-05-23,1,26.75,27.39,26.92,25.99,24.89,24.9,28.72,28.45,27.54,24.48
2026-05-23T02:00,2026-05-23,2,26.54,27.1,26.68,26.09,24.73,24.86,28.74,28.31,27.01,24.12
2026-05-23T03:00,2026-05-23,3,26.36,27.01,26.48,25.92,24.36,24.65,28.85,28.0,26.56,23.95
2026-05-23T04:00,2026-05-23,4,26.3,27.03,26.33,25.98,24.43,24.44,28.82,27.93,26.32,23.8
2026-05-23T05:00,2026-05-23,5,26.11,26.82,26.17,26.44,23.84,24.24,28.62,27.87,25.74,23.68
2026-05-23T06:00,2026-05-23,6,27.05,27.71,27.39,26.8,24.8,24.79,29.62,29.21,27.06,24.64
2026-05-23T07:00,2026-05-23,7,27.67,28.23,28.15,28.37,25.14,24.91,30.57,30.35,26.72,25.4
2026-05-23T08:00,2026-05-23,8,28.48,29.27,29.89,30.17,24.48,25.87,31.72,31.51,25.76,26.23
2026-05-23T09:00,2026-05-23,9,29.51,30.03,31.47,31.75,25.49,26.35,33.02,32.57,26.57,27.27
2026-05-23T10:00,2026-05-23,10,30.51,30.4,32.63,32.95,27.67,26.0,34.05,33.48,28.64,28.35
2026-05-23T11:00,2026-05-23,11,31.57,31.35,33.23,33.59,29.65,26.34,34.33,34.06,30.95,29.87
2026-05-23T12:00,2026-05-23,12,32.12,32.95,33.66,33.94,29.9,29.01,33.22,34.11,30.81,29.62
2026-05-23T13:00,2026-05-23,13,32.16,33.66,32.68,32.49,30.41,30.18,31.79,34.16,31.35,30.25
2026-05-23T14:00,2026-05-23,14,32.36,33.79,32.38,32.82,30.72,30.58,31.38,34.07,32.33,30.54
2026-05-23T15:00,2026-05-23,15,32.44,33.45,31.98,33.33,31.9,30.54,32.57,32.79,31.73,31.33
2026-05-23T16:00,2026-05-23,16,32.15,32.94,31.65,33.1,31.44,30.55,32.89,32.95,30.69,31.49
2026-05-23T17:00,2026-05-23,17,31.38,32.38,30.9,32.32,30.76,29.69,31.91,32.22,29.59,30.78
2026-05-23T18:00,2026-05-23,18,30.3,30.87,30.33,30.42,30.73,28.23,30.21,29.26,30.94,29.56
2026-05-23T19:00,2026-05-23,19,29.19,29.75,29.35,29.73,29.36,27.23,29.48,29.09,29.81,27.14
2026-05-23T20:00,2026-05-23,20,28.63,29.05,28.67,29.31,28.56,26.75,29.35,29.13,29.23,26.26
2026-05-23T21:00,2026-05-23,21,28.18,28.66,28.24,28.97,27.52,25.92,29.25,29.03,28.6,25.87
2026-05-23T22:00,2026-05-23,22,27.97,28.59,27.99,28.9,26.93,25.67,29.23,29.09,28.3,25.3
2026-05-23T23:00,2026-05-23,23,27.77,28.52,27.63,28.55,26.52,25.09,29.28,29.11,28.04,25.15
2026-05-24T00:00,2026-05-24,0,27.87,28.96,27.19,28.34,26.46,24.96,29.56,29.16,28.28,25.07
2026-05-24T01:00,2026-05-24,1,27.51,28.55,26.51,28.12,26.31,24.84,29.24,28.99,27.91,24.53
2026-05-24T02:00,2026-05-24,2,27.16,28.21,26.16,27.71,24.76,24.71,29.07,28.83,27.85,24.29
2026-05-24T03:00,2026-05-24,3,26.92,27.97,26.07,27.44,23.25,24.62,29.07,28.54,27.92,24.16
2026-05-24T04:00,2026-05-24,4,26.85,27.61,26.06,27.35,23.68,24.27,29.04,28.48,28.0,24.46
2026-05-24T05:00,2026-05-24,5,26.79,27.46,25.97,27.43,23.85,23.78,28.99,28.22,28.13,24.43
2026-05-24T06:00,2026-05-24,6,27.25,27.8,26.84,27.74,26.14,23.99,28.9,28.98,27.57,25.51
2026-05-24T07:00,2026-05-24,7,28.13,28.88,28.03,28.83,26.6,24.2,30.15,29.76,28.59,25.68
2026-05-24T08:00,2026-05-24,8,29.18,29.83,29.79,29.93,27.18,24.78,31.53,30.65,29.87,26.43
2026-05-24T09:00,2026-05-24,9,30.35,31.19,31.11,31.17,27.98,25.6,32.91,31.25,31.02,27.5
2026-05-24T10:00,2026-05-24,10,31.47,32.52,31.73,31.9,29.74,26.16,34.28,31.9,32.5,28.38
2026-05-24T11:00,2026-05-24,11,32.41,33.45,32.99,31.6,31.33,27.65,35.33,32.53,33.7,29.49
2026-05-24T12:00,2026-05-24,12,32.7,33.77,32.7,31.35,31.0,28.18,35.66,33.88,33.88,30.54
2026-05-24T13:00,2026-05-24,13,32.91,34.17,28.49,32.15,31.12,29.12,36.17,34.28,34.61,31.74
2026-05-24T14:00,2026-05-24,14,33.29,34.28,29.54,32.56,31.25,30.53,36.42,33.58,34.92,32.57
2026-05-24T15:00,2026-05-24,15,33.03,33.34,29.93,31.99,31.47,30.35,36.32,33.41,35.01,32.91
2026-05-24T16:00,2026-05-24,16,32.32,32.13,29.76,30.28,31.13,29.94,35.97,32.66,34.81,32.78
2026-05-24T17:00,2026-05-24,17,31.33,30.59,29.27,29.15,30.18,29.47,35.07,31.8,33.83,32.35
2026-05-24T18:00,2026-05-24,18,29.87,29.47,28.89,29.79,27.76,27.38,32.58,31.04,30.87,30.33
2026-05-24T19:00,2026-05-24,19,28.68,28.56,28.0,28.88,27.05,26.53,30.21,29.85,29.42,28.79
2026-05-24T20:00,2026-05-24,20,28.09,28.52,27.6,28.43,26.74,25.82,28.16,29.32,28.63,28.02
2026-05-24T21:00,2026-05-24,21,27.75,28.28,27.18,28.19,26.51,25.53,27.73,28.94,28.27,27.4
2026-05-24T22:00,2026-05-24,22,27.49,27.9,27.03,28.1,26.46,25.32,27.68,28.68,27.98,26.89
2026-05-24T23:00,2026-05-24,23,27.3,27.61,26.87,28.03,26.45,25.04,27.98,28.69,27.61,26.34
2026-05-25T00:00,2026-05-25,0,26.82,26.49,26.69,27.35,26.27,25.14,27.91,28.37,27.3,26.17
2026-05-25T01:00,2026-05-25,1,26.57,26.5,26.31,27.27,25.77,24.86,27.97,27.98,26.88,25.26
2026-05-25T02:00,2026-05-25,2,26.48,26.64,26.27,27.36,25.6,24.77,28.13,27.76,26.71,24.39
2026-05-25T03:00,2026-05-25,3,26.54,26.8,26.23,27.45,25.69,24.61,28.3,27.56,26.77,24.39
2026-05-25T04:00,2026-05-25,4,26.69,27.12,26.24,27.68,25.8,24.27,28.35,27.78,27.27,24.03
2026-05-25T05:00,2026-05-25,5,26.77,27.34,26.23,27.72,25.65,23.7,28.58,27.97,27.5,24.16
2026-05-25T06:00,2026-05-25,6,26.25,26.43,25.82,27.28,25.36,23.78,28.6,28.22,26.84,23.04
2026-05-25T07:00,2026-05-25,7,26.87,27.18,26.54,27.97,25.72,24.45,29.68,29.65,26.65,23.38
2026-05-25T08:00,2026-05-25,8,27.91,28.33,28.21,29.26,26.72,25.11,31.16,30.59,26.85,24.26
2026-05-25T09:00,2026-05-25,9,29.08,29.92,29.97,30.33,27.38,25.04,32.65,31.6,27.35,25.68
2026-05-25T10:00,2026-05-25,10,30.24,31.65,30.88,31.26,28.05,25.09,33.88,32.74,28.05,27.38
2026-05-25T11:00,2026-05-25,11,31.09,33.02,31.84,32.1,28.49,25.73,34.9,33.18,28.17,28.15
2026-05-25T12:00,2026-05-25,12,31.0,32.13,32.53,32.3,24.71,25.75,35.3,32.83,30.05,29.03
2026-05-25T13:00,2026-05-25,13,31.41,32.49,32.12,32.65,25.77,25.51,35.52,32.89,30.98,30.08
2026-05-25T14:00,2026-05-25,14,31.86,32.93,31.91,32.03,28.23,26.11,35.42,32.66,32.32,30.59
2026-05-25T15:00,2026-05-25,15,31.82,32.62,31.48,31.31,29.4,26.31,35.55,32.59,32.65,30.7
2026-05-25T16:00,2026-05-25,16,31.33,31.71,31.11,30.41,29.64,26.83,34.6,31.92,32.66,30.45
2026-05-25T17:00,2026-05-25,17,30.26,30.29,30.37,28.52,29.21,27.2,32.4,31.22,32.09,29.92
2026-05-25T18:00,2026-05-25,18,28.32,27.96,29.39,28.21,24.34,24.18,32.73,30.19,28.22,28.71
2026-05-25T19:00,2026-05-25,19,27.17,26.61,28.31,27.27,23.59,23.58,31.54,29.34,26.91,27.17
2026-05-25T20:00,2026-05-25,20,26.53,25.39,27.85,27.5,23.39,23.46,30.77,29.08,26.25,26.21
2026-05-25T21:00,2026-05-25,21,26.08,25.01,27.5,27.01,23.16,23.45,29.91,29.06,25.66,25.45
2026-05-25T22:00,2026-05-25,22,25.74,24.9,27.17,25.89,23.23,23.29,29.55,29.0,25.16,25.03
2026-05-25T23:00,2026-05-25,23,25.59,24.98,26.95,25.55,23.35,23.24,29.35,29.05,24.66,24.62
2026-05-26T00:00,2026-05-26,0,26.0,25.42,26.94,26.7,23.42,23.55,29.29,28.81,25.85,24.71
2026-05-26T01:00,2026-05-26,1,25.77,25.48,26.33,26.5,23.3,23.43,29.2,28.73,25.17,24.16
2026-05-26T02:00,2026-05-26,2,25.74,25.64,26.25,26.71,23.23,23.38,29.18,28.85,24.77,23.82
2026-05-26T03:00,2026-05-26,3,25.79,25.82,26.28,26.75,23.3,23.26,29.07,28.94,25.0,23.53
2026-05-26T04:00,2026-05-26,4,25.8,25.95,26.13,26.93,23.3,23.29,28.64,29.0,25.28,23.24
2026-05-26T05:00,2026-05-26,5,25.77,25.85,26.29,27.01,23.27,23.21,28.62,28.95,25.34,23.1
2026-05-26T06:00,2026-05-26,6,24.54,23.79,26.36,26.29,22.51,23.14,26.26,29.11,23.06,22.94
2026-05-26T07:00,2026-05-26,7,24.76,24.29,27.37,25.47,23.11,23.25,25.77,27.14,23.91,23.92
2026-05-26T08:00,2026-05-26,8,25.55,24.81,27.5,25.58,24.69,23.59,26.94,26.85,25.68,25.46
2026-05-26T09:00,2026-05-26,9,26.86,26.87,26.84,25.87,26.7,24.87,28.62,27.6,27.51,26.45
2026-05-26T10:00,2026-05-26,10,28.52,28.68,27.36,27.64,28.18,27.25,31.29,29.65,28.76,27.44
2026-05-26T11:00,2026-05-26,11,29.46,29.04,28.2,28.34,28.91,29.16,32.59,30.72,30.45,28.38
2026-05-26T12:00,2026-05-26,12,27.97,26.37,28.09,27.15,26.61,28.02,31.81,30.08,28.67,28.05
2026-05-26T13:00,2026-05-26,13,28.73,27.15,30.03,27.18,26.97,27.87,32.57,31.13,29.41,29.35
2026-05-26T14:00,2026-05-26,14,29.35,28.54,30.53,27.21,28.24,27.66,32.6,31.6,29.59,30.02
2026-05-26T15:00,2026-05-26,15,29.74,29.15,30.94,28.29,28.77,27.09,32.61,31.7,30.02,30.06
2026-05-26T16:00,2026-05-26,16,29.61,29.01,30.41,28.89,28.65,27.3,32.53,31.34,29.59,29.59
2026-05-26T17:00,2026-05-26,17,29.26,28.71,29.97,28.71,28.14,27.43,31.78,30.75,29.44,29.12
2026-05-26T18:00,2026-05-26,18,26.18,24.68,26.68,25.18,25.7,25.73,27.83,26.59,27.15,28.36
2026-05-26T19:00,2026-05-26,19,25.55,24.4,25.96,24.77,24.61,24.69,27.29,26.53,26.25,27.16
2026-05-26T20:00,2026-05-26,20,25.28,24.3,25.55,24.71,24.09,24.08,27.38,26.62,25.87,26.26
2026-05-26T21:00,2026-05-26,21,25.08,24.28,25.16,24.67,23.84,23.63,27.53,26.99,25.44,25.38
2026-05-26T22:00,2026-05-26,22,24.92,24.22,24.84,24.57,23.6,23.39,27.67,27.34,25.19,24.67
2026-05-26T23:00,2026-05-26,23,24.85,24.24,24.82,24.47,23.34,23.28,27.86,27.67,25.11,24.13
2026-05-27T00:00,2026-05-27,0,24.62,23.94,24.7,23.93,23.37,23.8,27.56,27.24,24.7,24.01
2026-05-27T01:00,2026-05-27,1,24.47,23.99,24.37,23.84,23.01,23.39,27.53,27.34,24.48,23.55
2026-05-27T02:00,2026-05-27,2,24.53,24.21,24.43,24.26,22.88,23.29,27.51,27.53,24.29,23.34
2026-05-27T03:00,2026-05-27,3,24.49,24.3,24.41,24.29,22.91,23.17,27.38,27.8,23.91,23.27
2026-05-27T04:00,2026-05-27,4,24.36,24.13,24.58,24.4,22.53,22.96,27.39,27.67,23.4,23.25
2026-05-27T05:00,2026-05-27,5,24.22,23.95,23.96,24.4,22.7,23.03,27.56,27.65,22.74,23.33
2026-05-27T06:00,2026-05-27,6,24.65,24.28,25.41,25.21,22.97,23.5,26.9,28.05,23.17,23.9
2026-05-27T07:00,2026-05-27,7,24.83,24.17,26.34,26.21,22.96,24.73,26.41,27.89,23.1,23.94
2026-05-27T08:00,2026-05-27,8,24.93,23.92,27.77,26.51,23.09,25.6,25.38,27.5,23.49,24.19
2026-05-27T09:00,2026-05-27,9,25.21,23.7,29.45,25.68,23.95,26.16,25.88,27.04,24.01,25.15
2026-05-27T10:00,2026-05-27,10,25.65,23.85,30.78,26.0,23.45,24.9,27.43,26.3,25.26,26.14
2026-05-27T11:00,2026-05-27,11,26.49,24.7,30.96,25.74,25.11,24.69,29.34,26.07,27.18,27.04
2026-05-27T12:00,2026-05-27,12,25.83,24.22,25.83,24.26,24.63,24.79,29.5,25.94,28.04,26.93
2026-05-27T13:00,2026-05-27,13,26.93,26.24,25.67,25.12,25.8,24.16,30.78,28.18,28.75,27.66
2026-05-27T14:00,2026-05-27,14,27.89,27.34,26.09,26.65,26.99,24.74,31.64,29.87,29.13,28.53
2026-05-27T15:00,2026-05-27,15,28.49,28.39,27.15,27.03,27.77,25.54,31.84,30.62,29.28,28.46
2026-05-27T16:00,2026-05-27,16,28.72,28.43,27.96,28.03,27.57,26.22,32.03,30.66,29.12,28.46
2026-05-27T17:00,2026-05-27,17,28.48,28.13,28.03,28.08,27.17,26.68,31.5,30.19,28.68,28.12
2026-05-27T18:00,2026-05-27,18,27.38,27.09,26.51,26.71,26.74,26.03,29.87,29.04,27.15,27.78
2026-05-27T19:00,2026-05-27,19,26.16,25.83,25.28,25.31,25.29,25.08,28.8,28.15,26.17,26.3
2026-05-27T20:00,2026-05-27,20,25.57,25.53,24.8,24.75,24.75,24.64,27.49,27.68,25.62,25.32
2026-05-27T21:00,2026-05-27,21,25.01,24.82,24.36,24.44,24.38,23.92,26.53,27.35,25.29,24.7
2026-05-27T22:00,2026-05-27,22,24.57,24.02,24.31,24.13,24.02,23.53,26.06,27.14,25.02,24.4
2026-05-27T23:00,2026-05-27,23,24.37,23.86,24.39,23.83,23.61,23.34,25.96,26.92,24.7,24.16
2026-05-28T00:00,2026-05-28,0,24.69,24.05,24.52,24.27,24.2,23.73,26.07,26.77,25.2,24.78
2026-05-28T01:00,2026-05-28,1,24.35,23.97,24.3,23.94,23.85,23.13,25.93,26.8,24.5,23.87
2026-05-28T02:00,2026-05-28,2,24.17,23.85,24.32,23.71,23.28,22.89,25.96,26.98,24.21,23.48
2026-05-28T03:00,2026-05-28,3,24.04,23.68,24.4,23.69,22.97,22.73,25.78,27.05,24.11,23.18
2026-05-28T04:00,2026-05-28,4,24.0,23.56,24.42,23.87,22.78,22.75,25.69,27.14,24.04,23.15
2026-05-28T05:00,2026-05-28,5,23.92,23.45,24.23,23.85,22.76,22.8,25.96,27.04,24.01,22.67
2026-05-28T06:00,2026-05-28,6,24.54,24.11,25.24,24.98,22.53,23.5,25.94,27.71,24.21,23.96
2026-05-28T07:00,2026-05-28,7,25.34,25.02,26.38,25.69,22.86,24.03,26.79,28.45,25.14,24.71
2026-05-28T08:00,2026-05-28,8,26.47,26.22,27.9,26.94,23.46,25.15,28.13,29.4,26.13,25.55
2026-05-28T09:00,2026-05-28,9,27.64,27.34,29.31,28.56,24.47,26.1,29.66,30.41,27.18,26.33
2026-05-28T10:00,2026-05-28,10,28.64,28.3,30.7,29.66,25.99,26.73,30.93,31.32,27.78,27.08
2026-05-28T11:00,2026-05-28,11,29.61,29.44,31.63,30.56,28.3,27.98,31.86,32.06,27.78,27.93
2026-05-28T12:00,2026-05-28,12,30.17,29.79,31.93,31.25,28.71,27.32,32.1,32.62,29.12,29.34
2026-05-28T13:00,2026-05-28,13,30.74,30.44,31.16,31.22,29.58,28.3,32.64,33.1,30.44,30.2
2026-05-28T14:00,2026-05-28,14,31.02,30.8,30.88,31.22,29.83,28.87,32.95,33.23,31.0,30.64
2026-05-28T15:00,2026-05-28,15,30.84,30.98,30.46,29.49,29.73,29.25,33.0,33.01,31.09,30.53
2026-05-28T16:00,2026-05-28,16,30.7,30.77,30.35,29.95,29.65,29.29,32.48,32.28,31.2,30.11
2026-05-28T17:00,2026-05-28,17,30.25,30.23,29.81,29.83,29.17,29.03,31.99,31.19,30.87,29.7
2026-05-28T18:00,2026-05-28,18,29.47,29.56,29.58,29.97,28.56,28.44,30.91,30.69,29.59,27.64
2026-05-28T19:00,2026-05-28,19,27.96,27.89,28.23,28.49,27.02,26.79,29.86,29.35,28.13,25.94
2026-05-28T20:00,2026-05-28,20,27.24,27.29,27.24,27.92,26.54,25.99,28.47,28.94,27.62,25.06
2026-05-28T21:00,2026-05-28,21,26.8,26.91,26.73,27.55,25.8,25.4,28.1,28.63,27.32,24.47
2026-05-28T22:00,2026-05-28,22,26.6,26.79,26.41,27.27,25.63,25.03,27.96,28.29,27.04,24.43
2026-05-28T23:00,2026-05-28,23,26.33,26.53,26.25,26.98,25.01,24.81,27.71,28.07,26.67,24.37
2026-05-29T00:00,2026-05-29,0,26.56,26.75,26.75,27.09,25.33,24.72,27.86,28.09,26.87,24.87
2026-05-29T01:00,2026-05-29,1,26.01,26.09,26.2,26.52,24.84,24.15,27.47,27.63,26.15,24.62
2026-05-29T02:00,2026-05-29,2,25.74,25.72,25.91,26.08,24.72,23.99,27.25,27.44,25.89,24.5
2026-05-29T03:00,2026-05-29,3,25.48,25.36,25.53,25.71,24.48,23.88,26.99,27.46,25.68,24.38
2026-05-29T04:00,2026-05-29,4,25.2,25.07,25.13,25.39,24.09,23.68,26.71,27.37,25.26,24.36
2026-05-29T05:00,2026-05-29,5,24.94,24.86,24.79,25.13,24.06,23.47,26.35,27.36,24.67,24.21
2026-05-29T06:00,2026-05-29,6,25.99,25.8,26.07,26.08,25.58,25.07,26.91,28.01,25.94,25.28
2026-05-29T07:00,2026-05-29,7,26.7,26.63,27.2,27.83,26.88,27.05,26.97,29.17,24.2,26.21
2026-05-29T08:00,2026-05-29,8,27.81,27.41,29.14,29.57,28.37,29.08,27.39,30.31,24.45,27.58
2026-05-29T09:00,2026-05-29,9,29.02,28.69,30.5,31.04,28.27,30.75,28.38,31.22,26.54,28.17
2026-05-29T10:00,2026-05-29,10,30.16,30.1,31.57,31.97,26.95,31.86,30.38,32.1,28.64,28.86
2026-05-29T11:00,2026-05-29,11,31.25,31.13,32.47,32.55,28.41,32.81,31.61,32.71,30.32,30.08
2026-05-29T12:00,2026-05-29,12,31.28,30.14,32.84,32.12,29.78,33.24,32.13,30.31,31.7,31.02
2026-05-29T13:00,2026-05-29,13,31.66,30.95,31.27,31.67,31.25,33.46,32.66,31.14,32.07,31.67
2026-05-29T14:00,2026-05-29,14,31.51,30.71,31.32,30.04,31.9,33.69,32.79,31.25,31.85,32.11
2026-05-29T15:00,2026-05-29,15,31.06,30.11,31.04,29.27,32.16,33.65,32.46,32.1,30.21,32.15
2026-05-29T16:00,2026-05-29,16,30.04,29.8,30.23,29.98,32.04,33.34,28.44,32.18,27.02,31.04
2026-05-29T17:00,2026-05-29,17,28.91,29.25,29.45,30.03,30.81,32.62,26.61,31.85,24.94,28.09
2026-05-29T18:00,2026-05-29,18,27.81,27.13,27.99,27.85,29.57,31.22,26.92,26.69,26.96,28.39
2026-05-29T19:00,2026-05-29,19,26.74,26.37,27.71,26.22,26.25,29.29,26.38,26.21,26.43,27.24
2026-05-29T20:00,2026-05-29,20,26.33,26.0,27.5,25.87,25.55,28.55,26.0,26.1,26.02,26.72
2026-05-29T21:00,2026-05-29,21,25.85,25.55,26.48,25.55,25.08,27.95,25.29,26.28,25.58,26.27
2026-05-29T22:00,2026-05-29,22,25.56,25.27,26.14,25.41,25.45,27.13,24.78,25.83,25.37,25.92
2026-05-29T23:00,2026-05-29,23,25.28,24.91,26.04,25.34,25.52,26.48,24.4,25.41,25.11,25.65
2026-05-30T00:00,2026-05-30,0,25.74,25.7,26.1,25.75,25.92,26.52,24.86,25.96,25.2,26.3
2026-05-30T01:00,2026-05-30,1,25.04,24.84,25.82,25.05,25.19,25.81,24.06,25.35,24.43,25.85
2026-05-30T02:00,2026-05-30,2,24.63,24.31,25.45,24.73,24.8,25.57,23.69,25.13,23.95,25.51
2026-05-30T03:00,2026-05-30,3,24.29,23.87,25.1,24.56,24.61,25.27,23.43,25.1,23.52,24.9
2026-05-30T04:00,2026-05-30,4,24.04,23.56,25.13,24.45,24.49,24.94,23.23,25.05,23.19,24.27
2026-05-30T05:00,2026-05-30,5,23.83,23.24,25.04,24.33,24.54,24.68,22.99,24.98,22.87,24.16
2026-05-30T06:00,2026-05-30,6,24.46,23.68,25.66,24.93,25.35,26.06,23.67,24.82,23.39,25.16
2026-05-30T07:00,2026-05-30,7,25.78,25.19,26.73,26.15,26.52,27.52,25.27,26.06,24.81,25.97
2026-05-30T08:00,2026-05-30,8,27.37,26.92,28.24,27.9,27.58,29.27,27.25,28.03,26.63,26.55
2026-05-30T09:00,2026-05-30,9,28.75,28.47,29.17,29.52,28.56,30.71,29.02,29.65,28.26,26.97
2026-05-30T10:00,2026-05-30,10,30.02,29.78,30.18,30.82,29.88,31.59,30.64,30.93,29.66,28.03
2026-05-30T11:00,2026-05-30,11,31.12,30.88,31.15,31.88,31.09,31.7,31.95,32.04,30.79,29.56
2026-05-30T12:00,2026-05-30,12,32.05,32.01,31.98,32.8,31.88,31.65,32.66,32.73,31.88,30.92
2026-05-30T13:00,2026-05-30,13,32.53,32.46,32.33,32.99,32.46,32.34,33.32,33.24,32.41,31.49
2026-05-30T14:00,2026-05-30,14,32.72,32.58,31.99,33.1,32.59,33.25,33.52,33.39,32.56,31.98
2026-05-30T15:00,2026-05-30,15,32.5,32.5,29.92,33.06,32.62,33.39,33.24,33.38,32.65,31.86
2026-05-30T16:00,2026-05-30,16,32.18,32.19,29.47,32.65,32.29,32.93,32.97,32.8,32.49,31.74
2026-05-30T17:00,2026-05-30,17,31.62,31.55,29.56,31.96,31.67,32.37,32.2,31.94,32.01,31.34
2026-05-30T18:00,2026-05-30,18,30.85,30.62,29.69,31.23,30.89,31.18,30.98,31.02,31.05,31.29
2026-05-30T19:00,2026-05-30,19,29.3,28.94,28.6,29.71,29.08,29.11,29.69,29.64,29.71,29.49
2026-05-30T20:00,2026-05-30,20,28.53,28.06,28.04,28.95,28.41,28.53,28.98,29.03,28.8,28.72
2026-05-30T21:00,2026-05-30,21,27.93,27.44,27.33,28.46,27.9,28.19,28.43,28.32,27.92,28.19
2026-05-30T22:00,2026-05-30,22,27.49,27.08,27.14,27.73,27.51,27.71,28.0,27.8,27.58,27.67
2026-05-30T23:00,2026-05-30,23,27.07,26.65,26.95,27.23,26.92,27.38,27.52,27.38,27.18,27.21
2026-05-31T00:00,2026-05-31,0,27.18,26.73,27.27,27.17,26.77,27.74,27.32,27.39,27.43,27.65
2026-05-31T01:00,2026-05-31,1,26.53,26.13,26.82,26.57,26.13,26.92,26.83,26.75,26.98,26.35
2026-05-31T02:00,2026-05-31,2,26.19,25.72,26.69,26.36,25.97,26.57,26.59,26.5,26.56,25.7
2026-05-31T03:00,2026-05-31,3,25.99,25.52,26.57,26.23,25.71,26.34,26.45,26.29,26.27,25.5
2026-05-31T04:00,2026-05-31,4,25.73,25.1,26.68,26.08,25.45,26.16,26.26,26.17,26.03,24.99
2026-05-31T05:00,2026-05-31,5,25.5,24.97,26.29,25.75,25.23,25.96,26.01,26.1,25.7,24.77
2026-05-31T06:00,2026-05-31,6,26.86,26.35,27.35,26.94,27.01,27.32,27.09,27.18,26.95,26.73
2026-05-31T07:00,2026-05-31,7,28.34,28.16,28.22,28.34,28.85,29.18,28.27,28.38,28.35,28.04
2026-05-31T08:00,2026-05-31,8,29.98,29.95,29.36,30.1,30.53,30.62,29.77,29.84,30.05,29.82
2026-05-31T09:00,2026-05-31,9,31.37,31.44,30.39,31.62,31.75,31.97,31.18,31.18,31.53,31.16
2026-05-31T10:00,2026-05-31,10,32.31,32.37,31.24,32.67,32.56,32.51,32.32,32.27,32.52,32.09
2026-05-31T11:00,2026-05-31,11,33.03,33.04,32.09,33.34,33.18,33.1,33.29,33.05,33.25,32.75
2026-05-31T12:00,2026-05-31,12,33.73,33.85,31.72,34.04,33.91,33.63,34.25,33.58,33.99,33.84
2026-05-31T13:00,2026-05-31,13,34.07,34.2,32.1,34.33,34.16,34.0,34.65,33.9,34.28,34.24
2026-05-31T14:00,2026-05-31,14,34.16,34.2,32.25,34.43,34.2,34.19,34.84,34.02,34.4,34.3
2026-05-31T15:00,2026-05-31,15,34.04,34.02,31.71,34.23,34.18,34.44,34.75,34.1,34.33,34.27
2026-05-31T16:00,2026-05-31,16,33.51,33.59,30.85,33.75,33.86,34.09,33.44,33.63,33.95,34.05
2026-05-31T17:00,2026-05-31,17,32.84,32.96,30.45,33.13,33.15,32.99,32.81,32.52,33.27,33.52
2026-05-31T18:00,2026-05-31,18,31.5,31.58,28.42,32.02,32.26,30.94,31.91,31.09,32.04,32.19
2026-05-31T19:00,2026-05-31,19,30.04,30.14,27.22,30.37,30.59,29.23,30.85,29.7,30.59,30.49
2026-05-31T20:00,2026-05-31,20,29.28,29.25,26.73,29.42,29.69,28.75,30.11,29.35,29.77,29.85
2026-05-31T21:00,2026-05-31,21,28.77,28.66,26.39,28.87,29.1,28.46,29.61,29.1,29.24,29.27
2026-05-31T22:00,2026-05-31,22,28.34,28.29,25.8,28.55,28.42,28.13,29.19,28.76,28.76,28.74
2026-05-31T23:00,2026-05-31,23,27.92,27.97,25.22,28.07,27.88,27.83,28.81,28.42,28.33,28.22
2026-06-01T00:00,2026-06-01,0,28.07,28.11,25.49,28.17,28.2,27.96,28.74,28.28,28.54,28.55
2026-06-01T01:00,2026-06-01,1,27.54,27.66,25.18,27.64,27.7,26.98,28.25,27.67,28.01,27.9
2026-06-01T02:00,2026-06-01,2,27.14,27.23,24.91,27.19,27.1,26.56,27.95,27.43,27.74,27.36
2026-06-01T03:00,2026-06-01,3,26.78,26.98,24.62,26.79,26.67,25.87,27.67,27.21,27.49,26.73
2026-06-01T04:00,2026-06-01,4,26.43,26.73,24.46,26.4,26.32,25.36,27.47,27.01,27.21,25.82
2026-06-01T05:00,2026-06-01,5,26.15,26.45,24.28,26.11,25.98,25.0,27.31,26.85,26.91,25.37
2026-06-01T06:00,2026-06-01,6,27.5,27.65,25.65,27.48,27.6,26.26,28.2,28.09,27.89,27.89
2026-06-01T07:00,2026-06-01,7,28.62,28.93,26.48,28.69,28.96,26.45,29.41,29.46,29.01,28.93
2026-06-01T08:00,2026-06-01,8,29.94,30.38,27.84,29.93,30.04,27.27,30.82,30.86,30.28,30.43
2026-06-01T09:00,2026-06-01,9,31.22,31.65,29.36,31.16,31.32,28.55,31.98,31.82,31.6,31.74
2026-06-01T10:00,2026-06-01,10,32.12,32.5,30.49,31.96,32.01,30.21,32.91,32.63,32.27,32.66
2026-06-01T11:00,2026-06-01,11,32.79,32.99,31.41,32.6,32.58,31.58,33.64,33.32,32.95,33.16
2026-06-01T12:00,2026-06-01,12,33.33,33.48,31.97,32.74,33.23,32.27,34.02,33.67,33.89,33.93
2026-06-01T13:00,2026-06-01,13,33.46,33.67,31.15,32.97,33.48,32.4,34.39,33.74,34.06,34.2
2026-06-01T14:00,2026-06-01,14,33.56,33.8,30.5,33.53,33.59,32.57,34.61,33.63,34.16,34.22
2026-06-01T15:00,2026-06-01,15,33.53,33.75,30.62,33.49,33.63,32.49,34.68,33.6,34.1,34.12
2026-06-01T16:00,2026-06-01,16,33.1,33.54,29.76,32.7,33.44,32.03,34.31,32.91,33.86,33.56
2026-06-01T17:00,2026-06-01,17,32.48,32.96,29.42,32.08,32.91,31.6,33.52,32.02,33.33,32.63
2026-06-01T18:00,2026-06-01,18,31.64,31.97,29.41,30.91,32.08,30.52,32.16,31.1,32.66,32.37
2026-06-01T19:00,2026-06-01,19,30.29,30.54,28.42,29.92,30.42,28.86,31.05,30.1,31.17,30.64
2026-06-01T20:00,2026-06-01,20,29.61,29.84,27.9,29.35,29.7,28.28,30.43,29.57,30.31,29.88
2026-06-01T21:00,2026-06-01,21,29.08,29.15,27.6,28.9,28.99,27.98,29.92,29.15,29.73,29.41
2026-06-01T22:00,2026-06-01,22,28.63,28.67,27.18,28.54,28.62,27.6,29.43,28.77,29.23,28.92
2026-06-01T23:00,2026-06-01,23,28.18,28.17,26.81,28.17,28.2,27.06,28.95,28.44,28.82,28.38
2026-06-02T00:00,2026-06-02,0,28.21,28.42,26.78,28.31,27.62,26.34,29.06,28.46,28.9,28.53
2026-06-02T01:00,2026-06-02,1,27.59,27.86,26.22,27.74,26.92,25.8,28.5,27.86,28.08,27.79
2026-06-02T02:00,2026-06-02,2,27.2,27.44,25.88,27.38,26.33,25.34,28.22,27.58,27.7,27.42
2026-06-02T03:00,2026-06-02,3,26.9,27.05,25.68,27.1,25.92,25.08,27.94,27.39,27.44,27.19
2026-06-02T04:00,2026-06-02,4,26.68,26.8,25.46,26.85,25.55,25.17,27.69,27.21,27.22,27.01
2026-06-02T05:00,2026-06-02,5,26.44,26.5,25.24,26.55,25.21,25.1,27.49,27.11,27.02,26.74
2026-06-02T06:00,2026-06-02,6,27.37,27.66,26.18,26.79,26.18,26.3,28.25,28.2,28.06,27.6
2026-06-02T07:00,2026-06-02,7,28.53,28.73,28.0,28.15,27.28,27.07,29.36,29.43,29.11,28.69
2026-06-02T08:00,2026-06-02,8,29.91,30.01,29.6,29.79,28.72,28.26,30.7,30.62,30.43,30.16
2026-06-02T09:00,2026-06-02,9,31.16,31.23,30.41,31.24,29.86,29.6,31.96,31.64,31.87,31.48
2026-06-02T10:00,2026-06-02,10,32.22,32.21,31.31,32.33,31.11,30.4,33.09,32.54,33.19,32.6
2026-06-02T11:00,2026-06-02,11,32.91,32.77,31.76,33.22,31.72,31.26,33.99,33.25,33.88,33.4
2026-06-02T12:00,2026-06-02,12,33.31,32.97,32.36,33.78,32.36,31.76,34.59,33.73,34.16,33.58
2026-06-02T13:00,2026-06-02,13,33.68,33.47,32.63,34.19,32.73,32.07,34.9,34.04,34.49,33.85
2026-06-02T14:00,2026-06-02,14,33.88,33.74,32.31,34.24,33.35,32.96,35.06,33.89,34.54,34.09
2026-06-02T15:00,2026-06-02,15,33.72,33.75,32.12,34.05,33.43,32.96,34.46,33.09,34.39,34.02
2026-06-02T16:00,2026-06-02,16,33.4,33.49,31.58,33.75,33.2,32.78,33.94,32.62,34.12,33.78
2026-06-02T17:00,2026-06-02,17,32.81,33.0,30.86,33.03,32.64,32.37,33.56,31.76,33.54,33.02
2026-06-02T18:00,2026-06-02,18,31.91,31.96,30.4,32.11,31.28,31.45,32.83,30.49,32.67,32.49
2026-06-02T19:00,2026-06-02,19,30.58,30.57,29.24,30.5,29.99,29.81,31.69,29.99,31.33,31.04
2026-06-02T20:00,2026-06-02,20,29.99,30.02,28.74,29.78,29.26,29.08,31.1,29.82,30.66,30.47
2026-06-02T21:00,2026-06-02,21,29.56,29.62,28.42,29.22,28.82,28.57,30.66,29.55,30.15,30.08
2026-06-02T22:00,2026-06-02,22,29.15,29.16,28.08,28.85,28.5,28.21,30.15,29.22,29.78,29.59
2026-06-02T23:00,2026-06-02,23,28.73,28.67,27.73,28.47,28.18,27.64,29.66,28.84,29.44,29.28
2026-06-03T00:00,2026-06-03,0,28.86,28.98,27.87,28.72,28.39,27.14,29.73,28.95,29.97,28.69
2026-06-03T01:00,2026-06-03,1,28.17,28.26,27.33,28.1,27.76,26.4,29.16,28.25,29.39,27.64
2026-06-03T02:00,2026-06-03,2,27.71,27.85,26.96,27.73,27.31,25.69,28.82,27.93,29.05,26.67
2026-06-03T03:00,2026-06-03,3,27.38,27.6,26.59,27.56,27.02,25.48,28.57,27.77,28.76,25.68
2026-06-03T04:00,2026-06-03,4,27.14,27.36,26.38,27.37,26.67,25.25,28.38,27.59,28.41,25.44
2026-06-03T05:00,2026-06-03,5,26.9,27.13,26.29,27.16,26.22,24.93,28.17,27.41,28.12,25.27
2026-06-03T06:00,2026-06-03,6,27.86,27.97,27.18,28.23,26.84,25.77,28.66,28.44,28.58,27.8
2026-06-03T07:00,2026-06-03,7,28.98,29.12,28.58,29.68,28.03,26.03,29.76,29.7,29.59,28.86
2026-06-03T08:00,2026-06-03,8,30.31,30.52,30.12,30.96,29.14,26.71,31.14,31.0,30.95,30.38
2026-06-03T09:00,2026-06-03,9,31.61,31.71,31.14,32.06,30.63,28.45,32.52,32.26,32.42,31.74
2026-06-03T10:00,2026-06-03,10,32.78,32.79,32.02,33.06,31.6,30.23,33.81,33.28,33.85,32.98
2026-06-03T11:00,2026-06-03,11,33.7,33.62,32.76,33.82,32.51,31.44,34.87,34.01,34.95,34.03
2026-06-03T12:00,2026-06-03,12,34.09,33.9,33.07,34.19,32.74,32.24,35.41,34.24,35.29,34.58
2026-06-03T13:00,2026-06-03,13,34.35,34.18,33.17,34.57,33.16,32.7,35.69,34.42,35.27,34.92
2026-06-03T14:00,2026-06-03,14,34.36,34.28,33.11,34.62,33.23,33.16,35.66,34.38,34.88,34.94
2026-06-03T15:00,2026-06-03,15,34.09,34.26,32.72,34.56,32.9,33.33,35.1,33.74,34.16,34.67
2026-06-03T16:00,2026-06-03,16,33.58,33.94,31.97,34.1,32.76,33.0,34.67,33.37,33.36,33.59
2026-06-03T17:00,2026-06-03,17,32.84,33.34,31.07,33.28,32.28,32.53,33.66,32.52,32.55,32.72
2026-06-03T18:00,2026-06-03,18,32.08,32.32,30.51,32.35,31.9,30.78,33.26,31.82,32.0,32.47
2026-06-03T19:00,2026-06-03,19,30.82,31.07,29.19,31.06,30.74,29.33,32.01,30.9,30.71,31.16
2026-06-03T20:00,2026-06-03,20,30.2,30.43,28.81,30.41,29.98,28.68,31.38,30.47,30.11,30.36
2026-06-03T21:00,2026-06-03,21,29.74,30.04,28.46,29.99,29.35,28.19,30.88,30.07,29.76,29.65
2026-06-03T22:00,2026-06-03,22,29.31,29.73,28.09,29.59,28.88,27.21,30.48,29.71,29.51,28.96
2026-06-03T23:00,2026-06-03,23,28.91,29.34,27.78,29.27,28.42,26.43,30.05,29.33,29.27,28.47
2026-06-04T00:00,2026-06-04,0,28.75,29.25,27.8,29.26,28.08,26.16,29.65,29.25,29.11,28.16
2026-06-04T01:00,2026-06-04,1,28.07,28.51,27.28,28.62,26.7,25.44,29.18,28.73,28.6,27.5
2026-06-04T02:00,2026-06-04,2,27.71,28.06,27.05,28.3,25.79,25.4,28.98,28.45,28.35,27.06
2026-06-04T03:00,2026-06-04,3,27.35,27.61,26.84,27.85,25.5,25.18,28.78,28.29,28.0,26.56
2026-06-04T04:00,2026-06-04,4,27.04,27.3,26.68,27.33,25.14,24.74,28.61,28.18,27.79,26.12
2026-06-04T05:00,2026-06-04,5,26.86,27.09,26.4,27.32,25.14,24.45,28.46,28.06,27.6,25.77
2026-06-04T06:00,2026-06-04,6,27.68,28.09,27.14,28.51,25.54,24.92,28.94,28.84,28.37,26.76
2026-06-04T07:00,2026-06-04,7,28.67,29.08,28.14,29.08,26.63,25.49,30.1,30.14,29.5,27.81
2026-06-04T08:00,2026-06-04,8,30.1,30.42,29.63,30.4,28.31,26.91,31.57,31.42,30.98,29.37
2026-06-04T09:00,2026-06-04,9,31.47,31.58,31.08,31.69,30.04,28.56,32.99,32.52,32.39,30.92
2026-06-04T10:00,2026-06-04,10,32.6,32.63,32.07,32.86,31.22,29.56,34.19,33.27,33.71,32.3
2026-06-04T11:00,2026-06-04,11,33.44,33.53,32.72,33.73,31.63,30.66,35.15,33.33,34.88,33.21
2026-06-04T12:00,2026-06-04,12,33.79,33.76,33.34,34.11,32.06,30.82,35.58,34.29,34.71,33.8
2026-06-04T13:00,2026-06-04,13,33.93,34.05,33.36,34.38,32.65,31.3,35.12,34.18,34.56,34.06
2026-06-04T14:00,2026-06-04,14,33.2,33.65,33.19,33.26,32.76,32.04,32.45,33.22,33.08,33.98
2026-06-04T15:00,2026-06-04,15,32.95,33.4,32.65,33.16,32.31,32.38,33.65,32.85,32.35,32.63
2026-06-04T16:00,2026-06-04,16,32.27,32.27,32.12,33.02,31.38,32.48,33.65,32.82,31.4,31.36
2026-06-04T17:00,2026-06-04,17,31.7,31.2,31.42,32.53,31.32,32.16,33.23,32.64,31.05,30.99
2026-06-04T18:00,2026-06-04,18,31.61,31.71,30.9,32.21,30.98,30.57,32.59,32.29,31.7,30.95
2026-06-04T19:00,2026-06-04,19,30.24,30.38,29.61,30.82,29.4,28.52,31.53,31.28,30.34,29.47
2026-06-04T20:00,2026-06-04,20,29.69,29.82,29.06,30.27,28.84,28.13,31.04,30.79,29.88,28.6
2026-06-04T21:00,2026-06-04,21,29.29,29.37,28.75,29.72,28.4,27.98,30.6,30.34,29.64,28.16
2026-06-04T22:00,2026-06-04,22,28.99,29.1,28.45,29.4,27.99,27.64,30.25,29.99,29.43,27.9
2026-06-04T23:00,2026-06-04,23,28.63,28.85,28.17,29.13,27.7,26.39,30.05,29.62,29.18,27.38
2026-06-05T00:00,2026-06-05,0,28.2,28.38,28.27,29.08,27.24,26.44,29.22,29.52,28.08,26.85
2026-06-05T01:00,2026-06-05,1,27.65,27.89,27.61,28.62,26.31,25.66,28.89,28.99,27.57,26.35
2026-06-05T02:00,2026-06-05,2,27.21,27.5,27.37,28.37,25.18,24.39,28.53,28.79,27.31,26.02
2026-06-05T03:00,2026-06-05,3,27.01,27.42,27.04,27.96,24.92,24.46,28.35,28.69,27.04,25.65
2026-06-05T04:00,2026-06-05,4,26.74,27.18,26.82,27.27,24.75,24.3,28.16,28.6,26.88,25.33
2026-06-05T05:00,2026-06-05,5,26.42,26.91,26.64,26.25,24.64,24.17,27.49,28.6,26.73,25.25
2026-06-05T06:00,2026-06-05,6,27.09,27.75,27.59,28.22,25.9,24.99,27.48,29.47,26.58,24.83
2026-06-05T07:00,2026-06-05,7,27.43,27.02,29.26,29.61,26.05,25.91,27.78,30.73,26.86,25.12
2026-06-05T08:00,2026-06-05,8,28.03,26.5,30.89,30.9,26.29,27.79,27.42,32.08,27.8,26.54
2026-06-05T09:00,2026-06-05,9,28.87,26.87,32.03,31.64,26.98,29.67,27.79,31.64,29.43,28.18
2026-06-05T10:00,2026-06-05,10,29.76,28.58,33.05,29.45,28.54,30.66,29.22,29.87,31.18,29.6
2026-06-05T11:00,2026-06-05,11,30.58,30.08,33.89,28.5,30.28,31.44,30.52,27.26,32.4,30.88
2026-06-05T12:00,2026-06-05,12,30.98,30.74,33.57,29.65,30.9,31.02,30.22,28.14,32.3,31.78
2026-06-05T13:00,2026-06-05,13,31.44,31.35,33.52,30.28,31.47,31.77,29.94,29.49,32.7,32.15
2026-06-05T14:00,2026-06-05,14,31.67,31.84,33.03,31.01,32.0,32.38,29.75,30.58,31.86,32.53
2026-06-05T15:00,2026-06-05,15,31.53,31.54,32.41,32.01,32.11,32.54,29.57,31.13,30.4,32.7
2026-06-05T16:00,2026-06-05,16,31.26,31.28,31.77,31.94,32.0,32.29,29.88,31.31,29.97,31.73
2026-06-05T17:00,2026-06-05,17,30.77,30.63,31.26,31.52,31.3,31.96,30.08,31.11,29.9,30.31
2026-06-05T18:00,2026-06-05,18,29.86,28.78,29.96,28.65,30.31,30.5,30.13,29.64,31.28,31.31
2026-06-05T19:00,2026-06-05,19,28.81,27.96,29.24,27.89,28.87,29.03,29.37,28.93,29.94,29.56
2026-06-05T20:00,2026-06-05,20,28.23,27.53,28.85,27.52,28.05,28.32,28.94,28.6,29.27,28.25
2026-06-05T21:00,2026-06-05,21,27.78,27.22,28.34,27.18,27.61,27.86,28.56,28.41,28.64,27.34
2026-06-05T22:00,2026-06-05,22,27.42,26.96,27.98,26.83,27.17,27.67,28.26,28.14,28.15,26.75
2026-06-05T23:00,2026-06-05,23,27.08,26.76,27.63,26.52,26.69,27.38,27.98,27.96,27.68,26.07
2026-06-06T00:00,2026-06-06,0,27.18,26.66,27.68,26.5,27.14,27.42,28.2,28.05,27.98,26.36
2026-06-06T01:00,2026-06-06,1,26.62,26.12,27.13,26.01,26.41,26.8,27.79,27.73,27.42,25.54
2026-06-06T02:00,2026-06-06,2,26.37,25.9,26.92,25.81,26.01,26.51,27.69,27.76,27.14,24.92
2026-06-06T03:00,2026-06-06,3,26.18,25.75,26.72,25.69,25.57,26.19,27.61,27.74,26.85,24.72
2026-06-06T04:00,2026-06-06,4,26.02,25.68,26.51,25.55,25.31,25.94,27.51,27.64,26.6,24.59
2026-06-06T05:00,2026-06-06,5,25.89,25.61,26.51,25.46,25.08,25.59,27.33,27.67,26.38,24.41
2026-06-06T06:00,2026-06-06,6,26.75,26.69,27.31,26.94,26.38,27.13,26.23,28.54,27.32,25.23
2026-06-06T07:00,2026-06-06,7,27.92,28.0,28.61,28.68,27.63,28.53,26.91,29.59,28.22,25.89
2026-06-06T08:00,2026-06-06,8,29.34,29.45,30.14,30.38,29.05,29.92,28.51,30.85,29.33,27.16
2026-06-06T09:00,2026-06-06,9,30.72,30.8,31.27,31.79,30.42,31.15,30.51,32.01,30.65,28.42
2026-06-06T10:00,2026-06-06,10,31.94,31.98,32.54,32.74,31.56,32.13,32.23,32.91,31.94,29.74
2026-06-06T11:00,2026-06-06,11,32.9,32.92,33.33,33.63,32.44,33.01,33.65,33.53,33.04,30.66
2026-06-06T12:00,2026-06-06,12,33.18,33.14,33.74,33.86,32.65,33.36,34.42,33.47,33.16,30.91
2026-06-06T13:00,2026-06-06,13,33.52,33.51,33.83,34.1,33.16,33.79,34.63,33.73,33.46,31.52
2026-06-06T14:00,2026-06-06,14,33.43,33.58,33.48,34.24,33.31,33.92,33.3,33.0,33.64,32.0
2026-06-06T15:00,2026-06-06,15,33.27,33.57,33.07,34.21,33.34,34.0,32.13,32.29,33.72,32.22
2026-06-06T16:00,2026-06-06,16,32.93,33.38,32.45,33.87,33.15,33.76,31.58,31.6,33.24,32.12
2026-06-06T17:00,2026-06-06,17,32.39,32.69,31.58,33.16,32.73,33.34,31.21,31.18,32.97,31.7
2026-06-06T18:00,2026-06-06,18,30.12,29.51,30.61,30.77,30.86,32.15,28.34,30.37,30.12,30.36
2026-06-06T19:00,2026-06-06,19,29.11,28.58,29.53,29.7,29.46,30.81,28.09,29.61,29.12,28.89
2026-06-06T20:00,2026-06-06,20,28.6,28.05,29.17,29.0,28.78,30.3,27.95,29.25,28.52,28.33
2026-06-06T21:00,2026-06-06,21,28.26,27.72,28.96,28.53,28.42,29.93,27.87,29.12,28.02,27.79
2026-06-06T22:00,2026-06-06,22,28.02,27.58,28.71,28.27,28.11,29.54,27.87,29.1,27.64,27.27
2026-06-06T23:00,2026-06-06,23,27.74,27.37,28.55,28.08,27.72,29.18,27.69,28.93,27.14,26.84
2026-06-07T00:00,2026-06-07,0,27.8,27.55,28.66,28.44,28.03,28.25,27.59,28.92,27.08,27.03
2026-06-07T01:00,2026-06-07,1,26.97,26.85,26.56,27.6,27.35,27.01,27.17,28.34,26.52,26.2
2026-06-07T02:00,2026-06-07,2,26.59,26.66,25.79,27.1,26.99,25.87,27.0,27.98,26.32,25.85
2026-06-07T03:00,2026-06-07,3,26.24,26.34,25.13,26.34,26.51,25.86,26.9,27.64,26.06,25.56
2026-06-07T04:00,2026-06-07,4,26.07,26.18,25.0,26.13,26.22,25.48,26.84,27.59,25.92,25.5
2026-06-07T05:00,2026-06-07,5,25.9,26.0,24.76,25.89,25.89,25.15,26.79,27.39,25.84,25.46
2026-06-07T06:00,2026-06-07,6,26.81,26.96,25.51,27.38,26.74,26.09,27.69,28.38,26.49,26.01
2026-06-07T07:00,2026-06-07,7,27.57,28.08,25.59,27.6,27.7,26.78,28.72,29.31,27.41,26.38
2026-06-07T08:00,2026-06-07,8,28.72,29.27,25.88,28.75,29.15,27.93,30.02,30.56,28.7,27.51
2026-06-07T09:00,2026-06-07,9,29.96,30.29,27.1,30.24,30.18,29.17,31.03,31.45,30.11,29.36
2026-06-07T10:00,2026-06-07,10,30.91,31.31,28.68,31.56,31.27,29.81,30.82,30.88,31.58,30.72
2026-06-07T11:00,2026-06-07,11,31.64,32.18,29.87,32.33,32.12,30.69,30.08,30.81,32.69,31.96
2026-06-07T12:00,2026-06-07,12,31.96,32.71,30.26,30.43,32.45,31.5,31.12,31.55,33.59,32.25
2026-06-07T13:00,2026-06-07,13,32.46,32.87,31.2,31.19,32.89,32.15,32.38,32.16,34.14,31.98
2026-06-07T14:00,2026-06-07,14,31.95,30.64,30.97,31.15,33.22,32.92,32.99,32.17,34.1,31.73
2026-06-07T15:00,2026-06-07,15,31.97,30.46,30.7,31.8,33.27,33.17,32.71,32.25,33.66,32.5
2026-06-07T16:00,2026-06-07,16,31.78,31.04,29.82,31.71,32.72,31.43,32.55,31.61,33.3,32.48
2026-06-07T17:00,2026-06-07,17,31.28,31.01,29.22,31.09,31.18,30.56,31.86,31.17,32.69,32.22
2026-06-07T18:00,2026-06-07,18,29.31,28.57,28.61,29.31,29.32,30.34,28.84,29.26,29.8,31.0
2026-06-07T19:00,2026-06-07,19,28.3,27.68,28.02,28.54,28.53,28.07,28.1,28.84,28.61,29.38
2026-06-07T20:00,2026-06-07,20,27.87,27.29,27.78,28.25,27.83,27.9,27.89,28.52,28.06,28.45
2026-06-07T21:00,2026-06-07,21,27.55,27.15,27.37,28.01,27.35,26.77,27.8,28.37,27.66,28.05
2026-06-07T22:00,2026-06-07,22,27.39,27.19,26.87,27.88,26.98,26.41,27.91,28.42,27.44,27.58
2026-06-07T23:00,2026-06-07,23,27.21,27.15,26.47,27.77,26.56,25.89,27.79,28.34,27.37,27.24
2026-06-08T00:00,2026-06-08,0,27.21,27.18,26.6,27.88,27.08,25.65,27.31,28.33,27.41,27.18
2026-06-08T01:00,2026-06-08,1,26.75,26.63,26.02,27.29,26.52,25.47,27.06,28.13,26.97,26.76
2026-06-08T02:00,2026-06-08,2,26.5,26.43,25.75,26.94,26.26,25.29,26.94,27.91,26.66,26.33
2026-06-08T03:00,2026-06-08,3,26.26,26.21,25.32,26.79,26.04,25.26,26.97,27.74,26.36,25.78
2026-06-08T04:00,2026-06-08,4,25.93,26.08,25.05,26.09,25.91,25.12,26.78,26.43,26.09,25.32
2026-06-08T05:00,2026-06-08,5,25.72,26.03,24.75,25.65,25.7,24.82,26.68,26.23,25.84,25.0
2026-06-08T06:00,2026-06-08,6,26.03,25.95,25.06,25.66,25.57,25.37,27.39,26.04,26.84,25.87
2026-06-08T07:00,2026-06-08,7,26.76,26.81,25.66,26.0,26.22,25.59,28.11,26.68,27.94,26.79
2026-06-08T08:00,2026-06-08,8,27.86,28.03,25.82,27.29,27.39,25.87,29.27,27.87,29.39,28.1
2026-06-08T09:00,2026-06-08,9,29.38,29.71,26.55,29.48,29.13,27.15,30.8,29.16,30.69,29.44
2026-06-08T10:00,2026-06-08,10,30.62,30.7,28.06,30.76,30.4,29.02,31.91,30.17,31.98,30.78
2026-06-08T11:00,2026-06-08,11,31.5,31.4,29.73,30.96,31.36,30.35,32.89,30.8,33.02,31.83
2026-06-08T12:00,2026-06-08,12,31.74,31.7,29.48,31.68,31.73,29.77,33.43,30.47,33.34,32.1
2026-06-08T13:00,2026-06-08,13,31.83,32.22,27.08,31.37,31.85,30.52,33.92,29.45,33.8,32.86
2026-06-08T14:00,2026-06-08,14,32.25,32.68,27.48,32.26,32.22,31.5,33.9,28.95,34.12,33.31
2026-06-08T15:00,2026-06-08,15,32.11,32.8,27.02,32.08,32.42,30.89,33.22,28.62,34.07,33.41
2026-06-08T16:00,2026-06-08,16,31.65,32.36,26.98,31.23,32.33,30.6,31.86,28.88,33.67,33.14
2026-06-08T17:00,2026-06-08,17,30.97,31.53,27.14,30.11,31.73,29.97,30.9,28.92,32.82,32.68
2026-06-08T18:00,2026-06-08,18,30.45,30.6,26.8,29.03,30.65,29.56,31.68,28.87,32.39,32.35
2026-06-08T19:00,2026-06-08,19,29.22,29.23,26.25,27.9,29.42,28.49,30.38,28.49,30.96,30.59
2026-06-08T20:00,2026-06-08,20,28.57,28.63,25.99,27.5,28.95,27.0,29.74,28.21,30.17,29.54
2026-06-08T21:00,2026-06-08,21,28.09,28.16,25.9,27.43,28.27,26.39,29.19,28.09,29.69,28.43
2026-06-08T22:00,2026-06-08,22,27.62,27.66,25.7,27.24,27.36,25.73,28.76,27.93,29.2,27.7
2026-06-08T23:00,2026-06-08,23,27.23,27.27,25.6,27.09,26.28,25.43,28.32,28.01,28.83,27.06
2026-06-09T00:00,2026-06-09,0,27.04,27.23,25.69,27.4,25.44,25.6,27.8,28.06,28.41,26.34
2026-06-09T01:00,2026-06-09,1,26.68,26.94,25.45,26.84,25.32,25.19,27.6,27.9,27.89,25.74
2026-06-09T02:00,2026-06-09,2,26.4,26.87,25.28,25.93,25.3,25.04,27.42,27.65,27.59,25.22
2026-06-09T03:00,2026-06-09,3,26.17,26.62,24.57,25.59,25.22,24.77,27.4,27.56,27.33,25.22
2026-06-09T04:00,2026-06-09,4,26.02,26.49,24.58,25.23,25.4,24.66,27.45,27.38,27.13,24.73
2026-06-09T05:00,2026-06-09,5,25.84,26.26,24.39,24.69,25.7,24.61,27.42,27.2,26.87,24.57
2026-06-09T06:00,2026-06-09,6,26.08,25.62,25.81,25.16,25.92,24.48,28.42,26.48,27.53,25.35
2026-06-09T07:00,2026-06-09,7,26.78,26.2,26.22,25.77,26.74,25.15,29.38,26.87,28.37,26.4
2026-06-09T08:00,2026-06-09,8,27.79,27.3,27.41,27.07,26.89,26.13,30.33,28.12,29.24,27.46
2026-06-09T09:00,2026-06-09,9,29.15,29.25,29.01,28.82,27.23,26.75,31.66,29.87,30.02,28.38
2026-06-09T10:00,2026-06-09,10,30.24,30.76,29.36,30.17,28.12,27.45,33.02,30.93,31.1,28.8
2026-06-09T11:00,2026-06-09,11,31.15,31.53,30.64,31.37,28.36,28.34,34.48,31.82,32.04,29.38
2026-06-09T12:00,2026-06-09,12,31.25,31.56,31.78,31.7,27.43,27.3,34.74,32.7,31.83,29.76
2026-06-09T13:00,2026-06-09,13,31.28,31.17,32.2,31.97,27.71,27.26,34.74,31.95,31.88,30.61
2026-06-09T14:00,2026-06-09,14,31.45,31.47,31.93,31.44,29.08,27.58,34.92,31.63,31.88,31.1
2026-06-09T15:00,2026-06-09,15,30.24,27.76,32.01,29.73,29.95,28.61,34.21,30.75,31.27,31.56
2026-06-09T16:00,2026-06-09,16,29.51,27.41,31.17,28.46,29.81,29.13,30.59,29.49,31.39,31.48
2026-06-09T17:00,2026-06-09,17,29.06,27.95,30.34,28.43,30.04,28.96,27.31,28.15,31.02,30.9
2026-06-09T18:00,2026-06-09,18,28.79,27.95,29.09,28.33,28.22,26.5,29.88,29.04,30.24,30.21
2026-06-09T19:00,2026-06-09,19,28.03,27.49,28.02,27.63,27.21,26.01,29.11,28.41,29.33,28.9
2026-06-09T20:00,2026-06-09,20,27.68,27.33,27.65,27.57,26.83,25.96,28.72,28.36,28.73,27.79
2026-06-09T21:00,2026-06-09,21,27.48,27.15,27.37,27.64,26.48,25.78,28.83,28.67,28.2,27.17
2026-06-09T22:00,2026-06-09,22,27.29,27.02,27.09,27.88,26.17,25.58,29.0,28.92,27.79,26.19
2026-06-09T23:00,2026-06-09,23,27.15,27.09,26.87,27.91,25.89,25.57,28.97,28.95,27.42,25.48
2026-06-10T00:00,2026-06-10,0,26.93,26.6,26.71,27.55,26.02,25.84,28.2,28.24,27.16,26.31
2026-06-10T01:00,2026-06-10,1,26.54,26.43,26.32,27.09,25.76,25.45,27.43,27.83,26.78,25.76
2026-06-10T02:00,2026-06-10,2,26.24,26.35,26.15,26.63,25.68,25.2,26.52,26.83,26.62,25.58
2026-06-10T03:00,2026-06-10,3,26.01,26.32,25.8,25.93,25.61,25.14,26.48,26.22,26.47,25.2
2026-06-10T04:00,2026-06-10,4,25.76,26.21,25.16,25.38,25.67,25.01,26.3,25.48,26.37,24.94
2026-06-10T05:00,2026-06-10,5,25.68,26.15,25.1,25.09,25.72,24.9,26.1,25.34,26.5,24.83
2026-06-10T06:00,2026-06-10,6,25.95,26.12,25.18,24.78,25.48,25.27,27.5,27.08,26.46,25.4
2026-06-10T07:00,2026-06-10,7,26.33,26.86,24.78,24.95,25.44,25.64,28.65,27.3,26.3,26.05
2026-06-10T08:00,2026-06-10,8,27.03,27.97,24.94,25.66,25.45,25.98,29.84,27.63,26.78,26.77
2026-06-10T09:00,2026-06-10,9,27.88,28.66,25.63,27.56,26.41,26.39,30.45,28.88,27.29,27.63
2026-06-10T10:00,2026-06-10,10,28.86,29.18,26.42,29.28,27.62,26.59,31.65,30.49,27.73,29.49
2026-06-10T11:00,2026-06-10,11,29.43,28.93,26.91,30.38,29.01,27.5,31.86,31.56,28.86,30.35
2026-06-10T12:00,2026-06-10,12,28.99,27.8,26.95,28.49,30.07,29.89,31.78,29.56,30.16,28.42
2026-06-10T13:00,2026-06-10,13,29.26,27.93,27.84,28.45,30.71,30.31,31.81,29.47,29.63,29.9
2026-06-10T14:00,2026-06-10,14,29.88,28.72,29.53,28.75,31.04,29.62,32.95,30.54,29.28,30.99
2026-06-10T15:00,2026-06-10,15,30.24,29.87,29.4,29.32,30.24,28.9,33.2,31.23,29.51,31.09
2026-06-10T16:00,2026-06-10,16,30.25,30.22,28.83,30.07,29.15,28.96,32.41,30.99,30.57,30.28
2026-06-10T17:00,2026-06-10,17,29.94,30.34,28.47,30.01,29.38,29.01,30.67,30.53,30.4,29.38
2026-06-10T18:00,2026-06-10,18,27.72,26.82,28.65,29.26,26.05,25.91,27.37,29.41,27.76,29.28
2026-06-10T19:00,2026-06-10,19,26.87,26.56,27.49,28.07,25.34,25.54,27.08,28.56,26.78,26.78
2026-06-10T20:00,2026-06-10,20,26.56,26.47,26.89,27.79,25.11,25.49,27.2,28.15,26.28,25.66
2026-06-10T21:00,2026-06-10,21,26.41,26.5,26.58,27.65,24.89,25.43,27.25,27.93,25.92,25.24
2026-06-10T22:00,2026-06-10,22,26.33,26.55,26.52,27.43,24.73,25.43,27.17,27.84,25.72,25.16
2026-06-10T23:00,2026-06-10,23,26.21,26.52,26.37,27.02,24.64,25.05,27.28,27.81,25.64,24.99
2026-06-11T00:00,2026-06-11,0,26.01,26.25,26.24,26.65,24.61,24.97,27.41,27.72,25.43,24.56
2026-06-11T01:00,2026-06-11,1,25.9,26.11,26.13,26.43,24.73,24.78,27.42,27.7,25.34,24.3
2026-06-11T02:00,2026-06-11,2,25.79,25.98,25.84,26.3,24.73,24.46,27.34,27.81,25.35,24.16
2026-06-11T03:00,2026-06-11,3,25.71,25.86,25.62,26.24,24.72,24.14,27.29,27.87,25.39,24.13
2026-06-11T04:00,2026-06-11,4,25.75,25.91,25.42,26.28,24.69,24.1,27.34,27.86,25.81,24.02
2026-06-11T05:00,2026-06-11,5,25.7,25.85,25.5,26.11,24.63,23.98,27.41,27.79,25.99,23.69
2026-06-11T06:00,2026-06-11,6,26.26,26.38,26.48,26.75,25.93,25.7,27.17,27.6,25.99,24.52
2026-06-11T07:00,2026-06-11,7,27.1,27.34,27.48,28.04,26.45,26.69,28.03,28.64,26.57,24.74
2026-06-11T08:00,2026-06-11,8,28.04,28.5,28.01,29.43,26.73,27.65,28.92,29.67,27.47,25.35
2026-06-11T09:00,2026-06-11,9,29.12,29.95,28.71,30.24,28.28,28.71,30.01,30.15,27.87,26.94
2026-06-11T10:00,2026-06-11,10,30.09,31.01,30.86,30.68,27.93,29.73,31.06,30.68,28.71,28.58
2026-06-11T11:00,2026-06-11,11,30.81,31.95,31.37,30.89,29.22,30.42,31.12,30.91,29.69,29.66
2026-06-11T12:00,2026-06-11,12,31.04,32.29,30.22,32.02,29.32,29.2,32.11,32.42,30.1,29.09
2026-06-11T13:00,2026-06-11,13,31.08,32.25,29.53,31.86,30.46,29.78,32.44,31.84,30.08,29.16
2026-06-11T14:00,2026-06-11,14,31.07,32.62,28.33,32.44,30.98,31.37,32.96,30.92,29.62,27.47
2026-06-11T15:00,2026-06-11,15,30.94,32.48,27.35,32.21,31.05,32.07,32.95,31.83,29.14,27.2
2026-06-11T16:00,2026-06-11,16,30.55,32.09,27.27,31.02,30.68,32.14,32.47,31.72,28.64,27.22
2026-06-11T17:00,2026-06-11,17,29.87,31.68,27.12,28.72,29.57,31.77,31.82,31.05,28.14,27.11
2026-06-11T18:00,2026-06-11,18,28.8,28.72,27.09,28.72,30.08,30.79,28.55,30.65,27.65,28.92
2026-06-11T19:00,2026-06-11,19,27.59,27.55,26.66,26.86,28.37,29.29,27.24,29.35,27.04,27.68
2026-06-11T20:00,2026-06-11,20,27.14,27.2,26.44,26.61,28.01,28.66,26.71,27.55,26.76,27.25
2026-06-11T21:00,2026-06-11,21,26.85,26.99,26.4,26.47,27.53,27.6,26.62,26.99,26.58,26.84
2026-06-11T22:00,2026-06-11,22,26.63,26.88,26.34,26.17,27.3,26.99,26.62,25.97,26.49,26.53
2026-06-11T23:00,2026-06-11,23,26.47,26.76,26.43,26.13,26.87,26.65,26.47,25.75,26.3,26.34
2026-06-12T00:00,2026-06-12,0,26.18,26.28,25.85,26.01,26.62,26.49,26.12,26.0,25.92,26.34
2026-06-12T01:00,2026-06-12,1,25.77,25.96,25.31,25.67,26.16,25.96,25.83,25.69,25.57,25.61
2026-06-12T02:00,2026-06-12,2,25.58,25.68,25.21,25.54,26.01,25.75,25.61,25.74,25.49,25.24
2026-06-12T03:00,2026-06-12,3,25.49,25.56,25.23,25.48,25.78,25.65,25.55,25.89,25.37,25.11
2026-06-12T04:00,2026-06-12,4,25.36,25.47,25.03,25.46,25.54,25.33,25.61,26.05,25.18,24.76
2026-06-12T05:00,2026-06-12,5,25.33,25.45,24.97,25.42,25.49,25.15,25.63,26.16,25.16,24.64
2026-06-12T06:00,2026-06-12,6,25.89,25.77,25.34,26.26,25.09,25.61,26.28,26.77,26.15,25.83
2026-06-12T07:00,2026-06-12,7,26.75,26.87,25.94,26.96,25.62,26.95,27.15,27.26,27.22,26.34
2026-06-12T08:00,2026-06-12,8,27.77,27.96,26.38,27.54,26.71,28.5,28.37,27.82,28.31,27.62
2026-06-12T09:00,2026-06-12,9,28.65,29.02,26.31,28.04,28.08,29.51,29.37,28.57,28.97,29.06
2026-06-12T10:00,2026-06-12,10,29.64,30.19,26.75,28.94,29.6,30.37,30.53,29.41,29.65,30.09
2026-06-12T11:00,2026-06-12,11,30.45,31.19,26.96,29.92,30.73,31.24,31.34,29.93,30.54,30.52
2026-06-12T12:00,2026-06-12,12,31.0,31.48,27.21,30.59,30.99,31.75,32.2,30.65,31.44,31.27
2026-06-12T13:00,2026-06-12,13,31.1,31.88,27.75,29.96,31.04,31.72,32.41,31.25,31.34,30.98
2026-06-12T14:00,2026-06-12,14,30.96,31.77,28.46,30.34,31.18,32.24,31.56,31.33,30.42,30.41
2026-06-12T15:00,2026-06-12,15,30.21,31.58,26.95,28.42,31.55,31.75,30.13,30.95,29.15,30.28
2026-06-12T16:00,2026-06-12,16,29.58,30.49,26.45,28.11,30.64,31.66,29.55,30.55,28.64,29.99
2026-06-12T17:00,2026-06-12,17,29.08,29.88,26.68,27.82,28.12,31.07,28.83,30.26,28.85,29.67
2026-06-12T18:00,2026-06-12,18,29.71,30.19,26.64,28.7,29.21,28.8,30.88,30.09,30.34,30.88
2026-06-12T19:00,2026-06-12,19,28.48,28.84,25.86,27.57,27.85,27.72,29.83,29.14,28.86,29.46
2026-06-12T20:00,2026-06-12,20,27.98,28.37,25.72,27.14,27.2,27.13,29.34,28.83,28.29,28.64
2026-06-12T21:00,2026-06-12,21,27.67,28.15,25.75,26.88,26.88,26.7,28.92,28.44,27.99,28.02
2026-06-12T22:00,2026-06-12,22,27.41,27.79,25.68,26.66,26.76,26.66,28.53,28.34,27.72,27.65
2026-06-12T23:00,2026-06-12,23,27.15,27.51,25.52,26.49,26.65,26.57,28.38,28.21,27.54,26.8
2026-06-13T00:00,2026-06-13,0,26.81,27.39,25.29,26.39,26.72,26.3,28.25,28.06,26.52,25.67
2026-06-13T01:00,2026-06-13,1,26.25,26.81,24.91,26.04,25.91,25.78,27.77,27.24,25.89,25.08
2026-06-13T02:00,2026-06-13,2,26.07,26.64,24.9,25.77,25.64,25.56,27.49,26.86,25.75,24.97
2026-06-13T03:00,2026-06-13,3,25.87,26.37,24.74,25.53,25.46,25.35,27.33,26.73,25.7,24.78
2026-06-13T04:00,2026-06-13,4,25.73,26.21,24.61,25.34,25.37,25.14,27.22,26.68,25.58,24.61
2026-06-13T05:00,2026-06-13,5,25.67,26.04,24.6,25.28,25.23,25.17,27.13,26.79,25.57,24.71
2026-06-13T06:00,2026-06-13,6,26.44,26.94,25.21,26.25,25.63,25.91,27.97,26.63,26.06,26.05
2026-06-13T07:00,2026-06-13,7,26.99,27.87,25.58,26.51,26.61,26.55,28.07,26.79,26.15,26.98
2026-06-13T08:00,2026-06-13,8,27.95,29.05,26.13,27.64,28.1,27.36,27.91,27.9,27.14,28.26
2026-06-13T09:00,2026-06-13,9,29.0,30.17,26.82,28.87,29.55,28.14,28.33,28.94,28.45,29.43
2026-06-13T10:00,2026-06-13,10,29.73,29.99,27.34,29.92,30.7,28.12,30.06,28.83,30.25,30.66
2026-06-13T11:00,2026-06-13,11,30.5,30.62,27.87,30.96,31.34,28.21,31.53,29.32,31.1,31.56
2026-06-13T12:00,2026-06-13,12,30.55,30.13,26.83,31.08,31.14,28.74,32.05,30.8,32.14,31.3
2026-06-13T13:00,2026-06-13,13,31.11,30.82,27.69,31.17,31.91,29.73,32.08,31.37,32.38,32.3
2026-06-13T14:00,2026-06-13,14,31.54,31.74,27.75,31.46,32.04,30.83,31.99,31.02,32.77,32.65
2026-06-13T15:00,2026-06-13,15,31.72,32.04,28.15,31.39,31.93,30.98,32.12,31.05,33.03,32.89
2026-06-13T16:00,2026-06-13,16,31.42,31.79,28.12,31.13,31.2,30.42,31.59,31.03,32.79,32.68
2026-06-13T17:00,2026-06-13,17,30.81,31.24,27.8,30.08,30.7,29.7,31.19,30.39,32.21,31.93
2026-06-13T18:00,2026-06-13,18,29.31,28.45,27.24,29.69,29.5,28.78,29.99,28.99,30.32,31.25
2026-06-13T19:00,2026-06-13,19,28.26,27.4,26.52,28.62,28.48,27.76,29.1,28.54,29.26,29.48
2026-06-13T20:00,2026-06-13,20,27.82,27.1,26.17,28.15,27.98,27.34,28.86,28.35,28.7,28.49
2026-06-13T21:00,2026-06-13,21,27.48,26.94,25.85,27.82,27.48,26.92,28.59,28.17,28.24,27.75
2026-06-13T22:00,2026-06-13,22,27.23,26.8,25.76,27.54,27.13,26.51,28.43,28.02,27.93,27.26
2026-06-13T23:00,2026-06-13,23,27.0,26.75,25.57,27.44,26.67,25.83,28.23,27.73,27.69,26.85
2026-06-14T00:00,2026-06-14,0,26.84,27.19,25.58,26.65,25.59,25.83,28.01,27.72,27.58,26.2
2026-06-14T01:00,2026-06-14,1,26.35,26.88,25.3,25.77,25.52,24.96,27.36,27.22,27.23,25.4
2026-06-14T02:00,2026-06-14,2,26.04,26.53,25.17,25.5,25.34,24.46,27.06,26.96,26.82,25.13
2026-06-14T03:00,2026-06-14,3,25.84,26.38,25.01,25.38,24.65,24.59,26.92,26.75,26.54,24.84
2026-06-14T04:00,2026-06-14,4,25.73,26.4,24.82,25.13,24.58,24.56,26.93,26.64,26.21,24.76
2026-06-14T05:00,2026-06-14,5,25.62,26.33,24.69,25.01,24.34,24.31,26.83,26.66,26.08,24.65
2026-06-14T06:00,2026-06-14,6,26.53,27.3,25.46,26.78,24.8,24.87,27.28,27.36,27.13,25.51
2026-06-14T07:00,2026-06-14,7,27.23,28.17,26.0,27.46,24.89,25.55,28.23,28.21,27.86,26.01
2026-06-14T08:00,2026-06-14,8,28.04,28.58,26.26,28.44,25.56,26.5,29.61,29.0,29.08,27.07
2026-06-14T09:00,2026-06-14,9,28.94,28.95,27.13,29.97,26.78,28.0,30.9,29.28,30.2,27.66
2026-06-14T10:00,2026-06-14,10,29.44,27.88,28.25,30.88,28.23,29.86,31.84,29.47,31.58,28.43
2026-06-14T11:00,2026-06-14,11,29.72,28.1,29.24,30.44,28.7,29.75,31.8,29.69,31.41,30.08
2026-06-14T12:00,2026-06-14,12,29.95,29.66,28.4,27.99,29.61,30.05,31.82,28.38,31.76,31.16
2026-06-14T13:00,2026-06-14,13,30.64,30.94,26.98,29.52,30.09,30.72,32.52,28.31,32.3,31.79
2026-06-14T14:00,2026-06-14,14,30.62,30.76,26.82,29.27,30.49,28.16,32.76,29.49,32.93,32.2
2026-06-14T15:00,2026-06-14,15,30.34,29.45,27.89,28.62,31.02,27.69,32.9,29.33,33.17,32.35
2026-06-14T16:00,2026-06-14,16,30.0,28.8,27.52,27.94,31.0,28.17,32.87,28.34,33.16,32.12
2026-06-14T17:00,2026-06-14,17,29.66,28.89,27.52,27.89,30.03,27.99,31.77,27.96,32.67,31.38
2026-06-14T18:00,2026-06-14,18,29.83,29.84,27.26,29.16,29.51,28.35,31.38,29.15,31.43,30.68
2026-06-14T19:00,2026-06-14,19,28.64,28.34,26.57,28.26,28.31,27.13,30.29,28.49,30.11,29.36
2026-06-14T20:00,2026-06-14,20,28.19,28.07,26.25,27.86,27.78,26.55,29.48,28.31,29.54,28.8
2026-06-14T21:00,2026-06-14,21,27.84,27.78,26.13,27.51,27.4,26.09,29.1,28.1,29.15,28.25
2026-06-14T22:00,2026-06-14,22,27.59,27.6,26.05,27.37,27.06,25.61,28.82,27.91,28.85,27.76
2026-06-14T23:00,2026-06-14,23,27.38,27.44,26.03,27.22,26.86,25.18,28.62,27.93,28.52,27.36
2026-06-15T00:00,2026-06-15,0,27.16,27.31,26.3,27.4,26.32,25.52,28.52,27.89,28.7,25.25
2026-06-15T01:00,2026-06-15,1,26.71,27.0,25.83,27.02,25.28,24.96,28.27,27.21,28.14,24.92
2026-06-15T02:00,2026-06-15,2,26.38,26.94,25.51,26.11,24.7,24.78,28.13,27.04,27.46,24.77
2026-06-15T03:00,2026-06-15,3,26.12,26.71,25.35,25.82,24.1,24.48,27.95,26.77,27.08,24.67
2026-06-15T04:00,2026-06-15,4,25.88,26.41,25.14,25.72,24.19,24.3,27.77,26.58,26.62,24.39
2026-06-15T05:00,2026-06-15,5,25.64,26.05,24.96,25.49,24.03,24.24,27.61,26.49,26.17,24.31
2026-06-15T06:00,2026-06-15,6,26.32,26.2,25.79,26.18,24.66,25.01,28.28,27.53,27.42,25.33
2026-06-15T07:00,2026-06-15,7,27.04,27.03,26.33,27.33,25.23,25.52,28.87,28.24,27.82,26.13
2026-06-15T08:00,2026-06-15,8,28.07,28.35,27.13,28.44,26.53,26.97,29.96,29.08,27.67,27.5
2026-06-15T09:00,2026-06-15,9,29.29,29.68,28.55,29.3,27.84,28.56,31.35,30.01,28.37,29.01
2026-06-15T10:00,2026-06-15,10,29.94,29.93,29.75,30.22,28.61,29.38,31.79,30.86,28.67,30.19
2026-06-15T11:00,2026-06-15,11,30.27,29.15,30.1,31.25,29.61,30.63,32.1,31.57,29.27,31.1
2026-06-15T12:00,2026-06-15,12,31.01,30.43,31.21,31.51,30.72,29.76,32.29,30.54,31.27,31.4
2026-06-15T13:00,2026-06-15,13,31.42,30.95,30.95,31.8,31.45,30.31,32.18,31.22,32.18,31.73
2026-06-15T14:00,2026-06-15,14,31.56,31.38,30.87,31.82,31.64,31.08,31.43,30.57,32.45,32.11
2026-06-15T15:00,2026-06-15,15,31.45,31.37,30.46,31.64,31.98,31.24,31.09,29.31,32.65,32.13
2026-06-15T16:00,2026-06-15,16,31.27,31.35,29.74,30.97,31.94,31.39,31.17,28.85,32.45,32.11
2026-06-15T17:00,2026-06-15,17,30.87,30.89,29.08,30.39,31.49,31.09,31.13,28.89,32.13,31.57
2026-06-15T18:00,2026-06-15,18,29.96,30.22,28.2,29.61,30.1,29.7,30.52,29.6,30.39,30.33
2026-06-15T19:00,2026-06-15,19,29.08,29.39,27.31,28.95,29.17,28.38,29.83,29.05,29.51,29.03
2026-06-15T20:00,2026-06-15,20,28.51,28.91,26.71,28.49,28.57,27.37,29.37,28.63,29.03,28.1
2026-06-15T21:00,2026-06-15,21,28.05,28.4,26.36,28.1,28.14,26.84,29.12,28.43,28.63,27.17
2026-06-15T22:00,2026-06-15,22,27.73,27.97,26.18,27.79,27.74,26.66,28.84,28.18,28.26,27.0
2026-06-15T23:00,2026-06-15,23,27.41,27.7,25.98,27.41,27.48,25.9,28.56,28.0,27.92,26.68
2026-06-16T00:00,2026-06-16,0,27.12,27.21,26.25,27.44,27.3,25.96,28.04,27.9,27.69,25.82
2026-06-16T01:00,2026-06-16,1,26.63,26.86,25.83,26.97,26.56,25.53,27.64,27.46,27.18,24.95
2026-06-16T02:00,2026-06-16,2,26.4,26.74,25.59,26.9,26.21,25.24,27.49,27.27,26.9,24.3
2026-06-16T03:00,2026-06-16,3,26.25,26.59,25.43,26.69,26.07,24.91,27.42,27.21,26.57,24.41
2026-06-16T04:00,2026-06-16,4,26.0,26.32,25.38,26.18,25.89,24.58,27.34,27.02,26.21,24.3
2026-06-16T05:00,2026-06-16,5,25.78,26.09,25.28,25.86,25.72,24.4,27.33,26.72,25.68,24.23
2026-06-16T06:00,2026-06-16,6,26.0,25.52,26.13,26.58,25.78,25.63,27.19,25.35,26.1,25.9
2026-06-16T07:00,2026-06-16,7,26.69,26.23,26.49,27.33,26.59,26.7,27.01,26.14,27.17,26.76
2026-06-16T08:00,2026-06-16,8,27.89,27.6,27.76,28.65,27.89,27.98,27.57,27.55,28.21,27.92
2026-06-16T09:00,2026-06-16,9,29.32,29.11,29.2,30.24,29.49,29.01,29.26,28.76,29.89,28.67
2026-06-16T10:00,2026-06-16,10,30.57,30.62,29.95,31.03,30.71,29.79,30.97,30.12,31.49,29.52
2026-06-16T11:00,2026-06-16,11,31.61,32.03,30.18,31.82,31.5,31.13,32.3,31.23,32.06,30.78
2026-06-16T12:00,2026-06-16,12,31.36,31.63,29.03,30.02,31.34,30.96,32.81,31.23,32.02,32.12
2026-06-16T13:00,2026-06-16,13,31.54,31.33,28.62,30.62,31.95,31.46,33.52,31.61,32.56,31.99
2026-06-16T14:00,2026-06-16,14,31.9,31.38,28.92,31.67,32.33,32.05,33.81,31.54,33.06,32.41
2026-06-16T15:00,2026-06-16,15,31.96,31.67,28.1,31.59,32.41,32.3,33.85,31.08,33.34,32.6
2026-06-16T16:00,2026-06-16,16,31.54,31.29,27.49,30.85,31.96,31.95,33.48,30.66,33.26,32.14
2026-06-16T17:00,2026-06-16,17,30.9,30.8,26.86,30.66,30.1,31.2,32.5,29.72,32.78,31.89
2026-06-16T18:00,2026-06-16,18,30.13,29.83,27.69,30.04,30.64,28.63,31.23,29.34,31.31,31.45
2026-06-16T19:00,2026-06-16,19,29.15,29.14,26.79,29.08,29.12,27.98,30.13,28.72,30.02,30.14
2026-06-16T20:00,2026-06-16,20,28.7,28.78,26.35,28.65,28.53,27.9,29.41,28.48,29.55,29.51
2026-06-16T21:00,2026-06-16,21,28.34,28.53,26.24,28.22,28.18,27.62,29.03,28.16,28.97,28.89
2026-06-16T22:00,2026-06-16,22,28.0,28.24,26.12,27.96,27.86,27.28,28.76,27.96,28.6,27.99
2026-06-16T23:00,2026-06-16,23,27.66,27.9,25.94,27.67,27.61,26.73,28.47,27.92,28.32,27.29
2026-06-17T00:00,2026-06-17,0,27.58,27.78,26.2,27.76,27.43,26.56,28.47,27.9,28.56,26.48
2026-06-17T01:00,2026-06-17,1,27.15,27.37,25.99,27.25,26.82,26.13,28.12,27.74,28.09,25.87
2026-06-17T02:00,2026-06-17,2,26.83,27.21,25.79,26.94,25.57,25.87,27.98,27.63,27.78,25.38
2026-06-17T03:00,2026-06-17,3,26.56,26.93,25.63,26.62,25.11,25.74,27.83,27.35,27.32,25.27
2026-06-17T04:00,2026-06-17,4,26.34,26.69,25.45,26.33,24.76,25.61,27.66,27.28,26.95,25.25
2026-06-17T05:00,2026-06-17,5,26.15,26.46,25.4,26.22,24.58,25.47,27.57,27.19,26.33,25.2
2026-06-17T06:00,2026-06-17,6,26.9,27.45,25.79,26.68,25.31,25.82,28.17,27.68,27.72,25.75
2026-06-17T07:00,2026-06-17,7,27.48,28.23,26.22,26.8,25.64,25.99,29.18,28.55,28.24,26.41
2026-06-17T08:00,2026-06-17,8,28.26,28.61,27.04,27.54,26.31,26.56,30.44,29.54,29.13,27.7
2026-06-17T09:00,2026-06-17,9,29.23,29.87,28.06,29.26,26.41,27.79,31.43,30.21,29.25,28.68
2026-06-17T10:00,2026-06-17,10,30.15,30.59,29.21,30.27,27.57,29.39,32.42,30.68,29.94,29.59
2026-06-17T11:00,2026-06-17,11,31.03,31.66,29.06,31.42,29.38,30.82,33.11,30.85,30.75,30.22
2026-06-17T12:00,2026-06-17,12,30.9,31.16,27.18,31.2,28.42,30.06,33.18,31.15,32.18,31.19
2026-06-17T13:00,2026-06-17,13,31.27,31.84,28.45,31.43,29.08,30.26,32.98,31.67,31.87,31.49
2026-06-17T14:00,2026-06-17,14,31.73,32.22,29.41,31.81,29.84,30.81,33.08,31.33,32.52,32.08
2026-06-17T15:00,2026-06-17,15,31.81,32.4,29.05,31.79,30.25,30.73,33.1,31.46,32.63,32.25
2026-06-17T16:00,2026-06-17,16,31.54,32.14,28.87,31.29,30.56,30.47,32.52,31.24,32.09,32.29
2026-06-17T17:00,2026-06-17,17,31.05,31.81,28.38,30.66,30.24,30.02,31.7,30.76,31.54,31.85
2026-06-17T18:00,2026-06-17,18,29.9,30.17,27.46,29.63,29.24,28.35,30.8,30.15,30.94,30.7
2026-06-17T19:00,2026-06-17,19,28.93,29.32,26.74,28.67,28.33,27.25,29.84,29.22,29.97,29.21
2026-06-17T20:00,2026-06-17,20,28.4,28.84,26.3,28.09,27.95,26.74,29.44,28.9,29.44,28.1
2026-06-17T21:00,2026-06-17,21,28.04,28.47,26.07,27.74,27.57,26.43,29.12,28.59,29.09,27.61
2026-06-17T22:00,2026-06-17,22,27.72,28.14,25.95,27.49,27.23,26.1,28.89,28.39,28.86,26.85
2026-06-17T23:00,2026-06-17,23,27.46,27.85,25.64,27.17,26.96,25.92,28.71,28.36,28.53,26.57
2026-06-18T00:00,2026-06-18,0,27.49,27.67,25.81,27.19,27.37,26.18,28.87,28.49,28.81,26.12
2026-06-18T01:00,2026-06-18,1,27.04,27.24,25.64,26.87,26.75,25.75,28.42,28.25,28.26,25.44
2026-06-18T02:00,2026-06-18,2,26.82,27.04,25.47,26.64,26.42,25.43,28.15,27.92,27.88,25.51
2026-06-18T03:00,2026-06-18,3,26.56,26.87,25.35,26.34,25.84,25.22,27.99,27.31,27.65,25.22
2026-06-18T04:00,2026-06-18,4,26.28,26.48,24.97,25.86,25.65,25.09,27.84,26.98,27.46,25.14
2026-06-18T05:00,2026-06-18,5,25.93,25.93,24.35,25.69,25.22,24.87,27.73,26.65,27.05,25.1
2026-06-18T06:00,2026-06-18,6,26.37,26.34,25.16,25.51,26.28,25.72,28.03,25.67,27.81,25.89
2026-06-18T07:00,2026-06-18,7,27.03,27.16,25.67,26.64,26.37,26.2,27.94,26.33,28.68,26.75
2026-06-18T08:00,2026-06-18,8,27.94,28.47,26.5,28.08,26.76,26.23,27.94,27.28,30.14,27.28
2026-06-18T09:00,2026-06-18,9,28.97,29.65,27.62,29.73,27.48,27.47,28.67,28.18,31.45,27.28
2026-06-18T10:00,2026-06-18,10,29.77,30.59,27.48,31.19,28.68,28.21,30.1,29.68,31.74,27.12
2026-06-18T11:00,2026-06-18,11,30.68,31.69,28.65,31.97,30.39,30.13,31.49,30.58,31.05,27.59
2026-06-18T12:00,2026-06-18,12,31.03,32.0,29.09,31.55,29.23,30.28,33.35,31.13,30.83,29.14
2026-06-18T13:00,2026-06-18,13,31.62,32.56,29.99,31.86,29.65,30.98,33.36,31.89,31.49,30.26
2026-06-18T14:00,2026-06-18,14,32.09,32.7,30.42,32.15,30.6,31.57,33.23,32.17,32.56,31.43
2026-06-18T15:00,2026-06-18,15,31.95,32.63,30.41,31.83,30.83,30.7,32.73,32.15,33.07,31.0
2026-06-18T16:00,2026-06-18,16,31.69,32.39,29.58,31.48,31.01,29.98,32.74,31.51,32.81,31.14
2026-06-18T17:00,2026-06-18,17,31.18,32.03,28.74,30.98,30.81,28.91,32.54,30.73,31.96,30.86
2026-06-18T18:00,2026-06-18,18,28.22,27.6,28.52,29.39,28.39,28.23,26.29,28.25,28.78,29.45
2026-06-18T19:00,2026-06-18,19,27.41,26.86,27.39,28.51,27.74,27.43,26.18,27.11,27.8,28.28
2026-06-18T20:00,2026-06-18,20,26.91,26.57,26.82,27.84,27.38,27.18,25.8,26.77,27.15,27.27
2026-06-18T21:00,2026-06-18,21,26.65,26.49,26.57,27.48,26.89,26.92,25.74,26.47,26.69,26.86
2026-06-18T22:00,2026-06-18,22,26.46,26.25,26.42,27.19,26.54,26.67,25.9,26.39,26.43,26.62
2026-06-18T23:00,2026-06-18,23,26.3,26.21,26.04,26.82,26.27,26.48,26.1,26.29,26.19,26.37
2026-06-19T00:00,2026-06-19,0,25.86,25.39,25.74,26.54,25.92,26.66,25.35,25.9,25.72,26.5
2026-06-19T01:00,2026-06-19,1,25.64,25.3,25.34,26.44,25.49,26.22,25.51,25.92,25.34,25.9
2026-06-19T02:00,2026-06-19,2,25.59,25.35,25.17,26.27,25.37,26.07,25.71,26.15,25.19,25.63
2026-06-19T03:00,2026-06-19,3,25.53,25.38,25.02,26.09,25.26,26.05,25.84,26.37,25.11,25.27
2026-06-19T04:00,2026-06-19,4,25.51,25.41,24.74,26.02,25.29,25.98,25.98,26.42,25.24,25.07
2026-06-19T05:00,2026-06-19,5,25.51,25.49,24.52,26.06,25.3,25.78,26.14,26.53,25.29,24.78
2026-06-19T06:00,2026-06-19,6,26.02,26.35,24.95,27.06,26.16,25.18,26.31,26.9,25.41,25.31
2026-06-19T07:00,2026-06-19,7,26.66,26.93,25.88,27.42,27.01,25.49,26.97,27.72,26.18,25.94
2026-06-19T08:00,2026-06-19,8,27.59,27.43,27.23,28.2,27.96,26.17,28.73,28.66,27.24,26.91
2026-06-19T09:00,2026-06-19,9,28.66,28.26,28.18,29.26,28.98,26.52,30.31,29.96,28.9,27.88
2026-06-19T10:00,2026-06-19,10,29.71,29.23,29.28,30.02,29.95,27.51,31.5,30.88,30.27,29.05
2026-06-19T11:00,2026-06-19,11,30.21,29.8,27.31,30.65,30.61,28.55,31.91,30.8,31.62,30.21
2026-06-19T12:00,2026-06-19,12,29.83,29.74,28.15,30.64,30.11,30.05,29.37,29.72,30.91,29.39
2026-06-19T13:00,2026-06-19,13,29.88,30.24,28.82,30.25,30.78,29.65,28.08,28.75,31.16,29.79
2026-06-19T14:00,2026-06-19,14,30.04,30.87,28.65,29.62,31.28,29.75,28.08,28.3,31.33,30.22
2026-06-19T15:00,2026-06-19,15,30.16,30.83,28.54,30.39,31.24,30.05,27.67,27.78,31.63,30.79
2026-06-19T16:00,2026-06-19,16,29.95,30.64,28.57,29.93,31.26,29.69,27.55,27.21,31.25,30.9
2026-06-19T17:00,2026-06-19,17,29.61,30.38,27.93,29.33,30.85,29.43,27.5,27.04,30.73,30.7
2026-06-19T18:00,2026-06-19,18,29.28,29.94,27.83,28.22,30.13,29.32,28.82,27.82,30.25,29.42
2026-06-19T19:00,2026-06-19,19,28.19,28.68,26.59,27.28,28.71,28.05,28.0,27.47,29.14,28.41
2026-06-19T20:00,2026-06-19,20,27.74,28.27,26.05,26.93,28.19,27.35,27.73,27.45,28.53,27.79
2026-06-19T21:00,2026-06-19,21,27.39,27.88,25.97,26.82,27.87,27.08,27.4,27.41,28.06,27.0
2026-06-19T22:00,2026-06-19,22,27.0,27.51,25.43,26.42,27.61,26.86,27.04,27.27,27.65,26.28
2026-06-19T23:00,2026-06-19,23,26.73,27.24,25.16,26.01,27.38,26.55,26.99,27.13,27.37,25.95
2026-06-20T00:00,2026-06-20,0,26.74,27.13,25.06,26.16,26.46,26.34,27.07,27.45,27.5,26.58
2026-06-20T01:00,2026-06-20,1,26.29,26.74,24.73,25.95,26.2,25.48,26.77,27.16,26.94,25.63
2026-06-20T02:00,2026-06-20,2,26.07,26.61,24.83,25.84,26.01,25.03,26.58,26.99,26.5,25.12
2026-06-20T03:00,2026-06-20,3,25.92,26.46,24.91,25.68,25.88,24.92,26.4,26.77,26.13,25.13
2026-06-20T04:00,2026-06-20,4,25.74,26.27,24.89,25.41,25.68,24.59,26.26,26.84,25.88,25.0
2026-06-20T05:00,2026-06-20,5,25.57,26.08,24.84,25.27,25.43,24.52,26.16,26.33,25.68,24.88
2026-06-20T06:00,2026-06-20,6,26.4,26.9,25.73,25.83,25.8,25.15,27.31,27.11,26.6,25.96
2026-06-20T07:00,2026-06-20,7,26.98,27.59,25.84,26.55,26.13,24.99,28.18,27.66,27.37,26.71
2026-06-20T08:00,2026-06-20,8,28.06,28.72,26.68,27.97,27.2,25.29,29.43,28.58,28.75,27.45
2026-06-20T09:00,2026-06-20,9,29.43,30.3,27.26,29.6,28.4,26.38,31.03,29.82,30.36,28.54
2026-06-20T10:00,2026-06-20,10,30.57,31.43,27.94,30.96,29.5,28.08,32.14,30.61,31.66,29.51
2026-06-20T11:00,2026-06-20,11,31.31,32.07,28.99,31.33,30.21,29.7,33.01,29.68,32.74,30.5
2026-06-20T12:00,2026-06-20,12,31.88,32.6,28.22,32.08,31.47,30.74,33.43,30.74,33.23,31.23
2026-06-20T13:00,2026-06-20,13,32.02,33.19,28.23,30.82,32.0,30.56,33.67,31.03,33.55,31.38
2026-06-20T14:00,2026-06-20,14,32.12,33.46,29.12,29.67,32.48,31.3,33.5,30.8,33.79,31.45
2026-06-20T15:00,2026-06-20,15,31.75,33.15,29.05,29.69,32.8,30.27,32.16,30.97,33.13,31.23
2026-06-20T16:00,2026-06-20,16,31.09,31.81,28.86,30.63,32.18,29.92,31.19,30.14,31.91,30.94
2026-06-20T17:00,2026-06-20,17,30.11,30.45,28.49,30.16,30.95,28.85,30.35,29.6,31.1,29.54
2026-06-20T18:00,2026-06-20,18,29.96,30.32,28.16,28.93,30.38,29.84,30.39,28.16,31.51,30.13
2026-06-20T19:00,2026-06-20,19,28.8,29.16,27.45,28.07,28.95,27.71,29.19,27.77,30.32,28.68
2026-06-20T20:00,2026-06-20,20,28.22,28.5,27.08,27.78,28.4,26.91,28.71,27.6,29.61,27.83
2026-06-20T21:00,2026-06-20,21,27.88,28.05,26.54,27.6,28.02,26.44,28.67,27.66,29.25,27.37
2026-06-20T22:00,2026-06-20,22,27.55,27.75,25.97,27.52,27.45,25.9,28.71,27.67,28.88,26.69
2026-06-20T23:00,2026-06-20,23,27.31,27.51,25.75,27.5,27.24,26.0,28.62,27.59,28.57,25.75
2026-06-21T00:00,2026-06-21,0,27.41,27.98,26.03,27.98,25.21,26.14,28.21,28.05,28.65,26.16
2026-06-21T01:00,2026-06-21,1,27.02,27.74,25.55,27.66,25.18,25.44,27.91,27.8,27.92,25.54
2026-06-21T02:00,2026-06-21,2,26.74,27.49,25.19,26.94,25.33,25.26,27.72,27.75,27.42,25.44
2026-06-21T03:00,2026-06-21,3,26.55,27.36,24.83,26.71,24.83,24.85,27.71,27.74,27.31,25.32
2026-06-21T04:00,2026-06-21,4,26.43,27.22,24.94,26.52,24.39,24.65,27.66,27.75,27.29,25.12
2026-06-21T05:00,2026-06-21,5,26.37,27.06,25.03,26.35,24.28,24.56,27.58,27.72,27.49,25.07
2026-06-21T06:00,2026-06-21,6,26.93,27.81,25.14,26.85,24.71,24.59,28.52,28.29,27.95,25.72
2026-06-21T07:00,2026-06-21,7,27.59,28.8,26.0,27.61,24.55,24.89,29.62,28.59,28.71,25.76
2026-06-21T08:00,2026-06-21,8,28.42,29.85,27.01,28.69,25.12,25.47,30.81,29.12,29.25,26.07
2026-06-21T09:00,2026-06-21,9,29.25,30.81,28.16,29.34,25.69,26.65,32.0,29.52,29.63,26.83
2026-06-21T10:00,2026-06-21,10,30.13,31.49,29.5,30.49,26.3,28.1,33.02,30.27,30.33,27.48
2026-06-21T11:00,2026-06-21,11,30.58,31.97,29.88,31.57,26.44,29.45,33.24,30.83,29.91,28.11
2026-06-21T12:00,2026-06-21,12,30.42,31.75,28.86,30.22,29.02,29.35,31.32,27.89,31.9,28.86
2026-06-21T13:00,2026-06-21,13,29.75,29.65,29.02,30.22,29.79,28.5,30.3,27.48,31.71,29.14
2026-06-21T14:00,2026-06-21,14,29.51,28.83,29.02,30.99,29.45,28.53,30.47,28.93,30.07,29.35
2026-06-21T15:00,2026-06-21,15,29.21,28.55,29.23,30.67,27.82,29.24,30.59,28.93,28.99,29.25
2026-06-21T16:00,2026-06-21,16,28.89,28.66,27.59,29.88,27.55,29.34,30.18,28.57,28.86,28.93
2026-06-21T17:00,2026-06-21,17,28.62,28.83,27.1,29.28,27.72,28.49,29.77,28.37,28.7,28.13
2026-06-21T18:00,2026-06-21,18,28.21,27.77,26.72,28.15,28.67,28.29,27.82,27.72,29.88,28.92
2026-06-21T19:00,2026-06-21,19,27.43,26.98,26.13,27.47,27.98,27.07,27.73,27.47,28.42,27.97
2026-06-21T20:00,2026-06-21,20,27.03,26.56,25.96,27.23,27.76,26.78,27.62,27.18,27.69,27.03
2026-06-21T21:00,2026-06-21,21,26.73,26.28,25.73,27.05,27.5,26.38,27.44,27.0,27.13,26.68
2026-06-21T22:00,2026-06-21,22,26.52,26.13,25.59,26.92,26.98,26.13,27.26,26.83,26.93,26.39
2026-06-21T23:00,2026-06-21,23,26.33,26.05,25.38,26.7,26.46,25.94,27.14,26.82,26.71,26.0
2026-06-22T00:00,2026-06-22,0,25.92,25.47,25.43,26.69,25.38,25.56,26.69,27.08,26.16,25.5
2026-06-22T01:00,2026-06-22,1,25.62,25.37,24.63,26.3,25.03,25.38,26.21,26.9,26.0,25.11
2026-06-22T02:00,2026-06-22,2,25.48,25.35,24.8,26.11,24.83,25.33,25.91,26.54,25.84,24.83
2026-06-22T03:00,2026-06-22,3,25.37,25.43,24.65,25.84,24.64,25.35,25.79,26.09,25.63,24.68
2026-06-22T04:00,2026-06-22,4,25.31,25.54,24.69,25.65,24.58,25.19,25.71,25.9,25.5,24.51
2026-06-22T05:00,2026-06-22,5,25.26,25.57,24.66,25.56,24.47,24.89,25.72,25.75,25.45,24.43
2026-06-22T06:00,2026-06-22,6,25.93,26.33,24.96,25.82,25.21,25.41,26.75,26.61,26.04,25.37
2026-06-22T07:00,2026-06-22,7,26.32,26.78,25.19,26.26,25.41,25.65,27.08,27.22,26.66,25.56
2026-06-22T08:00,2026-06-22,8,27.2,27.71,26.21,27.53,25.96,26.28,27.54,28.37,27.67,26.29
2026-06-22T09:00,2026-06-22,9,28.18,28.2,27.96,28.97,27.34,26.65,27.93,29.67,28.91,27.62
2026-06-22T10:00,2026-06-22,10,29.02,29.07,28.5,29.33,28.58,27.8,28.55,30.11,30.14,28.69
2026-06-22T11:00,2026-06-22,11,30.25,30.6,28.94,30.92,29.44,29.54,29.77,30.88,31.19,29.74
2026-06-22T12:00,2026-06-22,12,30.43,31.17,28.23,31.3,29.96,29.87,30.64,29.83,31.32,29.05
2026-06-22T13:00,2026-06-22,13,30.5,31.32,27.62,31.37,30.57,30.63,30.75,26.93,32.2,29.27
2026-06-22T14:00,2026-06-22,14,30.65,31.5,27.27,30.73,31.47,31.42,30.68,27.1,32.47,29.73
2026-06-22T15:00,2026-06-22,15,30.22,30.88,27.19,28.69,31.57,31.4,29.93,27.69,32.19,30.33
2026-06-22T16:00,2026-06-22,16,29.58,30.41,26.31,28.29,30.79,30.36,29.41,27.76,30.52,30.22
2026-06-22T17:00,2026-06-22,17,28.88,29.55,26.22,27.81,30.03,29.89,28.28,27.6,29.39,29.68
2026-06-22T18:00,2026-06-22,18,29.14,29.46,26.53,28.59,29.21,27.49,29.26,28.91,31.02,29.82
2026-06-22T19:00,2026-06-22,19,28.1,28.47,25.78,27.79,28.09,26.36,28.46,28.12,29.7,28.26
2026-06-22T20:00,2026-06-22,20,27.61,28.02,25.27,27.43,27.84,25.91,28.04,27.83,28.96,27.4
2026-06-22T21:00,2026-06-22,21,27.22,27.66,25.01,26.99,27.2,25.81,27.82,27.58,28.36,26.92
2026-06-22T22:00,2026-06-22,22,26.9,27.41,24.87,26.6,26.79,25.69,27.61,27.42,27.94,26.25
2026-06-22T23:00,2026-06-22,23,26.6,27.16,24.83,26.27,26.34,25.32,27.36,27.34,27.55,25.71
2026-06-23T00:00,2026-06-23,0,26.86,27.39,25.32,25.73,26.96,25.79,27.69,27.71,27.84,26.21
2026-06-23T01:00,2026-06-23,1,26.37,26.95,24.82,25.2,26.56,25.02,27.31,26.9,27.37,25.78
2026-06-23T02:00,2026-06-23,2,26.12,26.59,24.8,25.05,26.13,24.84,27.08,26.78,27.14,25.44
2026-06-23T03:00,2026-06-23,3,25.89,26.24,24.74,24.9,25.93,24.68,26.9,26.35,26.92,25.26
2026-06-23T04:00,2026-06-23,4,25.68,26.01,24.64,24.85,25.55,24.54,26.83,26.09,26.73,24.79
2026-06-23T05:00,2026-06-23,5,25.49,25.71,24.62,24.83,25.54,24.62,26.66,25.13,26.58,24.59
2026-06-23T06:00,2026-06-23,6,26.37,26.91,25.42,25.69,25.25,25.68,27.71,27.09,27.62,24.54
2026-06-23T07:00,2026-06-23,7,27.23,28.1,25.94,26.85,25.79,26.17,28.41,27.13,28.63,25.4
2026-06-23T08:00,2026-06-23,8,28.21,29.37,26.21,28.26,27.04,26.72,28.59,27.59,29.86,26.63
2026-06-23T09:00,2026-06-23,9,29.24,30.66,26.68,29.66,29.08,27.69,28.68,28.37,30.84,27.48
2026-06-23T10:00,2026-06-23,10,30.14,31.28,27.95,30.64,30.13,29.41,29.22,29.11,31.65,28.6
2026-06-23T11:00,2026-06-23,11,30.87,31.67,28.57,31.26,31.66,30.49,30.5,30.47,31.11,30.18
2026-06-23T12:00,2026-06-23,12,31.52,32.02,28.18,29.81,32.14,31.61,32.87,30.96,33.16,31.37
2026-06-23T13:00,2026-06-23,13,31.38,31.06,28.23,30.28,31.65,31.68,33.18,30.83,33.38,31.69
2026-06-23T14:00,2026-06-23,14,30.79,30.15,27.85,30.8,28.92,30.78,31.79,29.54,33.77,32.24
2026-06-23T15:00,2026-06-23,15,30.31,29.7,27.75,30.96,29.01,29.03,29.58,29.97,33.72,31.86
2026-06-23T16:00,2026-06-23,16,29.84,29.79,27.69,30.57,28.59,28.83,28.4,29.86,31.81,31.58
2026-06-23T17:00,2026-06-23,17,29.25,29.67,26.5,29.67,29.07,29.35,27.59,28.99,30.07,30.82
2026-06-23T18:00,2026-06-23,18,28.73,27.22,28.04,29.32,28.38,28.81,29.26,29.23,30.59,29.73
2026-06-23T19:00,2026-06-23,19,27.92,27.02,26.8,28.77,27.38,27.24,28.64,28.74,29.46,27.99
2026-06-23T20:00,2026-06-23,20,27.58,26.95,26.37,28.41,26.97,26.77,28.43,28.52,28.83,27.41
2026-06-23T21:00,2026-06-23,21,27.31,26.87,26.04,28.16,26.7,26.34,28.3,28.3,28.49,26.71
2026-06-23T22:00,2026-06-23,22,27.13,26.94,25.85,27.82,26.54,26.27,28.11,27.92,28.15,26.27
2026-06-23T23:00,2026-06-23,23,26.87,26.91,25.44,27.5,26.36,25.71,27.92,27.26,27.89,25.84
2026-06-24T00:00,2026-06-24,0,26.85,27.25,25.4,27.21,26.84,25.34,28.02,27.06,27.67,25.28
2026-06-24T01:00,2026-06-24,1,26.2,26.69,24.97,25.5,26.18,24.98,27.62,26.76,27.14,24.67
2026-06-24T02:00,2026-06-24,2,25.98,26.42,24.99,25.1,25.63,24.86,27.65,26.45,26.9,24.6
2026-06-24T03:00,2026-06-24,3,25.77,26.03,24.85,25.18,25.16,24.71,27.62,25.84,26.75,24.55
2026-06-24T04:00,2026-06-24,4,25.58,25.73,24.73,25.12,25.02,24.46,27.46,25.51,26.54,24.47
2026-06-24T05:00,2026-06-24,5,25.5,25.58,24.62,25.09,25.01,24.46,27.22,25.57,26.42,24.65
2026-06-24T06:00,2026-06-24,6,26.25,26.98,25.36,25.47,24.92,25.41,27.82,25.3,27.38,25.01
2026-06-24T07:00,2026-06-24,7,26.62,27.32,25.31,25.58,25.36,25.69,27.97,25.38,28.62,25.45
2026-06-24T08:00,2026-06-24,8,26.94,26.67,25.89,25.89,26.91,26.13,27.53,25.79,29.86,26.78
2026-06-24T09:00,2026-06-24,9,27.92,27.48,26.57,26.9,28.38,26.91,27.75,27.11,31.07,28.49
2026-06-24T10:00,2026-06-24,10,29.33,29.57,27.91,28.49,29.58,27.87,28.82,27.49,31.92,30.06
2026-06-24T11:00,2026-06-24,11,30.55,31.19,28.9,29.87,30.38,28.75,30.47,27.88,32.77,31.17
2026-06-24T12:00,2026-06-24,12,30.72,30.75,28.56,30.01,31.06,29.46,30.85,28.57,33.29,31.7
2026-06-24T13:00,2026-06-24,13,30.65,31.07,28.41,28.55,31.53,29.47,30.12,28.27,33.62,32.22
2026-06-24T14:00,2026-06-24,14,30.53,30.61,28.58,28.48,31.87,29.71,29.78,28.64,33.21,32.43
2026-06-24T15:00,2026-06-24,15,30.43,30.41,27.71,29.51,31.26,30.06,29.88,28.91,32.28,32.56
2026-06-24T16:00,2026-06-24,16,30.15,30.0,27.64,29.94,30.39,29.55,29.93,28.73,31.26,32.68
2026-06-24T17:00,2026-06-24,17,29.87,29.8,27.1,29.77,30.05,29.43,29.5,28.23,31.33,32.1
2026-06-24T18:00,2026-06-24,18,30.13,30.21,28.19,29.97,29.9,29.69,30.64,29.57,31.88,29.8
2026-06-24T19:00,2026-06-24,19,29.03,29.15,27.13,28.7,28.55,28.29,29.7,28.91,30.58,29.05
2026-06-24T20:00,2026-06-24,20,28.54,28.61,26.68,28.35,28.02,27.75,29.24,28.6,29.93,28.55
2026-06-24T21:00,2026-06-24,21,28.21,28.21,26.5,28.2,27.86,27.32,28.83,28.33,29.57,28.08
2026-06-24T22:00,2026-06-24,22,27.87,27.79,26.33,27.84,27.5,27.19,28.57,28.17,29.21,27.66
2026-06-24T23:00,2026-06-24,23,27.51,27.57,26.02,27.7,26.73,26.96,28.37,28.23,28.73,26.53
2026-06-25T00:00,2026-06-25,0,27.46,27.52,25.84,27.79,26.11,27.21,28.42,28.06,28.6,26.75
2026-06-25T01:00,2026-06-25,1,26.94,27.01,24.87,27.3,26.0,26.36,28.0,27.44,28.09,26.38
2026-06-25T02:00,2026-06-25,2,26.65,26.79,24.54,26.93,25.86,26.03,27.85,27.32,27.68,25.86
2026-06-25T03:00,2026-06-25,3,26.36,26.82,24.55,26.52,25.65,25.56,27.4,26.21,27.42,25.25
2026-06-25T04:00,2026-06-25,4,26.0,26.41,24.46,25.69,25.45,25.47,27.07,25.46,27.18,25.04
2026-06-25T05:00,2026-06-25,5,25.65,25.91,24.38,25.23,24.75,25.49,26.95,24.87,26.99,24.73
2026-06-25T06:00,2026-06-25,6,26.26,26.32,24.89,26.32,25.81,25.71,27.14,27.54,27.14,25.16
2026-06-25T07:00,2026-06-25,7,27.12,27.59,25.21,27.08,25.91,26.53,28.16,28.26,28.13,25.89
2026-06-25T08:00,2026-06-25,8,28.31,29.05,25.59,27.53,26.83,27.43,29.88,28.99,29.74,27.49
2026-06-25T09:00,2026-06-25,9,29.79,30.6,26.78,29.0,28.46,28.52,31.49,29.87,31.31,29.22
2026-06-25T10:00,2026-06-25,10,31.0,31.79,28.55,29.91,29.44,30.26,32.65,30.12,32.79,30.49
2026-06-25T11:00,2026-06-25,11,31.98,32.74,29.85,31.54,31.15,31.24,33.45,29.41,33.67,31.18
2026-06-25T12:00,2026-06-25,12,31.66,32.14,29.59,29.88,31.53,31.32,33.9,29.35,32.77,32.09
2026-06-25T13:00,2026-06-25,13,31.36,32.1,29.4,29.34,31.84,31.27,31.84,28.84,32.25,32.81
2026-06-25T14:00,2026-06-25,14,31.51,31.7,30.32,30.4,31.98,32.22,31.44,29.59,31.71,33.26
2026-06-25T15:00,2026-06-25,15,31.75,32.09,29.61,31.11,32.16,32.5,31.34,30.41,31.93,33.49
2026-06-25T16:00,2026-06-25,16,31.42,30.87,29.05,30.71,32.22,32.51,31.51,30.84,32.43,33.28
2026-06-25T17:00,2026-06-25,17,31.0,30.52,28.58,30.47,31.85,31.98,31.3,30.38,32.29,32.07
2026-06-25T18:00,2026-06-25,18,29.54,29.37,27.92,29.11,30.37,30.44,28.47,28.24,30.37,31.41
2026-06-25T19:00,2026-06-25,19,28.47,28.33,26.96,27.96,29.26,29.09,27.68,27.61,29.41,29.79
2026-06-25T20:00,2026-06-25,20,27.97,27.81,26.59,27.48,28.79,28.44,27.35,27.37,28.74,29.14
2026-06-25T21:00,2026-06-25,21,27.61,27.43,26.42,27.18,28.49,27.9,27.23,27.16,28.17,28.63
2026-06-25T22:00,2026-06-25,22,27.23,27.03,26.28,26.9,28.0,27.42,27.03,27.08,27.71,27.93
2026-06-25T23:00,2026-06-25,23,26.9,26.76,26.03,26.64,27.41,27.06,26.88,26.97,27.31,27.27
2026-06-26T00:00,2026-06-26,0,26.79,26.72,25.82,26.61,27.35,26.98,26.69,26.95,27.17,27.0
2026-06-26T01:00,2026-06-26,1,26.31,26.19,25.44,26.15,26.83,26.55,26.37,26.61,26.62,26.39
2026-06-26T02:00,2026-06-26,2,26.09,26.03,25.27,25.94,26.52,26.3,26.21,26.35,26.36,26.04
2026-06-26T03:00,2026-06-26,3,25.91,25.84,25.05,25.73,26.27,26.14,26.11,26.28,26.16,25.9
2026-06-26T04:00,2026-06-26,4,25.78,25.69,24.96,25.63,25.99,25.95,26.03,26.32,25.98,25.8
2026-06-26T05:00,2026-06-26,5,25.69,25.56,24.87,25.6,25.87,25.82,26.04,26.38,25.84,25.68
2026-06-26T06:00,2026-06-26,6,26.66,26.72,25.82,27.05,26.89,26.3,26.84,27.28,26.64,26.38
2026-06-26T07:00,2026-06-26,7,27.5,27.84,26.52,27.59,27.71,26.68,27.88,28.29,27.48,26.93
2026-06-26T08:00,2026-06-26,8,28.69,29.14,27.86,28.63,28.97,28.14,29.26,29.24,28.7,27.57
2026-06-26T09:00,2026-06-26,9,29.99,30.52,29.27,30.0,30.06,29.38,30.69,30.27,29.92,28.75
2026-06-26T10:00,2026-06-26,10,30.99,31.38,30.34,31.04,30.82,30.15,31.88,31.15,30.86,30.31
2026-06-26T11:00,2026-06-26,11,31.78,31.91,30.65,31.59,31.39,31.1,32.79,31.81,32.41,31.56
2026-06-26T12:00,2026-06-26,12,31.95,31.59,30.62,31.92,31.44,31.78,33.27,31.2,33.14,32.05
2026-06-26T13:00,2026-06-26,13,32.34,32.18,30.11,31.77,31.95,32.36,33.76,31.59,33.84,32.65
2026-06-26T14:00,2026-06-26,14,32.7,32.75,30.38,32.36,32.47,32.89,33.89,31.27,34.02,32.87
2026-06-26T15:00,2026-06-26,15,32.78,32.93,30.33,32.38,32.62,32.97,33.8,31.06,34.17,33.05
2026-06-26T16:00,2026-06-26,16,32.49,32.55,29.93,32.01,32.3,32.63,33.6,31.05,33.96,32.88
2026-06-26T17:00,2026-06-26,17,31.87,31.74,29.27,31.44,31.94,31.89,32.95,30.45,33.45,32.53
2026-06-26T18:00,2026-06-26,18,31.25,31.06,29.1,30.65,31.32,31.32,32.23,29.96,32.7,32.02
2026-06-26T19:00,2026-06-26,19,30.03,29.96,28.08,29.59,29.9,29.82,30.91,29.06,31.4,30.52
2026-06-26T20:00,2026-06-26,20,29.47,29.55,27.6,29.1,29.43,28.9,30.15,28.59,30.79,29.79
2026-06-26T21:00,2026-06-26,21,29.05,29.17,27.31,28.75,29.07,28.48,29.6,28.28,30.31,29.17
2026-06-26T22:00,2026-06-26,22,28.67,28.92,27.06,28.42,28.81,27.65,29.12,28.02,29.91,28.62
2026-06-26T23:00,2026-06-26,23,28.29,28.58,26.77,28.03,28.43,26.83,28.71,27.82,29.58,28.22
2026-06-27T00:00,2026-06-27,0,28.39,28.49,26.85,28.02,28.57,27.58,28.7,27.88,29.68,28.63
2026-06-27T01:00,2026-06-27,1,27.81,28.0,26.51,27.52,27.98,26.54,28.29,27.48,29.19,27.43
2026-06-27T02:00,2026-06-27,2,27.45,27.65,26.38,27.23,27.62,26.16,27.99,27.34,28.67,26.77
2026-06-27T03:00,2026-06-27,3,27.12,27.39,26.15,27.04,27.4,25.81,27.71,27.11,28.04,26.3
2026-06-27T04:00,2026-06-27,4,26.85,27.15,25.9,26.88,27.03,25.61,27.46,26.93,27.86,25.63
2026-06-27T05:00,2026-06-27,5,26.62,26.87,25.72,26.65,26.62,25.41,27.23,26.84,27.51,25.66
2026-06-27T06:00,2026-06-27,6,27.38,27.86,26.41,27.64,26.63,25.8,27.96,27.76,28.21,26.46
2026-06-27T07:00,2026-06-27,7,28.23,28.75,27.59,28.8,27.03,26.11,28.94,28.72,29.15,26.9
2026-06-27T08:00,2026-06-27,8,29.43,29.79,29.06,30.1,28.55,27.4,30.23,29.71,30.37,27.9
2026-06-27T09:00,2026-06-27,9,30.77,31.24,30.06,31.11,29.99,29.25,31.49,30.7,31.73,29.48
2026-06-27T10:00,2026-06-27,10,31.95,32.37,31.02,32.15,31.38,30.54,32.55,31.44,33.07,31.04
2026-06-27T11:00,2026-06-27,11,32.78,33.18,31.73,32.85,32.39,31.59,33.46,31.76,33.91,32.12
2026-06-27T12:00,2026-06-27,12,33.07,33.42,31.98,33.04,32.34,32.0,33.98,32.25,34.29,32.39
2026-06-27T13:00,2026-06-27,13,33.36,33.75,31.86,33.14,32.83,32.12,34.3,32.2,34.77,32.97
2026-06-27T14:00,2026-06-27,14,33.45,33.76,31.71,33.07,33.2,32.77,34.07,32.02,34.99,33.42
2026-06-27T15:00,2026-06-27,15,33.27,33.72,31.02,32.39,33.41,32.9,33.65,31.83,34.91,33.49
2026-06-27T16:00,2026-06-27,16,32.84,33.21,30.64,31.89,33.3,32.61,33.32,30.97,34.55,33.03
2026-06-27T17:00,2026-06-27,17,32.04,32.15,29.76,31.43,32.84,32.31,32.19,30.41,33.71,32.27
2026-06-27T18:00,2026-06-27,18,31.39,31.53,29.39,30.85,32.0,30.96,31.36,30.05,33.1,31.86
2026-06-27T19:00,2026-06-27,19,30.32,30.64,28.54,29.99,30.67,29.0,30.47,29.29,31.86,30.49
2026-06-27T20:00,2026-06-27,20,29.78,30.08,28.29,29.54,30.03,28.47,29.85,28.85,31.21,29.89
2026-06-27T21:00,2026-06-27,21,29.4,29.68,27.98,29.08,29.67,28.25,29.45,28.57,30.75,29.56
2026-06-27T22:00,2026-06-27,22,29.02,29.25,27.71,28.75,29.47,27.64,29.24,28.41,30.38,28.83
2026-06-27T23:00,2026-06-27,23,28.58,28.77,27.23,28.46,29.08,26.92,28.93,28.26,29.87,28.29
2026-06-28T00:00,2026-06-28,0,28.85,28.96,27.54,28.66,29.13,27.28,29.16,28.49,30.17,28.96
2026-06-28T01:00,2026-06-28,1,28.31,28.38,27.11,28.2,28.58,26.61,28.72,28.21,29.57,28.24
2026-06-28T02:00,2026-06-28,2,28.0,28.09,26.75,27.99,28.11,26.41,28.44,28.1,29.21,27.82
2026-06-28T03:00,2026-06-28,3,27.69,27.85,26.49,27.77,27.72,26.17,28.08,27.87,28.86,27.22
2026-06-28T04:00,2026-06-28,4,27.4,27.58,26.33,27.48,27.34,26.01,27.78,27.57,28.49,26.89
2026-06-28T05:00,2026-06-28,5,27.16,27.41,26.05,27.26,27.21,25.81,27.46,26.99,28.2,26.67
2026-06-28T06:00,2026-06-28,6,27.6,27.86,26.48,27.76,27.39,26.69,27.86,27.58,28.66,26.89
2026-06-28T07:00,2026-06-28,7,28.46,28.94,27.17,28.69,28.18,27.64,28.79,28.41,29.33,27.42
2026-06-28T08:00,2026-06-28,8,29.53,30.09,28.09,29.37,29.49,28.88,30.04,29.36,30.41,28.41
2026-06-28T09:00,2026-06-28,9,30.46,31.12,28.07,29.83,30.64,30.06,31.24,30.38,31.59,29.48
2026-06-28T10:00,2026-06-28,10,31.48,32.13,28.46,31.43,31.69,31.34,31.99,31.39,32.75,30.26
2026-06-28T11:00,2026-06-28,11,32.16,33.03,29.56,31.9,32.32,32.63,32.22,30.76,33.79,30.63
2026-06-28T12:00,2026-06-28,12,32.46,33.6,30.96,32.45,32.96,31.1,31.76,29.74,34.52,30.98
2026-06-28T13:00,2026-06-28,13,32.36,33.01,30.91,32.23,33.24,31.29,31.81,30.43,34.58,31.06
2026-06-28T14:00,2026-06-28,14,32.18,32.84,30.58,31.84,32.86,32.2,32.05,30.5,33.78,30.83
2026-06-28T15:00,2026-06-28,15,31.68,31.49,30.59,32.0,33.1,31.96,32.19,31.11,32.84,29.92
2026-06-28T16:00,2026-06-28,16,31.59,31.46,30.09,31.74,32.82,31.84,32.15,30.97,32.74,30.33
2026-06-28T17:00,2026-06-28,17,31.13,31.28,29.5,31.0,32.16,30.47,31.88,30.65,32.29,30.03
2026-06-28T18:00,2026-06-28,18,30.31,30.72,28.69,30.24,30.91,29.37,30.06,29.87,31.76,29.58
2026-06-28T19:00,2026-06-28,19,29.47,29.93,27.98,29.52,29.79,28.34,28.91,29.23,31.13,28.62
2026-06-28T20:00,2026-06-28,20,28.96,29.48,27.78,28.9,28.75,27.34,28.73,28.84,30.64,28.12
2026-06-28T21:00,2026-06-28,21,28.4,29.11,26.93,28.43,27.23,26.79,28.57,28.48,30.21,27.22
2026-06-28T22:00,2026-06-28,22,27.88,28.66,26.24,28.06,26.0,26.19,28.47,28.22,29.84,26.37
2026-06-28T23:00,2026-06-28,23,27.66,28.38,25.93,27.85,26.1,26.13,28.34,28.07,29.51,26.04
2026-06-29T00:00,2026-06-29,0,27.73,28.61,26.23,27.38,27.06,26.53,28.95,27.73,28.18,26.6
2026-06-29T01:00,2026-06-29,1,27.15,28.11,25.56,26.72,26.33,26.07,28.1,26.64,27.85,26.22
2026-06-29T02:00,2026-06-29,2,26.76,27.62,25.41,26.03,26.03,25.78,27.88,26.15,27.68,25.73
2026-06-29T03:00,2026-06-29,3,26.43,27.19,25.09,25.64,25.94,25.45,27.61,26.2,27.32,25.29
2026-06-29T04:00,2026-06-29,4,26.15,26.81,24.77,25.42,25.75,25.41,27.33,26.32,26.83,25.1
2026-06-29T05:00,2026-06-29,5,25.92,26.32,24.7,25.25,25.41,25.66,27.14,26.47,26.44,25.05
2026-06-29T06:00,2026-06-29,6,26.9,27.46,25.37,26.52,25.61,26.56,28.64,26.81,27.47,25.91
2026-06-29T07:00,2026-06-29,7,27.34,28.29,25.79,27.02,26.03,27.11,29.4,26.7,27.42,25.74
2026-06-29T08:00,2026-06-29,8,28.01,29.17,26.46,27.46,27.42,27.79,30.15,26.95,27.81,26.12
2026-06-29T09:00,2026-06-29,9,28.71,29.81,26.67,27.96,28.74,29.09,30.56,27.73,28.7,26.73
2026-06-29T10:00,2026-06-29,10,29.36,30.53,27.71,29.04,29.5,28.66,30.56,28.71,29.55,27.3
2026-06-29T11:00,2026-06-29,11,30.25,31.5,29.2,30.76,30.12,29.88,30.22,29.97,30.54,27.44
2026-06-29T12:00,2026-06-29,12,30.33,31.33,29.29,30.0,30.2,30.58,30.87,29.37,31.32,27.68
2026-06-29T13:00,2026-06-29,13,30.03,30.11,28.59,29.49,30.59,29.86,31.29,30.27,31.31,28.36
2026-06-29T14:00,2026-06-29,14,30.5,30.43,28.91,30.54,30.68,30.66,31.01,30.35,32.11,29.32
2026-06-29T15:00,2026-06-29,15,30.24,30.65,27.87,30.39,30.23,29.92,30.55,28.76,32.03,29.48
2026-06-29T16:00,2026-06-29,16,29.59,30.24,27.54,30.08,28.58,29.89,29.83,28.39,30.45,28.89
2026-06-29T17:00,2026-06-29,17,29.09,29.97,27.63,29.56,28.31,29.26,29.51,28.69,28.76,28.04
2026-06-29T18:00,2026-06-29,18,29.01,29.55,27.81,29.18,29.02,29.77,29.13,28.09,29.14,28.14
2026-06-29T19:00,2026-06-29,19,28.25,28.83,27.09,28.33,28.28,28.6,28.17,27.28,28.58,27.53
2026-06-29T20:00,2026-06-29,20,27.87,28.45,26.81,27.99,27.97,28.04,27.69,27.18,28.17,27.11
2026-06-29T21:00,2026-06-29,21,27.65,28.34,26.55,27.85,27.84,27.76,27.46,27.14,27.56,26.87
2026-06-29T22:00,2026-06-29,22,27.42,28.03,26.45,27.57,27.61,27.65,27.42,27.13,27.17,26.63
2026-06-29T23:00,2026-06-29,23,27.12,27.69,26.14,27.23,27.27,27.46,27.29,27.15,27.01,25.92
2026-06-30T00:00,2026-06-30,0,27.23,27.82,26.09,27.73,27.1,27.22,27.17,27.36,27.11,26.32
2026-06-30T01:00,2026-06-30,1,26.69,27.24,25.71,27.08,26.51,26.3,26.92,26.41,26.78,25.78
2026-06-30T02:00,2026-06-30,2,26.42,27.0,25.52,26.74,25.99,26.08,26.73,26.07,26.55,25.57
2026-06-30T03:00,2026-06-30,3,26.24,26.83,25.32,26.5,25.74,25.82,26.52,26.12,26.39,25.38
2026-06-30T04:00,2026-06-30,4,26.14,26.76,25.22,26.27,25.64,25.79,26.4,25.98,26.33,25.33
2026-06-30T05:00,2026-06-30,5,26.06,26.71,25.06,26.11,25.63,25.8,26.28,25.82,26.38,25.18
2026-06-30T06:00,2026-06-30,6,26.46,27.1,25.8,26.3,26.56,26.5,26.4,26.35,26.29,25.7
2026-06-30T07:00,2026-06-30,7,27.02,27.6,26.59,26.88,27.47,27.32,26.88,26.78,26.61,26.28
2026-06-30T08:00,2026-06-30,8,27.98,28.45,27.65,27.75,28.59,28.4,27.73,27.53,27.57,27.58
2026-06-30T09:00,2026-06-30,9,29.08,29.28,28.81,28.79,29.65,29.63,29.01,28.44,28.97,28.93
2026-06-30T10:00,2026-06-30,10,30.27,30.54,30.12,29.9,30.18,30.75,30.32,29.72,30.4,30.01
2026-06-30T11:00,2026-06-30,11,30.77,31.26,28.84,31.22,30.78,31.35,30.32,29.88,31.35,30.4
2026-06-30T12:00,2026-06-30,12,31.21,31.49,29.7,31.51,31.19,31.5,31.17,30.8,31.38,31.24
2026-06-30T13:00,2026-06-30,13,30.76,31.58,29.18,30.48,31.24,31.91,29.84,28.94,30.79,30.98
2026-06-30T14:00,2026-06-30,14,30.68,31.87,29.1,30.53,31.12,32.56,30.04,28.38,29.58,30.75
2026-06-30T15:00,2026-06-30,15,30.18,30.58,29.3,29.56,30.75,32.82,29.91,28.5,29.85,30.0
2026-06-30T16:00,2026-06-30,16,29.53,29.08,28.77,29.16,29.86,32.5,29.44,28.9,30.05,29.44
2026-06-30T17:00,2026-06-30,17,28.93,28.38,28.06,28.04,29.23,31.43,28.81,28.77,30.17,29.02
2026-06-30T18:00,2026-06-30,18,29.01,28.72,27.11,28.34,30.75,30.29,28.58,28.96,30.14,29.15
2026-06-30T19:00,2026-06-30,19,28.02,27.93,26.61,27.5,28.83,28.84,27.88,28.17,28.56,28.29
2026-06-30T20:00,2026-06-30,20,27.52,27.68,26.51,27.21,27.64,27.87,27.41,27.8,27.53,27.86
2026-06-30T21:00,2026-06-30,21,27.2,27.41,26.19,26.96,27.41,27.15,27.3,27.53,27.0,27.61
2026-06-30T22:00,2026-06-30,22,26.94,27.06,26.09,26.78,27.13,26.63,27.21,27.37,26.84,27.18
2026-06-30T23:00,2026-06-30,23,26.74,26.96,25.92,26.6,26.57,26.29,27.08,27.3,26.66,26.89
2026-07-01T00:00,2026-07-01,0,27.23,27.47,26.2,26.85,27.3,26.78,27.32,27.39,27.61,27.52
2026-07-01T01:00,2026-07-01,1,26.71,26.92,25.62,26.42,26.58,26.06,26.91,27.04,27.09,27.01
2026-07-01T02:00,2026-07-01,2,26.51,26.7,25.44,26.42,26.26,25.92,26.75,26.76,26.88,26.75
2026-07-01T03:00,2026-07-01,3,26.36,26.58,25.26,26.24,26.13,25.7,26.66,26.53,26.77,26.53
2026-07-01T04:00,2026-07-01,4,26.23,26.43,25.16,25.89,26.04,25.59,26.58,26.38,26.72,26.48
2026-07-01T05:00,2026-07-01,5,26.11,26.31,25.17,25.76,25.99,25.51,26.43,26.35,26.45,26.38
2026-07-01T06:00,2026-07-01,6,26.65,26.87,25.69,26.6,26.44,26.14,26.91,26.82,26.94,26.68
2026-07-01T07:00,2026-07-01,7,27.04,27.26,25.72,27.1,27.2,26.67,26.87,27.38,27.24,27.31
2026-07-01T08:00,2026-07-01,8,27.84,28.22,26.37,27.58,28.28,27.91,27.48,28.31,27.81,28.17
2026-07-01T09:00,2026-07-01,9,28.95,29.57,26.96,28.28,29.77,29.07,28.26,29.19,29.07,29.47
2026-07-01T10:00,2026-07-01,10,29.84,30.68,27.66,28.91,30.07,30.1,29.12,29.73,30.24,30.5
2026-07-01T11:00,2026-07-01,11,30.5,31.51,28.04,28.66,31.2,30.69,30.58,30.25,30.6,31.24
2026-07-01T12:00,2026-07-01,12,30.31,30.25,28.97,28.83,30.73,31.06,31.33,30.12,31.03,30.7
2026-07-01T13:00,2026-07-01,13,30.18,30.11,27.46,29.69,30.25,31.32,30.99,29.94,31.44,30.12
2026-07-01T14:00,2026-07-01,14,30.44,30.56,28.39,30.61,29.81,30.97,31.75,29.92,31.31,29.64
2026-07-01T15:00,2026-07-01,15,30.55,31.01,27.82,30.84,30.29,30.41,32.06,29.99,30.96,29.78
2026-07-01T16:00,2026-07-01,16,30.32,30.68,27.52,30.43,30.04,30.54,31.87,29.42,30.89,29.83
2026-07-01T17:00,2026-07-01,17,30.04,30.11,27.61,30.3,30.08,30.4,31.17,29.28,30.67,29.81
2026-07-01T18:00,2026-07-01,18,29.37,29.29,27.07,29.16,29.69,29.63,29.77,28.75,30.55,29.83
2026-07-01T19:00,2026-07-01,19,28.53,28.66,26.62,28.06,28.71,28.66,28.71,28.02,29.55,28.89
2026-07-01T20:00,2026-07-01,20,28.13,28.22,26.43,27.62,28.2,28.26,28.23,27.91,29.13,28.51
2026-07-01T21:00,2026-07-01,21,27.79,27.9,26.27,27.26,27.81,27.72,27.94,27.89,28.56,28.21
2026-07-01T22:00,2026-07-01,22,27.56,27.73,26.18,27.0,27.58,27.34,27.76,27.83,28.08,28.03
2026-07-01T23:00,2026-07-01,23,27.33,27.52,26.19,26.68,27.41,27.02,27.64,27.62,27.64,27.82
2026-07-02T00:00,2026-07-02,0,27.84,28.05,26.7,27.38,27.86,27.5,28.15,27.94,28.15,28.22
2026-07-02T01:00,2026-07-02,1,27.39,27.53,26.39,27.0,27.26,27.07,27.76,27.67,27.74,27.63
2026-07-02T02:00,2026-07-02,2,27.05,27.13,26.09,26.59,27.04,26.68,27.49,27.46,27.45,27.29
2026-07-02T03:00,2026-07-02,3,26.76,26.79,25.9,26.3,26.64,26.26,27.2,27.24,27.31,26.93
2026-07-02T04:00,2026-07-02,4,26.52,26.55,25.65,26.11,26.22,25.93,27.0,27.08,27.07,26.76
2026-07-02T05:00,2026-07-02,5,26.35,26.34,25.57,25.94,26.19,25.81,26.67,26.9,26.99,26.57
2026-07-02T06:00,2026-07-02,6,26.89,26.92,26.28,26.67,26.46,26.53,27.54,27.4,27.21,26.73
2026-07-02T07:00,2026-07-02,7,27.47,27.47,27.36,27.41,26.84,27.29,28.27,27.32,27.63,27.31
2026-07-02T08:00,2026-07-02,8,28.41,28.51,28.47,28.31,27.64,28.35,29.35,27.35,28.39,28.47
2026-07-02T09:00,2026-07-02,9,29.68,29.77,29.71,29.76,28.87,29.79,30.52,28.51,29.58,29.72
2026-07-02T10:00,2026-07-02,10,30.62,30.74,30.91,30.21,30.02,31.09,31.2,29.38,30.59,30.79
2026-07-02T11:00,2026-07-02,11,31.29,31.28,31.57,30.39,31.32,32.21,31.49,30.47,31.52,31.47
2026-07-02T12:00,2026-07-02,12,31.8,31.69,32.07,31.34,31.79,32.18,32.33,30.19,32.25,31.95
2026-07-02T13:00,2026-07-02,13,31.94,31.77,31.52,31.26,32.36,32.55,31.99,30.73,32.74,32.45
2026-07-02T14:00,2026-07-02,14,32.02,32.33,30.22,31.59,32.67,32.83,31.32,30.16,32.92,32.83
2026-07-02T15:00,2026-07-02,15,32.18,32.41,30.12,32.19,32.82,33.01,31.67,30.7,32.93,32.69
2026-07-02T16:00,2026-07-02,16,31.95,32.12,29.85,31.87,32.84,33.06,31.49,30.64,32.75,32.18
2026-07-02T17:00,2026-07-02,17,31.29,31.69,28.11,31.19,32.35,32.91,31.23,30.14,32.28,30.65
2026-07-02T18:00,2026-07-02,18,30.94,31.3,28.21,30.64,31.72,31.98,30.97,29.92,31.9,30.72
2026-07-02T19:00,2026-07-02,19,29.96,30.31,27.41,29.66,30.48,30.61,30.06,29.18,30.82,30.0
2026-07-02T20:00,2026-07-02,20,29.43,29.8,27.1,29.02,29.89,29.85,29.54,28.68,30.24,29.55
2026-07-02T21:00,2026-07-02,21,28.99,29.33,26.92,28.38,29.5,29.39,29.05,28.43,29.75,29.19
2026-07-02T22:00,2026-07-02,22,28.63,28.97,26.89,27.98,29.04,28.62,28.64,28.29,29.43,28.87
2026-07-02T23:00,2026-07-02,23,28.29,28.58,26.84,27.66,28.76,27.84,28.29,28.04,29.05,28.61
2026-07-03T00:00,2026-07-03,0,28.47,28.61,27.24,27.92,28.76,28.46,28.4,28.26,29.14,28.89
2026-07-03T01:00,2026-07-03,1,27.9,28.16,26.37,27.17,28.19,27.93,27.98,27.86,28.52,28.32
2026-07-03T02:00,2026-07-03,2,27.52,27.87,26.36,26.32,27.83,27.34,27.71,27.33,28.12,27.99
2026-07-03T03:00,2026-07-03,3,27.18,27.4,26.26,25.97,27.61,26.87,27.51,26.79,27.81,27.73
2026-07-03T04:00,2026-07-03,4,26.9,26.89,26.12,25.95,27.46,26.07,27.3,26.61,27.67,27.55
2026-07-03T05:00,2026-07-03,5,26.65,26.55,25.58,25.81,27.32,26.06,27.01,26.49,27.43,27.41
2026-07-03T06:00,2026-07-03,6,27.72,27.92,27.01,27.14,27.98,26.73,27.62,27.36,28.33,28.49
2026-07-03T07:00,2026-07-03,7,28.51,28.76,27.91,28.15,28.42,26.66,28.32,27.74,29.38,29.64
2026-07-03T08:00,2026-07-03,8,29.38,29.66,28.96,29.07,28.76,26.89,29.2,27.87,30.59,30.98
2026-07-03T09:00,2026-07-03,9,30.37,30.67,30.0,30.27,29.99,27.68,30.09,28.4,31.54,31.93
2026-07-03T10:00,2026-07-03,10,31.36,31.56,31.22,31.24,31.32,28.89,31.24,29.53,32.33,32.67
2026-07-03T11:00,2026-07-03,11,32.09,32.35,31.09,32.07,32.12,30.27,32.02,30.64,32.91,33.31
2026-07-03T12:00,2026-07-03,12,32.76,32.7,32.34,32.69,32.76,32.33,32.62,31.18,33.65,33.53
2026-07-03T13:00,2026-07-03,13,33.19,33.15,32.95,33.17,33.33,32.87,33.11,31.32,33.91,33.85
2026-07-03T14:00,2026-07-03,14,33.41,33.51,32.71,33.28,33.51,33.63,33.14,31.37,34.18,34.08
2026-07-03T15:00,2026-07-03,15,33.33,33.65,31.51,33.09,33.6,33.82,33.05,31.36,34.33,33.92
2026-07-03T16:00,2026-07-03,16,32.97,33.37,30.7,32.43,33.39,33.73,32.89,31.06,33.99,33.51
2026-07-03T17:00,2026-07-03,17,32.28,32.66,30.15,31.22,32.86,33.26,32.27,30.3,33.44,32.88
2026-07-03T18:00,2026-07-03,18,31.67,32.08,28.77,30.92,32.22,33.17,31.6,30.11,32.32,32.58
2026-07-03T19:00,2026-07-03,19,30.52,30.74,28.14,29.93,30.88,31.46,30.7,29.46,31.15,31.32
2026-07-03T20:00,2026-07-03,20,29.92,29.95,27.86,29.4,30.28,30.71,30.11,29.17,30.63,30.65
2026-07-03T21:00,2026-07-03,21,29.5,29.63,27.52,28.96,29.65,30.21,29.65,29.08,30.24,29.98
2026-07-03T22:00,2026-07-03,22,29.13,29.29,27.27,28.63,29.35,29.78,29.26,29.02,29.88,29.26
2026-07-03T23:00,2026-07-03,23,28.64,28.95,27.2,28.42,28.82,28.31,28.92,28.42,29.56,28.05
2026-07-04T00:00,2026-07-04,0,28.85,29.08,27.36,28.71,28.99,28.51,28.9,28.32,29.87,28.79
2026-07-04T01:00,2026-07-04,1,28.28,28.57,26.98,28.35,28.51,27.01,28.47,27.47,29.19,28.31
2026-07-04T02:00,2026-07-04,2,27.92,28.32,26.28,28.05,28.14,26.34,28.16,27.03,28.78,28.17
2026-07-04T03:00,2026-07-04,3,27.53,28.11,25.74,27.19,27.59,25.87,27.9,26.69,28.47,27.89
2026-07-04T04:00,2026-07-04,4,27.08,27.18,25.7,26.43,27.16,25.8,27.7,26.67,28.31,27.62
2026-07-04T05:00,2026-07-04,5,26.88,26.77,25.64,26.33,26.83,25.74,27.53,26.77,28.21,27.42
2026-07-04T06:00,2026-07-04,6,27.93,28.11,26.86,27.7,27.43,27.14,28.23,27.64,28.84,28.25
2026-07-04T07:00,2026-07-04,7,28.79,28.97,28.12,28.73,28.37,27.96,28.57,27.98,29.77,29.25
2026-07-04T08:00,2026-07-04,8,30.03,30.15,29.25,30.07,30.07,29.46,29.25,28.88,31.05,30.83
2026-07-04T09:00,2026-07-04,9,31.2,31.38,30.08,31.16,31.56,31.08,30.47,29.56,32.13,32.04
2026-07-04T10:00,2026-07-04,10,32.06,32.34,30.91,31.91,32.62,32.34,31.08,30.03,33.05,32.79
2026-07-04T11:00,2026-07-04,11,32.91,33.28,32.0,32.83,33.27,33.57,31.93,30.19,33.84,33.46
2026-07-04T12:00,2026-07-04,12,33.45,33.63,32.58,33.34,33.86,34.63,32.75,30.64,34.15,34.1
2026-07-04T13:00,2026-07-04,13,33.68,33.91,32.23,33.69,34.44,35.32,32.34,30.62,34.66,34.51
2026-07-04T14:00,2026-07-04,14,33.7,34.17,29.78,33.93,34.73,35.21,32.49,31.46,34.79,34.78
2026-07-04T15:00,2026-07-04,15,33.67,34.28,29.15,33.64,34.84,34.98,33.07,31.36,34.75,34.68
2026-07-04T16:00,2026-07-04,16,33.16,33.85,30.06,30.84,34.47,34.84,32.79,30.65,34.6,34.52
2026-07-04T17:00,2026-07-04,17,32.27,32.41,29.65,30.49,33.73,33.21,31.95,30.19,33.87,33.9
2026-07-04T18:00,2026-07-04,18,31.7,31.92,28.46,30.4,32.9,33.15,31.4,29.36,33.1,33.29
2026-07-04T19:00,2026-07-04,19,30.45,30.73,27.17,29.43,30.66,31.29,30.64,28.77,31.83,31.88
2026-07-04T20:00,2026-07-04,20,29.77,30.02,26.93,28.48,29.7,29.88,30.04,28.55,31.35,31.33
2026-07-04T21:00,2026-07-04,21,29.17,29.55,26.68,27.53,29.29,28.23,29.49,28.3,30.79,30.79
2026-07-04T22:00,2026-07-04,22,28.64,28.96,26.58,27.37,28.0,27.01,28.99,27.93,30.35,30.45
2026-07-04T23:00,2026-07-04,23,28.15,28.36,26.14,27.06,27.24,26.51,28.51,27.67,29.92,29.99
2026-07-05T00:00,2026-07-05,0,27.84,27.76,26.12,26.67,26.82,27.24,27.86,27.23,29.86,29.84
2026-07-05T01:00,2026-07-05,1,27.27,27.38,25.89,26.33,26.38,26.81,27.31,26.91,28.67,28.59
2026-07-05T02:00,2026-07-05,2,26.81,26.94,25.81,26.12,26.39,26.51,27.02,26.97,27.7,27.22
2026-07-05T03:00,2026-07-05,3,26.55,26.67,25.64,26.08,26.16,26.33,26.92,26.52,27.15,26.84
2026-07-05T04:00,2026-07-05,4,26.34,26.47,25.71,26.04,25.99,26.3,26.79,26.24,26.54,26.52
2026-07-05T05:00,2026-07-05,5,26.26,26.32,25.79,26.01,26.03,26.21,26.6,26.05,26.5,26.46
2026-07-05T06:00,2026-07-05,6,27.04,27.01,26.06,26.95,26.89,27.43,27.09,26.77,27.16,27.87
2026-07-05T07:00,2026-07-05,7,27.55,27.88,26.22,27.24,27.9,27.77,27.04,26.99,27.67,28.38
2026-07-05T08:00,2026-07-05,8,28.26,28.87,26.55,27.55,28.63,28.27,27.32,27.28,29.13,28.99
2026-07-05T09:00,2026-07-05,9,28.84,29.3,26.45,27.91,28.86,28.93,28.15,28.01,30.36,29.89
2026-07-05T10:00,2026-07-05,10,29.83,30.63,26.56,29.04,29.43,30.42,29.47,28.12,31.56,30.5
2026-07-05T11:00,2026-07-05,11,30.32,31.19,26.88,28.71,30.12,31.87,30.19,28.14,32.28,30.75
2026-07-05T12:00,2026-07-05,12,30.18,30.39,26.87,29.07,31.63,32.13,29.15,28.24,32.16,31.01
2026-07-05T13:00,2026-07-05,13,29.91,29.59,27.09,28.49,31.59,32.68,28.85,27.75,31.88,31.52
2026-07-05T14:00,2026-07-05,14,29.51,29.17,27.04,28.11,30.64,32.28,28.69,27.19,30.82,31.88
2026-07-05T15:00,2026-07-05,15,29.08,28.46,26.55,27.65,30.66,30.48,28.12,27.48,30.68,32.21
2026-07-05T16:00,2026-07-05,16,28.91,28.53,26.48,27.15,30.32,30.19,27.61,27.27,30.59,32.17
2026-07-05T17:00,2026-07-05,17,28.33,27.75,26.31,26.9,29.29,30.2,27.48,26.98,29.67,31.15
2026-07-05T18:00,2026-07-05,18,28.51,28.34,26.45,27.06,29.22,30.04,27.86,27.11,29.59,30.92
2026-07-05T19:00,2026-07-05,19,27.91,27.7,25.97,26.51,29.01,29.39,27.39,27.02,28.9,29.72
2026-07-05T20:00,2026-07-05,20,27.54,27.19,25.9,26.2,28.69,28.56,27.22,26.88,28.6,29.21
2026-07-05T21:00,2026-07-05,21,27.25,26.72,25.85,26.14,28.56,28.13,26.98,26.94,28.28,28.73
2026-07-05T22:00,2026-07-05,22,26.96,26.41,25.63,25.99,28.19,27.65,26.86,27.07,27.76,28.36
2026-07-05T23:00,2026-07-05,23,26.68,26.31,25.55,25.84,27.01,26.99,26.88,27.07,27.13,28.14
2026-07-06T00:00,2026-07-06,0,26.42,26.44,25.9,25.86,25.97,26.55,27.04,26.27,26.88,26.59
2026-07-06T01:00,2026-07-06,1,26.11,25.87,25.68,25.84,25.95,26.35,26.57,25.72,26.63,26.45
2026-07-06T02:00,2026-07-06,2,25.94,25.66,25.43,25.74,25.89,26.35,26.2,25.98,26.41,26.21
2026-07-06T03:00,2026-07-06,3,25.86,25.68,25.36,25.67,25.86,26.07,26.04,26.1,26.15,26.16
2026-07-06T04:00,2026-07-06,4,25.79,25.65,25.37,25.53,25.86,25.94,25.89,26.18,25.99,26.07
2026-07-06T05:00,2026-07-06,5,25.73,25.63,25.03,25.66,25.87,25.89,25.78,26.04,25.86,26.02
2026-07-06T06:00,2026-07-06,6,26.46,26.4,25.72,26.21,26.21,26.46,26.73,26.85,26.81,26.79
2026-07-06T07:00,2026-07-06,7,26.81,26.74,25.98,26.37,26.49,27.22,27.17,27.11,27.33,27.04
2026-07-06T08:00,2026-07-06,8,27.65,27.83,26.39,26.82,27.17,28.63,27.61,27.69,28.65,27.73
2026-07-06T09:00,2026-07-06,9,28.65,28.98,26.44,27.91,28.29,30.14,27.92,28.16,30.21,28.84
2026-07-06T10:00,2026-07-06,10,29.38,29.97,26.67,28.69,28.68,30.96,28.62,28.25,31.05,29.71
2026-07-06T11:00,2026-07-06,11,29.92,30.78,26.67,29.44,29.12,31.56,28.39,27.95,31.7,30.83
2026-07-06T12:00,2026-07-06,12,30.14,30.78,26.64,29.54,29.88,31.68,28.52,27.4,32.25,31.77
2026-07-06T13:00,2026-07-06,13,29.96,30.64,26.64,28.66,30.66,30.41,28.3,27.43,32.25,31.92
2026-07-06T14:00,2026-07-06,14,29.46,29.23,26.87,27.8,31.34,28.81,28.14,27.43,32.35,32.16
2026-07-06T15:00,2026-07-06,15,29.25,28.89,26.69,27.34,31.6,30.07,28.07,27.58,31.07,32.15
2026-07-06T16:00,2026-07-06,16,28.91,28.34,26.49,27.24,30.85,30.14,28.05,27.77,30.05,32.2
2026-07-06T17:00,2026-07-06,17,28.46,28.16,25.86,27.28,29.78,28.56,28.21,27.83,29.4,31.08
2026-07-06T18:00,2026-07-06,18,28.3,28.23,26.15,27.06,28.97,27.82,28.33,27.97,28.93,30.82
2026-07-06T19:00,2026-07-06,19,27.55,27.52,25.81,26.42,27.7,26.68,27.78,27.59,28.24,29.74
2026-07-06T20:00,2026-07-06,20,27.32,27.25,25.48,26.4,27.5,26.67,27.69,27.77,27.98,28.96
2026-07-06T21:00,2026-07-06,21,27.15,27.08,25.19,26.41,27.24,26.49,27.66,27.89,27.86,28.35
2026-07-06T22:00,2026-07-06,22,26.98,27.01,25.18,26.13,27.14,26.26,27.32,28.0,27.84,27.8
2026-07-06T23:00,2026-07-06,23,26.85,26.91,24.98,26.11,27.0,26.16,27.26,27.96,27.53,27.55
2026-07-07T00:00,2026-07-07,0,26.75,26.74,25.07,26.14,27.11,26.7,27.59,27.68,26.91,27.06
2026-07-07T01:00,2026-07-07,1,26.25,26.42,24.93,25.53,26.57,26.23,26.83,26.63,26.52,26.39
2026-07-07T02:00,2026-07-07,2,25.95,25.92,24.94,25.47,25.76,25.94,26.65,26.28,26.21,26.37
2026-07-07T03:00,2026-07-07,3,25.69,25.64,24.87,25.13,25.46,25.66,26.27,25.97,26.11,26.04
2026-07-07T04:00,2026-07-07,4,25.54,25.37,24.67,25.19,25.38,25.42,26.06,25.73,26.21,25.87
2026-07-07T05:00,2026-07-07,5,25.44,25.36,24.59,24.92,25.27,25.3,25.9,25.43,26.18,25.76
2026-07-07T06:00,2026-07-07,6,26.32,26.41,25.87,25.66,26.54,26.25,26.52,25.98,26.62,26.7
2026-07-07T07:00,2026-07-07,7,26.45,26.33,25.73,25.87,26.14,26.33,27.2,26.33,27.13,26.78
2026-07-07T08:00,2026-07-07,8,27.18,27.47,26.28,26.28,26.98,26.23,28.59,26.55,27.41,27.58
2026-07-07T09:00,2026-07-07,9,28.23,28.97,26.59,26.81,28.89,26.88,29.49,26.85,28.84,28.38
2026-07-07T10:00,2026-07-07,10,29.32,30.31,26.76,27.69,30.27,28.57,29.11,27.67,31.01,29.58
2026-07-07T11:00,2026-07-07,11,29.98,30.69,26.49,28.89,31.3,29.01,29.05,27.71,32.42,31.18
2026-07-07T12:00,2026-07-07,12,29.77,29.79,26.57,29.17,31.79,29.07,28.91,26.94,32.34,31.34
2026-07-07T13:00,2026-07-07,13,29.03,28.62,26.14,27.85,31.81,29.0,28.28,27.3,30.48,31.77
2026-07-07T14:00,2026-07-07,14,28.85,28.4,25.93,27.51,31.8,28.97,27.99,27.49,29.84,32.12
2026-07-07T15:00,2026-07-07,15,28.71,29.08,26.09,27.38,29.3,28.24,28.19,27.42,29.69,31.31
2026-07-07T16:00,2026-07-07,16,28.32,28.76,25.85,26.86,28.82,27.61,28.41,27.24,29.97,29.5
2026-07-07T17:00,2026-07-07,17,28.0,28.46,25.83,26.58,29.14,27.0,27.95,27.19,29.51,28.69
2026-07-07T18:00,2026-07-07,18,27.53,27.48,26.28,26.79,27.81,27.49,28.0,27.27,28.33,28.08
2026-07-07T19:00,2026-07-07,19,27.14,27.19,26.02,26.44,27.34,26.7,27.61,27.12,27.78,27.65
2026-07-07T20:00,2026-07-07,20,26.92,26.98,25.77,26.37,26.7,26.43,27.48,27.19,27.53,27.41
2026-07-07T21:00,2026-07-07,21,26.86,27.02,25.47,26.4,26.69,26.17,27.49,27.13,27.39,27.26
2026-07-07T22:00,2026-07-07,22,26.75,26.93,25.31,26.19,26.52,25.76,27.5,27.35,27.3,27.13
2026-07-07T23:00,2026-07-07,23,26.65,26.81,25.21,26.15,26.25,25.63,27.56,27.43,27.23,26.84
2026-07-08T00:00,2026-07-08,0,26.77,26.62,25.41,26.23,26.62,25.89,28.06,27.91,27.3,26.96
2026-07-08T01:00,2026-07-08,1,26.37,26.4,25.06,25.78,25.79,25.59,28.01,27.6,26.48,26.46
2026-07-08T02:00,2026-07-08,2,26.13,26.28,24.62,25.34,25.48,25.37,27.94,27.32,26.26,26.16
2026-07-08T03:00,2026-07-08,3,25.82,25.63,24.16,25.37,25.43,25.21,27.88,26.61,26.18,25.87
2026-07-08T04:00,2026-07-08,4,25.59,25.66,23.96,25.18,25.18,25.22,27.48,25.9,25.68,25.55
2026-07-08T05:00,2026-07-08,5,25.55,25.71,24.26,25.16,25.17,25.28,26.91,25.73,25.7,25.43
2026-07-08T06:00,2026-07-08,6,26.31,26.39,25.32,26.23,25.58,25.79,27.63,26.23,26.56,26.22
2026-07-08T07:00,2026-07-08,7,26.51,26.49,25.53,26.16,25.57,26.0,28.23,26.83,26.99,26.23
2026-07-08T08:00,2026-07-08,8,26.87,26.85,25.58,26.34,26.15,26.56,29.14,27.28,27.38,26.18
2026-07-08T09:00,2026-07-08,9,27.44,28.1,25.45,26.77,26.51,26.8,29.8,27.58,27.77,26.34
2026-07-08T10:00,2026-07-08,10,27.82,28.94,25.93,27.36,26.16,26.6,29.89,28.06,27.99,26.5
2026-07-08T11:00,2026-07-08,11,28.09,29.6,25.81,27.61,26.33,26.71,29.41,27.95,28.68,26.75
2026-07-08T12:00,2026-07-08,12,28.55,28.69,26.19,27.65,27.42,26.83,31.65,29.1,30.72,27.04
2026-07-08T13:00,2026-07-08,13,28.28,28.14,26.54,27.34,27.17,27.13,31.07,28.9,30.11,27.38
2026-07-08T14:00,2026-07-08,14,27.99,27.97,25.62,27.56,27.96,27.38,29.13,27.64,29.5,28.13
2026-07-08T15:00,2026-07-08,15,27.97,28.04,25.49,27.49,28.16,27.55,28.08,27.35,29.34,29.04
2026-07-08T16:00,2026-07-08,16,27.84,27.76,25.22,27.0,27.58,27.64,28.01,27.44,29.46,29.55
2026-07-08T17:00,2026-07-08,17,27.48,27.4,25.01,26.76,27.74,27.93,27.61,27.32,27.99,29.41
2026-07-08T18:00,2026-07-08,18,27.85,27.9,25.84,27.03,27.61,27.28,28.36,27.21,28.59,29.78
2026-07-08T19:00,2026-07-08,19,27.32,27.57,25.47,26.52,27.0,26.46,28.06,26.95,28.05,28.45
2026-07-08T20:00,2026-07-08,20,27.05,27.33,25.35,26.01,26.75,26.35,27.82,26.78,27.81,27.98
2026-07-08T21:00,2026-07-08,21,26.87,27.24,25.19,25.71,26.74,26.12,27.61,26.73,27.73,27.44
2026-07-08T22:00,2026-07-08,22,26.74,27.13,25.2,25.24,26.55,25.97,27.61,26.7,27.76,27.24
2026-07-08T23:00,2026-07-08,23,26.58,26.98,25.13,25.08,26.2,25.68,27.45,26.78,27.64,27.01
2026-07-09T00:00,2026-07-09,0,26.5,26.57,25.17,25.7,26.35,26.15,27.01,26.72,27.53,26.71
2026-07-09T01:00,2026-07-09,1,26.12,25.98,24.99,25.67,26.03,25.82,26.76,26.43,27.14,26.13
2026-07-09T02:00,2026-07-09,2,25.84,25.67,24.38,25.75,25.66,25.46,26.62,26.67,26.47,25.98
2026-07-09T03:00,2026-07-09,3,25.72,25.72,24.04,25.81,25.32,25.25,26.48,26.76,26.18,25.7
2026-07-09T04:00,2026-07-09,4,25.65,25.78,23.76,25.75,25.46,25.04,26.64,26.74,25.61,25.67
2026-07-09T05:00,2026-07-09,5,25.68,25.89,24.08,25.54,25.6,25.02,26.83,26.67,25.51,25.6
2026-07-09T06:00,2026-07-09,6,26.23,26.44,24.95,26.1,25.69,25.77,27.16,26.68,26.41,26.15
2026-07-09T07:00,2026-07-09,7,26.43,26.72,25.41,26.58,25.52,26.0,27.26,26.85,26.51,26.1
2026-07-09T08:00,2026-07-09,8,27.05,27.36,26.16,27.6,26.02,26.79,27.72,27.95,26.67,26.47
2026-07-09T09:00,2026-07-09,9,27.67,27.95,26.54,28.4,26.48,28.38,28.19,28.73,26.96,27.12
2026-07-09T10:00,2026-07-09,10,28.1,28.54,26.27,29.06,27.08,29.87,27.91,28.61,27.34,27.75
2026-07-09T11:00,2026-07-09,11,28.3,28.48,27.33,29.29,27.41,29.03,28.4,28.14,27.82,28.26
2026-07-09T12:00,2026-07-09,12,28.02,28.04,26.83,28.49,27.34,28.59,28.73,27.34,27.95,28.19
2026-07-09T13:00,2026-07-09,13,28.13,27.83,27.01,28.72,27.71,29.54,28.2,27.58,28.32,28.55
2026-07-09T14:00,2026-07-09,14,28.97,29.1,27.2,29.14,28.27,31.27,28.34,27.44,29.5,29.75
2026-07-09T15:00,2026-07-09,15,28.95,29.3,26.92,28.54,28.56,30.28,28.31,26.95,29.97,30.12
2026-07-09T16:00,2026-07-09,16,28.37,28.19,25.95,27.16,28.81,29.55,27.65,27.18,30.19,30.35
2026-07-09T17:00,2026-07-09,17,28.3,28.01,26.07,27.51,29.12,28.87,27.51,26.99,30.15,30.1
2026-07-09T18:00,2026-07-09,18,28.11,28.03,26.14,27.1,28.48,29.13,28.14,27.06,29.24,29.31
2026-07-09T19:00,2026-07-09,19,27.35,27.32,25.69,26.6,27.06,27.89,27.72,26.91,28.28,28.25
2026-07-09T20:00,2026-07-09,20,27.06,27.14,25.47,26.44,26.76,26.8,27.59,26.95,27.88,27.8
2026-07-09T21:00,2026-07-09,21,26.91,26.98,25.73,26.28,26.52,26.49,27.52,26.97,27.71,27.36
2026-07-09T22:00,2026-07-09,22,26.82,26.95,25.89,26.26,26.28,26.35,27.54,26.74,27.61,26.97
2026-07-09T23:00,2026-07-09,23,26.61,26.78,25.55,25.94,26.15,26.31,27.4,26.24,27.33,26.84
2026-07-10T00:00,2026-07-10,0,26.59,26.87,24.81,26.03,26.64,26.54,26.45,25.98,27.75,27.08
2026-07-10T01:00,2026-07-10,1,26.28,26.51,24.81,25.88,26.27,26.13,26.22,25.79,27.26,26.56
2026-07-10T02:00,2026-07-10,2,25.99,26.19,24.38,25.65,26.14,25.96,25.91,25.74,26.82,26.34
2026-07-10T03:00,2026-07-10,3,25.8,25.92,24.04,25.55,26.0,25.9,25.85,25.88,26.44,26.13
2026-07-10T04:00,2026-07-10,4,25.73,25.81,23.8,25.54,25.97,25.72,25.97,26.16,26.2,26.07
2026-07-10T05:00,2026-07-10,5,25.67,25.67,23.82,25.5,25.85,25.63,25.94,26.59,26.06,26.06
2026-07-10T06:00,2026-07-10,6,26.11,26.15,24.74,25.2,26.02,26.12,26.66,26.95,26.36,26.9
2026-07-10T07:00,2026-07-10,7,26.39,26.48,24.92,25.62,26.52,26.49,26.55,26.75,26.73,27.29
2026-07-10T08:00,2026-07-10,8,26.78,26.88,25.33,25.73,27.3,26.6,26.44,26.67,27.45,28.25
2026-07-10T09:00,2026-07-10,9,27.43,27.07,26.18,26.41,28.26,27.54,26.65,27.45,28.59,29.29
2026-07-10T10:00,2026-07-10,10,27.97,27.09,26.72,27.46,29.33,27.32,27.03,27.9,29.77,30.18
2026-07-10T11:00,2026-07-10,11,28.56,27.27,26.9,28.39,30.6,28.4,27.61,28.32,30.75,30.57
2026-07-10T12:00,2026-07-10,12,29.15,28.28,26.99,29.48,30.81,29.59,28.02,28.56,31.1,30.47
2026-07-10T13:00,2026-07-10,13,29.21,28.93,26.73,28.12,30.71,29.37,28.5,28.91,30.64,31.18
2026-07-10T14:00,2026-07-10,14,29.6,29.46,26.98,28.41,31.12,29.99,28.57,28.81,31.07,31.79
2026-07-10T15:00,2026-07-10,15,29.81,29.73,27.12,28.58,30.5,30.04,28.99,29.65,31.35,31.99
2026-07-10T16:00,2026-07-10,16,29.45,28.94,27.12,28.14,30.79,28.44,29.42,29.33,31.17,31.85
2026-07-10T17:00,2026-07-10,17,28.99,28.67,26.47,28.03,30.17,28.38,29.23,28.29,30.48,30.83
2026-07-10T18:00,2026-07-10,18,28.59,28.69,26.54,27.49,29.79,28.38,28.7,28.3,29.62,29.31
2026-07-10T19:00,2026-07-10,19,27.69,27.72,25.79,26.91,28.37,27.36,27.58,27.75,28.85,28.43
2026-07-10T20:00,2026-07-10,20,27.22,27.09,25.93,26.68,27.39,27.07,26.95,27.34,28.5,27.86
2026-07-10T21:00,2026-07-10,21,26.85,26.45,25.37,26.35,27.25,26.71,26.88,27.22,28.11,27.72
2026-07-10T22:00,2026-07-10,22,26.64,26.43,25.34,26.01,26.92,26.28,26.66,27.23,27.64,27.46
2026-07-10T23:00,2026-07-10,23,26.49,26.34,25.46,26.01,26.65,26.14,26.5,26.99,27.16,27.23
2026-07-11T00:00,2026-07-11,0,26.9,26.9,25.42,26.72,27.25,26.34,27.02,27.44,27.28,27.55
2026-07-11T01:00,2026-07-11,1,26.56,26.57,25.09,26.37,26.97,26.17,26.83,26.95,26.75,27.21
2026-07-11T02:00,2026-07-11,2,26.34,26.42,24.8,26.18,26.75,26.13,26.64,26.41,26.47,26.88
2026-07-11T03:00,2026-07-11,3,26.15,26.19,24.68,26.14,26.6,25.9,26.5,26.3,26.31,26.47
2026-07-11T04:00,2026-07-11,4,26.03,26.05,24.6,25.97,26.41,25.83,26.47,26.38,26.18,26.22
2026-07-11T05:00,2026-07-11,5,25.95,25.96,24.35,25.95,26.26,25.63,26.43,26.39,26.16,26.18
2026-07-11T06:00,2026-07-11,6,26.38,26.5,24.99,25.77,26.68,25.92,26.75,27.07,26.58,26.97
2026-07-11T07:00,2026-07-11,7,26.72,26.79,25.51,26.36,26.87,25.85,27.25,27.38,26.75,27.43
2026-07-11T08:00,2026-07-11,8,27.38,27.04,25.74,27.23,27.32,27.01,28.53,28.25,27.55,28.19
2026-07-11T09:00,2026-07-11,9,28.2,27.73,26.39,28.29,27.77,27.74,29.53,29.52,28.24,29.25
2026-07-11T10:00,2026-07-11,10,29.06,28.64,28.05,29.64,27.84,28.21,30.33,30.78,28.62,30.04
2026-07-11T11:00,2026-07-11,11,29.89,29.8,27.74,30.57,28.83,29.52,31.21,31.54,29.07,30.84
2026-07-11T12:00,2026-07-11,12,29.58,29.16,27.32,30.32,29.04,30.38,30.51,31.48,28.72,30.6
2026-07-11T13:00,2026-07-11,13,29.32,29.19,26.96,29.39,28.7,30.36,30.42,29.22,29.13,30.45
2026-07-11T14:00,2026-07-11,14,29.44,29.24,27.35,28.72,30.07,31.41,29.75,28.65,29.68,30.52
2026-07-11T15:00,2026-07-11,15,29.16,29.01,27.85,28.29,30.14,29.25,29.68,28.18,29.37,30.55
2026-07-11T16:00,2026-07-11,16,29.03,28.94,27.38,27.69,30.1,29.3,29.87,28.55,29.71,29.81
2026-07-11T17:00,2026-07-11,17,28.62,28.27,27.41,27.75,29.11,28.39,29.83,28.65,29.41,29.06
2026-07-11T18:00,2026-07-11,18,28.59,28.64,26.53,27.53,28.95,28.11,29.26,28.76,29.37,29.64
2026-07-11T19:00,2026-07-11,19,27.76,27.63,26.21,27.0,27.97,27.28,28.41,28.18,28.47,28.65
2026-07-11T20:00,2026-07-11,20,27.41,27.14,26.19,26.83,27.56,27.01,28.06,28.0,28.07,28.14
2026-07-11T21:00,2026-07-11,21,27.17,26.87,25.84,26.76,27.33,26.65,27.9,27.77,27.86,27.84
2026-07-11T22:00,2026-07-11,22,27.0,26.75,25.59,26.72,27.02,26.42,27.8,27.72,27.46,27.66
2026-07-11T23:00,2026-07-11,23,26.81,26.66,25.38,26.71,26.57,26.33,27.64,27.66,27.1,27.32
2026-07-12T00:00,2026-07-12,0,27.12,26.99,25.3,26.97,27.15,26.52,27.94,27.65,27.62,27.77
2026-07-12T01:00,2026-07-12,1,26.7,26.64,25.16,26.67,26.72,26.28,27.35,26.94,26.99,27.27
2026-07-12T02:00,2026-07-12,2,26.43,26.49,24.92,26.59,26.32,26.1,26.87,26.57,26.62,26.87
2026-07-12T03:00,2026-07-12,3,26.18,26.2,24.72,26.55,25.93,25.98,26.56,26.35,26.27,26.56
2026-07-12T04:00,2026-07-12,4,25.92,25.82,24.61,26.39,25.67,25.74,26.29,26.38,25.93,26.39
2026-07-12T05:00,2026-07-12,5,25.83,25.68,24.6,26.22,25.58,25.71,26.16,26.45,25.98,26.14
2026-07-12T06:00,2026-07-12,6,26.62,26.52,24.96,26.53,26.33,26.11,27.5,27.3,27.06,27.06
2026-07-12T07:00,2026-07-12,7,27.02,26.69,25.42,26.89,26.7,26.27,28.2,28.25,27.58,27.47
2026-07-12T08:00,2026-07-12,8,27.61,27.19,26.11,27.21,27.14,26.48,28.8,29.49,28.45,28.25
2026-07-12T09:00,2026-07-12,9,28.34,27.85,27.39,28.27,27.13,26.71,29.51,30.78,29.15,28.94
2026-07-12T10:00,2026-07-12,10,29.08,28.29,28.68,29.2,27.6,27.01,30.2,31.84,30.09,29.92
2026-07-12T11:00,2026-07-12,11,29.66,29.05,29.93,29.34,28.03,27.0,31.27,30.11,30.99,30.84
2026-07-12T12:00,2026-07-12,12,29.32,28.39,28.86,28.97,28.11,27.48,29.99,30.08,30.72,31.82
2026-07-12T13:00,2026-07-12,13,29.69,29.15,28.94,29.12,28.37,28.15,30.48,28.87,30.92,32.41
2026-07-12T14:00,2026-07-12,14,30.25,30.26,28.94,29.49,28.7,29.13,30.9,28.79,31.51,32.61
2026-07-12T15:00,2026-07-12,15,30.31,30.65,28.19,29.37,29.02,29.03,30.93,29.21,31.92,32.02
2026-07-12T16:00,2026-07-12,16,29.88,30.67,27.54,29.18,28.72,28.68,30.81,29.12,31.01,30.25
2026-07-12T17:00,2026-07-12,17,29.19,30.31,26.86,28.74,28.38,28.08,29.95,28.81,29.8,28.73
2026-07-12T18:00,2026-07-12,18,29.01,29.63,27.6,27.89,28.01,28.21,30.37,28.92,29.95,28.65
2026-07-12T19:00,2026-07-12,19,28.03,28.48,26.91,27.04,27.28,27.27,28.63,28.22,29.08,27.95
2026-07-12T20:00,2026-07-12,20,27.61,27.86,26.92,26.86,26.9,26.72,28.22,28.0,28.61,27.45
2026-07-12T21:00,2026-07-12,21,27.28,27.13,26.77,26.91,26.6,26.49,28.0,27.86,28.34,27.2
2026-07-12T22:00,2026-07-12,22,27.12,26.89,26.54,26.85,26.54,26.25,27.86,27.79,28.13,27.18
2026-07-12T23:00,2026-07-12,23,26.96,26.85,26.14,26.77,26.13,26.11,27.74,27.77,27.79,27.04
2026-07-13T00:00,2026-07-13,0,27.16,27.02,25.82,26.64,26.46,26.33,28.44,27.99,28.0,27.46
2026-07-13T01:00,2026-07-13,1,26.88,26.9,25.62,26.22,26.28,26.06,28.16,27.83,27.5,27.05
2026-07-13T02:00,2026-07-13,2,26.71,26.86,25.42,25.7,26.18,25.96,27.97,27.75,27.43,26.72
2026-07-13T03:00,2026-07-13,3,26.6,26.78,25.31,25.43,26.28,25.71,27.88,27.62,27.36,26.61
2026-07-13T04:00,2026-07-13,4,26.48,26.57,25.28,25.37,26.25,25.61,27.64,27.31,27.3,26.57
2026-07-13T05:00,2026-07-13,5,26.42,26.46,25.18,25.41,26.23,25.66,27.59,27.01,27.22,26.61
2026-07-13T06:00,2026-07-13,6,26.92,26.9,25.58,25.98,26.75,25.93,28.49,27.53,27.72,27.04
2026-07-13T07:00,2026-07-13,7,27.03,26.83,25.61,26.32,26.64,26.09,29.23,27.14,28.0,26.97
2026-07-13T08:00,2026-07-13,8,27.34,26.86,26.04,26.72,26.68,26.49,30.11,27.16,28.55,27.25
2026-07-13T09:00,2026-07-13,9,27.75,27.19,26.87,26.76,26.91,27.04,30.81,27.15,28.93,27.86
2026-07-13T10:00,2026-07-13,10,28.23,27.75,27.47,26.9,27.79,27.82,31.0,27.75,29.45,28.2
2026-07-13T11:00,2026-07-13,11,28.83,28.98,27.68,27.35,27.97,28.87,30.45,27.24,30.53,28.79
2026-07-13T12:00,2026-07-13,12,28.3,27.5,29.66,27.24,28.43,28.6,28.64,27.41,29.61,28.75
2026-07-13T13:00,2026-07-13,13,28.44,27.81,28.66,27.53,28.47,30.14,28.25,27.22,29.67,29.17
2026-07-13T14:00,2026-07-13,14,28.78,28.43,28.33,28.1,29.16,31.05,27.99,27.23,29.56,29.83
2026-07-13T15:00,2026-07-13,15,28.99,28.55,28.36,29.06,29.2,31.22,27.89,27.98,29.5,30.05
2026-07-13T16:00,2026-07-13,16,29.07,28.65,27.39,29.64,29.73,31.54,28.05,28.72,29.2,29.89
2026-07-13T17:00,2026-07-13,17,29.07,28.97,27.44,29.43,29.88,31.39,28.24,28.8,28.78,29.52
2026-07-13T18:00,2026-07-13,18,29.04,29.18,27.92,28.74,29.72,30.61,28.34,27.58,29.4,29.51
2026-07-13T19:00,2026-07-13,19,27.99,28.1,27.09,27.71,28.52,29.13,27.42,27.03,28.24,28.4
2026-07-13T20:00,2026-07-13,20,27.57,27.67,26.75,27.24,28.07,28.76,27.19,26.84,27.58,27.97
2026-07-13T21:00,2026-07-13,21,27.3,27.44,26.31,27.01,27.76,28.35,26.97,26.64,27.33,27.68
2026-07-13T22:00,2026-07-13,22,27.07,27.22,26.09,26.85,27.49,28.03,26.75,26.55,27.05,27.39
2026-07-13T23:00,2026-07-13,23,26.76,26.86,25.92,26.59,26.92,27.35,26.55,26.52,26.8,27.13
2026-07-14T00:00,2026-07-14,0,27.1,27.1,26.06,26.99,27.28,27.87,26.93,26.93,27.31,27.48
2026-07-14T01:00,2026-07-14,1,26.64,26.56,25.69,26.49,26.75,27.33,26.59,26.66,26.91,26.99
2026-07-14T02:00,2026-07-14,2,26.45,26.33,25.48,26.26,26.55,27.08,26.48,26.65,26.75,26.76
2026-07-14T03:00,2026-07-14,3,26.31,26.25,25.28,26.12,26.45,26.8,26.26,26.47,26.68,26.64
2026-07-14T04:00,2026-07-14,4,26.17,26.22,25.13,25.94,26.32,26.22,26.2,26.44,26.44,26.54
2026-07-14T05:00,2026-07-14,5,26.02,26.11,24.96,25.79,26.16,25.9,26.04,26.41,26.25,26.38
2026-07-14T06:00,2026-07-14,6,26.77,26.91,25.93,26.54,27.23,26.94,26.28,26.95,26.82,27.23
2026-07-14T07:00,2026-07-14,7,27.66,27.89,27.21,27.68,28.15,27.8,27.1,27.76,27.56,27.61
2026-07-14T08:00,2026-07-14,8,28.88,29.05,28.73,28.89,29.52,28.89,28.62,28.69,29.03,28.3
2026-07-14T09:00,2026-07-14,9,30.04,30.07,29.93,30.05,30.64,30.26,30.03,29.5,30.39,29.41
2026-07-14T10:00,2026-07-14,10,31.08,31.06,31.04,31.14,31.4,31.59,31.26,30.18,31.4,30.51
2026-07-14T11:00,2026-07-14,11,31.82,31.81,31.83,31.85,32.07,32.8,32.08,30.85,32.02,31.05
2026-07-14T12:00,2026-07-14,12,31.97,31.9,32.32,32.14,32.51,33.17,31.86,30.23,31.9,31.63
2026-07-14T13:00,2026-07-14,13,32.03,31.88,32.45,32.56,31.99,33.66,31.7,30.83,31.67,31.86
2026-07-14T14:00,2026-07-14,14,32.23,32.37,32.66,32.73,32.58,34.01,31.65,31.27,31.2,31.92
2026-07-14T15:00,2026-07-14,15,32.24,32.54,32.05,32.52,32.73,34.14,32.22,31.28,30.85,31.85
2026-07-14T16:00,2026-07-14,16,31.92,32.27,30.91,31.78,32.7,33.67,32.37,30.91,30.78,31.71
2026-07-14T17:00,2026-07-14,17,31.12,31.18,29.91,31.27,31.98,32.37,31.5,30.31,30.69,30.9
2026-07-14T18:00,2026-07-14,18,30.88,31.1,29.2,30.64,31.36,32.1,30.69,29.81,31.29,31.07
2026-07-14T19:00,2026-07-14,19,29.59,29.66,28.16,29.34,30.04,30.57,29.51,28.71,30.1,29.87
2026-07-14T20:00,2026-07-14,20,29.0,29.03,27.7,28.75,29.19,30.07,28.9,28.19,29.5,29.43
2026-07-14T21:00,2026-07-14,21,28.59,28.49,27.7,28.29,28.91,29.41,28.47,27.86,29.12,29.08
2026-07-14T22:00,2026-07-14,22,28.18,27.99,27.15,27.83,28.71,28.96,28.03,27.57,28.79,28.76
2026-07-14T23:00,2026-07-14,23,27.85,27.67,26.92,27.49,28.35,28.23,27.73,27.4,28.48,28.48
2026-07-15T00:00,2026-07-15,0,28.29,28.15,27.15,27.87,28.95,28.47,27.92,27.8,28.98,29.23
2026-07-15T01:00,2026-07-15,1,27.62,27.47,26.53,27.32,28.14,27.24,27.37,27.5,28.37,28.54
2026-07-15T02:00,2026-07-15,2,27.32,27.17,26.37,27.07,27.76,26.87,27.11,27.41,27.92,28.19
2026-07-15T03:00,2026-07-15,3,27.05,26.93,26.14,26.86,27.15,26.5,26.91,27.33,27.63,27.85
2026-07-15T04:00,2026-07-15,4,26.88,26.88,25.97,26.7,26.95,26.16,26.79,27.13,27.43,27.56
2026-07-15T05:00,2026-07-15,5,26.77,26.78,25.97,26.57,26.71,26.05,26.75,27.04,27.22,27.53
2026-07-15T06:00,2026-07-15,6,27.5,27.54,27.25,27.49,26.99,26.72,27.5,27.63,27.96,27.84
2026-07-15T07:00,2026-07-15,7,28.11,28.01,28.22,28.26,26.74,27.03,28.28,28.22,28.84,28.71
2026-07-15T08:00,2026-07-15,8,29.05,28.6,28.99,29.14,27.6,28.26,29.43,29.08,30.11,30.08
2026-07-15T09:00,2026-07-15,9,30.3,29.96,29.86,30.64,29.14,29.81,30.3,29.79,31.4,31.22
2026-07-15T10:00,2026-07-15,10,31.24,31.07,30.52,31.7,30.35,31.38,31.04,30.04,32.18,32.0
2026-07-15T11:00,2026-07-15,11,31.96,31.8,31.29,32.25,31.5,32.58,31.77,30.37,32.67,32.68
2026-07-15T12:00,2026-07-15,12,32.2,32.09,31.68,32.2,32.08,32.91,32.31,29.5,33.1,32.76
2026-07-15T13:00,2026-07-15,13,32.38,32.33,32.07,32.05,32.61,33.23,32.52,29.56,33.17,32.88
2026-07-15T14:00,2026-07-15,14,32.28,32.0,31.73,31.51,32.93,33.79,32.39,29.78,33.46,32.7
2026-07-15T15:00,2026-07-15,15,31.87,30.67,31.68,31.31,33.21,33.67,31.91,30.37,33.49,32.48
2026-07-15T16:00,2026-07-15,16,31.49,30.71,31.2,31.06,33.01,31.91,31.3,29.98,33.27,31.73
2026-07-15T17:00,2026-07-15,17,30.93,30.42,30.48,30.62,31.74,30.73,31.06,29.46,32.55,31.23
2026-07-15T18:00,2026-07-15,18,30.06,30.0,28.83,29.68,30.21,30.46,30.3,28.73,31.39,30.14
2026-07-15T19:00,2026-07-15,19,29.1,29.11,27.85,28.88,29.0,29.43,29.39,28.36,30.1,29.13
2026-07-15T20:00,2026-07-15,20,28.64,28.68,27.54,28.48,28.22,28.88,28.89,28.21,29.52,28.69
2026-07-15T21:00,2026-07-15,21,28.28,28.41,27.36,28.22,27.74,28.57,28.47,28.18,29.02,27.98
2026-07-15T22:00,2026-07-15,22,27.94,28.12,27.14,28.07,27.45,28.09,28.13,27.97,28.63,27.15
2026-07-15T23:00,2026-07-15,23,27.61,27.87,26.87,27.72,27.2,27.29,27.87,27.82,28.11,27.0
2026-07-16T00:00,2026-07-16,0,28.08,28.39,27.31,28.12,28.09,27.54,28.29,28.01,28.62,27.35
2026-07-16T01:00,2026-07-16,1,27.58,27.94,26.76,27.48,27.53,27.0,27.82,27.68,28.07,26.93
2026-07-16T02:00,2026-07-16,2,27.38,27.72,26.72,27.31,27.29,26.75,27.61,27.34,27.82,26.85
2026-07-16T03:00,2026-07-16,3,27.22,27.66,26.56,27.07,26.94,26.57,27.45,27.05,27.62,26.76
2026-07-16T04:00,2026-07-16,4,27.06,27.48,26.48,26.78,26.81,26.32,27.32,26.89,27.55,26.69
2026-07-16T05:00,2026-07-16,5,26.9,27.19,26.38,26.58,26.68,26.05,27.1,26.85,27.51,26.71
2026-07-16T06:00,2026-07-16,6,27.23,27.19,26.77,26.81,27.2,27.02,27.35,27.09,27.85,27.56
2026-07-16T07:00,2026-07-16,7,27.86,27.8,27.83,27.74,27.51,27.72,27.96,27.95,27.96,28.23
2026-07-16T08:00,2026-07-16,8,28.79,28.66,28.65,28.89,27.97,29.01,29.06,28.86,28.91,29.12
2026-07-16T09:00,2026-07-16,9,29.77,29.42,29.86,29.78,29.13,30.25,30.03,29.42,30.21,30.18
2026-07-16T10:00,2026-07-16,10,30.83,30.73,30.84,30.73,30.35,31.33,30.81,29.84,31.27,31.21
2026-07-16T11:00,2026-07-16,11,31.59,31.6,31.3,31.32,31.77,32.17,31.45,29.85,32.13,32.0
2026-07-16T12:00,2026-07-16,12,31.62,31.47,31.23,31.05,31.86,31.85,31.81,30.39,32.25,32.33
2026-07-16T13:00,2026-07-16,13,31.83,31.83,30.93,31.31,32.38,32.48,31.67,29.9,32.51,32.75
2026-07-16T14:00,2026-07-16,14,31.99,32.01,30.75,31.33,32.45,32.81,32.04,29.55,32.8,33.13
2026-07-16T15:00,2026-07-16,15,31.67,31.76,29.79,30.4,32.34,32.92,31.44,29.54,32.78,33.16
2026-07-16T16:00,2026-07-16,16,31.3,31.3,28.83,29.7,31.77,32.89,31.41,29.86,32.52,32.92
2026-07-16T17:00,2026-07-16,17,30.74,30.32,28.64,29.59,31.67,31.72,30.98,30.0,31.94,32.2
2026-07-16T18:00,2026-07-16,18,30.04,29.73,27.68,29.29,30.64,31.16,30.14,29.39,30.95,31.57
2026-07-16T19:00,2026-07-16,19,29.2,29.13,27.38,28.64,29.67,29.43,29.27,28.78,29.98,30.27
2026-07-16T20:00,2026-07-16,20,28.84,28.75,27.31,28.44,29.2,29.15,28.88,28.55,29.47,29.7
2026-07-16T21:00,2026-07-16,21,28.59,28.57,26.94,28.19,28.92,28.58,28.62,28.46,29.25,29.42
2026-07-16T22:00,2026-07-16,22,28.28,28.35,26.46,28.1,28.68,27.54,28.41,28.38,28.91,29.05
2026-07-16T23:00,2026-07-16,23,27.97,28.09,26.18,27.88,28.04,27.0,28.22,28.14,28.54,28.78
2026-07-17T00:00,2026-07-17,0,28.03,28.08,25.86,27.71,28.05,27.53,28.2,28.16,28.74,29.25
2026-07-17T01:00,2026-07-17,1,27.5,27.65,25.5,26.87,27.67,27.05,27.82,27.43,28.13,28.61
2026-07-17T02:00,2026-07-17,2,27.19,27.38,25.07,26.63,27.35,26.68,27.59,27.19,27.82,28.12
2026-07-17T03:00,2026-07-17,3,26.93,27.22,24.75,26.18,27.0,26.56,27.37,27.04,27.49,27.81
2026-07-17T04:00,2026-07-17,4,26.73,26.99,24.73,25.92,26.77,26.44,27.27,26.97,27.24,27.52
2026-07-17T05:00,2026-07-17,5,26.6,26.71,24.73,25.97,26.62,26.3,27.22,26.91,27.07,27.34
2026-07-17T06:00,2026-07-17,6,27.18,27.43,25.26,26.57,27.32,27.24,27.75,27.13,27.72,27.43
2026-07-17T07:00,2026-07-17,7,27.75,28.07,25.59,26.69,28.14,28.23,28.08,27.55,28.6,28.0
2026-07-17T08:00,2026-07-17,8,28.47,28.83,26.12,27.13,29.07,29.26,28.87,28.21,29.48,28.55
2026-07-17T09:00,2026-07-17,9,29.23,29.53,27.13,27.83,29.99,28.75,30.11,28.61,30.43,29.53
2026-07-17T10:00,2026-07-17,10,29.98,30.13,28.39,28.65,29.92,29.34,31.0,29.0,31.24,30.85
2026-07-17T11:00,2026-07-17,11,30.56,30.4,29.32,30.01,31.18,28.85,31.2,29.03,31.66,32.09
2026-07-17T12:00,2026-07-17,12,30.17,30.14,28.34,29.34,30.38,28.47,30.81,29.82,30.88,32.35
2026-07-17T13:00,2026-07-17,13,29.92,29.61,28.72,29.23,29.35,28.28,30.22,30.57,30.43,32.68
2026-07-17T14:00,2026-07-17,14,30.22,29.9,28.52,29.52,29.68,28.39,31.0,30.52,31.08,32.81
2026-07-17T15:00,2026-07-17,15,30.24,30.23,28.1,29.94,30.16,28.06,31.52,29.87,30.77,32.05
2026-07-17T16:00,2026-07-17,16,29.9,29.94,28.36,29.49,28.57,27.81,31.2,29.73,30.97,31.31
2026-07-17T17:00,2026-07-17,17,29.25,29.33,27.4,29.02,27.99,27.42,30.53,28.91,30.25,30.55
2026-07-17T18:00,2026-07-17,18,28.9,28.88,27.19,28.96,28.39,27.98,30.1,29.05,28.83,30.01
2026-07-17T19:00,2026-07-17,19,28.12,28.26,26.24,28.12,27.43,27.48,29.39,28.56,28.12,28.64
2026-07-17T20:00,2026-07-17,20,27.74,28.08,25.9,27.73,26.91,26.93,29.0,28.31,27.72,27.94
2026-07-17T21:00,2026-07-17,21,27.43,27.87,25.56,27.51,26.52,26.7,28.62,28.25,27.25,27.43
2026-07-17T22:00,2026-07-17,22,27.2,27.65,25.22,27.33,26.33,26.63,28.38,28.18,27.09,26.89
2026-07-17T23:00,2026-07-17,23,27.06,27.45,25.14,27.07,26.47,26.68,28.1,28.13,27.08,26.61
2026-07-18T00:00,2026-07-18,0,27.29,27.93,24.96,27.18,26.66,26.89,28.3,28.25,27.35,26.75
2026-07-18T01:00,2026-07-18,1,26.95,27.65,24.61,26.55,26.56,26.64,27.97,27.86,27.13,26.26
2026-07-18T02:00,2026-07-18,2,26.71,27.37,24.52,26.1,26.43,26.1,27.71,27.78,27.05,26.11
2026-07-18T03:00,2026-07-18,3,26.48,27.16,24.62,25.9,26.39,25.8,27.04,27.09,26.89,26.02
2026-07-18T04:00,2026-07-18,4,26.31,26.88,24.62,25.65,26.22,25.67,26.81,26.93,26.77,26.0
2026-07-18T05:00,2026-07-18,5,26.16,26.65,24.63,25.5,25.93,25.49,26.72,26.69,26.68,26.01
2026-07-18T06:00,2026-07-18,6,26.6,26.85,25.5,26.04,26.12,26.07,27.32,26.84,27.25,26.57
2026-07-18T07:00,2026-07-18,7,27.39,27.72,26.76,26.9,26.87,26.8,28.08,27.67,27.83,26.99
2026-07-18T08:00,2026-07-18,8,28.37,28.67,27.81,28.06,27.82,27.6,29.27,28.63,28.82,27.71
2026-07-18T09:00,2026-07-18,9,29.48,29.72,29.3,29.28,29.21,28.84,30.27,29.54,29.67,28.76
2026-07-18T10:00,2026-07-18,10,30.43,30.6,30.28,30.06,30.11,30.3,31.19,30.45,30.94,29.44
2026-07-18T11:00,2026-07-18,11,31.14,31.12,30.87,30.39,30.96,31.41,32.09,30.76,32.08,30.36
2026-07-18T12:00,2026-07-18,12,31.28,31.59,30.63,31.08,31.62,30.88,32.0,30.62,31.75,30.33
2026-07-18T13:00,2026-07-18,13,31.4,31.56,30.34,31.08,31.72,31.3,32.27,30.57,32.15,30.69
2026-07-18T14:00,2026-07-18,14,31.56,31.61,30.18,30.99,32.04,31.55,32.3,30.78,32.41,31.51
2026-07-18T15:00,2026-07-18,15,31.11,30.58,29.74,31.06,31.72,31.84,31.12,30.77,32.52,31.29
2026-07-18T16:00,2026-07-18,16,30.68,30.72,29.12,30.63,30.35,31.24,31.13,30.21,31.24,30.87
2026-07-18T17:00,2026-07-18,17,29.89,30.33,28.68,30.12,28.89,29.87,30.73,29.66,29.64,29.79
2026-07-18T18:00,2026-07-18,18,29.6,29.62,28.55,29.58,29.24,30.5,30.3,29.15,29.71,29.47
2026-07-18T19:00,2026-07-18,19,28.71,28.85,27.97,28.95,28.17,28.8,29.39,28.61,28.86,28.18
2026-07-18T20:00,2026-07-18,20,28.24,28.52,27.66,28.67,27.34,27.35,28.99,28.33,28.44,27.67
2026-07-18T21:00,2026-07-18,21,27.89,28.3,27.12,28.33,26.79,26.78,28.68,28.21,28.06,27.32
2026-07-18T22:00,2026-07-18,22,27.64,28.07,26.7,28.09,26.17,26.61,28.42,28.12,28.03,26.96
2026-07-18T23:00,2026-07-18,23,27.43,27.81,26.48,27.77,26.19,26.5,28.22,28.08,27.86,26.66
2026-07-19T00:00,2026-07-19,0,27.82,28.18,26.61,28.05,26.84,26.88,28.48,28.34,28.34,27.31
2026-07-19T01:00,2026-07-19,1,27.29,27.8,25.96,27.27,26.62,26.42,27.74,27.72,27.96,26.64
2026-07-19T02:00,2026-07-19,2,26.97,27.56,25.43,26.88,26.4,26.21,27.29,27.28,27.62,26.43
2026-07-19T03:00,2026-07-19,3,26.77,27.41,25.46,26.52,26.19,26.15,27.04,26.6,27.38,26.41
2026-07-19T04:00,2026-07-19,4,26.62,27.23,25.37,26.26,26.12,26.11,26.9,26.52,27.2,26.28
2026-07-19T05:00,2026-07-19,5,26.49,27.0,25.3,26.11,26.12,26.01,26.73,26.49,27.07,26.22
2026-07-19T06:00,2026-07-19,6,26.85,27.16,25.54,26.51,26.02,26.48,27.4,27.34,27.51,26.76
2026-07-19T07:00,2026-07-19,7,27.1,27.39,25.89,26.78,26.26,26.99,27.78,27.0,28.02,26.65
2026-07-19T08:00,2026-07-19,8,27.68,28.09,26.65,27.26,27.27,27.76,28.5,27.43,28.11,26.99
2026-07-19T09:00,2026-07-19,9,28.18,28.31,27.52,27.81,28.0,29.11,29.17,28.06,28.43,27.08
2026-07-19T10:00,2026-07-19,10,28.8,28.87,28.47,28.58,28.58,29.11,29.5,28.09,29.78,27.65
2026-07-19T11:00,2026-07-19,11,29.35,29.68,27.78,28.29,29.39,29.13,29.98,29.3,31.31,28.16
2026-07-19T12:00,2026-07-19,12,29.67,30.25,26.87,29.07,29.22,28.61,30.92,30.17,31.02,29.0
2026-07-19T13:00,2026-07-19,13,28.96,28.74,27.31,28.41,29.42,28.19,30.51,28.19,29.95,29.29
2026-07-19T14:00,2026-07-19,14,28.64,28.57,26.66,28.15,28.82,28.27,29.48,28.07,29.01,30.13
2026-07-19T15:00,2026-07-19,15,28.48,28.08,26.69,27.43,29.19,28.22,29.28,27.82,29.32,30.35
2026-07-19T16:00,2026-07-19,16,28.26,27.75,26.76,26.7,28.73,28.73,29.25,27.25,29.4,30.1
2026-07-19T17:00,2026-07-19,17,27.8,27.59,26.41,26.71,27.33,27.21,28.99,27.32,28.77,29.26
2026-07-19T18:00,2026-07-19,18,28.33,28.28,26.62,27.06,28.54,27.33,29.27,28.01,29.46,29.64
2026-07-19T19:00,2026-07-19,19,27.45,27.56,26.04,26.31,27.4,26.57,28.55,27.42,28.26,28.11
2026-07-19T20:00,2026-07-19,20,27.05,27.22,25.94,26.03,27.07,26.37,28.26,27.24,27.26,27.52
2026-07-19T21:00,2026-07-19,21,26.75,26.95,25.77,25.94,26.48,26.03,27.96,27.08,26.78,27.18
2026-07-19T22:00,2026-07-19,22,26.59,26.75,25.54,25.91,26.36,25.79,27.69,27.02,26.88,26.82
2026-07-19T23:00,2026-07-19,23,26.39,26.57,25.37,25.77,26.28,25.58,27.4,26.91,26.78,26.3
2026-07-20T00:00,2026-07-20,0,26.68,26.63,25.88,26.0,26.49,25.66,27.64,27.1,27.39,26.97
2026-07-20T01:00,2026-07-20,1,26.38,26.46,25.56,25.67,26.3,25.46,27.42,26.71,27.03,26.3
2026-07-20T02:00,2026-07-20,2,26.18,26.29,25.45,25.41,26.14,25.26,27.09,26.76,26.71,26.08
2026-07-20T03:00,2026-07-20,3,25.98,26.09,25.21,25.38,25.8,25.1,26.76,26.61,26.48,25.99
2026-07-20T04:00,2026-07-20,4,25.83,25.88,25.1,25.24,25.66,24.96,26.63,26.36,26.37,25.96
2026-07-20T05:00,2026-07-20,5,25.69,25.69,25.0,25.32,25.49,24.85,26.27,26.23,26.23,25.81
2026-07-20T06:00,2026-07-20,6,25.73,25.66,25.45,25.48,25.41,24.85,26.56,25.98,26.19,25.7
2026-07-20T07:00,2026-07-20,7,25.86,25.82,25.93,25.75,25.15,24.9,26.74,25.91,26.43,25.58
2026-07-20T08:00,2026-07-20,8,26.27,26.32,26.57,26.22,25.34,25.39,27.09,26.43,26.6,25.85
2026-07-20T09:00,2026-07-20,9,26.67,27.09,26.95,26.68,25.69,25.44,27.21,26.94,26.84,25.99
2026-07-20T10:00,2026-07-20,10,26.88,26.82,27.3,27.42,25.91,25.63,27.54,27.5,27.11,26.3
2026-07-20T11:00,2026-07-20,11,27.26,27.33,27.05,27.59,26.4,25.89,28.47,28.05,27.51,26.43
2026-07-20T12:00,2026-07-20,12,27.33,27.58,26.4,27.41,27.9,25.98,27.73,26.75,27.87,27.13
2026-07-20T13:00,2026-07-20,13,27.27,27.51,27.03,26.7,27.4,26.36,27.59,26.73,27.72,27.42
2026-07-20T14:00,2026-07-20,14,27.26,27.1,27.09,26.68,27.87,26.45,27.23,26.78,27.81,28.22
2026-07-20T15:00,2026-07-20,15,27.14,26.75,26.86,26.75,27.88,26.44,27.1,27.16,27.8,27.96
2026-07-20T16:00,2026-07-20,16,26.98,26.62,26.58,26.62,27.55,26.46,26.99,27.24,27.4,27.93
2026-07-20T17:00,2026-07-20,17,26.85,26.63,26.24,26.35,27.17,26.41,26.93,27.3,27.17,27.82
2026-07-20T18:00,2026-07-20,18,27.14,26.99,26.28,27.45,26.53,26.48,27.25,27.55,27.58,27.86
2026-07-20T19:00,2026-07-20,19,26.5,26.43,25.83,26.82,25.83,25.65,26.69,27.14,26.93,26.88
2026-07-20T20:00,2026-07-20,20,26.26,26.22,25.68,26.49,25.67,25.32,26.56,26.98,26.64,26.48
2026-07-20T21:00,2026-07-20,21,26.12,26.13,25.63,26.33,25.42,25.08,26.56,26.83,26.45,26.2
2026-07-20T22:00,2026-07-20,22,25.99,26.02,25.53,26.16,25.32,24.92,26.46,26.78,26.27,26.0
2026-07-20T23:00,2026-07-20,23,25.83,25.87,25.37,25.99,25.18,24.79,26.3,26.73,26.07,25.76
2026-07-21T00:00,2026-07-21,0,26.11,26.08,25.8,26.2,25.69,25.26,26.44,26.79,26.24,26.33
2026-07-21T01:00,2026-07-21,1,25.68,25.68,25.48,25.8,25.18,24.98,26.09,26.14,25.77,25.79
2026-07-21T02:00,2026-07-21,2,25.48,25.44,25.29,25.72,24.95,24.85,25.92,25.89,25.59,25.43
2026-07-21T03:00,2026-07-21,3,25.36,25.39,25.14,25.48,24.85,24.81,25.75,25.8,25.47,25.27
2026-07-21T04:00,2026-07-21,4,25.23,25.23,25.02,25.36,24.79,24.66,25.58,25.65,25.42,25.12
2026-07-21T05:00,2026-07-21,5,25.16,25.26,24.86,25.26,24.71,24.6,25.38,25.58,25.37,25.05
2026-07-21T06:00,2026-07-21,6,25.79,25.96,25.73,25.79,25.39,25.36,26.18,25.86,25.88,25.47
2026-07-21T07:00,2026-07-21,7,26.27,26.64,26.8,26.04,25.68,26.08,26.26,25.89,26.32,25.81
2026-07-21T08:00,2026-07-21,8,26.81,27.36,27.86,26.18,26.03,26.5,26.52,26.44,26.91,26.36
2026-07-21T09:00,2026-07-21,9,27.44,27.83,28.39,27.17,26.84,27.38,26.85,26.53,27.87,27.03
2026-07-21T10:00,2026-07-21,10,27.66,26.88,26.83,28.0,27.86,28.61,27.37,26.93,28.83,28.51
2026-07-21T11:00,2026-07-21,11,28.39,27.77,27.6,27.82,29.04,29.82,28.12,27.57,29.22,29.65
2026-07-21T12:00,2026-07-21,12,29.39,29.06,29.47,28.5,30.23,31.32,28.67,28.54,29.73,30.1
2026-07-21T13:00,2026-07-21,13,29.72,29.29,28.29,29.36,30.61,31.71,29.42,28.75,30.12,30.81
2026-07-21T14:00,2026-07-21,14,30.04,29.58,28.21,30.05,31.43,32.34,29.18,28.27,30.62,31.39
2026-07-21T15:00,2026-07-21,15,30.34,30.5,27.44,30.16,31.7,32.59,28.87,28.16,31.25,31.64
2026-07-21T16:00,2026-07-21,16,29.96,29.97,26.82,29.41,31.8,32.49,28.37,27.63,31.15,31.57
2026-07-21T17:00,2026-07-21,17,29.14,28.52,26.36,28.66,30.4,31.75,28.06,27.32,30.7,31.15
2026-07-21T18:00,2026-07-21,18,28.66,28.66,26.4,27.89,30.24,29.22,27.59,27.52,29.36,30.7
2026-07-21T19:00,2026-07-21,19,27.56,27.5,25.88,27.11,28.76,27.68,26.83,26.86,27.94,29.28
2026-07-21T20:00,2026-07-21,20,27.16,27.13,25.67,26.64,28.03,27.38,26.71,26.65,27.49,28.58
2026-07-21T21:00,2026-07-21,21,26.91,26.89,25.47,26.43,27.54,27.27,26.56,26.62,27.24,28.07
2026-07-21T22:00,2026-07-21,22,26.74,26.7,25.25,26.26,27.29,26.99,26.45,26.61,27.15,27.95
2026-07-21T23:00,2026-07-21,23,26.51,26.43,25.17,26.01,27.15,26.21,26.24,26.58,26.92,27.84
2026-07-22T00:00,2026-07-22,0,26.42,26.35,25.53,25.94,26.6,26.27,26.42,26.29,26.77,27.45
2026-07-22T01:00,2026-07-22,1,25.9,25.96,25.23,25.39,25.99,25.28,25.92,25.67,26.45,26.69
2026-07-22T02:00,2026-07-22,2,25.69,25.73,25.13,25.22,25.83,25.19,25.76,25.46,26.28,26.1
2026-07-22T03:00,2026-07-22,3,25.42,25.27,25.02,25.18,25.6,25.03,25.5,25.36,25.98,25.84
2026-07-22T04:00,2026-07-22,4,25.27,25.0,24.98,25.13,25.53,24.96,25.33,25.37,25.76,25.7
2026-07-22T05:00,2026-07-22,5,25.19,24.93,24.87,25.14,25.3,24.79,25.28,25.48,25.67,25.55
2026-07-22T06:00,2026-07-22,6,25.77,25.67,25.22,25.69,25.59,25.55,25.76,26.15,25.92,26.43
2026-07-22T07:00,2026-07-22,7,26.46,26.47,26.27,26.4,26.34,26.32,26.36,26.92,26.42,26.74
2026-07-22T08:00,2026-07-22,8,27.49,27.75,27.39,27.23,26.96,27.94,27.47,27.3,27.32,27.64
2026-07-22T09:00,2026-07-22,9,28.66,28.77,28.38,28.0,28.62,29.76,28.42,27.78,28.91,29.04
2026-07-22T10:00,2026-07-22,10,28.91,28.23,27.63,28.15,29.32,31.07,29.1,27.49,29.95,30.23
2026-07-22T11:00,2026-07-22,11,29.07,27.9,28.25,28.28,30.48,31.88,29.48,28.76,28.95,30.71
2026-07-22T12:00,2026-07-22,12,28.71,28.19,26.48,28.38,30.09,30.79,28.78,28.01,28.37,30.61
2026-07-22T13:00,2026-07-22,13,28.67,28.71,26.23,27.92,28.92,30.65,28.58,28.1,28.78,30.21
2026-07-22T14:00,2026-07-22,14,29.19,29.48,26.48,28.63,30.1,31.31,28.14,27.79,29.51,30.69
2026-07-22T15:00,2026-07-22,15,28.97,28.36,26.91,29.24,30.63,30.85,27.7,27.6,30.23,30.02
2026-07-22T16:00,2026-07-22,16,28.61,28.32,26.44,28.48,29.9,30.65,27.36,27.45,29.54,29.82
2026-07-22T17:00,2026-07-22,17,28.06,28.13,26.41,28.34,28.78,28.86,27.26,26.99,28.27,29.04
2026-07-22T18:00,2026-07-22,18,28.2,28.37,26.29,27.97,29.29,29.42,27.1,27.14,28.52,29.24
2026-07-22T19:00,2026-07-22,19,27.15,27.1,25.5,26.95,27.95,27.77,26.61,26.73,27.7,28.01
2026-07-22T20:00,2026-07-22,20,26.73,26.7,25.25,26.49,27.31,27.08,26.42,26.64,27.28,27.3
2026-07-22T21:00,2026-07-22,21,26.41,26.44,24.9,26.32,26.72,26.29,26.32,26.5,26.93,26.97
2026-07-22T22:00,2026-07-22,22,26.24,26.31,24.85,26.26,26.43,25.9,26.26,26.33,26.65,26.68
2026-07-22T23:00,2026-07-22,23,25.98,26.21,24.75,25.98,26.03,25.63,26.05,25.54,26.4,26.24
2026-07-23T00:00,2026-07-23,0,26.25,26.42,24.84,25.95,26.3,26.04,26.48,25.79,26.6,27.03
2026-07-23T01:00,2026-07-23,1,25.8,26.14,24.62,25.13,25.52,25.95,26.22,25.4,25.9,26.45
2026-07-23T02:00,2026-07-23,2,25.5,25.82,24.29,24.85,25.35,25.76,25.75,25.57,25.49,26.05
2026-07-23T03:00,2026-07-23,3,25.23,25.49,24.13,24.73,25.17,25.48,25.11,25.51,25.32,25.77
2026-07-23T04:00,2026-07-23,4,25.06,25.15,24.11,24.68,25.08,25.5,24.87,25.51,25.21,25.54
2026-07-23T05:00,2026-07-23,5,24.92,24.92,24.1,24.75,25.0,25.36,24.65,25.44,25.07,25.28
2026-07-23T06:00,2026-07-23,6,25.49,25.58,24.7,25.15,25.64,25.79,25.43,25.44,25.59,25.95
2026-07-23T07:00,2026-07-23,7,25.91,26.16,25.17,25.55,25.92,26.11,25.52,25.23,26.03,26.76
2026-07-23T08:00,2026-07-23,8,26.65,27.06,25.19,26.41,26.48,26.66,25.97,25.66,27.05,27.89
2026-07-23T09:00,2026-07-23,9,27.36,26.96,26.03,26.8,28.03,28.47,26.75,26.03,28.32,29.04
2026-07-23T10:00,2026-07-23,10,27.83,27.4,26.52,27.28,28.27,27.61,27.58,26.47,29.02,30.03
2026-07-23T11:00,2026-07-23,11,28.58,28.55,27.01,27.96,29.26,29.0,28.15,27.55,28.82,30.6
2026-07-23T12:00,2026-07-23,12,29.13,29.63,27.0,28.3,29.62,29.66,29.26,26.83,29.34,30.66
2026-07-23T13:00,2026-07-23,13,28.98,29.49,27.03,27.82,29.66,29.6,28.25,26.75,30.02,30.41
2026-07-23T14:00,2026-07-23,14,29.15,29.84,26.65,28.48,30.18,29.62,27.63,26.49,30.22,30.81
2026-07-23T15:00,2026-07-23,15,28.76,29.25,26.2,27.88,29.5,28.86,27.43,26.98,29.9,30.91
2026-07-23T16:00,2026-07-23,16,28.42,28.19,26.37,27.58,29.87,29.5,27.16,27.02,29.66,30.5
2026-07-23T17:00,2026-07-23,17,27.76,27.32,26.12,27.44,29.1,28.59,27.04,26.67,28.3,29.73
2026-07-23T18:00,2026-07-23,18,27.77,27.68,25.99,27.29,28.21,27.83,27.78,27.16,28.78,28.78
2026-07-23T19:00,2026-07-23,19,26.97,26.93,25.37,26.62,27.34,26.88,27.04,26.52,27.88,27.61
2026-07-23T20:00,2026-07-23,20,26.59,26.61,25.0,26.36,26.83,26.4,26.61,26.21,27.42,27.23
2026-07-23T21:00,2026-07-23,21,26.33,26.29,24.82,26.16,26.48,26.01,26.42,26.0,27.15,27.03
2026-07-23T22:00,2026-07-23,22,26.12,26.09,24.58,25.97,26.27,26.01,26.24,25.76,26.85,26.76
2026-07-23T23:00,2026-07-23,23,25.88,25.86,24.43,25.7,26.09,25.89,26.06,25.27,26.49,26.54
2026-07-24T00:00,2026-07-24,0,26.17,26.0,24.71,26.0,26.38,26.04,26.48,25.89,26.83,27.01
2026-07-24T01:00,2026-07-24,1,25.76,25.68,24.19,25.49,25.97,25.69,26.1,25.55,26.29,26.57
2026-07-24T02:00,2026-07-24,2,25.51,25.44,24.17,25.13,25.71,25.56,25.9,25.14,26.01,26.28
2026-07-24T03:00,2026-07-24,3,25.32,25.29,24.2,24.92,25.51,25.38,25.58,24.9,25.77,26.02
2026-07-24T04:00,2026-07-24,4,25.12,25.09,24.0,24.73,25.32,25.02,25.26,25.06,25.58,25.83
2026-07-24T05:00,2026-07-24,5,25.0,24.99,23.83,24.54,25.1,24.93,25.18,24.97,25.52,25.63
2026-07-24T06:00,2026-07-24,6,25.5,25.29,24.56,25.31,25.61,25.74,25.49,25.48,26.1,26.11
2026-07-24T07:00,2026-07-24,7,26.05,25.75,25.31,26.16,26.31,26.38,25.65,25.91,26.57,26.78
2026-07-24T08:00,2026-07-24,8,26.82,26.43,25.54,27.22,27.18,27.49,26.19,26.23,27.49,27.88
2026-07-24T09:00,2026-07-24,9,27.85,27.44,26.42,28.56,28.18,28.7,26.85,27.06,28.51,29.1
2026-07-24T10:00,2026-07-24,10,28.93,28.97,27.64,29.61,28.79,30.26,27.33,27.83,29.31,30.08
2026-07-24T11:00,2026-07-24,11,29.57,29.96,28.59,29.91,29.94,30.48,27.48,27.93,29.79,30.88
2026-07-24T12:00,2026-07-24,12,29.58,29.6,27.47,29.45,30.4,30.54,28.84,27.38,30.43,31.06
2026-07-24T13:00,2026-07-24,13,29.85,29.76,27.35,29.4,31.07,31.0,29.31,27.5,30.97,31.5
2026-07-24T14:00,2026-07-24,14,30.32,30.53,28.91,29.35,31.42,31.85,29.09,27.61,31.27,31.82
2026-07-24T15:00,2026-07-24,15,30.38,30.69,27.61,29.87,31.85,32.1,28.8,28.06,31.32,32.0
2026-07-24T16:00,2026-07-24,16,30.1,30.49,26.88,29.66,30.58,31.59,29.27,28.02,31.08,31.62
2026-07-24T17:00,2026-07-24,17,29.63,29.91,26.66,29.29,30.52,31.34,28.4,27.89,30.61,31.01
2026-07-24T18:00,2026-07-24,18,29.18,29.15,26.7,28.45,29.9,30.36,28.84,28.05,29.99,30.78
2026-07-24T19:00,2026-07-24,19,28.12,28.16,25.69,27.53,28.8,28.96,27.75,27.09,28.95,29.57
2026-07-24T20:00,2026-07-24,20,27.63,27.6,25.27,27.1,28.29,28.57,27.3,26.75,28.42,28.99
2026-07-24T21:00,2026-07-24,21,27.24,27.2,25.08,26.58,27.95,28.08,26.98,26.48,28.03,28.55
2026-07-24T22:00,2026-07-24,22,26.93,26.86,24.9,26.35,27.73,27.67,26.67,26.3,27.72,28.06
2026-07-24T23:00,2026-07-24,23,26.66,26.51,24.78,26.2,27.32,27.35,26.38,26.14,27.44,27.81
2026-07-25T00:00,2026-07-25,0,27.03,26.84,25.13,26.54,27.65,27.81,26.86,26.52,27.81,28.22
2026-07-25T01:00,2026-07-25,1,26.51,26.39,24.83,26.08,26.94,27.39,26.25,25.86,27.29,27.49
2026-07-25T02:00,2026-07-25,2,26.23,26.14,24.6,25.72,26.7,27.08,25.89,25.67,26.99,27.21
2026-07-25T03:00,2026-07-25,3,26.01,25.9,24.46,25.47,26.64,26.7,25.69,25.49,26.67,27.04
2026-07-25T04:00,2026-07-25,4,25.82,25.7,24.36,25.35,26.57,26.26,25.48,25.45,26.43,26.79
2026-07-25T05:00,2026-07-25,5,25.66,25.54,24.32,25.18,26.31,25.95,25.38,25.5,26.26,26.59
2026-07-25T06:00,2026-07-25,6,26.3,26.05,25.12,25.59,26.85,26.64,26.2,26.21,27.01,27.35
2026-07-25T07:00,2026-07-25,7,27.23,26.94,26.39,26.71,27.54,27.75,27.02,26.97,27.81,28.3
2026-07-25T08:00,2026-07-25,8,28.43,28.19,27.94,28.06,28.68,29.13,28.16,27.54,28.96,29.39
2026-07-25T09:00,2026-07-25,9,29.57,29.31,29.11,29.26,29.95,30.52,29.37,28.54,29.89,30.45
2026-07-25T10:00,2026-07-25,10,30.64,30.43,30.13,30.27,31.03,31.89,30.43,29.35,31.04,31.35
2026-07-25T11:00,2026-07-25,11,31.51,31.35,31.12,31.25,32.14,32.97,31.03,29.79,31.84,32.14
2026-07-25T12:00,2026-07-25,12,31.6,31.55,31.04,31.4,32.17,32.79,31.04,29.17,32.15,32.41
2026-07-25T13:00,2026-07-25,13,31.85,31.74,31.08,31.52,32.46,33.33,31.37,29.54,32.29,32.95
2026-07-25T14:00,2026-07-25,14,31.98,31.86,29.86,31.51,33.2,33.69,31.65,30.0,32.54,33.33
2026-07-25T15:00,2026-07-25,15,32.02,32.01,29.74,31.46,33.61,33.8,31.44,29.97,32.44,33.42
2026-07-25T16:00,2026-07-25,16,31.68,31.75,29.33,30.72,33.35,33.74,30.86,29.53,32.27,33.24
2026-07-25T17:00,2026-07-25,17,31.03,31.04,28.29,29.97,32.62,33.27,30.25,28.86,31.81,32.84
2026-07-25T18:00,2026-07-25,18,30.42,30.33,28.21,29.72,31.76,32.75,29.77,28.72,30.86,31.8
2026-07-25T19:00,2026-07-25,19,29.21,29.14,27.2,28.68,30.15,31.11,28.73,27.99,29.57,30.45
2026-07-25T20:00,2026-07-25,20,28.63,28.52,26.96,28.1,29.39,30.52,28.17,27.62,28.95,29.72
2026-07-25T21:00,2026-07-25,21,28.2,28.08,26.75,27.65,29.04,29.49,27.79,27.37,28.51,29.33
2026-07-25T22:00,2026-07-25,22,27.81,27.61,26.43,27.35,28.58,29.02,27.39,27.14,28.16,29.03
2026-07-25T23:00,2026-07-25,23,27.46,27.25,26.25,26.96,28.16,28.35,27.09,26.97,27.92,28.6
2026-07-26T00:00,2026-07-26,0,27.7,27.45,26.38,27.17,28.53,28.29,27.28,26.91,28.4,29.1
2026-07-26T01:00,2026-07-26,1,27.13,26.9,25.93,26.72,27.86,27.51,26.77,26.62,27.75,28.31
2026-07-26T02:00,2026-07-26,2,26.83,26.62,25.73,26.52,27.34,27.23,26.48,26.48,27.32,27.94
2026-07-26T03:00,2026-07-26,3,26.6,26.46,25.6,26.32,27.03,26.85,26.31,26.39,26.94,27.63
2026-07-26T04:00,2026-07-26,4,26.42,26.39,25.41,26.15,26.69,26.52,26.18,26.39,26.67,27.31
2026-07-26T05:00,2026-07-26,5,26.26,26.25,25.38,26.0,26.41,26.22,26.11,26.29,26.46,27.15
2026-07-26T06:00,2026-07-26,6,26.87,26.97,25.84,26.89,26.97,26.64,26.7,26.53,27.02,27.7
2026-07-26T07:00,2026-07-26,7,27.87,27.98,27.1,28.0,28.0,27.39,27.6,27.28,28.05,28.66
2026-07-26T08:00,2026-07-26,8,29.07,29.0,28.52,29.22,29.25,28.99,28.79,28.16,29.28,29.92
2026-07-26T09:00,2026-07-26,9,30.12,30.07,29.7,30.18,30.33,30.42,29.81,28.67,30.37,30.99
2026-07-26T10:00,2026-07-26,10,31.03,31.04,30.85,30.95,31.29,31.65,30.4,29.4,31.34,31.82
2026-07-26T11:00,2026-07-26,11,31.53,31.73,30.32,31.31,32.19,32.76,30.51,29.57,32.08,32.4
2026-07-26T12:00,2026-07-26,12,32.15,32.43,30.99,32.43,32.47,32.93,31.68,29.95,32.63,32.41
2026-07-26T13:00,2026-07-26,13,32.04,32.64,27.95,32.41,32.83,33.82,31.29,29.55,32.75,32.87
2026-07-26T14:00,2026-07-26,14,32.13,32.89,28.29,31.66,33.09,34.01,31.21,29.48,32.97,33.22
2026-07-26T15:00,2026-07-26,15,31.96,32.75,28.02,31.05,33.19,34.18,30.89,28.9,32.94,33.36
2026-07-26T16:00,2026-07-26,16,31.33,31.37,27.59,30.02,33.07,33.95,30.64,28.38,32.78,33.35
2026-07-26T17:00,2026-07-26,17,30.58,30.49,27.73,29.22,32.25,32.45,29.88,27.95,31.83,32.87
2026-07-26T18:00,2026-07-26,18,30.25,30.56,26.94,28.58,30.86,32.17,29.73,27.92,31.86,32.25
2026-07-26T19:00,2026-07-26,19,29.03,29.31,26.31,27.73,29.41,30.19,28.66,27.24,30.36,30.74
2026-07-26T20:00,2026-07-26,20,28.48,28.66,26.28,27.33,29.03,29.24,28.06,27.09,29.65,30.0
2026-07-26T21:00,2026-07-26,21,28.09,28.12,26.18,27.08,28.56,28.46,27.79,27.0,29.26,29.59
2026-07-26T22:00,2026-07-26,22,27.73,27.56,26.07,26.97,28.06,27.66,27.61,26.92,29.04,29.18
2026-07-26T23:00,2026-07-26,23,27.4,27.21,25.86,26.82,27.69,26.73,27.17,26.65,28.87,28.93
2026-07-27T00:00,2026-07-27,0,28.01,28.07,26.6,27.58,28.27,27.37,27.79,27.16,28.84,29.43
2026-07-27T01:00,2026-07-27,1,27.31,27.5,26.24,26.72,27.57,26.91,26.96,26.13,28.18,28.33
2026-07-27T02:00,2026-07-27,2,26.94,27.18,25.59,26.47,27.21,26.74,26.44,25.67,27.94,27.91
2026-07-27T03:00,2026-07-27,3,26.64,26.85,25.16,26.24,26.93,26.48,26.1,25.79,27.63,27.51
2026-07-27T04:00,2026-07-27,4,26.38,26.33,25.02,26.15,26.7,26.33,25.82,25.84,27.44,27.31
2026-07-27T05:00,2026-07-27,5,26.17,25.96,24.95,25.98,26.57,26.24,25.77,25.51,27.2,27.15
2026-07-27T06:00,2026-07-27,6,26.86,26.61,26.03,26.56,27.25,27.29,26.63,26.37,27.49,27.67
2026-07-27T07:00,2026-07-27,7,27.41,27.12,26.75,27.18,28.14,28.52,26.82,26.56,27.87,28.18
2026-07-27T08:00,2026-07-27,8,28.32,28.07,28.13,28.15,29.45,29.94,26.95,27.22,28.79,28.88
2026-07-27T09:00,2026-07-27,9,29.27,29.26,29.08,28.91,30.5,30.95,27.99,27.13,29.65,29.89
2026-07-27T10:00,2026-07-27,10,30.11,30.22,29.96,29.24,31.52,31.92,28.75,27.46,30.85,30.67
2026-07-27T11:00,2026-07-27,11,30.87,31.11,30.43,29.59,32.19,32.75,29.45,28.21,31.78,31.64
2026-07-27T12:00,2026-07-27,12,31.48,31.74,29.52,30.9,32.42,33.61,30.96,28.86,32.01,32.3
2026-07-27T13:00,2026-07-27,13,31.31,31.58,28.66,29.92,32.82,33.49,30.82,27.94,32.53,32.75
2026-07-27T14:00,2026-07-27,14,31.22,30.96,29.01,29.03,33.41,33.96,30.71,27.92,32.85,33.13
2026-07-27T15:00,2026-07-27,15,30.86,30.15,28.08,28.83,32.93,34.05,30.42,27.68,32.92,33.36
2026-07-27T16:00,2026-07-27,16,30.43,29.98,27.16,28.66,32.07,33.67,29.93,27.35,32.31,32.88
2026-07-27T17:00,2026-07-27,17,29.69,29.34,27.02,28.36,31.3,31.74,28.75,27.08,31.12,32.43
2026-07-27T18:00,2026-07-27,18,29.47,29.03,27.41,28.37,30.95,31.25,28.32,27.03,31.06,31.9
2026-07-27T19:00,2026-07-27,19,28.7,28.44,26.6,27.81,30.05,30.17,27.59,26.77,29.99,30.79
2026-07-27T20:00,2026-07-27,20,28.32,28.13,26.43,27.45,29.41,29.66,27.3,26.71,29.47,30.25
2026-07-27T21:00,2026-07-27,21,28.02,27.81,26.32,27.19,29.09,29.43,27.1,26.73,29.04,29.6
2026-07-27T22:00,2026-07-27,22,27.75,27.61,26.15,27.06,28.7,28.85,26.96,26.67,28.71,29.08
2026-07-27T23:00,2026-07-27,23,27.51,27.38,26.03,26.9,28.36,28.38,26.85,26.49,28.35,28.8
2026-07-28T00:00,2026-07-28,0,27.74,27.46,26.63,26.65,28.79,28.78,27.17,26.44,28.83,29.2
2026-07-28T01:00,2026-07-28,1,27.2,26.91,26.14,26.18,28.29,28.29,26.48,25.8,28.27,28.67
2026-07-28T02:00,2026-07-28,2,26.94,26.69,25.92,26.03,27.87,27.99,26.11,25.82,27.89,28.41
2026-07-28T03:00,2026-07-28,3,26.7,26.5,25.64,25.88,27.54,27.49,25.96,25.8,27.57,28.12
2026-07-28T04:00,2026-07-28,4,26.48,26.34,25.45,25.8,27.3,26.93,25.78,25.64,27.28,27.76
2026-07-28T05:00,2026-07-28,5,26.35,26.22,25.42,25.66,27.18,26.52,25.75,25.65,27.23,27.49
2026-07-28T06:00,2026-07-28,6,27.02,27.08,26.25,26.54,27.46,27.59,26.25,26.35,27.42,28.05
2026-07-28T07:00,2026-07-28,7,27.57,27.63,26.69,27.28,28.2,28.17,26.53,26.96,27.96,28.51
2026-07-28T08:00,2026-07-28,8,28.32,28.44,27.17,27.93,29.0,28.77,27.34,27.5,28.92,29.35
2026-07-28T09:00,2026-07-28,9,29.19,29.15,28.14,28.63,30.16,30.02,28.33,27.75,30.05,30.14
2026-07-28T10:00,2026-07-28,10,30.02,30.14,28.14,29.26,31.25,31.5,29.63,27.63,30.81,31.0
2026-07-28T11:00,2026-07-28,11,30.5,30.62,28.04,29.77,32.17,32.54,30.42,27.29,31.0,31.74
2026-07-28T12:00,2026-07-28,12,30.42,30.07,27.48,29.34,31.83,32.72,30.99,27.96,31.34,32.02
2026-07-28T13:00,2026-07-28,13,30.46,30.1,27.9,29.42,30.52,32.92,31.01,28.41,31.5,32.33
2026-07-28T14:00,2026-07-28,14,30.73,30.6,27.29,30.28,30.97,33.43,31.14,28.69,31.3,32.45
2026-07-28T15:00,2026-07-28,15,30.59,30.97,26.65,29.84,30.14,32.93,31.18,28.77,30.98,32.32
2026-07-28T16:00,2026-07-28,16,30.03,30.43,26.27,28.67,30.57,29.94,30.85,28.62,31.0,32.01
2026-07-28T17:00,2026-07-28,17,29.24,29.18,26.2,28.2,29.97,28.13,30.32,28.11,30.4,31.36
2026-07-28T18:00,2026-07-28,18,29.27,29.2,26.59,28.46,30.12,29.82,29.61,28.05,30.1,30.86
2026-07-28T19:00,2026-07-28,19,28.54,28.48,26.2,27.86,29.31,28.89,28.83,27.52,29.25,30.0
2026-07-28T20:00,2026-07-28,20,28.08,28.08,25.71,27.45,28.48,28.43,28.3,27.09,28.86,29.61
2026-07-28T21:00,2026-07-28,21,27.79,27.85,25.5,27.28,28.11,27.85,27.92,26.89,28.57,29.24
2026-07-28T22:00,2026-07-28,22,27.54,27.61,25.32,27.11,27.89,27.05,27.73,26.82,28.3,28.97
2026-07-28T23:00,2026-07-28,23,27.32,27.4,25.34,26.95,27.6,26.59,27.53,26.8,28.05,28.63
2026-07-29T00:00,2026-07-29,0,27.66,27.76,25.82,27.17,27.75,26.96,27.8,27.16,28.56,28.87
2026-07-29T01:00,2026-07-29,1,27.2,27.34,25.63,26.43,27.33,26.64,27.27,26.95,28.1,28.27
2026-07-29T02:00,2026-07-29,2,26.8,26.87,25.46,26.02,26.94,26.35,26.74,26.41,27.76,27.9
2026-07-29T03:00,2026-07-29,3,26.39,26.38,25.07,25.76,26.46,25.91,26.49,26.02,27.28,27.51
2026-07-29T04:00,2026-07-29,4,26.1,26.12,24.81,25.56,26.09,25.78,26.22,25.74,26.81,27.12
2026-07-29T05:00,2026-07-29,5,25.89,25.89,24.61,25.54,26.02,25.64,25.98,25.58,26.4,26.87
2026-07-29T06:00,2026-07-29,6,26.42,26.47,25.33,26.08,26.4,26.2,26.68,26.15,26.77,27.16
2026-07-29T07:00,2026-07-29,7,26.95,27.19,25.63,26.41,27.0,26.86,27.32,26.17,27.46,27.41
2026-07-29T08:00,2026-07-29,8,27.59,27.76,25.84,27.11,27.68,28.15,27.97,26.42,28.29,28.05
2026-07-29T09:00,2026-07-29,9,28.35,28.6,25.29,27.59,28.99,29.85,28.52,26.95,29.52,28.83
2026-07-29T10:00,2026-07-29,10,29.04,29.24,25.65,28.13,29.94,30.82,29.12,27.58,30.16,29.88
2026-07-29T11:00,2026-07-29,11,29.61,30.03,26.28,27.53,30.95,31.65,30.12,27.62,30.74,30.48
2026-07-29T12:00,2026-07-29,12,29.85,29.53,27.17,28.32,31.6,32.17,30.11,27.46,31.79,30.54
2026-07-29T13:00,2026-07-29,13,29.97,29.75,26.68,28.41,31.05,32.5,30.32,27.4,31.97,31.21
2026-07-29T14:00,2026-07-29,14,30.27,30.69,27.36,28.41,31.8,32.79,29.49,27.53,31.5,31.76
2026-07-29T15:00,2026-07-29,15,30.28,30.38,28.6,28.4,31.77,31.49,29.57,27.61,31.76,32.03
2026-07-29T16:00,2026-07-29,16,29.85,29.78,27.25,28.18,31.62,31.04,29.69,27.34,31.18,31.89
2026-07-29T17:00,2026-07-29,17,29.12,29.08,26.83,27.92,30.34,30.01,28.89,27.19,29.91,31.35
2026-07-29T18:00,2026-07-29,18,28.54,28.21,26.24,28.05,29.02,29.35,28.54,27.41,29.17,30.78
2026-07-29T19:00,2026-07-29,19,27.66,27.68,25.74,27.0,27.78,28.15,27.59,26.91,28.09,29.42
2026-07-29T20:00,2026-07-29,20,27.27,27.39,25.32,26.67,27.43,27.82,27.26,26.68,27.68,28.57
2026-07-29T21:00,2026-07-29,21,26.96,27.18,25.25,26.33,27.23,26.98,27.08,26.68,27.44,27.76
2026-07-29T22:00,2026-07-29,22,26.72,26.9,24.98,26.18,26.76,26.66,26.93,26.66,27.35,27.34
2026-07-29T23:00,2026-07-29,23,26.54,26.71,24.97,26.18,26.6,26.24,26.72,26.61,27.11,26.99
2026-07-30T00:00,2026-07-30,0,26.58,26.48,25.38,26.09,26.82,26.44,26.86,26.71,27.21,27.19
2026-07-30T01:00,2026-07-30,1,26.06,25.75,25.32,25.74,26.31,26.05,26.37,26.2,26.55,26.74
2026-07-30T02:00,2026-07-30,2,25.86,25.74,24.81,25.59,25.86,25.91,26.2,25.88,26.14,26.57
2026-07-30T03:00,2026-07-30,3,25.66,25.61,24.57,25.35,25.37,25.74,26.25,25.39,25.94,26.43
2026-07-30T04:00,2026-07-30,4,25.55,25.45,24.62,25.28,25.26,25.81,26.2,25.22,25.75,26.21
2026-07-30T05:00,2026-07-30,5,25.43,25.29,24.56,25.1,24.97,25.71,26.1,25.35,25.65,26.11
2026-07-30T06:00,2026-07-30,6,25.84,25.51,25.22,25.35,26.06,26.1,26.36,25.86,26.23,26.4
2026-07-30T07:00,2026-07-30,7,26.14,25.69,25.58,25.52,26.29,26.46,26.78,26.2,26.74,26.77
2026-07-30T08:00,2026-07-30,8,26.66,26.01,26.85,26.0,26.86,27.49,27.27,26.46,27.35,26.91
2026-07-30T09:00,2026-07-30,9,27.44,26.61,28.27,26.58,27.38,28.37,28.36,26.89,28.24,27.73
2026-07-30T10:00,2026-07-30,10,28.15,27.42,29.03,27.34,27.8,29.16,29.17,27.62,28.23,28.96
2026-07-30T11:00,2026-07-30,11,28.75,28.19,29.4,28.17,28.66,29.2,29.35,28.38,29.09,29.25
2026-07-30T12:00,2026-07-30,12,28.82,28.15,27.41,27.25,29.99,30.57,28.71,27.33,30.63,30.23
2026-07-30T13:00,2026-07-30,13,28.65,28.02,28.44,27.54,29.49,29.83,27.76,28.14,30.34,29.49
2026-07-30T14:00,2026-07-30,14,29.3,28.98,29.05,29.11,30.52,29.67,28.07,28.14,30.63,29.69
2026-07-30T15:00,2026-07-30,15,29.24,28.84,29.35,29.3,30.6,29.13,28.89,28.44,29.86,29.21
2026-07-30T16:00,2026-07-30,16,28.63,28.17,29.14,28.55,29.44,28.05,28.65,28.54,28.88,28.99
2026-07-30T17:00,2026-07-30,17,28.03,27.6,27.65,27.47,29.28,28.39,28.34,27.97,28.07,28.67
2026-07-30T18:00,2026-07-30,18,28.55,28.36,28.06,27.82,28.87,27.85,28.97,28.46,29.21,29.37
2026-07-30T19:00,2026-07-30,19,27.83,27.6,27.43,27.19,28.01,27.49,28.32,27.67,28.47,28.4
2026-07-30T20:00,2026-07-30,20,27.49,27.28,27.2,26.93,27.53,27.07,27.99,27.35,28.17,27.94
2026-07-30T21:00,2026-07-30,21,27.25,27.08,26.94,26.79,27.29,26.57,27.71,27.18,27.91,27.64
2026-07-30T22:00,2026-07-30,22,27.02,26.88,26.53,26.62,27.14,26.24,27.53,27.01,27.74,27.33
2026-07-30T23:00,2026-07-30,23,26.84,26.73,26.18,26.55,26.92,25.96,27.3,26.86,27.59,27.13
2026-07-31T00:00,2026-07-31,0,27.26,27.3,26.7,27.05,27.31,26.33,27.51,27.23,27.93,27.38
2026-07-31T01:00,2026-07-31,1,26.9,26.93,26.33,26.73,26.82,25.92,27.14,27.04,27.51,27.08
2026-07-31T02:00,2026-07-31,2,26.67,26.73,26.11,26.46,26.47,25.86,26.97,26.83,27.27,26.79
2026-07-31T03:00,2026-07-31,3,26.45,26.56,26.01,26.24,26.21,25.83,26.7,26.38,27.09,26.34
2026-07-31T04:00,2026-07-31,4,26.25,26.4,25.86,26.05,25.95,25.74,26.31,26.13,26.87,26.17
2026-07-31T05:00,2026-07-31,5,26.05,26.26,25.62,25.85,25.76,25.6,26.11,25.95,26.65,25.86
2026-07-31T06:00,2026-07-31,6,26.49,26.6,26.11,26.34,26.48,26.41,26.58,26.23,26.83,26.44
2026-07-31T07:00,2026-07-31,7,27.21,27.43,27.0,26.95,27.29,27.18,27.25,26.93,27.46,26.84
2026-07-31T08:00,2026-07-31,8,28.24,28.43,28.15,27.74,28.63,28.45,28.5,27.91,28.43,27.67
2026-07-31T09:00,2026-07-31,9,29.4,29.62,29.48,28.27,29.92,29.78,29.68,28.98,29.7,28.98
2026-07-31T10:00,2026-07-31,10,30.35,30.55,30.16,29.15,30.9,30.51,30.75,29.83,30.78,30.23
2026-07-31T11:00,2026-07-31,11,30.83,30.69,29.47,29.84,31.48,31.49,31.67,30.5,31.63,30.88
2026-07-31T12:00,2026-07-31,12,31.15,30.95,29.68,31.03,31.24,31.82,32.11,30.66,31.78,30.99
2026-07-31T13:00,2026-07-31,13,31.4,31.47,30.42,31.34,31.86,32.28,31.9,30.38,31.44,31.19
2026-07-31T14:00,2026-07-31,14,31.38,31.92,30.0,31.38,31.45,32.59,31.43,29.95,31.46,30.9
2026-07-31T15:00,2026-07-31,15,31.26,31.58,29.91,31.35,30.93,32.86,30.76,30.33,31.66,31.2
2026-07-31T16:00,2026-07-31,16,30.67,30.34,29.09,30.81,31.04,32.62,30.32,30.1,31.32,31.01
2026-07-31T17:00,2026-07-31,17,29.56,28.69,28.41,29.44,30.56,31.7,29.99,29.48,29.3,30.67
2026-07-31T18:00,2026-07-31,18,29.36,29.1,28.16,29.01,29.62,30.44,29.87,29.36,29.28,30.09
2026-07-31T19:00,2026-07-31,19,28.44,28.24,27.35,28.09,28.71,29.28,28.99,28.58,28.5,28.75
2026-07-31T20:00,2026-07-31,20,28.05,27.93,27.13,27.73,28.24,28.74,28.57,28.17,28.11,28.25
2026-07-31T21:00,2026-07-31,21,27.72,27.7,26.76,27.39,27.81,28.29,28.15,27.84,27.87,27.82
2026-07-31T22:00,2026-07-31,22,27.47,27.52,26.43,27.14,27.68,27.66,27.9,27.57,27.63,27.57
2026-07-31T23:00,2026-07-31,23,27.15,27.24,26.09,26.89,27.41,26.75,27.67,27.39,27.44,27.15
2026-08-01T00:00,2026-08-01,0,27.4,27.58,26.33,27.31,27.47,26.8,27.93,27.7,27.92,26.93
2026-08-01T01:00,2026-08-01,1,26.94,27.14,26.09,26.91,26.45,26.3,27.49,27.3,27.57,26.45
2026-08-01T02:00,2026-08-01,2,26.65,26.81,25.98,26.64,25.6,25.95,27.27,27.14,27.44,26.17
2026-08-01T03:00,2026-08-01,3,26.45,26.61,25.95,26.46,25.47,25.69,26.91,26.96,27.22,25.97
2026-08-01T04:00,2026-08-01,4,26.22,26.4,25.76,26.26,25.18,25.57,26.54,26.64,26.99,25.77
2026-08-01T05:00,2026-08-01,5,26.06,26.27,25.61,26.11,25.3,25.42,26.27,26.4,26.8,25.52
2026-08-01T06:00,2026-08-01,6,26.86,27.04,26.2,26.98,26.66,26.12,27.05,27.21,27.49,26.28
2026-08-01T07:00,2026-08-01,7,27.39,27.9,26.76,27.48,27.04,26.48,27.11,27.64,28.15,26.55
2026-08-01T08:00,2026-08-01,8,28.17,28.88,27.09,28.51,27.71,27.33,27.51,28.16,29.08,27.31
2026-08-01T09:00,2026-08-01,9,29.16,29.92,28.32,29.42,28.75,28.53,28.42,28.27,30.15,28.34
2026-08-01T10:00,2026-08-01,10,29.7,29.73,28.7,30.4,30.08,29.8,29.03,28.23,30.69,29.59
2026-08-01T11:00,2026-08-01,11,30.03,29.87,29.17,29.64,30.59,30.88,29.59,28.78,31.31,30.22
2026-08-01T12:00,2026-08-01,12,30.88,31.02,29.91,30.99,31.43,31.16,30.73,29.95,31.81,30.14
2026-08-01T13:00,2026-08-01,13,30.9,31.18,29.96,31.14,31.59,31.07,29.89,30.43,31.78,30.35
2026-08-01T14:00,2026-08-01,14,30.71,30.42,30.39,31.3,31.94,31.32,29.32,29.41,31.46,30.97
2026-08-01T15:00,2026-08-01,15,30.31,29.57,29.94,30.42,31.79,31.35,29.59,29.22,30.92,31.24
2026-08-01T16:00,2026-08-01,16,29.84,29.39,28.8,28.82,30.52,31.07,29.95,28.9,30.47,31.29
2026-08-01T17:00,2026-08-01,17,28.96,28.44,28.35,28.44,29.12,28.23,29.38,28.76,29.44,30.82
2026-08-01T18:00,2026-08-01,18,29.4,29.16,28.5,29.03,29.25,29.73,29.72,29.15,29.92,30.28
2026-08-01T19:00,2026-08-01,19,28.44,28.24,27.75,28.07,28.29,28.31,28.91,28.42,28.88,29.19
2026-08-01T20:00,2026-08-01,20,28.09,27.89,27.38,27.71,28.0,27.89,28.69,28.09,28.59,28.59
2026-08-01T21:00,2026-08-01,21,27.8,27.65,27.05,27.49,27.75,27.39,28.44,27.79,28.35,28.1
2026-08-01T22:00,2026-08-01,22,27.54,27.46,26.75,27.26,27.62,27.03,28.15,27.58,28.01,27.73
2026-08-01T23:00,2026-08-01,23,27.29,27.27,26.54,27.11,27.37,26.5,28.01,27.41,27.8,27.17
2026-08-02T00:00,2026-08-02,0,27.56,27.62,26.35,27.58,27.46,26.48,28.3,27.84,28.26,27.42
2026-08-02T01:00,2026-08-02,1,27.04,27.19,25.76,27.19,26.62,26.05,27.89,27.48,27.69,26.65
2026-08-02T02:00,2026-08-02,2,26.75,26.94,25.53,26.84,26.33,25.68,27.52,27.33,27.42,26.29
2026-08-02T03:00,2026-08-02,3,26.54,26.74,25.43,26.56,26.1,25.67,26.97,27.18,27.33,26.06
2026-08-02T04:00,2026-08-02,4,26.23,26.55,25.39,26.39,26.04,25.61,26.38,26.25,26.58,25.87
2026-08-02T05:00,2026-08-02,5,25.96,26.47,25.29,25.99,25.78,25.47,25.86,25.87,26.06,25.62
2026-08-02T06:00,2026-08-02,6,26.76,27.17,25.96,26.54,26.58,26.22,26.55,26.16,27.38,26.88
2026-08-02T07:00,2026-08-02,7,27.21,27.51,26.57,27.03,27.15,26.7,26.98,26.82,27.83,27.26
2026-08-02T08:00,2026-08-02,8,28.0,28.06,27.25,28.05,28.0,27.75,28.01,28.05,28.51,27.9
2026-08-02T09:00,2026-08-02,9,29.05,28.91,28.18,29.28,28.97,29.23,29.64,28.97,29.71,28.51
2026-08-02T10:00,2026-08-02,10,30.14,30.22,29.05,30.2,29.87,30.41,30.55,29.98,30.73,29.73
2026-08-02T11:00,2026-08-02,11,30.78,30.95,29.7,30.63,30.71,30.84,31.75,30.6,31.38,29.81
2026-08-02T12:00,2026-08-02,12,30.85,30.84,30.16,30.45,29.65,31.54,32.19,30.08,31.27,30.84
2026-08-02T13:00,2026-08-02,13,30.21,30.49,29.15,29.41,29.19,29.46,31.08,28.42,31.53,30.96
2026-08-02T14:00,2026-08-02,14,29.94,29.62,28.33,29.03,30.16,29.89,30.03,29.08,31.49,31.53
2026-08-02T15:00,2026-08-02,15,29.77,28.93,28.04,28.92,30.47,30.41,29.68,29.32,31.53,31.6
2026-08-02T16:00,2026-08-02,16,29.02,28.03,27.91,28.8,29.71,29.2,28.97,29.43,29.56,31.32
2026-08-02T17:00,2026-08-02,17,28.6,27.79,27.55,28.51,28.71,28.92,28.86,28.74,28.76,30.81
2026-08-02T18:00,2026-08-02,18,29.41,29.24,28.5,29.03,29.83,29.12,29.55,29.56,29.89,30.14
2026-08-02T19:00,2026-08-02,19,28.43,28.33,27.5,28.04,28.74,28.17,28.72,28.63,28.82,29.0
2026-08-02T20:00,2026-08-02,20,27.96,27.96,26.98,27.65,28.23,27.32,28.28,28.39,28.4,28.24
2026-08-02T21:00,2026-08-02,21,27.64,27.73,26.69,27.36,27.88,26.76,27.97,28.11,28.14,27.75
2026-08-02T22:00,2026-08-02,22,27.41,27.51,26.46,27.17,27.55,26.6,27.74,27.94,27.93,27.36
2026-08-02T23:00,2026-08-02,23,27.18,27.3,26.13,26.91,27.21,26.51,27.55,27.81,27.77,27.0
2026-08-03T00:00,2026-08-03,0,27.52,27.78,25.97,27.23,27.43,26.45,28.12,28.09,28.31,27.35
2026-08-03T01:00,2026-08-03,1,27.06,27.33,25.7,26.83,26.44,26.07,27.71,27.65,27.74,27.05
2026-08-03T02:00,2026-08-03,2,26.79,27.0,25.59,26.55,26.01,26.04,27.49,27.4,27.45,26.76
2026-08-03T03:00,2026-08-03,3,26.35,26.08,25.42,26.23,25.76,25.74,27.3,27.06,27.1,26.52
2026-08-03T04:00,2026-08-03,4,26.12,25.91,25.34,25.91,25.66,25.63,27.1,26.82,26.71,26.16
2026-08-03T05:00,2026-08-03,5,25.9,25.73,25.24,25.67,25.37,25.57,26.74,26.28,26.49,25.94
2026-08-03T06:00,2026-08-03,6,26.52,26.22,26.3,26.13,26.02,26.6,27.33,26.42,27.19,26.6
2026-08-03T07:00,2026-08-03,7,26.77,26.54,26.27,26.72,26.27,26.79,27.55,26.91,27.37,26.64
2026-08-03T08:00,2026-08-03,8,27.31,27.23,26.93,27.65,26.84,27.38,27.3,27.32,27.93,26.99
2026-08-03T09:00,2026-08-03,9,28.17,28.33,28.14,28.61,27.84,27.95,27.7,27.08,29.2,27.53
2026-08-03T10:00,2026-08-03,10,29.14,29.57,28.95,29.02,29.36,29.16,28.58,27.64,30.39,28.02
2026-08-03T11:00,2026-08-03,11,29.88,30.69,27.93,28.53,30.11,30.28,30.18,29.4,30.88,29.29
2026-08-03T12:00,2026-08-03,12,30.35,30.59,29.15,29.65,30.21,31.22,31.59,29.29,30.65,29.99
2026-08-03T13:00,2026-08-03,13,30.7,30.91,29.53,29.69,30.84,31.26,32.19,29.83,30.96,30.45
2026-08-03T14:00,2026-08-03,14,31.23,31.51,30.22,30.76,32.02,32.1,32.18,30.1,30.69,30.98
2026-08-03T15:00,2026-08-03,15,31.0,31.61,29.88,30.64,31.98,32.36,31.45,29.99,29.92,30.55
2026-08-03T16:00,2026-08-03,16,29.81,29.94,29.25,29.77,31.58,31.49,29.48,28.24,29.01,29.73
2026-08-03T17:00,2026-08-03,17,28.71,28.83,28.28,28.61,28.95,29.29,28.26,27.82,28.88,29.05
2026-08-03T18:00,2026-08-03,18,29.28,28.9,28.67,29.1,30.1,28.57,29.13,29.17,29.8,30.39
2026-08-03T19:00,2026-08-03,19,28.35,28.03,27.99,28.31,28.69,27.79,28.38,28.58,28.69,29.12
2026-08-03T20:00,2026-08-03,20,27.88,27.42,27.71,28.03,27.81,27.53,28.06,28.34,28.03,28.65
2026-08-03T21:00,2026-08-03,21,27.49,27.12,27.41,27.77,26.72,26.94,27.85,28.05,27.67,28.19
2026-08-03T22:00,2026-08-03,22,27.22,26.98,26.99,27.39,26.55,26.34,27.77,27.84,27.36,27.81
2026-08-03T23:00,2026-08-03,23,27.05,26.94,26.63,27.2,26.53,26.2,27.73,27.72,27.17,27.26
2026-08-04T00:00,2026-08-04,0,27.59,27.65,26.84,27.63,27.21,26.6,28.18,28.02,27.86,27.74
2026-08-04T01:00,2026-08-04,1,27.2,27.32,26.57,27.21,26.71,26.31,27.88,27.68,27.51,26.98
2026-08-04T02:00,2026-08-04,2,26.98,27.1,26.39,27.04,26.53,26.17,27.77,27.55,27.25,26.5
2026-08-04T03:00,2026-08-04,3,26.74,26.81,26.06,26.95,26.21,25.95,27.67,27.46,26.76,26.35
2026-08-04T04:00,2026-08-04,4,26.47,26.46,25.97,26.82,25.99,25.89,27.45,27.43,26.25,26.0
2026-08-04T05:00,2026-08-04,5,26.23,26.13,25.69,26.54,25.72,25.93,27.27,27.26,25.98,25.79
2026-08-04T06:00,2026-08-04,6,26.8,26.82,26.3,26.91,25.93,26.02,27.05,28.08,27.29,26.6
2026-08-04T07:00,2026-08-04,7,26.96,26.94,26.6,27.03,26.16,26.4,26.99,28.63,27.4,26.77
2026-08-04T08:00,2026-08-04,8,27.54,27.42,27.26,27.83,26.52,26.84,27.67,28.59,27.87,27.81
2026-08-04T09:00,2026-08-04,9,28.36,28.44,27.39,29.03,26.88,27.34,28.81,28.57,28.66,29.02
2026-08-04T10:00,2026-08-04,10,29.41,29.9,28.21,29.68,27.51,28.32,30.49,28.8,29.43,30.09
2026-08-04T11:00,2026-08-04,11,30.25,30.9,28.72,30.32,28.68,29.22,31.52,29.56,30.17,30.69
2026-08-04T12:00,2026-08-04,12,30.06,30.64,29.11,28.55,28.82,29.24,31.61,28.96,30.74,30.67
2026-08-04T13:00,2026-08-04,13,29.93,30.57,28.0,28.02,29.31,29.08,31.09,29.0,31.02,31.01
2026-08-04T14:00,2026-08-04,14,29.8,30.08,27.76,28.46,29.92,28.66,30.8,28.82,30.76,31.28
2026-08-04T15:00,2026-08-04,15,29.54,29.27,28.37,28.96,30.33,28.47,29.91,28.54,30.93,30.44
2026-08-04T16:00,2026-08-04,16,29.16,28.95,28.53,29.0,29.99,28.15,28.76,28.51,30.65,29.4
2026-08-04T17:00,2026-08-04,17,28.86,28.92,28.1,28.99,28.84,27.58,28.86,28.43,30.22,28.63
2026-08-04T18:00,2026-08-04,18,29.17,29.1,27.58,28.89,29.26,28.56,29.52,29.16,30.54,29.31
2026-08-04T19:00,2026-08-04,19,28.28,28.27,26.78,28.08,28.25,27.0,28.69,28.43,29.49,28.62
2026-08-04T20:00,2026-08-04,20,27.91,28.02,26.55,27.75,27.55,26.7,28.45,28.08,29.14,27.89
2026-08-04T21:00,2026-08-04,21,27.54,27.79,26.24,27.47,26.61,26.61,28.21,27.82,28.76,26.99
2026-08-04T22:00,2026-08-04,22,27.24,27.49,26.07,27.19,26.21,26.4,28.02,27.69,28.32,26.61
2026-08-04T23:00,2026-08-04,23,27.01,27.24,25.97,26.92,26.02,26.29,27.87,27.65,27.84,26.32
2026-08-05T00:00,2026-08-05,0,27.38,27.75,26.13,27.06,26.47,26.52,28.12,28.3,28.29,26.72
2026-08-05T01:00,2026-08-05,1,26.85,27.13,25.73,26.54,26.0,26.09,27.66,27.59,27.68,26.31
2026-08-05T02:00,2026-08-05,2,26.4,26.27,25.48,26.32,25.93,26.05,27.31,26.99,27.03,26.16
2026-08-05T03:00,2026-08-05,3,26.27,26.26,25.48,26.1,25.73,26.0,27.08,26.52,26.79,26.11
2026-08-05T04:00,2026-08-05,4,26.05,26.14,25.33,25.85,25.49,25.75,26.65,26.28,26.55,25.93
2026-08-05T05:00,2026-08-05,5,25.93,26.1,25.21,25.78,25.41,25.61,26.35,26.26,26.23,25.82
2026-08-05T06:00,2026-08-05,6,26.43,26.66,25.77,26.38,25.89,26.06,26.46,26.49,26.98,26.31
2026-08-05T07:00,2026-08-05,7,26.42,26.6,25.75,26.27,25.93,26.12,26.65,26.3,27.12,26.23
2026-08-05T08:00,2026-08-05,8,26.71,26.77,25.93,26.59,25.94,26.4,27.28,26.4,27.74,26.4
2026-08-05T09:00,2026-08-05,9,27.26,27.3,26.29,26.93,26.24,26.52,28.76,26.53,28.62,26.78
2026-08-05T10:00,2026-08-05,10,28.01,28.4,26.13,27.3,26.76,27.02,29.82,27.87,29.68,27.14
2026-08-05T11:00,2026-08-05,11,28.51,29.11,26.08,27.74,27.04,27.17,30.65,28.81,30.13,27.49
2026-08-05T12:00,2026-08-05,12,28.56,29.12,26.62,28.55,27.13,26.85,29.93,29.09,30.24,27.16
2026-08-05T13:00,2026-08-05,13,28.28,29.13,26.32,28.04,27.41,27.91,28.44,28.44,29.3,27.34
2026-08-05T14:00,2026-08-05,14,28.3,29.17,26.29,27.57,27.96,28.42,28.54,27.47,29.4,27.63
2026-08-05T15:00,2026-08-05,15,28.14,28.61,26.31,27.49,27.79,28.18,28.55,27.66,29.55,27.53
2026-08-05T16:00,2026-08-05,16,27.65,27.33,26.39,27.2,28.03,27.65,28.2,28.06,28.81,27.58
2026-08-05T17:00,2026-08-05,17,27.39,27.31,26.23,26.97,27.63,27.32,27.64,27.77,28.15,27.51
2026-08-05T18:00,2026-08-05,18,27.52,27.07,26.52,27.44,28.67,27.52,27.14,27.93,28.04,28.32
2026-08-05T19:00,2026-08-05,19,27.01,26.76,26.11,26.96,27.63,27.0,26.85,27.52,27.4,27.42
2026-08-05T20:00,2026-08-05,20,26.8,26.59,25.93,26.82,27.05,26.77,26.82,27.53,27.13,27.06
2026-08-05T21:00,2026-08-05,21,26.65,26.51,25.81,26.72,26.77,26.47,26.82,27.32,26.9,26.83
2026-08-05T22:00,2026-08-05,22,26.54,26.47,25.74,26.64,26.53,26.27,26.8,27.05,26.79,26.65
2026-08-05T23:00,2026-08-05,23,26.37,26.33,25.44,26.41,26.41,26.15,26.69,26.63,26.68,26.43
2026-08-06T00:00,2026-08-06,0,26.49,26.38,25.6,26.47,26.61,26.36,26.69,26.66,26.9,26.74
2026-08-06T01:00,2026-08-06,1,26.16,26.11,25.35,26.23,26.25,26.06,26.41,26.12,26.48,26.24
2026-08-06T02:00,2026-08-06,2,25.98,25.98,25.16,25.99,26.06,25.85,26.23,25.98,26.32,26.05
2026-08-06T03:00,2026-08-06,3,25.85,25.89,25.0,25.69,25.92,25.75,26.19,26.03,26.17,25.81
2026-08-06T04:00,2026-08-06,4,25.72,25.77,24.85,25.53,25.74,25.63,26.12,25.88,26.02,25.69
2026-08-06T05:00,2026-08-06,5,25.66,25.73,24.8,25.42,25.71,25.57,26.1,25.93,25.93,25.59
2026-08-06T06:00,2026-08-06,6,26.1,26.06,25.33,25.78,26.26,26.28,26.32,25.99,26.36,26.5
2026-08-06T07:00,2026-08-06,7,26.36,26.24,25.39,25.62,27.0,26.78,26.4,25.92,26.87,27.17
2026-08-06T08:00,2026-08-06,8,26.98,26.69,25.49,26.01,27.98,27.88,26.84,26.26,27.9,28.14
2026-08-06T09:00,2026-08-06,9,27.88,27.91,25.8,26.62,29.06,28.87,27.34,26.67,28.89,29.48
2026-08-06T10:00,2026-08-06,10,28.74,28.93,25.87,27.04,30.38,30.12,28.11,27.17,29.78,30.66
2026-08-06T11:00,2026-08-06,11,29.36,29.58,26.33,27.31,31.48,30.79,28.76,27.35,30.51,31.42
2026-08-06T12:00,2026-08-06,12,29.54,29.64,26.44,27.47,31.42,31.21,29.4,27.78,30.72,31.34
2026-08-06T13:00,2026-08-06,13,29.7,29.96,26.5,27.46,31.68,32.08,29.39,27.2,30.74,31.66
2026-08-06T14:00,2026-08-06,14,29.65,29.82,26.17,27.19,32.09,32.2,29.24,27.05,30.79,31.83
2026-08-06T15:00,2026-08-06,15,29.16,28.25,26.57,27.05,32.2,31.13,29.08,27.67,30.46,31.88
2026-08-06T16:00,2026-08-06,16,28.67,27.49,26.58,27.18,31.82,28.78,28.01,27.44,30.41,31.99
2026-08-06T17:00,2026-08-06,17,28.17,27.41,26.06,26.86,30.1,27.39,27.63,27.34,29.97,31.33
2026-08-06T18:00,2026-08-06,18,28.19,27.46,26.33,26.77,28.71,27.78,28.54,27.79,29.85,30.93
2026-08-06T19:00,2026-08-06,19,27.4,26.87,25.83,26.33,27.71,26.98,27.93,27.16,28.54,29.51
2026-08-06T20:00,2026-08-06,20,27.04,26.65,25.68,26.1,27.11,26.6,27.61,26.99,27.97,28.81
2026-08-06T21:00,2026-08-06,21,26.82,26.47,25.6,26.01,26.77,26.44,27.28,26.85,27.63,28.46
2026-08-06T22:00,2026-08-06,22,26.61,26.29,25.57,25.91,26.56,26.32,27.07,26.73,27.15,28.12
2026-08-06T23:00,2026-08-06,23,26.39,26.19,25.48,25.83,26.34,26.19,26.9,26.64,26.69,27.48
2026-08-07T00:00,2026-08-07,0,26.55,26.32,25.43,25.88,26.37,26.09,26.88,26.75,27.21,28.0
2026-08-07T01:00,2026-08-07,1,26.18,26.02,24.95,25.61,25.83,25.83,26.66,26.5,26.83,27.33
2026-08-07T02:00,2026-08-07,2,25.92,25.61,24.74,25.45,25.54,25.64,26.55,26.32,26.62,26.96
2026-08-07T03:00,2026-08-07,3,25.76,25.48,24.7,25.27,25.49,25.49,26.47,26.16,26.32,26.62
2026-08-07T04:00,2026-08-07,4,25.63,25.42,24.71,25.06,25.38,25.43,26.31,25.98,26.17,26.37
2026-08-07T05:00,2026-08-07,5,25.51,25.34,24.75,24.93,25.3,25.31,26.11,25.82,25.98,26.2
2026-08-07T06:00,2026-08-07,6,25.99,25.99,24.84,25.44,25.86,26.0,26.11,26.05,26.54,26.81
2026-08-07T07:00,2026-08-07,7,26.36,26.37,24.94,25.89,26.6,26.83,26.12,26.03,26.73,27.5
2026-08-07T08:00,2026-08-07,8,27.1,27.29,25.43,26.38,27.62,28.33,26.48,25.95,27.47,28.41
2026-08-07T09:00,2026-08-07,9,28.13,28.7,26.12,27.03,29.06,29.65,26.92,26.04,28.74,29.55
2026-08-07T10:00,2026-08-07,10,29.02,29.64,26.67,27.91,30.26,30.97,27.54,26.3,29.97,30.33
2026-08-07T11:00,2026-08-07,11,29.71,30.24,27.29,28.73,31.18,32.0,28.15,26.33,30.86,30.93
2026-08-07T12:00,2026-08-07,12,30.18,30.72,28.91,28.84,31.55,32.44,28.91,26.84,30.95,31.04
2026-08-07T13:00,2026-08-07,13,30.23,30.65,28.17,28.19,32.13,32.89,29.06,26.73,31.55,31.53
2026-08-07T14:00,2026-08-07,14,30.06,29.73,27.36,27.69,32.57,33.17,29.37,26.96,31.93,32.09
2026-08-07T15:00,2026-08-07,15,29.9,28.91,27.41,28.04,32.3,32.92,29.43,27.29,31.95,32.33
2026-08-07T16:00,2026-08-07,16,29.77,29.16,27.69,28.07,31.55,31.63,28.89,27.49,31.71,32.25
2026-08-07T17:00,2026-08-07,17,29.26,29.01,26.78,27.81,30.65,30.52,28.23,27.29,31.01,31.82
2026-08-07T18:00,2026-08-07,18,29.24,29.47,26.77,27.83,30.56,31.07,27.78,27.58,30.47,31.02
2026-08-07T19:00,2026-08-07,19,28.15,28.42,25.64,26.44,29.24,29.7,27.22,26.62,29.43,29.85
2026-08-07T20:00,2026-08-07,20,27.67,27.6,25.98,26.1,28.71,29.13,26.99,26.31,28.91,29.28
2026-08-07T21:00,2026-08-07,21,27.36,27.13,26.11,25.97,28.43,28.76,26.78,26.02,28.46,28.89
2026-08-07T22:00,2026-08-07,22,27.09,26.71,26.12,25.83,28.09,28.24,26.71,25.95,28.11,28.55
2026-08-07T23:00,2026-08-07,23,26.68,26.23,25.9,25.77,27.55,26.9,26.54,26.05,27.7,28.04
2026-08-08T00:00,2026-08-08,0,27.16,26.98,26.14,26.15,27.91,27.91,26.69,26.72,27.75,28.59
2026-08-08T01:00,2026-08-08,1,26.58,26.41,25.52,25.7,27.34,26.52,26.37,26.38,27.26,27.89
2026-08-08T02:00,2026-08-08,2,26.26,26.02,25.38,25.49,26.56,26.46,26.13,26.1,26.99,27.47
2026-08-08T03:00,2026-08-08,3,26.01,25.8,25.33,25.36,25.97,26.2,25.84,25.66,26.83,27.13
2026-08-08T04:00,2026-08-08,4,25.81,25.68,25.38,25.35,25.52,25.57,25.63,25.39,26.54,26.89
2026-08-08T05:00,2026-08-08,5,25.7,25.48,25.32,25.38,25.35,25.42,25.55,25.68,26.38,26.72
2026-08-08T06:00,2026-08-08,6,26.23,26.03,25.73,25.52,25.77,26.53,26.26,26.35,26.9,27.14
2026-08-08T07:00,2026-08-08,7,26.67,26.46,26.23,26.05,25.91,27.32,26.56,26.81,27.24,27.72
2026-08-08T08:00,2026-08-08,8,27.51,27.4,27.63,26.61,26.51,28.22,27.33,27.29,27.99,28.74
2026-08-08T09:00,2026-08-08,9,28.42,28.25,28.81,27.33,27.37,28.92,28.39,27.55,29.13,29.88
2026-08-08T10:00,2026-08-08,10,29.27,29.02,29.71,27.84,29.05,30.03,28.88,28.19,30.13,30.79
2026-08-08T11:00,2026-08-08,11,29.83,29.59,30.56,28.91,29.68,31.32,28.57,29.14,30.26,31.14
2026-08-08T12:00,2026-08-08,12,29.89,30.04,28.87,29.97,30.46,31.13,28.01,28.85,30.17,31.11
2026-08-08T13:00,2026-08-08,13,29.76,29.58,28.26,28.92,31.1,31.01,28.87,28.45,30.69,31.09
2026-08-08T14:00,2026-08-08,14,30.33,30.04,29.31,29.64,31.37,31.85,29.57,28.57,31.47,31.29
2026-08-08T15:00,2026-08-08,15,30.21,30.35,27.92,29.33,31.57,31.02,30.0,28.86,31.04,31.15
2026-08-08T16:00,2026-08-08,16,29.91,29.75,27.62,29.02,30.7,30.96,30.25,29.28,30.56,31.15
2026-08-08T17:00,2026-08-08,17,29.32,29.06,27.69,29.09,29.33,29.66,30.17,29.13,29.39,30.48
2026-08-08T18:00,2026-08-08,18,29.42,29.56,27.24,29.13,30.16,29.68,29.82,29.1,29.79,29.77
2026-08-08T19:00,2026-08-08,19,28.47,28.36,26.81,28.1,29.15,28.64,28.83,28.31,29.16,28.8
2026-08-08T20:00,2026-08-08,20,28.09,28.05,26.59,27.75,28.59,28.17,28.39,28.02,28.73,28.35
2026-08-08T21:00,2026-08-08,21,27.79,27.81,26.45,27.4,28.17,27.95,28.09,27.84,28.4,27.81
2026-08-08T22:00,2026-08-08,22,27.51,27.54,26.27,27.22,27.7,27.57,27.89,27.58,28.13,27.4
2026-08-08T23:00,2026-08-08,23,27.09,27.24,26.11,26.95,26.56,26.86,27.6,27.44,27.63,26.83
2026-08-09T00:00,2026-08-09,0,27.27,27.07,26.49,26.88,27.02,27.5,27.82,27.57,27.86,27.51
2026-08-09T01:00,2026-08-09,1,26.75,26.73,25.9,26.38,26.42,26.34,27.34,27.12,27.37,26.93
2026-08-09T02:00,2026-08-09,2,26.49,26.5,25.58,26.16,26.19,25.87,27.08,26.97,27.15,26.56
2026-08-09T03:00,2026-08-09,3,26.21,26.28,25.43,25.81,25.95,25.28,26.9,26.75,26.82,26.23
2026-08-09T04:00,2026-08-09,4,25.96,26.09,25.39,25.71,25.26,25.23,26.7,26.51,26.18,26.04
2026-08-09T05:00,2026-08-09,5,25.77,25.91,25.35,25.5,24.91,25.15,26.49,26.36,25.87,25.88
2026-08-09T06:00,2026-08-09,6,26.77,27.02,26.33,26.44,26.05,26.16,27.2,27.22,27.26,26.48
2026-08-09T07:00,2026-08-09,7,27.48,27.8,27.23,27.04,26.78,26.46,28.17,28.09,28.02,26.83
2026-08-09T08:00,2026-08-09,8,28.4,28.78,28.17,27.52,27.91,27.3,29.45,28.7,29.1,27.63
2026-08-09T09:00,2026-08-09,9,29.12,29.4,28.96,28.35,29.18,27.68,30.05,28.16,30.12,28.61
2026-08-09T10:00,2026-08-09,10,29.87,30.02,29.94,29.44,29.78,28.81,30.23,29.02,31.02,29.33
2026-08-09T11:00,2026-08-09,11,30.47,30.83,30.15,30.19,30.35,29.92,30.29,29.96,31.52,29.8
2026-08-09T12:00,2026-08-09,12,30.63,30.89,30.03,30.56,30.78,29.44,31.42,30.4,31.71,29.24
2026-08-09T13:00,2026-08-09,13,30.55,31.15,29.08,29.52,31.13,29.32,31.36,30.4,31.97,29.29
2026-08-09T14:00,2026-08-09,14,30.64,30.88,29.31,29.92,31.11,30.63,31.06,30.48,31.82,29.9
2026-08-09T15:00,2026-08-09,15,30.4,30.48,28.34,30.06,31.37,30.76,30.39,29.9,31.74,30.0
2026-08-09T16:00,2026-08-09,16,30.14,30.25,28.01,30.04,31.39,30.62,30.19,28.89,31.09,29.94
2026-08-09T17:00,2026-08-09,17,29.59,29.77,27.77,28.96,30.21,30.11,29.87,28.71,30.48,29.67
2026-08-09T18:00,2026-08-09,18,29.48,29.6,28.19,29.12,29.74,30.51,30.11,29.22,29.13,29.72
2026-08-09T19:00,2026-08-09,19,28.53,28.59,27.01,28.29,28.89,29.36,29.13,28.42,28.37,28.73
2026-08-09T20:00,2026-08-09,20,28.06,28.12,26.51,27.81,28.3,28.67,28.65,28.01,28.03,28.36
2026-08-09T21:00,2026-08-09,21,27.76,27.79,26.37,27.52,27.9,28.17,28.3,27.62,27.89,28.09
2026-08-09T22:00,2026-08-09,22,27.5,27.55,26.3,27.21,27.58,27.73,28.04,27.35,27.66,27.81
2026-08-09T23:00,2026-08-09,23,27.31,27.38,26.27,26.91,27.34,27.45,27.79,27.18,27.57,27.59
2026-08-10T00:00,2026-08-10,0,27.61,27.66,26.6,27.31,27.55,27.65,28.1,27.51,27.85,27.96
2026-08-10T01:00,2026-08-10,1,27.18,27.36,26.02,26.85,26.73,27.24,27.6,27.14,27.5,27.49
2026-08-10T02:00,2026-08-10,2,26.89,27.16,25.46,26.5,26.44,26.69,27.29,26.95,27.33,27.3
2026-08-10T03:00,2026-08-10,3,26.58,26.81,25.16,26.07,26.14,26.23,26.89,26.82,27.17,27.15
2026-08-10T04:00,2026-08-10,4,26.27,26.48,25.05,25.62,25.91,26.04,26.44,26.06,27.0,26.94
2026-08-10T05:00,2026-08-10,5,26.03,26.2,24.96,25.22,25.65,25.99,26.18,25.64,26.84,26.74
2026-08-10T06:00,2026-08-10,6,26.65,26.52,25.92,26.05,26.71,26.67,26.9,27.0,27.14,27.18
2026-08-10T07:00,2026-08-10,7,27.31,27.2,26.66,26.98,27.51,27.62,27.36,27.4,27.5,27.79
2026-08-10T08:00,2026-08-10,8,28.49,28.39,28.04,28.32,28.78,29.07,28.26,28.28,28.58,28.95
2026-08-10T09:00,2026-08-10,9,29.77,29.82,29.31,29.76,30.19,30.36,29.18,29.21,29.87,30.1
2026-08-10T10:00,2026-08-10,10,30.8,30.84,30.43,30.8,31.24,31.53,30.02,30.1,31.02,31.12
2026-08-10T11:00,2026-08-10,11,31.65,31.68,31.16,31.6,32.11,32.65,31.16,30.5,31.84,31.98
2026-08-10T12:00,2026-08-10,12,32.21,32.23,31.17,32.03,32.21,33.4,32.04,30.91,32.58,32.84
2026-08-10T13:00,2026-08-10,13,32.45,32.59,30.15,32.33,32.65,33.98,32.33,31.03,32.92,33.26
2026-08-10T14:00,2026-08-10,14,32.7,32.88,30.44,32.55,32.79,34.35,32.39,31.24,33.21,33.54
2026-08-10T15:00,2026-08-10,15,32.73,33.03,29.7,32.45,33.04,34.5,32.55,31.35,33.32,33.56
2026-08-10T16:00,2026-08-10,16,32.39,32.92,28.9,31.55,32.91,34.17,32.35,31.07,32.91,33.39
2026-08-10T17:00,2026-08-10,17,31.47,32.14,27.85,29.96,31.95,33.66,31.27,29.99,31.99,32.96
2026-08-10T18:00,2026-08-10,18,31.19,31.06,28.63,30.87,32.09,32.59,31.35,30.41,31.57,32.17
2026-08-10T19:00,2026-08-10,19,29.79,29.6,27.66,29.43,30.26,31.34,30.01,29.21,30.13,30.75
2026-08-10T20:00,2026-08-10,20,29.08,28.79,27.23,28.44,29.55,30.39,29.58,28.61,29.64,29.96
2026-08-10T21:00,2026-08-10,21,28.48,27.81,26.46,28.19,29.2,30.08,28.94,28.18,29.32,29.37
2026-08-10T22:00,2026-08-10,22,27.94,27.0,26.36,27.39,28.74,29.27,28.57,27.78,29.0,29.09
2026-08-10T23:00,2026-08-10,23,27.44,26.63,26.12,26.08,28.19,28.48,28.16,27.25,28.68,28.87
2026-08-11T00:00,2026-08-11,0,27.23,25.87,26.15,26.1,28.3,26.95,28.02,27.52,29.01,29.24
2026-08-11T01:00,2026-08-11,1,26.49,25.49,25.92,25.59,26.07,26.23,27.2,26.41,28.0,28.52
2026-08-11T02:00,2026-08-11,2,26.15,25.54,25.74,25.37,25.0,26.1,26.8,25.78,27.12,28.19
2026-08-11T03:00,2026-08-11,3,25.93,25.34,25.62,25.36,25.23,26.0,26.52,25.78,26.5,27.65
2026-08-11T04:00,2026-08-11,4,25.78,25.29,25.38,25.41,25.09,25.83,26.32,25.87,26.11,27.29
2026-08-11T05:00,2026-08-11,5,25.64,25.19,25.22,25.49,25.1,25.68,26.23,25.8,26.01,26.56
2026-08-11T06:00,2026-08-11,6,26.54,26.28,25.91,26.28,26.38,26.33,26.55,26.49,26.82,27.96
2026-08-11T07:00,2026-08-11,7,26.95,26.45,27.06,26.82,26.5,26.76,26.82,26.93,27.15,28.62
2026-08-11T08:00,2026-08-11,8,27.91,27.25,28.51,28.15,26.97,28.34,27.51,28.0,27.76,29.82
2026-08-11T09:00,2026-08-11,9,29.22,28.71,29.85,29.64,28.47,29.98,28.81,29.32,28.56,30.72
2026-08-11T10:00,2026-08-11,10,30.43,30.01,30.81,30.81,30.13,31.06,30.07,30.49,30.03,31.4
2026-08-11T11:00,2026-08-11,11,31.5,31.01,31.77,31.73,31.75,32.23,31.24,31.25,31.35,32.18
2026-08-11T12:00,2026-08-11,12,32.09,31.92,31.78,32.28,32.13,33.45,31.87,31.31,32.21,32.14
2026-08-11T13:00,2026-08-11,13,32.46,32.38,31.42,32.61,32.99,34.01,32.49,31.43,32.74,32.11
2026-08-11T14:00,2026-08-11,14,32.8,32.83,31.98,32.74,33.28,34.3,32.65,31.52,33.08,32.63
2026-08-11T15:00,2026-08-11,15,32.81,32.96,31.88,32.63,33.41,34.28,32.34,31.29,33.22,32.8
2026-08-11T16:00,2026-08-11,16,32.3,32.69,28.56,32.24,33.36,34.25,31.61,31.0,33.02,32.89
2026-08-11T17:00,2026-08-11,17,31.81,32.24,28.66,31.45,32.94,33.56,30.95,30.24,32.56,32.54
2026-08-11T18:00,2026-08-11,18,31.61,31.7,29.26,31.22,32.66,32.65,31.45,30.58,32.06,32.48
2026-08-11T19:00,2026-08-11,19,30.24,30.22,28.42,29.81,31.01,31.11,30.19,29.45,30.74,31.0
2026-08-11T20:00,2026-08-11,20,29.65,29.58,28.17,29.19,30.17,30.39,29.74,29.0,30.13,30.43
2026-08-11T21:00,2026-08-11,21,29.22,29.12,27.67,28.79,29.56,30.03,29.22,28.77,29.71,30.08
2026-08-11T22:00,2026-08-11,22,28.84,28.78,26.92,28.46,29.11,29.77,28.92,28.42,29.3,29.8
2026-08-11T23:00,2026-08-11,23,28.5,28.47,26.77,27.97,28.82,29.04,28.68,28.16,28.92,29.51
2026-08-12T00:00,2026-08-12,0,28.43,28.27,26.6,27.26,29.18,27.84,28.75,28.44,29.34,30.13
2026-08-12T01:00,2026-08-12,1,27.62,27.25,26.3,26.88,27.42,27.15,27.81,27.65,28.77,29.38
2026-08-12T02:00,2026-08-12,2,27.25,26.89,26.04,26.79,27.02,26.47,27.23,27.29,28.43,28.95
2026-08-12T03:00,2026-08-12,3,27.0,26.49,25.99,26.75,26.69,26.34,26.9,27.18,28.16,28.71
2026-08-12T04:00,2026-08-12,4,26.78,26.35,25.88,26.57,26.09,26.26,26.79,26.97,27.74,28.42
2026-08-12T05:00,2026-08-12,5,26.6,26.24,25.81,26.44,25.74,26.28,26.74,26.85,27.24,28.15
2026-08-12T06:00,2026-08-12,6,27.47,27.48,26.3,26.78,27.74,26.85,27.87,27.15,27.93,28.62
2026-08-12T07:00,2026-08-12,7,28.17,27.78,27.21,27.51,28.58,27.74,28.37,27.62,29.12,29.68
2026-08-12T08:00,2026-08-12,8,29.19,28.52,27.34,28.9,29.52,29.34,29.21,28.38,30.58,31.14
2026-08-12T09:00,2026-08-12,9,30.47,30.04,28.52,30.21,30.87,31.05,30.11,29.49,31.67,32.26
2026-08-12T10:00,2026-08-12,10,31.6,31.5,29.7,31.47,31.95,32.11,31.54,30.11,32.26,33.02
2026-08-12T11:00,2026-08-12,11,32.24,32.38,30.26,31.56,32.95,33.27,32.32,30.62,32.36,33.68
2026-08-12T12:00,2026-08-12,12,32.75,33.15,30.67,32.67,33.27,34.21,32.76,30.58,32.41,33.67
2026-08-12T13:00,2026-08-12,13,32.95,33.45,30.87,32.42,33.85,34.73,32.9,29.78,33.1,33.68
2026-08-12T14:00,2026-08-12,14,33.04,33.55,29.92,32.34,34.31,35.03,32.84,30.3,33.6,33.8
2026-08-12T15:00,2026-08-12,15,32.93,33.48,29.59,32.06,34.42,35.12,32.35,30.42,33.8,33.63
2026-08-12T16:00,2026-08-12,16,32.46,32.95,28.87,31.28,34.31,34.7,31.84,29.98,33.55,33.29
2026-08-12T17:00,2026-08-12,17,31.62,31.92,28.36,30.37,34.0,33.89,31.02,29.59,32.71,32.13
2026-08-12T18:00,2026-08-12,18,31.02,31.18,28.03,29.75,32.89,32.31,30.5,29.7,32.29,32.08
2026-08-12T19:00,2026-08-12,19,30.1,30.4,27.32,29.06,31.38,30.76,29.75,28.9,31.25,31.04
2026-08-12T20:00,2026-08-12,20,29.62,29.79,27.1,28.66,30.74,29.89,29.5,28.57,30.84,30.59
2026-08-12T21:00,2026-08-12,21,29.2,29.34,26.85,28.34,30.35,28.56,29.24,28.3,30.49,30.21
2026-08-12T22:00,2026-08-12,22,28.84,28.88,26.76,27.96,29.82,28.27,29.03,27.98,30.05,29.89
2026-08-12T23:00,2026-08-12,23,28.48,28.42,26.61,27.6,29.32,27.88,28.7,27.67,29.67,29.72
2026-08-13T00:00,2026-08-13,0,28.52,28.59,26.31,27.57,29.23,28.41,28.69,27.79,29.61,29.72
2026-08-13T01:00,2026-08-13,1,27.95,27.98,26.05,27.09,28.62,27.61,28.19,26.95,28.98,29.15
2026-08-13T02:00,2026-08-13,2,27.61,27.62,25.98,26.78,28.4,27.18,27.78,26.57,28.6,28.78
2026-08-13T03:00,2026-08-13,3,27.38,27.35,25.83,26.62,28.23,26.94,27.38,26.68,28.34,28.5
2026-08-13T04:00,2026-08-13,4,27.23,27.2,25.62,26.55,28.11,26.79,27.18,26.8,28.14,28.29
2026-08-13T05:00,2026-08-13,5,27.03,27.0,25.45,26.31,27.88,26.59,26.99,26.75,27.8,28.13
2026-08-13T06:00,2026-08-13,6,27.15,27.06,25.65,26.24,27.26,27.16,27.17,27.04,27.87,28.76
2026-08-13T07:00,2026-08-13,7,27.42,27.24,25.96,26.53,28.04,27.79,27.09,26.79,28.23,29.1
2026-08-13T08:00,2026-08-13,8,28.01,27.77,26.42,27.07,28.79,28.78,27.57,27.06,28.87,29.88
2026-08-13T09:00,2026-08-13,9,28.76,28.41,26.53,27.87,29.7,30.39,28.08,27.74,29.8,30.74
2026-08-13T10:00,2026-08-13,10,29.6,29.33,27.28,28.64,30.43,31.27,29.11,28.81,30.37,31.6
2026-08-13T11:00,2026-08-13,11,30.59,30.6,29.06,29.2,31.4,32.34,30.5,29.02,31.15,31.98
2026-08-13T12:00,2026-08-13,12,30.44,30.26,29.51,29.6,31.43,32.3,29.89,29.36,30.26,32.01
2026-08-13T13:00,2026-08-13,13,30.64,30.78,29.5,29.85,31.78,31.95,29.61,28.92,31.04,31.9
2026-08-13T14:00,2026-08-13,14,31.07,31.15,29.57,30.22,32.12,32.34,30.31,29.25,31.81,32.29
2026-08-13T15:00,2026-08-13,15,31.01,31.02,28.97,30.4,32.05,32.67,30.03,29.76,31.7,32.4
2026-08-13T16:00,2026-08-13,16,30.79,30.9,28.47,30.14,31.75,32.32,29.96,29.56,31.41,32.16
2026-08-13T17:00,2026-08-13,17,30.17,30.29,28.0,29.39,31.22,31.06,29.85,29.14,30.64,31.46
2026-08-13T18:00,2026-08-13,18,29.38,29.22,27.53,28.63,30.21,30.34,28.91,28.44,30.08,31.12
2026-08-13T19:00,2026-08-13,19,28.68,28.57,27.01,27.97,29.44,29.41,28.47,27.77,29.3,30.1
2026-08-13T20:00,2026-08-13,20,28.35,28.25,26.74,27.7,28.99,28.92,28.17,27.54,28.94,29.71
2026-08-13T21:00,2026-08-13,21,28.06,27.93,26.55,27.45,28.62,28.6,27.9,27.41,28.65,29.37
2026-08-13T22:00,2026-08-13,22,27.78,27.6,26.35,27.21,28.32,28.38,27.61,27.32,28.31,29.04
2026-08-13T23:00,2026-08-13,23,27.53,27.36,26.14,27.01,28.04,28.16,27.35,27.17,28.05,28.67
2026-08-14T00:00,2026-08-14,0,27.67,27.43,26.53,27.14,28.33,28.02,27.31,27.18,28.13,29.21
2026-08-14T01:00,2026-08-14,1,27.27,27.09,26.17,26.75,27.82,27.39,27.09,26.8,27.74,28.61
2026-08-14T02:00,2026-08-14,2,27.04,26.91,25.92,26.59,27.47,26.95,26.92,26.76,27.46,28.31
2026-08-14T03:00,2026-08-14,3,26.84,26.71,25.82,26.44,27.28,26.78,26.85,26.54,27.21,27.92
2026-08-14T04:00,2026-08-14,4,26.66,26.51,25.58,26.32,27.11,26.65,26.74,26.43,27.0,27.61
2026-08-14T05:00,2026-08-14,5,26.52,26.41,25.41,26.25,26.92,26.59,26.64,26.13,26.85,27.32
2026-08-14T06:00,2026-08-14,6,26.99,26.97,26.03,26.39,27.29,27.48,26.77,26.71,27.45,27.83
2026-08-14T07:00,2026-08-14,7,27.74,27.66,27.2,27.19,28.18,28.8,27.49,26.99,27.98,28.39
2026-08-14T08:00,2026-08-14,8,28.78,28.77,28.55,28.36,28.92,29.97,28.58,27.4,28.9,29.36
2026-08-14T09:00,2026-08-14,9,29.86,29.88,29.66,29.69,29.77,30.97,29.54,28.38,30.15,30.26
2026-08-14T10:00,2026-08-14,10,30.77,30.92,30.6,30.65,30.83,31.81,30.06,29.2,31.08,31.16
2026-08-14T11:00,2026-08-14,11,31.37,31.69,31.31,30.51,31.86,32.7,30.26,29.71,31.61,32.09
2026-08-14T12:00,2026-08-14,12,32.12,32.11,31.42,31.71,32.54,33.28,32.14,31.03,32.36,32.43
2026-08-14T13:00,2026-08-14,13,32.45,32.45,31.33,32.21,32.97,33.77,32.27,31.1,32.77,32.91
2026-08-14T14:00,2026-08-14,14,32.61,32.66,31.02,32.2,33.54,34.18,32.1,30.99,33.18,33.28
2026-08-14T15:00,2026-08-14,15,32.22,32.11,30.09,31.73,33.68,34.22,31.12,30.52,33.26,33.27
2026-08-14T16:00,2026-08-14,16,31.7,31.44,29.11,31.21,33.42,34.06,30.19,30.03,32.93,33.2
2026-08-14T17:00,2026-08-14,17,31.05,30.92,28.35,30.44,32.65,33.23,29.59,29.45,32.19,32.7
2026-08-14T18:00,2026-08-14,18,30.59,30.65,27.71,29.93,31.45,32.08,30.36,29.48,31.27,31.98
2026-08-14T19:00,2026-08-14,19,29.66,29.74,27.2,29.16,30.16,30.88,29.43,28.8,30.28,30.79
2026-08-14T20:00,2026-08-14,20,29.12,29.13,26.81,28.64,29.65,30.21,28.92,28.44,29.75,30.24
2026-08-14T21:00,2026-08-14,21,28.76,28.77,26.51,28.35,29.35,29.65,28.53,28.24,29.36,29.84
2026-08-14T22:00,2026-08-14,22,28.47,28.41,26.31,28.08,29.07,29.28,28.27,28.09,29.08,29.58
2026-08-14T23:00,2026-08-14,23,28.15,28.07,26.06,27.73,28.86,28.67,27.95,27.89,28.79,29.28
2026-08-15T00:00,2026-08-15,0,28.33,28.31,26.4,27.76,28.79,28.92,28.22,27.83,28.85,29.62
2026-08-15T01:00,2026-08-15,1,27.77,27.84,26.03,27.34,28.32,27.57,27.52,27.33,28.37,29.0
2026-08-15T02:00,2026-08-15,2,27.39,27.48,25.83,26.94,27.76,26.75,27.24,27.06,27.99,28.65
2026-08-15T03:00,2026-08-15,3,27.08,27.18,25.64,26.69,27.36,26.42,26.76,26.78,27.76,28.29
2026-08-15T04:00,2026-08-15,4,26.85,26.95,25.45,26.48,27.12,26.27,26.58,26.68,27.51,27.94
2026-08-15T05:00,2026-08-15,5,26.69,26.78,25.26,26.34,26.89,26.28,26.47,26.54,27.31,27.67
2026-08-15T06:00,2026-08-15,6,27.22,27.29,26.04,26.94,27.24,27.07,27.0,26.91,27.85,28.06
2026-08-15T07:00,2026-08-15,7,27.97,27.93,27.34,27.89,27.91,28.05,27.75,27.84,28.36,28.54
2026-08-15T08:00,2026-08-15,8,29.0,28.98,28.59,28.94,28.9,29.35,28.91,28.6,29.21,29.41
2026-08-15T09:00,2026-08-15,9,30.05,30.2,29.65,29.89,30.02,30.16,30.04,29.1,30.22,30.44
2026-08-15T10:00,2026-08-15,10,30.97,31.13,30.51,30.34,31.22,31.17,31.12,30.08,31.22,31.34
2026-08-15T11:00,2026-08-15,11,31.76,31.96,31.18,31.07,32.23,32.34,31.56,30.42,32.12,32.24
2026-08-15T12:00,2026-08-15,12,32.09,32.12,31.56,31.32,32.47,32.7,32.16,30.7,32.62,32.71
2026-08-15T13:00,2026-08-15,13,32.01,32.13,29.14,31.86,33.0,33.49,31.49,29.68,32.97,33.12
2026-08-15T14:00,2026-08-15,14,32.42,32.47,30.73,32.12,33.34,33.75,31.72,30.46,33.26,33.29
2026-08-15T15:00,2026-08-15,15,32.22,32.35,29.41,31.65,33.43,33.93,31.37,30.47,33.16,33.51
2026-08-15T16:00,2026-08-15,16,31.78,31.9,27.99,31.12,33.2,33.54,31.37,30.11,32.8,33.24
2026-08-15T17:00,2026-08-15,17,31.09,31.2,27.49,30.03,32.68,33.03,30.93,29.45,32.04,32.39
2026-08-15T18:00,2026-08-15,18,30.41,30.52,27.44,29.66,31.42,31.77,30.38,29.24,31.1,31.64
2026-08-15T19:00,2026-08-15,19,29.56,29.74,26.71,28.92,30.19,30.66,29.5,28.61,30.25,30.69
2026-08-15T20:00,2026-08-15,20,29.04,29.17,26.47,28.49,29.6,29.99,28.95,28.18,29.7,30.17
2026-08-15T21:00,2026-08-15,21,28.63,28.67,26.27,28.08,29.24,29.3,28.55,27.95,29.34,29.76
2026-08-15T22:00,2026-08-15,22,28.22,28.27,26.09,27.74,29.0,28.0,28.2,27.67,28.96,29.39
2026-08-15T23:00,2026-08-15,23,27.85,27.92,26.02,27.5,28.63,26.78,27.85,27.37,28.59,29.03
2026-08-16T00:00,2026-08-16,0,27.96,28.05,26.11,27.55,28.38,27.1,28.04,27.13,28.78,29.33
2026-08-16T01:00,2026-08-16,1,27.41,27.53,25.69,27.01,27.65,26.48,27.52,26.73,28.18,28.68
2026-08-16T02:00,2026-08-16,2,27.11,27.2,25.62,26.73,27.27,26.29,27.16,26.63,27.8,28.33
2026-08-16T03:00,2026-08-16,3,26.84,26.96,25.46,26.4,26.98,26.12,26.95,26.36,27.49,27.89
2026-08-16T04:00,2026-08-16,4,26.62,26.68,25.39,26.19,26.79,26.09,26.75,26.28,27.26,27.45
2026-08-16T05:00,2026-08-16,5,26.46,26.49,25.34,26.03,26.57,26.13,26.58,26.1,27.16,27.16
2026-08-16T06:00,2026-08-16,6,26.87,26.84,26.2,26.18,26.84,26.58,26.93,26.6,27.55,27.76
2026-08-16T07:00,2026-08-16,7,27.39,27.42,26.99,26.88,27.38,27.38,27.32,26.74,27.86,28.09
2026-08-16T08:00,2026-08-16,8,28.19,28.28,27.39,27.67,28.19,28.62,28.18,27.36,28.53,28.93
2026-08-16T09:00,2026-08-16,9,29.02,28.98,27.92,28.72,29.29,29.85,28.93,27.74,29.39,29.92
2026-08-16T10:00,2026-08-16,10,29.7,29.17,28.12,29.54,30.39,31.0,29.98,28.94,30.12,30.76
2026-08-16T11:00,2026-08-16,11,30.41,30.49,27.88,30.04,31.13,31.74,30.44,29.42,30.78,31.31
2026-08-16T12:00,2026-08-16,12,30.63,30.91,26.83,29.74,31.63,31.91,30.97,28.58,31.59,32.1
2026-08-16T13:00,2026-08-16,13,30.59,30.69,27.01,29.36,32.17,32.08,30.7,27.62,32.01,32.34
2026-08-16T14:00,2026-08-16,14,30.61,30.64,26.63,29.62,32.6,32.32,30.19,27.35,32.37,32.44
2026-08-16T15:00,2026-08-16,15,30.31,30.3,26.56,28.44,32.61,31.37,29.85,27.66,32.3,32.65
2026-08-16T16:00,2026-08-16,16,29.92,30.1,26.15,27.42,32.0,30.17,29.64,28.24,32.05,32.38
2026-08-16T17:00,2026-08-16,17,29.18,28.9,25.93,27.23,31.07,28.84,29.32,28.1,30.95,31.92
2026-08-16T18:00,2026-08-16,18,28.61,28.2,25.94,27.26,29.75,28.62,28.46,27.38,30.29,31.33
2026-08-16T19:00,2026-08-16,19,27.93,27.59,25.49,26.64,28.6,28.37,27.81,27.01,29.58,30.18
2026-08-16T20:00,2026-08-16,20,27.6,27.35,25.26,26.4,28.14,27.89,27.62,26.59,29.03,29.75
2026-08-16T21:00,2026-08-16,21,27.22,27.07,25.18,26.06,27.74,27.7,27.36,26.38,28.37,28.85
2026-08-16T22:00,2026-08-16,22,26.9,26.65,25.23,26.03,27.34,27.37,27.22,26.25,27.87,28.1
2026-08-16T23:00,2026-08-16,23,26.59,26.34,25.12,25.75,27.04,26.64,27.0,26.21,27.45,27.76
2026-08-17T00:00,2026-08-17,0,26.65,26.45,25.58,26.25,26.93,26.38,26.79,25.86,27.34,27.94
2026-08-17T01:00,2026-08-17,1,26.17,25.84,25.2,25.98,26.54,26.15,26.16,25.75,26.85,27.23
2026-08-17T02:00,2026-08-17,2,25.92,25.8,24.89,25.61,26.21,25.96,25.63,25.67,26.56,26.86
2026-08-17T03:00,2026-08-17,3,25.77,25.65,24.63,25.54,25.96,25.88,25.62,25.66,26.33,26.64
2026-08-17T04:00,2026-08-17,4,25.7,25.66,24.79,25.42,25.77,25.68,25.48,25.74,26.09,26.53
2026-08-17T05:00,2026-08-17,5,25.63,25.63,24.53,25.31,25.93,25.57,25.42,25.76,26.02,26.41
2026-08-17T06:00,2026-08-17,6,26.43,26.62,25.45,26.35,26.71,26.07,26.34,26.37,26.52,26.92
2026-08-17T07:00,2026-08-17,7,26.58,26.79,25.48,26.47,26.43,26.46,26.56,26.37,26.97,26.9
2026-08-17T08:00,2026-08-17,8,27.15,27.57,25.67,27.02,26.39,27.12,26.94,26.88,27.9,27.43
2026-08-17T09:00,2026-08-17,9,27.8,28.46,25.76,27.46,27.31,27.95,27.41,27.08,28.72,28.09
2026-08-17T10:00,2026-08-17,10,28.41,28.98,25.66,28.03,28.08,28.88,27.96,27.88,29.11,29.42
2026-08-17T11:00,2026-08-17,11,28.8,29.17,26.21,27.88,29.04,29.62,28.4,28.31,29.68,29.92
2026-08-17T12:00,2026-08-17,12,29.13,28.97,27.11,27.49,30.83,30.51,28.71,27.18,30.88,30.29
2026-08-17T13:00,2026-08-17,13,28.69,28.19,26.65,27.49,29.48,29.68,28.61,27.27,30.44,30.57
2026-08-17T14:00,2026-08-17,14,28.57,28.51,26.24,27.16,28.9,28.07,28.39,27.54,30.05,31.26
2026-08-17T15:00,2026-08-17,15,28.43,28.57,25.92,27.12,28.54,27.95,28.04,27.78,29.34,31.44
2026-08-17T16:00,2026-08-17,16,28.01,27.7,26.34,27.06,27.94,27.9,27.8,27.25,28.57,31.27
2026-08-17T17:00,2026-08-17,17,27.64,27.5,25.93,26.81,27.86,27.41,27.47,27.27,28.32,29.93
2026-08-17T18:00,2026-08-17,18,27.58,27.42,25.92,26.61,28.39,27.4,27.8,27.42,28.23,29.01
2026-08-17T19:00,2026-08-17,19,27.02,26.81,25.6,26.36,27.55,26.83,27.18,26.92,27.72,28.29
2026-08-17T20:00,2026-08-17,20,26.79,26.62,25.34,26.23,27.4,26.54,27.03,26.74,27.33,27.94
2026-08-17T21:00,2026-08-17,21,26.67,26.61,25.24,26.06,27.03,26.47,27.0,26.82,26.92,27.78
2026-08-17T22:00,2026-08-17,22,26.55,26.57,25.18,26.02,26.77,26.32,27.04,26.73,26.72,27.38
2026-08-17T23:00,2026-08-17,23,26.44,26.57,25.2,25.78,26.79,26.03,26.83,26.57,26.65,27.14
2026-08-18T00:00,2026-08-18,0,26.67,26.99,25.17,25.74,26.71,26.43,26.89,27.08,27.04,27.36
2026-08-18T01:00,2026-08-18,1,26.27,26.53,25.07,25.38,26.41,25.93,26.43,26.68,26.62,26.93
2026-08-18T02:00,2026-08-18,2,25.97,26.15,24.76,25.04,26.08,25.65,26.3,26.33,26.34,26.7
2026-08-18T03:00,2026-08-18,3,25.75,25.78,24.56,24.96,25.92,25.53,26.26,25.8,26.18,26.51
2026-08-18T04:00,2026-08-18,4,25.58,25.37,24.35,25.0,25.62,25.38,26.21,25.91,26.17,26.39
2026-08-18T05:00,2026-08-18,5,25.53,25.31,24.57,24.87,25.7,25.3,26.13,25.77,26.04,26.27
2026-08-18T06:00,2026-08-18,6,26.09,26.0,24.93,25.83,26.35,25.73,26.62,25.86,26.44,26.73
2026-08-18T07:00,2026-08-18,7,26.6,26.76,25.38,26.27,26.66,26.09,27.41,26.43,26.65,27.07
2026-08-18T08:00,2026-08-18,8,27.6,27.94,26.47,27.17,27.84,26.65,28.84,27.13,27.44,27.76
2026-08-18T09:00,2026-08-18,9,28.75,29.12,26.95,28.5,28.55,28.15,29.75,28.52,28.87,29.03
2026-08-18T10:00,2026-08-18,10,29.76,30.16,28.19,29.51,28.82,29.16,30.58,29.2,30.43,30.01
2026-08-18T11:00,2026-08-18,11,30.65,31.37,28.45,30.15,29.8,30.19,31.25,30.15,31.28,30.99
2026-08-18T12:00,2026-08-18,12,30.56,31.33,27.3,30.02,29.93,30.95,31.5,28.9,30.93,31.52
2026-08-18T13:00,2026-08-18,13,30.56,31.16,27.2,29.86,31.04,29.9,31.04,28.99,31.38,32.0
2026-08-18T14:00,2026-08-18,14,30.17,30.56,26.98,29.15,30.23,30.01,30.5,29.6,30.8,32.2
2026-08-18T15:00,2026-08-18,15,30.33,30.41,27.37,29.92,29.8,29.48,31.22,29.96,31.2,32.22
2026-08-18T16:00,2026-08-18,16,30.03,30.64,27.38,29.76,29.34,28.32,31.22,29.4,29.99,31.62
2026-08-18T17:00,2026-08-18,17,29.54,30.1,27.08,29.35,29.4,28.48,30.7,28.93,29.22,30.6
2026-08-18T18:00,2026-08-18,18,28.92,29.4,27.5,28.99,28.29,28.03,29.31,28.5,28.94,29.61
2026-08-18T19:00,2026-08-18,19,28.17,28.72,26.88,28.25,27.36,27.47,28.62,27.98,28.17,28.36
2026-08-18T20:00,2026-08-18,20,27.75,28.29,26.39,27.88,27.25,27.03,28.29,27.82,27.94,27.36
2026-08-18T21:00,2026-08-18,21,27.47,27.86,25.97,27.62,27.05,26.78,27.99,27.68,27.8,27.25
2026-08-18T22:00,2026-08-18,22,27.24,27.58,25.72,27.3,26.92,26.43,27.72,27.58,27.66,27.11
2026-08-18T23:00,2026-08-18,23,27.09,27.4,25.45,27.24,26.77,26.48,27.47,27.44,27.52,26.94
2026-08-19T00:00,2026-08-19,0,27.26,27.53,25.75,27.35,27.01,26.81,27.66,27.4,27.61,27.27
2026-08-19T01:00,2026-08-19,1,26.94,27.25,25.4,26.92,26.72,26.58,27.26,27.08,27.28,26.96
2026-08-19T02:00,2026-08-19,2,26.72,27.08,25.3,26.46,26.59,26.31,27.01,26.85,27.11,26.75
2026-08-19T03:00,2026-08-19,3,26.49,26.77,25.15,26.21,26.41,26.23,26.81,26.75,26.82,26.56
2026-08-19T04:00,2026-08-19,4,26.36,26.59,25.05,26.05,26.29,26.15,26.65,26.77,26.68,26.48
2026-08-19T05:00,2026-08-19,5,26.23,26.39,24.99,25.92,26.18,26.05,26.57,26.61,26.56,26.41
2026-08-19T06:00,2026-08-19,6,26.83,26.83,25.77,26.52,26.89,26.88,27.04,27.06,27.27,27.08
2026-08-19T07:00,2026-08-19,7,27.54,27.63,26.93,27.32,27.3,27.66,27.87,27.85,27.71,27.47
2026-08-19T08:00,2026-08-19,8,28.55,28.76,28.07,28.42,28.41,28.62,28.84,28.83,28.45,28.32
2026-08-19T09:00,2026-08-19,9,29.72,29.92,29.31,29.59,29.73,29.84,29.95,29.8,29.6,29.47
2026-08-19T10:00,2026-08-19,10,30.71,30.96,30.51,30.17,30.82,30.7,30.98,30.69,30.83,30.39
2026-08-19T11:00,2026-08-19,11,31.19,31.56,30.22,30.18,31.58,31.54,31.23,30.91,31.66,31.22
2026-08-19T12:00,2026-08-19,12,31.37,31.46,30.63,31.12,31.15,32.42,31.5,31.0,31.56,31.35
2026-08-19T13:00,2026-08-19,13,31.55,31.68,30.33,31.22,31.58,32.75,31.51,30.56,32.02,31.8
2026-08-19T14:00,2026-08-19,14,31.75,31.58,30.29,31.45,32.21,32.99,32.26,30.12,32.24,32.31
2026-08-19T15:00,2026-08-19,15,31.85,31.81,30.0,31.49,32.55,32.96,32.56,30.74,31.95,32.39
2026-08-19T16:00,2026-08-19,16,31.4,31.19,29.14,30.55,32.3,32.68,32.27,30.91,31.61,32.34
2026-08-19T17:00,2026-08-19,17,30.63,30.09,28.38,29.67,31.58,32.03,31.35,30.24,31.44,31.81
2026-08-19T18:00,2026-08-19,18,29.93,29.81,28.46,29.23,30.12,30.38,30.79,29.73,30.18,30.7
2026-08-19T19:00,2026-08-19,19,28.97,28.8,27.67,28.43,29.23,29.39,29.61,28.94,29.2,29.73
2026-08-19T20:00,2026-08-19,20,28.53,28.43,27.26,28.01,28.73,28.89,29.02,28.46,28.72,29.3
2026-08-19T21:00,2026-08-19,21,28.23,28.18,26.92,27.8,28.47,28.61,28.6,28.11,28.4,28.97
2026-08-19T22:00,2026-08-19,22,27.95,27.96,26.43,27.51,28.23,28.44,28.31,27.82,28.15,28.6
2026-08-19T23:00,2026-08-19,23,27.71,27.73,26.26,27.21,27.84,28.25,28.02,27.7,27.94,28.35
2026-08-20T00:00,2026-08-20,0,27.76,27.79,26.62,27.29,27.82,27.64,27.99,27.9,28.03,28.52
2026-08-20T01:00,2026-08-20,1,27.22,27.23,26.01,26.95,27.12,26.69,27.57,27.43,27.62,27.94
2026-08-20T02:00,2026-08-20,2,26.89,26.9,25.98,26.63,26.43,26.13,27.27,27.2,27.37,27.62
2026-08-20T03:00,2026-08-20,3,26.66,26.6,25.73,26.43,26.24,25.87,27.03,27.08,27.19,27.41
2026-08-20T04:00,2026-08-20,4,26.47,26.39,25.63,26.28,26.04,25.81,26.79,26.87,27.0,27.18
2026-08-20T05:00,2026-08-20,5,26.37,26.3,25.59,26.17,25.99,25.84,26.63,26.71,26.87,26.96
2026-08-20T06:00,2026-08-20,6,27.16,27.25,26.04,26.87,26.83,26.44,27.49,27.53,27.61,27.79
2026-08-20T07:00,2026-08-20,7,27.94,28.12,26.94,27.76,27.37,27.02,28.42,28.3,28.37,28.29
2026-08-20T08:00,2026-08-20,8,29.19,29.42,28.43,29.04,28.46,28.14,29.73,29.43,29.56,29.48
2026-08-20T09:00,2026-08-20,9,30.33,30.54,29.52,30.24,29.77,29.55,30.78,30.29,30.68,30.62
2026-08-20T10:00,2026-08-20,10,31.14,31.14,30.48,31.06,30.79,30.8,31.69,31.13,31.41,31.38
2026-08-20T11:00,2026-08-20,11,31.81,31.72,31.16,31.83,31.42,31.72,32.43,31.83,31.96,32.06
2026-08-20T12:00,2026-08-20,12,31.99,32.14,31.02,31.72,31.9,32.29,32.72,31.54,31.78,32.31
2026-08-20T13:00,2026-08-20,13,32.06,32.27,30.02,31.69,31.86,32.82,33.02,31.35,32.1,32.61
2026-08-20T14:00,2026-08-20,14,32.26,32.59,30.15,31.46,32.34,33.18,33.16,30.87,32.5,32.9
2026-08-20T15:00,2026-08-20,15,32.25,32.7,30.02,30.93,32.37,33.18,33.12,31.08,32.59,33.0
2026-08-20T16:00,2026-08-20,16,31.84,32.37,29.17,30.97,31.43,32.73,32.66,31.09,32.21,32.49
2026-08-20T17:00,2026-08-20,17,31.21,31.73,28.42,30.4,31.04,32.44,31.63,29.84,31.77,31.96
2026-08-20T18:00,2026-08-20,18,30.49,30.6,28.62,29.96,30.85,31.57,30.44,29.52,31.01,31.28
2026-08-20T19:00,2026-08-20,19,29.45,29.47,27.75,28.9,29.71,30.26,29.66,28.79,30.05,30.15
2026-08-20T20:00,2026-08-20,20,29.03,29.04,27.43,28.46,29.23,29.92,29.26,28.58,29.53,29.61
2026-08-20T21:00,2026-08-20,21,28.72,28.67,27.16,28.12,29.09,29.74,28.97,28.4,29.18,29.27
2026-08-20T22:00,2026-08-20,22,28.46,28.35,26.83,27.87,28.91,29.4,28.73,28.21,28.99,29.03
2026-08-20T23:00,2026-08-20,23,28.2,28.1,26.64,27.63,28.67,29.13,28.49,28.03,28.72,28.65
2026-08-21T00:00,2026-08-21,0,28.44,28.41,26.98,27.96,28.98,28.55,28.84,28.33,29.09,28.64
2026-08-21T01:00,2026-08-21,1,27.9,27.89,26.47,27.52,28.24,27.64,28.56,27.88,28.55,28.08
2026-08-21T02:00,2026-08-21,2,27.61,27.62,26.26,27.35,27.84,27.08,28.46,27.63,28.22,27.58
2026-08-21T03:00,2026-08-21,3,27.37,27.43,26.14,27.12,27.69,26.59,28.23,27.48,27.96,27.18
2026-08-21T04:00,2026-08-21,4,27.16,27.27,25.95,26.97,27.36,26.22,27.87,27.42,27.75,27.02
2026-08-21T05:00,2026-08-21,5,26.96,27.06,25.68,26.82,27.08,26.18,27.4,27.33,27.57,26.93
2026-08-21T06:00,2026-08-21,6,27.57,27.76,26.47,27.44,27.19,26.6,28.2,27.93,28.29,27.31
2026-08-21T07:00,2026-08-21,7,28.03,28.14,27.05,28.16,27.54,26.73,28.48,28.85,28.96,27.58
2026-08-21T08:00,2026-08-21,8,28.91,29.01,27.91,29.37,28.47,27.61,29.05,30.0,29.8,28.27
2026-08-21T09:00,2026-08-21,9,29.9,30.15,29.24,30.37,29.22,28.87,29.99,30.68,30.4,29.35
2026-08-21T10:00,2026-08-21,10,30.89,30.99,30.36,31.37,30.38,30.85,31.15,31.21,30.93,30.46
2026-08-21T11:00,2026-08-21,11,31.73,31.75,31.32,32.32,31.47,31.93,31.99,31.95,31.52,31.21
2026-08-21T12:00,2026-08-21,12,32.01,32.17,31.5,32.75,31.23,32.4,32.29,32.2,31.87,31.25
2026-08-21T13:00,2026-08-21,13,32.21,32.63,30.9,33.01,31.74,33.13,32.44,31.67,31.69,31.7
2026-08-21T14:00,2026-08-21,14,32.35,33.06,29.95,33.06,32.31,33.38,32.31,31.12,32.08,32.03
2026-08-21T15:00,2026-08-21,15,32.02,33.02,29.85,32.51,32.24,33.55,30.73,30.9,31.63,31.89
2026-08-21T16:00,2026-08-21,16,31.67,32.63,29.56,32.13,32.27,33.52,29.68,30.62,31.61,31.43
2026-08-21T17:00,2026-08-21,17,30.79,31.34,28.87,30.74,31.96,33.1,29.23,30.23,30.69,30.63
2026-08-21T18:00,2026-08-21,18,30.6,31.33,29.23,30.76,31.82,32.52,29.28,30.24,29.75,30.07
2026-08-21T19:00,2026-08-21,19,29.57,29.85,28.26,29.67,30.71,31.14,28.8,29.4,29.11,29.37
2026-08-21T20:00,2026-08-21,20,29.12,29.3,27.89,29.1,30.07,30.57,28.61,29.08,28.74,29.05
2026-08-21T21:00,2026-08-21,21,28.82,28.91,27.7,28.88,29.51,30.25,28.5,28.77,28.46,28.77
2026-08-21T22:00,2026-08-21,22,28.55,28.66,27.53,28.56,29.15,29.41,28.33,28.47,28.33,28.61
2026-08-21T23:00,2026-08-21,23,28.22,28.38,26.69,28.18,28.75,28.79,28.15,28.22,28.15,28.45
2026-08-22T00:00,2026-08-22,0,28.74,28.84,26.95,28.45,29.24,29.54,28.91,29.21,28.88,28.81
2026-08-22T01:00,2026-08-22,1,28.07,28.23,26.28,27.32,28.4,28.46,28.35,28.56,28.5,28.4
2026-08-22T02:00,2026-08-22,2,27.68,28.01,25.77,26.85,27.67,27.23,28.04,28.28,28.29,28.2
2026-08-22T03:00,2026-08-22,3,27.34,27.44,25.6,26.54,27.62,26.87,27.67,27.92,28.09,27.93
2026-08-22T04:00,2026-08-22,4,27.09,26.88,25.57,26.43,27.49,26.5,27.59,27.65,27.99,27.83
2026-08-22T05:00,2026-08-22,5,26.91,26.57,25.64,26.23,27.26,26.21,27.5,27.55,27.9,27.68
2026-08-22T06:00,2026-08-22,6,27.66,27.45,26.64,27.21,27.86,26.85,28.1,28.14,28.48,28.24
2026-08-22T07:00,2026-08-22,7,28.13,27.68,27.64,27.88,27.88,27.25,28.43,28.84,29.12,28.85
2026-08-22T08:00,2026-08-22,8,29.04,28.32,29.2,28.66,28.47,28.48,29.33,29.75,30.03,30.07
2026-08-22T09:00,2026-08-22,9,30.26,29.64,30.57,30.06,29.26,30.13,30.58,30.49,30.99,31.3
2026-08-22T10:00,2026-08-22,10,31.32,30.96,31.49,31.39,30.43,31.26,31.73,31.24,31.49,32.14
2026-08-22T11:00,2026-08-22,11,32.18,32.04,32.22,32.28,31.42,32.54,32.5,31.67,32.17,32.69
2026-08-22T12:00,2026-08-22,12,32.33,31.55,32.51,32.56,32.12,32.68,32.73,31.62,32.78,33.27
2026-08-22T13:00,2026-08-22,13,32.67,32.33,32.5,32.71,32.64,33.28,32.34,31.87,33.06,33.55
2026-08-22T14:00,2026-08-22,14,32.81,32.84,31.98,32.65,32.86,33.83,32.15,32.19,32.95,33.72
2026-08-22T15:00,2026-08-22,15,32.63,33.13,29.0,32.35,33.08,34.11,32.19,31.66,33.06,33.75
2026-08-22T16:00,2026-08-22,16,32.02,32.67,27.96,31.09,32.83,33.94,31.07,30.83,32.8,33.52
2026-08-22T17:00,2026-08-22,17,31.38,31.51,27.96,30.24,32.51,33.12,30.81,30.49,32.34,33.05
2026-08-22T18:00,2026-08-22,18,31.28,31.44,28.56,30.53,31.69,32.34,31.13,30.15,32.29,32.47
2026-08-22T19:00,2026-08-22,19,29.99,29.87,27.71,29.55,30.69,31.0,30.12,29.5,30.77,30.76
2026-08-22T20:00,2026-08-22,20,29.41,29.29,27.55,29.19,29.69,29.95,29.53,29.15,30.22,30.0
2026-08-22T21:00,2026-08-22,21,28.88,28.95,27.37,28.91,28.37,28.82,29.11,28.83,29.41,29.49
2026-08-22T22:00,2026-08-22,22,28.41,28.6,27.19,28.46,27.63,27.83,28.81,28.72,28.51,29.08
2026-08-22T23:00,2026-08-22,23,27.99,28.1,26.97,28.18,27.29,27.15,28.54,28.58,27.67,28.84
2026-08-23T00:00,2026-08-23,0,28.34,28.55,27.12,28.15,27.63,27.47,28.85,28.35,28.6,29.24
2026-08-23T01:00,2026-08-23,1,27.56,27.64,26.36,27.27,26.98,26.69,28.04,27.81,27.96,28.51
2026-08-23T02:00,2026-08-23,2,27.05,26.82,26.1,26.96,26.74,26.43,27.63,27.37,27.19,28.18
2026-08-23T03:00,2026-08-23,3,26.65,26.39,25.92,26.61,26.46,26.07,27.21,27.18,26.49,27.81
2026-08-23T04:00,2026-08-23,4,26.47,26.33,25.79,26.49,26.18,25.8,27.05,27.15,26.33,27.21
2026-08-23T05:00,2026-08-23,5,26.35,26.35,25.64,26.31,26.0,25.65,26.83,27.06,26.37,26.76
2026-08-23T06:00,2026-08-23,6,27.38,27.42,26.38,26.77,27.18,26.9,27.93,27.65,27.7,28.11
2026-08-23T07:00,2026-08-23,7,27.87,27.82,27.34,27.55,27.59,27.29,28.28,28.3,28.15,28.39
2026-08-23T08:00,2026-08-23,8,28.75,28.75,28.49,28.72,28.57,28.05,29.01,28.95,28.92,29.02
2026-08-23T09:00,2026-08-23,9,29.89,30.06,29.74,30.09,29.71,28.96,30.15,29.77,29.89,29.91
2026-08-23T10:00,2026-08-23,10,30.92,31.04,30.73,31.14,30.15,30.51,31.18,30.5,31.22,30.96
2026-08-23T11:00,2026-08-23,11,31.7,31.89,30.9,31.74,30.9,32.05,32.0,30.89,32.03,31.96
2026-08-23T12:00,2026-08-23,12,31.96,32.12,30.36,31.93,31.87,32.62,32.14,30.97,32.48,32.25
2026-08-23T13:00,2026-08-23,13,32.29,32.48,29.95,32.14,32.69,33.33,32.44,30.92,33.05,32.56
2026-08-23T14:00,2026-08-23,14,32.39,32.79,29.06,31.87,33.16,33.77,32.63,30.88,33.27,32.72
2026-08-23T15:00,2026-08-23,15,32.04,31.9,29.01,31.33,33.35,33.79,32.44,30.57,33.27,32.55
2026-08-23T16:00,2026-08-23,16,31.78,31.75,28.92,30.82,33.33,33.54,31.97,30.21,32.91,32.32
2026-08-23T17:00,2026-08-23,17,30.87,30.9,28.03,29.89,32.56,32.95,31.22,29.47,31.63,31.17
2026-08-23T18:00,2026-08-23,18,30.24,30.3,27.42,29.51,31.62,31.45,30.09,29.26,31.09,31.09
2026-08-23T19:00,2026-08-23,19,29.35,29.62,26.57,28.87,30.35,29.09,29.5,28.85,30.18,29.99
2026-08-23T20:00,2026-08-23,20,28.92,29.25,26.34,28.47,29.72,28.22,29.14,28.6,29.69,29.59
2026-08-23T21:00,2026-08-23,21,28.55,28.82,26.09,28.11,29.12,27.72,28.85,28.4,29.43,29.17
2026-08-23T22:00,2026-08-23,22,28.19,28.48,25.81,27.76,28.67,27.03,28.51,28.23,29.06,28.89
2026-08-23T23:00,2026-08-23,23,27.86,28.15,25.68,27.3,28.0,26.67,28.22,28.17,28.71,28.61
2026-08-24T00:00,2026-08-24,0,28.21,28.68,26.13,27.26,27.97,26.77,28.59,28.42,29.25,29.14
2026-08-24T01:00,2026-08-24,1,27.69,28.15,26.01,26.7,27.25,26.33,28.07,27.86,28.64,28.55
2026-08-24T02:00,2026-08-24,2,27.37,27.74,25.89,26.57,26.98,26.3,27.73,27.31,28.28,28.09
2026-08-24T03:00,2026-08-24,3,27.1,27.33,25.79,26.34,26.72,26.44,27.53,27.03,27.98,27.68
2026-08-24T04:00,2026-08-24,4,26.89,27.09,25.65,26.14,26.72,26.4,27.36,26.44,27.7,27.45
2026-08-24T05:00,2026-08-24,5,26.72,26.95,25.66,25.95,26.56,26.21,27.17,26.32,27.47,27.19
2026-08-24T06:00,2026-08-24,6,27.13,27.23,26.26,26.58,27.09,26.9,27.37,26.89,27.5,27.77
2026-08-24T07:00,2026-08-24,7,27.59,27.78,26.76,27.09,27.42,27.66,27.88,27.11,27.85,28.06
2026-08-24T08:00,2026-08-24,8,28.45,28.54,27.6,28.23,28.43,28.77,28.55,27.65,28.79,28.92
2026-08-24T09:00,2026-08-24,9,29.47,29.48,28.98,29.27,29.64,29.81,29.3,28.58,29.87,29.9
2026-08-24T10:00,2026-08-24,10,30.32,30.35,30.09,29.49,30.56,30.87,30.3,29.55,30.69,30.83
2026-08-24T11:00,2026-08-24,11,30.96,30.94,30.52,30.04,31.48,31.4,30.86,29.56,31.67,31.75
2026-08-24T12:00,2026-08-24,12,31.2,31.12,30.76,30.43,31.52,31.78,31.45,29.92,31.65,31.89
2026-08-24T13:00,2026-08-24,13,31.22,31.35,30.33,30.08,32.09,31.88,30.66,29.49,31.99,32.46
2026-08-24T14:00,2026-08-24,14,31.2,31.21,29.92,30.14,31.65,32.26,30.02,29.74,32.49,32.81
2026-08-24T15:00,2026-08-24,15,30.93,30.95,28.83,30.49,32.13,31.52,29.43,29.22,32.14,32.85
2026-08-24T16:00,2026-08-24,16,30.25,29.87,28.15,30.01,31.38,31.62,29.03,28.98,31.06,32.47
2026-08-24T17:00,2026-08-24,17,29.34,29.02,27.62,29.3,30.11,30.0,28.59,28.67,29.33,31.74
2026-08-24T18:00,2026-08-24,18,28.96,28.93,27.02,28.28,29.07,29.01,29.06,28.68,29.5,30.65
2026-08-24T19:00,2026-08-24,19,28.22,28.27,26.47,27.71,28.33,27.78,28.53,28.23,28.86,29.24
2026-08-24T20:00,2026-08-24,20,27.94,28.02,26.19,27.49,27.95,27.41,28.31,28.2,28.49,28.84
2026-08-24T21:00,2026-08-24,21,27.7,27.75,26.04,27.17,27.72,26.7,28.2,28.18,28.26,28.73
2026-08-24T22:00,2026-08-24,22,27.58,27.64,25.97,27.05,27.5,26.65,28.12,28.16,28.11,28.45
2026-08-24T23:00,2026-08-24,23,27.4,27.47,25.86,26.86,27.2,26.47,28.01,28.13,27.84,28.26
2026-08-25T00:00,2026-08-25,0,27.5,27.52,26.32,26.86,26.98,26.82,28.16,28.37,27.9,28.3
2026-08-25T01:00,2026-08-25,1,27.04,27.12,25.93,26.42,26.37,26.33,27.88,28.12,27.42,27.51
2026-08-25T02:00,2026-08-25,2,26.79,26.93,25.75,26.1,26.24,26.31,27.67,27.88,26.96,27.11
2026-08-25T03:00,2026-08-25,3,26.59,26.73,25.62,25.88,26.27,26.18,27.49,27.55,26.82,26.65
2026-08-25T04:00,2026-08-25,4,26.45,26.51,25.57,25.76,26.24,26.03,27.29,27.47,26.81,26.37
2026-08-25T05:00,2026-08-25,5,26.32,26.3,25.44,25.73,26.21,25.98,27.18,27.33,26.76,26.14
2026-08-25T06:00,2026-08-25,6,27.02,27.18,26.22,26.36,26.57,26.45,27.94,27.77,27.51,26.82
2026-08-25T07:00,2026-08-25,7,27.62,27.77,27.06,27.06,27.09,27.03,28.62,28.42,27.93,27.27
2026-08-25T08:00,2026-08-25,8,28.46,28.67,28.09,28.06,27.84,27.86,29.4,29.2,28.59,27.97
2026-08-25T09:00,2026-08-25,9,29.48,29.7,29.03,28.94,29.23,29.47,30.26,29.47,29.6,29.14
2026-08-25T10:00,2026-08-25,10,30.46,30.72,29.6,30.07,30.35,30.42,31.26,30.04,30.75,30.08
2026-08-25T11:00,2026-08-25,11,31.28,31.49,30.2,30.81,31.36,31.46,32.04,30.89,31.67,30.91
2026-08-25T12:00,2026-08-25,12,31.71,31.87,30.61,30.71,31.41,31.8,33.06,31.34,32.31,31.58
2026-08-25T13:00,2026-08-25,13,31.67,31.9,29.8,30.55,31.58,30.93,32.99,31.29,32.59,32.19
2026-08-25T14:00,2026-08-25,14,31.34,31.78,29.19,30.12,30.44,30.04,32.02,30.98,32.95,32.42
2026-08-25T15:00,2026-08-25,15,30.98,30.88,29.26,30.5,29.93,30.22,30.65,30.96,32.83,32.56
2026-08-25T16:00,2026-08-25,16,30.32,30.24,29.59,30.23,29.97,29.05,30.01,30.55,30.42,32.3
2026-08-25T17:00,2026-08-25,17,29.6,29.8,28.78,29.33,29.26,28.9,29.85,29.94,29.16,30.87
2026-08-25T18:00,2026-08-25,18,29.82,30.19,28.45,29.46,29.54,28.85,30.63,29.6,29.97,30.29
2026-08-25T19:00,2026-08-25,19,29.07,29.51,27.73,28.82,28.64,28.13,29.83,29.08,29.31,29.12
2026-08-25T20:00,2026-08-25,20,28.72,29.11,27.37,28.46,28.49,28.03,29.32,28.74,29.07,28.65
2026-08-25T21:00,2026-08-25,21,28.45,28.8,27.18,28.24,28.28,27.67,28.92,28.53,28.9,28.36
2026-08-25T22:00,2026-08-25,22,28.16,28.47,26.87,28.05,27.83,27.35,28.62,28.29,28.74,28.11
2026-08-25T23:00,2026-08-25,23,27.89,28.18,26.73,27.87,27.31,26.95,28.36,28.15,28.47,27.79
2026-08-26T00:00,2026-08-26,0,28.36,28.79,27.09,28.16,28.16,27.22,28.73,28.38,28.86,28.35
2026-08-26T01:00,2026-08-26,1,27.64,28.05,26.36,26.88,27.22,26.84,28.3,27.8,28.36,27.65
2026-08-26T02:00,2026-08-26,2,27.13,27.45,26.16,26.23,26.79,26.39,27.98,26.91,27.99,27.05
2026-08-26T03:00,2026-08-26,3,26.75,26.92,25.97,25.96,26.52,25.97,27.61,26.55,27.61,26.76
2026-08-26T04:00,2026-08-26,4,26.47,26.52,25.78,25.75,26.22,25.72,27.34,26.36,27.33,26.57
2026-08-26T05:00,2026-08-26,5,26.26,26.24,25.51,25.6,26.12,25.66,27.18,26.28,27.15,26.18
2026-08-26T06:00,2026-08-26,6,26.94,26.97,26.0,26.61,26.7,26.43,27.33,27.08,27.68,27.17
2026-08-26T07:00,2026-08-26,7,27.41,27.39,26.82,27.16,27.05,27.05,27.77,27.37,28.16,27.48
2026-08-26T08:00,2026-08-26,8,28.29,28.33,27.63,27.95,28.04,28.05,29.05,27.83,28.9,28.22
2026-08-26T09:00,2026-08-26,9,29.4,29.53,28.69,29.05,29.28,29.3,30.29,28.63,29.97,28.99
2026-08-26T10:00,2026-08-26,10,30.28,30.35,29.63,29.55,30.32,30.36,31.05,29.64,30.92,30.22
2026-08-26T11:00,2026-08-26,11,30.89,30.64,29.85,30.1,31.19,31.3,31.72,30.56,31.6,31.31
2026-08-26T12:00,2026-08-26,12,30.69,29.37,30.33,30.83,31.6,31.83,31.74,29.59,31.44,31.49
2026-08-26T13:00,2026-08-26,13,30.7,29.66,30.03,30.88,31.71,32.55,29.82,28.99,32.08,31.96
2026-08-26T14:00,2026-08-26,14,30.85,30.78,29.06,30.87,32.15,33.0,28.83,28.32,31.72,32.56
2026-08-26T15:00,2026-08-26,15,30.8,30.47,28.34,30.83,32.5,33.11,28.76,29.11,31.72,32.81
2026-08-26T16:00,2026-08-26,16,30.1,29.28,28.04,28.77,32.15,32.8,28.72,29.21,31.44,32.5
2026-08-26T17:00,2026-08-26,17,29.74,29.01,27.62,28.66,31.05,31.45,28.98,29.18,31.15,31.95
2026-08-26T18:00,2026-08-26,18,30.39,30.52,28.27,30.12,31.15,31.61,29.6,29.32,31.25,31.09
2026-08-26T19:00,2026-08-26,19,29.46,29.6,27.51,29.27,30.01,30.47,28.88,28.55,30.17,30.04
2026-08-26T20:00,2026-08-26,20,29.01,29.12,27.21,28.69,29.64,29.95,28.58,28.23,29.65,29.58
2026-08-26T21:00,2026-08-26,21,28.65,28.76,26.95,28.25,29.23,29.45,28.37,28.05,29.25,29.16
2026-08-26T22:00,2026-08-26,22,28.3,28.45,26.75,27.93,28.84,28.26,28.22,27.84,28.9,28.86
2026-08-26T23:00,2026-08-26,23,27.99,28.1,26.46,27.65,28.52,27.5,27.98,27.65,28.64,28.64
2026-08-27T00:00,2026-08-27,0,28.29,28.44,26.79,28.15,28.41,27.8,28.38,28.12,28.78,28.93
2026-08-27T01:00,2026-08-27,1,27.74,27.88,26.38,27.67,27.71,27.02,27.97,27.68,28.15,28.32
2026-08-27T02:00,2026-08-27,2,27.45,27.63,26.12,27.4,27.22,26.83,27.68,27.35,27.86,27.99
2026-08-27T03:00,2026-08-27,3,27.21,27.44,25.99,27.08,26.79,26.52,27.45,27.15,27.66,27.74
2026-08-27T04:00,2026-08-27,4,26.99,27.22,25.74,26.86,26.52,26.4,27.3,26.93,27.41,27.5
2026-08-27T05:00,2026-08-27,5,26.81,26.97,25.66,26.69,26.45,26.25,27.12,26.79,27.29,27.23
2026-08-27T06:00,2026-08-27,6,27.59,27.74,26.19,27.34,27.45,26.94,27.98,27.37,28.22,28.09
2026-08-27T07:00,2026-08-27,7,28.43,28.6,27.27,28.32,28.09,27.83,28.71,28.18,29.01,28.83
2026-08-27T08:00,2026-08-27,8,29.65,29.84,28.71,29.54,29.08,29.23,29.99,29.2,30.23,29.95
2026-08-27T09:00,2026-08-27,9,30.7,30.85,29.82,30.54,30.24,30.46,31.16,30.05,31.21,30.93
2026-08-27T10:00,2026-08-27,10,31.53,31.71,30.48,31.32,31.31,31.51,31.99,30.82,31.93,31.73
2026-08-27T11:00,2026-08-27,11,32.18,32.35,30.86,31.91,32.11,32.36,32.71,31.54,32.6,32.33
2026-08-27T12:00,2026-08-27,12,32.54,32.85,31.27,32.57,32.36,32.58,32.88,31.67,32.87,32.59
2026-08-27T13:00,2026-08-27,13,32.67,33.12,30.0,32.54,32.65,33.18,32.78,31.75,33.36,33.1
2026-08-27T14:00,2026-08-27,14,32.73,33.33,29.09,32.38,32.97,33.49,32.74,31.78,33.58,33.35
2026-08-27T15:00,2026-08-27,15,32.76,33.3,29.12,32.44,33.0,33.27,33.01,31.68,33.61,33.47
2026-08-27T16:00,2026-08-27,16,32.43,33.04,28.29,32.07,32.85,32.77,32.77,31.34,33.34,33.29
2026-08-27T17:00,2026-08-27,17,31.77,32.32,27.96,31.27,32.51,32.18,31.96,30.31,32.79,32.57
2026-08-27T18:00,2026-08-27,18,31.22,31.52,28.7,30.72,31.62,31.24,31.32,30.11,32.27,31.97
2026-08-27T19:00,2026-08-27,19,30.22,30.61,27.71,29.91,30.41,30.31,30.06,29.44,31.13,30.86
2026-08-27T20:00,2026-08-27,20,29.79,30.24,27.26,29.45,29.91,29.99,29.69,29.08,30.65,30.31
2026-08-27T21:00,2026-08-27,21,29.23,29.72,27.06,29.05,28.83,29.62,29.32,28.81,29.91,29.26
2026-08-27T22:00,2026-08-27,22,28.67,29.28,26.91,28.73,27.42,28.34,29.05,28.45,29.32,28.51
2026-08-27T23:00,2026-08-27,23,28.1,28.44,26.68,28.28,27.37,27.01,28.73,28.21,28.38,28.36
2026-08-28T00:00,2026-08-28,0,28.14,27.81,27.03,28.41,27.93,27.07,29.07,28.14,28.76,28.76
2026-08-28T01:00,2026-08-28,1,27.49,27.25,26.21,27.88,27.17,26.7,28.53,27.31,27.62,28.28
2026-08-28T02:00,2026-08-28,2,27.17,27.03,25.85,27.44,26.82,26.24,28.14,26.92,27.33,28.1
2026-08-28T03:00,2026-08-28,3,26.96,27.0,25.7,27.02,26.56,26.0,27.57,26.53,27.31,27.88
2026-08-28T04:00,2026-08-28,4,26.81,26.94,25.53,26.59,26.54,25.9,27.37,26.36,27.23,27.7
2026-08-28T05:00,2026-08-28,5,26.66,26.83,25.39,26.36,26.47,25.85,27.09,26.27,27.11,27.49
2026-08-28T06:00,2026-08-28,6,27.58,27.66,25.81,26.87,27.53,26.76,28.12,27.83,28.48,28.41
2026-08-28T07:00,2026-08-28,7,27.83,27.77,26.34,26.85,27.7,27.0,28.65,28.13,28.71,28.85
2026-08-28T08:00,2026-08-28,8,28.3,27.91,27.12,27.03,28.22,27.77,29.05,28.48,29.44,29.89
2026-08-28T09:00,2026-08-28,9,29.19,28.52,28.53,27.66,29.37,28.84,29.88,29.34,30.57,30.87
2026-08-28T10:00,2026-08-28,10,29.93,28.95,30.01,28.08,30.55,30.08,30.06,30.3,31.51,31.72
2026-08-28T11:00,2026-08-28,11,30.6,29.39,30.83,28.82,31.3,31.01,30.74,30.97,32.21,32.52
2026-08-28T12:00,2026-08-28,12,31.39,30.52,31.73,30.75,31.22,30.89,31.75,30.77,32.73,32.94
2026-08-28T13:00,2026-08-28,13,31.67,30.89,31.65,31.3,31.92,31.04,31.92,31.2,32.66,33.15
2026-08-28T14:00,2026-08-28,14,31.66,31.22,31.03,31.82,32.07,32.31,31.36,30.38,32.41,32.55
2026-08-28T15:00,2026-08-28,15,31.56,31.65,30.62,31.9,31.61,32.48,30.86,30.27,32.13,31.75
2026-08-28T16:00,2026-08-28,16,31.1,31.43,29.07,31.23,31.3,32.47,30.12,30.31,31.82,31.29
2026-08-28T17:00,2026-08-28,17,30.64,31.09,28.55,30.85,30.63,32.11,29.92,29.95,31.07,30.57
2026-08-28T18:00,2026-08-28,18,30.36,30.49,27.21,30.27,30.57,31.48,30.26,29.98,31.35,30.96
2026-08-28T19:00,2026-08-28,19,29.41,29.49,27.17,29.35,29.38,30.35,29.16,29.19,30.52,29.59
2026-08-28T20:00,2026-08-28,20,29.03,29.13,27.0,28.89,28.97,29.93,28.96,29.02,29.91,29.07
2026-08-28T21:00,2026-08-28,21,28.78,28.89,26.87,28.51,28.82,29.65,28.84,28.89,29.58,28.69
2026-08-28T22:00,2026-08-28,22,28.52,28.71,26.46,28.21,28.72,29.03,28.66,28.75,29.24,28.5
2026-08-28T23:00,2026-08-28,23,28.31,28.55,26.22,27.96,28.47,28.6,28.53,28.56,28.99,28.31
2026-08-29T00:00,2026-08-29,0,28.32,28.58,26.38,27.33,28.83,27.55,28.9,28.34,29.28,28.77
2026-08-29T01:00,2026-08-29,1,27.72,27.71,26.21,26.86,28.19,26.78,28.42,27.78,28.73,28.24
2026-08-29T02:00,2026-08-29,2,27.43,27.41,26.08,26.62,27.58,26.56,28.16,27.53,28.34,28.08
2026-08-29T03:00,2026-08-29,3,27.16,27.17,25.96,26.35,27.03,26.44,27.76,27.21,28.08,27.86
2026-08-29T04:00,2026-08-29,4,26.91,26.88,25.93,26.19,26.73,26.28,27.21,27.0,27.86,27.68
2026-08-29T05:00,2026-08-29,5,26.8,26.75,25.72,26.19,26.61,26.25,27.04,26.92,27.74,27.56
2026-08-29T06:00,2026-08-29,6,27.34,27.25,26.47,26.84,27.08,26.68,27.95,27.33,28.02,28.08
2026-08-29T07:00,2026-08-29,7,27.9,27.74,27.51,27.41,27.48,27.28,28.43,27.86,28.59,28.58
2026-08-29T08:00,2026-08-29,8,28.91,28.69,28.91,28.42,28.36,28.62,29.27,28.7,29.45,29.68
2026-08-29T09:00,2026-08-29,9,29.99,29.59,30.11,29.89,29.57,30.11,30.2,29.45,30.52,30.75
2026-08-29T10:00,2026-08-29,10,30.93,30.29,31.2,31.33,30.83,31.47,31.05,30.11,31.36,31.42
2026-08-29T11:00,2026-08-29,11,31.8,31.67,31.36,32.24,31.63,32.58,31.67,31.03,32.15,31.75
2026-08-29T12:00,2026-08-29,12,32.46,32.6,31.97,32.57,32.72,33.58,31.14,31.31,32.96,32.86
2026-08-29T13:00,2026-08-29,13,32.81,33.0,32.25,32.9,33.07,34.05,31.59,31.43,33.3,33.09
2026-08-29T14:00,2026-08-29,14,32.97,33.19,31.95,32.93,33.36,34.25,32.04,31.39,33.45,33.4
2026-08-29T15:00,2026-08-29,15,32.75,33.2,29.1,32.69,33.58,34.27,32.34,30.96,33.57,33.42
2026-08-29T16:00,2026-08-29,16,32.29,32.83,29.05,32.12,33.38,33.95,31.68,30.77,32.84,32.63
2026-08-29T17:00,2026-08-29,17,31.49,32.08,28.31,31.05,32.8,33.35,31.05,30.2,31.93,31.5
2026-08-29T18:00,2026-08-29,18,30.87,31.07,28.61,30.29,31.66,31.85,30.89,29.86,31.51,31.44
2026-08-29T19:00,2026-08-29,19,29.98,30.22,27.61,29.49,30.7,30.88,29.91,29.27,30.61,30.39
2026-08-29T20:00,2026-08-29,20,29.5,29.72,27.17,29.03,30.32,30.46,29.36,28.72,30.11,29.96
2026-08-29T21:00,2026-08-29,21,29.11,29.32,26.92,28.58,30.0,29.67,28.91,28.45,29.76,29.69
2026-08-29T22:00,2026-08-29,22,28.71,29.0,26.59,28.2,29.63,28.31,28.49,28.3,29.47,29.41
2026-08-29T23:00,2026-08-29,23,28.23,28.32,26.44,27.74,28.87,27.46,28.27,28.1,29.02,29.17
2026-08-30T00:00,2026-08-30,0,28.6,28.96,26.92,28.01,29.26,27.75,28.06,28.2,29.41,29.57
2026-08-30T01:00,2026-08-30,1,27.91,28.2,26.57,27.64,27.64,27.13,27.39,27.88,28.66,28.92
2026-08-30T02:00,2026-08-30,2,27.64,27.93,26.31,27.41,27.26,26.79,27.16,27.64,28.37,28.67
2026-08-30T03:00,2026-08-30,3,27.47,27.68,26.2,27.27,27.1,26.73,27.16,27.59,28.19,28.35
2026-08-30T04:00,2026-08-30,4,27.36,27.58,26.1,27.21,26.93,26.71,27.09,27.58,28.01,28.11
2026-08-30T05:00,2026-08-30,5,27.21,27.41,25.84,27.08,26.81,26.61,27.04,27.5,27.85,27.89
2026-08-30T06:00,2026-08-30,6,27.77,28.01,26.07,27.73,27.8,27.43,27.64,27.48,28.37,28.37
2026-08-30T07:00,2026-08-30,7,28.3,28.68,26.98,28.38,28.36,27.93,28.01,27.86,28.52,28.74
2026-08-30T08:00,2026-08-30,8,29.21,29.61,27.93,29.1,29.18,29.56,28.78,28.3,29.43,29.77
2026-08-30T09:00,2026-08-30,9,30.14,30.23,28.6,29.93,30.23,31.39,29.71,28.58,30.77,31.06
2026-08-30T10:00,2026-08-30,10,30.92,31.07,28.28,30.62,31.42,32.49,30.12,29.41,31.8,32.16
2026-08-30T11:00,2026-08-30,11,31.49,31.9,27.68,31.02,32.2,32.91,31.01,29.89,32.44,32.83
2026-08-30T12:00,2026-08-30,12,31.9,32.68,27.81,30.61,32.79,33.39,31.55,29.41,33.15,33.24
2026-08-30T13:00,2026-08-30,13,31.85,32.43,28.2,29.54,33.39,33.8,31.63,29.3,33.52,33.2
2026-08-30T14:00,2026-08-30,14,31.71,31.6,28.5,29.35,33.42,33.89,31.93,29.68,33.7,33.18
2026-08-30T15:00,2026-08-30,15,31.58,31.37,28.26,29.57,33.34,33.33,31.85,29.44,33.58,33.17
2026-08-30T16:00,2026-08-30,16,31.02,30.78,27.86,29.21,32.74,31.94,31.46,29.22,33.11,32.48
2026-08-30T17:00,2026-08-30,17,30.05,29.99,27.6,28.54,31.46,29.93,30.2,28.65,31.9,31.42
2026-08-30T18:00,2026-08-30,18,29.67,29.61,27.03,28.39,30.53,29.75,30.18,28.01,31.36,31.14
2026-08-30T19:00,2026-08-30,19,28.85,28.99,26.48,27.79,29.64,28.81,29.11,27.44,30.31,29.78
2026-08-30T20:00,2026-08-30,20,28.41,28.63,26.3,27.32,29.28,28.56,28.79,27.49,29.52,28.86
2026-08-30T21:00,2026-08-30,21,28.05,28.33,26.14,26.95,28.9,28.41,28.39,27.1,29.29,28.0
2026-08-30T22:00,2026-08-30,22,27.8,27.99,26.1,26.82,28.64,28.07,28.14,26.99,29.0,27.68
2026-08-30T23:00,2026-08-30,23,27.56,27.6,25.99,26.73,28.37,27.75,27.96,26.7,28.71,27.68
2026-08-31T00:00,2026-08-31,0,27.63,27.29,26.58,27.09,28.14,28.27,27.55,27.39,28.44,28.44
2026-08-31T01:00,2026-08-31,1,27.12,26.97,26.3,26.35,27.5,27.51,27.15,26.72,27.76,27.96
2026-08-31T02:00,2026-08-31,2,26.72,26.57,26.09,25.99,26.89,26.97,26.89,26.67,27.16,27.51
2026-08-31T03:00,2026-08-31,3,26.48,26.44,25.98,26.0,26.5,26.56,26.51,26.19,26.91,27.03
2026-08-31T04:00,2026-08-31,4,26.32,26.26,25.78,25.98,26.34,26.51,26.34,26.15,26.77,26.73
2026-08-31T05:00,2026-08-31,5,26.18,26.18,25.71,25.85,26.12,26.46,26.25,25.91,26.57,26.43
2026-08-31T06:00,2026-08-31,6,26.77,26.72,26.26,26.54,26.76,27.11,26.82,26.73,26.92,27.15
2026-08-31T07:00,2026-08-31,7,27.27,27.18,27.2,27.29,26.97,27.58,27.27,27.41,27.25,27.46
2026-08-31T08:00,2026-08-31,8,28.07,27.97,27.83,28.42,27.6,28.63,27.96,28.29,27.98,28.23
2026-08-31T09:00,2026-08-31,9,29.09,28.92,28.58,29.49,28.48,30.22,29.14,29.03,29.12,29.11
2026-08-31T10:00,2026-08-31,10,30.08,30.17,29.33,30.02,29.65,31.38,30.09,29.0,30.25,30.31
2026-08-31T11:00,2026-08-31,11,30.61,31.02,28.2,30.17,30.88,32.31,30.21,28.96,31.18,31.35
2026-08-31T12:00,2026-08-31,12,30.63,30.92,28.7,29.86,31.19,31.27,30.37,29.5,31.27,31.6
2026-08-31T13:00,2026-08-31,13,30.26,30.91,27.35,29.25,30.84,31.01,29.15,28.77,31.55,31.53
2026-08-31T14:00,2026-08-31,14,30.11,29.83,27.65,28.69,31.58,32.29,28.14,28.96,32.3,32.03
2026-08-31T15:00,2026-08-31,15,29.57,28.53,27.15,28.24,31.69,31.46,27.89,28.81,31.95,32.3
2026-08-31T16:00,2026-08-31,16,28.94,27.94,26.82,27.46,30.87,30.56,28.1,28.29,30.26,32.07
2026-08-31T17:00,2026-08-31,17,28.27,27.63,26.13,27.2,29.19,30.15,27.86,27.99,28.41,31.34
2026-08-31T18:00,2026-08-31,18,28.66,28.21,27.07,28.23,28.64,29.62,28.53,28.65,29.13,30.57
2026-08-31T19:00,2026-08-31,19,27.91,27.63,26.53,27.34,28.07,28.61,27.86,27.94,28.62,29.06
2026-08-31T20:00,2026-08-31,20,27.51,27.52,25.9,26.57,27.95,28.24,27.71,27.34,28.3,28.03
2026-08-31T21:00,2026-08-31,21,27.23,27.29,25.85,26.29,27.76,27.95,27.47,26.95,27.93,27.5
2026-08-31T22:00,2026-08-31,22,26.91,26.9,25.69,26.13,27.45,27.47,27.12,26.6,27.48,27.31
2026-08-31T23:00,2026-08-31,23,26.61,26.46,25.59,26.02,27.18,26.94,26.81,26.49,27.11,27.11
2026-09-01T00:00,2026-09-01,0,27.04,27.06,26.13,26.66,27.18,27.09,26.99,26.99,27.5,27.6
2026-09-01T01:00,2026-09-01,1,26.65,26.78,25.84,26.23,26.51,26.69,26.8,26.66,26.89,27.03
2026-09-01T02:00,2026-09-01,2,26.32,26.25,25.66,25.98,26.19,26.29,26.67,26.47,26.59,26.75
2026-09-01T03:00,2026-09-01,3,26.11,26.11,25.53,25.87,25.88,26.1,26.15,26.39,26.43,26.4
2026-09-01T04:00,2026-09-01,4,25.97,25.93,25.42,25.91,25.93,26.04,26.05,26.12,26.15,26.21
2026-09-01T05:00,2026-09-01,5,25.87,25.86,25.42,25.53,25.93,25.86,25.97,26.19,26.16,26.06
2026-09-01T06:00,2026-09-01,6,26.42,26.53,26.02,26.19,25.99,26.4,26.73,26.86,26.35,26.59
2026-09-01T07:00,2026-09-01,7,26.69,26.8,26.47,26.55,26.46,26.29,26.65,27.02,26.86,26.86
2026-09-01T08:00,2026-09-01,8,27.42,27.66,27.65,27.46,27.28,26.49,26.81,27.31,27.68,27.64
2026-09-01T09:00,2026-09-01,9,28.3,28.87,28.63,27.75,28.47,27.13,27.16,27.55,28.97,28.6
2026-09-01T10:00,2026-09-01,10,28.56,27.79,29.58,28.26,29.71,27.88,27.37,27.86,30.19,29.38
2026-09-01T11:00,2026-09-01,11,28.69,27.89,30.12,28.27,29.12,28.96,28.19,27.2,30.11,29.2
2026-09-01T12:00,2026-09-01,12,29.09,28.41,31.06,28.84,28.57,29.16,28.51,27.96,30.21,29.76
2026-09-01T13:00,2026-09-01,13,28.98,29.23,30.19,28.52,27.79,28.65,28.09,29.07,29.66,28.94
2026-09-01T14:00,2026-09-01,14,29.36,29.79,30.21,29.55,29.0,28.56,27.73,29.44,29.96,29.04
2026-09-01T15:00,2026-09-01,15,29.05,29.01,29.13,29.41,29.24,28.74,28.01,28.42,29.45,29.61
2026-09-01T16:00,2026-09-01,16,28.37,28.11,28.72,28.47,27.47,28.3,28.19,28.53,28.4,29.4
2026-09-01T17:00,2026-09-01,17,27.8,27.55,28.05,28.17,26.87,27.96,28.09,28.44,27.36,28.23
2026-09-01T18:00,2026-09-01,18,27.94,27.67,28.58,28.22,27.39,28.28,27.92,27.89,27.83,28.14
2026-09-01T19:00,2026-09-01,19,27.3,27.06,27.9,27.8,26.87,27.7,27.24,27.13,27.13,27.32
2026-09-01T20:00,2026-09-01,20,27.03,26.9,27.56,27.53,26.71,27.29,26.98,26.89,26.87,26.74
2026-09-01T21:00,2026-09-01,21,26.75,26.57,27.26,27.34,26.53,26.94,26.72,26.74,26.64,26.32
2026-09-01T22:00,2026-09-01,22,26.46,26.15,26.98,27.16,26.11,26.65,26.46,26.64,26.53,26.03
2026-09-01T23:00,2026-09-01,23,26.15,25.8,26.59,26.66,25.81,26.31,26.23,26.62,26.2,25.85
2026-09-02T00:00,2026-09-02,0,26.52,26.09,27.05,27.14,26.25,26.25,26.78,26.97,26.66,26.17
2026-09-02T01:00,2026-09-02,1,26.08,25.9,26.61,26.57,25.81,25.41,26.5,26.45,26.04,25.57
2026-09-02T02:00,2026-09-02,2,25.8,25.7,26.28,26.23,25.44,25.26,26.38,26.05,25.62,25.28
2026-09-02T03:00,2026-09-02,3,25.55,25.44,25.99,25.78,25.23,25.08,26.12,25.76,25.54,25.02
2026-09-02T04:00,2026-09-02,4,25.41,25.38,25.78,25.38,24.93,25.08,25.8,25.88,25.54,24.97
2026-09-02T05:00,2026-09-02,5,25.28,25.31,25.69,25.23,24.82,25.08,25.48,25.74,25.37,24.85
2026-09-02T06:00,2026-09-02,6,25.64,25.52,26.03,25.56,25.51,25.73,25.76,25.91,25.95,25.1
2026-09-02T07:00,2026-09-02,7,25.95,25.75,26.94,26.13,26.02,25.72,25.77,26.29,26.04,25.46
2026-09-02T08:00,2026-09-02,8,26.6,26.34,27.83,26.85,26.93,26.36,26.1,26.8,26.47,26.43
2026-09-02T09:00,2026-09-02,9,27.4,27.3,28.65,27.45,27.89,26.95,26.56,27.46,27.26,27.48
2026-09-02T10:00,2026-09-02,10,28.47,28.85,28.78,28.41,28.8,27.67,27.49,28.36,28.31,28.85
2026-09-02T11:00,2026-09-02,11,29.14,29.28,29.33,28.46,29.52,28.28,28.55,28.76,29.54,30.02
2026-09-02T12:00,2026-09-02,12,29.13,29.17,28.47,28.13,29.84,28.38,29.1,27.7,30.15,30.32
2026-09-02T13:00,2026-09-02,13,28.65,28.55,27.29,27.45,30.06,28.66,28.15,27.13,29.42,30.77
2026-09-02T14:00,2026-09-02,14,28.86,28.32,27.74,27.55,30.85,29.81,27.53,27.16,30.34,31.06
2026-09-02T15:00,2026-09-02,15,28.71,28.05,27.12,28.03,30.78,30.41,27.38,27.17,29.55,31.08
2026-09-02T16:00,2026-09-02,16,28.55,28.3,27.16,27.95,30.44,30.26,27.66,26.88,28.01,30.94
2026-09-02T17:00,2026-09-02,17,28.19,28.16,26.75,27.47,29.6,29.82,27.44,26.85,27.82,30.12
2026-09-02T18:00,2026-09-02,18,28.05,27.47,26.36,27.39,29.07,29.82,27.66,28.05,28.42,29.73
2026-09-02T19:00,2026-09-02,19,27.32,26.92,25.99,26.75,27.97,28.43,27.1,27.31,27.63,28.79
2026-09-02T20:00,2026-09-02,20,26.98,26.72,25.86,26.52,27.48,27.69,27.01,27.21,27.3,27.73
2026-09-02T21:00,2026-09-02,21,26.73,26.5,25.75,26.11,27.2,27.28,26.88,27.07,27.09,27.35
2026-09-02T22:00,2026-09-02,22,26.46,26.27,25.37,25.83,26.74,26.55,26.75,26.9,26.88,27.25
2026-09-02T23:00,2026-09-02,23,26.2,26.07,25.24,25.78,26.28,25.96,26.6,26.27,26.64,26.91
