datetime,date,hour,national,dhaka,chattogram,cumilla,mymensingh,sylhet,khulna,barishal,rajshahi,rangpur
2025-01-01T00:00,2025-01-01,0,15.69,15.26,16.2,15.57,16.37,16.51,15.67,15.83,15.54,15.62
2025-01-01T01:00,2025-01-01,1,15.36,15.1,15.73,15.16,16.11,15.95,15.4,15.46,15.2,15.2
2025-01-01T02:00,2025-01-01,2,15.07,14.89,15.3,14.87,15.88,15.72,15.06,15.09,14.9,14.8
2025-01-01T03:00,2025-01-01,3,14.77,14.74,14.76,14.62,15.54,15.24,14.79,14.87,14.61,14.35
2025-01-01T04:00,2025-01-01,4,14.49,14.57,14.32,14.35,15.28,14.89,14.47,14.52,14.24,14.05
2025-01-01T05:00,2025-01-01,5,14.2,14.3,13.87,14.08,15.01,14.59,14.14,14.46,13.9,13.79
2025-01-01T06:00,2025-01-01,6,13.96,14.08,13.68,13.91,14.64,14.6,13.85,14.3,13.52,13.52
2025-01-01T07:00,2025-01-01,7,14.23,14.26,14.05,14.42,14.83,15.66,14.01,14.6,13.5,13.61
2025-01-01T08:00,2025-01-01,8,15.46,15.61,16.25,16.16,15.56,16.18,15.16,16.15,14.5,14.12
2025-01-01T09:00,2025-01-01,9,17.18,17.56,18.98,18.38,16.63,17.07,16.92,18.24,16.03,14.91
2025-01-01T10:00,2025-01-01,10,19.04,19.4,21.3,20.32,18.46,18.98,18.61,20.28,17.85,16.46
2025-01-01T11:00,2025-01-01,11,20.82,21.1,23.14,22.15,20.36,21.24,20.38,21.72,19.44,18.41
2025-01-01T12:00,2025-01-01,12,22.19,22.37,24.38,23.49,21.94,22.77,21.71,22.97,20.85,19.97
2025-01-01T13:00,2025-01-01,13,23.08,23.24,24.99,24.19,22.95,23.7,22.66,23.56,21.85,21.15
2025-01-01T14:00,2025-01-01,14,23.51,23.69,25.06,24.47,23.46,24.24,23.05,23.77,22.42,21.9
2025-01-01T15:00,2025-01-01,15,23.5,23.64,24.85,24.37,23.48,24.28,23.03,23.71,22.5,22.12
2025-01-01T16:00,2025-01-01,16,22.95,23.04,24.06,23.75,22.98,23.71,22.58,23.21,22.04,21.7
2025-01-01T17:00,2025-01-01,17,20.88,21.04,21.62,21.37,20.74,21.19,21.0,21.22,20.2,19.75
2025-01-01T18:00,2025-01-01,18,18.9,18.88,19.72,19.59,18.87,19.59,18.77,19.19,18.25,17.88
2025-01-01T19:00,2025-01-01,19,17.48,17.29,18.85,18.26,17.15,18.36,17.98,18.34,16.51,15.86
2025-01-01T20:00,2025-01-01,20,16.82,16.58,18.09,17.74,16.62,17.64,17.29,17.78,15.74,15.29
2025-01-01T21:00,2025-01-01,21,16.24,15.88,17.54,17.05,16.34,17.2,16.63,17.38,15.14,14.81
2025-01-01T22:00,2025-01-01,22,15.74,15.51,16.98,16.34,16.01,16.69,15.98,16.78,14.65,14.32
2025-01-01T23:00,2025-01-01,23,15.32,15.29,16.47,15.85,15.71,16.15,15.45,16.18,14.15,13.88
2025-01-02T00:00,2025-01-02,0,14.98,15.01,16.09,15.58,15.37,15.67,15.13,15.89,13.75,13.44
2025-01-02T01:00,2025-01-02,1,14.66,14.74,15.76,15.34,14.99,15.41,14.78,15.67,13.34,12.98
2025-01-02T02:00,2025-01-02,2,14.29,14.37,15.52,15.09,14.54,15.07,14.33,15.49,12.92,12.49
2025-01-02T03:00,2025-01-02,3,13.92,13.95,15.23,14.8,14.16,14.63,13.87,15.29,12.53,12.14
2025-01-02T04:00,2025-01-02,4,13.54,13.51,15.0,14.53,13.75,14.36,13.34,14.99,12.17,11.73
2025-01-02T05:00,2025-01-02,5,13.22,13.18,14.66,14.23,13.32,14.13,13.0,14.57,11.9,11.41
2025-01-02T06:00,2025-01-02,6,12.92,12.91,14.3,13.83,12.92,14.1,12.58,14.24,11.66,11.14
2025-01-02T07:00,2025-01-02,7,13.49,13.23,14.84,14.82,13.67,15.62,12.66,14.67,11.93,12.15
2025-01-02T08:00,2025-01-02,8,14.48,14.47,16.65,15.39,14.54,16.22,13.66,15.58,12.95,12.67
2025-01-02T09:00,2025-01-02,9,16.14,16.35,19.05,16.91,15.68,17.48,15.34,17.24,14.64,13.87
2025-01-02T10:00,2025-01-02,10,18.15,18.25,21.39,19.2,17.44,19.43,17.3,19.22,16.63,15.83
2025-01-02T11:00,2025-01-02,11,20.01,19.91,23.27,20.99,19.63,21.43,19.25,20.68,18.64,17.92
2025-01-02T12:00,2025-01-02,12,21.48,21.33,24.45,22.44,21.06,22.9,20.78,21.97,20.21,19.7
2025-01-02T13:00,2025-01-02,13,22.52,22.34,25.14,23.51,22.18,23.98,21.8,22.97,21.25,21.06
2025-01-02T14:00,2025-01-02,14,23.07,22.9,25.34,24.05,22.78,24.53,22.38,23.49,21.79,21.82
2025-01-02T15:00,2025-01-02,15,23.13,22.91,25.21,24.11,22.89,24.6,22.47,23.6,21.9,22.03
2025-01-02T16:00,2025-01-02,16,22.62,22.42,24.43,23.53,22.46,23.96,21.98,23.1,21.44,21.67
2025-01-02T17:00,2025-01-02,17,20.49,20.47,21.82,21.14,20.18,21.47,20.25,20.95,19.42,19.61
2025-01-02T18:00,2025-01-02,18,18.41,18.3,19.64,19.12,18.09,19.58,18.11,18.89,17.27,17.79
2025-01-02T19:00,2025-01-02,19,16.55,15.94,18.4,17.29,16.04,17.85,16.6,17.45,15.53,16.04
2025-01-02T20:00,2025-01-02,20,15.92,15.25,17.79,16.71,15.34,17.22,15.94,16.88,15.01,15.38
2025-01-02T21:00,2025-01-02,21,15.51,14.89,17.23,16.13,15.15,16.77,15.51,16.4,14.7,14.96
2025-01-02T22:00,2025-01-02,22,15.18,14.65,16.78,15.71,15.19,16.1,15.12,16.0,14.44,14.5
2025-01-02T23:00,2025-01-02,23,14.86,14.42,16.45,15.32,15.08,15.7,14.74,15.59,14.14,14.02
2025-01-03T00:00,2025-01-03,0,14.49,14.12,16.18,14.88,14.95,15.15,14.4,15.23,13.67,13.55
2025-01-03T01:00,2025-01-03,1,14.14,13.77,15.92,14.5,14.64,14.81,14.07,14.9,13.31,13.09
2025-01-03T02:00,2025-01-03,2,13.84,13.59,15.56,14.21,14.34,14.49,13.77,14.57,12.94,12.67
2025-01-03T03:00,2025-01-03,3,13.6,13.49,15.21,14.06,13.95,14.23,13.44,14.29,12.61,12.4
2025-01-03T04:00,2025-01-03,4,13.3,13.22,14.83,13.93,13.64,13.95,13.07,14.03,12.21,12.08
2025-01-03T05:00,2025-01-03,5,13.0,12.83,14.62,13.74,13.27,14.06,12.62,13.79,11.88,11.7
2025-01-03T06:00,2025-01-03,6,12.7,12.52,14.46,13.34,12.84,14.2,12.2,13.44,11.66,11.36
2025-01-03T07:00,2025-01-03,7,12.85,12.67,14.59,13.56,13.05,14.96,12.17,13.82,11.33,11.58
2025-01-03T08:00,2025-01-03,8,14.22,14.17,16.5,14.98,14.37,15.51,13.5,15.28,12.71,12.66
2025-01-03T09:00,2025-01-03,9,16.13,16.07,18.83,17.05,15.72,16.8,15.41,17.09,14.75,14.72
2025-01-03T10:00,2025-01-03,10,18.48,18.39,21.15,19.39,18.33,19.1,17.48,19.02,17.17,17.49
2025-01-03T11:00,2025-01-03,11,20.63,20.52,23.18,21.43,20.79,21.31,19.44,20.74,19.38,20.0
2025-01-03T12:00,2025-01-03,12,22.23,22.06,24.87,22.96,22.65,22.96,20.95,22.05,21.09,21.67
2025-01-03T13:00,2025-01-03,13,23.27,23.04,25.84,23.96,23.73,24.26,21.96,22.97,22.17,22.79
2025-01-03T14:00,2025-01-03,14,23.81,23.54,26.2,24.51,24.23,24.92,22.53,23.4,22.82,23.42
2025-01-03T15:00,2025-01-03,15,23.88,23.65,25.67,24.68,24.27,25.13,22.7,23.44,22.99,23.55
2025-01-03T16:00,2025-01-03,16,23.46,23.27,24.8,24.34,23.88,24.6,22.37,23.04,22.66,23.09
2025-01-03T17:00,2025-01-03,17,21.36,21.25,22.39,21.95,21.76,22.46,20.68,21.05,20.71,20.75
2025-01-03T18:00,2025-01-03,18,19.28,19.19,20.13,19.73,19.74,20.65,18.53,18.9,18.72,18.75
2025-01-03T19:00,2025-01-03,19,17.74,17.31,18.43,17.47,18.4,18.97,17.41,17.05,17.61,18.18
2025-01-03T20:00,2025-01-03,20,17.01,16.39,18.01,16.73,17.66,18.41,16.78,16.56,16.83,17.49
2025-01-03T21:00,2025-01-03,21,16.42,15.69,17.52,16.15,17.19,17.94,16.15,16.02,16.31,16.78
2025-01-03T22:00,2025-01-03,22,15.86,15.07,16.95,15.56,16.64,17.64,15.58,15.52,15.8,16.15
2025-01-03T23:00,2025-01-03,23,15.43,14.62,16.49,15.16,16.01,17.26,15.27,15.06,15.59,15.52
2025-01-04T00:00,2025-01-04,0,15.04,14.28,15.97,14.93,15.42,16.61,15.03,14.75,15.23,15.03
2025-01-04T01:00,2025-01-04,1,14.74,14.15,15.61,14.56,15.14,15.86,14.77,14.37,14.91,14.67
2025-01-04T02:00,2025-01-04,2,14.52,14.06,15.35,14.29,14.92,15.4,14.66,14.16,14.55,14.45
2025-01-04T03:00,2025-01-04,3,14.28,13.93,14.81,14.19,14.48,15.12,14.4,13.95,14.18,14.35
2025-01-04T04:00,2025-01-04,4,14.14,13.84,14.63,14.2,14.18,14.93,14.34,13.83,14.05,14.01
2025-01-04T05:00,2025-01-04,5,13.97,13.55,14.61,14.13,14.23,14.8,14.16,13.67,13.85,13.79
2025-01-04T06:00,2025-01-04,6,13.82,13.38,14.78,13.97,14.18,14.64,13.88,13.38,13.61,13.65
2025-01-04T07:00,2025-01-04,7,14.05,13.61,15.34,14.52,14.23,15.02,13.99,13.53,13.62,13.7
2025-01-04T08:00,2025-01-04,8,15.58,15.44,16.84,16.2,15.67,16.41,15.34,15.67,14.73,14.85
2025-01-04T09:00,2025-01-04,9,17.8,18.02,18.43,18.64,18.14,18.56,17.15,18.0,16.68,16.91
2025-01-04T10:00,2025-01-04,10,20.45,20.66,21.67,21.37,20.86,21.43,19.36,20.45,19.21,19.55
2025-01-04T11:00,2025-01-04,11,22.62,22.75,23.87,23.42,23.33,23.77,21.34,22.2,21.55,21.88
2025-01-04T12:00,2025-01-04,12,24.06,24.08,25.35,24.95,24.77,25.36,22.63,23.35,23.13,23.56
2025-01-04T13:00,2025-01-04,13,24.94,24.96,26.2,25.86,25.5,26.35,23.34,23.93,24.18,24.57
2025-01-04T14:00,2025-01-04,14,25.3,25.39,26.21,26.22,25.84,26.81,23.69,24.21,24.53,25.06
2025-01-04T15:00,2025-01-04,15,25.26,25.43,25.69,26.01,25.82,26.83,23.77,24.19,24.62,25.08
2025-01-04T16:00,2025-01-04,16,24.67,24.98,24.42,25.13,25.17,25.98,23.52,23.77,24.21,24.53
2025-01-04T17:00,2025-01-04,17,22.61,23.04,22.02,22.72,22.84,23.75,21.75,22.11,22.5,22.26
2025-01-04T18:00,2025-01-04,18,20.5,20.94,19.85,20.46,21.08,21.64,19.53,19.97,20.33,20.3
2025-01-04T19:00,2025-01-04,19,19.48,19.42,19.01,18.68,20.26,20.97,18.49,18.44,20.11,20.2
2025-01-04T20:00,2025-01-04,20,18.55,18.4,18.39,17.6,19.22,20.22,17.69,17.61,19.28,19.1
2025-01-04T21:00,2025-01-04,21,17.76,17.55,18.0,16.84,18.2,19.47,16.86,16.75,18.52,18.25
2025-01-04T22:00,2025-01-04,22,17.23,17.03,17.89,16.39,17.66,18.81,16.48,16.13,17.72,17.59
2025-01-04T23:00,2025-01-04,23,16.75,16.44,17.21,16.0,17.32,18.59,16.09,15.63,17.32,17.03
2025-01-05T00:00,2025-01-05,0,16.31,16.06,16.74,15.58,16.82,17.94,15.82,15.15,16.95,16.41
2025-01-05T01:00,2025-01-05,1,15.88,15.68,16.31,15.15,16.15,17.01,15.68,14.7,16.58,15.95
2025-01-05T02:00,2025-01-05,2,15.57,15.53,16.26,14.76,15.58,16.4,15.5,14.2,16.22,15.56
2025-01-05T03:00,2025-01-05,3,15.27,15.21,16.14,14.51,15.32,15.94,15.38,13.79,15.78,15.2
2025-01-05T04:00,2025-01-05,4,14.99,14.87,15.88,14.34,15.14,15.71,15.3,13.41,15.43,14.79
2025-01-05T05:00,2025-01-05,5,14.75,14.53,15.62,14.17,15.01,15.42,15.11,13.45,15.15,14.51
2025-01-05T06:00,2025-01-05,6,14.58,14.37,15.51,14.07,14.7,15.27,14.98,13.56,14.83,14.25
2025-01-05T07:00,2025-01-05,7,14.31,14.26,15.7,13.84,14.42,15.18,14.18,13.56,14.0,14.1
2025-01-05T08:00,2025-01-05,8,15.68,15.14,16.97,15.69,16.48,17.25,15.61,14.84,15.33,15.4
2025-01-05T09:00,2025-01-05,9,18.01,17.18,18.79,19.02,19.46,20.02,17.43,17.0,17.5,17.76
2025-01-05T10:00,2025-01-05,10,20.83,20.15,22.16,22.15,22.07,22.69,19.76,19.89,20.19,20.31
2025-01-05T11:00,2025-01-05,11,23.19,22.92,24.47,24.3,24.11,24.73,21.69,22.45,22.57,22.57
2025-01-05T12:00,2025-01-05,12,24.69,24.52,25.93,25.69,25.4,26.13,23.13,23.92,24.24,24.12
2025-01-05T13:00,2025-01-05,13,25.63,25.54,26.75,26.56,26.23,27.04,24.04,24.7,25.24,25.18
2025-01-05T14:00,2025-01-05,14,26.09,26.11,26.79,26.95,26.62,27.34,24.59,25.08,25.8,25.71
2025-01-05T15:00,2025-01-05,15,26.05,26.18,26.22,26.84,26.62,27.21,24.64,25.05,25.81,25.74
2025-01-05T16:00,2025-01-05,16,25.4,25.63,25.16,26.17,25.82,26.17,24.27,24.52,25.27,25.1
2025-01-05T17:00,2025-01-05,17,23.28,23.79,22.92,23.88,23.46,23.46,22.47,22.47,23.22,22.68
2025-01-05T18:00,2025-01-05,18,21.27,21.9,20.54,21.6,21.5,21.95,20.41,20.18,21.38,20.64
2025-01-05T19:00,2025-01-05,19,20.51,20.85,20.17,20.54,20.81,21.34,19.61,18.76,21.06,20.27
2025-01-05T20:00,2025-01-05,20,19.65,20.04,19.57,19.69,19.78,20.32,18.69,17.85,20.24,19.43
2025-01-05T21:00,2025-01-05,21,19.04,19.42,19.2,19.06,19.04,20.09,18.04,17.41,19.43,18.71
2025-01-05T22:00,2025-01-05,22,18.43,18.77,18.75,18.55,18.09,19.69,17.37,16.78,18.75,18.2
2025-01-05T23:00,2025-01-05,23,17.81,18.06,18.15,18.1,17.61,18.92,16.78,16.17,17.98,17.68
2025-01-06T00:00,2025-01-06,0,17.29,17.53,17.78,17.56,17.25,17.95,16.37,15.56,17.38,17.32
2025-01-06T01:00,2025-01-06,1,16.82,17.03,17.53,17.06,16.87,17.14,15.95,15.23,16.84,16.86
2025-01-06T02:00,2025-01-06,2,16.37,16.48,16.97,16.51,16.61,16.51,15.63,15.1,16.42,16.53
2025-01-06T03:00,2025-01-06,3,15.94,15.96,16.52,16.09,16.16,15.99,15.3,14.98,16.03,16.1
2025-01-06T04:00,2025-01-06,4,15.57,15.54,16.29,15.73,15.56,15.84,14.95,14.77,15.58,15.77
2025-01-06T05:00,2025-01-06,5,15.31,15.34,16.07,15.38,15.23,15.5,14.76,14.57,15.18,15.56
2025-01-06T06:00,2025-01-06,6,15.15,15.26,15.84,15.18,15.23,15.45,14.61,14.47,14.83,15.31
2025-01-06T07:00,2025-01-06,7,15.06,15.16,16.18,15.14,15.06,15.65,14.19,14.64,14.54,15.12
2025-01-06T08:00,2025-01-06,8,16.62,16.56,17.86,16.91,17.11,17.63,15.08,16.56,16.3,16.43
2025-01-06T09:00,2025-01-06,9,19.15,18.67,20.68,20.17,19.96,20.49,16.99,19.97,18.95,18.52
2025-01-06T10:00,2025-01-06,10,21.82,21.41,23.74,22.93,22.59,23.06,19.52,22.54,21.59,20.92
2025-01-06T11:00,2025-01-06,11,23.99,23.89,25.73,24.97,24.53,24.93,21.95,24.19,23.71,23.09
2025-01-06T12:00,2025-01-06,12,25.4,25.41,26.94,26.27,25.86,26.26,23.56,25.22,25.1,24.6
2025-01-06T13:00,2025-01-06,13,26.22,26.27,27.55,27.1,26.69,27.08,24.4,25.84,25.93,25.49
2025-01-06T14:00,2025-01-06,14,26.55,26.62,27.71,27.45,26.95,27.48,24.78,26.08,26.22,25.98
2025-01-06T15:00,2025-01-06,15,26.39,26.51,27.31,27.13,26.74,27.28,24.78,25.75,26.04,26.04
2025-01-06T16:00,2025-01-06,16,25.65,25.79,26.26,26.31,26.02,26.35,24.33,25.02,25.41,25.26
2025-01-06T17:00,2025-01-06,17,23.46,23.65,23.57,24.12,23.68,24.03,22.27,23.05,23.36,23.14
2025-01-06T18:00,2025-01-06,18,21.28,21.47,20.9,21.82,21.94,22.3,19.82,20.81,21.09,21.37
2025-01-06T19:00,2025-01-06,19,20.79,21.1,20.55,21.29,21.33,21.32,19.02,20.41,20.69,21.03
2025-01-06T20:00,2025-01-06,20,19.94,20.25,19.91,20.5,20.34,20.66,18.27,19.34,19.61,20.13
2025-01-06T21:00,2025-01-06,21,19.1,19.24,19.16,19.74,19.74,20.18,17.47,18.47,18.85,19.07
2025-01-06T22:00,2025-01-06,22,18.47,18.45,18.85,19.34,19.05,19.67,17.13,17.83,18.04,18.26
2025-01-06T23:00,2025-01-06,23,17.82,17.75,17.89,18.66,18.39,19.16,16.61,17.49,17.29,17.71
2025-01-07T00:00,2025-01-07,0,17.33,17.25,17.28,18.15,17.91,19.01,15.96,17.14,16.76,17.3
2025-01-07T01:00,2025-01-07,1,16.94,16.84,16.83,17.67,17.65,18.86,15.46,16.72,16.4,16.95
2025-01-07T02:00,2025-01-07,2,16.47,16.21,16.38,17.18,16.98,18.73,14.92,16.39,15.98,16.81
2025-01-07T03:00,2025-01-07,3,16.09,15.66,16.16,16.71,16.54,18.61,14.69,16.08,15.65,16.41
2025-01-07T04:00,2025-01-07,4,15.77,15.37,15.94,16.37,16.41,17.81,14.47,15.8,15.37,15.98
2025-01-07T05:00,2025-01-07,5,15.45,14.99,15.67,16.02,16.09,17.46,14.3,15.46,15.11,15.66
2025-01-07T06:00,2025-01-07,6,15.23,14.66,15.8,15.62,15.96,17.44,14.14,15.09,14.86,15.5
2025-01-07T07:00,2025-01-07,7,15.54,14.98,15.95,16.18,16.17,17.3,14.38,15.46,15.24,15.94
2025-01-07T08:00,2025-01-07,8,17.31,16.96,17.39,18.11,17.99,18.88,16.38,17.71,16.78,17.14
2025-01-07T09:00,2025-01-07,9,19.58,19.37,19.62,20.25,20.47,20.86,18.73,20.11,19.02,19.08
2025-01-07T10:00,2025-01-07,10,21.79,21.56,22.63,22.13,22.59,22.68,20.97,22.33,21.27,21.32
2025-01-07T11:00,2025-01-07,11,23.41,23.17,24.52,23.58,23.97,23.96,22.77,23.7,23.1,23.03
2025-01-07T12:00,2025-01-07,12,24.33,24.14,25.24,24.52,24.7,24.48,24.02,24.44,24.15,23.97
2025-01-07T13:00,2025-01-07,13,24.88,24.57,25.66,25.15,25.25,25.06,24.83,24.92,24.7,24.63
2025-01-07T14:00,2025-01-07,14,25.05,24.71,25.7,25.28,25.36,25.27,25.05,25.11,25.01,24.8
2025-01-07T15:00,2025-01-07,15,24.85,24.5,25.21,24.98,25.1,25.23,24.98,25.06,24.85,24.68
2025-01-07T16:00,2025-01-07,16,24.22,23.88,24.18,24.34,24.42,24.77,24.46,24.49,24.29,24.06
2025-01-07T17:00,2025-01-07,17,22.28,21.88,22.29,22.25,22.44,22.85,22.79,22.41,22.45,22.03
2025-01-07T18:00,2025-01-07,18,20.31,20.0,20.23,19.87,20.67,20.97,20.75,20.41,20.6,20.11
2025-01-07T19:00,2025-01-07,19,19.69,19.36,19.9,19.48,19.82,19.99,19.88,19.87,19.91,19.74
2025-01-07T20:00,2025-01-07,20,19.01,18.49,19.36,19.12,18.99,19.36,19.35,18.93,19.24,19.2
2025-01-07T21:00,2025-01-07,21,18.44,17.98,19.17,18.54,18.3,18.43,18.67,18.37,18.77,18.47
2025-01-07T22:00,2025-01-07,22,17.95,17.68,18.93,17.86,17.76,17.92,17.97,17.84,18.25,17.8
2025-01-07T23:00,2025-01-07,23,17.5,17.49,18.3,17.33,17.34,17.15,17.61,17.22,17.86,17.07
2025-01-08T00:00,2025-01-08,0,17.13,17.21,18.16,16.91,17.12,16.81,17.37,16.66,17.09,16.64
2025-01-08T01:00,2025-01-08,1,16.79,17.1,17.76,16.52,16.68,16.83,17.11,16.28,16.34,16.07
2025-01-08T02:00,2025-01-08,2,16.38,16.66,17.54,16.17,16.35,16.82,16.71,16.05,15.54,15.49
2025-01-08T03:00,2025-01-08,3,15.91,15.99,17.36,16.06,15.97,16.51,16.09,16.28,14.75,14.94
2025-01-08T04:00,2025-01-08,4,15.33,15.32,16.6,15.7,15.42,16.05,15.31,16.28,14.05,14.39
2025-01-08T05:00,2025-01-08,5,14.84,14.61,16.05,15.42,15.46,15.37,14.64,16.21,13.55,14.02
2025-01-08T06:00,2025-01-08,6,14.57,14.37,15.82,15.06,15.72,15.04,14.16,15.6,13.13,13.99
2025-01-08T07:00,2025-01-08,7,15.28,15.04,16.13,15.48,16.4,15.67,14.72,16.12,14.42,15.09
2025-01-08T08:00,2025-01-08,8,16.57,16.51,17.83,17.37,17.28,17.07,15.8,17.51,15.43,15.56
2025-01-08T09:00,2025-01-08,9,18.11,18.12,20.51,19.41,18.17,18.87,17.47,19.05,16.52,16.19
2025-01-08T10:00,2025-01-08,10,19.5,19.57,22.53,21.23,19.08,20.29,19.08,20.56,17.45,17.02
2025-01-08T11:00,2025-01-08,11,20.61,20.76,23.72,22.3,20.05,21.22,20.41,21.99,18.37,17.9
2025-01-08T12:00,2025-01-08,12,21.52,21.73,24.53,23.21,20.83,22.02,21.44,23.07,19.25,18.71
2025-01-08T13:00,2025-01-08,13,22.19,22.33,25.1,23.93,21.54,22.62,22.11,23.78,20.11,19.36
2025-01-08T14:00,2025-01-08,14,22.53,22.61,25.28,24.23,21.82,23.1,22.43,24.21,20.54,19.89
2025-01-08T15:00,2025-01-08,15,22.53,22.52,25.02,24.2,21.79,23.2,22.45,24.26,20.65,20.18
2025-01-08T16:00,2025-01-08,16,22.03,21.95,24.38,23.57,21.13,22.79,22.05,23.7,20.22,19.95
2025-01-08T17:00,2025-01-08,17,20.1,20.01,21.93,21.34,19.07,20.83,20.37,21.7,18.55,18.45
2025-01-08T18:00,2025-01-08,18,17.98,17.7,19.84,19.14,16.75,19.27,18.02,19.44,16.73,16.58
2025-01-08T19:00,2025-01-08,19,16.69,16.13,18.99,17.47,15.27,17.71,16.81,18.0,15.43,16.4
2025-01-08T20:00,2025-01-08,20,15.94,15.41,18.02,16.8,14.81,16.8,16.03,17.22,14.6,15.74
2025-01-08T21:00,2025-01-08,21,15.32,14.88,17.22,16.11,14.48,16.16,15.3,16.58,13.97,14.97
2025-01-08T22:00,2025-01-08,22,14.82,14.46,16.66,15.56,13.9,15.7,14.84,15.98,13.49,14.47
2025-01-08T23:00,2025-01-08,23,14.37,14.03,16.38,15.08,13.36,15.26,14.34,15.37,13.09,13.97
2025-01-09T00:00,2025-01-09,0,13.92,13.5,15.99,14.69,12.98,15.07,13.9,15.02,12.64,13.37
2025-01-09T01:00,2025-01-09,1,13.52,13.02,15.56,14.32,12.65,14.63,13.57,14.61,12.31,12.94
2025-01-09T02:00,2025-01-09,2,13.24,12.77,15.16,13.97,12.55,14.05,13.32,14.34,12.16,12.62
2025-01-09T03:00,2025-01-09,3,13.06,12.59,14.72,13.74,12.53,13.96,13.04,14.16,12.07,12.55
2025-01-09T04:00,2025-01-09,4,12.9,12.45,14.45,13.5,12.49,13.93,12.8,13.99,11.97,12.39
2025-01-09T05:00,2025-01-09,5,12.69,12.21,14.2,13.23,12.33,13.71,12.61,13.78,11.8,12.22
2025-01-09T06:00,2025-01-09,6,12.48,11.93,14.03,12.99,12.21,13.8,12.34,13.64,11.58,12.04
2025-01-09T07:00,2025-01-09,7,12.81,12.42,14.32,13.22,12.53,14.38,12.62,13.83,11.76,12.18
2025-01-09T08:00,2025-01-09,8,14.07,13.92,16.12,14.73,13.14,15.1,13.89,15.29,12.8,13.13
2025-01-09T09:00,2025-01-09,9,16.03,16.04,18.45,16.8,14.78,16.51,15.83,17.15,14.71,14.89
2025-01-09T10:00,2025-01-09,10,18.21,18.16,20.61,19.06,17.26,18.66,17.97,19.04,16.99,17.12
2025-01-09T11:00,2025-01-09,11,19.95,19.83,22.3,20.77,19.46,20.49,19.52,20.42,18.84,18.98
2025-01-09T12:00,2025-01-09,12,21.16,20.98,23.43,21.96,20.95,21.82,20.68,21.42,20.02,20.28
2025-01-09T13:00,2025-01-09,13,21.97,21.81,24.14,22.84,21.85,22.69,21.5,22.18,20.73,21.08
2025-01-09T14:00,2025-01-09,14,22.38,22.23,24.44,23.27,22.35,23.11,21.92,22.61,21.07,21.51
2025-01-09T15:00,2025-01-09,15,22.39,22.25,24.23,23.3,22.36,23.13,21.97,22.63,21.12,21.61
2025-01-09T16:00,2025-01-09,16,21.89,21.75,23.42,22.72,21.92,22.65,21.49,22.18,20.65,21.25
2025-01-09T17:00,2025-01-09,17,19.69,19.58,20.72,20.21,19.57,20.37,19.67,20.12,18.49,19.4
2025-01-09T18:00,2025-01-09,18,17.45,17.3,18.54,17.83,17.55,18.44,17.15,17.76,16.14,17.48
2025-01-09T19:00,2025-01-09,19,16.74,16.72,17.81,17.12,16.68,17.96,16.33,17.05,15.43,16.57
2025-01-09T20:00,2025-01-09,20,15.88,15.7,16.85,16.57,15.93,17.15,15.61,16.28,14.64,15.49
2025-01-09T21:00,2025-01-09,21,15.23,14.99,16.23,15.85,15.38,16.59,14.99,15.67,14.08,14.74
2025-01-09T22:00,2025-01-09,22,14.71,14.38,15.81,15.29,15.0,16.24,14.44,15.3,13.59,14.16
2025-01-09T23:00,2025-01-09,23,14.28,13.92,15.6,14.9,14.52,15.84,13.91,15.0,13.04,13.73
2025-01-10T00:00,2025-01-10,0,13.82,13.46,15.18,14.51,14.01,15.39,13.43,14.58,12.51,13.21
2025-01-10T01:00,2025-01-10,1,13.41,13.08,14.85,14.1,13.62,14.9,13.05,14.18,12.08,12.71
2025-01-10T02:00,2025-01-10,2,13.02,12.7,14.61,13.71,13.24,14.3,12.73,13.72,11.69,12.28
2025-01-10T03:00,2025-01-10,3,12.68,12.37,14.33,13.37,12.81,13.95,12.48,13.34,11.33,11.93
2025-01-10T04:00,2025-01-10,4,12.35,12.09,13.9,12.98,12.33,13.71,12.19,13.08,10.96,11.61
2025-01-10T05:00,2025-01-10,5,12.03,11.73,13.59,12.63,11.98,13.4,11.87,12.97,10.68,11.29
2025-01-10T06:00,2025-01-10,6,11.71,11.45,13.14,12.35,11.62,12.86,11.5,12.79,10.35,11.03
2025-01-10T07:00,2025-01-10,7,11.94,11.62,13.21,12.56,12.0,13.33,11.72,12.9,10.56,11.46
2025-01-10T08:00,2025-01-10,8,13.63,13.46,15.36,14.4,13.38,15.04,13.2,14.72,12.03,12.82
2025-01-10T09:00,2025-01-10,9,15.98,15.94,18.14,16.85,15.39,16.79,15.48,17.04,14.33,15.18
2025-01-10T10:00,2025-01-10,10,18.56,18.53,20.92,19.5,17.72,19.06,18.0,19.44,16.93,17.95
2025-01-10T11:00,2025-01-10,11,20.65,20.63,23.07,21.39,20.02,21.15,20.06,21.2,19.19,20.05
2025-01-10T12:00,2025-01-10,12,22.01,21.84,24.4,22.57,21.76,22.62,21.47,22.21,20.78,21.57
2025-01-10T13:00,2025-01-10,13,22.87,22.6,25.23,23.39,22.73,23.56,22.33,22.91,21.74,22.57
2025-01-10T14:00,2025-01-10,14,23.32,23.03,25.56,23.82,23.19,23.96,22.79,23.3,22.26,23.16
2025-01-10T15:00,2025-01-10,15,23.36,23.06,25.43,23.84,23.25,23.91,22.85,23.27,22.39,23.3
2025-01-10T16:00,2025-01-10,16,22.9,22.67,24.61,23.34,22.79,23.39,22.4,22.77,22.05,22.94
2025-01-10T17:00,2025-01-10,17,20.69,20.54,21.62,20.91,20.72,21.12,20.39,20.52,20.01,20.95
2025-01-10T18:00,2025-01-10,18,18.3,18.13,19.14,18.26,18.68,19.08,17.82,17.95,17.49,18.93
2025-01-10T19:00,2025-01-10,19,17.4,16.98,18.33,17.33,17.87,18.12,16.83,17.21,16.77,18.4
2025-01-10T20:00,2025-01-10,20,16.43,15.97,17.32,16.46,16.74,17.42,15.84,16.15,15.81,17.45
2025-01-10T21:00,2025-01-10,21,15.71,15.28,16.54,15.92,15.79,17.0,15.25,15.45,14.96,16.56
2025-01-10T22:00,2025-01-10,22,15.1,14.72,15.94,15.27,15.23,16.38,14.62,14.92,14.37,15.76
2025-01-10T23:00,2025-01-10,23,14.57,14.2,15.62,14.69,14.45,15.7,14.05,14.7,13.98,15.09
2025-01-11T00:00,2025-01-11,0,14.11,13.72,15.08,14.24,14.12,15.08,13.57,14.23,13.62,14.56
2025-01-11T01:00,2025-01-11,1,13.69,13.33,14.47,13.82,13.68,14.61,13.22,13.75,13.42,14.05
2025-01-11T02:00,2025-01-11,2,13.29,12.92,14.05,13.35,13.17,14.12,12.87,13.43,13.16,13.57
2025-01-11T03:00,2025-01-11,3,12.94,12.47,13.61,13.14,12.85,13.66,12.5,13.21,12.95,13.27
2025-01-11T04:00,2025-01-11,4,12.68,12.11,13.4,12.84,12.64,13.57,12.27,12.86,12.78,13.02
2025-01-11T05:00,2025-01-11,5,12.42,11.84,13.23,12.6,12.46,13.27,11.99,12.66,12.5,12.73
2025-01-11T06:00,2025-01-11,6,12.19,11.5,13.04,12.38,12.23,12.96,11.82,12.65,12.31,12.56
2025-01-11T07:00,2025-01-11,7,12.38,11.76,13.41,12.57,12.03,13.11,12.07,12.92,12.3,12.85
2025-01-11T08:00,2025-01-11,8,14.43,14.08,16.21,14.92,13.9,14.46,14.13,15.19,13.9,14.18
2025-01-11T09:00,2025-01-11,9,17.28,17.33,19.89,17.91,16.85,16.83,16.62,17.67,16.22,16.64
2025-01-11T10:00,2025-01-11,10,20.21,20.38,23.18,20.88,20.03,19.84,19.39,20.36,18.9,19.32
2025-01-11T11:00,2025-01-11,11,22.36,22.36,25.4,23.05,22.36,22.39,21.49,22.42,21.1,21.43
2025-01-11T12:00,2025-01-11,12,23.63,23.43,26.59,24.4,23.64,23.97,22.69,23.61,22.57,22.9
2025-01-11T13:00,2025-01-11,13,24.42,24.15,27.16,25.23,24.36,24.99,23.41,24.43,23.41,23.88
2025-01-11T14:00,2025-01-11,14,24.81,24.54,27.38,25.69,24.66,25.44,23.82,24.82,23.8,24.36
2025-01-11T15:00,2025-01-11,15,24.81,24.56,27.18,25.66,24.62,25.46,23.9,24.81,23.83,24.39
2025-01-11T16:00,2025-01-11,16,24.22,23.95,26.27,24.97,23.91,24.81,23.56,24.34,23.47,23.77
2025-01-11T17:00,2025-01-11,17,21.91,21.54,23.24,22.27,21.75,22.66,21.71,22.11,21.59,21.46
2025-01-11T18:00,2025-01-11,18,19.56,19.33,20.49,19.89,19.81,20.36,19.25,19.52,19.18,19.07
2025-01-11T19:00,2025-01-11,19,18.5,18.11,19.54,18.91,18.57,18.98,18.15,18.55,18.43,18.29
2025-01-11T20:00,2025-01-11,20,17.43,17.01,18.63,17.56,17.41,17.85,17.17,17.44,17.43,17.41
2025-01-11T21:00,2025-01-11,21,16.68,16.13,18.14,16.8,16.63,17.27,16.5,16.76,16.61,16.63
2025-01-11T22:00,2025-01-11,22,16.0,15.38,17.42,16.32,15.88,16.84,15.94,16.08,15.8,15.89
2025-01-11T23:00,2025-01-11,23,15.41,14.77,16.92,15.66,15.43,16.25,15.44,15.43,15.22,15.23
2025-01-12T00:00,2025-01-12,0,14.84,14.2,16.11,15.05,14.96,15.66,15.0,14.82,14.77,14.61
2025-01-12T01:00,2025-01-12,1,14.39,13.77,15.64,14.58,14.45,15.0,14.43,14.43,14.35,14.28
2025-01-12T02:00,2025-01-12,2,13.99,13.35,15.23,14.31,13.85,14.51,13.97,14.14,13.96,14.02
2025-01-12T03:00,2025-01-12,3,13.78,13.16,15.18,14.12,13.15,14.35,13.53,13.9,13.6,14.28
2025-01-12T04:00,2025-01-12,4,13.58,12.95,15.07,13.99,12.74,14.01,13.24,13.72,13.25,14.54
2025-01-12T05:00,2025-01-12,5,13.35,12.87,14.89,13.7,12.39,13.68,12.87,13.56,13.06,14.11
2025-01-12T06:00,2025-01-12,6,13.18,12.79,14.62,13.49,12.38,13.48,12.67,13.47,12.64,14.0
2025-01-12T07:00,2025-01-12,7,13.51,12.95,14.96,13.95,13.53,13.74,12.62,13.6,12.76,14.82
2025-01-12T08:00,2025-01-12,8,15.65,15.4,18.01,16.43,15.76,16.04,14.53,16.15,14.23,15.75
2025-01-12T09:00,2025-01-12,9,18.58,18.64,21.49,19.6,18.72,19.18,17.17,18.8,17.19,17.44
2025-01-12T10:00,2025-01-12,10,21.43,21.52,24.57,22.75,21.56,22.03,20.33,21.54,20.08,19.35
2025-01-12T11:00,2025-01-12,11,23.59,23.7,26.57,25.19,23.73,24.15,22.67,23.68,22.34,20.99
2025-01-12T12:00,2025-01-12,12,24.92,25.12,27.48,26.54,25.1,25.65,24.07,24.94,23.59,22.38
2025-01-12T13:00,2025-01-12,13,25.55,25.88,27.92,27.07,25.57,26.41,24.8,25.66,24.14,22.88
2025-01-12T14:00,2025-01-12,14,25.79,26.1,28.11,27.16,25.74,26.66,25.15,25.88,24.53,23.16
2025-01-12T15:00,2025-01-12,15,25.69,26.01,27.69,26.86,25.78,26.37,25.12,25.78,24.52,23.31
2025-01-12T16:00,2025-01-12,16,25.0,25.46,26.45,25.83,25.1,25.78,24.72,25.23,24.1,22.3
2025-01-12T17:00,2025-01-12,17,22.72,23.18,23.24,23.21,23.18,23.26,22.67,22.87,22.26,20.37
2025-01-12T18:00,2025-01-12,18,20.49,20.96,20.81,20.19,21.52,21.04,20.18,20.28,20.5,18.66
2025-01-12T19:00,2025-01-12,19,19.97,20.45,20.12,19.12,21.13,21.49,19.94,19.27,19.89,18.3
2025-01-12T20:00,2025-01-12,20,19.16,19.59,19.27,18.16,20.35,20.87,19.18,18.34,19.22,17.52
2025-01-12T21:00,2025-01-12,21,18.44,19.02,18.53,17.43,19.66,20.0,18.4,17.3,18.52,16.74
2025-01-12T22:00,2025-01-12,22,17.8,18.48,17.84,16.72,18.85,19.57,17.82,16.64,17.54,16.25
2025-01-12T23:00,2025-01-12,23,17.26,17.9,17.14,16.44,18.47,19.33,17.26,16.24,16.72,15.59
2025-01-13T00:00,2025-01-13,0,16.74,17.66,15.87,16.19,17.58,18.64,16.64,15.74,16.1,15.29
2025-01-13T01:00,2025-01-13,1,16.24,17.13,15.13,15.83,16.95,18.4,16.0,15.17,15.45,15.11
2025-01-13T02:00,2025-01-13,2,15.72,16.53,14.68,15.41,16.32,17.74,15.37,14.58,15.0,14.89
2025-01-13T03:00,2025-01-13,3,15.15,15.52,14.45,14.79,16.03,17.23,14.9,14.21,14.53,14.67
2025-01-13T04:00,2025-01-13,4,14.77,14.94,14.3,14.51,16.06,16.71,14.45,14.06,13.89,14.54
2025-01-13T05:00,2025-01-13,5,14.42,14.36,14.2,14.16,15.41,16.2,14.26,13.94,13.58,14.58
2025-01-13T06:00,2025-01-13,6,14.12,14.04,13.94,13.81,14.73,15.68,14.01,13.57,13.51,14.55
2025-01-13T07:00,2025-01-13,7,14.05,14.11,14.14,13.66,14.5,15.53,13.92,13.81,13.16,14.29
2025-01-13T08:00,2025-01-13,8,15.86,15.89,17.15,15.9,16.28,17.22,15.35,15.81,14.81,15.29
2025-01-13T09:00,2025-01-13,9,18.92,19.45,20.92,19.3,19.02,19.5,17.9,19.0,17.84,17.35
2025-01-13T10:00,2025-01-13,10,21.64,22.25,23.78,22.06,21.51,21.62,20.63,21.98,20.64,20.04
2025-01-13T11:00,2025-01-13,11,23.59,24.01,25.6,24.11,23.27,23.34,22.93,24.02,22.63,22.26
2025-01-13T12:00,2025-01-13,12,24.76,24.95,26.66,25.51,24.36,24.62,24.3,25.2,23.89,23.58
2025-01-13T13:00,2025-01-13,13,25.41,25.48,27.03,26.21,25.05,25.44,25.02,25.87,24.65,24.35
2025-01-13T14:00,2025-01-13,14,25.67,25.68,27.04,26.39,25.28,25.89,25.43,26.2,24.92,24.73
2025-01-13T15:00,2025-01-13,15,25.52,25.51,26.58,26.07,25.07,25.77,25.47,26.11,24.86,24.76
2025-01-13T16:00,2025-01-13,16,24.91,24.9,25.47,25.28,24.48,25.13,25.11,25.54,24.44,24.27
2025-01-13T17:00,2025-01-13,17,22.74,22.84,22.45,22.71,22.19,22.85,23.5,23.18,22.66,22.2
2025-01-13T18:00,2025-01-13,18,20.52,20.62,19.8,20.45,19.96,20.94,21.34,20.91,20.48,20.03
2025-01-13T19:00,2025-01-13,19,19.41,19.6,19.0,19.55,18.78,20.24,20.16,19.31,19.04,18.74
2025-01-13T20:00,2025-01-13,20,18.53,18.66,18.45,18.49,17.98,19.22,19.34,18.44,17.99,18.11
2025-01-13T21:00,2025-01-13,21,17.85,17.98,18.02,17.56,17.22,18.67,18.63,17.69,17.31,17.59
2025-01-13T22:00,2025-01-13,22,17.29,17.37,17.5,17.02,16.52,18.24,18.08,17.11,16.86,16.96
2025-01-13T23:00,2025-01-13,23,16.81,16.8,17.22,16.56,15.99,17.53,17.52,16.73,16.58,16.48
2025-01-14T00:00,2025-01-14,0,16.32,16.26,16.6,16.13,15.54,16.99,16.96,16.31,16.25,15.99
2025-01-14T01:00,2025-01-14,1,15.81,15.7,15.72,15.64,15.12,16.52,16.38,16.02,15.88,15.64
2025-01-14T02:00,2025-01-14,2,15.41,15.28,15.18,15.27,14.85,16.04,16.05,15.71,15.5,15.18
2025-01-14T03:00,2025-01-14,3,15.14,15.04,15.03,15.04,14.63,15.46,15.92,15.45,15.14,14.77
2025-01-14T04:00,2025-01-14,4,14.84,14.91,14.39,14.67,14.44,14.94,15.59,15.33,14.84,14.43
2025-01-14T05:00,2025-01-14,5,14.57,14.62,13.9,14.41,14.3,14.72,15.53,15.2,14.51,14.0
2025-01-14T06:00,2025-01-14,6,14.32,14.42,13.68,14.23,14.09,14.29,15.26,15.2,14.1,13.68
2025-01-14T07:00,2025-01-14,7,14.39,14.5,13.72,14.44,14.21,14.33,15.12,15.03,14.3,13.77
2025-01-14T08:00,2025-01-14,8,16.15,16.3,16.65,16.73,16.0,15.97,16.57,17.21,15.49,14.74
2025-01-14T09:00,2025-01-14,9,18.55,18.75,20.01,19.57,18.36,18.61,18.68,19.64,17.38,16.46
2025-01-14T10:00,2025-01-14,10,20.96,21.19,22.84,22.21,20.73,21.34,20.91,21.95,19.4,18.73
2025-01-14T11:00,2025-01-14,11,22.93,23.23,24.78,24.06,22.79,23.34,22.86,23.74,21.32,20.71
2025-01-14T12:00,2025-01-14,12,24.21,24.5,25.8,25.15,24.13,24.56,24.14,24.93,22.8,22.26
2025-01-14T13:00,2025-01-14,13,24.97,25.16,26.43,25.76,24.99,25.21,24.97,25.6,23.81,23.29
2025-01-14T14:00,2025-01-14,14,25.33,25.5,26.54,25.97,25.39,25.55,25.36,25.82,24.34,23.87
2025-01-14T15:00,2025-01-14,15,25.29,25.47,26.23,25.78,25.38,25.57,25.34,25.66,24.45,24.02
2025-01-14T16:00,2025-01-14,16,24.64,24.82,25.33,24.95,24.65,24.79,24.83,24.9,23.99,23.63
2025-01-14T17:00,2025-01-14,17,22.33,22.55,22.64,22.34,22.3,22.17,22.92,22.5,21.87,21.5
2025-01-14T18:00,2025-01-14,18,20.05,20.23,20.61,20.14,20.02,20.04,20.32,20.21,19.51,19.34
2025-01-14T19:00,2025-01-14,19,19.23,19.57,20.02,19.59,18.92,19.19,19.27,19.44,18.42,18.38
2025-01-14T20:00,2025-01-14,20,18.41,18.81,19.0,18.68,18.15,18.68,18.37,18.75,17.41,17.6
2025-01-14T21:00,2025-01-14,21,17.8,18.27,18.28,18.14,17.53,17.9,17.81,18.18,16.8,16.88
2025-01-14T22:00,2025-01-14,22,17.28,17.66,17.54,17.8,17.09,17.45,17.16,17.76,16.34,16.44
2025-01-14T23:00,2025-01-14,23,16.79,17.04,16.99,17.36,16.69,16.93,16.59,17.41,16.05,16.1
2025-01-15T00:00,2025-01-15,0,16.39,16.61,16.6,16.97,16.45,16.53,16.19,16.97,15.7,15.59
2025-01-15T01:00,2025-01-15,1,15.99,16.16,16.28,16.59,16.25,16.02,15.83,16.49,15.31,15.16
2025-01-15T02:00,2025-01-15,2,15.56,15.65,16.01,16.07,15.83,15.37,15.53,16.0,14.95,14.77
2025-01-15T03:00,2025-01-15,3,15.19,15.28,15.53,15.63,15.52,14.87,15.27,15.66,14.65,14.48
2025-01-15T04:00,2025-01-15,4,14.88,14.98,15.25,15.13,15.39,14.48,15.03,15.44,14.38,14.1
2025-01-15T05:00,2025-01-15,5,14.63,14.75,15.04,14.91,15.1,14.15,14.66,15.25,14.22,13.78
2025-01-15T06:00,2025-01-15,6,14.37,14.61,14.73,14.53,14.89,13.82,14.28,15.04,13.93,13.49
2025-01-15T07:00,2025-01-15,7,14.39,14.53,14.86,14.54,14.6,14.21,14.1,15.18,13.92,13.83
2025-01-15T08:00,2025-01-15,8,15.84,16.08,16.88,16.52,15.93,15.86,15.33,16.85,14.95,14.54
2025-01-15T09:00,2025-01-15,9,17.97,18.35,19.62,18.84,17.92,18.25,17.37,19.07,16.74,16.03
2025-01-15T10:00,2025-01-15,10,20.36,20.69,22.1,21.16,20.31,21.04,19.72,21.28,19.03,18.48
2025-01-15T11:00,2025-01-15,11,22.5,22.69,24.16,23.22,22.39,23.27,21.95,23.27,21.25,21.06
2025-01-15T12:00,2025-01-15,12,23.98,24.09,25.57,24.72,23.95,24.77,23.44,24.42,22.81,22.76
2025-01-15T13:00,2025-01-15,13,24.88,25.02,26.4,25.56,25.05,25.77,24.22,25.03,23.73,23.77
2025-01-15T14:00,2025-01-15,14,25.29,25.41,26.76,25.95,25.61,26.27,24.53,25.2,24.19,24.28
2025-01-15T15:00,2025-01-15,15,25.28,25.42,26.64,25.87,25.69,26.35,24.43,25.0,24.28,24.37
2025-01-15T16:00,2025-01-15,16,24.7,24.86,25.87,25.13,25.2,25.76,23.88,24.29,23.82,23.91
2025-01-15T17:00,2025-01-15,17,22.41,22.53,23.28,22.66,22.67,23.1,21.97,22.02,21.88,21.71
2025-01-15T18:00,2025-01-15,18,20.0,20.06,20.75,20.21,20.11,20.44,19.48,19.83,19.7,19.63
2025-01-15T19:00,2025-01-15,19,19.37,19.62,19.95,19.6,19.57,19.81,19.04,18.98,18.91,18.69
2025-01-15T20:00,2025-01-15,20,18.62,18.9,19.07,18.75,18.7,19.35,18.4,18.27,18.27,17.7
2025-01-15T21:00,2025-01-15,21,17.98,18.23,18.36,18.18,18.12,18.71,17.71,17.66,17.81,16.83
2025-01-15T22:00,2025-01-15,22,17.34,17.54,17.74,17.43,17.54,18.29,17.04,17.16,17.27,16.16
2025-01-15T23:00,2025-01-15,23,16.75,16.77,17.48,16.72,17.06,17.58,16.61,16.64,16.72,15.67
2025-01-16T00:00,2025-01-16,0,16.24,16.27,17.06,16.08,16.34,17.22,16.23,16.29,16.09,15.11
2025-01-16T01:00,2025-01-16,1,15.76,15.92,16.5,15.62,15.81,16.23,15.85,16.08,15.55,14.54
2025-01-16T02:00,2025-01-16,2,15.32,15.59,15.93,15.18,15.26,15.55,15.49,15.85,15.06,14.05
2025-01-16T03:00,2025-01-16,3,14.99,15.25,15.69,15.0,14.76,15.28,15.13,15.66,14.64,13.62
2025-01-16T04:00,2025-01-16,4,14.59,14.85,15.44,14.59,14.22,14.75,14.8,15.31,14.25,13.23
2025-01-16T05:00,2025-01-16,5,14.26,14.43,15.1,14.35,13.76,14.38,14.53,14.92,13.98,13.02
2025-01-16T06:00,2025-01-16,6,13.9,14.0,14.64,14.01,13.18,13.99,14.26,14.53,13.67,12.92
2025-01-16T07:00,2025-01-16,7,13.92,13.95,14.87,14.21,13.25,14.33,14.07,14.87,13.31,13.04
2025-01-16T08:00,2025-01-16,8,15.52,15.43,17.45,16.28,14.98,16.21,15.22,16.45,14.6,14.15
2025-01-16T09:00,2025-01-16,9,17.87,17.71,20.74,18.87,17.51,19.15,17.16,18.51,16.46,16.3
2025-01-16T10:00,2025-01-16,10,20.47,20.42,23.72,21.59,20.11,21.95,19.51,20.9,18.64,18.95
2025-01-16T11:00,2025-01-16,11,22.76,22.86,25.97,23.98,22.52,24.0,21.8,23.14,20.85,20.93
2025-01-16T12:00,2025-01-16,12,24.37,24.54,27.39,25.64,24.31,25.46,23.49,24.75,22.38,22.41
2025-01-16T13:00,2025-01-16,13,25.37,25.54,28.2,26.59,25.38,26.36,24.54,25.7,23.44,23.6
2025-01-16T14:00,2025-01-16,14,25.89,26.06,28.46,27.14,25.98,26.66,25.05,26.16,24.08,24.3
2025-01-16T15:00,2025-01-16,15,25.95,26.11,28.36,27.19,26.0,26.7,25.11,26.22,24.17,24.46
2025-01-16T16:00,2025-01-16,16,25.44,25.63,27.62,26.59,25.35,26.12,24.75,25.78,23.77,24.04
2025-01-16T17:00,2025-01-16,17,23.25,23.54,24.71,23.97,22.76,23.71,22.98,23.67,21.86,22.29
2025-01-16T18:00,2025-01-16,18,20.76,20.83,22.2,21.47,20.23,21.44,20.28,21.23,19.52,20.32
2025-01-16T19:00,2025-01-16,19,19.76,19.54,21.22,20.57,19.43,20.38,19.21,20.22,18.78,19.52
2025-01-16T20:00,2025-01-16,20,18.76,18.44,20.11,19.58,18.43,19.25,18.26,18.92,17.95,18.8
2025-01-16T21:00,2025-01-16,21,17.9,17.63,19.09,18.69,17.37,18.75,17.49,18.24,16.98,17.9
2025-01-16T22:00,2025-01-16,22,17.34,17.2,18.59,18.0,16.53,18.28,16.98,17.61,16.5,17.1
2025-01-16T23:00,2025-01-16,23,16.8,16.68,18.04,17.34,15.95,17.59,16.6,17.05,16.03,16.61
2025-01-17T00:00,2025-01-17,0,16.32,16.18,17.32,16.71,15.52,17.03,16.21,16.69,15.55,16.37
2025-01-17T01:00,2025-01-17,1,15.89,15.7,16.93,16.16,15.13,16.39,15.81,16.47,15.13,16.11
2025-01-17T02:00,2025-01-17,2,15.48,15.21,16.39,15.72,14.9,16.03,15.43,16.18,14.89,15.61
2025-01-17T03:00,2025-01-17,3,15.15,14.87,15.68,15.43,14.79,15.68,15.16,15.81,14.58,15.41
2025-01-17T04:00,2025-01-17,4,14.86,14.61,15.28,15.17,14.59,15.45,14.93,15.46,14.23,14.98
2025-01-17T05:00,2025-01-17,5,14.6,14.35,14.94,14.84,14.32,15.22,14.66,15.25,13.95,14.82
2025-01-17T06:00,2025-01-17,6,14.36,14.11,14.48,14.64,13.93,14.91,14.46,15.14,13.75,14.73
2025-01-17T07:00,2025-01-17,7,14.45,14.28,14.48,14.95,13.96,14.7,14.42,15.57,13.55,14.99
2025-01-17T08:00,2025-01-17,8,16.12,15.98,17.38,17.06,15.68,16.72,15.57,17.34,14.77,15.78
2025-01-17T09:00,2025-01-17,9,18.51,18.46,21.07,19.65,18.16,19.67,17.58,19.53,16.81,17.19
2025-01-17T10:00,2025-01-17,10,21.05,21.22,24.01,22.26,20.84,22.26,20.04,21.92,19.17,18.97
2025-01-17T11:00,2025-01-17,11,23.19,23.54,26.13,24.48,23.26,24.23,22.37,23.95,21.35,20.33
2025-01-17T12:00,2025-01-17,12,24.58,24.94,27.47,25.88,24.82,25.58,23.87,25.23,22.79,21.49
2025-01-17T13:00,2025-01-17,13,25.35,25.71,28.06,26.68,25.59,26.31,24.7,25.93,23.77,22.23
2025-01-17T14:00,2025-01-17,14,25.61,26.0,28.17,26.89,25.84,26.47,25.06,26.22,24.2,22.27
2025-01-17T15:00,2025-01-17,15,25.53,25.94,27.92,26.75,25.72,26.35,25.01,26.19,24.27,22.18
2025-01-17T16:00,2025-01-17,16,24.97,25.36,27.06,26.08,25.09,25.75,24.54,25.72,23.84,21.79
2025-01-17T17:00,2025-01-17,17,22.84,23.17,24.25,23.67,22.42,23.39,22.8,23.57,22.06,20.44
2025-01-17T18:00,2025-01-17,18,20.46,20.55,21.42,21.09,20.41,20.89,20.34,20.98,20.08,18.86
2025-01-17T19:00,2025-01-17,19,19.62,19.58,20.42,20.1,19.59,20.12,19.52,20.08,19.26,18.52
2025-01-17T20:00,2025-01-17,20,18.68,18.63,19.49,19.23,18.8,19.26,18.58,19.22,18.27,17.37
2025-01-17T21:00,2025-01-17,21,17.88,18.01,18.46,18.37,17.97,18.54,17.79,18.3,17.28,16.57
2025-01-17T22:00,2025-01-17,22,17.27,17.55,17.69,17.76,17.14,18.24,17.2,17.41,16.46,16.09
2025-01-17T23:00,2025-01-17,23,16.81,16.91,17.1,17.48,16.63,17.87,16.85,17.06,15.94,15.81
2025-01-18T00:00,2025-01-18,0,16.34,16.39,16.49,17.16,16.19,17.39,16.43,16.78,15.38,15.42
2025-01-18T01:00,2025-01-18,1,15.86,15.79,16.2,16.58,15.73,16.63,16.03,16.54,14.9,15.1
2025-01-18T02:00,2025-01-18,2,15.5,15.49,15.95,16.05,15.33,16.05,15.72,16.12,14.55,14.85
2025-01-18T03:00,2025-01-18,3,15.19,15.18,15.6,15.58,15.06,15.76,15.39,15.8,14.3,14.67
2025-01-18T04:00,2025-01-18,4,14.87,14.88,15.25,15.04,14.89,15.23,15.11,15.48,14.1,14.38
2025-01-18T05:00,2025-01-18,5,14.6,14.59,14.92,14.71,14.73,14.97,14.8,15.35,13.94,14.08
2025-01-18T06:00,2025-01-18,6,14.3,14.25,14.47,14.43,14.56,14.58,14.42,15.23,13.74,13.82
2025-01-18T07:00,2025-01-18,7,14.46,14.4,14.89,14.64,14.44,14.56,14.35,15.57,13.87,14.25
2025-01-18T08:00,2025-01-18,8,16.02,15.92,17.11,16.79,15.88,16.51,15.62,17.15,15.16,15.13
2025-01-18T09:00,2025-01-18,9,18.21,18.12,20.03,19.31,17.78,19.22,17.63,19.3,17.16,16.61
2025-01-18T10:00,2025-01-18,10,20.6,20.63,22.82,21.78,20.11,21.54,19.98,21.62,19.39,18.63
2025-01-18T11:00,2025-01-18,11,22.72,22.8,25.05,23.96,22.23,23.44,22.12,23.58,21.41,20.84
2025-01-18T12:00,2025-01-18,12,24.13,24.14,26.45,25.25,23.77,24.79,23.48,24.77,22.9,22.53
2025-01-18T13:00,2025-01-18,13,24.98,24.95,27.2,25.92,24.74,25.57,24.34,25.37,23.94,23.7
2025-01-18T14:00,2025-01-18,14,25.35,25.28,27.3,26.09,25.17,25.9,24.73,25.59,24.5,24.34
2025-01-18T15:00,2025-01-18,15,25.29,25.22,27.07,25.9,25.16,25.77,24.73,25.53,24.61,24.39
2025-01-18T16:00,2025-01-18,16,24.74,24.68,26.24,25.34,24.65,25.07,24.29,24.91,24.17,23.86
2025-01-18T17:00,2025-01-18,17,22.64,22.74,23.5,23.17,22.24,22.58,22.7,22.89,22.16,21.77
2025-01-18T18:00,2025-01-18,18,20.19,20.25,20.89,20.92,19.83,20.29,20.17,20.49,19.72,19.26
2025-01-18T19:00,2025-01-18,19,19.5,19.55,20.27,20.34,19.24,19.94,19.15,20.01,18.78,18.61
2025-01-18T20:00,2025-01-18,20,18.61,18.59,19.35,19.54,18.43,19.11,18.2,19.28,17.97,17.69
2025-01-18T21:00,2025-01-18,21,17.97,18.0,18.87,18.72,18.07,18.26,17.53,18.6,17.23,17.01
2025-01-18T22:00,2025-01-18,22,17.45,17.53,18.42,18.0,17.68,17.81,17.03,18.06,16.73,16.41
2025-01-18T23:00,2025-01-18,23,17.0,17.1,18.04,17.51,17.15,17.37,16.66,17.63,16.27,15.81
2025-01-19T00:00,2025-01-19,0,16.59,16.66,17.57,17.1,16.77,16.99,16.32,17.24,15.97,15.3
2025-01-19T01:00,2025-01-19,1,16.21,16.34,17.26,16.67,16.3,16.55,16.0,16.84,15.67,14.75
2025-01-19T02:00,2025-01-19,2,15.84,15.97,16.96,16.34,15.79,16.26,15.8,16.48,15.14,14.29
2025-01-19T03:00,2025-01-19,3,15.42,15.58,16.66,16.11,15.27,15.63,15.51,16.23,14.52,13.79
2025-01-19T04:00,2025-01-19,4,15.0,15.19,16.38,15.72,14.93,15.07,15.07,15.95,13.87,13.3
2025-01-19T05:00,2025-01-19,5,14.63,14.88,16.09,15.36,14.55,14.76,14.59,15.67,13.39,12.94
2025-01-19T06:00,2025-01-19,6,14.29,14.54,15.79,15.02,14.2,14.43,14.12,15.43,12.96,12.71
2025-01-19T07:00,2025-01-19,7,13.8,13.82,15.59,14.71,13.76,14.29,13.57,15.11,12.39,12.18
2025-01-19T08:00,2025-01-19,8,15.38,15.43,17.55,16.47,15.07,16.27,15.18,16.7,13.87,13.2
2025-01-19T09:00,2025-01-19,9,17.59,17.73,20.05,18.74,17.2,18.6,17.41,18.86,16.0,14.98
2025-01-19T10:00,2025-01-19,10,19.87,20.04,22.43,20.98,19.42,20.82,19.7,21.05,18.24,17.26
2025-01-19T11:00,2025-01-19,11,21.8,21.94,24.26,23.0,21.38,22.66,21.53,22.93,20.16,19.48
2025-01-19T12:00,2025-01-19,12,23.1,23.15,25.31,24.28,22.81,24.04,22.69,24.14,21.55,21.16
2025-01-19T13:00,2025-01-19,13,23.9,23.9,25.85,24.97,23.75,24.92,23.38,24.73,22.45,22.33
2025-01-19T14:00,2025-01-19,14,24.28,24.23,26.09,25.29,24.19,25.26,23.73,24.88,23.03,22.98
2025-01-19T15:00,2025-01-19,15,24.24,24.15,25.83,25.16,24.2,25.13,23.72,24.62,23.16,23.15
2025-01-19T16:00,2025-01-19,16,23.64,23.46,25.08,24.44,23.53,24.54,23.26,23.99,22.8,22.76
2025-01-19T17:00,2025-01-19,17,21.45,21.24,22.67,21.89,21.03,22.4,21.53,21.47,20.92,20.72
2025-01-19T18:00,2025-01-19,18,18.83,18.55,20.11,19.14,18.54,20.25,18.72,18.64,18.42,18.19
2025-01-19T19:00,2025-01-19,19,18.37,18.13,19.32,18.47,18.39,19.56,18.21,17.96,17.83,18.36
2025-01-19T20:00,2025-01-19,20,17.54,17.29,18.34,17.7,17.6,18.65,17.4,17.0,16.95,17.72
2025-01-19T21:00,2025-01-19,21,16.85,16.71,17.48,16.93,16.9,17.94,16.68,16.28,16.27,17.0
2025-01-19T22:00,2025-01-19,22,16.23,16.12,16.66,16.16,16.37,17.39,16.08,15.66,15.84,16.27
2025-01-19T23:00,2025-01-19,23,15.64,15.53,15.91,15.67,15.79,16.75,15.49,15.24,15.33,15.56
2025-01-20T00:00,2025-01-20,0,15.18,15.0,15.46,15.24,15.32,16.13,15.14,14.9,15.03,15.02
2025-01-20T01:00,2025-01-20,1,14.71,14.47,14.84,14.71,15.06,15.52,14.77,14.54,14.57,14.63
2025-01-20T02:00,2025-01-20,2,14.33,14.11,14.29,14.33,14.73,15.18,14.4,14.21,14.17,14.29
2025-01-20T03:00,2025-01-20,3,13.99,13.76,13.98,13.96,14.55,14.95,13.84,13.94,13.85,13.92
2025-01-20T04:00,2025-01-20,4,13.67,13.55,13.57,13.62,14.36,14.43,13.43,13.62,13.61,13.49
2025-01-20T05:00,2025-01-20,5,13.41,13.33,13.24,13.47,14.1,14.02,13.13,13.49,13.33,13.17
2025-01-20T06:00,2025-01-20,6,13.15,12.98,13.15,13.23,13.63,13.97,12.82,13.63,12.99,12.9
2025-01-20T07:00,2025-01-20,7,12.85,12.5,13.24,12.78,13.08,13.89,12.69,13.24,12.74,12.81
2025-01-20T08:00,2025-01-20,8,14.74,14.64,15.52,15.13,14.73,15.58,14.51,15.8,14.11,13.84
2025-01-20T09:00,2025-01-20,9,17.15,17.19,18.57,18.03,16.7,17.7,16.86,18.52,16.18,15.56
2025-01-20T10:00,2025-01-20,10,19.54,19.58,21.61,20.58,18.83,19.92,19.51,20.91,18.24,17.65
2025-01-20T11:00,2025-01-20,11,21.33,21.26,23.53,22.28,20.7,21.74,21.37,22.52,19.96,19.76
2025-01-20T12:00,2025-01-20,12,22.55,22.38,24.55,23.37,22.08,23.1,22.55,23.66,21.23,21.42
2025-01-20T13:00,2025-01-20,13,23.36,23.16,25.25,24.13,22.88,23.89,23.27,24.42,22.03,22.53
2025-01-20T14:00,2025-01-20,14,23.77,23.54,25.48,24.5,23.31,24.34,23.69,24.81,22.44,23.17
2025-01-20T15:00,2025-01-20,15,23.72,23.51,25.15,24.42,23.25,24.15,23.69,24.74,22.48,23.3
2025-01-20T16:00,2025-01-20,16,23.23,23.01,24.43,23.82,22.87,23.56,23.25,24.19,22.14,22.96
2025-01-20T17:00,2025-01-20,17,21.42,21.37,22.25,21.64,21.01,21.66,21.59,21.94,20.64,21.28
2025-01-20T18:00,2025-01-20,18,18.99,18.95,19.3,19.25,18.8,19.63,18.86,19.26,18.33,19.0
2025-01-20T19:00,2025-01-20,19,18.24,18.21,18.46,18.56,18.03,19.18,18.25,18.43,17.35,18.23
2025-01-20T20:00,2025-01-20,20,17.41,17.48,17.74,17.52,17.37,18.33,17.53,17.23,16.44,17.39
2025-01-20T21:00,2025-01-20,21,16.68,16.69,17.25,16.64,16.75,17.76,16.74,16.44,15.81,16.61
2025-01-20T22:00,2025-01-20,22,16.02,15.86,16.65,16.1,16.06,17.17,16.27,15.75,15.26,15.83
2025-01-20T23:00,2025-01-20,23,15.48,15.27,16.29,15.63,15.48,16.6,15.85,15.24,14.7,15.17
2025-01-21T00:00,2025-01-21,0,15.02,14.84,15.98,15.14,14.95,16.24,15.23,14.99,14.22,14.6
2025-01-21T01:00,2025-01-21,1,14.56,14.42,15.37,14.67,14.44,15.82,14.63,14.7,13.75,14.19
2025-01-21T02:00,2025-01-21,2,14.07,13.95,14.66,14.14,14.0,15.44,14.11,14.25,13.25,13.82
2025-01-21T03:00,2025-01-21,3,13.63,13.5,14.1,13.61,13.63,14.99,13.69,13.89,12.87,13.46
2025-01-21T04:00,2025-01-21,4,13.3,13.18,13.68,13.18,13.3,14.75,13.39,13.66,12.57,13.13
2025-01-21T05:00,2025-01-21,5,13.02,12.93,13.24,12.86,12.91,14.51,13.09,13.61,12.35,12.8
2025-01-21T06:00,2025-01-21,6,12.78,12.63,12.88,12.64,12.72,14.21,12.88,13.45,12.24,12.55
2025-01-21T07:00,2025-01-21,7,12.51,12.36,12.64,12.57,12.46,14.0,12.7,13.48,11.64,12.1
2025-01-21T08:00,2025-01-21,8,14.43,14.43,15.36,14.64,13.87,15.6,14.62,15.64,13.56,13.26
2025-01-21T09:00,2025-01-21,9,17.44,17.81,18.86,17.82,16.34,18.12,17.83,18.56,16.41,15.44
2025-01-21T10:00,2025-01-21,10,20.12,20.52,21.78,20.38,19.14,20.49,20.68,21.08,19.06,18.03
2025-01-21T11:00,2025-01-21,11,21.87,22.16,23.3,22.09,21.1,22.18,22.43,22.76,20.85,20.24
2025-01-21T12:00,2025-01-21,12,23.02,23.13,24.21,23.16,22.51,23.41,23.58,23.86,22.1,21.77
2025-01-21T13:00,2025-01-21,13,23.76,23.85,24.7,23.9,23.18,24.17,24.19,24.61,22.83,23.0
2025-01-21T14:00,2025-01-21,14,24.14,24.2,24.83,24.29,23.54,24.52,24.57,25.02,23.31,23.54
2025-01-21T15:00,2025-01-21,15,24.15,24.17,24.55,24.31,23.59,24.49,24.62,25.09,23.42,23.64
2025-01-21T16:00,2025-01-21,16,23.7,23.68,23.69,23.87,23.14,23.95,24.3,24.66,23.1,23.34
2025-01-21T17:00,2025-01-21,17,22.01,22.15,21.51,21.99,21.35,22.13,22.94,22.66,21.5,21.79
2025-01-21T18:00,2025-01-21,18,19.67,19.88,18.77,19.9,18.99,19.92,20.43,20.09,19.25,19.41
2025-01-21T19:00,2025-01-21,19,19.08,19.12,18.47,19.52,18.4,19.6,19.97,19.36,18.5,18.72
2025-01-21T20:00,2025-01-21,20,18.31,18.43,18.1,18.47,17.86,19.0,19.21,18.27,17.64,17.78
2025-01-21T21:00,2025-01-21,21,17.47,17.49,17.32,17.54,17.3,18.25,18.48,17.54,16.77,16.87
2025-01-21T22:00,2025-01-21,22,16.81,16.84,16.41,17.01,16.88,17.59,17.82,17.0,15.99,16.09
2025-01-21T23:00,2025-01-21,23,16.37,16.6,15.98,16.58,16.42,17.09,17.18,16.67,15.38,15.57
2025-01-22T00:00,2025-01-22,0,15.99,16.3,15.72,16.37,15.88,16.81,16.63,16.32,14.85,15.06
2025-01-22T01:00,2025-01-22,1,15.52,15.9,15.4,15.92,15.24,16.18,15.97,16.06,14.43,14.55
2025-01-22T02:00,2025-01-22,2,15.09,15.44,14.9,15.36,14.62,15.74,15.53,15.87,14.07,14.27
2025-01-22T03:00,2025-01-22,3,14.61,14.89,14.32,14.82,14.15,15.26,15.14,15.72,13.62,13.84
2025-01-22T04:00,2025-01-22,4,14.2,14.34,13.85,14.5,13.91,14.86,14.76,15.55,13.16,13.49
2025-01-22T05:00,2025-01-22,5,13.81,13.76,13.63,14.17,13.68,14.5,14.53,15.4,12.73,13.05
2025-01-22T06:00,2025-01-22,6,13.52,13.35,13.4,13.87,13.34,14.33,14.34,15.12,12.43,12.83
2025-01-22T07:00,2025-01-22,7,13.47,13.49,13.13,13.58,13.24,14.39,14.34,15.07,12.36,12.78
2025-01-22T08:00,2025-01-22,8,15.2,15.12,15.95,15.95,15.04,16.23,15.32,16.79,13.94,13.95
2025-01-22T09:00,2025-01-22,9,17.98,18.03,19.88,19.39,17.57,18.79,17.55,19.13,16.49,16.13
2025-01-22T10:00,2025-01-22,10,20.64,20.84,22.84,21.98,19.86,21.06,20.26,21.83,19.1,18.74
2025-01-22T11:00,2025-01-22,11,22.57,22.82,24.41,23.51,21.76,22.71,22.62,23.92,21.07,20.86
2025-01-22T12:00,2025-01-22,12,23.78,23.97,25.45,24.52,23.1,23.85,24.16,25.13,22.24,22.27
2025-01-22T13:00,2025-01-22,13,24.52,24.65,26.17,25.08,23.66,24.61,25.08,25.89,23.0,23.3
2025-01-22T14:00,2025-01-22,14,24.95,25.09,26.56,25.46,23.9,24.98,25.54,26.28,23.48,23.89
2025-01-22T15:00,2025-01-22,15,25.03,25.18,26.43,25.56,23.95,25.04,25.61,26.41,23.65,24.03
2025-01-22T16:00,2025-01-22,16,24.62,24.71,25.74,25.24,23.58,24.5,25.21,26.06,23.33,23.72
2025-01-22T17:00,2025-01-22,17,22.87,22.98,23.33,23.45,21.91,22.51,23.68,24.35,21.79,22.12
2025-01-22T18:00,2025-01-22,18,20.36,20.4,20.68,21.07,19.61,20.2,20.86,21.47,19.51,19.74
2025-01-22T19:00,2025-01-22,19,18.83,18.75,19.99,19.84,17.77,19.23,19.43,20.02,17.59,17.62
2025-01-22T20:00,2025-01-22,20,17.86,17.78,18.77,18.8,16.98,18.3,18.45,18.69,16.9,16.74
2025-01-22T21:00,2025-01-22,21,17.09,17.0,17.81,17.91,16.41,17.84,17.6,17.91,16.11,16.06
2025-01-22T22:00,2025-01-22,22,16.46,16.29,17.28,17.07,15.85,17.36,17.05,17.27,15.44,15.55
2025-01-22T23:00,2025-01-22,23,15.92,15.69,16.87,16.62,15.26,16.86,16.53,16.71,14.86,15.03
2025-01-23T00:00,2025-01-23,0,15.41,15.18,16.22,16.12,14.75,16.51,16.05,16.3,14.29,14.55
2025-01-23T01:00,2025-01-23,1,14.93,14.68,15.73,15.6,14.22,16.12,15.5,15.9,13.78,14.21
2025-01-23T02:00,2025-01-23,2,14.52,14.23,15.3,15.16,13.88,15.77,15.06,15.57,13.28,13.91
2025-01-23T03:00,2025-01-23,3,14.17,13.83,14.93,14.85,13.65,15.35,14.78,15.33,12.8,13.64
2025-01-23T04:00,2025-01-23,4,13.82,13.52,14.5,14.44,13.42,14.96,14.4,15.04,12.42,13.35
2025-01-23T05:00,2025-01-23,5,13.44,13.05,14.15,13.83,13.22,14.72,14.07,14.79,12.03,13.11
2025-01-23T06:00,2025-01-23,6,13.04,12.33,13.81,13.35,12.75,14.4,13.79,14.66,11.97,12.86
2025-01-23T07:00,2025-01-23,7,13.1,11.82,14.04,13.27,12.69,14.61,14.04,15.06,12.62,13.31
2025-01-23T08:00,2025-01-23,8,14.58,13.51,16.39,15.03,14.01,15.86,15.36,17.14,13.46,14.12
2025-01-23T09:00,2025-01-23,9,16.85,16.15,20.08,17.5,15.89,17.68,17.86,19.36,14.98,15.33
2025-01-23T10:00,2025-01-23,10,19.5,19.33,22.94,20.31,18.4,20.17,20.6,21.96,16.63,17.58
2025-01-23T11:00,2025-01-23,11,21.87,21.94,24.47,22.65,20.92,22.17,22.9,23.86,19.54,19.88
2025-01-23T12:00,2025-01-23,12,23.36,23.41,25.51,24.06,22.37,23.56,24.36,25.21,21.34,21.73
2025-01-23T13:00,2025-01-23,13,24.32,24.43,26.27,24.96,23.15,24.22,25.42,26.11,22.53,22.65
2025-01-23T14:00,2025-01-23,14,24.88,25.13,26.54,25.5,23.63,24.61,26.05,26.59,23.32,23.03
2025-01-23T15:00,2025-01-23,15,24.97,25.2,26.39,25.51,23.73,24.54,26.24,26.67,23.6,23.16
2025-01-23T16:00,2025-01-23,16,24.52,24.7,25.71,25.03,23.33,23.98,25.93,26.26,23.35,22.76
2025-01-23T17:00,2025-01-23,17,22.63,22.71,23.14,23.01,21.38,22.11,24.59,24.24,21.68,21.11
2025-01-23T18:00,2025-01-23,18,20.16,20.25,20.21,20.6,19.13,19.9,22.02,21.56,19.44,18.49
2025-01-23T19:00,2025-01-23,19,18.12,17.91,19.17,18.4,16.91,18.38,20.14,20.03,17.07,16.41
2025-01-23T20:00,2025-01-23,20,17.15,16.84,17.92,17.46,16.09,17.5,19.2,19.09,16.12,15.59
2025-01-23T21:00,2025-01-23,21,16.4,16.08,16.91,16.8,15.46,16.87,18.22,18.61,15.28,15.06
2025-01-23T22:00,2025-01-23,22,15.77,15.55,16.19,15.96,14.83,16.44,17.37,18.12,14.61,14.48
2025-01-23T23:00,2025-01-23,23,15.25,15.09,15.73,15.47,14.17,15.77,16.94,17.52,14.08,13.9
2025-01-24T00:00,2025-01-24,0,14.76,14.66,15.35,14.93,13.52,15.26,16.43,17.01,13.53,13.46
2025-01-24T01:00,2025-01-24,1,14.35,14.24,15.06,14.53,12.95,14.91,16.15,16.54,12.89,13.18
2025-01-24T02:00,2025-01-24,2,13.94,13.82,14.67,14.2,12.47,14.51,15.92,16.12,12.32,12.79
2025-01-24T03:00,2025-01-24,3,13.6,13.43,14.29,13.93,12.05,14.13,15.62,15.83,12.02,12.48
2025-01-24T04:00,2025-01-24,4,13.23,13.07,13.91,13.42,11.61,13.68,15.3,15.66,11.63,12.21
2025-01-24T05:00,2025-01-24,5,12.94,12.73,13.58,13.24,11.25,13.41,15.03,15.53,11.35,11.91
2025-01-24T06:00,2025-01-24,6,12.74,12.51,13.47,12.97,10.84,13.17,14.92,15.32,11.1,11.88
2025-01-24T07:00,2025-01-24,7,13.11,12.38,13.85,13.3,12.21,14.43,14.56,15.27,11.69,12.98
2025-01-24T08:00,2025-01-24,8,14.51,13.9,16.61,15.52,13.19,15.08,16.03,17.24,12.42,13.32
2025-01-24T09:00,2025-01-24,9,16.93,17.14,20.3,18.69,14.42,16.38,18.53,19.86,14.04,14.04
2025-01-24T10:00,2025-01-24,10,19.3,19.92,23.33,21.19,15.92,18.49,21.13,22.34,16.02,15.65
2025-01-24T11:00,2025-01-24,11,21.58,22.05,25.12,23.11,18.95,20.83,23.24,23.96,19.24,18.0
2025-01-24T12:00,2025-01-24,12,23.12,23.49,26.21,24.4,21.1,22.15,24.67,25.1,21.37,19.73
2025-01-24T13:00,2025-01-24,13,24.12,24.46,26.85,25.18,22.4,23.07,25.71,25.88,22.64,20.99
2025-01-24T14:00,2025-01-24,14,24.73,25.14,26.96,25.64,23.1,23.72,26.3,26.37,23.43,21.78
2025-01-24T15:00,2025-01-24,15,24.87,25.32,26.6,25.66,23.25,23.8,26.5,26.53,23.71,22.08
2025-01-24T16:00,2025-01-24,16,24.5,24.98,25.79,25.28,22.91,23.28,26.2,26.32,23.48,21.78
2025-01-24T17:00,2025-01-24,17,22.84,23.34,23.27,23.54,21.31,21.18,24.95,24.82,21.94,20.42
2025-01-24T18:00,2025-01-24,18,20.54,21.04,20.6,21.15,19.41,18.96,22.6,22.24,19.92,18.03
2025-01-24T19:00,2025-01-24,19,18.6,18.73,19.7,19.64,17.09,17.83,20.46,20.56,17.68,15.9
2025-01-24T20:00,2025-01-24,20,17.64,17.68,18.93,18.4,16.03,17.3,19.62,19.66,16.59,15.19
2025-01-24T21:00,2025-01-24,21,16.88,16.87,18.04,17.35,15.51,16.89,18.79,18.92,15.62,14.85
2025-01-24T22:00,2025-01-24,22,16.4,16.36,17.45,16.91,15.16,17.22,17.99,18.35,15.0,14.41
2025-01-24T23:00,2025-01-24,23,16.13,16.08,17.03,16.72,15.48,17.22,17.44,17.9,14.52,14.29
2025-01-25T00:00,2025-01-25,0,15.79,15.66,16.77,16.05,15.58,17.21,17.03,17.54,14.17,14.03
2025-01-25T01:00,2025-01-25,1,15.43,15.27,16.58,15.51,15.24,16.78,16.77,17.31,13.83,13.65
2025-01-25T02:00,2025-01-25,2,15.07,14.93,15.94,15.1,14.48,16.71,16.5,16.89,13.63,13.36
2025-01-25T03:00,2025-01-25,3,14.73,14.62,15.64,14.79,13.97,16.26,16.21,16.65,13.54,12.64
2025-01-25T04:00,2025-01-25,4,14.49,14.42,15.13,14.48,13.7,15.88,15.97,16.46,13.44,12.52
2025-01-25T05:00,2025-01-25,5,14.37,14.62,14.63,14.35,13.44,14.91,15.95,16.17,13.38,12.45
2025-01-25T06:00,2025-01-25,6,14.44,14.97,14.89,14.37,13.05,14.62,15.94,16.06,13.43,12.43
2025-01-25T07:00,2025-01-25,7,14.88,15.21,16.27,15.3,14.39,15.65,15.51,16.25,13.61,12.44
2025-01-25T08:00,2025-01-25,8,16.39,16.74,17.98,17.26,15.79,17.12,17.05,18.14,14.81,13.44
2025-01-25T09:00,2025-01-25,9,18.61,18.66,20.84,19.76,17.81,19.2,19.22,20.26,17.4,15.51
2025-01-25T10:00,2025-01-25,10,20.98,21.1,23.65,22.26,20.11,20.52,21.49,22.53,19.79,18.04
2025-01-25T11:00,2025-01-25,11,22.61,22.72,25.43,23.7,21.77,21.97,23.01,24.11,21.43,20.02
2025-01-25T12:00,2025-01-25,12,23.68,23.83,26.45,24.6,22.87,23.07,24.15,25.08,22.52,21.16
2025-01-25T13:00,2025-01-25,13,24.42,24.59,27.09,25.22,23.66,23.87,25.05,25.74,23.29,21.86
2025-01-25T14:00,2025-01-25,14,24.81,25.04,27.32,25.54,24.15,24.2,25.22,25.96,23.8,22.44
2025-01-25T15:00,2025-01-25,15,24.79,25.13,27.08,25.48,24.12,24.03,25.17,25.76,23.81,22.5
2025-01-25T16:00,2025-01-25,16,24.29,24.63,26.29,25.0,23.44,23.57,24.83,25.27,23.37,22.05
2025-01-25T17:00,2025-01-25,17,22.6,22.91,24.06,23.14,21.76,21.7,23.73,23.97,21.71,20.37
2025-01-25T18:00,2025-01-25,18,20.26,20.62,21.52,20.78,19.11,19.82,21.56,21.76,19.33,17.85
2025-01-25T19:00,2025-01-25,19,19.02,19.16,20.97,19.54,17.98,18.93,19.96,20.37,17.8,17.11
2025-01-25T20:00,2025-01-25,20,17.97,17.96,19.91,18.66,16.64,17.77,18.94,19.33,16.85,16.33
2025-01-25T21:00,2025-01-25,21,17.12,17.0,18.73,17.96,15.74,16.91,18.18,18.78,15.98,15.69
2025-01-25T22:00,2025-01-25,22,16.39,16.18,18.12,17.29,15.08,16.64,17.46,18.1,14.98,14.97
2025-01-25T23:00,2025-01-25,23,15.75,15.5,17.69,16.66,14.35,16.22,16.89,17.48,14.14,14.36
2025-01-26T00:00,2025-01-26,0,15.21,14.9,17.44,16.05,13.5,15.89,16.25,16.99,13.59,13.95
2025-01-26T01:00,2025-01-26,1,14.77,14.44,17.04,15.64,13.11,15.42,15.68,16.53,13.12,13.63
2025-01-26T02:00,2025-01-26,2,14.35,14.0,16.7,15.06,12.99,15.06,15.16,16.12,12.57,13.38
2025-01-26T03:00,2025-01-26,3,13.87,13.49,16.04,14.49,12.48,14.53,14.77,15.77,12.13,13.12
2025-01-26T04:00,2025-01-26,4,13.45,13.08,15.59,14.02,12.03,13.79,14.33,15.53,11.74,12.84
2025-01-26T05:00,2025-01-26,5,13.09,12.6,15.27,13.69,11.85,13.23,13.87,15.3,11.55,12.55
2025-01-26T06:00,2025-01-26,6,12.7,12.16,14.8,13.22,11.59,12.89,13.38,14.95,11.26,12.31
2025-01-26T07:00,2025-01-26,7,12.6,12.06,15.01,13.14,11.51,12.69,13.2,14.94,11.02,12.14
2025-01-26T08:00,2025-01-26,8,14.68,14.42,17.29,15.5,13.71,14.64,15.1,16.89,12.96,13.45
2025-01-26T09:00,2025-01-26,9,17.65,17.59,20.51,18.5,16.65,17.76,17.83,19.19,16.26,15.84
2025-01-26T10:00,2025-01-26,10,20.26,20.3,23.26,21.14,19.33,20.17,20.42,21.42,18.79,18.46
2025-01-26T11:00,2025-01-26,11,21.93,22.04,24.2,22.63,21.23,21.81,22.09,22.96,20.63,20.41
2025-01-26T12:00,2025-01-26,12,22.96,23.09,24.87,23.41,22.36,22.84,23.17,23.84,21.84,21.69
2025-01-26T13:00,2025-01-26,13,23.59,23.78,25.21,23.96,22.94,23.43,23.76,24.4,22.56,22.56
2025-01-26T14:00,2025-01-26,14,23.89,24.1,25.11,24.16,23.24,23.87,23.99,24.72,22.95,23.08
2025-01-26T15:00,2025-01-26,15,23.79,24.0,24.72,24.06,23.33,23.75,23.85,24.55,22.88,23.18
2025-01-26T16:00,2025-01-26,16,23.28,23.49,24.0,23.52,22.92,23.14,23.27,23.93,22.45,22.93
2025-01-26T17:00,2025-01-26,17,21.51,21.81,21.67,21.65,20.95,20.98,21.83,21.84,21.03,21.27
2025-01-26T18:00,2025-01-26,18,19.02,19.23,19.07,19.29,18.62,18.79,19.09,19.35,18.51,18.87
2025-01-26T19:00,2025-01-26,19,18.3,18.53,18.13,18.5,17.77,18.26,18.41,18.16,17.91,18.45
2025-01-26T20:00,2025-01-26,20,17.44,17.76,17.43,17.75,16.58,17.37,17.58,17.05,17.06,17.46
2025-01-26T21:00,2025-01-26,21,16.72,17.04,16.72,17.04,15.98,16.72,17.08,16.44,16.18,16.49
2025-01-26T22:00,2025-01-26,22,16.1,16.34,15.84,16.25,15.97,16.26,16.54,16.04,15.6,15.68
2025-01-26T23:00,2025-01-26,23,15.5,15.65,15.2,15.4,15.47,15.79,16.09,15.47,15.1,15.15
2025-01-27T00:00,2025-01-27,0,15.05,15.08,14.72,14.91,14.95,15.36,15.89,15.0,14.74,14.84
2025-01-27T01:00,2025-01-27,1,14.6,14.5,14.07,14.51,14.53,15.09,15.44,14.56,14.41,14.51
2025-01-27T02:00,2025-01-27,2,14.21,14.11,13.51,14.15,14.26,14.66,14.93,14.17,14.12,14.2
2025-01-27T03:00,2025-01-27,3,13.89,13.85,12.95,13.79,13.98,14.26,14.54,14.04,13.81,13.95
2025-01-27T04:00,2025-01-27,4,13.52,13.47,12.64,13.51,13.59,13.76,13.98,13.88,13.42,13.65
2025-01-27T05:00,2025-01-27,5,13.15,13.07,12.32,13.24,13.2,13.41,13.41,13.74,13.02,13.3
2025-01-27T06:00,2025-01-27,6,12.88,12.79,12.1,13.04,12.92,13.18,13.05,13.6,12.69,13.02
2025-01-27T07:00,2025-01-27,7,12.83,12.75,12.35,13.11,12.83,13.0,12.97,13.49,12.42,12.97
2025-01-27T08:00,2025-01-27,8,14.88,14.93,15.44,15.37,14.56,14.9,14.78,16.22,14.16,14.17
2025-01-27T09:00,2025-01-27,9,17.42,17.58,19.0,18.16,16.45,17.48,17.29,18.96,16.46,15.99
2025-01-27T10:00,2025-01-27,10,19.81,20.07,21.53,20.42,18.65,19.68,19.93,21.3,18.8,18.22
2025-01-27T11:00,2025-01-27,11,21.68,21.94,22.96,22.05,20.64,21.46,21.83,22.86,20.91,20.57
2025-01-27T12:00,2025-01-27,12,22.93,23.2,23.79,23.2,22.15,22.63,22.93,23.81,22.34,22.18
2025-01-27T13:00,2025-01-27,13,23.73,24.02,24.24,23.93,23.19,23.45,23.56,24.4,23.29,23.23
2025-01-27T14:00,2025-01-27,14,24.15,24.44,24.48,24.4,23.78,23.83,23.87,24.69,23.71,23.86
2025-01-27T15:00,2025-01-27,15,24.21,24.66,24.18,24.52,23.94,23.88,23.86,24.59,23.66,23.94
2025-01-27T16:00,2025-01-27,16,23.82,24.31,23.41,24.1,23.72,23.43,23.45,23.99,23.43,23.66
2025-01-27T17:00,2025-01-27,17,22.16,22.53,21.46,22.32,22.15,21.45,22.02,22.1,22.14,22.21
2025-01-27T18:00,2025-01-27,18,19.72,20.08,18.72,19.91,19.88,19.34,19.33,19.52,19.96,19.75
2025-01-27T19:00,2025-01-27,19,18.7,18.72,18.13,19.27,18.55,18.57,18.55,18.48,18.59,19.07
2025-01-27T20:00,2025-01-27,20,17.78,17.72,17.51,18.32,17.54,17.78,17.69,17.54,17.57,18.2
2025-01-27T21:00,2025-01-27,21,17.05,17.03,17.04,17.18,16.7,16.99,17.13,16.65,16.86,17.58
2025-01-27T22:00,2025-01-27,22,16.48,16.38,16.77,16.66,16.3,16.55,16.54,15.81,16.14,17.07
2025-01-27T23:00,2025-01-27,23,15.97,15.84,16.26,16.28,15.85,16.19,16.29,15.32,15.35,16.44
2025-01-28T00:00,2025-01-28,0,15.44,15.32,15.85,15.66,15.16,15.72,15.81,15.03,14.73,15.84
2025-01-28T01:00,2025-01-28,1,15.0,14.89,15.47,15.16,14.74,15.38,15.3,14.63,14.25,15.4
2025-01-28T02:00,2025-01-28,2,14.54,14.45,15.04,14.65,14.31,14.94,14.64,14.36,13.87,14.91
2025-01-28T03:00,2025-01-28,3,14.14,14.01,14.3,14.3,14.02,14.75,14.26,14.14,13.49,14.48
2025-01-28T04:00,2025-01-28,4,13.73,13.7,13.48,13.92,13.86,14.26,13.78,13.97,13.03,13.99
2025-01-28T05:00,2025-01-28,5,13.34,13.33,13.03,13.57,13.49,13.7,13.31,13.75,12.73,13.5
2025-01-28T06:00,2025-01-28,6,13.03,13.05,12.76,13.35,13.29,13.36,12.87,13.55,12.33,13.15
2025-01-28T07:00,2025-01-28,7,13.03,12.96,13.26,13.39,13.29,13.66,12.75,13.38,12.16,13.13
2025-01-28T08:00,2025-01-28,8,15.17,15.37,15.89,15.81,15.24,15.64,14.5,15.74,14.14,14.56
2025-01-28T09:00,2025-01-28,9,18.17,18.5,19.44,18.83,18.17,18.28,17.51,18.95,17.22,16.89
2025-01-28T10:00,2025-01-28,10,20.74,21.15,21.79,21.22,20.66,20.56,20.53,21.56,19.87,19.21
2025-01-28T11:00,2025-01-28,11,22.53,23.04,23.32,22.82,22.36,22.23,22.56,23.08,21.71,21.17
2025-01-28T12:00,2025-01-28,12,23.58,24.03,24.09,23.83,23.34,23.33,23.8,23.98,22.81,22.49
2025-01-28T13:00,2025-01-28,13,24.25,24.73,24.57,24.39,24.18,23.83,24.62,24.55,23.49,23.32
2025-01-28T14:00,2025-01-28,14,24.62,25.13,24.78,24.74,24.43,24.17,25.03,24.89,23.82,23.82
2025-01-28T15:00,2025-01-28,15,24.65,25.17,24.65,24.88,24.51,24.25,25.05,24.91,23.76,23.9
2025-01-28T16:00,2025-01-28,16,24.21,24.68,23.8,24.49,24.0,23.99,24.63,24.72,23.35,23.66
2025-01-28T17:00,2025-01-28,17,22.43,22.76,21.51,22.6,22.36,22.19,23.23,23.19,21.61,22.04
2025-01-28T18:00,2025-01-28,18,19.8,19.9,18.55,20.28,20.48,20.19,20.48,20.04,18.84,19.57
2025-01-28T19:00,2025-01-28,19,18.92,18.8,18.32,19.65,19.55,19.14,19.55,19.32,17.96,18.63
2025-01-28T20:00,2025-01-28,20,18.08,17.92,17.71,18.55,18.93,18.07,18.85,18.43,17.19,17.73
2025-01-28T21:00,2025-01-28,21,17.41,17.32,17.28,17.66,18.38,17.31,17.99,17.45,16.74,16.99
2025-01-28T22:00,2025-01-28,22,16.82,16.82,16.81,16.46,17.74,16.89,17.41,16.87,16.33,16.46
2025-01-28T23:00,2025-01-28,23,16.16,16.03,16.08,15.9,16.92,16.72,16.69,16.46,15.61,15.97
2025-01-29T00:00,2025-01-29,0,15.61,15.22,15.37,15.61,16.29,16.33,16.32,16.05,15.06,15.54
2025-01-29T01:00,2025-01-29,1,15.08,14.61,14.57,15.39,15.53,15.65,15.85,15.68,14.57,15.17
2025-01-29T02:00,2025-01-29,2,14.61,14.11,13.89,14.85,15.06,15.21,15.45,15.4,14.11,14.81
2025-01-29T03:00,2025-01-29,3,14.21,13.73,13.48,14.48,14.57,14.73,15.12,15.18,13.63,14.36
2025-01-29T04:00,2025-01-29,4,13.79,13.3,13.04,14.15,13.95,14.44,14.74,14.94,13.11,13.94
2025-01-29T05:00,2025-01-29,5,13.44,13.03,12.79,13.87,13.51,14.22,14.36,14.75,12.55,13.45
2025-01-29T06:00,2025-01-29,6,13.19,13.0,12.53,13.5,13.23,13.9,13.97,14.51,12.12,13.11
2025-01-29T07:00,2025-01-29,7,12.81,12.7,12.44,12.97,12.26,13.78,13.78,14.27,11.76,12.43
2025-01-29T08:00,2025-01-29,8,14.96,15.18,15.21,15.54,13.96,15.92,15.76,16.18,13.7,13.66
2025-01-29T09:00,2025-01-29,9,18.44,18.74,19.39,19.47,16.98,18.6,19.23,19.71,17.22,16.63
2025-01-29T10:00,2025-01-29,10,21.29,21.55,22.19,22.12,20.51,20.85,22.02,22.63,20.16,19.66
2025-01-29T11:00,2025-01-29,11,23.14,23.45,23.94,23.71,22.48,22.54,23.8,24.2,22.18,21.81
2025-01-29T12:00,2025-01-29,12,24.25,24.65,24.88,24.64,23.59,23.52,25.0,25.06,23.36,23.08
2025-01-29T13:00,2025-01-29,13,24.89,25.29,25.3,25.13,24.22,24.22,25.65,25.59,24.19,23.88
2025-01-29T14:00,2025-01-29,14,25.2,25.6,25.42,25.37,24.42,24.44,26.1,25.92,24.63,24.25
2025-01-29T15:00,2025-01-29,15,25.17,25.63,25.28,25.32,24.36,24.33,26.07,25.83,24.64,24.19
2025-01-29T16:00,2025-01-29,16,24.75,25.23,24.68,24.9,23.98,23.91,25.74,25.46,24.25,23.71
2025-01-29T17:00,2025-01-29,17,22.99,23.43,22.76,23.18,22.0,21.89,24.67,23.85,22.46,21.71
2025-01-29T18:00,2025-01-29,18,20.54,20.89,19.57,20.65,20.03,19.86,22.43,21.2,20.18,19.24
2025-01-29T19:00,2025-01-29,19,19.44,19.53,18.61,19.5,19.06,19.28,20.94,20.21,19.22,18.48
2025-01-29T20:00,2025-01-29,20,18.62,18.89,17.9,18.46,18.27,18.37,20.04,19.29,18.35,17.59
2025-01-29T21:00,2025-01-29,21,17.9,18.19,17.36,17.59,17.72,17.58,19.38,18.43,17.55,16.88
2025-01-29T22:00,2025-01-29,22,17.21,17.28,16.71,17.05,17.19,16.96,18.79,17.8,16.86,16.25
2025-01-29T23:00,2025-01-29,23,16.57,16.67,15.74,16.07,16.41,16.61,18.18,17.57,16.34,15.74
2025-01-30T00:00,2025-01-30,0,16.03,16.15,14.93,15.4,15.59,16.03,17.83,17.44,15.94,15.14
2025-01-30T01:00,2025-01-30,1,15.52,15.62,14.2,14.93,14.63,15.45,17.64,17.18,15.6,14.49
2025-01-30T02:00,2025-01-30,2,15.23,15.33,13.56,14.7,14.83,14.78,17.46,17.06,15.36,14.07
2025-01-30T03:00,2025-01-30,3,14.91,14.93,12.92,14.51,14.8,14.3,17.3,16.88,15.03,13.76
2025-01-30T04:00,2025-01-30,4,14.71,14.82,12.52,14.48,14.24,13.82,17.3,16.67,14.84,13.49
2025-01-30T05:00,2025-01-30,5,14.57,14.71,12.32,14.31,13.84,13.5,17.4,16.55,14.86,13.24
2025-01-30T06:00,2025-01-30,6,14.57,14.72,12.21,14.15,13.78,13.32,17.6,16.57,15.06,13.18
2025-01-30T07:00,2025-01-30,7,14.63,14.73,12.68,14.17,14.04,13.64,17.74,16.75,14.67,13.17
2025-01-30T08:00,2025-01-30,8,16.9,17.14,16.06,16.93,16.01,15.64,19.27,19.3,16.64,15.04
2025-01-30T09:00,2025-01-30,9,19.6,20.01,20.07,20.09,18.48,18.3,21.16,22.0,18.61,17.56
2025-01-30T10:00,2025-01-30,10,21.96,22.44,22.96,22.57,20.98,20.47,23.26,24.1,20.76,19.82
2025-01-30T11:00,2025-01-30,11,23.6,23.98,24.55,24.33,22.67,22.45,24.91,25.39,22.33,21.65
2025-01-30T12:00,2025-01-30,12,24.67,25.12,25.56,25.43,23.76,23.74,26.2,25.85,22.94,23.05
2025-01-30T13:00,2025-01-30,13,25.3,25.64,25.98,25.65,24.51,24.62,27.32,25.87,23.7,24.0
2025-01-30T14:00,2025-01-30,14,25.79,26.4,26.01,25.62,24.59,24.99,27.8,26.03,24.74,24.65
2025-01-30T15:00,2025-01-30,15,25.81,26.55,25.68,25.5,23.8,24.81,27.86,25.86,25.41,24.77
2025-01-30T16:00,2025-01-30,16,25.45,26.23,25.0,24.93,23.82,24.55,27.47,25.48,25.3,24.21
2025-01-30T17:00,2025-01-30,17,24.15,25.16,23.11,23.67,22.81,23.06,26.15,24.56,24.02,22.49
2025-01-30T18:00,2025-01-30,18,21.99,23.08,20.72,22.29,20.62,21.1,24.07,22.93,21.12,19.82
2025-01-30T19:00,2025-01-30,19,20.94,21.66,20.19,21.47,19.56,20.02,22.98,22.14,20.25,18.82
2025-01-30T20:00,2025-01-30,20,20.3,21.23,19.41,20.83,19.18,19.03,22.34,21.59,19.54,17.75
2025-01-30T21:00,2025-01-30,21,19.77,20.9,18.72,20.38,18.65,18.38,21.7,21.09,19.05,16.9
2025-01-30T22:00,2025-01-30,22,19.29,20.43,18.05,20.06,18.24,18.26,21.29,20.75,18.46,16.09
2025-01-30T23:00,2025-01-30,23,18.86,20.08,17.39,19.85,17.83,17.84,20.95,20.45,17.77,15.51
2025-01-31T00:00,2025-01-31,0,18.53,19.76,16.94,19.56,17.75,17.65,20.7,20.2,17.25,15.0
2025-01-31T01:00,2025-01-31,1,18.25,19.61,16.41,19.37,17.56,17.79,20.32,19.85,16.85,14.42
2025-01-31T02:00,2025-01-31,2,17.93,19.31,15.99,19.22,17.48,17.81,19.94,19.62,16.23,13.98
2025-01-31T03:00,2025-01-31,3,17.78,19.16,15.76,19.11,17.74,17.71,19.76,19.7,15.84,13.65
2025-01-31T04:00,2025-01-31,4,17.57,18.98,15.58,18.99,17.5,17.64,19.49,19.71,15.52,13.33
2025-01-31T05:00,2025-01-31,5,17.52,19.17,15.29,18.86,17.54,17.53,19.48,19.79,15.27,13.03
2025-01-31T06:00,2025-01-31,6,17.53,19.32,15.31,18.91,17.44,17.55,19.52,19.69,14.97,13.05
2025-01-31T07:00,2025-01-31,7,18.13,19.97,15.94,19.45,18.68,17.76,20.45,20.23,15.35,13.35
2025-01-31T08:00,2025-01-31,8,19.12,20.63,18.63,20.64,19.19,18.09,21.4,21.6,16.14,14.4
2025-01-31T09:00,2025-01-31,9,20.57,21.45,21.77,22.35,19.85,18.79,22.67,23.77,17.83,16.34
2025-01-31T10:00,2025-01-31,10,22.02,22.27,24.11,23.69,20.71,19.38,24.16,25.44,20.11,18.67
2025-01-31T11:00,2025-01-31,11,23.48,23.52,25.95,24.46,21.86,20.37,25.68,26.13,22.52,20.89
2025-01-31T12:00,2025-01-31,12,24.72,25.09,26.81,25.18,23.2,21.42,26.81,26.66,23.99,22.44
2025-01-31T13:00,2025-01-31,13,25.64,26.5,26.76,25.49,24.38,22.27,27.74,26.99,25.07,23.56
2025-01-31T14:00,2025-01-31,14,26.13,27.29,26.27,25.58,25.23,23.13,28.08,27.14,25.74,24.21
2025-01-31T15:00,2025-01-31,15,26.15,27.5,25.82,24.96,25.6,23.47,28.0,26.84,25.93,24.37
2025-01-31T16:00,2025-01-31,16,25.79,27.18,25.22,24.84,25.07,23.52,27.69,25.79,25.6,23.95
2025-01-31T17:00,2025-01-31,17,24.42,25.72,24.03,23.94,23.27,22.32,26.66,24.86,24.04,22.05
2025-01-31T18:00,2025-01-31,18,22.13,23.11,21.89,22.31,20.69,20.24,24.47,23.35,21.47,19.59
2025-01-31T19:00,2025-01-31,19,21.18,21.94,21.22,21.62,19.97,20.3,22.96,22.29,20.21,18.87
2025-01-31T20:00,2025-01-31,20,20.43,21.13,20.82,21.1,19.24,19.96,22.18,21.84,18.95,17.9
2025-01-31T21:00,2025-01-31,21,19.75,20.51,20.46,20.63,18.34,19.3,21.41,21.54,17.9,17.04
2025-01-31T22:00,2025-01-31,22,19.22,19.91,20.15,20.25,18.12,19.0,20.77,21.05,17.11,16.39
2025-01-31T23:00,2025-01-31,23,18.73,19.3,19.55,19.79,18.02,18.81,20.33,20.68,16.66,15.64
2025-02-01T00:00,2025-02-01,0,18.28,18.77,19.17,19.45,17.64,18.41,19.94,20.15,16.22,15.11
2025-02-01T01:00,2025-02-01,1,17.93,18.53,18.77,19.13,17.33,18.45,19.64,19.85,15.66,14.4
2025-02-01T02:00,2025-02-01,2,17.65,18.25,18.67,18.71,17.18,18.49,19.41,19.6,15.21,13.88
2025-02-01T03:00,2025-02-01,3,17.52,18.25,18.63,18.42,16.94,18.58,19.21,19.53,15.08,13.52
2025-02-01T04:00,2025-02-01,4,17.41,18.1,17.96,18.4,17.06,18.66,19.31,19.49,15.11,13.19
2025-02-01T05:00,2025-02-01,5,17.55,18.47,17.37,18.89,17.26,18.68,19.47,19.72,15.0,13.16
2025-02-01T06:00,2025-02-01,6,17.61,18.56,17.34,19.19,17.63,18.66,19.6,19.95,14.79,13.0
2025-02-01T07:00,2025-02-01,7,17.95,19.05,17.62,19.72,18.01,18.65,20.09,20.15,14.65,13.39
2025-02-01T08:00,2025-02-01,8,18.75,19.39,19.75,20.48,18.61,19.13,20.74,20.82,15.93,14.37
2025-02-01T09:00,2025-02-01,9,19.93,20.07,22.58,21.5,19.71,20.09,21.5,21.95,17.58,15.76
2025-02-01T10:00,2025-02-01,10,21.5,21.14,24.91,22.62,21.53,21.39,22.74,23.48,20.04,17.91
2025-02-01T11:00,2025-02-01,11,23.4,23.29,26.23,24.34,23.19,22.72,24.6,24.76,22.3,20.25
2025-02-01T12:00,2025-02-01,12,24.82,25.03,27.06,25.8,24.39,23.87,25.85,25.65,23.98,21.84
2025-02-01T13:00,2025-02-01,13,25.78,26.17,27.61,26.67,25.34,24.73,26.73,26.23,25.01,23.01
2025-02-01T14:00,2025-02-01,14,26.38,26.9,27.88,27.11,25.79,25.2,27.47,26.72,25.71,23.63
2025-02-01T15:00,2025-02-01,15,26.56,27.24,27.52,27.12,25.91,25.23,27.79,27.03,25.96,23.92
2025-02-01T16:00,2025-02-01,16,26.28,27.0,26.63,26.87,25.6,24.89,27.66,26.97,25.7,23.76
2025-02-01T17:00,2025-02-01,17,24.95,25.75,25.05,25.6,24.05,23.32,26.75,26.09,24.22,22.17
2025-02-01T18:00,2025-02-01,18,22.57,23.38,22.64,23.27,21.78,20.96,24.34,24.0,21.71,19.72
2025-02-01T19:00,2025-02-01,19,21.68,22.28,21.96,22.46,20.63,20.53,23.27,23.11,20.92,19.02
2025-02-01T20:00,2025-02-01,20,20.77,21.18,21.31,21.75,19.5,19.76,22.48,22.42,19.83,18.18
2025-02-01T21:00,2025-02-01,21,19.98,20.4,20.69,21.02,18.64,19.0,21.73,22.02,18.74,17.39
2025-02-01T22:00,2025-02-01,22,19.29,19.6,20.13,20.27,18.01,18.56,21.02,21.32,17.96,16.81
2025-02-01T23:00,2025-02-01,23,18.71,18.9,19.76,19.64,17.4,18.14,20.64,20.91,17.28,16.16
2025-02-02T00:00,2025-02-02,0,18.26,18.4,19.53,19.41,17.08,17.5,20.23,20.69,16.63,15.48
2025-02-02T01:00,2025-02-02,1,17.87,18.07,19.19,19.13,16.74,17.14,19.87,20.48,16.09,14.84
2025-02-02T02:00,2025-02-02,2,17.57,17.79,18.69,18.98,16.36,16.82,19.65,20.64,15.7,14.31
2025-02-02T03:00,2025-02-02,3,17.34,17.61,18.63,18.85,15.68,16.23,19.62,20.82,15.44,13.89
2025-02-02T04:00,2025-02-02,4,17.22,17.51,18.94,19.0,15.34,15.77,19.66,20.97,15.02,13.51
2025-02-02T05:00,2025-02-02,5,17.1,17.43,19.03,18.97,15.32,15.53,19.66,20.97,14.69,13.07
2025-02-02T06:00,2025-02-02,6,17.01,17.32,19.05,19.22,15.12,15.24,19.76,20.83,14.46,12.77
2025-02-02T07:00,2025-02-02,7,17.65,18.53,19.21,19.73,16.1,15.58,20.15,20.99,14.73,13.3
2025-02-02T08:00,2025-02-02,8,18.59,19.58,19.97,20.33,17.13,17.3,20.66,21.3,15.94,14.46
2025-02-02T09:00,2025-02-02,9,20.16,21.34,21.59,20.94,18.1,19.43,21.88,21.98,18.52,16.18
2025-02-02T10:00,2025-02-02,10,22.41,23.89,23.88,22.71,19.88,21.54,23.81,23.53,21.53,18.45
2025-02-02T11:00,2025-02-02,11,24.31,25.71,25.55,24.42,22.05,23.11,25.46,24.8,23.93,21.01
2025-02-02T12:00,2025-02-02,12,25.75,27.02,26.76,26.19,23.99,24.23,26.79,26.3,25.2,22.69
2025-02-02T13:00,2025-02-02,13,26.67,27.85,27.33,27.21,25.24,25.2,27.81,27.37,25.96,23.74
2025-02-02T14:00,2025-02-02,14,27.06,28.18,27.25,27.75,25.92,25.52,28.19,27.85,26.37,24.26
2025-02-02T15:00,2025-02-02,15,27.09,28.1,26.95,27.88,26.09,25.63,28.22,28.14,26.44,24.42
2025-02-02T16:00,2025-02-02,16,26.69,27.58,26.41,27.56,25.72,25.35,27.94,28.02,26.03,24.03
2025-02-02T17:00,2025-02-02,17,25.15,25.83,25.19,26.2,23.64,23.66,26.91,26.94,24.36,22.44
2025-02-02T18:00,2025-02-02,18,22.63,23.28,22.58,23.71,20.85,20.91,24.63,24.6,21.9,19.89
2025-02-02T19:00,2025-02-02,19,21.47,21.87,21.56,22.53,19.72,20.13,23.36,23.32,20.81,19.12
2025-02-02T20:00,2025-02-02,20,20.58,21.08,21.0,21.45,18.84,19.32,22.5,22.28,19.8,18.09
2025-02-02T21:00,2025-02-02,21,19.8,20.31,20.46,20.58,17.99,18.76,21.8,21.49,18.74,17.34
2025-02-02T22:00,2025-02-02,22,19.14,19.57,20.05,19.91,17.21,18.29,21.02,20.97,17.95,16.87
2025-02-02T23:00,2025-02-02,23,18.53,18.86,19.54,19.23,16.58,17.74,20.46,20.48,17.36,16.39
2025-02-03T00:00,2025-02-03,0,17.96,18.24,18.99,18.7,16.18,17.2,20.08,20.14,16.57,15.65
2025-02-03T01:00,2025-02-03,1,17.44,17.54,18.5,18.33,15.87,16.95,19.51,19.89,15.95,15.11
2025-02-03T02:00,2025-02-03,2,16.94,16.83,18.04,18.09,15.47,16.39,19.14,19.67,15.38,14.57
2025-02-03T03:00,2025-02-03,3,16.59,16.42,17.89,17.76,15.14,16.05,18.76,19.87,14.89,14.14
2025-02-03T04:00,2025-02-03,4,16.3,16.14,17.73,17.43,14.63,15.5,18.45,20.22,14.48,13.93
2025-02-03T05:00,2025-02-03,5,16.1,15.86,17.73,17.14,14.4,15.14,18.3,20.35,14.05,13.96
2025-02-03T06:00,2025-02-03,6,15.9,15.65,17.64,16.94,14.35,14.74,18.02,20.29,13.67,13.93
2025-02-03T07:00,2025-02-03,7,16.8,16.71,18.29,18.15,15.71,15.46,18.56,20.99,14.49,14.68
2025-02-03T08:00,2025-02-03,8,17.99,18.31,19.54,18.99,16.58,16.58,19.39,21.23,16.36,15.52
2025-02-03T09:00,2025-02-03,9,20.08,20.73,22.08,20.56,18.07,18.93,21.18,21.68,19.78,16.79
2025-02-03T10:00,2025-02-03,10,22.66,23.34,24.97,23.37,20.32,21.6,23.72,23.39,22.87,18.88
2025-02-03T11:00,2025-02-03,11,24.7,25.47,26.93,25.53,22.85,23.55,25.73,24.98,24.64,20.9
2025-02-03T12:00,2025-02-03,12,25.96,26.66,28.09,26.72,24.63,24.91,26.96,26.42,25.64,22.35
2025-02-03T13:00,2025-02-03,13,26.71,27.39,28.47,27.44,25.69,25.66,27.68,27.45,26.17,23.41
2025-02-03T14:00,2025-02-03,14,26.95,27.51,28.57,27.66,26.12,25.88,27.91,28.01,26.28,23.9
2025-02-03T15:00,2025-02-03,15,26.8,27.28,28.15,27.47,26.11,25.7,27.87,28.12,26.11,23.98
2025-02-03T16:00,2025-02-03,16,26.29,26.72,27.56,26.95,25.49,25.01,27.49,27.77,25.54,23.71
2025-02-03T17:00,2025-02-03,17,24.54,24.79,25.49,25.3,23.31,23.17,26.18,26.22,23.64,22.52
2025-02-03T18:00,2025-02-03,18,21.91,21.96,22.65,23.05,20.74,20.98,23.51,23.43,20.84,20.17
2025-02-03T19:00,2025-02-03,19,21.06,21.23,21.39,22.08,20.38,20.37,22.11,22.41,19.93,19.7
2025-02-03T20:00,2025-02-03,20,20.02,19.99,20.29,20.98,19.44,19.57,21.19,21.83,18.8,18.79
2025-02-03T21:00,2025-02-03,21,19.17,19.11,20.04,19.89,18.36,18.68,20.5,21.11,17.79,18.0
2025-02-03T22:00,2025-02-03,22,18.44,18.35,19.74,18.68,17.74,18.14,19.78,20.55,16.93,17.35
2025-02-03T23:00,2025-02-03,23,17.75,17.59,18.8,17.89,17.23,17.67,19.15,20.06,16.14,16.83
2025-02-04T00:00,2025-02-04,0,17.05,16.85,18.07,17.23,16.38,17.08,18.51,19.31,15.53,16.12
2025-02-04T01:00,2025-02-04,1,16.43,16.12,17.71,16.57,15.82,16.52,17.89,18.57,14.93,15.53
2025-02-04T02:00,2025-02-04,2,15.96,15.54,17.3,16.05,15.49,16.2,17.39,18.07,14.5,15.19
2025-02-04T03:00,2025-02-04,3,15.48,15.08,16.43,15.52,15.03,15.62,16.84,17.55,14.28,14.9
2025-02-04T04:00,2025-02-04,4,15.0,14.63,15.59,15.03,14.45,15.09,16.27,17.15,14.01,14.52
2025-02-04T05:00,2025-02-04,5,14.58,14.12,15.06,14.67,14.16,14.67,15.75,16.73,13.67,14.21
2025-02-04T06:00,2025-02-04,6,14.21,13.67,14.54,14.31,13.95,14.35,15.29,16.34,13.4,14.06
2025-02-04T07:00,2025-02-04,7,14.48,14.06,14.79,14.68,14.0,14.67,15.57,16.56,13.63,14.07
2025-02-04T08:00,2025-02-04,8,16.72,16.39,17.73,17.19,16.28,16.57,17.59,18.91,15.78,15.65
2025-02-04T09:00,2025-02-04,9,19.69,19.6,21.55,20.6,18.96,19.35,20.18,21.33,18.45,18.21
2025-02-04T10:00,2025-02-04,10,22.31,22.38,24.75,23.12,21.31,21.75,22.62,23.47,21.0,20.94
2025-02-04T11:00,2025-02-04,11,24.08,24.18,26.23,24.77,23.14,23.48,24.35,25.09,22.89,22.96
2025-02-04T12:00,2025-02-04,12,25.15,25.24,26.87,25.74,24.37,24.63,25.35,26.15,24.16,24.13
2025-02-04T13:00,2025-02-04,13,25.76,25.85,27.2,26.21,25.05,25.26,25.88,26.79,24.97,24.93
2025-02-04T14:00,2025-02-04,14,26.02,26.07,27.26,26.34,25.44,25.62,26.12,27.04,25.32,25.35
2025-02-04T15:00,2025-02-04,15,25.92,25.97,26.88,26.19,25.4,25.49,26.12,26.86,25.29,25.46
2025-02-04T16:00,2025-02-04,16,25.46,25.5,25.97,25.6,25.22,25.05,25.7,26.28,24.96,25.17
2025-02-04T17:00,2025-02-04,17,23.92,23.98,23.8,23.85,24.01,23.25,24.47,24.51,23.65,23.73
2025-02-04T18:00,2025-02-04,18,21.42,21.49,20.87,21.52,21.65,20.75,21.94,21.62,21.22,21.41
2025-02-04T19:00,2025-02-04,19,20.59,20.79,20.63,20.78,20.19,19.97,21.19,20.9,20.17,20.24
2025-02-04T20:00,2025-02-04,20,19.73,19.83,20.32,19.83,19.43,19.34,20.47,19.78,19.2,19.16
2025-02-04T21:00,2025-02-04,21,19.02,19.09,19.63,18.94,18.85,19.05,19.8,19.02,18.4,18.49
2025-02-04T22:00,2025-02-04,22,18.35,18.36,18.85,18.21,18.36,18.73,19.12,18.48,17.67,17.82
2025-02-04T23:00,2025-02-04,23,17.75,17.84,17.97,17.66,17.64,18.23,18.49,17.98,17.06,17.15
2025-02-05T00:00,2025-02-05,0,17.18,17.33,17.2,17.27,16.95,17.5,17.97,17.63,16.35,16.56
2025-02-05T01:00,2025-02-05,1,16.69,16.79,16.5,16.85,16.51,16.88,17.52,17.43,15.79,16.19
2025-02-05T02:00,2025-02-05,2,16.25,16.28,15.95,16.49,16.1,16.49,17.21,17.19,15.28,15.79
2025-02-05T03:00,2025-02-05,3,15.81,15.81,15.45,16.04,15.66,15.88,16.94,16.79,14.84,15.39
2025-02-05T04:00,2025-02-05,4,15.48,15.47,15.2,15.75,15.28,15.44,16.66,16.49,14.48,15.05
2025-02-05T05:00,2025-02-05,5,15.14,15.18,14.8,15.46,14.83,14.95,16.42,16.25,14.08,14.65
2025-02-05T06:00,2025-02-05,6,14.88,14.95,14.54,15.26,14.46,14.59,16.08,16.18,13.76,14.39
2025-02-05T07:00,2025-02-05,7,15.04,15.19,14.63,15.37,14.53,15.07,16.05,16.37,13.96,14.46
2025-02-05T08:00,2025-02-05,8,17.15,17.42,17.65,17.74,16.25,17.04,18.01,18.67,15.94,15.81
2025-02-05T09:00,2025-02-05,9,20.18,20.59,21.26,20.65,19.11,19.68,21.01,21.68,19.17,18.31
2025-02-05T10:00,2025-02-05,10,22.65,23.05,23.87,22.92,21.51,21.98,23.56,24.03,21.86,20.82
2025-02-05T11:00,2025-02-05,11,24.33,24.7,25.56,24.48,23.33,23.59,25.21,25.45,23.6,22.81
2025-02-05T12:00,2025-02-05,12,25.48,25.8,26.45,25.6,24.47,24.85,26.53,26.56,24.68,24.13
2025-02-05T13:00,2025-02-05,13,26.24,26.58,26.9,26.29,25.38,25.6,27.38,27.39,25.44,25.0
2025-02-05T14:00,2025-02-05,14,26.63,27.04,26.93,26.58,25.94,25.91,27.73,27.9,25.84,25.46
2025-02-05T15:00,2025-02-05,15,26.68,27.16,26.7,26.66,25.88,25.79,27.74,28.04,25.98,25.6
2025-02-05T16:00,2025-02-05,16,26.27,26.73,26.05,26.41,25.29,25.18,27.34,27.78,25.78,25.22
2025-02-05T17:00,2025-02-05,17,24.85,25.28,24.22,25.15,23.74,23.48,26.17,26.28,24.56,23.81
2025-02-05T18:00,2025-02-05,18,22.41,22.82,21.5,22.84,21.36,21.31,23.81,23.57,22.1,21.34
2025-02-05T19:00,2025-02-05,19,21.5,21.93,20.92,21.72,20.73,20.63,22.88,22.34,20.83,20.61
2025-02-05T20:00,2025-02-05,20,20.6,21.0,20.31,20.76,19.92,19.9,21.84,21.29,19.96,19.68
2025-02-05T21:00,2025-02-05,21,19.87,20.25,20.04,19.77,19.07,19.46,20.88,20.78,19.19,19.01
2025-02-05T22:00,2025-02-05,22,19.31,19.67,19.45,19.16,18.53,19.09,20.39,20.22,18.53,18.48
2025-02-05T23:00,2025-02-05,23,18.68,18.95,19.03,18.59,17.77,18.36,19.78,19.46,18.04,17.93
2025-02-06T00:00,2025-02-06,0,18.22,18.34,18.78,18.31,17.23,17.69,19.18,19.19,17.66,17.58
2025-02-06T01:00,2025-02-06,1,17.86,18.03,18.21,17.8,16.85,17.15,18.84,19.08,17.36,17.35
2025-02-06T02:00,2025-02-06,2,17.57,17.76,17.19,17.36,16.57,16.74,18.6,19.36,17.31,17.2
2025-02-06T03:00,2025-02-06,3,17.31,17.46,16.58,17.02,16.24,16.35,18.45,19.6,17.16,16.97
2025-02-06T04:00,2025-02-06,4,17.12,17.28,16.0,16.89,15.99,16.1,18.26,19.81,17.03,16.86
2025-02-06T05:00,2025-02-06,5,16.95,17.02,15.8,16.79,15.72,15.89,18.24,19.65,16.9,16.8
2025-02-06T06:00,2025-02-06,6,16.78,16.72,15.83,16.67,15.39,15.8,18.13,19.63,16.67,16.67
2025-02-06T07:00,2025-02-06,7,17.06,16.88,16.64,17.73,15.67,16.12,18.43,20.21,16.57,16.17
2025-02-06T08:00,2025-02-06,8,18.99,19.11,19.77,19.43,17.7,18.31,20.14,20.45,18.56,17.48
2025-02-06T09:00,2025-02-06,9,21.52,22.1,23.26,21.57,20.36,20.77,22.6,21.31,21.16,19.36
2025-02-06T10:00,2025-02-06,10,23.88,24.64,25.75,24.41,22.65,22.8,24.87,23.75,23.37,21.09
2025-02-06T11:00,2025-02-06,11,25.58,26.4,27.48,26.6,24.23,24.31,26.5,26.18,24.61,22.48
2025-02-06T12:00,2025-02-06,12,26.74,27.56,28.68,27.83,25.42,25.52,27.55,27.84,25.52,23.55
2025-02-06T13:00,2025-02-06,13,27.45,28.27,29.23,28.44,26.37,26.3,28.2,28.62,26.18,24.45
2025-02-06T14:00,2025-02-06,14,27.79,28.56,29.21,28.75,26.86,26.7,28.44,29.06,26.48,25.13
2025-02-06T15:00,2025-02-06,15,27.68,28.4,28.93,28.66,26.7,26.6,28.33,29.17,26.43,25.13
2025-02-06T16:00,2025-02-06,16,27.11,27.77,28.17,28.07,26.13,26.09,27.82,28.78,25.89,24.61
2025-02-06T17:00,2025-02-06,17,25.37,25.88,26.39,26.29,24.17,24.54,26.5,27.25,24.04,23.05
2025-02-06T18:00,2025-02-06,18,22.54,22.72,23.78,23.9,21.05,21.94,23.75,24.74,20.88,20.5
2025-02-06T19:00,2025-02-06,19,21.37,21.5,22.29,22.62,19.92,21.22,22.57,23.35,19.68,19.74
2025-02-06T20:00,2025-02-06,20,20.33,20.47,21.16,21.31,18.98,20.36,21.56,22.03,18.66,18.89
2025-02-06T21:00,2025-02-06,21,19.43,19.51,20.54,20.33,18.12,19.52,20.56,21.27,17.7,18.14
2025-02-06T22:00,2025-02-06,22,18.71,18.59,20.19,19.74,17.55,18.78,19.71,20.49,17.13,17.32
2025-02-06T23:00,2025-02-06,23,17.98,17.74,19.49,18.91,17.0,18.11,18.95,19.81,16.5,16.72
2025-02-07T00:00,2025-02-07,0,17.36,17.27,19.23,17.98,16.51,17.58,18.19,19.15,15.63,16.1
2025-02-07T01:00,2025-02-07,1,16.85,17.09,18.71,17.12,15.81,17.17,17.71,18.59,14.92,15.41
2025-02-07T02:00,2025-02-07,2,16.21,16.41,18.19,16.52,14.7,16.59,17.03,17.96,14.52,14.82
2025-02-07T03:00,2025-02-07,3,15.58,15.53,17.89,16.05,13.72,16.08,16.15,17.77,14.07,14.3
2025-02-07T04:00,2025-02-07,4,14.9,14.5,17.46,15.56,13.1,15.55,15.26,17.52,13.59,13.8
2025-02-07T05:00,2025-02-07,5,14.31,13.6,16.83,15.14,12.63,15.01,14.61,17.44,13.05,13.4
2025-02-07T06:00,2025-02-07,6,13.75,12.93,16.03,14.73,12.23,14.54,14.01,16.9,12.53,12.94
2025-02-07T07:00,2025-02-07,7,14.02,13.25,16.28,15.01,12.73,15.15,14.3,16.67,12.65,13.16
2025-02-07T08:00,2025-02-07,8,16.25,15.96,18.97,17.26,15.13,16.6,16.4,18.16,14.88,14.69
2025-02-07T09:00,2025-02-07,9,18.92,19.03,22.4,19.61,17.84,18.32,19.15,20.27,17.66,16.75
2025-02-07T10:00,2025-02-07,10,21.13,21.44,25.03,21.78,19.95,20.41,21.31,22.43,19.78,18.51
2025-02-07T11:00,2025-02-07,11,22.67,22.89,26.65,23.43,21.61,22.2,22.66,23.96,21.31,20.02
2025-02-07T12:00,2025-02-07,12,23.78,23.98,27.49,24.67,22.63,23.5,23.66,25.11,22.41,21.28
2025-02-07T13:00,2025-02-07,13,24.48,24.67,27.92,25.43,23.35,24.16,24.34,25.88,23.07,22.21
2025-02-07T14:00,2025-02-07,14,24.82,24.98,27.95,25.75,23.84,24.31,24.74,26.26,23.48,22.73
2025-02-07T15:00,2025-02-07,15,24.78,24.97,27.48,25.67,23.82,24.25,24.85,26.2,23.53,22.77
2025-02-07T16:00,2025-02-07,16,24.27,24.51,26.49,25.08,23.45,23.66,24.55,25.57,23.16,22.28
2025-02-07T17:00,2025-02-07,17,22.58,22.81,24.1,23.24,21.64,21.68,23.34,23.74,21.65,20.98
2025-02-07T18:00,2025-02-07,18,19.75,19.79,20.93,20.61,18.68,19.2,20.68,20.98,18.8,18.34
2025-02-07T19:00,2025-02-07,19,18.76,18.74,19.75,19.6,17.74,18.46,19.74,19.8,17.94,17.42
2025-02-07T20:00,2025-02-07,20,17.69,17.68,18.49,18.4,16.58,17.6,18.74,18.59,16.84,16.58
2025-02-07T21:00,2025-02-07,21,16.74,16.85,17.49,17.21,15.6,16.88,17.72,17.5,15.79,15.78
2025-02-07T22:00,2025-02-07,22,15.99,16.12,16.65,16.37,15.05,16.41,16.91,16.79,14.85,15.06
2025-02-07T23:00,2025-02-07,23,15.39,15.41,16.14,15.83,14.5,16.09,16.29,16.39,14.22,14.39
2025-02-08T00:00,2025-02-08,0,14.83,14.82,15.33,15.28,14.05,15.66,15.78,16.04,13.67,13.74
2025-02-08T01:00,2025-02-08,1,14.2,14.14,14.63,14.64,13.07,15.09,15.35,15.71,13.0,13.15
2025-02-08T02:00,2025-02-08,2,13.57,13.43,14.18,13.93,12.4,14.4,14.8,15.25,12.35,12.68
2025-02-08T03:00,2025-02-08,3,13.08,12.78,13.9,13.48,12.19,13.58,14.35,14.87,11.91,12.18
2025-02-08T04:00,2025-02-08,4,12.64,12.33,13.59,12.97,12.24,12.7,13.67,14.63,11.52,11.77
2025-02-08T05:00,2025-02-08,5,12.27,11.94,13.26,12.51,11.96,12.21,13.23,14.46,11.24,11.43
2025-02-08T06:00,2025-02-08,6,11.96,11.66,12.99,12.2,11.27,11.95,12.93,14.25,10.98,11.1
2025-02-08T07:00,2025-02-08,7,12.23,11.98,13.37,12.55,11.35,12.23,13.13,14.38,11.05,11.59
2025-02-08T08:00,2025-02-08,8,14.77,14.65,16.37,15.48,13.84,14.49,15.55,17.3,13.34,13.4
2025-02-08T09:00,2025-02-08,9,18.03,18.2,19.93,18.86,16.97,17.48,18.86,20.14,16.45,16.14
2025-02-08T10:00,2025-02-08,10,20.74,21.08,22.92,21.64,19.64,20.03,21.56,22.62,18.89,18.69
2025-02-08T11:00,2025-02-08,11,22.44,22.69,24.55,23.47,21.48,21.84,23.04,24.09,20.65,20.62
2025-02-08T12:00,2025-02-08,12,23.51,23.76,25.67,24.43,22.52,23.06,23.98,24.95,21.77,21.94
2025-02-08T13:00,2025-02-08,13,24.19,24.46,26.38,24.98,23.17,23.74,24.53,25.61,22.44,22.81
2025-02-08T14:00,2025-02-08,14,24.53,24.84,26.64,25.26,23.47,23.97,24.73,25.95,22.9,23.28
2025-02-08T15:00,2025-02-08,15,24.48,24.78,26.42,25.18,23.53,23.92,24.58,25.81,22.96,23.37
2025-02-08T16:00,2025-02-08,16,23.95,24.13,25.66,24.67,23.12,23.39,24.06,25.18,22.58,23.08
2025-02-08T17:00,2025-02-08,17,22.23,22.28,23.26,22.9,21.34,21.49,22.75,23.26,21.28,21.7
2025-02-08T18:00,2025-02-08,18,19.36,19.31,20.02,20.01,18.48,18.81,19.88,20.01,18.72,19.09
2025-02-08T19:00,2025-02-08,19,18.48,18.58,19.02,18.82,17.62,18.1,19.0,18.85,17.88,18.25
2025-02-08T20:00,2025-02-08,20,17.48,17.62,17.96,17.76,16.38,17.41,18.08,17.91,16.79,17.25
2025-02-08T21:00,2025-02-08,21,16.69,16.77,17.07,16.87,15.59,16.83,17.22,17.03,16.05,16.72
2025-02-08T22:00,2025-02-08,22,15.99,16.04,16.13,16.09,15.01,16.09,16.67,16.49,15.27,16.2
2025-02-08T23:00,2025-02-08,23,15.4,15.29,15.56,15.46,14.45,15.51,16.24,16.11,14.67,15.68
2025-02-09T00:00,2025-02-09,0,14.79,14.54,14.86,14.82,14.05,15.18,15.61,15.38,14.16,15.19
2025-02-09T01:00,2025-02-09,1,14.27,14.01,14.52,14.25,13.85,14.64,14.97,14.58,13.56,14.74
2025-02-09T02:00,2025-02-09,2,13.8,13.52,14.28,13.69,13.63,14.03,14.39,14.14,13.03,14.34
2025-02-09T03:00,2025-02-09,3,13.35,13.07,13.76,13.31,13.34,13.48,13.87,13.83,12.55,13.91
2025-02-09T04:00,2025-02-09,4,12.9,12.65,13.03,12.82,12.9,13.0,13.45,13.6,12.06,13.5
2025-02-09T05:00,2025-02-09,5,12.56,12.35,12.5,12.47,12.47,12.78,13.11,13.46,11.68,13.15
2025-02-09T06:00,2025-02-09,6,12.26,12.09,11.99,12.2,12.28,12.52,12.83,13.22,11.42,12.72
2025-02-09T07:00,2025-02-09,7,12.65,12.54,12.49,12.61,12.75,12.67,13.13,13.48,11.92,12.94
2025-02-09T08:00,2025-02-09,8,15.17,15.24,15.42,15.58,14.86,14.89,15.66,16.51,14.16,14.73
2025-02-09T09:00,2025-02-09,9,18.13,18.34,18.95,18.64,17.42,17.49,18.82,19.45,17.0,17.19
2025-02-09T10:00,2025-02-09,10,20.68,21.02,21.98,21.09,19.7,19.71,21.36,21.81,19.53,19.73
2025-02-09T11:00,2025-02-09,11,22.47,22.67,24.0,22.63,21.58,21.52,23.0,23.43,21.47,21.92
2025-02-09T12:00,2025-02-09,12,23.66,23.81,25.08,23.67,22.94,22.83,24.05,24.66,22.71,23.42
2025-02-09T13:00,2025-02-09,13,24.4,24.57,25.71,24.42,23.68,23.52,24.66,25.51,23.4,24.26
2025-02-09T14:00,2025-02-09,14,24.83,25.03,25.94,24.9,24.11,23.96,25.0,26.01,23.85,24.78
2025-02-09T15:00,2025-02-09,15,24.85,25.04,25.68,25.03,24.21,23.9,25.02,25.96,23.91,24.9
2025-02-09T16:00,2025-02-09,16,24.38,24.58,24.81,24.57,23.89,23.43,24.61,25.35,23.55,24.51
2025-02-09T17:00,2025-02-09,17,22.86,23.06,22.69,23.04,22.37,21.81,23.42,23.54,22.33,22.96
2025-02-09T18:00,2025-02-09,18,20.17,20.39,19.52,20.44,19.52,19.61,20.76,20.51,19.54,20.61
2025-02-09T19:00,2025-02-09,19,19.44,19.69,18.66,19.93,19.02,18.87,20.1,19.66,18.56,19.78
2025-02-09T20:00,2025-02-09,20,18.37,18.51,17.81,18.45,18.14,18.09,19.29,18.44,17.67,18.57
2025-02-09T21:00,2025-02-09,21,17.56,17.51,17.43,17.57,17.38,17.55,18.5,17.65,16.91,17.68
2025-02-09T22:00,2025-02-09,22,16.89,16.81,16.83,16.93,16.53,16.99,17.85,17.26,16.29,16.85
2025-02-09T23:00,2025-02-09,23,16.32,16.22,16.19,16.38,16.08,16.51,17.28,17.01,15.67,16.1
2025-02-10T00:00,2025-02-10,0,15.78,15.81,15.57,15.91,15.58,16.04,16.56,16.63,15.0,15.39
2025-02-10T01:00,2025-02-10,1,15.24,15.42,15.0,15.45,14.81,15.27,15.74,16.14,14.51,14.89
2025-02-10T02:00,2025-02-10,2,14.79,15.03,14.33,15.05,14.48,14.64,15.4,15.75,13.98,14.44
2025-02-10T03:00,2025-02-10,3,14.42,14.7,13.77,14.67,14.18,14.2,15.15,15.31,13.53,14.11
2025-02-10T04:00,2025-02-10,4,14.04,14.38,13.43,14.05,13.94,13.97,14.62,14.86,13.26,13.7
2025-02-10T05:00,2025-02-10,5,13.65,13.82,13.15,13.63,13.72,13.63,14.22,14.49,13.0,13.33
2025-02-10T06:00,2025-02-10,6,13.21,13.13,12.89,13.12,13.18,13.47,13.88,14.27,12.67,13.0
2025-02-10T07:00,2025-02-10,7,13.29,13.01,13.15,12.85,13.25,13.39,14.28,14.39,12.91,13.42
2025-02-10T08:00,2025-02-10,8,15.89,15.79,16.64,16.0,15.52,15.42,16.78,16.97,15.33,15.22
2025-02-10T09:00,2025-02-10,9,19.36,19.51,20.74,19.88,18.33,18.2,20.23,20.71,18.78,17.83
2025-02-10T10:00,2025-02-10,10,22.04,22.2,23.73,22.61,20.68,20.68,22.96,23.65,21.45,20.36
2025-02-10T11:00,2025-02-10,11,23.85,24.11,25.41,24.39,22.49,22.43,24.8,25.34,23.2,22.18
2025-02-10T12:00,2025-02-10,12,25.1,25.44,26.56,25.59,23.65,23.66,26.17,26.52,24.32,23.51
2025-02-10T13:00,2025-02-10,13,25.89,26.34,27.17,26.29,24.42,24.34,27.05,27.36,25.01,24.38
2025-02-10T14:00,2025-02-10,14,26.29,26.84,27.38,26.6,24.77,24.58,27.52,27.86,25.43,24.76
2025-02-10T15:00,2025-02-10,15,26.34,26.96,27.25,26.64,24.78,24.4,27.58,27.99,25.53,24.84
2025-02-10T16:00,2025-02-10,16,25.93,26.55,26.51,26.3,24.54,23.94,27.16,27.62,25.2,24.47
2025-02-10T17:00,2025-02-10,17,24.35,24.95,24.15,24.56,23.16,22.32,25.74,25.68,23.84,23.34
2025-02-10T18:00,2025-02-10,18,21.54,21.96,20.88,22.0,20.98,20.0,22.91,22.71,20.82,20.68
2025-02-10T19:00,2025-02-10,19,20.46,20.93,20.0,20.75,19.96,19.1,21.68,21.02,19.72,19.8
2025-02-10T20:00,2025-02-10,20,19.4,19.82,19.46,19.2,18.64,18.14,20.79,20.05,18.55,19.04
2025-02-10T21:00,2025-02-10,21,18.55,18.89,18.79,18.15,17.98,17.55,19.94,19.36,17.78,18.06
2025-02-10T22:00,2025-02-10,22,17.99,18.27,18.01,17.83,17.55,17.04,19.27,18.93,17.24,17.45
2025-02-10T23:00,2025-02-10,23,17.48,17.53,17.6,17.67,16.56,16.77,18.87,18.89,16.71,16.9
2025-02-11T00:00,2025-02-11,0,16.97,17.04,17.3,16.89,15.77,16.15,18.48,18.83,16.21,16.38
2025-02-11T01:00,2025-02-11,1,16.46,16.69,16.23,16.35,15.11,15.52,18.24,18.53,15.67,15.75
2025-02-11T02:00,2025-02-11,2,16.03,16.28,15.18,16.03,14.64,15.28,18.12,18.42,15.17,15.2
2025-02-11T03:00,2025-02-11,3,15.65,15.87,14.47,15.77,14.21,14.9,18.03,18.24,14.71,14.7
2025-02-11T04:00,2025-02-11,4,15.39,15.86,13.86,15.83,13.92,14.52,17.86,17.98,14.12,14.17
2025-02-11T05:00,2025-02-11,5,15.22,15.84,13.66,15.74,13.83,14.22,17.88,17.81,13.61,13.77
2025-02-11T06:00,2025-02-11,6,15.14,15.89,13.62,15.84,13.7,13.91,17.81,17.67,13.29,13.54
2025-02-11T07:00,2025-02-11,7,16.06,16.88,14.43,17.38,14.46,14.6,19.31,19.24,13.37,14.07
2025-02-11T08:00,2025-02-11,8,18.05,18.86,17.94,18.99,16.35,16.92,20.62,20.39,15.73,15.77
2025-02-11T09:00,2025-02-11,9,20.39,20.79,21.92,20.5,18.89,19.4,22.24,22.39,19.07,18.32
2025-02-11T10:00,2025-02-11,10,22.64,22.62,24.77,22.73,21.27,21.6,24.02,24.91,21.97,20.75
2025-02-11T11:00,2025-02-11,11,24.42,23.89,26.62,25.03,23.05,23.46,25.81,26.91,24.01,22.71
2025-02-11T12:00,2025-02-11,12,25.71,25.08,27.62,26.48,24.47,24.56,27.21,28.22,25.32,24.11
2025-02-11T13:00,2025-02-11,13,26.65,26.36,28.24,27.13,25.53,25.28,28.12,28.9,26.2,25.05
2025-02-11T14:00,2025-02-11,14,27.24,27.48,28.28,27.53,26.2,25.68,28.64,29.12,26.64,25.49
2025-02-11T15:00,2025-02-11,15,27.39,27.91,27.81,27.73,26.39,25.87,28.74,28.85,26.73,25.61
2025-02-11T16:00,2025-02-11,16,26.97,27.7,26.7,27.41,25.96,25.49,28.41,28.22,26.25,25.24
2025-02-11T17:00,2025-02-11,17,25.52,26.34,25.01,25.94,24.09,24.19,27.25,26.8,24.54,23.89
2025-02-11T18:00,2025-02-11,18,22.77,23.33,22.48,23.43,21.51,21.66,24.61,24.31,21.61,21.14
2025-02-11T19:00,2025-02-11,19,21.78,22.39,21.89,22.7,20.08,20.83,23.37,23.38,20.42,20.02
2025-02-11T20:00,2025-02-11,20,20.81,21.26,21.25,21.89,18.79,20.34,22.24,22.6,19.51,18.95
2025-02-11T21:00,2025-02-11,21,20.01,20.25,20.77,21.29,17.96,19.72,21.32,22.24,18.71,17.95
2025-02-11T22:00,2025-02-11,22,19.38,19.49,20.34,21.0,17.69,19.22,20.8,21.9,17.81,16.82
2025-02-11T23:00,2025-02-11,23,18.85,19.01,19.77,20.88,16.82,18.68,20.34,21.56,17.09,16.09
2025-02-12T00:00,2025-02-12,0,18.44,18.77,19.23,20.65,16.11,18.32,19.98,21.27,16.46,15.49
2025-02-12T01:00,2025-02-12,1,18.01,18.19,18.72,20.46,15.69,17.78,19.81,21.01,15.8,15.16
2025-02-12T02:00,2025-02-12,2,17.75,18.0,18.34,20.21,15.3,17.37,19.7,20.94,15.48,14.84
2025-02-12T03:00,2025-02-12,3,17.46,17.87,17.81,20.0,14.8,17.11,19.7,20.81,14.92,14.35
2025-02-12T04:00,2025-02-12,4,17.27,17.71,17.44,20.26,14.49,16.83,19.47,20.88,14.57,13.94
2025-02-12T05:00,2025-02-12,5,17.08,17.35,17.15,20.5,14.23,17.38,19.02,21.08,14.25,13.55
2025-02-12T06:00,2025-02-12,6,16.95,17.17,16.76,20.64,14.47,17.77,18.8,21.12,13.81,13.23
2025-02-12T07:00,2025-02-12,7,17.93,19.13,17.76,21.09,15.54,17.79,19.52,21.84,13.86,14.28
2025-02-12T08:00,2025-02-12,8,19.06,19.92,19.88,21.33,17.32,18.23,20.59,22.32,16.43,15.19
2025-02-12T09:00,2025-02-12,9,20.84,21.11,23.17,22.35,19.46,18.71,22.23,23.8,19.99,16.97
2025-02-12T10:00,2025-02-12,10,23.07,23.18,25.56,24.48,21.5,20.03,24.2,25.77,23.08,19.7
2025-02-12T11:00,2025-02-12,11,24.98,25.21,27.15,26.14,23.18,21.37,26.25,27.21,25.33,22.05
2025-02-12T12:00,2025-02-12,12,26.38,26.79,28.24,27.08,24.89,22.57,27.73,28.24,26.75,23.75
2025-02-12T13:00,2025-02-12,13,27.33,27.92,28.53,27.78,26.3,23.93,28.54,28.95,27.56,24.94
2025-02-12T14:00,2025-02-12,14,27.78,28.54,27.84,28.03,27.12,25.27,28.99,28.82,27.88,25.66
2025-02-12T15:00,2025-02-12,15,27.8,28.64,27.35,27.94,27.37,25.72,29.12,28.15,27.87,25.9
2025-02-12T16:00,2025-02-12,16,27.36,28.36,26.87,27.42,26.92,25.37,28.87,26.59,27.31,25.63
2025-02-12T17:00,2025-02-12,17,25.97,27.06,25.66,26.24,24.8,24.03,27.85,25.53,25.45,24.16
2025-02-12T18:00,2025-02-12,18,23.42,24.42,23.33,24.19,21.76,21.73,25.25,24.01,22.44,21.27
2025-02-12T19:00,2025-02-12,19,22.26,23.15,22.71,22.43,21.07,20.89,23.95,22.56,21.32,20.37
2025-02-12T20:00,2025-02-12,20,21.3,21.92,22.07,21.88,20.01,19.94,22.9,22.1,20.15,19.54
2025-02-12T21:00,2025-02-12,21,20.57,20.95,21.73,21.34,19.03,19.35,21.95,22.25,19.31,18.88
2025-02-12T22:00,2025-02-12,22,19.9,20.17,20.92,21.02,18.23,18.63,21.45,22.08,18.57,17.94
2025-02-12T23:00,2025-02-12,23,19.51,20.05,20.62,20.79,17.26,18.6,21.0,22.06,17.83,17.07
2025-02-13T00:00,2025-02-13,0,19.11,19.74,19.9,20.54,16.65,18.32,20.61,22.01,17.49,16.33
2025-02-13T01:00,2025-02-13,1,18.84,19.43,19.67,20.25,16.54,18.09,20.33,21.88,17.34,15.85
2025-02-13T02:00,2025-02-13,2,18.6,19.24,19.69,19.86,16.15,17.83,20.03,21.9,17.12,15.4
2025-02-13T03:00,2025-02-13,3,18.46,19.17,19.95,19.97,15.59,17.51,19.86,22.26,16.78,14.95
2025-02-13T04:00,2025-02-13,4,18.42,19.29,20.22,20.17,14.9,16.86,20.02,22.55,16.61,14.6
2025-02-13T05:00,2025-02-13,5,18.57,19.66,20.49,20.76,14.67,16.83,20.26,22.74,16.45,14.21
2025-02-13T06:00,2025-02-13,6,18.65,19.79,20.51,21.04,14.7,17.53,20.31,22.79,16.4,13.84
2025-02-13T07:00,2025-02-13,7,19.45,20.69,20.36,21.52,17.09,19.47,20.73,22.54,16.81,15.05
2025-02-13T08:00,2025-02-13,8,20.42,21.02,21.63,22.12,18.3,19.97,21.67,23.5,18.72,16.9
2025-02-13T09:00,2025-02-13,9,21.93,21.72,23.92,22.9,20.0,21.04,23.27,25.07,21.24,19.47
2025-02-13T10:00,2025-02-13,10,23.94,23.77,25.81,24.53,22.0,22.32,25.38,26.79,23.91,21.71
2025-02-13T11:00,2025-02-13,11,25.73,25.82,27.3,26.15,24.12,23.84,27.07,27.86,25.91,23.38
2025-02-13T12:00,2025-02-13,12,26.98,27.49,28.35,26.61,25.72,25.24,28.22,28.61,27.12,24.71
2025-02-13T13:00,2025-02-13,13,27.78,28.78,28.95,27.47,26.73,26.11,28.91,27.46,27.68,25.55
2025-02-13T14:00,2025-02-13,14,27.99,29.12,28.2,27.94,27.22,25.83,29.11,28.34,27.81,25.83
2025-02-13T15:00,2025-02-13,15,27.94,29.17,27.71,27.62,27.32,26.47,29.11,28.47,27.57,25.64
2025-02-13T16:00,2025-02-13,16,27.38,28.71,26.86,27.21,26.85,25.93,28.77,27.56,26.88,24.99
2025-02-13T17:00,2025-02-13,17,25.99,27.31,25.74,26.04,25.03,24.53,27.49,26.82,25.1,23.44
2025-02-13T18:00,2025-02-13,18,23.59,24.72,24.11,24.35,22.45,21.9,24.83,25.15,22.26,20.82
2025-02-13T19:00,2025-02-13,19,22.58,23.61,23.28,22.77,21.73,21.13,23.81,23.46,21.62,20.17
2025-02-13T20:00,2025-02-13,20,21.73,22.55,22.76,22.19,20.79,20.24,22.83,23.09,20.62,19.38
2025-02-13T21:00,2025-02-13,21,20.95,21.59,22.45,21.92,19.27,19.55,22.1,23.0,19.36,18.73
2025-02-13T22:00,2025-02-13,22,20.3,20.66,22.21,21.61,18.64,18.98,21.44,22.65,18.31,18.33
2025-02-13T23:00,2025-02-13,23,19.71,19.89,21.96,21.41,17.7,18.71,20.56,22.59,17.51,17.77
2025-02-14T00:00,2025-02-14,0,19.07,19.1,22.0,21.04,16.5,18.35,19.93,22.55,16.71,16.73
2025-02-14T01:00,2025-02-14,1,18.55,18.66,22.0,20.84,15.82,18.2,19.28,22.24,15.59,15.84
2025-02-14T02:00,2025-02-14,2,17.91,17.82,21.37,20.49,15.4,17.99,18.37,22.08,14.96,14.96
2025-02-14T03:00,2025-02-14,3,17.37,16.95,21.16,20.34,14.72,17.98,17.77,22.14,14.25,14.27
2025-02-14T04:00,2025-02-14,4,16.79,15.98,20.97,20.4,13.88,17.65,17.08,21.8,13.58,13.8
2025-02-14T05:00,2025-02-14,5,16.16,15.03,20.88,19.82,13.23,17.35,16.38,20.93,13.2,13.17
2025-02-14T06:00,2025-02-14,6,15.65,14.49,20.82,18.89,12.7,17.15,15.91,20.04,12.77,12.75
2025-02-14T07:00,2025-02-14,7,16.56,15.78,20.94,19.1,14.21,18.32,16.77,20.17,13.83,13.83
2025-02-14T08:00,2025-02-14,8,18.27,18.08,21.37,20.07,16.6,19.0,18.7,20.89,16.21,15.53
2025-02-14T09:00,2025-02-14,9,20.57,20.97,22.22,21.95,19.27,20.3,21.19,22.67,19.02,17.82
2025-02-14T10:00,2025-02-14,10,22.56,23.17,23.65,23.79,21.46,21.99,23.25,24.4,21.22,19.8
2025-02-14T11:00,2025-02-14,11,24.13,24.71,26.18,25.03,22.96,23.37,24.76,25.66,22.76,21.42
2025-02-14T12:00,2025-02-14,12,25.15,25.76,27.23,25.97,23.99,24.22,25.75,26.47,23.83,22.66
2025-02-14T13:00,2025-02-14,13,25.82,26.36,27.85,26.78,24.56,24.7,26.36,27.1,24.57,23.57
2025-02-14T14:00,2025-02-14,14,26.14,26.62,28.21,27.2,24.83,24.77,26.7,27.46,24.87,24.03
2025-02-14T15:00,2025-02-14,15,26.12,26.55,28.14,27.34,24.75,24.52,26.72,27.52,24.93,24.07
2025-02-14T16:00,2025-02-14,16,25.64,26.0,27.39,26.94,24.22,23.93,26.4,27.07,24.62,23.63
2025-02-14T17:00,2025-02-14,17,24.09,24.46,25.64,25.19,22.49,22.4,25.19,25.7,23.13,22.07
2025-02-14T18:00,2025-02-14,18,21.3,21.64,22.82,22.13,19.58,20.2,22.4,23.12,20.35,19.21
2025-02-14T19:00,2025-02-14,19,20.29,20.55,21.97,21.0,18.75,19.15,21.19,22.21,19.37,18.46
2025-02-14T20:00,2025-02-14,20,19.26,19.36,21.28,19.68,17.88,18.5,20.24,21.4,18.22,17.5
2025-02-14T21:00,2025-02-14,21,18.43,18.55,20.85,18.73,17.26,17.9,19.47,20.23,17.08,16.59
2025-02-14T22:00,2025-02-14,22,17.79,17.96,20.41,18.17,16.72,17.26,18.86,19.51,16.26,15.7
2025-02-14T23:00,2025-02-14,23,17.1,17.18,19.69,17.81,16.06,16.4,17.99,19.04,15.63,15.0
2025-02-15T00:00,2025-02-15,0,16.41,16.44,19.01,17.17,14.77,15.83,17.36,18.53,14.99,14.53
2025-02-15T01:00,2025-02-15,1,15.8,15.66,18.3,16.57,14.03,15.23,17.02,18.36,14.33,13.98
2025-02-15T02:00,2025-02-15,2,15.2,15.0,17.63,15.75,13.82,14.78,16.52,17.84,13.7,13.4
2025-02-15T03:00,2025-02-15,3,14.73,14.61,17.14,15.17,13.69,14.57,15.91,17.21,13.07,12.92
2025-02-15T04:00,2025-02-15,4,14.26,14.16,16.63,14.59,13.35,13.86,15.45,16.81,12.71,12.42
2025-02-15T05:00,2025-02-15,5,13.96,13.91,16.11,14.2,12.86,13.46,15.28,16.34,12.56,12.22
2025-02-15T06:00,2025-02-15,6,13.68,13.59,16.16,13.83,12.57,13.07,14.92,15.82,12.28,12.16
2025-02-15T07:00,2025-02-15,7,14.26,14.04,17.05,14.47,13.0,13.64,15.45,16.49,13.12,12.55
2025-02-15T08:00,2025-02-15,8,16.85,17.03,18.88,17.57,15.85,16.2,17.78,19.1,15.58,14.41
2025-02-15T09:00,2025-02-15,9,20.13,20.67,21.69,21.23,18.8,19.05,20.97,22.1,19.16,17.17
2025-02-15T10:00,2025-02-15,10,22.87,23.53,24.96,24.11,21.36,21.56,23.57,24.45,21.97,19.51
2025-02-15T11:00,2025-02-15,11,24.59,25.24,26.73,25.63,23.19,23.27,25.46,25.91,23.62,21.46
2025-02-15T12:00,2025-02-15,12,25.7,26.37,27.64,26.54,24.42,24.46,26.66,26.88,24.62,22.86
2025-02-15T13:00,2025-02-15,13,26.46,27.21,28.23,27.21,25.14,25.28,27.41,27.61,25.35,23.74
2025-02-15T14:00,2025-02-15,14,26.83,27.64,28.47,27.51,25.44,25.72,27.71,28.02,25.64,24.21
2025-02-15T15:00,2025-02-15,15,26.74,27.57,28.11,27.42,25.39,25.46,27.63,28.06,25.61,24.28
2025-02-15T16:00,2025-02-15,16,26.19,27.02,27.12,26.81,24.98,24.59,27.17,27.74,25.18,23.87
2025-02-15T17:00,2025-02-15,17,24.59,25.46,24.74,25.14,23.51,22.55,25.87,26.31,23.77,22.47
2025-02-15T18:00,2025-02-15,18,21.85,22.56,21.68,22.58,20.89,20.08,23.43,23.52,20.83,19.84
2025-02-15T19:00,2025-02-15,19,20.72,21.26,21.02,21.49,19.21,19.39,22.52,22.02,19.63,18.88
2025-02-15T20:00,2025-02-15,20,19.67,20.12,20.49,20.38,18.28,18.48,21.46,20.7,18.32,17.99
2025-02-15T21:00,2025-02-15,21,18.83,19.04,19.53,19.61,17.69,17.95,20.55,20.1,17.62,17.24
2025-02-15T22:00,2025-02-15,22,18.0,18.14,18.69,18.92,16.99,17.53,19.28,19.21,16.98,16.31
2025-02-15T23:00,2025-02-15,23,17.37,17.51,18.17,18.19,16.15,17.05,18.56,18.93,16.35,15.7
2025-02-16T00:00,2025-02-16,0,16.82,16.93,18.04,17.38,15.37,16.45,17.98,18.72,15.81,15.2
2025-02-16T01:00,2025-02-16,1,16.32,16.54,18.0,16.6,14.82,15.78,17.5,18.69,15.02,14.55
2025-02-16T02:00,2025-02-16,2,15.85,16.01,17.1,16.17,14.52,15.44,17.16,18.71,14.45,14.11
2025-02-16T03:00,2025-02-16,3,15.4,15.46,15.97,15.91,14.21,14.95,16.94,18.69,13.86,13.8
2025-02-16T04:00,2025-02-16,4,14.98,15.05,15.32,15.54,13.87,14.36,16.7,18.36,13.53,13.24
2025-02-16T05:00,2025-02-16,5,14.61,14.64,15.04,15.17,13.35,13.71,16.44,18.18,13.27,12.86
2025-02-16T06:00,2025-02-16,6,14.41,14.38,15.11,14.9,13.21,13.45,16.31,17.92,13.07,12.61
2025-02-16T07:00,2025-02-16,7,15.07,15.08,16.04,15.97,13.6,14.12,16.85,18.65,13.3,13.27
2025-02-16T08:00,2025-02-16,8,17.7,17.98,19.47,18.98,16.08,16.59,18.94,20.86,15.76,15.35
2025-02-16T09:00,2025-02-16,9,20.9,21.36,23.21,22.12,18.94,19.46,21.84,23.39,19.66,18.01
2025-02-16T10:00,2025-02-16,10,23.48,24.21,25.86,24.62,21.44,21.77,24.31,25.54,22.42,20.31
2025-02-16T11:00,2025-02-16,11,25.43,26.36,27.36,26.59,23.47,23.51,26.3,27.36,24.35,22.16
2025-02-16T12:00,2025-02-16,12,26.77,27.87,28.35,27.82,24.75,24.83,27.79,28.66,25.68,23.47
2025-02-16T13:00,2025-02-16,13,27.57,28.69,28.95,28.28,25.6,25.82,28.82,29.18,26.52,24.4
2025-02-16T14:00,2025-02-16,14,27.92,29.08,28.66,28.51,26.14,26.25,29.27,29.5,26.94,24.93
2025-02-16T15:00,2025-02-16,15,27.96,29.09,27.85,28.82,26.38,26.29,29.38,29.6,27.05,25.17
2025-02-16T16:00,2025-02-16,16,27.58,28.61,27.07,28.42,26.16,25.84,29.15,29.32,26.79,24.97
2025-02-16T17:00,2025-02-16,17,26.08,27.03,25.45,26.55,24.92,24.03,28.01,27.82,25.52,23.57
2025-02-16T18:00,2025-02-16,18,23.34,24.15,23.04,24.06,21.59,21.29,25.32,24.89,22.78,21.07
2025-02-16T19:00,2025-02-16,19,22.2,23.32,22.12,22.49,20.31,20.45,24.12,23.32,21.35,19.97
2025-02-16T20:00,2025-02-16,20,20.98,21.7,21.41,21.56,19.08,19.52,22.82,22.28,20.15,18.84
2025-02-16T21:00,2025-02-16,21,20.2,20.77,20.34,20.87,18.36,18.75,21.81,21.55,19.62,18.44
2025-02-16T22:00,2025-02-16,22,19.55,20.15,19.35,20.01,17.91,18.16,20.86,20.96,19.21,18.06
2025-02-16T23:00,2025-02-16,23,18.96,19.57,18.47,19.35,17.42,17.89,20.07,20.35,18.63,17.6
2025-02-17T00:00,2025-02-17,0,18.43,18.94,17.59,18.87,17.09,17.32,19.6,19.94,18.16,17.26
2025-02-17T01:00,2025-02-17,1,17.93,18.25,17.18,18.49,16.72,16.98,19.17,19.64,17.44,16.96
2025-02-17T02:00,2025-02-17,2,17.48,17.85,16.53,18.25,16.16,16.46,18.72,19.34,16.92,16.45
2025-02-17T03:00,2025-02-17,3,17.07,17.37,16.06,17.87,15.94,16.0,18.4,19.1,16.53,15.95
2025-02-17T04:00,2025-02-17,4,16.69,16.95,15.59,17.38,15.59,15.56,18.18,18.92,16.2,15.52
2025-02-17T05:00,2025-02-17,5,16.42,16.69,15.25,17.03,15.28,15.28,18.03,18.92,15.92,15.16
2025-02-17T06:00,2025-02-17,6,16.26,16.5,15.09,16.74,15.28,15.21,17.9,19.18,15.74,14.8
2025-02-17T07:00,2025-02-17,7,17.18,17.7,15.99,17.71,15.91,16.05,19.38,20.03,16.18,15.28
2025-02-17T08:00,2025-02-17,8,19.31,19.93,19.42,20.41,17.96,18.5,20.7,21.06,18.14,16.9
2025-02-17T09:00,2025-02-17,9,21.76,22.31,23.17,23.07,20.47,21.21,22.32,22.66,20.7,19.17
2025-02-17T10:00,2025-02-17,10,24.19,24.63,26.12,25.48,22.95,23.58,24.61,25.06,23.21,21.56
2025-02-17T11:00,2025-02-17,11,26.17,26.53,28.22,27.55,24.97,25.34,26.69,27.1,25.16,23.63
2025-02-17T12:00,2025-02-17,12,27.63,28.06,29.67,28.97,26.29,26.69,28.0,28.68,26.62,25.17
2025-02-17T13:00,2025-02-17,13,28.57,29.17,30.54,29.74,27.08,27.59,28.97,29.75,27.52,26.01
2025-02-17T14:00,2025-02-17,14,29.08,29.8,30.67,30.03,27.59,28.03,29.66,30.16,28.1,26.55
2025-02-17T15:00,2025-02-17,15,29.07,29.84,30.5,29.83,27.52,27.98,29.81,29.83,28.22,26.69
2025-02-17T16:00,2025-02-17,16,28.63,29.47,29.63,29.17,27.09,27.58,29.56,29.22,27.86,26.53
2025-02-17T17:00,2025-02-17,17,27.18,28.08,27.1,27.29,25.48,26.09,28.66,27.82,26.68,25.47
2025-02-17T18:00,2025-02-17,18,24.74,25.78,24.31,24.98,23.01,23.43,26.37,25.4,24.26,22.81
2025-02-17T19:00,2025-02-17,19,23.16,23.96,23.08,23.53,20.19,22.56,24.79,23.93,22.73,21.71
2025-02-17T20:00,2025-02-17,20,22.16,23.26,21.92,22.54,19.56,20.83,23.72,23.01,21.63,20.37
2025-02-17T21:00,2025-02-17,21,21.26,22.4,20.84,21.56,18.93,20.08,22.91,22.25,20.72,19.18
2025-02-17T22:00,2025-02-17,22,20.49,21.33,20.24,21.04,18.57,19.35,22.02,21.71,20.11,18.26
2025-02-17T23:00,2025-02-17,23,19.88,20.5,19.57,20.74,18.23,18.88,21.22,21.12,19.47,17.87
2025-02-18T00:00,2025-02-18,0,19.31,19.79,18.99,20.0,17.99,18.53,20.8,20.54,18.73,17.55
2025-02-18T01:00,2025-02-18,1,18.84,19.23,18.53,19.49,17.72,18.29,20.38,19.94,18.3,16.98
2025-02-18T02:00,2025-02-18,2,18.35,18.67,18.0,18.92,17.26,18.02,20.06,19.4,17.91,16.37
2025-02-18T03:00,2025-02-18,3,17.93,18.31,17.0,18.73,16.92,17.45,19.76,19.3,17.45,15.8
2025-02-18T04:00,2025-02-18,4,17.57,18.02,16.1,18.36,16.68,17.21,19.63,19.4,16.81,15.43
2025-02-18T05:00,2025-02-18,5,17.36,17.93,15.86,18.0,16.69,16.77,19.53,19.45,16.43,15.06
2025-02-18T06:00,2025-02-18,6,17.09,17.76,15.21,17.5,16.58,16.69,19.27,19.45,16.1,14.77
2025-02-18T07:00,2025-02-18,7,18.26,18.93,16.41,19.28,17.74,17.79,20.31,20.74,17.06,15.59
2025-02-18T08:00,2025-02-18,8,19.91,20.87,19.7,20.84,18.89,19.32,21.4,21.27,18.34,17.23
2025-02-18T09:00,2025-02-18,9,22.22,23.27,23.77,22.99,20.99,21.64,23.52,22.6,20.25,19.45
2025-02-18T10:00,2025-02-18,10,24.67,25.61,27.0,25.2,23.22,23.78,25.86,25.09,23.09,21.78
2025-02-18T11:00,2025-02-18,11,26.44,27.32,28.71,26.87,24.84,25.06,27.44,27.17,25.32,23.8
2025-02-18T12:00,2025-02-18,12,27.64,28.39,29.65,28.07,26.0,26.31,28.51,28.57,26.75,25.26
2025-02-18T13:00,2025-02-18,13,28.34,29.01,30.05,28.79,26.62,27.24,29.23,29.59,27.44,26.2
2025-02-18T14:00,2025-02-18,14,28.55,28.85,30.15,29.09,27.15,27.71,29.47,29.89,27.73,26.71
2025-02-18T15:00,2025-02-18,15,28.42,28.72,29.63,28.75,27.17,27.61,29.46,29.6,27.78,26.81
2025-02-18T16:00,2025-02-18,16,27.78,28.26,28.61,27.42,26.88,27.06,28.89,28.34,27.45,26.38
2025-02-18T17:00,2025-02-18,17,26.51,27.25,26.47,26.07,26.02,25.68,27.81,27.0,26.14,24.86
2025-02-18T18:00,2025-02-18,18,24.18,25.07,23.39,23.8,23.67,23.71,25.92,25.31,23.36,22.24
2025-02-18T19:00,2025-02-18,19,22.65,23.36,22.37,22.79,22.5,22.33,23.11,23.17,22.47,20.67
2025-02-18T20:00,2025-02-18,20,21.57,22.16,21.42,21.65,21.2,21.24,22.31,22.33,21.45,19.57
2025-02-18T21:00,2025-02-18,21,20.69,21.13,20.91,20.68,20.16,20.29,21.68,21.6,20.52,18.72
2025-02-18T22:00,2025-02-18,22,20.02,20.48,20.12,19.99,19.54,19.61,21.28,21.13,19.6,18.06
2025-02-18T23:00,2025-02-18,23,19.46,20.07,19.3,19.42,19.13,19.05,20.57,20.93,18.72,17.51
2025-02-19T00:00,2025-02-19,0,18.97,19.65,18.45,19.08,18.35,18.7,20.17,20.7,18.01,17.09
2025-02-19T01:00,2025-02-19,1,18.49,19.01,18.04,18.67,17.98,18.41,19.85,20.48,17.42,16.58
2025-02-19T02:00,2025-02-19,2,18.05,18.53,17.66,18.17,17.58,17.53,19.66,20.07,17.16,15.99
2025-02-19T03:00,2025-02-19,3,17.64,18.15,17.28,17.82,16.85,17.12,19.35,19.82,16.59,15.65
2025-02-19T04:00,2025-02-19,4,17.37,17.84,16.81,17.67,16.6,16.92,19.2,19.95,16.18,15.3
2025-02-19T05:00,2025-02-19,5,17.16,17.67,16.54,17.51,16.27,16.8,19.06,20.03,15.78,14.97
2025-02-19T06:00,2025-02-19,6,16.94,17.41,16.41,17.32,16.24,16.48,18.85,20.13,15.46,14.64
2025-02-19T07:00,2025-02-19,7,18.01,18.47,17.73,18.81,17.29,17.78,19.89,21.46,16.2,15.12
2025-02-19T08:00,2025-02-19,8,19.91,20.47,20.68,21.14,18.44,19.21,21.16,22.14,18.64,17.04
2025-02-19T09:00,2025-02-19,9,22.39,23.06,23.94,23.77,19.99,21.2,23.1,23.56,21.85,19.67
2025-02-19T10:00,2025-02-19,10,24.63,25.34,26.33,25.71,22.28,23.34,25.28,25.04,24.4,22.14
2025-02-19T11:00,2025-02-19,11,26.36,27.03,28.15,27.16,24.42,25.18,26.97,26.64,26.05,24.05
2025-02-19T12:00,2025-02-19,12,27.5,28.16,29.24,28.25,25.75,26.48,27.99,27.83,27.03,25.3
2025-02-19T13:00,2025-02-19,13,28.12,28.86,29.6,28.7,26.63,27.11,28.48,28.39,27.61,26.17
2025-02-19T14:00,2025-02-19,14,28.35,29.05,29.39,28.7,27.19,27.57,28.67,28.72,27.94,26.59
2025-02-19T15:00,2025-02-19,15,28.29,29.06,28.91,28.5,27.33,27.37,28.6,28.83,27.92,26.7
2025-02-19T16:00,2025-02-19,16,27.88,28.77,28.14,27.78,27.06,26.98,28.28,28.42,27.53,26.37
2025-02-19T17:00,2025-02-19,17,26.72,27.77,26.7,26.79,25.84,25.29,27.26,27.69,26.25,24.93
2025-02-19T18:00,2025-02-19,18,24.41,25.47,24.02,24.55,23.75,22.84,25.23,25.88,23.93,22.32
2025-02-19T19:00,2025-02-19,19,22.94,23.83,22.87,22.17,22.58,22.3,24.12,22.9,22.63,21.46
2025-02-19T20:00,2025-02-19,20,21.89,22.63,21.75,21.39,21.36,21.4,23.29,22.44,21.19,20.49
2025-02-19T21:00,2025-02-19,21,21.07,21.75,20.54,20.89,20.12,20.74,22.48,22.16,20.33,19.74
2025-02-19T22:00,2025-02-19,22,20.36,20.94,20.13,20.13,19.38,19.97,21.82,21.76,19.5,19.02
2025-02-19T23:00,2025-02-19,23,19.8,20.33,19.51,19.58,18.98,19.29,21.46,21.26,19.02,18.32
2025-02-20T00:00,2025-02-20,0,19.23,19.67,18.82,18.94,18.13,18.86,21.09,21.12,18.64,17.61
2025-02-20T01:00,2025-02-20,1,18.82,19.22,18.45,18.4,17.67,18.26,20.72,20.79,18.34,17.33
2025-02-20T02:00,2025-02-20,2,18.42,18.83,17.84,17.94,17.43,17.67,20.4,20.57,17.92,16.98
2025-02-20T03:00,2025-02-20,3,18.03,18.33,17.28,17.54,17.26,17.21,20.0,20.17,17.52,16.94
2025-02-20T04:00,2025-02-20,4,17.74,18.01,17.0,17.27,16.78,16.93,19.81,19.94,17.12,16.84
2025-02-20T05:00,2025-02-20,5,17.49,17.69,16.93,17.01,16.5,16.71,19.57,19.82,16.8,16.66
2025-02-20T06:00,2025-02-20,6,17.29,17.41,16.62,16.91,16.68,16.53,19.29,19.67,16.61,16.4
2025-02-20T07:00,2025-02-20,7,18.0,18.11,17.63,17.65,16.82,17.21,20.25,20.5,17.3,16.96
2025-02-20T08:00,2025-02-20,8,19.97,20.08,20.5,20.11,18.97,19.28,21.65,21.8,19.25,18.39
2025-02-20T09:00,2025-02-20,9,22.83,23.15,24.09,23.6,21.71,22.01,24.26,24.48,21.7,20.42
2025-02-20T10:00,2025-02-20,10,25.4,25.71,27.32,26.27,24.38,24.4,26.57,27.16,24.25,22.66
2025-02-20T11:00,2025-02-20,11,27.21,27.52,29.32,28.07,26.26,26.44,27.8,28.72,26.26,24.6
2025-02-20T12:00,2025-02-20,12,28.12,28.64,30.46,29.28,27.49,27.78,26.36,29.47,27.61,25.93
2025-02-20T13:00,2025-02-20,13,28.52,28.92,31.14,29.77,28.14,28.71,25.63,29.4,28.29,26.85
2025-02-20T14:00,2025-02-20,14,28.63,29.16,31.32,29.98,28.37,28.87,26.02,29.02,27.49,27.39
2025-02-20T15:00,2025-02-20,15,28.4,28.87,30.86,29.61,28.32,28.75,26.32,28.25,27.0,27.48
2025-02-20T16:00,2025-02-20,16,28.0,28.62,29.79,28.92,27.62,28.09,26.52,27.72,26.71,27.26
2025-02-20T17:00,2025-02-20,17,26.84,27.62,27.51,27.58,26.52,25.84,26.21,26.94,25.87,26.08
2025-02-20T18:00,2025-02-20,18,24.55,25.19,24.97,25.12,24.32,23.28,24.36,25.06,23.75,23.72
2025-02-20T19:00,2025-02-20,19,23.37,23.91,25.31,24.3,22.89,23.27,22.22,22.82,22.5,22.21
2025-02-20T20:00,2025-02-20,20,22.38,22.8,23.82,23.52,21.8,22.14,21.61,22.4,21.62,21.11
2025-02-20T21:00,2025-02-20,21,21.63,21.93,23.38,22.82,20.82,21.4,21.04,22.16,20.73,20.23
2025-02-20T22:00,2025-02-20,22,21.02,21.12,22.97,22.09,20.15,20.7,20.58,21.55,20.28,19.89
2025-02-20T23:00,2025-02-20,23,20.48,20.52,22.53,21.16,19.51,20.1,20.13,20.85,20.04,19.6
2025-02-21T00:00,2025-02-21,0,19.97,20.07,22.05,20.49,19.02,19.56,19.98,20.11,19.76,18.53
2025-02-21T01:00,2025-02-21,1,19.57,19.83,21.59,20.04,18.61,19.05,19.48,19.92,19.33,17.94
2025-02-21T02:00,2025-02-21,2,19.16,19.52,20.92,19.66,18.14,18.78,19.09,19.64,18.69,17.55
2025-02-21T03:00,2025-02-21,3,18.76,19.13,20.37,19.3,17.76,18.12,18.8,19.46,18.24,17.21
2025-02-21T04:00,2025-02-21,4,18.38,18.75,19.75,18.88,17.41,17.47,18.56,19.26,17.86,16.98
2025-02-21T05:00,2025-02-21,5,18.01,18.39,19.03,18.48,17.04,16.81,18.35,18.99,17.54,16.88
2025-02-21T06:00,2025-02-21,6,17.71,18.04,18.52,18.14,16.81,16.42,18.13,18.77,17.5,16.51
2025-02-21T07:00,2025-02-21,7,18.25,18.48,19.09,18.93,17.45,17.66,17.98,19.65,17.7,17.35
2025-02-21T08:00,2025-02-21,8,20.3,20.87,21.25,21.4,19.65,19.76,19.8,21.62,19.05,18.86
2025-02-21T09:00,2025-02-21,9,22.97,23.92,24.15,24.08,22.18,22.22,22.8,24.12,21.16,21.11
2025-02-21T10:00,2025-02-21,10,25.41,26.32,26.95,26.33,24.65,24.32,25.56,26.38,23.68,23.42
2025-02-21T11:00,2025-02-21,11,27.13,27.84,28.88,27.9,26.57,26.12,27.11,27.85,25.69,25.37
2025-02-21T12:00,2025-02-21,12,28.24,28.87,30.02,28.89,27.67,27.5,28.2,28.86,26.96,26.6
2025-02-21T13:00,2025-02-21,13,28.93,29.57,30.57,29.51,28.27,28.32,28.91,29.46,27.76,27.31
2025-02-21T14:00,2025-02-21,14,29.18,29.95,30.55,29.66,28.32,28.7,29.24,29.74,28.09,27.41
2025-02-21T15:00,2025-02-21,15,29.1,29.87,30.24,29.6,28.03,28.52,29.27,29.74,28.01,27.52
2025-02-21T16:00,2025-02-21,16,28.62,29.37,29.43,29.11,27.56,27.8,28.93,29.35,27.67,27.15
2025-02-21T17:00,2025-02-21,17,27.3,28.02,27.58,27.79,26.08,26.02,28.07,28.18,26.63,25.94
2025-02-21T18:00,2025-02-21,18,24.9,25.4,24.82,25.38,24.0,23.69,25.81,25.91,24.51,23.52
2025-02-21T19:00,2025-02-21,19,23.87,24.43,23.98,24.37,22.73,23.4,24.6,24.49,23.16,22.62
2025-02-21T20:00,2025-02-21,20,22.75,23.21,22.82,23.31,21.77,22.16,23.72,23.22,22.19,21.38
2025-02-21T21:00,2025-02-21,21,21.93,22.35,22.09,22.46,20.94,21.31,22.92,22.17,21.53,20.51
2025-02-21T22:00,2025-02-21,22,21.17,21.58,21.39,21.54,20.51,20.83,22.03,21.36,20.94,19.53
2025-02-21T23:00,2025-02-21,23,20.66,20.97,21.06,21.0,20.16,20.5,21.57,21.07,20.32,18.87
2025-02-22T00:00,2025-02-22,0,20.06,20.48,20.12,20.51,19.44,19.82,21.08,20.64,19.73,18.03
2025-02-22T01:00,2025-02-22,1,19.54,19.98,19.09,20.05,19.0,19.27,20.71,20.02,19.27,17.6
2025-02-22T02:00,2025-02-22,2,18.98,19.43,18.3,19.51,18.46,18.61,20.27,19.63,18.7,17.04
2025-02-22T03:00,2025-02-22,3,18.52,18.96,17.81,18.93,18.15,18.11,19.96,19.33,18.3,16.37
2025-02-22T04:00,2025-02-22,4,18.13,18.58,17.4,18.38,17.7,17.67,19.79,19.21,17.98,15.82
2025-02-22T05:00,2025-02-22,5,17.82,18.27,17.23,17.86,17.35,17.42,19.7,18.9,17.67,15.33
2025-02-22T06:00,2025-02-22,6,17.55,18.07,17.0,17.45,17.02,16.97,19.48,19.0,17.34,15.01
2025-02-22T07:00,2025-02-22,7,18.57,19.03,17.87,18.23,18.32,17.99,20.19,20.38,18.29,16.59
2025-02-22T08:00,2025-02-22,8,20.95,21.6,20.83,21.13,20.85,20.17,21.79,21.13,20.86,18.88
2025-02-22T09:00,2025-02-22,9,23.84,24.62,24.67,24.6,23.62,22.83,24.04,22.73,23.82,21.52
2025-02-22T10:00,2025-02-22,10,26.29,27.05,27.47,27.01,25.69,24.98,26.54,25.95,26.27,23.83
2025-02-22T11:00,2025-02-22,11,28.02,28.83,29.18,28.56,27.33,26.72,28.24,28.22,27.86,25.63
2025-02-22T12:00,2025-02-22,12,29.03,29.98,30.3,29.66,28.42,27.87,29.19,29.43,27.95,26.89
2025-02-22T13:00,2025-02-22,13,29.31,30.28,30.96,30.28,28.88,28.72,29.57,30.17,26.53,27.63
2025-02-22T14:00,2025-02-22,14,29.04,30.19,31.03,30.33,27.82,28.79,28.39,30.36,25.79,27.79
2025-02-22T15:00,2025-02-22,15,28.25,28.5,30.84,30.11,26.38,28.4,27.16,30.04,25.86,27.62
2025-02-22T16:00,2025-02-22,16,26.9,25.84,29.81,29.5,25.7,26.09,25.1,29.24,25.95,27.4
2025-02-22T17:00,2025-02-22,17,25.2,23.89,27.6,27.13,24.94,24.25,23.06,27.48,25.4,25.97
2025-02-22T18:00,2025-02-22,18,23.21,22.56,25.07,24.95,22.76,22.07,21.91,23.43,23.34,23.56
2025-02-22T19:00,2025-02-22,19,23.12,23.78,24.55,23.99,21.8,21.05,22.93,23.33,22.48,22.41
2025-02-22T20:00,2025-02-22,20,22.26,22.89,24.13,23.14,20.99,20.23,22.02,22.67,21.38,21.41
2025-02-22T21:00,2025-02-22,21,21.71,22.48,23.44,22.6,20.1,19.82,21.58,22.44,20.51,20.84
2025-02-22T22:00,2025-02-22,22,21.1,21.64,22.44,22.26,19.6,19.54,21.14,22.05,19.93,20.2
2025-02-22T23:00,2025-02-22,23,20.47,20.76,21.72,21.83,19.31,19.09,20.7,21.68,19.28,19.47
2025-02-23T00:00,2025-02-23,0,19.83,19.91,21.06,20.91,18.5,18.9,20.4,21.16,18.72,18.97
2025-02-23T01:00,2025-02-23,1,19.26,19.51,19.99,20.19,17.58,18.41,19.99,20.75,18.24,18.35
2025-02-23T02:00,2025-02-23,2,18.75,18.87,19.44,19.62,17.0,17.92,19.73,20.37,17.78,17.98
2025-02-23T03:00,2025-02-23,3,18.39,18.54,19.16,19.13,16.67,17.32,19.38,20.13,17.52,17.57
2025-02-23T04:00,2025-02-23,4,18.24,18.59,18.88,19.08,16.48,16.99,19.08,19.92,17.4,17.21
2025-02-23T05:00,2025-02-23,5,18.01,18.33,18.37,18.81,16.24,16.84,18.93,19.8,17.34,16.86
2025-02-23T06:00,2025-02-23,6,17.84,18.14,18.05,18.51,16.14,16.62,18.78,20.1,17.21,16.72
2025-02-23T07:00,2025-02-23,7,19.33,19.62,19.55,20.83,17.81,19.1,20.34,21.53,18.18,17.08
2025-02-23T08:00,2025-02-23,8,20.44,20.16,22.15,22.58,19.26,20.28,21.22,22.98,19.03,17.83
2025-02-23T09:00,2025-02-23,9,22.15,21.14,25.29,24.51,21.2,22.1,22.8,25.17,20.93,19.45
2025-02-23T10:00,2025-02-23,10,23.8,22.9,28.12,25.57,21.26,23.52,24.07,26.8,23.06,21.58
2025-02-23T11:00,2025-02-23,11,25.26,25.05,29.79,25.86,22.96,24.5,25.29,26.39,24.73,23.56
2025-02-23T12:00,2025-02-23,12,26.32,26.59,30.67,26.03,24.54,25.22,26.15,26.4,25.98,24.98
2025-02-23T13:00,2025-02-23,13,26.97,27.56,28.93,27.51,25.55,24.97,27.43,27.44,26.12,25.83
2025-02-23T14:00,2025-02-23,14,27.28,27.55,29.6,28.36,25.96,25.78,27.74,28.0,26.11,25.98
2025-02-23T15:00,2025-02-23,15,27.18,27.38,28.89,28.43,25.52,26.52,27.98,28.22,25.89,25.7
2025-02-23T16:00,2025-02-23,16,26.8,27.29,28.19,27.99,24.59,26.22,27.45,28.13,25.7,24.9
2025-02-23T17:00,2025-02-23,17,25.88,26.7,27.01,26.82,23.64,25.07,26.78,26.86,25.01,23.47
2025-02-23T18:00,2025-02-23,18,23.71,24.43,24.52,24.48,21.44,22.93,25.01,24.78,23.02,21.41
2025-02-23T19:00,2025-02-23,19,22.19,22.6,23.58,22.5,21.11,21.12,23.33,23.36,21.27,20.42
2025-02-23T20:00,2025-02-23,20,21.3,21.58,22.78,21.62,20.24,20.51,22.57,22.64,20.23,19.58
2025-02-23T21:00,2025-02-23,21,20.49,20.66,21.85,20.73,19.49,19.8,21.81,21.92,19.38,19.09
2025-02-23T22:00,2025-02-23,22,19.8,19.86,20.86,20.1,18.85,19.14,21.25,21.3,18.81,18.45
2025-02-23T23:00,2025-02-23,23,19.16,19.15,19.94,19.56,18.29,18.5,20.71,20.69,18.24,17.85
2025-02-24T00:00,2025-02-24,0,18.62,18.62,19.18,18.98,17.67,18.02,20.17,20.2,17.88,17.32
2025-02-24T01:00,2025-02-24,1,18.18,18.33,18.5,18.51,16.96,17.52,19.65,19.73,17.61,16.82
2025-02-24T02:00,2025-02-24,2,17.81,17.91,18.13,18.16,16.48,17.04,19.36,19.45,17.34,16.47
2025-02-24T03:00,2025-02-24,3,17.5,17.57,17.84,17.88,16.19,16.82,18.94,19.26,16.95,16.23
2025-02-24T04:00,2025-02-24,4,17.17,17.25,17.46,17.67,15.76,16.42,18.59,19.06,16.61,15.89
2025-02-24T05:00,2025-02-24,5,16.9,17.02,17.21,17.43,15.25,16.12,18.24,18.9,16.35,15.61
2025-02-24T06:00,2025-02-24,6,16.62,16.75,16.92,17.29,14.76,16.11,17.93,18.75,15.93,15.29
2025-02-24T07:00,2025-02-24,7,17.68,17.78,17.92,18.24,16.32,16.77,19.16,19.78,16.65,16.78
2025-02-24T08:00,2025-02-24,8,19.9,20.25,20.81,20.83,18.39,18.52,21.05,22.06,18.7,18.31
2025-02-24T09:00,2025-02-24,9,22.8,23.37,24.61,23.84,21.22,21.57,23.75,24.72,21.4,20.3
2025-02-24T10:00,2025-02-24,10,25.34,25.98,27.76,26.37,23.92,24.15,26.19,26.92,23.87,22.36
2025-02-24T11:00,2025-02-24,11,27.01,27.67,29.18,27.83,25.7,26.26,27.83,28.25,25.68,24.07
2025-02-24T12:00,2025-02-24,12,28.03,28.77,29.93,28.73,26.7,27.56,28.81,29.08,27.04,24.9
2025-02-24T13:00,2025-02-24,13,28.57,29.38,30.4,29.23,27.26,28.17,29.36,29.48,27.53,25.42
2025-02-24T14:00,2025-02-24,14,28.83,29.68,30.54,29.37,27.59,28.28,29.61,29.65,27.75,25.89
2025-02-24T15:00,2025-02-24,15,28.71,29.57,30.31,29.23,27.51,27.98,29.44,29.59,27.67,25.94
2025-02-24T16:00,2025-02-24,16,28.2,29.03,29.42,28.88,26.84,27.14,29.02,29.23,27.24,25.69
2025-02-24T17:00,2025-02-24,17,26.83,27.69,27.34,27.64,25.11,25.29,27.96,28.25,25.98,24.61
2025-02-24T18:00,2025-02-24,18,24.28,24.84,24.58,25.01,22.59,23.12,25.6,25.25,23.73,22.47
2025-02-24T19:00,2025-02-24,19,22.95,23.4,23.46,23.57,21.36,22.39,24.39,24.15,21.84,21.35
2025-02-24T20:00,2025-02-24,20,21.91,22.16,22.27,22.58,20.43,21.61,23.41,23.22,21.03,20.26
2025-02-24T21:00,2025-02-24,21,21.02,21.28,21.19,21.82,19.37,20.67,22.72,22.52,19.98,19.41
2025-02-24T22:00,2025-02-24,22,20.22,20.61,20.65,20.6,18.31,20.02,21.71,21.77,19.32,18.62
2025-02-24T23:00,2025-02-24,23,19.63,19.96,20.26,20.26,17.65,19.54,21.12,20.91,18.73,17.92
2025-02-25T00:00,2025-02-25,0,19.07,19.38,20.11,19.96,17.13,18.79,20.37,20.33,18.07,17.16
2025-02-25T01:00,2025-02-25,1,18.53,18.76,19.66,19.65,16.66,18.19,20.1,19.88,17.35,16.43
2025-02-25T02:00,2025-02-25,2,18.01,18.14,19.27,18.96,16.42,17.66,19.5,19.74,16.75,15.95
2025-02-25T03:00,2025-02-25,3,17.57,17.68,18.86,18.34,16.2,17.15,19.23,19.72,16.29,15.33
2025-02-25T04:00,2025-02-25,4,17.13,17.25,18.41,17.87,15.92,16.5,18.83,19.54,15.83,14.76
2025-02-25T05:00,2025-02-25,5,16.79,16.92,18.07,17.45,15.66,15.84,18.69,19.35,15.36,14.52
2025-02-25T06:00,2025-02-25,6,16.5,16.47,17.88,17.23,15.38,15.68,18.47,19.21,14.97,14.32
2025-02-25T07:00,2025-02-25,7,17.6,17.72,18.49,18.08,16.21,16.71,19.42,20.13,16.29,15.92
2025-02-25T08:00,2025-02-25,8,20.24,20.67,21.35,20.81,18.72,18.8,21.65,22.8,18.94,18.36
2025-02-25T09:00,2025-02-25,9,23.41,24.11,24.81,24.17,21.91,21.8,24.35,25.3,22.21,21.18
2025-02-25T10:00,2025-02-25,10,25.96,26.64,27.81,27.19,24.25,24.31,26.67,27.49,24.65,23.58
2025-02-25T11:00,2025-02-25,11,27.52,28.11,29.19,28.81,26.05,26.13,28.17,28.93,26.17,25.26
2025-02-25T12:00,2025-02-25,12,28.39,29.1,30.0,29.42,26.93,27.59,28.9,29.61,26.97,26.17
2025-02-25T13:00,2025-02-25,13,28.78,29.46,30.28,29.68,27.36,28.03,29.28,30.04,27.35,26.77
2025-02-25T14:00,2025-02-25,14,28.89,29.55,30.28,29.8,27.6,27.94,29.43,30.12,27.59,26.94
2025-02-25T15:00,2025-02-25,15,28.68,29.24,29.89,29.69,27.45,27.58,29.16,29.85,27.51,27.01
2025-02-25T16:00,2025-02-25,16,28.07,28.59,28.96,29.06,26.74,26.88,28.53,29.23,27.12,26.67
2025-02-25T17:00,2025-02-25,17,26.53,27.22,26.66,27.29,24.89,25.19,27.33,27.89,25.73,25.22
2025-02-25T18:00,2025-02-25,18,24.25,24.85,24.64,25.11,22.92,22.88,25.24,25.59,23.14,22.87
2025-02-25T19:00,2025-02-25,19,23.32,23.85,24.34,24.02,21.9,22.26,24.36,25.03,22.06,21.55
2025-02-25T20:00,2025-02-25,20,22.29,22.92,23.72,22.61,20.88,21.14,23.53,23.55,20.87,20.64
2025-02-25T21:00,2025-02-25,21,21.36,22.14,21.99,21.81,20.04,20.39,22.57,22.81,19.82,19.74
2025-02-25T22:00,2025-02-25,22,20.59,21.29,20.82,21.36,18.79,19.72,21.66,22.28,19.23,19.18
2025-02-25T23:00,2025-02-25,23,19.88,20.31,20.57,20.82,17.93,19.26,20.95,21.5,18.67,18.38
2025-02-26T00:00,2025-02-26,0,19.26,19.53,20.23,20.27,17.33,18.75,20.4,21.13,18.0,17.71
2025-02-26T01:00,2025-02-26,1,18.59,18.64,19.75,19.63,16.67,17.83,19.93,20.77,17.41,17.06
2025-02-26T02:00,2025-02-26,2,17.91,17.87,18.71,19.09,16.09,17.08,19.39,20.42,16.7,16.42
2025-02-26T03:00,2025-02-26,3,17.35,17.3,17.87,18.5,15.66,16.5,18.83,20.01,16.05,16.09
2025-02-26T04:00,2025-02-26,4,16.84,16.93,17.24,17.73,15.18,15.78,18.52,19.61,15.3,15.77
2025-02-26T05:00,2025-02-26,5,16.42,16.53,16.67,16.95,14.75,15.44,18.28,19.35,14.87,15.52
2025-02-26T06:00,2025-02-26,6,16.04,16.26,15.71,16.33,14.69,15.23,17.88,19.21,14.41,15.28
2025-02-26T07:00,2025-02-26,7,17.0,16.78,17.4,17.25,16.09,16.17,18.8,19.93,15.56,16.42
2025-02-26T08:00,2025-02-26,8,19.6,19.94,20.09,20.2,18.35,18.2,21.1,22.13,18.2,18.17
2025-02-26T09:00,2025-02-26,9,22.63,23.43,23.66,23.52,20.86,21.05,23.85,24.5,21.31,20.3
2025-02-26T10:00,2025-02-26,10,25.19,25.98,27.24,26.22,23.11,23.78,26.14,26.64,23.83,22.64
2025-02-26T11:00,2025-02-26,11,26.93,27.57,29.19,27.81,25.07,25.86,27.64,28.06,25.66,24.61
2025-02-26T12:00,2025-02-26,12,27.92,28.55,29.87,28.58,26.42,27.22,28.51,28.92,26.64,25.83
2025-02-26T13:00,2025-02-26,13,28.5,29.11,30.18,29.09,27.16,27.92,29.07,29.46,27.2,26.63
2025-02-26T14:00,2025-02-26,14,28.72,29.28,30.13,29.36,27.49,28.18,29.23,29.7,27.44,27.07
2025-02-26T15:00,2025-02-26,15,28.56,29.1,29.67,29.2,27.36,28.06,29.05,29.58,27.39,27.05
2025-02-26T16:00,2025-02-26,16,28.04,28.59,28.62,28.66,26.84,27.25,28.66,28.95,27.03,26.88
2025-02-26T17:00,2025-02-26,17,26.54,27.22,26.3,26.88,25.23,25.26,27.56,27.37,25.78,25.81
2025-02-26T18:00,2025-02-26,18,23.98,24.48,23.61,24.1,22.54,23.34,25.28,24.59,23.44,23.25
2025-02-26T19:00,2025-02-26,19,22.76,22.72,22.9,23.0,21.47,22.25,24.08,23.86,22.37,22.21
2025-02-26T20:00,2025-02-26,20,21.75,21.77,21.91,21.81,20.23,20.63,23.32,22.91,21.49,21.38
2025-02-26T21:00,2025-02-26,21,21.02,21.28,21.1,20.72,19.9,19.86,22.22,22.01,20.75,20.76
2025-02-26T22:00,2025-02-26,22,20.35,20.58,20.21,20.06,19.67,19.23,21.45,21.03,20.26,20.01
2025-02-26T23:00,2025-02-26,23,19.68,19.71,19.25,19.32,19.22,18.53,20.75,20.23,19.96,19.68
2025-02-27T00:00,2025-02-27,0,19.11,19.19,18.25,18.48,18.6,18.42,20.2,19.84,19.46,19.23
2025-02-27T01:00,2025-02-27,1,18.67,18.87,17.44,18.02,18.49,18.15,19.85,19.45,18.84,18.52
2025-02-27T02:00,2025-02-27,2,18.2,18.31,16.83,18.1,18.38,17.49,19.64,19.23,17.94,17.79
2025-02-27T03:00,2025-02-27,3,17.81,18.05,16.6,17.99,17.87,17.16,19.21,18.96,17.14,17.06
2025-02-27T04:00,2025-02-27,4,17.48,17.77,16.75,17.68,17.54,16.93,18.74,18.61,16.53,16.62
2025-02-27T05:00,2025-02-27,5,16.99,17.0,16.59,17.42,16.55,16.57,18.32,18.36,16.18,16.3
2025-02-27T06:00,2025-02-27,6,16.6,16.6,16.21,17.01,16.0,16.15,17.96,18.08,15.81,15.89
2025-02-27T07:00,2025-02-27,7,17.34,17.4,17.08,17.58,17.01,16.58,18.42,18.55,16.68,16.87
2025-02-27T08:00,2025-02-27,8,20.05,20.47,19.91,20.39,19.49,18.71,20.97,21.46,19.3,19.2
2025-02-27T09:00,2025-02-27,9,23.15,23.95,23.44,23.48,22.08,21.37,24.03,24.35,22.27,21.9
2025-02-27T10:00,2025-02-27,10,25.66,26.55,26.54,25.95,24.49,23.76,26.24,26.55,24.82,24.28
2025-02-27T11:00,2025-02-27,11,27.27,28.09,28.11,27.54,26.19,25.87,27.77,27.76,26.48,26.01
2025-02-27T12:00,2025-02-27,12,28.25,29.05,28.96,28.48,27.25,27.46,28.63,28.58,27.35,27.05
2025-02-27T13:00,2025-02-27,13,28.86,29.7,29.51,29.13,27.93,28.22,29.22,29.15,27.9,27.58
2025-02-27T14:00,2025-02-27,14,29.15,29.96,29.66,29.59,28.18,28.53,29.49,29.48,28.13,27.89
2025-02-27T15:00,2025-02-27,15,28.96,29.71,29.33,29.52,27.99,28.34,29.31,29.46,27.93,27.79
2025-02-27T16:00,2025-02-27,16,28.44,29.11,28.64,29.06,27.4,27.62,28.83,28.93,27.57,27.43
2025-02-27T17:00,2025-02-27,17,27.02,27.82,26.68,27.45,25.77,25.66,28.02,27.56,26.33,26.05
2025-02-27T18:00,2025-02-27,18,24.55,25.36,23.54,24.9,23.46,23.16,26.14,24.97,23.84,23.56
2025-02-27T19:00,2025-02-27,19,23.59,24.61,22.13,24.49,22.52,22.49,24.91,23.85,22.7,22.2
2025-02-27T20:00,2025-02-27,20,22.63,23.37,21.31,23.63,21.88,21.5,23.99,23.34,21.8,21.1
2025-02-27T21:00,2025-02-27,21,21.82,22.53,20.5,22.48,20.95,20.63,23.49,22.43,21.12,20.5
2025-02-27T22:00,2025-02-27,22,21.12,21.73,19.81,21.83,20.09,20.14,22.65,21.9,20.5,19.94
2025-02-27T23:00,2025-02-27,23,20.48,21.12,19.28,21.16,19.4,19.6,21.94,21.18,19.85,19.21
2025-02-28T00:00,2025-02-28,0,19.89,20.53,18.77,20.5,18.71,19.1,21.31,20.55,19.4,18.59
2025-02-28T01:00,2025-02-28,1,19.41,20.12,18.33,19.83,18.26,18.72,20.82,20.15,18.84,18.05
2025-02-28T02:00,2025-02-28,2,18.91,19.64,17.88,19.14,18.07,18.04,20.48,19.91,18.17,17.49
2025-02-28T03:00,2025-02-28,3,18.47,19.01,17.54,18.83,17.7,17.59,20.27,19.64,17.73,16.94
2025-02-28T04:00,2025-02-28,4,18.1,18.57,17.38,18.38,17.29,17.13,20.06,19.4,17.3,16.62
2025-02-28T05:00,2025-02-28,5,17.83,18.41,16.91,17.94,17.02,16.61,19.74,19.25,17.18,16.38
2025-02-28T06:00,2025-02-28,6,17.55,18.25,16.43,17.57,16.5,16.37,19.56,18.96,16.89,16.14
2025-02-28T07:00,2025-02-28,7,18.36,19.15,16.84,18.54,17.35,16.9,20.47,20.17,17.49,16.93
2025-02-28T08:00,2025-02-28,8,20.92,21.72,20.23,21.53,19.83,19.02,22.49,22.65,19.85,19.44
2025-02-28T09:00,2025-02-28,9,23.82,24.7,24.14,24.72,22.22,21.67,24.7,25.17,22.82,22.38
2025-02-28T10:00,2025-02-28,10,26.05,26.76,27.29,26.83,24.46,24.09,26.6,27.2,25.07,24.77
2025-02-28T11:00,2025-02-28,11,27.56,28.13,29.01,28.12,26.26,26.15,28.06,28.48,26.5,26.42
2025-02-28T12:00,2025-02-28,12,28.48,28.9,29.69,29.08,27.33,27.62,29.13,29.34,27.36,27.35
2025-02-28T13:00,2025-02-28,13,28.95,29.34,30.17,29.25,27.75,28.23,29.86,29.89,27.81,27.81
2025-02-28T14:00,2025-02-28,14,29.16,29.68,30.25,29.3,27.8,28.48,30.19,30.12,28.04,27.95
2025-02-28T15:00,2025-02-28,15,29.19,29.91,30.05,29.28,27.89,28.19,30.12,30.21,28.07,27.95
2025-02-28T16:00,2025-02-28,16,28.85,29.64,29.46,29.0,27.67,27.51,29.73,29.88,27.73,27.7
2025-02-28T17:00,2025-02-28,17,27.77,28.74,27.57,28.02,26.61,25.99,28.74,29.21,26.84,26.5
2025-02-28T18:00,2025-02-28,18,25.48,26.45,24.73,25.87,24.58,24.02,26.52,26.75,24.49,24.14
2025-02-28T19:00,2025-02-28,19,24.44,25.52,23.55,24.82,23.4,23.39,25.28,25.34,23.34,23.33
2025-02-28T20:00,2025-02-28,20,23.5,24.49,22.94,23.97,22.24,22.61,24.39,24.14,22.47,22.29
2025-02-28T21:00,2025-02-28,21,22.7,23.42,22.6,23.13,21.62,21.81,23.56,23.35,21.86,21.56
2025-02-28T22:00,2025-02-28,22,21.99,22.57,21.76,22.32,21.16,21.3,22.93,22.55,21.2,21.04
2025-02-28T23:00,2025-02-28,23,21.33,21.61,21.31,21.93,20.7,20.84,22.24,22.13,20.49,20.4
2025-03-01T00:00,2025-03-01,0,20.81,20.94,20.77,21.38,20.26,20.49,21.76,21.78,20.04,19.93
2025-03-01T01:00,2025-03-01,1,20.27,20.35,20.43,20.86,19.68,19.79,21.04,21.31,19.52,19.53
2025-03-01T02:00,2025-03-01,2,19.77,19.78,20.04,20.45,19.1,19.31,20.48,20.91,19.03,19.13
2025-03-01T03:00,2025-03-01,3,19.32,19.42,19.52,19.99,18.47,18.73,20.14,20.51,18.56,18.6
2025-03-01T04:00,2025-03-01,4,18.89,18.98,18.85,19.29,17.98,18.37,19.93,20.13,18.24,18.25
2025-03-01T05:00,2025-03-01,5,18.58,18.72,18.39,18.74,17.58,18.04,19.87,19.77,17.98,17.97
2025-03-01T06:00,2025-03-01,6,18.37,18.56,18.41,18.23,17.28,17.68,19.64,19.79,17.95,17.66
2025-03-01T07:00,2025-03-01,7,19.41,19.7,19.32,19.82,18.19,18.59,20.82,21.26,18.58,18.19
2025-03-01T08:00,2025-03-01,8,21.9,22.63,22.26,22.25,20.77,20.61,23.0,22.77,21.05,20.34
2025-03-01T09:00,2025-03-01,9,24.74,25.56,25.77,25.33,23.61,22.99,25.6,25.35,23.73,23.01
2025-03-01T10:00,2025-03-01,10,27.07,27.85,28.22,27.66,25.85,25.24,28.05,28.13,25.97,25.22
2025-03-01T11:00,2025-03-01,11,28.76,29.59,29.58,29.19,27.57,27.16,29.99,29.8,27.6,26.96
2025-03-01T12:00,2025-03-01,12,29.92,30.83,30.31,30.25,28.58,28.48,31.3,30.89,28.78,28.21
2025-03-01T13:00,2025-03-01,13,30.71,31.73,30.22,30.99,29.48,29.23,32.23,31.65,29.65,29.16
2025-03-01T14:00,2025-03-01,14,31.16,32.27,30.11,31.27,30.16,29.52,32.78,31.99,30.25,29.76
2025-03-01T15:00,2025-03-01,15,31.21,32.37,30.0,31.37,30.18,29.45,32.72,32.0,30.46,29.85
2025-03-01T16:00,2025-03-01,16,30.71,31.9,29.41,30.88,29.83,29.14,32.19,31.4,29.63,29.55
2025-03-01T17:00,2025-03-01,17,29.45,30.76,28.0,29.56,28.48,27.85,30.98,29.79,28.42,28.36
2025-03-01T18:00,2025-03-01,18,27.41,28.99,25.12,27.44,26.67,25.59,28.66,27.06,26.35,27.01
2025-03-01T19:00,2025-03-01,19,24.47,23.32,23.94,26.54,22.65,23.43,26.93,25.94,23.58,25.28
2025-03-01T20:00,2025-03-01,20,23.43,22.45,23.03,24.79,21.64,22.11,25.94,24.72,22.75,24.46
2025-03-01T21:00,2025-03-01,21,22.8,22.4,22.45,23.7,20.71,20.77,25.05,24.24,22.22,23.53
2025-03-01T22:00,2025-03-01,22,22.54,22.78,22.06,23.66,20.32,19.7,24.07,23.94,22.04,22.76
2025-03-01T23:00,2025-03-01,23,22.32,22.79,21.61,23.52,19.9,19.26,23.65,23.62,22.06,22.33
2025-03-02T00:00,2025-03-02,0,22.03,22.75,21.11,23.13,19.55,18.8,23.26,23.29,21.9,21.75
2025-03-02T01:00,2025-03-02,1,21.75,22.77,20.49,22.72,19.26,18.76,22.84,23.03,21.67,21.07
2025-03-02T02:00,2025-03-02,2,21.47,22.69,20.39,22.49,19.25,18.62,22.56,22.75,21.17,19.98
2025-03-02T03:00,2025-03-02,3,21.15,22.45,20.15,22.29,18.76,18.38,22.35,22.63,20.62,19.39
2025-03-02T04:00,2025-03-02,4,20.77,22.03,19.71,21.92,18.42,18.12,22.13,22.54,20.16,18.89
2025-03-02T05:00,2025-03-02,5,20.52,21.62,20.57,21.66,17.92,17.94,21.82,22.54,19.76,18.35
2025-03-02T06:00,2025-03-02,6,20.19,21.07,20.73,21.38,17.7,17.85,21.47,22.49,19.35,17.91
2025-03-02T07:00,2025-03-02,7,21.65,22.46,20.64,22.64,20.36,20.06,22.64,23.51,21.04,19.89
2025-03-02T08:00,2025-03-02,8,23.47,24.4,22.4,24.53,22.4,21.59,24.57,25.16,22.81,21.47
2025-03-02T09:00,2025-03-02,9,25.68,26.58,25.18,26.57,24.74,23.7,26.77,27.33,24.95,23.58
2025-03-02T10:00,2025-03-02,10,27.77,28.67,28.16,28.54,26.67,25.65,28.83,29.55,26.76,25.56
2025-03-02T11:00,2025-03-02,11,29.44,30.42,29.97,30.12,28.4,27.16,30.48,31.44,28.24,27.24
2025-03-02T12:00,2025-03-02,12,30.64,31.72,30.76,31.37,29.66,28.76,31.58,32.63,29.15,28.54
2025-03-02T13:00,2025-03-02,13,31.37,32.64,30.53,32.29,30.35,29.88,32.36,32.99,29.76,29.46
2025-03-02T14:00,2025-03-02,14,31.6,33.13,30.28,31.98,30.49,30.28,32.73,32.96,30.12,29.76
2025-03-02T15:00,2025-03-02,15,31.48,32.98,29.64,31.9,30.27,30.38,32.8,32.78,30.22,29.63
2025-03-02T16:00,2025-03-02,16,30.81,32.22,28.87,31.41,29.53,29.63,32.25,31.79,29.82,28.97
2025-03-02T17:00,2025-03-02,17,29.51,30.94,27.86,30.16,27.9,27.94,31.1,30.41,28.47,27.7
2025-03-02T18:00,2025-03-02,18,27.38,28.68,25.9,27.64,26.14,26.05,28.9,28.31,26.1,26.19
2025-03-02T19:00,2025-03-02,19,25.68,26.8,24.52,25.69,24.79,24.65,27.03,25.97,24.86,24.45
2025-03-02T20:00,2025-03-02,20,24.77,25.82,23.88,24.88,23.89,23.38,26.1,25.08,24.02,23.51
2025-03-02T21:00,2025-03-02,21,23.99,24.93,23.21,24.07,23.24,22.79,25.24,24.55,23.2,22.77
2025-03-02T22:00,2025-03-02,22,23.28,24.23,22.6,23.48,22.42,22.11,24.64,23.91,22.25,22.03
2025-03-02T23:00,2025-03-02,23,22.67,23.58,21.94,23.14,21.34,21.3,24.22,23.51,21.75,21.26
2025-03-03T00:00,2025-03-03,0,22.13,22.99,21.34,22.96,20.45,20.66,23.57,23.22,21.32,20.64
2025-03-03T01:00,2025-03-03,1,21.75,22.59,21.22,22.61,20.27,20.39,23.17,22.75,20.97,19.89
2025-03-03T02:00,2025-03-03,2,21.41,22.06,21.04,22.56,20.13,19.81,22.78,22.56,20.84,19.33
2025-03-03T03:00,2025-03-03,3,21.16,21.93,21.09,22.61,19.57,19.23,22.51,22.43,20.67,18.5
2025-03-03T04:00,2025-03-03,4,20.74,21.2,21.04,22.71,19.6,18.68,22.03,22.59,20.01,17.81
2025-03-03T05:00,2025-03-03,5,20.43,20.8,20.85,22.66,19.19,18.45,21.77,22.59,19.57,17.26
2025-03-03T06:00,2025-03-03,6,20.08,20.21,21.11,22.23,19.11,18.56,21.5,22.3,19.09,16.66
2025-03-03T07:00,2025-03-03,7,21.77,22.34,22.83,23.08,20.68,20.27,23.44,23.82,20.76,18.15
2025-03-03T08:00,2025-03-03,8,23.53,24.44,24.14,23.96,22.83,21.91,25.1,24.84,22.78,20.38
2025-03-03T09:00,2025-03-03,9,25.77,26.93,25.39,25.73,25.16,24.15,27.32,27.16,25.32,22.85
2025-03-03T10:00,2025-03-03,10,27.67,28.76,27.06,27.99,27.1,26.22,29.11,29.18,27.02,24.83
2025-03-03T11:00,2025-03-03,11,29.24,30.5,29.16,29.89,28.51,27.95,30.14,30.55,28.13,26.43
2025-03-03T12:00,2025-03-03,12,30.37,31.66,30.61,31.02,29.54,29.64,30.97,31.3,28.96,27.71
2025-03-03T13:00,2025-03-03,13,31.02,32.4,31.59,31.51,29.99,30.33,31.42,31.71,29.55,28.55
2025-03-03T14:00,2025-03-03,14,31.25,32.71,32.0,31.36,30.13,30.55,31.92,31.11,29.92,28.95
2025-03-03T15:00,2025-03-03,15,31.03,32.47,31.11,31.47,29.85,30.32,31.93,30.34,29.92,28.8
2025-03-03T16:00,2025-03-03,16,30.12,31.8,27.08,31.08,29.03,29.3,31.43,29.81,29.33,28.2
2025-03-03T17:00,2025-03-03,17,28.85,30.49,26.5,29.57,27.3,27.93,30.43,29.2,27.8,26.9
2025-03-03T18:00,2025-03-03,18,26.48,27.8,24.71,27.34,25.07,25.44,27.92,27.23,25.28,24.78
2025-03-03T19:00,2025-03-03,19,24.91,25.68,24.8,25.47,23.72,24.11,26.23,25.2,23.63,23.72
2025-03-03T20:00,2025-03-03,20,23.98,24.77,24.17,24.23,22.77,23.07,25.48,24.42,22.81,22.6
2025-03-03T21:00,2025-03-03,21,23.17,24.0,23.48,23.43,21.53,22.15,24.6,23.69,22.19,21.68
2025-03-03T22:00,2025-03-03,22,22.5,23.02,22.93,22.96,20.85,21.51,24.04,23.33,21.56,21.23
2025-03-03T23:00,2025-03-03,23,21.96,22.65,21.98,22.48,20.73,20.99,23.23,23.26,20.97,20.3
2025-03-04T00:00,2025-03-04,0,21.32,21.83,21.46,21.97,20.34,20.9,22.67,23.15,20.02,19.32
2025-03-04T01:00,2025-03-04,1,20.77,21.24,21.2,21.43,19.94,20.38,22.25,22.8,19.29,18.46
2025-03-04T02:00,2025-03-04,2,20.18,20.83,20.76,20.85,18.84,20.03,21.79,22.34,18.64,17.37
2025-03-04T03:00,2025-03-04,3,19.63,20.27,20.68,20.56,18.06,19.29,21.45,22.02,17.86,16.45
2025-03-04T04:00,2025-03-04,4,19.25,19.95,20.64,20.28,17.29,18.54,21.29,22.05,17.35,15.7
2025-03-04T05:00,2025-03-04,5,19.01,19.71,20.61,20.18,16.64,18.49,20.81,22.45,17.16,15.18
2025-03-04T06:00,2025-03-04,6,18.62,19.42,20.61,19.82,16.31,17.81,20.36,22.21,16.4,14.73
2025-03-04T07:00,2025-03-04,7,19.33,19.96,21.27,20.28,17.82,18.74,20.69,22.46,17.21,15.96
2025-03-04T08:00,2025-03-04,8,21.82,22.94,22.93,22.68,20.49,20.82,23.01,23.6,20.2,18.43
2025-03-04T09:00,2025-03-04,9,24.87,26.39,25.7,25.74,23.55,23.73,25.88,25.81,23.33,21.27
2025-03-04T10:00,2025-03-04,10,27.2,28.48,28.74,28.11,25.88,26.12,28.22,27.91,25.73,23.61
2025-03-04T11:00,2025-03-04,11,28.74,30.02,30.33,29.52,27.6,27.99,29.55,29.51,27.07,25.38
2025-03-04T12:00,2025-03-04,12,29.62,30.91,31.06,30.38,28.29,28.99,30.2,30.51,27.74,26.76
2025-03-04T13:00,2025-03-04,13,30.11,31.34,31.38,31.09,28.62,29.3,30.6,31.16,28.14,27.61
2025-03-04T14:00,2025-03-04,14,30.34,31.53,31.28,31.3,28.83,29.46,30.82,31.56,28.57,28.04
2025-03-04T15:00,2025-03-04,15,30.24,31.25,31.04,31.37,28.62,29.17,30.77,31.47,28.76,28.14
2025-03-04T16:00,2025-03-04,16,29.73,30.57,30.37,30.95,28.01,28.46,30.26,31.14,28.49,27.87
2025-03-04T17:00,2025-03-04,17,28.19,29.03,28.73,29.05,26.31,26.58,29.09,29.66,26.98,26.75
2025-03-04T18:00,2025-03-04,18,25.59,26.43,26.18,25.97,23.9,24.19,26.4,26.54,24.69,24.32
2025-03-04T19:00,2025-03-04,19,24.17,25.14,25.07,24.15,22.46,22.88,24.95,24.52,23.47,22.83
2025-03-04T20:00,2025-03-04,20,23.13,23.93,24.05,23.18,21.77,21.78,23.99,23.48,22.43,21.93
2025-03-04T21:00,2025-03-04,21,22.45,23.11,23.35,22.58,21.04,21.06,23.34,22.69,21.89,21.36
2025-03-04T22:00,2025-03-04,22,21.78,22.44,22.35,21.77,20.37,20.66,22.52,22.31,21.12,21.1
2025-03-04T23:00,2025-03-04,23,21.13,21.93,21.63,21.02,19.86,19.94,21.98,21.46,20.29,20.39
2025-03-05T00:00,2025-03-05,0,20.59,21.41,20.99,20.41,19.63,19.31,21.37,20.95,19.95,19.66
2025-03-05T01:00,2025-03-05,1,20.12,20.96,20.26,19.9,18.94,18.85,20.99,20.9,19.51,19.19
2025-03-05T02:00,2025-03-05,2,19.68,20.3,19.81,19.4,18.58,18.48,20.84,20.83,19.28,18.57
2025-03-05T03:00,2025-03-05,3,19.38,20.31,18.65,19.11,18.02,17.8,20.64,20.58,19.15,18.24
2025-03-05T04:00,2025-03-05,4,19.11,20.25,17.95,18.78,17.52,17.43,20.34,20.59,18.82,18.0
2025-03-05T05:00,2025-03-05,5,18.92,20.16,17.53,18.63,17.33,16.98,20.33,20.53,18.56,17.72
2025-03-05T06:00,2025-03-05,6,18.78,19.98,17.54,18.52,17.44,16.46,20.45,20.58,18.32,17.33
2025-03-05T07:00,2025-03-05,7,19.78,20.71,19.12,19.78,18.96,18.08,21.19,21.25,18.93,18.43
2025-03-05T08:00,2025-03-05,8,22.19,23.19,22.38,22.67,21.16,20.44,23.35,23.46,21.08,20.25
2025-03-05T09:00,2025-03-05,9,24.93,25.98,26.28,25.5,23.76,23.02,25.8,25.92,23.7,22.64
2025-03-05T10:00,2025-03-05,10,27.16,28.33,28.49,27.95,25.99,25.36,27.97,28.32,25.63,24.51
2025-03-05T11:00,2025-03-05,11,28.53,29.5,30.21,29.65,27.41,27.3,29.16,29.86,26.75,25.79
2025-03-05T12:00,2025-03-05,12,29.34,30.18,31.13,30.63,27.99,28.35,29.86,30.85,27.49,26.71
2025-03-05T13:00,2025-03-05,13,29.77,30.63,31.28,31.17,28.37,28.79,30.27,31.34,27.9,27.22
2025-03-05T14:00,2025-03-05,14,29.9,30.79,31.19,31.35,28.25,28.92,30.47,31.54,28.1,27.38
2025-03-05T15:00,2025-03-05,15,29.68,30.47,31.03,31.2,28.0,28.57,30.31,31.29,28.0,27.23
2025-03-05T16:00,2025-03-05,16,29.11,29.94,30.37,30.45,27.24,28.05,29.96,30.88,27.42,26.68
2025-03-05T17:00,2025-03-05,17,27.63,28.65,28.48,28.69,25.54,26.01,28.99,29.55,25.78,25.47
2025-03-05T18:00,2025-03-05,18,25.1,25.94,25.59,26.33,22.71,23.61,26.68,26.9,23.27,23.4
2025-03-05T19:00,2025-03-05,19,23.91,24.72,25.03,24.85,22.04,22.83,25.13,25.32,22.26,21.79
2025-03-05T20:00,2025-03-05,20,22.98,23.7,24.14,23.84,21.18,22.36,24.24,24.28,21.08,21.2
2025-03-05T21:00,2025-03-05,21,22.3,22.97,23.54,22.93,20.66,22.09,23.51,23.74,20.22,20.64
2025-03-05T22:00,2025-03-05,22,21.54,22.16,23.12,22.62,19.34,20.99,22.64,22.93,19.44,20.01
2025-03-05T23:00,2025-03-05,23,20.88,21.54,22.53,22.18,18.4,20.4,21.86,22.27,18.64,19.4
2025-03-06T00:00,2025-03-06,0,20.13,20.61,21.85,20.89,18.43,19.88,21.12,21.65,18.05,18.64
2025-03-06T01:00,2025-03-06,1,19.57,20.38,21.61,20.1,17.79,19.32,20.64,20.86,17.27,17.62
2025-03-06T02:00,2025-03-06,2,18.92,19.71,20.6,19.58,16.91,18.83,20.17,20.46,16.59,16.91
2025-03-06T03:00,2025-03-06,3,18.22,18.9,19.53,19.24,16.2,17.79,19.73,20.22,15.72,16.31
2025-03-06T04:00,2025-03-06,4,17.65,18.1,18.86,18.91,15.7,17.45,18.93,20.09,15.31,15.82
2025-03-06T05:00,2025-03-06,5,17.08,17.52,18.56,18.42,15.26,16.94,18.13,19.99,14.44,15.12
2025-03-06T06:00,2025-03-06,6,16.61,16.87,18.26,18.07,15.02,16.49,17.58,19.87,13.84,14.68
2025-03-06T07:00,2025-03-06,7,17.66,18.11,19.55,19.25,16.34,17.23,18.22,20.67,14.93,15.41
2025-03-06T08:00,2025-03-06,8,20.25,20.93,22.38,21.79,18.9,19.63,20.41,22.59,17.87,17.82
2025-03-06T09:00,2025-03-06,9,22.96,23.6,26.06,24.32,21.51,22.56,22.97,24.77,20.64,20.27
2025-03-06T10:00,2025-03-06,10,25.03,25.61,28.68,26.4,23.7,25.18,24.94,26.6,22.36,22.31
2025-03-06T11:00,2025-03-06,11,26.53,27.02,30.16,27.87,25.45,27.32,26.21,27.99,23.6,24.09
2025-03-06T12:00,2025-03-06,12,27.66,28.16,31.16,28.94,26.74,28.69,27.15,28.88,24.61,25.55
2025-03-06T13:00,2025-03-06,13,28.4,28.9,31.58,29.76,27.48,29.65,27.77,29.53,25.35,26.55
2025-03-06T14:00,2025-03-06,14,28.77,29.35,31.42,30.28,27.87,29.93,28.08,29.89,25.67,27.04
2025-03-06T15:00,2025-03-06,15,28.78,29.53,30.94,30.38,27.76,29.67,28.1,29.99,25.68,27.13
2025-03-06T16:00,2025-03-06,16,28.3,29.15,29.96,29.89,27.19,28.83,27.7,29.63,25.31,26.79
2025-03-06T17:00,2025-03-06,17,27.03,27.95,28.26,28.34,26.16,26.91,26.63,28.53,24.33,25.63
2025-03-06T18:00,2025-03-06,18,24.35,24.98,26.03,25.59,23.5,24.58,24.12,25.72,21.71,23.03
2025-03-06T19:00,2025-03-06,19,22.71,23.28,24.45,23.97,21.75,23.13,22.31,24.02,20.22,21.48
2025-03-06T20:00,2025-03-06,20,21.58,22.12,23.2,22.67,20.44,21.82,21.27,23.18,19.32,20.48
2025-03-06T21:00,2025-03-06,21,20.66,21.1,22.43,21.66,19.76,20.78,20.37,22.26,18.62,19.37
2025-03-06T22:00,2025-03-06,22,19.97,20.32,22.18,20.93,18.81,20.29,19.66,21.39,18.02,18.68
2025-03-06T23:00,2025-03-06,23,19.31,19.53,21.28,20.56,18.35,19.75,19.03,20.66,17.34,18.04
2025-03-07T00:00,2025-03-07,0,18.56,18.61,19.98,20.14,17.5,19.27,18.3,20.09,16.59,17.59
2025-03-07T01:00,2025-03-07,1,17.79,17.62,19.13,19.47,16.57,18.38,17.76,19.33,15.96,17.13
2025-03-07T02:00,2025-03-07,2,17.07,16.86,18.5,18.42,15.95,17.77,17.17,18.43,15.26,16.58
2025-03-07T03:00,2025-03-07,3,16.48,16.26,18.04,17.58,15.61,16.96,16.74,17.78,14.6,16.1
2025-03-07T04:00,2025-03-07,4,15.99,15.79,17.56,16.87,15.11,16.49,16.35,17.33,14.12,15.63
2025-03-07T05:00,2025-03-07,5,15.58,15.47,17.21,16.25,14.92,15.96,15.95,16.92,13.78,15.05
2025-03-07T06:00,2025-03-07,6,15.14,15.02,16.7,15.62,14.58,15.34,15.61,16.52,13.5,14.63
2025-03-07T07:00,2025-03-07,7,16.68,16.76,17.72,17.41,15.95,16.85,16.85,18.14,15.17,16.11
2025-03-07T08:00,2025-03-07,8,19.69,20.36,20.8,20.56,18.4,19.02,19.82,21.09,18.01,18.58
2025-03-07T09:00,2025-03-07,9,22.93,23.83,24.69,23.7,21.23,21.76,23.32,24.04,21.08,21.45
2025-03-07T10:00,2025-03-07,10,25.44,26.25,27.79,26.03,23.75,24.35,26.01,26.4,23.52,23.93
2025-03-07T11:00,2025-03-07,11,27.09,27.7,29.36,27.86,25.65,26.38,27.59,28.2,25.07,25.61
2025-03-07T12:00,2025-03-07,12,28.04,28.59,30.33,28.92,26.59,27.3,28.5,29.3,25.92,26.62
2025-03-07T13:00,2025-03-07,13,28.58,29.12,30.89,29.47,27.02,27.85,29.12,29.88,26.37,27.26
2025-03-07T14:00,2025-03-07,14,28.77,29.3,30.85,29.69,27.19,27.89,29.43,30.22,26.62,27.5
2025-03-07T15:00,2025-03-07,15,28.65,29.19,30.35,29.65,26.92,27.63,29.33,30.26,26.65,27.44
2025-03-07T16:00,2025-03-07,16,28.16,28.7,29.31,29.08,26.45,27.03,28.92,29.96,26.39,27.12
2025-03-07T17:00,2025-03-07,17,26.84,27.6,27.42,27.34,25.11,25.68,27.8,28.12,25.16,26.12
2025-03-07T18:00,2025-03-07,18,24.34,24.98,24.42,25.07,22.93,23.49,25.05,25.28,23.04,23.63
2025-03-07T19:00,2025-03-07,19,22.73,23.21,23.23,23.43,21.08,22.1,23.43,23.69,21.21,22.48
2025-03-07T20:00,2025-03-07,20,21.64,21.99,22.4,22.29,20.07,20.91,22.59,22.74,19.94,21.45
2025-03-07T21:00,2025-03-07,21,20.76,20.94,21.57,21.15,19.46,20.3,21.97,21.77,19.25,20.4
2025-03-07T22:00,2025-03-07,22,19.98,19.99,20.9,20.28,18.98,19.79,21.12,21.04,18.56,19.63
2025-03-07T23:00,2025-03-07,23,19.3,19.2,19.87,19.98,18.4,18.88,20.36,20.3,18.23,18.84
2025-03-08T00:00,2025-03-08,0,18.64,18.64,19.39,19.14,17.45,18.34,19.24,19.8,17.81,18.26
2025-03-08T01:00,2025-03-08,1,17.94,18.09,18.17,18.23,16.46,17.92,18.56,19.2,17.24,17.65
2025-03-08T02:00,2025-03-08,2,17.32,17.55,16.82,17.47,16.21,17.18,18.11,18.63,16.69,17.06
2025-03-08T03:00,2025-03-08,3,16.74,16.96,16.23,16.86,15.97,16.44,17.74,17.89,16.02,16.37
2025-03-08T04:00,2025-03-08,4,16.27,16.45,15.91,16.48,15.13,15.99,17.4,17.66,15.31,16.09
2025-03-08T05:00,2025-03-08,5,15.95,16.12,15.52,16.3,14.55,15.54,17.18,17.54,14.97,15.76
2025-03-08T06:00,2025-03-08,6,15.68,15.91,15.39,15.83,14.26,15.16,16.95,17.42,14.83,15.23
2025-03-08T07:00,2025-03-08,7,17.07,17.6,16.77,16.77,15.78,16.08,18.55,18.89,16.19,16.42
2025-03-08T08:00,2025-03-08,8,20.17,20.99,20.74,20.02,18.91,18.5,21.32,22.17,18.92,19.01
2025-03-08T09:00,2025-03-08,9,23.45,24.5,24.84,23.81,21.87,21.62,24.15,25.13,21.78,21.89
2025-03-08T10:00,2025-03-08,10,26.02,27.09,28.01,26.65,24.22,24.54,26.59,27.18,24.13,24.24
2025-03-08T11:00,2025-03-08,11,27.87,28.95,29.53,28.6,26.13,26.73,28.6,28.67,26.15,25.81
2025-03-08T12:00,2025-03-08,12,29.11,30.21,30.49,29.86,27.59,28.07,29.91,29.73,27.49,26.81
2025-03-08T13:00,2025-03-08,13,29.76,30.88,30.75,30.31,28.58,28.93,30.71,30.22,28.21,27.42
2025-03-08T14:00,2025-03-08,14,29.99,31.11,30.27,30.61,28.84,29.38,31.12,30.56,28.61,27.59
2025-03-08T15:00,2025-03-08,15,29.85,30.87,29.54,30.4,28.9,29.27,31.25,30.1,28.72,27.66
2025-03-08T16:00,2025-03-08,16,29.33,30.41,28.68,29.48,28.18,28.9,31.11,29.42,28.31,27.34
2025-03-08T17:00,2025-03-08,17,28.02,29.25,27.29,28.03,26.49,27.11,29.86,27.98,27.12,26.29
2025-03-08T18:00,2025-03-08,18,25.63,27.01,24.72,25.89,23.66,24.94,27.33,26.23,24.32,23.87
2025-03-08T19:00,2025-03-08,19,24.14,25.43,23.55,24.78,22.41,23.68,25.53,24.84,22.27,22.5
2025-03-08T20:00,2025-03-08,20,23.14,24.27,22.77,24.07,21.4,22.86,24.5,23.81,21.11,21.58
2025-03-08T21:00,2025-03-08,21,22.18,23.23,21.83,23.28,20.37,21.96,23.57,23.07,19.94,20.7
2025-03-08T22:00,2025-03-08,22,21.27,22.07,20.96,22.65,19.56,21.42,22.47,22.33,19.11,19.79
2025-03-08T23:00,2025-03-08,23,20.69,21.56,20.67,21.94,18.93,20.89,21.72,21.81,18.52,19.08
2025-03-09T00:00,2025-03-09,0,19.96,20.95,19.36,21.11,18.14,19.8,21.01,21.4,18.08,18.36
2025-03-09T01:00,2025-03-09,1,19.41,20.35,18.57,20.59,17.91,19.34,20.5,20.95,17.54,17.69
2025-03-09T02:00,2025-03-09,2,18.91,19.75,17.87,20.04,17.78,18.83,20.08,20.59,17.19,17.17
2025-03-09T03:00,2025-03-09,3,18.5,19.29,17.44,19.4,17.64,18.18,19.82,20.11,16.81,16.92
2025-03-09T04:00,2025-03-09,4,18.12,18.83,17.12,18.76,17.9,17.31,19.51,19.62,16.65,16.56
2025-03-09T05:00,2025-03-09,5,17.73,18.43,16.88,18.04,17.32,17.04,19.31,19.5,16.23,16.22
2025-03-09T06:00,2025-03-09,6,17.45,18.19,16.61,17.82,16.83,16.55,19.07,19.09,16.06,15.96
2025-03-09T07:00,2025-03-09,7,19.07,20.05,18.44,19.55,17.97,18.12,20.51,20.83,17.43,17.44
2025-03-09T08:00,2025-03-09,8,21.51,22.64,21.8,22.16,20.17,20.21,22.38,22.09,20.21,19.8
2025-03-09T09:00,2025-03-09,9,24.23,25.29,25.48,24.81,22.83,22.78,24.67,24.13,23.42,22.32
2025-03-09T10:00,2025-03-09,10,26.65,27.76,28.62,26.79,25.37,25.44,26.72,26.59,25.86,24.62
2025-03-09T11:00,2025-03-09,11,28.53,29.71,30.54,28.55,27.22,27.69,28.57,28.34,27.61,26.48
2025-03-09T12:00,2025-03-09,12,29.78,30.95,31.71,29.82,28.48,29.15,30.0,29.49,28.64,27.81
2025-03-09T13:00,2025-03-09,13,30.57,31.69,32.29,30.62,29.33,30.08,30.92,30.47,29.27,28.63
2025-03-09T14:00,2025-03-09,14,30.91,32.15,32.31,30.81,29.64,30.52,31.26,31.06,29.47,29.1
2025-03-09T15:00,2025-03-09,15,30.85,32.13,31.96,30.65,29.49,30.29,31.3,31.3,29.36,29.24
2025-03-09T16:00,2025-03-09,16,30.4,31.82,31.1,30.23,29.15,29.36,31.09,31.04,28.74,28.81
2025-03-09T17:00,2025-03-09,17,29.0,30.44,28.89,29.03,27.5,27.39,30.21,29.67,27.76,27.33
2025-03-09T18:00,2025-03-09,18,26.5,27.91,25.79,26.71,25.02,25.3,28.02,27.11,25.16,24.79
2025-03-09T19:00,2025-03-09,19,24.92,25.96,24.29,25.31,23.53,24.1,26.17,25.27,23.69,23.83
2025-03-09T20:00,2025-03-09,20,23.87,24.89,23.25,24.16,22.42,22.51,25.25,24.04,22.96,22.88
2025-03-09T21:00,2025-03-09,21,22.88,23.93,22.03,23.3,21.74,21.66,24.14,23.51,21.97,21.47
2025-03-09T22:00,2025-03-09,22,22.07,22.93,21.28,22.42,21.04,21.23,23.3,22.84,21.13,20.79
2025-03-09T23:00,2025-03-09,23,21.31,22.02,20.93,21.67,20.12,20.61,22.63,22.2,20.21,20.14
2025-03-10T00:00,2025-03-10,0,20.74,21.53,20.11,21.41,19.2,19.99,21.99,21.57,19.78,19.46
2025-03-10T01:00,2025-03-10,1,20.17,21.12,19.61,20.44,18.73,19.13,21.51,21.16,19.22,18.79
2025-03-10T02:00,2025-03-10,2,19.59,20.6,18.74,19.61,18.17,18.29,21.13,20.8,18.71,18.34
2025-03-10T03:00,2025-03-10,3,19.15,20.17,18.36,19.24,17.69,17.54,20.84,20.6,18.15,17.78
2025-03-10T04:00,2025-03-10,4,18.78,19.73,17.97,19.05,17.6,16.98,20.45,20.37,17.84,17.23
2025-03-10T05:00,2025-03-10,5,18.38,19.25,17.46,18.42,17.24,16.63,20.0,20.01,17.73,16.98
2025-03-10T06:00,2025-03-10,6,18.01,18.92,16.49,17.94,16.89,16.46,19.75,19.98,17.47,16.63
2025-03-10T07:00,2025-03-10,7,19.58,20.39,18.36,19.75,18.45,17.83,21.09,21.47,19.16,18.2
2025-03-10T08:00,2025-03-10,8,22.46,23.91,21.82,22.81,21.04,20.21,23.36,24.04,21.56,20.65
2025-03-10T09:00,2025-03-10,9,25.75,27.44,26.06,26.28,24.58,23.19,26.2,26.98,24.54,23.36
2025-03-10T10:00,2025-03-10,10,28.39,29.74,29.98,29.12,27.02,26.05,28.81,29.38,26.97,25.99
2025-03-10T11:00,2025-03-10,11,30.19,31.24,32.01,30.86,28.95,28.56,30.58,30.9,28.69,28.14
2025-03-10T12:00,2025-03-10,12,31.24,32.18,32.86,31.55,30.21,30.49,31.61,31.85,29.65,29.51
2025-03-10T13:00,2025-03-10,13,31.81,32.73,33.15,32.03,30.69,31.4,32.28,32.41,30.19,30.29
2025-03-10T14:00,2025-03-10,14,32.01,32.85,33.19,32.2,30.81,31.72,32.61,32.65,30.43,30.64
2025-03-10T15:00,2025-03-10,15,31.89,32.75,32.85,31.97,30.63,31.38,32.62,32.53,30.34,30.73
2025-03-10T16:00,2025-03-10,16,31.29,32.24,31.89,31.28,29.91,30.13,32.3,32.01,29.83,30.41
2025-03-10T17:00,2025-03-10,17,29.78,30.97,29.54,29.44,28.4,28.0,31.44,30.35,28.51,28.9
2025-03-10T18:00,2025-03-10,18,27.38,28.56,27.51,27.13,25.74,25.58,28.86,27.64,26.3,26.47
2025-03-10T19:00,2025-03-10,19,25.91,26.96,25.94,26.01,24.68,24.36,27.18,26.07,24.91,24.77
2025-03-10T20:00,2025-03-10,20,24.75,25.58,24.49,24.81,23.79,23.33,26.07,25.38,23.92,23.65
2025-03-10T21:00,2025-03-10,21,23.79,24.56,23.33,23.83,22.75,22.22,25.17,24.3,23.18,22.95
2025-03-10T22:00,2025-03-10,22,23.04,23.83,22.49,22.74,22.16,21.49,24.76,23.5,22.35,22.28
2025-03-10T23:00,2025-03-10,23,22.27,22.95,21.62,21.81,21.14,20.8,24.08,22.66,21.86,21.72
2025-03-11T00:00,2025-03-11,0,21.66,22.43,20.84,21.11,20.58,20.1,23.16,22.31,21.32,21.26
2025-03-11T01:00,2025-03-11,1,21.1,22.07,19.99,20.36,19.93,19.53,22.49,21.72,20.88,20.72
2025-03-11T02:00,2025-03-11,2,20.54,21.42,19.34,19.72,19.38,18.9,21.79,21.36,20.71,20.11
2025-03-11T03:00,2025-03-11,3,20.11,20.92,18.88,19.06,19.26,18.22,21.46,21.0,20.45,19.79
2025-03-11T04:00,2025-03-11,4,19.7,20.65,18.4,18.67,18.95,17.41,21.07,20.51,20.02,19.25
2025-03-11T05:00,2025-03-11,5,19.33,20.08,18.05,18.54,18.96,16.9,20.77,20.24,19.63,18.88
2025-03-11T06:00,2025-03-11,6,19.01,19.71,17.55,18.13,18.85,16.67,20.48,20.08,19.37,18.51
2025-03-11T07:00,2025-03-11,7,20.98,21.84,19.12,20.42,21.26,18.46,22.24,21.76,20.98,20.61
2025-03-11T08:00,2025-03-11,8,23.3,24.67,21.84,23.46,21.5,20.66,24.3,24.36,22.95,22.55
2025-03-11T09:00,2025-03-11,9,25.97,27.42,25.7,26.89,23.23,23.0,26.71,27.21,25.29,24.71
2025-03-11T10:00,2025-03-11,10,28.21,29.71,29.53,29.11,25.31,24.39,28.99,29.74,27.04,26.52
2025-03-11T11:00,2025-03-11,11,29.74,31.25,31.56,30.5,27.7,24.54,30.82,31.31,28.4,27.92
2025-03-11T12:00,2025-03-11,12,30.7,32.13,32.41,31.38,28.84,25.58,32.06,32.15,29.39,28.85
2025-03-11T13:00,2025-03-11,13,31.29,32.67,32.83,31.84,29.76,26.44,32.68,32.76,30.03,29.4
2025-03-11T14:00,2025-03-11,14,31.64,33.16,32.9,32.04,30.07,27.83,32.82,33.06,30.2,29.57
2025-03-11T15:00,2025-03-11,15,31.71,33.03,32.43,32.07,30.53,29.4,32.8,33.19,30.13,29.57
2025-03-11T16:00,2025-03-11,16,31.27,32.49,31.69,31.88,30.18,29.27,32.27,32.43,29.82,29.26
2025-03-11T17:00,2025-03-11,17,29.95,31.4,29.79,30.49,28.84,27.8,31.0,30.41,28.54,28.27
2025-03-11T18:00,2025-03-11,18,27.69,29.16,27.37,27.97,26.31,26.01,28.84,28.33,26.2,26.19
2025-03-11T19:00,2025-03-11,19,26.37,27.68,26.12,26.38,24.82,25.07,27.26,27.12,25.18,25.21
2025-03-11T20:00,2025-03-11,20,25.42,26.65,25.29,25.37,24.09,24.4,26.28,25.71,24.31,24.29
2025-03-11T21:00,2025-03-11,21,24.62,25.77,24.28,25.0,23.53,23.85,25.44,24.75,23.36,23.36
2025-03-11T22:00,2025-03-11,22,23.95,24.9,23.58,24.61,22.99,23.48,24.81,24.08,22.56,22.7
2025-03-11T23:00,2025-03-11,23,23.17,23.96,22.96,23.9,22.16,22.66,24.11,23.34,21.85,22.02
2025-03-12T00:00,2025-03-12,0,22.47,23.21,22.57,23.12,21.29,21.63,23.42,22.59,21.36,21.45
2025-03-12T01:00,2025-03-12,1,21.9,22.71,22.04,22.23,20.92,21.1,22.74,22.21,20.88,20.76
2025-03-12T02:00,2025-03-12,2,21.35,22.25,21.39,21.6,20.45,20.73,21.97,21.62,20.21,20.33
2025-03-12T03:00,2025-03-12,3,20.76,21.85,20.05,21.24,19.7,20.08,21.31,21.22,19.64,19.67
2025-03-12T04:00,2025-03-12,4,20.27,21.39,19.15,21.12,19.2,19.32,20.76,20.78,19.23,19.16
2025-03-12T05:00,2025-03-12,5,19.95,21.04,18.79,21.01,18.71,19.09,20.42,20.36,18.86,18.94
2025-03-12T06:00,2025-03-12,6,19.63,20.46,18.62,20.79,18.45,19.09,20.05,20.01,18.67,18.7
2025-03-12T07:00,2025-03-12,7,20.91,21.8,19.75,21.48,20.28,20.32,21.36,21.41,20.08,19.98
2025-03-12T08:00,2025-03-12,8,23.39,24.42,23.16,23.91,22.75,21.86,23.69,24.15,22.68,21.9
2025-03-12T09:00,2025-03-12,9,26.03,27.05,27.19,26.53,25.19,24.05,26.3,26.6,25.51,23.84
2025-03-12T10:00,2025-03-12,10,28.16,29.22,29.54,28.66,27.17,26.24,28.61,28.62,27.63,25.65
2025-03-12T11:00,2025-03-12,11,29.77,30.95,31.12,30.2,28.64,28.01,30.44,30.36,29.07,26.95
2025-03-12T12:00,2025-03-12,12,30.85,32.11,31.74,31.31,29.64,29.15,31.81,31.63,29.87,28.05
2025-03-12T13:00,2025-03-12,13,31.42,32.73,31.87,31.98,30.2,29.61,32.61,32.47,30.24,28.73
2025-03-12T14:00,2025-03-12,14,31.67,33.05,31.77,32.22,30.23,29.91,32.91,32.78,30.44,29.16
2025-03-12T15:00,2025-03-12,15,31.59,32.87,31.23,32.24,30.32,29.89,32.84,32.79,30.5,29.19
2025-03-12T16:00,2025-03-12,16,30.98,32.25,30.31,31.82,29.74,28.93,32.35,32.23,30.11,28.43
2025-03-12T17:00,2025-03-12,17,29.69,31.11,28.87,30.02,28.43,27.67,31.28,30.64,28.95,27.33
2025-03-12T18:00,2025-03-12,18,27.48,29.03,26.68,27.64,26.25,25.69,29.07,27.8,26.65,25.19
2025-03-12T19:00,2025-03-12,19,26.18,27.98,25.5,26.45,24.86,24.28,27.71,26.18,25.29,23.47
2025-03-12T20:00,2025-03-12,20,25.09,26.68,24.81,25.49,23.57,23.23,26.57,25.28,24.0,22.68
2025-03-12T21:00,2025-03-12,21,24.27,25.62,24.2,24.7,22.86,21.93,25.83,24.68,23.33,22.17
2025-03-12T22:00,2025-03-12,22,23.58,24.76,23.54,24.08,21.99,21.61,25.14,24.47,22.59,21.49
2025-03-12T23:00,2025-03-12,23,22.89,23.93,22.64,23.55,21.47,21.28,24.36,24.26,21.9,20.64
2025-03-13T00:00,2025-03-13,0,22.31,23.18,22.03,23.05,21.08,20.93,23.75,24.03,21.4,19.92
2025-03-13T01:00,2025-03-13,1,21.82,22.54,21.46,22.78,20.75,20.26,23.35,23.97,20.83,19.44
2025-03-13T02:00,2025-03-13,2,21.38,21.95,21.07,22.51,20.4,19.84,23.07,23.83,20.14,19.07
2025-03-13T03:00,2025-03-13,3,20.97,21.46,20.64,22.24,20.05,19.36,22.91,23.53,19.44,18.68
2025-03-13T04:00,2025-03-13,4,20.71,21.2,20.42,22.14,19.79,18.93,22.87,23.36,18.99,18.33
2025-03-13T05:00,2025-03-13,5,20.58,21.12,20.36,22.17,19.36,18.98,22.73,23.32,18.59,18.13
2025-03-13T06:00,2025-03-13,6,20.5,21.09,20.64,22.19,19.14,19.19,22.47,23.22,18.32,17.91
2025-03-13T07:00,2025-03-13,7,22.18,23.18,21.76,23.75,20.86,21.04,23.86,24.61,20.14,19.22
2025-03-13T08:00,2025-03-13,8,24.1,25.32,23.88,25.55,22.72,22.53,25.9,26.56,22.07,20.73
2025-03-13T09:00,2025-03-13,9,26.28,27.58,27.03,27.79,24.99,23.92,27.91,28.47,24.31,22.54
2025-03-13T10:00,2025-03-13,10,28.31,29.68,29.68,29.57,27.14,25.77,29.89,30.35,26.33,24.4
2025-03-13T11:00,2025-03-13,11,30.03,31.53,31.23,31.16,28.58,28.18,31.66,31.84,28.07,25.87
2025-03-13T12:00,2025-03-13,12,31.4,33.13,32.01,32.25,30.16,29.87,33.09,32.9,29.57,27.0
2025-03-13T13:00,2025-03-13,13,32.41,34.52,31.91,32.87,31.47,31.01,34.17,33.63,30.81,27.91
2025-03-13T14:00,2025-03-13,14,33.06,35.32,31.82,33.18,32.8,31.94,34.69,33.73,31.65,28.64
2025-03-13T15:00,2025-03-13,15,32.99,35.15,31.2,32.85,32.69,32.34,34.63,33.31,32.02,28.98
2025-03-13T16:00,2025-03-13,16,31.82,34.43,30.21,28.43,32.28,30.3,33.95,32.48,31.37,28.92
2025-03-13T17:00,2025-03-13,17,30.44,32.9,29.06,27.45,30.49,28.33,32.48,30.81,30.13,28.03
2025-03-13T18:00,2025-03-13,18,28.51,30.63,27.56,27.35,27.85,26.22,30.47,28.53,27.8,25.95
2025-03-13T19:00,2025-03-13,19,27.12,29.06,26.3,26.07,26.64,24.91,28.84,27.1,26.65,24.55
2025-03-13T20:00,2025-03-13,20,26.11,27.72,25.72,25.76,25.26,24.49,27.68,26.24,25.55,23.34
2025-03-13T21:00,2025-03-13,21,25.27,26.76,25.28,25.47,23.96,23.65,26.84,25.57,24.39,22.44
2025-03-13T22:00,2025-03-13,22,24.53,26.0,24.81,25.14,22.9,22.62,26.11,25.14,23.58,21.46
2025-03-13T23:00,2025-03-13,23,23.91,25.24,24.31,24.83,22.25,21.84,25.22,25.06,23.1,20.63
2025-03-14T00:00,2025-03-14,0,23.37,24.63,23.93,24.59,21.78,21.22,24.63,25.07,22.23,19.97
2025-03-14T01:00,2025-03-14,1,22.89,23.98,23.67,24.41,21.32,20.64,24.27,25.02,21.58,19.32
2025-03-14T02:00,2025-03-14,2,22.54,23.57,23.48,24.48,20.57,20.53,24.06,24.87,20.91,18.76
2025-03-14T03:00,2025-03-14,3,22.22,23.04,23.33,24.59,20.18,20.57,23.91,24.75,20.2,18.34
2025-03-14T04:00,2025-03-14,4,22.06,23.03,23.23,24.65,20.04,20.2,23.71,24.49,19.79,18.04
2025-03-14T05:00,2025-03-14,5,21.88,22.85,23.02,24.62,20.06,19.85,23.57,24.35,19.48,17.75
2025-03-14T06:00,2025-03-14,6,21.73,22.79,22.75,24.61,20.16,19.73,23.33,24.28,19.0,17.52
2025-03-14T07:00,2025-03-14,7,23.19,24.84,23.94,25.69,21.67,19.8,24.96,25.45,20.51,18.97
2025-03-14T08:00,2025-03-14,8,24.76,26.38,25.56,26.82,23.55,20.25,26.67,27.24,22.74,20.55
2025-03-14T09:00,2025-03-14,9,26.68,28.3,27.92,28.64,25.02,20.81,28.68,28.97,25.24,22.73
2025-03-14T10:00,2025-03-14,10,28.39,29.92,29.87,30.28,25.83,22.09,30.42,30.52,27.37,24.99
2025-03-14T11:00,2025-03-14,11,29.98,31.68,31.41,31.62,27.21,23.4,31.97,31.78,29.15,26.8
2025-03-14T12:00,2025-03-14,12,31.27,33.1,32.23,32.53,28.91,24.81,33.26,32.85,30.52,28.23
2025-03-14T13:00,2025-03-14,13,32.28,34.26,32.54,33.05,30.25,26.77,34.23,33.51,31.59,29.29
2025-03-14T14:00,2025-03-14,14,32.81,34.89,32.4,33.17,30.81,28.0,34.6,33.57,32.42,30.15
2025-03-14T15:00,2025-03-14,15,32.85,35.14,31.87,32.72,30.72,28.58,35.05,32.07,32.61,30.58
2025-03-14T16:00,2025-03-14,16,32.53,34.97,30.83,32.42,29.92,28.73,34.65,31.65,32.3,30.62
2025-03-14T17:00,2025-03-14,17,31.55,34.0,29.84,31.54,28.59,27.66,33.78,30.98,31.05,29.9
2025-03-14T18:00,2025-03-14,18,29.46,31.8,28.11,29.83,26.71,25.76,31.14,29.15,28.94,27.52
2025-03-14T19:00,2025-03-14,19,27.4,29.4,26.81,27.52,25.54,23.96,29.19,27.23,26.36,25.64
2025-03-14T20:00,2025-03-14,20,26.41,28.16,26.13,26.63,24.58,23.18,28.1,26.42,25.5,24.62
2025-03-14T21:00,2025-03-14,21,25.68,27.34,25.34,25.99,23.76,22.6,27.35,25.73,24.83,23.94
2025-03-14T22:00,2025-03-14,22,25.07,26.65,24.69,25.55,23.4,22.04,26.66,25.33,24.32,23.05
2025-03-14T23:00,2025-03-14,23,24.57,26.0,24.4,25.17,23.0,21.74,25.84,25.19,23.97,22.38
2025-03-15T00:00,2025-03-15,0,24.07,25.35,24.05,24.84,22.42,21.32,25.29,25.13,23.53,21.71
2025-03-15T01:00,2025-03-15,1,23.61,24.77,23.62,24.61,22.01,21.07,24.86,25.07,22.98,20.94
2025-03-15T02:00,2025-03-15,2,23.24,24.23,23.48,24.66,21.78,20.39,24.53,24.93,22.44,20.46
2025-03-15T03:00,2025-03-15,3,22.99,23.98,23.45,24.76,21.34,20.52,24.32,24.8,21.73,19.96
2025-03-15T04:00,2025-03-15,4,22.8,23.92,23.3,24.72,20.85,20.58,24.25,24.68,21.31,19.48
2025-03-15T05:00,2025-03-15,5,22.71,24.08,23.23,24.73,20.92,20.33,24.06,24.61,20.85,19.07
2025-03-15T06:00,2025-03-15,6,22.66,24.24,23.23,24.76,21.17,20.48,23.81,24.42,20.45,18.7
2025-03-15T07:00,2025-03-15,7,24.2,25.77,23.99,25.96,23.11,20.94,25.71,26.17,22.73,20.37
2025-03-15T08:00,2025-03-15,8,25.45,26.97,25.31,26.93,23.94,21.63,26.75,27.38,24.77,21.98
2025-03-15T09:00,2025-03-15,9,27.32,28.95,27.79,28.68,25.01,22.42,28.66,29.05,26.97,24.13
2025-03-15T10:00,2025-03-15,10,29.08,30.83,29.92,30.33,25.65,23.55,30.45,30.56,29.07,26.3
2025-03-15T11:00,2025-03-15,11,30.73,32.59,31.67,31.76,27.38,25.13,32.01,31.9,30.83,28.03
2025-03-15T12:00,2025-03-15,12,32.06,33.98,32.48,32.72,29.03,27.18,33.24,32.88,32.19,29.53
2025-03-15T13:00,2025-03-15,13,32.96,34.97,32.78,33.19,30.32,29.05,34.21,33.24,33.02,30.61
2025-03-15T14:00,2025-03-15,14,33.49,35.59,32.58,33.41,31.06,30.07,34.88,33.48,33.5,31.39
2025-03-15T15:00,2025-03-15,15,33.48,35.62,31.96,33.04,31.46,30.41,34.92,33.07,33.57,31.72
2025-03-15T16:00,2025-03-15,16,33.09,35.22,31.09,32.58,31.58,30.08,34.59,32.28,33.12,31.66
2025-03-15T17:00,2025-03-15,17,31.98,34.13,29.91,31.56,30.59,28.68,33.62,30.9,31.86,30.73
2025-03-15T18:00,2025-03-15,18,29.97,32.14,28.36,29.77,28.49,26.83,31.48,29.13,29.51,28.37
2025-03-15T19:00,2025-03-15,19,28.08,29.66,26.82,27.98,27.25,25.47,29.6,27.77,27.65,26.55
2025-03-15T20:00,2025-03-15,20,27.17,28.83,26.02,27.13,25.7,24.59,28.49,26.86,26.89,25.67
2025-03-15T21:00,2025-03-15,21,26.43,28.21,25.53,26.51,24.82,23.95,27.67,26.16,26.11,24.48
2025-03-15T22:00,2025-03-15,22,25.77,27.59,24.91,25.87,24.09,23.27,27.06,25.74,25.38,23.6
2025-03-15T23:00,2025-03-15,23,25.15,26.81,24.27,25.38,23.76,22.77,26.4,25.52,24.79,22.86
2025-03-16T00:00,2025-03-16,0,24.65,26.21,24.08,24.94,23.43,22.27,25.96,25.36,24.16,22.05
2025-03-16T01:00,2025-03-16,1,24.16,25.53,23.56,24.64,23.08,21.93,25.58,25.22,23.62,21.36
2025-03-16T02:00,2025-03-16,2,23.79,24.91,23.57,24.41,22.71,21.63,25.29,25.11,23.35,20.81
2025-03-16T03:00,2025-03-16,3,23.54,24.64,23.39,24.41,22.42,21.5,25.24,24.99,22.92,20.22
2025-03-16T04:00,2025-03-16,4,23.49,24.66,23.59,24.54,22.24,21.78,25.14,25.04,22.66,19.72
2025-03-16T05:00,2025-03-16,5,23.48,24.86,23.47,24.68,22.41,21.91,24.87,24.92,22.45,19.41
2025-03-16T06:00,2025-03-16,6,23.48,25.11,23.47,24.69,22.78,21.88,24.54,24.64,22.25,19.25
2025-03-16T07:00,2025-03-16,7,24.52,25.85,24.35,25.48,24.41,21.91,25.46,25.66,23.83,21.13
2025-03-16T08:00,2025-03-16,8,25.86,27.09,25.61,26.68,25.53,22.41,26.93,26.87,25.62,23.08
2025-03-16T09:00,2025-03-16,9,27.72,28.96,27.91,28.43,27.14,23.2,28.84,28.57,27.73,25.32
2025-03-16T10:00,2025-03-16,10,29.76,31.18,29.97,30.32,28.96,24.32,31.07,30.38,29.96,27.52
2025-03-16T11:00,2025-03-16,11,31.72,33.3,31.7,31.97,30.82,26.18,33.26,32.25,32.0,29.36
2025-03-16T12:00,2025-03-16,12,33.32,35.05,33.06,33.32,32.54,27.94,34.97,33.81,33.45,31.02
2025-03-16T13:00,2025-03-16,13,34.38,36.13,33.94,34.23,33.74,29.3,36.29,34.77,34.31,32.09
2025-03-16T14:00,2025-03-16,14,34.87,36.75,33.92,34.33,34.24,30.23,36.72,35.22,35.01,32.6
2025-03-16T15:00,2025-03-16,15,34.61,36.29,33.16,34.25,34.02,31.0,36.27,34.9,34.43,33.02
2025-03-16T16:00,2025-03-16,16,33.65,35.04,32.1,33.67,32.32,30.88,35.56,33.57,33.18,32.67
2025-03-16T17:00,2025-03-16,17,32.18,33.92,30.53,32.09,31.33,28.98,33.71,31.32,31.58,31.45
2025-03-16T18:00,2025-03-16,18,30.43,32.24,28.4,30.4,29.59,26.71,31.52,29.34,29.91,30.54
2025-03-16T19:00,2025-03-16,19,28.44,29.71,26.77,28.43,29.78,25.27,28.26,27.46,28.38,28.39
2025-03-16T20:00,2025-03-16,20,27.58,28.58,26.15,27.74,28.5,24.65,27.76,26.61,27.32,27.82
2025-03-16T21:00,2025-03-16,21,26.52,26.33,25.44,27.34,27.55,23.98,27.31,25.97,26.53,27.28
2025-03-16T22:00,2025-03-16,22,25.98,26.15,24.77,26.46,26.78,23.37,26.44,25.59,26.07,26.75
2025-03-16T23:00,2025-03-16,23,25.52,25.91,24.43,25.78,25.83,23.36,25.78,25.29,25.74,25.9
2025-03-17T00:00,2025-03-17,0,25.02,25.55,23.97,25.44,24.82,22.85,25.18,25.13,25.14,25.25
2025-03-17T01:00,2025-03-17,1,24.56,25.13,23.35,25.05,24.61,22.24,24.65,25.1,24.73,24.41
2025-03-17T02:00,2025-03-17,2,24.11,24.87,22.92,24.66,24.1,21.63,24.21,24.98,24.17,23.5
2025-03-17T03:00,2025-03-17,3,23.65,24.37,22.98,24.32,22.82,21.41,23.84,24.61,23.8,22.72
2025-03-17T04:00,2025-03-17,4,23.36,23.97,22.92,24.13,22.3,21.44,23.67,24.41,23.43,22.3
2025-03-17T05:00,2025-03-17,5,23.05,23.53,22.77,23.94,21.77,21.07,23.38,24.37,23.11,22.11
2025-03-17T06:00,2025-03-17,6,22.84,22.99,22.75,23.88,21.4,20.78,23.24,24.47,22.98,22.29
2025-03-17T07:00,2025-03-17,7,24.7,25.63,24.29,25.5,23.54,22.8,25.04,25.53,24.62,23.09
2025-03-17T08:00,2025-03-17,8,26.3,27.44,25.48,26.3,25.45,24.42,27.04,27.11,25.96,25.05
2025-03-17T09:00,2025-03-17,9,28.38,29.7,27.46,28.18,27.57,26.51,29.28,29.02,27.82,27.14
2025-03-17T10:00,2025-03-17,10,30.24,31.31,30.1,30.09,29.59,28.43,31.36,30.83,29.59,28.71
2025-03-17T11:00,2025-03-17,11,31.69,32.64,31.92,31.11,30.87,30.5,32.85,32.14,31.15,30.31
2025-03-17T12:00,2025-03-17,12,32.36,33.07,32.66,31.94,30.91,31.29,33.85,32.81,31.68,31.48
2025-03-17T13:00,2025-03-17,13,32.65,34.45,31.73,30.76,30.83,31.5,34.34,32.7,31.29,32.76
2025-03-17T14:00,2025-03-17,14,32.73,34.7,31.97,31.25,30.4,31.37,34.65,32.38,30.43,33.43
2025-03-17T15:00,2025-03-17,15,32.31,34.25,31.68,31.72,29.98,30.25,33.56,32.48,29.51,33.39
2025-03-17T16:00,2025-03-17,16,30.64,30.01,31.53,31.25,29.77,29.42,31.18,31.76,29.51,32.43
2025-03-17T17:00,2025-03-17,17,29.27,28.49,30.7,30.31,29.35,27.98,27.44,30.75,29.0,31.11
2025-03-17T18:00,2025-03-17,18,27.6,27.64,28.84,26.66,27.8,26.52,26.27,26.81,27.74,29.67
2025-03-17T19:00,2025-03-17,19,27.73,28.56,27.21,28.11,27.48,26.2,26.16,26.56,27.58,29.12
2025-03-17T20:00,2025-03-17,20,26.97,27.83,26.7,27.31,26.67,25.36,25.68,24.56,26.75,28.69
2025-03-17T21:00,2025-03-17,21,26.48,27.2,26.7,26.59,26.14,24.92,25.34,24.54,26.14,28.16
2025-03-17T22:00,2025-03-17,22,26.01,26.61,25.88,25.93,25.8,24.78,25.05,24.46,25.66,27.76
2025-03-17T23:00,2025-03-17,23,25.42,26.0,24.9,25.27,25.3,24.16,24.71,24.47,24.9,27.22
2025-03-18T00:00,2025-03-18,0,24.92,25.39,24.74,24.74,24.74,23.35,24.34,24.49,24.43,26.63
2025-03-18T01:00,2025-03-18,1,24.51,24.78,24.31,24.44,24.0,23.11,24.23,24.66,24.26,25.82
2025-03-18T02:00,2025-03-18,2,24.15,24.26,24.24,24.08,23.64,22.98,24.22,24.72,23.85,25.01
2025-03-18T03:00,2025-03-18,3,23.79,23.83,24.11,23.79,23.1,22.56,24.03,24.7,23.46,24.34
2025-03-18T04:00,2025-03-18,4,23.54,23.6,24.11,23.63,22.78,22.59,23.97,24.59,23.07,23.53
2025-03-18T05:00,2025-03-18,5,23.23,23.3,24.11,23.56,22.41,22.29,23.91,24.49,22.67,22.46
2025-03-18T06:00,2025-03-18,6,22.89,23.09,24.11,23.27,22.02,22.02,23.74,24.17,22.07,21.6
2025-03-18T07:00,2025-03-18,7,24.33,24.86,24.85,25.86,23.51,21.57,25.06,26.46,23.33,22.45
2025-03-18T08:00,2025-03-18,8,25.71,26.65,26.22,26.41,24.93,22.47,26.61,27.62,24.78,23.92
2025-03-18T09:00,2025-03-18,9,27.61,28.93,28.17,27.85,27.23,24.3,28.22,28.58,26.65,25.91
2025-03-18T10:00,2025-03-18,10,29.38,30.98,29.66,29.39,28.99,26.27,30.18,29.79,28.31,27.56
2025-03-18T11:00,2025-03-18,11,30.87,32.5,31.04,30.78,30.48,27.9,31.73,31.25,29.78,29.02
2025-03-18T12:00,2025-03-18,12,31.89,33.64,31.26,31.69,31.64,29.6,32.71,32.23,30.78,30.03
2025-03-18T13:00,2025-03-18,13,32.52,34.45,31.6,31.64,32.3,30.91,33.38,32.86,31.48,30.62
2025-03-18T14:00,2025-03-18,14,32.74,34.75,31.55,31.44,32.53,31.56,33.65,33.16,31.78,30.88
2025-03-18T15:00,2025-03-18,15,32.67,34.53,31.59,31.96,32.07,31.75,33.58,32.71,31.73,30.74
2025-03-18T16:00,2025-03-18,16,32.06,33.81,30.89,31.97,31.16,30.98,33.16,31.73,31.07,30.13
2025-03-18T17:00,2025-03-18,17,30.75,32.59,29.75,30.97,29.35,29.3,32.22,30.99,29.3,28.62
2025-03-18T18:00,2025-03-18,18,28.68,30.41,28.3,29.11,26.76,27.56,30.04,29.29,26.94,26.5
2025-03-18T19:00,2025-03-18,19,26.94,28.11,27.28,27.24,25.21,26.87,27.68,27.49,25.5,25.25
2025-03-18T20:00,2025-03-18,20,25.98,26.95,26.37,26.43,24.06,25.59,26.63,26.9,24.77,24.52
2025-03-18T21:00,2025-03-18,21,25.2,26.18,25.43,25.79,23.52,24.08,26.01,26.37,23.77,24.02
2025-03-18T22:00,2025-03-18,22,24.57,25.42,24.89,25.3,22.87,23.39,25.36,26.03,22.99,23.53
2025-03-18T23:00,2025-03-18,23,23.9,24.73,24.5,25.12,22.08,22.43,24.65,25.64,21.98,22.73
2025-03-19T00:00,2025-03-19,0,23.37,24.11,24.36,24.69,21.39,22.06,24.02,25.26,21.49,21.93
2025-03-19T01:00,2025-03-19,1,22.86,23.58,24.2,24.18,20.73,21.81,23.63,25.0,20.83,21.14
2025-03-19T02:00,2025-03-19,2,22.29,22.83,24.17,23.84,20.16,21.44,23.23,24.69,19.9,20.3
2025-03-19T03:00,2025-03-19,3,21.87,22.39,24.18,23.42,19.58,21.19,22.79,24.15,19.42,19.76
2025-03-19T04:00,2025-03-19,4,21.6,22.02,24.25,23.3,19.12,21.16,22.48,23.98,19.24,19.12
2025-03-19T05:00,2025-03-19,5,21.3,21.52,24.33,23.46,18.43,20.91,22.22,23.82,19.1,18.42
2025-03-19T06:00,2025-03-19,6,21.07,21.15,24.4,23.72,18.13,20.54,21.96,23.86,18.8,17.93
2025-03-19T07:00,2025-03-19,7,22.63,23.06,25.25,24.72,20.55,21.73,23.24,25.45,20.44,19.53
2025-03-19T08:00,2025-03-19,8,24.89,26.32,26.24,25.84,23.28,23.2,25.49,26.23,23.35,21.77
2025-03-19T09:00,2025-03-19,9,27.39,29.31,28.14,27.48,26.06,25.09,28.02,28.08,26.28,24.43
2025-03-19T10:00,2025-03-19,10,29.48,31.47,29.88,29.24,28.16,27.29,30.05,29.68,28.81,26.77
2025-03-19T11:00,2025-03-19,11,31.03,32.9,31.56,30.74,29.87,29.22,31.53,30.93,30.34,28.5
2025-03-19T12:00,2025-03-19,12,32.11,33.86,32.79,31.89,31.31,30.76,32.53,31.91,31.12,29.64
2025-03-19T13:00,2025-03-19,13,32.83,34.54,33.47,32.65,32.31,31.89,33.22,32.56,31.56,30.36
2025-03-19T14:00,2025-03-19,14,33.06,34.69,33.3,33.01,32.4,32.15,33.64,32.91,31.82,30.73
2025-03-19T15:00,2025-03-19,15,32.96,34.57,32.66,32.9,32.28,31.87,33.78,32.88,31.87,30.75
2025-03-19T16:00,2025-03-19,16,32.41,34.11,31.81,32.44,31.57,30.9,33.25,32.47,31.49,30.25
2025-03-19T17:00,2025-03-19,17,31.03,32.79,30.71,31.05,29.43,29.3,32.23,31.34,30.14,28.64
2025-03-19T18:00,2025-03-19,18,28.75,30.4,28.63,29.1,27.03,27.28,30.06,29.56,27.8,25.78
2025-03-19T19:00,2025-03-19,19,27.24,28.87,27.38,27.74,25.71,25.91,28.34,28.34,25.51,24.59
2025-03-19T20:00,2025-03-19,20,26.15,27.67,26.63,26.96,24.5,24.75,27.47,27.3,24.14,23.44
2025-03-19T21:00,2025-03-19,21,25.32,26.66,25.86,26.4,23.17,24.01,26.7,26.66,23.53,22.57
2025-03-19T22:00,2025-03-19,22,24.71,25.89,25.31,26.09,22.2,23.68,26.2,26.09,23.04,21.78
2025-03-19T23:00,2025-03-19,23,24.19,25.22,24.89,25.64,21.5,23.37,25.86,25.7,22.32,21.51
2025-03-20T00:00,2025-03-20,0,23.66,24.79,24.46,25.1,20.96,22.58,25.43,25.5,21.46,20.95
2025-03-20T01:00,2025-03-20,1,23.21,24.25,24.06,24.77,20.63,21.76,25.15,25.28,21.08,20.33
2025-03-20T02:00,2025-03-20,2,22.85,24.09,23.66,24.4,20.54,21.07,24.8,25.08,20.63,19.5
2025-03-20T03:00,2025-03-20,3,22.54,23.86,23.88,23.82,20.38,20.93,24.46,24.9,20.18,18.72
2025-03-20T04:00,2025-03-20,4,22.33,23.68,23.86,23.52,20.59,20.82,24.21,24.79,19.84,18.16
2025-03-20T05:00,2025-03-20,5,22.17,23.57,24.16,23.28,20.34,20.2,23.89,24.63,19.8,18.02
2025-03-20T06:00,2025-03-20,6,22.11,23.65,24.24,23.63,20.14,19.96,23.69,24.41,19.57,17.68
2025-03-20T07:00,2025-03-20,7,23.6,25.23,25.47,25.02,21.46,22.22,25.29,25.71,20.91,19.05
2025-03-20T08:00,2025-03-20,8,25.25,26.85,26.44,26.16,23.63,23.47,26.52,27.05,22.99,21.83
2025-03-20T09:00,2025-03-20,9,27.2,28.7,28.42,28.03,26.13,24.81,27.88,28.63,24.99,24.92
2025-03-20T10:00,2025-03-20,10,28.85,30.58,30.26,29.91,28.18,26.0,28.69,30.06,26.03,27.21
2025-03-20T11:00,2025-03-20,11,30.0,31.69,31.82,31.35,29.4,27.49,28.65,31.3,26.97,28.94
2025-03-20T12:00,2025-03-20,12,30.11,30.63,32.97,31.83,30.07,29.31,28.24,31.95,26.6,30.14
2025-03-20T13:00,2025-03-20,13,29.74,30.19,32.73,31.41,30.27,28.84,27.02,30.5,26.31,30.85
2025-03-20T14:00,2025-03-20,14,29.49,30.69,32.33,30.02,30.38,25.87,28.21,27.55,26.27,31.29
2025-03-20T15:00,2025-03-20,15,29.22,29.18,31.19,31.03,29.73,26.57,29.27,28.09,26.12,31.22
2025-03-20T16:00,2025-03-20,16,28.94,28.58,30.46,31.02,28.2,27.36,29.14,28.97,26.32,30.74
2025-03-20T17:00,2025-03-20,17,28.24,27.78,29.83,30.09,27.22,27.12,28.57,28.79,26.12,29.33
2025-03-20T18:00,2025-03-20,18,26.84,26.93,28.12,28.12,25.37,25.6,27.58,27.65,25.04,26.93
2025-03-20T19:00,2025-03-20,19,25.55,25.74,27.38,25.82,23.93,25.05,26.67,25.72,24.0,25.4
2025-03-20T20:00,2025-03-20,20,25.06,25.49,26.57,25.21,23.51,24.41,25.77,25.34,23.9,24.6
2025-03-20T21:00,2025-03-20,21,24.44,24.93,25.7,24.71,22.87,23.34,25.3,24.83,23.61,23.58
2025-03-20T22:00,2025-03-20,22,23.93,24.3,25.37,24.27,22.55,22.05,25.1,24.39,23.43,22.75
2025-03-20T23:00,2025-03-20,23,23.6,23.89,24.98,23.53,22.19,21.59,25.38,24.31,23.41,22.2
2025-03-21T00:00,2025-03-21,0,23.31,23.58,24.59,23.03,21.9,21.12,25.38,24.46,23.18,21.76
2025-03-21T01:00,2025-03-21,1,22.96,23.26,23.99,22.74,21.72,20.69,25.05,24.6,22.68,21.3
2025-03-21T02:00,2025-03-21,2,22.76,22.98,23.66,22.69,21.34,20.33,24.96,24.55,22.55,21.18
2025-03-21T03:00,2025-03-21,3,22.67,23.02,23.25,22.76,20.82,19.98,25.0,24.22,22.56,21.23
2025-03-21T04:00,2025-03-21,4,22.67,23.08,22.8,22.93,20.67,19.81,24.92,24.18,22.87,21.17
2025-03-21T05:00,2025-03-21,5,22.65,23.07,23.08,23.14,20.78,19.67,24.39,24.33,22.76,21.13
2025-03-21T06:00,2025-03-21,6,22.45,23.12,22.79,22.94,20.69,19.68,23.72,24.07,22.41,20.86
2025-03-21T07:00,2025-03-21,7,23.01,23.34,24.4,23.94,21.22,20.94,23.57,25.13,22.36,21.61
2025-03-21T08:00,2025-03-21,8,24.25,24.79,25.58,25.62,22.17,22.0,24.86,26.21,22.7,23.31
2025-03-21T09:00,2025-03-21,9,25.62,25.78,28.37,27.12,23.36,23.53,26.44,27.54,23.25,25.23
2025-03-21T10:00,2025-03-21,10,26.82,27.21,30.57,28.1,24.08,24.45,27.55,28.91,23.92,26.35
2025-03-21T11:00,2025-03-21,11,27.76,28.11,31.76,29.44,24.4,25.55,28.77,30.13,24.39,27.19
2025-03-21T12:00,2025-03-21,12,28.17,28.44,32.45,30.37,25.03,25.1,29.8,30.97,24.34,27.1
2025-03-21T13:00,2025-03-21,13,28.37,28.83,32.46,31.08,25.15,24.39,30.48,31.43,24.13,26.91
2025-03-21T14:00,2025-03-21,14,28.45,29.09,33.02,31.2,25.25,24.42,30.45,31.34,23.63,26.96
2025-03-21T15:00,2025-03-21,15,28.2,29.35,32.64,30.63,24.1,24.84,29.89,30.72,23.45,26.5
2025-03-21T16:00,2025-03-21,16,27.59,28.8,31.88,29.78,23.67,24.69,28.51,29.71,23.41,26.05
2025-03-21T17:00,2025-03-21,17,26.74,27.96,30.62,28.56,23.42,24.29,26.73,28.51,23.24,25.5
2025-03-21T18:00,2025-03-21,18,25.41,26.69,28.84,26.68,22.56,23.37,25.64,26.83,22.32,23.95
2025-03-21T19:00,2025-03-21,19,23.7,23.91,26.73,24.65,21.3,21.81,24.34,25.31,21.38,23.74
2025-03-21T20:00,2025-03-21,20,23.04,23.27,26.0,23.68,20.74,21.09,23.69,24.48,21.08,23.11
2025-03-21T21:00,2025-03-21,21,22.8,23.3,25.21,23.41,20.68,20.9,23.23,23.82,20.99,22.77
2025-03-21T22:00,2025-03-21,22,22.41,22.97,24.19,23.2,20.39,20.69,22.65,23.55,20.77,22.3
2025-03-21T23:00,2025-03-21,23,22.04,22.48,23.38,23.06,20.25,20.75,22.28,23.45,20.49,21.63
2025-03-22T00:00,2025-03-22,0,21.69,22.08,22.93,22.91,20.05,20.69,21.97,23.33,20.16,20.8
2025-03-22T01:00,2025-03-22,1,21.4,21.73,22.59,22.41,19.87,20.6,21.85,23.17,19.91,20.39
2025-03-22T02:00,2025-03-22,2,21.07,21.35,22.63,22.25,19.57,20.39,21.76,22.82,19.37,19.68
2025-03-22T03:00,2025-03-22,3,20.82,21.07,22.43,22.08,18.9,20.22,21.79,22.63,19.18,19.2
2025-03-22T04:00,2025-03-22,4,20.49,20.81,22.04,21.69,18.24,19.98,21.57,22.27,19.0,18.75
2025-03-22T05:00,2025-03-22,5,20.26,20.56,21.84,21.43,18.0,19.58,21.52,22.03,18.87,18.37
2025-03-22T06:00,2025-03-22,6,20.23,20.67,21.18,21.31,18.44,19.79,21.29,22.16,18.74,18.32
2025-03-22T07:00,2025-03-22,7,21.5,21.81,22.29,22.62,20.46,21.07,21.63,22.93,20.63,19.96
2025-03-22T08:00,2025-03-22,8,22.47,22.55,24.53,23.19,22.14,21.9,22.34,23.72,21.62,20.87
2025-03-22T09:00,2025-03-22,9,23.84,24.09,26.92,24.85,23.48,22.84,23.63,25.13,22.35,21.78
2025-03-22T10:00,2025-03-22,10,24.94,25.33,29.72,25.72,24.12,23.75,24.44,25.97,22.96,22.83
2025-03-22T11:00,2025-03-22,11,25.79,25.62,31.11,26.67,24.73,24.99,24.94,27.46,24.03,24.26
2025-03-22T12:00,2025-03-22,12,26.49,25.83,31.57,27.53,24.93,25.59,25.48,28.77,25.15,25.98
2025-03-22T13:00,2025-03-22,13,26.65,25.53,31.54,28.63,25.32,25.34,24.77,28.54,25.79,27.05
2025-03-22T14:00,2025-03-22,14,26.91,25.98,32.26,28.27,25.92,25.23,25.56,27.32,25.86,27.62
2025-03-22T15:00,2025-03-22,15,26.93,26.35,31.85,26.95,25.85,25.11,26.24,26.95,26.32,27.77
2025-03-22T16:00,2025-03-22,16,26.75,26.4,30.26,26.65,25.95,25.34,26.28,26.36,26.53,27.39
2025-03-22T17:00,2025-03-22,17,26.1,25.88,29.07,26.18,25.28,24.72,26.11,26.08,25.89,25.87
2025-03-22T18:00,2025-03-22,18,24.53,24.67,27.35,24.77,23.39,23.11,24.82,25.03,24.12,23.3
2025-03-22T19:00,2025-03-22,19,22.91,22.77,25.97,23.74,21.45,21.34,23.51,24.07,21.95,21.8
2025-03-22T20:00,2025-03-22,20,22.17,22.28,25.48,23.1,20.81,20.81,23.1,23.67,21.1,19.58
2025-03-22T21:00,2025-03-22,21,21.55,21.7,24.5,22.53,20.27,20.35,22.38,23.37,20.34,19.02
2025-03-22T22:00,2025-03-22,22,21.08,21.14,23.61,22.32,19.78,19.96,21.78,23.22,19.83,18.77
2025-03-22T23:00,2025-03-22,23,20.44,20.08,23.52,21.77,19.36,19.45,21.31,22.3,19.27,18.27
2025-03-23T00:00,2025-03-23,0,19.98,19.6,23.19,21.01,19.15,18.94,20.76,21.6,18.97,17.95
2025-03-23T01:00,2025-03-23,1,19.69,19.45,22.88,20.46,18.82,18.62,20.26,21.33,18.74,17.83
2025-03-23T02:00,2025-03-23,2,19.45,19.38,22.32,20.05,18.61,18.62,20.08,21.19,18.36,17.48
2025-03-23T03:00,2025-03-23,3,19.17,19.06,21.87,20.09,18.2,18.63,19.7,21.0,17.92,17.23
2025-03-23T04:00,2025-03-23,4,18.86,18.78,21.16,19.85,17.89,18.5,19.31,20.97,17.47,17.08
2025-03-23T05:00,2025-03-23,5,18.56,18.43,20.49,19.44,17.44,18.51,19.04,20.83,17.25,17.01
2025-03-23T06:00,2025-03-23,6,18.26,18.0,20.18,19.07,16.98,18.1,18.83,20.39,17.25,16.91
2025-03-23T07:00,2025-03-23,7,20.04,20.31,21.92,20.75,19.01,19.28,20.85,22.17,18.75,17.84
2025-03-23T08:00,2025-03-23,8,22.35,22.98,23.9,23.35,21.47,20.81,23.1,24.25,20.98,19.75
2025-03-23T09:00,2025-03-23,9,24.98,25.85,27.18,26.29,23.78,23.08,25.46,26.38,23.41,22.13
2025-03-23T10:00,2025-03-23,10,26.91,27.81,29.97,28.01,25.75,25.33,27.02,27.61,25.13,24.34
2025-03-23T11:00,2025-03-23,11,28.3,29.34,31.32,29.26,26.98,27.44,28.11,28.41,26.39,25.97
2025-03-23T12:00,2025-03-23,12,29.29,30.48,32.35,30.26,27.87,29.01,28.78,28.87,27.4,26.8
2025-03-23T13:00,2025-03-23,13,29.84,31.3,32.84,30.54,28.56,29.77,28.95,28.77,28.1,27.33
2025-03-23T14:00,2025-03-23,14,29.99,31.46,32.95,30.56,28.7,29.69,28.92,28.78,28.57,27.71
2025-03-23T15:00,2025-03-23,15,29.79,31.08,32.28,30.29,28.36,29.12,29.3,29.0,28.66,27.61
2025-03-23T16:00,2025-03-23,16,29.26,30.81,31.49,30.03,27.75,28.15,28.82,28.75,27.33,27.37
2025-03-23T17:00,2025-03-23,17,28.08,30.02,29.94,28.93,26.82,26.43,28.42,27.72,24.49,26.68
2025-03-23T18:00,2025-03-23,18,25.78,27.81,28.2,26.86,24.73,24.86,26.65,26.25,20.74,23.52
2025-03-23T19:00,2025-03-23,19,23.9,25.46,26.06,24.28,23.78,21.47,22.96,23.27,22.24,22.58
2025-03-23T20:00,2025-03-23,20,22.87,24.08,24.71,23.13,22.39,21.22,22.25,22.59,21.55,21.7
2025-03-23T21:00,2025-03-23,21,22.1,23.15,23.92,22.39,21.45,20.79,21.77,22.11,20.68,20.93
2025-03-23T22:00,2025-03-23,22,21.45,22.34,23.05,22.04,20.9,20.21,21.57,21.57,19.91,20.04
2025-03-23T23:00,2025-03-23,23,20.94,21.6,22.65,21.58,20.15,19.42,21.25,21.95,19.58,19.41
2025-03-24T00:00,2025-03-24,0,20.32,20.79,22.36,21.07,19.34,19.05,20.42,21.52,19.02,18.96
2025-03-24T01:00,2025-03-24,1,19.81,20.03,22.26,20.28,18.72,18.77,19.89,21.42,18.59,18.67
2025-03-24T02:00,2025-03-24,2,19.25,19.46,21.44,19.62,18.15,18.24,19.6,20.68,17.98,18.39
2025-03-24T03:00,2025-03-24,3,18.83,18.91,21.12,19.15,17.78,17.78,19.33,20.16,17.62,18.08
2025-03-24T04:00,2025-03-24,4,18.48,18.45,20.74,18.66,17.64,17.46,19.01,19.75,17.43,17.81
2025-03-24T05:00,2025-03-24,5,18.21,18.12,20.24,18.32,17.52,17.35,18.77,19.4,17.28,17.64
2025-03-24T06:00,2025-03-24,6,17.92,17.87,19.68,18.11,17.12,16.92,18.53,19.13,17.06,17.45
2025-03-24T07:00,2025-03-24,7,20.22,20.48,21.36,20.68,19.55,19.21,20.87,21.5,19.04,19.3
2025-03-24T08:00,2025-03-24,8,22.94,23.69,24.09,23.74,22.02,21.25,23.27,23.85,21.64,21.66
2025-03-24T09:00,2025-03-24,9,25.77,26.81,27.43,26.61,24.58,23.87,25.91,26.19,24.25,24.31
2025-03-24T10:00,2025-03-24,10,28.09,29.27,29.94,28.8,26.85,26.45,27.98,28.05,26.58,26.57
2025-03-24T11:00,2025-03-24,11,29.59,30.82,31.35,30.15,28.59,28.52,29.36,29.3,27.95,28.12
2025-03-24T12:00,2025-03-24,12,30.6,31.88,32.27,31.08,29.66,30.16,30.28,30.09,28.73,29.15
2025-03-24T13:00,2025-03-24,13,31.23,32.58,32.85,31.73,30.32,30.93,30.85,30.63,29.2,29.84
2025-03-24T14:00,2025-03-24,14,31.5,32.78,33.03,32.1,30.56,31.19,31.07,30.87,29.49,30.31
2025-03-24T15:00,2025-03-24,15,31.37,32.54,32.74,32.12,30.39,30.86,30.92,30.8,29.48,30.37
2025-03-24T16:00,2025-03-24,16,30.82,31.9,32.07,31.74,29.73,29.72,30.54,30.35,29.12,30.02
2025-03-24T17:00,2025-03-24,17,29.56,30.68,30.56,30.36,28.02,27.77,29.59,29.09,28.15,29.13
2025-03-24T18:00,2025-03-24,18,27.3,28.55,28.17,27.45,26.15,25.69,27.43,26.64,26.08,26.72
2025-03-24T19:00,2025-03-24,19,25.81,26.69,26.99,26.11,25.08,24.49,25.99,25.06,24.62,25.28
2025-03-24T20:00,2025-03-24,20,24.76,25.54,25.89,25.11,24.31,23.62,24.84,24.33,23.56,24.08
2025-03-24T21:00,2025-03-24,21,23.9,24.59,24.93,24.44,23.54,22.92,24.09,23.53,22.56,23.11
2025-03-24T22:00,2025-03-24,22,23.09,23.77,23.76,23.63,22.82,22.19,23.36,22.75,21.87,22.32
2025-03-24T23:00,2025-03-24,23,22.35,23.03,22.84,22.85,22.14,21.52,22.73,22.01,21.14,21.54
2025-03-25T00:00,2025-03-25,0,21.74,22.43,22.16,22.14,21.59,20.76,22.29,21.42,20.4,21.05
2025-03-25T01:00,2025-03-25,1,21.19,21.88,21.53,21.43,21.21,20.33,21.95,20.79,19.72,20.59
2025-03-25T02:00,2025-03-25,2,20.61,21.48,20.65,20.8,20.84,19.64,21.27,20.29,18.97,20.01
2025-03-25T03:00,2025-03-25,3,20.06,21.16,19.98,20.26,20.28,18.76,20.47,19.85,18.35,19.45
2025-03-25T04:00,2025-03-25,4,19.54,20.65,19.38,19.8,19.76,18.15,19.81,19.46,17.85,18.98
2025-03-25T05:00,2025-03-25,5,19.13,20.14,18.88,19.5,19.08,17.76,19.5,19.22,17.64,18.58
2025-03-25T06:00,2025-03-25,6,18.74,19.59,18.41,19.17,18.49,17.44,19.37,19.04,17.41,18.14
2025-03-25T07:00,2025-03-25,7,20.73,21.53,20.47,21.37,20.64,19.05,21.53,21.29,19.44,19.74
2025-03-25T08:00,2025-03-25,8,23.61,24.6,23.46,24.24,23.39,21.19,24.33,24.07,22.52,22.49
2025-03-25T09:00,2025-03-25,9,26.52,27.7,26.93,26.94,25.85,23.77,27.03,26.88,25.52,25.39
2025-03-25T10:00,2025-03-25,10,28.79,30.0,29.38,29.2,27.82,26.35,29.08,28.96,27.84,27.78
2025-03-25T11:00,2025-03-25,11,30.41,31.49,31.08,30.89,29.56,28.9,30.38,30.09,29.38,29.57
2025-03-25T12:00,2025-03-25,12,31.47,32.52,32.24,31.98,30.63,30.72,31.22,30.91,30.12,30.83
2025-03-25T13:00,2025-03-25,13,32.13,33.16,32.78,32.72,31.28,31.98,31.74,31.44,30.54,31.58
2025-03-25T14:00,2025-03-25,14,32.41,33.45,32.84,33.06,31.64,32.28,32.03,31.63,30.76,31.98
2025-03-25T15:00,2025-03-25,15,32.33,33.38,32.59,33.13,31.5,31.94,32.0,31.55,30.74,32.01
2025-03-25T16:00,2025-03-25,16,31.85,32.81,32.0,32.72,30.88,31.09,31.66,31.17,30.42,31.64
2025-03-25T17:00,2025-03-25,17,30.56,31.62,30.38,31.39,29.29,29.05,30.68,29.98,29.41,30.44
2025-03-25T18:00,2025-03-25,18,28.2,29.43,27.98,28.53,27.1,26.94,28.54,27.39,26.99,27.9
2025-03-25T19:00,2025-03-25,19,26.38,27.28,26.65,27.05,25.45,25.45,26.57,25.61,25.0,26.15
2025-03-25T20:00,2025-03-25,20,25.33,26.26,25.74,25.87,24.45,24.55,25.64,24.38,23.93,24.98
2025-03-25T21:00,2025-03-25,21,24.57,25.24,25.74,25.1,23.33,24.33,24.79,23.62,23.16,24.26
2025-03-25T22:00,2025-03-25,22,23.68,24.0,25.02,24.36,22.27,23.88,24.12,22.9,22.45,23.32
2025-03-25T23:00,2025-03-25,23,22.83,23.02,24.19,23.48,21.36,23.08,23.41,22.2,21.86,22.23
2025-03-26T00:00,2025-03-26,0,22.11,22.33,23.26,22.47,20.7,22.15,22.89,21.87,21.27,21.49
2025-03-26T01:00,2025-03-26,1,21.42,21.5,22.1,21.69,20.23,21.35,22.3,21.54,20.75,21.06
2025-03-26T02:00,2025-03-26,2,20.87,20.93,21.29,21.06,19.86,20.68,21.91,21.07,20.31,20.51
2025-03-26T03:00,2025-03-26,3,20.38,20.55,20.63,20.61,19.4,19.78,21.43,20.71,19.81,20.04
2025-03-26T04:00,2025-03-26,4,20.01,20.19,20.34,20.08,19.08,19.07,21.18,20.39,19.48,19.74
2025-03-26T05:00,2025-03-26,5,19.64,19.85,19.86,19.43,18.88,18.42,20.83,20.22,19.35,19.3
2025-03-26T06:00,2025-03-26,6,19.33,19.55,19.41,18.71,18.3,17.9,20.75,20.09,19.43,19.08
2025-03-26T07:00,2025-03-26,7,21.46,21.8,21.32,20.78,20.29,19.57,23.03,22.14,21.58,21.37
2025-03-26T08:00,2025-03-26,8,24.64,25.62,24.62,24.49,23.42,21.87,25.66,25.16,24.41,23.94
2025-03-26T09:00,2025-03-26,9,27.55,28.71,28.36,27.57,25.95,24.67,28.16,27.92,27.15,26.55
2025-03-26T10:00,2025-03-26,10,29.74,30.79,30.9,29.69,28.08,27.21,30.28,29.82,29.4,28.8
2025-03-26T11:00,2025-03-26,11,31.33,32.26,32.19,31.16,29.89,29.33,31.94,31.11,30.98,30.67
2025-03-26T12:00,2025-03-26,12,32.35,33.22,33.15,32.13,31.02,30.9,33.01,31.96,31.88,31.73
2025-03-26T13:00,2025-03-26,13,33.02,34.02,33.46,32.88,31.63,32.01,33.56,32.52,32.32,32.42
2025-03-26T14:00,2025-03-26,14,33.32,34.42,33.44,33.24,32.04,32.32,33.9,32.83,32.51,32.71
2025-03-26T15:00,2025-03-26,15,33.25,34.35,33.06,33.29,32.03,32.09,33.83,32.81,32.47,32.67
2025-03-26T16:00,2025-03-26,16,32.73,33.84,32.29,32.77,31.66,31.03,33.47,32.56,32.02,32.22
2025-03-26T17:00,2025-03-26,17,31.49,32.89,30.58,31.55,30.04,28.96,32.62,31.69,30.63,30.96
2025-03-26T18:00,2025-03-26,18,29.15,30.69,28.35,29.12,27.58,26.78,30.1,28.84,28.44,28.58
2025-03-26T19:00,2025-03-26,19,27.51,28.77,27.39,27.6,26.02,25.5,28.19,27.02,26.84,26.97
2025-03-26T20:00,2025-03-26,20,26.46,27.63,26.53,26.77,25.32,24.54,27.1,26.13,25.41,25.81
2025-03-26T21:00,2025-03-26,21,25.57,26.63,25.55,25.58,24.61,23.93,26.25,25.57,24.62,25.05
2025-03-26T22:00,2025-03-26,22,24.91,26.06,24.41,25.17,24.05,23.38,25.66,24.8,23.86,24.16
2025-03-26T23:00,2025-03-26,23,24.32,25.4,23.81,24.57,23.37,22.75,25.03,24.5,23.4,23.66
2025-03-27T00:00,2025-03-27,0,23.76,24.86,23.48,23.89,22.51,22.41,24.29,24.25,22.86,23.02
2025-03-27T01:00,2025-03-27,1,23.13,24.15,23.1,23.27,21.77,21.5,23.8,23.93,22.17,22.41
2025-03-27T02:00,2025-03-27,2,22.6,23.67,22.04,22.68,21.08,20.61,23.32,23.89,22.05,21.79
2025-03-27T03:00,2025-03-27,3,22.09,22.99,21.18,22.1,20.56,20.21,23.05,23.85,21.78,21.28
2025-03-27T04:00,2025-03-27,4,21.77,22.62,20.59,21.79,20.22,19.55,22.9,23.72,21.66,21.03
2025-03-27T05:00,2025-03-27,5,21.55,22.28,20.24,21.74,20.37,19.2,22.85,23.58,21.27,20.81
2025-03-27T06:00,2025-03-27,6,21.31,21.98,20.22,21.34,20.24,19.06,22.84,23.39,20.91,20.51
2025-03-27T07:00,2025-03-27,7,23.32,24.19,22.43,23.06,22.58,20.94,24.38,24.72,23.0,22.67
2025-03-27T08:00,2025-03-27,8,25.72,26.65,25.71,25.86,24.72,23.15,26.41,26.74,25.18,24.93
2025-03-27T09:00,2025-03-27,9,28.1,28.98,28.98,28.23,26.99,25.96,28.51,28.76,27.36,27.27
2025-03-27T10:00,2025-03-27,10,30.29,31.12,31.09,30.57,29.09,28.62,30.74,30.64,29.48,29.43
2025-03-27T11:00,2025-03-27,11,32.14,33.09,32.44,32.5,30.7,30.68,32.87,32.3,31.28,31.17
2025-03-27T12:00,2025-03-27,12,33.33,34.31,33.02,33.48,31.86,31.98,34.44,33.33,32.67,32.44
2025-03-27T13:00,2025-03-27,13,34.03,35.24,33.45,33.95,32.47,32.46,35.2,33.87,33.52,33.07
2025-03-27T14:00,2025-03-27,14,34.31,35.7,33.44,33.93,32.79,32.62,35.44,34.07,33.89,33.51
2025-03-27T15:00,2025-03-27,15,34.25,35.57,32.9,33.85,32.9,32.66,35.43,34.01,33.94,33.66
2025-03-27T16:00,2025-03-27,16,33.82,35.14,31.96,33.39,32.76,32.02,34.98,33.67,33.67,33.4
2025-03-27T17:00,2025-03-27,17,32.52,34.22,30.58,32.15,31.53,30.33,33.52,31.81,32.08,32.12
2025-03-27T18:00,2025-03-27,18,30.16,31.78,28.76,30.06,29.05,28.58,30.77,29.21,29.44,29.75
2025-03-27T19:00,2025-03-27,19,28.25,29.39,27.48,28.66,27.47,26.76,28.89,27.75,27.48,27.5
2025-03-27T20:00,2025-03-27,20,27.1,27.85,26.78,28.08,26.34,25.74,27.47,26.75,26.24,26.62
2025-03-27T21:00,2025-03-27,21,26.17,26.82,26.21,27.14,25.17,25.16,26.32,26.0,25.11,25.85
2025-03-27T22:00,2025-03-27,22,25.43,25.99,25.8,26.4,24.38,25.03,25.43,25.48,24.31,24.9
2025-03-27T23:00,2025-03-27,23,24.87,25.4,25.08,25.77,24.17,24.47,24.66,25.01,23.83,24.45
2025-03-28T00:00,2025-03-28,0,24.25,24.86,24.44,25.04,23.65,23.23,23.97,24.76,23.16,23.99
2025-03-28T01:00,2025-03-28,1,23.81,24.28,24.22,24.48,23.29,22.97,23.64,24.56,22.78,23.4
2025-03-28T02:00,2025-03-28,2,23.39,23.8,23.93,24.12,22.89,22.33,23.42,24.38,22.31,22.87
2025-03-28T03:00,2025-03-28,3,23.07,23.3,24.0,23.88,22.28,22.16,23.33,24.25,21.86,22.44
2025-03-28T04:00,2025-03-28,4,22.78,23.02,23.96,23.66,21.6,21.74,23.08,24.06,21.56,22.14
2025-03-28T05:00,2025-03-28,5,22.57,22.82,23.93,23.58,21.26,21.3,23.06,23.7,21.24,21.93
2025-03-28T06:00,2025-03-28,6,22.3,22.5,23.67,23.5,20.93,21.01,23.03,23.24,20.81,21.63
2025-03-28T07:00,2025-03-28,7,24.6,25.08,24.57,25.61,23.8,23.66,25.25,25.21,23.3,23.97
2025-03-28T08:00,2025-03-28,8,26.79,27.66,26.3,27.39,26.13,25.64,27.59,27.26,25.47,25.95
2025-03-28T09:00,2025-03-28,9,29.13,30.27,28.67,29.68,28.33,27.65,30.0,29.63,27.56,28.13
2025-03-28T10:00,2025-03-28,10,31.3,32.59,30.88,32.02,30.33,29.81,32.36,31.79,29.47,29.96
2025-03-28T11:00,2025-03-28,11,33.16,34.56,32.88,33.93,31.97,31.84,34.44,33.52,31.13,31.5
2025-03-28T12:00,2025-03-28,12,34.51,36.1,34.24,35.09,33.47,33.13,35.75,34.67,32.44,32.66
2025-03-28T13:00,2025-03-28,13,35.29,36.98,34.61,35.65,34.34,34.03,36.43,35.38,33.44,33.55
2025-03-28T14:00,2025-03-28,14,35.63,37.41,34.3,35.61,34.95,34.63,36.76,35.54,34.06,34.06
2025-03-28T15:00,2025-03-28,15,35.58,37.49,33.63,35.22,35.21,34.72,36.54,35.19,34.34,34.15
2025-03-28T16:00,2025-03-28,16,35.02,37.09,32.69,34.65,34.45,33.97,35.97,33.94,34.0,33.86
2025-03-28T17:00,2025-03-28,17,33.55,35.63,31.33,33.38,32.65,32.3,34.43,32.22,32.65,32.52
2025-03-28T18:00,2025-03-28,18,31.0,32.86,29.26,31.29,30.07,30.2,31.47,29.48,29.89,30.09
2025-03-28T19:00,2025-03-28,19,29.13,30.65,27.51,29.45,27.75,28.47,30.04,27.78,28.19,28.46
2025-03-28T20:00,2025-03-28,20,28.14,29.46,26.54,28.38,27.07,27.77,28.85,26.95,27.51,27.45
2025-03-28T21:00,2025-03-28,21,27.19,28.38,25.71,27.35,26.64,27.13,27.71,26.42,26.27,26.51
2025-03-28T22:00,2025-03-28,22,26.35,27.26,25.13,26.54,25.16,27.4,26.77,26.06,25.46,25.7
2025-03-28T23:00,2025-03-28,23,25.69,26.48,24.71,25.81,24.36,27.12,25.96,25.77,24.65,25.3
2025-03-29T00:00,2025-03-29,0,25.09,25.77,24.37,25.3,24.02,25.69,25.45,25.53,23.97,24.78
2025-03-29T01:00,2025-03-29,1,24.52,25.23,24.05,24.83,22.86,24.22,25.07,25.34,23.54,24.2
2025-03-29T02:00,2025-03-29,2,24.1,24.94,23.7,24.52,22.04,23.6,24.67,25.15,22.97,23.74
2025-03-29T03:00,2025-03-29,3,23.69,24.64,23.54,24.24,21.66,23.09,24.34,24.94,22.17,23.06
2025-03-29T04:00,2025-03-29,4,23.4,24.39,23.41,24.1,21.27,22.98,24.0,24.72,21.69,22.56
2025-03-29T05:00,2025-03-29,5,23.06,23.92,23.3,24.0,20.95,22.81,23.68,24.42,21.36,21.89
2025-03-29T06:00,2025-03-29,6,22.7,23.36,23.22,24.1,20.47,22.58,23.34,24.25,20.93,21.29
2025-03-29T07:00,2025-03-29,7,24.76,25.45,24.68,26.09,23.3,24.73,25.2,26.06,23.17,23.36
2025-03-29T08:00,2025-03-29,8,26.89,27.65,26.64,28.13,25.71,26.09,27.5,27.85,25.61,25.47
2025-03-29T09:00,2025-03-29,9,29.12,29.97,29.02,30.13,27.91,27.88,30.1,29.5,28.22,27.36
2025-03-29T10:00,2025-03-29,10,31.13,32.24,31.07,31.76,29.97,29.64,32.36,31.09,30.29,29.16
2025-03-29T11:00,2025-03-29,11,32.83,34.29,32.68,33.26,31.79,31.35,34.09,32.52,31.78,30.52
2025-03-29T12:00,2025-03-29,12,34.09,35.96,33.64,34.32,33.28,32.91,35.16,33.51,32.74,31.52
2025-03-29T13:00,2025-03-29,13,34.88,36.97,33.8,35.16,34.37,34.23,35.66,34.16,33.44,32.16
2025-03-29T14:00,2025-03-29,14,35.11,37.31,33.58,35.19,34.48,34.76,35.9,34.43,33.7,32.45
2025-03-29T15:00,2025-03-29,15,34.89,37.19,32.9,34.91,34.15,34.75,35.79,34.22,33.52,32.23
2025-03-29T16:00,2025-03-29,16,34.11,36.49,31.59,34.32,32.97,34.01,35.12,33.23,32.87,31.53
2025-03-29T17:00,2025-03-29,17,32.5,34.94,30.13,33.12,30.92,31.8,33.53,31.51,31.32,29.93
2025-03-29T18:00,2025-03-29,18,29.93,31.92,28.54,31.17,28.28,29.56,30.58,29.53,28.23,27.46
2025-03-29T19:00,2025-03-29,19,28.18,29.93,27.0,29.1,26.67,27.94,29.11,28.13,26.59,25.77
2025-03-29T20:00,2025-03-29,20,27.0,28.55,26.23,28.0,25.84,26.68,27.88,27.27,25.24,24.59
2025-03-29T21:00,2025-03-29,21,26.12,27.52,25.5,27.13,25.24,25.85,26.91,26.57,24.09,24.04
2025-03-29T22:00,2025-03-29,22,25.3,26.63,24.78,26.51,24.31,25.08,25.93,26.13,23.1,23.3
2025-03-29T23:00,2025-03-29,23,24.58,25.85,24.56,25.94,23.29,24.25,25.21,25.95,22.3,22.22
2025-03-30T00:00,2025-03-30,0,23.91,25.19,24.35,25.52,22.09,23.79,24.66,25.7,21.29,21.16
2025-03-30T01:00,2025-03-30,1,23.43,24.61,24.18,25.09,21.81,23.55,24.26,25.47,20.66,20.37
2025-03-30T02:00,2025-03-30,2,22.92,23.83,24.32,24.83,21.14,23.48,23.94,25.09,19.89,19.61
2025-03-30T03:00,2025-03-30,3,22.44,23.23,24.68,24.53,19.98,23.38,23.55,24.68,18.93,19.17
2025-03-30T04:00,2025-03-30,4,22.17,23.04,24.67,24.44,19.28,23.39,23.44,24.98,17.99,18.77
2025-03-30T05:00,2025-03-30,5,22.01,23.15,24.44,24.7,18.76,23.11,23.12,24.97,17.55,18.21
2025-03-30T06:00,2025-03-30,6,21.97,23.5,24.26,24.91,18.63,22.91,22.95,25.09,17.08,17.77
2025-03-30T07:00,2025-03-30,7,23.75,24.89,25.39,26.07,21.3,25.09,24.48,26.29,19.93,20.14
2025-03-30T08:00,2025-03-30,8,25.76,26.52,27.07,27.72,24.14,25.98,26.48,27.7,23.18,22.84
2025-03-30T09:00,2025-03-30,9,28.03,28.7,29.08,29.69,26.94,27.43,28.67,29.27,26.39,25.4
2025-03-30T10:00,2025-03-30,10,30.12,30.83,31.0,31.46,29.09,29.1,30.7,30.63,29.13,27.75
2025-03-30T11:00,2025-03-30,11,31.81,32.75,32.53,32.79,30.94,30.81,32.22,31.7,30.97,29.57
2025-03-30T12:00,2025-03-30,12,33.08,34.34,33.23,33.85,32.45,32.18,33.48,32.58,32.04,30.93
2025-03-30T13:00,2025-03-30,13,33.93,35.47,33.28,34.57,33.42,33.16,34.46,33.12,32.67,32.01
2025-03-30T14:00,2025-03-30,14,34.32,36.01,33.11,34.75,33.99,33.62,34.96,33.39,32.96,32.64
2025-03-30T15:00,2025-03-30,15,34.31,36.17,32.78,34.55,34.03,33.75,35.02,33.17,32.84,32.65
2025-03-30T16:00,2025-03-30,16,33.8,35.81,32.06,34.09,33.24,33.23,34.75,32.62,32.21,31.99
2025-03-30T17:00,2025-03-30,17,32.44,34.63,30.76,33.07,31.26,31.48,33.79,31.54,30.57,30.2
2025-03-30T18:00,2025-03-30,18,30.04,32.44,28.74,30.82,28.48,28.91,31.77,29.72,27.66,27.12
2025-03-30T19:00,2025-03-30,19,28.19,30.28,27.12,29.11,27.15,27.67,29.58,28.31,25.62,25.21
2025-03-30T20:00,2025-03-30,20,27.07,29.12,26.05,28.09,25.56,26.74,28.68,27.4,24.5,23.99
2025-03-30T21:00,2025-03-30,21,26.17,28.16,25.69,27.34,24.45,25.79,27.88,26.65,23.5,22.78
2025-03-30T22:00,2025-03-30,22,25.51,27.51,24.92,26.56,23.8,25.41,27.31,26.06,22.92,21.9
2025-03-30T23:00,2025-03-30,23,24.99,26.99,24.56,25.88,23.39,25.26,26.71,25.58,22.38,21.1
2025-03-31T00:00,2025-03-31,0,24.51,26.42,24.13,25.37,23.01,24.45,26.25,25.45,22.05,20.7
2025-03-31T01:00,2025-03-31,1,24.02,25.87,23.57,25.06,22.8,23.66,25.67,25.28,21.5,20.17
2025-03-31T02:00,2025-03-31,2,23.64,25.4,23.08,24.78,22.22,23.59,25.17,25.12,21.34,19.66
2025-03-31T03:00,2025-03-31,3,23.27,24.94,22.86,24.57,21.76,23.34,24.75,24.9,20.83,19.32
2025-03-31T04:00,2025-03-31,4,22.96,24.57,23.01,24.31,21.15,22.76,24.6,24.76,20.43,19.04
2025-03-31T05:00,2025-03-31,5,22.8,24.32,23.36,24.27,20.88,22.25,24.51,24.62,20.4,18.6
2025-03-31T06:00,2025-03-31,6,22.73,24.22,23.58,24.15,20.96,22.21,24.66,24.62,20.43,17.93
2025-03-31T07:00,2025-03-31,7,24.63,26.11,25.01,25.45,23.37,24.39,26.12,25.89,23.13,20.26
2025-03-31T08:00,2025-03-31,8,26.71,27.95,26.61,27.36,26.14,26.46,27.36,27.46,25.69,23.55
2025-03-31T09:00,2025-03-31,9,28.78,29.92,28.67,29.21,28.25,28.11,29.05,28.99,28.03,26.74
2025-03-31T10:00,2025-03-31,10,30.56,31.73,30.54,30.74,30.01,29.59,30.85,30.39,29.88,28.98
2025-03-31T11:00,2025-03-31,11,31.99,33.13,32.03,32.22,31.53,30.93,32.21,31.57,31.23,30.65
2025-03-31T12:00,2025-03-31,12,33.17,34.48,33.06,33.4,32.73,31.86,33.39,32.47,32.32,31.89
2025-03-31T13:00,2025-03-31,13,33.96,35.5,33.13,34.14,33.42,32.32,34.49,33.13,33.14,32.79
2025-03-31T14:00,2025-03-31,14,34.35,35.92,33.05,34.46,33.86,32.55,34.94,33.47,33.72,33.33
2025-03-31T15:00,2025-03-31,15,34.36,36.02,32.72,34.31,33.86,32.69,35.01,33.51,33.83,33.31
2025-03-31T16:00,2025-03-31,16,33.92,35.63,31.94,33.85,33.36,32.52,34.79,32.59,33.6,32.72
2025-03-31T17:00,2025-03-31,17,32.81,34.64,30.64,32.83,31.95,31.28,33.98,31.22,32.57,31.37
2025-03-31T18:00,2025-03-31,18,30.75,32.69,28.84,30.87,29.39,29.39,32.05,29.61,30.35,28.79
2025-03-31T19:00,2025-03-31,19,28.77,30.44,27.42,28.97,27.57,28.3,29.65,28.26,28.18,26.54
2025-03-31T20:00,2025-03-31,20,27.87,29.41,26.69,28.04,27.11,27.66,28.66,27.42,27.32,25.39
2025-03-31T21:00,2025-03-31,21,27.05,28.49,25.91,27.36,26.08,26.68,27.97,26.85,26.5,24.67
2025-03-31T22:00,2025-03-31,22,26.43,27.88,25.42,26.79,25.6,26.04,27.5,26.39,25.47,23.98
2025-03-31T23:00,2025-03-31,23,25.8,27.29,25.03,26.27,24.48,25.34,26.95,26.02,24.71,23.28
2025-04-01T00:00,2025-04-01,0,25.29,26.71,24.63,25.73,24.13,25.16,26.29,25.69,24.05,22.75
2025-04-01T01:00,2025-04-01,1,24.78,26.1,24.27,25.28,23.92,24.73,25.73,25.34,23.62,21.97
2025-04-01T02:00,2025-04-01,2,24.37,25.6,24.27,24.92,23.68,24.32,25.26,25.11,23.48,20.9
2025-04-01T03:00,2025-04-01,3,24.07,25.23,24.17,24.65,23.57,24.08,24.98,24.84,23.46,20.13
2025-04-01T04:00,2025-04-01,4,23.86,24.88,24.2,24.36,23.69,23.81,24.82,24.56,23.55,19.56
2025-04-01T05:00,2025-04-01,5,23.66,24.59,24.2,24.13,23.3,23.23,24.8,24.35,23.65,19.35
2025-04-01T06:00,2025-04-01,6,23.52,24.43,24.01,24.19,22.92,22.85,24.75,24.08,23.56,19.31
2025-04-01T07:00,2025-04-01,7,25.29,26.24,25.76,26.02,24.49,22.52,26.54,26.07,25.56,22.02
2025-04-01T08:00,2025-04-01,8,26.88,27.9,27.47,27.59,25.94,22.81,28.03,27.83,26.79,24.7
2025-04-01T09:00,2025-04-01,9,28.58,29.65,29.3,29.28,27.5,23.65,29.81,29.34,28.28,27.05
2025-04-01T10:00,2025-04-01,10,30.26,31.44,30.96,30.85,29.2,24.94,31.32,30.64,30.05,29.19
2025-04-01T11:00,2025-04-01,11,31.75,33.1,32.07,32.25,30.41,26.5,32.76,31.67,31.5,31.06
2025-04-01T12:00,2025-04-01,12,32.95,34.42,32.46,33.34,31.57,27.89,34.13,32.44,32.75,32.65
2025-04-01T13:00,2025-04-01,13,33.87,35.39,32.59,34.01,32.8,29.43,35.14,33.04,33.8,33.67
2025-04-01T14:00,2025-04-01,14,34.4,35.99,32.67,34.25,33.5,30.64,35.76,33.15,34.41,34.17
2025-04-01T15:00,2025-04-01,15,34.45,36.04,32.31,34.09,33.86,31.43,35.94,32.65,34.57,34.17
2025-04-01T16:00,2025-04-01,16,34.02,35.65,31.53,33.44,33.42,31.47,35.61,31.86,34.34,33.69
2025-04-01T17:00,2025-04-01,17,32.89,34.64,30.37,32.42,31.72,30.38,34.69,30.57,33.45,32.15
2025-04-01T18:00,2025-04-01,18,30.83,32.9,28.86,30.89,29.27,28.16,32.4,29.07,30.79,29.21
2025-04-01T19:00,2025-04-01,19,28.87,30.66,27.2,28.92,28.1,26.66,29.78,27.77,28.78,27.28
2025-04-01T20:00,2025-04-01,20,27.89,29.61,26.29,27.92,26.57,25.84,28.95,26.86,28.28,25.97
2025-04-01T21:00,2025-04-01,21,27.18,28.82,25.74,27.26,25.61,25.21,28.23,26.31,27.63,25.24
2025-04-01T22:00,2025-04-01,22,26.56,28.12,25.23,26.61,25.03,24.8,27.59,25.93,26.9,24.69
2025-04-01T23:00,2025-04-01,23,25.94,27.37,24.77,25.96,24.47,24.4,26.91,25.58,26.27,24.0
2025-04-02T00:00,2025-04-02,0,25.34,26.69,24.21,25.35,24.28,24.06,26.27,25.19,25.55,23.24
2025-04-02T01:00,2025-04-02,1,24.84,26.04,23.62,24.84,24.12,23.77,25.68,24.81,25.08,22.85
2025-04-02T02:00,2025-04-02,2,24.42,25.44,23.23,24.45,24.04,23.56,25.19,24.53,24.73,22.37
2025-04-02T03:00,2025-04-02,3,24.06,24.99,23.13,24.11,23.91,23.16,24.84,24.27,24.34,21.87
2025-04-02T04:00,2025-04-02,4,23.71,24.51,22.8,23.83,23.59,22.83,24.6,23.98,23.94,21.53
2025-04-02T05:00,2025-04-02,5,23.34,23.99,22.79,23.67,23.11,22.17,24.41,23.7,23.64,21.02
2025-04-02T06:00,2025-04-02,6,23.09,23.61,22.81,23.5,22.78,22.22,24.27,23.31,23.47,20.52
2025-04-02T07:00,2025-04-02,7,25.25,25.9,24.91,25.92,24.81,23.23,26.22,25.64,25.35,23.35
2025-04-02T08:00,2025-04-02,8,27.0,27.62,27.37,27.57,26.42,23.78,27.96,27.54,27.07,25.55
2025-04-02T09:00,2025-04-02,9,28.81,29.62,29.33,29.25,28.11,24.77,29.64,29.04,29.05,27.63
2025-04-02T10:00,2025-04-02,10,30.4,31.42,30.94,30.73,29.4,26.35,31.16,30.25,30.59,29.38
2025-04-02T11:00,2025-04-02,11,31.89,32.92,32.34,32.02,30.83,28.27,32.63,31.32,32.14,31.05
2025-04-02T12:00,2025-04-02,12,33.18,34.28,33.26,33.16,31.9,30.09,33.89,32.31,33.57,32.51
2025-04-02T13:00,2025-04-02,13,34.1,35.3,33.61,34.01,32.78,31.3,34.89,32.91,34.56,33.56
2025-04-02T14:00,2025-04-02,14,34.63,36.03,33.53,34.36,33.47,31.88,35.55,33.06,35.08,34.15
2025-04-02T15:00,2025-04-02,15,34.7,36.19,33.11,34.31,33.85,32.28,35.66,32.86,35.1,34.28
2025-04-02T16:00,2025-04-02,16,34.34,36.02,32.2,33.78,33.99,32.1,35.3,32.29,34.67,33.75
2025-04-02T17:00,2025-04-02,17,33.19,35.05,30.73,32.75,33.41,30.8,34.4,31.11,33.21,32.1
2025-04-02T18:00,2025-04-02,18,31.16,33.11,28.85,31.05,30.52,28.88,32.52,29.49,31.19,29.49
2025-04-02T19:00,2025-04-02,19,28.71,30.18,27.29,28.91,27.5,27.31,30.13,28.16,28.32,26.87
2025-04-02T20:00,2025-04-02,20,27.76,29.34,26.6,27.94,26.07,26.34,29.43,27.37,27.13,25.79
2025-04-02T21:00,2025-04-02,21,26.97,28.6,25.74,27.08,25.25,25.51,28.6,26.64,26.41,24.96
2025-04-02T22:00,2025-04-02,22,26.41,27.96,25.18,26.49,24.87,24.86,28.1,26.04,26.08,24.27
2025-04-02T23:00,2025-04-02,23,25.89,27.41,24.89,26.02,24.52,24.79,27.43,25.57,25.62,23.26
2025-04-03T00:00,2025-04-03,0,25.34,26.95,24.23,25.45,24.12,24.36,26.73,25.15,25.16,22.36
2025-04-03T01:00,2025-04-03,1,24.91,26.66,23.84,25.0,23.82,23.94,26.24,24.53,24.68,21.65
2025-04-03T02:00,2025-04-03,2,24.54,26.43,23.34,24.63,23.82,23.57,25.87,24.08,24.13,21.09
2025-04-03T03:00,2025-04-03,3,24.16,26.08,22.9,24.22,23.69,23.34,25.5,23.7,23.51,20.63
2025-04-03T04:00,2025-04-03,4,23.8,25.94,22.56,23.76,23.37,23.39,24.96,23.4,22.82,20.13
2025-04-03T05:00,2025-04-03,5,23.44,25.55,22.42,23.58,23.06,22.95,24.76,23.09,22.2,19.57
2025-04-03T06:00,2025-04-03,6,23.11,25.02,22.18,23.54,22.67,22.7,24.58,22.89,21.75,19.2
2025-04-03T07:00,2025-04-03,7,25.38,26.97,24.66,25.66,25.44,24.88,26.18,25.38,24.27,22.37
2025-04-03T08:00,2025-04-03,8,27.46,28.92,27.43,27.62,27.37,26.57,27.9,27.24,26.49,25.0
2025-04-03T09:00,2025-04-03,9,29.53,30.9,29.59,29.78,29.05,28.3,29.46,28.98,29.07,27.67
2025-04-03T10:00,2025-04-03,10,31.4,32.65,31.42,31.73,30.63,29.92,31.17,30.66,31.43,29.87
2025-04-03T11:00,2025-04-03,11,32.94,34.35,32.93,33.2,32.0,31.06,32.75,31.98,33.08,31.44
2025-04-03T12:00,2025-04-03,12,34.14,35.67,34.1,34.3,33.24,32.35,34.05,33.03,34.02,32.65
2025-04-03T13:00,2025-04-03,13,34.9,36.56,34.46,34.81,33.92,33.29,34.97,33.75,34.68,33.58
2025-04-03T14:00,2025-04-03,14,35.26,37.1,34.18,34.87,34.42,33.87,35.43,33.99,35.05,34.03
2025-04-03T15:00,2025-04-03,15,35.2,37.07,33.65,34.87,34.43,33.95,35.47,33.88,35.06,33.97
2025-04-03T16:00,2025-04-03,16,34.67,36.59,32.99,34.22,33.71,33.25,35.09,33.44,34.73,33.36
2025-04-03T17:00,2025-04-03,17,33.43,35.43,31.76,33.3,32.0,31.61,34.35,32.41,33.29,31.69
2025-04-03T18:00,2025-04-03,18,31.23,33.41,29.7,31.55,29.37,29.61,32.43,30.39,30.44,29.01
2025-04-03T19:00,2025-04-03,19,29.56,31.42,28.41,30.36,27.74,28.03,30.46,28.8,28.64,27.68
2025-04-03T20:00,2025-04-03,20,28.52,30.43,27.44,29.23,26.53,27.07,29.45,27.91,27.79,26.26
2025-04-03T21:00,2025-04-03,21,27.73,29.52,26.76,28.19,25.95,26.2,28.97,27.23,27.08,25.41
2025-04-03T22:00,2025-04-03,22,27.13,28.77,26.11,27.46,25.45,25.76,28.35,26.77,26.92,24.6
2025-04-03T23:00,2025-04-03,23,26.62,28.16,25.59,27.06,24.75,25.18,27.76,26.24,26.57,24.31
2025-04-04T00:00,2025-04-04,0,26.24,27.61,24.96,26.61,24.92,24.65,27.42,25.84,26.64,23.82
2025-04-04T01:00,2025-04-04,1,25.89,27.18,24.68,26.13,25.1,24.5,27.08,25.61,26.35,23.14
2025-04-04T02:00,2025-04-04,2,25.5,26.71,24.23,25.58,24.9,24.17,26.67,25.52,26.15,22.64
2025-04-04T03:00,2025-04-04,3,25.24,26.47,24.11,25.1,24.77,23.32,26.45,25.35,25.89,22.66
2025-04-04T04:00,2025-04-04,4,24.94,26.14,23.87,24.76,24.41,22.86,26.16,25.09,25.65,22.45
2025-04-04T05:00,2025-04-04,5,24.66,25.81,24.0,24.47,24.12,22.67,25.89,24.91,25.37,21.9
2025-04-04T06:00,2025-04-04,6,24.44,25.56,24.09,24.22,23.55,22.86,25.43,24.82,25.16,21.66
2025-04-04T07:00,2025-04-04,7,25.96,27.12,26.06,26.2,24.94,24.67,26.75,26.23,26.21,22.9
2025-04-04T08:00,2025-04-04,8,27.73,29.02,28.1,28.1,26.76,26.62,27.65,27.56,27.95,25.05
2025-04-04T09:00,2025-04-04,9,29.35,30.42,30.29,29.84,28.2,28.37,28.8,29.28,29.55,27.13
2025-04-04T10:00,2025-04-04,10,31.02,32.42,32.0,31.46,29.8,29.79,30.1,30.63,31.19,28.77
2025-04-04T11:00,2025-04-04,11,32.49,34.22,33.23,33.12,31.26,31.36,31.53,32.0,32.13,30.0
2025-04-04T12:00,2025-04-04,12,33.61,35.47,33.94,34.38,31.71,32.45,32.91,33.07,33.39,31.05
2025-04-04T13:00,2025-04-04,13,34.25,36.26,34.54,35.0,31.83,33.04,33.45,34.02,34.01,31.69
2025-04-04T14:00,2025-04-04,14,34.14,35.36,34.64,35.08,32.68,32.25,33.47,34.48,34.15,32.3
2025-04-04T15:00,2025-04-04,15,33.92,35.03,34.33,34.55,32.97,31.68,33.49,34.22,34.02,32.31
2025-04-04T16:00,2025-04-04,16,33.29,34.4,33.52,33.77,32.07,30.85,33.38,33.64,33.02,32.17
2025-04-04T17:00,2025-04-04,17,32.34,33.71,32.46,32.67,30.93,29.82,32.78,32.12,31.74,31.37
2025-04-04T18:00,2025-04-04,18,30.79,32.15,30.47,31.38,29.23,28.7,31.17,30.45,30.66,29.32
2025-04-04T19:00,2025-04-04,19,28.85,30.03,28.72,29.72,26.64,27.33,29.19,28.22,28.95,27.35
2025-04-04T20:00,2025-04-04,20,28.23,29.51,27.82,28.65,26.31,26.97,28.73,27.35,28.57,26.51
2025-04-04T21:00,2025-04-04,21,27.63,28.71,27.62,28.42,25.68,26.46,28.01,27.09,28.07,25.49
2025-04-04T22:00,2025-04-04,22,27.16,28.36,27.65,28.17,25.12,25.45,27.41,26.77,27.29,24.91
2025-04-04T23:00,2025-04-04,23,26.67,27.86,27.29,27.61,24.04,25.18,27.05,26.79,26.47,24.65
2025-04-05T00:00,2025-04-05,0,26.28,27.57,26.86,27.38,23.09,24.56,26.61,26.64,26.09,24.31
2025-04-05T01:00,2025-04-05,1,25.67,26.79,26.34,26.67,22.79,23.55,26.2,26.21,25.76,23.57
2025-04-05T02:00,2025-04-05,2,25.24,26.23,26.22,26.09,22.77,23.38,25.84,25.69,25.39,22.89
2025-04-05T03:00,2025-04-05,3,24.89,25.73,25.79,25.48,22.84,23.4,25.56,25.38,24.95,22.73
2025-04-05T04:00,2025-04-05,4,24.47,25.22,25.02,25.17,22.32,23.05,25.28,25.08,24.47,22.57
2025-04-05T05:00,2025-04-05,5,24.09,24.8,24.85,24.8,21.84,22.68,24.98,24.77,24.12,22.05
2025-04-05T06:00,2025-04-05,6,23.82,24.54,25.05,24.61,21.5,22.57,24.67,24.53,23.77,21.34
2025-04-05T07:00,2025-04-05,7,25.37,26.51,26.29,26.27,21.99,24.3,26.25,26.37,24.78,23.06
2025-04-05T08:00,2025-04-05,8,27.26,28.46,28.27,28.44,23.95,24.09,28.23,28.11,26.86,25.44
2025-04-05T09:00,2025-04-05,9,29.03,29.93,30.15,30.52,26.4,23.3,30.45,29.78,29.18,27.62
2025-04-05T10:00,2025-04-05,10,30.92,31.81,31.77,31.59,28.57,26.55,32.52,31.54,31.15,29.51
2025-04-05T11:00,2025-04-05,11,32.49,33.49,33.28,32.48,30.41,28.86,34.2,32.59,32.75,31.03
2025-04-05T12:00,2025-04-05,12,33.45,34.84,33.69,31.44,32.04,30.55,35.16,33.44,34.03,32.4
2025-04-05T13:00,2025-04-05,13,34.08,35.64,32.44,32.69,32.41,31.54,35.52,33.86,34.78,33.61
2025-04-05T14:00,2025-04-05,14,34.28,35.54,32.52,33.4,32.52,31.88,35.68,34.12,34.7,34.44
2025-04-05T15:00,2025-04-05,15,33.56,33.63,31.36,33.58,31.59,30.78,35.33,33.77,35.29,34.42
2025-04-05T16:00,2025-04-05,16,32.76,32.7,31.49,32.89,30.85,27.48,34.97,32.78,34.93,33.71
2025-04-05T17:00,2025-04-05,17,31.65,32.47,30.68,31.6,30.04,25.11,33.85,31.4,32.92,32.13
2025-04-05T18:00,2025-04-05,18,29.57,31.03,28.6,29.96,27.28,22.79,31.49,29.75,30.32,29.27
2025-04-05T19:00,2025-04-05,19,28.71,30.38,27.78,29.17,26.65,25.93,29.95,28.11,28.38,27.39
2025-04-05T20:00,2025-04-05,20,27.78,29.46,27.06,28.43,25.49,24.83,29.04,27.33,27.44,26.15
2025-04-05T21:00,2025-04-05,21,27.11,28.75,26.47,27.81,24.42,24.51,28.17,26.63,26.98,25.55
2025-04-05T22:00,2025-04-05,22,26.37,27.98,25.98,27.03,23.64,23.82,27.38,26.15,26.32,24.53
2025-04-05T23:00,2025-04-05,23,25.73,27.17,25.61,26.32,23.03,23.14,26.65,25.81,26.07,23.65
2025-04-06T00:00,2025-04-06,0,25.16,26.36,25.02,25.7,22.4,22.78,25.94,25.62,25.85,23.24
2025-04-06T01:00,2025-04-06,1,24.61,25.58,24.69,25.15,22.07,22.31,25.33,25.38,25.45,22.6
2025-04-06T02:00,2025-04-06,2,24.17,24.94,24.2,24.8,21.71,22.02,24.99,25.09,25.0,22.25
2025-04-06T03:00,2025-04-06,3,23.83,24.4,23.97,24.43,21.38,22.04,24.95,24.85,24.55,21.98
2025-04-06T04:00,2025-04-06,4,23.57,24.04,23.86,24.09,21.08,21.89,24.96,24.73,24.11,21.7
2025-04-06T05:00,2025-04-06,5,23.38,23.74,23.55,24.11,20.84,21.69,25.13,24.88,23.68,21.5
2025-04-06T06:00,2025-04-06,6,23.28,23.56,23.36,24.36,20.91,21.69,24.97,25.05,23.28,21.34
2025-04-06T07:00,2025-04-06,7,25.52,26.15,25.92,26.31,23.11,23.75,26.92,27.22,25.33,23.48
2025-04-06T08:00,2025-04-06,8,27.21,27.65,28.07,28.1,25.09,25.11,28.64,28.45,27.28,25.09
2025-04-06T09:00,2025-04-06,9,29.21,29.79,30.06,30.25,27.06,27.17,30.68,30.02,29.13,26.86
2025-04-06T10:00,2025-04-06,10,30.94,32.01,31.8,32.01,27.09,28.25,32.66,31.41,30.98,28.72
2025-04-06T11:00,2025-04-06,11,32.17,33.62,33.19,33.35,28.08,26.06,34.37,32.69,32.44,30.26
2025-04-06T12:00,2025-04-06,12,33.07,34.95,33.86,34.36,29.29,25.69,35.18,33.21,32.98,31.43
2025-04-06T13:00,2025-04-06,13,33.19,35.09,33.67,33.04,30.31,28.07,34.85,32.8,33.02,32.15
2025-04-06T14:00,2025-04-06,14,32.55,33.19,33.43,32.42,30.94,29.73,33.4,33.13,32.05,32.68
2025-04-06T15:00,2025-04-06,15,31.69,31.8,32.67,32.09,30.17,30.0,33.4,32.96,30.94,30.85
2025-04-06T16:00,2025-04-06,16,30.83,30.87,31.98,32.41,27.19,30.11,33.47,32.61,30.1,28.27
2025-04-06T17:00,2025-04-06,17,30.0,30.84,30.93,31.58,24.86,27.45,33.15,31.46,29.4,27.37
2025-04-06T18:00,2025-04-06,18,28.13,28.98,29.4,30.01,21.92,24.77,31.31,29.78,27.53,25.96
2025-04-06T19:00,2025-04-06,19,27.77,29.33,28.23,29.26,24.08,24.86,29.23,28.66,26.99,25.15
2025-04-06T20:00,2025-04-06,20,26.85,28.17,27.45,28.43,22.99,24.18,28.5,27.76,26.13,24.34
2025-04-06T21:00,2025-04-06,21,26.15,27.27,26.71,27.42,22.82,23.99,27.99,26.93,25.49,23.66
2025-04-06T22:00,2025-04-06,22,25.58,26.68,26.13,26.83,22.18,23.47,27.35,26.36,25.0,23.13
2025-04-06T23:00,2025-04-06,23,24.94,26.19,25.73,26.03,21.92,22.79,26.54,25.98,23.63,22.72
2025-04-07T00:00,2025-04-07,0,24.52,25.7,24.95,25.56,21.55,22.57,25.95,25.58,23.56,22.43
2025-04-07T01:00,2025-04-07,1,24.06,25.06,24.55,25.23,21.39,22.28,25.42,25.23,22.9,22.17
2025-04-07T02:00,2025-04-07,2,23.61,24.51,23.66,25.03,21.18,21.76,24.96,25.05,22.39,21.9
2025-04-07T03:00,2025-04-07,3,23.26,24.1,22.85,25.01,20.87,21.41,24.54,24.79,22.09,21.58
2025-04-07T04:00,2025-04-07,4,23.08,24.08,22.19,25.01,20.61,21.22,24.25,25.16,21.69,21.38
2025-04-07T05:00,2025-04-07,5,23.01,24.11,21.79,25.11,20.72,21.16,24.15,25.34,21.35,21.2
2025-04-07T06:00,2025-04-07,6,23.01,24.22,21.67,25.03,21.02,21.2,24.18,25.21,21.22,21.04
2025-04-07T07:00,2025-04-07,7,23.84,24.42,23.15,24.03,21.94,21.81,25.8,25.57,23.41,22.94
2025-04-07T08:00,2025-04-07,8,25.95,26.71,25.9,26.3,24.06,23.73,27.49,27.09,25.44,24.88
2025-04-07T09:00,2025-04-07,9,28.36,29.39,28.9,28.91,26.39,26.13,29.4,28.63,27.73,27.03
2025-04-07T10:00,2025-04-07,10,30.6,31.92,31.2,31.31,28.53,28.45,31.49,30.12,29.83,29.04
2025-04-07T11:00,2025-04-07,11,32.34,33.72,33.14,33.1,30.13,30.46,33.25,31.39,31.46,30.66
2025-04-07T12:00,2025-04-07,12,33.6,35.09,34.28,34.43,31.16,31.95,34.59,32.4,32.72,31.76
2025-04-07T13:00,2025-04-07,13,34.39,36.05,35.06,35.22,31.97,32.89,34.86,32.9,33.58,32.54
2025-04-07T14:00,2025-04-07,14,34.59,36.43,34.91,35.28,32.46,33.43,34.24,32.86,34.06,33.01
2025-04-07T15:00,2025-04-07,15,34.17,35.63,33.94,34.83,32.42,33.46,33.52,32.52,34.13,33.16
2025-04-07T16:00,2025-04-07,16,33.3,34.11,32.89,33.81,32.08,32.79,32.89,32.25,33.45,33.01
2025-04-07T17:00,2025-04-07,17,32.22,33.11,31.54,32.69,31.07,31.01,32.33,31.56,31.89,32.14
2025-04-07T18:00,2025-04-07,18,30.46,31.51,29.83,30.87,29.13,28.62,30.85,29.77,30.28,30.08
2025-04-07T19:00,2025-04-07,19,28.79,30.15,28.91,28.66,26.8,27.33,29.81,28.52,28.13,27.62
2025-04-07T20:00,2025-04-07,20,27.9,29.33,28.31,27.85,25.78,26.41,28.85,27.73,27.15,26.44
2025-04-07T21:00,2025-04-07,21,27.21,28.55,27.88,27.27,25.17,25.72,28.07,27.2,26.45,25.58
2025-04-07T22:00,2025-04-07,22,26.56,27.83,27.06,26.94,24.38,25.43,27.2,26.8,25.78,24.9
2025-04-07T23:00,2025-04-07,23,25.72,27.27,22.42,26.6,24.25,24.7,26.63,26.44,25.25,24.37
2025-04-08T00:00,2025-04-08,0,25.32,26.64,22.81,26.21,23.98,24.46,26.17,26.18,24.64,23.91
2025-04-08T01:00,2025-04-08,1,24.82,26.1,22.63,25.53,23.4,24.0,25.83,25.88,24.19,23.23
2025-04-08T02:00,2025-04-08,2,24.35,25.51,22.52,24.74,23.32,23.37,25.49,25.48,23.79,22.65
2025-04-08T03:00,2025-04-08,3,24.03,25.17,22.3,24.33,22.91,23.5,25.12,25.23,23.39,22.32
2025-04-08T04:00,2025-04-08,4,23.68,24.77,22.22,23.77,22.29,23.65,24.83,24.83,22.92,22.12
2025-04-08T05:00,2025-04-08,5,23.46,24.38,22.09,23.47,22.61,23.07,24.6,24.48,22.8,22.08
2025-04-08T06:00,2025-04-08,6,23.32,24.12,22.23,23.26,22.64,22.74,24.6,24.36,22.71,21.97
2025-04-08T07:00,2025-04-08,7,25.49,26.13,25.15,25.76,24.48,24.09,26.57,26.81,25.09,24.12
2025-04-08T08:00,2025-04-08,8,27.52,28.25,27.77,27.64,26.57,26.04,28.24,28.36,27.14,26.23
2025-04-08T09:00,2025-04-08,9,29.33,30.18,30.11,29.58,28.26,27.72,29.83,29.57,28.84,27.94
2025-04-08T10:00,2025-04-08,10,30.84,31.97,31.75,31.13,29.57,29.08,31.21,30.53,30.21,29.48
2025-04-08T11:00,2025-04-08,11,32.09,33.37,32.72,32.52,30.69,30.31,32.43,31.4,31.39,30.79
2025-04-08T12:00,2025-04-08,12,32.95,34.36,33.12,33.45,31.45,31.32,33.43,31.98,32.19,31.65
2025-04-08T13:00,2025-04-08,13,33.55,35.01,33.82,34.04,31.93,31.93,33.92,32.4,32.81,32.3
2025-04-08T14:00,2025-04-08,14,33.74,35.27,34.08,34.21,32.25,32.36,33.47,32.6,33.17,32.48
2025-04-08T15:00,2025-04-08,15,33.62,35.11,33.15,34.1,32.14,32.63,33.66,32.26,33.16,32.47
2025-04-08T16:00,2025-04-08,16,33.14,34.73,32.09,33.57,31.85,32.15,33.05,31.68,32.89,32.19
2025-04-08T17:00,2025-04-08,17,32.06,33.79,28.62,32.49,31.22,31.06,32.27,30.87,32.05,31.56
2025-04-08T18:00,2025-04-08,18,30.21,32.25,25.28,30.91,29.57,29.12,30.37,29.71,30.34,29.29
2025-04-08T19:00,2025-04-08,19,28.67,29.76,26.16,28.61,28.0,27.88,28.85,27.89,29.45,28.26
2025-04-08T20:00,2025-04-08,20,27.9,29.34,25.3,27.68,27.03,26.03,28.25,27.43,28.44,27.61
2025-04-08T21:00,2025-04-08,21,27.27,28.69,24.76,26.95,26.38,25.79,27.57,26.57,27.95,26.86
2025-04-08T22:00,2025-04-08,22,26.72,27.99,24.29,26.46,26.23,24.98,26.87,26.18,27.61,26.24
2025-04-08T23:00,2025-04-08,23,26.13,27.31,23.87,25.81,25.28,24.33,26.43,25.77,27.06,25.85
2025-04-09T00:00,2025-04-09,0,25.59,26.67,23.48,25.19,24.82,23.86,25.97,25.66,26.25,25.48
2025-04-09T01:00,2025-04-09,1,25.06,26.04,22.99,24.63,24.24,23.58,25.59,25.15,25.53,25.09
2025-04-09T02:00,2025-04-09,2,24.47,25.5,22.7,24.03,23.62,23.0,25.18,24.67,25.09,23.77
2025-04-09T03:00,2025-04-09,3,23.94,25.05,22.4,23.56,23.13,22.55,24.76,24.32,24.45,22.59
2025-04-09T04:00,2025-04-09,4,23.51,24.61,22.26,23.23,22.79,22.39,24.41,23.98,23.85,21.69
2025-04-09T05:00,2025-04-09,5,23.11,24.07,22.09,22.86,22.41,22.3,24.05,23.72,23.27,21.32
2025-04-09T06:00,2025-04-09,6,22.93,23.91,22.33,22.75,22.23,22.14,23.66,23.56,22.89,21.12
2025-04-09T07:00,2025-04-09,7,25.09,26.19,24.89,25.76,21.93,23.87,26.25,26.24,25.24,22.72
2025-04-09T08:00,2025-04-09,8,26.94,28.02,27.77,28.27,23.64,25.45,28.04,28.13,26.97,23.56
2025-04-09T09:00,2025-04-09,9,28.43,29.76,30.35,30.15,25.84,26.97,29.79,29.5,28.58,22.21
2025-04-09T10:00,2025-04-09,10,29.89,31.3,31.73,31.81,27.53,28.69,31.5,30.61,29.78,23.18
2025-04-09T11:00,2025-04-09,11,30.9,32.25,33.1,33.05,28.52,30.06,32.82,31.62,29.35,24.98
2025-04-09T12:00,2025-04-09,12,31.8,32.98,33.93,33.78,29.78,31.19,33.62,32.37,29.89,26.72
2025-04-09T13:00,2025-04-09,13,32.51,33.58,34.55,33.91,30.65,31.84,34.04,32.83,31.01,28.35
2025-04-09T14:00,2025-04-09,14,32.91,33.88,34.84,34.14,31.27,32.15,34.06,33.1,31.78,29.24
2025-04-09T15:00,2025-04-09,15,32.94,33.95,34.57,33.63,31.53,32.25,33.99,32.89,32.14,29.57
2025-04-09T16:00,2025-04-09,16,32.62,33.51,33.62,33.53,31.34,31.92,33.77,32.03,32.04,29.72
2025-04-09T17:00,2025-04-09,17,31.97,33.1,32.29,32.79,30.91,30.88,32.71,31.35,31.53,29.39
2025-04-09T18:00,2025-04-09,18,30.38,31.52,30.36,31.21,29.1,28.92,31.37,29.8,30.04,28.08
2025-04-09T19:00,2025-04-09,19,28.66,29.82,28.87,29.74,27.73,27.5,29.58,28.38,28.73,24.84
2025-04-09T20:00,2025-04-09,20,27.81,29.01,27.76,28.63,26.85,26.8,28.89,27.71,27.88,24.04
2025-04-09T21:00,2025-04-09,21,27.06,28.21,27.0,27.89,25.98,26.12,28.26,27.06,26.87,23.61
2025-04-09T22:00,2025-04-09,22,26.48,27.55,26.3,27.22,25.54,25.54,27.76,26.55,26.25,23.28
2025-04-09T23:00,2025-04-09,23,26.03,27.14,25.95,26.82,25.02,24.99,27.3,26.04,25.66,22.91
2025-04-10T00:00,2025-04-10,0,25.54,26.62,25.28,26.33,24.27,24.75,26.75,25.52,25.23,22.66
2025-04-10T01:00,2025-04-10,1,25.05,26.07,24.75,25.85,23.92,24.15,26.21,25.08,24.68,22.44
2025-04-10T02:00,2025-04-10,2,24.6,25.56,24.18,25.3,23.42,23.85,25.69,24.6,24.32,22.17
2025-04-10T03:00,2025-04-10,3,24.2,25.06,23.72,24.84,23.09,23.42,25.18,24.08,24.18,22.05
2025-04-10T04:00,2025-04-10,4,23.89,24.68,23.35,24.37,22.74,23.21,24.76,23.95,24.11,21.86
2025-04-10T05:00,2025-04-10,5,23.61,24.35,22.86,24.04,22.72,22.81,24.47,23.72,23.88,21.73
2025-04-10T06:00,2025-04-10,6,23.41,24.16,22.71,23.94,22.71,22.62,24.33,23.62,23.64,21.13
2025-04-10T07:00,2025-04-10,7,25.72,26.46,25.9,26.44,25.43,25.09,26.35,26.13,25.21,23.2
2025-04-10T08:00,2025-04-10,8,27.76,28.48,28.7,28.68,27.38,27.01,28.25,28.29,27.01,25.01
2025-04-10T09:00,2025-04-10,9,29.6,30.42,31.03,30.6,28.89,29.02,29.94,30.0,28.73,26.53
2025-04-10T10:00,2025-04-10,10,31.0,31.92,32.55,32.01,29.98,30.72,31.34,31.34,30.24,27.5
2025-04-10T11:00,2025-04-10,11,31.87,33.07,33.11,32.93,31.01,32.05,32.28,32.08,31.21,27.36
2025-04-10T12:00,2025-04-10,12,32.52,33.96,34.07,33.87,31.64,32.66,33.08,32.59,32.16,26.4
2025-04-10T13:00,2025-04-10,13,32.71,34.63,33.9,34.35,31.84,33.06,33.65,31.68,32.68,24.96
2025-04-10T14:00,2025-04-10,14,32.16,34.93,33.41,34.47,25.8,33.09,34.12,31.98,30.54,25.38
2025-04-10T15:00,2025-04-10,15,31.2,34.3,31.79,34.0,25.37,32.3,33.56,31.65,26.56,25.85
2025-04-10T16:00,2025-04-10,16,30.11,32.38,31.1,33.28,24.98,31.53,31.74,30.91,25.31,26.17
2025-04-10T17:00,2025-04-10,17,28.17,27.51,30.04,32.22,24.6,30.18,29.78,30.14,24.99,26.1
2025-04-10T18:00,2025-04-10,18,26.49,24.58,28.75,30.6,24.5,28.17,27.29,28.68,24.74,25.36
2025-04-10T19:00,2025-04-10,19,26.19,25.79,28.05,28.79,24.34,26.34,25.85,28.49,25.18,24.29
2025-04-10T20:00,2025-04-10,20,25.54,25.29,26.84,27.96,24.0,25.74,25.3,27.13,24.66,23.76
2025-04-10T21:00,2025-04-10,21,24.96,25.13,26.14,27.35,23.53,25.28,23.63,26.06,24.14,23.38
2025-04-10T22:00,2025-04-10,22,24.58,24.84,25.6,26.58,23.16,24.88,23.5,25.39,23.87,23.14
2025-04-10T23:00,2025-04-10,23,24.23,24.5,25.03,25.94,23.33,24.6,23.34,24.77,23.46,22.85
2025-04-11T00:00,2025-04-11,0,23.95,24.29,24.62,25.49,23.25,23.97,23.29,24.74,23.04,22.65
2025-04-11T01:00,2025-04-11,1,23.63,23.8,24.74,24.94,23.13,23.16,23.02,24.6,22.72,22.64
2025-04-11T02:00,2025-04-11,2,23.27,23.37,24.54,24.63,22.93,22.21,22.95,23.75,22.46,22.4
2025-04-11T03:00,2025-04-11,3,23.0,23.2,23.78,24.18,22.87,22.12,23.06,23.25,22.16,21.96
2025-04-11T04:00,2025-04-11,4,22.73,23.01,23.14,23.79,22.39,22.01,23.14,23.24,21.82,21.57
2025-04-11T05:00,2025-04-11,5,22.46,22.81,22.81,23.36,21.86,21.88,23.02,23.06,21.6,21.23
2025-04-11T06:00,2025-04-11,6,22.37,22.57,22.73,23.32,21.79,21.86,22.95,23.12,21.55,21.23
2025-04-11T07:00,2025-04-11,7,23.48,23.95,23.54,24.98,22.81,22.85,23.29,24.95,22.7,21.71
2025-04-11T08:00,2025-04-11,8,25.22,25.82,25.38,27.29,24.27,24.7,24.88,27.02,24.25,22.7
2025-04-11T09:00,2025-04-11,9,27.05,27.89,27.28,29.3,25.88,26.97,26.54,28.62,25.87,24.15
2025-04-11T10:00,2025-04-11,10,28.62,29.65,28.8,31.0,27.1,28.83,28.24,29.8,27.06,25.73
2025-04-11T11:00,2025-04-11,11,29.89,31.06,29.82,32.33,28.55,29.9,29.56,30.44,28.19,27.15
2025-04-11T12:00,2025-04-11,12,30.71,31.72,30.79,33.28,29.31,30.99,30.79,30.07,29.19,27.99
2025-04-11T13:00,2025-04-11,13,31.22,32.59,30.95,32.85,29.85,31.65,31.63,29.77,29.84,28.75
2025-04-11T14:00,2025-04-11,14,31.36,32.97,30.82,32.23,30.36,32.01,32.01,29.16,30.07,29.01
2025-04-11T15:00,2025-04-11,15,31.18,32.79,29.82,32.21,30.59,31.89,31.72,29.67,30.2,28.35
2025-04-11T16:00,2025-04-11,16,30.73,32.32,28.21,31.43,30.48,31.63,31.43,29.77,30.21,27.86
2025-04-11T17:00,2025-04-11,17,30.13,31.54,28.15,30.91,29.59,30.77,31.03,29.4,29.75,27.12
2025-04-11T18:00,2025-04-11,18,28.83,30.25,26.93,29.79,27.45,29.09,29.79,28.29,28.48,26.13
2025-04-11T19:00,2025-04-11,19,27.03,27.92,26.24,28.29,25.34,27.15,28.38,27.38,26.88,23.67
2025-04-11T20:00,2025-04-11,20,26.23,27.15,25.72,27.21,24.22,26.16,27.64,26.84,26.03,23.1
2025-04-11T21:00,2025-04-11,21,25.51,26.24,25.26,26.09,23.71,25.64,26.89,26.36,25.46,22.59
2025-04-11T22:00,2025-04-11,22,24.87,25.74,24.58,25.17,23.21,24.48,26.25,25.91,24.69,22.21
2025-04-11T23:00,2025-04-11,23,24.23,25.13,23.73,24.56,22.87,22.92,25.61,25.57,23.93,21.99
2025-04-12T00:00,2025-04-12,0,23.86,24.83,23.28,24.32,22.43,22.59,25.11,25.11,23.44,21.77
2025-04-12T01:00,2025-04-12,1,23.55,24.42,23.37,23.94,22.15,22.46,24.7,24.83,22.95,21.59
2025-04-12T02:00,2025-04-12,2,23.23,24.02,23.15,23.51,21.83,22.38,24.43,24.66,22.54,21.27
2025-04-12T03:00,2025-04-12,3,22.94,23.54,23.11,23.15,21.85,22.26,24.1,24.57,22.29,20.97
2025-04-12T04:00,2025-04-12,4,22.73,23.22,22.98,23.04,21.72,22.24,23.81,24.35,22.03,20.83
2025-04-12T05:00,2025-04-12,5,22.57,22.96,22.86,22.94,21.76,22.11,23.66,24.05,21.88,20.75
2025-04-12T06:00,2025-04-12,6,22.56,22.91,23.01,22.92,21.8,22.15,23.63,23.86,21.82,20.79
2025-04-12T07:00,2025-04-12,7,24.78,25.37,24.78,24.79,23.86,22.91,26.31,26.63,24.44,22.97
2025-04-12T08:00,2025-04-12,8,26.59,27.31,26.89,26.51,25.08,23.75,28.21,28.49,26.6,24.77
2025-04-12T09:00,2025-04-12,9,28.54,29.44,29.03,28.74,26.58,25.41,30.02,29.87,28.66,26.62
2025-04-12T10:00,2025-04-12,10,30.15,31.03,30.76,30.67,28.16,27.31,31.39,31.09,30.17,28.23
2025-04-12T11:00,2025-04-12,11,31.41,32.51,31.96,32.29,29.32,28.48,32.53,32.09,31.18,29.34
2025-04-12T12:00,2025-04-12,12,32.38,33.63,32.75,33.57,30.08,29.77,33.37,32.83,31.85,30.23
2025-04-12T13:00,2025-04-12,13,33.05,34.36,33.31,34.39,30.79,30.86,33.84,33.4,32.37,30.81
2025-04-12T14:00,2025-04-12,14,33.32,34.62,33.24,34.59,31.29,31.48,34.28,33.43,32.65,31.02
2025-04-12T15:00,2025-04-12,15,33.22,34.58,32.97,34.5,31.48,31.68,33.71,33.14,32.65,30.93
2025-04-12T16:00,2025-04-12,16,32.69,33.83,32.42,34.07,31.26,31.67,33.2,32.56,31.89,30.55
2025-04-12T17:00,2025-04-12,17,31.56,33.32,31.41,33.36,30.93,31.11,30.94,31.88,28.58,29.81
2025-04-12T18:00,2025-04-12,18,29.44,31.94,29.46,31.98,29.25,29.34,27.53,30.52,24.24,27.77
2025-04-12T19:00,2025-04-12,19,27.64,28.63,28.53,28.43,28.07,27.83,25.84,27.58,26.68,26.07
2025-04-12T20:00,2025-04-12,20,26.89,28.09,27.84,27.48,26.96,26.84,25.5,26.72,25.9,25.03
2025-04-12T21:00,2025-04-12,21,26.34,27.46,27.43,26.85,26.28,26.33,25.33,26.15,25.32,24.39
2025-04-12T22:00,2025-04-12,22,25.84,26.78,26.89,26.14,25.82,25.52,25.16,26.14,24.83,24.15
2025-04-12T23:00,2025-04-12,23,25.44,26.25,26.62,25.56,25.55,25.16,25.02,25.74,24.3,24.0
2025-04-13T00:00,2025-04-13,0,24.91,25.65,25.4,25.19,24.96,24.69,24.68,25.08,23.91,23.72
2025-04-13T01:00,2025-04-13,1,24.41,25.09,24.55,24.68,24.72,24.37,24.28,24.67,23.49,23.16
2025-04-13T02:00,2025-04-13,2,23.96,24.66,24.07,24.29,24.28,23.9,23.76,24.17,22.99,22.78
2025-04-13T03:00,2025-04-13,3,23.49,23.98,23.86,23.84,23.71,23.62,23.37,23.95,22.54,22.24
2025-04-13T04:00,2025-04-13,4,23.16,23.54,23.65,23.49,23.48,23.26,23.19,23.86,22.25,21.8
2025-04-13T05:00,2025-04-13,5,22.9,23.21,23.39,23.13,23.09,22.93,23.19,23.53,22.22,21.49
2025-04-13T06:00,2025-04-13,6,22.9,23.2,23.56,23.08,22.85,23.18,23.26,23.61,22.19,21.32
2025-04-13T07:00,2025-04-13,7,25.06,26.01,25.7,26.58,24.3,25.14,25.14,26.29,23.84,21.62
2025-04-13T08:00,2025-04-13,8,27.09,28.16,28.74,28.84,26.33,27.18,26.97,28.09,25.74,22.72
2025-04-13T09:00,2025-04-13,9,29.01,30.22,30.94,30.88,28.17,29.16,28.67,29.78,27.6,24.35
2025-04-13T10:00,2025-04-13,10,30.74,32.09,32.71,32.8,29.51,31.01,30.29,31.37,29.13,26.11
2025-04-13T11:00,2025-04-13,11,32.12,33.63,34.18,34.21,30.67,31.9,31.62,32.5,30.53,27.55
2025-04-13T12:00,2025-04-13,12,33.12,34.62,35.11,35.3,31.58,32.78,32.65,33.24,31.76,28.48
2025-04-13T13:00,2025-04-13,13,33.83,35.24,35.79,35.99,32.12,33.47,33.58,33.81,32.66,29.21
2025-04-13T14:00,2025-04-13,14,34.11,35.53,35.91,36.1,32.59,33.86,33.47,33.89,33.16,29.92
2025-04-13T15:00,2025-04-13,15,34.1,35.7,35.48,35.71,32.77,33.96,33.42,32.94,33.47,30.13
2025-04-13T16:00,2025-04-13,16,33.72,35.43,34.12,35.09,32.67,33.59,33.17,32.3,33.26,30.15
2025-04-13T17:00,2025-04-13,17,32.96,34.49,32.89,34.18,32.02,32.61,32.66,31.9,32.65,29.8
2025-04-13T18:00,2025-04-13,18,31.17,32.67,31.13,32.65,29.74,30.46,30.86,30.37,30.77,28.32
2025-04-13T19:00,2025-04-13,19,29.32,30.92,30.06,30.72,27.75,28.6,29.49,29.07,28.18,25.95
2025-04-13T20:00,2025-04-13,20,28.41,29.97,28.99,29.93,27.17,27.69,28.63,28.46,26.85,25.12
2025-04-13T21:00,2025-04-13,21,27.62,28.96,28.26,29.27,26.29,27.33,27.69,28.03,26.05,24.53
2025-04-13T22:00,2025-04-13,22,26.93,28.07,28.05,28.34,25.53,26.77,26.99,27.38,25.55,23.92
2025-04-13T23:00,2025-04-13,23,26.29,27.39,27.21,27.66,25.05,25.99,26.44,26.7,25.0,23.41
2025-04-14T00:00,2025-04-14,0,25.72,26.7,26.39,27.07,24.53,25.49,25.81,26.2,24.6,23.07
2025-04-14T01:00,2025-04-14,1,25.16,26.04,25.68,26.44,23.93,25.09,25.43,25.7,24.04,22.67
2025-04-14T02:00,2025-04-14,2,24.68,25.59,24.89,25.93,23.42,24.7,25.04,25.44,23.48,22.25
2025-04-14T03:00,2025-04-14,3,24.2,25.11,24.37,25.2,22.85,24.3,24.63,25.1,23.13,21.87
2025-04-14T04:00,2025-04-14,4,23.84,24.63,24.18,24.75,22.55,23.75,24.4,24.82,22.83,21.58
2025-04-14T05:00,2025-04-14,5,23.48,24.16,23.79,24.43,22.12,23.22,24.23,24.69,22.45,21.35
2025-04-14T06:00,2025-04-14,6,23.41,24.11,23.91,24.39,22.15,23.15,24.04,24.66,22.23,21.27
2025-04-14T07:00,2025-04-14,7,25.86,26.63,26.69,27.08,24.3,25.53,26.42,27.12,24.57,23.47
2025-04-14T08:00,2025-04-14,8,28.15,29.25,29.0,29.72,26.55,27.69,28.22,28.94,26.66,25.51
2025-04-14T09:00,2025-04-14,9,30.32,31.75,30.91,31.98,28.94,29.88,30.02,30.65,28.94,27.31
2025-04-14T10:00,2025-04-14,10,31.99,33.55,32.58,33.54,30.87,31.67,31.5,31.74,30.94,28.65
2025-04-14T11:00,2025-04-14,11,33.2,34.72,33.89,34.62,32.33,33.04,32.45,32.67,32.28,29.95
2025-04-14T12:00,2025-04-14,12,33.94,35.43,34.64,35.5,33.03,33.82,32.8,33.28,33.16,30.9
2025-04-14T13:00,2025-04-14,13,34.39,35.93,34.85,36.2,33.13,34.3,33.21,33.8,33.44,31.56
2025-04-14T14:00,2025-04-14,14,34.3,35.68,34.79,36.29,32.89,34.39,32.91,33.98,33.23,31.91
2025-04-14T15:00,2025-04-14,15,33.81,34.94,34.42,35.8,32.65,34.5,31.6,33.15,33.13,31.97
2025-04-14T16:00,2025-04-14,16,33.19,34.71,31.13,35.2,32.5,33.78,31.3,31.67,32.99,31.72
2025-04-14T17:00,2025-04-14,17,32.29,33.78,29.78,34.52,31.75,32.46,30.83,31.35,32.01,30.53
2025-04-14T18:00,2025-04-14,18,30.26,32.29,28.22,32.7,29.89,30.42,29.45,30.08,27.68,28.07
2025-04-14T19:00,2025-04-14,19,29.17,30.7,27.32,30.9,28.92,29.31,26.87,29.61,28.49,27.74
2025-04-14T20:00,2025-04-14,20,28.11,29.49,26.53,29.61,28.17,28.53,26.55,28.85,26.47,26.91
2025-04-14T21:00,2025-04-14,21,27.44,28.68,26.11,28.85,27.56,27.75,26.17,28.23,25.79,26.21
2025-04-14T22:00,2025-04-14,22,26.78,28.03,25.8,28.26,26.61,27.03,25.76,27.6,24.67,25.71
2025-04-14T23:00,2025-04-14,23,26.16,27.34,25.45,27.4,25.48,26.52,25.44,26.82,24.36,25.02
2025-04-15T00:00,2025-04-15,0,25.64,26.74,25.14,26.72,25.15,25.79,25.16,26.19,23.85,24.57
2025-04-15T01:00,2025-04-15,1,25.31,26.55,24.83,26.2,24.83,25.05,24.94,25.79,23.58,24.13
2025-04-15T02:00,2025-04-15,2,24.89,25.99,24.69,25.81,24.3,24.61,24.62,25.61,23.08,23.77
2025-04-15T03:00,2025-04-15,3,24.5,25.47,24.43,25.42,23.83,24.26,24.22,25.4,22.83,23.46
2025-04-15T04:00,2025-04-15,4,24.2,25.17,24.26,25.01,23.3,23.92,23.91,25.13,22.55,23.28
2025-04-15T05:00,2025-04-15,5,23.84,24.75,23.99,24.61,22.77,23.48,23.68,24.71,22.21,23.11
2025-04-15T06:00,2025-04-15,6,23.8,24.62,24.06,24.61,22.72,23.55,23.53,24.62,22.38,23.06
2025-04-15T07:00,2025-04-15,7,24.9,25.87,23.27,25.7,24.27,25.14,24.44,25.31,24.15,24.26
2025-04-15T08:00,2025-04-15,8,26.67,28.15,24.66,27.5,26.17,27.04,26.3,27.07,25.26,25.53
2025-04-15T09:00,2025-04-15,9,28.65,30.56,26.64,29.6,28.29,28.47,28.46,28.81,26.83,26.87
2025-04-15T10:00,2025-04-15,10,30.52,32.44,28.96,31.47,30.13,29.71,30.34,30.28,29.58,27.92
2025-04-15T11:00,2025-04-15,11,31.89,33.72,30.61,32.94,31.69,31.38,31.68,31.18,31.05,29.07
2025-04-15T12:00,2025-04-15,12,32.76,34.78,31.58,33.93,32.09,32.73,32.5,31.97,31.5,29.89
2025-04-15T13:00,2025-04-15,13,33.32,35.3,32.14,34.39,32.66,33.48,32.97,32.35,31.81,30.95
2025-04-15T14:00,2025-04-15,14,32.66,33.88,30.57,33.71,32.91,33.62,32.96,31.74,31.63,30.58
2025-04-15T15:00,2025-04-15,15,31.94,32.74,30.84,32.62,31.73,33.64,31.89,31.47,31.41,29.95
2025-04-15T16:00,2025-04-15,16,31.18,32.49,29.97,31.68,28.45,32.34,31.25,30.95,31.1,29.6
2025-04-15T17:00,2025-04-15,17,30.51,31.63,29.3,31.49,28.2,30.7,30.91,29.97,30.51,28.94
2025-04-15T18:00,2025-04-15,18,29.09,30.22,28.19,30.04,27.17,26.98,30.0,28.99,29.3,27.5
2025-04-15T19:00,2025-04-15,19,27.38,28.07,27.28,27.39,26.72,26.22,27.99,27.29,27.87,25.77
2025-04-15T20:00,2025-04-15,20,26.64,27.23,26.48,26.81,25.99,25.56,27.37,26.69,27.04,24.97
2025-04-15T21:00,2025-04-15,21,26.0,26.48,25.96,26.31,25.24,25.07,26.83,26.2,26.21,24.43
2025-04-15T22:00,2025-04-15,22,25.46,25.93,25.34,25.81,24.57,24.55,26.27,25.84,25.56,23.99
2025-04-15T23:00,2025-04-15,23,24.89,25.44,24.08,25.13,24.05,24.3,25.68,25.44,25.06,23.55
2025-04-16T00:00,2025-04-16,0,24.5,25.1,23.75,24.57,23.62,24.01,25.36,25.31,24.42,23.24
2025-04-16T01:00,2025-04-16,1,24.16,24.75,23.56,24.25,23.36,23.48,25.07,25.14,24.03,22.75
2025-04-16T02:00,2025-04-16,2,23.91,24.66,23.21,23.97,22.94,23.09,24.9,25.01,23.58,22.45
2025-04-16T03:00,2025-04-16,3,23.61,24.45,22.72,23.63,22.88,22.75,24.62,24.65,23.21,22.16
2025-04-16T04:00,2025-04-16,4,23.4,24.23,22.51,23.48,22.8,22.49,24.34,24.41,22.89,22.0
2025-04-16T05:00,2025-04-16,5,23.24,24.03,22.26,23.35,22.62,22.51,24.16,24.23,22.68,21.98
2025-04-16T06:00,2025-04-16,6,23.27,24.07,22.4,23.46,22.59,22.73,24.13,24.47,22.61,21.8
2025-04-16T07:00,2025-04-16,7,25.71,26.85,24.83,26.5,24.58,23.68,26.5,26.28,25.27,24.08
2025-04-16T08:00,2025-04-16,8,27.54,29.05,26.78,28.56,26.16,23.51,28.15,27.83,27.55,25.85
2025-04-16T09:00,2025-04-16,9,29.23,30.78,28.71,30.18,28.18,24.93,29.33,29.07,29.79,27.4
2025-04-16T10:00,2025-04-16,10,30.37,32.23,30.29,31.51,28.95,26.52,30.26,29.86,31.02,27.52
2025-04-16T11:00,2025-04-16,11,30.95,32.68,31.28,31.24,29.64,27.88,31.54,30.88,30.91,28.26
2025-04-16T12:00,2025-04-16,12,31.56,32.87,31.83,32.46,28.63,29.5,32.34,31.98,31.2,29.77
2025-04-16T13:00,2025-04-16,13,31.34,32.78,31.48,30.01,28.12,30.0,33.05,32.63,30.44,30.83
2025-04-16T14:00,2025-04-16,14,31.07,31.56,31.1,29.48,28.6,30.4,33.28,32.88,30.38,31.36
2025-04-16T15:00,2025-04-16,15,30.41,30.36,30.4,27.98,28.77,30.63,32.3,32.75,30.59,30.93
2025-04-16T16:00,2025-04-16,16,28.93,28.8,28.36,26.64,28.82,29.9,29.02,31.91,29.0,29.98
2025-04-16T17:00,2025-04-16,17,28.47,28.42,28.14,27.06,28.58,29.49,28.99,29.36,28.06,29.19
2025-04-16T18:00,2025-04-16,18,27.16,26.9,27.3,26.49,27.59,28.31,28.49,26.27,26.03,27.91
2025-04-16T19:00,2025-04-16,19,25.37,25.68,26.05,24.61,25.46,24.36,25.12,26.37,24.59,26.12
2025-04-16T20:00,2025-04-16,20,24.84,25.32,25.15,24.27,24.77,23.82,24.94,25.94,24.28,24.71
2025-04-16T21:00,2025-04-16,21,24.41,24.93,24.4,23.94,23.63,23.16,24.81,25.64,24.14,24.2
2025-04-16T22:00,2025-04-16,22,24.1,24.53,24.05,23.71,23.23,22.77,24.67,25.61,23.97,23.75
2025-04-16T23:00,2025-04-16,23,23.87,24.28,23.58,23.52,22.79,22.68,24.63,25.47,23.85,23.38
2025-04-17T00:00,2025-04-17,0,23.67,24.06,23.09,23.42,22.41,22.46,24.6,25.33,23.75,23.11
2025-04-17T01:00,2025-04-17,1,23.37,23.57,22.86,23.28,22.3,22.16,24.49,25.11,23.44,22.79
2025-04-17T02:00,2025-04-17,2,23.13,23.44,22.66,23.34,22.13,21.85,24.46,24.68,22.59,22.43
2025-04-17T03:00,2025-04-17,3,22.77,22.99,22.45,23.31,21.98,21.53,24.52,24.16,21.92,21.72
2025-04-17T04:00,2025-04-17,4,22.52,22.47,22.52,23.28,21.55,21.21,24.34,24.2,21.93,21.3
2025-04-17T05:00,2025-04-17,5,22.27,22.06,22.37,22.84,21.17,21.33,23.8,24.16,21.85,21.37
2025-04-17T06:00,2025-04-17,6,22.04,21.96,22.6,22.84,21.21,21.38,22.61,22.79,21.88,21.13
2025-04-17T07:00,2025-04-17,7,23.63,23.58,24.16,24.0,21.86,22.36,26.12,25.96,23.32,21.62
2025-04-17T08:00,2025-04-17,8,24.81,25.3,26.19,25.26,23.16,23.85,28.08,27.34,22.12,22.21
2025-04-17T09:00,2025-04-17,9,26.26,27.64,28.01,26.77,24.24,25.55,29.46,28.34,21.99,23.34
2025-04-17T10:00,2025-04-17,10,27.43,28.87,29.56,28.64,25.67,26.97,29.18,29.38,23.11,24.44
2025-04-17T11:00,2025-04-17,11,27.93,28.09,30.97,30.31,26.87,27.43,28.05,30.44,25.02,25.44
2025-04-17T12:00,2025-04-17,12,28.71,29.26,31.53,31.36,27.83,27.66,26.56,31.22,26.83,26.45
2025-04-17T13:00,2025-04-17,13,29.39,29.8,31.71,31.9,28.16,28.71,27.07,31.53,28.24,27.47
2025-04-17T14:00,2025-04-17,14,29.72,30.48,31.43,31.95,28.16,29.43,27.88,31.29,28.38,27.81
2025-04-17T15:00,2025-04-17,15,29.62,30.69,31.04,30.89,27.1,29.69,28.33,31.1,28.23,28.18
2025-04-17T16:00,2025-04-17,16,29.17,30.16,30.39,29.28,27.09,28.8,28.51,30.57,28.58,27.82
2025-04-17T17:00,2025-04-17,17,28.52,29.54,29.42,28.22,26.94,28.02,28.36,29.53,28.33,26.84
2025-04-17T18:00,2025-04-17,18,27.65,28.79,27.95,27.54,26.14,26.96,27.65,28.5,27.39,25.94
2025-04-17T19:00,2025-04-17,19,24.18,23.63,25.74,23.46,23.88,25.09,24.68,24.06,24.39,24.14
2025-04-17T20:00,2025-04-17,20,23.8,23.5,24.89,23.32,23.43,24.51,24.21,23.6,23.96,23.53
2025-04-17T21:00,2025-04-17,21,23.41,22.99,24.58,23.07,22.93,23.75,23.8,23.46,23.72,23.23
2025-04-17T22:00,2025-04-17,22,23.12,22.66,24.11,23.05,22.58,23.26,23.64,23.49,23.41,22.79
2025-04-17T23:00,2025-04-17,23,22.92,22.46,23.9,23.09,22.23,23.11,23.52,23.45,23.03,22.51
2025-04-18T00:00,2025-04-18,0,22.7,22.29,23.74,22.99,21.81,22.65,23.36,23.51,22.65,22.2
2025-04-18T01:00,2025-04-18,1,22.52,22.24,23.65,22.8,21.34,22.32,23.22,23.65,22.26,22.0
2025-04-18T02:00,2025-04-18,2,22.38,22.2,23.46,22.71,21.15,21.91,23.02,23.76,22.03,21.8
2025-04-18T03:00,2025-04-18,3,22.21,22.04,23.31,22.71,21.11,21.58,22.88,23.59,21.69,21.6
2025-04-18T04:00,2025-04-18,4,22.14,21.94,23.24,22.63,21.25,21.42,22.98,23.57,21.54,21.42
2025-04-18T05:00,2025-04-18,5,22.14,21.95,23.15,22.59,21.28,21.38,23.08,23.56,21.62,21.29
2025-04-18T06:00,2025-04-18,6,22.29,22.13,22.9,22.8,21.49,21.59,23.27,23.97,21.77,21.36
2025-04-18T07:00,2025-04-18,7,23.52,23.88,22.51,23.9,23.24,23.13,24.21,25.27,22.94,22.48
2025-04-18T08:00,2025-04-18,8,25.0,25.39,24.05,25.53,24.77,23.82,26.02,26.69,24.63,23.59
2025-04-18T09:00,2025-04-18,9,26.48,26.89,26.59,27.36,25.56,24.97,27.73,27.93,25.86,24.65
2025-04-18T10:00,2025-04-18,10,27.63,28.15,28.69,28.65,26.47,26.19,28.82,28.8,26.7,25.29
2025-04-18T11:00,2025-04-18,11,28.56,29.07,30.14,29.57,27.51,27.52,29.33,29.28,27.36,26.5
2025-04-18T12:00,2025-04-18,12,29.15,29.79,30.96,29.93,27.93,28.58,29.27,29.19,28.4,27.18
2025-04-18T13:00,2025-04-18,13,28.96,30.1,30.44,28.28,28.48,28.9,28.03,27.54,28.81,27.87
2025-04-18T14:00,2025-04-18,14,28.46,29.32,29.24,27.59,28.68,28.44,27.87,26.96,29.27,26.86
2025-04-18T15:00,2025-04-18,15,28.01,27.69,29.16,27.15,28.83,28.78,29.14,27.6,29.34,25.27
2025-04-18T16:00,2025-04-18,16,27.58,26.18,28.8,27.27,28.66,28.48,29.44,28.33,29.04,25.18
2025-04-18T17:00,2025-04-18,17,26.79,25.57,28.09,27.33,26.0,26.57,28.84,28.29,27.62,25.13
2025-04-18T18:00,2025-04-18,18,25.64,25.18,26.93,26.45,23.75,24.74,26.81,27.42,25.57,24.7
2025-04-18T19:00,2025-04-18,19,24.62,23.6,24.2,25.36,25.51,26.64,25.73,24.9,24.38,23.84
2025-04-18T20:00,2025-04-18,20,24.09,23.28,23.95,24.82,24.9,25.65,25.13,24.56,23.46,23.33
2025-04-18T21:00,2025-04-18,21,23.64,23.02,23.69,24.41,23.6,24.96,24.64,24.52,22.93,22.89
2025-04-18T22:00,2025-04-18,22,23.36,22.91,23.37,24.07,22.97,24.42,24.26,24.67,22.6,22.56
2025-04-18T23:00,2025-04-18,23,23.13,22.79,23.13,24.11,22.48,23.84,23.94,24.72,22.22,22.3
2025-04-19T00:00,2025-04-19,0,22.92,22.71,23.08,23.86,21.97,23.41,23.74,24.53,22.03,21.95
2025-04-19T01:00,2025-04-19,1,22.69,22.5,22.9,23.61,21.82,23.0,23.44,24.65,21.75,21.65
2025-04-19T02:00,2025-04-19,2,22.51,22.33,22.99,23.38,21.55,22.36,23.25,24.64,21.72,21.46
2025-04-19T03:00,2025-04-19,3,22.27,21.95,22.86,23.07,21.28,22.27,23.08,24.64,21.52,21.24
2025-04-19T04:00,2025-04-19,4,22.19,21.9,23.05,22.77,21.24,22.09,23.01,24.69,21.45,21.06
2025-04-19T05:00,2025-04-19,5,22.03,21.78,22.87,22.32,21.05,21.98,23.19,24.04,21.44,20.91
2025-04-19T06:00,2025-04-19,6,21.98,21.9,22.88,22.03,21.1,21.94,22.94,23.49,21.46,20.95
2025-04-19T07:00,2025-04-19,7,23.37,23.19,24.11,22.65,22.88,23.4,24.33,22.43,23.66,23.58
2025-04-19T08:00,2025-04-19,8,24.53,24.37,22.07,24.54,24.42,24.72,25.46,23.9,25.38,25.25
2025-04-19T09:00,2025-04-19,9,26.26,26.18,23.96,26.34,26.02,26.25,26.96,25.83,27.14,26.92
2025-04-19T10:00,2025-04-19,10,27.81,27.74,26.66,27.93,27.19,27.71,28.08,27.39,28.58,28.34
2025-04-19T11:00,2025-04-19,11,28.94,28.93,28.14,29.02,28.3,28.65,29.21,28.54,29.59,29.32
2025-04-19T12:00,2025-04-19,12,29.82,29.91,29.12,29.68,29.25,29.64,30.36,29.0,30.31,30.11
2025-04-19T13:00,2025-04-19,13,30.35,30.45,29.96,30.02,29.68,30.27,30.96,29.32,30.82,30.64
2025-04-19T14:00,2025-04-19,14,30.3,30.62,29.52,29.71,29.93,30.48,30.31,28.52,31.13,30.9
2025-04-19T15:00,2025-04-19,15,30.07,30.36,29.02,28.67,30.13,30.56,30.31,28.13,31.12,30.94
2025-04-19T16:00,2025-04-19,16,29.84,29.88,28.77,28.82,29.99,30.37,29.93,28.19,30.95,30.75
2025-04-19T17:00,2025-04-19,17,29.2,29.22,27.95,28.32,29.09,29.57,29.25,28.03,30.41,30.18
2025-04-19T18:00,2025-04-19,18,27.94,27.91,26.83,27.27,27.69,28.03,27.96,27.3,29.02,28.88
2025-04-19T19:00,2025-04-19,19,26.76,26.83,25.88,26.38,25.89,26.62,27.43,26.46,27.26,27.32
2025-04-19T20:00,2025-04-19,20,26.09,26.14,25.36,25.73,25.1,25.89,26.97,25.95,26.63,26.34
2025-04-19T21:00,2025-04-19,21,25.57,25.58,25.0,25.25,24.62,25.22,26.51,25.55,26.0,25.83
2025-04-19T22:00,2025-04-19,22,25.15,25.14,24.66,24.76,24.26,24.85,26.11,25.39,25.56,25.28
2025-04-19T23:00,2025-04-19,23,24.78,24.75,24.28,24.37,23.94,24.55,25.78,25.24,25.18,24.74
2025-04-20T00:00,2025-04-20,0,24.46,24.34,24.02,24.04,23.68,24.4,25.51,25.26,24.82,24.3
2025-04-20T01:00,2025-04-20,1,24.1,24.02,23.08,23.86,23.49,23.77,25.29,25.16,24.46,23.91
2025-04-20T02:00,2025-04-20,2,23.85,23.78,23.23,23.66,23.21,22.97,25.12,25.07,24.18,23.5
2025-04-20T03:00,2025-04-20,3,23.57,23.58,22.87,23.42,22.74,22.59,24.95,25.11,23.88,22.94
2025-04-20T04:00,2025-04-20,4,23.35,23.43,22.8,23.38,22.27,22.53,24.71,24.96,23.59,22.29
2025-04-20T05:00,2025-04-20,5,23.19,23.33,22.68,23.42,22.06,22.29,24.72,24.25,23.35,22.11
2025-04-20T06:00,2025-04-20,6,23.27,23.49,22.91,23.66,22.08,22.32,24.85,23.76,23.29,22.09
2025-04-20T07:00,2025-04-20,7,24.8,25.13,24.74,25.15,23.06,23.23,26.37,25.14,25.3,23.49
2025-04-20T08:00,2025-04-20,8,26.13,26.21,26.7,26.97,24.4,24.06,27.62,26.31,26.5,25.06
2025-04-20T09:00,2025-04-20,9,27.28,26.71,28.57,28.27,26.05,25.13,29.17,27.68,27.12,26.85
2025-04-20T10:00,2025-04-20,10,28.29,27.06,29.66,29.28,27.04,26.32,30.79,28.93,28.48,28.32
2025-04-20T11:00,2025-04-20,11,29.18,27.6,29.56,29.95,28.16,27.44,32.1,30.19,29.99,29.49
2025-04-20T12:00,2025-04-20,12,29.78,28.95,30.09,27.43,29.35,28.46,33.01,30.9,30.94,30.2
2025-04-20T13:00,2025-04-20,13,30.47,29.83,29.4,29.24,29.95,29.35,33.44,31.35,31.63,30.62
2025-04-20T14:00,2025-04-20,14,30.73,30.12,30.01,29.84,30.15,29.85,32.82,31.44,31.95,30.87
2025-04-20T15:00,2025-04-20,15,30.66,30.38,29.13,30.15,30.14,29.86,32.24,30.07,32.19,31.02
2025-04-20T16:00,2025-04-20,16,30.33,30.37,29.56,29.72,29.97,29.62,31.48,28.03,31.78,30.66
2025-04-20T17:00,2025-04-20,17,29.87,29.94,29.14,29.03,29.6,29.19,31.23,27.7,31.07,30.19
2025-04-20T18:00,2025-04-20,18,28.65,28.87,27.98,27.62,28.44,27.88,29.74,27.26,29.69,28.85
2025-04-20T19:00,2025-04-20,19,27.82,28.04,26.77,27.55,26.8,26.67,28.9,27.3,28.98,27.69
2025-04-20T20:00,2025-04-20,20,27.16,27.31,26.42,26.99,26.28,25.79,27.61,27.27,28.49,27.02
2025-04-20T21:00,2025-04-20,21,26.71,26.84,25.97,26.56,25.75,25.41,27.14,27.14,28.0,26.51
2025-04-20T22:00,2025-04-20,22,26.36,26.46,25.74,26.45,24.9,25.11,26.79,27.06,27.54,26.13
2025-04-20T23:00,2025-04-20,23,25.88,25.82,25.42,26.39,24.57,24.41,26.54,26.83,26.83,25.37
2025-04-21T00:00,2025-04-21,0,25.39,25.27,24.98,26.04,23.94,23.84,26.43,26.65,26.2,24.66
2025-04-21T01:00,2025-04-21,1,24.8,24.79,24.06,24.83,23.18,23.49,26.48,26.45,25.56,23.85
2025-04-21T02:00,2025-04-21,2,24.37,24.41,23.54,23.97,22.7,23.0,26.61,26.26,25.05,23.36
2025-04-21T03:00,2025-04-21,3,24.17,24.29,22.82,23.51,22.34,22.93,27.14,26.23,24.63,23.1
2025-04-21T04:00,2025-04-21,4,24.17,24.07,22.96,23.71,22.44,22.64,27.53,26.4,24.6,22.99
2025-04-21T05:00,2025-04-21,5,24.06,23.91,22.66,23.68,22.63,22.44,27.72,26.65,24.2,22.86
2025-04-21T06:00,2025-04-21,6,23.89,23.33,23.04,23.59,22.61,22.46,27.82,27.09,23.49,22.96
2025-04-21T07:00,2025-04-21,7,25.09,24.48,24.95,25.18,23.44,23.67,28.96,28.37,23.61,24.83
2025-04-21T08:00,2025-04-21,8,25.65,24.5,26.81,25.03,23.75,23.91,29.92,29.49,24.77,25.57
2025-04-21T09:00,2025-04-21,9,26.57,25.05,29.14,25.38,24.17,24.3,31.33,30.89,26.08,26.39
2025-04-21T10:00,2025-04-21,10,27.91,26.92,30.55,25.39,26.25,25.21,32.89,31.55,27.51,27.52
2025-04-21T11:00,2025-04-21,11,29.25,28.64,30.95,27.71,27.58,26.29,34.01,31.53,29.0,28.55
2025-04-21T12:00,2025-04-21,12,30.44,30.12,31.59,29.76,27.98,27.46,35.0,31.39,30.47,29.56
2025-04-21T13:00,2025-04-21,13,31.22,31.19,31.9,30.72,28.9,28.26,35.49,32.18,31.38,29.86
2025-04-21T14:00,2025-04-21,14,31.7,31.84,31.17,31.27,29.08,28.91,35.91,32.61,32.52,30.21
2025-04-21T15:00,2025-04-21,15,31.78,32.24,31.48,31.61,29.79,29.13,35.53,32.64,31.45,30.25
2025-04-21T16:00,2025-04-21,16,31.26,32.06,30.91,31.49,29.92,29.27,33.63,31.87,29.92,30.32
2025-04-21T17:00,2025-04-21,17,30.41,31.32,30.31,31.07,29.55,29.16,31.26,30.99,28.31,30.12
2025-04-21T18:00,2025-04-21,18,28.92,29.17,29.22,29.76,28.44,28.14,28.85,29.84,27.66,29.02
2025-04-21T19:00,2025-04-21,19,27.53,27.92,26.78,27.44,27.26,25.83,28.66,27.82,26.81,28.05
2025-04-21T20:00,2025-04-21,20,26.93,27.47,26.29,26.73,26.17,25.22,28.21,27.34,26.32,27.08
2025-04-21T21:00,2025-04-21,21,26.48,27.09,25.6,26.43,25.45,24.78,27.95,27.13,26.07,26.19
2025-04-21T22:00,2025-04-21,22,26.14,26.67,25.34,26.29,24.97,24.32,27.74,26.89,25.99,25.39
2025-04-21T23:00,2025-04-21,23,25.92,26.39,25.41,26.12,24.64,23.98,27.56,26.82,25.97,24.87
2025-04-22T00:00,2025-04-22,0,25.71,26.09,25.08,25.92,24.52,23.77,27.47,26.79,25.92,24.48
2025-04-22T01:00,2025-04-22,1,25.56,25.87,24.97,25.76,24.56,23.77,27.38,26.77,25.82,24.12
2025-04-22T02:00,2025-04-22,2,25.47,25.76,24.77,25.64,24.63,23.7,27.35,26.75,25.71,23.96
2025-04-22T03:00,2025-04-22,3,25.5,25.78,24.56,25.67,24.82,23.59,27.34,26.74,25.97,24.0
2025-04-22T04:00,2025-04-22,4,25.63,26.04,24.54,25.79,25.03,23.49,27.34,26.73,26.3,23.97
2025-04-22T05:00,2025-04-22,5,25.75,26.35,24.54,25.88,25.15,23.47,27.25,26.77,26.65,23.79
2025-04-22T06:00,2025-04-22,6,25.87,26.67,24.86,26.34,24.41,23.42,27.26,26.81,26.83,23.7
2025-04-22T07:00,2025-04-22,7,26.98,27.41,26.42,27.72,25.7,24.16,28.65,28.43,28.01,24.56
2025-04-22T08:00,2025-04-22,8,28.17,28.8,28.35,29.28,26.26,24.98,30.0,29.84,29.35,24.43
2025-04-22T09:00,2025-04-22,9,29.44,30.17,29.95,30.57,27.09,25.8,31.47,30.86,31.1,25.14
2025-04-22T10:00,2025-04-22,10,30.64,31.47,31.26,31.65,27.71,26.52,32.87,31.71,32.63,26.44
2025-04-22T11:00,2025-04-22,11,31.48,32.63,32.18,32.06,27.52,25.75,34.18,32.51,33.85,27.75
2025-04-22T12:00,2025-04-22,12,31.98,33.31,32.42,32.43,26.24,25.66,35.15,32.99,35.0,28.48
2025-04-22T13:00,2025-04-22,13,32.61,33.59,32.52,32.71,28.34,27.1,35.8,32.93,35.86,29.43
2025-04-22T14:00,2025-04-22,14,32.96,33.83,32.24,32.69,30.11,28.62,36.02,32.76,35.85,30.08
2025-04-22T15:00,2025-04-22,15,32.66,33.74,31.74,32.0,30.23,29.46,35.8,32.39,34.09,30.42
2025-04-22T16:00,2025-04-22,16,32.25,33.42,31.14,31.91,30.49,29.46,35.24,31.44,32.63,30.52
2025-04-22T17:00,2025-04-22,17,31.22,32.03,30.28,31.09,30.0,29.08,33.77,30.47,31.16,30.17
2025-04-22T18:00,2025-04-22,18,29.41,28.79,29.33,29.82,28.86,27.78,32.17,29.34,29.74,28.93
2025-04-22T19:00,2025-04-22,19,27.56,26.58,28.01,29.01,26.64,24.83,29.72,28.79,28.03,27.07
2025-04-22T20:00,2025-04-22,20,27.13,27.05,27.51,28.35,25.88,24.66,28.79,28.27,27.53,25.35
2025-04-22T21:00,2025-04-22,21,27.03,27.46,27.04,28.01,25.4,24.44,28.88,27.98,27.36,24.88
2025-04-22T22:00,2025-04-22,22,26.85,27.4,26.8,27.73,25.14,24.18,28.55,27.75,27.22,24.78
2025-04-22T23:00,2025-04-22,23,26.59,27.07,26.32,27.46,24.79,24.28,28.1,27.58,27.33,24.44
2025-04-23T00:00,2025-04-23,0,26.38,26.8,26.29,27.2,24.67,24.08,27.64,27.38,27.32,24.18
2025-04-23T01:00,2025-04-23,1,26.18,26.51,26.01,26.95,24.67,24.17,27.43,27.19,27.16,24.04
2025-04-23T02:00,2025-04-23,2,26.09,26.47,25.7,26.79,24.87,23.98,27.3,27.16,26.93,24.04
2025-04-23T03:00,2025-04-23,3,26.15,26.76,25.53,26.9,25.13,23.94,27.22,27.14,26.74,24.08
2025-04-23T04:00,2025-04-23,4,26.17,26.79,25.4,27.04,25.44,23.89,27.19,27.09,26.6,24.21
2025-04-23T05:00,2025-04-23,5,26.17,26.69,25.37,27.13,25.64,23.82,27.13,27.13,26.56,24.35
2025-04-23T06:00,2025-04-23,6,26.28,26.75,25.62,27.25,25.92,23.76,27.17,27.28,26.62,24.59
2025-04-23T07:00,2025-04-23,7,27.79,28.01,27.47,28.63,26.96,23.84,29.22,29.05,28.77,26.4
2025-04-23T08:00,2025-04-23,8,29.05,29.34,29.03,29.77,27.77,24.78,30.68,30.19,30.26,27.44
2025-04-23T09:00,2025-04-23,9,30.4,30.62,30.32,30.71,29.49,25.96,32.13,31.14,32.0,28.98
2025-04-23T10:00,2025-04-23,10,31.7,31.66,31.34,31.75,30.96,27.35,33.57,31.98,33.86,30.74
2025-04-23T11:00,2025-04-23,11,32.9,32.85,32.4,32.22,32.23,28.12,34.99,32.62,35.45,32.79
2025-04-23T12:00,2025-04-23,12,33.83,33.89,32.77,32.71,33.43,28.4,36.14,33.06,36.76,34.14
2025-04-23T13:00,2025-04-23,13,34.48,34.51,32.85,33.18,34.01,28.95,37.04,33.28,37.77,35.27
2025-04-23T14:00,2025-04-23,14,34.83,35.0,32.35,33.35,34.28,29.98,37.43,32.99,38.16,35.96
2025-04-23T15:00,2025-04-23,15,34.72,35.03,31.84,33.17,34.38,30.49,37.38,32.27,37.92,35.77
2025-04-23T16:00,2025-04-23,16,34.07,34.54,30.87,32.57,33.17,30.63,36.73,31.74,37.08,34.96
2025-04-23T17:00,2025-04-23,17,32.74,33.12,30.35,31.46,31.97,29.57,34.84,30.92,35.48,33.32
2025-04-23T18:00,2025-04-23,18,30.89,31.68,29.21,30.12,29.93,26.42,32.71,29.69,32.89,31.06
2025-04-23T19:00,2025-04-23,19,29.6,30.05,28.5,29.21,29.69,26.44,31.07,28.79,31.1,28.96
2025-04-23T20:00,2025-04-23,20,28.85,29.26,27.96,28.58,28.94,26.29,30.09,28.27,30.3,27.72
2025-04-23T21:00,2025-04-23,21,28.11,28.57,27.6,28.02,28.25,26.12,29.21,27.91,29.01,26.57
2025-04-23T22:00,2025-04-23,22,27.49,28.01,27.33,27.66,27.67,25.19,28.41,27.63,28.49,25.27
2025-04-23T23:00,2025-04-23,23,26.98,27.38,27.23,27.34,26.78,24.7,27.78,27.49,27.99,24.66
2025-04-24T00:00,2025-04-24,0,26.5,26.76,27.06,27.06,26.09,24.44,27.42,27.35,27.49,23.87
2025-04-24T01:00,2025-04-24,1,26.2,26.38,26.67,26.91,25.67,24.36,27.24,27.35,26.99,23.5
2025-04-24T02:00,2025-04-24,2,26.04,26.31,26.37,26.95,25.48,24.65,27.09,27.41,26.45,23.08
2025-04-24T03:00,2025-04-24,3,26.02,26.68,26.14,27.13,25.42,24.81,27.06,27.47,25.92,22.43
2025-04-24T04:00,2025-04-24,4,26.02,26.91,26.09,27.37,25.42,24.71,27.04,27.51,25.57,22.09
2025-04-24T05:00,2025-04-24,5,26.04,27.03,26.22,27.38,25.63,24.6,27.02,27.59,25.33,22.03
2025-04-24T06:00,2025-04-24,6,26.22,27.25,26.36,27.54,26.07,24.78,27.12,27.71,25.37,22.28
2025-04-24T07:00,2025-04-24,7,27.7,28.23,27.56,28.68,27.24,25.12,29.07,29.07,27.63,25.3
2025-04-24T08:00,2025-04-24,8,29.07,29.48,28.73,29.86,28.42,25.68,30.58,30.19,29.57,27.31
2025-04-24T09:00,2025-04-24,9,30.54,30.79,30.02,30.93,30.18,26.42,32.2,31.18,31.69,29.36
2025-04-24T10:00,2025-04-24,10,31.95,32.07,31.27,31.9,31.67,27.84,33.59,32.13,33.72,31.26
2025-04-24T11:00,2025-04-24,11,33.12,33.15,31.84,32.66,32.94,29.15,34.84,32.71,35.5,32.96
2025-04-24T12:00,2025-04-24,12,34.06,33.96,32.38,33.16,33.88,30.92,35.88,33.11,36.84,34.23
2025-04-24T13:00,2025-04-24,13,34.71,34.66,32.51,33.39,34.63,32.02,36.57,33.27,37.68,35.29
2025-04-24T14:00,2025-04-24,14,35.0,34.91,32.5,33.66,34.95,32.78,36.91,32.93,38.14,35.71
2025-04-24T15:00,2025-04-24,15,34.85,34.91,32.06,33.34,34.64,33.36,36.73,32.16,38.03,35.53
2025-04-24T16:00,2025-04-24,16,34.16,34.38,31.5,32.78,34.01,32.24,35.96,31.64,37.34,34.43
2025-04-24T17:00,2025-04-24,17,33.03,33.38,30.59,31.81,33.08,30.88,34.71,30.8,36.05,32.77
2025-04-24T18:00,2025-04-24,18,31.33,31.77,29.46,30.42,31.45,29.44,33.0,29.79,33.74,30.1
2025-04-24T19:00,2025-04-24,19,29.8,30.28,28.6,29.35,30.15,27.34,31.4,29.01,31.54,28.16
2025-04-24T20:00,2025-04-24,20,29.0,29.45,28.15,28.76,29.46,26.43,30.59,28.52,30.83,26.62
2025-04-24T21:00,2025-04-24,21,28.47,28.85,27.91,28.24,29.15,26.22,29.84,28.17,30.24,25.83
2025-04-24T22:00,2025-04-24,22,27.94,28.33,27.6,27.91,28.47,25.67,29.1,27.99,29.49,25.29
2025-04-24T23:00,2025-04-24,23,27.46,27.82,27.38,27.67,27.8,24.97,28.43,27.93,28.88,24.83
2025-04-25T00:00,2025-04-25,0,27.01,27.29,27.13,27.47,27.11,24.54,27.88,27.75,28.36,24.38
2025-04-25T01:00,2025-04-25,1,26.72,26.9,27.23,27.43,26.62,24.14,27.58,27.58,27.77,24.21
2025-04-25T02:00,2025-04-25,2,26.66,27.14,26.85,27.56,26.27,23.87,27.55,27.5,27.26,24.25
2025-04-25T03:00,2025-04-25,3,26.62,27.37,26.49,27.55,26.25,23.4,27.59,27.44,26.98,24.28
2025-04-25T04:00,2025-04-25,4,26.56,27.48,26.21,27.49,26.38,23.11,27.44,27.42,26.87,24.1
2025-04-25T05:00,2025-04-25,5,26.53,27.48,26.0,27.37,26.47,22.95,27.26,27.38,26.94,24.22
2025-04-25T06:00,2025-04-25,6,26.68,27.6,26.13,27.52,26.64,22.99,27.27,27.46,27.13,24.7
2025-04-25T07:00,2025-04-25,7,27.94,28.19,27.77,28.75,27.21,24.33,29.1,29.08,28.44,27.01
2025-04-25T08:00,2025-04-25,8,29.23,29.56,29.17,29.88,28.45,25.23,30.56,30.17,29.87,28.2
2025-04-25T09:00,2025-04-25,9,30.71,30.89,30.64,30.88,29.89,26.61,32.24,31.2,31.77,30.27
2025-04-25T10:00,2025-04-25,10,32.09,31.99,31.96,32.11,31.43,28.29,33.84,32.1,33.47,31.98
2025-04-25T11:00,2025-04-25,11,33.3,33.15,32.7,33.05,32.68,29.86,35.07,32.84,35.14,33.38
2025-04-25T12:00,2025-04-25,12,34.22,34.05,33.03,33.48,33.65,31.09,36.11,33.33,36.59,34.62
2025-04-25T13:00,2025-04-25,13,34.79,34.74,33.2,33.67,34.27,31.79,36.59,33.22,37.42,35.65
2025-04-25T14:00,2025-04-25,14,35.08,35.17,32.92,33.86,34.78,31.9,36.75,32.67,38.14,36.21
2025-04-25T15:00,2025-04-25,15,34.88,35.12,32.56,33.65,34.91,31.98,35.82,32.33,38.11,35.92
2025-04-25T16:00,2025-04-25,16,34.29,34.77,31.76,33.04,34.29,31.19,35.63,31.78,37.0,35.3
2025-04-25T17:00,2025-04-25,17,32.89,33.44,30.81,32.07,31.01,30.09,34.41,30.93,35.36,33.81
2025-04-25T18:00,2025-04-25,18,31.07,31.8,29.71,30.86,28.6,27.21,32.75,29.96,33.18,31.19
2025-04-25T19:00,2025-04-25,19,30.03,30.44,28.65,29.45,29.74,27.83,31.33,29.1,31.83,29.47
2025-04-25T20:00,2025-04-25,20,29.19,29.68,28.15,28.9,28.87,27.15,30.52,28.56,30.37,28.27
2025-04-25T21:00,2025-04-25,21,28.63,29.0,27.81,28.41,28.58,26.62,29.79,28.26,29.87,27.45
2025-04-25T22:00,2025-04-25,22,28.13,28.48,27.45,28.01,28.27,26.05,29.13,28.05,29.43,26.65
2025-04-25T23:00,2025-04-25,23,27.65,27.93,26.94,27.77,27.62,25.53,28.42,27.92,29.16,26.1
2025-04-26T00:00,2025-04-26,0,27.24,27.41,26.65,27.55,27.01,25.07,27.85,27.71,28.66,25.94
2025-04-26T01:00,2025-04-26,1,26.89,26.97,26.42,27.33,26.8,24.93,27.42,27.4,28.0,25.79
2025-04-26T02:00,2025-04-26,2,26.6,26.76,26.2,27.26,26.68,24.37,27.18,27.12,27.38,25.35
2025-04-26T03:00,2025-04-26,3,26.48,26.83,26.02,27.21,26.74,24.29,27.01,26.91,26.92,25.07
2025-04-26T04:00,2025-04-26,4,26.4,26.93,25.94,27.19,26.79,23.84,26.89,26.85,26.6,24.91
2025-04-26T05:00,2025-04-26,5,26.3,26.76,25.79,27.03,26.69,23.75,26.83,26.87,26.42,25.14
2025-04-26T06:00,2025-04-26,6,26.31,26.6,25.89,27.06,26.63,23.59,26.93,27.08,26.33,25.47
2025-04-26T07:00,2025-04-26,7,27.84,27.8,27.83,28.46,27.37,24.89,28.58,28.78,28.21,27.76
2025-04-26T08:00,2025-04-26,8,29.13,29.13,29.46,29.65,28.57,25.64,30.05,29.89,29.63,28.96
2025-04-26T09:00,2025-04-26,9,30.59,30.54,30.79,30.87,29.84,27.06,31.68,30.96,31.53,30.62
2025-04-26T10:00,2025-04-26,10,31.91,31.86,31.82,32.02,31.32,28.21,33.16,31.91,33.18,32.06
2025-04-26T11:00,2025-04-26,11,33.11,32.96,32.78,32.93,32.75,29.95,34.4,32.65,34.73,33.28
2025-04-26T12:00,2025-04-26,12,34.0,33.78,33.1,33.47,33.81,31.29,35.39,33.26,35.87,34.52
2025-04-26T13:00,2025-04-26,13,34.58,34.39,33.1,33.88,34.37,32.26,36.09,33.42,36.66,35.35
2025-04-26T14:00,2025-04-26,14,34.7,34.71,33.15,34.05,34.73,32.32,36.29,33.26,36.2,35.58
2025-04-26T15:00,2025-04-26,15,34.19,34.63,32.96,33.83,34.78,32.36,36.14,32.76,33.27,35.07
2025-04-26T16:00,2025-04-26,16,33.21,34.18,32.33,33.11,32.76,31.88,34.95,31.86,30.78,34.54
2025-04-26T17:00,2025-04-26,17,31.7,32.51,31.01,32.02,30.35,30.84,32.7,30.72,29.75,33.08
2025-04-26T18:00,2025-04-26,18,29.49,29.06,29.49,30.64,26.24,29.08,30.77,29.58,29.01,31.12
2025-04-26T19:00,2025-04-26,19,30.47,30.9,28.26,29.84,31.12,27.89,31.75,28.93,32.11,30.67
2025-04-26T20:00,2025-04-26,20,29.64,30.15,27.63,29.02,30.54,27.09,30.58,28.46,31.6,29.05
2025-04-26T21:00,2025-04-26,21,29.09,29.54,27.1,28.46,29.59,26.87,29.86,28.24,31.21,28.47
2025-04-26T22:00,2025-04-26,22,28.48,28.92,26.86,28.11,28.72,26.41,29.23,28.23,30.46,27.25
2025-04-26T23:00,2025-04-26,23,27.81,28.27,26.94,27.83,28.05,25.8,28.66,28.11,29.45,25.5
2025-04-27T00:00,2025-04-27,0,27.27,27.68,27.08,27.66,27.14,25.27,28.22,27.92,28.49,24.55
2025-04-27T01:00,2025-04-27,1,26.93,27.38,26.94,27.47,26.98,24.79,28.04,27.81,27.74,24.0
2025-04-27T02:00,2025-04-27,2,26.68,27.15,26.71,27.34,26.69,24.27,27.96,27.73,27.26,23.69
2025-04-27T03:00,2025-04-27,3,26.51,27.09,26.42,27.26,26.51,23.86,27.87,27.74,26.89,23.47
2025-04-27T04:00,2025-04-27,4,26.35,26.97,25.69,27.25,26.75,23.81,27.84,27.64,26.7,23.06
2025-04-27T05:00,2025-04-27,5,26.16,26.84,25.54,26.98,26.46,23.23,27.72,27.6,26.51,22.86
2025-04-27T06:00,2025-04-27,6,26.05,26.86,25.53,27.07,25.53,23.14,27.69,27.59,26.51,22.47
2025-04-27T07:00,2025-04-27,7,26.39,27.14,27.06,27.78,24.76,22.15,27.74,28.27,26.67,23.55
2025-04-27T08:00,2025-04-27,8,27.97,28.76,29.45,29.42,25.74,22.26,29.47,29.86,28.48,25.22
2025-04-27T09:00,2025-04-27,9,29.52,29.97,31.18,30.76,27.28,25.15,30.88,30.98,30.02,27.34
2025-04-27T10:00,2025-04-27,10,30.93,31.26,32.39,31.6,29.01,27.67,32.21,31.68,31.51,29.26
2025-04-27T11:00,2025-04-27,11,32.06,32.37,33.16,32.45,30.35,29.63,33.18,32.14,32.82,30.67
2025-04-27T12:00,2025-04-27,12,32.81,33.01,33.33,33.04,31.77,30.9,34.04,32.41,33.55,31.68
2025-04-27T13:00,2025-04-27,13,33.38,33.41,33.53,33.62,32.59,31.85,34.71,32.58,34.03,32.74
2025-04-27T14:00,2025-04-27,14,33.57,33.34,33.42,33.81,33.03,32.4,34.84,32.96,34.39,33.23
2025-04-27T15:00,2025-04-27,15,33.48,33.49,32.81,33.29,32.7,32.68,34.61,32.82,34.57,33.26
2025-04-27T16:00,2025-04-27,16,33.18,33.25,32.16,32.99,32.67,32.7,34.31,32.35,34.2,32.79
2025-04-27T17:00,2025-04-27,17,32.39,32.59,31.13,32.24,32.06,31.78,33.26,31.61,33.56,31.82
2025-04-27T18:00,2025-04-27,18,31.04,31.26,29.72,30.91,30.71,29.95,32.17,30.14,32.36,30.43
2025-04-27T19:00,2025-04-27,19,29.26,29.5,28.55,29.13,28.91,28.39,30.58,29.17,30.28,27.65
2025-04-27T20:00,2025-04-27,20,28.51,28.93,27.88,28.33,27.93,27.49,29.93,28.44,29.65,26.43
2025-04-27T21:00,2025-04-27,21,27.89,28.43,27.45,27.84,26.84,26.79,29.21,27.9,28.92,25.75
2025-04-27T22:00,2025-04-27,22,27.46,27.97,27.26,27.49,26.49,26.49,28.75,27.52,28.3,25.24
2025-04-27T23:00,2025-04-27,23,27.11,27.87,26.91,26.98,26.17,26.43,28.26,27.3,27.65,24.71
2025-04-28T00:00,2025-04-28,0,26.78,27.7,26.63,26.82,26.23,26.29,27.99,26.94,26.99,23.66
2025-04-28T01:00,2025-04-28,1,26.34,27.38,26.15,26.53,26.17,26.15,27.54,26.56,25.79,23.16
2025-04-28T02:00,2025-04-28,2,25.78,26.94,25.57,26.43,25.75,25.89,27.37,26.41,23.78,22.55
2025-04-28T03:00,2025-04-28,3,25.37,26.78,25.29,26.18,25.0,25.25,27.03,26.47,22.46,22.43
2025-04-28T04:00,2025-04-28,4,24.66,25.67,24.99,26.08,22.83,23.51,26.3,26.49,22.33,22.32
2025-04-28T05:00,2025-04-28,5,23.83,23.37,24.79,25.75,22.77,22.4,25.76,26.51,22.3,22.15
2025-04-28T06:00,2025-04-28,6,23.7,23.3,25.43,24.71,22.79,22.09,25.25,26.67,22.41,22.24
2025-04-28T07:00,2025-04-28,7,24.82,25.0,28.04,25.3,23.8,22.22,24.89,26.24,24.88,22.69
2025-04-28T08:00,2025-04-28,8,25.64,25.91,29.42,25.62,25.08,22.38,25.8,25.98,25.79,23.95
2025-04-28T09:00,2025-04-28,9,26.56,26.87,27.23,26.75,25.11,23.62,28.05,26.78,27.29,25.44
2025-04-28T10:00,2025-04-28,10,27.24,25.39,26.82,28.76,25.25,25.17,29.96,29.26,28.79,27.76
2025-04-28T11:00,2025-04-28,11,28.35,26.19,28.54,30.02,27.06,26.31,30.62,30.73,29.99,28.63
2025-04-28T12:00,2025-04-28,12,28.75,26.78,28.38,28.53,28.44,27.87,30.31,31.43,30.87,29.66
2025-04-28T13:00,2025-04-28,13,29.26,27.72,29.9,27.78,29.48,28.95,29.77,30.98,31.26,30.61
2025-04-28T14:00,2025-04-28,14,29.04,28.04,30.92,26.91,29.55,29.36,28.2,28.42,31.05,30.71
2025-04-28T15:00,2025-04-28,15,28.84,28.36,31.33,27.41,29.11,29.61,27.01,26.01,30.77,30.05
2025-04-28T16:00,2025-04-28,16,28.46,28.26,29.86,27.63,29.16,28.91,26.99,25.68,30.37,28.73
2025-04-28T17:00,2025-04-28,17,27.99,27.72,29.31,27.52,28.53,28.44,26.84,25.79,30.13,27.32
2025-04-28T18:00,2025-04-28,18,26.85,26.86,28.03,26.87,27.66,27.43,26.58,24.67,29.03,23.79
2025-04-28T19:00,2025-04-28,19,25.16,24.83,26.51,25.56,24.98,22.63,26.71,25.2,25.56,24.16
2025-04-28T20:00,2025-04-28,20,24.43,24.27,25.89,25.22,24.28,22.4,25.82,25.05,23.48,23.53
2025-04-28T21:00,2025-04-28,21,23.91,23.85,25.14,24.63,23.51,22.3,25.37,25.07,23.09,22.43
2025-04-28T22:00,2025-04-28,22,23.46,23.52,24.61,24.16,23.07,21.91,24.57,24.95,22.51,22.08
2025-04-28T23:00,2025-04-28,23,23.16,23.19,24.22,23.69,22.89,21.64,24.34,24.77,22.23,21.81
2025-04-29T00:00,2025-04-29,0,22.92,22.96,23.78,23.23,22.48,21.35,24.31,24.74,22.12,21.67
2025-04-29T01:00,2025-04-29,1,22.7,22.96,23.07,22.9,21.97,21.04,24.15,24.66,22.0,21.43
2025-04-29T02:00,2025-04-29,2,22.35,22.54,22.45,22.75,21.45,20.73,23.66,24.39,21.89,21.13
2025-04-29T03:00,2025-04-29,3,22.15,22.15,22.27,22.7,21.23,20.79,23.44,24.19,21.9,20.83
2025-04-29T04:00,2025-04-29,4,22.02,21.99,22.34,22.48,21.25,20.55,23.16,24.13,21.9,20.64
2025-04-29T05:00,2025-04-29,5,21.88,21.91,21.93,22.37,21.05,20.48,23.02,24.17,21.7,20.53
2025-04-29T06:00,2025-04-29,6,22.14,22.15,22.15,22.57,21.43,21.2,23.21,24.35,21.88,20.73
2025-04-29T07:00,2025-04-29,7,23.09,23.08,24.43,22.84,22.38,21.79,23.63,24.15,23.06,22.58
2025-04-29T08:00,2025-04-29,8,24.7,24.92,26.42,24.67,23.98,23.17,25.43,25.57,24.51,23.28
2025-04-29T09:00,2025-04-29,9,26.48,26.62,28.39,26.74,25.67,25.57,27.03,27.41,26.19,24.76
2025-04-29T10:00,2025-04-29,10,28.0,28.13,30.04,28.47,27.33,27.48,28.49,28.58,27.58,25.99
2025-04-29T11:00,2025-04-29,11,29.09,29.18,31.45,29.55,28.5,28.77,29.72,29.57,28.4,26.94
2025-04-29T12:00,2025-04-29,12,29.73,29.62,32.18,30.33,28.99,29.6,30.71,30.24,29.0,27.61
2025-04-29T13:00,2025-04-29,13,29.71,29.55,31.5,30.41,29.27,30.08,30.96,30.58,29.08,27.02
2025-04-29T14:00,2025-04-29,14,29.25,29.38,31.22,29.54,29.37,30.22,29.32,29.13,28.73,26.89
2025-04-29T15:00,2025-04-29,15,28.58,29.14,31.26,28.42,28.83,30.33,27.92,26.76,28.67,25.36
2025-04-29T16:00,2025-04-29,16,27.45,27.25,30.6,26.22,27.19,29.96,26.58,27.13,28.16,25.61
2025-04-29T17:00,2025-04-29,17,25.73,24.47,28.57,25.11,25.8,28.72,25.92,27.08,24.89,25.48
2025-04-29T18:00,2025-04-29,18,24.53,23.85,25.51,24.48,23.96,26.05,25.77,26.29,22.71,24.94
2025-04-29T19:00,2025-04-29,19,25.35,25.67,26.69,25.73,25.73,26.14,26.08,25.77,22.98,24.06
2025-04-29T20:00,2025-04-29,20,24.61,24.87,25.73,24.63,24.93,25.11,25.41,25.69,22.56,23.44
2025-04-29T21:00,2025-04-29,21,23.96,23.95,25.07,24.18,24.01,24.5,24.85,25.29,22.14,23.02
2025-04-29T22:00,2025-04-29,22,23.45,23.49,24.04,23.63,23.36,24.11,24.23,24.79,21.83,22.71
2025-04-29T23:00,2025-04-29,23,23.11,23.12,23.78,23.26,22.89,23.6,23.71,24.46,21.68,22.58
2025-04-30T00:00,2025-04-30,0,22.8,22.79,23.46,23.05,22.6,23.24,23.33,24.01,21.44,22.31
2025-04-30T01:00,2025-04-30,1,22.57,22.54,23.27,22.88,22.19,22.77,23.03,23.8,21.37,22.12
2025-04-30T02:00,2025-04-30,2,22.32,22.27,22.98,22.65,21.8,22.26,22.87,23.54,21.29,21.93
2025-04-30T03:00,2025-04-30,3,22.06,21.97,22.8,22.39,21.57,21.88,22.62,23.29,21.19,21.56
2025-04-30T04:00,2025-04-30,4,21.89,21.79,22.72,22.2,21.4,21.66,22.57,23.11,20.99,21.31
2025-04-30T05:00,2025-04-30,5,21.72,21.59,22.63,21.92,21.24,21.49,22.4,23.21,20.81,21.14
2025-04-30T06:00,2025-04-30,6,22.05,22.01,23.09,22.23,21.7,21.9,22.6,23.64,21.12,21.18
2025-04-30T07:00,2025-04-30,7,24.37,25.41,24.53,24.64,22.16,21.77,25.03,24.88,24.4,23.54
2025-04-30T08:00,2025-04-30,8,25.85,26.46,26.71,26.49,23.42,23.42,26.41,26.13,26.12,25.16
2025-04-30T09:00,2025-04-30,9,27.28,26.71,28.67,27.81,25.85,25.96,28.41,27.45,27.94,26.89
2025-04-30T10:00,2025-04-30,10,28.61,27.41,30.6,29.36,27.6,28.22,29.97,28.65,29.0,28.37
2025-04-30T11:00,2025-04-30,11,29.6,28.54,31.81,29.64,29.09,29.8,31.02,29.35,29.73,29.31
2025-04-30T12:00,2025-04-30,12,30.37,29.41,32.53,30.22,29.97,30.93,31.67,30.36,30.27,29.97
2025-04-30T13:00,2025-04-30,13,30.61,30.31,31.54,29.88,30.67,31.53,31.69,29.08,30.77,30.38
2025-04-30T14:00,2025-04-30,14,30.67,30.74,30.69,30.22,30.93,31.72,30.84,29.01,30.86,30.6
2025-04-30T15:00,2025-04-30,15,30.42,30.64,31.1,29.87,30.87,31.58,29.66,28.55,30.83,30.11
2025-04-30T16:00,2025-04-30,16,29.98,30.29,30.03,29.97,30.56,31.19,28.72,28.53,30.55,29.36
2025-04-30T17:00,2025-04-30,17,29.36,29.73,29.12,29.49,29.85,30.25,28.45,28.16,29.96,28.38
2025-04-30T18:00,2025-04-30,18,28.06,28.34,27.72,28.08,28.49,28.32,27.76,27.13,28.74,27.12
2025-04-30T19:00,2025-04-30,19,25.32,24.69,26.53,26.05,25.14,27.02,25.4,26.25,24.09,25.02
2025-04-30T20:00,2025-04-30,20,24.75,24.21,26.32,25.55,24.19,26.6,24.87,25.44,23.53,24.11
2025-04-30T21:00,2025-04-30,21,24.25,23.79,25.8,24.9,23.62,26.02,24.49,24.82,23.11,23.54
2025-04-30T22:00,2025-04-30,22,23.85,23.53,25.58,24.36,23.29,25.43,24.21,24.26,22.58,22.97
2025-04-30T23:00,2025-04-30,23,23.43,23.03,25.21,23.91,22.91,24.94,23.84,24.11,22.3,22.46
2025-05-01T00:00,2025-05-01,0,23.01,22.6,24.61,23.46,22.35,24.48,23.57,23.75,21.93,22.13
2025-05-01T01:00,2025-05-01,1,22.65,22.09,24.41,23.01,21.89,24.25,23.19,23.51,21.6,21.95
2025-05-01T02:00,2025-05-01,2,22.39,21.84,24.09,22.63,21.66,23.73,22.95,23.38,21.36,21.9
2025-05-01T03:00,2025-05-01,3,22.16,21.57,23.74,22.49,21.33,23.47,22.71,23.23,21.14,21.85
2025-05-01T04:00,2025-05-01,4,21.98,21.34,23.38,22.37,21.17,23.21,22.54,23.43,20.91,21.72
2025-05-01T05:00,2025-05-01,5,21.78,21.16,23.0,22.19,20.97,22.73,22.39,23.52,20.72,21.57
2025-05-01T06:00,2025-05-01,6,22.02,21.28,23.29,22.38,21.52,23.17,22.65,23.99,20.99,21.69
2025-05-01T07:00,2025-05-01,7,24.01,24.21,23.44,22.44,24.39,22.91,24.9,24.05,24.82,24.27
2025-05-01T08:00,2025-05-01,8,25.78,25.86,25.2,24.53,25.73,24.4,27.03,25.88,26.94,25.7
2025-05-01T09:00,2025-05-01,9,27.66,27.83,27.2,26.94,26.9,26.42,28.78,27.47,28.78,27.36
2025-05-01T10:00,2025-05-01,10,28.98,29.21,29.44,28.81,28.54,27.89,29.82,28.84,28.89,28.61
2025-05-01T11:00,2025-05-01,11,29.99,30.21,30.65,30.06,29.95,29.31,30.77,29.79,29.02,29.72
2025-05-01T12:00,2025-05-01,12,30.47,30.77,31.34,30.73,30.35,29.83,31.51,30.46,28.74,30.13
2025-05-01T13:00,2025-05-01,13,30.55,30.8,30.4,30.95,30.24,30.16,31.68,30.9,29.44,30.04
2025-05-01T14:00,2025-05-01,14,30.49,30.58,30.05,30.57,29.74,30.2,31.7,31.01,30.01,30.36
2025-05-01T15:00,2025-05-01,15,30.39,30.47,30.05,30.77,29.71,30.21,31.13,30.16,30.51,29.83
2025-05-01T16:00,2025-05-01,16,29.85,30.0,29.48,29.85,29.6,30.21,30.34,28.81,30.18,29.35
2025-05-01T17:00,2025-05-01,17,29.19,29.59,26.9,29.23,29.31,29.66,29.75,28.08,29.85,28.83
2025-05-01T18:00,2025-05-01,18,28.04,28.26,25.48,28.06,28.16,28.13,28.88,27.47,28.72,27.98
2025-05-01T19:00,2025-05-01,19,25.32,25.23,25.01,24.67,24.72,25.67,25.74,25.55,25.37,26.16
2025-05-01T20:00,2025-05-01,20,24.49,24.57,23.62,24.01,24.04,25.03,24.28,24.46,24.69,25.44
2025-05-01T21:00,2025-05-01,21,23.97,24.14,23.24,23.56,23.43,24.54,23.65,23.74,24.07,24.95
2025-05-01T22:00,2025-05-01,22,23.59,23.77,22.97,23.14,23.32,24.37,23.15,23.35,23.5,24.48
2025-05-01T23:00,2025-05-01,23,23.09,23.26,22.38,22.68,22.98,23.95,22.85,22.77,22.87,23.93
2025-05-02T00:00,2025-05-02,0,22.65,22.66,22.09,22.31,22.29,23.46,22.56,22.54,22.46,23.54
2025-05-02T01:00,2025-05-02,1,22.3,22.22,21.81,22.09,21.77,23.2,22.23,22.44,21.95,23.34
2025-05-02T02:00,2025-05-02,2,21.99,21.76,21.67,21.99,21.32,22.96,21.93,22.31,21.55,23.14
2025-05-02T03:00,2025-05-02,3,21.78,21.48,21.53,21.76,21.13,22.47,21.83,22.27,21.43,22.87
2025-05-02T04:00,2025-05-02,4,21.58,21.33,21.34,21.43,21.07,22.04,21.7,22.34,21.27,22.53
2025-05-02T05:00,2025-05-02,5,21.42,21.13,21.19,21.43,21.02,21.81,21.57,22.4,20.93,22.23
2025-05-02T06:00,2025-05-02,6,21.76,21.39,21.73,21.78,21.46,22.53,21.95,22.81,21.25,22.25
2025-05-02T07:00,2025-05-02,7,24.35,24.14,25.09,24.36,24.37,24.2,24.03,25.48,24.17,24.34
2025-05-02T08:00,2025-05-02,8,26.22,25.98,27.55,26.38,26.5,25.98,25.8,26.88,26.05,25.85
2025-05-02T09:00,2025-05-02,9,27.91,27.6,29.56,28.32,27.91,27.61,27.57,28.3,27.69,27.45
2025-05-02T10:00,2025-05-02,10,29.28,29.09,30.95,29.74,28.56,28.85,29.05,29.45,29.22,28.9
2025-05-02T11:00,2025-05-02,11,30.25,30.11,31.93,30.72,29.11,29.58,30.16,30.27,30.46,29.8
2025-05-02T12:00,2025-05-02,12,30.8,30.89,32.19,30.04,29.82,30.21,31.03,30.79,31.37,30.46
2025-05-02T13:00,2025-05-02,13,31.15,31.43,31.67,29.93,30.32,30.68,31.61,30.57,31.99,31.1
2025-05-02T14:00,2025-05-02,14,31.04,31.62,30.45,28.5,30.99,31.15,31.98,29.55,32.23,31.31
2025-05-02T15:00,2025-05-02,15,30.74,31.51,29.85,29.04,30.94,31.17,30.99,27.09,32.22,30.91
2025-05-02T16:00,2025-05-02,16,29.97,30.54,29.44,28.75,31.06,30.83,30.41,27.6,31.97,27.42
2025-05-02T17:00,2025-05-02,17,28.53,27.23,28.54,28.3,30.03,30.12,30.08,27.72,30.57,26.52
2025-05-02T18:00,2025-05-02,18,27.17,25.58,27.11,27.45,27.82,28.16,28.99,27.03,28.99,25.97
2025-05-02T19:00,2025-05-02,19,26.61,27.29,25.74,26.68,26.51,27.36,27.64,24.84,26.3,25.35
2025-05-02T20:00,2025-05-02,20,25.7,26.21,25.04,25.7,25.53,26.36,26.58,24.68,25.46,24.51
2025-05-02T21:00,2025-05-02,21,24.84,25.39,23.19,24.97,24.89,24.88,25.87,24.44,24.74,23.81
2025-05-02T22:00,2025-05-02,22,24.31,24.72,22.69,24.48,24.36,24.27,25.39,24.28,24.16,23.42
2025-05-02T23:00,2025-05-02,23,23.81,24.12,22.53,23.75,23.86,23.31,25.0,24.04,23.74,23.12
2025-05-03T00:00,2025-05-03,0,23.42,23.72,22.25,23.26,23.43,22.67,24.58,23.94,23.42,22.82
2025-05-03T01:00,2025-05-03,1,23.06,23.21,21.95,22.88,23.14,22.26,24.18,23.91,23.15,22.58
2025-05-03T02:00,2025-05-03,2,22.86,23.05,21.81,22.53,23.09,21.83,23.9,23.9,22.96,22.32
2025-05-03T03:00,2025-05-03,3,22.61,22.82,21.57,22.28,22.79,21.57,23.51,23.88,22.72,22.09
2025-05-03T04:00,2025-05-03,4,22.37,22.56,21.41,22.13,22.38,21.29,23.28,23.76,22.43,21.91
2025-05-03T05:00,2025-05-03,5,22.17,22.29,21.41,22.04,22.04,21.08,23.13,23.63,22.17,21.63
2025-05-03T06:00,2025-05-03,6,22.56,22.62,21.92,22.43,22.34,21.59,23.52,24.18,22.53,22.02
2025-05-03T07:00,2025-05-03,7,24.99,25.14,24.91,25.43,23.42,21.79,26.34,26.46,25.92,24.14
2025-05-03T08:00,2025-05-03,8,26.81,26.8,27.12,27.36,24.65,23.36,28.27,27.82,28.33,25.87
2025-05-03T09:00,2025-05-03,9,28.52,28.6,28.88,28.96,26.42,25.33,29.96,28.9,30.16,27.51
2025-05-03T10:00,2025-05-03,10,29.93,30.05,30.35,30.11,28.48,27.06,31.24,29.85,31.53,28.84
2025-05-03T11:00,2025-05-03,11,31.02,31.29,31.23,31.11,29.88,28.44,32.13,30.69,32.4,29.95
2025-05-03T12:00,2025-05-03,12,31.63,31.98,30.43,31.72,30.81,29.38,32.72,31.2,33.3,30.79
2025-05-03T13:00,2025-05-03,13,31.75,32.18,30.55,31.1,31.59,30.01,32.41,29.86,33.83,31.41
2025-05-03T14:00,2025-05-03,14,31.56,31.99,31.14,30.82,31.77,30.44,31.87,28.14,33.3,31.71
2025-05-03T15:00,2025-05-03,15,31.7,32.09,31.1,31.07,31.75,30.47,32.47,28.34,33.25,31.83
2025-05-03T16:00,2025-05-03,16,31.44,31.77,30.37,30.39,31.58,30.31,32.08,29.13,33.24,31.68
2025-05-03T17:00,2025-05-03,17,30.84,31.11,29.48,29.88,31.2,29.96,31.18,29.01,32.54,31.28
2025-05-03T18:00,2025-05-03,18,29.55,29.78,28.02,28.52,30.05,28.5,30.15,27.89,31.39,29.78
2025-05-03T19:00,2025-05-03,19,27.6,27.8,26.75,25.84,28.21,26.3,28.03,26.07,29.3,28.48
2025-05-03T20:00,2025-05-03,20,26.83,26.81,26.19,25.26,27.16,25.63,27.36,25.66,28.72,27.59
2025-05-03T21:00,2025-05-03,21,26.29,26.14,25.81,24.86,26.63,25.04,26.85,25.48,28.15,26.87
2025-05-03T22:00,2025-05-03,22,25.89,25.69,25.32,24.51,26.26,24.63,26.42,25.28,27.81,26.5
2025-05-03T23:00,2025-05-03,23,25.38,25.18,24.74,24.26,25.75,24.36,26.04,25.14,27.15,25.42
2025-05-04T00:00,2025-05-04,0,24.79,24.81,24.16,24.04,24.91,23.96,25.57,25.01,26.21,23.98
2025-05-04T01:00,2025-05-04,1,24.3,24.46,23.66,23.71,23.78,23.68,25.25,24.87,25.21,23.5
2025-05-04T02:00,2025-05-04,2,23.89,24.21,23.45,23.51,22.84,23.12,25.01,24.79,24.35,22.94
2025-05-04T03:00,2025-05-04,3,23.53,23.89,23.15,23.39,22.48,22.44,24.77,24.72,23.69,22.42
2025-05-04T04:00,2025-05-04,4,23.24,23.52,22.72,23.31,22.08,22.1,24.53,24.68,23.38,22.21
2025-05-04T05:00,2025-05-04,5,23.06,23.34,22.64,23.32,21.54,21.78,24.42,24.56,23.2,21.92
2025-05-04T06:00,2025-05-04,6,23.32,23.63,23.0,23.84,21.77,21.91,24.64,24.6,23.34,22.11
2025-05-04T07:00,2025-05-04,7,25.09,25.46,25.27,25.82,24.17,24.65,25.56,25.73,24.72,23.72
2025-05-04T08:00,2025-05-04,8,26.81,26.8,27.58,27.87,26.42,26.45,26.88,27.34,26.71,25.28
2025-05-04T09:00,2025-05-04,9,28.64,28.55,29.43,29.44,28.58,28.27,28.86,28.89,28.88,27.01
2025-05-04T10:00,2025-05-04,10,30.18,30.27,30.69,30.53,30.15,29.56,30.54,30.16,30.69,28.57
2025-05-04T11:00,2025-05-04,11,31.36,31.5,31.75,31.53,31.3,30.38,31.91,31.0,32.22,29.78
2025-05-04T12:00,2025-05-04,12,32.24,32.42,32.8,32.16,32.0,31.2,32.73,31.46,33.46,30.7
2025-05-04T13:00,2025-05-04,13,32.7,32.85,32.88,32.5,32.53,31.67,33.31,31.59,34.2,31.4
2025-05-04T14:00,2025-05-04,14,32.56,33.28,32.48,32.69,32.71,31.9,31.14,29.48,34.49,31.78
2025-05-04T15:00,2025-05-04,15,32.07,33.19,32.21,32.3,32.85,32.06,28.41,28.11,34.0,31.83
2025-05-04T16:00,2025-05-04,16,31.59,32.29,31.51,32.0,32.68,31.76,29.24,28.23,32.75,31.31
2025-05-04T17:00,2025-05-04,17,30.63,30.92,30.19,29.76,32.1,31.3,29.54,28.18,31.88,30.71
2025-05-04T18:00,2025-05-04,18,29.19,28.98,28.83,28.98,30.83,29.85,29.0,27.63,29.68,29.13
2025-05-04T19:00,2025-05-04,19,27.21,27.5,27.51,26.91,28.16,26.72,26.96,26.56,28.24,25.58
2025-05-04T20:00,2025-05-04,20,26.45,26.66,26.94,26.22,27.37,26.23,26.64,26.03,26.86,24.82
2025-05-04T21:00,2025-05-04,21,25.84,25.96,26.44,25.67,26.47,25.58,26.26,25.59,26.21,24.27
2025-05-04T22:00,2025-05-04,22,25.39,25.34,25.93,25.26,26.0,25.08,25.9,25.38,25.93,23.87
2025-05-04T23:00,2025-05-04,23,24.99,24.95,25.48,24.86,25.24,24.75,25.6,25.15,25.57,23.4
2025-05-05T00:00,2025-05-05,0,24.66,24.63,25.04,24.46,24.6,24.56,25.32,25.06,25.19,23.29
2025-05-05T01:00,2025-05-05,1,24.35,24.31,24.61,24.22,24.11,24.32,25.04,24.86,24.83,23.01
2025-05-05T02:00,2025-05-05,2,24.08,24.03,24.22,24.01,23.63,24.1,24.77,24.71,24.57,22.84
2025-05-05T03:00,2025-05-05,3,23.86,23.83,23.96,23.86,23.32,23.79,24.52,24.6,24.33,22.65
2025-05-05T04:00,2025-05-05,4,23.66,23.63,23.88,23.76,23.13,23.4,24.32,24.48,24.08,22.41
2025-05-05T05:00,2025-05-05,5,23.48,23.45,23.75,23.61,23.03,22.99,24.07,24.31,23.92,22.32
2025-05-05T06:00,2025-05-05,6,23.91,23.93,24.23,24.23,23.5,23.28,24.42,24.95,24.17,22.58
2025-05-05T07:00,2025-05-05,7,26.15,26.68,26.12,26.54,25.9,24.86,26.75,27.32,26.28,24.02
2025-05-05T08:00,2025-05-05,8,27.98,28.79,28.6,28.49,27.91,26.64,28.76,28.65,28.24,24.3
2025-05-05T09:00,2025-05-05,9,29.29,30.4,30.51,29.93,29.63,28.27,30.27,29.12,29.16,24.34
2025-05-05T10:00,2025-05-05,10,30.49,31.7,32.06,31.06,30.72,29.54,31.53,29.45,30.25,25.69
2025-05-05T11:00,2025-05-05,11,31.44,32.72,33.01,32.13,31.69,30.6,32.28,29.65,31.14,26.91
2025-05-05T12:00,2025-05-05,12,32.02,33.42,33.32,32.81,32.48,31.33,33.26,30.51,30.45,27.96
2025-05-05T13:00,2025-05-05,13,32.33,33.65,33.05,33.01,31.48,32.0,33.87,31.64,30.51,29.34
2025-05-05T14:00,2025-05-05,14,32.55,33.65,32.61,33.14,32.21,32.05,33.85,31.89,31.31,30.08
2025-05-05T15:00,2025-05-05,15,32.55,33.54,32.44,33.16,32.24,32.11,33.55,31.64,31.82,30.28
2025-05-05T16:00,2025-05-05,16,32.19,33.09,31.53,32.46,32.57,31.96,32.93,30.99,31.98,30.11
2025-05-05T17:00,2025-05-05,17,31.53,32.23,30.63,31.74,31.92,31.55,32.3,30.1,31.71,29.64
2025-05-05T18:00,2025-05-05,18,30.28,30.97,29.31,30.36,30.26,30.2,30.78,29.13,30.87,28.69
2025-05-05T19:00,2025-05-05,19,28.23,29.5,28.06,28.92,27.29,28.45,28.89,27.05,27.64,25.52
2025-05-05T20:00,2025-05-05,20,27.36,28.59,27.39,28.0,26.03,26.37,28.21,26.7,27.02,24.95
2025-05-05T21:00,2025-05-05,21,26.73,27.86,26.82,27.33,25.29,25.75,27.75,26.36,26.33,24.34
2025-05-05T22:00,2025-05-05,22,26.19,27.18,26.34,26.72,24.82,25.15,27.33,26.03,25.79,23.92
2025-05-05T23:00,2025-05-05,23,25.71,26.59,25.82,26.13,24.54,24.57,26.98,25.7,25.35,23.53
2025-05-06T00:00,2025-05-06,0,25.3,26.0,25.48,25.72,24.19,24.12,26.62,25.53,25.01,23.3
2025-05-06T01:00,2025-05-06,1,24.93,25.52,25.02,25.14,24.09,23.79,26.28,25.37,24.75,23.04
2025-05-06T02:00,2025-05-06,2,24.65,25.09,24.77,24.87,23.91,23.52,26.02,25.13,24.6,22.85
2025-05-06T03:00,2025-05-06,3,24.44,24.83,24.45,24.61,23.81,23.35,25.75,25.03,24.42,22.76
2025-05-06T04:00,2025-05-06,4,24.25,24.64,24.19,24.37,23.7,23.18,25.61,24.86,24.26,22.58
2025-05-06T05:00,2025-05-06,5,24.11,24.5,23.92,24.25,23.57,22.89,25.54,24.77,24.12,22.48
2025-05-06T06:00,2025-05-06,6,24.49,24.92,24.3,24.86,23.9,23.06,25.97,25.25,24.6,22.45
2025-05-06T07:00,2025-05-06,7,26.58,27.38,26.1,27.51,26.19,24.85,27.86,27.68,26.68,23.21
2025-05-06T08:00,2025-05-06,8,28.13,29.28,28.46,29.28,27.93,26.24,29.62,29.4,28.2,22.66
2025-05-06T09:00,2025-05-06,9,29.43,31.08,30.63,30.83,29.2,27.88,31.01,30.62,27.96,23.32
2025-05-06T10:00,2025-05-06,10,30.39,32.46,32.23,32.1,28.19,29.23,32.32,31.67,26.95,25.42
2025-05-06T11:00,2025-05-06,11,31.04,33.02,33.35,33.1,26.59,30.35,32.86,32.53,27.36,27.09
2025-05-06T12:00,2025-05-06,12,31.12,31.08,33.87,33.96,27.23,31.26,32.76,33.09,28.77,28.52
2025-05-06T13:00,2025-05-06,13,31.07,28.92,34.02,34.21,29.11,31.63,32.74,33.37,30.38,29.63
2025-05-06T14:00,2025-05-06,14,30.68,28.82,33.8,32.21,30.14,30.93,30.41,32.4,31.14,30.27
2025-05-06T15:00,2025-05-06,15,30.57,29.77,33.48,30.5,30.84,31.07,29.27,29.61,31.55,30.49
2025-05-06T16:00,2025-05-06,16,30.25,29.78,32.47,30.62,30.72,30.91,28.8,28.16,30.88,30.3
2025-05-06T17:00,2025-05-06,17,29.74,29.59,31.36,30.16,30.47,30.39,29.03,27.19,29.58,29.69
2025-05-06T18:00,2025-05-06,18,28.78,28.86,30.0,29.19,29.44,29.08,28.58,26.96,27.94,28.65
2025-05-06T19:00,2025-05-06,19,27.56,28.22,28.84,27.65,27.79,26.15,26.46,27.28,27.35,26.96
2025-05-06T20:00,2025-05-06,20,26.92,27.59,27.99,26.92,27.26,25.73,26.13,26.74,26.62,26.13
2025-05-06T21:00,2025-05-06,21,26.34,26.99,27.4,26.29,26.6,25.16,25.72,26.3,25.97,25.49
2025-05-06T22:00,2025-05-06,22,25.87,26.46,26.77,25.83,26.2,24.75,25.46,26.04,25.48,24.93
2025-05-06T23:00,2025-05-06,23,25.38,25.87,26.11,25.4,25.72,24.37,25.22,25.82,25.02,24.25
2025-05-07T00:00,2025-05-07,0,24.96,25.45,25.6,24.99,25.24,23.99,24.95,25.54,24.58,23.74
2025-05-07T01:00,2025-05-07,1,24.58,25.0,25.09,24.65,24.8,23.62,24.71,25.38,24.2,23.37
2025-05-07T02:00,2025-05-07,2,24.26,24.63,24.79,24.38,24.41,23.35,24.48,25.06,23.92,22.99
2025-05-07T03:00,2025-05-07,3,23.97,24.29,24.51,24.1,24.02,23.19,24.3,24.81,23.61,22.67
2025-05-07T04:00,2025-05-07,4,23.72,23.94,24.22,23.95,23.69,23.1,24.12,24.7,23.39,22.41
2025-05-07T05:00,2025-05-07,5,23.55,23.77,24.02,23.74,23.55,22.91,23.99,24.59,23.19,22.18
2025-05-07T06:00,2025-05-07,6,23.92,24.24,24.53,24.3,23.44,23.43,24.41,24.86,23.49,22.32
2025-05-07T07:00,2025-05-07,7,26.03,26.59,27.1,26.54,25.15,25.33,26.43,26.56,25.63,24.03
2025-05-07T08:00,2025-05-07,8,27.8,28.56,29.41,28.62,25.03,27.23,28.34,28.56,27.34,25.58
2025-05-07T09:00,2025-05-07,9,29.44,30.24,31.02,30.17,26.16,28.89,30.03,29.94,29.13,27.48
2025-05-07T10:00,2025-05-07,10,30.88,31.63,32.27,31.54,28.45,30.03,31.41,31.05,30.65,28.98
2025-05-07T11:00,2025-05-07,11,31.92,32.69,33.28,32.32,30.18,30.33,32.6,31.9,31.79,30.15
2025-05-07T12:00,2025-05-07,12,32.81,33.65,33.95,33.05,31.33,31.18,33.62,32.6,32.67,30.97
2025-05-07T13:00,2025-05-07,13,33.42,34.35,34.02,33.8,32.3,31.65,34.26,33.07,33.35,31.47
2025-05-07T14:00,2025-05-07,14,33.79,34.73,33.9,34.2,32.81,32.27,34.63,33.37,33.87,31.75
2025-05-07T15:00,2025-05-07,15,33.79,34.7,33.42,34.15,32.97,32.37,34.79,32.96,34.01,31.96
2025-05-07T16:00,2025-05-07,16,33.53,34.38,32.82,33.84,32.94,32.34,34.51,32.63,33.88,31.79
2025-05-07T17:00,2025-05-07,17,32.93,33.73,31.87,33.16,32.48,31.97,33.88,31.94,33.41,31.44
2025-05-07T18:00,2025-05-07,18,31.52,32.48,30.49,31.55,30.92,30.48,32.52,30.38,31.94,30.01
2025-05-07T19:00,2025-05-07,19,29.62,30.4,29.34,29.71,29.46,28.92,30.67,28.57,29.1,28.44
2025-05-07T20:00,2025-05-07,20,28.69,29.33,28.38,28.7,28.65,27.81,29.54,28.06,28.52,27.56
2025-05-07T21:00,2025-05-07,21,28.03,28.68,27.81,28.03,27.87,26.88,28.86,27.71,27.92,26.86
2025-05-07T22:00,2025-05-07,22,27.6,28.35,27.47,27.5,27.54,26.35,28.29,27.43,27.52,26.26
2025-05-07T23:00,2025-05-07,23,27.3,28.18,27.07,27.16,27.16,26.13,28.01,27.15,27.21,25.68
2025-05-08T00:00,2025-05-08,0,26.91,27.88,26.67,26.74,26.38,25.8,27.65,26.82,26.99,25.11
2025-05-08T01:00,2025-05-08,1,26.59,27.51,26.41,26.48,25.66,25.51,27.4,26.66,26.79,24.79
2025-05-08T02:00,2025-05-08,2,26.3,27.11,26.27,26.32,25.25,25.2,27.17,26.57,26.53,24.42
2025-05-08T03:00,2025-05-08,3,26.07,26.82,26.13,26.09,24.95,25.0,27.04,26.51,26.26,24.14
2025-05-08T04:00,2025-05-08,4,25.8,26.45,25.83,25.88,24.74,24.82,26.93,26.45,25.98,23.68
2025-05-08T05:00,2025-05-08,5,25.55,26.17,25.26,25.71,24.73,24.18,26.81,26.5,25.76,23.41
2025-05-08T06:00,2025-05-08,6,25.85,26.51,25.6,26.15,25.3,24.34,27.02,26.72,26.0,23.6
2025-05-08T07:00,2025-05-08,7,27.94,28.53,28.47,28.17,27.39,24.93,28.69,28.55,27.93,27.05
2025-05-08T08:00,2025-05-08,8,29.67,30.41,30.52,30.08,28.55,25.74,30.31,29.94,29.98,28.81
2025-05-08T09:00,2025-05-08,9,31.37,32.13,32.26,32.03,30.18,26.32,32.05,31.4,32.12,30.47
2025-05-08T10:00,2025-05-08,10,33.14,34.11,33.66,33.71,31.78,28.39,33.85,32.84,34.15,31.88
2025-05-08T11:00,2025-05-08,11,34.56,35.66,34.84,35.01,32.97,30.29,35.24,34.06,35.73,33.06
2025-05-08T12:00,2025-05-08,12,35.51,36.69,35.53,35.86,34.03,31.4,36.17,34.7,36.8,33.98
2025-05-08T13:00,2025-05-08,13,36.01,37.05,36.01,36.25,34.64,32.06,36.8,34.99,37.45,34.64
2025-05-08T14:00,2025-05-08,14,36.19,37.01,35.92,36.28,35.3,32.73,37.15,34.6,37.73,35.11
2025-05-08T15:00,2025-05-08,15,36.06,37.1,35.53,35.79,35.39,33.13,36.84,33.53,37.62,35.17
2025-05-08T16:00,2025-05-08,16,35.5,36.56,34.77,34.7,35.01,33.0,36.34,32.41,37.26,34.91
2025-05-08T17:00,2025-05-08,17,34.63,35.57,33.53,34.2,34.05,32.75,35.61,31.97,36.43,33.52
2025-05-08T18:00,2025-05-08,18,33.18,34.35,32.07,32.61,32.58,31.02,34.31,31.03,34.67,31.77
2025-05-08T19:00,2025-05-08,19,31.0,31.97,30.41,30.31,30.86,29.36,31.54,29.26,32.13,29.94
2025-05-08T20:00,2025-05-08,20,30.14,31.02,29.5,29.48,30.02,28.65,30.76,28.74,31.27,28.97
2025-05-08T21:00,2025-05-08,21,29.43,30.18,28.88,29.04,29.04,28.07,30.14,28.31,30.45,28.19
2025-05-08T22:00,2025-05-08,22,28.82,29.59,28.38,28.48,28.39,27.46,29.53,27.93,29.84,27.35
2025-05-08T23:00,2025-05-08,23,28.34,29.04,28.14,28.02,27.95,26.88,29.04,27.52,29.4,26.76
2025-05-09T00:00,2025-05-09,0,27.88,28.62,27.7,27.58,27.37,26.36,28.45,27.21,28.87,26.38
2025-05-09T01:00,2025-05-09,1,27.48,28.18,27.32,27.29,27.12,25.97,28.0,27.03,28.34,25.97
2025-05-09T02:00,2025-05-09,2,27.13,27.85,26.61,27.02,26.99,25.81,27.64,26.86,27.79,25.58
2025-05-09T03:00,2025-05-09,3,26.79,27.54,26.27,26.69,26.61,25.51,27.37,26.7,27.28,25.24
2025-05-09T04:00,2025-05-09,4,26.4,27.15,25.83,26.26,26.23,25.1,27.11,26.49,26.8,24.76
2025-05-09T05:00,2025-05-09,5,26.12,26.83,25.47,25.97,25.76,24.94,26.93,26.24,26.62,24.53
2025-05-09T06:00,2025-05-09,6,26.48,27.12,26.07,26.51,26.2,25.59,27.16,26.58,26.84,24.72
2025-05-09T07:00,2025-05-09,7,28.36,29.01,28.41,28.35,28.44,26.99,29.0,28.12,28.81,26.41
2025-05-09T08:00,2025-05-09,8,30.26,30.84,30.88,30.24,30.32,29.17,30.77,29.67,30.79,28.14
2025-05-09T09:00,2025-05-09,9,32.05,32.64,32.84,32.07,31.83,30.71,32.63,31.3,32.83,29.84
2025-05-09T10:00,2025-05-09,10,33.75,34.51,34.34,33.74,33.09,31.89,34.5,32.95,34.74,31.5
2025-05-09T11:00,2025-05-09,11,35.2,36.08,35.28,35.22,34.46,33.03,36.06,34.34,36.39,32.94
2025-05-09T12:00,2025-05-09,12,36.29,37.28,36.15,36.13,35.61,33.89,37.18,35.4,37.6,34.09
2025-05-09T13:00,2025-05-09,13,36.99,38.06,36.54,36.78,36.49,34.65,37.82,35.8,38.37,34.84
2025-05-09T14:00,2025-05-09,14,37.25,38.3,36.62,37.14,36.76,35.18,38.07,35.88,38.6,35.15
2025-05-09T15:00,2025-05-09,15,37.21,38.22,36.24,37.01,37.03,35.39,37.87,35.99,38.7,35.15
2025-05-09T16:00,2025-05-09,16,36.72,37.61,35.5,36.49,36.63,35.08,37.49,35.25,38.43,34.73
2025-05-09T17:00,2025-05-09,17,35.85,36.8,34.32,35.66,35.81,34.06,36.78,33.89,37.61,34.07
2025-05-09T18:00,2025-05-09,18,34.19,35.34,32.74,34.05,34.21,32.02,35.01,32.24,35.6,32.49
2025-05-09T19:00,2025-05-09,19,31.78,32.56,31.06,31.74,32.08,28.31,32.84,30.7,32.76,30.72
2025-05-09T20:00,2025-05-09,20,30.9,31.54,30.16,30.83,31.42,27.78,31.93,29.98,32.0,29.66
2025-05-09T21:00,2025-05-09,21,30.14,30.78,29.45,30.16,29.81,27.25,31.22,29.41,31.3,29.09
2025-05-09T22:00,2025-05-09,22,29.47,30.09,28.99,29.5,28.88,26.8,30.39,28.84,30.74,28.29
2025-05-09T23:00,2025-05-09,23,28.98,29.63,28.69,29.01,28.31,26.46,29.71,28.41,30.17,27.77
2025-05-10T00:00,2025-05-10,0,28.55,29.17,28.27,28.59,27.73,26.34,29.21,28.01,29.83,27.2
2025-05-10T01:00,2025-05-10,1,28.13,28.85,27.87,28.05,27.22,26.16,28.7,27.68,29.41,26.63
2025-05-10T02:00,2025-05-10,2,27.71,28.58,27.31,27.73,26.74,25.86,28.34,27.43,28.67,26.02
2025-05-10T03:00,2025-05-10,3,27.37,28.36,26.72,27.43,26.47,25.59,28.03,27.16,28.13,25.64
2025-05-10T04:00,2025-05-10,4,27.05,28.11,26.34,27.28,26.16,25.31,27.69,26.91,27.58,25.24
2025-05-10T05:00,2025-05-10,5,26.75,27.82,26.17,27.13,25.88,25.09,27.37,26.64,27.05,24.82
2025-05-10T06:00,2025-05-10,6,27.08,28.07,26.96,27.65,26.29,25.75,27.56,27.05,27.0,25.04
2025-05-10T07:00,2025-05-10,7,29.28,29.95,29.56,29.49,29.11,28.06,29.67,28.97,29.42,27.64
2025-05-10T08:00,2025-05-10,8,31.24,31.9,31.71,31.41,31.05,29.86,31.65,30.87,31.65,29.29
2025-05-10T09:00,2025-05-10,9,33.18,33.84,33.65,33.29,32.7,31.62,33.68,32.81,33.81,31.25
2025-05-10T10:00,2025-05-10,10,34.88,35.63,34.87,34.96,34.35,33.17,35.41,34.5,35.74,33.05
2025-05-10T11:00,2025-05-10,11,36.21,36.96,35.75,36.31,35.87,34.25,36.73,35.66,37.29,34.52
2025-05-10T12:00,2025-05-10,12,37.13,37.87,36.47,37.11,37.18,35.18,37.51,36.3,38.33,35.6
2025-05-10T13:00,2025-05-10,13,37.42,37.97,36.98,37.09,38.21,35.78,37.4,36.51,38.59,36.35
2025-05-10T14:00,2025-05-10,14,37.11,37.33,36.65,36.85,38.28,35.9,36.82,36.62,38.36,36.3
2025-05-10T15:00,2025-05-10,15,36.55,36.75,36.17,35.9,37.52,35.64,36.19,35.68,37.9,36.21
2025-05-10T16:00,2025-05-10,16,36.14,36.31,35.42,35.83,37.04,35.43,36.01,34.69,37.59,35.63
2025-05-10T17:00,2025-05-10,17,35.25,35.56,34.4,35.06,35.97,34.34,35.59,33.91,36.24,34.66
2025-05-10T18:00,2025-05-10,18,33.67,34.21,32.69,33.45,34.21,32.44,34.27,32.38,34.48,32.85
2025-05-10T19:00,2025-05-10,19,31.65,31.85,30.97,31.68,32.42,30.15,32.03,30.96,32.9,30.53
2025-05-10T20:00,2025-05-10,20,30.74,30.9,30.04,30.65,31.59,29.44,31.35,30.05,32.13,29.36
2025-05-10T21:00,2025-05-10,21,30.05,30.29,29.45,30.07,30.71,28.83,30.66,29.53,31.28,28.44
2025-05-10T22:00,2025-05-10,22,29.51,29.9,28.95,29.24,30.04,28.28,30.11,29.17,30.69,27.87
2025-05-10T23:00,2025-05-10,23,29.06,29.6,28.47,28.82,29.28,27.61,29.81,28.76,30.07,27.39
2025-05-11T00:00,2025-05-11,0,28.57,29.14,27.98,28.52,28.65,27.04,29.41,28.26,29.45,26.85
2025-05-11T01:00,2025-05-11,1,28.17,28.69,27.58,28.14,28.29,26.49,29.05,28.08,29.05,26.46
2025-05-11T02:00,2025-05-11,2,27.73,28.21,27.07,27.67,27.65,26.24,28.71,27.81,28.53,26.18
2025-05-11T03:00,2025-05-11,3,27.34,27.72,26.68,27.35,27.05,26.05,28.33,27.42,28.13,25.95
2025-05-11T04:00,2025-05-11,4,26.98,27.32,26.3,27.09,26.42,25.78,27.99,27.02,27.77,25.69
2025-05-11T05:00,2025-05-11,5,26.72,27.08,26.11,26.86,26.26,25.59,27.75,26.75,27.42,25.36
2025-05-11T06:00,2025-05-11,6,27.12,27.47,26.58,27.41,26.7,26.32,27.95,27.32,27.6,25.64
2025-05-11T07:00,2025-05-11,7,29.52,30.14,29.54,30.1,28.77,28.0,30.17,29.44,29.91,27.71
2025-05-11T08:00,2025-05-11,8,31.52,32.01,31.73,32.15,31.04,30.22,32.12,31.28,31.96,29.56
2025-05-11T09:00,2025-05-11,9,33.37,33.81,33.68,33.96,32.78,32.06,33.86,33.11,34.06,31.41
2025-05-11T10:00,2025-05-11,10,34.94,35.46,35.09,35.45,34.25,33.52,35.27,34.82,35.92,32.92
2025-05-11T11:00,2025-05-11,11,36.06,36.67,35.86,36.25,35.4,34.09,36.5,36.06,37.43,34.16
2025-05-11T12:00,2025-05-11,12,36.73,37.42,36.4,37.01,35.48,33.32,37.5,36.81,38.5,35.12
2025-05-11T13:00,2025-05-11,13,36.78,36.9,36.68,36.92,36.11,33.3,38.06,37.05,38.64,35.49
2025-05-11T14:00,2025-05-11,14,36.47,36.55,36.23,36.69,35.18,33.58,37.88,37.19,38.08,35.33
2025-05-11T15:00,2025-05-11,15,36.13,36.3,36.02,36.36,35.3,32.87,37.7,36.2,37.5,35.01
2025-05-11T16:00,2025-05-11,16,35.47,35.87,35.13,36.01,34.69,31.82,37.21,34.49,36.42,34.6
2025-05-11T17:00,2025-05-11,17,34.58,35.26,34.3,35.21,33.13,31.29,36.56,33.74,35.2,33.23
2025-05-11T18:00,2025-05-11,18,33.28,33.86,32.57,33.64,31.43,30.82,35.06,32.4,34.32,32.27
2025-05-11T19:00,2025-05-11,19,30.27,29.62,30.07,28.46,29.31,28.5,33.33,31.43,32.06,30.17
2025-05-11T20:00,2025-05-11,20,29.68,29.49,28.94,27.8,28.79,28.2,32.21,30.71,31.32,29.44
2025-05-11T21:00,2025-05-11,21,29.17,29.14,28.73,27.52,28.31,27.71,31.41,29.81,30.57,28.73
2025-05-11T22:00,2025-05-11,22,28.69,28.67,28.28,27.35,27.99,27.16,30.74,29.35,29.93,28.16
2025-05-11T23:00,2025-05-11,23,28.25,28.25,27.97,27.18,27.59,26.81,30.02,28.78,29.48,27.55
2025-05-12T00:00,2025-05-12,0,27.86,27.93,27.56,27.03,27.17,26.6,29.53,28.35,28.98,26.92
2025-05-12T01:00,2025-05-12,1,27.56,27.7,27.23,26.91,26.89,26.43,29.11,28.23,28.49,26.4
2025-05-12T02:00,2025-05-12,2,27.31,27.53,26.99,26.77,26.62,26.06,28.81,28.05,28.12,26.02
2025-05-12T03:00,2025-05-12,3,27.03,27.32,26.54,26.68,26.41,25.21,28.58,27.89,27.82,25.7
2025-05-12T04:00,2025-05-12,4,26.83,27.18,26.37,26.81,26.21,24.61,28.45,27.79,27.55,25.19
2025-05-12T05:00,2025-05-12,5,26.64,27.03,26.14,26.73,26.03,24.59,28.32,27.64,27.34,24.58
2025-05-12T06:00,2025-05-12,6,26.97,27.41,26.99,27.33,26.17,24.81,28.72,28.02,27.52,24.41
2025-05-12T07:00,2025-05-12,7,26.85,26.68,28.28,26.05,25.52,24.33,29.48,29.02,26.96,25.68
2025-05-12T08:00,2025-05-12,8,28.26,28.1,29.59,27.57,27.02,25.32,31.25,30.28,28.24,27.12
2025-05-12T09:00,2025-05-12,9,29.96,29.75,30.51,29.94,28.94,27.52,32.98,31.62,30.14,28.23
2025-05-12T10:00,2025-05-12,10,31.51,31.57,32.56,31.97,29.2,28.35,34.64,33.1,31.81,29.28
2025-05-12T11:00,2025-05-12,11,32.86,33.11,33.71,33.48,30.11,29.06,36.08,34.32,33.41,30.54
2025-05-12T12:00,2025-05-12,12,33.84,34.11,34.31,34.75,30.83,30.05,36.98,35.03,34.55,31.66
2025-05-12T13:00,2025-05-12,13,34.41,34.68,34.87,35.6,31.38,29.78,37.73,35.07,35.29,32.35
2025-05-12T14:00,2025-05-12,14,34.4,34.71,34.99,35.81,31.9,29.76,37.23,34.66,34.82,32.76
2025-05-12T15:00,2025-05-12,15,33.66,33.37,34.96,35.48,32.02,30.8,34.0,33.96,34.36,33.01
2025-05-12T16:00,2025-05-12,16,32.78,32.94,34.55,34.53,31.89,31.2,32.46,32.58,31.45,32.61
2025-05-12T17:00,2025-05-12,17,31.53,29.96,33.12,33.43,31.18,30.78,32.67,32.26,31.15,31.76
2025-05-12T18:00,2025-05-12,18,30.23,28.54,31.31,32.2,30.11,29.71,32.25,31.33,30.33,29.17
2025-05-12T19:00,2025-05-12,19,28.88,28.74,29.6,29.1,27.45,26.22,30.72,29.81,29.28,28.36
2025-05-12T20:00,2025-05-12,20,28.34,28.35,28.78,28.56,27.01,25.8,30.04,29.32,28.82,27.48
2025-05-12T21:00,2025-05-12,21,27.93,28.09,28.15,28.31,26.66,25.41,29.47,29.01,28.5,26.65
2025-05-12T22:00,2025-05-12,22,27.64,27.86,27.7,28.08,26.43,25.25,29.22,28.78,28.2,26.03
2025-05-12T23:00,2025-05-12,23,27.33,27.61,27.4,27.7,26.01,25.05,29.0,28.54,27.94,25.47
2025-05-13T00:00,2025-05-13,0,26.99,27.37,27.11,27.28,25.62,24.85,28.69,28.34,27.63,24.72
2025-05-13T01:00,2025-05-13,1,26.74,27.13,26.82,27.03,25.32,24.71,28.43,28.16,27.35,24.46
2025-05-13T02:00,2025-05-13,2,26.54,26.95,26.63,26.95,25.05,24.56,28.31,27.88,27.11,24.05
2025-05-13T03:00,2025-05-13,3,26.36,26.79,26.54,26.97,24.82,24.26,28.24,27.71,26.88,23.65
2025-05-13T04:00,2025-05-13,4,26.21,26.59,26.43,26.96,24.56,23.93,28.15,27.63,26.58,23.73
2025-05-13T05:00,2025-05-13,5,26.1,26.49,26.41,26.85,24.31,23.74,28.07,27.65,26.38,23.62
2025-05-13T06:00,2025-05-13,6,26.44,27.0,26.76,27.36,24.63,23.93,28.28,28.15,26.59,23.7
2025-05-13T07:00,2025-05-13,7,27.52,27.8,28.46,29.06,25.3,24.74,28.97,29.67,27.53,25.09
2025-05-13T08:00,2025-05-13,8,28.82,29.34,30.36,29.89,25.93,26.26,30.42,30.77,29.26,25.57
2025-05-13T09:00,2025-05-13,9,29.87,30.7,31.55,29.41,26.83,27.68,31.97,31.51,30.94,26.19
2025-05-13T10:00,2025-05-13,10,31.05,31.98,32.65,29.87,28.39,29.23,33.4,31.95,32.26,27.49
2025-05-13T11:00,2025-05-13,11,31.92,32.91,32.88,29.84,29.64,29.94,34.65,32.51,33.59,28.8
2025-05-13T12:00,2025-05-13,12,32.28,33.19,30.13,31.02,30.45,29.27,35.55,32.94,34.47,30.1
2025-05-13T13:00,2025-05-13,13,32.72,33.57,31.15,31.82,30.55,28.48,36.02,32.6,35.1,30.99
2025-05-13T14:00,2025-05-13,14,32.48,31.6,32.09,32.59,30.72,28.89,35.64,32.46,35.45,31.79
2025-05-13T15:00,2025-05-13,15,31.88,29.94,32.08,32.42,30.29,29.79,34.55,32.63,34.74,32.15
2025-05-13T16:00,2025-05-13,16,30.87,28.65,31.69,31.48,29.99,29.77,34.0,32.17,32.11,31.27
2025-05-13T17:00,2025-05-13,17,30.29,29.06,30.93,30.97,28.6,29.26,33.33,31.59,30.18,30.35
2025-05-13T18:00,2025-05-13,18,29.47,28.76,30.1,30.37,27.71,27.9,32.36,30.73,29.15,28.8
2025-05-13T19:00,2025-05-13,19,29.03,29.02,29.49,28.95,27.71,26.75,30.79,29.43,29.52,28.62
2025-05-13T20:00,2025-05-13,20,28.5,28.44,28.93,28.73,26.89,26.41,30.47,29.15,29.09,27.48
2025-05-13T21:00,2025-05-13,21,28.14,28.17,28.47,28.66,26.53,25.98,30.11,28.92,28.78,26.57
2025-05-13T22:00,2025-05-13,22,27.84,27.95,28.25,28.48,26.27,25.34,29.75,28.62,28.64,25.92
2025-05-13T23:00,2025-05-13,23,27.53,27.83,27.84,28.29,25.96,24.92,29.32,28.36,28.6,24.91
2025-05-14T00:00,2025-05-14,0,27.26,27.68,27.57,28.12,25.65,23.8,28.98,28.25,28.46,24.61
2025-05-14T01:00,2025-05-14,1,26.98,27.45,27.23,27.91,25.3,23.85,28.74,28.09,28.05,24.1
2025-05-14T02:00,2025-05-14,2,26.73,27.19,27.02,27.65,24.99,23.55,28.56,27.96,27.68,23.95
2025-05-14T03:00,2025-05-14,3,26.56,26.98,26.87,27.57,24.73,23.45,28.44,27.9,27.4,23.83
2025-05-14T04:00,2025-05-14,4,26.38,26.74,26.41,27.42,24.48,23.54,28.3,27.81,27.23,23.75
2025-05-14T05:00,2025-05-14,5,26.23,26.64,26.12,27.26,24.11,23.16,28.19,27.74,27.11,23.75
2025-05-14T06:00,2025-05-14,6,26.58,27.09,26.43,27.72,24.43,23.24,28.42,28.12,27.4,24.15
2025-05-14T07:00,2025-05-14,7,28.01,28.71,28.68,30.03,24.06,23.5,30.27,30.07,28.74,24.86
2025-05-14T08:00,2025-05-14,8,29.27,29.58,30.37,31.34,26.04,24.88,31.61,31.42,30.35,25.61
2025-05-14T09:00,2025-05-14,9,30.41,30.55,31.79,32.32,27.15,26.87,32.95,32.34,32.04,25.81
2025-05-14T10:00,2025-05-14,10,31.73,32.15,32.84,33.28,28.34,29.03,34.34,33.18,33.35,26.84
2025-05-14T11:00,2025-05-14,11,32.72,33.48,33.68,34.21,28.13,29.98,35.55,33.79,34.19,28.21
2025-05-14T12:00,2025-05-14,12,33.32,34.1,34.2,34.96,29.37,30.99,36.38,34.34,33.39,29.3
2025-05-14T13:00,2025-05-14,13,33.25,33.24,33.68,35.2,29.6,31.77,36.94,34.25,32.7,30.67
2025-05-14T14:00,2025-05-14,14,32.44,29.84,33.46,35.21,30.32,32.09,37.22,34.14,32.27,31.33
2025-05-14T15:00,2025-05-14,15,31.99,28.87,33.01,34.32,31.16,31.93,36.13,33.68,32.34,31.71
2025-05-14T16:00,2025-05-14,16,31.64,29.38,32.25,33.3,31.6,31.8,33.33,33.04,32.22,31.85
2025-05-14T17:00,2025-05-14,17,31.0,29.72,31.42,32.53,31.37,31.61,30.09,32.01,31.57,31.29
2025-05-14T18:00,2025-05-14,18,30.12,29.17,30.54,31.51,30.3,30.39,29.39,30.96,30.42,30.28
2025-05-14T19:00,2025-05-14,19,29.28,29.77,29.18,29.97,27.72,28.62,30.16,29.91,28.88,28.14
2025-05-14T20:00,2025-05-14,20,28.8,29.39,28.68,29.49,27.31,28.19,29.29,29.38,28.57,27.53
2025-05-14T21:00,2025-05-14,21,28.47,29.15,28.18,29.22,27.09,27.47,29.19,28.95,28.37,26.92
2025-05-14T22:00,2025-05-14,22,28.23,28.88,27.84,28.85,27.0,26.91,29.27,28.63,28.39,26.44
2025-05-14T23:00,2025-05-14,23,27.93,28.56,27.37,28.42,26.85,26.5,29.22,28.33,28.29,25.98
2025-05-15T00:00,2025-05-15,0,27.58,28.21,26.98,28.0,26.75,25.85,28.99,28.07,28.15,25.29
2025-05-15T01:00,2025-05-15,1,27.23,27.83,26.56,27.64,26.57,25.15,28.75,27.94,27.95,24.77
2025-05-15T02:00,2025-05-15,2,26.9,27.57,26.24,27.33,26.37,24.74,28.6,27.78,27.82,23.7
2025-05-15T03:00,2025-05-15,3,26.65,27.3,26.1,27.08,25.98,24.28,28.48,27.58,27.59,23.48
2025-05-15T04:00,2025-05-15,4,26.42,27.04,25.85,26.89,25.4,24.18,28.36,27.39,27.29,23.39
2025-05-15T05:00,2025-05-15,5,26.22,26.76,25.73,26.73,24.99,23.97,28.25,27.19,27.08,23.35
2025-05-15T06:00,2025-05-15,6,26.43,27.03,26.08,27.19,24.39,24.17,28.45,27.66,27.34,23.4
2025-05-15T07:00,2025-05-15,7,27.7,28.03,27.84,28.8,25.56,24.99,29.92,29.64,28.35,24.73
2025-05-15T08:00,2025-05-15,8,29.0,29.55,29.74,30.41,26.16,26.54,31.3,31.13,29.52,24.97
2025-05-15T09:00,2025-05-15,9,30.16,30.97,31.07,31.6,26.96,28.03,32.54,32.19,30.75,25.17
2025-05-15T10:00,2025-05-15,10,31.25,31.93,32.35,32.71,28.79,29.57,33.53,33.04,31.85,25.85
2025-05-15T11:00,2025-05-15,11,32.23,32.73,33.27,33.64,31.07,30.71,34.08,33.73,32.97,26.76
2025-05-15T12:00,2025-05-15,12,32.87,33.47,33.73,34.28,31.11,31.84,34.45,34.06,33.6,27.82
2025-05-15T13:00,2025-05-15,13,33.23,33.95,33.67,34.75,31.86,32.59,34.76,33.53,33.18,28.99
2025-05-15T14:00,2025-05-15,14,32.94,33.64,33.45,34.9,32.14,33.03,33.74,33.19,31.44,29.82
2025-05-15T15:00,2025-05-15,15,32.56,33.29,33.24,34.52,31.65,33.25,33.2,33.13,29.92,30.27
2025-05-15T16:00,2025-05-15,16,31.67,31.81,32.45,34.21,29.31,33.54,32.01,32.83,29.41,29.97
2025-05-15T17:00,2025-05-15,17,30.63,29.94,31.5,33.22,28.34,32.82,30.87,32.13,29.05,29.87
2025-05-15T18:00,2025-05-15,18,29.76,29.42,30.24,31.9,28.06,29.83,30.35,31.06,28.59,29.13
2025-05-15T19:00,2025-05-15,19,28.73,28.61,29.05,29.89,26.59,28.68,29.97,30.02,28.39,27.54
2025-05-15T20:00,2025-05-15,20,28.11,28.17,28.67,29.19,25.95,27.28,29.17,29.56,28.01,26.6
2025-05-15T21:00,2025-05-15,21,27.73,27.92,28.28,28.8,25.6,26.51,28.96,29.08,27.78,25.84
2025-05-15T22:00,2025-05-15,22,27.46,27.76,27.82,28.51,25.54,26.0,28.76,28.79,27.49,25.48
2025-05-15T23:00,2025-05-15,23,27.24,27.81,27.18,28.25,25.35,25.62,28.63,28.55,27.14,25.07
2025-05-16T00:00,2025-05-16,0,27.05,27.77,26.7,28.01,25.24,25.29,28.61,28.5,26.86,24.7
2025-05-16T01:00,2025-05-16,1,26.87,27.65,26.22,27.76,25.2,25.13,28.65,28.51,26.56,24.37
2025-05-16T02:00,2025-05-16,2,26.68,27.48,26.0,27.47,25.16,25.0,28.56,28.65,26.28,23.92
2025-05-16T03:00,2025-05-16,3,26.51,27.32,25.8,27.3,25.06,24.73,28.43,28.45,26.11,23.78
2025-05-16T04:00,2025-05-16,4,26.33,27.08,25.67,27.13,24.99,24.41,28.23,28.24,26.06,23.62
2025-05-16T05:00,2025-05-16,5,26.22,26.89,25.58,27.1,25.04,24.21,28.12,28.04,25.92,23.63
2025-05-16T06:00,2025-05-16,6,26.49,27.21,25.98,27.52,25.23,24.16,28.3,28.4,26.38,23.58
2025-05-16T07:00,2025-05-16,7,27.74,28.44,28.2,28.79,25.77,25.11,29.54,29.8,27.91,24.32
2025-05-16T08:00,2025-05-16,8,28.89,29.77,29.88,29.11,27.26,25.22,31.03,31.18,29.56,24.89
2025-05-16T09:00,2025-05-16,9,29.78,30.54,31.1,29.53,28.09,26.02,32.14,32.19,30.56,26.05
2025-05-16T10:00,2025-05-16,10,30.67,31.56,32.27,30.75,28.52,26.27,33.24,32.76,31.42,26.78
2025-05-16T11:00,2025-05-16,11,31.45,31.75,33.15,32.43,29.11,27.48,34.09,33.29,32.42,27.63
2025-05-16T12:00,2025-05-16,12,31.87,32.02,33.59,31.99,28.93,29.59,34.87,32.98,32.73,28.89
2025-05-16T13:00,2025-05-16,13,31.82,31.99,32.24,31.93,29.74,30.75,33.85,32.51,32.31,30.14
2025-05-16T14:00,2025-05-16,14,31.77,31.98,32.42,31.28,30.42,31.47,32.68,32.23,32.42,30.47
2025-05-16T15:00,2025-05-16,15,31.32,30.8,30.45,32.19,30.65,31.81,31.58,32.09,32.42,30.54
2025-05-16T16:00,2025-05-16,16,30.94,30.21,29.97,31.82,30.19,31.7,31.41,31.95,32.01,30.34
2025-05-16T17:00,2025-05-16,17,30.38,30.2,28.58,31.32,29.7,31.15,31.13,31.42,30.44,29.84
2025-05-16T18:00,2025-05-16,18,29.68,29.73,27.53,30.58,29.14,29.94,30.63,30.62,29.69,29.01
2025-05-16T19:00,2025-05-16,19,29.01,29.46,27.54,30.6,26.59,28.02,30.59,30.24,29.47,26.84
2025-05-16T20:00,2025-05-16,20,28.54,29.28,26.65,30.01,26.31,27.58,30.27,29.64,28.59,26.34
2025-05-16T21:00,2025-05-16,21,28.19,29.06,26.25,29.6,26.53,27.24,30.09,29.29,27.72,25.71
2025-05-16T22:00,2025-05-16,22,27.78,28.84,26.14,29.14,26.67,25.59,29.75,29.0,27.36,24.87
2025-05-16T23:00,2025-05-16,23,27.46,28.62,25.97,28.68,26.52,24.77,29.42,28.68,27.28,24.27
2025-05-17T00:00,2025-05-17,0,27.17,28.33,25.65,28.29,25.56,24.46,29.11,28.3,27.46,24.11
2025-05-17T01:00,2025-05-17,1,26.77,27.97,25.46,27.88,24.25,23.76,28.77,28.09,27.51,23.68
2025-05-17T02:00,2025-05-17,2,26.43,27.51,25.28,27.49,24.24,23.75,28.48,27.93,27.08,23.07
2025-05-17T03:00,2025-05-17,3,26.1,27.1,25.02,27.24,23.92,23.36,28.19,27.76,26.57,22.92
2025-05-17T04:00,2025-05-17,4,25.83,26.82,24.76,26.92,23.7,23.47,28.02,27.42,26.01,22.65
2025-05-17T05:00,2025-05-17,5,25.72,26.75,24.82,26.64,23.72,23.41,27.9,27.01,25.84,22.59
2025-05-17T06:00,2025-05-17,6,25.95,27.21,24.91,26.96,23.8,23.23,28.17,27.1,26.06,22.66
2025-05-17T07:00,2025-05-17,7,25.94,26.5,26.41,25.91,23.98,24.28,28.47,28.72,25.11,23.59
2025-05-17T08:00,2025-05-17,8,27.5,27.98,28.2,27.3,25.72,25.75,30.13,29.93,27.28,24.65
2025-05-17T09:00,2025-05-17,9,29.02,29.25,29.71,29.26,27.23,27.68,31.83,31.25,29.18,25.55
2025-05-17T10:00,2025-05-17,10,30.25,30.38,31.13,31.18,28.39,28.76,33.25,32.43,29.58,26.98
2025-05-17T11:00,2025-05-17,11,31.36,31.77,32.83,32.31,28.99,29.72,34.23,33.22,30.51,27.89
2025-05-17T12:00,2025-05-17,12,32.27,32.82,33.68,33.31,29.78,30.51,35.05,33.63,31.89,28.33
2025-05-17T13:00,2025-05-17,13,32.9,33.72,33.8,33.81,30.76,31.62,35.18,33.76,32.68,28.89
2025-05-17T14:00,2025-05-17,14,33.08,34.03,33.4,34.28,30.99,32.25,35.2,33.54,32.52,29.3
2025-05-17T15:00,2025-05-17,15,32.85,33.95,32.52,34.01,31.26,32.31,34.89,32.94,32.65,28.54
2025-05-17T16:00,2025-05-17,16,32.34,33.47,31.28,33.51,31.38,32.17,34.35,32.16,32.54,27.59
2025-05-17T17:00,2025-05-17,17,31.41,32.63,30.65,31.89,30.91,31.69,33.38,31.23,31.58,26.37
2025-05-17T18:00,2025-05-17,18,29.84,31.46,29.71,30.95,27.49,30.23,32.08,30.52,27.8,25.67
2025-05-17T19:00,2025-05-17,19,27.87,28.47,28.07,28.94,26.97,27.57,27.89,29.46,27.11,25.82
2025-05-17T20:00,2025-05-17,20,27.33,28.18,26.98,28.57,26.47,26.97,27.34,29.17,26.57,24.81
2025-05-17T21:00,2025-05-17,21,26.95,27.81,26.25,28.3,26.47,26.73,26.85,28.75,26.12,24.4
2025-05-17T22:00,2025-05-17,22,26.55,27.46,26.12,27.49,26.36,26.44,26.38,27.82,25.82,24.09
2025-05-17T23:00,2025-05-17,23,26.0,26.8,25.65,26.87,25.46,26.24,25.69,26.25,25.81,23.88
2025-05-18T00:00,2025-05-18,0,25.39,26.33,24.18,25.85,24.27,25.21,25.83,25.17,25.71,23.65
2025-05-18T01:00,2025-05-18,1,25.08,26.0,24.16,25.23,23.92,24.13,25.98,25.23,25.45,23.26
2025-05-18T02:00,2025-05-18,2,24.93,25.81,23.93,24.96,24.0,23.98,26.03,25.27,25.13,23.15
2025-05-18T03:00,2025-05-18,3,24.82,25.54,24.03,24.92,24.18,23.76,26.06,25.26,24.93,23.06
2025-05-18T04:00,2025-05-18,4,24.78,25.28,24.34,25.05,24.13,23.65,26.13,25.43,24.85,22.89
2025-05-18T05:00,2025-05-18,5,24.75,25.21,24.28,25.28,23.37,23.47,26.13,25.82,25.06,22.78
2025-05-18T06:00,2025-05-18,6,25.03,25.57,24.46,25.71,23.09,23.7,26.63,26.23,25.53,22.75
2025-05-18T07:00,2025-05-18,7,25.21,25.35,25.29,25.3,24.33,24.78,26.17,26.79,25.7,23.26
2025-05-18T08:00,2025-05-18,8,26.48,26.51,26.58,26.72,25.96,26.32,27.07,28.41,27.17,24.11
2025-05-18T09:00,2025-05-18,9,27.71,27.4,28.86,28.39,27.56,27.84,27.97,29.63,28.05,25.2
2025-05-18T10:00,2025-05-18,10,28.78,28.45,30.22,29.66,28.69,29.11,28.81,30.44,28.68,26.49
2025-05-18T11:00,2025-05-18,11,29.4,28.98,31.44,29.96,29.62,30.21,29.81,29.29,29.09,27.55
2025-05-18T12:00,2025-05-18,12,29.86,29.88,32.36,30.32,30.22,30.97,28.92,27.6,29.86,28.49
2025-05-18T13:00,2025-05-18,13,30.55,30.99,32.7,30.7,30.87,31.44,29.62,26.75,31.01,29.16
2025-05-18T14:00,2025-05-18,14,30.2,30.38,29.63,29.84,31.01,31.8,29.26,27.15,31.41,30.14
2025-05-18T15:00,2025-05-18,15,29.44,28.85,29.07,29.11,30.97,31.97,30.14,28.56,28.08,30.27
2025-05-18T16:00,2025-05-18,16,29.02,28.77,28.97,29.45,28.69,31.67,30.53,29.41,26.11,29.46
2025-05-18T17:00,2025-05-18,17,28.51,28.54,29.35,29.3,27.52,30.96,30.24,29.25,26.25,26.48
2025-05-18T18:00,2025-05-18,18,27.82,28.08,28.69,28.68,26.95,27.91,29.55,28.73,26.51,25.34
2025-05-18T19:00,2025-05-18,19,26.73,26.5,27.06,27.74,25.88,25.35,28.66,27.96,26.9,24.62
2025-05-18T20:00,2025-05-18,20,26.12,25.96,26.42,27.24,24.54,24.96,28.07,27.59,26.01,24.24
2025-05-18T21:00,2025-05-18,21,25.76,25.8,26.08,26.9,24.13,24.61,27.57,27.04,25.34,24.02
2025-05-18T22:00,2025-05-18,22,25.5,25.57,25.81,26.56,24.08,24.5,27.06,26.72,24.99,23.93
2025-05-18T23:00,2025-05-18,23,25.35,25.49,25.55,26.31,23.77,24.49,26.94,26.48,24.79,23.87
2025-05-19T00:00,2025-05-19,0,25.21,25.44,25.32,26.02,23.72,24.59,26.81,26.33,24.72,23.48
2025-05-19T01:00,2025-05-19,1,25.08,25.44,24.96,25.85,23.73,24.35,26.73,26.3,24.52,23.1
2025-05-19T02:00,2025-05-19,2,25.01,25.5,24.71,25.64,23.76,24.11,26.67,26.48,24.45,22.97
2025-05-19T03:00,2025-05-19,3,24.91,25.46,24.35,25.5,23.95,23.86,26.54,26.63,24.36,22.69
2025-05-19T04:00,2025-05-19,4,24.76,25.36,24.2,25.54,23.73,23.37,26.52,26.64,23.92,22.62
2025-05-19T05:00,2025-05-19,5,24.62,25.29,24.06,25.47,23.23,23.32,26.38,26.3,23.78,22.58
2025-05-19T06:00,2025-05-19,6,24.78,25.46,24.83,25.9,22.53,23.77,26.71,26.74,23.39,22.63
2025-05-19T07:00,2025-05-19,7,25.89,26.48,26.83,26.84,23.75,24.95,28.51,28.26,23.74,23.33
2025-05-19T08:00,2025-05-19,8,26.88,27.77,28.14,27.98,23.98,26.48,29.83,29.53,24.12,23.54
2025-05-19T09:00,2025-05-19,9,28.12,29.25,30.08,29.5,24.97,28.1,30.85,31.03,24.73,23.97
2025-05-19T10:00,2025-05-19,10,29.23,30.22,30.99,31.04,26.62,29.36,31.79,31.93,26.41,24.26
2025-05-19T11:00,2025-05-19,11,30.0,30.12,32.37,32.17,28.29,30.1,32.35,32.65,27.99,25.02
2025-05-19T12:00,2025-05-19,12,30.11,28.79,33.51,32.08,29.69,30.77,32.42,32.98,29.08,25.71
2025-05-19T13:00,2025-05-19,13,30.08,28.64,33.67,31.88,29.87,31.36,31.06,32.04,29.61,26.66
2025-05-19T14:00,2025-05-19,14,29.49,28.32,33.26,28.7,29.82,31.52,29.4,31.36,29.94,27.36
2025-05-19T15:00,2025-05-19,15,29.35,27.62,32.43,29.16,30.02,30.68,30.04,31.15,30.06,27.67
2025-05-19T16:00,2025-05-19,16,29.07,28.07,31.7,29.24,29.94,28.71,28.79,30.69,29.55,27.85
2025-05-19T17:00,2025-05-19,17,28.49,28.0,30.98,29.27,28.89,26.45,28.41,29.94,28.15,27.61
2025-05-19T18:00,2025-05-19,18,27.85,27.61,29.68,28.77,27.28,26.28,28.15,29.14,27.23,27.11
2025-05-19T19:00,2025-05-19,19,26.53,25.76,28.19,27.74,25.37,25.48,28.06,28.83,25.54,25.65
2025-05-19T20:00,2025-05-19,20,26.1,25.42,27.57,27.22,24.9,25.21,27.54,28.49,25.16,25.16
2025-05-19T21:00,2025-05-19,21,25.79,25.26,27.31,26.93,24.48,25.03,27.24,28.01,25.02,24.34
2025-05-19T22:00,2025-05-19,22,25.63,25.24,26.92,26.66,24.41,24.81,27.14,27.73,24.92,24.07
2025-05-19T23:00,2025-05-19,23,25.5,25.37,26.31,26.31,24.34,24.65,27.08,27.62,24.75,23.77
2025-05-20T00:00,2025-05-20,0,25.42,25.56,25.97,26.14,24.2,24.43,27.23,27.42,24.53,23.47
2025-05-20T01:00,2025-05-20,1,25.37,25.68,25.61,26.21,24.22,24.28,27.25,27.24,24.4,23.21
2025-05-20T02:00,2025-05-20,2,25.29,25.62,25.38,26.31,24.15,24.11,27.06,27.31,24.22,23.16
2025-05-20T03:00,2025-05-20,3,25.13,25.33,25.25,26.43,24.17,23.93,26.81,27.41,23.97,23.0
2025-05-20T04:00,2025-05-20,4,25.02,25.12,25.17,26.21,23.8,23.81,26.65,27.53,24.1,23.01
2025-05-20T05:00,2025-05-20,5,24.95,25.01,25.37,26.18,23.77,23.5,26.59,27.42,24.09,22.84
2025-05-20T06:00,2025-05-20,6,25.27,25.47,26.0,26.68,23.62,23.5,27.04,27.7,24.26,22.97
2025-05-20T07:00,2025-05-20,7,26.73,27.83,27.39,27.6,24.25,24.65,29.18,28.91,24.67,24.33
2025-05-20T08:00,2025-05-20,8,27.74,29.0,28.81,29.27,24.47,24.96,30.33,30.15,25.19,25.15
2025-05-20T09:00,2025-05-20,9,28.71,29.99,30.49,30.72,24.54,25.02,31.7,31.32,25.51,26.38
2025-05-20T10:00,2025-05-20,10,29.33,29.87,31.81,31.93,24.88,25.13,32.85,32.21,25.88,27.87
2025-05-20T11:00,2025-05-20,11,29.67,29.55,32.75,31.53,25.7,25.46,33.39,32.36,27.11,28.71
2025-05-20T12:00,2025-05-20,12,29.27,27.98,33.16,29.45,26.64,25.55,33.32,32.5,27.9,29.35
2025-05-20T13:00,2025-05-20,13,28.65,26.84,32.06,28.01,27.97,25.51,31.98,30.05,28.41,29.98
2025-05-20T14:00,2025-05-20,14,29.05,27.31,30.68,29.03,29.03,25.93,31.34,29.93,29.76,30.62
2025-05-20T15:00,2025-05-20,15,29.29,28.05,30.55,29.08,29.77,26.69,30.75,29.85,29.72,30.72
2025-05-20T16:00,2025-05-20,16,28.98,28.23,29.39,28.66,29.44,27.23,29.31,28.73,30.14,30.16
2025-05-20T17:00,2025-05-20,17,28.35,27.95,28.28,28.47,28.61,27.15,27.82,28.26,29.58,28.99
2025-05-20T18:00,2025-05-20,18,27.46,27.56,26.4,28.01,27.76,26.84,27.12,27.7,28.82,26.22
2025-05-20T19:00,2025-05-20,19,26.02,25.35,25.85,25.88,24.79,24.24,28.59,26.28,26.56,26.71
2025-05-20T20:00,2025-05-20,20,25.7,25.12,25.41,25.86,24.61,24.12,28.21,26.28,26.04,25.8
2025-05-20T21:00,2025-05-20,21,25.52,25.14,25.41,25.81,24.51,24.23,27.84,26.31,25.8,24.72
2025-05-20T22:00,2025-05-20,22,25.38,25.18,25.04,25.66,24.29,24.31,27.59,26.27,25.7,24.24
2025-05-20T23:00,2025-05-20,23,25.25,25.13,24.83,25.52,24.19,24.38,27.41,26.31,25.67,23.68
2025-05-21T00:00,2025-05-21,0,25.21,25.17,24.7,25.51,24.21,24.37,27.31,26.5,25.49,23.48
2025-05-21T01:00,2025-05-21,1,25.22,25.36,24.56,25.43,24.19,24.51,27.35,26.77,25.24,23.3
2025-05-21T02:00,2025-05-21,2,25.24,25.42,24.56,25.36,24.36,24.46,27.4,26.88,25.19,23.34
2025-05-21T03:00,2025-05-21,3,25.26,25.57,24.46,25.46,24.39,24.36,27.3,26.88,25.26,23.18
2025-05-21T04:00,2025-05-21,4,25.3,25.7,24.55,25.56,24.01,24.01,27.3,27.02,25.54,23.1
2025-05-21T05:00,2025-05-21,5,25.29,25.92,24.57,25.66,23.32,23.68,27.41,27.04,25.45,23.03
2025-05-21T06:00,2025-05-21,6,25.53,26.31,24.99,26.2,23.31,23.7,27.7,27.41,25.29,23.09
2025-05-21T07:00,2025-05-21,7,26.13,26.65,25.87,27.13,23.76,24.28,28.27,28.38,25.56,24.06
2025-05-21T08:00,2025-05-21,8,26.99,27.61,27.4,28.17,24.49,24.14,29.47,29.22,25.46,25.48
2025-05-21T09:00,2025-05-21,9,27.89,28.29,28.92,29.62,25.19,24.61,30.9,28.86,25.82,26.95
2025-05-21T10:00,2025-05-21,10,28.58,28.85,29.6,29.39,26.18,26.35,32.25,27.8,26.49,28.38
2025-05-21T11:00,2025-05-21,11,29.1,28.68,30.14,29.49,25.86,27.75,32.56,29.88,27.93,29.49
2025-05-21T12:00,2025-05-21,12,29.51,28.2,31.0,30.23,26.67,27.74,32.48,31.21,29.57,30.05
2025-05-21T13:00,2025-05-21,13,29.74,27.39,30.99,31.07,27.77,27.53,33.03,32.06,30.42,30.72
2025-05-21T14:00,2025-05-21,14,30.12,28.46,31.02,31.5,28.16,26.79,33.17,32.09,30.58,30.94
2025-05-21T15:00,2025-05-21,15,30.22,29.41,30.18,31.64,29.21,27.56,32.3,31.91,30.46,29.92
2025-05-21T16:00,2025-05-21,16,30.16,29.86,29.95,31.5,29.17,28.7,31.86,30.71,30.14,29.3
2025-05-21T17:00,2025-05-21,17,29.59,29.78,28.29,30.52,29.09,28.97,31.19,29.64,29.13,28.72
2025-05-21T18:00,2025-05-21,18,28.69,29.1,27.41,29.22,28.44,28.12,29.8,29.09,28.04,28.05
2025-05-21T19:00,2025-05-21,19,27.46,27.68,27.18,28.23,26.44,26.47,29.57,28.59,26.29,26.31
2025-05-21T20:00,2025-05-21,20,26.94,27.47,26.69,27.6,26.37,26.11,27.6,28.03,26.02,25.78
2025-05-21T21:00,2025-05-21,21,26.62,27.19,26.48,27.12,25.97,25.72,26.94,27.65,25.9,25.69
2025-05-21T22:00,2025-05-21,22,26.5,27.16,26.21,26.93,25.79,25.4,26.78,27.4,25.92,25.67
2025-05-21T23:00,2025-05-21,23,26.32,26.99,25.9,26.79,25.77,25.13,26.59,27.16,26.04,25.21
2025-05-22T00:00,2025-05-22,0,26.03,26.72,25.55,26.59,25.7,24.68,26.61,26.91,25.92,24.17
2025-05-22T01:00,2025-05-22,1,25.8,26.49,25.13,26.4,25.49,24.37,26.69,26.78,25.81,23.62
2025-05-22T02:00,2025-05-22,2,25.63,26.33,25.15,26.24,25.21,24.03,26.77,26.79,25.46,23.24
2025-05-22T03:00,2025-05-22,3,25.38,26.02,24.91,26.07,24.48,23.76,26.71,26.77,25.22,23.11
2025-05-22T04:00,2025-05-22,4,25.24,25.96,24.65,26.04,23.85,23.57,26.55,26.69,25.12,23.02
2025-05-22T05:00,2025-05-22,5,25.12,25.9,24.56,25.69,23.34,23.26,26.68,26.77,24.95,23.07
2025-05-22T06:00,2025-05-22,6,25.23,25.97,24.96,25.98,23.32,23.43,26.72,26.99,24.78,23.28
2025-05-22T07:00,2025-05-22,7,25.89,25.81,26.32,26.61,24.78,24.1,26.89,27.8,25.95,24.76
2025-05-22T08:00,2025-05-22,8,26.89,26.5,27.9,27.63,25.69,24.57,28.29,28.81,27.05,26.0
2025-05-22T09:00,2025-05-22,9,28.01,27.8,29.32,28.51,26.98,24.82,29.46,29.68,27.89,27.48
2025-05-22T10:00,2025-05-22,10,28.67,28.24,30.31,28.29,27.6,25.38,30.59,30.12,29.06,28.59
2025-05-22T11:00,2025-05-22,11,29.36,29.2,28.72,28.6,28.91,26.09,31.75,30.89,30.09,29.5
2025-05-22T12:00,2025-05-22,12,30.24,30.33,27.22,30.07,29.86,28.15,32.46,31.88,30.98,30.26
2025-05-22T13:00,2025-05-22,13,30.59,30.39,28.0,29.85,30.62,29.31,32.9,31.42,31.55,30.92
2025-05-22T14:00,2025-05-22,14,30.66,30.12,27.76,30.16,31.07,30.01,33.23,30.68,31.76,31.16
2025-05-22T15:00,2025-05-22,15,30.39,29.92,26.74,29.35,31.07,30.24,33.1,30.46,31.59,31.11
2025-05-22T16:00,2025-05-22,16,30.06,29.43,26.76,29.31,30.86,30.39,32.55,28.92,31.36,30.92
2025-05-22T17:00,2025-05-22,17,29.62,29.02,26.72,28.87,30.39,30.01,31.43,28.94,30.89,30.55
2025-05-22T18:00,2025-05-22,18,28.81,28.43,26.23,28.03,29.29,28.86,30.33,28.59,29.86,29.74
2025-05-22T19:00,2025-05-22,19,27.53,27.54,25.69,27.33,26.4,27.4,28.67,27.91,28.19,28.03
2025-05-22T20:00,2025-05-22,20,27.03,27.04,25.52,26.87,26.15,26.63,28.17,27.43,27.57,27.24
2025-05-22T21:00,2025-05-22,21,26.69,26.72,25.39,26.57,25.98,26.19,27.8,26.97,27.14,26.78
2025-05-22T22:00,2025-05-22,22,26.38,26.47,25.26,26.23,25.53,25.81,27.55,26.63,26.79,26.39
2025-05-22T23:00,2025-05-22,23,26.1,26.17,25.16,25.98,24.95,25.47,27.31,26.44,26.53,26.11
2025-05-23T00:00,2025-05-23,0,25.83,25.88,25.12,25.76,24.86,24.89,27.07,26.33,26.31,25.59
2025-05-23T01:00,2025-05-23,1,25.58,25.6,24.96,25.56,24.57,24.49,26.87,26.32,26.11,25.13
2025-05-23T02:00,2025-05-23,2,25.38,25.43,24.86,25.41,24.28,23.99,26.78,26.31,25.92,24.76
2025-05-23T03:00,2025-05-23,3,25.2,25.25,24.79,25.13,24.03,23.93,26.73,26.23,25.7,24.42
2025-05-23T04:00,2025-05-23,4,24.98,25.0,24.46,24.8,23.81,23.93,26.56,26.23,25.37,24.3
2025-05-23T05:00,2025-05-23,5,24.77,24.79,24.21,24.73,23.57,23.89,26.29,26.25,25.0,24.1
2025-05-23T06:00,2025-05-23,6,25.01,25.19,24.21,25.02,23.09,24.29,26.53,26.7,25.26,24.26
2025-05-23T07:00,2025-05-23,7,26.84,27.0,26.49,26.85,25.68,26.12,28.37,28.37,26.59,25.87
2025-05-23T08:00,2025-05-23,8,27.77,28.07,27.38,28.19,26.36,27.63,29.28,28.49,27.41,26.46
2025-05-23T09:00,2025-05-23,9,28.82,29.08,27.83,29.2,27.56,28.84,30.14,28.97,28.89,27.92
2025-05-23T10:00,2025-05-23,10,29.77,30.11,27.69,29.95,29.28,29.54,31.19,29.91,29.98,29.09
2025-05-23T11:00,2025-05-23,11,30.49,30.85,29.04,30.62,29.98,30.53,31.75,30.11,30.57,29.77
2025-05-23T12:00,2025-05-23,12,30.87,31.29,29.53,31.38,30.39,31.28,31.82,30.27,30.98,29.64
2025-05-23T13:00,2025-05-23,13,30.87,31.53,28.68,31.46,31.07,31.65,31.89,28.94,30.73,29.81
2025-05-23T14:00,2025-05-23,14,30.73,31.75,28.81,31.1,31.4,32.06,30.15,28.75,30.5,29.78
2025-05-23T15:00,2025-05-23,15,30.72,31.59,28.7,30.68,31.38,32.17,30.0,29.26,31.02,29.92
2025-05-23T16:00,2025-05-23,16,30.28,31.06,28.71,30.31,31.31,31.14,29.24,29.14,30.81,29.25
2025-05-23T17:00,2025-05-23,17,29.7,30.08,28.57,29.41,31.09,30.17,29.29,28.77,30.32,28.87
2025-05-23T18:00,2025-05-23,18,29.01,29.21,27.88,28.61,30.37,28.73,29.17,28.26,29.75,28.39
2025-05-23T19:00,2025-05-23,19,27.35,27.47,26.76,27.78,26.95,28.04,27.55,27.75,27.6,26.13
2025-05-23T20:00,2025-05-23,20,26.94,27.22,26.45,27.3,26.52,27.62,27.26,27.34,26.9,25.62
2025-05-23T21:00,2025-05-23,21,26.7,27.06,26.26,27.05,26.13,27.4,27.12,27.22,26.43,25.33
2025-05-23T22:00,2025-05-23,22,26.49,26.93,25.94,26.91,25.89,27.14,26.94,27.13,26.04,25.08
2025-05-23T23:00,2025-05-23,23,26.29,26.74,25.78,26.64,25.8,26.71,26.82,26.96,25.77,24.91
2025-05-24T00:00,2025-05-24,0,26.11,26.53,25.62,26.51,25.72,26.48,26.64,26.76,25.49,24.84
2025-05-24T01:00,2025-05-24,1,25.87,26.31,25.46,26.4,25.54,25.23,26.45,26.69,25.27,24.75
2025-05-24T02:00,2025-05-24,2,25.6,25.73,25.46,26.22,25.42,25.04,26.29,26.28,25.12,24.63
2025-05-24T03:00,2025-05-24,3,25.18,25.16,25.12,25.57,25.16,24.35,26.02,25.9,24.94,24.42
2025-05-24T04:00,2025-05-24,4,24.97,25.02,25.08,24.99,24.72,24.08,25.86,25.63,24.78,24.41
2025-05-24T05:00,2025-05-24,5,24.88,24.81,25.28,24.87,24.67,24.12,25.72,25.35,24.74,24.43
2025-05-24T06:00,2025-05-24,6,25.06,24.93,25.62,24.69,24.83,24.55,26.01,25.19,25.17,24.71
2025-05-24T07:00,2025-05-24,7,26.42,26.3,26.43,25.22,26.52,26.19,27.1,26.55,27.1,26.59
2025-05-24T08:00,2025-05-24,8,27.49,27.59,27.14,25.76,27.79,27.59,28.38,27.5,28.22,27.42
2025-05-24T09:00,2025-05-24,9,28.67,29.02,27.6,26.82,29.18,28.74,29.73,28.4,29.57,28.29
2025-05-24T10:00,2025-05-24,10,29.51,30.03,27.69,28.02,30.13,29.65,30.8,27.77,30.66,29.01
2025-05-24T11:00,2025-05-24,11,30.08,30.9,27.33,28.59,30.55,30.54,31.24,27.65,31.17,30.02
2025-05-24T12:00,2025-05-24,12,30.66,31.14,28.26,29.83,31.32,31.55,31.14,28.59,31.71,30.65
2025-05-24T13:00,2025-05-24,13,30.97,31.17,29.45,30.47,31.57,32.32,30.83,29.18,31.74,31.15
2025-05-24T14:00,2025-05-24,14,30.87,31.15,30.16,30.5,30.86,32.36,30.54,29.42,30.89,31.32
2025-05-24T15:00,2025-05-24,15,30.0,29.23,29.74,30.16,28.67,31.35,30.57,29.64,30.34,31.3
2025-05-24T16:00,2025-05-24,16,29.75,29.45,29.45,29.17,28.26,31.03,30.36,29.64,29.93,30.91
2025-05-24T17:00,2025-05-24,17,29.48,29.36,29.11,29.08,28.69,29.89,29.97,28.88,29.66,30.45
2025-05-24T18:00,2025-05-24,18,28.84,28.7,28.4,28.36,28.49,29.0,29.38,28.41,29.15,29.54
2025-05-24T19:00,2025-05-24,19,27.8,27.71,27.07,27.52,27.53,28.76,28.47,27.2,27.7,28.24
2025-05-24T20:00,2025-05-24,20,27.39,27.26,26.69,27.11,27.26,28.28,28.06,26.89,27.24,27.83
2025-05-24T21:00,2025-05-24,21,27.09,27.05,26.42,26.91,27.1,27.69,27.65,26.7,26.87,27.44
2025-05-24T22:00,2025-05-24,22,26.85,26.84,26.22,26.62,27.04,27.66,27.28,26.48,26.62,27.0
2025-05-24T23:00,2025-05-24,23,26.6,26.57,26.08,26.43,26.72,27.1,27.05,26.37,26.48,26.69
2025-05-25T00:00,2025-05-25,0,26.37,26.34,25.93,26.19,26.41,26.7,26.82,26.24,26.28,26.52
2025-05-25T01:00,2025-05-25,1,26.16,26.17,25.67,25.99,26.03,26.39,26.59,26.18,26.16,26.19
2025-05-25T02:00,2025-05-25,2,25.96,26.01,25.44,25.86,25.84,26.13,26.39,26.14,25.97,25.74
2025-05-25T03:00,2025-05-25,3,25.73,25.76,25.19,25.59,25.77,25.87,26.24,26.0,25.79,25.41
2025-05-25T04:00,2025-05-25,4,25.52,25.5,25.09,25.46,25.67,25.77,26.03,25.53,25.63,25.11
2025-05-25T05:00,2025-05-25,5,25.31,25.32,25.02,25.25,25.23,25.6,25.88,25.23,25.35,24.91
2025-05-25T06:00,2025-05-25,6,25.4,25.22,25.85,25.37,25.39,25.92,25.73,25.36,25.38,24.91
2025-05-25T07:00,2025-05-25,7,27.18,26.93,28.18,27.33,27.55,27.5,27.28,26.77,26.86,26.92
2025-05-25T08:00,2025-05-25,8,28.26,27.96,29.82,28.23,29.0,28.62,28.34,27.14,27.93,27.95
2025-05-25T09:00,2025-05-25,9,29.33,28.77,31.0,28.98,30.6,30.47,29.25,27.57,29.29,29.27
2025-05-25T10:00,2025-05-25,10,30.47,30.03,31.91,30.03,31.56,31.74,30.25,28.55,30.65,30.39
2025-05-25T11:00,2025-05-25,11,31.26,31.09,32.61,30.76,32.28,32.79,30.69,28.93,31.18,31.35
2025-05-25T12:00,2025-05-25,12,31.62,31.71,32.65,31.5,32.89,33.6,29.55,29.85,31.17,32.1
2025-05-25T13:00,2025-05-25,13,31.61,31.94,32.8,32.07,33.36,34.06,28.49,30.15,29.97,32.38
2025-05-25T14:00,2025-05-25,14,31.53,31.9,32.76,32.46,32.61,34.33,28.75,30.42,28.87,32.5
2025-05-25T15:00,2025-05-25,15,31.4,31.67,31.53,32.44,31.9,34.3,29.56,30.53,29.58,31.64
2025-05-25T16:00,2025-05-25,16,31.11,31.3,31.29,31.98,31.79,33.86,30.0,30.32,30.14,29.93
2025-05-25T17:00,2025-05-25,17,30.54,30.61,30.15,31.17,31.63,32.74,30.08,29.91,29.87,29.34
2025-05-25T18:00,2025-05-25,18,29.77,29.67,28.93,30.23,30.94,31.55,29.7,29.26,29.29,29.08
2025-05-25T19:00,2025-05-25,19,28.3,28.25,27.85,28.69,28.69,30.33,28.38,27.85,27.26,28.13
2025-05-25T20:00,2025-05-25,20,27.74,27.75,27.05,28.22,27.97,29.25,27.73,27.64,26.98,27.6
2025-05-25T21:00,2025-05-25,21,27.31,27.38,26.18,27.99,27.52,27.98,27.39,27.48,26.78,27.12
2025-05-25T22:00,2025-05-25,22,27.01,27.15,25.93,27.52,27.14,27.22,27.2,27.23,26.68,26.8
2025-05-25T23:00,2025-05-25,23,26.81,26.97,25.82,27.13,26.94,26.63,27.06,27.24,26.62,26.62
2025-05-26T00:00,2025-05-26,0,26.52,26.76,25.82,26.3,26.67,26.16,26.86,27.09,26.42,26.34
2025-05-26T01:00,2025-05-26,1,26.17,26.34,25.72,26.07,26.18,25.62,26.68,26.84,25.98,25.88
2025-05-26T02:00,2025-05-26,2,25.85,25.94,25.63,25.84,25.86,25.43,26.58,26.73,25.29,25.53
2025-05-26T03:00,2025-05-26,3,25.62,25.71,25.54,25.61,25.55,25.1,26.37,26.57,25.02,25.35
2025-05-26T04:00,2025-05-26,4,25.47,25.51,25.52,25.53,25.35,25.08,26.1,26.58,24.9,25.08
2025-05-26T05:00,2025-05-26,5,25.36,25.44,25.28,25.39,25.19,25.06,25.93,26.51,24.86,24.94
2025-05-26T06:00,2025-05-26,6,25.53,25.53,25.74,25.66,25.39,25.3,26.02,26.73,25.0,24.98
2025-05-26T07:00,2025-05-26,7,27.24,27.3,27.7,27.64,26.96,26.74,27.71,28.03,26.78,26.4
2025-05-26T08:00,2025-05-26,8,28.15,28.35,28.78,28.73,28.09,27.9,28.15,28.52,27.61,27.1
2025-05-26T09:00,2025-05-26,9,29.23,29.61,30.4,29.88,29.27,29.24,29.04,29.2,28.38,27.72
2025-05-26T10:00,2025-05-26,10,30.11,30.32,31.74,31.15,30.09,30.43,29.61,30.18,29.44,28.19
2025-05-26T11:00,2025-05-26,11,30.73,30.76,32.45,32.02,31.0,30.53,30.49,30.64,30.03,28.84
2025-05-26T12:00,2025-05-26,12,31.24,31.41,32.95,32.67,31.54,31.1,30.91,31.03,30.55,28.98
2025-05-26T13:00,2025-05-26,13,31.24,31.64,33.25,32.36,31.86,32.23,29.61,29.8,30.66,29.35
2025-05-26T14:00,2025-05-26,14,31.09,31.4,32.41,31.99,31.73,32.61,29.83,29.59,30.27,29.82
2025-05-26T15:00,2025-05-26,15,30.54,30.53,30.51,31.9,31.55,32.87,29.34,29.37,29.19,30.21
2025-05-26T16:00,2025-05-26,16,29.61,29.12,29.39,29.91,31.28,32.46,28.68,28.98,28.92,29.78
2025-05-26T17:00,2025-05-26,17,29.13,28.8,28.45,29.04,30.99,32.11,28.23,28.54,28.56,29.32
2025-05-26T18:00,2025-05-26,18,28.51,28.31,27.45,28.39,29.79,30.99,27.87,28.29,28.07,28.78
2025-05-26T19:00,2025-05-26,19,27.59,27.88,26.73,27.77,28.13,29.1,27.27,27.31,26.87,27.32
2025-05-26T20:00,2025-05-26,20,27.21,27.45,26.6,27.2,27.63,28.5,27.05,27.12,26.61,26.87
2025-05-26T21:00,2025-05-26,21,26.89,27.19,26.5,26.64,27.33,28.12,26.88,26.48,26.37,26.48
2025-05-26T22:00,2025-05-26,22,26.66,26.97,26.31,26.19,27.05,27.82,26.59,26.4,26.21,26.37
2025-05-26T23:00,2025-05-26,23,26.2,25.94,26.14,25.76,26.77,27.37,26.4,26.33,26.06,26.09
2025-05-27T00:00,2025-05-27,0,25.93,25.58,25.95,25.57,26.66,26.84,26.2,26.13,25.9,25.8
2025-05-27T01:00,2025-05-27,1,25.7,25.49,25.84,25.4,25.52,26.18,25.96,26.26,25.9,25.47
2025-05-27T02:00,2025-05-27,2,25.55,25.4,25.66,25.3,25.42,25.71,25.84,26.25,25.69,25.23
2025-05-27T03:00,2025-05-27,3,25.41,25.33,25.65,25.24,25.05,25.43,25.88,26.04,25.45,25.05
2025-05-27T04:00,2025-05-27,4,25.31,25.29,25.56,25.2,24.76,25.23,25.78,25.96,25.27,24.95
2025-05-27T05:00,2025-05-27,5,25.26,25.29,25.53,25.15,24.77,25.18,25.75,25.8,25.14,24.86
2025-05-27T06:00,2025-05-27,6,25.45,25.48,25.73,25.44,25.07,25.46,25.82,25.9,25.43,24.82
2025-05-27T07:00,2025-05-27,7,26.8,27.13,26.73,26.89,26.39,26.97,26.52,27.08,26.64,26.45
2025-05-27T08:00,2025-05-27,8,28.11,28.4,28.44,28.32,28.03,28.57,27.15,27.64,28.15,27.78
2025-05-27T09:00,2025-05-27,9,29.56,29.79,30.28,29.97,29.72,30.27,28.35,28.44,29.74,28.95
2025-05-27T10:00,2025-05-27,10,30.75,30.86,31.65,31.08,30.88,31.5,29.71,29.82,30.93,30.08
2025-05-27T11:00,2025-05-27,11,31.7,31.84,32.65,32.05,31.76,32.48,30.77,30.68,31.75,31.07
2025-05-27T12:00,2025-05-27,12,32.3,32.45,32.08,32.74,32.51,33.24,31.61,31.44,32.41,31.88
2025-05-27T13:00,2025-05-27,13,32.86,33.01,32.65,33.27,32.99,33.88,32.27,32.0,32.9,32.43
2025-05-27T14:00,2025-05-27,14,32.96,33.25,31.77,33.57,33.4,34.46,31.59,32.3,33.17,32.73
2025-05-27T15:00,2025-05-27,15,32.68,33.15,28.83,33.63,33.38,34.55,31.67,32.11,33.11,32.61
2025-05-27T16:00,2025-05-27,16,32.33,33.06,27.87,32.99,33.33,34.5,31.11,30.96,32.89,32.47
2025-05-27T17:00,2025-05-27,17,31.61,32.34,27.43,31.26,32.92,34.07,30.63,30.21,32.2,32.0
2025-05-27T18:00,2025-05-27,18,30.28,30.14,27.33,29.15,31.93,32.88,30.03,28.91,31.5,30.98
2025-05-27T19:00,2025-05-27,19,29.82,30.27,27.61,30.34,30.25,30.9,29.16,29.59,30.11,29.36
2025-05-27T20:00,2025-05-27,20,29.22,29.66,27.26,29.7,29.52,30.12,28.73,29.08,29.41,28.68
2025-05-27T21:00,2025-05-27,21,28.8,29.17,27.11,29.17,29.11,29.83,28.36,28.55,29.0,28.2
2025-05-27T22:00,2025-05-27,22,28.45,28.81,27.08,28.65,28.43,29.68,28.03,28.24,28.66,27.87
2025-05-27T23:00,2025-05-27,23,28.11,28.42,26.9,28.24,27.83,29.28,27.78,28.26,28.3,27.59
2025-05-28T00:00,2025-05-28,0,27.8,28.07,26.93,27.74,27.37,29.17,27.54,28.12,27.95,27.21
2025-05-28T01:00,2025-05-28,1,27.52,27.84,26.83,27.41,27.02,28.93,27.39,27.79,27.5,26.8
2025-05-28T02:00,2025-05-28,2,27.23,27.55,26.52,26.99,26.93,28.68,27.22,27.33,27.11,26.59
2025-05-28T03:00,2025-05-28,3,26.92,27.18,26.07,26.52,26.87,28.52,26.94,27.07,26.79,26.41
2025-05-28T04:00,2025-05-28,4,26.62,26.83,25.81,26.17,26.76,28.19,26.68,26.8,26.4,26.25
2025-05-28T05:00,2025-05-28,5,26.36,26.38,25.76,25.94,26.7,27.77,26.48,26.59,26.08,26.22
2025-05-28T06:00,2025-05-28,6,26.56,26.61,25.77,26.07,27.24,27.83,26.73,26.55,26.3,26.5
2025-05-28T07:00,2025-05-28,7,28.27,28.55,26.61,27.22,29.32,29.22,28.44,27.39,28.8,28.35
2025-05-28T08:00,2025-05-28,8,29.24,29.34,27.54,28.0,30.44,30.4,29.27,27.55,30.3,29.73
2025-05-28T09:00,2025-05-28,9,30.11,30.14,27.63,29.02,31.4,31.43,29.96,27.8,31.53,31.18
2025-05-28T10:00,2025-05-28,10,30.63,30.55,27.44,29.41,32.11,32.43,30.29,27.57,32.41,32.44
2025-05-28T11:00,2025-05-28,11,31.1,31.14,27.53,29.84,32.64,33.17,30.53,27.5,32.99,33.16
2025-05-28T12:00,2025-05-28,12,31.11,30.59,28.32,29.48,33.21,33.45,29.89,28.29,33.46,33.54
2025-05-28T13:00,2025-05-28,13,30.96,29.93,29.35,29.89,33.19,31.4,29.65,28.76,33.55,33.72
2025-05-28T14:00,2025-05-28,14,30.44,29.56,30.0,29.88,30.09,30.23,29.61,28.68,32.24,33.78
2025-05-28T15:00,2025-05-28,15,29.82,29.15,28.43,29.67,28.89,30.52,29.21,28.41,30.96,33.04
2025-05-28T16:00,2025-05-28,16,29.53,29.43,28.09,29.28,29.35,30.48,29.17,27.53,30.17,31.44
2025-05-28T17:00,2025-05-28,17,29.14,29.28,27.65,28.25,29.39,30.38,28.6,27.01,29.94,30.79
2025-05-28T18:00,2025-05-28,18,28.51,28.78,25.91,27.62,29.07,29.83,27.95,26.78,29.44,30.1
2025-05-28T19:00,2025-05-28,19,28.18,28.21,27.12,27.34,28.4,28.04,27.5,26.47,29.46,29.93
2025-05-28T20:00,2025-05-28,20,27.64,27.68,26.0,26.96,28.02,27.59,27.24,26.17,28.79,29.19
2025-05-28T21:00,2025-05-28,21,27.13,27.03,25.67,26.61,27.51,27.05,27.02,26.22,28.18,28.32
2025-05-28T22:00,2025-05-28,22,26.88,26.96,25.62,26.34,26.99,26.64,26.72,26.32,27.74,27.82
2025-05-28T23:00,2025-05-28,23,26.57,26.72,25.5,26.26,26.57,26.35,26.51,26.1,27.31,27.0
2025-05-29T00:00,2025-05-29,0,26.38,26.52,25.45,25.79,26.58,26.33,26.56,26.16,26.98,26.54
2025-05-29T01:00,2025-05-29,1,26.15,26.29,25.33,25.26,26.46,26.43,26.45,26.1,26.68,26.18
2025-05-29T02:00,2025-05-29,2,25.97,25.89,25.35,25.23,26.43,26.56,26.25,26.09,26.54,25.79
2025-05-29T03:00,2025-05-29,3,25.79,25.5,25.24,25.35,26.32,26.48,26.03,26.03,26.41,25.53
2025-05-29T04:00,2025-05-29,4,25.61,25.35,25.14,25.42,26.13,25.4,25.73,26.05,26.31,25.46
2025-05-29T05:00,2025-05-29,5,25.57,25.5,25.07,25.51,25.66,25.26,25.59,26.11,26.12,25.44
2025-05-29T06:00,2025-05-29,6,25.66,25.75,25.18,25.53,25.31,25.39,25.56,26.18,26.04,25.73
2025-05-29T07:00,2025-05-29,7,26.64,26.82,25.56,26.08,26.57,26.95,26.57,26.22,26.92,27.48
2025-05-29T08:00,2025-05-29,8,26.74,26.63,25.71,25.89,26.8,27.29,26.84,26.29,27.3,27.9
2025-05-29T09:00,2025-05-29,9,26.96,26.41,26.25,25.94,27.68,27.97,27.01,26.36,27.86,28.15
2025-05-29T10:00,2025-05-29,10,27.12,26.23,26.69,25.95,27.79,27.42,27.38,26.22,28.54,28.94
2025-05-29T11:00,2025-05-29,11,27.25,26.11,27.26,26.16,27.24,27.06,27.18,26.43,29.13,29.88
2025-05-29T12:00,2025-05-29,12,27.25,26.24,26.86,26.29,26.68,26.98,26.87,26.76,28.79,30.64
2025-05-29T13:00,2025-05-29,13,27.14,26.31,26.88,26.57,27.42,26.84,26.56,26.88,28.0,29.86
2025-05-29T14:00,2025-05-29,14,27.02,26.26,26.99,26.84,27.0,26.94,26.67,27.06,27.6,28.96
2025-05-29T15:00,2025-05-29,15,26.81,26.24,26.65,26.55,26.4,26.66,26.94,26.88,27.14,28.59
2025-05-29T16:00,2025-05-29,16,26.67,26.22,26.58,26.51,26.03,26.59,26.99,26.92,27.06,27.71
2025-05-29T17:00,2025-05-29,17,26.44,26.01,26.38,26.26,25.81,26.38,27.02,26.79,26.68,27.21
2025-05-29T18:00,2025-05-29,18,26.19,25.88,26.09,26.22,25.78,25.94,26.77,26.51,26.29,26.57
2025-05-29T19:00,2025-05-29,19,26.07,25.78,26.12,26.09,25.46,25.95,26.51,26.48,26.07,26.55
2025-05-29T20:00,2025-05-29,20,25.97,25.71,25.94,26.07,25.71,26.12,26.46,26.39,25.63,26.35
2025-05-29T21:00,2025-05-29,21,25.88,25.69,25.98,26.09,25.81,26.06,26.26,26.42,25.35,25.9
2025-05-29T22:00,2025-05-29,22,25.76,25.64,25.82,26.0,25.69,25.89,26.06,26.3,25.37,25.61
2025-05-29T23:00,2025-05-29,23,25.76,25.68,25.64,26.14,25.53,26.02,25.97,26.45,25.41,25.46
2025-05-30T00:00,2025-05-30,0,25.68,25.76,25.41,26.04,25.34,26.2,25.78,26.37,25.28,25.15
2025-05-30T01:00,2025-05-30,1,25.59,25.75,25.49,26.02,25.17,25.76,25.74,26.19,25.14,24.98
2025-05-30T02:00,2025-05-30,2,25.51,25.67,25.4,26.11,25.2,25.52,25.57,26.05,25.11,24.85
2025-05-30T03:00,2025-05-30,3,25.45,25.59,25.59,25.99,25.31,25.47,25.35,25.93,24.98,24.86
2025-05-30T04:00,2025-05-30,4,25.39,25.55,25.71,25.85,25.37,25.44,25.22,25.89,24.85,24.76
2025-05-30T05:00,2025-05-30,5,25.33,25.48,25.8,25.79,25.29,25.29,25.19,25.76,24.81,24.66
2025-05-30T06:00,2025-05-30,6,25.28,25.31,25.83,25.69,25.27,25.33,25.22,25.7,24.79,24.7
2025-05-30T07:00,2025-05-30,7,26.03,26.17,26.1,26.42,25.46,25.69,26.6,26.51,25.68,25.35
2025-05-30T08:00,2025-05-30,8,26.23,26.16,26.26,26.47,25.98,25.82,27.36,26.89,25.93,25.43
2025-05-30T09:00,2025-05-30,9,26.59,26.38,26.73,26.67,26.21,25.96,28.1,27.72,26.49,25.6
2025-05-30T10:00,2025-05-30,10,27.0,26.64,26.53,26.8,26.73,26.12,28.62,28.54,27.54,26.21
2025-05-30T11:00,2025-05-30,11,27.56,27.23,26.72,27.56,27.55,26.52,29.61,28.67,27.93,26.65
2025-05-30T12:00,2025-05-30,12,27.83,27.53,26.71,28.57,27.15,26.64,29.76,29.23,28.13,26.89
2025-05-30T13:00,2025-05-30,13,28.31,27.93,27.34,29.01,26.85,27.07,30.55,30.01,28.64,27.55
2025-05-30T14:00,2025-05-30,14,28.84,28.56,27.64,30.12,26.46,26.96,31.14,31.09,29.25,27.99
2025-05-30T15:00,2025-05-30,15,28.96,28.99,27.37,29.9,26.12,27.02,31.56,31.23,29.01,28.49
2025-05-30T16:00,2025-05-30,16,28.76,29.01,26.89,28.51,26.27,27.37,31.45,30.16,28.88,28.9
2025-05-30T17:00,2025-05-30,17,28.47,28.89,27.22,27.75,26.5,27.48,30.96,27.84,28.63,28.88
2025-05-30T18:00,2025-05-30,18,27.88,28.56,27.06,27.07,26.16,27.05,29.09,27.22,28.11,28.32
2025-05-30T19:00,2025-05-30,19,27.29,27.11,26.83,27.16,25.35,26.66,28.51,27.56,27.68,28.21
2025-05-30T20:00,2025-05-30,20,26.8,26.6,26.45,26.89,25.08,26.61,27.96,27.39,27.04,27.04
2025-05-30T21:00,2025-05-30,21,26.52,26.4,25.7,26.88,25.0,26.42,27.6,27.09,26.76,26.53
2025-05-30T22:00,2025-05-30,22,26.32,26.26,25.77,26.58,24.83,26.13,27.15,26.54,26.54,26.58
2025-05-30T23:00,2025-05-30,23,26.08,26.13,25.89,26.2,24.92,25.82,26.7,25.76,26.33,26.25
2025-05-31T00:00,2025-05-31,0,25.82,26.01,25.88,25.76,24.61,25.64,26.23,25.56,26.08,25.78
2025-05-31T01:00,2025-05-31,1,25.73,26.13,25.41,25.43,24.29,25.6,26.02,25.82,26.28,25.44
2025-05-31T02:00,2025-05-31,2,25.62,25.85,25.28,25.13,24.6,25.47,25.91,26.19,26.37,25.21
2025-05-31T03:00,2025-05-31,3,25.46,25.52,25.0,25.08,24.48,25.42,25.93,26.46,26.15,24.99
2025-05-31T04:00,2025-05-31,4,25.32,25.38,24.63,25.05,24.21,25.13,25.97,26.51,26.03,24.85
2025-05-31T05:00,2025-05-31,5,25.25,25.43,24.49,24.87,24.25,24.86,26.14,26.77,25.66,24.64
2025-05-31T06:00,2025-05-31,6,25.47,25.66,24.41,24.98,24.74,25.11,26.39,27.01,25.76,25.0
2025-05-31T07:00,2025-05-31,7,26.78,26.69,25.57,26.52,26.19,25.81,27.53,28.1,28.59,25.74
2025-05-31T08:00,2025-05-31,8,27.32,27.41,25.87,27.32,25.73,25.49,28.39,28.72,29.52,26.11
2025-05-31T09:00,2025-05-31,9,28.12,28.53,25.51,28.2,25.98,25.44,29.88,29.71,30.57,26.79
2025-05-31T10:00,2025-05-31,10,29.17,29.84,26.6,29.34,25.74,26.23,31.16,30.21,31.51,28.35
2025-05-31T11:00,2025-05-31,11,29.96,30.81,27.65,30.62,25.98,26.6,31.19,29.8,32.18,30.07
2025-05-31T12:00,2025-05-31,12,29.73,30.05,28.06,29.74,26.42,26.83,30.56,28.59,32.76,30.69
2025-05-31T13:00,2025-05-31,13,28.85,27.77,28.38,27.95,26.99,27.15,29.6,28.85,32.13,30.8
2025-05-31T14:00,2025-05-31,14,28.5,27.3,28.28,28.8,26.9,26.96,29.08,29.86,30.44,29.99
2025-05-31T15:00,2025-05-31,15,28.14,27.54,27.53,29.37,26.04,26.58,29.46,29.32,28.47,28.93
2025-05-31T16:00,2025-05-31,16,28.13,27.98,26.57,28.79,26.54,26.85,29.95,29.18,28.11,28.57
2025-05-31T17:00,2025-05-31,17,27.77,27.75,25.93,27.9,26.73,26.29,29.65,28.22,28.09,28.3
2025-05-31T18:00,2025-05-31,18,27.26,27.09,25.67,26.92,26.81,25.43,28.96,27.81,28.08,27.89
2025-05-31T19:00,2025-05-31,19,26.9,26.81,26.06,26.44,25.97,25.42,28.16,27.54,27.51,27.63
2025-05-31T20:00,2025-05-31,20,26.69,26.78,25.93,26.32,25.59,25.18,28.05,27.28,27.3,26.81
2025-05-31T21:00,2025-05-31,21,26.61,26.86,25.66,26.35,25.72,25.19,28.0,27.17,27.32,26.06
2025-05-31T22:00,2025-05-31,22,26.5,26.72,25.46,26.36,25.57,25.2,27.92,27.06,27.3,25.78
2025-05-31T23:00,2025-05-31,23,26.42,26.8,25.37,26.27,25.24,25.16,27.83,26.8,27.26,25.49
2025-06-01T00:00,2025-06-01,0,26.24,26.72,25.38,25.98,24.89,24.94,27.66,26.6,27.09,25.15
2025-06-01T01:00,2025-06-01,1,26.09,26.59,25.17,25.87,24.69,24.83,27.44,26.35,27.04,24.99
2025-06-01T02:00,2025-06-01,2,25.91,26.3,24.92,25.78,24.24,24.76,27.24,26.42,27.05,24.82
2025-06-01T03:00,2025-06-01,3,25.75,26.09,24.76,25.65,24.03,24.74,26.86,26.37,27.05,24.66
2025-06-01T04:00,2025-06-01,4,25.7,26.2,24.61,25.56,24.07,24.83,26.71,26.23,26.92,24.42
2025-06-01T05:00,2025-06-01,5,25.61,26.05,24.56,25.53,24.19,24.73,26.54,25.97,26.85,24.43
2025-06-01T06:00,2025-06-01,6,25.6,25.85,24.56,25.37,24.28,24.74,26.7,25.94,27.0,24.59
2025-06-01T07:00,2025-06-01,7,26.54,27.14,25.84,26.68,25.1,25.5,27.33,26.72,27.06,25.61
2025-06-01T08:00,2025-06-01,8,27.18,27.93,26.31,27.82,25.45,26.12,27.54,27.84,26.89,26.81
2025-06-01T09:00,2025-06-01,9,28.03,29.24,26.84,29.11,26.05,26.43,28.54,28.23,27.11,27.59
2025-06-01T10:00,2025-06-01,10,28.81,29.74,26.46,30.23,27.91,27.29,29.51,28.74,27.72,28.94
2025-06-01T11:00,2025-06-01,11,29.38,29.65,27.43,30.56,28.31,28.17,30.42,28.88,29.16,29.94
2025-06-01T12:00,2025-06-01,12,29.88,29.41,27.02,30.57,29.87,29.44,31.62,29.54,30.36,30.78
2025-06-01T13:00,2025-06-01,13,30.35,30.04,27.54,29.49,30.71,29.91,32.33,29.2,31.75,31.39
2025-06-01T14:00,2025-06-01,14,30.5,30.97,27.49,28.78,30.98,29.77,31.09,28.62,32.4,32.0
2025-06-01T15:00,2025-06-01,15,30.35,30.89,27.92,28.63,29.68,29.35,30.45,27.65,32.89,32.39
2025-06-01T16:00,2025-06-01,16,29.43,28.84,26.94,27.94,30.01,27.07,29.84,28.13,32.77,32.06
2025-06-01T17:00,2025-06-01,17,28.68,27.55,26.87,28.16,28.3,26.83,29.41,28.38,31.74,30.93
2025-06-01T18:00,2025-06-01,18,27.97,27.4,26.64,27.84,26.77,26.25,29.21,28.2,29.23,29.78
2025-06-01T19:00,2025-06-01,19,27.34,27.08,25.8,26.21,27.76,26.57,28.86,27.6,28.43,27.76
2025-06-01T20:00,2025-06-01,20,26.87,26.79,25.53,26.09,27.26,26.09,27.78,27.41,27.71,27.04
2025-06-01T21:00,2025-06-01,21,26.59,26.38,25.44,26.06,26.97,25.85,27.5,27.07,27.46,26.6
2025-06-01T22:00,2025-06-01,22,26.41,26.24,25.21,26.14,26.61,25.65,27.36,26.84,27.24,26.27
2025-06-01T23:00,2025-06-01,23,26.28,26.25,25.0,26.19,26.34,25.53,27.2,26.71,26.98,25.98
2025-06-02T00:00,2025-06-02,0,26.1,26.25,24.95,26.2,25.9,25.28,27.08,26.57,26.76,25.12
2025-06-02T01:00,2025-06-02,1,25.97,26.33,24.84,25.86,25.56,25.07,26.97,26.61,26.57,24.85
2025-06-02T02:00,2025-06-02,2,25.78,26.28,24.85,25.61,25.47,24.64,27.04,25.95,26.35,24.31
2025-06-02T03:00,2025-06-02,3,25.56,26.07,24.87,25.26,24.59,24.59,27.1,25.8,26.14,24.08
2025-06-02T04:00,2025-06-02,4,25.42,25.84,24.84,25.34,24.7,24.36,26.93,25.8,25.84,23.84
2025-06-02T05:00,2025-06-02,5,25.32,25.58,24.71,25.28,24.74,24.14,27.1,26.13,25.53,23.86
2025-06-02T06:00,2025-06-02,6,25.42,25.71,24.59,25.31,24.56,24.15,27.36,26.39,25.73,24.07
2025-06-02T07:00,2025-06-02,7,26.33,26.5,25.5,26.19,25.56,25.52,29.01,26.57,26.41,24.88
2025-06-02T08:00,2025-06-02,8,27.18,27.31,25.71,26.3,26.51,26.45,30.26,27.08,27.85,26.12
2025-06-02T09:00,2025-06-02,9,28.13,28.21,25.2,26.44,27.81,28.08,31.45,27.41,29.63,27.67
2025-06-02T10:00,2025-06-02,10,29.16,29.29,25.47,27.76,29.32,28.73,32.48,28.0,30.88,28.75
2025-06-02T11:00,2025-06-02,11,29.97,29.19,26.23,29.24,30.82,30.01,33.53,29.41,31.72,29.82
2025-06-02T12:00,2025-06-02,12,30.81,30.02,27.03,29.74,31.21,31.31,34.21,30.37,32.7,31.06
2025-06-02T13:00,2025-06-02,13,31.48,31.01,27.87,30.26,32.26,31.28,33.95,30.84,33.41,32.11
2025-06-02T14:00,2025-06-02,14,31.66,31.14,28.55,30.45,32.5,31.07,33.6,30.91,33.75,32.6
2025-06-02T15:00,2025-06-02,15,31.56,31.37,29.47,30.74,32.36,29.67,32.33,31.18,33.43,32.53
2025-06-02T16:00,2025-06-02,16,30.86,30.98,29.3,30.23,32.02,29.77,30.2,31.51,31.46,31.97
2025-06-02T17:00,2025-06-02,17,30.13,30.48,29.22,29.81,31.17,28.93,30.15,31.14,29.18,30.87
2025-06-02T18:00,2025-06-02,18,29.01,29.39,28.67,29.35,29.16,26.95,30.06,30.31,27.53,29.16
2025-06-02T19:00,2025-06-02,19,28.02,28.14,26.55,27.64,28.88,27.37,28.7,28.5,27.95,28.26
2025-06-02T20:00,2025-06-02,20,27.44,27.44,26.07,27.26,27.49,26.8,28.41,28.32,27.57,27.56
2025-06-02T21:00,2025-06-02,21,27.2,27.25,25.97,27.15,26.97,26.36,28.33,28.32,27.25,27.03
2025-06-02T22:00,2025-06-02,22,26.99,27.23,25.83,27.1,26.41,25.95,28.18,28.22,27.17,26.14
2025-06-02T23:00,2025-06-02,23,26.81,27.04,25.71,27.2,26.06,25.71,28.09,28.13,27.11,25.59
2025-06-03T00:00,2025-06-03,0,26.62,26.97,25.78,27.1,25.59,24.91,27.99,28.0,27.04,25.09
2025-06-03T01:00,2025-06-03,1,26.5,26.98,25.88,26.95,25.37,24.4,27.85,27.99,26.92,24.76
2025-06-03T02:00,2025-06-03,2,26.36,26.96,25.52,26.87,25.19,23.6,27.82,27.91,26.93,24.56
2025-06-03T03:00,2025-06-03,3,26.31,26.92,25.58,27.01,25.05,23.07,27.86,28.01,26.78,24.49
2025-06-03T04:00,2025-06-03,4,26.27,26.91,25.63,27.12,24.82,23.24,27.77,27.9,26.54,24.45
2025-06-03T05:00,2025-06-03,5,26.18,26.82,25.29,27.21,24.84,23.43,27.6,27.82,26.2,24.44
2025-06-03T06:00,2025-06-03,6,26.47,27.14,25.36,27.61,25.11,23.74,27.79,28.13,26.51,24.83
2025-06-03T07:00,2025-06-03,7,25.65,25.36,23.93,25.37,24.31,23.63,27.95,27.5,26.93,25.5
2025-06-03T08:00,2025-06-03,8,26.65,26.24,24.48,25.9,24.86,24.29,29.76,28.47,28.19,27.18
2025-06-03T09:00,2025-06-03,9,27.91,27.27,25.96,26.77,25.83,25.15,31.69,29.77,29.67,28.79
2025-06-03T10:00,2025-06-03,10,29.26,28.33,28.09,28.42,26.54,26.3,33.45,30.79,31.12,30.11
2025-06-03T11:00,2025-06-03,11,30.37,29.3,29.65,29.85,27.39,27.29,34.69,31.38,32.36,31.18
2025-06-03T12:00,2025-06-03,12,31.33,30.64,30.79,31.02,28.98,28.13,34.8,31.21,33.26,31.87
2025-06-03T13:00,2025-06-03,13,32.07,31.84,32.06,31.65,30.55,28.93,34.47,31.08,33.73,32.38
2025-06-03T14:00,2025-06-03,14,32.05,32.07,32.16,31.9,31.25,29.58,34.33,30.51,32.2,32.56
2025-06-03T15:00,2025-06-03,15,31.55,31.86,31.66,31.85,31.61,30.18,33.45,29.99,30.46,31.39
2025-06-03T16:00,2025-06-03,16,30.65,30.79,30.31,31.02,30.81,30.34,31.78,30.13,29.62,30.54
2025-06-03T17:00,2025-06-03,17,29.31,27.82,29.51,30.38,28.42,30.16,30.49,29.88,29.59,30.02
2025-06-03T18:00,2025-06-03,18,28.29,26.77,28.26,29.26,26.48,29.02,29.85,29.2,28.92,29.17
2025-06-03T19:00,2025-06-03,19,27.72,27.79,26.98,27.88,26.81,27.32,28.06,27.96,28.01,28.09
2025-06-03T20:00,2025-06-03,20,27.29,27.37,26.66,27.51,26.55,26.59,27.67,27.73,27.51,27.4
2025-06-03T21:00,2025-06-03,21,26.99,27.07,26.31,27.16,26.46,26.25,27.72,27.67,27.07,26.84
2025-06-03T22:00,2025-06-03,22,26.74,26.75,26.26,26.97,26.35,26.01,27.69,27.64,26.72,26.17
2025-06-03T23:00,2025-06-03,23,26.55,26.51,26.26,26.96,26.16,25.79,27.68,27.67,26.59,25.44
2025-06-04T00:00,2025-06-04,0,26.39,26.39,26.03,26.98,25.92,25.09,27.59,27.74,26.47,25.17
2025-06-04T01:00,2025-06-04,1,26.22,26.55,26.09,26.97,25.47,23.91,27.23,27.59,26.26,24.83
2025-06-04T02:00,2025-06-04,2,26.17,26.81,25.78,26.95,25.19,24.2,26.74,27.5,26.13,24.66
2025-06-04T03:00,2025-06-04,3,25.97,26.84,25.83,26.87,24.96,23.64,26.34,27.31,25.88,24.09
2025-06-04T04:00,2025-06-04,4,25.55,26.69,25.71,26.29,23.88,22.93,26.08,26.46,25.52,23.56
2025-06-04T05:00,2025-06-04,5,25.19,26.29,25.66,25.9,23.19,22.87,25.82,25.37,25.28,23.24
2025-06-04T06:00,2025-06-04,6,25.12,26.0,25.76,25.67,22.94,23.33,26.2,24.91,25.27,23.3
2025-06-04T07:00,2025-06-04,7,25.41,25.84,25.03,25.81,23.57,24.53,26.81,25.81,25.19,24.67
2025-06-04T08:00,2025-06-04,8,26.26,26.65,26.89,27.19,24.03,24.91,28.08,27.43,25.06,25.09
2025-06-04T09:00,2025-06-04,9,27.22,28.11,27.64,28.36,24.49,26.18,29.4,28.93,25.01,25.37
2025-06-04T10:00,2025-06-04,10,28.01,28.8,28.35,29.31,25.59,27.57,30.2,29.88,25.55,25.9
2025-06-04T11:00,2025-06-04,11,28.78,29.46,29.51,29.57,25.39,28.48,31.17,30.42,27.11,26.85
2025-06-04T12:00,2025-06-04,12,29.12,29.97,29.45,29.55,25.2,29.17,30.68,30.99,28.21,27.39
2025-06-04T13:00,2025-06-04,13,28.87,29.0,29.43,29.42,25.58,28.78,28.54,31.04,29.33,28.48
2025-06-04T14:00,2025-06-04,14,28.72,28.65,28.81,29.45,25.87,28.37,28.33,29.37,30.02,28.8
2025-06-04T15:00,2025-06-04,15,28.73,28.84,28.94,27.96,27.0,27.61,29.11,29.31,30.25,28.65
2025-06-04T16:00,2025-06-04,16,28.71,28.97,27.49,27.27,27.79,27.84,29.78,28.85,30.22,28.97
2025-06-04T17:00,2025-06-04,17,28.48,28.64,27.56,26.73,27.9,27.76,29.99,28.11,29.92,28.66
2025-06-04T18:00,2025-06-04,18,27.85,28.18,27.21,26.46,26.86,26.86,29.14,27.25,29.15,27.88
2025-06-04T19:00,2025-06-04,19,26.59,26.55,26.5,26.19,25.7,25.36,27.66,26.24,27.84,26.3
2025-06-04T20:00,2025-06-04,20,26.2,26.31,26.09,25.92,25.23,25.05,27.28,26.13,27.03,25.7
2025-06-04T21:00,2025-06-04,21,25.82,25.86,25.92,25.75,24.75,24.7,26.99,26.05,26.31,25.31
2025-06-04T22:00,2025-06-04,22,25.55,25.53,25.68,25.54,24.56,24.28,26.75,26.18,25.95,24.97
2025-06-04T23:00,2025-06-04,23,25.32,25.28,25.53,25.48,23.99,23.94,26.58,26.11,25.63,24.87
2025-06-05T00:00,2025-06-05,0,25.11,25.03,25.27,25.34,23.47,23.76,26.47,26.15,25.46,24.63
2025-06-05T01:00,2025-06-05,1,24.99,24.85,25.05,25.27,23.34,23.7,26.33,26.19,25.41,24.54
2025-06-05T02:00,2025-06-05,2,24.86,24.68,24.75,25.38,23.14,23.46,26.13,26.18,25.39,24.29
2025-06-05T03:00,2025-06-05,3,24.79,24.78,24.78,25.42,23.23,23.28,26.0,26.08,25.12,23.95
2025-06-05T04:00,2025-06-05,4,24.74,24.94,24.66,25.26,23.33,23.17,25.79,25.97,24.95,23.69
2025-06-05T05:00,2025-06-05,5,24.64,24.97,24.52,25.03,23.25,23.07,25.74,26.05,24.75,23.49
2025-06-05T06:00,2025-06-05,6,24.88,25.3,25.09,24.99,23.59,23.3,26.09,26.48,24.77,23.53
2025-06-05T07:00,2025-06-05,7,26.09,25.62,26.67,26.65,25.1,24.98,27.78,28.19,25.83,25.08
2025-06-05T08:00,2025-06-05,8,27.21,26.45,28.43,27.63,25.94,26.36,28.89,29.14,27.06,26.62
2025-06-05T09:00,2025-06-05,9,28.22,27.37,29.54,27.98,27.52,27.29,30.07,29.54,28.29,28.02
2025-06-05T10:00,2025-06-05,10,29.25,28.78,30.55,28.98,28.81,28.2,30.41,29.43,29.48,29.14
2025-06-05T11:00,2025-06-05,11,29.88,29.98,31.19,29.36,29.93,29.12,30.38,26.78,30.45,30.04
2025-06-05T12:00,2025-06-05,12,30.34,30.52,31.52,29.07,30.74,30.14,30.6,27.19,31.13,30.68
2025-06-05T13:00,2025-06-05,13,30.28,30.2,30.77,28.7,31.14,30.62,29.6,29.16,31.53,30.87
2025-06-05T14:00,2025-06-05,14,30.09,29.0,30.2,29.34,31.24,31.17,30.4,30.36,30.96,30.6
2025-06-05T15:00,2025-06-05,15,29.68,28.44,29.73,29.62,30.77,31.06,30.78,30.54,29.37,30.04
2025-06-05T16:00,2025-06-05,16,29.63,28.8,29.47,29.86,29.89,30.73,31.02,30.4,29.34,29.26
2025-06-05T17:00,2025-06-05,17,29.26,28.89,28.9,29.73,29.05,30.34,30.14,29.6,29.23,28.4
2025-06-05T18:00,2025-06-05,18,28.68,28.51,28.16,28.97,28.43,29.51,29.55,28.65,28.88,27.77
2025-06-05T19:00,2025-06-05,19,27.39,26.85,27.18,27.77,27.08,27.17,28.91,27.97,27.72,26.69
2025-06-05T20:00,2025-06-05,20,26.86,26.51,26.76,27.24,26.25,26.74,28.27,27.58,26.96,25.97
2025-06-05T21:00,2025-06-05,21,26.47,26.16,26.42,26.95,25.71,26.59,27.78,27.19,26.52,25.49
2025-06-05T22:00,2025-06-05,22,26.18,26.0,26.03,26.48,25.38,26.27,27.48,26.79,26.24,25.22
2025-06-05T23:00,2025-06-05,23,25.93,25.78,25.79,26.25,25.06,25.96,27.16,26.68,25.9,25.06
2025-06-06T00:00,2025-06-06,0,25.72,25.65,25.6,26.1,24.82,25.55,26.87,26.55,25.59,24.89
2025-06-06T01:00,2025-06-06,1,25.54,25.53,25.47,25.92,24.51,25.18,26.65,26.43,25.38,24.76
2025-06-06T02:00,2025-06-06,2,25.34,25.44,25.22,25.68,24.38,24.68,26.49,26.2,25.2,24.43
2025-06-06T03:00,2025-06-06,3,25.16,25.31,25.1,25.45,24.32,24.28,26.39,25.98,25.07,24.03
2025-06-06T04:00,2025-06-06,4,24.97,25.07,24.97,25.35,24.25,23.97,26.26,26.0,24.95,23.63
2025-06-06T05:00,2025-06-06,5,24.76,24.95,24.7,25.16,23.98,23.77,26.12,25.89,24.61,23.25
2025-06-06T06:00,2025-06-06,6,24.99,25.37,25.2,25.61,24.11,23.95,26.32,26.44,24.06,23.39
2025-06-06T07:00,2025-06-06,7,26.29,26.0,26.52,26.66,25.88,25.78,27.55,26.5,26.8,25.06
2025-06-06T08:00,2025-06-06,8,27.54,27.42,27.74,27.58,26.96,26.91,28.83,27.88,28.19,26.2
2025-06-06T09:00,2025-06-06,9,28.89,28.86,29.31,28.45,28.31,28.19,30.1,29.36,29.47,27.8
2025-06-06T10:00,2025-06-06,10,29.94,29.92,29.55,29.62,29.54,29.31,31.0,30.65,30.41,29.35
2025-06-06T11:00,2025-06-06,11,30.83,30.81,30.46,30.38,30.49,30.09,31.88,31.3,31.34,30.51
2025-06-06T12:00,2025-06-06,12,31.26,30.94,31.13,30.54,31.23,30.69,32.45,31.81,31.98,31.02
2025-06-06T13:00,2025-06-06,13,31.34,31.06,30.66,30.72,31.23,31.18,32.59,30.79,32.36,31.36
2025-06-06T14:00,2025-06-06,14,31.48,31.44,30.82,30.98,31.4,31.66,32.67,28.88,32.54,31.59
2025-06-06T15:00,2025-06-06,15,31.68,31.64,30.6,31.4,31.69,32.05,32.59,29.58,32.6,31.86
2025-06-06T16:00,2025-06-06,16,31.5,31.53,30.25,31.39,31.71,31.86,31.72,29.52,32.51,31.81
2025-06-06T17:00,2025-06-06,17,30.89,30.9,29.51,30.8,31.36,31.64,30.98,29.37,31.96,30.71
2025-06-06T18:00,2025-06-06,18,29.97,30.01,28.61,29.78,30.48,30.68,29.87,28.94,30.78,30.07
2025-06-06T19:00,2025-06-06,19,28.04,28.15,27.77,28.46,28.17,28.57,28.37,27.63,27.31,27.76
2025-06-06T20:00,2025-06-06,20,27.41,27.52,26.98,27.76,27.29,27.86,27.7,27.64,26.62,27.35
2025-06-06T21:00,2025-06-06,21,26.98,27.23,26.46,27.47,26.68,27.27,27.28,27.51,25.78,27.02
2025-06-06T22:00,2025-06-06,22,26.67,26.91,26.18,27.13,26.4,26.68,27.0,27.45,25.52,26.69
2025-06-06T23:00,2025-06-06,23,26.36,26.64,25.82,26.68,26.16,26.24,26.86,27.09,25.32,26.24
2025-06-07T00:00,2025-06-07,0,26.06,26.19,25.53,26.27,25.82,26.08,26.82,26.91,25.27,25.76
2025-06-07T01:00,2025-06-07,1,25.83,25.84,25.28,26.06,25.49,26.05,26.72,26.91,25.17,25.37
2025-06-07T02:00,2025-06-07,2,25.69,25.67,25.22,25.91,25.21,25.94,26.6,26.83,25.22,25.04
2025-06-07T03:00,2025-06-07,3,25.54,25.64,25.07,25.77,25.0,25.53,26.43,26.73,25.13,24.74
2025-06-07T04:00,2025-06-07,4,25.41,25.66,24.77,25.63,25.0,25.05,26.28,26.45,25.07,24.53
2025-06-07T05:00,2025-06-07,5,25.23,25.41,24.67,25.52,24.91,24.98,26.06,26.27,24.86,24.34
2025-06-07T06:00,2025-06-07,6,25.67,25.83,25.3,26.03,25.13,25.24,26.45,26.96,25.21,24.91
2025-06-07T07:00,2025-06-07,7,27.74,27.77,27.54,28.0,26.76,26.84,28.29,28.59,28.05,27.46
2025-06-07T08:00,2025-06-07,8,29.1,29.15,29.09,29.39,28.01,28.11,29.56,29.6,29.37,28.99
2025-06-07T09:00,2025-06-07,9,30.27,30.34,30.28,30.58,29.38,28.58,30.68,30.5,30.71,30.39
2025-06-07T10:00,2025-06-07,10,31.2,31.15,31.02,31.38,30.15,29.99,31.9,31.32,31.73,31.39
2025-06-07T11:00,2025-06-07,11,31.9,31.82,31.49,31.89,31.08,31.09,32.84,31.92,32.35,32.05
2025-06-07T12:00,2025-06-07,12,32.34,32.35,31.53,32.13,31.85,31.91,33.43,32.12,32.68,32.46
2025-06-07T13:00,2025-06-07,13,32.61,32.68,31.64,32.26,32.21,32.58,33.73,31.84,32.96,32.8
2025-06-07T14:00,2025-06-07,14,32.78,32.94,31.75,32.38,32.39,32.98,33.9,31.6,33.08,32.95
2025-06-07T15:00,2025-06-07,15,32.66,32.77,31.26,32.41,32.43,33.06,33.86,30.97,33.01,32.91
2025-06-07T16:00,2025-06-07,16,32.19,32.67,30.39,31.23,32.24,32.79,33.15,29.54,32.9,32.7
2025-06-07T17:00,2025-06-07,17,31.58,31.72,29.72,30.92,31.53,32.31,32.67,29.55,32.43,32.04
2025-06-07T18:00,2025-06-07,18,30.46,30.27,28.81,29.73,30.41,31.3,31.77,29.19,30.98,31.26
2025-06-07T19:00,2025-06-07,19,28.88,28.71,27.96,28.59,28.65,29.91,29.63,28.95,28.48,29.57
2025-06-07T20:00,2025-06-07,20,28.14,27.85,27.47,27.98,27.75,29.31,28.83,28.47,27.77,28.72
2025-06-07T21:00,2025-06-07,21,27.53,27.2,27.01,27.45,26.78,28.84,28.23,27.9,27.15,28.11
2025-06-07T22:00,2025-06-07,22,27.08,26.81,26.67,27.1,26.32,28.16,27.89,27.56,26.64,27.4
2025-06-07T23:00,2025-06-07,23,26.73,26.57,26.26,26.83,25.88,27.57,27.67,27.15,26.31,26.79
2025-06-08T00:00,2025-06-08,0,26.42,26.38,25.88,26.59,25.6,27.1,27.38,26.88,25.99,26.25
2025-06-08T01:00,2025-06-08,1,26.16,26.19,25.56,26.33,25.34,26.75,27.11,26.73,25.75,25.79
2025-06-08T02:00,2025-06-08,2,25.9,26.01,25.44,26.09,25.15,26.35,26.83,26.58,25.47,25.27
2025-06-08T03:00,2025-06-08,3,25.7,25.82,25.33,25.85,24.86,26.2,26.58,26.5,25.31,24.9
2025-06-08T04:00,2025-06-08,4,25.49,25.64,25.16,25.64,24.74,25.91,26.36,26.42,25.09,24.6
2025-06-08T05:00,2025-06-08,5,25.28,25.42,25.07,25.45,24.65,25.32,26.12,26.25,24.93,24.36
2025-06-08T06:00,2025-06-08,6,25.9,26.01,25.74,26.22,25.51,25.71,26.66,26.8,25.53,25.01
2025-06-08T07:00,2025-06-08,7,28.12,28.17,27.84,28.16,28.17,27.24,28.66,28.42,28.23,27.88
2025-06-08T08:00,2025-06-08,8,29.43,29.32,29.34,29.23,29.24,28.25,30.13,29.64,29.9,29.49
2025-06-08T09:00,2025-06-08,9,30.67,30.23,30.54,30.46,30.66,29.66,31.48,30.87,31.44,30.94
2025-06-08T10:00,2025-06-08,10,31.53,30.35,31.41,31.55,31.68,30.99,32.66,31.82,32.63,32.27
2025-06-08T11:00,2025-06-08,11,32.34,31.62,32.03,32.06,32.5,32.01,33.39,32.31,33.0,33.06
2025-06-08T12:00,2025-06-08,12,32.82,32.1,32.39,32.68,33.15,32.78,33.83,32.66,33.18,33.57
2025-06-08T13:00,2025-06-08,13,33.17,32.64,32.56,33.08,33.32,33.3,34.03,32.92,33.44,33.84
2025-06-08T14:00,2025-06-08,14,33.32,33.04,32.59,33.04,33.36,33.68,34.28,32.18,33.64,33.89
2025-06-08T15:00,2025-06-08,15,33.3,33.15,32.21,33.32,33.12,33.89,34.09,31.84,33.66,33.85
2025-06-08T16:00,2025-06-08,16,32.93,32.96,31.35,32.52,32.84,33.76,33.75,31.11,33.44,33.67
2025-06-08T17:00,2025-06-08,17,32.4,32.52,30.47,31.35,32.51,33.38,33.24,30.74,33.09,33.29
2025-06-08T18:00,2025-06-08,18,31.38,31.36,29.35,30.43,31.51,32.02,32.27,30.04,32.27,32.35
2025-06-08T19:00,2025-06-08,19,29.96,30.05,28.43,29.52,29.76,30.07,30.89,28.74,30.43,30.72
2025-06-08T20:00,2025-06-08,20,29.17,29.15,27.86,28.86,29.15,29.37,29.99,28.59,29.5,29.63
2025-06-08T21:00,2025-06-08,21,28.59,28.47,27.55,28.17,28.59,29.08,29.37,28.49,28.84,28.84
2025-06-08T22:00,2025-06-08,22,28.12,28.02,26.99,27.78,28.29,28.77,28.55,28.32,28.37,28.28
2025-06-08T23:00,2025-06-08,23,27.74,27.75,26.62,27.46,27.73,28.46,28.0,27.98,27.91,27.86
2025-06-09T00:00,2025-06-09,0,27.33,27.36,26.28,27.11,27.22,27.97,27.64,27.62,27.47,27.43
2025-06-09T01:00,2025-06-09,1,26.96,26.92,26.11,26.75,26.73,27.6,27.34,27.38,27.07,27.04
2025-06-09T02:00,2025-06-09,2,26.63,26.58,25.87,26.45,26.4,27.08,27.09,27.19,26.58,26.73
2025-06-09T03:00,2025-06-09,3,26.35,26.27,25.75,26.21,26.23,26.62,26.92,27.0,26.12,26.42
2025-06-09T04:00,2025-06-09,4,26.09,26.09,25.42,25.91,25.86,26.4,26.69,26.78,25.74,26.19
2025-06-09T05:00,2025-06-09,5,25.87,25.93,25.13,25.75,25.56,26.13,26.5,26.7,25.42,25.97
2025-06-09T06:00,2025-06-09,6,26.51,26.65,25.59,26.41,26.38,26.64,27.08,27.42,25.98,26.53
2025-06-09T07:00,2025-06-09,7,28.93,28.94,27.31,28.92,29.14,29.61,29.4,29.59,28.71,29.07
2025-06-09T08:00,2025-06-09,8,30.32,30.35,28.68,30.41,30.48,30.87,30.65,30.12,30.43,30.65
2025-06-09T09:00,2025-06-09,9,31.52,31.53,30.18,31.62,31.67,31.88,31.42,30.81,31.97,32.08
2025-06-09T10:00,2025-06-09,10,32.44,32.32,31.41,32.42,32.5,32.7,32.44,31.54,33.11,33.06
2025-06-09T11:00,2025-06-09,11,33.01,32.72,32.38,32.9,33.23,33.35,33.02,31.97,33.76,33.65
2025-06-09T12:00,2025-06-09,12,33.5,33.11,32.8,33.28,33.69,33.96,33.7,32.62,34.29,34.19
2025-06-09T13:00,2025-06-09,13,33.64,33.36,31.47,33.41,34.06,34.18,34.09,32.94,34.62,34.44
2025-06-09T14:00,2025-06-09,14,33.74,33.44,31.72,33.46,34.18,34.3,34.23,32.99,34.71,34.57
2025-06-09T15:00,2025-06-09,15,33.7,33.49,31.23,33.52,34.07,34.35,34.21,32.95,34.63,34.5
2025-06-09T16:00,2025-06-09,16,33.4,33.37,30.59,33.15,33.91,33.63,33.97,32.48,34.4,34.26
2025-06-09T17:00,2025-06-09,17,32.81,32.92,29.9,32.62,33.24,33.12,32.87,31.67,33.94,33.84
2025-06-09T18:00,2025-06-09,18,31.76,31.96,28.72,31.27,32.26,32.2,31.98,30.59,32.81,32.75
2025-06-09T19:00,2025-06-09,19,30.24,30.08,27.83,29.64,30.65,30.6,30.99,29.74,31.16,31.17
2025-06-09T20:00,2025-06-09,20,29.45,29.4,27.35,29.01,29.68,29.76,30.18,29.2,30.09,30.06
2025-06-09T21:00,2025-06-09,21,28.98,28.96,27.27,28.6,29.09,29.53,29.6,28.82,29.4,29.39
2025-06-09T22:00,2025-06-09,22,28.65,28.71,27.17,28.32,28.72,29.05,29.11,28.47,29.07,28.85
2025-06-09T23:00,2025-06-09,23,28.33,28.36,27.0,28.03,28.31,28.83,28.67,28.15,28.87,28.45
2025-06-10T00:00,2025-06-10,0,27.96,28.05,26.61,27.7,27.89,28.31,28.27,27.81,28.49,28.09
2025-06-10T01:00,2025-06-10,1,27.61,27.77,26.15,27.43,27.62,27.89,27.87,27.51,28.09,27.65
2025-06-10T02:00,2025-06-10,2,27.28,27.52,25.59,27.16,27.36,27.19,27.53,27.37,27.75,27.31
2025-06-10T03:00,2025-06-10,3,27.02,27.28,25.59,26.97,27.04,26.5,27.29,27.24,27.4,27.03
2025-06-10T04:00,2025-06-10,4,26.79,27.04,25.52,26.81,26.78,26.12,27.11,27.08,27.02,26.83
2025-06-10T05:00,2025-06-10,5,26.56,26.82,25.44,26.56,26.55,25.66,27.0,27.04,26.66,26.57
2025-06-10T06:00,2025-06-10,6,26.88,27.16,25.44,26.65,27.11,25.62,27.4,27.58,27.11,27.06
2025-06-10T07:00,2025-06-10,7,29.16,29.39,27.17,28.84,29.06,28.65,29.63,29.57,29.64,29.71
2025-06-10T08:00,2025-06-10,8,30.49,30.61,28.35,30.05,30.21,30.02,31.15,30.73,31.08,31.37
2025-06-10T09:00,2025-06-10,9,31.73,31.79,29.86,31.25,31.24,31.37,32.49,31.48,32.46,32.69
2025-06-10T10:00,2025-06-10,10,32.65,32.61,31.0,32.22,32.28,32.46,33.48,32.04,33.37,33.56
2025-06-10T11:00,2025-06-10,11,33.27,33.21,31.47,32.82,32.78,33.6,34.34,32.2,34.0,34.16
2025-06-10T12:00,2025-06-10,12,33.71,33.57,31.74,33.17,33.53,34.42,34.96,32.18,34.44,34.63
2025-06-10T13:00,2025-06-10,13,33.85,33.78,30.81,33.31,34.14,34.87,35.18,31.93,34.75,34.84
2025-06-10T14:00,2025-06-10,14,33.79,33.77,30.15,32.92,34.4,35.44,34.73,31.97,34.88,34.97
2025-06-10T15:00,2025-06-10,15,33.53,33.36,29.67,32.27,34.48,35.68,34.35,31.74,34.88,34.96
2025-06-10T16:00,2025-06-10,16,32.83,32.49,29.43,30.37,34.41,35.42,33.9,30.64,34.47,34.6
2025-06-10T17:00,2025-06-10,17,31.95,31.22,28.22,29.59,33.58,34.82,33.21,30.23,33.55,34.22
2025-06-10T18:00,2025-06-10,18,30.61,29.57,26.88,29.3,30.89,31.31,32.37,29.71,32.77,33.31
2025-06-10T19:00,2025-06-10,19,29.86,29.8,27.07,29.38,30.79,29.21,30.38,29.14,31.56,30.38
2025-06-10T20:00,2025-06-10,20,28.88,28.4,26.8,28.77,28.78,27.83,29.86,28.72,30.8,29.53
2025-06-10T21:00,2025-06-10,21,28.33,27.83,26.66,28.22,27.08,27.63,29.48,28.44,30.23,28.94
2025-06-10T22:00,2025-06-10,22,27.83,27.38,26.44,28.04,26.68,27.09,29.08,28.18,28.86,28.51
2025-06-10T23:00,2025-06-10,23,27.37,26.78,26.31,27.68,26.28,26.03,28.68,27.74,28.43,28.3
2025-06-11T00:00,2025-06-11,0,27.08,26.52,26.2,27.28,25.69,25.99,28.33,27.5,28.11,28.02
2025-06-11T01:00,2025-06-11,1,26.84,26.32,26.04,26.99,25.53,25.89,28.05,27.4,27.7,27.67
2025-06-11T02:00,2025-06-11,2,26.59,26.19,25.82,26.78,25.27,25.7,27.8,27.24,27.15,27.27
2025-06-11T03:00,2025-06-11,3,26.38,26.06,25.66,26.51,25.24,25.63,27.53,26.86,26.82,26.98
2025-06-11T04:00,2025-06-11,4,26.24,26.0,25.62,26.41,25.18,25.6,27.27,26.68,26.53,26.7
2025-06-11T05:00,2025-06-11,5,26.11,25.92,25.54,26.24,25.16,25.51,27.11,26.6,26.31,26.45
2025-06-11T06:00,2025-06-11,6,26.46,26.32,25.97,26.53,25.84,25.98,27.3,26.84,26.56,26.75
2025-06-11T07:00,2025-06-11,7,28.16,28.09,27.05,27.89,27.86,27.91,28.37,28.24,28.75,28.93
2025-06-11T08:00,2025-06-11,8,29.38,29.21,28.22,29.06,29.28,29.4,29.67,29.36,30.14,29.95
2025-06-11T09:00,2025-06-11,9,30.64,30.45,29.73,30.35,30.62,30.76,30.95,30.25,31.4,31.11
2025-06-11T10:00,2025-06-11,10,31.75,31.6,31.05,31.56,31.73,31.94,32.1,30.94,32.33,32.18
2025-06-11T11:00,2025-06-11,11,32.65,32.5,31.94,32.52,32.52,33.08,33.13,31.65,33.16,32.98
2025-06-11T12:00,2025-06-11,12,33.22,33.05,32.37,33.17,33.15,33.91,33.85,32.27,33.78,33.23
2025-06-11T13:00,2025-06-11,13,33.46,33.46,31.51,33.39,33.6,34.63,34.3,32.12,34.22,33.17
2025-06-11T14:00,2025-06-11,14,33.39,33.64,30.85,33.28,33.8,35.14,33.64,31.46,34.35,33.12
2025-06-11T15:00,2025-06-11,15,33.14,33.5,29.48,33.03,33.99,35.36,33.52,31.22,34.19,32.63
2025-06-11T16:00,2025-06-11,16,32.75,33.09,29.47,32.24,33.64,34.8,32.95,30.58,33.98,32.67
2025-06-11T17:00,2025-06-11,17,32.19,32.53,28.38,31.58,33.25,34.0,32.04,30.38,33.6,32.64
2025-06-11T18:00,2025-06-11,18,31.19,31.28,27.39,29.63,32.62,32.65,31.45,29.74,32.95,32.22
2025-06-11T19:00,2025-06-11,19,29.89,29.99,25.99,28.55,30.62,30.89,30.33,28.69,31.55,31.37
2025-06-11T20:00,2025-06-11,20,29.22,29.3,25.94,28.02,29.82,30.04,29.6,28.08,30.81,30.39
2025-06-11T21:00,2025-06-11,21,28.7,28.79,26.0,27.54,28.89,29.52,29.07,27.73,30.3,29.59
2025-06-11T22:00,2025-06-11,22,28.27,28.27,26.05,27.23,28.26,28.81,28.59,27.58,29.81,29.08
2025-06-11T23:00,2025-06-11,23,27.87,27.89,25.95,26.96,27.88,28.13,28.08,27.36,29.2,28.69
2025-06-12T00:00,2025-06-12,0,27.51,27.58,25.91,26.64,27.53,27.24,27.72,27.22,28.73,28.22
2025-06-12T01:00,2025-06-12,1,27.17,27.25,25.72,26.35,27.25,26.72,27.42,27.12,28.25,27.83
2025-06-12T02:00,2025-06-12,2,26.91,26.9,25.62,26.15,26.99,26.35,27.16,27.1,27.83,27.64
2025-06-12T03:00,2025-06-12,3,26.67,26.6,25.56,25.9,26.78,25.95,26.96,27.09,27.51,27.52
2025-06-12T04:00,2025-06-12,4,26.45,26.31,25.57,25.61,26.53,25.58,26.76,27.08,27.28,27.32
2025-06-12T05:00,2025-06-12,5,26.24,26.11,25.53,25.4,26.22,25.3,26.55,26.91,27.01,27.13
2025-06-12T06:00,2025-06-12,6,26.69,26.56,26.04,25.99,26.71,25.88,26.91,27.25,27.36,27.57
2025-06-12T07:00,2025-06-12,7,28.52,28.41,27.51,28.16,28.5,27.98,28.88,28.07,29.36,29.27
2025-06-12T08:00,2025-06-12,8,29.79,29.59,28.81,29.51,29.79,29.44,30.27,28.61,30.74,30.64
2025-06-12T09:00,2025-06-12,9,30.94,30.79,29.98,30.68,30.97,30.89,31.32,29.2,31.86,31.88
2025-06-12T10:00,2025-06-12,10,31.84,31.67,30.82,31.36,31.75,32.16,32.25,30.22,32.87,32.73
2025-06-12T11:00,2025-06-12,11,32.54,32.29,31.34,32.05,32.34,33.14,33.17,31.11,33.51,33.4
2025-06-12T12:00,2025-06-12,12,33.06,32.96,31.9,32.57,32.84,34.0,33.57,31.53,33.8,33.73
2025-06-12T13:00,2025-06-12,13,33.29,33.43,31.11,32.65,33.44,34.59,33.97,31.44,34.06,33.85
2025-06-12T14:00,2025-06-12,14,33.37,33.52,30.54,32.78,33.8,34.98,34.22,30.89,34.34,33.91
2025-06-12T15:00,2025-06-12,15,33.13,33.06,29.45,32.58,33.88,35.11,34.16,30.91,34.43,33.72
2025-06-12T16:00,2025-06-12,16,32.75,32.7,29.33,31.49,33.7,34.98,33.68,30.93,34.22,33.21
2025-06-12T17:00,2025-06-12,17,32.23,32.34,28.72,30.94,33.27,34.31,33.15,30.48,33.71,32.41
2025-06-12T18:00,2025-06-12,18,31.31,31.09,27.92,30.3,32.41,33.06,32.15,29.78,33.0,31.82
2025-06-12T19:00,2025-06-12,19,30.14,29.97,27.57,29.36,31.5,31.89,29.94,28.52,32.12,30.21
2025-06-12T20:00,2025-06-12,20,29.49,29.46,27.1,28.79,30.35,31.02,29.42,28.03,31.21,29.48
2025-06-12T21:00,2025-06-12,21,29.03,29.04,26.81,28.39,29.76,30.33,29.06,27.67,30.58,29.02
2025-06-12T22:00,2025-06-12,22,28.63,28.6,26.47,28.06,29.33,29.67,28.71,27.4,30.06,28.77
2025-06-12T23:00,2025-06-12,23,28.26,28.29,26.2,27.77,28.9,29.06,28.38,27.17,29.52,28.45
2025-06-13T00:00,2025-06-13,0,27.95,27.96,25.93,27.45,28.6,28.56,28.08,26.98,29.12,28.29
2025-06-13T01:00,2025-06-13,1,27.67,27.71,25.7,27.13,28.2,28.1,27.85,26.76,28.74,28.14
2025-06-13T02:00,2025-06-13,2,27.36,27.33,25.5,26.8,27.84,27.69,27.63,26.56,28.37,27.96
2025-06-13T03:00,2025-06-13,3,27.07,27.02,25.33,26.54,27.44,27.24,27.38,26.39,28.04,27.72
2025-06-13T04:00,2025-06-13,4,26.82,26.72,25.21,26.32,27.1,27.11,27.15,26.34,27.68,27.5
2025-06-13T05:00,2025-06-13,5,26.58,26.42,25.03,26.15,26.87,26.69,26.93,26.22,27.36,27.34
2025-06-13T06:00,2025-06-13,6,27.05,26.84,25.78,26.77,27.38,27.02,27.38,26.79,27.63,27.82
2025-06-13T07:00,2025-06-13,7,29.14,28.92,28.02,28.98,29.11,29.29,29.4,28.98,29.6,30.01
2025-06-13T08:00,2025-06-13,8,30.39,30.21,29.31,30.22,30.29,30.41,30.74,30.09,31.03,31.01
2025-06-13T09:00,2025-06-13,9,31.46,31.28,30.37,31.25,31.32,31.52,31.89,30.97,32.34,31.94
2025-06-13T10:00,2025-06-13,10,32.31,32.16,31.29,32.02,32.21,32.42,32.78,31.38,33.37,32.62
2025-06-13T11:00,2025-06-13,11,32.95,32.78,32.0,32.47,32.87,33.3,33.51,31.64,34.13,33.32
2025-06-13T12:00,2025-06-13,12,33.28,33.28,30.59,32.79,33.19,34.03,34.15,32.07,34.64,33.78
2025-06-13T13:00,2025-06-13,13,33.51,33.71,30.54,32.48,33.54,34.39,34.65,31.59,35.0,34.08
2025-06-13T14:00,2025-06-13,14,33.78,33.78,31.39,32.8,33.84,34.87,34.76,32.07,35.17,34.31
2025-06-13T15:00,2025-06-13,15,33.62,33.69,30.91,32.28,33.93,34.98,34.42,31.86,35.17,34.33
2025-06-13T16:00,2025-06-13,16,33.27,33.49,30.15,31.98,33.63,35.0,33.55,31.58,34.79,34.16
2025-06-13T17:00,2025-06-13,17,32.8,33.01,29.51,31.53,33.38,34.48,33.09,30.91,34.4,33.7
2025-06-13T18:00,2025-06-13,18,31.93,32.04,28.6,30.85,32.64,32.98,32.09,30.17,33.66,33.15
2025-06-13T19:00,2025-06-13,19,31.07,31.01,27.99,30.28,31.77,32.05,31.38,29.38,32.81,32.0
2025-06-13T20:00,2025-06-13,20,30.4,30.44,27.54,29.7,30.9,31.37,30.75,28.97,31.94,30.96
2025-06-13T21:00,2025-06-13,21,29.82,29.85,27.0,29.14,30.21,30.88,30.2,28.61,31.26,30.41
2025-06-13T22:00,2025-06-13,22,29.29,29.37,26.44,28.84,29.8,29.31,29.68,28.24,30.75,29.97
2025-06-13T23:00,2025-06-13,23,28.82,28.94,26.24,28.28,29.62,27.49,29.16,27.95,30.36,29.76
2025-06-14T00:00,2025-06-14,0,28.41,28.41,25.91,27.84,29.26,27.21,28.77,27.71,29.85,29.51
2025-06-14T01:00,2025-06-14,1,28.05,28.06,25.8,27.48,28.68,26.9,28.48,27.62,29.37,28.99
2025-06-14T02:00,2025-06-14,2,27.73,27.77,25.62,27.25,28.13,26.59,28.29,27.47,28.91,28.48
2025-06-14T03:00,2025-06-14,3,27.48,27.57,25.57,27.08,27.64,26.36,28.08,27.21,28.54,28.17
2025-06-14T04:00,2025-06-14,4,27.26,27.33,25.43,26.92,27.24,26.28,27.89,26.99,28.28,27.9
2025-06-14T05:00,2025-06-14,5,27.04,27.08,25.29,26.78,26.84,26.07,27.68,26.96,28.03,27.65
2025-06-14T06:00,2025-06-14,6,27.2,27.32,25.42,26.99,26.45,25.66,27.97,27.28,28.22,28.04
2025-06-14T07:00,2025-06-14,7,28.48,28.63,26.96,27.18,26.71,26.66,29.46,27.66,30.4,30.4
2025-06-14T08:00,2025-06-14,8,29.07,28.56,27.58,28.38,27.14,27.33,30.71,27.94,31.85,30.5
2025-06-14T09:00,2025-06-14,9,29.85,28.5,28.61,29.76,27.41,27.98,31.95,29.47,33.08,31.61
2025-06-14T10:00,2025-06-14,10,30.58,29.67,29.6,30.87,27.99,28.97,32.94,30.57,32.47,31.62
2025-06-14T11:00,2025-06-14,11,31.37,30.61,30.65,31.74,29.38,29.31,33.68,31.58,32.47,32.45
2025-06-14T12:00,2025-06-14,12,32.14,31.56,31.36,32.12,30.71,30.41,34.26,32.07,33.13,33.18
2025-06-14T13:00,2025-06-14,13,32.43,32.33,30.1,31.86,31.72,31.51,34.38,32.2,33.63,33.07
2025-06-14T14:00,2025-06-14,14,32.62,32.69,30.16,32.2,32.16,32.11,34.45,31.32,33.59,33.28
2025-06-14T15:00,2025-06-14,15,32.49,32.78,30.15,31.89,32.29,32.62,33.42,30.06,33.77,33.19
2025-06-14T16:00,2025-06-14,16,32.25,32.76,29.73,31.81,32.28,32.68,33.34,30.03,33.46,31.86
2025-06-14T17:00,2025-06-14,17,31.81,32.13,28.6,31.24,32.07,32.53,33.14,30.08,33.33,31.35
2025-06-14T18:00,2025-06-14,18,30.98,31.08,27.78,30.39,31.38,31.55,32.49,29.67,32.75,30.35
2025-06-14T19:00,2025-06-14,19,29.99,29.87,27.95,29.07,28.98,30.27,31.2,28.97,32.01,30.49
2025-06-14T20:00,2025-06-14,20,29.41,29.33,27.37,28.49,28.57,29.34,30.66,28.7,31.39,29.78
2025-06-14T21:00,2025-06-14,21,28.96,28.99,26.9,28.15,28.29,28.45,30.1,28.34,30.79,29.25
2025-06-14T22:00,2025-06-14,22,28.62,28.64,26.67,27.97,28.2,27.78,29.66,28.19,30.3,28.88
2025-06-14T23:00,2025-06-14,23,28.3,28.34,26.47,27.79,28.07,26.89,29.36,28.02,29.86,28.51
2025-06-15T00:00,2025-06-15,0,27.94,28.05,26.11,27.41,27.81,26.16,29.01,27.68,29.5,28.14
2025-06-15T01:00,2025-06-15,1,27.5,27.71,25.97,26.97,27.04,25.81,28.68,27.37,29.05,27.27
2025-06-15T02:00,2025-06-15,2,27.13,27.42,25.87,26.46,26.33,25.62,28.33,26.37,28.67,27.12
2025-06-15T03:00,2025-06-15,3,26.74,26.99,25.76,26.23,25.83,25.41,27.77,25.94,28.3,26.52
2025-06-15T04:00,2025-06-15,4,26.38,26.53,25.63,25.9,25.61,25.25,27.18,25.87,27.99,25.98
2025-06-15T05:00,2025-06-15,5,26.1,26.14,25.45,25.78,25.37,25.12,26.96,25.85,27.66,25.42
2025-06-15T06:00,2025-06-15,6,26.19,26.27,25.93,26.09,25.43,25.13,26.98,26.1,27.41,25.3
2025-06-15T07:00,2025-06-15,7,27.25,27.63,25.93,26.55,26.51,25.81,28.46,26.58,29.0,26.68
2025-06-15T08:00,2025-06-15,8,27.71,28.1,26.19,26.67,27.19,26.6,28.92,26.8,29.45,27.45
2025-06-15T09:00,2025-06-15,9,28.62,29.07,27.01,26.93,28.74,27.64,29.39,27.41,30.57,28.82
2025-06-15T10:00,2025-06-15,10,29.57,29.86,27.85,27.8,29.29,29.02,30.59,28.47,31.55,29.96
2025-06-15T11:00,2025-06-15,11,30.3,30.56,28.41,28.16,30.3,30.89,30.75,29.04,32.3,31.03
2025-06-15T12:00,2025-06-15,12,31.07,31.1,29.31,28.78,31.09,32.01,31.97,29.38,33.09,31.99
2025-06-15T13:00,2025-06-15,13,31.47,31.61,29.63,29.36,31.86,32.39,32.28,28.67,33.46,32.41
2025-06-15T14:00,2025-06-15,14,30.79,30.75,30.0,29.76,32.17,31.98,29.81,28.39,32.57,31.11
2025-06-15T15:00,2025-06-15,15,30.36,30.51,28.87,29.68,31.88,30.84,29.11,29.45,31.5,30.99
2025-06-15T16:00,2025-06-15,16,30.14,30.64,28.49,29.13,31.15,30.37,29.21,29.67,30.65,30.99
2025-06-15T17:00,2025-06-15,17,29.57,29.53,28.29,28.7,29.85,30.18,29.41,29.43,30.59,30.13
2025-06-15T18:00,2025-06-15,18,29.09,28.81,27.85,28.16,29.55,29.79,29.24,28.83,30.16,29.8
2025-06-15T19:00,2025-06-15,19,28.5,28.5,27.18,27.46,29.07,28.44,28.63,27.61,30.25,28.68
2025-06-15T20:00,2025-06-15,20,28.06,28.01,26.95,27.21,28.58,28.0,28.33,27.32,29.6,28.01
2025-06-15T21:00,2025-06-15,21,27.78,27.67,26.78,27.03,28.29,27.76,28.06,27.29,29.19,27.68
2025-06-15T22:00,2025-06-15,22,27.52,27.27,26.66,26.99,27.93,27.25,27.91,27.34,28.91,27.4
2025-06-15T23:00,2025-06-15,23,27.24,27.08,26.41,26.74,27.61,26.47,27.68,27.11,28.62,27.14
2025-06-16T00:00,2025-06-16,0,26.92,26.78,26.19,26.63,26.97,26.22,27.37,26.82,28.14,26.76
2025-06-16T01:00,2025-06-16,1,26.61,26.57,26.07,26.32,26.55,26.05,27.15,26.56,27.38,26.45
2025-06-16T02:00,2025-06-16,2,26.42,26.45,25.96,26.12,26.42,25.9,26.97,26.62,26.99,26.04
2025-06-16T03:00,2025-06-16,3,26.16,26.17,25.67,25.74,26.27,25.78,26.77,26.38,26.69,25.83
2025-06-16T04:00,2025-06-16,4,26.05,26.09,25.5,25.59,26.06,25.68,26.64,26.26,26.62,25.75
2025-06-16T05:00,2025-06-16,5,25.95,25.95,25.44,25.56,25.91,25.64,26.49,26.3,26.42,25.71
2025-06-16T06:00,2025-06-16,6,26.08,26.03,25.8,25.8,26.01,25.81,26.66,26.34,26.46,25.8
2025-06-16T07:00,2025-06-16,7,27.35,27.22,27.39,27.08,27.45,26.42,27.98,27.38,28.16,26.9
2025-06-16T08:00,2025-06-16,8,28.24,28.28,28.02,27.92,28.05,26.89,29.0,27.98,29.26,27.88
2025-06-16T09:00,2025-06-16,9,29.16,29.48,28.55,28.6,28.32,27.31,29.83,29.02,30.38,29.26
2025-06-16T10:00,2025-06-16,10,30.16,30.6,29.79,28.99,28.86,28.92,30.58,30.02,31.51,30.4
2025-06-16T11:00,2025-06-16,11,30.34,30.33,28.49,29.02,29.14,30.64,31.02,29.39,32.34,31.51
2025-06-16T12:00,2025-06-16,12,30.35,29.28,29.3,29.39,30.53,31.32,31.38,29.44,31.94,31.88
2025-06-16T13:00,2025-06-16,13,30.4,29.86,28.94,29.48,31.15,31.71,29.92,30.4,31.78,31.53
2025-06-16T14:00,2025-06-16,14,30.26,30.22,28.28,29.31,31.25,32.4,29.59,29.44,31.0,31.19
2025-06-16T15:00,2025-06-16,15,30.29,30.39,27.79,29.5,30.52,32.5,29.99,28.73,31.43,31.18
2025-06-16T16:00,2025-06-16,16,29.79,29.7,27.3,29.2,30.39,30.69,29.48,28.62,31.59,30.56
2025-06-16T17:00,2025-06-16,17,29.17,29.32,26.72,28.77,28.92,28.38,29.12,28.49,31.0,30.17
2025-06-16T18:00,2025-06-16,18,28.5,28.6,26.14,28.01,28.45,27.65,28.61,27.74,30.25,29.46
2025-06-16T19:00,2025-06-16,19,27.96,27.65,26.13,27.16,28.36,27.54,28.75,27.59,29.4,28.8
2025-06-16T20:00,2025-06-16,20,27.56,27.42,25.87,26.8,27.62,27.39,28.1,27.38,28.87,28.25
2025-06-16T21:00,2025-06-16,21,27.25,27.16,25.9,26.63,27.18,27.22,27.51,27.25,28.28,27.9
2025-06-16T22:00,2025-06-16,22,26.94,26.87,25.89,26.63,27.01,26.83,27.29,26.37,27.62,27.49
2025-06-16T23:00,2025-06-16,23,26.69,26.75,25.78,26.24,26.8,26.63,26.93,26.01,27.34,27.12
2025-06-17T00:00,2025-06-17,0,26.42,26.6,25.47,25.82,26.55,26.52,26.55,25.77,27.01,26.79
2025-06-17T01:00,2025-06-17,1,26.19,26.29,25.18,25.49,26.33,26.36,26.32,25.71,26.88,26.65
2025-06-17T02:00,2025-06-17,2,26.0,26.01,25.2,25.45,26.01,26.1,26.09,25.52,26.75,26.43
2025-06-17T03:00,2025-06-17,3,25.84,25.72,24.96,25.34,25.93,25.94,26.05,25.58,26.62,26.27
2025-06-17T04:00,2025-06-17,4,25.76,25.61,25.01,25.38,25.76,25.79,25.9,25.73,26.46,26.18
2025-06-17T05:00,2025-06-17,5,25.61,25.48,24.87,25.25,25.69,25.57,25.76,25.61,26.22,26.06
2025-06-17T06:00,2025-06-17,6,25.7,25.57,24.89,25.29,25.79,25.85,25.76,25.9,26.26,26.2
2025-06-17T07:00,2025-06-17,7,26.94,27.02,25.52,26.62,26.88,27.62,27.15,26.98,27.31,27.18
2025-06-17T08:00,2025-06-17,8,27.56,27.61,26.09,27.04,27.86,28.83,27.23,27.19,28.34,27.77
2025-06-17T09:00,2025-06-17,9,28.33,28.5,26.6,27.66,28.91,30.0,27.44,27.47,29.53,28.46
2025-06-17T10:00,2025-06-17,10,28.92,29.28,27.0,28.3,28.83,30.64,28.04,27.7,30.19,29.25
2025-06-17T11:00,2025-06-17,11,29.36,29.53,27.19,28.39,30.37,31.61,28.04,29.06,30.02,30.33
2025-06-17T12:00,2025-06-17,12,29.73,29.71,27.86,28.8,31.07,31.16,28.21,29.47,30.67,31.09
2025-06-17T13:00,2025-06-17,13,29.88,29.98,28.14,28.41,30.78,31.21,29.04,28.19,31.2,31.42
2025-06-17T14:00,2025-06-17,14,29.8,29.91,28.95,28.8,30.65,29.51,28.64,27.88,30.93,31.82
2025-06-17T15:00,2025-06-17,15,29.15,28.74,27.87,29.25,29.67,28.83,27.72,28.41,30.23,31.5
2025-06-17T16:00,2025-06-17,16,28.7,28.59,27.1,28.61,28.56,29.34,27.62,27.95,29.04,31.1
2025-06-17T17:00,2025-06-17,17,28.25,28.34,26.23,28.21,28.07,29.25,27.4,27.67,28.4,30.19
2025-06-17T18:00,2025-06-17,18,27.68,27.84,25.86,27.92,27.77,27.75,27.15,27.63,27.81,28.75
2025-06-17T19:00,2025-06-17,19,27.45,27.59,25.68,26.84,27.83,27.31,26.95,26.75,28.56,28.58
2025-06-17T20:00,2025-06-17,20,27.07,27.16,25.53,26.55,27.39,26.92,26.72,26.67,27.98,28.0
2025-06-17T21:00,2025-06-17,21,26.75,26.79,25.31,26.45,26.88,26.46,26.48,26.35,27.66,27.68
2025-06-17T22:00,2025-06-17,22,26.48,26.55,25.32,26.16,26.4,26.39,26.17,25.97,27.29,27.36
2025-06-17T23:00,2025-06-17,23,26.23,26.35,24.96,25.76,26.29,26.37,25.91,25.68,27.01,27.03
2025-06-18T00:00,2025-06-18,0,25.99,26.14,24.77,25.52,26.03,26.27,25.72,25.53,26.67,26.65
2025-06-18T01:00,2025-06-18,1,25.8,25.9,24.64,25.39,25.9,25.93,25.53,25.6,26.53,26.31
2025-06-18T02:00,2025-06-18,2,25.59,25.55,24.64,25.3,25.73,25.66,25.45,25.45,26.26,26.05
2025-06-18T03:00,2025-06-18,3,25.49,25.48,24.55,25.17,25.71,25.49,25.44,25.54,26.04,25.89
2025-06-18T04:00,2025-06-18,4,25.41,25.37,24.52,25.16,25.63,25.42,25.41,25.61,25.82,25.78
2025-06-18T05:00,2025-06-18,5,25.36,25.33,24.54,25.14,25.54,25.35,25.41,25.59,25.68,25.66
2025-06-18T06:00,2025-06-18,6,25.46,25.4,24.7,25.31,25.6,25.57,25.47,25.54,25.8,25.83
2025-06-18T07:00,2025-06-18,7,26.47,26.8,25.46,26.25,26.42,26.26,26.68,26.34,26.48,26.65
2025-06-18T08:00,2025-06-18,8,26.82,27.29,25.48,26.35,26.86,26.64,26.94,26.75,26.83,27.21
2025-06-18T09:00,2025-06-18,9,27.24,27.81,25.74,26.43,27.29,27.31,27.0,26.9,27.43,27.98
2025-06-18T10:00,2025-06-18,10,27.69,28.75,25.69,26.64,27.05,27.89,27.03,26.93,28.05,28.68
2025-06-18T11:00,2025-06-18,11,28.18,29.37,25.64,26.91,27.84,29.24,27.11,27.02,28.77,29.18
2025-06-18T12:00,2025-06-18,12,28.2,28.81,25.84,26.79,29.44,29.71,27.12,26.94,28.99,29.11
2025-06-18T13:00,2025-06-18,13,27.98,28.37,26.18,26.73,28.64,28.34,27.55,27.15,29.23,28.53
2025-06-18T14:00,2025-06-18,14,28.24,28.49,26.14,27.14,28.64,29.24,27.67,27.71,29.27,29.25
2025-06-18T15:00,2025-06-18,15,28.2,28.17,26.33,26.94,29.2,29.33,27.68,27.05,28.97,29.96
2025-06-18T16:00,2025-06-18,16,27.95,28.03,25.76,26.54,29.07,28.39,27.8,26.9,28.6,29.97
2025-06-18T17:00,2025-06-18,17,27.44,27.39,25.9,26.16,28.58,27.83,27.64,26.19,28.51,28.43
2025-06-18T18:00,2025-06-18,18,26.98,26.86,25.58,25.92,27.9,27.1,27.23,26.2,27.86,28.04
2025-06-18T19:00,2025-06-18,19,26.66,26.77,25.33,25.85,27.04,27.27,26.39,26.41,27.27,27.34
2025-06-18T20:00,2025-06-18,20,26.31,26.35,25.33,25.72,26.51,26.49,26.39,26.1,26.8,26.87
2025-06-18T21:00,2025-06-18,21,26.11,26.2,25.45,25.49,25.94,26.25,26.23,26.15,26.44,26.65
2025-06-18T22:00,2025-06-18,22,26.02,26.14,25.09,25.56,25.97,25.95,26.17,26.2,26.18,26.59
2025-06-18T23:00,2025-06-18,23,25.88,26.02,25.03,25.26,25.76,25.68,26.3,26.14,26.06,26.39
2025-06-19T00:00,2025-06-19,0,25.84,25.88,25.1,25.07,25.72,25.54,26.53,26.78,25.93,26.2
2025-06-19T01:00,2025-06-19,1,25.83,25.91,24.92,25.33,25.63,25.36,26.53,27.25,25.74,26.02
2025-06-19T02:00,2025-06-19,2,25.81,25.91,24.7,25.56,25.24,25.18,26.77,27.51,25.74,25.75
2025-06-19T03:00,2025-06-19,3,25.76,25.93,24.16,25.79,25.06,25.08,26.85,27.42,25.76,25.57
2025-06-19T04:00,2025-06-19,4,25.75,25.94,23.85,25.98,25.07,24.93,26.85,27.62,25.8,25.44
2025-06-19T05:00,2025-06-19,5,25.76,26.13,23.87,26.15,25.13,24.73,26.32,27.51,25.81,25.4
2025-06-19T06:00,2025-06-19,6,25.86,26.43,23.83,26.5,25.32,25.03,26.16,26.6,25.91,25.46
2025-06-19T07:00,2025-06-19,7,26.83,27.59,25.43,27.1,26.72,26.53,26.96,27.54,26.32,26.08
2025-06-19T08:00,2025-06-19,8,27.51,28.68,25.42,27.44,26.85,27.46,27.81,28.99,26.91,26.38
2025-06-19T09:00,2025-06-19,9,28.39,29.47,25.72,28.99,28.12,28.15,28.81,30.0,27.38,27.38
2025-06-19T10:00,2025-06-19,10,29.48,30.42,27.27,30.3,29.4,29.38,30.39,30.94,27.39,28.8
2025-06-19T11:00,2025-06-19,11,30.36,31.37,28.74,30.97,30.34,29.84,31.68,31.36,28.31,29.28
2025-06-19T12:00,2025-06-19,12,30.89,32.27,29.28,30.47,31.22,31.32,32.17,30.81,29.01,29.56
2025-06-19T13:00,2025-06-19,13,30.86,32.46,28.96,29.14,32.09,32.09,31.27,30.12,29.81,29.74
2025-06-19T14:00,2025-06-19,14,30.84,32.08,28.66,29.59,32.17,32.42,30.58,30.54,30.06,30.14
2025-06-19T15:00,2025-06-19,15,30.42,31.53,28.74,29.82,31.95,32.03,29.88,29.31,29.54,29.63
2025-06-19T16:00,2025-06-19,16,29.99,31.01,27.69,29.92,31.61,31.09,30.03,29.04,28.88,29.19
2025-06-19T17:00,2025-06-19,17,29.26,30.25,27.43,29.34,30.45,30.45,28.74,28.06,28.3,28.73
2025-06-19T18:00,2025-06-19,18,28.26,28.96,26.78,28.56,29.81,28.1,27.77,27.79,27.27,28.21
2025-06-19T19:00,2025-06-19,19,27.2,27.96,25.9,27.0,27.32,27.01,27.46,27.08,26.45,27.25
2025-06-19T20:00,2025-06-19,20,26.83,27.53,25.65,26.58,27.0,26.57,26.81,26.86,26.35,26.85
2025-06-19T21:00,2025-06-19,21,26.58,27.22,25.24,26.43,26.98,26.24,26.42,26.64,26.33,26.54
2025-06-19T22:00,2025-06-19,22,26.41,26.94,25.24,26.17,26.83,26.14,26.41,26.5,26.24,26.33
2025-06-19T23:00,2025-06-19,23,26.31,26.77,25.1,26.18,26.51,26.11,26.38,26.51,26.21,26.12
2025-06-20T00:00,2025-06-20,0,26.19,26.69,24.88,26.15,26.28,25.85,26.35,26.39,26.12,25.98
2025-06-20T01:00,2025-06-20,1,26.08,26.59,24.54,25.94,26.31,25.81,26.35,26.38,25.96,25.92
2025-06-20T02:00,2025-06-20,2,25.96,26.42,24.38,25.69,26.17,25.74,26.43,26.31,25.81,25.83
2025-06-20T03:00,2025-06-20,3,25.78,26.14,24.32,25.1,26.05,25.64,26.39,26.34,25.74,25.81
2025-06-20T04:00,2025-06-20,4,25.67,26.01,24.27,25.18,25.98,25.45,26.1,26.29,25.64,25.64
2025-06-20T05:00,2025-06-20,5,25.53,25.79,24.08,24.99,25.59,25.28,26.06,26.19,25.67,25.64
2025-06-20T06:00,2025-06-20,6,25.62,25.96,24.29,25.26,25.31,25.31,26.07,26.19,25.87,25.62
2025-06-20T07:00,2025-06-20,7,26.6,26.38,25.89,26.26,26.17,26.76,27.29,27.38,27.18,26.54
2025-06-20T08:00,2025-06-20,8,27.05,27.04,25.53,27.0,26.61,27.42,27.61,27.11,27.98,26.77
2025-06-20T09:00,2025-06-20,9,27.67,27.99,26.56,27.62,27.42,28.23,27.77,27.16,28.11,27.29
2025-06-20T10:00,2025-06-20,10,28.36,28.92,26.63,28.25,28.38,29.12,28.28,26.54,28.66,28.65
2025-06-20T11:00,2025-06-20,11,28.66,28.73,26.0,27.84,29.83,30.27,29.25,26.73,29.47,29.17
2025-06-20T12:00,2025-06-20,12,28.9,28.1,26.01,28.72,30.53,30.35,30.18,27.13,29.81,29.96
2025-06-20T13:00,2025-06-20,13,28.98,27.83,27.01,28.04,30.08,29.64,30.75,27.72,30.19,30.79
2025-06-20T14:00,2025-06-20,14,28.79,28.18,26.17,27.66,28.24,30.55,29.38,28.07,30.26,31.02
2025-06-20T15:00,2025-06-20,15,29.05,28.64,26.61,28.12,28.63,31.18,29.36,28.37,30.29,30.62
2025-06-20T16:00,2025-06-20,16,29.01,28.72,26.83,28.75,29.45,30.16,29.98,28.99,29.19,29.55
2025-06-20T17:00,2025-06-20,17,28.74,28.84,26.84,28.5,28.96,28.41,29.97,29.26,28.55,29.07
2025-06-20T18:00,2025-06-20,18,28.33,28.56,26.19,28.18,28.52,27.67,29.52,28.89,28.01,28.75
2025-06-20T19:00,2025-06-20,19,27.33,27.24,26.03,27.0,27.68,28.05,28.25,27.42,27.33,27.29
2025-06-20T20:00,2025-06-20,20,26.91,26.82,25.45,26.47,27.32,27.05,27.95,27.37,27.01,27.01
2025-06-20T21:00,2025-06-20,21,26.71,26.64,25.2,26.49,26.78,26.76,27.75,27.4,26.76,26.77
2025-06-20T22:00,2025-06-20,22,26.52,26.43,25.08,26.51,26.59,26.64,27.5,27.3,26.49,26.46
2025-06-20T23:00,2025-06-20,23,26.31,26.27,25.04,26.29,26.13,26.43,27.17,27.22,26.34,26.09
2025-06-21T00:00,2025-06-21,0,26.1,26.12,25.01,26.15,25.67,26.45,26.98,27.05,25.94,25.7
2025-06-21T01:00,2025-06-21,1,25.87,25.91,25.08,25.67,25.45,26.24,26.83,26.62,25.78,25.46
2025-06-21T02:00,2025-06-21,2,25.68,25.68,24.92,25.5,25.14,26.11,26.57,26.33,25.63,25.46
2025-06-21T03:00,2025-06-21,3,25.51,25.47,24.86,25.29,25.0,25.99,26.35,26.14,25.48,25.32
2025-06-21T04:00,2025-06-21,4,25.35,25.2,24.79,25.01,25.03,25.81,26.12,26.23,25.4,25.21
2025-06-21T05:00,2025-06-21,5,25.27,25.16,24.73,24.87,24.97,25.55,25.84,26.28,25.39,25.19
2025-06-21T06:00,2025-06-21,6,25.34,25.18,24.83,24.89,25.17,25.52,25.84,26.43,25.48,25.39
2025-06-21T07:00,2025-06-21,7,26.8,26.94,25.31,26.12,26.86,27.01,27.63,26.67,27.26,26.88
2025-06-21T08:00,2025-06-21,8,27.61,27.54,26.61,26.31,27.41,27.41,29.04,27.34,28.36,28.2
2025-06-21T09:00,2025-06-21,9,28.63,28.49,27.79,26.76,28.23,28.48,30.53,27.06,29.87,29.57
2025-06-21T10:00,2025-06-21,10,29.55,29.56,28.6,27.45,29.02,29.17,31.57,27.65,31.0,30.56
2025-06-21T11:00,2025-06-21,11,30.15,30.43,28.16,28.65,28.66,29.64,32.33,28.04,31.86,30.98
2025-06-21T12:00,2025-06-21,12,30.36,30.03,28.13,29.72,29.94,30.33,32.44,28.47,32.22,30.79
2025-06-21T13:00,2025-06-21,13,30.57,29.85,28.86,30.64,31.09,29.86,31.76,29.91,32.38,30.79
2025-06-21T14:00,2025-06-21,14,31.07,31.11,29.03,31.19,31.33,29.96,31.43,30.52,32.6,31.16
2025-06-21T15:00,2025-06-21,15,31.19,31.58,29.56,30.99,31.15,30.23,30.83,30.7,32.78,31.15
2025-06-21T16:00,2025-06-21,16,30.82,31.29,29.02,30.89,30.36,28.6,31.01,30.09,32.44,31.04
2025-06-21T17:00,2025-06-21,17,30.29,30.87,28.64,30.33,29.8,28.24,30.81,29.78,30.85,30.83
2025-06-21T18:00,2025-06-21,18,29.55,30.04,27.93,29.44,29.14,28.21,30.27,29.16,29.76,30.14
2025-06-21T19:00,2025-06-21,19,28.25,28.26,27.34,27.97,27.82,27.44,28.41,28.14,29.02,29.04
2025-06-21T20:00,2025-06-21,20,27.84,27.91,26.93,27.6,27.53,27.21,28.01,27.76,28.47,28.38
2025-06-21T21:00,2025-06-21,21,27.6,27.75,26.7,27.34,27.41,27.06,27.78,27.49,28.13,28.02
2025-06-21T22:00,2025-06-21,22,27.37,27.49,26.45,27.14,27.17,26.81,27.57,27.35,27.9,27.72
2025-06-21T23:00,2025-06-21,23,27.14,27.32,26.17,27.09,26.75,26.43,27.33,27.34,27.63,27.42
2025-06-22T00:00,2025-06-22,0,26.87,27.09,25.91,26.9,26.06,26.0,27.16,27.16,27.37,27.13
2025-06-22T01:00,2025-06-22,1,26.66,26.94,25.69,26.75,25.67,25.9,27.07,26.99,27.04,26.78
2025-06-22T02:00,2025-06-22,2,26.5,26.89,25.46,26.62,25.26,25.98,26.83,26.87,26.82,26.5
2025-06-22T03:00,2025-06-22,3,26.28,26.71,25.25,26.47,25.17,25.86,26.48,26.69,26.63,26.06
2025-06-22T04:00,2025-06-22,4,26.17,26.56,25.16,26.31,25.16,25.82,26.49,26.64,26.49,25.82
2025-06-22T05:00,2025-06-22,5,26.0,26.37,24.99,26.2,25.02,25.81,26.35,26.33,26.25,25.67
2025-06-22T06:00,2025-06-22,6,26.19,26.45,25.49,26.48,25.2,26.07,26.42,26.72,26.49,25.62
2025-06-22T07:00,2025-06-22,7,27.33,27.47,27.54,27.54,26.89,27.34,27.06,27.17,27.46,27.12
2025-06-22T08:00,2025-06-22,8,28.19,28.13,28.57,28.73,27.96,28.57,27.29,27.69,28.64,28.0
2025-06-22T09:00,2025-06-22,9,29.25,29.28,29.76,29.7,28.8,29.65,28.27,28.67,29.94,28.78
2025-06-22T10:00,2025-06-22,10,30.19,30.07,30.62,30.37,30.0,30.72,30.07,29.35,30.93,29.43
2025-06-22T11:00,2025-06-22,11,30.89,30.98,29.66,30.88,30.44,31.68,31.27,30.16,31.79,30.42
2025-06-22T12:00,2025-06-22,12,31.35,31.73,29.66,31.22,30.29,31.16,32.1,31.22,32.28,30.97
2025-06-22T13:00,2025-06-22,13,31.48,31.82,30.29,31.57,30.58,31.32,32.46,30.48,31.98,31.12
2025-06-22T14:00,2025-06-22,14,31.56,32.12,30.07,31.77,31.3,31.03,31.81,31.1,31.75,31.34
2025-06-22T15:00,2025-06-22,15,31.35,31.73,30.23,31.71,31.28,30.95,31.35,31.18,31.27,31.36
2025-06-22T16:00,2025-06-22,16,30.78,31.23,29.7,31.23,30.77,30.45,30.6,30.28,31.22,30.13
2025-06-22T17:00,2025-06-22,17,29.89,30.02,28.94,30.23,30.13,29.92,29.24,29.22,30.69,29.82
2025-06-22T18:00,2025-06-22,18,29.11,29.08,28.12,29.41,29.56,29.5,28.33,28.1,29.81,29.61
2025-06-22T19:00,2025-06-22,19,28.97,29.33,27.64,29.12,29.63,29.85,28.16,28.69,29.13,28.73
2025-06-22T20:00,2025-06-22,20,28.37,28.77,27.32,28.55,28.76,28.83,27.88,28.09,28.24,28.24
2025-06-22T21:00,2025-06-22,21,27.94,28.46,26.92,28.11,28.29,27.57,27.77,27.65,27.67,27.87
2025-06-22T22:00,2025-06-22,22,27.53,28.09,26.7,27.71,27.36,26.96,27.49,27.33,27.41,27.37
2025-06-22T23:00,2025-06-22,23,27.11,27.67,26.45,27.42,26.06,26.52,27.23,27.06,27.13,26.84
2025-06-23T00:00,2025-06-23,0,26.83,27.33,26.2,27.09,25.87,26.3,27.03,26.87,26.87,26.54
2025-06-23T01:00,2025-06-23,1,26.57,26.94,26.03,26.82,25.74,25.87,26.86,26.76,26.74,26.19
2025-06-23T02:00,2025-06-23,2,26.35,26.69,25.83,26.62,25.55,25.47,26.62,26.61,26.55,26.06
2025-06-23T03:00,2025-06-23,3,26.18,26.46,25.73,26.4,25.38,25.39,26.55,26.5,26.35,25.87
2025-06-23T04:00,2025-06-23,4,26.04,26.37,25.64,26.18,25.27,25.32,26.27,26.44,26.18,25.75
2025-06-23T05:00,2025-06-23,5,25.95,26.2,25.56,26.11,25.44,25.15,26.19,26.42,26.08,25.68
2025-06-23T06:00,2025-06-23,6,26.14,26.4,25.95,26.25,25.8,25.33,26.34,26.78,26.1,25.74
2025-06-23T07:00,2025-06-23,7,27.18,27.39,27.22,27.03,26.37,26.14,27.35,28.17,27.21,27.34
2025-06-23T08:00,2025-06-23,8,28.09,28.22,27.99,28.05,27.43,26.48,28.54,29.37,28.09,28.26
2025-06-23T09:00,2025-06-23,9,29.09,29.24,28.49,28.93,28.86,27.47,29.73,29.98,29.14,29.43
2025-06-23T10:00,2025-06-23,10,29.95,30.19,29.21,29.44,29.78,28.58,30.95,29.98,30.14,30.29
2025-06-23T11:00,2025-06-23,11,30.51,30.89,30.25,29.29,30.65,29.34,31.71,30.02,30.58,30.77
2025-06-23T12:00,2025-06-23,12,30.47,31.3,30.51,28.46,30.52,30.03,31.39,29.28,30.53,30.47
2025-06-23T13:00,2025-06-23,13,30.49,30.77,28.84,29.3,31.2,30.48,31.72,29.92,30.87,30.59
2025-06-23T14:00,2025-06-23,14,30.63,30.89,28.64,30.15,31.09,30.22,31.93,30.82,30.85,30.32
2025-06-23T15:00,2025-06-23,15,30.65,30.98,28.63,30.24,31.03,30.39,31.56,30.14,31.2,30.55
2025-06-23T16:00,2025-06-23,16,30.41,30.89,28.39,30.09,29.96,30.09,31.32,29.89,31.17,30.16
2025-06-23T17:00,2025-06-23,17,29.86,30.46,27.81,29.59,29.43,29.58,30.63,29.56,30.31,29.57
2025-06-23T18:00,2025-06-23,18,29.06,29.66,27.23,28.86,28.94,28.41,30.06,28.87,28.87,29.03
2025-06-23T19:00,2025-06-23,19,28.74,29.31,27.93,28.69,27.91,27.79,29.49,28.62,28.81,28.41
2025-06-23T20:00,2025-06-23,20,28.12,28.9,27.4,28.22,27.3,27.24,28.95,28.2,27.92,27.11
2025-06-23T21:00,2025-06-23,21,27.64,28.35,26.99,27.91,26.72,26.68,28.52,27.88,27.41,26.55
2025-06-23T22:00,2025-06-23,22,27.26,27.92,26.85,27.58,25.96,26.29,28.16,27.64,27.03,26.23
2025-06-23T23:00,2025-06-23,23,27.0,27.54,26.65,27.38,25.74,26.07,27.86,27.64,26.77,26.02
2025-06-24T00:00,2025-06-24,0,26.75,27.26,26.34,27.13,25.68,25.77,27.54,27.55,26.54,25.8
2025-06-24T01:00,2025-06-24,1,26.5,26.98,26.07,26.87,25.57,25.66,27.27,27.29,26.27,25.52
2025-06-24T02:00,2025-06-24,2,26.28,26.73,25.88,26.63,25.49,25.55,26.99,27.12,26.08,25.2
2025-06-24T03:00,2025-06-24,3,26.11,26.54,25.67,26.44,25.47,25.03,26.81,27.02,25.95,25.09
2025-06-24T04:00,2025-06-24,4,25.99,26.4,25.51,26.32,25.35,24.88,26.61,26.89,25.95,25.06
2025-06-24T05:00,2025-06-24,5,25.89,26.3,25.55,26.03,25.12,24.71,26.55,26.78,26.0,24.94
2025-06-24T06:00,2025-06-24,6,26.06,26.51,25.8,26.22,25.18,24.88,26.72,27.02,26.14,25.01
2025-06-24T07:00,2025-06-24,7,27.42,27.68,27.73,27.62,26.93,26.78,27.79,27.81,27.69,26.14
2025-06-24T08:00,2025-06-24,8,28.36,28.7,28.89,28.72,27.71,27.58,28.92,28.6,28.54,26.71
2025-06-24T09:00,2025-06-24,9,29.3,29.74,29.89,29.17,28.74,29.17,30.09,29.45,29.5,27.24
2025-06-24T10:00,2025-06-24,10,30.18,30.57,30.8,29.59,29.91,30.57,31.08,30.21,30.46,28.02
2025-06-24T11:00,2025-06-24,11,30.84,31.2,31.52,30.52,30.74,31.39,32.01,29.36,31.31,28.44
2025-06-24T12:00,2025-06-24,12,31.28,31.62,31.53,31.03,31.58,32.27,32.04,29.92,31.89,28.89
2025-06-24T13:00,2025-06-24,13,31.27,31.21,30.27,31.31,32.42,32.85,31.55,30.67,32.25,29.27
2025-06-24T14:00,2025-06-24,14,31.24,31.26,29.73,30.98,32.64,33.0,31.13,30.7,32.37,29.6
2025-06-24T15:00,2025-06-24,15,30.78,30.62,29.05,31.11,31.37,32.65,30.79,30.27,31.95,29.51
2025-06-24T16:00,2025-06-24,16,30.31,29.92,29.46,30.55,30.85,30.21,31.08,30.22,31.25,29.55
2025-06-24T17:00,2025-06-24,17,29.64,29.43,29.11,29.81,30.02,28.75,30.13,29.69,30.52,29.18
2025-06-24T18:00,2025-06-24,18,28.95,28.87,28.37,29.13,29.31,28.55,29.08,29.14,29.36,28.74
2025-06-24T19:00,2025-06-24,19,28.88,28.91,28.43,29.09,29.03,28.77,29.03,28.66,28.84,28.87
2025-06-24T20:00,2025-06-24,20,28.23,27.95,28.15,28.49,28.63,28.37,28.26,28.1,28.33,28.27
2025-06-24T21:00,2025-06-24,21,27.62,27.21,27.71,27.44,28.35,28.07,27.55,27.52,27.75,27.96
2025-06-24T22:00,2025-06-24,22,27.18,27.1,27.35,26.54,27.76,27.28,27.29,27.35,27.04,27.46
2025-06-24T23:00,2025-06-24,23,26.91,26.99,27.1,26.56,26.94,26.72,27.13,27.32,26.67,26.9
2025-06-25T00:00,2025-06-25,0,26.64,26.72,26.96,26.47,26.43,26.24,26.97,27.14,26.44,26.38
2025-06-25T01:00,2025-06-25,1,26.4,26.54,26.87,26.43,26.0,26.04,26.71,26.97,26.06,25.9
2025-06-25T02:00,2025-06-25,2,26.2,26.29,26.68,26.45,25.72,25.71,26.56,26.77,25.97,25.62
2025-06-25T03:00,2025-06-25,3,26.1,26.18,26.54,26.47,25.71,25.75,26.45,26.64,25.76,25.4
2025-06-25T04:00,2025-06-25,4,26.03,26.14,26.48,26.37,25.65,25.58,26.36,26.63,25.7,25.31
2025-06-25T05:00,2025-06-25,5,25.93,26.05,26.36,26.22,25.56,25.46,26.34,26.57,25.62,25.17
2025-06-25T06:00,2025-06-25,6,26.1,26.17,26.52,26.4,25.8,25.75,26.58,26.81,25.77,25.24
2025-06-25T07:00,2025-06-25,7,27.08,26.95,27.37,26.83,27.38,26.64,27.5,27.45,27.07,26.87
2025-06-25T08:00,2025-06-25,8,27.85,27.55,27.92,27.96,28.32,27.81,28.04,27.5,27.97,28.01
2025-06-25T09:00,2025-06-25,9,28.99,28.71,29.68,28.81,29.71,29.63,28.68,28.43,28.95,29.11
2025-06-25T10:00,2025-06-25,10,30.1,29.82,30.95,29.7,30.59,31.16,29.82,29.26,30.39,29.96
2025-06-25T11:00,2025-06-25,11,30.89,30.58,31.45,30.39,31.41,32.29,30.89,29.92,31.06,30.8
2025-06-25T12:00,2025-06-25,12,31.23,30.61,31.16,31.06,32.06,33.08,31.26,30.08,31.37,31.7
2025-06-25T13:00,2025-06-25,13,31.09,30.76,28.49,31.24,31.55,33.47,31.67,30.61,30.73,32.08
2025-06-25T14:00,2025-06-25,14,31.08,31.17,29.11,30.63,31.11,33.58,31.58,30.32,30.52,31.89
2025-06-25T15:00,2025-06-25,15,30.64,30.24,28.62,30.12,31.87,33.38,30.83,29.51,30.84,31.44
2025-06-25T16:00,2025-06-25,16,30.11,29.35,28.17,29.75,32.01,32.81,29.96,28.95,30.88,30.79
2025-06-25T17:00,2025-06-25,17,29.21,29.22,27.4,28.98,29.85,30.37,29.25,28.57,29.56,29.55
2025-06-25T18:00,2025-06-25,18,28.47,28.63,27.17,28.22,28.76,28.83,28.63,27.91,28.43,29.16
2025-06-25T19:00,2025-06-25,19,28.58,28.63,26.91,27.88,28.77,28.91,28.76,28.0,29.24,29.54
2025-06-25T20:00,2025-06-25,20,28.15,28.2,26.71,27.56,28.19,28.36,28.35,27.76,28.81,28.95
2025-06-25T21:00,2025-06-25,21,27.91,27.93,26.59,27.38,27.85,28.05,28.05,27.58,28.61,28.69
2025-06-25T22:00,2025-06-25,22,27.64,27.64,26.43,27.2,27.55,27.57,27.79,27.48,28.32,28.33
2025-06-25T23:00,2025-06-25,23,27.36,27.37,26.25,27.04,27.34,26.93,27.59,27.38,27.97,27.92
2025-06-26T00:00,2025-06-26,0,27.09,27.13,26.15,27.01,26.86,26.43,27.32,27.23,27.67,27.46
2025-06-26T01:00,2025-06-26,1,26.81,26.9,26.19,26.89,26.53,25.93,27.09,26.91,27.21,27.01
2025-06-26T02:00,2025-06-26,2,26.6,26.81,26.01,26.61,26.21,25.59,26.85,26.61,26.91,26.81
2025-06-26T03:00,2025-06-26,3,26.28,26.33,25.81,26.49,25.81,25.54,26.65,26.45,26.55,26.33
2025-06-26T04:00,2025-06-26,4,26.07,26.15,25.63,26.01,25.51,25.41,26.51,26.42,26.36,26.14
2025-06-26T05:00,2025-06-26,5,25.92,25.97,25.62,25.75,25.37,25.33,26.45,26.25,26.26,25.88
2025-06-26T06:00,2025-06-26,6,26.01,26.03,26.06,25.82,25.56,25.48,26.58,26.06,26.27,25.92
2025-06-26T07:00,2025-06-26,7,27.51,27.39,27.77,27.24,27.47,27.57,27.7,27.07,27.61,27.8
2025-06-26T08:00,2025-06-26,8,28.42,28.31,28.63,28.32,28.41,28.9,28.43,27.26,28.55,28.81
2025-06-26T09:00,2025-06-26,9,29.43,29.28,29.58,28.9,29.61,30.01,29.64,27.91,29.78,29.98
2025-06-26T10:00,2025-06-26,10,29.97,29.49,28.81,29.14,30.79,31.0,30.61,28.82,30.61,31.03
2025-06-26T11:00,2025-06-26,11,30.28,29.26,29.32,29.67,31.07,32.07,31.16,29.9,30.58,31.66
2025-06-26T12:00,2025-06-26,12,30.7,29.75,29.61,30.16,30.72,32.97,31.72,30.31,30.9,32.07
2025-06-26T13:00,2025-06-26,13,31.19,30.85,29.36,30.15,31.95,32.71,32.05,30.24,31.63,32.29
2025-06-26T14:00,2025-06-26,14,31.2,31.0,29.48,29.86,31.79,31.89,32.08,30.18,32.08,32.39
2025-06-26T15:00,2025-06-26,15,31.01,30.97,28.37,29.62,31.9,31.07,32.03,29.97,32.17,32.25
2025-06-26T16:00,2025-06-26,16,30.71,30.68,28.07,29.71,31.27,30.73,31.51,29.39,32.12,31.83
2025-06-26T17:00,2025-06-26,17,30.21,30.15,27.67,29.19,30.77,30.62,30.81,28.86,31.52,31.43
2025-06-26T18:00,2025-06-26,18,29.44,29.46,27.1,28.56,30.14,29.86,29.76,28.24,30.66,30.4
2025-06-26T19:00,2025-06-26,19,28.9,29.23,26.96,28.58,29.47,29.41,28.07,28.05,29.62,29.68
2025-06-26T20:00,2025-06-26,20,28.37,28.61,26.76,28.11,28.92,28.51,27.62,27.62,29.19,29.04
2025-06-26T21:00,2025-06-26,21,27.96,28.13,26.45,27.72,28.56,28.14,27.33,27.14,28.77,28.63
2025-06-26T22:00,2025-06-26,22,27.63,27.78,25.98,27.5,28.17,27.58,27.17,26.99,28.41,28.3
2025-06-26T23:00,2025-06-26,23,27.29,27.43,25.62,27.12,27.81,27.04,26.96,26.63,28.07,28.05
2025-06-27T00:00,2025-06-27,0,27.0,27.15,25.65,26.93,27.34,26.28,26.7,26.4,27.8,27.65
2025-06-27T01:00,2025-06-27,1,26.59,26.6,25.45,26.39,27.05,25.68,26.47,26.11,27.54,27.24
2025-06-27T02:00,2025-06-27,2,26.26,26.28,25.17,25.95,26.65,25.44,26.04,25.92,27.21,26.94
2025-06-27T03:00,2025-06-27,3,26.01,25.95,25.2,25.64,26.39,25.38,26.07,25.47,26.85,26.59
2025-06-27T04:00,2025-06-27,4,25.75,25.6,24.93,25.34,26.13,25.35,25.78,25.41,26.58,26.4
2025-06-27T05:00,2025-06-27,5,25.49,25.41,24.6,24.98,25.75,24.95,25.51,25.25,26.45,26.14
2025-06-27T06:00,2025-06-27,6,25.57,25.45,24.76,25.06,25.37,25.09,25.67,25.51,26.53,26.33
2025-06-27T07:00,2025-06-27,7,26.85,27.06,26.01,26.38,27.52,27.41,26.31,25.34,27.13,27.68
2025-06-27T08:00,2025-06-27,8,27.71,27.88,27.18,27.13,28.37,28.58,26.8,25.42,28.19,28.88
2025-06-27T09:00,2025-06-27,9,28.39,27.98,28.47,27.65,29.61,29.72,27.24,25.76,29.43,29.84
2025-06-27T10:00,2025-06-27,10,29.28,29.17,28.38,28.32,30.54,30.67,28.15,26.61,30.49,30.71
2025-06-27T11:00,2025-06-27,11,30.04,30.06,29.71,29.18,31.38,30.16,29.09,27.12,31.04,31.53
2025-06-27T12:00,2025-06-27,12,30.51,30.78,30.26,29.64,31.36,30.27,29.73,28.09,31.18,31.87
2025-06-27T13:00,2025-06-27,13,30.89,31.18,29.31,29.92,31.49,31.35,30.32,28.79,31.73,32.46
2025-06-27T14:00,2025-06-27,14,31.19,31.4,29.4,30.47,31.92,31.82,30.73,29.03,32.14,32.48
2025-06-27T15:00,2025-06-27,15,31.16,31.51,29.31,30.42,31.39,32.07,30.93,28.9,32.2,32.08
2025-06-27T16:00,2025-06-27,16,30.79,31.16,28.76,30.02,31.1,30.57,30.93,29.2,31.55,32.13
2025-06-27T17:00,2025-06-27,17,30.15,30.46,28.39,29.46,30.46,30.36,30.48,28.99,30.37,31.18
2025-06-27T18:00,2025-06-27,18,29.43,29.6,27.74,28.73,29.86,29.41,29.93,28.39,29.97,30.24
2025-06-27T19:00,2025-06-27,19,28.58,29.0,26.27,28.13,29.39,28.71,27.91,27.16,29.61,29.46
2025-06-27T20:00,2025-06-27,20,27.92,28.33,25.66,27.49,28.46,27.79,27.49,26.91,28.73,28.9
2025-06-27T21:00,2025-06-27,21,27.46,27.88,25.51,26.98,27.92,26.87,27.09,26.76,28.16,28.5
2025-06-27T22:00,2025-06-27,22,27.16,27.42,25.48,26.7,27.68,26.56,26.91,26.71,27.78,28.16
2025-06-27T23:00,2025-06-27,23,26.79,26.97,25.3,26.51,27.32,26.19,26.66,26.31,27.37,27.56
2025-06-28T00:00,2025-06-28,0,26.44,26.6,25.04,26.31,26.9,25.95,26.28,26.03,27.06,26.96
2025-06-28T01:00,2025-06-28,1,26.23,26.49,24.82,26.04,26.61,25.81,25.97,25.87,26.81,26.62
2025-06-28T02:00,2025-06-28,2,26.07,26.38,24.71,25.81,26.48,25.82,25.79,25.63,26.65,26.37
2025-06-28T03:00,2025-06-28,3,25.92,26.24,24.77,25.59,26.24,25.83,25.54,25.51,26.55,26.06
2025-06-28T04:00,2025-06-28,4,25.74,26.08,24.65,25.22,26.19,25.87,25.44,25.15,26.35,25.87
2025-06-28T05:00,2025-06-28,5,25.62,25.97,24.42,25.14,26.2,25.74,25.24,24.88,26.26,25.77
2025-06-28T06:00,2025-06-28,6,25.73,25.9,24.62,25.4,26.27,25.95,25.29,25.1,26.41,25.98
2025-06-28T07:00,2025-06-28,7,27.12,27.13,26.54,26.86,27.79,27.83,26.22,26.13,27.57,27.81
2025-06-28T08:00,2025-06-28,8,27.79,27.71,27.22,27.59,28.39,28.91,26.33,26.5,28.45,28.92
2025-06-28T09:00,2025-06-28,9,28.74,28.76,28.17,28.42,29.52,30.1,27.21,26.42,29.42,30.04
2025-06-28T10:00,2025-06-28,10,29.71,29.57,28.88,29.33,30.45,31.26,28.7,27.5,30.44,30.99
2025-06-28T11:00,2025-06-28,11,30.58,30.57,29.76,30.36,31.33,31.64,29.56,28.12,31.36,31.71
2025-06-28T12:00,2025-06-28,12,30.9,31.36,27.18,30.34,32.05,32.07,30.36,28.58,32.03,32.21
2025-06-28T13:00,2025-06-28,13,31.33,31.72,27.6,30.64,32.3,32.9,30.78,29.46,32.52,32.51
2025-06-28T14:00,2025-06-28,14,31.52,31.79,28.39,30.57,32.58,33.02,31.26,29.31,32.79,32.65
2025-06-28T15:00,2025-06-28,15,31.14,31.41,27.94,30.32,32.79,33.15,31.09,28.86,31.84,31.92
2025-06-28T16:00,2025-06-28,16,30.54,30.77,27.75,29.98,32.33,32.4,30.19,28.26,31.4,30.85
2025-06-28T17:00,2025-06-28,17,29.86,30.14,27.48,29.46,30.81,31.84,29.3,27.88,30.54,30.39
2025-06-28T18:00,2025-06-28,18,29.01,29.26,26.78,28.75,29.98,30.45,28.33,27.42,29.71,29.6
2025-06-28T19:00,2025-06-28,19,28.48,28.65,26.41,27.7,29.32,29.62,28.09,27.0,29.03,29.76
2025-06-28T20:00,2025-06-28,20,27.95,28.0,26.11,27.17,29.05,29.03,27.58,26.8,28.44,29.1
2025-06-28T21:00,2025-06-28,21,27.51,27.57,25.9,26.85,28.47,28.54,27.04,26.69,27.73,28.68
2025-06-28T22:00,2025-06-28,22,27.19,27.2,25.82,26.4,27.89,28.18,26.8,26.48,27.43,28.49
2025-06-28T23:00,2025-06-28,23,26.87,26.8,25.49,26.27,27.58,27.52,26.59,26.29,27.19,28.12
2025-06-29T00:00,2025-06-29,0,26.58,26.55,25.2,26.07,27.02,27.03,26.38,26.23,26.81,27.87
2025-06-29T01:00,2025-06-29,1,26.29,26.28,24.91,25.92,26.57,26.55,26.21,26.07,26.55,27.36
2025-06-29T02:00,2025-06-29,2,26.09,26.2,24.65,25.71,26.41,26.3,26.07,25.75,26.41,26.91
2025-06-29T03:00,2025-06-29,3,25.99,26.07,24.61,25.73,26.38,26.21,25.98,25.67,26.29,26.62
2025-06-29T04:00,2025-06-29,4,25.87,25.99,24.7,25.69,26.14,25.89,25.85,25.67,26.11,26.38
2025-06-29T05:00,2025-06-29,5,25.82,25.96,24.7,25.63,26.19,25.75,25.83,25.69,26.06,26.16
2025-06-29T06:00,2025-06-29,6,26.03,26.07,24.94,25.79,26.33,26.28,25.99,25.86,26.34,26.42
2025-06-29T07:00,2025-06-29,7,27.38,27.45,26.59,27.28,27.16,28.06,27.21,27.04,27.47,27.95
2025-06-29T08:00,2025-06-29,8,28.4,28.6,27.49,28.4,28.08,29.37,28.14,27.92,28.39,28.77
2025-06-29T09:00,2025-06-29,9,29.5,29.74,28.37,29.5,29.41,30.46,29.13,28.73,29.69,29.77
2025-06-29T10:00,2025-06-29,10,30.44,30.66,29.35,30.34,30.49,31.38,29.88,29.81,30.73,30.8
2025-06-29T11:00,2025-06-29,11,31.07,31.5,28.4,31.04,31.4,32.13,30.74,30.51,31.51,31.34
2025-06-29T12:00,2025-06-29,12,31.6,32.14,28.37,31.38,32.11,32.82,31.86,30.95,31.87,31.67
2025-06-29T13:00,2025-06-29,13,31.89,32.2,29.11,31.18,32.75,33.47,32.11,30.9,32.43,32.18
2025-06-29T14:00,2025-06-29,14,31.69,32.06,28.84,30.74,33.28,33.85,30.47,30.83,32.72,32.13
2025-06-29T15:00,2025-06-29,15,31.3,31.1,29.07,30.29,33.13,33.69,30.3,30.58,32.3,32.16
2025-06-29T16:00,2025-06-29,16,30.72,30.49,28.9,30.01,32.12,32.1,29.55,29.53,32.04,31.93
2025-06-29T17:00,2025-06-29,17,29.77,29.89,28.31,29.39,30.72,28.92,29.56,29.6,29.86,31.19
2025-06-29T18:00,2025-06-29,18,29.25,29.35,27.6,28.71,29.81,29.12,29.16,28.89,29.4,30.68
2025-06-29T19:00,2025-06-29,19,28.89,29.11,26.91,28.52,29.61,29.76,28.41,27.81,29.51,29.61
2025-06-29T20:00,2025-06-29,20,28.38,28.58,26.52,28.06,29.03,29.07,27.94,27.48,28.94,29.08
2025-06-29T21:00,2025-06-29,21,28.0,28.19,26.34,27.73,28.67,28.4,27.53,27.24,28.59,28.64
2025-06-29T22:00,2025-06-29,22,27.57,27.5,26.02,27.35,28.3,27.96,27.26,27.01,28.25,28.28
2025-06-29T23:00,2025-06-29,23,27.25,27.08,25.91,27.08,27.84,27.52,26.98,26.88,27.95,28.05
2025-06-30T00:00,2025-06-30,0,26.94,26.87,25.86,26.84,27.27,26.64,26.74,26.7,27.54,27.73
2025-06-30T01:00,2025-06-30,1,26.65,26.65,25.75,26.66,26.57,26.34,26.45,26.54,27.09,27.36
2025-06-30T02:00,2025-06-30,2,26.44,26.41,25.72,26.55,25.95,26.31,26.3,26.35,26.82,27.17
2025-06-30T03:00,2025-06-30,3,26.29,26.33,25.55,26.49,26.06,26.15,26.14,26.33,26.55,26.68
2025-06-30T04:00,2025-06-30,4,26.13,26.3,25.33,26.33,25.97,25.78,26.02,26.16,26.33,26.33
2025-06-30T05:00,2025-06-30,5,26.06,26.27,25.21,26.22,25.95,25.72,25.97,26.28,26.25,26.04
2025-06-30T06:00,2025-06-30,6,26.22,26.38,25.49,26.34,26.15,25.93,26.15,26.44,26.44,26.23
2025-06-30T07:00,2025-06-30,7,27.25,27.13,26.81,27.09,26.65,27.66,27.31,26.97,27.66,27.89
2025-06-30T08:00,2025-06-30,8,27.94,27.65,27.91,27.66,27.16,28.96,28.02,27.65,28.58,28.26
2025-06-30T09:00,2025-06-30,9,28.86,28.73,29.06,28.35,28.09,30.14,29.1,28.72,29.22,28.79
2025-06-30T10:00,2025-06-30,10,29.92,30.1,29.96,29.79,29.62,31.49,29.96,29.52,29.76,29.14
2025-06-30T11:00,2025-06-30,11,30.8,31.08,30.42,30.75,30.82,32.5,30.79,30.29,30.48,29.96
2025-06-30T12:00,2025-06-30,12,31.33,31.54,31.07,31.19,32.0,33.11,31.32,30.84,30.45,30.82
2025-06-30T13:00,2025-06-30,13,31.43,32.07,31.09,31.45,32.22,33.6,30.28,31.02,30.63,30.39
2025-06-30T14:00,2025-06-30,14,31.44,32.02,30.74,31.42,32.58,33.8,29.89,30.4,31.11,30.69
2025-06-30T15:00,2025-06-30,15,31.16,31.34,29.84,31.21,32.63,33.47,30.02,29.85,30.74,31.51
2025-06-30T16:00,2025-06-30,16,30.43,30.58,28.37,30.66,31.78,31.83,29.47,29.3,29.86,31.82
2025-06-30T17:00,2025-06-30,17,29.67,29.89,27.63,29.97,30.27,30.96,28.89,28.88,28.84,31.33
2025-06-30T18:00,2025-06-30,18,28.98,29.34,27.15,29.1,29.54,30.18,28.46,28.28,27.97,30.29
2025-06-30T19:00,2025-06-30,19,28.47,28.45,26.59,28.2,28.94,29.89,27.75,27.72,29.13,29.47
2025-06-30T20:00,2025-06-30,20,28.02,27.96,26.36,27.79,28.6,29.2,27.44,27.25,28.61,28.86
2025-06-30T21:00,2025-06-30,21,27.64,27.66,26.19,27.51,28.29,28.6,27.22,27.07,28.02,28.11
2025-06-30T22:00,2025-06-30,22,27.34,27.4,26.08,27.19,28.02,27.99,27.08,27.0,27.72,27.5
2025-06-30T23:00,2025-06-30,23,27.07,27.16,25.96,26.97,27.68,26.97,26.94,26.91,27.59,27.13
2025-07-01T00:00,2025-07-01,0,26.82,26.91,25.85,26.55,27.28,26.84,26.78,26.64,27.15,27.1
2025-07-01T01:00,2025-07-01,1,26.55,26.58,25.64,26.23,26.86,26.66,26.59,26.18,26.96,26.96
2025-07-01T02:00,2025-07-01,2,26.31,26.35,25.43,26.06,26.55,26.38,26.42,26.03,26.72,26.58
2025-07-01T03:00,2025-07-01,3,26.1,26.13,25.29,25.86,26.32,26.11,26.25,25.98,26.49,26.2
2025-07-01T04:00,2025-07-01,4,25.96,26.0,25.23,25.72,26.15,26.05,26.1,25.91,26.33,25.98
2025-07-01T05:00,2025-07-01,5,25.9,25.95,25.31,25.77,25.83,25.9,25.99,25.89,26.2,25.98
2025-07-01T06:00,2025-07-01,6,26.11,26.17,25.55,26.04,26.24,26.02,26.17,26.12,26.37,26.08
2025-07-01T07:00,2025-07-01,7,27.54,27.66,26.9,27.42,27.56,27.68,27.72,27.32,27.47,27.77
2025-07-01T08:00,2025-07-01,8,28.42,28.51,27.99,28.3,28.39,28.85,28.65,27.61,28.21,28.87
2025-07-01T09:00,2025-07-01,9,29.29,29.35,29.16,28.66,29.43,30.25,29.24,27.72,29.43,29.97
2025-07-01T10:00,2025-07-01,10,30.08,30.27,30.29,28.88,30.46,31.3,29.12,28.56,30.56,30.95
2025-07-01T11:00,2025-07-01,11,30.62,30.06,30.67,29.61,31.33,32.26,29.68,29.7,31.57,31.92
2025-07-01T12:00,2025-07-01,12,30.98,30.27,31.06,29.71,32.01,32.61,30.21,30.06,31.98,32.48
2025-07-01T13:00,2025-07-01,13,31.1,30.32,30.31,30.28,32.12,33.31,30.74,30.25,31.67,32.68
2025-07-01T14:00,2025-07-01,14,30.86,30.39,28.54,30.2,31.91,33.21,30.26,30.26,31.46,32.6
2025-07-01T15:00,2025-07-01,15,30.8,30.84,28.74,30.45,31.35,32.81,29.97,29.93,30.85,32.34
2025-07-01T16:00,2025-07-01,16,30.42,30.46,28.37,30.01,31.4,31.04,30.27,29.89,30.61,31.55
2025-07-01T17:00,2025-07-01,17,29.77,29.88,27.79,29.44,30.05,30.13,30.21,29.18,30.3,30.23
2025-07-01T18:00,2025-07-01,18,29.11,29.25,27.21,28.72,29.32,29.38,29.34,28.52,29.76,29.69
2025-07-01T19:00,2025-07-01,19,28.48,28.34,26.87,28.48,29.04,29.2,28.25,28.01,28.97,29.17
2025-07-01T20:00,2025-07-01,20,27.91,27.97,26.38,27.4,28.6,28.61,27.92,27.22,28.54,28.29
2025-07-01T21:00,2025-07-01,21,27.53,27.61,26.19,26.77,28.2,28.43,27.64,26.64,28.2,27.8
2025-07-01T22:00,2025-07-01,22,27.23,27.26,26.05,26.57,27.89,27.99,27.37,26.49,27.87,27.43
2025-07-01T23:00,2025-07-01,23,26.88,26.83,25.79,26.39,27.5,27.21,27.15,26.38,27.59,26.97
2025-07-02T00:00,2025-07-02,0,26.54,26.48,25.59,26.03,26.97,26.73,26.83,26.31,27.35,26.51
2025-07-02T01:00,2025-07-02,1,26.27,26.22,25.5,25.79,26.7,26.17,26.63,26.18,26.91,26.26
2025-07-02T02:00,2025-07-02,2,26.11,26.04,25.32,25.67,26.48,25.99,26.4,26.1,26.75,26.19
2025-07-02T03:00,2025-07-02,3,25.98,25.88,25.23,25.63,26.31,25.89,26.16,26.1,26.59,26.1
2025-07-02T04:00,2025-07-02,4,25.87,25.83,25.32,25.54,26.24,25.76,25.98,26.06,26.29,25.9
2025-07-02T05:00,2025-07-02,5,25.82,25.93,25.4,25.5,26.25,25.56,25.84,26.08,26.11,25.65
2025-07-02T06:00,2025-07-02,6,26.04,26.17,25.54,25.79,26.32,25.77,26.08,26.32,26.32,25.88
2025-07-02T07:00,2025-07-02,7,27.43,27.59,26.35,27.51,27.17,27.24,27.69,27.71,27.61,27.5
2025-07-02T08:00,2025-07-02,8,28.2,28.2,27.17,28.14,27.79,28.66,28.73,27.86,28.34,28.6
2025-07-02T09:00,2025-07-02,9,29.21,29.33,27.77,29.02,28.68,30.39,29.66,28.5,29.35,29.67
2025-07-02T10:00,2025-07-02,10,29.97,30.07,27.64,29.56,29.94,31.49,30.16,29.89,30.31,30.59
2025-07-02T11:00,2025-07-02,11,30.61,30.76,27.91,29.39,31.19,32.05,31.35,30.37,31.04,31.35
2025-07-02T12:00,2025-07-02,12,31.0,31.07,28.36,29.59,31.26,32.24,32.02,30.63,31.9,31.65
2025-07-02T13:00,2025-07-02,13,31.44,31.45,28.89,30.15,32.2,32.76,32.47,30.55,32.57,31.62
2025-07-02T14:00,2025-07-02,14,31.33,31.49,28.97,30.17,31.27,31.5,32.48,30.45,32.79,31.65
2025-07-02T15:00,2025-07-02,15,30.92,30.96,28.99,29.9,31.04,31.35,32.15,29.88,31.97,31.24
2025-07-02T16:00,2025-07-02,16,30.35,30.56,28.94,29.32,30.52,31.29,30.96,29.47,30.58,30.98
2025-07-02T17:00,2025-07-02,17,29.58,29.8,27.8,28.86,29.68,29.71,30.29,28.89,29.91,30.33
2025-07-02T18:00,2025-07-02,18,28.93,29.2,27.6,28.24,28.72,29.43,29.35,28.12,29.23,29.57
2025-07-02T19:00,2025-07-02,19,28.29,28.57,26.79,27.98,28.91,28.38,27.9,27.29,28.66,29.07
2025-07-02T20:00,2025-07-02,20,27.81,28.2,26.39,27.44,28.39,27.44,27.54,27.03,28.28,28.38
2025-07-02T21:00,2025-07-02,21,27.49,27.83,26.16,27.01,27.93,27.11,27.21,26.94,28.0,28.13
2025-07-02T22:00,2025-07-02,22,27.22,27.47,25.98,26.77,27.48,26.97,26.97,26.72,27.79,27.92
2025-07-02T23:00,2025-07-02,23,26.99,27.19,25.75,26.51,27.22,26.9,26.74,26.64,27.61,27.66
2025-07-03T00:00,2025-07-03,0,26.77,26.93,25.78,26.41,27.01,26.68,26.51,26.4,27.29,27.3
2025-07-03T01:00,2025-07-03,1,26.47,26.45,25.73,26.29,26.67,26.56,26.36,26.13,26.84,26.98
2025-07-03T02:00,2025-07-03,2,26.23,26.23,25.63,26.03,26.06,26.47,26.19,25.87,26.67,26.64
2025-07-03T03:00,2025-07-03,3,26.15,26.23,25.48,25.84,25.94,26.44,26.19,25.87,26.57,26.42
2025-07-03T04:00,2025-07-03,4,26.09,26.15,25.43,25.85,25.94,26.52,26.09,25.79,26.45,26.27
2025-07-03T05:00,2025-07-03,5,26.01,26.1,25.19,25.86,26.02,26.22,26.0,25.8,26.32,26.23
2025-07-03T06:00,2025-07-03,6,26.11,26.17,25.44,25.96,26.11,26.42,26.09,26.04,26.27,26.35
2025-07-03T07:00,2025-07-03,7,27.27,27.29,26.76,26.89,27.14,27.78,27.53,27.62,27.25,27.4
2025-07-03T08:00,2025-07-03,8,28.1,28.11,27.94,27.44,27.91,28.69,28.51,28.21,28.2,28.09
2025-07-03T09:00,2025-07-03,9,29.06,29.24,28.79,28.47,28.42,29.86,29.64,27.8,29.56,28.93
2025-07-03T10:00,2025-07-03,10,30.04,30.29,29.76,29.5,29.66,31.12,30.37,28.73,30.5,29.61
2025-07-03T11:00,2025-07-03,11,30.22,29.76,29.35,29.36,30.72,31.43,30.47,29.7,31.51,30.42
2025-07-03T12:00,2025-07-03,12,30.59,30.78,29.35,30.01,30.03,31.01,30.52,30.29,31.34,31.18
2025-07-03T13:00,2025-07-03,13,30.82,30.77,30.04,30.48,31.05,32.28,30.21,30.1,31.72,30.83
2025-07-03T14:00,2025-07-03,14,30.78,30.88,28.54,30.74,31.14,32.58,30.87,29.69,30.97,31.21
2025-07-03T15:00,2025-07-03,15,30.65,30.97,27.66,30.61,31.56,32.89,30.7,29.38,31.12,30.24
2025-07-03T16:00,2025-07-03,16,29.91,30.53,26.94,30.08,30.89,31.53,29.51,28.63,30.46,29.18
2025-07-03T17:00,2025-07-03,17,29.08,29.95,26.41,29.25,30.11,30.34,28.23,28.01,29.06,28.74
2025-07-03T18:00,2025-07-03,18,28.37,29.32,26.02,28.15,29.12,28.74,27.62,27.55,28.54,28.28
2025-07-03T19:00,2025-07-03,19,27.93,28.68,26.1,27.81,28.28,27.74,27.32,26.93,28.17,28.37
2025-07-03T20:00,2025-07-03,20,27.38,28.14,25.74,27.0,27.25,27.35,26.96,26.37,27.73,27.86
2025-07-03T21:00,2025-07-03,21,26.99,27.66,25.47,26.65,26.55,26.64,26.78,26.3,27.46,27.4
2025-07-03T22:00,2025-07-03,22,26.73,27.26,25.2,26.55,26.27,26.64,26.61,26.33,27.21,26.99
2025-07-03T23:00,2025-07-03,23,26.45,26.82,24.96,26.12,26.1,26.63,26.42,26.23,27.06,26.62
2025-07-04T00:00,2025-07-04,0,26.17,26.46,24.88,25.91,26.1,26.35,26.22,25.85,26.73,26.13
2025-07-04T01:00,2025-07-04,1,25.91,26.12,24.74,25.64,26.04,26.25,26.02,25.44,26.4,25.88
2025-07-04T02:00,2025-07-04,2,25.69,25.86,24.48,25.31,25.89,26.19,25.75,25.41,26.24,25.61
2025-07-04T03:00,2025-07-04,3,25.49,25.52,24.52,25.06,25.74,26.07,25.44,25.34,26.1,25.58
2025-07-04T04:00,2025-07-04,4,25.36,25.3,24.43,24.92,25.63,25.81,25.37,25.25,25.93,25.65
2025-07-04T05:00,2025-07-04,5,25.3,25.2,24.37,24.9,25.53,25.72,25.32,25.29,25.93,25.6
2025-07-04T06:00,2025-07-04,6,25.41,25.29,24.37,25.0,25.66,26.01,25.46,25.42,25.89,25.82
2025-07-04T07:00,2025-07-04,7,26.64,26.59,25.8,26.25,26.42,27.21,26.6,25.87,27.37,27.32
2025-07-04T08:00,2025-07-04,8,27.3,27.34,25.81,26.8,27.04,28.56,27.02,26.05,28.19,28.2
2025-07-04T09:00,2025-07-04,9,28.04,28.09,26.12,27.45,27.68,29.99,27.6,26.19,28.97,29.49
2025-07-04T10:00,2025-07-04,10,28.64,28.74,26.37,27.76,28.54,31.32,28.0,26.43,30.1,29.66
2025-07-04T11:00,2025-07-04,11,29.1,29.82,27.04,27.91,30.27,30.45,28.75,26.77,29.92,29.17
2025-07-04T12:00,2025-07-04,12,29.39,30.01,26.48,28.36,31.17,30.89,28.6,27.25,30.11,30.13
2025-07-04T13:00,2025-07-04,13,29.09,28.95,27.16,29.13,29.94,29.21,28.68,27.26,29.89,30.76
2025-07-04T14:00,2025-07-04,14,29.31,29.27,27.47,29.59,30.61,28.16,28.67,27.48,29.87,31.36
2025-07-04T15:00,2025-07-04,15,29.66,30.16,27.69,29.57,30.06,28.31,29.12,27.98,30.3,31.27
2025-07-04T16:00,2025-07-04,16,29.36,29.57,26.92,29.23,30.46,28.44,29.15,27.83,30.26,30.73
2025-07-04T17:00,2025-07-04,17,28.6,28.74,26.5,28.49,28.76,28.97,28.22,27.15,29.41,29.94
2025-07-04T18:00,2025-07-04,18,27.6,27.67,26.04,27.72,27.93,28.44,27.26,26.9,28.18,27.8
2025-07-04T19:00,2025-07-04,19,27.74,28.17,25.88,27.83,28.01,27.57,27.1,26.86,28.37,28.31
2025-07-04T20:00,2025-07-04,20,27.07,27.73,25.49,27.15,27.38,26.88,26.62,26.64,26.95,27.26
2025-07-04T21:00,2025-07-04,21,26.57,27.18,25.28,26.67,26.65,26.65,26.32,26.35,26.42,26.36
2025-07-04T22:00,2025-07-04,22,26.29,26.71,25.16,26.39,25.65,26.53,26.19,26.25,26.45,26.26
2025-07-04T23:00,2025-07-04,23,26.07,26.41,24.98,26.08,25.49,26.13,26.1,26.12,26.38,26.02
2025-07-05T00:00,2025-07-05,0,25.87,26.18,24.65,25.73,25.62,26.05,25.98,25.88,26.2,25.78
2025-07-05T01:00,2025-07-05,1,25.66,25.99,24.5,25.37,25.54,25.85,25.75,25.52,25.98,25.62
2025-07-05T02:00,2025-07-05,2,25.53,25.77,24.45,25.26,25.53,25.82,25.67,25.45,25.82,25.42
2025-07-05T03:00,2025-07-05,3,25.4,25.65,24.22,25.04,25.45,25.66,25.63,25.4,25.67,25.35
2025-07-05T04:00,2025-07-05,4,25.34,25.47,24.33,25.18,25.48,25.53,25.55,25.16,25.66,25.35
2025-07-05T05:00,2025-07-05,5,25.25,25.24,24.36,25.13,25.45,25.37,25.44,25.13,25.56,25.37
2025-07-05T06:00,2025-07-05,6,25.4,25.49,24.43,25.34,25.67,25.52,25.49,25.08,25.67,25.54
2025-07-05T07:00,2025-07-05,7,26.48,26.74,25.77,26.5,26.57,26.9,26.06,25.92,26.51,26.7
2025-07-05T08:00,2025-07-05,8,27.03,27.08,26.17,27.19,27.34,27.36,26.51,26.69,27.2,27.48
2025-07-05T09:00,2025-07-05,9,27.87,27.72,26.77,28.0,28.22,28.57,27.34,27.19,28.21,28.77
2025-07-05T10:00,2025-07-05,10,28.84,28.85,27.08,28.38,29.17,30.14,28.58,27.63,29.44,29.87
2025-07-05T11:00,2025-07-05,11,29.71,30.2,27.85,28.77,30.41,30.58,29.83,28.35,30.12,30.07
2025-07-05T12:00,2025-07-05,12,29.95,30.5,26.85,29.47,30.68,31.2,30.79,28.32,30.21,29.96
2025-07-05T13:00,2025-07-05,13,30.07,30.51,27.61,29.64,30.9,30.04,30.74,28.87,30.94,29.75
2025-07-05T14:00,2025-07-05,14,29.93,29.72,26.48,29.81,31.36,30.54,30.22,28.38,31.87,30.24
2025-07-05T15:00,2025-07-05,15,29.56,29.91,26.41,28.62,30.52,31.06,29.15,28.35,31.08,29.85
2025-07-05T16:00,2025-07-05,16,29.01,29.21,26.44,28.56,29.15,29.44,29.12,27.77,30.33,29.73
2025-07-05T17:00,2025-07-05,17,28.29,27.98,26.18,27.78,28.5,28.52,28.93,27.48,29.5,29.38
2025-07-05T18:00,2025-07-05,18,27.69,27.57,25.88,27.28,27.42,27.42,28.33,27.25,28.49,28.96
2025-07-05T19:00,2025-07-05,19,27.5,27.32,25.56,26.19,28.37,27.6,27.89,27.3,28.49,28.86
2025-07-05T20:00,2025-07-05,20,26.85,26.6,25.08,25.93,27.69,26.77,27.39,26.68,27.41,28.27
2025-07-05T21:00,2025-07-05,21,26.43,26.3,24.98,25.71,26.89,26.55,26.95,26.22,26.56,27.8
2025-07-05T22:00,2025-07-05,22,26.15,26.01,24.94,25.47,26.37,26.33,26.68,26.03,26.16,27.48
2025-07-05T23:00,2025-07-05,23,25.91,25.64,24.63,25.43,26.09,26.02,26.42,25.95,26.1,27.18
2025-07-06T00:00,2025-07-06,0,25.77,25.69,24.48,25.43,25.96,25.74,26.17,25.71,25.94,26.66
2025-07-06T01:00,2025-07-06,1,25.64,25.61,24.57,25.39,25.89,25.63,26.05,25.53,25.8,26.17
2025-07-06T02:00,2025-07-06,2,25.54,25.55,24.45,25.3,25.77,25.62,25.86,25.42,25.71,25.95
2025-07-06T03:00,2025-07-06,3,25.48,25.57,24.46,25.29,25.66,25.57,25.76,25.15,25.63,25.8
2025-07-06T04:00,2025-07-06,4,25.45,25.57,24.57,25.19,25.57,25.56,25.73,25.09,25.61,25.73
2025-07-06T05:00,2025-07-06,5,25.41,25.61,24.5,25.15,25.59,25.45,25.62,24.86,25.61,25.64
2025-07-06T06:00,2025-07-06,6,25.54,25.71,24.69,25.28,25.81,25.79,25.66,25.02,25.68,25.72
2025-07-06T07:00,2025-07-06,7,26.79,26.92,25.74,26.62,26.9,27.58,26.65,26.3,27.01,27.07
2025-07-06T08:00,2025-07-06,8,27.47,27.56,26.11,26.82,27.97,28.97,27.17,27.07,27.97,27.64
2025-07-06T09:00,2025-07-06,9,28.2,28.37,26.22,27.35,29.24,29.37,27.93,27.21,29.26,28.33
2025-07-06T10:00,2025-07-06,10,29.03,29.37,26.24,27.76,30.28,30.64,29.01,27.62,30.21,29.29
2025-07-06T11:00,2025-07-06,11,29.61,30.07,26.39,27.92,30.9,31.14,29.71,27.42,30.97,30.5
2025-07-06T12:00,2025-07-06,12,29.97,30.22,26.7,28.06,31.64,31.28,29.92,27.56,31.54,31.54
2025-07-06T13:00,2025-07-06,13,30.36,30.55,27.43,28.98,31.89,31.38,29.95,27.43,32.0,32.06
2025-07-06T14:00,2025-07-06,14,30.32,30.56,27.57,28.9,31.35,30.99,30.05,27.5,31.81,32.38
2025-07-06T15:00,2025-07-06,15,30.06,29.8,27.41,28.52,31.83,31.61,29.67,28.23,31.28,32.32
2025-07-06T16:00,2025-07-06,16,29.43,28.85,27.35,28.61,30.14,30.67,29.13,28.23,30.44,31.93
2025-07-06T17:00,2025-07-06,17,28.75,28.39,26.82,27.97,29.13,30.0,28.39,27.96,28.98,31.54
2025-07-06T18:00,2025-07-06,18,28.14,27.8,26.53,27.3,28.6,28.99,27.98,27.64,28.32,30.59
2025-07-06T19:00,2025-07-06,19,27.7,27.28,26.23,26.61,28.4,29.01,27.64,26.57,28.58,29.49
2025-07-06T20:00,2025-07-06,20,27.29,26.98,26.06,26.31,27.94,28.03,27.16,26.35,28.14,28.83
2025-07-06T21:00,2025-07-06,21,26.94,26.77,25.76,26.09,27.69,27.0,26.74,26.06,27.8,28.33
2025-07-06T22:00,2025-07-06,22,26.6,26.49,25.52,25.88,27.32,26.36,26.58,25.97,27.4,27.58
2025-07-06T23:00,2025-07-06,23,26.32,26.29,25.29,25.71,26.47,26.17,26.33,25.74,27.09,27.29
2025-07-07T00:00,2025-07-07,0,26.07,26.06,25.21,25.6,25.78,25.9,26.13,25.67,26.78,26.99
2025-07-07T01:00,2025-07-07,1,25.88,25.86,25.17,25.52,25.59,25.79,25.93,25.54,26.45,26.66
2025-07-07T02:00,2025-07-07,2,25.76,25.8,25.1,25.43,25.51,25.7,25.77,25.44,26.3,26.31
2025-07-07T03:00,2025-07-07,3,25.59,25.68,24.66,25.38,25.49,25.59,25.59,25.36,26.01,25.99
2025-07-07T04:00,2025-07-07,4,25.45,25.6,24.36,25.3,25.54,25.55,25.48,25.23,25.75,25.71
2025-07-07T05:00,2025-07-07,5,25.41,25.55,24.59,25.22,25.57,25.49,25.41,25.33,25.65,25.56
2025-07-07T06:00,2025-07-07,6,25.57,25.68,24.8,25.31,25.89,25.88,25.47,25.44,25.75,25.76
2025-07-07T07:00,2025-07-07,7,26.64,26.43,25.5,26.1,26.92,27.16,26.75,26.48,27.09,27.66
2025-07-07T08:00,2025-07-07,8,27.37,27.26,25.47,26.59,27.73,27.99,27.26,26.81,28.15,28.9
2025-07-07T09:00,2025-07-07,9,28.15,28.05,25.81,26.95,28.9,29.72,27.64,27.27,29.26,29.85
2025-07-07T10:00,2025-07-07,10,28.8,28.81,25.77,27.21,30.05,31.08,28.06,27.14,30.15,30.72
2025-07-07T11:00,2025-07-07,11,29.08,28.98,25.78,27.09,30.96,31.78,27.85,26.81,30.97,31.41
2025-07-07T12:00,2025-07-07,12,29.01,28.41,25.42,26.87,31.23,31.99,27.89,27.1,31.47,31.64
2025-07-07T13:00,2025-07-07,13,29.1,29.15,25.59,26.52,30.32,31.37,28.21,27.58,31.22,31.62
2025-07-07T14:00,2025-07-07,14,29.01,29.22,25.47,26.41,30.62,29.55,28.18,28.34,30.46,32.22
2025-07-07T15:00,2025-07-07,15,28.58,28.4,25.24,26.56,30.51,29.8,27.9,27.81,29.18,32.23
2025-07-07T16:00,2025-07-07,16,28.16,27.4,25.53,26.64,30.2,29.29,27.87,27.51,28.72,31.72
2025-07-07T17:00,2025-07-07,17,27.73,27.15,25.47,26.42,29.09,28.57,27.43,27.44,28.31,30.79
2025-07-07T18:00,2025-07-07,18,27.36,26.89,25.64,26.16,28.26,27.74,27.05,27.07,28.14,30.01
2025-07-07T19:00,2025-07-07,19,26.6,26.22,24.98,25.46,27.84,26.68,26.39,25.93,27.64,28.61
2025-07-07T20:00,2025-07-07,20,26.26,25.94,24.85,25.2,27.06,26.34,26.11,25.86,27.2,28.05
2025-07-07T21:00,2025-07-07,21,26.0,25.66,24.82,25.02,26.6,26.16,25.92,25.75,26.91,27.51
2025-07-07T22:00,2025-07-07,22,25.79,25.46,24.81,24.99,26.3,25.94,25.7,25.54,26.64,27.13
2025-07-07T23:00,2025-07-07,23,25.61,25.25,24.86,24.94,25.93,25.77,25.58,25.43,26.29,26.86
2025-07-08T00:00,2025-07-08,0,25.44,25.06,24.89,24.87,25.57,25.66,25.44,25.43,26.01,26.57
2025-07-08T01:00,2025-07-08,1,25.31,24.97,24.95,24.86,25.32,25.71,25.22,25.26,25.76,26.27
2025-07-08T02:00,2025-07-08,2,25.17,24.84,24.9,24.93,25.03,25.49,25.07,25.18,25.55,26.08
2025-07-08T03:00,2025-07-08,3,25.04,24.74,24.95,24.76,24.93,25.22,25.02,25.08,25.34,25.79
2025-07-08T04:00,2025-07-08,4,24.95,24.7,24.67,24.74,25.01,24.98,24.96,25.17,25.22,25.55
2025-07-08T05:00,2025-07-08,5,24.9,24.69,24.43,24.9,25.0,24.85,24.93,25.12,25.16,25.37
2025-07-08T06:00,2025-07-08,6,24.94,24.69,24.41,24.91,25.11,24.75,24.93,25.3,25.26,25.53
2025-07-08T07:00,2025-07-08,7,25.91,25.8,25.12,25.68,25.55,25.41,25.88,25.64,26.35,27.32
2025-07-08T08:00,2025-07-08,8,26.35,26.38,25.07,25.56,26.28,25.62,26.26,26.05,26.85,28.4
2025-07-08T09:00,2025-07-08,9,26.63,26.42,24.98,25.78,26.45,25.68,26.53,26.27,27.38,29.65
2025-07-08T10:00,2025-07-08,10,27.14,26.58,25.21,25.85,27.56,26.28,27.09,27.03,28.24,30.7
2025-07-08T11:00,2025-07-08,11,27.4,26.58,25.68,26.11,27.53,26.5,27.48,28.08,28.55,31.04
2025-07-08T12:00,2025-07-08,12,27.53,26.62,25.7,26.73,26.53,26.71,27.7,28.2,29.17,30.99
2025-07-08T13:00,2025-07-08,13,27.74,26.68,26.47,26.88,27.71,26.63,27.87,28.14,29.44,30.88
2025-07-08T14:00,2025-07-08,14,27.92,27.01,27.35,26.75,28.05,26.49,28.19,28.38,29.67,30.3
2025-07-08T15:00,2025-07-08,15,28.0,27.0,27.59,26.78,27.84,26.71,28.43,28.74,29.55,30.59
2025-07-08T16:00,2025-07-08,16,27.68,26.57,26.66,27.31,27.32,26.57,28.21,27.7,29.39,30.18
2025-07-08T17:00,2025-07-08,17,27.27,26.46,26.59,26.78,26.76,26.47,27.72,26.94,28.56,29.54
2025-07-08T18:00,2025-07-08,18,26.81,26.19,26.22,26.24,26.36,26.35,27.23,26.67,27.65,28.8
2025-07-08T19:00,2025-07-08,19,26.1,25.74,25.26,25.55,25.71,25.71,26.26,26.27,26.61,27.97
2025-07-08T20:00,2025-07-08,20,25.81,25.65,24.8,25.38,25.52,25.43,25.95,26.15,26.24,27.19
2025-07-08T21:00,2025-07-08,21,25.68,25.55,24.78,25.44,25.42,25.32,25.81,25.97,26.04,26.72
2025-07-08T22:00,2025-07-08,22,25.55,25.47,24.73,25.37,25.34,25.18,25.67,25.75,25.94,26.31
2025-07-08T23:00,2025-07-08,23,25.41,25.34,24.64,25.22,25.29,25.08,25.51,25.57,25.78,26.08
2025-07-09T00:00,2025-07-09,0,25.22,25.06,24.52,25.16,25.06,24.98,25.29,25.6,25.58,25.87
2025-07-09T01:00,2025-07-09,1,25.14,25.0,24.25,25.11,24.89,24.91,25.27,25.72,25.47,25.73
2025-07-09T02:00,2025-07-09,2,25.04,24.96,24.21,24.95,24.76,24.83,25.14,25.66,25.39,25.55
2025-07-09T03:00,2025-07-09,3,24.98,24.92,24.22,24.99,24.77,24.81,24.99,25.6,25.17,25.43
2025-07-09T04:00,2025-07-09,4,24.91,24.94,24.08,24.86,24.75,24.71,25.01,25.52,25.05,25.21
2025-07-09T05:00,2025-07-09,5,24.85,24.93,23.97,24.82,24.74,24.66,24.97,25.44,24.93,25.07
2025-07-09T06:00,2025-07-09,6,24.94,25.08,24.22,24.84,24.7,24.67,25.08,25.46,24.99,25.15
2025-07-09T07:00,2025-07-09,7,25.62,25.6,24.8,25.29,25.48,25.17,25.67,25.78,25.96,26.55
2025-07-09T08:00,2025-07-09,8,25.95,25.78,25.3,25.41,25.8,25.47,25.85,25.96,26.46,27.46
2025-07-09T09:00,2025-07-09,9,26.4,26.18,26.13,25.51,26.37,26.09,26.16,26.31,26.85,28.15
2025-07-09T10:00,2025-07-09,10,26.61,26.22,26.18,25.51,26.48,26.08,26.97,27.16,26.92,28.57
2025-07-09T11:00,2025-07-09,11,26.85,26.22,27.02,25.63,26.56,26.02,27.54,27.96,26.78,29.25
2025-07-09T12:00,2025-07-09,12,26.92,26.36,25.98,25.73,26.4,26.48,27.82,28.38,26.69,29.67
2025-07-09T13:00,2025-07-09,13,27.2,26.67,25.92,26.43,26.31,26.81,27.72,28.1,26.98,30.57
2025-07-09T14:00,2025-07-09,14,27.45,26.92,26.81,27.12,26.22,27.03,27.84,27.61,27.07,30.83
2025-07-09T15:00,2025-07-09,15,27.47,27.24,26.5,27.45,25.83,26.79,27.68,27.22,27.4,30.5
2025-07-09T16:00,2025-07-09,16,27.29,26.74,27.23,26.94,25.72,26.61,27.75,27.63,27.6,29.71
2025-07-09T17:00,2025-07-09,17,26.97,26.5,26.53,26.74,25.71,26.15,27.84,27.53,27.36,28.6
2025-07-09T18:00,2025-07-09,18,26.64,26.4,26.07,26.43,25.7,25.9,27.54,27.19,26.67,27.85
2025-07-09T19:00,2025-07-09,19,25.65,25.45,25.03,25.47,25.24,25.31,26.22,26.46,25.68,26.38
2025-07-09T20:00,2025-07-09,20,25.47,25.34,24.92,25.33,25.16,25.12,26.0,26.14,25.48,25.96
2025-07-09T21:00,2025-07-09,21,25.36,25.28,24.87,25.3,25.1,25.04,25.88,25.97,25.39,25.58
2025-07-09T22:00,2025-07-09,22,25.26,25.21,24.76,25.29,25.06,24.86,25.71,25.83,25.31,25.33
2025-07-09T23:00,2025-07-09,23,25.17,25.14,24.68,25.2,25.05,24.83,25.52,25.82,25.21,25.2
2025-07-10T00:00,2025-07-10,0,25.07,25.06,24.59,25.07,25.0,24.65,25.41,25.73,25.08,25.14
2025-07-10T01:00,2025-07-10,1,25.01,25.0,24.43,25.06,24.93,24.54,25.34,25.66,25.03,25.08
2025-07-10T02:00,2025-07-10,2,24.86,24.83,24.31,24.88,24.7,24.3,25.2,25.58,25.01,24.92
2025-07-10T03:00,2025-07-10,3,24.78,24.69,24.27,24.87,24.68,24.21,25.1,25.59,24.94,24.76
2025-07-10T04:00,2025-07-10,4,24.64,24.56,24.12,24.63,24.56,24.08,25.01,25.43,24.86,24.68
2025-07-10T05:00,2025-07-10,5,24.61,24.52,24.11,24.64,24.5,24.01,25.0,25.39,24.76,24.69
2025-07-10T06:00,2025-07-10,6,24.73,24.74,24.51,24.69,24.51,24.02,25.07,25.37,24.76,24.8
2025-07-10T07:00,2025-07-10,7,25.69,25.75,25.34,25.69,25.29,25.49,25.78,25.83,25.68,26.06
2025-07-10T08:00,2025-07-10,8,26.27,26.22,26.65,26.16,26.18,26.43,26.05,26.43,25.98,26.71
2025-07-10T09:00,2025-07-10,9,26.89,26.71,27.86,26.6,26.25,26.94,26.83,27.21,26.4,27.82
2025-07-10T10:00,2025-07-10,10,27.6,27.32,29.04,27.7,26.63,27.31,27.58,27.65,27.0,28.67
2025-07-10T11:00,2025-07-10,11,28.23,28.27,28.14,28.11,27.86,28.08,28.27,28.19,27.72,29.24
2025-07-10T12:00,2025-07-10,12,28.59,28.57,27.06,28.25,29.29,28.45,28.76,28.55,28.82,29.41
2025-07-10T13:00,2025-07-10,13,28.94,28.55,28.66,27.87,29.61,29.32,29.55,28.24,29.09,30.24
2025-07-10T14:00,2025-07-10,14,29.26,28.26,28.95,28.15,30.23,30.13,30.01,29.64,29.29,31.11
2025-07-10T15:00,2025-07-10,15,29.26,28.45,29.06,28.13,29.71,29.88,30.06,29.7,29.09,31.19
2025-07-10T16:00,2025-07-10,16,28.85,28.12,28.56,28.0,29.06,28.88,29.69,29.34,28.86,30.63
2025-07-10T17:00,2025-07-10,17,28.58,28.14,27.91,28.1,28.83,27.12,29.51,28.6,28.86,30.31
2025-07-10T18:00,2025-07-10,18,28.2,27.98,27.35,27.78,28.31,27.1,29.05,28.05,28.52,29.37
2025-07-10T19:00,2025-07-10,19,27.05,26.82,26.97,27.08,26.67,26.05,27.84,27.34,26.8,27.95
2025-07-10T20:00,2025-07-10,20,26.71,26.62,26.64,26.83,26.22,25.78,27.43,27.05,26.42,27.28
2025-07-10T21:00,2025-07-10,21,26.47,26.43,26.34,26.6,25.95,25.64,27.14,26.92,26.18,26.86
2025-07-10T22:00,2025-07-10,22,26.28,26.23,25.96,26.37,25.87,25.59,26.87,26.9,26.08,26.58
2025-07-10T23:00,2025-07-10,23,26.1,26.03,25.78,26.16,25.8,25.48,26.67,26.78,25.95,26.38
2025-07-11T00:00,2025-07-11,0,25.91,25.84,25.64,25.87,25.64,25.41,26.42,26.6,25.82,26.09
2025-07-11T01:00,2025-07-11,1,25.65,25.66,25.47,25.48,25.39,25.16,26.1,26.2,25.6,25.81
2025-07-11T02:00,2025-07-11,2,25.46,25.5,25.32,25.16,25.22,25.12,25.77,25.89,25.47,25.6
2025-07-11T03:00,2025-07-11,3,25.3,25.4,24.99,25.21,25.0,24.92,25.55,25.6,25.33,25.43
2025-07-11T04:00,2025-07-11,4,25.14,25.16,24.82,25.12,24.85,24.82,25.25,25.7,25.22,25.26
2025-07-11T05:00,2025-07-11,5,25.04,25.05,24.58,25.04,24.75,24.71,25.19,25.7,25.14,25.16
2025-07-11T06:00,2025-07-11,6,25.25,25.22,25.09,25.22,25.14,25.06,25.26,25.77,25.27,25.39
2025-07-11T07:00,2025-07-11,7,26.68,26.48,27.01,26.15,26.91,27.34,26.43,26.06,26.99,27.17
2025-07-11T08:00,2025-07-11,8,27.72,27.35,28.33,27.1,27.92,29.09,27.28,26.9,28.09,28.28
2025-07-11T09:00,2025-07-11,9,28.82,28.19,29.75,28.15,29.33,30.31,28.38,27.86,29.24,29.56
2025-07-11T10:00,2025-07-11,10,29.86,29.32,30.26,29.38,30.64,31.44,29.47,28.79,30.09,30.61
2025-07-11T11:00,2025-07-11,11,30.65,30.09,31.1,30.0,31.47,32.27,30.41,29.43,30.9,31.4
2025-07-11T12:00,2025-07-11,12,31.27,30.69,31.09,30.82,31.77,33.04,31.25,30.48,31.6,32.01
2025-07-11T13:00,2025-07-11,13,31.53,31.1,30.95,31.12,32.19,33.6,31.34,30.69,31.39,32.54
2025-07-11T14:00,2025-07-11,14,31.66,31.42,30.49,31.62,32.43,34.01,31.39,30.59,31.06,32.78
2025-07-11T15:00,2025-07-11,15,31.73,31.78,30.08,31.45,32.57,33.79,31.01,30.18,31.85,32.75
2025-07-11T16:00,2025-07-11,16,31.47,31.7,29.51,31.06,32.05,33.49,30.73,29.72,31.8,32.49
2025-07-11T17:00,2025-07-11,17,30.83,31.06,28.79,30.55,30.55,32.42,30.5,29.6,31.6,31.46
2025-07-11T18:00,2025-07-11,18,30.07,30.16,28.04,29.47,30.16,31.54,29.96,28.98,30.84,30.97
2025-07-11T19:00,2025-07-11,19,29.0,28.91,27.67,28.64,29.83,30.21,28.04,27.81,29.56,30.29
2025-07-11T20:00,2025-07-11,20,28.34,28.25,27.01,27.97,28.94,29.44,27.62,27.48,28.79,29.64
2025-07-11T21:00,2025-07-11,21,27.88,27.74,26.7,27.57,28.34,28.78,27.34,27.25,28.23,29.09
2025-07-11T22:00,2025-07-11,22,27.53,27.39,26.49,27.19,27.99,28.35,27.2,27.03,27.75,28.56
2025-07-11T23:00,2025-07-11,23,27.22,27.05,26.21,26.81,27.67,28.08,27.08,26.85,27.31,28.27
2025-07-12T00:00,2025-07-12,0,26.94,26.74,25.89,26.54,27.37,27.62,26.93,26.7,27.04,28.05
2025-07-12T01:00,2025-07-12,1,26.6,26.41,25.77,26.37,26.88,26.81,26.73,26.43,26.64,27.63
2025-07-12T02:00,2025-07-12,2,26.3,26.24,25.37,26.08,26.61,26.18,26.47,26.17,26.36,27.11
2025-07-12T03:00,2025-07-12,3,26.05,26.05,25.04,25.89,26.33,25.81,26.16,25.96,26.22,26.78
2025-07-12T04:00,2025-07-12,4,25.86,25.85,24.96,25.75,26.13,25.61,25.89,25.84,26.02,26.5
2025-07-12T05:00,2025-07-12,5,25.71,25.75,24.89,25.62,25.93,25.51,25.66,25.55,25.87,26.34
2025-07-12T06:00,2025-07-12,6,26.02,26.06,25.32,25.96,26.39,25.99,25.65,25.58,26.15,26.74
2025-07-12T07:00,2025-07-12,7,28.04,27.94,27.39,27.08,28.57,28.49,27.66,27.66,28.58,29.18
2025-07-12T08:00,2025-07-12,8,29.28,29.06,28.94,28.59,29.65,29.4,29.02,28.67,29.79,30.5
2025-07-12T09:00,2025-07-12,9,30.45,30.15,29.98,29.89,30.95,30.62,30.54,29.67,30.87,31.6
2025-07-12T10:00,2025-07-12,10,31.52,31.17,31.07,31.11,31.95,31.93,31.74,30.62,31.82,32.58
2025-07-12T11:00,2025-07-12,11,32.31,31.99,31.42,31.99,32.67,32.89,32.61,31.46,32.56,33.39
2025-07-12T12:00,2025-07-12,12,32.79,32.58,30.64,32.57,33.15,33.78,33.19,32.11,33.13,33.97
2025-07-12T13:00,2025-07-12,13,33.07,32.96,29.5,32.97,33.61,34.4,33.6,32.39,33.54,34.36
2025-07-12T14:00,2025-07-12,14,33.13,33.21,29.08,32.48,33.82,34.66,33.78,32.49,33.78,34.36
2025-07-12T15:00,2025-07-12,15,33.02,33.21,28.92,32.31,34.08,35.04,33.14,31.79,33.95,34.06
2025-07-12T16:00,2025-07-12,16,32.51,33.03,29.24,31.71,33.91,34.49,31.07,30.74,33.52,33.71
2025-07-12T17:00,2025-07-12,17,31.72,32.37,28.71,29.97,33.58,33.51,30.55,29.93,32.88,32.73
2025-07-12T18:00,2025-07-12,18,30.65,30.61,28.1,29.39,32.77,32.12,29.9,29.24,31.71,32.01
2025-07-12T19:00,2025-07-12,19,29.95,29.78,27.53,29.29,31.1,30.29,29.5,29.07,30.91,31.79
2025-07-12T20:00,2025-07-12,20,29.28,29.16,27.11,28.73,30.06,29.77,28.94,28.52,30.03,30.99
2025-07-12T21:00,2025-07-12,21,28.84,28.74,26.93,28.28,29.46,29.45,28.57,28.21,29.42,30.38
2025-07-12T22:00,2025-07-12,22,28.48,28.37,26.76,28.02,29.06,29.22,28.19,27.86,29.0,29.84
2025-07-12T23:00,2025-07-12,23,28.18,28.17,26.36,27.64,28.78,28.99,27.91,27.67,28.55,29.43
2025-07-13T00:00,2025-07-13,0,27.85,27.91,26.0,27.33,28.46,28.76,27.64,27.46,28.31,28.59
2025-07-13T01:00,2025-07-13,1,27.53,27.58,25.81,27.15,28.2,28.55,27.36,27.22,28.01,27.88
2025-07-13T02:00,2025-07-13,2,27.19,27.16,25.61,26.85,27.9,28.25,27.04,27.06,27.64,27.43
2025-07-13T03:00,2025-07-13,3,26.91,26.97,25.46,26.52,27.59,27.83,26.83,26.92,27.09,27.1
2025-07-13T04:00,2025-07-13,4,26.68,26.79,25.07,26.45,27.41,27.49,26.71,26.83,26.74,26.78
2025-07-13T05:00,2025-07-13,5,26.49,26.52,24.99,26.18,26.98,27.23,26.68,26.99,26.58,26.55
2025-07-13T06:00,2025-07-13,6,26.61,26.44,25.13,26.16,27.34,27.47,27.0,27.18,26.67,26.86
2025-07-13T07:00,2025-07-13,7,28.35,27.93,27.04,27.77,29.03,29.32,28.88,27.79,28.15,30.05
2025-07-13T08:00,2025-07-13,8,29.57,29.25,28.24,29.15,30.54,30.93,29.42,27.85,29.5,31.52
2025-07-13T09:00,2025-07-13,9,30.91,30.7,29.71,30.37,31.81,32.36,30.37,29.02,31.08,32.83
2025-07-13T10:00,2025-07-13,10,32.02,31.99,30.98,31.09,33.03,33.58,31.1,30.17,32.48,33.62
2025-07-13T11:00,2025-07-13,11,32.56,32.5,31.49,31.75,33.69,34.6,31.42,30.14,33.31,33.9
2025-07-13T12:00,2025-07-13,12,32.48,32.55,30.22,31.36,34.61,34.84,31.63,28.89,33.75,33.62
2025-07-13T13:00,2025-07-13,13,32.06,31.81,29.79,30.82,34.75,35.08,31.33,28.11,33.72,32.95
2025-07-13T14:00,2025-07-13,14,31.07,29.97,29.87,29.69,34.17,35.07,29.94,28.49,32.28,32.69
2025-07-13T15:00,2025-07-13,15,30.28,29.17,29.73,29.56,33.04,34.89,29.24,29.29,29.4,32.09
2025-07-13T16:00,2025-07-13,16,29.84,29.11,29.38,29.71,31.29,33.1,28.94,29.63,28.68,31.51
2025-07-13T17:00,2025-07-13,17,29.28,29.05,27.9,29.56,29.63,31.12,28.89,29.44,28.45,30.54
2025-07-13T18:00,2025-07-13,18,28.84,28.89,26.61,29.13,29.12,29.84,28.64,28.94,28.31,30.08
2025-07-13T19:00,2025-07-13,19,28.34,27.81,26.93,27.86,29.29,29.14,28.0,27.27,29.04,30.25
2025-07-13T20:00,2025-07-13,20,27.76,27.38,26.75,27.48,28.53,27.96,27.46,26.75,28.32,29.35
2025-07-13T21:00,2025-07-13,21,27.42,27.18,26.58,27.18,28.07,27.46,27.05,26.53,27.8,28.9
2025-07-13T22:00,2025-07-13,22,27.14,27.07,26.29,26.95,27.41,26.82,26.91,26.43,27.48,28.4
2025-07-13T23:00,2025-07-13,23,26.9,26.86,25.95,26.68,27.19,26.59,26.65,26.25,27.39,28.03
2025-07-14T00:00,2025-07-14,0,26.7,26.8,25.85,26.53,26.65,26.28,26.49,26.21,27.12,27.62
2025-07-14T01:00,2025-07-14,1,26.51,26.65,25.73,26.21,26.38,26.11,26.29,26.02,27.03,27.29
2025-07-14T02:00,2025-07-14,2,26.26,26.48,25.55,25.88,26.06,25.94,26.12,25.81,26.89,26.71
2025-07-14T03:00,2025-07-14,3,26.03,26.17,25.1,25.75,26.01,25.86,26.0,25.81,26.62,26.31
2025-07-14T04:00,2025-07-14,4,25.8,25.8,24.97,25.64,25.68,25.7,25.86,25.78,26.46,25.93
2025-07-14T05:00,2025-07-14,5,25.64,25.63,24.89,25.52,25.55,25.59,25.74,25.77,26.18,25.68
2025-07-14T06:00,2025-07-14,6,25.69,25.77,24.88,25.51,25.66,25.71,25.73,25.77,26.13,25.74
2025-07-14T07:00,2025-07-14,7,26.56,26.77,25.95,26.13,26.57,27.12,26.13,26.26,26.77,26.93
2025-07-14T08:00,2025-07-14,8,26.87,26.96,26.76,26.25,27.35,27.41,26.32,26.28,27.27,27.08
2025-07-14T09:00,2025-07-14,9,27.18,27.49,26.62,26.39,28.15,27.64,26.57,26.56,27.69,27.07
2025-07-14T10:00,2025-07-14,10,27.52,27.55,26.56,26.91,28.66,28.6,26.75,26.77,28.32,27.6
2025-07-14T11:00,2025-07-14,11,27.97,27.44,27.21,27.3,28.69,29.29,27.11,26.73,29.38,29.17
2025-07-14T12:00,2025-07-14,12,28.61,27.79,28.08,27.54,30.43,31.34,27.1,26.72,29.72,30.55
2025-07-14T13:00,2025-07-14,13,28.85,28.67,28.16,27.97,29.59,30.75,27.08,27.22,29.18,31.36
2025-07-14T14:00,2025-07-14,14,28.54,27.78,28.49,28.15,28.15,30.57,26.7,27.64,29.43,31.27
2025-07-14T15:00,2025-07-14,15,28.25,27.66,27.66,27.91,28.13,29.4,26.54,27.11,29.11,31.31
2025-07-14T16:00,2025-07-14,16,27.92,27.72,27.44,27.0,29.05,28.34,26.46,26.92,28.37,30.25
2025-07-14T17:00,2025-07-14,17,27.4,26.89,26.97,27.44,27.63,28.02,26.44,27.06,27.66,29.3
2025-07-14T18:00,2025-07-14,18,27.01,26.62,26.54,27.17,26.64,27.56,26.4,26.82,27.19,28.61
2025-07-14T19:00,2025-07-14,19,26.65,26.29,26.24,26.28,26.74,26.86,26.34,26.5,27.08,27.99
2025-07-14T20:00,2025-07-14,20,26.46,26.15,26.14,26.13,26.57,26.68,26.33,26.52,26.65,27.53
2025-07-14T21:00,2025-07-14,21,26.36,26.07,25.94,26.2,26.37,26.49,26.43,26.63,26.39,27.31
2025-07-14T22:00,2025-07-14,22,26.25,26.03,25.77,26.21,26.18,26.31,26.37,26.59,26.13,27.09
2025-07-14T23:00,2025-07-14,23,26.14,26.05,25.68,26.14,26.16,26.17,26.08,26.55,25.86,26.84
2025-07-15T00:00,2025-07-15,0,26.0,26.04,25.57,26.14,25.94,26.02,25.69,26.46,25.71,26.57
2025-07-15T01:00,2025-07-15,1,25.89,26.0,25.41,26.08,25.88,25.98,25.25,26.26,25.73,26.36
2025-07-15T02:00,2025-07-15,2,25.75,25.91,25.24,25.98,25.68,25.94,25.08,25.85,25.63,26.15
2025-07-15T03:00,2025-07-15,3,25.6,25.81,25.27,25.81,25.66,25.69,24.82,25.47,25.46,25.97
2025-07-15T04:00,2025-07-15,4,25.52,25.64,25.24,25.73,25.69,25.65,24.86,25.4,25.4,25.82
2025-07-15T05:00,2025-07-15,5,25.34,25.37,25.16,25.39,25.63,25.59,24.82,25.23,25.29,25.67
2025-07-15T06:00,2025-07-15,6,25.32,25.06,25.41,25.21,25.74,25.94,24.86,25.29,25.39,25.7
2025-07-15T07:00,2025-07-15,7,26.54,26.54,25.99,26.69,26.21,27.19,26.89,27.73,25.86,26.5
2025-07-15T08:00,2025-07-15,8,27.17,26.98,27.22,27.33,26.1,28.16,27.72,28.61,26.47,27.1
2025-07-15T09:00,2025-07-15,9,27.83,27.52,27.95,28.23,26.38,29.17,28.91,29.75,26.97,27.18
2025-07-15T10:00,2025-07-15,10,28.42,28.35,29.24,29.42,26.7,29.44,29.35,30.08,27.34,26.88
2025-07-15T11:00,2025-07-15,11,28.96,29.26,30.27,29.72,28.16,28.87,29.52,28.86,28.3,27.2
2025-07-15T12:00,2025-07-15,12,29.09,29.01,31.16,29.84,29.44,29.5,28.64,28.32,28.47,27.84
2025-07-15T13:00,2025-07-15,13,29.3,29.18,30.2,29.79,29.34,30.33,28.89,29.74,28.52,28.74
2025-07-15T14:00,2025-07-15,14,29.5,28.98,30.39,30.77,29.95,30.66,28.91,30.78,27.98,29.31
2025-07-15T15:00,2025-07-15,15,29.68,29.52,30.48,30.47,30.64,30.36,29.55,30.85,28.03,28.86
2025-07-15T16:00,2025-07-15,16,29.85,30.2,30.01,30.52,29.46,30.86,30.2,30.69,28.23,28.82
2025-07-15T17:00,2025-07-15,17,29.52,30.05,29.19,29.93,29.04,30.69,30.13,30.0,27.83,28.63
2025-07-15T18:00,2025-07-15,18,28.8,29.37,28.38,29.28,28.72,29.5,29.0,29.25,27.74,27.51
2025-07-15T19:00,2025-07-15,19,27.34,27.01,27.93,27.65,27.16,28.21,27.81,27.6,26.85,26.87
2025-07-15T20:00,2025-07-15,20,27.0,26.72,27.34,27.28,26.86,27.57,27.39,27.29,26.65,26.67
2025-07-15T21:00,2025-07-15,21,26.76,26.6,26.84,27.07,26.57,26.87,27.18,27.19,26.51,26.49
2025-07-15T22:00,2025-07-15,22,26.6,26.54,26.53,26.95,26.34,26.33,27.05,27.07,26.33,26.43
2025-07-15T23:00,2025-07-15,23,26.48,26.39,26.4,26.84,26.07,26.16,26.88,27.0,26.26,26.43
2025-07-16T00:00,2025-07-16,0,26.33,26.24,26.25,26.74,25.83,25.75,26.7,26.94,26.14,26.41
2025-07-16T01:00,2025-07-16,1,26.14,26.13,25.83,26.56,25.6,25.34,26.68,26.75,26.04,26.04
2025-07-16T02:00,2025-07-16,2,25.98,26.06,25.55,26.38,25.43,25.07,26.57,26.29,25.91,25.95
2025-07-16T03:00,2025-07-16,3,25.85,26.04,25.39,26.29,25.02,25.03,26.36,25.96,25.75,25.86
2025-07-16T04:00,2025-07-16,4,25.66,25.89,25.25,25.97,24.93,24.99,26.07,25.7,25.48,25.74
2025-07-16T05:00,2025-07-16,5,25.5,25.72,25.11,25.88,24.69,24.93,25.9,25.63,25.2,25.67
2025-07-16T06:00,2025-07-16,6,25.63,26.01,25.45,26.13,24.58,24.99,25.88,26.04,25.08,25.55
2025-07-16T07:00,2025-07-16,7,27.08,27.55,27.59,28.03,26.19,25.81,26.89,27.32,26.53,26.54
2025-07-16T08:00,2025-07-16,8,28.02,28.48,28.99,29.06,27.13,26.63,28.12,28.51,27.3,26.84
2025-07-16T09:00,2025-07-16,9,29.0,29.58,30.03,30.01,27.61,27.28,29.67,29.79,28.53,27.11
2025-07-16T10:00,2025-07-16,10,30.06,30.57,31.08,30.82,29.06,28.4,30.93,30.81,29.94,27.73
2025-07-16T11:00,2025-07-16,11,30.93,31.5,31.38,31.23,30.45,29.23,32.07,31.18,31.27,28.54
2025-07-16T12:00,2025-07-16,12,31.23,32.1,31.75,30.47,29.95,30.01,31.86,31.25,32.09,29.48
2025-07-16T13:00,2025-07-16,13,31.28,32.11,31.48,30.86,30.61,30.77,30.41,30.58,32.44,30.16
2025-07-16T14:00,2025-07-16,14,30.99,31.26,30.81,31.4,31.12,31.44,30.0,30.73,31.35,30.34
2025-07-16T15:00,2025-07-16,15,30.24,29.82,30.56,30.99,31.5,31.12,29.72,30.42,29.51,30.07
2025-07-16T16:00,2025-07-16,16,29.75,29.65,30.26,30.2,30.12,31.11,29.27,30.07,28.72,29.49
2025-07-16T17:00,2025-07-16,17,29.41,29.33,29.37,29.95,28.55,30.34,29.13,29.96,29.14,29.39
2025-07-16T18:00,2025-07-16,18,28.88,28.99,28.56,29.21,28.15,29.54,29.06,29.37,28.88,28.11
2025-07-16T19:00,2025-07-16,19,27.61,27.13,27.65,28.18,27.82,28.54,28.15,28.32,26.97,27.24
2025-07-16T20:00,2025-07-16,20,27.18,26.84,27.03,27.65,27.28,27.69,27.79,28.06,26.64,26.77
2025-07-16T21:00,2025-07-16,21,26.94,26.72,26.61,27.44,26.9,27.39,27.5,27.75,26.44,26.53
2025-07-16T22:00,2025-07-16,22,26.73,26.68,26.27,27.25,26.62,26.63,27.3,27.46,26.34,26.3
2025-07-16T23:00,2025-07-16,23,26.55,26.66,26.11,27.03,26.21,25.93,27.15,27.31,26.21,26.11
2025-07-17T00:00,2025-07-17,0,26.44,26.59,26.06,26.95,26.13,25.75,27.01,27.15,26.14,25.83
2025-07-17T01:00,2025-07-17,1,26.34,26.53,25.97,26.82,26.05,25.69,26.85,26.89,26.11,25.73
2025-07-17T02:00,2025-07-17,2,26.2,26.35,25.88,26.73,25.78,25.53,26.75,26.77,26.01,25.61
2025-07-17T03:00,2025-07-17,3,26.0,26.17,25.57,26.53,25.47,25.14,26.58,26.69,25.87,25.42
2025-07-17T04:00,2025-07-17,4,25.84,26.01,25.5,26.33,25.15,24.81,26.48,26.58,25.77,25.32
2025-07-17T05:00,2025-07-17,5,25.7,25.8,25.31,26.04,25.01,24.81,26.4,26.53,25.75,25.22
2025-07-17T06:00,2025-07-17,6,25.78,25.74,25.38,26.05,24.9,24.83,26.57,26.74,26.01,25.53
2025-07-17T07:00,2025-07-17,7,26.86,26.39,26.69,27.49,25.97,25.86,27.75,28.02,26.96,27.1
2025-07-17T08:00,2025-07-17,8,27.66,27.07,28.01,28.2,26.52,26.15,28.75,28.93,27.84,28.05
2025-07-17T09:00,2025-07-17,9,28.65,28.05,28.94,28.42,27.85,27.47,29.97,29.7,29.22,28.99
2025-07-17T10:00,2025-07-17,10,29.43,28.42,29.86,28.72,28.16,29.38,31.2,30.53,30.38,29.93
2025-07-17T11:00,2025-07-17,11,30.25,29.0,30.98,29.4,29.14,30.57,31.97,31.23,31.38,30.86
2025-07-17T12:00,2025-07-17,12,30.91,29.51,31.7,30.32,30.1,31.41,32.59,31.6,31.9,31.58
2025-07-17T13:00,2025-07-17,13,31.3,30.36,31.03,30.88,31.18,31.69,32.89,30.73,32.23,31.89
2025-07-17T14:00,2025-07-17,14,31.43,30.91,30.26,30.86,31.69,31.83,32.75,29.78,32.36,32.37
2025-07-17T15:00,2025-07-17,15,31.44,31.14,29.6,30.89,32.02,31.8,32.05,29.85,32.53,32.59
2025-07-17T16:00,2025-07-17,16,31.06,30.77,29.12,30.64,31.52,31.94,31.09,29.9,31.95,32.53
2025-07-17T17:00,2025-07-17,17,30.6,30.65,28.77,29.97,30.79,30.63,30.62,29.79,31.43,31.93
2025-07-17T18:00,2025-07-17,18,29.78,29.81,28.42,28.89,30.2,29.59,30.19,29.08,30.49,30.76
2025-07-17T19:00,2025-07-17,19,28.25,27.99,27.79,28.41,28.52,28.68,28.17,27.42,28.69,28.68
2025-07-17T20:00,2025-07-17,20,27.7,27.48,27.22,27.71,27.83,28.12,27.75,27.28,28.04,28.03
2025-07-17T21:00,2025-07-17,21,27.36,27.16,26.81,27.24,27.31,27.66,27.61,27.21,27.73,27.7
2025-07-17T22:00,2025-07-17,22,27.05,26.85,26.52,26.9,27.07,26.96,27.46,27.02,27.4,27.38
2025-07-17T23:00,2025-07-17,23,26.75,26.56,26.12,26.63,26.74,26.52,27.35,26.82,27.05,27.05
2025-07-18T00:00,2025-07-18,0,26.53,26.42,25.8,26.35,26.43,26.15,27.26,26.96,26.71,26.78
2025-07-18T01:00,2025-07-18,1,26.3,26.19,25.53,26.22,26.03,25.76,27.15,26.93,26.38,26.58
2025-07-18T02:00,2025-07-18,2,26.12,26.08,25.23,26.05,25.79,25.43,27.07,26.69,26.24,26.31
2025-07-18T03:00,2025-07-18,3,25.92,25.88,25.06,25.74,25.66,25.06,26.97,26.54,26.04,26.16
2025-07-18T04:00,2025-07-18,4,25.81,25.8,24.72,25.69,25.67,24.99,26.82,26.39,25.97,25.97
2025-07-18T05:00,2025-07-18,5,25.67,25.77,24.62,25.23,25.55,24.82,26.56,26.36,25.92,25.83
2025-07-18T06:00,2025-07-18,6,25.89,26.04,24.71,25.45,25.88,25.06,26.68,26.58,26.18,26.0
2025-07-18T07:00,2025-07-18,7,27.8,28.33,26.18,26.5,27.8,27.2,28.65,27.61,28.57,27.97
2025-07-18T08:00,2025-07-18,8,28.83,29.33,26.65,28.03,28.52,28.42,29.5,28.1,29.86,29.22
2025-07-18T09:00,2025-07-18,9,29.93,30.17,27.72,29.4,29.78,29.81,30.41,29.29,31.04,30.44
2025-07-18T10:00,2025-07-18,10,30.94,30.91,29.41,30.6,30.83,31.03,31.13,30.41,31.89,31.62
2025-07-18T11:00,2025-07-18,11,31.65,31.43,30.4,31.54,31.3,32.01,31.89,31.38,32.48,32.33
2025-07-18T12:00,2025-07-18,12,31.95,31.59,30.72,32.03,31.8,31.97,32.41,30.93,32.92,32.86
2025-07-18T13:00,2025-07-18,13,31.59,30.31,30.65,31.19,32.28,32.22,32.71,30.49,32.98,33.05
2025-07-18T14:00,2025-07-18,14,31.0,29.8,30.43,30.33,30.26,32.64,31.55,28.85,33.16,32.88
2025-07-18T15:00,2025-07-18,15,30.82,30.48,29.49,29.12,29.82,32.64,30.51,29.21,33.08,32.72
2025-07-18T16:00,2025-07-18,16,30.71,30.48,28.62,29.52,30.84,31.91,30.22,30.01,32.07,32.76
2025-07-18T17:00,2025-07-18,17,30.07,29.27,28.39,29.36,30.7,31.35,29.72,30.03,30.98,32.35
2025-07-18T18:00,2025-07-18,18,29.34,28.65,27.88,28.8,29.89,30.25,29.13,29.51,30.05,31.24
2025-07-18T19:00,2025-07-18,19,28.81,28.84,27.46,28.21,29.06,29.38,28.63,28.07,29.62,29.58
2025-07-18T20:00,2025-07-18,20,28.19,28.09,26.94,27.74,28.76,28.39,28.16,27.74,28.77,29.07
2025-07-18T21:00,2025-07-18,21,27.69,27.54,26.56,27.28,28.16,27.35,27.87,27.43,28.23,28.64
2025-07-18T22:00,2025-07-18,22,27.37,27.16,26.38,27.0,27.81,26.85,27.74,27.23,27.81,28.36
2025-07-18T23:00,2025-07-18,23,27.11,26.95,26.03,26.82,27.4,26.55,27.63,27.18,27.46,27.85
2025-07-19T00:00,2025-07-19,0,26.9,26.8,26.04,26.65,27.07,26.28,27.55,27.16,27.15,27.28
2025-07-19T01:00,2025-07-19,1,26.68,26.68,25.78,26.57,26.79,26.09,27.35,26.96,26.86,26.83
2025-07-19T02:00,2025-07-19,2,26.44,26.47,25.43,26.46,26.21,25.72,27.12,26.86,26.63,26.6
2025-07-19T03:00,2025-07-19,3,26.22,26.35,25.32,26.25,25.52,25.43,26.92,26.68,26.43,26.36
2025-07-19T04:00,2025-07-19,4,26.07,26.17,25.18,26.03,25.48,25.22,26.77,26.61,26.32,26.24
2025-07-19T05:00,2025-07-19,5,25.93,26.09,24.91,25.79,25.51,25.25,26.61,26.36,26.14,26.02
2025-07-19T06:00,2025-07-19,6,26.12,26.4,25.06,25.91,25.62,25.22,26.79,26.78,26.39,26.1
2025-07-19T07:00,2025-07-19,7,27.94,28.49,26.14,27.0,27.99,27.05,28.79,27.74,28.6,28.07
2025-07-19T08:00,2025-07-19,8,29.24,29.76,27.19,28.64,29.2,28.39,30.05,28.88,30.0,29.28
2025-07-19T09:00,2025-07-19,9,30.38,30.77,28.11,29.77,30.53,29.66,31.23,29.79,31.37,30.57
2025-07-19T10:00,2025-07-19,10,31.26,31.57,29.41,30.82,31.19,30.49,32.12,30.34,32.21,31.47
2025-07-19T11:00,2025-07-19,11,31.92,32.13,30.49,31.42,31.91,30.7,32.84,30.89,32.87,32.4
2025-07-19T12:00,2025-07-19,12,32.25,32.42,30.97,31.1,32.2,31.17,33.32,31.57,33.19,33.04
2025-07-19T13:00,2025-07-19,13,32.31,32.53,29.6,31.11,32.34,31.93,33.32,31.79,33.45,33.42
2025-07-19T14:00,2025-07-19,14,32.34,32.4,29.77,31.21,32.66,32.66,33.38,31.82,33.37,33.09
2025-07-19T15:00,2025-07-19,15,31.94,31.99,29.45,30.49,32.77,32.16,32.55,31.4,33.34,32.74
2025-07-19T16:00,2025-07-19,16,31.74,31.73,29.43,30.69,32.44,31.38,32.73,30.93,33.11,32.33
2025-07-19T17:00,2025-07-19,17,31.14,31.01,28.87,30.51,31.81,30.88,32.09,30.08,32.43,31.81
2025-07-19T18:00,2025-07-19,18,30.3,30.29,28.23,29.72,30.4,30.26,30.68,29.29,31.61,31.25
2025-07-19T19:00,2025-07-19,19,29.55,29.74,27.51,28.76,30.1,29.51,29.45,28.74,30.76,30.29
2025-07-19T20:00,2025-07-19,20,28.98,29.13,27.02,28.29,29.29,28.85,29.04,28.36,30.1,29.76
2025-07-19T21:00,2025-07-19,21,28.59,28.86,26.81,27.97,28.98,28.08,28.7,28.0,29.71,28.98
2025-07-19T22:00,2025-07-19,22,28.2,28.45,26.64,27.76,28.72,27.65,28.47,27.69,29.29,28.0
2025-07-19T23:00,2025-07-19,23,27.79,28.14,26.39,27.58,28.31,27.02,28.21,27.53,28.78,26.92
2025-07-20T00:00,2025-07-20,0,27.54,27.93,26.3,27.34,27.81,26.29,28.04,27.35,28.3,27.08
2025-07-20T01:00,2025-07-20,1,27.27,27.7,26.23,27.19,27.18,25.85,27.82,27.24,27.92,26.74
2025-07-20T02:00,2025-07-20,2,27.02,27.48,26.02,26.9,26.87,25.59,27.61,27.16,27.65,26.36
2025-07-20T03:00,2025-07-20,3,26.76,27.21,25.42,26.7,26.53,25.46,27.4,26.94,27.47,26.15
2025-07-20T04:00,2025-07-20,4,26.58,27.01,25.16,26.42,26.3,25.39,27.24,26.74,27.36,26.1
2025-07-20T05:00,2025-07-20,5,26.42,26.75,25.12,26.3,26.0,25.36,27.1,26.66,27.11,26.13
2025-07-20T06:00,2025-07-20,6,26.49,26.8,25.4,26.47,25.87,25.38,27.16,26.97,27.03,26.19
2025-07-20T07:00,2025-07-20,7,27.65,28.63,26.8,27.23,25.54,25.78,28.76,28.15,28.26,26.9
2025-07-20T08:00,2025-07-20,8,28.2,29.15,27.96,27.86,26.05,25.79,30.05,28.98,28.39,26.93
2025-07-20T09:00,2025-07-20,9,28.75,29.46,29.15,28.53,26.33,25.87,31.07,29.89,28.8,27.41
2025-07-20T10:00,2025-07-20,10,29.32,29.67,30.24,29.33,26.71,26.77,31.71,30.69,29.46,27.81
2025-07-20T11:00,2025-07-20,11,29.69,29.56,30.42,30.13,27.72,27.43,32.25,31.31,29.81,28.14
2025-07-20T12:00,2025-07-20,12,29.9,29.6,29.95,30.52,28.54,28.85,32.23,31.2,29.85,28.61
2025-07-20T13:00,2025-07-20,13,30.22,30.41,28.52,30.88,28.74,29.76,32.56,31.23,30.17,28.84
2025-07-20T14:00,2025-07-20,14,30.45,30.96,28.78,30.44,29.4,30.73,32.05,31.62,29.98,29.34
2025-07-20T15:00,2025-07-20,15,30.81,31.35,29.49,30.48,30.15,31.07,32.44,30.75,30.33,30.12
2025-07-20T16:00,2025-07-20,16,30.93,31.49,29.81,30.67,30.58,31.16,31.6,30.63,30.75,30.52
2025-07-20T17:00,2025-07-20,17,30.65,31.01,29.64,30.43,30.46,31.0,30.83,30.26,30.71,30.67
2025-07-20T18:00,2025-07-20,18,30.02,30.18,29.19,29.69,29.87,30.3,30.2,29.34,30.32,30.4
2025-07-20T19:00,2025-07-20,19,28.82,29.03,27.75,28.69,28.42,28.56,29.3,28.42,29.24,29.01
2025-07-20T20:00,2025-07-20,20,28.27,28.44,27.32,28.01,27.83,28.02,28.88,28.11,28.72,28.33
2025-07-20T21:00,2025-07-20,21,27.88,28.0,27.11,27.63,27.33,27.61,28.54,27.73,28.41,27.86
2025-07-20T22:00,2025-07-20,22,27.59,27.7,26.99,27.31,27.03,27.24,28.26,27.49,28.04,27.56
2025-07-20T23:00,2025-07-20,23,27.31,27.43,26.67,27.12,26.87,26.87,28.0,27.33,27.75,27.14
2025-07-21T00:00,2025-07-21,0,27.06,27.2,26.54,26.92,26.64,26.58,27.8,27.04,27.29,26.82
2025-07-21T01:00,2025-07-21,1,26.8,26.96,26.29,26.76,26.49,26.49,27.48,26.81,26.87,26.48
2025-07-21T02:00,2025-07-21,2,26.53,26.65,25.86,26.55,26.34,26.34,27.19,26.7,26.51,26.28
2025-07-21T03:00,2025-07-21,3,26.37,26.56,25.27,26.51,26.26,26.24,27.01,26.55,26.33,26.05
2025-07-21T04:00,2025-07-21,4,26.19,26.34,25.2,26.28,26.11,26.06,26.88,26.52,26.1,25.91
2025-07-21T05:00,2025-07-21,5,25.99,26.14,24.84,25.93,25.85,26.0,26.67,26.47,25.94,25.8
2025-07-21T06:00,2025-07-21,6,26.16,26.39,24.91,25.94,26.22,26.21,26.91,26.57,26.03,25.96
2025-07-21T07:00,2025-07-21,7,27.98,28.58,26.52,28.17,28.1,27.86,28.16,28.5,27.51,27.5
2025-07-21T08:00,2025-07-21,8,29.09,29.74,27.94,28.82,29.41,29.09,28.85,28.96,28.96,28.83
2025-07-21T09:00,2025-07-21,9,30.22,30.79,29.12,29.68,30.95,30.43,29.83,29.43,30.36,30.22
2025-07-21T10:00,2025-07-21,10,31.2,31.45,30.39,30.83,31.99,31.49,30.64,30.6,31.53,31.38
2025-07-21T11:00,2025-07-21,11,31.97,31.97,31.49,31.74,32.71,32.52,31.64,31.42,32.23,32.04
2025-07-21T12:00,2025-07-21,12,32.45,32.48,31.4,32.34,33.12,33.28,32.25,31.79,32.78,32.52
2025-07-21T13:00,2025-07-21,13,32.73,32.78,31.33,32.4,33.45,33.94,32.75,32.12,33.04,32.78
2025-07-21T14:00,2025-07-21,14,32.43,32.89,29.23,31.36,33.45,34.26,33.03,31.89,32.74,32.47
2025-07-21T15:00,2025-07-21,15,32.0,32.28,29.76,30.64,33.31,34.24,32.49,30.29,32.48,32.1
2025-07-21T16:00,2025-07-21,16,31.5,31.89,29.5,30.71,32.94,34.04,30.09,29.09,32.43,32.02
2025-07-21T17:00,2025-07-21,17,31.03,31.12,28.69,30.45,32.3,33.32,29.87,29.48,31.98,31.81
2025-07-21T18:00,2025-07-21,18,30.26,30.3,28.21,29.67,31.31,31.76,29.81,29.13,30.83,31.15
2025-07-21T19:00,2025-07-21,19,29.44,29.26,27.63,29.19,30.07,30.58,29.64,28.89,30.19,29.68
2025-07-21T20:00,2025-07-21,20,28.92,28.78,27.05,28.63,29.49,30.02,29.16,28.6,29.5,29.19
2025-07-21T21:00,2025-07-21,21,28.58,28.51,26.73,28.31,29.03,29.59,28.85,28.44,29.12,28.79
2025-07-21T22:00,2025-07-21,22,28.34,28.33,26.53,28.12,28.67,29.07,28.52,28.26,28.87,28.6
2025-07-21T23:00,2025-07-21,23,28.04,28.02,26.28,27.96,28.32,28.44,28.26,27.95,28.59,28.33
2025-07-22T00:00,2025-07-22,0,27.71,27.77,26.07,27.67,27.97,27.37,27.95,27.69,28.27,28.09
2025-07-22T01:00,2025-07-22,1,27.37,27.51,25.92,27.11,27.17,26.8,27.75,27.48,27.98,27.84
2025-07-22T02:00,2025-07-22,2,27.05,27.19,25.7,26.75,26.64,26.51,27.55,27.16,27.68,27.48
2025-07-22T03:00,2025-07-22,3,26.82,27.09,25.46,26.25,26.28,26.25,27.36,27.04,27.47,27.18
2025-07-22T04:00,2025-07-22,4,26.61,26.89,25.25,26.08,26.03,26.12,27.23,26.98,27.33,26.63
2025-07-22T05:00,2025-07-22,5,26.45,26.68,25.14,25.8,26.01,25.96,27.2,26.83,27.15,26.46
2025-07-22T06:00,2025-07-22,6,26.52,26.76,25.17,25.92,26.03,26.04,27.45,26.95,27.17,26.43
2025-07-22T07:00,2025-07-22,7,28.49,28.66,27.99,28.09,27.88,27.33,29.23,29.09,29.23,28.15
2025-07-22T08:00,2025-07-22,8,29.33,29.27,29.3,29.11,28.47,28.36,30.37,30.25,30.1,28.54
2025-07-22T09:00,2025-07-22,9,30.08,29.47,30.3,30.35,29.57,29.63,31.29,31.22,30.87,29.02
2025-07-22T10:00,2025-07-22,10,30.88,30.32,31.01,31.36,30.97,31.03,32.1,31.88,31.22,29.32
2025-07-22T11:00,2025-07-22,11,31.77,31.67,31.82,32.2,31.92,31.95,32.69,32.33,31.74,30.07
2025-07-22T12:00,2025-07-22,12,32.4,32.58,31.69,32.44,32.47,32.65,33.31,32.72,32.35,31.19
2025-07-22T13:00,2025-07-22,13,32.74,33.05,31.68,32.12,33.13,33.37,33.7,32.87,32.75,31.75
2025-07-22T14:00,2025-07-22,14,32.84,33.16,31.28,32.19,33.49,33.72,33.84,32.67,32.88,32.01
2025-07-22T15:00,2025-07-22,15,32.72,33.06,30.72,32.04,33.41,34.06,34.0,32.0,32.37,32.38
2025-07-22T16:00,2025-07-22,16,32.29,32.8,30.33,31.21,33.0,33.91,32.77,31.19,32.16,32.51
2025-07-22T17:00,2025-07-22,17,31.72,32.14,29.69,30.99,32.47,33.34,32.13,30.69,31.52,31.89
2025-07-22T18:00,2025-07-22,18,30.89,31.37,28.87,30.18,30.78,32.56,31.29,29.89,30.89,31.23
2025-07-22T19:00,2025-07-22,19,29.82,30.4,28.18,29.17,29.39,30.51,30.71,29.12,29.92,29.58
2025-07-22T20:00,2025-07-22,20,29.24,29.7,27.59,28.79,28.66,30.08,30.1,28.85,29.38,28.92
2025-07-22T21:00,2025-07-22,21,28.84,29.32,27.31,28.34,28.38,29.41,29.65,28.53,28.99,28.55
2025-07-22T22:00,2025-07-22,22,28.38,28.68,26.8,28.02,28.21,28.36,29.29,28.24,28.66,28.28
2025-07-22T23:00,2025-07-22,23,27.95,28.22,26.35,27.68,27.99,26.85,28.86,28.0,28.46,28.0
2025-07-23T00:00,2025-07-23,0,27.64,27.86,26.06,27.26,27.6,26.57,28.56,27.61,28.28,27.83
2025-07-23T01:00,2025-07-23,1,27.31,27.61,25.9,26.94,26.51,26.29,28.16,27.4,28.04,27.56
2025-07-23T02:00,2025-07-23,2,27.09,27.38,25.66,26.75,26.45,26.11,27.91,27.18,27.73,27.36
2025-07-23T03:00,2025-07-23,3,26.83,26.91,25.61,26.46,26.39,26.05,27.66,27.05,27.47,27.11
2025-07-23T04:00,2025-07-23,4,26.61,26.68,25.61,26.0,26.15,26.06,27.43,26.9,27.24,26.89
2025-07-23T05:00,2025-07-23,5,26.45,26.55,25.4,25.72,26.1,25.9,27.23,26.73,27.08,26.75
2025-07-23T06:00,2025-07-23,6,26.64,26.59,25.78,25.84,26.3,26.1,27.53,27.23,27.31,26.99
2025-07-23T07:00,2025-07-23,7,28.8,29.0,27.2,27.62,28.58,28.14,29.67,29.13,29.6,29.45
2025-07-23T08:00,2025-07-23,8,30.11,30.39,28.51,28.95,30.2,29.09,30.74,30.11,31.02,30.89
2025-07-23T09:00,2025-07-23,9,31.22,31.44,30.0,30.41,31.61,30.31,31.32,30.63,32.18,31.99
2025-07-23T10:00,2025-07-23,10,32.09,32.08,31.08,31.53,32.65,31.77,32.21,30.83,32.95,32.87
2025-07-23T11:00,2025-07-23,11,32.83,32.75,31.73,32.36,33.51,32.96,32.9,31.71,33.51,33.62
2025-07-23T12:00,2025-07-23,12,33.53,33.45,32.25,33.15,34.07,33.96,33.69,32.69,34.09,34.12
2025-07-23T13:00,2025-07-23,13,33.92,34.02,32.06,33.46,34.47,34.53,34.13,33.17,34.48,34.38
2025-07-23T14:00,2025-07-23,14,34.14,34.4,31.63,33.59,34.75,34.96,34.38,33.47,34.66,34.66
2025-07-23T15:00,2025-07-23,15,34.15,34.43,30.9,33.8,34.94,35.28,34.35,33.65,34.65,34.69
2025-07-23T16:00,2025-07-23,16,33.84,34.19,29.85,33.45,34.78,35.16,34.29,33.06,34.32,34.46
2025-07-23T17:00,2025-07-23,17,33.34,33.84,29.34,32.82,34.24,34.65,34.03,31.94,33.79,33.94
2025-07-23T18:00,2025-07-23,18,32.32,32.86,28.81,31.62,33.38,33.64,32.75,30.73,32.6,33.04
2025-07-23T19:00,2025-07-23,19,31.43,31.85,28.55,30.95,31.86,31.85,31.94,30.38,31.95,32.08
2025-07-23T20:00,2025-07-23,20,30.62,30.94,28.08,30.17,31.01,31.05,31.13,29.79,31.09,31.21
2025-07-23T21:00,2025-07-23,21,30.05,30.46,27.8,29.1,30.72,30.57,30.37,29.34,30.43,30.67
2025-07-23T22:00,2025-07-23,22,29.37,29.9,27.37,27.63,30.25,30.21,29.09,28.96,30.06,30.13
2025-07-23T23:00,2025-07-23,23,28.65,28.82,26.61,26.91,29.8,29.73,28.63,28.57,29.28,29.67
2025-07-24T00:00,2025-07-24,0,27.95,27.8,26.2,26.57,29.39,28.4,28.35,28.0,28.22,29.22
2025-07-24T01:00,2025-07-24,1,27.37,27.12,26.06,26.29,28.12,27.22,28.07,27.54,27.51,28.93
2025-07-24T02:00,2025-07-24,2,26.97,26.76,26.01,26.09,26.91,26.52,27.68,27.09,27.08,28.71
2025-07-24T03:00,2025-07-24,3,26.74,26.54,25.69,26.12,26.76,26.21,27.49,26.85,26.91,28.09
2025-07-24T04:00,2025-07-24,4,26.62,26.49,25.56,26.02,26.7,26.03,27.29,26.82,26.78,27.81
2025-07-24T05:00,2025-07-24,5,26.49,26.38,25.56,25.76,26.53,26.01,27.19,26.78,26.71,27.52
2025-07-24T06:00,2025-07-24,6,26.54,26.33,25.79,25.9,26.66,25.93,27.24,26.78,26.88,27.5
2025-07-24T07:00,2025-07-24,7,27.6,26.96,26.85,26.64,27.91,27.22,27.63,26.61,28.81,30.01
2025-07-24T08:00,2025-07-24,8,28.29,27.35,28.17,27.67,28.82,27.96,27.83,27.4,29.64,30.71
2025-07-24T09:00,2025-07-24,9,29.33,28.6,29.93,29.2,30.08,29.65,28.24,28.25,30.46,30.51
2025-07-24T10:00,2025-07-24,10,30.47,30.24,31.15,30.59,31.24,31.43,28.71,29.46,30.72,31.26
2025-07-24T11:00,2025-07-24,11,31.56,31.45,31.98,31.74,32.24,32.77,29.67,30.78,31.16,32.83
2025-07-24T12:00,2025-07-24,12,32.4,32.2,32.47,32.37,33.35,34.27,30.76,31.33,32.21,33.46
2025-07-24T13:00,2025-07-24,13,33.03,32.75,32.71,33.01,34.08,34.98,31.86,31.79,32.82,34.12
2025-07-24T14:00,2025-07-24,14,33.27,33.2,31.18,33.19,34.58,35.47,32.53,32.02,32.93,34.64
2025-07-24T15:00,2025-07-24,15,33.12,33.27,30.22,32.67,34.87,35.66,32.57,31.93,32.69,34.41
2025-07-24T16:00,2025-07-24,16,32.62,33.18,29.29,31.01,34.61,35.37,32.22,31.71,31.95,34.18
2025-07-24T17:00,2025-07-24,17,31.73,31.84,27.91,29.51,33.66,34.57,31.88,31.22,31.72,33.99
2025-07-24T18:00,2025-07-24,18,30.58,29.99,27.33,28.51,31.55,33.12,31.38,30.48,31.25,33.15
2025-07-24T19:00,2025-07-24,19,29.7,29.8,27.17,29.02,30.25,31.2,29.98,29.22,30.33,30.12
2025-07-24T20:00,2025-07-24,20,29.0,29.34,26.92,28.04,29.63,30.37,29.29,28.71,29.73,28.55
2025-07-24T21:00,2025-07-24,21,28.42,28.82,26.72,27.43,29.25,29.35,28.95,28.02,28.76,27.99
2025-07-24T22:00,2025-07-24,22,27.89,27.79,26.37,27.3,28.79,28.45,28.55,27.84,28.37,27.83
2025-07-24T23:00,2025-07-24,23,27.41,27.17,26.11,27.13,27.85,27.3,28.17,27.51,27.93,27.69
2025-07-25T00:00,2025-07-25,0,27.17,27.0,26.16,26.94,27.43,26.92,27.61,27.19,27.73,27.51
2025-07-25T01:00,2025-07-25,1,26.92,26.99,26.11,26.58,27.18,26.67,26.82,26.87,27.44,27.26
2025-07-25T02:00,2025-07-25,2,26.74,26.81,25.96,26.5,27.17,26.58,26.63,26.74,27.14,26.91
2025-07-25T03:00,2025-07-25,3,26.59,26.51,25.91,26.48,27.04,26.53,26.53,26.61,26.89,26.86
2025-07-25T04:00,2025-07-25,4,26.55,26.39,25.88,26.66,26.83,26.55,26.48,26.56,26.89,26.86
2025-07-25T05:00,2025-07-25,5,26.54,26.49,25.97,26.77,26.71,26.42,26.4,26.51,26.74,26.8
2025-07-25T06:00,2025-07-25,6,26.68,26.7,26.12,26.86,26.84,26.66,26.33,26.67,26.82,26.93
2025-07-25T07:00,2025-07-25,7,28.01,27.97,27.67,28.31,28.67,28.01,27.29,27.61,28.17,28.35
2025-07-25T08:00,2025-07-25,8,28.89,29.16,26.83,29.43,29.55,30.23,27.69,28.03,29.15,29.26
2025-07-25T09:00,2025-07-25,9,29.93,30.46,27.68,29.47,30.93,32.21,28.86,28.76,30.18,30.15
2025-07-25T10:00,2025-07-25,10,30.8,31.13,28.91,29.47,32.38,33.23,30.43,29.18,31.23,31.0
2025-07-25T11:00,2025-07-25,11,31.22,30.92,29.57,29.62,33.43,33.59,31.17,29.42,32.27,31.82
2025-07-25T12:00,2025-07-25,12,31.51,30.61,29.13,30.35,34.06,34.17,31.51,29.63,32.83,32.93
2025-07-25T13:00,2025-07-25,13,31.62,31.57,29.08,29.93,33.15,33.65,31.21,30.14,32.38,33.61
2025-07-25T14:00,2025-07-25,14,31.34,30.84,28.94,30.53,32.17,32.89,31.26,29.71,32.11,33.94
2025-07-25T15:00,2025-07-25,15,31.12,31.0,28.36,30.06,32.62,33.26,30.56,28.34,31.8,33.61
2025-07-25T16:00,2025-07-25,16,30.58,30.73,27.07,29.32,32.68,32.06,30.23,27.69,31.73,32.51
2025-07-25T17:00,2025-07-25,17,29.87,29.52,26.93,28.62,31.77,31.18,29.7,27.53,31.34,31.99
2025-07-25T18:00,2025-07-25,18,29.05,28.78,26.63,27.45,30.54,30.49,28.65,27.53,30.53,30.93
2025-07-25T19:00,2025-07-25,19,28.35,28.46,25.91,27.2,29.63,28.65,27.45,26.97,29.81,30.11
2025-07-25T20:00,2025-07-25,20,27.91,27.88,25.92,26.77,28.98,28.49,27.14,26.84,29.42,29.37
2025-07-25T21:00,2025-07-25,21,27.52,27.46,25.78,26.41,28.4,27.82,26.93,26.89,28.84,28.87
2025-07-25T22:00,2025-07-25,22,27.24,27.14,25.79,26.2,27.79,27.43,26.79,26.88,28.38,28.65
2025-07-25T23:00,2025-07-25,23,26.95,26.91,25.66,25.89,27.33,27.0,26.65,26.6,27.93,28.36
2025-07-26T00:00,2025-07-26,0,26.66,26.53,25.56,25.74,27.08,26.84,26.51,26.35,27.53,27.82
2025-07-26T01:00,2025-07-26,1,26.44,26.33,25.38,25.61,26.9,26.7,26.31,26.0,27.23,27.41
2025-07-26T02:00,2025-07-26,2,26.26,26.09,25.26,25.54,26.85,26.58,26.22,25.83,27.05,27.05
2025-07-26T03:00,2025-07-26,3,26.13,26.06,24.98,25.45,26.75,26.43,26.04,25.47,26.95,26.86
2025-07-26T04:00,2025-07-26,4,26.02,26.02,24.84,25.4,26.68,26.45,25.84,25.17,26.75,26.74
2025-07-26T05:00,2025-07-26,5,26.01,26.04,24.87,25.4,26.78,26.4,25.82,25.13,26.63,26.67
2025-07-26T06:00,2025-07-26,6,26.09,26.07,25.09,25.41,26.92,26.86,25.86,25.31,26.62,26.63
2025-07-26T07:00,2025-07-26,7,27.16,26.96,26.26,26.19,28.04,28.61,27.0,26.76,27.68,27.68
2025-07-26T08:00,2025-07-26,8,27.82,27.42,26.86,27.18,28.75,29.74,27.47,26.82,28.5,28.55
2025-07-26T09:00,2025-07-26,9,28.82,28.85,27.62,28.01,29.76,30.54,28.14,27.44,29.41,29.62
2025-07-26T10:00,2025-07-26,10,29.47,29.4,28.03,28.65,30.51,31.14,28.76,27.24,30.34,30.76
2025-07-26T11:00,2025-07-26,11,29.95,29.61,27.35,29.28,31.06,32.02,29.73,28.14,30.93,31.59
2025-07-26T12:00,2025-07-26,12,30.22,30.65,28.41,29.31,29.8,28.89,30.14,28.62,31.52,32.18
2025-07-26T13:00,2025-07-26,13,30.35,30.17,28.7,29.49,30.05,29.5,30.66,29.5,31.66,32.46
2025-07-26T14:00,2025-07-26,14,30.32,29.8,28.84,29.0,31.31,29.8,30.92,30.12,31.71,31.84
2025-07-26T15:00,2025-07-26,15,30.37,30.33,28.55,29.62,29.68,29.28,31.12,30.55,31.68,31.62
2025-07-26T16:00,2025-07-26,16,30.25,30.43,28.4,29.61,29.49,29.03,30.97,30.0,31.46,31.32
2025-07-26T17:00,2025-07-26,17,29.86,29.88,27.7,29.3,29.65,29.09,30.53,29.37,30.89,31.18
2025-07-26T18:00,2025-07-26,18,29.25,29.34,27.3,28.67,29.14,28.53,29.82,28.83,30.27,30.25
2025-07-26T19:00,2025-07-26,19,28.2,27.96,26.48,27.91,28.5,27.65,28.31,27.98,28.97,29.81
2025-07-26T20:00,2025-07-26,20,27.82,27.7,26.02,27.53,27.79,27.14,28.0,27.61,28.62,29.31
2025-07-26T21:00,2025-07-26,21,27.54,27.66,25.51,27.07,27.54,26.86,27.75,27.41,28.31,28.77
2025-07-26T22:00,2025-07-26,22,27.29,27.48,25.3,26.69,27.31,26.65,27.6,27.33,28.05,28.26
2025-07-26T23:00,2025-07-26,23,26.99,27.32,25.39,26.37,26.38,26.4,27.33,27.22,27.82,27.52
2025-07-27T00:00,2025-07-27,0,26.76,27.03,25.17,26.25,26.14,26.17,27.23,26.97,27.61,27.13
2025-07-27T01:00,2025-07-27,1,26.48,26.72,25.24,26.0,25.6,26.16,27.0,26.64,27.34,26.6
2025-07-27T02:00,2025-07-27,2,26.24,26.5,25.1,25.91,25.5,25.94,26.79,26.15,26.85,26.32
2025-07-27T03:00,2025-07-27,3,26.04,26.27,25.03,25.76,25.47,25.94,26.53,25.99,26.5,26.09
2025-07-27T04:00,2025-07-27,4,25.89,26.13,24.8,25.69,25.39,25.71,26.3,25.85,26.26,26.01
2025-07-27T05:00,2025-07-27,5,25.74,25.88,24.8,25.51,25.26,25.48,26.19,25.8,26.17,25.93
2025-07-27T06:00,2025-07-27,6,25.79,25.97,24.78,25.64,25.17,25.47,26.36,26.09,26.06,25.89
2025-07-27T07:00,2025-07-27,7,26.85,26.84,25.65,26.32,26.68,26.0,27.38,27.17,27.59,27.51
2025-07-27T08:00,2025-07-27,8,27.45,27.38,25.79,26.77,27.12,26.31,28.39,28.17,28.21,28.42
2025-07-27T09:00,2025-07-27,9,28.3,28.16,26.16,28.12,27.69,26.83,29.57,29.36,29.06,29.23
2025-07-27T10:00,2025-07-27,10,29.23,29.24,26.73,29.03,28.69,28.02,30.58,30.34,29.83,29.96
2025-07-27T11:00,2025-07-27,11,29.98,30.38,27.37,29.77,28.59,30.12,31.46,31.02,30.45,29.59
2025-07-27T12:00,2025-07-27,12,30.14,30.25,27.57,29.87,29.93,29.99,32.0,31.16,30.8,29.25
2025-07-27T13:00,2025-07-27,13,30.57,30.12,28.83,30.34,31.11,30.72,32.07,31.41,31.23,30.21
2025-07-27T14:00,2025-07-27,14,30.54,30.74,27.5,30.51,30.44,30.65,31.33,30.04,31.85,30.46
2025-07-27T15:00,2025-07-27,15,30.4,31.05,27.24,29.43,30.59,30.85,30.65,29.7,31.41,30.86
2025-07-27T16:00,2025-07-27,16,29.62,29.25,27.7,28.53,30.22,29.35,30.53,29.94,30.75,30.64
2025-07-27T17:00,2025-07-27,17,28.88,27.82,27.47,28.31,29.89,28.48,30.21,30.21,29.42,30.26
2025-07-27T18:00,2025-07-27,18,28.29,27.82,27.1,27.65,27.52,27.72,29.88,29.67,28.97,28.97
2025-07-27T19:00,2025-07-27,19,27.8,27.64,26.66,27.51,27.53,27.23,28.97,28.45,28.43,27.77
2025-07-27T20:00,2025-07-27,20,27.42,27.24,26.48,27.04,26.73,26.79,28.67,28.47,28.09,27.32
2025-07-27T21:00,2025-07-27,21,27.16,26.94,26.21,27.09,26.35,26.6,28.38,28.35,27.72,26.97
2025-07-27T22:00,2025-07-27,22,26.88,26.56,25.57,27.03,26.19,26.4,28.19,28.19,27.46,26.71
2025-07-27T23:00,2025-07-27,23,26.6,26.36,25.25,26.58,25.91,26.18,28.02,27.94,27.01,26.45
2025-07-28T00:00,2025-07-28,0,26.4,26.18,25.09,26.37,25.6,25.77,27.83,27.9,26.82,26.27
2025-07-28T01:00,2025-07-28,1,26.17,25.99,24.82,25.84,25.6,25.76,27.46,27.59,26.67,26.07
2025-07-28T02:00,2025-07-28,2,25.84,25.54,24.66,25.5,25.66,25.7,26.83,26.87,26.45,25.89
2025-07-28T03:00,2025-07-28,3,25.66,25.5,24.61,25.22,25.59,25.6,26.36,26.04,26.33,25.76
2025-07-28T04:00,2025-07-28,4,25.57,25.5,24.63,25.04,25.43,25.54,26.15,25.93,26.22,25.68
2025-07-28T05:00,2025-07-28,5,25.44,25.32,24.56,25.11,25.4,25.42,25.96,25.66,26.05,25.54
2025-07-28T06:00,2025-07-28,6,25.49,25.39,24.66,25.34,25.46,25.47,25.96,25.53,25.87,25.66
2025-07-28T07:00,2025-07-28,7,26.63,26.82,25.61,26.49,26.46,26.11,26.84,27.31,26.91,26.63
2025-07-28T08:00,2025-07-28,8,27.0,27.22,25.82,26.44,26.75,26.39,27.41,28.04,27.55,26.96
2025-07-28T09:00,2025-07-28,9,27.72,28.11,25.76,26.75,27.42,26.76,28.61,28.92,28.61,27.61
2025-07-28T10:00,2025-07-28,10,28.61,29.34,25.94,26.89,28.72,27.66,29.47,30.02,29.44,28.7
2025-07-28T11:00,2025-07-28,11,29.16,30.13,25.89,27.02,29.91,28.12,29.63,29.96,30.07,29.85
2025-07-28T12:00,2025-07-28,12,29.35,30.16,26.68,27.72,29.79,28.91,29.25,29.9,30.17,30.07
2025-07-28T13:00,2025-07-28,13,29.35,29.82,27.74,28.64,29.75,29.5,28.77,27.91,30.36,30.03
2025-07-28T14:00,2025-07-28,14,29.3,29.81,27.61,28.37,29.87,29.49,28.81,27.55,29.8,30.75
2025-07-28T15:00,2025-07-28,15,29.02,29.25,27.02,27.94,29.91,29.06,28.7,28.06,29.53,30.81
2025-07-28T16:00,2025-07-28,16,28.77,28.46,26.81,27.41,29.65,29.37,29.04,28.67,29.35,30.81
2025-07-28T17:00,2025-07-28,17,28.34,27.9,26.73,27.49,29.39,28.96,28.3,28.55,28.64,30.15
2025-07-28T18:00,2025-07-28,18,27.96,27.77,26.35,27.23,29.02,28.45,27.83,27.89,28.13,29.43
2025-07-28T19:00,2025-07-28,19,27.24,27.18,25.95,26.88,28.21,27.16,27.38,27.21,27.35,27.98
2025-07-28T20:00,2025-07-28,20,26.94,26.84,25.89,26.61,27.6,26.83,27.18,27.14,27.0,27.6
2025-07-28T21:00,2025-07-28,21,26.72,26.56,25.86,26.5,27.12,26.49,27.03,26.96,26.79,27.42
2025-07-28T22:00,2025-07-28,22,26.5,26.29,25.76,26.32,26.72,26.19,26.92,26.68,26.55,27.28
2025-07-28T23:00,2025-07-28,23,26.25,25.99,25.63,26.1,26.23,25.88,26.71,26.54,26.34,27.09
2025-07-29T00:00,2025-07-29,0,26.02,25.65,25.44,25.92,26.06,25.63,26.58,26.37,26.16,26.87
2025-07-29T01:00,2025-07-29,1,25.81,25.44,25.18,25.77,25.83,25.44,26.47,26.1,25.92,26.55
2025-07-29T02:00,2025-07-29,2,25.65,25.42,24.7,25.59,25.66,25.39,26.29,25.92,25.8,26.31
2025-07-29T03:00,2025-07-29,3,25.52,25.43,24.53,25.45,25.51,25.18,26.05,25.6,25.72,26.07
2025-07-29T04:00,2025-07-29,4,25.41,25.36,24.48,25.35,25.45,25.09,25.81,25.44,25.59,25.92
2025-07-29T05:00,2025-07-29,5,25.34,25.45,24.32,25.27,25.26,25.02,25.56,25.43,25.46,25.85
2025-07-29T06:00,2025-07-29,6,25.44,25.64,24.57,25.35,25.31,25.25,25.52,25.23,25.49,25.97
2025-07-29T07:00,2025-07-29,7,26.7,27.02,25.86,26.74,26.73,26.62,26.43,26.08,26.55,27.32
2025-07-29T08:00,2025-07-29,8,27.27,27.79,26.69,27.29,27.58,27.72,26.56,26.1,26.73,27.87
2025-07-29T09:00,2025-07-29,9,28.07,28.76,27.82,28.13,27.92,29.33,26.98,26.24,27.35,28.62
2025-07-29T10:00,2025-07-29,10,28.51,28.97,27.66,28.39,29.23,30.75,27.73,26.16,27.81,29.1
2025-07-29T11:00,2025-07-29,11,28.73,29.05,27.25,27.14,30.04,31.56,28.2,26.22,28.7,29.99
2025-07-29T12:00,2025-07-29,12,28.93,28.6,26.46,27.22,30.92,32.09,28.38,26.86,29.7,30.98
2025-07-29T13:00,2025-07-29,13,29.1,28.54,26.8,28.07,31.45,32.58,28.25,26.74,29.52,31.24
2025-07-29T14:00,2025-07-29,14,29.52,29.35,26.77,28.78,30.99,32.92,27.96,27.36,30.2,31.75
2025-07-29T15:00,2025-07-29,15,29.59,29.91,27.26,28.84,30.74,31.52,27.89,27.93,30.42,31.12
2025-07-29T16:00,2025-07-29,16,29.52,30.02,27.46,28.56,30.85,29.95,28.24,27.67,30.31,31.09
2025-07-29T17:00,2025-07-29,17,28.97,29.06,26.37,28.16,30.28,29.67,28.42,27.67,29.84,30.62
2025-07-29T18:00,2025-07-29,18,28.45,28.55,26.13,27.65,29.8,28.89,28.26,27.33,29.14,29.71
2025-07-29T19:00,2025-07-29,19,27.73,27.64,25.95,27.24,28.75,28.84,27.78,26.87,27.79,28.8
2025-07-29T20:00,2025-07-29,20,27.25,27.28,25.79,26.87,28.11,27.34,27.35,26.7,27.37,28.2
2025-07-29T21:00,2025-07-29,21,26.93,26.97,25.7,26.6,27.58,26.85,26.97,26.54,27.08,27.8
2025-07-29T22:00,2025-07-29,22,26.77,26.75,25.65,26.38,27.23,26.7,26.9,26.57,26.97,27.6
2025-07-29T23:00,2025-07-29,23,26.51,26.49,25.61,26.2,26.96,26.46,26.54,26.39,26.48,27.38
2025-07-30T00:00,2025-07-30,0,26.25,26.27,25.45,26.02,26.58,26.25,26.19,26.25,26.15,27.02
2025-07-30T01:00,2025-07-30,1,26.01,26.15,25.29,25.94,26.14,26.01,25.63,25.92,26.06,26.62
2025-07-30T02:00,2025-07-30,2,25.82,26.0,25.21,25.74,25.98,25.8,25.39,25.7,25.94,26.2
2025-07-30T03:00,2025-07-30,3,25.68,25.94,25.0,25.55,25.96,25.69,25.13,25.72,25.82,25.83
2025-07-30T04:00,2025-07-30,4,25.57,25.9,25.0,25.52,25.72,25.41,24.99,25.57,25.65,25.78
2025-07-30T05:00,2025-07-30,5,25.51,25.8,24.79,25.48,25.68,25.35,24.99,25.57,25.64,25.72
2025-07-30T06:00,2025-07-30,6,25.6,25.88,24.81,25.73,25.88,25.54,25.08,25.64,25.63,25.7
2025-07-30T07:00,2025-07-30,7,27.08,27.4,26.26,27.21,27.51,27.64,26.53,25.88,27.31,26.99
2025-07-30T08:00,2025-07-30,8,27.99,28.41,26.98,28.05,28.73,29.01,27.01,26.42,28.33,27.87
2025-07-30T09:00,2025-07-30,9,29.0,29.47,27.4,28.96,30.08,30.06,27.82,27.17,29.55,29.23
2025-07-30T10:00,2025-07-30,10,30.01,30.47,28.6,29.28,31.15,31.09,28.91,28.43,30.66,30.47
2025-07-30T11:00,2025-07-30,11,30.4,30.46,29.47,29.37,31.79,31.67,28.7,29.07,31.55,31.44
2025-07-30T12:00,2025-07-30,12,30.17,29.97,29.41,28.87,32.24,32.06,28.24,27.31,31.53,31.91
2025-07-30T13:00,2025-07-30,13,29.71,29.47,27.36,28.73,31.77,32.28,28.49,26.68,30.54,32.04
2025-07-30T14:00,2025-07-30,14,29.87,29.47,28.08,29.53,31.14,31.85,29.2,27.44,30.67,31.58
2025-07-30T15:00,2025-07-30,15,29.46,29.33,28.83,28.45,31.18,29.59,29.06,28.08,30.14,30.48
2025-07-30T16:00,2025-07-30,16,28.9,29.33,27.51,27.62,30.27,29.53,28.09,27.5,29.76,29.52
2025-07-30T17:00,2025-07-30,17,28.42,28.62,27.05,27.56,28.51,28.24,28.11,27.36,29.54,29.6
2025-07-30T18:00,2025-07-30,18,27.97,28.12,26.35,27.31,28.47,27.99,27.7,27.06,29.04,28.8
2025-07-30T19:00,2025-07-30,19,27.65,27.77,26.05,27.02,28.24,28.18,27.01,26.86,28.43,28.76
2025-07-30T20:00,2025-07-30,20,27.19,27.29,25.98,26.67,27.65,27.57,26.7,26.52,27.84,28.03
2025-07-30T21:00,2025-07-30,21,26.9,27.01,25.86,26.5,27.4,26.94,26.39,26.26,27.47,27.69
2025-07-30T22:00,2025-07-30,22,26.62,26.69,25.65,26.32,26.99,26.41,26.25,26.08,27.16,27.45
2025-07-30T23:00,2025-07-30,23,26.33,26.46,25.16,26.18,26.61,26.13,25.93,25.95,26.76,27.18
2025-07-31T00:00,2025-07-31,0,26.07,26.22,24.94,25.94,26.32,25.89,25.79,25.59,26.48,26.73
2025-07-31T01:00,2025-07-31,1,25.77,25.89,25.05,25.54,26.07,25.59,25.5,25.45,26.12,26.26
2025-07-31T02:00,2025-07-31,2,25.51,25.45,24.79,25.3,25.89,25.38,25.39,25.29,25.96,25.98
2025-07-31T03:00,2025-07-31,3,25.33,25.18,24.63,25.11,25.77,25.2,25.17,25.4,25.81,25.81
2025-07-31T04:00,2025-07-31,4,25.18,25.07,24.33,24.82,25.66,25.16,25.13,25.38,25.65,25.66
2025-07-31T05:00,2025-07-31,5,25.1,25.03,24.36,24.6,25.5,25.15,25.09,25.15,25.59,25.59
2025-07-31T06:00,2025-07-31,6,25.21,25.12,24.64,24.67,25.52,25.46,25.08,25.16,25.63,25.77
2025-07-31T07:00,2025-07-31,7,26.2,26.03,24.95,25.55,26.75,26.86,25.9,25.59,26.79,27.46
2025-07-31T08:00,2025-07-31,8,26.71,26.33,25.47,25.82,27.06,27.99,26.56,25.84,27.33,28.53
2025-07-31T09:00,2025-07-31,9,27.5,27.26,25.8,26.14,27.51,28.96,27.27,26.94,28.17,29.79
2025-07-31T10:00,2025-07-31,10,28.14,28.06,26.03,27.18,28.58,29.39,27.1,27.62,28.76,30.6
2025-07-31T11:00,2025-07-31,11,28.33,28.85,26.28,27.1,28.55,29.47,27.87,27.58,27.87,30.52
2025-07-31T12:00,2025-07-31,12,28.33,28.52,25.97,27.2,29.27,28.45,28.82,27.28,28.34,30.29
2025-07-31T13:00,2025-07-31,13,28.58,28.79,26.82,26.59,30.13,29.08,29.16,27.24,28.6,30.39
2025-07-31T14:00,2025-07-31,14,29.13,29.48,27.98,27.22,29.64,29.92,29.02,27.89,29.74,30.49
2025-07-31T15:00,2025-07-31,15,29.21,29.46,28.15,27.33,29.58,30.02,29.35,28.03,29.36,31.09
2025-07-31T16:00,2025-07-31,16,29.03,29.48,28.26,27.61,29.34,28.94,28.54,27.57,29.39,30.82
2025-07-31T17:00,2025-07-31,17,28.67,29.07,27.4,27.42,29.49,29.01,28.27,27.67,28.67,30.25
2025-07-31T18:00,2025-07-31,18,28.05,28.13,26.87,27.17,28.2,28.31,27.87,27.56,28.34,29.59
2025-07-31T19:00,2025-07-31,19,27.13,26.96,26.22,26.66,27.02,27.28,27.26,26.79,27.88,28.02
2025-07-31T20:00,2025-07-31,20,26.79,26.7,25.74,26.37,26.67,26.81,27.03,26.58,27.45,27.55
2025-07-31T21:00,2025-07-31,21,26.51,26.4,25.55,26.25,26.54,26.57,26.59,26.47,27.05,27.17
2025-07-31T22:00,2025-07-31,22,26.33,26.23,25.37,26.2,26.37,26.4,26.42,26.47,26.67,26.88
2025-07-31T23:00,2025-07-31,23,26.12,25.98,25.06,26.04,26.07,26.17,26.4,26.46,26.37,26.66
2025-08-01T00:00,2025-08-01,0,25.93,25.83,24.8,25.92,25.82,25.99,26.36,26.31,26.01,26.44
2025-08-01T01:00,2025-08-01,1,25.67,25.51,24.58,25.68,25.66,25.85,26.16,26.08,25.61,26.2
2025-08-01T02:00,2025-08-01,2,25.51,25.46,24.47,25.16,25.61,25.6,25.95,25.94,25.51,26.08
2025-08-01T03:00,2025-08-01,3,25.47,25.54,24.53,25.0,25.55,25.39,26.0,25.75,25.46,25.93
2025-08-01T04:00,2025-08-01,4,25.43,25.45,24.54,24.86,25.59,25.39,25.98,25.69,25.45,25.93
2025-08-01T05:00,2025-08-01,5,25.32,25.37,24.29,24.7,25.45,25.35,25.82,25.61,25.39,25.81
2025-08-01T06:00,2025-08-01,6,25.39,25.55,24.51,24.75,25.5,25.55,25.67,25.52,25.36,25.9
2025-08-01T07:00,2025-08-01,7,26.66,27.03,25.11,26.31,26.27,26.71,26.65,26.42,27.09,27.27
2025-08-01T08:00,2025-08-01,8,27.53,27.95,26.38,26.81,27.37,27.35,27.66,27.31,27.94,27.96
2025-08-01T09:00,2025-08-01,9,28.63,29.04,27.19,27.56,28.78,28.71,29.08,28.22,29.18,28.88
2025-08-01T10:00,2025-08-01,10,29.64,30.28,27.84,28.99,29.85,29.48,30.35,29.4,29.93,29.18
2025-08-01T11:00,2025-08-01,11,30.37,31.02,28.74,30.12,31.06,29.88,31.09,30.37,29.9,29.97
2025-08-01T12:00,2025-08-01,12,30.52,30.72,29.22,30.72,31.4,30.51,30.53,31.13,30.13,30.34
2025-08-01T13:00,2025-08-01,13,30.86,31.15,29.92,29.92,31.89,31.58,30.07,31.03,30.97,31.25
2025-08-01T14:00,2025-08-01,14,30.86,31.33,29.85,30.6,31.13,30.06,30.49,30.27,30.83,31.74
2025-08-01T15:00,2025-08-01,15,30.73,31.04,29.75,30.3,31.57,31.11,30.97,29.41,30.15,31.52
2025-08-01T16:00,2025-08-01,16,30.34,30.22,29.45,30.15,31.1,31.21,30.45,29.06,29.87,31.57
2025-08-01T17:00,2025-08-01,17,29.79,29.89,28.51,29.29,30.37,30.19,29.77,28.87,29.75,31.03
2025-08-01T18:00,2025-08-01,18,29.04,28.92,27.78,28.67,29.64,29.17,29.15,28.46,29.53,29.9
2025-08-01T19:00,2025-08-01,19,28.0,27.88,27.42,28.11,28.87,27.6,28.13,27.84,28.09,28.12
2025-08-01T20:00,2025-08-01,20,27.64,27.57,27.12,27.72,27.77,27.33,27.88,27.86,27.74,27.77
2025-08-01T21:00,2025-08-01,21,27.4,27.35,26.88,27.36,27.44,27.15,27.7,27.78,27.54,27.45
2025-08-01T22:00,2025-08-01,22,27.15,26.98,26.71,27.06,27.19,26.94,27.58,27.69,27.34,27.19
2025-08-01T23:00,2025-08-01,23,26.83,26.68,26.48,26.28,26.82,26.71,27.48,27.43,27.18,26.77
2025-08-02T00:00,2025-08-02,0,26.59,26.37,26.23,26.08,26.66,26.62,27.33,27.04,27.01,26.51
2025-08-02T01:00,2025-08-02,1,26.29,26.04,25.94,25.73,26.39,26.38,26.86,26.64,26.83,26.29
2025-08-02T02:00,2025-08-02,2,26.02,25.69,25.54,25.37,26.05,26.12,26.69,26.61,26.68,26.19
2025-08-02T03:00,2025-08-02,3,25.9,25.54,25.21,25.43,26.0,25.87,26.58,26.58,26.55,26.04
2025-08-02T04:00,2025-08-02,4,25.79,25.37,25.13,25.6,26.0,25.69,26.33,26.59,26.3,25.94
2025-08-02T05:00,2025-08-02,5,25.69,25.29,24.96,25.5,25.76,25.59,26.23,26.48,26.19,25.96
2025-08-02T06:00,2025-08-02,6,25.7,25.32,24.86,25.68,25.56,25.6,26.22,26.65,26.24,25.92
2025-08-02T07:00,2025-08-02,7,27.28,27.32,26.31,27.49,27.65,26.53,27.87,27.98,27.37,26.87
2025-08-02T08:00,2025-08-02,8,28.19,28.62,26.03,28.03,28.36,27.11,29.14,29.15,28.45,27.77
2025-08-02T09:00,2025-08-02,9,29.19,29.51,26.83,28.87,29.43,28.03,30.33,30.29,29.67,28.89
2025-08-02T10:00,2025-08-02,10,30.05,30.34,27.13,29.91,29.94,29.43,31.33,30.89,30.55,29.95
2025-08-02T11:00,2025-08-02,11,30.52,31.03,27.38,30.46,30.61,28.84,31.86,30.95,31.18,30.49
2025-08-02T12:00,2025-08-02,12,30.68,31.05,28.0,30.75,30.11,28.99,31.73,31.08,31.49,31.02
2025-08-02T13:00,2025-08-02,13,30.7,31.44,28.75,30.41,30.61,29.12,30.68,29.97,31.62,31.1
2025-08-02T14:00,2025-08-02,14,30.15,30.24,28.91,30.88,28.69,30.18,30.4,30.52,31.09,29.62
2025-08-02T15:00,2025-08-02,15,29.77,29.0,28.58,30.52,29.92,30.48,30.46,30.19,30.2,29.81
2025-08-02T16:00,2025-08-02,16,29.38,28.6,28.27,29.86,28.88,30.24,30.57,29.84,29.67,29.74
2025-08-02T17:00,2025-08-02,17,29.05,28.85,28.08,29.31,28.45,28.05,30.17,29.32,29.68,29.09
2025-08-02T18:00,2025-08-02,18,28.52,28.36,27.61,28.69,28.05,27.95,29.5,28.9,29.33,28.06
2025-08-02T19:00,2025-08-02,19,27.9,27.95,26.86,28.22,27.52,27.16,28.9,28.3,28.19,27.44
2025-08-02T20:00,2025-08-02,20,27.61,27.76,26.71,27.89,27.3,26.75,28.6,28.06,27.8,26.99
2025-08-02T21:00,2025-08-02,21,27.43,27.67,26.55,27.65,26.85,26.48,28.44,27.93,27.67,26.74
2025-08-02T22:00,2025-08-02,22,27.2,27.56,26.26,27.4,26.18,26.23,28.34,27.88,27.44,26.35
2025-08-02T23:00,2025-08-02,23,26.98,27.4,25.94,27.27,25.79,26.05,28.14,27.57,27.22,26.09
2025-08-03T00:00,2025-08-03,0,26.74,27.15,25.72,27.05,25.75,26.06,27.86,27.38,26.89,25.68
2025-08-03T01:00,2025-08-03,1,26.34,26.61,25.51,26.45,25.48,25.92,27.22,27.25,26.58,25.44
2025-08-03T02:00,2025-08-03,2,26.15,26.32,25.34,26.43,25.42,25.98,27.01,26.75,26.29,25.29
2025-08-03T03:00,2025-08-03,3,26.06,26.22,25.35,26.15,25.8,26.02,26.73,26.58,26.07,25.34
2025-08-03T04:00,2025-08-03,4,25.92,26.24,24.95,25.9,25.59,25.86,26.54,26.52,25.83,25.31
2025-08-03T05:00,2025-08-03,5,25.76,26.07,24.59,25.72,25.49,25.94,26.51,26.01,25.67,25.24
2025-08-03T06:00,2025-08-03,6,25.76,26.13,24.28,25.63,25.59,25.95,26.54,26.14,25.72,25.22
2025-08-03T07:00,2025-08-03,7,27.08,27.63,25.77,26.94,25.98,27.01,28.49,27.97,26.67,26.3
2025-08-03T08:00,2025-08-03,8,27.83,28.69,26.09,27.3,26.51,27.8,29.8,28.98,27.45,26.38
2025-08-03T09:00,2025-08-03,9,28.78,30.0,26.84,28.37,27.04,28.37,31.03,30.26,28.5,26.41
2025-08-03T10:00,2025-08-03,10,29.82,31.22,28.43,29.44,27.74,29.11,32.14,31.26,29.74,26.67
2025-08-03T11:00,2025-08-03,11,30.69,32.0,29.72,30.19,29.47,30.24,32.99,31.33,30.8,26.99
2025-08-03T12:00,2025-08-03,12,31.29,32.44,30.79,30.69,30.61,30.8,33.15,31.1,31.77,27.86
2025-08-03T13:00,2025-08-03,13,31.33,32.19,30.9,30.9,30.87,30.74,32.54,30.81,32.04,28.84
2025-08-03T14:00,2025-08-03,14,30.86,31.31,30.41,30.84,30.2,30.03,31.62,31.27,31.53,29.28
2025-08-03T15:00,2025-08-03,15,30.7,31.07,30.02,30.88,30.39,30.14,31.18,31.28,30.92,29.63
2025-08-03T16:00,2025-08-03,16,29.99,30.91,29.45,30.4,28.35,28.79,30.97,30.78,28.99,29.26
2025-08-03T17:00,2025-08-03,17,29.47,30.15,28.61,29.77,28.26,28.71,30.45,30.19,28.95,28.68
2025-08-03T18:00,2025-08-03,18,28.64,28.61,28.12,29.06,28.26,27.69,29.77,29.37,28.86,27.73
2025-08-03T19:00,2025-08-03,19,27.86,27.79,27.54,28.3,28.12,26.87,29.35,28.79,27.41,26.76
2025-08-03T20:00,2025-08-03,20,27.33,27.24,26.9,27.88,26.68,26.19,28.88,28.34,27.16,26.54
2025-08-03T21:00,2025-08-03,21,27.0,26.96,26.38,27.65,25.92,25.57,28.48,28.09,26.99,26.47
2025-08-03T22:00,2025-08-03,22,26.84,26.91,26.16,27.42,25.66,25.46,28.19,28.01,26.91,26.24
2025-08-03T23:00,2025-08-03,23,26.72,27.0,25.76,27.3,25.27,25.33,27.91,27.85,26.81,26.14
2025-08-04T00:00,2025-08-04,0,26.48,26.85,25.13,27.06,25.33,25.21,27.43,27.76,26.59,25.83
2025-08-04T01:00,2025-08-04,1,26.14,26.52,24.4,26.83,25.04,25.25,27.11,27.59,26.02,25.57
2025-08-04T02:00,2025-08-04,2,25.96,26.31,24.32,26.68,24.89,25.17,26.85,27.45,25.8,25.39
2025-08-04T03:00,2025-08-04,3,25.83,26.14,24.51,26.51,24.87,25.04,26.65,27.31,25.6,25.15
2025-08-04T04:00,2025-08-04,4,25.71,25.98,24.59,26.04,25.06,25.09,26.55,27.27,25.4,25.07
2025-08-04T05:00,2025-08-04,5,25.54,25.72,24.71,25.82,24.99,24.99,26.25,27.02,25.27,24.99
2025-08-04T06:00,2025-08-04,6,25.51,25.67,24.9,25.53,24.9,25.05,26.19,27.15,25.28,25.04
2025-08-04T07:00,2025-08-04,7,26.5,26.14,26.33,27.17,25.63,25.86,27.16,28.19,26.93,25.77
2025-08-04T08:00,2025-08-04,8,27.27,26.85,27.4,28.32,26.25,26.36,27.95,29.2,27.75,26.1
2025-08-04T09:00,2025-08-04,9,28.15,27.83,28.88,29.22,26.72,27.19,28.98,30.0,28.32,26.77
2025-08-04T10:00,2025-08-04,10,28.65,28.27,30.06,28.49,27.73,28.5,29.87,30.4,28.64,27.32
2025-08-04T11:00,2025-08-04,11,29.36,29.09,30.5,29.7,29.32,27.82,30.5,30.74,29.17,28.08
2025-08-04T12:00,2025-08-04,12,29.71,29.59,30.23,30.08,28.45,28.83,30.71,30.75,29.92,28.81
2025-08-04T13:00,2025-08-04,13,29.72,29.54,29.56,30.18,28.4,28.86,30.7,29.94,30.29,29.55
2025-08-04T14:00,2025-08-04,14,29.78,29.5,29.7,29.36,28.71,29.67,31.01,30.64,29.65,30.36
2025-08-04T15:00,2025-08-04,15,29.04,28.37,29.91,29.13,28.66,28.85,30.17,30.66,28.85,28.6
2025-08-04T16:00,2025-08-04,16,28.39,27.55,29.72,28.7,27.98,28.27,28.6,29.78,28.8,28.1
2025-08-04T17:00,2025-08-04,17,28.04,27.63,29.39,28.41,27.6,27.01,28.2,29.22,27.86,28.0
2025-08-04T18:00,2025-08-04,18,27.57,27.41,28.46,27.68,26.79,26.94,28.12,28.58,27.31,27.36
2025-08-04T19:00,2025-08-04,19,27.33,27.34,27.88,26.74,26.66,25.64,28.12,28.06,27.67,27.45
2025-08-04T20:00,2025-08-04,20,26.97,27.17,27.21,26.53,26.41,25.08,27.96,27.82,27.03,26.88
2025-08-04T21:00,2025-08-04,21,26.79,27.03,26.99,26.46,26.19,24.76,27.92,27.63,26.88,26.45
2025-08-04T22:00,2025-08-04,22,26.64,26.89,26.64,26.38,25.71,24.64,27.84,27.55,26.9,26.27
2025-08-04T23:00,2025-08-04,23,26.45,26.74,26.27,26.46,24.82,24.63,27.7,27.4,26.71,26.09
2025-08-05T00:00,2025-08-05,0,26.23,26.49,25.78,26.33,24.56,24.57,27.46,27.45,26.41,25.94
2025-08-05T01:00,2025-08-05,1,25.93,26.12,25.16,25.98,24.43,24.52,27.04,27.4,26.17,25.82
2025-08-05T02:00,2025-08-05,2,25.73,25.75,25.03,25.75,24.42,24.58,26.65,27.36,26.03,25.78
2025-08-05T03:00,2025-08-05,3,25.45,25.21,24.86,25.51,24.39,24.5,26.25,27.19,25.77,25.71
2025-08-05T04:00,2025-08-05,4,25.31,25.14,24.76,25.39,24.28,24.35,26.02,26.84,25.63,25.53
2025-08-05T05:00,2025-08-05,5,25.24,25.14,24.64,25.39,24.24,24.37,25.77,26.76,25.52,25.42
2025-08-05T06:00,2025-08-05,6,25.25,25.12,24.93,25.44,24.31,24.4,25.48,26.79,25.55,25.45
2025-08-05T07:00,2025-08-05,7,26.32,25.81,27.02,26.36,25.73,25.22,26.33,28.25,26.51,26.94
2025-08-05T08:00,2025-08-05,8,27.12,26.45,28.32,27.07,26.15,25.53,27.54,29.51,27.37,27.65
2025-08-05T09:00,2025-08-05,9,28.27,27.74,29.63,28.43,27.22,26.03,29.03,30.44,28.29,28.63
2025-08-05T10:00,2025-08-05,10,29.38,28.83,30.65,29.62,28.82,27.23,30.46,31.37,28.95,29.64
2025-08-05T11:00,2025-08-05,11,30.33,30.16,31.21,30.14,30.4,29.11,31.56,31.84,29.57,29.83
2025-08-05T12:00,2025-08-05,12,30.8,31.08,31.54,29.11,31.22,30.97,31.96,32.11,29.94,30.08
2025-08-05T13:00,2025-08-05,13,31.03,31.5,31.03,29.51,31.64,31.37,31.8,32.0,30.67,29.98
2025-08-05T14:00,2025-08-05,14,30.62,30.46,30.1,29.97,31.54,31.13,31.05,30.33,31.07,30.44
2025-08-05T15:00,2025-08-05,15,29.96,28.48,29.71,30.3,31.13,31.42,29.66,30.06,31.09,30.75
2025-08-05T16:00,2025-08-05,16,29.7,28.34,29.89,29.67,30.37,31.56,29.48,30.24,30.91,29.92
2025-08-05T17:00,2025-08-05,17,28.9,27.65,29.26,27.85,29.79,29.66,29.07,30.07,30.15,29.61
2025-08-05T18:00,2025-08-05,18,27.93,26.84,28.46,26.69,28.93,27.74,28.4,29.38,28.92,28.64
2025-08-05T19:00,2025-08-05,19,27.33,26.62,28.07,26.67,26.88,27.31,27.87,27.91,28.03,27.95
2025-08-05T20:00,2025-08-05,20,26.92,26.32,27.83,26.51,26.62,26.68,27.61,27.48,27.29,27.16
2025-08-05T21:00,2025-08-05,21,26.69,26.3,27.16,26.25,26.42,26.66,27.53,27.52,26.55,26.86
2025-08-05T22:00,2025-08-05,22,26.53,26.31,26.74,26.09,26.16,26.13,27.54,27.5,26.39,26.59
2025-08-05T23:00,2025-08-05,23,26.34,26.23,26.23,26.01,25.85,25.8,27.43,27.39,26.23,26.27
2025-08-06T00:00,2025-08-06,0,26.21,26.17,26.01,25.9,25.68,25.53,27.37,27.27,26.11,26.04
2025-08-06T01:00,2025-08-06,1,25.99,25.9,25.45,25.76,25.44,25.27,27.23,27.18,26.05,25.86
2025-08-06T02:00,2025-08-06,2,25.86,25.83,25.22,25.56,25.05,25.09,27.18,27.09,26.01,25.73
2025-08-06T03:00,2025-08-06,3,25.72,25.65,25.15,25.24,24.9,25.05,27.03,27.08,25.98,25.51
2025-08-06T04:00,2025-08-06,4,25.59,25.46,24.84,25.06,24.76,25.11,27.0,27.03,25.91,25.44
2025-08-06T05:00,2025-08-06,5,25.43,25.05,24.63,25.11,24.7,25.02,27.0,26.81,25.84,25.44
2025-08-06T06:00,2025-08-06,6,25.38,24.71,24.78,25.13,24.71,25.11,27.03,26.77,25.88,25.47
2025-08-06T07:00,2025-08-06,7,26.27,25.78,27.0,25.89,25.52,26.4,26.8,26.24,26.76,26.78
2025-08-06T08:00,2025-08-06,8,27.12,27.32,27.52,26.48,26.34,27.05,27.21,26.51,27.36,27.54
2025-08-06T09:00,2025-08-06,9,28.03,28.53,28.47,27.21,27.8,27.73,27.79,27.15,28.16,28.25
2025-08-06T10:00,2025-08-06,10,29.13,29.7,28.77,28.91,28.74,28.43,28.94,27.6,29.28,29.74
2025-08-06T11:00,2025-08-06,11,30.09,30.66,29.33,30.12,29.92,29.13,29.84,28.25,30.47,30.7
2025-08-06T12:00,2025-08-06,12,30.61,31.45,29.47,30.93,30.12,28.7,30.6,29.17,30.78,31.13
2025-08-06T13:00,2025-08-06,13,31.03,31.68,29.65,31.24,30.68,29.74,30.89,29.93,31.33,31.72
2025-08-06T14:00,2025-08-06,14,31.08,31.64,29.76,30.69,31.0,30.23,31.48,31.04,30.54,32.03
2025-08-06T15:00,2025-08-06,15,30.88,31.29,29.55,30.79,31.2,29.73,31.76,31.31,29.58,31.94
2025-08-06T16:00,2025-08-06,16,30.4,30.58,28.81,30.65,30.51,29.85,31.4,30.8,29.26,31.3
2025-08-06T17:00,2025-08-06,17,29.53,29.52,28.48,30.21,27.86,29.52,30.65,30.41,28.82,30.02
2025-08-06T18:00,2025-08-06,18,28.66,28.63,28.0,28.59,27.39,28.79,29.68,29.42,28.63,28.72
2025-08-06T19:00,2025-08-06,19,27.72,27.82,27.1,27.36,27.01,27.87,27.69,28.23,27.61,28.66
2025-08-06T20:00,2025-08-06,20,27.17,27.27,26.81,26.82,26.81,27.21,26.94,27.86,27.06,27.81
2025-08-06T21:00,2025-08-06,21,26.84,27.11,26.51,26.49,26.64,26.6,26.59,27.44,26.8,27.14
2025-08-06T22:00,2025-08-06,22,26.54,26.8,25.96,26.23,26.3,25.9,26.41,27.3,26.64,26.89
2025-08-06T23:00,2025-08-06,23,26.28,26.36,25.65,26.06,25.81,26.03,26.4,27.05,26.44,26.64
2025-08-07T00:00,2025-08-07,0,26.08,26.18,25.0,25.91,25.79,25.97,26.29,26.85,26.24,26.33
2025-08-07T01:00,2025-08-07,1,25.86,26.0,24.93,25.72,25.6,25.55,26.16,26.53,26.04,25.92
2025-08-07T02:00,2025-08-07,2,25.66,25.7,24.9,25.61,25.55,25.37,26.0,26.09,25.82,25.76
2025-08-07T03:00,2025-08-07,3,25.51,25.46,24.88,25.37,25.47,25.22,25.79,25.97,25.75,25.7
2025-08-07T04:00,2025-08-07,4,25.36,25.23,24.65,25.21,25.43,25.17,25.68,25.67,25.68,25.62
2025-08-07T05:00,2025-08-07,5,25.23,25.16,24.27,24.93,25.35,25.22,25.62,25.4,25.61,25.47
2025-08-07T06:00,2025-08-07,6,25.29,25.35,24.24,24.77,25.33,25.21,25.71,25.69,25.61,25.63
2025-08-07T07:00,2025-08-07,7,26.8,26.87,26.21,26.1,26.22,26.18,27.5,25.67,27.49,27.73
2025-08-07T08:00,2025-08-07,8,27.74,27.9,27.33,27.08,26.95,26.44,28.53,26.8,28.6,28.51
2025-08-07T09:00,2025-08-07,9,28.57,28.59,28.31,28.21,28.1,26.43,29.49,28.27,29.62,28.83
2025-08-07T10:00,2025-08-07,10,29.4,29.55,28.81,29.16,29.26,27.72,29.55,29.22,30.54,29.55
2025-08-07T11:00,2025-08-07,11,29.92,30.37,28.27,29.98,28.94,29.07,29.5,29.43,31.32,30.34
2025-08-07T12:00,2025-08-07,12,30.14,30.68,27.94,30.8,28.53,29.33,29.67,29.1,31.36,31.02
2025-08-07T13:00,2025-08-07,13,30.33,30.74,28.27,30.82,28.76,29.58,30.52,29.75,31.08,31.22
2025-08-07T14:00,2025-08-07,14,30.18,30.36,28.11,30.3,30.29,30.26,30.2,30.21,30.72,30.48
2025-08-07T15:00,2025-08-07,15,29.86,30.01,28.21,30.18,30.2,31.02,29.81,30.12,29.81,29.46
2025-08-07T16:00,2025-08-07,16,29.34,29.48,27.98,29.75,28.64,30.48,29.42,29.73,29.01,29.45
2025-08-07T17:00,2025-08-07,17,28.84,29.09,27.71,29.35,28.61,28.84,28.83,28.48,28.59,29.25
2025-08-07T18:00,2025-08-07,18,28.08,28.18,26.9,28.51,27.96,27.37,28.06,27.84,28.32,28.73
2025-08-07T19:00,2025-08-07,19,27.1,27.46,25.92,27.06,26.72,26.61,27.25,27.07,27.49,27.14
2025-08-07T20:00,2025-08-07,20,26.75,27.03,25.64,26.77,26.41,26.35,27.07,26.64,27.01,26.85
2025-08-07T21:00,2025-08-07,21,26.51,26.8,25.09,26.5,26.24,26.22,26.66,26.62,26.87,26.68
2025-08-07T22:00,2025-08-07,22,26.31,26.56,24.73,26.34,26.1,26.1,26.49,26.46,26.78,26.41
2025-08-07T23:00,2025-08-07,23,26.12,26.38,24.73,26.04,26.02,25.91,26.14,26.3,26.62,26.2
2025-08-08T00:00,2025-08-08,0,25.91,26.09,24.59,25.84,25.84,25.81,25.84,26.32,26.39,25.96
2025-08-08T01:00,2025-08-08,1,25.7,25.89,24.4,25.56,25.7,25.67,25.54,26.12,26.25,25.76
2025-08-08T02:00,2025-08-08,2,25.5,25.67,24.25,25.29,25.58,25.57,25.45,26.13,25.81,25.56
2025-08-08T03:00,2025-08-08,3,25.35,25.51,24.17,25.13,25.37,25.51,25.37,25.87,25.66,25.38
2025-08-08T04:00,2025-08-08,4,25.22,25.39,24.12,24.85,25.36,25.46,25.23,25.69,25.53,25.23
2025-08-08T05:00,2025-08-08,5,25.12,25.27,24.18,24.76,25.22,25.13,25.16,25.58,25.41,25.21
2025-08-08T06:00,2025-08-08,6,25.21,25.39,24.33,24.82,25.23,25.25,25.2,25.75,25.46,25.26
2025-08-08T07:00,2025-08-08,7,26.16,26.12,25.41,25.7,26.81,26.64,25.85,25.87,26.57,26.61
2025-08-08T08:00,2025-08-08,8,26.76,26.45,26.62,26.29,27.84,27.47,26.06,26.03,27.26,27.47
2025-08-08T09:00,2025-08-08,9,27.42,27.03,27.22,27.23,28.36,28.23,26.64,26.3,27.84,28.54
2025-08-08T10:00,2025-08-08,10,27.78,27.28,28.35,27.16,29.45,27.85,26.95,26.67,27.95,29.27
2025-08-08T11:00,2025-08-08,11,28.15,27.68,28.19,27.47,30.24,28.49,27.4,26.95,28.44,29.38
2025-08-08T12:00,2025-08-08,12,28.45,27.96,27.8,27.93,29.2,29.41,28.15,27.62,29.13,29.6
2025-08-08T13:00,2025-08-08,13,28.56,27.41,28.02,27.98,29.43,29.54,28.78,28.39,30.0,29.57
2025-08-08T14:00,2025-08-08,14,28.65,27.46,27.23,28.68,29.68,29.23,29.33,28.71,29.66,29.76
2025-08-08T15:00,2025-08-08,15,28.65,27.84,26.49,28.37,29.5,28.84,29.67,29.12,29.11,30.19
2025-08-08T16:00,2025-08-08,16,28.71,28.36,27.01,28.46,29.27,28.95,29.8,29.14,28.92,29.17
2025-08-08T17:00,2025-08-08,17,28.48,28.42,26.49,28.54,28.35,28.8,29.57,28.79,28.85,28.33
2025-08-08T18:00,2025-08-08,18,27.96,28.07,25.95,27.92,27.99,27.72,28.89,28.27,28.39,27.9
2025-08-08T19:00,2025-08-08,19,26.77,26.71,25.62,26.27,26.89,26.95,26.91,26.27,27.63,27.37
2025-08-08T20:00,2025-08-08,20,26.45,26.41,25.32,25.8,26.58,26.64,26.63,26.07,27.28,27.02
2025-08-08T21:00,2025-08-08,21,26.26,26.24,25.16,25.62,26.41,26.18,26.46,26.09,27.04,26.84
2025-08-08T22:00,2025-08-08,22,26.1,26.16,24.89,25.52,26.18,25.9,26.25,25.96,26.88,26.63
2025-08-08T23:00,2025-08-08,23,25.97,26.09,24.81,25.43,25.95,25.81,26.16,25.97,26.68,26.32
2025-08-09T00:00,2025-08-09,0,25.86,26.0,24.6,25.37,25.74,25.61,26.19,26.08,26.44,26.13
2025-08-09T01:00,2025-08-09,1,25.7,25.85,24.27,25.19,25.64,25.45,26.17,26.06,26.16,26.02
2025-08-09T02:00,2025-08-09,2,25.53,25.71,24.19,25.01,25.49,25.25,26.06,25.94,25.85,25.87
2025-08-09T03:00,2025-08-09,3,25.39,25.53,24.24,24.8,25.28,25.06,26.0,25.9,25.61,25.73
2025-08-09T04:00,2025-08-09,4,25.23,25.31,24.1,24.69,25.08,24.84,25.92,25.84,25.45,25.56
2025-08-09T05:00,2025-08-09,5,25.05,25.06,23.94,24.58,24.98,24.77,25.87,25.44,25.3,25.38
2025-08-09T06:00,2025-08-09,6,25.09,25.12,24.06,24.74,24.97,24.92,25.82,25.5,25.26,25.32
2025-08-09T07:00,2025-08-09,7,26.37,26.34,25.77,26.69,26.0,26.36,26.46,26.64,26.49,26.51
2025-08-09T08:00,2025-08-09,8,27.09,27.21,26.83,27.26,26.61,27.18,26.6,26.86,27.39,27.38
2025-08-09T09:00,2025-08-09,9,27.82,28.09,27.71,27.41,26.99,28.11,27.02,27.77,28.54,28.05
2025-08-09T10:00,2025-08-09,10,28.65,29.22,28.47,28.29,28.17,27.98,28.24,28.38,28.99,28.69
2025-08-09T11:00,2025-08-09,11,29.47,29.45,29.05,29.69,29.31,29.42,28.96,28.99,30.23,29.58
2025-08-09T12:00,2025-08-09,12,29.84,29.26,29.39,29.64,30.45,30.85,29.89,29.98,29.96,30.54
2025-08-09T13:00,2025-08-09,13,30.18,29.93,28.77,30.12,30.14,30.79,30.44,30.53,30.41,30.99
2025-08-09T14:00,2025-08-09,14,30.19,29.74,29.27,29.64,29.26,30.64,30.99,30.71,30.95,31.09
2025-08-09T15:00,2025-08-09,15,30.63,30.48,29.22,30.52,29.91,31.46,31.41,30.59,31.51,30.47
2025-08-09T16:00,2025-08-09,16,30.33,30.46,28.77,30.42,30.03,29.79,31.19,30.24,31.47,29.55
2025-08-09T17:00,2025-08-09,17,29.77,29.96,28.31,29.67,29.5,29.29,30.61,29.49,30.58,29.44
2025-08-09T18:00,2025-08-09,18,29.03,29.27,27.48,28.88,28.93,28.69,29.55,28.54,29.78,28.95
2025-08-09T19:00,2025-08-09,19,27.83,28.18,26.51,27.64,27.27,27.17,28.23,28.03,28.04,28.32
2025-08-09T20:00,2025-08-09,20,27.35,27.6,26.13,27.17,27.08,26.7,27.86,27.52,27.52,27.67
2025-08-09T21:00,2025-08-09,21,27.09,27.34,25.87,27.09,26.87,26.34,27.53,27.34,27.36,27.18
2025-08-09T22:00,2025-08-09,22,26.88,27.03,25.61,27.07,26.77,26.07,27.31,27.18,27.21,26.88
2025-08-09T23:00,2025-08-09,23,26.69,26.9,25.33,27.09,26.43,25.97,27.07,27.0,27.0,26.55
2025-08-10T00:00,2025-08-10,0,26.54,26.73,25.15,26.96,26.12,26.09,26.97,26.84,26.9,26.29
2025-08-10T01:00,2025-08-10,1,26.36,26.52,25.02,26.74,25.85,25.9,26.91,26.95,26.74,25.96
2025-08-10T02:00,2025-08-10,2,26.1,26.28,24.68,26.18,25.61,25.8,26.77,26.86,26.45,25.77
2025-08-10T03:00,2025-08-10,3,25.87,26.0,24.58,25.79,25.57,25.53,26.63,26.67,26.19,25.53
2025-08-10T04:00,2025-08-10,4,25.74,25.92,24.36,25.57,25.38,25.5,26.53,26.42,26.15,25.31
2025-08-10T05:00,2025-08-10,5,25.68,25.94,24.23,25.68,25.35,25.33,26.43,26.33,25.99,25.15
2025-08-10T06:00,2025-08-10,6,25.8,26.09,24.55,25.78,25.56,25.46,26.49,26.44,26.1,25.11
2025-08-10T07:00,2025-08-10,7,27.28,27.74,26.16,26.98,27.1,26.48,28.15,27.28,27.85,26.44
2025-08-10T08:00,2025-08-10,8,28.33,28.89,27.62,28.41,28.07,27.22,29.43,28.36,28.64,26.76
2025-08-10T09:00,2025-08-10,9,29.49,29.96,29.02,29.71,29.46,28.5,30.65,29.7,29.53,27.75
2025-08-10T10:00,2025-08-10,10,30.61,31.02,29.98,30.88,30.72,29.68,31.64,30.66,30.7,29.09
2025-08-10T11:00,2025-08-10,11,31.51,31.83,30.87,31.61,31.57,30.65,32.6,31.54,31.74,30.22
2025-08-10T12:00,2025-08-10,12,31.97,32.25,31.19,32.01,32.11,31.58,33.13,32.03,32.37,30.27
2025-08-10T13:00,2025-08-10,13,32.29,32.58,31.35,32.28,32.5,32.17,33.41,32.12,32.91,30.46
2025-08-10T14:00,2025-08-10,14,32.22,32.69,30.79,32.27,32.41,31.98,33.09,31.58,32.99,30.65
2025-08-10T15:00,2025-08-10,15,31.65,32.34,30.3,32.08,31.83,32.32,31.75,30.95,32.24,29.53
2025-08-10T16:00,2025-08-10,16,31.08,31.55,29.82,31.59,31.63,32.28,31.25,30.39,31.32,29.11
2025-08-10T17:00,2025-08-10,17,30.44,31.03,29.03,30.73,31.06,30.93,30.34,29.99,30.59,29.17
2025-08-10T18:00,2025-08-10,18,29.43,29.86,28.19,29.58,29.81,29.64,29.91,29.23,29.04,28.83
2025-08-10T19:00,2025-08-10,19,29.08,29.59,27.72,28.88,29.5,29.53,29.39,28.83,29.34,28.05
2025-08-10T20:00,2025-08-10,20,28.58,29.09,27.22,28.35,28.93,28.79,29.07,28.39,28.92,27.46
2025-08-10T21:00,2025-08-10,21,28.18,28.7,26.84,27.96,28.53,27.99,28.64,28.07,28.64,27.06
2025-08-10T22:00,2025-08-10,22,27.79,28.34,26.44,27.69,27.8,27.32,28.39,27.83,28.19,26.75
2025-08-10T23:00,2025-08-10,23,27.37,27.99,25.92,27.33,26.84,26.34,28.24,27.54,27.93,26.38
2025-08-11T00:00,2025-08-11,0,27.07,27.68,25.53,27.13,26.29,26.18,27.94,27.38,27.73,25.98
2025-08-11T01:00,2025-08-11,1,26.82,27.41,25.43,26.93,26.19,25.81,27.61,27.12,27.5,25.65
2025-08-11T02:00,2025-08-11,2,26.58,27.15,25.16,26.58,26.14,25.75,27.37,26.94,27.09,25.49
2025-08-11T03:00,2025-08-11,3,26.33,26.81,24.94,26.35,25.83,25.62,27.05,26.77,26.88,25.38
2025-08-11T04:00,2025-08-11,4,26.1,26.52,24.73,26.13,25.46,25.6,26.73,26.44,26.66,25.35
2025-08-11T05:00,2025-08-11,5,25.88,26.25,24.6,25.91,25.22,25.38,26.51,26.18,26.44,25.29
2025-08-11T06:00,2025-08-11,6,25.95,26.29,24.65,25.98,25.5,25.37,26.52,26.36,26.39,25.45
2025-08-11T07:00,2025-08-11,7,27.65,28.11,26.92,27.93,26.57,26.32,28.31,28.49,28.0,26.84
2025-08-11T08:00,2025-08-11,8,28.86,29.45,28.45,29.19,27.94,26.82,29.68,29.87,29.22,27.47
2025-08-11T09:00,2025-08-11,9,30.06,30.69,29.47,30.44,29.7,28.22,30.92,30.77,30.37,28.26
2025-08-11T10:00,2025-08-11,10,30.96,31.53,30.42,31.33,30.92,29.1,31.9,31.48,31.19,29.2
2025-08-11T11:00,2025-08-11,11,31.78,32.31,31.22,31.91,31.85,30.76,32.67,31.98,31.94,30.11
2025-08-11T12:00,2025-08-11,12,32.28,32.84,31.68,32.22,32.25,31.64,33.04,32.11,32.55,30.82
2025-08-11T13:00,2025-08-11,13,32.47,33.05,30.94,32.4,32.41,32.49,33.25,31.91,32.71,31.5
2025-08-11T14:00,2025-08-11,14,32.26,33.14,30.64,32.39,32.26,32.8,31.6,31.65,32.26,31.77
2025-08-11T15:00,2025-08-11,15,31.86,33.02,30.51,31.96,32.08,32.8,30.37,31.09,31.3,31.64
2025-08-11T16:00,2025-08-11,16,31.39,32.4,29.85,31.48,32.41,32.72,30.56,30.96,30.17,30.87
2025-08-11T17:00,2025-08-11,17,30.69,31.44,29.31,30.81,31.82,32.23,30.33,30.25,29.77,29.58
2025-08-11T18:00,2025-08-11,18,29.82,30.44,28.58,29.8,30.81,30.53,29.82,29.54,29.16,29.05
2025-08-11T19:00,2025-08-11,19,29.06,29.43,27.99,29.06,29.92,29.08,28.83,28.62,28.93,28.99
2025-08-11T20:00,2025-08-11,20,28.51,28.81,27.43,28.55,28.98,28.26,28.53,28.31,28.52,28.46
2025-08-11T21:00,2025-08-11,21,28.1,28.32,27.2,28.11,28.63,27.4,28.3,28.01,28.17,28.12
2025-08-11T22:00,2025-08-11,22,27.83,28.05,27.0,27.71,28.37,27.23,28.1,27.81,27.96,27.66
2025-08-11T23:00,2025-08-11,23,27.53,27.76,26.62,27.45,27.79,27.32,27.84,27.53,27.74,27.2
2025-08-12T00:00,2025-08-12,0,27.3,27.48,26.34,27.2,27.53,27.38,27.65,27.25,27.47,26.97
2025-08-12T01:00,2025-08-12,1,27.07,27.15,26.17,26.95,27.18,27.28,27.46,27.12,27.28,26.8
2025-08-12T02:00,2025-08-12,2,26.84,26.9,25.85,26.77,26.85,26.78,27.27,27.02,27.15,26.65
2025-08-12T03:00,2025-08-12,3,26.62,26.71,25.78,26.53,26.59,26.3,27.01,26.79,27.02,26.47
2025-08-12T04:00,2025-08-12,4,26.45,26.61,25.56,26.4,26.46,26.02,26.78,26.48,26.87,26.21
2025-08-12T05:00,2025-08-12,5,26.32,26.46,25.41,26.35,26.29,25.95,26.66,26.41,26.69,26.05
2025-08-12T06:00,2025-08-12,6,26.39,26.52,25.57,26.53,26.32,26.13,26.7,26.6,26.73,25.98
2025-08-12T07:00,2025-08-12,7,28.12,28.46,27.67,28.33,27.33,27.34,28.44,28.64,28.49,27.38
2025-08-12T08:00,2025-08-12,8,29.17,29.53,28.92,29.39,28.31,28.01,29.79,29.87,29.43,28.3
2025-08-12T09:00,2025-08-12,9,30.18,30.79,29.68,30.38,29.07,28.68,31.03,30.71,30.24,29.35
2025-08-12T10:00,2025-08-12,10,31.03,31.58,30.49,31.26,29.58,29.22,32.02,31.54,31.38,30.3
2025-08-12T11:00,2025-08-12,11,31.81,32.31,31.0,31.97,30.41,30.26,32.97,32.12,32.12,31.26
2025-08-12T12:00,2025-08-12,12,32.33,32.72,31.14,32.36,31.54,31.46,33.54,32.48,32.5,31.88
2025-08-12T13:00,2025-08-12,13,32.63,33.22,31.31,32.65,32.15,31.44,33.92,32.41,32.75,31.95
2025-08-12T14:00,2025-08-12,14,32.39,32.98,30.95,32.5,31.43,31.59,34.07,32.23,32.06,31.86
2025-08-12T15:00,2025-08-12,15,31.85,32.51,30.51,32.18,30.78,31.71,33.34,31.56,31.02,31.32
2025-08-12T16:00,2025-08-12,16,31.36,32.14,29.97,31.14,30.97,31.45,31.97,31.24,30.83,30.94
2025-08-12T17:00,2025-08-12,17,30.88,31.44,29.35,30.42,30.87,31.03,31.54,30.54,30.86,30.68
2025-08-12T18:00,2025-08-12,18,30.05,30.51,28.55,29.6,30.44,30.01,30.68,29.66,30.22,29.73
2025-08-12T19:00,2025-08-12,19,29.1,29.42,28.12,28.93,28.93,28.46,29.93,29.16,29.18,28.87
2025-08-12T20:00,2025-08-12,20,28.67,28.94,27.88,28.57,28.52,27.77,29.44,28.81,28.89,28.32
2025-08-12T21:00,2025-08-12,21,28.29,28.48,27.52,28.24,28.1,27.51,29.02,28.54,28.58,27.92
2025-08-12T22:00,2025-08-12,22,28.03,28.23,27.08,28.07,27.79,27.32,28.65,28.25,28.45,27.63
2025-08-12T23:00,2025-08-12,23,27.76,27.93,26.78,27.82,27.46,26.95,28.41,27.98,28.29,27.38
2025-08-13T00:00,2025-08-13,0,27.53,27.75,26.21,27.58,27.24,26.66,28.19,27.96,28.07,27.16
2025-08-13T01:00,2025-08-13,1,27.23,27.46,25.95,27.21,27.01,26.48,27.93,27.77,27.81,26.67
2025-08-13T02:00,2025-08-13,2,26.95,27.21,25.68,26.91,26.58,26.27,27.61,27.54,27.6,26.28
2025-08-13T03:00,2025-08-13,3,26.75,27.09,25.51,26.64,26.27,25.89,27.47,27.08,27.52,26.05
2025-08-13T04:00,2025-08-13,4,26.54,26.99,25.46,26.34,25.78,25.44,27.43,26.82,27.16,25.93
2025-08-13T05:00,2025-08-13,5,26.34,26.71,25.36,26.11,25.52,25.32,27.24,26.6,27.01,25.82
2025-08-13T06:00,2025-08-13,6,26.27,26.57,25.61,26.05,25.44,25.1,27.11,26.62,26.94,25.83
2025-08-13T07:00,2025-08-13,7,27.09,27.42,26.88,26.66,25.92,25.76,28.19,27.59,27.78,26.43
2025-08-13T08:00,2025-08-13,8,27.29,27.38,27.99,26.8,26.22,25.82,28.54,27.37,28.08,26.53
2025-08-13T09:00,2025-08-13,9,27.51,27.12,29.2,27.39,26.7,26.08,28.49,27.96,28.17,26.75
2025-08-13T10:00,2025-08-13,10,27.96,27.54,29.94,28.51,27.19,26.23,28.46,28.94,28.21,27.17
2025-08-13T11:00,2025-08-13,11,28.4,28.26,30.6,28.78,27.37,26.61,28.54,30.08,28.25,27.63
2025-08-13T12:00,2025-08-13,12,28.85,29.32,31.2,29.15,27.66,26.84,29.07,29.48,28.27,27.71
2025-08-13T13:00,2025-08-13,13,28.95,29.83,29.58,28.85,28.52,27.21,29.67,28.31,28.37,28.01
2025-08-13T14:00,2025-08-13,14,29.15,30.01,27.99,28.79,29.09,28.43,29.9,29.18,28.99,28.2
2025-08-13T15:00,2025-08-13,15,29.01,29.5,27.49,28.96,29.53,28.88,29.35,29.33,29.15,28.04
2025-08-13T16:00,2025-08-13,16,28.27,28.11,27.59,28.35,28.33,29.1,28.99,28.28,28.61,27.43
2025-08-13T17:00,2025-08-13,17,27.83,27.44,27.74,27.79,27.9,28.77,28.26,28.32,28.18,27.17
2025-08-13T18:00,2025-08-13,18,27.31,27.02,27.04,27.32,27.8,28.01,27.65,27.97,27.37,26.72
2025-08-13T19:00,2025-08-13,19,27.06,27.12,26.72,26.72,26.76,27.21,27.5,27.78,27.25,26.65
2025-08-13T20:00,2025-08-13,20,26.73,26.77,26.44,26.37,26.44,26.81,27.22,27.5,26.93,26.27
2025-08-13T21:00,2025-08-13,21,26.43,26.32,26.25,26.02,26.24,26.49,26.96,27.42,26.69,26.02
2025-08-13T22:00,2025-08-13,22,26.26,26.17,26.13,25.94,26.16,26.26,26.81,27.14,26.49,25.76
2025-08-13T23:00,2025-08-13,23,26.06,25.92,25.92,25.77,26.11,26.16,26.65,26.69,26.29,25.61
2025-08-14T00:00,2025-08-14,0,25.93,25.87,25.77,25.66,25.92,26.04,26.5,26.47,26.03,25.46
2025-08-14T01:00,2025-08-14,1,25.73,25.72,25.59,25.47,25.6,25.79,26.32,26.35,25.74,25.3
2025-08-14T02:00,2025-08-14,2,25.56,25.57,25.41,25.39,25.44,25.56,26.06,26.07,25.56,25.17
2025-08-14T03:00,2025-08-14,3,25.46,25.55,25.26,25.18,25.4,25.42,25.85,26.0,25.44,25.14
2025-08-14T04:00,2025-08-14,4,25.34,25.3,25.26,25.06,25.24,25.35,25.77,26.03,25.36,25.05
2025-08-14T05:00,2025-08-14,5,25.19,25.13,24.99,24.92,25.12,25.24,25.74,25.97,25.12,24.94
2025-08-14T06:00,2025-08-14,6,25.21,25.22,25.13,24.99,24.96,25.02,25.76,25.93,25.15,24.93
2025-08-14T07:00,2025-08-14,7,26.58,26.72,26.88,26.48,26.49,26.57,27.02,27.0,26.44,25.69
2025-08-14T08:00,2025-08-14,8,27.41,27.67,28.01,27.5,26.83,27.03,27.86,27.6,27.38,26.29
2025-08-14T09:00,2025-08-14,9,28.52,28.92,29.08,28.71,28.41,28.31,28.76,27.43,28.44,27.44
2025-08-14T10:00,2025-08-14,10,29.4,29.97,30.14,28.96,29.82,29.55,28.95,28.21,29.42,28.49
2025-08-14T11:00,2025-08-14,11,29.58,29.19,30.42,29.14,30.83,30.51,29.01,28.54,29.99,29.59
2025-08-14T12:00,2025-08-14,12,29.43,29.03,29.71,28.17,31.57,31.29,28.53,28.42,29.83,29.91
2025-08-14T13:00,2025-08-14,13,29.3,28.82,29.38,28.52,30.77,31.94,28.17,28.85,29.23,30.12
2025-08-14T14:00,2025-08-14,14,29.49,29.55,28.54,28.92,29.63,31.76,29.27,28.57,29.22,30.19
2025-08-14T15:00,2025-08-14,15,29.38,29.68,27.63,29.13,28.85,30.62,29.3,29.0,29.22,30.36
2025-08-14T16:00,2025-08-14,16,29.06,29.6,26.91,28.33,28.63,29.38,29.48,28.71,29.48,29.62
2025-08-14T17:00,2025-08-14,17,28.79,29.29,26.76,28.23,28.47,28.75,29.23,28.74,29.4,28.89
2025-08-14T18:00,2025-08-14,18,28.24,28.63,26.17,27.6,28.18,28.14,28.78,28.16,28.74,28.59
2025-08-14T19:00,2025-08-14,19,27.13,27.05,25.76,26.95,27.05,28.17,27.24,27.24,27.39,27.53
2025-08-14T20:00,2025-08-14,20,26.82,26.69,25.77,26.72,26.73,27.69,27.01,27.04,27.03,27.04
2025-08-14T21:00,2025-08-14,21,26.61,26.55,25.56,26.5,26.58,27.42,26.8,26.78,26.8,26.75
2025-08-14T22:00,2025-08-14,22,26.4,26.37,25.35,26.35,26.39,27.02,26.58,26.56,26.57,26.48
2025-08-14T23:00,2025-08-14,23,26.17,26.16,25.12,26.14,26.15,26.44,26.41,26.45,26.37,26.34
2025-08-15T00:00,2025-08-15,0,25.98,26.04,24.95,25.87,26.0,25.91,26.22,26.44,26.15,26.1
2025-08-15T01:00,2025-08-15,1,25.78,25.86,24.69,25.7,25.75,25.48,26.1,26.29,25.97,25.93
2025-08-15T02:00,2025-08-15,2,25.63,25.77,24.59,25.46,25.54,25.2,25.98,26.16,25.81,25.76
2025-08-15T03:00,2025-08-15,3,25.37,25.21,24.49,25.32,25.39,24.95,25.82,26.06,25.65,25.64
2025-08-15T04:00,2025-08-15,4,25.28,25.28,24.26,25.23,25.29,24.81,25.69,25.96,25.48,25.47
2025-08-15T05:00,2025-08-15,5,25.22,25.24,24.35,25.18,25.27,24.77,25.58,25.86,25.4,25.29
2025-08-15T06:00,2025-08-15,6,25.28,25.36,24.56,25.13,25.3,24.71,25.58,25.97,25.44,25.32
2025-08-15T07:00,2025-08-15,7,26.96,26.85,26.62,27.04,26.55,26.23,27.33,26.98,27.4,27.24
2025-08-15T08:00,2025-08-15,8,27.98,28.05,27.93,27.98,27.4,27.32,28.39,27.74,28.27,28.08
2025-08-15T09:00,2025-08-15,9,29.24,29.49,28.88,29.22,28.68,28.71,29.58,29.08,29.42,29.2
2025-08-15T10:00,2025-08-15,10,30.31,30.44,30.14,30.31,30.18,30.01,30.56,29.96,30.5,30.16
2025-08-15T11:00,2025-08-15,11,31.07,31.18,30.52,31.04,31.24,31.01,31.53,30.06,31.2,31.06
2025-08-15T12:00,2025-08-15,12,31.59,31.81,30.41,31.53,31.9,31.82,32.07,30.13,31.81,31.72
2025-08-15T13:00,2025-08-15,13,31.81,32.17,30.3,31.48,32.38,32.62,31.49,30.21,32.27,32.21
2025-08-15T14:00,2025-08-15,14,31.8,32.3,29.33,30.79,32.54,32.74,31.88,30.71,32.2,32.5
2025-08-15T15:00,2025-08-15,15,31.62,31.87,28.83,31.16,32.51,33.01,31.13,30.76,32.19,32.51
2025-08-15T16:00,2025-08-15,16,30.97,30.7,28.54,30.39,32.12,32.84,30.78,30.02,31.67,32.13
2025-08-15T17:00,2025-08-15,17,30.3,30.0,28.1,29.7,31.34,32.49,30.35,29.44,30.34,31.74
2025-08-15T18:00,2025-08-15,18,29.4,29.1,27.37,28.88,29.83,31.47,29.66,28.68,29.46,30.81
2025-08-15T19:00,2025-08-15,19,28.35,28.43,26.88,28.28,28.41,29.8,28.42,27.68,28.06,29.04
2025-08-15T20:00,2025-08-15,20,27.83,27.95,26.29,27.76,27.58,28.96,28.04,27.4,27.65,28.49
2025-08-15T21:00,2025-08-15,21,27.46,27.63,25.83,27.4,27.23,28.55,27.69,27.09,27.23,28.14
2025-08-15T22:00,2025-08-15,22,27.16,27.4,25.64,27.17,26.96,27.5,27.43,26.92,26.91,27.77
2025-08-15T23:00,2025-08-15,23,26.9,27.03,25.56,26.96,26.83,27.17,27.25,26.69,26.71,27.38
2025-08-16T00:00,2025-08-16,0,26.64,26.79,25.22,26.68,26.56,26.84,27.02,26.62,26.58,26.93
2025-08-16T01:00,2025-08-16,1,26.46,26.71,25.04,26.41,26.45,26.41,26.83,26.39,26.37,26.79
2025-08-16T02:00,2025-08-16,2,26.24,26.6,24.77,26.25,26.24,26.06,26.55,26.11,26.12,26.51
2025-08-16T03:00,2025-08-16,3,25.96,26.19,24.66,26.0,26.0,25.69,26.28,26.02,25.96,26.21
2025-08-16T04:00,2025-08-16,4,25.69,25.87,24.44,25.81,25.57,25.38,26.02,25.91,25.66,25.96
2025-08-16T05:00,2025-08-16,5,25.54,25.63,24.46,25.67,25.4,25.27,25.99,25.9,25.51,25.71
2025-08-16T06:00,2025-08-16,6,25.62,25.75,24.61,25.71,25.36,25.17,26.06,25.96,25.64,25.81
2025-08-16T07:00,2025-08-16,7,27.72,27.94,26.69,27.17,28.02,26.92,27.96,27.82,28.17,28.07
2025-08-16T08:00,2025-08-16,8,28.91,29.04,28.39,28.2,29.28,27.95,29.18,28.24,29.63,29.41
2025-08-16T09:00,2025-08-16,9,29.86,29.69,29.66,29.27,29.73,29.25,30.25,28.97,30.66,30.71
2025-08-16T10:00,2025-08-16,10,30.68,30.17,30.45,30.17,30.78,30.55,31.24,30.09,31.41,31.62
2025-08-16T11:00,2025-08-16,11,31.37,30.54,31.29,31.03,31.63,31.7,31.93,30.77,32.13,32.41
2025-08-16T12:00,2025-08-16,12,31.97,31.38,31.58,31.69,32.35,32.86,32.35,31.13,32.3,33.0
2025-08-16T13:00,2025-08-16,13,32.08,32.05,29.17,31.73,32.85,33.6,32.61,30.07,32.52,33.38
2025-08-16T14:00,2025-08-16,14,32.12,32.41,29.65,31.39,33.04,34.14,32.49,28.35,32.36,33.55
2025-08-16T15:00,2025-08-16,15,31.94,32.32,29.59,31.59,32.91,34.14,30.63,29.06,32.43,33.45
2025-08-16T16:00,2025-08-16,16,31.75,32.19,28.66,31.46,32.44,33.9,30.52,29.95,32.25,33.12
2025-08-16T17:00,2025-08-16,17,31.02,31.57,27.82,29.92,31.81,33.14,29.96,29.62,31.72,32.52
2025-08-16T18:00,2025-08-16,18,30.0,30.22,27.34,28.71,30.91,31.7,29.34,28.92,30.97,31.45
2025-08-16T19:00,2025-08-16,19,29.6,29.83,27.16,28.91,30.19,30.94,29.46,28.76,30.08,30.44
2025-08-16T20:00,2025-08-16,20,28.98,29.12,26.94,28.34,29.46,30.4,28.89,28.17,29.34,29.8
2025-08-16T21:00,2025-08-16,21,28.54,28.68,26.62,27.98,28.92,29.81,28.47,27.84,28.8,29.4
2025-08-16T22:00,2025-08-16,22,28.19,28.27,26.33,27.71,28.56,29.36,28.11,27.6,28.43,29.1
2025-08-16T23:00,2025-08-16,23,27.92,28.0,26.12,27.53,28.44,28.5,27.79,27.56,28.23,28.83
2025-08-17T00:00,2025-08-17,0,27.6,27.77,25.82,27.28,28.2,27.38,27.54,27.36,27.91,28.5
2025-08-17T01:00,2025-08-17,1,27.19,27.25,25.59,26.89,27.81,26.41,27.25,27.16,27.65,28.14
2025-08-17T02:00,2025-08-17,2,26.81,26.88,25.25,26.45,26.59,26.14,27.01,27.0,27.39,27.88
2025-08-17T03:00,2025-08-17,3,26.55,26.61,25.07,26.07,26.11,25.96,26.82,26.94,27.12,27.71
2025-08-17T04:00,2025-08-17,4,26.3,26.23,24.75,25.86,26.14,25.63,26.69,26.73,26.9,27.48
2025-08-17T05:00,2025-08-17,5,26.19,26.11,24.78,25.75,26.08,25.47,26.65,26.48,26.76,27.27
2025-08-17T06:00,2025-08-17,6,26.2,26.13,24.8,25.73,25.93,25.45,26.71,26.47,26.86,27.31
2025-08-17T07:00,2025-08-17,7,27.6,27.46,26.13,26.64,27.69,26.84,28.54,27.29,28.25,29.16
2025-08-17T08:00,2025-08-17,8,28.2,28.02,27.4,27.03,28.15,27.68,29.15,27.39,28.77,29.77
2025-08-17T09:00,2025-08-17,9,28.91,28.27,28.67,27.97,29.02,29.47,29.75,28.65,29.25,30.31
2025-08-17T10:00,2025-08-17,10,29.59,28.68,29.54,28.74,29.8,31.04,30.47,29.22,29.9,30.83
2025-08-17T11:00,2025-08-17,11,30.5,29.68,30.75,29.76,30.44,32.48,31.25,29.97,30.19,31.92
2025-08-17T12:00,2025-08-17,12,31.15,30.73,31.4,30.68,32.16,33.37,30.89,30.56,29.95,32.38
2025-08-17T13:00,2025-08-17,13,31.51,31.27,30.99,31.3,33.1,33.96,30.35,31.01,30.37,32.82
2025-08-17T14:00,2025-08-17,14,31.73,31.46,30.72,31.81,33.58,34.01,30.96,31.21,30.78,32.52
2025-08-17T15:00,2025-08-17,15,31.68,31.82,28.92,31.88,33.57,34.06,31.71,30.96,31.26,31.32
2025-08-17T16:00,2025-08-17,16,31.33,31.69,28.77,31.22,33.07,33.8,31.24,30.48,31.07,30.6
2025-08-17T17:00,2025-08-17,17,30.43,30.91,27.97,29.97,32.07,33.17,29.86,29.73,30.46,29.68
2025-08-17T18:00,2025-08-17,18,29.33,29.53,27.22,29.04,30.73,31.81,29.1,28.84,29.15,28.94
2025-08-17T19:00,2025-08-17,19,29.07,29.37,26.61,28.86,30.14,30.59,28.77,28.33,28.76,29.86
2025-08-17T20:00,2025-08-17,20,28.55,28.83,26.41,28.28,29.39,29.98,28.37,28.14,28.22,29.11
2025-08-17T21:00,2025-08-17,21,28.2,28.53,26.18,27.92,28.83,29.46,28.13,28.02,27.85,28.63
2025-08-17T22:00,2025-08-17,22,27.8,28.11,25.92,27.48,28.63,28.77,27.91,27.73,27.62,27.75
2025-08-17T23:00,2025-08-17,23,27.41,27.83,25.82,27.21,28.27,26.65,27.63,27.65,27.39,27.35
2025-08-18T00:00,2025-08-18,0,27.07,27.35,25.7,27.01,27.35,26.34,27.31,27.59,27.2,27.09
2025-08-18T01:00,2025-08-18,1,26.78,27.05,25.54,26.85,26.33,25.98,27.04,27.46,27.04,26.95
2025-08-18T02:00,2025-08-18,2,26.59,26.86,25.43,26.61,26.2,25.77,26.83,27.04,26.86,26.83
2025-08-18T03:00,2025-08-18,3,26.44,26.69,25.39,26.48,25.89,25.7,26.66,26.67,26.85,26.66
2025-08-18T04:00,2025-08-18,4,26.31,26.56,25.29,26.36,25.71,25.47,26.56,26.44,26.76,26.5
2025-08-18T05:00,2025-08-18,5,26.14,26.39,25.19,26.22,25.39,25.23,26.42,26.31,26.57,26.41
2025-08-18T06:00,2025-08-18,6,26.16,26.45,25.59,26.23,25.44,25.21,26.37,26.19,26.44,26.38
2025-08-18T07:00,2025-08-18,7,27.71,27.97,27.43,28.02,26.99,26.85,27.46,27.26,28.37,27.74
2025-08-18T08:00,2025-08-18,8,28.82,29.1,28.75,29.29,27.95,28.46,28.22,28.23,29.36,28.77
2025-08-18T09:00,2025-08-18,9,29.89,30.1,29.82,30.19,29.39,30.01,29.42,29.26,30.36,29.6
2025-08-18T10:00,2025-08-18,10,30.83,30.94,30.85,30.89,30.93,31.47,30.6,29.96,31.32,30.12
2025-08-18T11:00,2025-08-18,11,31.44,31.63,31.38,31.47,31.7,32.22,31.32,30.37,32.01,30.31
2025-08-18T12:00,2025-08-18,12,31.84,32.05,31.4,31.83,32.31,32.92,31.51,30.25,32.41,31.16
2025-08-18T13:00,2025-08-18,13,32.03,32.24,31.45,32.04,32.72,33.24,31.5,30.55,32.09,31.88
2025-08-18T14:00,2025-08-18,14,31.83,32.18,30.61,31.11,32.66,33.41,31.21,30.58,31.97,32.23
2025-08-18T15:00,2025-08-18,15,31.32,31.65,28.27,30.18,32.68,33.62,31.05,30.18,31.99,31.89
2025-08-18T16:00,2025-08-18,16,30.73,31.11,27.73,28.43,32.56,33.28,30.58,29.26,31.81,31.43
2025-08-18T17:00,2025-08-18,17,29.9,29.94,27.83,27.83,30.7,32.38,29.85,28.55,31.27,30.83
2025-08-18T18:00,2025-08-18,18,29.0,28.95,27.4,27.53,28.94,30.8,28.96,28.03,30.31,29.97
2025-08-18T19:00,2025-08-18,19,28.81,29.02,27.1,28.29,29.31,30.03,28.46,27.97,29.4,29.17
2025-08-18T20:00,2025-08-18,20,28.28,28.56,26.82,27.97,28.86,29.1,27.96,27.79,28.85,28.07
2025-08-18T21:00,2025-08-18,21,27.82,28.03,26.53,27.56,28.73,28.25,27.66,27.44,28.35,27.41
2025-08-18T22:00,2025-08-18,22,27.42,27.65,26.29,27.19,28.32,27.16,27.33,27.4,27.88,27.06
2025-08-18T23:00,2025-08-18,23,27.1,27.36,26.05,27.01,27.69,26.51,27.08,27.17,27.55,26.84
2025-08-19T00:00,2025-08-19,0,26.85,27.17,25.79,26.7,26.96,26.34,26.92,27.01,27.26,26.69
2025-08-19T01:00,2025-08-19,1,26.58,26.9,25.55,26.26,26.76,25.94,26.63,26.81,26.96,26.58
2025-08-19T02:00,2025-08-19,2,26.34,26.66,25.41,26.08,26.39,25.57,26.37,26.54,26.71,26.43
2025-08-19T03:00,2025-08-19,3,26.12,26.43,25.24,25.86,26.02,25.32,26.17,26.15,26.6,26.31
2025-08-19T04:00,2025-08-19,4,25.9,26.18,25.01,25.67,25.78,25.06,26.07,25.59,26.5,26.06
2025-08-19T05:00,2025-08-19,5,25.75,25.98,24.82,25.62,25.68,25.01,25.85,25.61,26.32,25.86
2025-08-19T06:00,2025-08-19,6,25.74,25.9,24.87,25.69,25.72,25.2,25.75,25.63,26.29,25.89
2025-08-19T07:00,2025-08-19,7,26.99,27.15,26.69,27.12,26.46,26.37,27.01,26.78,27.12,27.35
2025-08-19T08:00,2025-08-19,8,27.81,28.04,28.07,27.95,26.96,27.4,27.95,27.35,27.84,27.77
2025-08-19T09:00,2025-08-19,9,28.85,29.13,29.34,29.06,27.73,28.84,28.89,27.71,29.05,28.6
2025-08-19T10:00,2025-08-19,10,29.75,30.0,30.33,29.34,29.58,30.0,29.46,28.3,30.18,29.59
2025-08-19T11:00,2025-08-19,11,30.28,30.71,29.58,29.24,30.66,31.01,29.75,29.17,30.99,30.51
2025-08-19T12:00,2025-08-19,12,30.29,29.91,29.51,29.87,31.35,31.85,29.5,28.59,31.29,31.12
2025-08-19T13:00,2025-08-19,13,30.27,29.3,29.35,29.72,31.89,32.22,29.86,29.06,31.21,31.7
2025-08-19T14:00,2025-08-19,14,30.12,29.68,28.21,29.0,30.96,32.64,30.22,29.56,30.39,31.69
2025-08-19T15:00,2025-08-19,15,30.08,30.21,28.19,29.62,29.21,31.86,30.36,29.49,30.02,31.4
2025-08-19T16:00,2025-08-19,16,29.75,29.95,27.75,29.45,29.8,29.94,29.89,28.9,30.22,30.83
2025-08-19T17:00,2025-08-19,17,29.26,29.65,26.9,28.75,29.61,29.37,29.29,28.4,29.98,30.01
2025-08-19T18:00,2025-08-19,18,28.55,28.94,26.65,28.15,28.76,28.91,28.58,27.81,29.31,28.66
2025-08-19T19:00,2025-08-19,19,27.87,27.99,26.74,27.68,28.28,29.07,27.66,27.55,28.01,27.84
2025-08-19T20:00,2025-08-19,20,27.43,27.53,26.48,27.45,28.0,27.88,27.39,27.41,27.58,27.04
2025-08-19T21:00,2025-08-19,21,27.14,27.3,26.4,27.24,27.36,27.12,27.21,27.33,27.3,26.73
2025-08-19T22:00,2025-08-19,22,26.91,27.05,26.13,27.13,26.96,26.58,27.03,27.17,27.13,26.61
2025-08-19T23:00,2025-08-19,23,26.68,26.87,25.86,26.84,26.64,26.2,26.9,27.0,26.91,26.4
2025-08-20T00:00,2025-08-20,0,26.44,26.68,25.67,26.55,26.5,26.02,26.76,26.34,26.72,25.95
2025-08-20T01:00,2025-08-20,1,26.13,26.41,25.54,26.14,25.99,25.92,26.49,25.59,26.49,25.62
2025-08-20T02:00,2025-08-20,2,25.87,26.19,25.26,25.83,25.77,25.71,26.21,25.19,26.24,25.34
2025-08-20T03:00,2025-08-20,3,25.66,26.04,25.2,25.47,25.46,25.36,25.95,25.25,26.07,25.07
2025-08-20T04:00,2025-08-20,4,25.52,25.82,24.93,25.36,25.39,25.07,25.79,25.28,25.99,25.05
2025-08-20T05:00,2025-08-20,5,25.33,25.55,24.63,25.17,25.27,24.9,25.55,25.37,25.8,24.99
2025-08-20T06:00,2025-08-20,6,25.3,25.52,24.8,24.93,25.31,25.1,25.49,25.39,25.7,24.94
2025-08-20T07:00,2025-08-20,7,26.55,26.76,25.67,26.41,26.73,26.92,26.57,25.88,26.73,26.62
2025-08-20T08:00,2025-08-20,8,27.24,27.41,26.7,27.07,27.35,28.02,26.96,25.89,27.59,27.44
2025-08-20T09:00,2025-08-20,9,28.12,28.26,27.71,27.5,28.82,29.36,27.41,26.22,28.75,28.46
2025-08-20T10:00,2025-08-20,10,28.65,28.37,27.35,28.3,29.99,30.19,27.84,26.42,29.8,29.48
2025-08-20T11:00,2025-08-20,11,28.66,28.42,27.49,26.81,28.72,30.9,27.7,26.91,30.66,30.39
2025-08-20T12:00,2025-08-20,12,28.69,28.32,28.29,27.26,29.08,30.22,27.73,27.71,29.73,30.6
2025-08-20T13:00,2025-08-20,13,28.72,27.98,28.59,27.68,29.93,28.97,28.46,28.24,29.3,30.69
2025-08-20T14:00,2025-08-20,14,28.99,28.73,28.67,28.35,29.42,28.59,28.81,28.72,29.88,29.89
2025-08-20T15:00,2025-08-20,15,28.96,28.9,28.72,28.52,29.28,28.25,29.02,28.55,29.85,29.15
2025-08-20T16:00,2025-08-20,16,28.67,28.75,28.26,27.94,28.37,28.19,28.88,28.17,29.49,29.26
2025-08-20T17:00,2025-08-20,17,28.05,27.99,27.12,27.36,28.36,27.29,28.5,27.74,28.98,28.63
2025-08-20T18:00,2025-08-20,18,27.42,27.35,26.47,26.93,27.01,26.63,27.93,27.42,28.51,27.92
2025-08-20T19:00,2025-08-20,19,27.12,27.12,26.43,26.57,27.58,26.69,27.39,26.51,27.85,27.46
2025-08-20T20:00,2025-08-20,20,26.72,26.83,26.3,26.33,27.0,25.85,27.04,26.03,27.51,26.71
2025-08-20T21:00,2025-08-20,21,26.45,26.7,26.05,25.9,26.59,25.6,26.92,25.7,27.23,26.2
2025-08-20T22:00,2025-08-20,22,26.29,26.61,25.83,25.83,25.87,25.54,26.76,25.75,27.04,26.02
2025-08-20T23:00,2025-08-20,23,26.04,26.41,25.44,25.64,25.15,25.18,26.55,25.78,26.89,25.84
2025-08-21T00:00,2025-08-21,0,25.85,26.14,25.31,25.57,24.99,25.18,26.32,25.84,26.56,25.59
2025-08-21T01:00,2025-08-21,1,25.7,25.9,25.1,25.62,24.91,25.13,26.1,25.68,26.47,25.42
2025-08-21T02:00,2025-08-21,2,25.49,25.71,24.71,25.35,24.98,24.96,25.79,25.62,26.26,25.14
2025-08-21T03:00,2025-08-21,3,25.33,25.56,24.46,25.28,24.99,24.9,25.41,25.43,26.04,25.02
2025-08-21T04:00,2025-08-21,4,25.15,25.36,24.49,25.05,25.03,24.88,25.15,25.14,25.75,24.79
2025-08-21T05:00,2025-08-21,5,24.98,25.08,24.42,24.88,24.95,24.87,24.99,25.03,25.52,24.75
2025-08-21T06:00,2025-08-21,6,24.9,24.97,24.44,24.49,25.19,24.97,24.92,25.02,25.44,24.59
2025-08-21T07:00,2025-08-21,7,26.11,26.46,25.85,26.24,26.21,25.99,25.5,25.63,26.06,26.26
2025-08-21T08:00,2025-08-21,8,26.68,27.08,26.4,27.09,26.97,27.07,25.73,25.36,26.43,26.86
2025-08-21T09:00,2025-08-21,9,27.39,27.8,27.58,27.61,27.69,28.66,26.55,25.67,26.69,27.5
2025-08-21T10:00,2025-08-21,10,27.77,28.14,27.14,28.11,27.68,28.71,26.75,25.7,27.99,28.27
2025-08-21T11:00,2025-08-21,11,28.16,28.67,26.82,26.98,28.45,30.32,27.51,25.51,28.77,29.04
2025-08-21T12:00,2025-08-21,12,28.34,28.62,26.34,27.19,28.86,30.16,27.91,25.8,29.58,29.34
2025-08-21T13:00,2025-08-21,13,28.45,28.96,26.35,27.1,28.72,29.22,27.31,26.92,29.98,29.86
2025-08-21T14:00,2025-08-21,14,28.51,28.94,26.89,26.86,29.17,28.81,27.29,26.33,30.28,30.2
2025-08-21T15:00,2025-08-21,15,28.42,29.19,26.54,27.26,29.17,28.71,27.29,26.29,29.5,29.57
2025-08-21T16:00,2025-08-21,16,28.11,28.86,25.5,26.67,29.35,27.51,27.62,26.83,29.43,28.98
2025-08-21T17:00,2025-08-21,17,27.72,28.19,25.67,26.59,28.59,27.51,27.24,27.33,28.88,28.29
2025-08-21T18:00,2025-08-21,18,27.01,27.37,25.21,26.29,27.54,26.69,26.67,27.12,27.77,27.56
2025-08-21T19:00,2025-08-21,19,26.44,26.65,25.32,25.87,27.0,27.02,26.03,25.79,27.05,26.67
2025-08-21T20:00,2025-08-21,20,26.0,26.12,25.22,25.46,26.64,26.48,25.83,25.62,26.55,25.9
2025-08-21T21:00,2025-08-21,21,25.75,25.83,24.93,25.27,26.28,26.14,25.67,25.51,26.22,25.75
2025-08-21T22:00,2025-08-21,22,25.56,25.6,24.78,25.14,26.08,25.95,25.52,25.24,26.0,25.63
2025-08-21T23:00,2025-08-21,23,25.31,25.23,24.56,24.89,25.76,25.59,25.38,25.05,25.79,25.55
2025-08-22T00:00,2025-08-22,0,25.09,24.98,24.29,24.62,25.46,25.47,25.11,25.03,25.59,25.47
2025-08-22T01:00,2025-08-22,1,24.87,24.73,24.13,24.5,25.21,25.17,24.91,24.76,25.33,25.27
2025-08-22T02:00,2025-08-22,2,24.69,24.6,23.96,24.41,24.82,24.98,24.69,24.35,25.11,25.2
2025-08-22T03:00,2025-08-22,3,24.55,24.51,23.84,24.28,24.64,24.91,24.43,24.27,24.89,25.09
2025-08-22T04:00,2025-08-22,4,24.5,24.49,23.92,24.25,24.52,24.89,24.36,24.25,24.81,24.93
2025-08-22T05:00,2025-08-22,5,24.43,24.39,23.82,24.25,24.51,24.91,24.24,24.25,24.71,24.85
2025-08-22T06:00,2025-08-22,6,24.47,24.4,23.84,24.41,24.52,24.94,24.26,24.33,24.75,24.83
2025-08-22T07:00,2025-08-22,7,25.8,25.85,25.06,25.63,25.88,25.9,25.3,25.88,26.41,26.09
2025-08-22T08:00,2025-08-22,8,26.4,26.27,26.0,26.32,26.86,26.03,25.7,26.24,27.29,26.77
2025-08-22T09:00,2025-08-22,9,27.33,27.42,27.18,27.31,27.46,26.56,26.6,26.91,27.98,27.81
2025-08-22T10:00,2025-08-22,10,28.14,28.52,27.61,27.49,28.58,27.4,27.05,27.49,28.95,28.94
2025-08-22T11:00,2025-08-22,11,28.88,29.48,27.65,28.38,28.58,28.31,27.73,28.08,29.89,29.86
2025-08-22T12:00,2025-08-22,12,29.04,29.66,27.29,27.98,29.83,28.72,28.02,27.43,29.87,30.66
2025-08-22T13:00,2025-08-22,13,29.2,29.7,27.07,28.05,30.69,29.2,28.66,28.67,29.24,30.68
2025-08-22T14:00,2025-08-22,14,29.33,29.88,27.08,28.05,29.89,30.92,29.42,28.16,29.59,29.98
2025-08-22T15:00,2025-08-22,15,29.09,29.69,26.92,28.01,28.82,29.55,29.43,27.56,30.01,29.8
2025-08-22T16:00,2025-08-22,16,28.48,29.18,26.07,27.97,27.93,27.27,29.17,27.31,29.44,29.1
2025-08-22T17:00,2025-08-22,17,28.14,28.56,25.99,27.51,28.27,27.8,28.34,27.47,29.27,28.42
2025-08-22T18:00,2025-08-22,18,27.46,27.59,25.65,27.1,27.92,27.37,27.54,27.07,28.31,27.85
2025-08-22T19:00,2025-08-22,19,27.04,27.24,25.22,26.58,27.46,26.91,26.89,26.35,27.64,28.12
2025-08-22T20:00,2025-08-22,20,26.59,26.74,25.18,26.13,26.79,26.31,26.46,26.25,27.13,27.54
2025-08-22T21:00,2025-08-22,21,26.27,26.47,25.01,25.73,26.5,25.75,26.3,25.86,26.78,27.11
2025-08-22T22:00,2025-08-22,22,26.03,26.29,24.65,25.48,26.37,25.6,26.06,25.75,26.47,26.77
2025-08-22T23:00,2025-08-22,23,25.82,26.04,24.57,25.2,26.25,25.48,25.8,25.72,26.15,26.51
2025-08-23T00:00,2025-08-23,0,25.58,25.73,24.38,25.09,26.07,25.42,25.53,25.45,25.91,26.23
2025-08-23T01:00,2025-08-23,1,25.41,25.49,24.19,24.99,25.96,25.38,25.3,25.28,25.75,26.07
2025-08-23T02:00,2025-08-23,2,25.32,25.43,24.33,24.86,25.77,25.3,25.18,25.12,25.61,26.0
2025-08-23T03:00,2025-08-23,3,25.19,25.27,24.26,24.72,25.51,25.1,25.08,25.07,25.5,25.94
2025-08-23T04:00,2025-08-23,4,25.12,25.17,24.23,24.67,25.38,24.94,25.12,25.1,25.37,25.88
2025-08-23T05:00,2025-08-23,5,25.08,25.11,24.12,24.63,25.29,24.95,25.14,25.14,25.3,25.84
2025-08-23T06:00,2025-08-23,6,25.12,25.11,24.26,24.73,25.31,25.17,25.19,25.18,25.29,25.76
2025-08-23T07:00,2025-08-23,7,26.33,26.42,25.71,25.92,26.52,26.2,26.27,26.21,26.63,26.74
2025-08-23T08:00,2025-08-23,8,27.08,27.24,26.57,26.63,27.32,26.76,26.92,27.13,27.45,27.33
2025-08-23T09:00,2025-08-23,9,27.94,28.01,27.52,27.15,28.16,27.89,27.7,28.09,28.61,28.27
2025-08-23T10:00,2025-08-23,10,28.84,28.71,28.21,27.66,29.02,29.46,29.01,28.79,29.75,29.28
2025-08-23T11:00,2025-08-23,11,29.11,29.22,27.69,27.87,29.97,30.26,28.63,28.13,29.98,29.99
2025-08-23T12:00,2025-08-23,12,29.39,29.78,26.56,28.03,30.71,31.23,28.36,27.05,30.72,30.79
2025-08-23T13:00,2025-08-23,13,29.36,29.27,27.06,28.47,30.52,31.95,28.31,27.96,29.87,31.13
2025-08-23T14:00,2025-08-23,14,29.16,28.85,27.39,28.59,29.56,30.66,28.63,28.54,29.64,31.04
2025-08-23T15:00,2025-08-23,15,28.95,29.04,27.29,28.52,29.49,28.76,28.84,28.3,29.08,30.57
2025-08-23T16:00,2025-08-23,16,28.74,29.15,27.09,28.43,28.81,28.44,28.57,27.91,29.13,29.62
2025-08-23T17:00,2025-08-23,17,28.37,28.76,26.49,28.17,28.34,27.94,28.36,27.7,28.95,29.07
2025-08-23T18:00,2025-08-23,18,27.57,27.73,26.03,27.31,27.74,27.8,27.49,27.0,28.27,28.01
2025-08-23T19:00,2025-08-23,19,26.9,26.95,25.34,26.25,27.4,27.69,26.6,26.2,27.58,27.72
2025-08-23T20:00,2025-08-23,20,26.56,26.61,25.13,25.92,27.19,27.0,26.45,25.98,27.2,27.22
2025-08-23T21:00,2025-08-23,21,26.25,26.29,24.82,25.49,26.73,26.58,26.25,25.91,26.9,27.0
2025-08-23T22:00,2025-08-23,22,26.01,26.05,24.65,25.35,26.37,26.31,26.05,25.7,26.55,26.82
2025-08-23T23:00,2025-08-23,23,25.79,25.83,24.25,25.16,26.08,26.04,25.88,25.48,26.32,26.7
2025-08-24T00:00,2025-08-24,0,25.55,25.62,24.09,24.72,25.98,25.6,25.7,25.25,26.09,26.47
2025-08-24T01:00,2025-08-24,1,25.34,25.4,24.15,24.58,25.85,25.34,25.49,24.85,25.81,26.23
2025-08-24T02:00,2025-08-24,2,25.2,25.27,24.1,24.41,25.52,25.23,25.4,24.77,25.67,26.02
2025-08-24T03:00,2025-08-24,3,25.07,25.15,24.04,24.29,25.46,25.25,25.27,24.72,25.37,25.81
2025-08-24T04:00,2025-08-24,4,24.94,24.9,23.95,24.3,25.26,25.16,25.08,24.72,25.28,25.7
2025-08-24T05:00,2025-08-24,5,24.81,24.72,23.77,24.36,25.13,25.1,24.81,24.63,25.22,25.53
2025-08-24T06:00,2025-08-24,6,24.82,24.69,23.96,24.49,25.22,25.1,24.74,24.68,25.21,25.42
2025-08-24T07:00,2025-08-24,7,26.3,26.34,25.88,26.17,26.42,26.42,26.12,26.06,26.58,26.46
2025-08-24T08:00,2025-08-24,8,27.11,27.0,26.87,27.32,26.78,27.5,26.85,27.03,27.33,27.37
2025-08-24T09:00,2025-08-24,9,28.25,28.2,28.19,28.52,27.71,28.73,28.05,28.25,28.38,28.24
2025-08-24T10:00,2025-08-24,10,29.04,28.88,29.36,29.72,27.71,28.64,29.4,29.47,29.09,28.91
2025-08-24T11:00,2025-08-24,11,29.55,29.72,28.45,29.85,28.99,29.84,30.19,30.34,29.36,29.02
2025-08-24T12:00,2025-08-24,12,29.94,30.34,29.53,29.98,28.97,29.4,30.24,30.81,29.73,29.69
2025-08-24T13:00,2025-08-24,13,30.23,30.91,29.23,30.14,30.34,30.42,30.37,30.95,29.92,29.01
2025-08-24T14:00,2025-08-24,14,30.34,30.91,29.82,30.16,30.97,30.68,30.44,30.2,30.3,28.85
2025-08-24T15:00,2025-08-24,15,30.3,30.78,29.01,29.97,31.13,30.7,30.58,30.35,30.27,29.37
2025-08-24T16:00,2025-08-24,16,29.82,29.86,28.66,29.83,29.87,30.49,30.39,29.77,29.89,29.49
2025-08-24T17:00,2025-08-24,17,29.32,29.29,28.01,29.3,29.24,30.02,29.97,29.21,29.58,29.19
2025-08-24T18:00,2025-08-24,18,28.53,28.62,27.02,28.45,28.72,29.12,29.13,28.29,28.81,28.31
2025-08-24T19:00,2025-08-24,19,27.37,27.72,25.74,27.14,27.6,27.29,27.34,27.37,27.75,27.56
2025-08-24T20:00,2025-08-24,20,26.97,27.29,25.44,26.74,27.15,27.03,26.97,26.86,27.18,27.24
2025-08-24T21:00,2025-08-24,21,26.6,26.91,25.19,26.34,26.83,26.75,26.63,26.53,26.7,26.83
2025-08-24T22:00,2025-08-24,22,26.3,26.64,24.93,26.0,26.58,26.45,26.28,26.29,26.33,26.6
2025-08-24T23:00,2025-08-24,23,26.04,26.34,24.68,25.76,26.27,26.21,26.0,26.16,26.0,26.42
2025-08-25T00:00,2025-08-25,0,25.83,26.0,24.51,25.61,26.04,25.95,25.87,26.13,25.82,26.27
2025-08-25T01:00,2025-08-25,1,25.59,25.71,24.39,25.3,25.65,25.64,25.72,25.95,25.67,26.13
2025-08-25T02:00,2025-08-25,2,25.38,25.39,24.28,25.12,25.48,25.31,25.52,25.76,25.55,25.94
2025-08-25T03:00,2025-08-25,3,25.21,25.16,24.2,24.99,25.25,25.04,25.41,25.73,25.43,25.77
2025-08-25T04:00,2025-08-25,4,25.07,25.05,24.11,24.88,25.01,24.87,25.26,25.62,25.31,25.51
2025-08-25T05:00,2025-08-25,5,24.96,24.9,24.0,24.73,24.99,24.79,25.23,25.57,25.18,25.32
2025-08-25T06:00,2025-08-25,6,25.0,24.94,24.13,24.75,25.08,25.02,25.26,25.54,25.16,25.29
2025-08-25T07:00,2025-08-25,7,26.86,26.98,26.12,26.9,26.59,27.21,26.75,27.15,27.0,26.86
2025-08-25T08:00,2025-08-25,8,28.06,28.23,27.76,28.22,27.66,28.51,27.87,28.2,28.14,27.71
2025-08-25T09:00,2025-08-25,9,29.21,29.46,28.86,29.33,28.75,29.84,29.18,29.25,29.26,28.61
2025-08-25T10:00,2025-08-25,10,30.19,30.47,29.99,30.31,29.89,30.92,30.22,30.11,30.12,29.38
2025-08-25T11:00,2025-08-25,11,30.93,31.12,30.83,31.05,30.82,31.79,30.97,30.84,30.86,29.96
2025-08-25T12:00,2025-08-25,12,31.5,31.78,31.12,31.47,31.6,32.56,31.77,31.05,31.45,30.37
2025-08-25T13:00,2025-08-25,13,31.85,32.3,30.81,31.69,32.13,33.19,32.17,31.02,31.85,30.74
2025-08-25T14:00,2025-08-25,14,31.92,32.42,30.31,31.82,32.46,33.33,32.05,31.11,32.13,30.8
2025-08-25T15:00,2025-08-25,15,31.83,32.42,29.89,31.7,32.48,33.2,31.74,30.7,32.17,30.96
2025-08-25T16:00,2025-08-25,16,31.39,31.89,29.26,31.26,32.34,32.97,31.1,30.33,31.91,30.55
2025-08-25T17:00,2025-08-25,17,30.59,31.0,28.7,30.07,31.73,32.45,30.21,29.53,31.25,29.87
2025-08-25T18:00,2025-08-25,18,29.58,29.89,27.63,28.99,30.79,31.15,29.17,28.7,30.36,29.12
2025-08-25T19:00,2025-08-25,19,28.73,28.96,27.23,28.45,29.46,29.54,28.97,28.07,29.19,28.22
2025-08-25T20:00,2025-08-25,20,28.14,28.3,26.73,27.86,28.85,29.03,28.35,27.45,28.59,27.75
2025-08-25T21:00,2025-08-25,21,27.74,27.92,26.38,27.37,28.24,28.74,27.87,27.11,28.17,27.5
2025-08-25T22:00,2025-08-25,22,27.41,27.61,25.99,26.98,27.94,28.52,27.43,26.69,27.84,27.29
2025-08-25T23:00,2025-08-25,23,27.11,27.35,25.68,26.69,27.46,28.02,27.1,26.52,27.58,27.07
2025-08-26T00:00,2025-08-26,0,26.78,26.93,25.46,26.33,27.25,27.43,26.73,26.39,27.26,26.87
2025-08-26T01:00,2025-08-26,1,26.49,26.68,25.24,26.16,26.99,26.88,26.38,26.22,26.84,26.66
2025-08-26T02:00,2025-08-26,2,26.24,26.36,25.22,25.89,26.81,26.38,26.1,26.15,26.53,26.5
2025-08-26T03:00,2025-08-26,3,25.98,26.04,24.99,25.77,26.54,26.01,25.79,26.08,26.25,26.28
2025-08-26T04:00,2025-08-26,4,25.81,25.75,24.93,25.59,26.32,25.83,25.62,26.07,26.16,26.16
2025-08-26T05:00,2025-08-26,5,25.61,25.51,24.78,25.42,26.01,25.61,25.4,26.06,25.96,26.02
2025-08-26T06:00,2025-08-26,6,25.65,25.57,25.11,25.45,26.06,25.57,25.38,26.15,25.93,25.98
2025-08-26T07:00,2025-08-26,7,27.78,27.88,27.46,27.68,27.63,27.02,27.65,28.25,28.25,27.83
2025-08-26T08:00,2025-08-26,8,29.11,29.25,28.81,29.03,29.07,28.49,29.01,29.25,29.44,29.17
2025-08-26T09:00,2025-08-26,9,30.2,30.24,30.19,30.17,30.04,29.89,30.11,30.02,30.44,30.37
2025-08-26T10:00,2025-08-26,10,31.03,31.0,31.22,31.1,30.92,31.22,30.95,30.61,31.22,30.89
2025-08-26T11:00,2025-08-26,11,31.67,31.56,31.98,31.87,31.58,32.29,31.69,30.97,31.89,31.26
2025-08-26T12:00,2025-08-26,12,32.17,32.19,32.0,32.3,32.01,33.03,32.19,31.31,32.44,31.82
2025-08-26T13:00,2025-08-26,13,32.42,32.56,30.79,32.43,32.68,33.64,32.53,31.47,32.81,32.33
2025-08-26T14:00,2025-08-26,14,32.3,32.41,30.98,31.63,32.75,33.77,32.17,31.43,32.89,32.45
2025-08-26T15:00,2025-08-26,15,32.08,32.18,30.1,31.62,32.76,33.72,31.86,31.1,32.85,32.23
2025-08-26T16:00,2025-08-26,16,31.47,31.53,29.43,31.31,31.95,33.45,31.17,30.57,32.66,30.92
2025-08-26T17:00,2025-08-26,17,30.46,30.31,28.3,30.07,31.24,32.85,30.66,29.69,31.97,29.37
2025-08-26T18:00,2025-08-26,18,29.44,29.61,27.49,29.06,29.49,31.39,29.74,28.69,30.59,28.5
2025-08-26T19:00,2025-08-26,19,28.66,29.0,27.1,28.54,28.46,30.03,28.88,28.19,29.19,27.85
2025-08-26T20:00,2025-08-26,20,28.12,28.38,26.63,27.94,28.03,29.55,28.32,27.63,28.54,27.52
2025-08-26T21:00,2025-08-26,21,27.78,28.06,26.29,27.74,27.83,29.02,27.76,27.23,28.25,27.26
2025-08-26T22:00,2025-08-26,22,27.34,27.78,25.95,27.38,27.6,27.35,27.35,27.07,27.57,26.99
2025-08-26T23:00,2025-08-26,23,26.97,27.52,25.75,27.06,26.45,26.99,27.0,26.86,27.02,26.75
2025-08-27T00:00,2025-08-27,0,26.69,27.19,25.5,26.82,26.34,26.49,26.68,26.72,26.72,26.52
2025-08-27T01:00,2025-08-27,1,26.46,26.91,25.26,26.6,26.2,26.14,26.52,26.6,26.5,26.33
2025-08-27T02:00,2025-08-27,2,26.24,26.67,25.0,26.37,26.12,25.5,26.4,26.45,26.35,26.15
2025-08-27T03:00,2025-08-27,3,26.08,26.48,24.91,26.13,26.08,25.29,26.2,26.36,26.29,25.93
2025-08-27T04:00,2025-08-27,4,25.91,26.3,24.65,25.9,25.96,25.01,26.07,26.1,26.29,25.8
2025-08-27T05:00,2025-08-27,5,25.73,26.09,24.4,25.63,25.6,24.98,25.9,26.12,26.18,25.61
2025-08-27T06:00,2025-08-27,6,25.72,26.03,24.72,25.62,25.44,25.07,25.88,26.1,26.18,25.57
2025-08-27T07:00,2025-08-27,7,27.24,27.41,26.83,27.36,26.78,26.61,27.42,27.43,27.87,26.7
2025-08-27T08:00,2025-08-27,8,28.16,28.16,28.29,28.43,27.83,27.8,28.25,28.55,28.53,27.46
2025-08-27T09:00,2025-08-27,9,29.2,29.38,29.43,29.51,28.88,29.04,29.42,29.53,29.12,28.25
2025-08-27T10:00,2025-08-27,10,30.25,30.52,30.37,30.42,30.22,30.23,30.72,30.2,29.86,29.35
2025-08-27T11:00,2025-08-27,11,31.11,31.43,31.19,31.11,31.25,31.18,31.39,30.58,30.83,30.44
2025-08-27T12:00,2025-08-27,12,31.64,32.03,31.19,31.54,31.77,31.97,31.73,30.55,31.7,31.26
2025-08-27T13:00,2025-08-27,13,31.75,32.11,29.96,31.74,32.1,32.61,31.7,30.17,32.33,31.67
2025-08-27T14:00,2025-08-27,14,31.74,32.04,29.85,31.73,32.37,32.94,30.83,30.38,32.6,31.91
2025-08-27T15:00,2025-08-27,15,31.51,31.81,28.35,31.14,32.58,32.95,31.08,30.27,32.47,31.99
2025-08-27T16:00,2025-08-27,16,30.65,30.47,27.4,30.36,31.69,32.61,30.56,29.4,31.67,31.56
2025-08-27T17:00,2025-08-27,17,29.81,30.0,27.18,29.3,29.79,31.38,29.73,28.59,30.69,30.74
2025-08-27T18:00,2025-08-27,18,28.72,28.95,26.22,28.58,29.06,28.77,28.61,27.85,29.55,29.63
2025-08-27T19:00,2025-08-27,19,28.59,28.99,26.19,28.43,29.02,28.94,28.4,27.54,29.51,28.76
2025-08-27T20:00,2025-08-27,20,27.98,28.4,25.88,27.87,28.69,27.83,27.9,27.23,28.78,27.82
2025-08-27T21:00,2025-08-27,21,27.45,28.02,25.36,27.31,27.94,26.77,27.65,26.96,28.24,27.06
2025-08-27T22:00,2025-08-27,22,26.94,27.58,24.54,26.72,27.26,26.24,27.28,26.79,27.84,26.38
2025-08-27T23:00,2025-08-27,23,26.6,27.23,24.39,26.21,26.75,25.86,26.95,26.75,27.53,26.01
2025-08-28T00:00,2025-08-28,0,26.23,26.82,24.44,25.83,25.69,25.37,26.64,26.58,27.2,25.79
2025-08-28T01:00,2025-08-28,1,25.93,26.43,24.22,25.47,25.25,25.21,26.4,26.4,26.8,25.77
2025-08-28T02:00,2025-08-28,2,25.73,26.17,24.01,25.28,25.19,25.09,26.17,26.22,26.55,25.63
2025-08-28T03:00,2025-08-28,3,25.61,25.92,24.09,25.16,25.36,25.09,26.09,26.18,26.29,25.44
2025-08-28T04:00,2025-08-28,4,25.44,25.62,24.11,25.02,25.39,24.9,25.98,25.93,26.08,25.3
2025-08-28T05:00,2025-08-28,5,25.27,25.37,24.1,24.9,25.36,24.79,25.85,25.5,25.91,25.19
2025-08-28T06:00,2025-08-28,6,25.29,25.45,24.18,24.99,25.5,24.77,25.73,25.46,25.76,25.25
2025-08-28T07:00,2025-08-28,7,26.8,27.15,25.35,26.56,26.57,26.0,27.44,26.84,27.55,26.42
2025-08-28T08:00,2025-08-28,8,27.6,28.04,26.59,27.24,27.29,26.57,28.28,26.81,28.54,27.15
2025-08-28T09:00,2025-08-28,9,28.56,29.07,27.44,28.4,28.48,27.62,29.16,27.33,29.41,28.05
2025-08-28T10:00,2025-08-28,10,29.47,29.99,28.19,29.06,29.41,28.51,29.75,29.0,30.32,29.26
2025-08-28T11:00,2025-08-28,11,30.14,30.64,28.73,29.36,29.84,29.57,30.67,29.57,31.16,30.06
2025-08-28T12:00,2025-08-28,12,30.15,29.69,29.6,29.38,30.07,30.32,30.44,29.82,31.66,30.67
2025-08-28T13:00,2025-08-28,13,29.99,29.85,29.12,29.16,30.67,30.84,29.11,28.69,31.21,31.1
2025-08-28T14:00,2025-08-28,14,29.95,30.21,28.72,29.27,30.62,30.78,29.41,28.94,30.16,30.87
2025-08-28T15:00,2025-08-28,15,29.4,29.58,27.77,29.13,28.9,28.92,29.46,29.02,29.69,31.02
2025-08-28T16:00,2025-08-28,16,29.07,29.21,27.9,28.85,29.23,28.76,28.84,28.45,29.63,29.91
2025-08-28T17:00,2025-08-28,17,28.42,28.71,27.16,28.07,29.27,28.11,28.12,27.57,28.94,28.81
2025-08-28T18:00,2025-08-28,18,27.51,27.51,26.33,27.46,27.63,27.06,27.66,27.05,28.07,28.19
2025-08-28T19:00,2025-08-28,19,27.42,27.74,25.99,27.33,27.1,27.04,27.95,27.11,27.76,27.59
2025-08-28T20:00,2025-08-28,20,27.05,27.37,25.51,26.94,26.93,26.68,27.49,26.74,27.4,27.19
2025-08-28T21:00,2025-08-28,21,26.77,27.05,25.34,26.71,26.72,26.12,27.18,26.65,27.22,26.86
2025-08-28T22:00,2025-08-28,22,26.52,26.82,25.18,26.5,26.37,25.62,27.01,26.61,27.0,26.46
2025-08-28T23:00,2025-08-28,23,26.32,26.57,25.08,26.24,26.12,25.46,26.84,26.55,26.87,26.16
2025-08-29T00:00,2025-08-29,0,26.12,26.33,24.94,26.01,25.84,25.33,26.65,26.48,26.67,25.93
2025-08-29T01:00,2025-08-29,1,25.85,26.06,24.69,25.75,25.63,25.11,26.37,26.4,26.38,25.57
2025-08-29T02:00,2025-08-29,2,25.75,25.94,24.68,25.76,25.52,25.09,26.25,26.3,26.13,25.45
2025-08-29T03:00,2025-08-29,3,25.62,25.79,24.64,25.65,25.49,25.03,26.09,26.23,25.93,25.23
2025-08-29T04:00,2025-08-29,4,25.54,25.74,24.62,25.61,25.38,24.9,26.0,26.03,25.85,25.12
2025-08-29T05:00,2025-08-29,5,25.45,25.63,24.55,25.53,25.24,24.98,25.94,25.99,25.73,25.01
2025-08-29T06:00,2025-08-29,6,25.43,25.59,24.5,25.47,25.25,25.14,25.92,26.06,25.63,25.0
2025-08-29T07:00,2025-08-29,7,26.9,27.13,25.88,26.81,26.53,26.49,27.48,27.65,27.27,26.38
2025-08-29T08:00,2025-08-29,8,27.73,28.0,26.97,27.56,27.28,27.32,28.48,28.28,27.99,27.08
2025-08-29T09:00,2025-08-29,9,28.66,29.23,27.86,28.63,28.34,28.24,29.02,27.91,29.01,27.97
2025-08-29T10:00,2025-08-29,10,29.52,30.32,28.75,29.31,29.06,29.53,29.01,28.58,30.14,28.97
2025-08-29T11:00,2025-08-29,11,29.81,30.43,29.22,29.2,28.92,30.08,29.19,28.66,30.89,29.78
2025-08-29T12:00,2025-08-29,12,29.42,29.33,28.84,27.9,29.46,29.94,29.32,28.46,31.1,30.13
2025-08-29T13:00,2025-08-29,13,29.23,28.73,28.36,28.33,30.06,28.46,29.26,29.28,30.85,30.16
2025-08-29T14:00,2025-08-29,14,29.18,29.25,28.04,28.68,30.22,28.68,28.97,28.67,29.5,30.21
2025-08-29T15:00,2025-08-29,15,28.93,28.99,27.83,29.11,28.5,28.59,28.84,27.88,29.26,30.27
2025-08-29T16:00,2025-08-29,16,28.57,28.78,27.09,28.41,28.19,28.22,28.5,28.13,29.56,29.04
2025-08-29T17:00,2025-08-29,17,28.28,28.48,26.88,27.61,28.42,28.34,28.35,28.06,28.91,28.78
2025-08-29T18:00,2025-08-29,18,27.41,26.93,26.3,26.98,27.88,27.72,27.63,27.55,28.19,28.28
2025-08-29T19:00,2025-08-29,19,27.31,27.51,26.06,26.99,27.36,27.98,27.01,26.57,27.87,27.75
2025-08-29T20:00,2025-08-29,20,26.85,26.96,25.34,26.66,26.97,27.51,26.63,26.27,27.46,27.3
2025-08-29T21:00,2025-08-29,21,26.54,26.58,25.18,26.41,26.53,27.31,26.37,26.26,27.1,26.92
2025-08-29T22:00,2025-08-29,22,26.3,26.34,25.03,26.14,26.33,26.84,26.17,26.07,26.77,26.7
2025-08-29T23:00,2025-08-29,23,26.09,26.1,24.96,25.94,26.24,26.48,26.02,25.86,26.55,26.45
2025-08-30T00:00,2025-08-30,0,25.87,25.82,24.76,25.74,26.06,25.98,25.94,25.82,26.3,26.25
2025-08-30T01:00,2025-08-30,1,25.66,25.63,24.63,25.61,25.71,25.43,25.78,25.76,26.09,26.03
2025-08-30T02:00,2025-08-30,2,25.5,25.53,24.31,25.45,25.45,25.22,25.71,25.75,25.91,25.81
2025-08-30T03:00,2025-08-30,3,25.37,25.45,24.16,25.34,25.27,24.96,25.63,25.74,25.74,25.58
2025-08-30T04:00,2025-08-30,4,25.23,25.27,24.13,25.22,25.15,24.83,25.5,25.51,25.63,25.49
2025-08-30T05:00,2025-08-30,5,25.17,25.2,24.04,25.13,25.15,24.84,25.45,25.49,25.5,25.41
2025-08-30T06:00,2025-08-30,6,25.16,25.3,24.22,25.14,25.18,24.83,25.39,25.56,25.44,24.95
2025-08-30T07:00,2025-08-30,7,26.69,27.0,26.07,26.76,25.76,26.13,27.2,27.21,26.91,26.3
2025-08-30T08:00,2025-08-30,8,27.5,27.77,27.25,27.6,26.77,26.84,28.17,27.46,27.86,26.75
2025-08-30T09:00,2025-08-30,9,28.5,28.98,28.34,28.51,28.08,28.01,29.1,27.5,29.0,27.32
2025-08-30T10:00,2025-08-30,10,29.38,29.96,29.64,28.95,29.18,29.33,29.69,27.63,30.01,28.23
2025-08-30T11:00,2025-08-30,11,30.07,30.51,30.2,29.34,30.12,30.33,30.37,28.8,30.7,29.06
2025-08-30T12:00,2025-08-30,12,30.57,30.81,30.58,29.92,30.67,31.03,30.79,29.86,31.21,29.76
2025-08-30T13:00,2025-08-30,13,30.27,30.18,29.27,29.3,30.85,31.73,30.28,29.54,31.46,30.01
2025-08-30T14:00,2025-08-30,14,30.05,30.13,28.66,28.6,31.32,32.17,28.79,29.03,31.74,30.18
2025-08-30T15:00,2025-08-30,15,29.72,29.54,28.31,29.27,31.1,32.08,28.46,27.89,31.16,29.88
2025-08-30T16:00,2025-08-30,16,28.66,28.11,27.82,28.12,30.3,30.45,28.73,27.86,28.78,29.27
2025-08-30T17:00,2025-08-30,17,28.01,27.65,27.43,27.53,27.91,28.37,28.58,27.93,28.14,29.07
2025-08-30T18:00,2025-08-30,18,27.31,27.21,26.71,27.04,26.88,26.73,28.03,27.51,27.49,28.03
2025-08-30T19:00,2025-08-30,19,27.54,27.47,26.96,27.28,28.08,29.05,27.25,26.93,27.76,27.48
2025-08-30T20:00,2025-08-30,20,27.13,27.04,26.46,26.87,27.54,28.6,26.95,26.64,27.35,27.17
2025-08-30T21:00,2025-08-30,21,26.9,26.86,26.17,26.67,27.16,28.15,26.7,26.46,27.09,27.04
2025-08-30T22:00,2025-08-30,22,26.66,26.65,25.68,26.45,26.86,27.99,26.56,26.29,26.82,26.83
2025-08-30T23:00,2025-08-30,23,26.35,26.35,25.24,26.16,26.61,27.4,26.35,26.05,26.52,26.57
2025-08-31T00:00,2025-08-31,0,26.05,26.04,24.84,25.82,26.26,27.09,26.06,25.86,26.27,26.33
2025-08-31T01:00,2025-08-31,1,25.79,25.81,24.62,25.81,25.93,26.38,25.79,25.74,25.88,26.1
2025-08-31T02:00,2025-08-31,2,25.62,25.66,24.43,25.67,25.79,26.19,25.63,25.57,25.7,25.88
2025-08-31T03:00,2025-08-31,3,25.54,25.59,24.33,25.63,25.7,25.98,25.52,25.64,25.63,25.72
2025-08-31T04:00,2025-08-31,4,25.45,25.59,24.29,25.45,25.44,25.71,25.48,25.59,25.62,25.58
2025-08-31T05:00,2025-08-31,5,25.29,25.44,24.18,25.29,25.17,25.52,25.32,25.48,25.47,25.39
2025-08-31T06:00,2025-08-31,6,25.37,25.58,24.46,25.32,25.34,25.56,25.26,25.77,25.48,25.26
2025-08-31T07:00,2025-08-31,7,27.54,27.77,26.73,27.57,27.64,27.64,27.41,27.66,27.67,27.36
2025-08-31T08:00,2025-08-31,8,28.74,29.0,28.32,28.78,29.07,28.94,28.31,28.46,28.89,28.35
2025-08-31T09:00,2025-08-31,9,29.76,29.89,29.74,29.88,30.14,30.14,29.29,29.17,29.84,29.51
2025-08-31T10:00,2025-08-31,10,30.54,30.58,30.35,30.55,30.82,31.32,30.17,29.82,30.77,30.37
2025-08-31T11:00,2025-08-31,11,31.18,31.2,30.69,31.23,31.49,32.17,30.93,30.25,31.44,31.04
2025-08-31T12:00,2025-08-31,12,31.56,31.78,31.15,30.82,31.91,32.8,31.48,30.36,31.86,31.46
2025-08-31T13:00,2025-08-31,13,31.6,31.95,30.87,29.83,32.22,33.22,31.84,29.85,32.15,31.83
2025-08-31T14:00,2025-08-31,14,31.5,32.1,30.91,28.98,32.22,33.37,31.55,29.46,32.24,31.75
2025-08-31T15:00,2025-08-31,15,31.39,31.87,30.39,29.54,31.51,33.31,31.59,29.52,32.32,31.44
2025-08-31T16:00,2025-08-31,16,30.74,30.76,29.58,29.77,29.98,32.4,31.5,29.25,31.79,30.95
2025-08-31T17:00,2025-08-31,17,30.23,29.97,29.12,29.74,29.93,31.49,31.08,28.94,31.31,30.3
2025-08-31T18:00,2025-08-31,18,29.34,29.25,28.06,29.0,29.37,30.32,29.98,28.42,30.04,29.37
2025-08-31T19:00,2025-08-31,19,28.54,28.33,28.22,28.36,27.88,29.24,29.35,28.43,28.97,28.27
2025-08-31T20:00,2025-08-31,20,28.06,27.93,27.43,27.88,27.44,28.81,28.82,28.01,28.5,27.82
2025-08-31T21:00,2025-08-31,21,27.71,27.6,27.15,27.48,27.2,28.39,28.34,27.83,28.1,27.49
2025-08-31T22:00,2025-08-31,22,27.37,27.32,26.58,27.12,26.93,27.89,27.93,27.5,27.79,27.24
2025-08-31T23:00,2025-08-31,23,27.08,27.03,26.29,26.85,26.78,27.57,27.62,27.09,27.48,27.01
2025-09-01T00:00,2025-09-01,0,26.84,26.74,26.09,26.62,26.63,27.38,27.34,26.94,27.19,26.83
2025-09-01T01:00,2025-09-01,1,26.64,26.55,25.94,26.37,26.45,27.19,27.1,26.68,26.99,26.63
2025-09-01T02:00,2025-09-01,2,26.43,26.31,25.93,26.08,26.28,26.93,26.87,26.5,26.78,26.43
2025-09-01T03:00,2025-09-01,3,26.26,26.1,25.86,26.04,26.16,26.67,26.66,26.38,26.54,26.26
2025-09-01T04:00,2025-09-01,4,26.08,25.86,25.6,25.92,26.1,26.48,26.55,26.27,26.35,26.08
2025-09-01T05:00,2025-09-01,5,25.96,25.71,25.56,25.84,25.88,26.46,26.38,26.34,26.16,25.94
2025-09-01T06:00,2025-09-01,6,26.03,25.75,25.76,26.04,25.97,26.65,26.31,26.48,26.15,25.88
2025-09-01T07:00,2025-09-01,7,28.34,28.3,28.16,28.25,28.65,29.02,28.03,28.31,28.47,28.22
2025-09-01T08:00,2025-09-01,8,30.07,30.39,29.51,30.12,30.18,30.84,29.35,29.81,30.08,29.93
2025-09-01T09:00,2025-09-01,9,31.46,31.88,30.5,31.63,31.75,32.36,30.71,31.21,31.36,31.21
2025-09-01T10:00,2025-09-01,10,32.49,32.89,31.51,32.59,33.0,33.65,32.0,32.1,32.22,32.09
2025-09-01T11:00,2025-09-01,11,33.3,33.71,32.39,33.23,33.93,34.79,32.82,32.78,32.96,32.8
2025-09-01T12:00,2025-09-01,12,33.85,34.29,32.76,33.83,34.51,35.64,33.39,33.1,33.52,33.29
2025-09-01T13:00,2025-09-01,13,34.23,34.67,32.75,34.44,34.94,36.36,33.56,33.17,33.97,33.68
2025-09-01T14:00,2025-09-01,14,34.33,35.02,32.0,34.61,35.21,36.29,33.57,33.13,34.13,33.87
2025-09-01T15:00,2025-09-01,15,33.97,34.98,28.79,34.61,35.23,35.96,33.14,33.03,34.09,33.84
2025-09-01T16:00,2025-09-01,16,33.23,34.42,27.91,33.3,34.64,35.45,32.24,30.16,33.99,33.63
2025-09-01T17:00,2025-09-01,17,32.27,33.93,27.4,30.55,34.11,34.51,31.63,27.59,33.4,32.96
2025-09-01T18:00,2025-09-01,18,30.76,31.88,27.23,28.11,32.66,32.94,30.36,27.17,32.14,31.65
2025-09-01T19:00,2025-09-01,19,29.94,30.21,27.46,28.99,30.97,30.9,29.82,27.73,31.21,30.81
2025-09-01T20:00,2025-09-01,20,29.44,29.78,27.17,28.44,30.32,30.5,29.18,27.73,30.52,30.06
2025-09-01T21:00,2025-09-01,21,29.05,29.18,27.18,28.21,29.75,30.19,28.85,27.52,30.14,29.64
2025-09-01T22:00,2025-09-01,22,28.62,28.73,26.95,27.65,29.34,30.1,28.16,27.24,29.63,29.34
2025-09-01T23:00,2025-09-01,23,28.23,28.4,26.48,27.38,28.95,29.64,27.47,27.23,29.05,29.13
2025-09-02T00:00,2025-09-02,0,27.83,28.08,26.16,27.09,29.02,28.98,26.76,26.73,28.27,28.91
2025-09-02T01:00,2025-09-02,1,27.42,27.85,25.88,26.93,28.48,27.95,26.27,26.54,27.45,28.66
2025-09-02T02:00,2025-09-02,2,26.98,27.4,25.63,26.71,27.81,27.42,26.13,26.46,26.36,28.32
2025-09-02T03:00,2025-09-02,3,26.55,26.9,25.4,26.49,26.49,26.6,25.99,26.26,26.19,27.85
2025-09-02T04:00,2025-09-02,4,26.29,26.75,25.24,26.32,26.18,26.12,25.95,25.92,26.1,26.92
2025-09-02T05:00,2025-09-02,5,26.15,26.59,25.1,26.14,26.18,25.82,25.9,25.97,26.07,26.55
2025-09-02T06:00,2025-09-02,6,26.1,26.43,25.22,26.03,26.19,25.73,25.85,26.12,26.2,26.36
2025-09-02T07:00,2025-09-02,7,27.34,27.87,26.65,27.65,26.78,27.51,26.97,26.89,27.59,26.83
2025-09-02T08:00,2025-09-02,8,28.26,28.8,28.0,28.46,28.09,29.28,27.53,27.76,28.43,27.1
2025-09-02T09:00,2025-09-02,9,29.33,29.99,29.2,29.44,29.55,30.61,28.58,28.04,29.54,27.81
2025-09-02T10:00,2025-09-02,10,30.36,30.87,30.28,30.63,30.73,31.73,29.81,29.0,30.59,28.69
2025-09-02T11:00,2025-09-02,11,31.25,31.63,31.18,31.51,31.65,32.68,30.65,29.78,31.56,29.86
2025-09-02T12:00,2025-09-02,12,31.59,32.13,31.64,31.91,32.46,33.32,29.72,29.08,31.91,30.94
2025-09-02T13:00,2025-09-02,13,31.58,31.78,32.04,31.95,32.83,33.7,29.22,28.93,31.79,31.6
2025-09-02T14:00,2025-09-02,14,31.63,31.81,32.17,31.74,32.88,33.98,29.19,29.85,31.35,31.97
2025-09-02T15:00,2025-09-02,15,31.23,31.56,30.98,31.56,32.88,34.04,28.59,29.5,30.23,32.05
2025-09-02T16:00,2025-09-02,16,31.07,31.51,29.66,30.88,32.56,33.57,29.11,29.1,30.66,32.08
2025-09-02T17:00,2025-09-02,17,30.46,30.74,29.06,30.01,31.9,32.95,28.85,28.7,30.33,31.44
2025-09-02T18:00,2025-09-02,18,29.47,29.72,28.24,29.07,30.4,31.45,28.0,28.25,29.56,30.36
2025-09-02T19:00,2025-09-02,19,28.85,29.27,27.32,28.54,29.43,30.21,27.54,27.98,29.07,29.62
2025-09-02T20:00,2025-09-02,20,28.36,28.61,26.85,28.14,28.89,29.74,27.35,27.89,28.57,28.97
2025-09-02T21:00,2025-09-02,21,28.05,28.23,26.69,27.86,28.49,29.24,27.32,27.87,28.11,28.57
2025-09-02T22:00,2025-09-02,22,27.78,27.94,26.52,27.6,28.12,28.79,27.2,27.78,27.72,28.37
2025-09-02T23:00,2025-09-02,23,27.5,27.73,26.31,27.44,27.71,28.07,27.03,27.71,27.39,27.89
2025-09-03T00:00,2025-09-03,0,27.2,27.53,26.12,27.2,27.34,26.91,26.89,27.45,27.17,27.56
2025-09-03T01:00,2025-09-03,1,27.01,27.3,26.13,27.04,27.28,26.81,26.72,27.17,26.98,27.17
2025-09-03T02:00,2025-09-03,2,26.8,27.17,25.95,26.88,27.07,26.38,26.32,26.76,26.94,26.84
2025-09-03T03:00,2025-09-03,3,26.55,27.12,25.78,26.54,26.86,25.9,25.85,26.1,26.78,26.57
2025-09-03T04:00,2025-09-03,4,26.39,27.04,25.89,26.41,26.19,25.63,25.72,25.84,26.67,26.36
2025-09-03T05:00,2025-09-03,5,26.22,26.9,25.67,26.22,25.86,25.49,25.67,25.41,26.64,26.15
2025-09-03T06:00,2025-09-03,6,26.18,26.75,25.93,26.16,25.8,25.5,25.6,25.23,26.84,25.95
2025-09-03T07:00,2025-09-03,7,27.97,28.73,27.3,27.85,28.47,27.78,26.72,26.34,28.51,27.95
2025-09-03T08:00,2025-09-03,8,29.31,30.01,28.91,29.46,29.99,29.25,27.73,26.99,29.81,29.45
2025-09-03T09:00,2025-09-03,9,30.46,31.16,30.04,30.52,31.15,30.61,28.84,28.25,30.72,30.82
2025-09-03T10:00,2025-09-03,10,31.28,31.97,30.77,31.25,31.85,31.77,29.62,28.88,31.66,31.7
2025-09-03T11:00,2025-09-03,11,31.81,32.51,31.41,31.7,32.47,32.72,30.17,28.48,32.35,32.23
2025-09-03T12:00,2025-09-03,12,32.04,32.72,31.58,31.95,32.78,33.33,29.81,28.7,32.67,32.73
2025-09-03T13:00,2025-09-03,13,31.8,32.5,30.38,30.78,33.06,33.79,29.36,29.02,32.78,32.92
2025-09-03T14:00,2025-09-03,14,31.16,30.96,30.22,30.19,33.09,34.16,28.81,29.31,32.06,32.58
2025-09-03T15:00,2025-09-03,15,30.66,30.29,28.17,30.29,32.65,33.83,29.21,29.05,31.2,32.28
2025-09-03T16:00,2025-09-03,16,29.94,30.27,28.43,29.22,30.2,32.69,29.1,28.64,30.05,30.54
2025-09-03T17:00,2025-09-03,17,29.36,29.74,27.56,28.72,29.32,31.56,28.76,28.53,29.65,29.87
2025-09-03T18:00,2025-09-03,18,28.63,28.98,26.98,28.16,28.97,30.65,28.2,27.85,28.97,28.5
2025-09-03T19:00,2025-09-03,19,28.48,28.79,27.06,28.19,29.26,29.94,27.39,27.61,28.78,28.91
2025-09-03T20:00,2025-09-03,20,28.09,28.37,26.89,27.89,28.67,29.37,27.18,27.45,28.27,28.37
2025-09-03T21:00,2025-09-03,21,27.79,28.09,26.54,27.53,28.37,29.1,27.13,27.23,27.91,27.89
2025-09-03T22:00,2025-09-03,22,27.52,27.9,26.41,27.23,28.01,28.55,27.1,27.08,27.64,27.29
2025-09-03T23:00,2025-09-03,23,27.19,27.59,26.15,26.92,27.64,27.43,26.98,26.92,27.43,26.95
2025-09-04T00:00,2025-09-04,0,26.92,27.38,25.94,26.79,27.15,26.32,26.74,26.8,27.2,26.83
2025-09-04T01:00,2025-09-04,1,26.56,26.92,25.5,26.45,26.96,25.81,26.4,26.4,26.88,26.71
2025-09-04T02:00,2025-09-04,2,26.2,26.5,25.47,26.12,26.27,25.42,26.1,26.15,26.27,26.58
2025-09-04T03:00,2025-09-04,3,25.85,26.0,25.25,25.66,25.97,25.28,25.85,25.97,25.91,26.32
2025-09-04T04:00,2025-09-04,4,25.64,25.8,24.99,25.37,25.74,25.11,25.67,25.79,25.71,26.15
2025-09-04T05:00,2025-09-04,5,25.51,25.6,24.99,25.2,25.66,24.98,25.55,25.58,25.58,26.16
2025-09-04T06:00,2025-09-04,6,25.5,25.56,25.18,25.3,25.52,24.95,25.53,25.49,25.57,26.05
2025-09-04T07:00,2025-09-04,7,27.04,27.05,27.26,26.98,26.78,26.81,26.82,27.15,27.19,27.2
2025-09-04T08:00,2025-09-04,8,28.12,28.18,28.84,28.29,27.95,28.34,27.67,27.68,28.12,27.87
2025-09-04T09:00,2025-09-04,9,29.19,29.68,29.88,29.34,29.32,29.73,28.29,27.49,29.19,28.58
2025-09-04T10:00,2025-09-04,10,30.05,30.65,30.13,29.89,30.57,30.95,28.74,27.94,30.29,29.83
2025-09-04T11:00,2025-09-04,11,30.68,31.21,30.53,29.78,31.48,31.96,29.36,29.24,30.98,30.81
2025-09-04T12:00,2025-09-04,12,31.02,31.46,30.28,30.19,31.95,32.72,29.11,29.92,31.61,31.51
2025-09-04T13:00,2025-09-04,13,30.82,30.71,29.24,29.98,32.43,32.9,29.19,30.15,31.58,31.94
2025-09-04T14:00,2025-09-04,14,30.59,30.56,28.25,29.56,32.5,33.11,29.84,29.86,30.31,32.19
2025-09-04T15:00,2025-09-04,15,29.92,30.21,27.52,29.18,29.65,32.53,29.53,29.49,29.25,31.86
2025-09-04T16:00,2025-09-04,16,29.4,29.15,27.68,29.05,29.15,31.05,28.92,29.43,29.48,31.35
2025-09-04T17:00,2025-09-04,17,28.92,29.18,27.36,28.67,29.37,28.62,28.57,29.03,28.99,29.86
2025-09-04T18:00,2025-09-04,18,28.2,28.5,26.93,28.1,28.99,27.94,28.05,28.04,27.97,28.66
2025-09-04T19:00,2025-09-04,19,27.97,27.77,26.75,27.68,28.28,29.28,27.64,27.56,27.97,29.3
2025-09-04T20:00,2025-09-04,20,27.44,27.24,26.18,27.16,27.72,28.67,27.23,27.03,27.54,28.63
2025-09-04T21:00,2025-09-04,21,27.05,26.88,25.87,26.91,27.28,28.09,26.93,26.76,27.12,27.97
2025-09-04T22:00,2025-09-04,22,26.75,26.57,25.72,26.68,27.09,27.64,26.62,26.58,26.74,27.56
2025-09-04T23:00,2025-09-04,23,26.53,26.39,25.48,26.55,26.71,27.41,26.41,26.48,26.44,27.26
2025-09-05T00:00,2025-09-05,0,26.31,26.23,25.13,26.34,26.43,27.17,26.21,26.28,26.24,26.95
2025-09-05T01:00,2025-09-05,1,26.1,26.02,24.92,26.1,26.34,26.54,26.05,26.15,26.19,26.7
2025-09-05T02:00,2025-09-05,2,25.89,25.87,24.77,25.91,26.21,25.47,25.92,25.98,26.11,26.56
2025-09-05T03:00,2025-09-05,3,25.71,25.71,24.56,25.76,25.89,25.15,25.73,25.95,25.96,26.42
2025-09-05T04:00,2025-09-05,4,25.63,25.66,24.38,25.64,25.83,25.18,25.62,25.91,25.83,26.28
2025-09-05T05:00,2025-09-05,5,25.51,25.56,24.33,25.51,25.71,25.08,25.52,25.89,25.67,26.09
2025-09-05T06:00,2025-09-05,6,25.49,25.6,24.5,25.55,25.65,25.11,25.4,25.74,25.57,25.93
2025-09-05T07:00,2025-09-05,7,27.5,27.53,27.12,27.6,27.31,26.7,27.17,27.67,27.89,28.02
2025-09-05T08:00,2025-09-05,8,28.75,28.92,28.66,28.84,28.2,27.95,28.36,28.89,28.99,29.19
2025-09-05T09:00,2025-09-05,9,29.95,30.24,29.81,29.72,29.55,29.17,29.7,29.86,30.22,30.38
2025-09-05T10:00,2025-09-05,10,31.03,31.43,30.73,30.75,30.83,30.18,30.92,30.83,31.24,31.24
2025-09-05T11:00,2025-09-05,11,31.74,32.22,31.27,31.49,31.42,30.86,31.73,31.38,31.98,31.87
2025-09-05T12:00,2025-09-05,12,32.2,32.68,31.55,31.98,31.98,31.57,32.09,31.7,32.47,32.38
2025-09-05T13:00,2025-09-05,13,32.33,32.89,30.17,32.04,32.38,32.35,32.41,31.65,32.81,32.61
2025-09-05T14:00,2025-09-05,14,32.12,32.77,30.25,31.85,32.55,32.57,31.16,31.09,32.69,32.52
2025-09-05T15:00,2025-09-05,15,31.53,32.44,28.8,30.72,32.41,31.97,30.51,30.78,32.41,31.79
2025-09-05T16:00,2025-09-05,16,30.51,30.79,29.02,29.48,31.01,31.09,29.48,29.95,31.71,31.38
2025-09-05T17:00,2025-09-05,17,29.73,29.77,28.49,29.09,30.5,30.52,29.14,29.49,30.38,30.28
2025-09-05T18:00,2025-09-05,18,28.93,29.17,27.35,28.41,29.74,29.75,28.6,28.66,29.34,29.05
2025-09-05T19:00,2025-09-05,19,28.95,29.39,27.19,28.67,28.9,29.5,28.32,28.12,29.57,29.55
2025-09-05T20:00,2025-09-05,20,28.41,28.86,26.69,28.13,28.5,28.84,27.95,27.6,28.86,28.95
2025-09-05T21:00,2025-09-05,21,27.94,28.34,26.28,27.75,28.08,28.47,27.56,27.18,28.35,28.3
2025-09-05T22:00,2025-09-05,22,27.5,27.81,26.02,27.39,27.81,28.02,27.15,26.91,27.84,27.69
2025-09-05T23:00,2025-09-05,23,27.08,27.4,25.71,26.96,27.45,27.0,26.81,26.52,27.42,27.4
2025-09-06T00:00,2025-09-06,0,26.72,26.98,25.32,26.66,27.31,26.43,26.48,26.28,27.0,27.13
2025-09-06T01:00,2025-09-06,1,26.44,26.65,25.17,26.33,27.15,25.96,26.25,26.06,26.74,26.88
2025-09-06T02:00,2025-09-06,2,26.17,26.39,25.01,26.1,26.51,25.56,26.1,25.85,26.43,26.69
2025-09-06T03:00,2025-09-06,3,25.94,26.2,24.87,25.92,26.19,25.01,25.96,25.68,26.16,26.48
2025-09-06T04:00,2025-09-06,4,25.74,25.99,24.67,25.73,25.51,24.9,25.84,25.62,26.0,26.32
2025-09-06T05:00,2025-09-06,5,25.54,25.74,24.47,25.7,25.12,24.83,25.72,25.47,25.84,25.99
2025-09-06T06:00,2025-09-06,6,25.54,25.77,24.63,25.73,25.33,24.85,25.65,25.6,25.74,25.72
2025-09-06T07:00,2025-09-06,7,27.89,28.29,26.73,27.76,27.4,26.91,28.11,28.14,28.44,27.9
2025-09-06T08:00,2025-09-06,8,29.31,29.93,28.14,29.38,28.7,28.13,29.29,29.46,29.6,29.36
2025-09-06T09:00,2025-09-06,9,30.44,31.04,29.46,30.47,30.13,29.26,30.36,30.42,30.54,30.59
2025-09-06T10:00,2025-09-06,10,31.4,32.09,30.71,31.33,31.23,30.24,31.29,31.08,31.39,31.43
2025-09-06T11:00,2025-09-06,11,32.15,32.89,31.19,32.13,32.02,31.38,31.98,31.65,32.07,32.16
2025-09-06T12:00,2025-09-06,12,32.68,33.45,31.37,32.55,32.55,32.42,32.52,32.04,32.64,32.74
2025-09-06T13:00,2025-09-06,13,32.94,33.88,30.91,32.78,32.87,33.05,32.91,32.04,32.99,32.79
2025-09-06T14:00,2025-09-06,14,32.88,33.95,30.0,32.71,32.91,33.3,33.06,31.46,33.04,32.77
2025-09-06T15:00,2025-09-06,15,32.54,33.75,29.5,32.23,32.5,33.24,32.93,31.57,32.95,31.42
2025-09-06T16:00,2025-09-06,16,31.96,33.38,29.07,31.04,32.03,32.5,32.51,30.08,32.83,30.71
2025-09-06T17:00,2025-09-06,17,31.19,32.48,28.42,30.52,31.5,31.37,31.38,29.5,32.27,30.0
2025-09-06T18:00,2025-09-06,18,30.05,31.09,27.51,29.34,30.24,30.14,30.11,28.82,31.16,29.36
2025-09-06T19:00,2025-09-06,19,29.41,30.29,27.72,28.97,29.03,29.32,29.71,28.7,30.01,28.73
2025-09-06T20:00,2025-09-06,20,28.86,29.74,27.07,28.52,28.48,28.8,29.25,28.36,29.34,28.01
2025-09-06T21:00,2025-09-06,21,28.47,29.41,26.69,28.11,28.28,28.24,28.79,28.1,28.81,27.62
2025-09-06T22:00,2025-09-06,22,28.06,28.96,26.32,27.8,28.07,27.42,28.31,27.61,28.45,27.35
2025-09-06T23:00,2025-09-06,23,27.53,28.11,26.04,27.33,27.74,26.47,27.85,27.15,28.13,27.12
2025-09-07T00:00,2025-09-07,0,27.17,27.72,25.84,27.12,26.94,25.84,27.53,26.83,27.93,26.82
2025-09-07T01:00,2025-09-07,1,26.82,27.44,25.48,26.7,26.52,25.56,27.15,26.56,27.6,26.38
2025-09-07T02:00,2025-09-07,2,26.48,27.12,24.75,26.25,26.36,25.49,26.83,26.34,27.13,26.17
2025-09-07T03:00,2025-09-07,3,26.3,26.87,24.83,26.1,26.15,25.34,26.58,26.3,26.87,25.99
2025-09-07T04:00,2025-09-07,4,26.06,26.67,24.75,25.65,25.97,25.01,26.45,26.13,26.64,25.63
2025-09-07T05:00,2025-09-07,5,25.86,26.47,24.48,25.47,25.93,24.84,26.24,26.09,26.42,25.24
2025-09-07T06:00,2025-09-07,6,25.78,26.3,24.55,25.5,25.8,24.97,26.19,26.24,26.26,25.03
2025-09-07T07:00,2025-09-07,7,27.12,27.53,25.91,25.83,26.52,26.06,27.97,27.96,27.77,27.54
2025-09-07T08:00,2025-09-07,8,27.72,28.07,27.15,26.22,26.68,26.99,28.83,28.72,28.17,27.98
2025-09-07T09:00,2025-09-07,9,28.33,28.54,28.59,26.59,28.0,28.23,29.65,29.59,28.46,27.7
2025-09-07T10:00,2025-09-07,10,29.3,29.44,30.03,27.53,29.2,29.28,30.83,30.42,29.22,28.39
2025-09-07T11:00,2025-09-07,11,30.14,29.93,30.5,28.84,30.39,30.09,31.55,31.02,30.52,29.36
2025-09-07T12:00,2025-09-07,12,30.9,30.33,31.09,30.53,31.1,30.89,32.22,31.5,31.26,30.39
2025-09-07T13:00,2025-09-07,13,31.51,31.11,31.18,31.51,31.51,31.62,32.52,31.47,32.04,31.11
2025-09-07T14:00,2025-09-07,14,31.82,31.71,31.17,31.86,31.82,32.33,32.5,30.79,32.31,31.5
2025-09-07T15:00,2025-09-07,15,31.71,32.01,30.8,31.78,31.91,32.43,31.98,30.36,32.25,30.79
2025-09-07T16:00,2025-09-07,16,31.2,31.75,29.92,31.19,31.33,31.8,31.2,29.19,32.06,30.38
2025-09-07T17:00,2025-09-07,17,29.98,29.81,29.09,30.28,29.75,30.79,29.99,29.07,30.9,29.87
2025-09-07T18:00,2025-09-07,18,28.94,28.9,27.98,28.8,28.61,29.5,29.16,28.48,29.61,29.1
2025-09-07T19:00,2025-09-07,19,28.58,29.16,27.84,27.95,27.49,28.78,28.94,27.89,29.47,28.04
2025-09-07T20:00,2025-09-07,20,28.06,28.56,27.22,27.31,27.11,28.15,28.42,27.52,29.0,27.71
2025-09-07T21:00,2025-09-07,21,27.7,28.1,26.83,26.96,26.85,27.79,27.99,27.41,28.65,27.48
2025-09-07T22:00,2025-09-07,22,27.42,27.77,26.46,26.77,26.57,27.63,27.7,27.26,28.32,27.21
2025-09-07T23:00,2025-09-07,23,27.2,27.55,26.15,26.52,26.43,27.38,27.51,27.06,28.14,27.02
2025-09-08T00:00,2025-09-08,0,27.01,27.41,25.86,26.49,26.27,27.04,27.35,26.94,27.91,26.63
2025-09-08T01:00,2025-09-08,1,26.82,27.22,25.48,26.28,26.08,26.76,27.23,26.72,27.82,26.5
2025-09-08T02:00,2025-09-08,2,26.54,27.01,24.96,26.02,25.97,26.51,27.11,26.7,27.59,25.68
2025-09-08T03:00,2025-09-08,3,26.29,26.67,24.74,25.84,25.83,26.16,27.02,26.86,27.22,25.36
2025-09-08T04:00,2025-09-08,4,26.05,26.41,24.52,25.75,25.4,25.76,26.9,26.85,26.99,24.95
2025-09-08T05:00,2025-09-08,5,25.79,26.05,24.32,25.6,25.13,25.5,26.73,26.68,26.53,24.9
2025-09-08T06:00,2025-09-08,6,25.7,25.93,24.52,25.68,24.91,25.34,26.57,26.66,26.17,24.92
2025-09-08T07:00,2025-09-08,7,27.59,27.94,26.78,27.88,25.81,27.52,28.6,28.77,27.88,26.37
2025-09-08T08:00,2025-09-08,8,28.41,27.89,28.2,28.96,27.06,28.63,29.62,29.76,28.98,27.55
2025-09-08T09:00,2025-09-08,9,29.6,29.12,29.56,30.01,28.73,29.9,30.45,30.57,30.06,28.96
2025-09-08T10:00,2025-09-08,10,30.76,30.55,30.45,30.88,30.23,31.22,31.35,31.21,31.16,30.16
2025-09-08T11:00,2025-09-08,11,31.7,31.79,31.28,31.7,31.37,31.96,32.07,31.82,31.99,31.06
2025-09-08T12:00,2025-09-08,12,32.29,32.68,31.61,32.06,32.04,32.46,32.59,31.98,32.55,31.73
2025-09-08T13:00,2025-09-08,13,32.43,32.92,31.21,32.06,32.44,31.86,32.77,32.06,32.93,32.2
2025-09-08T14:00,2025-09-08,14,32.23,32.67,31.32,31.55,32.54,31.51,32.73,32.0,32.47,32.21
2025-09-08T15:00,2025-09-08,15,31.8,32.07,31.14,31.41,32.43,31.38,32.64,30.57,31.83,31.69
2025-09-08T16:00,2025-09-08,16,31.01,31.22,30.22,30.14,32.04,31.36,31.15,29.9,31.42,31.05
2025-09-08T17:00,2025-09-08,17,30.42,30.49,29.31,29.83,31.31,31.03,30.79,29.39,30.89,30.44
2025-09-08T18:00,2025-09-08,18,29.49,29.6,28.33,28.78,30.19,29.85,29.88,28.74,30.03,29.53
2025-09-08T19:00,2025-09-08,19,28.98,28.91,28.0,28.57,29.06,29.21,29.64,29.25,29.58,28.67
2025-09-08T20:00,2025-09-08,20,28.51,28.44,27.61,28.03,28.63,28.71,29.13,28.69,29.18,28.22
2025-09-08T21:00,2025-09-08,21,28.18,28.15,27.34,27.73,28.28,28.59,28.7,28.39,28.74,27.82
2025-09-08T22:00,2025-09-08,22,27.9,27.83,27.25,27.5,27.97,28.27,28.31,28.01,28.5,27.64
2025-09-08T23:00,2025-09-08,23,27.69,27.65,26.86,27.54,27.68,27.91,28.03,27.63,28.33,27.45
2025-09-09T00:00,2025-09-09,0,27.5,27.53,26.45,27.54,27.45,27.75,27.77,27.41,28.06,27.19
2025-09-09T01:00,2025-09-09,1,27.15,27.42,25.51,27.34,27.27,26.84,27.45,27.02,27.73,26.79
2025-09-09T02:00,2025-09-09,2,26.88,27.27,24.97,27.09,27.05,26.28,27.17,26.77,27.44,26.5
2025-09-09T03:00,2025-09-09,3,26.64,27.15,24.89,26.72,26.73,26.11,26.83,26.57,27.14,26.2
2025-09-09T04:00,2025-09-09,4,26.36,26.88,24.66,26.39,26.33,25.89,26.6,26.45,26.82,25.82
2025-09-09T05:00,2025-09-09,5,26.13,26.61,24.6,26.11,26.06,25.75,26.33,26.37,26.58,25.62
2025-09-09T06:00,2025-09-09,6,26.04,26.54,24.68,25.97,25.91,25.44,26.31,26.39,26.36,25.51
2025-09-09T07:00,2025-09-09,7,27.6,28.19,26.59,26.67,27.05,26.88,28.25,28.07,28.15,27.25
2025-09-09T08:00,2025-09-09,8,28.77,29.43,27.79,27.83,28.37,27.78,29.44,29.01,29.53,28.17
2025-09-09T09:00,2025-09-09,9,30.08,30.77,28.9,29.23,30.05,29.15,30.56,29.71,31.06,29.41
2025-09-09T10:00,2025-09-09,10,31.17,31.93,29.9,30.19,31.05,30.31,31.57,30.7,32.21,30.59
2025-09-09T11:00,2025-09-09,11,32.01,32.9,30.78,30.99,31.85,31.46,32.38,31.31,32.84,31.37
2025-09-09T12:00,2025-09-09,12,32.47,33.38,30.8,31.55,32.37,32.04,32.89,31.73,33.2,31.95
2025-09-09T13:00,2025-09-09,13,32.45,33.44,29.75,30.94,32.68,32.59,33.05,31.76,33.28,32.34
2025-09-09T14:00,2025-09-09,14,32.18,33.2,29.09,30.73,32.84,32.27,32.97,30.57,33.13,32.13
2025-09-09T15:00,2025-09-09,15,31.86,32.39,29.37,30.85,32.68,32.17,32.69,29.39,33.11,31.86
2025-09-09T16:00,2025-09-09,16,31.61,32.43,29.12,30.98,32.12,31.67,31.69,29.37,32.82,31.5
2025-09-09T17:00,2025-09-09,17,30.89,31.66,28.16,30.02,31.64,30.97,31.07,29.19,32.13,30.71
2025-09-09T18:00,2025-09-09,18,29.88,30.58,27.33,29.0,30.68,29.88,30.17,28.72,30.99,29.58
2025-09-09T19:00,2025-09-09,19,28.79,29.33,27.12,28.26,27.93,28.36,29.72,27.98,29.62,28.79
2025-09-09T20:00,2025-09-09,20,28.37,28.94,26.76,27.85,27.76,27.99,29.22,27.8,29.21,27.88
2025-09-09T21:00,2025-09-09,21,28.02,28.64,26.61,27.6,27.64,26.97,28.94,27.7,28.96,27.14
2025-09-09T22:00,2025-09-09,22,27.71,28.47,26.27,27.35,27.34,26.26,28.58,27.55,28.77,26.5
2025-09-09T23:00,2025-09-09,23,27.38,28.14,26.09,27.09,27.1,25.73,28.29,27.49,28.21,26.09
2025-09-10T00:00,2025-09-10,0,26.99,27.88,25.67,26.79,25.65,25.38,28.08,27.46,27.56,26.0
2025-09-10T01:00,2025-09-10,1,26.71,27.56,24.98,26.56,25.7,25.33,27.82,27.33,27.11,25.76
2025-09-10T02:00,2025-09-10,2,26.4,27.23,24.61,26.53,25.06,24.98,27.5,27.17,26.68,25.54
2025-09-10T03:00,2025-09-10,3,26.18,26.91,24.39,26.27,25.0,24.93,27.24,26.85,26.41,25.57
2025-09-10T04:00,2025-09-10,4,25.97,26.59,24.15,26.08,24.82,24.77,27.04,26.57,26.3,25.54
2025-09-10T05:00,2025-09-10,5,25.74,26.07,24.19,25.95,24.72,24.83,26.79,26.38,26.16,25.31
2025-09-10T06:00,2025-09-10,6,25.62,25.77,24.28,25.67,24.74,24.7,26.71,26.43,26.16,25.31
2025-09-10T07:00,2025-09-10,7,27.64,27.89,26.44,27.73,26.76,26.73,28.74,28.43,28.15,26.89
2025-09-10T08:00,2025-09-10,8,28.66,28.67,27.74,28.67,27.88,27.63,29.96,29.77,29.38,27.77
2025-09-10T09:00,2025-09-10,9,29.69,29.76,28.93,29.85,29.08,28.88,30.95,30.31,30.28,28.6
2025-09-10T10:00,2025-09-10,10,30.75,31.02,29.93,30.89,30.19,30.02,31.82,31.24,31.25,29.52
2025-09-10T11:00,2025-09-10,11,31.41,32.08,30.34,31.48,31.19,30.82,32.49,31.79,31.06,30.14
2025-09-10T12:00,2025-09-10,12,31.64,32.8,29.41,31.17,31.79,30.98,33.0,31.74,31.16,30.44
2025-09-10T13:00,2025-09-10,13,31.34,32.75,28.61,30.64,31.3,29.64,33.21,31.31,30.68,30.76
2025-09-10T14:00,2025-09-10,14,31.4,32.63,29.14,30.95,31.06,30.65,33.0,29.68,31.01,31.0
2025-09-10T15:00,2025-09-10,15,31.19,31.99,29.55,30.5,30.58,31.14,32.4,30.08,31.67,30.53
2025-09-10T16:00,2025-09-10,16,30.72,31.16,29.1,30.3,30.83,31.16,30.82,29.78,31.64,30.31
2025-09-10T17:00,2025-09-10,17,30.18,30.72,28.41,29.7,30.36,30.75,30.06,29.21,31.01,29.9
2025-09-10T18:00,2025-09-10,18,29.31,29.95,27.5,28.84,29.58,29.41,29.38,28.61,29.83,29.08
2025-09-10T19:00,2025-09-10,19,28.46,28.87,27.02,27.96,28.35,28.62,29.66,27.92,28.9,27.68
2025-09-10T20:00,2025-09-10,20,27.96,28.29,26.62,27.69,27.86,28.07,29.08,27.95,28.03,27.28
2025-09-10T21:00,2025-09-10,21,27.53,27.99,26.33,27.45,26.77,27.86,28.58,27.75,27.25,26.93
2025-09-10T22:00,2025-09-10,22,27.12,27.59,26.15,27.13,26.11,26.94,28.29,27.47,26.91,26.4
2025-09-10T23:00,2025-09-10,23,26.79,27.05,26.04,27.05,25.86,26.09,28.13,27.42,26.52,26.19
2025-09-11T00:00,2025-09-11,0,26.51,26.67,25.79,26.77,25.65,25.57,27.85,27.21,26.44,25.91
2025-09-11T01:00,2025-09-11,1,26.29,26.54,25.35,26.53,25.47,25.29,27.54,26.99,26.35,25.69
2025-09-11T02:00,2025-09-11,2,26.09,26.4,25.21,26.17,25.34,25.09,27.28,26.82,26.2,25.34
2025-09-11T03:00,2025-09-11,3,25.92,26.25,25.07,26.03,25.06,24.95,27.05,26.69,26.09,25.15
2025-09-11T04:00,2025-09-11,4,25.77,26.09,24.8,25.84,24.88,24.74,26.95,26.42,26.0,25.13
2025-09-11T05:00,2025-09-11,5,25.64,25.97,24.63,25.48,24.79,24.72,26.87,26.36,25.87,25.05
2025-09-11T06:00,2025-09-11,6,25.53,25.75,24.62,25.41,24.76,24.66,26.71,26.39,25.69,25.1
2025-09-11T07:00,2025-09-11,7,27.57,28.36,26.44,27.75,26.35,26.77,28.84,28.23,27.36,26.25
2025-09-11T08:00,2025-09-11,8,28.65,29.67,27.56,29.03,27.65,27.67,30.14,29.29,28.03,26.75
2025-09-11T09:00,2025-09-11,9,29.67,30.72,28.42,30.15,28.8,28.63,31.1,30.1,29.25,27.58
2025-09-11T10:00,2025-09-11,10,30.51,31.73,29.17,30.8,29.53,29.98,31.6,30.44,30.25,28.4
2025-09-11T11:00,2025-09-11,11,30.98,32.1,29.9,31.11,30.16,31.1,31.49,29.88,31.03,29.35
2025-09-11T12:00,2025-09-11,12,30.63,30.48,30.28,30.1,30.58,31.16,31.58,29.83,31.41,30.13
2025-09-11T13:00,2025-09-11,13,30.17,29.66,28.2,29.74,31.42,30.96,30.84,28.08,31.82,30.6
2025-09-11T14:00,2025-09-11,14,29.85,28.81,28.52,29.17,31.11,30.83,30.18,29.18,31.53,30.88
2025-09-11T15:00,2025-09-11,15,29.76,29.31,27.74,29.76,30.33,30.23,29.53,29.47,30.63,31.18
2025-09-11T16:00,2025-09-11,16,29.45,29.37,27.5,29.37,29.47,30.04,29.4,28.76,30.05,30.68
2025-09-11T17:00,2025-09-11,17,29.01,29.24,27.43,28.81,28.96,29.22,29.14,27.92,29.34,29.91
2025-09-11T18:00,2025-09-11,18,28.24,28.66,26.42,28.05,28.27,28.23,28.42,27.49,28.65,28.58
2025-09-11T19:00,2025-09-11,19,27.99,28.49,26.14,28.35,27.28,28.12,28.38,27.78,28.1,27.78
2025-09-11T20:00,2025-09-11,20,27.7,28.16,25.99,27.9,27.15,27.88,28.16,27.65,27.73,27.48
2025-09-11T21:00,2025-09-11,21,27.43,27.87,26.06,27.6,26.89,27.32,27.83,27.47,27.5,27.14
2025-09-11T22:00,2025-09-11,22,27.17,27.54,25.87,27.41,26.62,26.68,27.61,27.37,27.33,26.93
2025-09-11T23:00,2025-09-11,23,26.87,27.25,25.65,27.22,26.41,26.24,27.42,27.24,27.07,26.26
2025-09-12T00:00,2025-09-12,0,26.6,27.02,25.52,26.95,26.04,25.89,27.21,27.04,26.79,25.82
2025-09-12T01:00,2025-09-12,1,26.34,26.79,25.35,26.58,25.88,25.6,27.02,26.69,26.37,25.59
2025-09-12T02:00,2025-09-12,2,26.08,26.57,25.06,26.15,25.48,25.36,26.82,26.51,26.05,25.48
2025-09-12T03:00,2025-09-12,3,25.8,26.26,24.73,25.89,25.17,25.09,26.56,25.96,25.85,25.39
2025-09-12T04:00,2025-09-12,4,25.57,26.05,24.61,25.62,24.93,25.0,25.86,25.73,25.72,25.35
2025-09-12T05:00,2025-09-12,5,25.38,25.73,24.59,25.33,24.79,24.99,25.63,25.64,25.61,25.21
2025-09-12T06:00,2025-09-12,6,25.27,25.45,24.7,25.29,24.83,24.92,25.53,25.62,25.5,25.11
2025-09-12T07:00,2025-09-12,7,26.67,26.43,26.33,26.29,26.6,26.17,27.26,27.01,27.12,27.08
2025-09-12T08:00,2025-09-12,8,27.33,27.03,27.53,26.68,27.16,26.27,27.93,27.14,28.17,28.02
2025-09-12T09:00,2025-09-12,9,28.2,27.61,28.48,27.63,28.08,26.66,29.09,28.17,29.24,29.1
2025-09-12T10:00,2025-09-12,10,29.02,28.26,29.23,28.71,29.12,27.63,29.81,29.1,30.14,29.84
2025-09-12T11:00,2025-09-12,11,29.8,29.39,29.85,29.61,29.92,28.79,29.82,29.86,30.74,30.41
2025-09-12T12:00,2025-09-12,12,30.41,30.52,29.76,30.45,29.97,29.55,30.28,30.03,31.35,30.73
2025-09-12T13:00,2025-09-12,13,30.61,31.0,29.35,30.48,29.71,30.28,30.67,30.16,31.43,30.81
2025-09-12T14:00,2025-09-12,14,30.65,31.17,29.16,30.22,29.75,30.75,30.91,30.04,31.33,30.82
2025-09-12T15:00,2025-09-12,15,30.12,30.49,28.83,29.21,29.69,30.41,30.73,29.56,30.52,30.62
2025-09-12T16:00,2025-09-12,16,29.51,29.47,28.72,29.01,30.18,30.45,29.53,28.82,29.79,29.73
2025-09-12T17:00,2025-09-12,17,28.75,28.93,28.0,28.13,29.16,29.8,28.57,27.87,29.36,28.59
2025-09-12T18:00,2025-09-12,18,27.97,28.31,27.07,27.49,27.58,28.59,27.83,27.47,28.84,27.64
2025-09-12T19:00,2025-09-12,19,27.4,27.47,26.61,27.27,26.92,27.06,28.14,27.3,27.86,27.32
2025-09-12T20:00,2025-09-12,20,27.08,27.12,26.14,26.96,26.64,26.83,27.79,27.12,27.61,27.03
2025-09-12T21:00,2025-09-12,21,26.82,26.82,25.97,26.76,26.46,26.41,27.5,27.1,27.26,26.78
2025-09-12T22:00,2025-09-12,22,26.61,26.62,25.84,26.53,26.3,26.05,27.18,26.95,27.05,26.62
2025-09-12T23:00,2025-09-12,23,26.44,26.44,25.71,26.39,26.15,25.63,27.05,26.83,26.93,26.39
2025-09-13T00:00,2025-09-13,0,26.25,26.34,25.47,26.32,25.52,25.34,26.91,26.74,26.72,26.21
2025-09-13T01:00,2025-09-13,1,26.07,26.22,25.3,26.13,25.11,25.05,26.78,26.7,26.58,25.93
2025-09-13T02:00,2025-09-13,2,25.93,26.13,25.23,25.98,24.79,24.93,26.58,26.51,26.48,25.74
2025-09-13T03:00,2025-09-13,3,25.76,25.99,24.98,25.6,24.77,24.85,26.39,26.36,26.36,25.63
2025-09-13T04:00,2025-09-13,4,25.66,25.91,24.95,25.35,24.73,24.82,26.33,26.19,26.33,25.37
2025-09-13T05:00,2025-09-13,5,25.5,25.71,24.67,25.2,24.82,24.78,26.24,25.98,26.25,25.08
2025-09-13T06:00,2025-09-13,6,25.48,25.66,24.8,25.2,24.89,24.74,26.18,25.94,26.16,24.98
2025-09-13T07:00,2025-09-13,7,27.02,27.29,26.68,26.86,26.12,25.27,28.01,27.62,27.82,26.31
2025-09-13T08:00,2025-09-13,8,27.86,28.28,27.82,27.88,26.35,25.53,29.01,28.43,28.62,26.98
2025-09-13T09:00,2025-09-13,9,28.46,28.98,28.58,28.64,26.99,25.87,29.24,28.87,29.05,27.79
2025-09-13T10:00,2025-09-13,10,29.08,29.23,29.13,29.84,28.27,26.76,29.27,29.65,29.42,29.01
2025-09-13T11:00,2025-09-13,11,29.8,30.36,29.85,30.38,29.31,28.12,29.01,30.24,29.63,29.82
2025-09-13T12:00,2025-09-13,12,30.12,31.01,29.53,29.74,29.71,29.42,30.28,29.47,29.57,30.24
2025-09-13T13:00,2025-09-13,13,29.78,30.89,28.96,28.19,29.93,30.19,30.4,27.56,29.59,29.78
2025-09-13T14:00,2025-09-13,14,29.37,29.4,28.52,27.83,30.2,30.21,29.42,27.87,30.73,29.7
2025-09-13T15:00,2025-09-13,15,28.99,28.1,28.22,28.31,30.09,29.51,28.8,28.42,30.86,29.88
2025-09-13T16:00,2025-09-13,16,28.55,27.91,27.62,28.46,28.29,28.56,28.19,28.62,30.01,29.79
2025-09-13T17:00,2025-09-13,17,28.05,27.57,27.22,28.28,27.22,27.86,27.87,28.39,29.06,29.21
2025-09-13T18:00,2025-09-13,18,27.38,27.13,26.26,27.49,26.64,27.12,27.42,27.7,28.34,28.15
2025-09-13T19:00,2025-09-13,19,27.34,27.46,26.81,27.12,26.84,26.4,27.58,27.47,27.97,27.65
2025-09-13T20:00,2025-09-13,20,27.03,27.16,26.07,26.89,26.7,26.14,27.4,27.2,27.63,27.24
2025-09-13T21:00,2025-09-13,21,26.83,27.02,26.01,26.68,26.52,25.74,27.24,27.1,27.42,26.89
2025-09-13T22:00,2025-09-13,22,26.62,26.8,25.86,26.42,26.29,25.54,27.15,26.99,27.18,26.56
2025-09-13T23:00,2025-09-13,23,26.41,26.58,25.52,26.29,26.06,25.34,27.02,26.97,26.86,26.33
2025-09-14T00:00,2025-09-14,0,26.19,26.36,25.23,25.99,25.87,25.09,26.89,26.89,26.72,25.99
2025-09-14T01:00,2025-09-14,1,26.01,26.3,25.03,25.66,25.52,24.86,26.78,26.9,26.62,25.61
2025-09-14T02:00,2025-09-14,2,25.86,26.14,24.85,25.49,25.3,24.75,26.7,26.74,26.49,25.39
2025-09-14T03:00,2025-09-14,3,25.71,25.97,24.71,25.34,25.03,24.67,26.63,26.58,26.38,25.23
2025-09-14T04:00,2025-09-14,4,25.55,25.84,24.27,25.19,24.74,24.6,26.52,26.35,26.22,25.19
2025-09-14T05:00,2025-09-14,5,25.41,25.71,24.17,24.82,24.77,24.58,26.43,26.28,26.04,25.05
2025-09-14T06:00,2025-09-14,6,25.32,25.52,24.21,24.65,24.77,24.63,26.42,26.25,25.94,24.92
2025-09-14T07:00,2025-09-14,7,26.42,26.81,25.29,26.29,25.43,25.12,27.59,27.58,26.73,25.79
2025-09-14T08:00,2025-09-14,8,26.65,27.02,25.48,26.61,25.32,25.22,27.95,27.87,27.07,26.11
2025-09-14T09:00,2025-09-14,9,26.99,27.27,26.18,26.97,25.52,25.24,28.26,28.25,27.64,26.39
2025-09-14T10:00,2025-09-14,10,27.13,27.27,26.4,27.1,25.67,25.34,28.37,28.21,27.94,26.73
2025-09-14T11:00,2025-09-14,11,27.33,27.35,26.88,26.94,26.04,25.6,28.81,28.37,28.43,26.77
2025-09-14T12:00,2025-09-14,12,27.53,27.4,27.3,27.27,26.79,26.19,28.97,27.3,28.47,27.29
2025-09-14T13:00,2025-09-14,13,27.81,27.78,27.03,27.29,27.68,26.98,28.93,26.87,28.94,27.79
2025-09-14T14:00,2025-09-14,14,28.07,28.09,26.83,27.43,28.58,26.82,28.5,27.48,29.48,28.43
2025-09-14T15:00,2025-09-14,15,27.99,27.75,26.04,27.03,29.01,27.22,28.14,27.98,29.66,28.92
2025-09-14T16:00,2025-09-14,16,27.8,27.34,26.16,27.13,29.08,27.55,27.71,28.22,28.65,29.2
2025-09-14T17:00,2025-09-14,17,27.31,27.11,26.04,26.94,28.44,27.06,27.44,27.75,27.26,28.31
2025-09-14T18:00,2025-09-14,18,26.61,26.65,25.41,26.35,26.75,25.68,26.97,27.19,26.85,27.26
2025-09-14T19:00,2025-09-14,19,26.4,26.46,25.68,26.06,26.29,25.88,26.75,26.71,26.45,27.04
2025-09-14T20:00,2025-09-14,20,26.23,26.3,25.48,25.94,26.1,25.65,26.61,26.57,26.34,26.7
2025-09-14T21:00,2025-09-14,21,26.05,26.12,25.38,25.69,25.95,25.4,26.52,26.5,26.22,26.4
2025-09-14T22:00,2025-09-14,22,25.86,26.02,25.12,25.56,25.62,25.11,26.44,26.38,26.09,25.94
2025-09-14T23:00,2025-09-14,23,25.74,25.89,24.98,25.47,25.46,25.01,26.37,26.36,25.97,25.76
2025-09-15T00:00,2025-09-15,0,25.56,25.75,24.68,25.02,25.36,24.98,26.27,26.07,25.93,25.46
2025-09-15T01:00,2025-09-15,1,25.34,25.52,24.47,24.68,25.2,24.91,26.05,25.7,25.78,25.33
2025-09-15T02:00,2025-09-15,2,25.13,25.38,24.17,24.42,24.98,24.69,25.85,25.05,25.65,25.11
2025-09-15T03:00,2025-09-15,3,24.92,25.16,23.97,24.3,24.8,24.6,25.33,24.87,25.44,25.01
2025-09-15T04:00,2025-09-15,4,24.64,24.66,23.82,23.99,24.63,24.43,24.91,24.75,25.4,24.92
2025-09-15T05:00,2025-09-15,5,24.49,24.4,23.66,24.03,24.59,24.23,24.74,24.79,25.09,24.91
2025-09-15T06:00,2025-09-15,6,24.43,24.24,23.66,24.02,24.56,24.15,24.61,24.91,25.09,24.87
2025-09-15T07:00,2025-09-15,7,25.41,25.03,25.0,25.4,25.12,25.07,25.83,25.93,25.96,25.85
2025-09-15T08:00,2025-09-15,8,26.05,25.75,24.83,25.92,25.84,25.57,26.56,26.53,26.44,27.22
2025-09-15T09:00,2025-09-15,9,26.68,26.31,24.82,25.9,26.97,26.02,27.44,27.19,27.66,28.01
2025-09-15T10:00,2025-09-15,10,27.46,27.4,25.13,26.16,27.6,26.66,28.37,27.73,28.73,28.78
2025-09-15T11:00,2025-09-15,11,28.02,27.98,25.74,26.43,27.63,27.31,29.12,28.21,29.69,29.34
2025-09-15T12:00,2025-09-15,12,28.21,28.2,26.19,27.12,28.52,26.78,29.45,26.59,29.9,29.43
2025-09-15T13:00,2025-09-15,13,28.15,28.27,26.95,27.46,28.63,26.49,28.77,26.17,29.41,29.28
2025-09-15T14:00,2025-09-15,14,28.3,29.11,27.26,27.83,28.57,27.29,28.33,26.82,28.16,28.94
2025-09-15T15:00,2025-09-15,15,27.89,28.2,26.55,27.94,29.03,27.51,27.4,27.19,28.1,28.17
2025-09-15T16:00,2025-09-15,16,27.48,28.06,26.14,27.7,27.3,27.54,26.83,27.41,28.02,26.96
2025-09-15T17:00,2025-09-15,17,27.2,27.66,25.86,27.6,26.69,27.51,26.67,27.34,27.4,27.0
2025-09-15T18:00,2025-09-15,18,26.5,26.9,25.05,26.66,26.36,26.39,26.32,26.59,26.9,26.3
2025-09-15T19:00,2025-09-15,19,25.96,26.28,24.89,25.42,25.9,25.98,26.43,26.16,26.1,25.87
2025-09-15T20:00,2025-09-15,20,25.75,25.93,24.91,25.3,25.74,25.6,26.26,25.95,25.89,25.81
2025-09-15T21:00,2025-09-15,21,25.54,25.61,24.81,25.2,25.61,25.28,26.07,25.74,25.69,25.68
2025-09-15T22:00,2025-09-15,22,25.39,25.46,24.54,25.14,25.36,24.88,25.91,25.77,25.59,25.57
2025-09-15T23:00,2025-09-15,23,25.24,25.34,24.4,25.06,25.03,24.64,25.64,25.72,25.5,25.4
2025-09-16T00:00,2025-09-16,0,25.04,25.18,24.28,24.9,25.0,24.39,25.35,25.28,25.34,25.11
2025-09-16T01:00,2025-09-16,1,24.93,25.11,24.29,24.82,24.95,24.39,25.04,25.11,25.13,24.98
2025-09-16T02:00,2025-09-16,2,24.83,25.12,24.09,24.7,24.76,24.39,24.95,24.91,24.93,24.92
2025-09-16T03:00,2025-09-16,3,24.78,25.15,24.05,24.61,24.59,24.31,24.92,25.03,24.75,24.82
2025-09-16T04:00,2025-09-16,4,24.7,25.08,23.92,24.57,24.62,24.28,24.86,25.09,24.51,24.68
2025-09-16T05:00,2025-09-16,5,24.62,24.94,23.98,24.53,24.39,24.27,24.83,25.07,24.39,24.64
2025-09-16T06:00,2025-09-16,6,24.5,24.64,24.02,24.44,24.44,24.34,24.62,24.95,24.36,24.57
2025-09-16T07:00,2025-09-16,7,25.46,25.59,25.45,25.34,24.95,25.9,25.61,25.68,25.01,25.65
2025-09-16T08:00,2025-09-16,8,25.9,25.51,27.15,26.08,25.51,26.51,25.96,26.17,25.47,25.84
2025-09-16T09:00,2025-09-16,9,26.42,25.89,27.46,26.92,26.16,27.75,26.51,26.64,25.91,26.09
2025-09-16T10:00,2025-09-16,10,26.97,26.59,27.95,27.8,26.47,28.6,27.28,26.92,25.91,26.47
2025-09-16T11:00,2025-09-16,11,27.7,28.0,28.72,28.17,27.06,29.14,27.91,27.56,26.54,26.33
2025-09-16T12:00,2025-09-16,12,28.46,29.4,29.55,28.82,27.79,28.94,28.13,27.99,27.45,26.74
2025-09-16T13:00,2025-09-16,13,28.66,29.76,29.71,29.12,27.88,27.18,28.66,27.92,28.09,27.02
2025-09-16T14:00,2025-09-16,14,28.8,29.78,29.47,28.93,28.81,27.11,28.55,28.33,28.73,27.31
2025-09-16T15:00,2025-09-16,15,28.49,28.5,29.06,28.56,28.75,27.67,28.68,28.82,28.64,27.69
2025-09-16T16:00,2025-09-16,16,28.06,27.93,28.26,28.22,27.66,28.01,28.25,28.83,28.28,27.54
2025-09-16T17:00,2025-09-16,17,27.62,27.45,28.0,28.02,26.88,27.22,27.8,28.33,27.8,27.33
2025-09-16T18:00,2025-09-16,18,26.67,26.25,26.85,27.11,25.98,26.3,27.03,27.4,27.04,26.62
2025-09-16T19:00,2025-09-16,19,26.06,25.9,26.07,26.12,25.66,26.16,26.47,26.53,25.92,26.14
2025-09-16T20:00,2025-09-16,20,25.83,25.69,25.65,25.84,25.44,25.97,26.39,26.14,25.78,25.83
2025-09-16T21:00,2025-09-16,21,25.64,25.58,25.37,25.65,25.24,25.81,26.26,25.85,25.46,25.61
2025-09-16T22:00,2025-09-16,22,25.45,25.48,25.15,25.55,24.89,25.43,26.1,25.77,25.28,25.31
2025-09-16T23:00,2025-09-16,23,25.34,25.37,25.09,25.33,24.69,25.26,26.0,25.8,25.3,25.15
2025-09-17T00:00,2025-09-17,0,25.22,25.35,24.84,25.13,24.5,25.11,25.94,25.55,25.29,24.85
2025-09-17T01:00,2025-09-17,1,25.13,25.32,24.66,24.99,24.5,24.88,25.85,25.53,25.33,24.65
2025-09-17T02:00,2025-09-17,2,24.99,25.19,24.33,24.87,24.49,24.76,25.7,25.27,25.25,24.51
2025-09-17T03:00,2025-09-17,3,24.87,24.99,24.17,24.81,24.4,24.62,25.63,25.05,25.28,24.37
2025-09-17T04:00,2025-09-17,4,24.78,24.96,24.0,24.68,24.35,24.5,25.5,24.88,25.24,24.22
2025-09-17T05:00,2025-09-17,5,24.68,24.89,23.76,24.59,24.37,24.34,25.34,24.9,25.17,24.09
2025-09-17T06:00,2025-09-17,6,24.7,24.9,24.11,24.66,24.35,24.37,25.29,25.01,24.95,24.09
2025-09-17T07:00,2025-09-17,7,26.28,26.61,25.81,26.78,25.57,25.82,26.84,27.31,26.05,25.2
2025-09-17T08:00,2025-09-17,8,27.35,27.87,27.06,28.43,26.49,27.08,27.81,28.79,26.53,25.54
2025-09-17T09:00,2025-09-17,9,28.32,29.05,28.28,29.57,27.38,28.19,28.81,29.86,26.92,26.15
2025-09-17T10:00,2025-09-17,10,29.03,29.42,29.72,30.37,28.01,29.39,29.66,30.53,27.74,26.55
2025-09-17T11:00,2025-09-17,11,29.72,29.76,30.59,30.96,28.32,29.89,30.24,31.06,29.09,27.86
2025-09-17T12:00,2025-09-17,12,30.25,30.36,30.82,31.34,29.52,28.94,30.79,31.35,29.9,28.88
2025-09-17T13:00,2025-09-17,13,30.03,29.08,30.79,31.42,29.28,30.19,30.56,31.19,30.04,29.6
2025-09-17T14:00,2025-09-17,14,29.74,29.11,30.48,31.36,28.65,30.67,28.77,30.09,29.97,29.69
2025-09-17T15:00,2025-09-17,15,29.39,29.41,30.3,30.11,28.66,29.29,28.49,29.4,29.11,29.57
2025-09-17T16:00,2025-09-17,16,29.01,29.11,29.66,29.51,29.13,29.29,28.64,29.33,27.59,29.31
2025-09-17T17:00,2025-09-17,17,28.45,28.59,28.74,28.63,28.89,28.88,28.4,29.08,27.39,28.06
2025-09-17T18:00,2025-09-17,18,27.54,27.63,27.51,27.66,27.76,27.87,27.8,28.19,26.91,26.92
2025-09-17T19:00,2025-09-17,19,27.06,26.85,27.37,27.0,26.49,27.33,27.45,27.92,27.24,26.58
2025-09-17T20:00,2025-09-17,20,26.76,26.54,27.11,26.78,26.21,26.88,27.31,27.58,26.88,26.2
2025-09-17T21:00,2025-09-17,21,26.46,26.23,26.96,26.57,25.73,26.24,27.14,27.08,26.63,25.93
2025-09-17T22:00,2025-09-17,22,26.22,26.0,26.79,26.36,25.41,26.14,26.96,26.74,26.37,25.64
2025-09-17T23:00,2025-09-17,23,26.04,25.91,26.47,26.18,25.27,25.81,26.8,26.45,26.23,25.41
2025-09-18T00:00,2025-09-18,0,25.88,25.81,26.17,26.02,25.11,25.49,26.59,26.23,26.11,25.31
2025-09-18T01:00,2025-09-18,1,25.71,25.69,25.74,25.87,24.96,25.36,26.41,26.02,25.97,25.07
2025-09-18T02:00,2025-09-18,2,25.51,25.54,25.18,25.77,24.79,25.08,26.28,25.89,25.78,24.93
2025-09-18T03:00,2025-09-18,3,25.36,25.5,24.85,25.62,24.6,24.9,26.17,25.8,25.64,24.59
2025-09-18T04:00,2025-09-18,4,25.22,25.47,24.63,25.46,24.41,24.72,26.08,25.83,25.27,24.41
2025-09-18T05:00,2025-09-18,5,25.11,25.42,24.51,25.32,24.37,24.52,25.97,25.84,25.01,24.33
2025-09-18T06:00,2025-09-18,6,25.05,25.29,24.65,25.33,24.29,24.52,25.91,25.85,24.82,24.28
2025-09-18T07:00,2025-09-18,7,26.77,27.01,27.26,27.43,26.12,26.08,27.56,28.01,25.92,25.43
2025-09-18T08:00,2025-09-18,8,27.73,27.81,29.18,29.0,26.77,26.92,28.62,29.41,26.28,26.0
2025-09-18T09:00,2025-09-18,9,28.69,28.88,30.34,30.06,27.58,27.86,29.86,30.62,26.79,26.63
2025-09-18T10:00,2025-09-18,10,29.47,29.74,30.79,30.75,28.53,28.95,30.47,31.35,27.72,27.36
2025-09-18T11:00,2025-09-18,11,30.24,30.34,31.17,31.38,29.36,30.09,31.04,31.94,28.9,28.53
2025-09-18T12:00,2025-09-18,12,30.62,30.54,31.52,31.73,30.01,29.61,31.41,32.37,29.84,29.16
2025-09-18T13:00,2025-09-18,13,30.8,30.72,31.32,31.13,30.03,30.43,31.36,32.56,30.57,29.75
2025-09-18T14:00,2025-09-18,14,30.52,30.43,31.27,30.37,30.05,30.17,30.55,32.46,30.46,29.92
2025-09-18T15:00,2025-09-18,15,30.06,29.95,31.29,29.74,28.71,30.24,29.75,31.15,30.38,29.93
2025-09-18T16:00,2025-09-18,16,29.44,29.24,30.38,30.06,28.64,29.18,28.64,29.35,29.71,29.75
2025-09-18T17:00,2025-09-18,17,28.98,28.74,29.73,29.57,28.5,28.72,28.35,28.86,29.14,29.38
2025-09-18T18:00,2025-09-18,18,27.97,27.82,28.1,28.52,27.41,27.82,27.83,28.17,28.08,28.04
2025-09-18T19:00,2025-09-18,19,27.65,27.29,28.21,28.36,27.15,27.0,28.31,28.43,27.64,26.98
2025-09-18T20:00,2025-09-18,20,27.19,26.93,27.82,27.92,26.7,26.74,27.89,27.96,26.9,26.41
2025-09-18T21:00,2025-09-18,21,26.84,26.59,27.43,27.6,26.41,26.56,27.51,27.7,26.21,26.2
2025-09-18T22:00,2025-09-18,22,26.61,26.38,27.27,27.34,26.15,26.4,27.18,27.53,25.97,26.02
2025-09-18T23:00,2025-09-18,23,26.37,26.11,27.1,26.95,25.77,26.3,26.94,27.28,25.81,25.83
2025-09-19T00:00,2025-09-19,0,26.15,25.93,26.8,26.66,25.62,26.11,26.69,27.0,25.68,25.61
2025-09-19T01:00,2025-09-19,1,25.94,25.76,26.47,26.36,25.4,25.87,26.46,26.8,25.53,25.38
2025-09-19T02:00,2025-09-19,2,25.76,25.62,26.2,26.2,25.1,25.7,26.23,26.68,25.45,25.16
2025-09-19T03:00,2025-09-19,3,25.61,25.45,25.92,26.13,24.97,25.65,26.16,26.59,25.36,24.79
2025-09-19T04:00,2025-09-19,4,25.45,25.32,25.66,25.93,24.72,25.53,26.09,26.49,25.2,24.66
2025-09-19T05:00,2025-09-19,5,25.32,25.13,25.31,25.78,24.65,25.44,26.02,26.42,25.11,24.6
2025-09-19T06:00,2025-09-19,6,25.28,25.15,25.14,25.73,24.57,25.52,25.9,26.44,25.05,24.57
2025-09-19T07:00,2025-09-19,7,27.1,27.59,27.56,27.95,26.09,25.96,27.68,28.23,26.53,25.46
2025-09-19T08:00,2025-09-19,8,28.33,29.07,29.47,29.77,27.47,27.43,28.19,29.69,26.87,26.18
2025-09-19T09:00,2025-09-19,9,29.36,30.16,30.82,30.93,28.85,28.9,28.79,30.75,27.21,27.39
2025-09-19T10:00,2025-09-19,10,29.95,29.95,31.63,31.71,29.79,30.26,29.17,31.45,28.27,28.51
2025-09-19T11:00,2025-09-19,11,30.64,30.35,32.28,32.33,30.45,31.19,30.3,32.01,29.11,29.35
2025-09-19T12:00,2025-09-19,12,30.98,30.23,32.63,32.3,30.91,32.03,30.84,32.42,29.94,30.03
2025-09-19T13:00,2025-09-19,13,31.2,30.44,32.48,32.31,31.11,32.38,31.17,32.45,30.49,30.39
2025-09-19T14:00,2025-09-19,14,31.06,30.5,31.67,31.86,29.87,32.64,30.98,32.45,30.82,30.6
2025-09-19T15:00,2025-09-19,15,30.9,30.75,31.34,31.25,30.12,32.58,30.45,31.18,30.8,30.45
2025-09-19T16:00,2025-09-19,16,30.46,30.53,30.72,30.8,29.54,31.26,30.14,30.53,30.47,30.1
2025-09-19T17:00,2025-09-19,17,29.73,30.02,29.67,29.23,29.18,30.34,29.3,29.91,30.04,29.52
2025-09-19T18:00,2025-09-19,18,28.56,28.88,28.5,28.1,28.26,28.87,28.34,28.74,29.01,27.91
2025-09-19T19:00,2025-09-19,19,27.82,27.77,28.31,28.6,27.59,28.58,28.17,27.99,27.11,26.72
2025-09-19T20:00,2025-09-19,20,27.4,27.29,28.1,27.86,27.08,28.26,27.97,27.68,26.69,26.39
2025-09-19T21:00,2025-09-19,21,26.99,26.83,27.41,27.2,26.78,27.95,27.63,27.51,26.46,26.09
2025-09-19T22:00,2025-09-19,22,26.73,26.7,27.04,26.7,26.46,27.56,27.47,27.35,26.19,25.82
2025-09-19T23:00,2025-09-19,23,26.47,26.39,26.6,26.45,26.29,27.24,27.26,27.19,25.93,25.65
2025-09-20T00:00,2025-09-20,0,26.22,26.25,25.9,26.19,26.03,26.98,27.05,27.02,25.69,25.45
2025-09-20T01:00,2025-09-20,1,26.05,26.09,25.73,25.97,25.97,26.57,26.87,26.89,25.58,25.26
2025-09-20T02:00,2025-09-20,2,25.9,25.95,25.63,25.85,25.8,26.35,26.65,26.81,25.42,25.15
2025-09-20T03:00,2025-09-20,3,25.8,25.88,25.5,25.73,25.68,26.1,26.51,26.78,25.28,25.18
2025-09-20T04:00,2025-09-20,4,25.68,25.73,25.2,25.61,25.56,26.02,26.31,26.63,25.28,25.24
2025-09-20T05:00,2025-09-20,5,25.55,25.59,24.9,25.42,25.45,25.93,26.2,26.48,25.22,25.15
2025-09-20T06:00,2025-09-20,6,25.52,25.59,24.95,25.44,25.43,25.84,26.17,26.36,25.12,25.09
2025-09-20T07:00,2025-09-20,7,27.11,27.22,27.67,27.56,27.04,27.38,26.93,27.22,26.68,26.33
2025-09-20T08:00,2025-09-20,8,28.24,28.39,29.12,28.29,28.42,28.8,27.84,27.52,28.02,27.67
2025-09-20T09:00,2025-09-20,9,29.08,28.57,30.16,28.39,29.7,30.18,29.21,28.45,29.33,29.06
2025-09-20T10:00,2025-09-20,10,29.92,29.21,30.12,29.32,30.65,31.24,30.32,29.66,30.34,30.16
2025-09-20T11:00,2025-09-20,11,30.65,30.04,30.55,30.28,31.22,32.05,31.01,30.7,30.76,30.91
2025-09-20T12:00,2025-09-20,12,31.16,30.81,29.69,30.95,31.81,32.6,31.57,31.55,31.1,31.5
2025-09-20T13:00,2025-09-20,13,31.48,31.36,30.02,31.53,31.65,33.01,31.98,31.74,30.97,31.76
2025-09-20T14:00,2025-09-20,14,31.53,31.73,29.69,31.84,30.85,33.19,31.86,31.87,30.94,31.74
2025-09-20T15:00,2025-09-20,15,31.4,31.69,29.8,31.6,30.4,32.8,31.8,31.63,30.97,31.54
2025-09-20T16:00,2025-09-20,16,31.0,31.64,29.53,31.06,30.45,31.82,31.51,31.2,30.51,30.28
2025-09-20T17:00,2025-09-20,17,30.21,30.86,29.09,29.7,30.15,31.16,30.55,29.28,30.03,29.77
2025-09-20T18:00,2025-09-20,18,29.04,29.63,27.74,28.75,29.19,29.78,28.95,28.36,29.1,28.66
2025-09-20T19:00,2025-09-20,19,28.37,28.57,28.19,27.25,28.94,29.41,28.73,27.32,28.62,28.08
2025-09-20T20:00,2025-09-20,20,27.88,28.0,27.75,27.02,28.34,28.73,28.36,27.16,27.92,27.64
2025-09-20T21:00,2025-09-20,21,27.5,27.62,27.24,26.78,27.91,28.33,27.94,27.02,27.52,27.2
2025-09-20T22:00,2025-09-20,22,27.2,27.37,26.8,26.6,27.49,27.94,27.57,26.91,27.18,26.88
2025-09-20T23:00,2025-09-20,23,26.97,27.22,26.26,26.38,27.3,27.68,27.33,26.78,26.94,26.63
2025-09-21T00:00,2025-09-21,0,26.71,27.0,25.85,26.21,26.94,27.23,27.06,26.67,26.72,26.36
2025-09-21T01:00,2025-09-21,1,26.48,26.81,25.7,26.06,26.74,26.67,26.82,26.54,26.43,26.12
2025-09-21T02:00,2025-09-21,2,26.27,26.65,25.43,25.78,26.43,26.39,26.61,26.54,26.19,25.92
2025-09-21T03:00,2025-09-21,3,26.05,26.26,25.31,25.64,26.23,26.0,26.44,26.68,26.02,25.76
2025-09-21T04:00,2025-09-21,4,25.85,26.05,25.22,25.46,26.11,25.89,26.15,26.48,25.76,25.57
2025-09-21T05:00,2025-09-21,5,25.71,25.96,25.06,25.34,25.92,25.8,26.04,26.19,25.54,25.44
2025-09-21T06:00,2025-09-21,6,25.69,26.0,25.05,25.22,25.86,25.77,25.91,26.21,25.49,25.45
2025-09-21T07:00,2025-09-21,7,27.69,28.05,27.0,27.7,28.13,27.47,27.73,27.86,27.43,27.27
2025-09-21T08:00,2025-09-21,8,29.13,29.65,28.2,29.1,29.62,28.9,29.14,28.88,28.92,28.7
2025-09-21T09:00,2025-09-21,9,30.45,31.07,29.34,30.33,30.96,30.47,30.36,29.89,30.37,30.04
2025-09-21T10:00,2025-09-21,10,31.38,31.91,30.03,31.13,31.84,31.7,31.37,30.96,31.45,31.04
2025-09-21T11:00,2025-09-21,11,32.04,32.52,30.26,31.91,32.56,32.61,32.14,31.62,32.14,31.69
2025-09-21T12:00,2025-09-21,12,32.44,33.0,29.87,32.43,32.84,33.24,32.55,32.04,32.62,32.1
2025-09-21T13:00,2025-09-21,13,32.57,33.2,28.82,32.85,33.21,33.8,32.7,32.19,32.82,32.23
2025-09-21T14:00,2025-09-21,14,32.49,33.2,28.2,32.34,33.33,34.22,32.69,32.43,32.78,32.08
2025-09-21T15:00,2025-09-21,15,32.24,32.87,27.83,31.72,33.3,34.22,32.56,32.33,32.66,31.86
2025-09-21T16:00,2025-09-21,16,31.59,32.42,27.72,29.4,32.96,33.99,32.53,29.81,32.53,31.44
2025-09-21T17:00,2025-09-21,17,30.7,31.59,27.55,28.15,32.07,32.41,31.78,28.08,31.85,30.74
2025-09-21T18:00,2025-09-21,18,29.51,30.23,26.76,27.61,31.04,30.67,30.31,26.96,30.52,29.56
2025-09-21T19:00,2025-09-21,19,28.24,28.04,26.38,27.21,29.34,29.06,28.66,27.64,29.31,28.73
2025-09-21T20:00,2025-09-21,20,27.89,27.72,26.2,27.08,28.8,28.44,28.4,27.58,28.74,28.26
2025-09-21T21:00,2025-09-21,21,27.67,27.57,26.21,27.0,28.41,28.24,28.17,27.46,28.27,27.9
2025-09-21T22:00,2025-09-21,22,27.41,27.44,26.04,26.91,28.04,27.81,27.9,27.42,27.57,27.61
2025-09-21T23:00,2025-09-21,23,26.97,26.94,25.42,26.73,27.57,27.51,27.43,27.32,26.72,27.4
2025-09-22T00:00,2025-09-22,0,26.43,26.4,24.74,26.2,26.98,26.68,27.07,27.11,26.09,26.95
2025-09-22T01:00,2025-09-22,1,26.01,26.07,24.78,25.66,25.75,25.66,26.85,26.77,25.79,26.65
2025-09-22T02:00,2025-09-22,2,25.71,25.76,24.57,25.18,25.59,25.41,26.57,26.09,25.69,26.35
2025-09-22T03:00,2025-09-22,3,25.51,25.51,24.48,24.93,25.36,25.19,26.39,25.95,25.62,26.0
2025-09-22T04:00,2025-09-22,4,25.39,25.45,24.36,24.79,25.19,25.18,26.18,25.76,25.52,25.81
2025-09-22T05:00,2025-09-22,5,25.29,25.42,24.4,24.7,25.15,25.08,25.99,25.4,25.41,25.68
2025-09-22T06:00,2025-09-22,6,25.26,25.36,24.49,24.66,25.08,25.07,25.96,25.47,25.34,25.68
2025-09-22T07:00,2025-09-22,7,26.54,26.27,25.49,25.52,26.71,25.77,27.06,25.97,27.62,28.07
2025-09-22T08:00,2025-09-22,8,27.23,26.67,26.55,25.67,27.71,26.35,27.44,26.02,28.91,29.66
2025-09-22T09:00,2025-09-22,9,27.93,26.88,27.69,26.16,28.74,27.4,27.97,25.99,30.21,30.87
2025-09-22T10:00,2025-09-22,10,28.54,27.43,28.74,27.22,29.0,28.49,28.35,26.34,30.91,31.04
2025-09-22T11:00,2025-09-22,11,29.08,28.61,29.64,28.13,28.83,29.46,28.29,26.97,30.65,30.92
2025-09-22T12:00,2025-09-22,12,29.38,29.32,29.94,28.77,29.54,30.55,27.77,27.65,29.44,31.42
2025-09-22T13:00,2025-09-22,13,29.26,29.37,29.42,29.54,30.16,31.06,27.31,27.91,28.13,30.75
2025-09-22T14:00,2025-09-22,14,29.44,29.9,28.74,29.9,30.34,31.34,27.68,28.34,28.39,30.04
2025-09-22T15:00,2025-09-22,15,29.44,29.9,28.05,29.83,30.16,31.31,28.07,28.58,28.64,30.04
2025-09-22T16:00,2025-09-22,16,29.29,29.69,27.31,29.46,29.92,31.12,28.33,28.56,28.79,30.03
2025-09-22T17:00,2025-09-22,17,28.89,29.31,26.82,28.79,29.45,30.4,28.23,27.6,28.69,29.77
2025-09-22T18:00,2025-09-22,18,27.97,28.32,26.16,27.71,28.39,29.13,27.49,27.08,27.97,28.75
2025-09-22T19:00,2025-09-22,19,27.4,27.53,25.98,26.88,28.11,28.81,26.99,26.15,27.75,28.02
2025-09-22T20:00,2025-09-22,20,27.06,27.15,25.78,26.58,27.76,28.39,26.75,26.08,27.41,27.48
2025-09-22T21:00,2025-09-22,21,26.81,26.9,25.57,26.31,27.47,27.79,26.46,26.01,27.23,27.34
2025-09-22T22:00,2025-09-22,22,26.55,26.62,25.43,26.1,27.2,27.63,26.17,25.87,26.88,26.97
2025-09-22T23:00,2025-09-22,23,26.3,26.32,25.25,25.92,26.91,27.22,26.0,25.78,26.61,26.71
2025-09-23T00:00,2025-09-23,0,26.06,26.06,25.05,25.67,26.56,26.71,25.83,25.71,26.43,26.56
2025-09-23T01:00,2025-09-23,1,25.81,25.78,24.86,25.57,26.16,26.24,25.69,25.54,26.2,26.22
2025-09-23T02:00,2025-09-23,2,25.57,25.55,24.55,25.42,25.82,25.74,25.56,25.31,25.94,26.01
2025-09-23T03:00,2025-09-23,3,25.41,25.45,24.41,25.25,25.61,25.46,25.47,25.15,25.74,25.84
2025-09-23T04:00,2025-09-23,4,25.33,25.44,24.4,25.13,25.48,25.26,25.42,25.07,25.59,25.69
2025-09-23T05:00,2025-09-23,5,25.25,25.45,24.25,25.13,25.36,25.11,25.33,25.03,25.4,25.53
2025-09-23T06:00,2025-09-23,6,25.22,25.51,24.26,25.06,25.25,25.09,25.28,25.1,25.28,25.46
2025-09-23T07:00,2025-09-23,7,26.87,26.77,26.35,26.72,27.09,27.08,26.44,26.79,27.2,27.52
2025-09-23T08:00,2025-09-23,8,27.89,27.77,27.91,28.02,27.81,28.18,27.42,27.71,28.04,28.31
2025-09-23T09:00,2025-09-23,9,29.01,29.02,29.03,29.11,28.96,29.5,28.48,28.45,29.1,29.32
2025-09-23T10:00,2025-09-23,10,29.99,30.17,29.67,29.92,30.03,30.71,29.69,28.73,30.06,30.28
2025-09-23T11:00,2025-09-23,11,30.71,30.77,30.24,30.62,30.97,31.68,30.55,28.83,30.9,31.15
2025-09-23T12:00,2025-09-23,12,31.19,31.14,30.8,31.06,31.47,32.45,31.2,28.93,31.39,31.75
2025-09-23T13:00,2025-09-23,13,31.53,31.54,30.43,31.38,31.95,32.95,31.49,29.59,31.76,32.2
2025-09-23T14:00,2025-09-23,14,31.56,31.65,29.53,31.31,32.07,33.09,31.51,30.14,31.97,32.26
2025-09-23T15:00,2025-09-23,15,31.41,31.59,29.08,31.03,32.03,33.05,31.24,30.1,31.79,32.16
2025-09-23T16:00,2025-09-23,16,31.0,31.32,28.57,30.59,31.69,32.74,30.41,29.61,31.44,31.82
2025-09-23T17:00,2025-09-23,17,30.27,30.59,27.89,29.7,31.21,31.98,29.7,28.81,30.6,31.2
2025-09-23T18:00,2025-09-23,18,29.02,29.23,27.04,28.5,29.79,30.37,28.69,27.88,29.34,29.83
2025-09-23T19:00,2025-09-23,19,28.26,28.42,26.62,27.61,29.37,29.5,27.75,27.13,28.62,29.04
2025-09-23T20:00,2025-09-23,20,27.79,27.85,26.22,27.21,29.03,28.98,27.27,26.77,28.11,28.62
2025-09-23T21:00,2025-09-23,21,27.41,27.36,25.96,26.88,28.59,28.74,27.02,26.73,27.58,28.15
2025-09-23T22:00,2025-09-23,22,27.04,26.96,25.75,26.58,28.03,28.27,26.63,26.54,27.16,27.83
2025-09-23T23:00,2025-09-23,23,26.64,26.52,25.66,26.32,27.47,27.09,26.38,26.26,26.78,27.53
2025-09-24T00:00,2025-09-24,0,26.29,26.18,25.23,26.16,27.02,26.38,26.05,26.08,26.46,27.18
2025-09-24T01:00,2025-09-24,1,25.96,25.94,24.88,25.86,26.22,25.79,25.79,25.93,26.14,26.88
2025-09-24T02:00,2025-09-24,2,25.76,25.74,24.69,25.66,26.04,25.65,25.62,25.84,25.83,26.68
2025-09-24T03:00,2025-09-24,3,25.62,25.65,24.58,25.5,25.9,25.55,25.54,25.8,25.52,26.43
2025-09-24T04:00,2025-09-24,4,25.51,25.62,24.47,25.37,25.79,25.32,25.43,25.81,25.36,26.2
2025-09-24T05:00,2025-09-24,5,25.44,25.58,24.38,25.18,25.69,25.26,25.42,25.72,25.43,26.05
2025-09-24T06:00,2025-09-24,6,25.43,25.56,24.49,25.11,25.59,25.2,25.43,25.64,25.5,26.01
2025-09-24T07:00,2025-09-24,7,27.35,27.51,27.12,26.65,27.57,26.77,27.17,26.86,27.59,28.24
2025-09-24T08:00,2025-09-24,8,28.6,28.59,28.82,28.03,28.78,27.6,28.31,27.79,29.11,29.7
2025-09-24T09:00,2025-09-24,9,29.76,29.77,29.96,29.44,29.79,29.15,29.34,28.76,30.36,30.55
2025-09-24T10:00,2025-09-24,10,30.63,30.86,30.63,30.45,30.48,30.66,29.82,29.34,31.15,31.23
2025-09-24T11:00,2025-09-24,11,31.27,31.56,30.98,31.08,31.11,31.91,30.36,29.99,31.72,31.71
2025-09-24T12:00,2025-09-24,12,31.56,31.99,29.88,31.54,31.62,32.61,30.94,30.45,31.96,31.82
2025-09-24T13:00,2025-09-24,13,31.77,32.27,30.03,31.83,31.72,33.17,31.09,30.61,32.02,31.91
2025-09-24T14:00,2025-09-24,14,31.73,32.32,29.99,31.87,31.77,33.43,30.69,30.74,31.96,31.68
2025-09-24T15:00,2025-09-24,15,31.17,31.91,29.53,31.19,30.82,33.59,30.2,30.12,31.61,30.23
2025-09-24T16:00,2025-09-24,16,29.92,29.79,28.39,30.36,30.2,33.24,29.68,29.13,29.92,29.27
2025-09-24T17:00,2025-09-24,17,28.91,28.42,27.78,29.27,29.69,32.22,29.04,28.84,28.07,28.93
2025-09-24T18:00,2025-09-24,18,28.01,27.61,26.87,28.41,28.85,30.37,28.1,27.97,27.15,28.34
2025-09-24T19:00,2025-09-24,19,28.04,28.31,27.16,27.41,28.39,28.81,28.05,27.82,28.8,27.23
2025-09-24T20:00,2025-09-24,20,27.45,27.4,26.65,26.86,27.89,28.25,27.69,27.45,28.07,27.1
2025-09-24T21:00,2025-09-24,21,26.96,26.69,26.24,26.34,27.37,27.82,27.4,27.08,27.47,26.95
2025-09-24T22:00,2025-09-24,22,26.6,26.3,25.91,26.04,27.05,26.95,27.03,26.87,27.16,26.75
2025-09-24T23:00,2025-09-24,23,26.29,26.11,25.39,25.7,26.48,26.7,26.69,26.69,26.78,26.59
2025-09-25T00:00,2025-09-25,0,26.03,25.87,25.36,25.54,25.81,26.24,26.49,26.38,26.5,26.37
2025-09-25T01:00,2025-09-25,1,25.82,25.65,25.26,25.3,25.63,25.93,26.31,26.1,26.28,26.15
2025-09-25T02:00,2025-09-25,2,25.61,25.47,25.14,24.9,25.4,25.56,26.18,26.19,26.04,25.96
2025-09-25T03:00,2025-09-25,3,25.5,25.38,24.97,24.85,25.23,25.39,26.16,26.11,25.8,25.86
2025-09-25T04:00,2025-09-25,4,25.33,25.17,24.75,24.73,25.11,25.23,26.01,26.05,25.58,25.74
2025-09-25T05:00,2025-09-25,5,25.2,25.0,24.63,24.64,24.94,25.12,25.88,25.9,25.45,25.69
2025-09-25T06:00,2025-09-25,6,25.1,24.87,24.53,24.55,24.92,25.12,25.74,25.76,25.29,25.68
2025-09-25T07:00,2025-09-25,7,27.24,27.17,26.35,26.25,27.67,27.17,27.77,27.09,27.91,27.77
2025-09-25T08:00,2025-09-25,8,28.41,28.19,27.59,27.08,29.06,28.45,29.08,28.06,29.4,28.98
2025-09-25T09:00,2025-09-25,9,29.71,29.4,29.0,28.55,30.28,30.14,30.38,28.99,30.76,30.21
2025-09-25T10:00,2025-09-25,10,30.87,30.51,29.94,30.19,31.36,31.55,31.4,30.03,31.71,31.42
2025-09-25T11:00,2025-09-25,11,31.78,31.59,30.6,31.36,32.2,32.58,31.92,30.98,32.39,32.44
2025-09-25T12:00,2025-09-25,12,32.41,32.29,31.34,32.11,32.8,33.7,32.37,31.47,32.66,33.03
2025-09-25T13:00,2025-09-25,13,32.71,32.8,30.58,32.59,33.24,34.37,32.34,31.92,32.91,33.43
2025-09-25T14:00,2025-09-25,14,32.72,33.08,29.19,32.8,33.53,34.37,32.11,31.7,33.06,33.68
2025-09-25T15:00,2025-09-25,15,32.44,32.97,28.49,32.14,33.65,34.17,31.71,31.06,32.88,33.59
2025-09-25T16:00,2025-09-25,16,32.04,32.72,28.13,31.53,33.39,33.88,31.26,30.03,32.56,33.14
2025-09-25T17:00,2025-09-25,17,31.21,31.96,27.78,30.17,32.67,32.99,30.02,29.1,32.11,32.28
2025-09-25T18:00,2025-09-25,18,29.84,30.5,26.86,28.83,31.17,31.2,28.8,28.31,30.56,30.88
2025-09-25T19:00,2025-09-25,19,29.16,29.65,26.85,28.17,29.99,30.19,28.33,27.67,30.3,29.88
2025-09-25T20:00,2025-09-25,20,28.62,29.07,26.56,27.81,29.37,29.61,27.46,27.52,29.56,29.49
2025-09-25T21:00,2025-09-25,21,28.22,28.68,26.22,27.6,28.96,29.11,27.0,27.34,29.03,28.96
2025-09-25T22:00,2025-09-25,22,27.81,28.26,25.87,27.28,28.47,28.64,26.72,27.1,28.48,28.5
2025-09-25T23:00,2025-09-25,23,27.5,27.8,25.66,27.09,28.04,28.17,26.66,27.16,28.2,28.03
2025-09-26T00:00,2025-09-26,0,27.19,27.42,25.48,26.79,27.8,27.86,26.48,26.87,27.84,27.72
2025-09-26T01:00,2025-09-26,1,26.88,27.05,25.37,26.49,27.4,27.4,26.29,26.67,27.43,27.44
2025-09-26T02:00,2025-09-26,2,26.64,26.74,25.24,26.31,27.13,26.96,26.23,26.6,27.17,27.17
2025-09-26T03:00,2025-09-26,3,26.48,26.55,25.16,26.25,26.87,26.6,26.12,26.8,26.89,26.95
2025-09-26T04:00,2025-09-26,4,26.3,26.36,25.14,26.14,26.52,26.34,26.02,26.8,26.54,26.8
2025-09-26T05:00,2025-09-26,5,26.14,26.2,25.06,25.98,26.27,25.99,25.99,26.85,26.21,26.71
2025-09-26T06:00,2025-09-26,6,26.09,26.16,25.17,25.95,26.1,25.93,26.04,26.82,26.03,26.59
2025-09-26T07:00,2025-09-26,7,28.32,28.42,27.04,28.06,28.44,28.46,28.06,27.79,28.97,29.0
2025-09-26T08:00,2025-09-26,8,29.77,29.88,28.49,29.44,29.86,30.1,29.27,28.84,30.7,30.49
2025-09-26T09:00,2025-09-26,9,31.09,31.27,29.79,30.62,31.4,31.83,30.25,29.67,32.19,31.86
2025-09-26T10:00,2025-09-26,10,32.06,32.09,30.7,31.42,32.63,33.4,31.18,30.48,33.04,33.08
2025-09-26T11:00,2025-09-26,11,32.65,32.6,31.45,31.77,33.53,34.64,31.59,30.93,33.43,33.93
2025-09-26T12:00,2025-09-26,12,32.82,32.96,30.63,31.77,34.27,35.31,31.59,30.95,33.19,34.62
2025-09-26T13:00,2025-09-26,13,32.35,31.84,30.31,30.96,34.82,35.64,30.95,30.83,32.53,35.05
2025-09-26T14:00,2025-09-26,14,31.98,30.91,30.23,30.61,34.98,35.62,30.96,30.53,31.85,35.15
2025-09-26T15:00,2025-09-26,15,31.56,30.91,28.44,30.84,33.29,34.75,30.64,30.01,31.67,34.91
2025-09-26T16:00,2025-09-26,16,31.0,30.95,28.05,30.26,30.92,33.07,30.22,29.23,31.4,34.35
2025-09-26T17:00,2025-09-26,17,30.29,30.42,27.74,29.38,30.3,31.78,29.73,28.44,30.7,33.14
2025-09-26T18:00,2025-09-26,18,29.28,29.5,26.95,28.56,29.42,30.08,28.82,27.78,29.77,31.47
2025-09-26T19:00,2025-09-26,19,28.94,29.23,26.68,28.09,30.0,29.41,28.44,27.69,29.67,30.24
2025-09-26T20:00,2025-09-26,20,28.57,28.75,26.5,27.83,29.46,29.02,28.06,27.69,29.35,29.71
2025-09-26T21:00,2025-09-26,21,28.27,28.27,26.25,27.71,29.03,28.88,27.82,27.76,29.04,29.38
2025-09-26T22:00,2025-09-26,22,27.85,27.87,26.08,27.52,28.52,27.59,27.53,27.54,28.6,28.94
2025-09-26T23:00,2025-09-26,23,27.47,27.57,25.89,27.28,27.85,26.78,27.14,27.37,28.2,28.42
2025-09-27T00:00,2025-09-27,0,27.17,27.31,25.62,27.04,27.49,26.15,26.88,27.29,27.79,28.1
2025-09-27T01:00,2025-09-27,1,26.9,27.01,25.42,26.74,27.36,25.93,26.71,27.18,27.44,27.69
2025-09-27T02:00,2025-09-27,2,26.63,26.78,25.14,26.45,27.03,25.61,26.54,26.94,27.12,27.39
2025-09-27T03:00,2025-09-27,3,26.44,26.63,24.94,26.28,26.62,25.51,26.43,26.73,26.9,27.09
2025-09-27T04:00,2025-09-27,4,26.23,26.53,24.71,26.09,26.41,25.09,26.25,26.28,26.69,26.88
2025-09-27T05:00,2025-09-27,5,26.08,26.42,24.76,25.9,26.06,25.13,26.15,25.69,26.51,26.73
2025-09-27T06:00,2025-09-27,6,25.99,26.32,24.83,25.75,25.91,25.23,25.99,25.74,26.4,26.51
2025-09-27T07:00,2025-09-27,7,27.75,27.74,27.06,27.78,27.84,27.52,27.51,27.09,28.28,28.37
2025-09-27T08:00,2025-09-27,8,28.83,28.83,28.51,28.58,29.11,28.96,28.61,27.8,29.32,29.28
2025-09-27T09:00,2025-09-27,9,29.88,30.02,29.74,29.35,30.23,30.25,29.59,28.26,30.38,30.35
2025-09-27T10:00,2025-09-27,10,30.68,30.99,30.39,29.53,31.03,31.44,30.16,29.06,31.33,31.27
2025-09-27T11:00,2025-09-27,11,31.28,31.51,30.88,30.67,31.64,32.08,30.4,29.75,31.85,31.99
2025-09-27T12:00,2025-09-27,12,31.32,30.73,30.96,30.95,32.15,32.78,30.7,30.01,32.16,32.33
2025-09-27T13:00,2025-09-27,13,31.17,30.64,30.58,30.84,32.45,33.25,29.37,29.61,32.32,32.44
2025-09-27T14:00,2025-09-27,14,30.34,30.27,28.46,30.1,32.43,33.19,27.8,29.13,30.94,31.51
2025-09-27T15:00,2025-09-27,15,29.62,30.27,27.75,29.32,30.23,33.37,27.69,28.08,28.67,30.79
2025-09-27T16:00,2025-09-27,16,28.84,28.91,27.56,27.6,29.53,32.23,28.08,28.18,28.46,29.96
2025-09-27T17:00,2025-09-27,17,28.25,28.22,27.07,26.89,29.54,30.14,28.12,27.76,28.35,28.95
2025-09-27T18:00,2025-09-27,18,27.43,27.43,26.17,26.24,28.71,28.75,27.52,27.17,27.53,27.92
2025-09-27T19:00,2025-09-27,19,28.05,27.98,26.91,27.73,28.46,29.51,28.08,27.96,28.07,28.3
2025-09-27T20:00,2025-09-27,20,27.65,27.45,26.57,27.42,28.05,29.04,27.8,27.66,27.68,27.95
2025-09-27T21:00,2025-09-27,21,27.37,27.12,26.43,27.19,27.78,28.61,27.52,27.46,27.37,27.66
2025-09-27T22:00,2025-09-27,22,27.06,26.84,26.12,26.92,27.5,28.18,27.18,27.16,27.09,27.31
2025-09-27T23:00,2025-09-27,23,26.8,26.57,25.82,26.78,27.23,27.7,26.91,26.95,26.86,27.07
2025-09-28T00:00,2025-09-28,0,26.57,26.36,25.6,26.6,26.96,27.28,26.7,26.84,26.57,26.81
2025-09-28T01:00,2025-09-28,1,26.31,26.2,25.3,26.47,26.64,26.53,26.46,26.66,26.3,26.53
2025-09-28T02:00,2025-09-28,2,26.09,26.04,25.1,26.18,26.33,26.2,26.28,26.45,26.13,26.26
2025-09-28T03:00,2025-09-28,3,25.9,25.87,25.23,25.9,26.01,26.03,26.11,26.1,25.89,26.07
2025-09-28T04:00,2025-09-28,4,25.68,25.66,24.85,25.6,25.73,25.86,25.96,26.0,25.67,25.89
2025-09-28T05:00,2025-09-28,5,25.54,25.55,24.78,25.42,25.55,25.77,25.78,25.85,25.52,25.76
2025-09-28T06:00,2025-09-28,6,25.48,25.61,24.76,25.19,25.52,25.63,25.72,25.82,25.36,25.68
2025-09-28T07:00,2025-09-28,7,27.06,27.36,26.41,26.63,26.25,26.57,27.62,27.52,27.55,26.76
2025-09-28T08:00,2025-09-28,8,28.3,28.79,27.51,27.97,27.67,27.48,28.69,28.1,28.98,27.96
2025-09-28T09:00,2025-09-28,9,29.5,30.03,28.51,29.35,29.27,28.95,29.69,28.53,30.12,29.2
2025-09-28T10:00,2025-09-28,10,30.48,31.04,29.34,30.33,30.56,30.21,30.44,29.07,31.08,30.32
2025-09-28T11:00,2025-09-28,11,31.06,31.65,29.62,30.81,31.41,31.25,30.4,29.69,31.81,31.12
2025-09-28T12:00,2025-09-28,12,31.43,31.99,29.27,30.97,31.81,32.31,30.8,30.07,32.3,31.77
2025-09-28T13:00,2025-09-28,13,31.64,32.1,29.62,30.98,32.28,32.58,30.87,30.42,32.52,32.19
2025-09-28T14:00,2025-09-28,14,31.54,31.71,29.2,30.97,32.36,32.86,30.79,30.47,32.58,32.31
2025-09-28T15:00,2025-09-28,15,31.15,31.49,27.91,29.95,32.16,32.71,30.84,30.06,32.48,31.89
2025-09-28T16:00,2025-09-28,16,30.8,31.12,27.73,29.87,31.96,32.32,30.52,28.81,32.04,31.61
2025-09-28T17:00,2025-09-28,17,30.1,30.34,27.2,29.16,31.39,31.45,29.96,28.19,31.08,31.08
2025-09-28T18:00,2025-09-28,18,28.93,29.23,26.35,27.94,30.1,30.02,28.9,27.49,29.49,29.96
2025-09-28T19:00,2025-09-28,19,28.48,28.59,26.91,28.27,28.62,29.55,28.66,27.61,29.02,28.52
2025-09-28T20:00,2025-09-28,20,28.0,28.13,26.53,27.81,27.99,28.84,28.2,27.41,28.44,28.08
2025-09-28T21:00,2025-09-28,21,27.67,27.96,26.38,27.4,27.45,28.37,27.87,27.13,28.0,27.65
2025-09-28T22:00,2025-09-28,22,27.36,27.65,26.13,27.07,27.18,27.99,27.54,26.81,27.71,27.36
2025-09-28T23:00,2025-09-28,23,27.11,27.41,25.91,26.78,26.99,27.73,27.24,26.67,27.41,27.09
2025-09-29T00:00,2025-09-29,0,26.86,27.19,25.65,26.57,26.7,27.46,26.96,26.55,27.12,26.84
2025-09-29T01:00,2025-09-29,1,26.67,26.95,25.57,26.36,26.53,27.26,26.73,26.41,26.98,26.63
2025-09-29T02:00,2025-09-29,2,26.42,26.63,25.39,26.19,26.27,26.97,26.48,26.16,26.77,26.35
2025-09-29T03:00,2025-09-29,3,26.21,26.47,24.74,26.05,26.03,26.47,26.42,26.15,26.66,26.15
2025-09-29T04:00,2025-09-29,4,26.06,26.27,24.87,25.88,25.93,26.13,26.32,26.12,26.45,25.95
2025-09-29T05:00,2025-09-29,5,25.9,26.11,24.76,25.8,25.82,25.8,26.16,26.03,26.26,25.77
2025-09-29T06:00,2025-09-29,6,25.79,26.02,24.77,25.63,25.65,25.75,25.97,25.99,26.14,25.65
2025-09-29T07:00,2025-09-29,7,27.69,27.92,26.72,27.89,27.71,26.82,27.95,27.99,27.95,27.48
2025-09-29T08:00,2025-09-29,8,29.08,29.44,28.35,28.95,29.02,28.07,29.3,29.32,29.37,28.88
2025-09-29T09:00,2025-09-29,9,30.3,30.8,29.57,29.82,29.73,29.64,30.53,30.42,30.82,30.1
2025-09-29T10:00,2025-09-29,10,31.2,31.67,30.52,30.41,30.49,30.75,31.49,31.19,31.87,31.17
2025-09-29T11:00,2025-09-29,11,31.84,32.18,31.41,30.89,31.32,31.77,32.09,31.77,32.36,31.97
2025-09-29T12:00,2025-09-29,12,32.26,32.53,31.87,31.64,31.74,32.17,32.5,32.09,32.66,32.36
2025-09-29T13:00,2025-09-29,13,32.38,32.15,32.12,32.11,32.27,32.56,32.78,32.2,32.94,32.5
2025-09-29T14:00,2025-09-29,14,32.44,31.99,32.28,32.25,32.56,32.98,32.72,32.29,32.94,32.72
2025-09-29T15:00,2025-09-29,15,32.39,32.19,32.01,32.3,32.45,32.97,32.43,32.19,32.61,32.65
2025-09-29T16:00,2025-09-29,16,32.15,32.04,31.63,31.98,32.18,32.63,32.26,31.99,32.39,32.45
2025-09-29T17:00,2025-09-29,17,31.53,31.55,30.81,31.2,31.32,31.79,31.8,31.44,31.8,31.85
2025-09-29T18:00,2025-09-29,18,30.13,30.04,29.27,29.85,30.21,30.44,30.5,30.08,30.39,30.49
2025-09-29T19:00,2025-09-29,19,29.31,29.44,28.66,29.25,29.2,29.59,29.64,29.27,28.93,29.58
2025-09-29T20:00,2025-09-29,20,28.78,28.92,28.17,28.83,28.56,29.08,28.96,28.73,28.51,29.03
2025-09-29T21:00,2025-09-29,21,28.4,28.52,27.72,28.36,28.14,28.74,28.58,28.43,28.35,28.55
2025-09-29T22:00,2025-09-29,22,28.03,28.07,27.31,27.97,27.82,28.43,28.28,28.06,28.06,28.19
2025-09-29T23:00,2025-09-29,23,27.78,27.79,27.07,27.65,27.62,28.26,28.08,27.78,27.78,27.96
2025-09-30T00:00,2025-09-30,0,27.54,27.58,26.89,27.33,27.41,27.93,27.9,27.6,27.52,27.65
2025-09-30T01:00,2025-09-30,1,27.27,27.33,26.54,27.07,27.14,27.66,27.63,27.39,27.27,27.36
2025-09-30T02:00,2025-09-30,2,27.05,27.17,26.25,26.83,26.95,27.34,27.4,27.18,27.1,27.01
2025-09-30T03:00,2025-09-30,3,26.81,26.93,26.13,26.58,26.75,27.08,27.18,26.92,26.85,26.72
2025-09-30T04:00,2025-09-30,4,26.6,26.67,25.91,26.39,26.61,27.02,26.91,26.74,26.65,26.5
2025-09-30T05:00,2025-09-30,5,26.4,26.48,25.79,26.23,26.39,26.68,26.67,26.6,26.49,26.25
2025-09-30T06:00,2025-09-30,6,26.26,26.29,25.78,26.15,26.17,26.6,26.5,26.6,26.34,26.05
2025-09-30T07:00,2025-09-30,7,28.24,27.98,28.13,28.56,28.65,28.88,27.95,28.58,27.91,28.42
2025-09-30T08:00,2025-09-30,8,29.45,28.61,29.88,30.42,30.07,30.72,28.58,29.8,28.87,30.26
2025-09-30T09:00,2025-09-30,9,30.65,29.51,31.27,31.56,31.45,32.16,29.67,30.78,30.36,31.74
2025-09-30T10:00,2025-09-30,10,31.94,31.34,32.2,32.45,32.62,33.11,31.14,31.67,31.57,32.86
2025-09-30T11:00,2025-09-30,11,32.81,32.52,32.64,33.2,33.46,33.78,32.15,32.46,32.44,33.49
2025-09-30T12:00,2025-09-30,12,33.26,33.13,32.89,33.73,33.71,34.32,32.63,33.05,32.85,33.55
2025-09-30T13:00,2025-09-30,13,33.46,33.51,32.61,33.97,33.91,34.58,32.94,33.26,33.1,33.46
2025-09-30T14:00,2025-09-30,14,33.39,33.67,32.65,33.91,33.64,34.7,33.09,33.13,33.12,32.44
2025-09-30T15:00,2025-09-30,15,33.14,33.7,32.22,33.21,33.72,34.84,32.76,32.05,33.1,31.92
2025-09-30T16:00,2025-09-30,16,32.47,33.28,29.87,32.56,32.92,34.38,32.43,30.88,32.63,31.5
2025-09-30T17:00,2025-09-30,17,31.36,32.02,28.01,31.52,31.75,32.86,31.33,29.75,31.94,31.12
2025-09-30T18:00,2025-09-30,18,29.85,29.92,26.86,29.66,30.46,31.17,30.17,28.76,30.78,30.13
2025-09-30T19:00,2025-09-30,19,28.97,28.76,26.43,28.17,29.75,30.6,29.52,28.32,30.04,29.33
2025-09-30T20:00,2025-09-30,20,28.43,28.21,26.22,26.98,29.32,30.17,29.06,28.16,29.49,28.89
2025-09-30T21:00,2025-09-30,21,27.88,27.78,26.04,26.72,28.69,27.76,28.74,27.66,28.91,28.51
2025-09-30T22:00,2025-09-30,22,27.46,27.47,25.83,26.31,28.24,26.25,28.33,27.34,28.51,28.23
2025-09-30T23:00,2025-09-30,23,27.02,27.12,25.54,26.23,27.44,25.99,27.43,26.59,28.04,27.85
2025-10-01T00:00,2025-10-01,0,26.47,26.49,25.34,25.89,26.31,25.61,26.43,26.17,27.57,27.49
2025-10-01T01:00,2025-10-01,1,25.86,25.39,24.55,25.26,26.1,25.55,25.81,26.0,27.19,27.2
2025-10-01T02:00,2025-10-01,2,25.57,25.3,24.31,24.78,25.63,25.48,25.69,25.8,26.42,26.89
2025-10-01T03:00,2025-10-01,3,25.28,25.21,24.36,24.72,24.72,25.5,25.45,25.4,25.43,26.65
2025-10-01T04:00,2025-10-01,4,25.13,25.11,24.21,24.83,24.91,25.4,25.15,25.31,25.25,25.92
2025-10-01T05:00,2025-10-01,5,25.01,25.0,24.23,24.95,24.81,25.13,25.12,25.3,25.18,25.3
2025-10-01T06:00,2025-10-01,6,25.32,24.77,24.62,24.69,24.82,25.23,26.69,26.26,25.85,25.88
2025-10-01T07:00,2025-10-01,7,25.77,25.14,25.41,25.15,25.22,25.65,27.18,26.82,26.3,26.2
2025-10-01T08:00,2025-10-01,8,26.41,25.67,26.84,25.85,25.59,26.05,27.79,27.55,27.08,26.65
2025-10-01T09:00,2025-10-01,9,27.32,26.78,28.25,26.53,26.24,26.35,28.4,28.63,28.12,27.56
2025-10-01T10:00,2025-10-01,10,28.32,27.96,29.13,27.36,26.87,26.69,29.73,29.22,29.33,28.68
2025-10-01T11:00,2025-10-01,11,29.2,29.26,29.7,28.5,27.76,26.98,30.84,29.27,30.23,28.98
2025-10-01T12:00,2025-10-01,12,28.26,28.41,29.44,28.86,25.21,26.84,30.51,28.28,28.47,26.76
2025-10-01T13:00,2025-10-01,13,28.68,29.17,28.98,29.12,25.92,26.94,30.5,28.74,29.1,27.43
2025-10-01T14:00,2025-10-01,14,28.92,29.53,27.7,29.16,27.23,28.5,30.69,28.62,29.2,27.59
2025-10-01T15:00,2025-10-01,15,28.85,29.81,27.38,27.85,28.45,28.99,29.89,28.48,29.24,27.58
2025-10-01T16:00,2025-10-01,16,28.02,27.09,27.44,27.63,28.49,28.38,29.48,28.03,29.07,28.02
2025-10-01T17:00,2025-10-01,17,27.43,26.42,26.89,27.02,28.07,27.77,28.68,27.59,28.68,27.46
2025-10-01T18:00,2025-10-01,18,26.68,25.82,26.37,25.88,27.51,26.85,27.82,26.91,27.84,26.72
2025-10-01T19:00,2025-10-01,19,26.34,25.61,26.17,25.32,26.99,26.31,27.46,26.51,27.54,26.39
2025-10-01T20:00,2025-10-01,20,26.11,25.45,25.97,25.44,26.57,26.07,27.07,26.44,27.1,26.06
2025-10-01T21:00,2025-10-01,21,25.85,25.39,25.67,25.24,26.03,25.54,26.77,26.4,26.62,25.77
2025-10-01T22:00,2025-10-01,22,25.56,25.17,25.59,25.27,25.57,25.08,26.36,26.01,26.17,25.39
2025-10-01T23:00,2025-10-01,23,25.21,25.01,25.47,25.28,24.62,24.69,25.87,25.86,25.52,24.82
2025-10-02T00:00,2025-10-02,0,25.28,25.26,25.54,25.33,24.69,24.95,25.66,26.32,25.16,24.92
2025-10-02T01:00,2025-10-02,1,25.15,25.21,25.06,24.95,24.53,24.8,25.44,26.2,25.24,24.98
2025-10-02T02:00,2025-10-02,2,24.85,24.85,24.62,24.74,24.48,24.46,25.07,25.82,24.99,24.81
2025-10-02T03:00,2025-10-02,3,24.64,24.56,24.65,24.55,24.24,24.34,24.89,25.33,24.77,24.6
2025-10-02T04:00,2025-10-02,4,24.47,24.35,24.55,24.51,24.16,24.33,24.63,25.33,24.4,24.42
2025-10-02T05:00,2025-10-02,5,24.37,24.25,24.55,24.46,23.98,24.33,24.6,25.04,24.17,24.35
2025-10-02T06:00,2025-10-02,6,25.01,24.96,25.23,25.11,24.16,24.68,25.63,25.59,24.98,24.73
2025-10-02T07:00,2025-10-02,7,25.35,25.63,25.15,25.36,24.51,24.72,25.66,25.77,25.32,25.27
2025-10-02T08:00,2025-10-02,8,25.81,26.21,25.35,25.62,24.9,25.68,25.96,26.03,25.56,26.15
2025-10-02T09:00,2025-10-02,9,26.4,26.46,25.87,25.61,25.67,27.34,26.61,26.13,26.48,27.3
2025-10-02T10:00,2025-10-02,10,26.85,26.07,27.26,25.97,26.79,28.32,26.67,26.41,27.49,28.24
2025-10-02T11:00,2025-10-02,11,27.3,26.33,28.08,26.94,27.47,29.09,26.57,26.58,27.86,28.78
2025-10-02T12:00,2025-10-02,12,27.53,27.25,26.26,27.03,27.75,29.68,27.43,26.79,27.48,28.88
2025-10-02T13:00,2025-10-02,13,27.02,26.99,25.79,26.53,27.13,27.45,27.56,26.47,27.33,27.64
2025-10-02T14:00,2025-10-02,14,27.27,27.38,26.55,26.69,27.36,27.53,27.33,26.64,28.02,27.43
2025-10-02T15:00,2025-10-02,15,27.23,27.49,26.12,26.6,27.06,27.14,27.11,26.87,28.22,27.5
2025-10-02T16:00,2025-10-02,16,26.78,27.19,26.09,26.19,26.22,26.47,27.01,26.7,27.29,26.79
2025-10-02T17:00,2025-10-02,17,26.51,26.86,26.08,25.96,25.82,26.07,26.87,26.74,26.91,26.37
2025-10-02T18:00,2025-10-02,18,26.12,26.04,26.18,25.87,25.77,25.74,26.46,26.73,26.43,25.98
2025-10-02T19:00,2025-10-02,19,25.98,25.91,25.89,25.79,25.67,25.44,26.41,26.9,26.24,25.8
2025-10-02T20:00,2025-10-02,20,25.88,25.85,25.74,25.78,25.6,25.17,26.39,26.93,26.13,25.48
2025-10-02T21:00,2025-10-02,21,25.81,25.74,25.63,25.82,25.49,25.04,26.42,26.99,26.01,25.34
2025-10-02T22:00,2025-10-02,22,25.72,25.74,25.54,25.67,25.35,24.92,26.33,26.88,25.86,25.21
2025-10-02T23:00,2025-10-02,23,25.58,25.6,25.36,25.58,25.23,24.78,26.18,26.63,25.75,25.07
2025-10-03T00:00,2025-10-03,0,25.65,25.6,25.51,25.59,25.16,25.3,26.16,26.4,25.74,25.52
2025-10-03T01:00,2025-10-03,1,25.58,25.53,25.18,25.61,25.12,25.15,26.07,26.54,25.69,25.44
2025-10-03T02:00,2025-10-03,2,25.43,25.43,25.13,25.48,24.96,24.98,25.88,26.48,25.5,25.15
2025-10-03T03:00,2025-10-03,3,25.27,25.33,24.93,25.35,24.78,24.7,25.71,26.23,25.42,24.86
2025-10-03T04:00,2025-10-03,4,25.1,25.18,24.61,25.14,24.72,24.54,25.53,25.85,25.37,24.67
2025-10-03T05:00,2025-10-03,5,24.96,25.08,24.35,24.87,24.8,24.34,25.47,25.84,25.22,24.51
2025-10-03T06:00,2025-10-03,6,25.18,25.27,24.62,25.13,24.92,24.4,25.42,26.43,25.3,25.09
2025-10-03T07:00,2025-10-03,7,25.77,25.7,25.99,25.97,25.42,25.68,25.56,26.73,25.73,25.56
2025-10-03T08:00,2025-10-03,8,26.48,26.19,27.56,26.84,26.42,27.03,25.93,27.18,26.17,26.24
2025-10-03T09:00,2025-10-03,9,27.16,26.51,28.98,27.91,26.91,27.98,26.63,27.67,26.69,27.03
2025-10-03T10:00,2025-10-03,10,27.76,27.18,29.83,28.08,26.81,28.45,27.76,27.63,27.35,28.01
2025-10-03T11:00,2025-10-03,11,28.5,28.12,29.93,29.01,27.56,28.83,28.74,28.35,27.87,28.76
2025-10-03T12:00,2025-10-03,12,29.27,28.65,30.5,29.72,28.15,30.3,29.7,29.87,28.89,29.19
2025-10-03T13:00,2025-10-03,13,29.49,29.45,28.31,30.25,28.67,30.73,30.21,30.38,28.86,29.01
2025-10-03T14:00,2025-10-03,14,29.44,29.97,28.04,30.3,29.03,30.82,29.52,30.35,28.43,28.3
2025-10-03T15:00,2025-10-03,15,29.08,30.08,28.91,29.71,29.11,29.93,28.8,30.03,27.64,26.87
2025-10-03T16:00,2025-10-03,16,28.15,28.2,28.65,28.37,28.45,29.14,28.19,29.17,27.56,26.67
2025-10-03T17:00,2025-10-03,17,27.51,27.2,27.77,27.7,27.63,28.03,27.98,28.65,27.28,26.64
2025-10-03T18:00,2025-10-03,18,26.83,26.64,26.88,26.64,26.87,27.08,27.47,27.68,26.64,26.43
2025-10-03T19:00,2025-10-03,19,26.53,26.27,26.69,26.4,26.48,26.63,27.23,27.44,26.34,26.26
2025-10-03T20:00,2025-10-03,20,26.31,26.05,26.35,26.18,26.26,26.21,27.06,27.25,26.19,26.02
2025-10-03T21:00,2025-10-03,21,26.14,25.92,26.05,26.11,26.0,25.97,26.87,27.05,26.09,25.82
2025-10-03T22:00,2025-10-03,22,26.0,25.8,25.7,26.06,25.83,25.73,26.69,26.98,26.04,25.71
2025-10-03T23:00,2025-10-03,23,25.8,25.71,25.36,25.89,25.62,25.26,26.43,26.83,25.98,25.37
2025-10-04T00:00,2025-10-04,0,25.91,25.81,25.88,25.92,25.82,25.65,26.25,27.16,25.58,25.83
2025-10-04T01:00,2025-10-04,1,25.81,25.67,25.71,25.83,25.67,25.39,26.25,26.85,25.73,25.65
2025-10-04T02:00,2025-10-04,2,25.55,25.42,25.42,25.32,25.63,25.13,26.05,26.24,25.68,25.38
2025-10-04T03:00,2025-10-04,3,25.37,25.34,25.28,24.92,25.46,24.99,25.84,26.07,25.57,25.15
2025-10-04T04:00,2025-10-04,4,25.17,25.1,25.0,24.76,25.15,24.86,25.59,25.89,25.45,24.99
2025-10-04T05:00,2025-10-04,5,25.02,24.96,24.79,24.73,25.03,24.7,25.47,25.77,25.3,24.73
2025-10-04T06:00,2025-10-04,6,25.44,25.71,24.83,25.21,25.02,25.04,25.88,25.63,25.86,25.05
2025-10-04T07:00,2025-10-04,7,26.31,26.43,26.2,26.25,26.02,26.03,26.54,26.72,26.66,25.64
2025-10-04T08:00,2025-10-04,8,27.46,27.47,27.93,27.64,27.05,27.01,27.8,27.76,27.82,26.53
2025-10-04T09:00,2025-10-04,9,28.72,28.89,29.36,28.99,28.2,28.36,29.1,29.02,28.6,27.62
2025-10-04T10:00,2025-10-04,10,29.69,30.05,30.27,30.07,29.37,29.52,30.02,29.85,29.23,28.33
2025-10-04T11:00,2025-10-04,11,30.4,30.94,30.95,30.71,30.25,30.26,30.8,30.49,29.67,28.83
2025-10-04T12:00,2025-10-04,12,30.69,31.52,31.46,31.34,31.01,31.38,30.67,30.82,29.1,28.38
2025-10-04T13:00,2025-10-04,13,30.35,31.53,31.43,31.3,31.37,31.87,29.46,30.2,27.86,27.59
2025-10-04T14:00,2025-10-04,14,30.0,30.89,31.02,30.9,31.22,31.85,28.89,30.1,27.62,27.69
2025-10-04T15:00,2025-10-04,15,28.75,28.08,30.47,29.01,30.53,31.23,28.51,28.89,27.85,27.15
2025-10-04T16:00,2025-10-04,16,28.1,27.62,29.66,28.04,27.06,29.82,28.67,28.68,28.09,26.95
2025-10-04T17:00,2025-10-04,17,27.5,27.33,28.67,27.57,26.34,27.3,28.07,28.12,27.68,26.74
2025-10-04T18:00,2025-10-04,18,26.94,26.73,27.6,26.59,27.24,27.35,27.56,27.06,27.06,26.08
2025-10-04T19:00,2025-10-04,19,26.68,26.55,27.22,26.39,26.79,26.88,27.28,27.0,26.68,25.89
2025-10-04T20:00,2025-10-04,20,26.45,26.36,26.75,26.3,26.41,26.62,26.99,26.82,26.52,25.72
2025-10-04T21:00,2025-10-04,21,26.31,26.19,26.57,26.2,26.27,26.43,26.86,26.54,26.44,25.65
2025-10-04T22:00,2025-10-04,22,26.13,26.02,26.22,26.03,26.06,26.2,26.67,26.42,26.3,25.52
2025-10-04T23:00,2025-10-04,23,25.94,25.84,25.95,25.89,25.8,25.67,26.6,26.44,26.24,25.19
2025-10-05T00:00,2025-10-05,0,25.77,25.73,25.63,25.83,25.56,25.2,26.5,26.45,26.12,24.9
2025-10-05T01:00,2025-10-05,1,25.6,25.6,25.35,25.7,25.35,24.95,26.41,26.47,25.85,24.67
2025-10-05T02:00,2025-10-05,2,25.45,25.44,25.29,25.62,25.01,24.48,26.38,26.47,25.57,24.73
2025-10-05T03:00,2025-10-05,3,25.34,25.33,25.13,25.47,24.82,24.3,26.11,26.33,25.58,24.85
2025-10-05T04:00,2025-10-05,4,25.15,25.22,24.85,25.33,24.8,24.18,25.34,26.16,25.4,24.88
2025-10-05T05:00,2025-10-05,5,25.02,25.22,24.57,25.25,24.7,24.02,25.22,25.83,25.08,24.79
2025-10-05T06:00,2025-10-05,6,25.4,26.05,25.33,25.39,24.63,24.3,25.37,26.31,25.24,24.83
2025-10-05T07:00,2025-10-05,7,25.93,26.61,26.61,26.4,24.6,24.7,26.03,26.87,25.46,24.76
2025-10-05T08:00,2025-10-05,8,26.62,27.32,27.65,27.71,24.91,25.38,27.08,27.89,25.73,24.7
2025-10-05T09:00,2025-10-05,9,27.44,28.42,28.82,28.25,25.32,26.22,28.46,28.99,26.27,24.71
2025-10-05T10:00,2025-10-05,10,28.38,29.51,29.77,29.48,25.32,27.73,29.4,29.95,27.52,24.91
2025-10-05T11:00,2025-10-05,11,29.08,30.14,30.37,29.98,26.2,28.33,30.14,30.44,28.65,25.52
2025-10-05T12:00,2025-10-05,12,29.64,30.69,30.76,29.95,28.92,29.13,30.53,30.83,29.37,25.32
2025-10-05T13:00,2025-10-05,13,29.85,30.69,30.97,30.12,29.31,29.14,30.82,30.93,29.45,26.19
2025-10-05T14:00,2025-10-05,14,29.28,30.37,30.66,29.74,28.57,28.9,29.35,29.98,28.2,26.4
2025-10-05T15:00,2025-10-05,15,27.95,27.88,30.2,29.28,28.33,27.71,26.73,28.54,27.35,26.35
2025-10-05T16:00,2025-10-05,16,27.19,27.06,29.37,28.4,26.5,27.73,26.11,26.86,27.04,26.01
2025-10-05T17:00,2025-10-05,17,26.3,26.03,28.51,26.08,25.75,27.38,26.26,26.65,25.78,25.65
2025-10-05T18:00,2025-10-05,18,25.93,25.69,27.54,26.16,24.73,26.32,26.42,26.27,25.71,25.2
2025-10-05T19:00,2025-10-05,19,25.55,25.37,27.09,25.81,24.64,25.45,26.02,25.62,25.44,24.78
2025-10-05T20:00,2025-10-05,20,25.36,25.34,26.65,25.52,24.38,25.13,25.81,25.33,25.3,24.62
2025-10-05T21:00,2025-10-05,21,25.19,25.23,26.5,25.23,24.35,24.89,25.58,25.18,25.19,24.41
2025-10-05T22:00,2025-10-05,22,25.01,25.03,26.08,25.08,24.31,24.67,25.37,25.17,25.02,24.29
2025-10-05T23:00,2025-10-05,23,24.86,24.9,25.6,24.96,24.17,24.53,25.26,25.16,24.9,24.14
2025-10-06T00:00,2025-10-06,0,25.11,25.16,25.26,25.35,24.49,24.8,25.75,25.88,25.01,24.33
2025-10-06T01:00,2025-10-06,1,25.07,25.12,25.2,25.39,24.5,24.74,25.62,25.73,25.0,24.24
2025-10-06T02:00,2025-10-06,2,24.9,25.04,25.03,24.95,24.46,24.63,25.33,25.6,24.75,24.21
2025-10-06T03:00,2025-10-06,3,24.72,24.89,24.55,24.83,24.28,24.33,25.18,25.37,24.59,24.21
2025-10-06T04:00,2025-10-06,4,24.55,24.68,24.5,24.61,24.16,24.12,25.01,25.31,24.35,24.14
2025-10-06T05:00,2025-10-06,5,24.5,24.7,24.48,24.57,24.02,23.98,24.83,25.16,24.27,24.16
2025-10-06T06:00,2025-10-06,6,24.6,24.51,24.8,24.49,24.29,24.19,25.04,25.07,24.72,24.48
2025-10-06T07:00,2025-10-06,7,25.3,25.26,26.09,25.47,24.93,24.88,25.38,25.86,25.3,24.78
2025-10-06T08:00,2025-10-06,8,26.19,26.25,27.33,26.8,25.16,25.93,25.84,26.62,26.35,25.28
2025-10-06T09:00,2025-10-06,9,27.25,27.39,27.75,28.14,25.9,27.37,27.01,27.57,27.55,26.09
2025-10-06T10:00,2025-10-06,10,28.31,28.67,28.26,29.07,27.41,28.54,28.17,28.38,28.61,26.77
2025-10-06T11:00,2025-10-06,11,29.14,29.66,28.79,29.72,28.23,29.56,29.0,29.08,29.43,27.6
2025-10-06T12:00,2025-10-06,12,29.63,30.15,29.47,30.45,28.64,30.07,28.91,29.71,29.98,28.23
2025-10-06T13:00,2025-10-06,13,29.83,30.33,29.04,29.84,29.33,30.72,29.33,29.97,30.37,28.77
2025-10-06T14:00,2025-10-06,14,29.12,28.95,27.68,27.93,29.4,30.07,29.24,30.01,30.43,29.1
2025-10-06T15:00,2025-10-06,15,28.33,27.66,27.46,27.14,27.6,28.26,29.17,29.83,29.85,29.26
2025-10-06T16:00,2025-10-06,16,27.69,26.46,27.58,26.97,26.77,27.59,28.98,28.54,29.03,29.15
2025-10-06T17:00,2025-10-06,17,26.97,26.01,27.17,26.6,26.58,26.87,27.83,26.8,27.77,28.34
2025-10-06T18:00,2025-10-06,18,26.05,25.38,26.08,25.91,25.73,25.89,26.76,26.27,26.57,26.8
2025-10-06T19:00,2025-10-06,19,25.64,25.1,25.7,25.63,25.34,25.41,26.39,25.97,25.91,26.1
2025-10-06T20:00,2025-10-06,20,25.37,24.97,25.45,25.38,25.1,25.14,26.07,25.77,25.52,25.54
2025-10-06T21:00,2025-10-06,21,25.19,24.93,25.18,25.25,24.95,24.97,25.84,25.72,25.24,25.07
2025-10-06T22:00,2025-10-06,22,25.04,24.89,24.95,25.1,24.84,24.79,25.69,25.77,24.98,24.81
2025-10-06T23:00,2025-10-06,23,24.87,24.72,24.57,24.95,24.52,24.59,25.58,25.68,24.92,24.58
2025-10-07T00:00,2025-10-07,0,25.16,24.9,25.27,25.0,24.74,24.79,25.68,25.77,25.62,25.09
2025-10-07T01:00,2025-10-07,1,25.09,24.94,24.74,24.87,24.68,24.7,25.66,25.56,25.66,25.08
2025-10-07T02:00,2025-10-07,2,24.86,24.7,24.56,24.63,24.39,24.52,25.44,25.25,25.36,24.94
2025-10-07T03:00,2025-10-07,3,24.63,24.57,24.24,24.38,24.13,24.4,24.95,25.23,25.08,24.69
2025-10-07T04:00,2025-10-07,4,24.41,24.41,23.75,24.24,23.94,24.2,24.8,24.85,24.8,24.49
2025-10-07T05:00,2025-10-07,5,24.28,24.29,23.79,24.15,23.84,24.17,24.6,24.39,24.66,24.34
2025-10-07T06:00,2025-10-07,6,24.21,24.24,23.72,24.11,23.83,24.11,24.52,24.48,24.49,24.19
2025-10-07T07:00,2025-10-07,7,25.01,25.12,24.71,24.96,24.76,24.81,25.38,25.03,25.27,24.59
2025-10-07T08:00,2025-10-07,8,26.29,26.47,26.39,26.29,25.92,26.21,26.47,26.2,26.57,25.59
2025-10-07T09:00,2025-10-07,9,27.51,27.59,27.71,27.69,27.07,27.54,27.69,27.42,27.61,26.93
2025-10-07T10:00,2025-10-07,10,28.49,28.58,28.79,28.71,28.1,28.6,28.56,28.17,28.59,27.91
2025-10-07T11:00,2025-10-07,11,29.11,29.02,29.41,29.5,28.62,29.41,29.18,28.86,29.34,28.59
2025-10-07T12:00,2025-10-07,12,29.67,29.75,30.24,29.9,29.24,30.24,29.24,26.61,30.49,29.74
2025-10-07T13:00,2025-10-07,13,29.75,29.79,29.57,28.91,29.81,30.99,29.8,26.6,30.91,30.12
2025-10-07T14:00,2025-10-07,14,29.0,28.13,28.84,26.94,30.19,31.17,29.33,26.76,30.81,30.22
2025-10-07T15:00,2025-10-07,15,28.53,27.12,28.16,26.82,30.16,30.38,29.15,27.23,30.43,29.81
2025-10-07T16:00,2025-10-07,16,28.14,26.95,27.37,26.65,29.5,30.08,28.36,27.12,29.96,29.47
2025-10-07T17:00,2025-10-07,17,27.56,26.56,26.33,26.43,28.38,29.21,27.82,26.98,29.28,28.8
2025-10-07T18:00,2025-10-07,18,26.43,25.56,25.4,25.66,26.94,27.57,26.67,26.2,27.7,27.61
2025-10-07T19:00,2025-10-07,19,25.98,25.26,24.98,25.36,26.47,26.91,26.16,26.03,27.13,26.83
2025-10-07T20:00,2025-10-07,20,25.7,25.13,24.73,25.33,25.97,26.44,25.93,25.83,26.64,26.26
2025-10-07T21:00,2025-10-07,21,25.5,25.14,24.59,25.31,25.55,25.86,25.72,25.68,26.26,25.85
2025-10-07T22:00,2025-10-07,22,25.2,24.96,24.45,25.15,25.13,24.98,25.42,25.42,25.87,25.54
2025-10-07T23:00,2025-10-07,23,24.97,24.72,24.29,24.98,24.88,24.69,25.2,25.33,25.55,25.27
2025-10-08T00:00,2025-10-08,0,25.39,25.49,24.79,25.23,25.61,25.22,25.75,25.8,25.71,24.78
2025-10-08T01:00,2025-10-08,1,25.21,25.33,24.57,24.86,25.17,25.11,25.72,25.51,25.61,24.76
2025-10-08T02:00,2025-10-08,2,24.86,24.98,24.44,24.56,24.56,24.49,25.44,25.31,25.17,24.49
2025-10-08T03:00,2025-10-08,3,24.62,24.75,24.06,24.36,24.43,24.23,25.23,25.1,24.88,24.24
2025-10-08T04:00,2025-10-08,4,24.4,24.43,23.81,24.16,24.32,24.12,25.15,24.83,24.63,24.05
2025-10-08T05:00,2025-10-08,5,24.27,24.31,23.71,24.05,24.07,23.96,25.03,24.78,24.47,23.91
2025-10-08T06:00,2025-10-08,6,24.37,24.03,24.09,24.28,24.07,24.09,25.08,25.17,24.72,24.37
2025-10-08T07:00,2025-10-08,7,25.08,24.75,25.04,25.17,24.77,24.59,25.31,25.79,25.54,25.26
2025-10-08T08:00,2025-10-08,8,26.28,25.98,26.61,26.39,25.82,25.77,26.25,26.62,26.84,26.54
2025-10-08T09:00,2025-10-08,9,27.56,27.38,27.73,27.77,26.77,27.17,27.59,27.76,28.11,27.69
2025-10-08T10:00,2025-10-08,10,28.54,28.7,27.3,28.8,28.05,28.03,28.65,28.89,29.06,28.64
2025-10-08T11:00,2025-10-08,11,29.29,29.69,27.39,29.57,28.66,29.01,29.48,29.6,29.74,29.26
2025-10-08T12:00,2025-10-08,12,29.68,30.22,27.59,29.35,29.35,29.64,30.19,30.08,29.96,29.58
2025-10-08T13:00,2025-10-08,13,29.96,30.6,27.86,29.75,29.69,30.06,30.51,30.34,29.97,29.62
2025-10-08T14:00,2025-10-08,14,29.6,30.64,27.47,28.94,29.87,30.08,30.62,29.62,29.33,28.12
2025-10-08T15:00,2025-10-08,15,29.12,30.34,27.51,27.95,29.96,29.89,30.19,28.5,28.49,27.52
2025-10-08T16:00,2025-10-08,16,28.07,29.11,27.2,27.67,29.34,28.6,27.88,27.03,26.78,27.54
2025-10-08T17:00,2025-10-08,17,27.11,27.17,26.78,27.23,28.61,27.88,26.55,26.7,26.37,27.19
2025-10-08T18:00,2025-10-08,18,26.58,26.72,25.48,26.25,27.15,26.71,26.92,26.57,26.63,26.55
2025-10-08T19:00,2025-10-08,19,26.28,26.32,25.3,26.0,26.77,26.57,26.67,26.26,26.22,26.41
2025-10-08T20:00,2025-10-08,20,25.92,25.88,25.1,25.55,26.28,26.2,26.44,26.11,25.86,26.14
2025-10-08T21:00,2025-10-08,21,25.63,25.5,24.83,25.35,25.92,26.06,26.2,25.93,25.51,25.81
2025-10-08T22:00,2025-10-08,22,25.34,25.22,24.42,25.1,25.36,25.82,26.01,25.72,25.36,25.44
2025-10-08T23:00,2025-10-08,23,25.06,25.02,24.19,24.88,25.02,25.21,25.79,25.5,25.04,25.08
2025-10-09T00:00,2025-10-09,0,25.35,25.31,24.36,25.0,25.29,24.75,26.16,25.99,25.81,25.35
2025-10-09T01:00,2025-10-09,1,25.27,25.35,24.23,24.92,25.37,24.73,26.09,25.73,25.61,25.12
2025-10-09T02:00,2025-10-09,2,25.0,25.12,24.02,24.64,25.02,24.6,25.82,25.53,25.31,24.66
2025-10-09T03:00,2025-10-09,3,24.76,24.88,23.82,24.53,24.72,24.42,25.57,25.29,24.94,24.41
2025-10-09T04:00,2025-10-09,4,24.56,24.69,23.69,24.37,24.56,24.4,25.3,25.07,24.64,24.14
2025-10-09T05:00,2025-10-09,5,24.41,24.59,23.72,24.24,24.41,24.25,25.11,24.87,24.43,23.84
2025-10-09T06:00,2025-10-09,6,24.71,24.68,24.06,24.32,24.78,24.42,25.47,25.31,24.79,24.73
2025-10-09T07:00,2025-10-09,7,25.64,25.61,25.27,25.31,25.8,25.05,26.04,26.13,26.0,25.52
2025-10-09T08:00,2025-10-09,8,26.85,26.99,26.5,26.48,26.99,25.96,26.93,26.87,27.55,26.73
2025-10-09T09:00,2025-10-09,9,28.02,28.15,27.58,27.65,28.13,27.01,28.19,27.79,28.82,28.03
2025-10-09T10:00,2025-10-09,10,29.02,29.11,28.63,28.75,28.93,28.11,29.29,28.7,29.79,29.01
2025-10-09T11:00,2025-10-09,11,29.74,29.87,29.27,29.45,29.56,29.17,30.0,29.38,30.38,29.78
2025-10-09T12:00,2025-10-09,12,29.95,30.12,29.53,29.45,29.79,29.81,30.45,28.89,30.47,30.05
2025-10-09T13:00,2025-10-09,13,29.99,29.99,29.53,29.1,30.29,30.23,30.62,28.29,30.56,30.57
2025-10-09T14:00,2025-10-09,14,29.65,29.47,29.08,28.71,30.32,30.43,30.43,27.5,29.98,30.65
2025-10-09T15:00,2025-10-09,15,28.97,28.96,27.8,28.1,29.75,29.74,28.52,27.21,29.64,30.46
2025-10-09T16:00,2025-10-09,16,28.35,28.41,26.93,27.46,28.34,28.68,28.06,27.58,29.22,29.8
2025-10-09T17:00,2025-10-09,17,27.65,27.94,26.06,26.8,27.13,28.06,27.8,27.23,28.38,28.45
2025-10-09T18:00,2025-10-09,18,26.9,26.97,26.32,26.47,26.84,26.74,27.09,26.52,27.16,27.5
2025-10-09T19:00,2025-10-09,19,26.53,26.52,25.94,26.04,26.6,26.58,26.75,26.18,26.78,27.21
2025-10-09T20:00,2025-10-09,20,26.12,26.09,25.66,25.63,26.14,26.28,26.28,25.9,26.32,26.72
2025-10-09T21:00,2025-10-09,21,25.77,25.78,25.21,25.24,25.76,26.11,26.02,25.7,25.93,26.21
2025-10-09T22:00,2025-10-09,22,25.46,25.5,24.84,25.01,25.3,25.81,25.75,25.51,25.67,25.73
2025-10-09T23:00,2025-10-09,23,25.13,25.21,24.56,24.77,24.99,25.43,25.49,25.36,25.34,25.01
2025-10-10T00:00,2025-10-10,0,25.7,25.88,25.08,25.56,25.61,26.19,26.23,26.2,25.62,24.94
2025-10-10T01:00,2025-10-10,1,25.59,25.77,24.98,25.43,25.6,25.98,26.27,25.89,25.48,24.84
2025-10-10T02:00,2025-10-10,2,25.32,25.41,24.66,25.21,25.43,25.64,26.14,25.7,25.27,24.51
2025-10-10T03:00,2025-10-10,3,25.06,25.12,24.51,25.01,25.23,25.11,25.96,25.44,24.91,24.28
2025-10-10T04:00,2025-10-10,4,24.81,24.96,24.25,24.79,25.07,24.95,25.63,24.93,24.59,23.97
2025-10-10T05:00,2025-10-10,5,24.61,24.91,24.13,24.5,24.97,24.4,25.14,24.76,24.46,23.76
2025-10-10T06:00,2025-10-10,6,24.83,24.79,24.17,24.82,24.81,24.97,25.43,25.24,24.74,24.64
2025-10-10T07:00,2025-10-10,7,25.76,25.66,25.69,25.6,25.74,25.56,26.34,26.14,25.82,25.52
2025-10-10T08:00,2025-10-10,8,27.12,27.22,27.29,26.91,27.16,26.53,27.44,27.3,27.32,26.68
2025-10-10T09:00,2025-10-10,9,28.52,28.8,28.23,28.21,28.43,27.92,28.66,28.34,29.03,28.18
2025-10-10T10:00,2025-10-10,10,29.48,29.8,28.73,29.27,29.26,29.14,29.56,28.97,30.09,29.34
2025-10-10T11:00,2025-10-10,11,30.11,30.39,29.34,29.99,29.87,30.09,30.02,29.44,30.73,30.02
2025-10-10T12:00,2025-10-10,12,30.67,30.82,30.4,30.65,30.3,30.96,30.74,29.5,31.19,30.57
2025-10-10T13:00,2025-10-10,13,30.79,30.82,30.6,30.53,30.46,31.53,31.07,28.81,31.42,30.91
2025-10-10T14:00,2025-10-10,14,30.21,30.59,27.76,29.97,30.51,31.36,29.98,27.47,31.23,31.0
2025-10-10T15:00,2025-10-10,15,28.84,29.52,26.76,27.66,27.17,29.64,27.97,26.94,30.45,30.73
2025-10-10T16:00,2025-10-10,16,27.85,27.53,26.56,26.66,26.88,28.61,27.2,27.07,29.63,30.25
2025-10-10T17:00,2025-10-10,17,27.1,26.44,26.25,26.1,26.72,27.64,26.75,26.3,28.78,29.3
2025-10-10T18:00,2025-10-10,18,26.67,25.75,26.43,26.25,26.18,27.39,26.73,26.23,28.33,27.81
2025-10-10T19:00,2025-10-10,19,26.26,25.6,26.01,25.85,25.83,27.0,26.45,25.69,27.52,27.1
2025-10-10T20:00,2025-10-10,20,25.95,25.46,25.58,25.55,25.6,26.68,26.2,25.59,26.87,26.56
2025-10-10T21:00,2025-10-10,21,25.66,25.29,25.18,25.2,25.47,26.3,25.99,25.4,26.46,26.13
2025-10-10T22:00,2025-10-10,22,25.35,25.07,24.61,24.88,25.35,26.11,25.73,25.23,25.93,25.7
2025-10-10T23:00,2025-10-10,23,25.18,24.94,24.59,24.82,25.38,25.52,25.61,25.26,25.68,25.26
2025-10-11T00:00,2025-10-11,0,25.18,24.82,24.49,24.97,25.37,25.36,25.9,25.3,25.66,25.31
2025-10-11T01:00,2025-10-11,1,25.09,24.81,24.46,24.78,25.05,25.02,25.83,25.08,25.69,25.25
2025-10-11T02:00,2025-10-11,2,24.85,24.61,24.25,24.71,24.96,24.5,25.49,25.14,25.28,24.96
2025-10-11T03:00,2025-10-11,3,24.59,24.53,24.01,24.49,24.68,24.23,25.06,24.95,24.96,24.4
2025-10-11T04:00,2025-10-11,4,24.32,24.42,23.71,24.01,24.54,23.79,24.81,24.51,24.66,24.06
2025-10-11T05:00,2025-10-11,5,24.07,24.28,23.61,23.74,24.29,23.68,24.55,24.23,24.14,23.74
2025-10-11T06:00,2025-10-11,6,24.37,24.62,23.88,24.06,24.69,24.43,24.76,24.67,24.09,23.96
2025-10-11T07:00,2025-10-11,7,25.06,24.89,25.51,24.92,24.77,24.96,25.2,25.46,25.1,25.2
2025-10-11T08:00,2025-10-11,8,26.12,25.55,27.22,26.36,25.08,25.67,26.08,26.68,26.61,26.61
2025-10-11T09:00,2025-10-11,9,27.33,26.68,28.46,27.53,25.95,27.08,27.34,27.78,27.98,27.98
2025-10-11T10:00,2025-10-11,10,28.36,27.85,29.1,28.39,26.86,28.26,28.42,28.39,29.23,29.04
2025-10-11T11:00,2025-10-11,11,29.18,28.82,29.48,29.21,28.03,29.15,29.15,29.11,30.08,29.7
2025-10-11T12:00,2025-10-11,12,29.09,28.79,29.46,29.2,26.66,29.03,29.61,28.35,30.0,30.01
2025-10-11T13:00,2025-10-11,13,29.31,29.31,28.98,28.44,27.41,29.45,29.86,28.2,30.49,30.45
2025-10-11T14:00,2025-10-11,14,29.24,29.24,28.98,27.62,28.07,28.99,29.88,27.55,30.79,30.68
2025-10-11T15:00,2025-10-11,15,28.93,28.81,28.06,27.25,28.31,28.68,29.42,27.11,30.85,30.61
2025-10-11T16:00,2025-10-11,16,28.48,28.49,27.57,27.09,28.15,28.17,28.34,26.41,30.55,30.04
2025-10-11T17:00,2025-10-11,17,27.77,27.91,27.04,26.59,27.63,27.18,27.54,26.13,29.53,28.8
2025-10-11T18:00,2025-10-11,18,26.42,25.83,25.86,25.72,26.84,25.56,27.18,25.99,27.77,27.33
2025-10-11T19:00,2025-10-11,19,25.88,25.44,25.38,25.26,26.01,25.39,26.52,25.53,26.88,26.7
2025-10-11T20:00,2025-10-11,20,25.38,24.93,25.32,24.86,25.13,24.94,25.98,25.25,26.28,26.02
2025-10-11T21:00,2025-10-11,21,24.96,24.47,25.02,24.71,24.68,24.64,25.55,25.03,25.65,25.47
2025-10-11T22:00,2025-10-11,22,24.65,24.3,24.65,24.42,24.4,24.46,25.24,24.79,25.08,24.97
2025-10-11T23:00,2025-10-11,23,24.39,23.98,24.42,24.37,24.16,24.39,24.96,24.64,24.66,24.54
2025-10-12T00:00,2025-10-12,0,24.44,24.08,24.68,24.37,24.32,24.48,25.06,24.94,24.46,24.37
2025-10-12T01:00,2025-10-12,1,24.41,24.12,24.52,24.38,24.23,24.3,25.14,24.58,24.51,24.36
2025-10-12T02:00,2025-10-12,2,24.18,24.07,24.29,24.02,24.0,23.89,24.97,24.52,24.11,23.94
2025-10-12T03:00,2025-10-12,3,23.97,24.03,23.99,23.71,23.74,23.67,24.82,24.46,23.72,23.57
2025-10-12T04:00,2025-10-12,4,23.82,24.01,24.02,23.55,23.48,23.56,24.71,24.39,23.34,23.21
2025-10-12T05:00,2025-10-12,5,23.63,23.9,23.7,23.41,23.29,23.38,24.54,24.39,23.08,22.87
2025-10-12T06:00,2025-10-12,6,24.12,24.53,23.95,23.97,24.31,23.85,24.82,25.06,23.18,23.26
2025-10-12T07:00,2025-10-12,7,24.85,24.94,25.26,24.66,24.68,24.83,25.26,25.58,24.46,24.34
2025-10-12T08:00,2025-10-12,8,26.11,25.85,26.92,26.14,25.56,26.01,26.45,26.7,26.35,25.64
2025-10-12T09:00,2025-10-12,9,27.68,27.62,28.28,27.64,27.15,27.21,28.06,28.06,28.13,26.97
2025-10-12T10:00,2025-10-12,10,28.85,28.94,29.17,28.72,28.3,28.33,29.39,29.13,29.27,28.07
2025-10-12T11:00,2025-10-12,11,29.75,29.91,29.9,29.66,29.15,29.27,30.28,29.85,30.12,29.01
2025-10-12T12:00,2025-10-12,12,30.18,30.37,30.16,30.24,29.26,29.34,30.87,30.44,30.66,29.46
2025-10-12T13:00,2025-10-12,13,30.63,30.78,30.46,30.71,29.81,29.89,31.28,30.79,31.06,30.05
2025-10-12T14:00,2025-10-12,14,30.62,30.77,29.57,30.84,29.93,30.16,31.35,30.75,31.12,30.28
2025-10-12T15:00,2025-10-12,15,30.54,30.57,29.75,30.63,29.95,30.34,31.22,30.56,31.02,30.24
2025-10-12T16:00,2025-10-12,16,30.01,30.05,28.96,29.89,29.68,29.96,30.74,30.14,30.5,29.83
2025-10-12T17:00,2025-10-12,17,28.74,28.67,28.08,28.42,28.39,28.6,29.58,28.98,29.25,28.6
2025-10-12T18:00,2025-10-12,18,27.18,27.04,26.9,26.93,26.54,26.9,28.02,27.58,27.63,27.14
2025-10-12T19:00,2025-10-12,19,26.43,26.29,26.3,26.07,25.85,26.19,27.24,26.62,26.82,26.45
2025-10-12T20:00,2025-10-12,20,25.8,25.57,25.84,25.32,25.58,25.57,26.72,26.02,26.1,25.77
2025-10-12T21:00,2025-10-12,21,25.21,24.95,25.46,24.73,24.91,25.16,26.05,25.56,25.49,25.1
2025-10-12T22:00,2025-10-12,22,24.74,24.45,25.08,24.28,24.53,24.82,25.69,25.07,24.85,24.58
2025-10-12T23:00,2025-10-12,23,24.29,23.95,24.7,23.82,24.13,24.5,25.31,24.64,24.25,24.13
2025-10-13T00:00,2025-10-13,0,24.18,23.8,24.97,23.72,24.02,24.44,24.96,24.65,24.09,24.04
2025-10-13T01:00,2025-10-13,1,24.14,23.78,24.89,23.77,24.14,24.36,24.78,24.36,24.07,24.01
2025-10-13T02:00,2025-10-13,2,23.79,23.38,24.85,23.45,23.84,24.1,24.34,24.01,23.69,23.58
2025-10-13T03:00,2025-10-13,3,23.5,23.08,24.73,23.13,23.6,23.81,24.09,23.72,23.43,23.14
2025-10-13T04:00,2025-10-13,4,23.25,22.87,24.4,22.81,23.16,23.85,23.86,23.6,23.16,22.8
2025-10-13T05:00,2025-10-13,5,23.06,22.74,24.1,22.6,22.92,23.85,23.69,23.53,22.84,22.55
2025-10-13T06:00,2025-10-13,6,23.3,22.92,24.15,22.7,22.9,23.98,23.9,24.09,23.03,23.41
2025-10-13T07:00,2025-10-13,7,24.67,24.71,25.09,24.35,24.23,24.69,25.21,25.5,24.48,24.1
2025-10-13T08:00,2025-10-13,8,26.54,26.92,26.82,26.59,25.92,26.49,26.98,27.26,26.47,24.97
2025-10-13T09:00,2025-10-13,9,28.29,28.6,28.68,28.38,27.66,28.19,28.66,28.78,28.35,26.92
2025-10-13T10:00,2025-10-13,10,29.35,29.46,29.68,29.33,28.96,29.33,29.72,29.5,29.6,28.35
2025-10-13T11:00,2025-10-13,11,30.14,30.18,30.41,30.08,29.83,30.28,30.46,30.01,30.5,29.3
2025-10-13T12:00,2025-10-13,12,30.71,30.72,30.88,30.63,30.23,30.83,31.06,30.58,31.18,30.03
2025-10-13T13:00,2025-10-13,13,31.05,31.04,30.96,30.96,30.53,31.46,31.37,30.86,31.57,30.56
2025-10-13T14:00,2025-10-13,14,31.13,31.15,30.75,31.03,30.61,31.58,31.41,30.9,31.68,30.73
2025-10-13T15:00,2025-10-13,15,30.95,31.03,30.39,30.79,30.55,31.39,31.26,30.63,31.49,30.62
2025-10-13T16:00,2025-10-13,16,30.32,30.35,29.77,29.95,29.97,30.82,30.82,30.06,30.85,30.07
2025-10-13T17:00,2025-10-13,17,28.84,28.87,28.39,28.37,28.54,29.04,29.5,28.69,29.24,28.64
2025-10-13T18:00,2025-10-13,18,27.52,27.48,27.13,27.15,27.24,28.3,28.08,27.62,27.73,27.14
2025-10-13T19:00,2025-10-13,19,26.75,26.6,26.45,26.41,26.49,27.76,27.37,26.71,26.88,26.48
2025-10-13T20:00,2025-10-13,20,26.01,25.74,25.75,25.88,25.82,27.04,26.67,26.11,26.06,25.73
2025-10-13T21:00,2025-10-13,21,25.44,25.21,25.34,25.31,25.25,26.2,26.11,25.58,25.45,25.1
2025-10-13T22:00,2025-10-13,22,24.95,24.76,25.01,24.88,24.69,25.6,25.58,25.2,24.87,24.53
2025-10-13T23:00,2025-10-13,23,24.58,24.55,24.6,24.53,24.31,25.37,25.08,24.83,24.4,23.95
2025-10-14T00:00,2025-10-14,0,24.67,24.69,24.76,24.66,24.69,25.36,25.07,25.07,24.23,23.96
2025-10-14T01:00,2025-10-14,1,24.65,24.71,24.7,24.7,24.71,25.32,25.02,24.87,24.28,23.86
2025-10-14T02:00,2025-10-14,2,24.25,24.27,24.48,24.38,24.34,24.93,24.6,24.5,23.87,23.32
2025-10-14T03:00,2025-10-14,3,23.83,23.75,24.22,24.07,23.97,24.77,24.1,24.2,23.38,22.85
2025-10-14T04:00,2025-10-14,4,23.45,23.33,24.02,23.78,23.65,24.48,23.62,23.99,22.95,22.3
2025-10-14T05:00,2025-10-14,5,23.1,22.99,23.71,23.58,23.37,24.12,23.24,23.74,22.51,21.73
2025-10-14T06:00,2025-10-14,6,23.29,23.39,23.49,23.67,23.63,24.01,23.56,24.23,22.56,21.86
2025-10-14T07:00,2025-10-14,7,24.72,24.82,25.49,25.37,24.91,25.32,24.68,25.39,23.85,23.26
2025-10-14T08:00,2025-10-14,8,26.55,26.64,27.52,27.19,26.49,27.34,26.39,26.88,25.88,25.11
2025-10-14T09:00,2025-10-14,9,28.27,28.36,29.28,28.76,28.08,29.22,28.07,28.28,27.84,26.96
2025-10-14T10:00,2025-10-14,10,29.61,29.71,30.45,29.88,29.36,30.57,29.5,29.49,29.41,28.35
2025-10-14T11:00,2025-10-14,11,30.5,30.52,31.42,30.63,30.22,31.41,30.42,30.24,30.48,29.44
2025-10-14T12:00,2025-10-14,12,31.18,31.22,31.82,31.38,30.78,32.03,31.14,30.74,31.3,30.21
2025-10-14T13:00,2025-10-14,13,31.51,31.55,32.21,31.64,31.07,32.5,31.46,30.97,31.6,30.62
2025-10-14T14:00,2025-10-14,14,31.54,31.52,31.91,31.57,31.26,32.66,31.49,31.06,31.72,30.79
2025-10-14T15:00,2025-10-14,15,31.31,31.26,31.37,31.36,31.17,32.59,31.17,30.87,31.53,30.71
2025-10-14T16:00,2025-10-14,16,30.6,30.49,30.6,30.68,30.53,31.98,30.45,30.3,30.67,30.22
2025-10-14T17:00,2025-10-14,17,29.16,29.12,29.24,29.3,29.04,30.3,28.88,28.93,29.02,28.96
2025-10-14T18:00,2025-10-14,18,27.73,27.76,27.9,27.73,27.55,28.82,27.63,27.8,27.57,27.19
2025-10-14T19:00,2025-10-14,19,27.09,27.09,27.6,27.13,26.84,28.1,26.98,27.05,26.78,26.67
2025-10-14T20:00,2025-10-14,20,26.34,26.24,26.68,26.52,26.17,27.57,26.16,26.49,25.94,25.98
2025-10-14T21:00,2025-10-14,21,25.7,25.68,25.62,26.07,25.51,26.98,25.42,25.78,25.31,25.38
2025-10-14T22:00,2025-10-14,22,25.15,25.16,24.92,25.58,24.91,26.42,24.77,25.28,24.78,24.88
2025-10-14T23:00,2025-10-14,23,24.69,24.66,24.59,25.24,24.58,25.86,24.23,24.92,24.27,24.4
2025-10-15T00:00,2025-10-15,0,24.6,24.46,24.65,25.19,24.67,25.94,24.09,25.03,24.11,24.18
2025-10-15T01:00,2025-10-15,1,24.54,24.45,24.66,25.0,24.82,25.65,24.07,24.8,24.14,24.0
2025-10-15T02:00,2025-10-15,2,24.18,24.09,24.39,24.56,24.71,25.13,23.82,24.51,23.69,23.56
2025-10-15T03:00,2025-10-15,3,23.81,23.71,24.15,24.28,24.49,24.5,23.46,24.17,23.26,23.13
2025-10-15T04:00,2025-10-15,4,23.51,23.39,23.92,24.13,24.13,24.14,23.15,23.99,22.94,22.72
2025-10-15T05:00,2025-10-15,5,23.21,23.12,23.72,23.86,23.9,23.79,22.83,23.7,22.56,22.37
2025-10-15T06:00,2025-10-15,6,23.57,23.7,23.96,23.82,23.91,24.49,23.36,24.31,22.84,22.48
2025-10-15T07:00,2025-10-15,7,25.0,25.18,25.68,25.64,25.35,26.15,24.47,25.55,24.02,23.67
2025-10-15T08:00,2025-10-15,8,26.75,26.97,27.71,27.48,26.98,27.94,26.1,27.15,25.76,25.28
2025-10-15T09:00,2025-10-15,9,28.45,28.71,29.17,29.15,28.54,29.53,27.84,28.53,27.67,27.15
2025-10-15T10:00,2025-10-15,10,29.88,30.14,30.3,30.45,29.85,30.83,29.43,29.7,29.37,28.83
2025-10-15T11:00,2025-10-15,11,30.78,30.91,30.93,31.22,30.82,31.76,30.43,30.43,30.54,30.05
2025-10-15T12:00,2025-10-15,12,31.32,31.49,31.35,31.8,31.04,32.3,31.01,31.04,31.13,30.61
2025-10-15T13:00,2025-10-15,13,31.72,31.85,31.59,32.08,31.52,32.88,31.44,31.38,31.57,31.09
2025-10-15T14:00,2025-10-15,14,31.75,31.88,31.23,32.07,31.63,33.05,31.5,31.45,31.68,31.2
2025-10-15T15:00,2025-10-15,15,31.49,31.69,30.5,31.66,31.33,32.83,31.28,31.2,31.59,31.03
2025-10-15T16:00,2025-10-15,16,30.86,31.09,29.89,30.94,30.7,31.95,30.61,30.85,30.89,30.57
2025-10-15T17:00,2025-10-15,17,29.5,29.7,27.85,30.03,29.6,30.53,29.17,29.56,29.39,29.39
2025-10-15T18:00,2025-10-15,18,27.87,27.92,25.69,28.28,28.14,29.31,27.66,28.36,27.99,27.76
2025-10-15T19:00,2025-10-15,19,27.14,27.0,25.56,27.71,27.39,28.57,26.87,27.53,27.05,27.18
2025-10-15T20:00,2025-10-15,20,26.53,26.29,25.38,27.37,26.96,27.9,26.1,26.82,26.31,26.47
2025-10-15T21:00,2025-10-15,21,25.91,25.68,25.25,26.69,26.25,27.34,25.28,26.22,25.62,25.86
2025-10-15T22:00,2025-10-15,22,25.44,25.33,25.15,26.18,25.59,26.78,24.66,25.75,24.96,25.33
2025-10-15T23:00,2025-10-15,23,24.99,24.89,24.96,25.61,25.15,26.41,24.16,25.44,24.39,24.86
2025-10-16T00:00,2025-10-16,0,24.96,24.85,25.35,25.5,25.15,26.4,24.11,25.68,24.24,24.58
2025-10-16T01:00,2025-10-16,1,24.95,24.89,25.21,25.47,25.28,26.26,24.03,25.52,24.3,24.6
2025-10-16T02:00,2025-10-16,2,24.62,24.48,25.1,25.21,24.94,25.78,23.7,25.19,24.05,24.2
2025-10-16T03:00,2025-10-16,3,24.3,24.19,24.81,24.88,24.66,25.35,23.26,25.0,23.82,23.86
2025-10-16T04:00,2025-10-16,4,24.05,23.99,24.52,24.67,24.37,25.0,23.03,24.64,23.53,23.58
2025-10-16T05:00,2025-10-16,5,23.79,23.8,24.26,24.45,24.12,24.68,22.81,24.4,23.17,23.27
2025-10-16T06:00,2025-10-16,6,24.04,24.22,24.67,24.79,24.36,24.9,23.19,24.8,22.82,23.29
2025-10-16T07:00,2025-10-16,7,25.38,25.6,26.27,25.8,25.78,26.33,24.43,25.91,24.36,24.59
2025-10-16T08:00,2025-10-16,8,27.22,27.48,27.75,27.59,27.55,28.12,26.3,27.47,26.53,26.51
2025-10-16T09:00,2025-10-16,9,29.01,29.35,28.89,29.26,29.16,29.74,28.29,29.07,28.64,28.5
2025-10-16T10:00,2025-10-16,10,30.32,30.59,29.87,30.54,30.38,30.96,29.87,29.99,30.23,30.0
2025-10-16T11:00,2025-10-16,11,31.08,31.29,30.53,31.2,31.08,31.78,30.81,30.6,31.19,30.81
2025-10-16T12:00,2025-10-16,12,31.39,31.58,30.66,31.44,31.31,32.17,31.3,31.11,31.4,31.2
2025-10-16T13:00,2025-10-16,13,31.61,32.02,28.68,31.69,31.79,32.69,31.67,31.29,31.98,31.68
2025-10-16T14:00,2025-10-16,14,31.43,32.0,27.64,30.9,31.85,32.9,31.7,30.59,32.08,31.76
2025-10-16T15:00,2025-10-16,15,31.27,31.89,28.5,30.05,31.57,32.76,31.5,30.29,31.93,31.64
2025-10-16T16:00,2025-10-16,16,30.77,31.43,28.2,29.48,31.22,32.16,31.03,29.21,31.33,31.25
2025-10-16T17:00,2025-10-16,17,29.56,30.19,27.13,28.55,30.27,30.64,29.68,28.11,29.92,30.05
2025-10-16T18:00,2025-10-16,18,28.32,28.59,27.44,27.5,28.39,29.41,28.2,27.79,28.57,28.62
2025-10-16T19:00,2025-10-16,19,27.62,27.89,26.66,27.25,27.74,28.55,27.41,27.12,27.67,27.87
2025-10-16T20:00,2025-10-16,20,26.99,27.25,26.1,26.83,26.92,27.88,26.77,26.6,26.88,27.23
2025-10-16T21:00,2025-10-16,21,26.43,26.82,25.67,26.03,26.23,27.14,26.23,26.23,26.21,26.72
2025-10-16T22:00,2025-10-16,22,25.89,26.34,25.33,25.34,25.79,26.43,25.7,25.89,25.51,26.13
2025-10-16T23:00,2025-10-16,23,25.41,25.89,25.06,24.55,25.38,25.92,25.17,25.61,25.03,25.68
2025-10-17T00:00,2025-10-17,0,25.32,25.79,24.89,24.38,25.49,25.99,25.0,25.89,24.84,25.57
2025-10-17T01:00,2025-10-17,1,25.25,25.72,25.02,24.39,25.57,26.02,24.77,25.55,24.74,25.46
2025-10-17T02:00,2025-10-17,2,24.94,25.26,25.01,24.33,25.14,25.5,24.44,25.44,24.42,25.07
2025-10-17T03:00,2025-10-17,3,24.6,24.82,24.65,24.18,24.9,24.89,24.17,25.13,24.12,24.79
2025-10-17T04:00,2025-10-17,4,24.28,24.46,23.97,24.05,24.62,24.51,23.95,25.01,23.86,24.43
2025-10-17T05:00,2025-10-17,5,23.96,24.08,23.46,23.79,24.34,24.18,23.69,24.85,23.56,24.14
2025-10-17T06:00,2025-10-17,6,24.24,24.3,24.3,24.2,24.49,24.84,23.82,25.25,23.41,24.38
2025-10-17T07:00,2025-10-17,7,25.6,25.94,25.36,25.37,25.92,26.01,25.08,26.25,25.05,25.53
2025-10-17T08:00,2025-10-17,8,27.38,27.92,26.74,26.85,27.61,27.7,26.88,27.57,27.27,27.27
2025-10-17T09:00,2025-10-17,9,29.06,29.55,28.15,28.5,29.24,29.3,28.81,28.78,29.31,29.02
2025-10-17T10:00,2025-10-17,10,30.35,30.75,29.34,29.81,30.56,30.59,30.29,29.78,30.79,30.33
2025-10-17T11:00,2025-10-17,11,31.19,31.54,30.07,30.87,31.49,31.58,31.14,30.33,31.65,31.09
2025-10-17T12:00,2025-10-17,12,31.7,31.89,30.75,31.83,31.94,32.4,31.51,31.01,31.94,31.47
2025-10-17T13:00,2025-10-17,13,32.01,32.16,30.8,31.94,32.29,33.03,31.92,31.14,32.45,31.88
2025-10-17T14:00,2025-10-17,14,31.97,32.2,30.51,31.61,32.46,32.91,32.04,30.69,32.55,31.94
2025-10-17T15:00,2025-10-17,15,31.56,31.97,28.78,31.33,32.02,32.34,31.74,29.82,32.46,31.86
2025-10-17T16:00,2025-10-17,16,31.1,31.48,27.8,31.06,31.53,32.13,31.36,29.39,32.05,31.43
2025-10-17T17:00,2025-10-17,17,29.87,30.36,26.64,29.77,30.29,30.5,30.21,27.98,30.81,30.21
2025-10-17T18:00,2025-10-17,18,28.25,28.62,25.87,28.38,28.37,29.05,28.76,27.23,28.68,27.99
2025-10-17T19:00,2025-10-17,19,27.64,28.13,25.56,27.85,27.57,28.37,27.98,26.63,27.91,27.3
2025-10-17T20:00,2025-10-17,20,27.1,27.56,25.29,27.48,26.92,27.69,27.29,26.31,27.22,26.73
2025-10-17T21:00,2025-10-17,21,26.57,27.01,25.04,26.66,26.34,27.45,26.71,26.01,26.73,26.11
2025-10-17T22:00,2025-10-17,22,26.07,26.52,24.75,25.77,25.98,27.09,26.14,25.72,26.15,25.74
2025-10-17T23:00,2025-10-17,23,25.62,26.02,24.63,25.22,25.6,26.5,25.66,25.24,25.67,25.43
2025-10-18T00:00,2025-10-18,0,25.78,26.14,25.22,24.94,25.94,26.74,25.9,25.87,25.57,25.63
2025-10-18T01:00,2025-10-18,1,25.59,25.72,25.15,24.92,26.0,26.25,25.79,25.72,25.5,25.48
2025-10-18T02:00,2025-10-18,2,25.16,25.17,24.35,24.61,25.62,25.82,25.44,25.54,25.26,25.08
2025-10-18T03:00,2025-10-18,3,24.85,24.82,24.29,24.5,25.07,25.46,24.92,25.37,24.95,24.75
2025-10-18T04:00,2025-10-18,4,24.57,24.48,23.9,24.25,24.98,25.15,24.6,25.13,24.69,24.56
2025-10-18T05:00,2025-10-18,5,24.31,24.29,23.88,24.16,24.58,24.52,24.32,24.77,24.26,24.41
2025-10-18T06:00,2025-10-18,6,24.49,24.76,23.5,24.28,24.31,24.79,24.75,25.62,24.33,24.14
2025-10-18T07:00,2025-10-18,7,25.76,26.27,24.63,25.46,25.81,26.02,25.78,26.37,25.74,25.17
2025-10-18T08:00,2025-10-18,8,27.54,28.24,26.15,27.05,27.57,27.6,27.58,27.64,27.85,26.9
2025-10-18T09:00,2025-10-18,9,29.29,30.06,27.77,28.6,29.26,29.19,29.42,28.85,29.88,28.84
2025-10-18T10:00,2025-10-18,10,30.62,31.32,29.22,30.06,30.54,30.5,30.82,29.78,31.18,30.29
2025-10-18T11:00,2025-10-18,11,31.47,32.08,30.2,31.05,31.41,31.5,31.61,30.5,32.03,31.17
2025-10-18T12:00,2025-10-18,12,31.97,32.65,30.64,31.89,31.77,32.22,31.8,31.02,32.37,31.54
2025-10-18T13:00,2025-10-18,13,32.37,32.98,31.17,32.2,32.2,32.92,32.17,31.34,32.82,31.95
2025-10-18T14:00,2025-10-18,14,32.44,33.04,31.04,32.25,32.28,33.16,32.25,31.4,32.92,32.05
2025-10-18T15:00,2025-10-18,15,32.07,32.77,29.14,32.04,32.1,32.75,32.03,31.28,32.71,31.95
2025-10-18T16:00,2025-10-18,16,31.18,32.1,25.94,31.41,31.39,32.0,30.74,31.0,32.13,31.48
2025-10-18T17:00,2025-10-18,17,29.8,30.52,24.97,30.13,29.86,30.35,29.74,29.63,30.77,30.13
2025-10-18T18:00,2025-10-18,18,28.57,29.08,25.47,28.93,28.27,28.92,28.09,28.64,29.32,28.88
2025-10-18T19:00,2025-10-18,19,27.82,28.22,25.12,27.94,27.81,28.21,27.39,27.98,28.52,28.07
2025-10-18T20:00,2025-10-18,20,27.14,27.41,24.86,27.33,26.85,27.43,26.98,27.27,27.83,27.4
2025-10-18T21:00,2025-10-18,21,26.59,26.83,24.7,26.75,26.14,27.19,26.48,26.49,26.98,26.99
2025-10-18T22:00,2025-10-18,22,26.08,26.22,24.57,26.12,25.8,26.62,26.09,25.95,26.27,26.61
2025-10-18T23:00,2025-10-18,23,25.65,25.84,24.57,25.5,25.25,26.05,25.7,25.74,25.71,26.07
2025-10-19T00:00,2025-10-19,0,25.5,25.73,25.11,25.44,25.04,25.89,25.81,24.85,25.38,25.51
2025-10-19T01:00,2025-10-19,1,25.31,25.61,24.99,24.86,25.09,25.74,25.59,24.59,25.4,25.22
2025-10-19T02:00,2025-10-19,2,24.87,25.13,24.2,24.54,24.83,25.36,24.77,24.29,25.14,24.91
2025-10-19T03:00,2025-10-19,3,24.53,24.68,23.98,24.44,24.39,25.01,24.46,24.15,24.81,24.42
2025-10-19T04:00,2025-10-19,4,24.24,24.32,23.96,24.13,24.03,24.86,24.28,23.9,24.46,24.02
2025-10-19T05:00,2025-10-19,5,23.98,23.87,23.94,23.84,23.57,24.53,24.39,23.88,24.21,23.71
2025-10-19T06:00,2025-10-19,6,24.38,24.19,24.32,24.6,23.86,24.45,25.1,24.7,24.54,23.92
2025-10-19T07:00,2025-10-19,7,25.78,26.0,25.31,25.75,25.51,26.08,26.31,25.49,25.94,25.07
2025-10-19T08:00,2025-10-19,8,27.73,28.4,26.74,27.49,27.56,27.94,28.03,26.9,28.02,26.86
2025-10-19T09:00,2025-10-19,9,29.52,30.39,27.91,29.16,29.3,29.48,29.89,28.43,30.1,28.74
2025-10-19T10:00,2025-10-19,10,30.89,31.79,28.72,30.43,30.8,30.77,31.29,29.91,31.61,30.26
2025-10-19T11:00,2025-10-19,11,31.79,32.59,29.49,31.41,31.68,31.93,32.1,30.8,32.63,31.25
2025-10-19T12:00,2025-10-19,12,32.32,33.1,30.07,31.92,32.18,32.18,32.81,31.41,33.23,31.65
2025-10-19T13:00,2025-10-19,13,32.6,33.27,30.53,32.01,32.61,32.75,33.14,31.22,33.6,32.11
2025-10-19T14:00,2025-10-19,14,32.43,33.22,30.14,31.4,32.62,32.98,33.15,29.59,33.72,32.16
2025-10-19T15:00,2025-10-19,15,32.01,32.86,29.01,30.8,32.27,32.71,32.89,29.01,33.46,31.94
2025-10-19T16:00,2025-10-19,16,31.3,32.11,28.51,29.85,31.38,32.16,32.25,29.2,32.59,31.12
2025-10-19T17:00,2025-10-19,17,29.71,30.29,27.21,28.51,29.8,30.38,30.64,28.52,30.77,29.55
2025-10-19T18:00,2025-10-19,18,28.3,28.83,26.31,26.89,27.95,28.75,29.48,27.63,29.11,28.28
2025-10-19T19:00,2025-10-19,19,27.56,27.8,25.86,26.77,27.13,28.24,28.51,27.12,28.24,27.53
2025-10-19T20:00,2025-10-19,20,26.89,26.85,25.38,26.34,26.31,28.16,27.8,26.73,27.37,26.97
2025-10-19T21:00,2025-10-19,21,26.37,26.36,25.12,26.06,25.76,27.47,27.03,26.44,26.68,26.43
2025-10-19T22:00,2025-10-19,22,25.83,25.7,24.8,25.68,25.25,26.72,26.57,26.21,26.02,25.82
2025-10-19T23:00,2025-10-19,23,25.32,25.07,24.53,25.29,24.85,26.29,25.82,25.91,25.5,25.35
2025-10-20T00:00,2025-10-20,0,25.31,24.86,25.24,25.63,24.69,25.92,25.52,26.12,25.49,25.32
2025-10-20T01:00,2025-10-20,1,25.23,24.67,25.25,25.73,24.56,25.99,25.43,26.08,25.55,25.08
2025-10-20T02:00,2025-10-20,2,24.87,24.25,25.17,25.65,24.04,25.58,25.13,25.97,25.13,24.3
2025-10-20T03:00,2025-10-20,3,24.64,24.05,25.09,25.58,23.75,25.17,25.0,25.86,24.85,23.78
2025-10-20T04:00,2025-10-20,4,24.44,23.79,25.05,25.46,23.48,24.85,24.93,25.7,24.73,23.35
2025-10-20T05:00,2025-10-20,5,24.22,23.49,24.87,25.36,23.36,24.71,24.65,25.52,24.61,22.97
2025-10-20T06:00,2025-10-20,6,24.44,23.76,25.21,25.42,23.38,24.44,24.83,26.13,24.61,23.78
2025-10-20T07:00,2025-10-20,7,25.73,25.52,26.14,26.0,25.04,25.94,25.88,26.6,25.98,25.04
2025-10-20T08:00,2025-10-20,8,27.63,27.88,27.53,27.12,27.18,28.05,27.81,27.69,28.06,26.99
2025-10-20T09:00,2025-10-20,9,29.64,30.08,29.18,29.09,29.17,30.0,29.91,29.04,30.24,28.94
2025-10-20T10:00,2025-10-20,10,31.16,31.77,30.18,30.73,30.69,31.5,31.55,30.24,31.76,30.41
2025-10-20T11:00,2025-10-20,11,32.18,32.87,30.91,31.95,31.74,32.52,32.56,31.05,32.78,31.32
2025-10-20T12:00,2025-10-20,12,32.81,33.52,31.66,32.73,32.54,32.91,33.14,31.6,33.38,31.76
2025-10-20T13:00,2025-10-20,13,33.07,33.79,31.92,32.74,32.92,33.23,33.45,31.87,33.66,32.07
2025-10-20T14:00,2025-10-20,14,33.06,33.74,32.02,32.61,32.95,33.15,33.57,31.78,33.7,32.14
2025-10-20T15:00,2025-10-20,15,32.75,33.32,31.37,32.47,32.62,33.04,33.4,31.11,33.45,31.94
2025-10-20T16:00,2025-10-20,16,31.92,32.34,30.3,31.48,32.23,32.24,32.59,30.87,32.64,31.28
2025-10-20T17:00,2025-10-20,17,30.18,30.47,28.97,30.03,29.99,30.16,30.79,29.6,30.74,29.75
2025-10-20T18:00,2025-10-20,18,28.65,28.88,26.87,28.44,28.19,29.09,29.33,28.41,29.37,28.34
2025-10-20T19:00,2025-10-20,19,27.75,27.6,26.31,27.79,27.19,28.5,28.34,28.02,28.55,27.5
2025-10-20T20:00,2025-10-20,20,26.96,26.6,25.87,27.21,26.43,27.96,27.54,27.37,27.61,26.68
2025-10-20T21:00,2025-10-20,21,26.38,26.07,25.44,26.58,25.82,27.41,26.83,26.99,26.84,26.09
2025-10-20T22:00,2025-10-20,22,25.87,25.69,25.31,26.08,25.37,26.84,25.99,26.51,26.08,25.57
2025-10-20T23:00,2025-10-20,23,25.29,24.93,25.1,25.61,24.95,26.29,25.48,25.8,25.46,24.94
2025-10-21T00:00,2025-10-21,0,24.91,24.44,25.36,25.48,24.38,25.85,25.08,26.01,24.9,24.13
2025-10-21T01:00,2025-10-21,1,24.84,24.53,25.39,25.33,24.36,25.56,25.02,25.86,24.7,23.93
2025-10-21T02:00,2025-10-21,2,24.48,24.14,25.11,24.99,23.97,25.1,24.67,25.56,24.3,23.64
2025-10-21T03:00,2025-10-21,3,24.11,23.69,24.9,24.73,23.43,24.57,24.37,25.3,23.94,23.37
2025-10-21T04:00,2025-10-21,4,23.8,23.31,24.72,24.62,22.94,24.15,24.12,25.09,23.6,23.0
2025-10-21T05:00,2025-10-21,5,23.62,23.1,24.95,24.52,22.59,23.86,23.95,25.24,23.3,22.63
2025-10-21T06:00,2025-10-21,6,23.82,23.56,24.82,24.41,22.9,23.99,24.01,25.23,23.73,22.79
2025-10-21T07:00,2025-10-21,7,25.25,25.17,26.38,25.82,24.44,25.6,25.31,26.31,25.05,23.93
2025-10-21T08:00,2025-10-21,8,27.28,27.43,28.09,27.58,26.49,27.69,27.27,27.82,27.21,26.01
2025-10-21T09:00,2025-10-21,9,29.28,29.55,29.35,29.63,28.44,29.74,29.28,29.38,29.38,28.25
2025-10-21T10:00,2025-10-21,10,30.86,31.28,30.37,31.12,30.12,31.34,30.89,30.69,31.03,29.97
2025-10-21T11:00,2025-10-21,11,31.89,32.42,31.24,31.88,31.43,32.27,32.0,31.5,32.03,31.07
2025-10-21T12:00,2025-10-21,12,32.48,32.99,31.96,32.26,32.12,32.64,32.77,31.93,32.73,31.7
2025-10-21T13:00,2025-10-21,13,32.82,33.28,32.36,32.51,32.5,32.99,33.14,32.2,33.18,32.06
2025-10-21T14:00,2025-10-21,14,32.8,33.21,32.02,32.37,32.51,33.14,33.23,32.14,33.32,32.13
2025-10-21T15:00,2025-10-21,15,32.56,32.98,31.38,32.04,32.31,33.09,33.1,31.84,33.19,31.99
2025-10-21T16:00,2025-10-21,16,31.86,32.24,30.36,31.34,31.81,32.48,32.4,31.39,32.38,31.36
2025-10-21T17:00,2025-10-21,17,30.16,30.38,28.83,29.87,30.23,30.58,30.58,30.33,30.46,29.77
2025-10-21T18:00,2025-10-21,18,28.8,28.86,28.38,29.05,28.48,29.08,29.29,29.15,28.88,28.0
2025-10-21T19:00,2025-10-21,19,28.0,27.96,27.86,28.39,27.61,28.34,28.35,28.63,27.95,27.21
2025-10-21T20:00,2025-10-21,20,27.24,27.11,27.35,27.72,26.51,27.7,27.78,27.84,27.08,26.45
2025-10-21T21:00,2025-10-21,21,26.62,26.43,26.78,27.34,25.92,27.34,27.03,27.06,26.34,25.85
2025-10-21T22:00,2025-10-21,22,26.13,25.92,26.41,26.8,25.59,26.98,26.56,26.61,25.71,25.3
2025-10-21T23:00,2025-10-21,23,25.5,25.16,25.86,26.16,25.12,26.29,25.85,26.24,25.12,24.77
2025-10-22T00:00,2025-10-22,0,25.07,24.62,25.71,26.02,24.77,26.16,25.26,25.74,24.52,24.3
2025-10-22T01:00,2025-10-22,1,24.99,24.66,25.6,26.11,24.68,25.98,24.99,25.63,24.4,24.05
2025-10-22T02:00,2025-10-22,2,24.58,24.37,25.34,25.67,24.17,25.46,24.5,25.36,23.99,23.42
2025-10-22T03:00,2025-10-22,3,24.23,24.0,25.08,25.38,23.82,25.13,23.99,25.19,23.62,22.99
2025-10-22T04:00,2025-10-22,4,23.88,23.57,24.83,25.16,23.5,24.83,23.63,25.01,23.26,22.53
2025-10-22T05:00,2025-10-22,5,23.54,23.19,24.49,24.87,23.21,24.51,23.25,24.76,22.88,22.22
2025-10-22T06:00,2025-10-22,6,23.79,23.41,24.97,25.12,23.57,24.61,23.44,25.19,23.16,22.34
2025-10-22T07:00,2025-10-22,7,25.37,25.25,26.26,26.73,25.16,26.3,24.99,26.42,24.68,23.66
2025-10-22T08:00,2025-10-22,8,27.57,27.76,28.16,28.66,27.1,28.46,27.09,28.08,27.17,25.87
2025-10-22T09:00,2025-10-22,9,29.62,30.05,30.04,30.31,28.89,30.23,29.24,29.72,29.44,28.11
2025-10-22T10:00,2025-10-22,10,31.13,31.64,31.17,31.62,30.34,31.65,30.93,31.01,31.04,29.8
2025-10-22T11:00,2025-10-22,11,32.06,32.58,31.96,32.32,31.52,32.55,31.99,31.77,32.04,30.85
2025-10-22T12:00,2025-10-22,12,32.33,32.76,32.41,32.5,31.82,32.51,32.31,32.0,32.39,31.33
2025-10-22T13:00,2025-10-22,13,32.73,33.15,32.54,32.87,32.31,32.98,32.72,32.32,32.93,31.8
2025-10-22T14:00,2025-10-22,14,32.77,33.16,32.51,32.79,32.26,33.08,32.84,32.41,33.04,31.96
2025-10-22T15:00,2025-10-22,15,32.4,32.91,30.83,31.94,32.09,32.96,32.66,32.36,32.87,31.91
2025-10-22T16:00,2025-10-22,16,31.87,32.43,30.55,31.41,31.52,32.35,32.05,31.98,32.18,31.4
2025-10-22T17:00,2025-10-22,17,30.27,30.71,29.11,30.2,29.88,30.67,30.42,30.67,30.17,29.88
2025-10-22T18:00,2025-10-22,18,28.82,29.19,27.71,28.4,28.64,29.31,29.15,29.32,28.99,28.2
2025-10-22T19:00,2025-10-22,19,28.06,28.33,27.23,27.97,28.01,28.47,28.4,28.66,28.03,27.31
2025-10-22T20:00,2025-10-22,20,27.42,27.6,26.9,27.61,27.28,27.93,27.67,28.27,27.02,26.66
2025-10-22T21:00,2025-10-22,21,26.88,26.9,26.66,27.26,26.64,27.54,27.17,27.7,26.34,26.22
2025-10-22T22:00,2025-10-22,22,26.29,26.33,26.19,26.7,25.88,27.19,26.54,27.17,25.51,25.7
2025-10-22T23:00,2025-10-22,23,25.84,25.91,25.88,26.22,25.36,26.84,25.97,26.81,25.08,25.14
2025-10-23T00:00,2025-10-23,0,25.58,25.79,25.06,26.28,24.93,26.66,25.62,26.91,24.69,24.71
2025-10-23T01:00,2025-10-23,1,25.34,25.58,24.32,26.16,25.0,26.7,25.31,26.6,24.41,24.42
2025-10-23T02:00,2025-10-23,2,24.89,25.11,23.87,25.94,24.6,25.95,24.87,26.26,23.95,23.86
2025-10-23T03:00,2025-10-23,3,24.45,24.65,23.73,25.25,24.35,25.14,24.52,25.85,23.57,23.46
2025-10-23T04:00,2025-10-23,4,23.99,24.19,23.44,24.28,24.06,24.73,24.25,25.38,23.21,23.03
2025-10-23T05:00,2025-10-23,5,23.72,23.82,23.38,23.99,23.89,24.34,24.1,25.07,22.94,22.75
2025-10-23T06:00,2025-10-23,6,24.1,24.34,23.79,24.53,24.25,24.5,24.31,25.47,23.25,22.92
2025-10-23T07:00,2025-10-23,7,25.41,25.87,24.77,25.61,25.69,25.49,25.59,26.72,24.72,24.16
2025-10-23T08:00,2025-10-23,8,27.42,27.97,26.55,27.26,27.7,27.06,27.58,28.19,27.37,26.42
2025-10-23T09:00,2025-10-23,9,29.33,29.94,28.36,29.08,29.05,28.67,29.6,29.46,29.68,28.66
2025-10-23T10:00,2025-10-23,10,30.81,31.4,29.72,30.71,30.3,30.11,31.14,30.48,31.34,30.28
2025-10-23T11:00,2025-10-23,11,31.71,32.26,30.93,31.89,31.0,31.21,31.93,31.41,32.1,30.99
2025-10-23T12:00,2025-10-23,12,32.03,32.38,31.93,32.65,31.45,31.48,32.1,31.81,32.2,31.11
2025-10-23T13:00,2025-10-23,13,32.44,32.92,32.35,32.97,31.92,32.12,32.56,32.01,32.57,31.25
2025-10-23T14:00,2025-10-23,14,32.41,32.97,32.46,32.18,32.05,32.37,32.54,32.06,32.62,31.26
2025-10-23T15:00,2025-10-23,15,32.0,32.56,31.56,31.52,31.63,32.32,32.29,31.64,32.41,30.94
2025-10-23T16:00,2025-10-23,16,31.28,31.89,30.26,30.76,31.18,31.67,31.79,30.58,31.77,30.18
2025-10-23T17:00,2025-10-23,17,29.72,30.33,28.76,29.34,29.49,30.06,30.24,29.26,30.01,28.68
2025-10-23T18:00,2025-10-23,18,27.96,28.03,27.32,28.28,27.72,27.49,28.78,27.68,28.38,27.25
2025-10-23T19:00,2025-10-23,19,27.38,27.38,27.22,27.61,27.22,27.34,27.97,27.16,27.45,26.8
2025-10-23T20:00,2025-10-23,20,26.81,26.82,26.41,27.18,26.62,26.96,27.3,26.67,26.64,26.52
2025-10-23T21:00,2025-10-23,21,26.26,26.23,25.85,26.63,26.04,26.5,26.73,26.47,25.91,26.11
2025-10-23T22:00,2025-10-23,22,25.78,25.77,25.33,26.1,25.4,26.22,26.21,26.16,25.39,25.55
2025-10-23T23:00,2025-10-23,23,25.32,25.43,25.02,25.82,24.9,25.8,25.53,25.86,24.65,24.97
2025-10-24T00:00,2025-10-24,0,25.0,24.92,24.57,25.79,24.75,26.05,25.15,26.01,24.19,24.46
2025-10-24T01:00,2025-10-24,1,24.81,24.71,24.36,25.54,24.55,25.92,24.92,25.67,24.05,24.39
2025-10-24T02:00,2025-10-24,2,24.47,24.29,24.25,25.13,24.17,25.34,24.6,25.47,23.77,24.17
2025-10-24T03:00,2025-10-24,3,24.04,23.99,23.44,24.54,23.66,24.83,24.28,25.34,23.35,23.71
2025-10-24T04:00,2025-10-24,4,23.72,23.74,23.44,24.04,23.15,24.21,23.99,25.28,22.98,23.35
2025-10-24T05:00,2025-10-24,5,23.43,23.47,23.07,23.84,22.88,24.03,23.72,25.12,22.58,23.0
2025-10-24T06:00,2025-10-24,6,23.95,24.27,23.72,24.47,23.29,24.36,24.15,25.54,22.97,23.05
2025-10-24T07:00,2025-10-24,7,25.09,25.74,24.69,25.29,24.54,25.04,25.53,25.66,24.26,24.13
2025-10-24T08:00,2025-10-24,8,27.07,28.1,26.27,26.78,26.31,26.39,27.55,26.77,26.87,26.31
2025-10-24T09:00,2025-10-24,9,28.96,29.91,28.03,28.45,28.46,27.99,29.54,28.17,29.17,28.44
2025-10-24T10:00,2025-10-24,10,30.39,31.17,29.64,29.85,29.88,29.47,30.89,29.41,30.79,30.07
2025-10-24T11:00,2025-10-24,11,31.25,31.89,30.75,30.94,30.75,30.38,31.6,30.39,31.63,30.94
2025-10-24T12:00,2025-10-24,12,31.51,31.99,31.35,31.53,31.01,31.28,31.68,30.7,31.74,30.9
2025-10-24T13:00,2025-10-24,13,31.9,32.37,31.42,31.92,31.38,31.81,32.13,31.06,32.2,31.31
2025-10-24T14:00,2025-10-24,14,31.84,32.4,30.84,31.57,31.52,31.74,32.18,31.0,32.27,31.4
2025-10-24T15:00,2025-10-24,15,31.58,32.3,30.42,31.06,31.24,31.37,31.72,30.9,32.13,31.21
2025-10-24T16:00,2025-10-24,16,30.87,31.64,29.95,30.45,30.63,30.69,30.72,29.15,31.57,30.65
2025-10-24T17:00,2025-10-24,17,29.39,30.03,28.39,29.1,29.25,29.12,29.29,27.92,30.01,29.27
2025-10-24T18:00,2025-10-24,18,27.75,28.47,26.81,26.89,27.58,27.68,27.79,26.24,28.57,27.53
2025-10-24T19:00,2025-10-24,19,27.05,27.47,26.53,26.57,26.77,27.08,27.18,25.75,27.65,26.96
2025-10-24T20:00,2025-10-24,20,26.44,26.75,26.08,26.07,26.37,26.64,26.59,25.46,26.63,26.42
2025-10-24T21:00,2025-10-24,21,25.85,25.98,25.36,25.71,25.75,26.08,26.07,25.22,26.0,25.89
2025-10-24T22:00,2025-10-24,22,25.35,25.29,25.16,25.38,25.28,25.58,25.61,25.04,25.39,25.37
2025-10-24T23:00,2025-10-24,23,24.91,24.79,24.73,25.09,24.67,25.28,25.23,24.81,24.88,24.85
2025-10-25T00:00,2025-10-25,0,24.55,24.38,24.56,24.79,24.27,25.0,24.96,24.71,24.5,24.18
2025-10-25T01:00,2025-10-25,1,24.23,24.05,24.26,24.46,24.12,24.76,24.69,24.49,24.15,23.62
2025-10-25T02:00,2025-10-25,2,23.87,23.64,23.98,24.16,23.75,24.56,24.4,24.3,23.56,23.25
2025-10-25T03:00,2025-10-25,3,23.54,23.33,23.69,23.87,23.2,24.07,24.17,24.11,23.21,22.94
2025-10-25T04:00,2025-10-25,4,23.28,23.09,23.47,23.63,22.71,23.8,23.97,23.98,22.92,22.7
2025-10-25T05:00,2025-10-25,5,23.05,22.91,23.3,23.31,22.41,23.36,23.78,23.92,22.6,22.53
2025-10-25T06:00,2025-10-25,6,23.74,23.58,24.15,24.62,23.0,24.12,24.1,25.07,22.76,23.16
2025-10-25T07:00,2025-10-25,7,24.92,24.96,25.73,25.66,24.48,25.12,25.02,25.86,24.19,23.78
2025-10-25T08:00,2025-10-25,8,27.0,27.34,27.85,27.39,26.53,26.72,27.15,27.05,27.11,25.2
2025-10-25T09:00,2025-10-25,9,29.0,29.72,29.47,29.25,28.54,28.45,29.46,28.44,29.49,26.45
2025-10-25T10:00,2025-10-25,10,30.41,31.18,30.53,30.57,29.9,29.72,30.94,29.8,30.94,28.1
2025-10-25T11:00,2025-10-25,11,31.26,31.99,31.21,31.4,30.66,30.62,31.71,30.62,31.7,29.51
2025-10-25T12:00,2025-10-25,12,31.62,32.31,31.64,31.9,30.68,31.2,32.06,31.1,31.77,30.09
2025-10-25T13:00,2025-10-25,13,32.04,32.69,32.02,32.27,31.22,31.88,32.45,31.4,32.11,30.68
2025-10-25T14:00,2025-10-25,14,32.15,32.71,32.19,32.38,31.3,31.98,32.55,31.49,32.29,30.95
2025-10-25T15:00,2025-10-25,15,31.99,32.44,32.14,32.19,31.18,31.85,32.35,31.4,32.11,30.93
2025-10-25T16:00,2025-10-25,16,31.42,31.8,31.06,31.69,30.72,31.38,31.91,30.73,31.72,30.51
2025-10-25T17:00,2025-10-25,17,29.85,30.05,29.28,30.19,29.23,29.47,30.42,29.37,30.29,29.21
2025-10-25T18:00,2025-10-25,18,28.2,28.55,28.02,28.49,27.48,27.95,28.62,27.58,28.41,27.49
2025-10-25T19:00,2025-10-25,19,27.39,27.7,27.31,27.68,26.63,27.15,27.81,26.73,27.74,26.57
2025-10-25T20:00,2025-10-25,20,26.65,27.0,26.57,26.86,25.75,26.5,27.11,26.11,26.99,25.75
2025-10-25T21:00,2025-10-25,21,26.06,26.39,26.04,26.27,25.15,26.14,26.56,25.78,26.4,24.86
2025-10-25T22:00,2025-10-25,22,25.58,25.79,25.44,25.85,24.6,25.93,26.11,25.39,26.03,24.4
2025-10-25T23:00,2025-10-25,23,25.18,25.3,24.9,25.49,24.21,25.59,25.83,25.18,25.58,24.04
2025-10-26T00:00,2025-10-26,0,25.13,24.94,24.87,25.58,24.74,25.59,25.64,25.46,25.61,24.06
2025-10-26T01:00,2025-10-26,1,24.92,24.59,24.55,25.49,24.52,25.19,25.49,25.14,25.59,24.01
2025-10-26T02:00,2025-10-26,2,24.57,24.21,24.0,25.0,24.18,24.59,25.21,24.99,25.49,23.78
2025-10-26T03:00,2025-10-26,3,24.3,23.96,23.81,24.57,24.23,24.32,24.88,24.76,25.1,23.55
2025-10-26T04:00,2025-10-26,4,24.06,23.72,23.32,24.33,23.69,24.2,24.78,24.6,25.0,23.28
2025-10-26T05:00,2025-10-26,5,23.93,23.73,23.14,24.24,23.46,24.13,24.62,24.46,24.79,22.99
2025-10-26T06:00,2025-10-26,6,23.77,23.62,22.91,23.99,23.48,23.87,24.46,24.41,24.67,22.64
2025-10-26T07:00,2025-10-26,7,24.84,25.05,24.08,25.27,24.55,25.07,25.39,25.66,25.18,23.08
2025-10-26T08:00,2025-10-26,8,26.72,27.58,25.85,27.28,26.14,27.03,27.26,27.3,26.36,24.37
2025-10-26T09:00,2025-10-26,9,28.61,29.74,27.86,29.11,27.88,28.93,29.11,28.77,28.08,26.06
2025-10-26T10:00,2025-10-26,10,30.04,31.0,29.51,30.5,29.28,30.11,30.59,29.99,29.7,27.83
2025-10-26T11:00,2025-10-26,11,30.94,31.74,30.75,31.38,30.27,30.79,31.31,30.75,30.64,29.2
2025-10-26T12:00,2025-10-26,12,31.57,32.23,31.56,31.96,30.89,31.39,31.96,31.2,31.37,30.06
2025-10-26T13:00,2025-10-26,13,31.97,32.49,32.05,32.35,31.3,31.8,32.36,31.45,32.01,30.58
2025-10-26T14:00,2025-10-26,14,32.1,32.52,32.33,32.44,31.4,32.08,32.46,31.53,32.25,30.76
2025-10-26T15:00,2025-10-26,15,31.9,32.26,32.05,32.23,31.16,31.96,32.28,31.24,32.06,30.74
2025-10-26T16:00,2025-10-26,16,31.31,31.59,31.13,31.66,30.5,31.37,31.78,30.84,31.59,30.34
2025-10-26T17:00,2025-10-26,17,29.86,30.25,29.22,29.97,28.85,29.77,30.46,29.75,30.16,29.15
2025-10-26T18:00,2025-10-26,18,28.6,28.88,27.98,28.77,27.83,28.92,29.06,28.22,28.86,27.95
2025-10-26T19:00,2025-10-26,19,27.91,28.14,27.71,27.97,27.3,28.33,28.25,27.68,28.03,27.21
2025-10-26T20:00,2025-10-26,20,27.3,27.54,27.15,27.49,26.68,27.44,27.65,27.12,27.31,26.64
2025-10-26T21:00,2025-10-26,21,26.76,26.99,26.74,26.99,26.0,27.0,27.15,26.53,26.62,26.18
2025-10-26T22:00,2025-10-26,22,26.28,26.55,25.93,26.53,25.65,26.62,26.75,26.23,26.05,25.66
2025-10-26T23:00,2025-10-26,23,25.87,26.17,25.35,25.93,25.09,26.25,26.48,25.93,25.7,25.33
2025-10-27T00:00,2025-10-27,0,25.48,25.73,24.92,25.43,24.51,25.72,26.14,25.72,25.44,25.18
2025-10-27T01:00,2025-10-27,1,25.15,25.42,24.64,25.05,24.17,25.23,25.67,25.43,25.11,25.04
2025-10-27T02:00,2025-10-27,2,24.86,25.12,24.46,24.86,23.87,24.76,25.31,25.05,24.88,24.69
2025-10-27T03:00,2025-10-27,3,24.64,24.83,24.24,24.66,23.63,24.34,25.06,24.99,24.77,24.61
2025-10-27T04:00,2025-10-27,4,24.37,24.46,23.92,24.39,23.45,24.1,24.84,24.76,24.53,24.45
2025-10-27T05:00,2025-10-27,5,24.13,24.11,23.66,24.13,23.34,23.99,24.61,24.52,24.32,24.25
2025-10-27T06:00,2025-10-27,6,23.94,23.89,23.32,23.96,23.22,23.94,24.44,24.59,24.18,23.94
2025-10-27T07:00,2025-10-27,7,25.12,25.22,25.01,25.42,24.48,25.19,25.54,26.03,25.09,24.17
2025-10-27T08:00,2025-10-27,8,27.17,27.61,27.68,27.63,26.63,27.11,27.53,27.86,26.97,25.06
2025-10-27T09:00,2025-10-27,9,29.13,29.89,29.61,29.67,28.51,28.97,29.51,29.49,28.8,26.52
2025-10-27T10:00,2025-10-27,10,30.68,31.49,31.02,31.2,30.07,30.56,31.04,30.72,30.62,27.93
2025-10-27T11:00,2025-10-27,11,31.62,32.37,32.04,32.13,31.09,31.61,31.91,31.42,31.7,28.93
2025-10-27T12:00,2025-10-27,12,32.23,32.96,32.74,32.74,31.56,32.5,32.38,31.99,32.07,29.8
2025-10-27T13:00,2025-10-27,13,32.52,33.28,33.03,33.03,31.89,32.85,32.55,32.19,32.43,30.07
2025-10-27T14:00,2025-10-27,14,32.52,33.25,32.84,32.98,31.86,32.89,32.63,32.18,32.46,30.28
2025-10-27T15:00,2025-10-27,15,32.3,32.87,32.45,32.81,31.73,32.7,32.39,31.98,32.28,30.36
2025-10-27T16:00,2025-10-27,16,31.67,32.2,31.27,32.14,31.15,32.08,31.76,31.55,31.82,29.99
2025-10-27T17:00,2025-10-27,17,30.2,30.62,29.73,30.61,29.46,30.39,30.65,30.12,30.2,28.98
2025-10-27T18:00,2025-10-27,18,28.84,29.15,28.95,29.35,28.11,28.93,29.23,28.68,28.78,27.66
2025-10-27T19:00,2025-10-27,19,28.13,28.38,28.5,28.81,27.22,28.26,28.61,28.12,27.93,26.74
2025-10-27T20:00,2025-10-27,20,27.4,27.71,27.69,28.02,26.33,27.76,28.2,27.54,26.95,25.82
2025-10-27T21:00,2025-10-27,21,26.78,27.04,26.79,27.44,25.86,27.26,27.66,27.06,26.3,25.25
2025-10-27T22:00,2025-10-27,22,26.28,26.58,26.22,26.81,25.3,26.93,27.09,26.53,25.9,24.74
2025-10-27T23:00,2025-10-27,23,25.83,26.02,25.92,26.36,24.9,26.61,26.36,26.34,25.51,24.36
2025-10-28T00:00,2025-10-28,0,25.7,25.78,25.87,26.24,24.98,26.38,26.35,26.74,25.23,24.19
2025-10-28T01:00,2025-10-28,1,25.47,25.62,25.75,25.8,24.64,26.13,26.26,26.2,24.92,24.07
2025-10-28T02:00,2025-10-28,2,25.04,25.18,25.12,25.43,24.18,25.81,25.89,25.82,24.41,23.77
2025-10-28T03:00,2025-10-28,3,24.69,24.82,24.78,25.08,23.81,25.28,25.55,25.6,24.03,23.47
2025-10-28T04:00,2025-10-28,4,24.34,24.44,24.47,24.81,23.41,25.04,25.13,25.21,23.61,23.2
2025-10-28T05:00,2025-10-28,5,24.05,24.1,24.3,24.74,23.17,24.7,24.77,24.95,23.23,22.9
2025-10-28T06:00,2025-10-28,6,24.05,24.09,24.6,24.28,22.93,24.35,25.02,25.15,23.32,23.14
2025-10-28T07:00,2025-10-28,7,25.47,25.78,26.19,26.05,24.17,25.66,26.18,26.16,24.6,24.16
2025-10-28T08:00,2025-10-28,8,27.63,28.15,28.37,28.56,26.34,27.58,28.0,28.21,26.78,25.9
2025-10-28T09:00,2025-10-28,9,29.6,30.28,30.13,30.45,28.52,29.44,29.86,29.79,29.0,27.66
2025-10-28T10:00,2025-10-28,10,31.0,31.74,31.36,31.67,30.19,30.86,31.23,30.79,30.57,29.1
2025-10-28T11:00,2025-10-28,11,31.79,32.48,32.06,32.3,31.1,31.54,32.05,31.4,31.51,30.14
2025-10-28T12:00,2025-10-28,12,32.06,32.66,32.29,32.42,31.25,31.66,32.43,31.77,31.9,30.68
2025-10-28T13:00,2025-10-28,13,32.4,32.98,32.49,32.69,31.53,32.26,32.77,31.9,32.36,31.17
2025-10-28T14:00,2025-10-28,14,32.28,32.61,31.94,32.62,31.55,32.25,32.84,31.79,32.47,31.3
2025-10-28T15:00,2025-10-28,15,31.71,31.68,31.35,32.13,31.28,32.09,32.15,31.04,32.07,31.15
2025-10-28T16:00,2025-10-28,16,30.81,30.63,30.54,31.21,30.77,31.58,31.03,28.99,31.41,30.64
2025-10-28T17:00,2025-10-28,17,29.41,29.45,28.99,29.7,29.28,29.84,29.66,27.68,29.96,29.14
2025-10-28T18:00,2025-10-28,18,28.12,28.55,27.36,27.91,28.07,28.78,27.78,27.49,28.32,27.88
2025-10-28T19:00,2025-10-28,19,27.59,28.07,27.29,27.47,27.3,28.37,27.29,26.96,27.67,26.95
2025-10-28T20:00,2025-10-28,20,27.04,27.45,26.52,26.92,26.62,27.84,26.87,26.67,27.21,26.55
2025-10-28T21:00,2025-10-28,21,26.66,26.94,26.09,26.56,25.98,27.58,26.62,26.55,26.72,26.45
2025-10-28T22:00,2025-10-28,22,26.29,26.56,25.85,26.11,25.5,27.06,26.38,26.41,26.25,26.07
2025-10-28T23:00,2025-10-28,23,25.93,26.08,25.55,25.8,25.09,26.69,25.96,26.13,26.11,25.72
2025-10-29T00:00,2025-10-29,0,26.05,26.24,25.46,26.15,25.11,26.47,26.66,26.55,25.78,25.73
2025-10-29T01:00,2025-10-29,1,25.86,26.05,25.1,25.91,24.94,26.21,26.38,26.18,25.84,25.66
2025-10-29T02:00,2025-10-29,2,25.54,25.63,24.58,25.57,24.88,25.86,25.94,25.96,25.67,25.56
2025-10-29T03:00,2025-10-29,3,25.2,25.22,24.2,25.23,24.65,25.52,25.6,25.89,25.17,25.41
2025-10-29T04:00,2025-10-29,4,24.9,24.9,24.0,24.96,24.57,25.33,25.35,25.8,24.64,24.95
2025-10-29T05:00,2025-10-29,5,24.69,24.7,23.66,24.77,24.32,25.14,25.21,25.64,24.41,24.68
2025-10-29T06:00,2025-10-29,6,24.81,24.58,24.42,24.58,24.16,24.7,25.33,26.29,24.84,25.21
2025-10-29T07:00,2025-10-29,7,25.97,25.99,26.04,26.01,25.34,25.97,26.25,27.15,25.76,25.62
2025-10-29T08:00,2025-10-29,8,27.85,28.41,28.22,28.17,27.53,27.78,27.5,28.51,27.56,26.42
2025-10-29T09:00,2025-10-29,9,29.43,30.35,29.99,29.91,29.23,29.3,28.67,29.34,29.22,27.4
2025-10-29T10:00,2025-10-29,10,30.54,31.49,31.1,30.96,30.36,30.61,29.69,29.97,30.64,28.3
2025-10-29T11:00,2025-10-29,11,31.24,32.14,31.69,31.65,31.03,31.25,30.39,30.59,31.6,29.02
2025-10-29T12:00,2025-10-29,12,31.2,32.1,32.01,31.87,30.76,31.15,30.18,30.93,31.46,28.72
2025-10-29T13:00,2025-10-29,13,31.22,31.69,32.04,32.29,31.07,31.71,29.61,30.95,31.66,29.22
2025-10-29T14:00,2025-10-29,14,30.81,31.19,31.96,32.25,30.26,31.85,27.46,30.11,31.71,29.7
2025-10-29T15:00,2025-10-29,15,29.74,29.74,30.37,31.66,28.93,31.8,26.81,28.2,30.22,29.59
2025-10-29T16:00,2025-10-29,16,28.63,27.94,29.48,30.39,27.71,31.11,26.61,28.06,28.69,29.03
2025-10-29T17:00,2025-10-29,17,27.69,27.25,28.61,28.78,27.25,29.92,26.24,27.47,27.25,27.87
2025-10-29T18:00,2025-10-29,18,26.96,27.23,27.16,27.46,26.73,28.5,25.83,27.19,26.52,26.29
2025-10-29T19:00,2025-10-29,19,26.61,26.88,26.87,27.15,26.09,27.89,25.65,26.76,25.95,26.29
2025-10-29T20:00,2025-10-29,20,26.18,26.41,26.39,26.73,25.72,27.4,25.37,26.47,25.4,25.96
2025-10-29T21:00,2025-10-29,21,25.87,25.88,26.27,26.36,25.59,27.16,25.18,26.31,25.14,25.67
2025-10-29T22:00,2025-10-29,22,25.56,25.53,25.74,25.81,25.51,26.9,25.01,26.05,24.98,25.39
2025-10-29T23:00,2025-10-29,23,25.29,25.33,24.68,25.62,25.37,26.58,24.84,25.79,24.86,25.1
2025-10-30T00:00,2025-10-30,0,25.02,24.78,24.32,24.91,25.38,26.84,25.02,25.85,24.61,24.94
2025-10-30T01:00,2025-10-30,1,24.9,24.79,24.36,24.72,25.23,26.44,24.94,25.42,24.53,24.68
2025-10-30T02:00,2025-10-30,2,24.59,24.6,24.11,24.45,24.92,25.28,24.76,25.17,24.39,24.24
2025-10-30T03:00,2025-10-30,3,24.32,24.41,23.82,24.22,24.48,24.79,24.35,25.0,24.23,23.93
2025-10-30T04:00,2025-10-30,4,24.15,24.29,23.54,24.0,24.14,24.66,24.32,24.64,24.16,23.71
2025-10-30T05:00,2025-10-30,5,24.04,24.17,23.35,23.85,23.99,24.55,24.27,24.68,24.02,23.65
2025-10-30T06:00,2025-10-30,6,24.41,24.71,24.51,24.53,23.8,24.89,24.89,25.52,23.5,23.53
2025-10-30T07:00,2025-10-30,7,25.15,25.32,25.91,25.53,24.92,26.12,25.18,26.36,23.98,23.91
2025-10-30T08:00,2025-10-30,8,26.29,26.48,27.76,26.98,26.51,27.78,25.94,27.55,24.7,24.25
2025-10-30T09:00,2025-10-30,9,27.62,28.18,29.5,28.64,27.66,29.31,27.07,28.39,26.01,24.45
2025-10-30T10:00,2025-10-30,10,28.89,29.81,30.8,29.93,29.03,30.43,28.28,29.0,27.76,24.63
2025-10-30T11:00,2025-10-30,11,29.86,30.89,31.56,30.93,29.92,31.29,29.38,29.75,28.91,25.33
2025-10-30T12:00,2025-10-30,12,29.77,31.09,32.07,30.59,29.76,31.38,29.54,27.96,28.51,25.26
2025-10-30T13:00,2025-10-30,13,30.36,31.58,32.33,31.29,30.1,31.89,29.99,29.32,29.1,26.2
2025-10-30T14:00,2025-10-30,14,30.2,30.82,32.07,31.54,29.58,31.66,29.96,30.14,29.09,26.65
2025-10-30T15:00,2025-10-30,15,29.67,30.01,31.35,30.96,29.32,31.05,29.19,30.17,28.65,26.76
2025-10-30T16:00,2025-10-30,16,28.31,27.79,30.3,28.96,28.8,30.3,27.74,28.93,27.82,26.5
2025-10-30T17:00,2025-10-30,17,27.46,27.35,28.78,27.72,27.57,29.09,27.3,27.66,27.03,25.76
2025-10-30T18:00,2025-10-30,18,26.57,26.11,28.42,27.49,26.54,28.28,26.61,27.02,25.71,24.85
2025-10-30T19:00,2025-10-30,19,26.24,25.99,27.86,27.06,26.22,27.83,26.24,26.83,25.27,24.47
2025-10-30T20:00,2025-10-30,20,25.91,25.72,27.47,26.62,25.95,27.4,25.85,26.59,24.98,24.14
2025-10-30T21:00,2025-10-30,21,25.59,25.43,27.09,26.16,25.23,27.04,25.73,26.32,24.8,23.92
2025-10-30T22:00,2025-10-30,22,25.26,25.06,26.76,25.73,24.7,26.75,25.47,26.01,24.62,23.65
2025-10-30T23:00,2025-10-30,23,25.04,24.8,26.35,25.46,24.52,26.71,25.33,25.67,24.46,23.44
2025-10-31T00:00,2025-10-31,0,25.3,25.33,26.14,25.83,24.66,26.48,25.54,26.06,24.67,23.75
2025-10-31T01:00,2025-10-31,1,25.11,25.24,25.51,25.62,24.44,26.21,25.37,25.71,24.71,23.55
2025-10-31T02:00,2025-10-31,2,24.79,24.98,25.16,25.31,24.07,25.37,25.14,25.61,24.43,23.2
2025-10-31T03:00,2025-10-31,3,24.57,24.85,24.81,25.1,23.86,25.04,24.89,25.34,24.2,22.97
2025-10-31T04:00,2025-10-31,4,24.41,24.69,24.62,24.91,23.77,24.79,24.83,25.01,24.12,22.72
2025-10-31T05:00,2025-10-31,5,24.3,24.61,24.32,24.77,23.57,24.44,24.8,25.17,24.11,22.64
2025-10-31T06:00,2025-10-31,6,24.35,24.51,24.29,24.59,24.02,24.83,25.18,25.53,24.09,22.46
2025-10-31T07:00,2025-10-31,7,25.1,25.25,26.06,25.52,24.68,25.5,25.87,26.42,24.53,22.72
2025-10-31T08:00,2025-10-31,8,26.59,27.05,28.35,27.31,25.92,27.04,27.24,27.87,25.49,23.31
2025-10-31T09:00,2025-10-31,9,28.04,28.84,29.78,29.09,27.39,28.6,28.72,29.16,26.61,23.92
2025-10-31T10:00,2025-10-31,10,29.22,30.25,30.91,30.34,28.7,29.76,29.83,30.05,27.83,24.5
2025-10-31T11:00,2025-10-31,11,30.11,31.26,31.64,31.33,29.55,30.53,30.68,30.62,29.16,24.93
2025-10-31T12:00,2025-10-31,12,30.62,31.71,32.0,31.9,29.85,31.13,31.32,31.12,29.95,25.29
2025-10-31T13:00,2025-10-31,13,30.98,31.98,32.33,32.3,30.31,31.38,31.67,31.45,30.57,25.57
2025-10-31T14:00,2025-10-31,14,31.11,32.06,32.41,32.34,30.35,31.21,31.83,31.35,30.92,26.06
2025-10-31T15:00,2025-10-31,15,30.84,31.88,32.0,31.97,29.99,31.12,31.66,31.05,30.62,25.7
2025-10-31T16:00,2025-10-31,16,30.07,31.29,30.97,31.39,28.73,30.66,31.01,30.5,29.19,25.15
2025-10-31T17:00,2025-10-31,17,28.71,29.92,29.02,30.15,27.29,29.5,29.68,28.97,27.41,24.62
2025-10-31T18:00,2025-10-31,18,27.34,28.14,28.01,28.1,26.13,27.95,28.21,27.32,27.04,23.79
2025-10-31T19:00,2025-10-31,19,26.91,27.57,27.46,27.61,25.83,27.55,27.9,26.92,26.54,23.7
2025-10-31T20:00,2025-10-31,20,26.41,26.97,27.03,27.16,25.19,27.26,27.39,26.49,25.99,23.41
2025-10-31T21:00,2025-10-31,21,26.0,26.58,26.57,26.62,25.26,26.96,26.96,26.23,25.17,23.17
2025-10-31T22:00,2025-10-31,22,25.7,26.26,26.47,26.3,24.73,26.54,26.51,26.04,24.93,23.01
2025-10-31T23:00,2025-10-31,23,25.41,26.01,26.09,26.15,24.2,26.16,26.13,25.7,24.57,22.92
2025-11-01T00:00,2025-11-01,0,25.58,26.11,26.18,26.28,24.63,26.27,26.4,25.83,24.84,23.03
2025-11-01T01:00,2025-11-01,1,25.46,26.18,25.62,26.1,24.87,25.64,26.32,25.69,24.84,22.84
2025-11-01T02:00,2025-11-01,2,25.22,25.84,25.19,25.86,24.74,25.44,26.24,25.46,24.62,22.64
2025-11-01T03:00,2025-11-01,3,24.97,25.83,24.6,25.39,24.16,25.03,26.01,25.21,24.46,22.55
2025-11-01T04:00,2025-11-01,4,24.71,25.64,24.37,25.08,23.63,24.83,25.62,25.05,24.21,22.39
2025-11-01T05:00,2025-11-01,5,24.48,25.31,24.14,24.88,23.11,24.74,25.39,24.85,24.11,22.28
2025-11-01T06:00,2025-11-01,6,24.5,25.6,23.61,24.76,22.7,24.96,25.69,25.37,24.11,21.89
2025-11-01T07:00,2025-11-01,7,25.12,26.11,25.52,26.04,22.81,25.28,26.09,26.53,24.21,22.08
2025-11-01T08:00,2025-11-01,8,26.04,26.9,27.96,27.59,23.15,25.53,26.76,28.07,24.6,22.84
2025-11-01T09:00,2025-11-01,9,27.06,28.13,29.58,28.51,24.1,25.67,27.7,29.28,25.39,23.82
2025-11-01T10:00,2025-11-01,10,28.24,29.53,30.68,29.65,25.2,26.4,28.96,30.13,26.78,24.72
2025-11-01T11:00,2025-11-01,11,29.19,30.64,31.28,30.5,26.63,27.13,29.96,30.82,27.86,25.35
2025-11-01T12:00,2025-11-01,12,29.28,30.83,31.53,30.75,26.74,26.87,30.32,31.39,28.07,24.39
2025-11-01T13:00,2025-11-01,13,29.42,30.66,31.67,31.34,27.29,27.82,29.48,31.46,28.8,24.35
2025-11-01T14:00,2025-11-01,14,29.39,30.92,31.58,31.36,27.85,27.84,28.84,31.22,28.41,24.28
2025-11-01T15:00,2025-11-01,15,28.78,29.89,31.0,31.29,27.21,27.89,28.18,30.81,27.39,24.14
2025-11-01T16:00,2025-11-01,16,27.8,27.94,30.07,30.85,26.57,27.94,27.59,30.2,26.17,23.84
2025-11-01T17:00,2025-11-01,17,26.86,26.95,28.7,29.5,25.75,27.14,26.56,28.85,25.73,23.38
2025-11-01T18:00,2025-11-01,18,26.25,26.13,27.54,28.54,25.15,26.56,26.21,28.11,25.24,23.72
2025-11-01T19:00,2025-11-01,19,25.67,25.29,26.61,27.6,24.84,26.1,26.09,27.62,24.86,23.51
2025-11-01T20:00,2025-11-01,20,25.25,24.87,26.01,26.77,24.42,25.97,25.77,27.19,24.58,23.28
2025-11-01T21:00,2025-11-01,21,24.92,24.6,25.63,26.37,24.14,25.37,25.51,26.34,24.39,23.04
2025-11-01T22:00,2025-11-01,22,24.67,24.49,25.38,26.03,23.59,25.21,25.19,25.96,24.08,22.89
2025-11-01T23:00,2025-11-01,23,24.41,24.29,25.17,25.74,23.56,24.55,24.82,25.58,23.89,22.74
2025-11-02T00:00,2025-11-02,0,24.55,24.68,25.3,25.69,23.47,24.04,25.16,25.62,23.98,22.88
2025-11-02T01:00,2025-11-02,1,24.48,24.63,25.26,25.53,23.51,23.85,24.92,25.61,24.05,22.79
2025-11-02T02:00,2025-11-02,2,24.25,24.59,24.87,25.27,23.33,23.48,24.41,25.38,23.92,22.52
2025-11-02T03:00,2025-11-02,3,24.07,24.34,24.77,25.01,23.28,23.49,24.05,25.24,23.83,22.35
2025-11-02T04:00,2025-11-02,4,23.84,24.12,24.58,24.65,23.26,23.24,23.77,25.02,23.65,22.1
2025-11-02T05:00,2025-11-02,5,23.69,23.97,24.21,24.46,23.19,23.04,23.7,24.83,23.63,21.92
2025-11-02T06:00,2025-11-02,6,23.78,24.01,24.45,24.44,23.13,23.03,23.84,24.8,23.61,22.44
2025-11-02T07:00,2025-11-02,7,24.39,24.56,26.06,25.03,23.77,23.6,24.42,25.47,24.0,22.72
2025-11-02T08:00,2025-11-02,8,25.35,25.39,28.07,26.15,24.88,24.51,25.19,26.48,24.76,23.32
2025-11-02T09:00,2025-11-02,9,26.5,26.58,29.56,27.43,25.98,25.04,26.37,27.59,25.91,24.33
2025-11-02T10:00,2025-11-02,10,27.62,27.8,30.47,28.61,26.88,26.31,27.48,28.52,26.92,25.57
2025-11-02T11:00,2025-11-02,11,28.53,28.79,30.95,29.58,27.78,27.54,28.34,29.4,27.67,26.59
2025-11-02T12:00,2025-11-02,12,28.33,28.72,31.21,29.55,27.02,27.89,27.92,29.77,27.08,25.99
2025-11-02T13:00,2025-11-02,13,28.76,29.29,31.35,29.56,27.53,28.78,28.2,30.15,27.62,26.4
2025-11-02T14:00,2025-11-02,14,28.74,29.43,30.61,29.09,27.65,29.12,28.19,29.93,27.55,26.92
2025-11-02T15:00,2025-11-02,15,28.47,29.02,29.96,28.82,27.65,28.53,28.15,29.59,27.41,27.02
2025-11-02T16:00,2025-11-02,16,27.99,28.33,29.03,28.68,27.21,27.75,27.93,29.0,27.15,26.77
2025-11-02T17:00,2025-11-02,17,27.05,27.47,28.09,27.6,26.24,26.94,27.1,27.87,26.23,25.62
2025-11-02T18:00,2025-11-02,18,26.03,26.29,27.67,26.64,25.22,25.22,26.3,27.33,25.26,24.41
2025-11-02T19:00,2025-11-02,19,25.51,25.78,27.23,26.18,24.71,25.07,25.71,26.68,24.62,23.79
2025-11-02T20:00,2025-11-02,20,24.96,25.2,26.47,25.73,24.25,24.79,25.14,26.02,24.03,23.22
2025-11-02T21:00,2025-11-02,21,24.51,24.75,25.81,25.34,23.88,24.4,24.67,25.47,23.55,22.9
2025-11-02T22:00,2025-11-02,22,24.14,24.32,25.43,24.99,23.64,24.1,24.29,25.06,23.19,22.57
2025-11-02T23:00,2025-11-02,23,23.84,24.06,25.27,24.55,23.37,23.72,23.98,24.72,22.89,22.27
2025-11-03T00:00,2025-11-03,0,23.8,23.94,24.85,24.46,23.61,23.98,23.89,24.82,22.92,22.28
2025-11-03T01:00,2025-11-03,1,23.6,23.7,24.79,24.27,23.48,23.73,23.67,24.46,22.77,22.09
2025-11-03T02:00,2025-11-03,2,23.32,23.38,24.51,24.03,23.14,23.62,23.35,24.16,22.48,21.83
2025-11-03T03:00,2025-11-03,3,23.07,23.06,24.39,23.76,22.93,23.64,23.07,23.86,22.21,21.54
2025-11-03T04:00,2025-11-03,4,22.85,22.84,24.28,23.5,22.7,23.47,22.8,23.71,21.98,21.31
2025-11-03T05:00,2025-11-03,5,22.63,22.63,24.12,23.28,22.5,23.36,22.54,23.4,21.75,21.06
2025-11-03T06:00,2025-11-03,6,22.82,22.9,24.25,23.38,22.95,23.57,22.71,23.58,21.87,21.09
2025-11-03T07:00,2025-11-03,7,23.59,23.77,25.25,24.27,23.48,24.02,23.36,24.25,22.61,21.87
2025-11-03T08:00,2025-11-03,8,24.88,25.05,26.45,25.6,24.36,25.04,24.81,25.42,24.24,23.15
2025-11-03T09:00,2025-11-03,9,26.34,26.61,27.91,26.81,25.5,26.05,26.39,26.54,26.05,24.83
2025-11-03T10:00,2025-11-03,10,27.56,27.85,29.13,27.86,26.75,26.87,27.79,27.58,27.38,26.18
2025-11-03T11:00,2025-11-03,11,28.46,28.68,29.91,28.82,27.66,28.11,28.76,28.37,28.26,27.06
2025-11-03T12:00,2025-11-03,12,29.05,29.17,30.4,29.28,28.43,28.73,29.49,28.79,28.93,27.89
2025-11-03T13:00,2025-11-03,13,29.47,29.53,30.9,29.67,28.83,29.65,29.86,29.22,29.23,28.34
2025-11-03T14:00,2025-11-03,14,29.59,29.65,30.79,29.91,28.98,29.99,29.89,29.38,29.26,28.5
2025-11-03T15:00,2025-11-03,15,29.37,29.46,30.32,29.6,28.75,30.04,29.59,29.17,29.03,28.42
2025-11-03T16:00,2025-11-03,16,28.72,28.82,29.65,28.94,27.98,29.45,28.76,28.58,28.31,28.04
2025-11-03T17:00,2025-11-03,17,27.1,27.22,28.23,27.67,26.13,27.65,26.92,27.15,26.4,26.54
2025-11-03T18:00,2025-11-03,18,25.89,25.97,27.08,26.43,25.11,26.56,25.96,26.31,25.04,24.95
2025-11-03T19:00,2025-11-03,19,25.34,25.37,26.77,25.98,24.44,26.41,25.36,25.88,24.37,24.21
2025-11-03T20:00,2025-11-03,20,24.72,24.69,26.31,25.54,23.76,25.9,24.74,25.38,23.67,23.38
2025-11-03T21:00,2025-11-03,21,24.08,23.95,25.95,25.03,23.25,25.36,23.95,24.93,22.98,22.57
2025-11-03T22:00,2025-11-03,22,23.53,23.29,25.52,24.65,22.73,24.83,23.32,24.43,22.52,21.95
2025-11-03T23:00,2025-11-03,23,23.09,22.75,25.18,24.29,22.33,24.38,22.79,24.03,22.17,21.48
2025-11-04T00:00,2025-11-04,0,23.13,22.82,25.1,24.22,22.62,23.84,22.88,24.0,22.32,21.73
2025-11-04T01:00,2025-11-04,1,22.95,22.64,24.93,24.0,22.5,23.73,22.72,23.71,22.13,21.58
2025-11-04T02:00,2025-11-04,2,22.64,22.33,24.76,23.61,22.23,23.59,22.37,23.54,21.79,21.16
2025-11-04T03:00,2025-11-04,3,22.4,22.06,24.61,23.22,22.16,23.41,22.1,23.3,21.63,20.85
2025-11-04T04:00,2025-11-04,4,22.13,21.77,24.39,22.88,22.02,23.18,21.83,22.98,21.35,20.59
2025-11-04T05:00,2025-11-04,5,21.91,21.52,24.17,22.66,21.86,23.14,21.56,22.76,21.0,20.44
2025-11-04T06:00,2025-11-04,6,22.17,21.84,24.15,22.99,21.92,23.56,21.9,23.0,21.11,20.91
2025-11-04T07:00,2025-11-04,7,23.1,22.85,25.09,23.87,22.82,24.41,22.74,23.75,22.02,21.89
2025-11-04T08:00,2025-11-04,8,24.87,24.93,26.46,25.48,24.44,26.02,24.47,25.18,23.88,23.66
2025-11-04T09:00,2025-11-04,9,26.79,26.93,28.35,27.28,26.28,27.93,26.42,26.68,25.9,25.74
2025-11-04T10:00,2025-11-04,10,28.39,28.62,29.79,28.95,27.91,29.49,27.96,28.0,27.54,27.35
2025-11-04T11:00,2025-11-04,11,29.52,29.84,30.85,30.1,29.13,30.76,28.98,29.09,28.62,28.33
2025-11-04T12:00,2025-11-04,12,30.06,30.34,30.95,30.5,29.67,31.46,29.55,29.66,29.28,29.1
2025-11-04T13:00,2025-11-04,13,30.47,30.8,31.12,30.73,30.18,31.96,29.97,30.07,29.79,29.6
2025-11-04T14:00,2025-11-04,14,30.48,30.8,30.2,30.87,30.44,31.82,30.04,30.17,29.94,29.86
2025-11-04T15:00,2025-11-04,15,30.18,30.54,29.68,30.38,30.31,31.16,29.8,29.92,29.73,29.72
2025-11-04T16:00,2025-11-04,16,29.43,29.96,28.02,29.5,29.69,30.54,29.13,29.2,29.04,29.09
2025-11-04T17:00,2025-11-04,17,27.87,28.43,25.81,28.33,28.29,28.96,27.47,27.83,27.35,27.64
2025-11-04T18:00,2025-11-04,18,26.78,26.95,26.72,26.7,27.29,27.85,26.32,27.11,26.19,26.43
2025-11-04T19:00,2025-11-04,19,26.36,26.59,26.48,26.49,26.6,27.52,25.84,26.79,25.66,25.7
2025-11-04T20:00,2025-11-04,20,25.9,26.15,26.19,26.15,26.03,27.09,25.32,26.45,25.17,25.04
2025-11-04T21:00,2025-11-04,21,25.55,25.84,25.94,25.92,25.62,26.66,24.9,26.03,24.84,24.55
2025-11-04T22:00,2025-11-04,22,25.25,25.59,25.7,25.7,25.34,26.25,24.64,25.74,24.49,24.09
2025-11-04T23:00,2025-11-04,23,25.0,25.37,25.65,25.59,25.14,26.0,24.34,25.47,24.19,23.5
2025-11-05T00:00,2025-11-05,0,25.0,25.43,24.9,25.61,25.22,26.46,24.25,25.38,24.33,23.57
2025-11-05T01:00,2025-11-05,1,24.94,25.37,24.92,25.48,25.37,26.25,24.23,25.15,24.3,23.45
2025-11-05T02:00,2025-11-05,2,24.68,25.17,24.64,25.16,25.19,25.86,23.96,24.83,24.05,23.13
2025-11-05T03:00,2025-11-05,3,24.41,25.06,24.35,24.46,25.01,25.73,23.7,24.62,23.76,22.83
2025-11-05T04:00,2025-11-05,4,24.15,24.81,24.26,24.15,25.0,25.38,23.42,24.37,23.44,22.46
2025-11-05T05:00,2025-11-05,5,23.89,24.43,24.23,24.05,24.7,25.19,23.14,24.23,23.18,22.11
2025-11-05T06:00,2025-11-05,6,24.01,24.65,23.8,24.54,24.73,25.23,23.21,24.25,23.24,22.2
2025-11-05T07:00,2025-11-05,7,24.54,25.21,23.84,24.89,25.38,25.87,23.78,24.82,23.87,22.95
2025-11-05T08:00,2025-11-05,8,25.67,26.49,24.62,25.62,26.54,26.39,25.05,25.89,25.23,24.38
2025-11-05T09:00,2025-11-05,9,27.06,28.04,25.44,26.72,28.0,27.07,26.56,27.15,26.82,26.24
2025-11-05T10:00,2025-11-05,10,28.42,29.38,26.52,28.13,29.15,28.08,27.97,28.58,28.25,28.04
2025-11-05T11:00,2025-11-05,11,29.2,29.96,26.94,29.13,29.6,28.95,28.87,29.44,29.21,29.24
2025-11-05T12:00,2025-11-05,12,29.29,29.69,26.67,28.62,29.12,29.24,29.52,29.68,29.93,30.09
2025-11-05T13:00,2025-11-05,13,29.4,29.56,27.37,28.82,28.53,29.03,29.95,29.74,30.15,30.53
2025-11-05T14:00,2025-11-05,14,28.85,27.94,27.64,27.69,28.23,29.39,30.06,29.64,30.13,30.44
2025-11-05T15:00,2025-11-05,15,28.51,27.76,27.47,27.19,27.73,28.72,29.85,29.37,29.47,30.26
2025-11-05T16:00,2025-11-05,16,28.07,27.44,27.35,26.75,27.51,27.9,29.3,28.96,28.77,29.72
2025-11-05T17:00,2025-11-05,17,27.05,26.75,26.4,25.92,26.73,27.08,27.89,27.73,27.43,28.18
2025-11-05T18:00,2025-11-05,18,25.91,25.61,25.09,25.58,25.16,25.88,26.99,26.89,26.0,26.57
2025-11-05T19:00,2025-11-05,19,25.54,25.26,24.88,25.15,24.89,25.6,26.43,26.5,25.66,26.13
2025-11-05T20:00,2025-11-05,20,25.15,24.99,24.71,24.84,24.28,25.19,25.79,26.11,25.28,25.52
2025-11-05T21:00,2025-11-05,21,24.85,24.72,24.7,24.74,24.1,25.03,25.37,25.64,24.88,24.88
2025-11-05T22:00,2025-11-05,22,24.54,24.5,24.62,24.45,23.82,24.77,24.94,25.11,24.49,24.4
2025-11-05T23:00,2025-11-05,23,24.2,24.19,24.5,24.23,23.58,24.33,24.47,24.58,24.14,23.92
2025-11-06T00:00,2025-11-06,0,24.09,24.11,24.0,24.55,23.84,24.55,24.3,24.41,23.87,23.36
2025-11-06T01:00,2025-11-06,1,24.04,24.1,24.05,24.39,23.85,24.11,24.21,24.34,23.83,23.47
2025-11-06T02:00,2025-11-06,2,23.71,23.91,23.82,24.06,23.55,23.61,23.79,23.98,23.45,22.99
2025-11-06T03:00,2025-11-06,3,23.47,23.66,23.62,23.97,23.36,23.52,23.38,23.68,23.28,22.56
2025-11-06T04:00,2025-11-06,4,23.25,23.57,23.45,23.76,23.29,23.2,23.1,23.38,22.95,22.18
2025-11-06T05:00,2025-11-06,5,23.03,23.31,23.17,23.58,23.19,23.05,22.86,23.05,22.79,21.89
2025-11-06T06:00,2025-11-06,6,23.31,23.6,23.59,23.37,22.69,23.18,23.29,23.39,23.23,22.87
2025-11-06T07:00,2025-11-06,7,23.91,23.95,24.34,24.11,23.42,23.77,24.2,24.18,23.84,23.36
2025-11-06T08:00,2025-11-06,8,25.11,24.97,25.71,25.32,24.73,24.42,25.67,25.72,25.18,24.5
2025-11-06T09:00,2025-11-06,9,26.73,26.78,27.22,26.66,26.24,26.07,27.41,27.4,26.81,25.97
2025-11-06T10:00,2025-11-06,10,28.18,28.48,28.21,28.13,27.49,27.16,28.89,28.92,28.25,27.43
2025-11-06T11:00,2025-11-06,11,29.16,29.53,29.13,29.14,28.25,27.75,29.86,29.88,29.32,28.51
2025-11-06T12:00,2025-11-06,12,29.63,30.02,29.35,29.61,28.5,28.94,30.3,29.97,29.68,29.16
2025-11-06T13:00,2025-11-06,13,29.92,30.44,28.23,29.84,29.08,29.64,30.58,30.28,30.12,29.73
2025-11-06T14:00,2025-11-06,14,29.79,30.61,26.12,29.49,29.37,29.83,30.51,30.13,30.25,29.83
2025-11-06T15:00,2025-11-06,15,29.76,30.47,26.77,29.5,29.39,29.76,30.35,30.05,30.07,29.77
2025-11-06T16:00,2025-11-06,16,29.23,29.98,26.69,28.66,28.93,29.33,29.93,29.08,29.47,29.26
2025-11-06T17:00,2025-11-06,17,27.79,28.45,25.79,27.14,27.64,27.65,28.61,27.88,27.85,27.68
2025-11-06T18:00,2025-11-06,18,26.3,27.1,24.59,25.23,26.16,26.11,26.77,26.9,26.71,25.76
2025-11-06T19:00,2025-11-06,19,25.76,26.36,24.54,24.86,25.46,25.62,26.3,26.42,26.13,25.24
2025-11-06T20:00,2025-11-06,20,25.19,25.74,24.27,24.54,24.53,25.01,25.8,25.85,25.46,24.6
2025-11-06T21:00,2025-11-06,21,24.71,25.05,23.91,24.26,24.0,24.72,25.29,25.42,24.93,24.26
2025-11-06T22:00,2025-11-06,22,24.3,24.67,23.64,23.85,23.45,24.45,24.85,24.95,24.39,23.91
2025-11-06T23:00,2025-11-06,23,23.9,24.13,23.44,23.58,23.13,24.29,24.51,24.46,23.84,23.48
2025-11-07T00:00,2025-11-07,0,23.82,23.87,23.48,23.68,23.12,23.7,24.61,24.57,24.12,23.19
2025-11-07T01:00,2025-11-07,1,23.77,23.82,23.37,23.82,23.1,23.76,24.51,24.36,24.05,23.03
2025-11-07T02:00,2025-11-07,2,23.48,23.49,23.33,23.57,22.8,23.48,24.21,24.04,23.63,22.75
2025-11-07T03:00,2025-11-07,3,23.16,23.25,23.15,23.35,22.44,23.2,23.82,23.59,23.14,22.35
2025-11-07T04:00,2025-11-07,4,22.93,23.02,23.19,23.06,22.16,23.05,23.63,23.42,22.8,21.96
2025-11-07T05:00,2025-11-07,5,22.73,22.77,23.08,22.85,22.13,23.03,23.5,23.43,22.46,21.64
2025-11-07T06:00,2025-11-07,6,23.06,22.99,23.22,22.87,22.68,23.57,23.8,23.92,22.84,22.31
2025-11-07T07:00,2025-11-07,7,23.73,23.88,23.71,23.56,23.31,24.23,24.42,24.6,23.41,22.77
2025-11-07T08:00,2025-11-07,8,25.24,25.7,25.3,24.99,24.78,25.41,25.78,25.98,24.88,23.99
2025-11-07T09:00,2025-11-07,9,26.95,27.54,27.08,26.72,26.45,26.75,27.36,27.44,26.58,25.81
2025-11-07T10:00,2025-11-07,10,28.45,29.05,28.33,28.31,27.91,28.09,28.86,28.8,28.18,27.46
2025-11-07T11:00,2025-11-07,11,29.5,30.1,29.4,29.37,28.95,29.15,29.74,29.73,29.35,28.59
2025-11-07T12:00,2025-11-07,12,30.02,30.6,30.16,30.09,29.37,29.48,30.18,30.07,29.78,29.25
2025-11-07T13:00,2025-11-07,13,30.47,31.01,30.55,30.5,29.92,30.26,30.57,30.56,30.16,29.75
2025-11-07T14:00,2025-11-07,14,30.51,31.0,30.61,30.53,29.95,30.54,30.63,30.71,30.12,29.79
2025-11-07T15:00,2025-11-07,15,30.26,30.68,30.26,30.26,29.77,30.48,30.33,30.54,29.93,29.59
2025-11-07T16:00,2025-11-07,16,29.44,29.78,29.47,29.48,28.84,29.76,29.59,29.81,29.08,28.77
2025-11-07T17:00,2025-11-07,17,27.55,27.9,27.48,27.72,26.72,27.62,27.75,28.05,27.16,27.07
2025-11-07T18:00,2025-11-07,18,26.61,26.79,26.73,27.01,25.79,26.85,26.86,27.17,26.14,26.04
2025-11-07T19:00,2025-11-07,19,26.07,26.19,26.13,26.49,25.35,26.18,26.34,26.79,25.59,25.6
2025-11-07T20:00,2025-11-07,20,25.41,25.45,25.75,25.9,24.77,25.61,25.69,26.19,24.84,24.8
2025-11-07T21:00,2025-11-07,21,24.85,24.88,25.49,25.35,24.38,25.01,25.15,25.58,24.11,24.06
2025-11-07T22:00,2025-11-07,22,24.37,24.49,24.96,24.78,24.16,24.66,24.64,25.18,23.56,23.35
2025-11-07T23:00,2025-11-07,23,23.95,24.17,24.39,24.3,23.79,24.35,24.23,24.71,23.15,22.75
2025-11-08T00:00,2025-11-08,0,23.67,23.97,24.0,23.93,23.63,24.02,24.01,24.52,22.82,22.29
2025-11-08T01:00,2025-11-08,1,23.49,23.88,23.97,23.84,23.53,23.84,23.78,24.25,22.5,21.92
2025-11-08T02:00,2025-11-08,2,23.1,23.53,23.74,23.61,23.12,23.31,23.39,23.97,22.0,21.31
2025-11-08T03:00,2025-11-08,3,22.7,23.17,23.49,23.36,22.76,22.71,23.0,23.7,21.42,20.77
2025-11-08T04:00,2025-11-08,4,22.32,22.8,23.38,23.06,22.5,22.23,22.55,23.4,20.86,20.2
2025-11-08T05:00,2025-11-08,5,21.94,22.42,23.17,22.76,22.26,21.9,22.06,23.2,20.33,19.71
2025-11-08T06:00,2025-11-08,6,22.05,22.45,23.32,22.85,22.17,21.91,22.31,23.49,20.54,19.83
2025-11-08T07:00,2025-11-08,7,22.67,23.08,24.4,23.72,22.7,23.11,22.54,23.85,20.9,20.31
2025-11-08T08:00,2025-11-08,8,24.21,24.74,26.05,25.33,24.13,24.96,23.82,25.12,22.38,21.76
2025-11-08T09:00,2025-11-08,9,25.92,26.53,27.74,26.94,25.74,27.05,25.39,26.47,24.11,23.49
2025-11-08T10:00,2025-11-08,10,27.53,28.23,29.11,28.47,27.35,28.68,26.99,27.89,25.76,25.18
2025-11-08T11:00,2025-11-08,11,28.8,29.5,30.05,29.66,28.53,29.93,28.37,29.13,27.2,26.63
2025-11-08T12:00,2025-11-08,12,29.7,30.32,30.87,30.57,29.21,30.56,29.32,29.99,28.34,27.79
2025-11-08T13:00,2025-11-08,13,30.21,30.78,31.22,30.97,29.69,31.17,29.85,30.46,28.88,28.6
2025-11-08T14:00,2025-11-08,14,30.21,30.7,31.0,30.91,29.68,31.37,29.87,30.5,28.96,28.85
2025-11-08T15:00,2025-11-08,15,29.84,30.25,30.46,30.41,29.31,31.24,29.55,30.12,28.68,28.62
2025-11-08T16:00,2025-11-08,16,28.78,29.21,29.32,29.14,28.36,30.09,28.55,28.98,27.68,27.75
2025-11-08T17:00,2025-11-08,17,26.68,27.24,27.27,26.82,26.53,27.72,26.26,26.65,25.54,25.83
2025-11-08T18:00,2025-11-08,18,25.71,26.17,26.87,26.27,25.53,26.45,25.08,26.2,24.25,24.68
2025-11-08T19:00,2025-11-08,19,25.11,25.45,26.45,25.87,25.0,25.62,24.4,25.68,23.71,24.15
2025-11-08T20:00,2025-11-08,20,24.44,24.67,25.68,25.4,24.41,25.23,23.63,25.17,22.95,23.44
2025-11-08T21:00,2025-11-08,21,23.8,23.92,25.27,24.76,23.82,24.91,22.83,24.54,22.27,22.85
2025-11-08T22:00,2025-11-08,22,23.21,23.3,24.89,24.28,23.33,24.23,22.13,23.97,21.63,22.21
2025-11-08T23:00,2025-11-08,23,22.63,22.76,24.43,23.64,22.99,23.47,21.51,23.37,21.04,21.56
2025-11-09T00:00,2025-11-09,0,22.32,22.41,24.05,23.22,22.77,23.07,21.27,22.97,20.91,21.24
2025-11-09T01:00,2025-11-09,1,22.04,22.17,23.85,22.82,22.56,22.88,20.91,22.41,20.67,21.03
2025-11-09T02:00,2025-11-09,2,21.52,21.64,23.44,22.26,22.05,22.07,20.46,21.83,20.21,20.59
2025-11-09T03:00,2025-11-09,3,21.09,21.18,23.05,21.73,21.59,21.63,20.06,21.39,19.81,20.28
2025-11-09T04:00,2025-11-09,4,20.72,20.82,22.64,21.3,21.2,21.34,19.72,21.02,19.45,19.92
2025-11-09T05:00,2025-11-09,5,20.37,20.53,22.2,20.98,20.82,21.02,19.34,20.65,19.08,19.49
2025-11-09T06:00,2025-11-09,6,20.44,20.63,22.05,20.94,20.91,21.13,19.44,20.86,19.24,19.49
2025-11-09T07:00,2025-11-09,7,21.21,21.45,23.17,21.82,21.63,22.27,20.03,21.44,19.84,20.02
2025-11-09T08:00,2025-11-09,8,22.96,23.37,24.71,23.59,23.08,24.3,21.79,23.07,21.64,21.55
2025-11-09T09:00,2025-11-09,9,24.82,25.31,26.32,25.41,24.67,26.31,23.82,24.87,23.51,23.32
2025-11-09T10:00,2025-11-09,10,26.54,27.08,27.78,27.16,26.19,28.04,25.72,26.61,25.29,24.99
2025-11-09T11:00,2025-11-09,11,27.9,28.43,28.9,28.49,27.53,29.32,27.19,27.93,26.74,26.53
2025-11-09T12:00,2025-11-09,12,28.74,29.18,29.58,29.25,28.31,29.8,28.14,28.66,27.84,27.66
2025-11-09T13:00,2025-11-09,13,29.26,29.69,29.85,29.71,28.81,30.35,28.69,29.05,28.47,28.4
2025-11-09T14:00,2025-11-09,14,29.37,29.69,29.91,29.8,28.95,30.5,28.81,29.16,28.72,28.67
2025-11-09T15:00,2025-11-09,15,29.15,29.48,29.52,29.5,28.77,30.31,28.66,28.89,28.5,28.54
2025-11-09T16:00,2025-11-09,16,28.35,28.61,28.75,28.67,27.94,29.53,27.89,28.09,27.74,27.85
2025-11-09T17:00,2025-11-09,17,26.29,26.7,26.97,26.51,25.7,27.21,25.69,25.92,25.61,25.85
2025-11-09T18:00,2025-11-09,18,25.0,25.35,25.8,25.03,24.56,26.05,24.42,24.8,24.25,24.6
2025-11-09T19:00,2025-11-09,19,24.35,24.62,25.08,24.1,24.16,25.67,23.75,24.07,23.67,24.14
2025-11-09T20:00,2025-11-09,20,23.64,23.86,24.57,23.45,23.49,24.63,22.97,23.51,23.01,23.48
2025-11-09T21:00,2025-11-09,21,23.04,23.17,24.11,22.95,22.9,23.88,22.21,22.84,22.54,23.06
2025-11-09T22:00,2025-11-09,22,22.5,22.55,23.47,22.46,22.42,23.4,21.61,22.26,22.11,22.58
2025-11-09T23:00,2025-11-09,23,22.04,22.09,22.99,21.9,22.15,22.83,21.07,21.87,21.78,22.13
2025-11-10T00:00,2025-11-10,0,21.92,22.18,22.65,21.7,22.27,22.53,20.85,21.91,21.56,21.83
2025-11-10T01:00,2025-11-10,1,21.82,22.25,22.46,21.66,22.2,22.53,20.6,21.54,21.35,21.59
2025-11-10T02:00,2025-11-10,2,21.53,22.25,22.04,21.55,21.8,22.11,20.31,21.05,20.8,21.0
2025-11-10T03:00,2025-11-10,3,21.21,22.05,21.61,21.39,21.45,21.8,20.02,20.63,20.32,20.55
2025-11-10T04:00,2025-11-10,4,20.93,21.88,21.29,21.22,21.2,21.51,19.74,20.27,19.86,20.08
2025-11-10T05:00,2025-11-10,5,20.58,21.55,21.02,20.84,20.86,21.18,19.42,20.0,19.45,19.64
2025-11-10T06:00,2025-11-10,6,20.69,21.74,21.09,20.66,21.03,20.91,19.83,20.3,19.68,19.6
2025-11-10T07:00,2025-11-10,7,21.54,22.53,22.48,21.99,21.75,21.92,20.62,21.42,20.14,20.0
2025-11-10T08:00,2025-11-10,8,23.34,24.1,24.61,24.28,23.31,23.9,22.54,23.5,21.87,21.47
2025-11-10T09:00,2025-11-10,9,25.17,25.83,26.68,26.22,24.9,25.82,24.51,25.56,23.66,23.09
2025-11-10T10:00,2025-11-10,10,26.73,27.46,27.96,27.49,26.31,27.42,26.28,27.08,25.33,24.7
2025-11-10T11:00,2025-11-10,11,27.89,28.71,28.77,28.36,27.47,28.67,27.57,28.04,26.7,26.03
2025-11-10T12:00,2025-11-10,12,28.69,29.41,29.46,28.97,28.14,28.87,28.59,28.7,27.81,27.3
2025-11-10T13:00,2025-11-10,13,29.16,29.85,29.64,29.38,28.62,29.42,29.07,29.1,28.33,28.03
2025-11-10T14:00,2025-11-10,14,29.19,29.81,29.46,29.37,28.67,29.54,29.16,29.23,28.42,28.22
2025-11-10T15:00,2025-11-10,15,28.92,29.5,29.04,29.18,28.47,29.39,28.89,29.04,28.12,27.98
2025-11-10T16:00,2025-11-10,16,28.05,28.72,27.95,28.33,27.44,28.52,28.06,28.31,27.2,27.12
2025-11-10T17:00,2025-11-10,17,25.86,26.62,25.69,26.26,25.37,26.14,25.76,26.19,24.74,25.04
2025-11-10T18:00,2025-11-10,18,24.57,25.3,24.41,25.03,24.38,25.17,24.2,25.26,23.14,23.77
2025-11-10T19:00,2025-11-10,19,23.79,24.46,23.7,24.25,23.65,24.44,23.35,24.36,22.34,23.14
2025-11-10T20:00,2025-11-10,20,23.02,23.59,23.12,23.41,23.04,24.03,22.55,23.63,21.5,22.29
2025-11-10T21:00,2025-11-10,21,22.32,22.8,22.66,22.56,22.63,23.46,21.75,22.95,20.85,21.56
2025-11-10T22:00,2025-11-10,22,21.67,22.19,21.7,22.0,22.21,22.68,20.95,22.32,20.25,20.93
2025-11-10T23:00,2025-11-10,23,21.12,21.64,20.89,21.58,21.8,22.29,20.36,21.8,19.66,20.31
2025-11-11T00:00,2025-11-11,0,20.77,21.23,20.4,21.31,21.5,22.37,20.01,21.63,19.24,19.83
2025-11-11T01:00,2025-11-11,1,20.39,20.84,20.24,21.09,21.14,21.92,19.42,21.11,18.88,19.44
2025-11-11T02:00,2025-11-11,2,19.99,20.41,20.11,20.79,20.72,21.38,18.98,20.86,18.49,18.86
2025-11-11T03:00,2025-11-11,3,19.62,19.97,19.89,20.44,20.35,21.01,18.57,20.47,18.2,18.41
2025-11-11T04:00,2025-11-11,4,19.26,19.58,19.63,20.07,20.04,20.76,18.21,20.05,17.92,17.98
2025-11-11T05:00,2025-11-11,5,18.92,19.22,19.27,19.77,19.7,20.51,17.91,19.63,17.58,17.55
2025-11-11T06:00,2025-11-11,6,19.16,19.58,19.28,19.87,19.9,20.42,18.5,19.87,17.77,17.71
2025-11-11T07:00,2025-11-11,7,20.09,20.56,20.8,21.09,20.55,21.51,19.39,21.0,18.4,18.18
2025-11-11T08:00,2025-11-11,8,22.09,22.69,23.17,23.17,22.1,23.42,21.36,23.04,20.43,19.78
2025-11-11T09:00,2025-11-11,9,24.14,24.82,25.41,25.1,23.68,25.36,23.43,25.06,22.69,21.75
2025-11-11T10:00,2025-11-11,10,25.96,26.7,27.07,26.86,25.23,26.87,25.4,26.66,24.81,23.61
2025-11-11T11:00,2025-11-11,11,27.2,27.91,28.1,27.93,26.43,27.95,26.83,27.61,26.26,25.18
2025-11-11T12:00,2025-11-11,12,28.06,28.72,28.79,28.7,27.36,28.67,27.74,28.22,27.13,26.49
2025-11-11T13:00,2025-11-11,13,28.44,29.08,29.09,29.01,27.68,29.23,28.08,28.48,27.54,27.06
2025-11-11T14:00,2025-11-11,14,28.46,29.09,28.97,29.04,27.71,29.26,28.13,28.52,27.56,27.18
2025-11-11T15:00,2025-11-11,15,28.13,28.72,28.6,28.76,27.31,28.98,27.83,28.23,27.27,26.85
2025-11-11T16:00,2025-11-11,16,27.21,27.8,27.73,27.92,26.31,28.08,27.04,27.44,26.28,25.75
2025-11-11T17:00,2025-11-11,17,24.9,25.43,25.39,25.89,23.94,26.04,24.71,25.44,23.79,23.16
2025-11-11T18:00,2025-11-11,18,23.44,23.78,24.11,24.5,22.91,25.3,23.1,23.87,22.0,21.81
2025-11-11T19:00,2025-11-11,19,22.62,22.82,23.39,23.58,22.22,24.83,22.1,22.8,21.26,21.27
2025-11-11T20:00,2025-11-11,20,21.77,21.95,22.46,22.63,21.64,24.03,21.25,22.09,20.37,20.38
2025-11-11T21:00,2025-11-11,21,21.04,21.15,21.56,22.08,20.99,23.4,20.46,21.51,19.61,19.66
2025-11-11T22:00,2025-11-11,22,20.39,20.45,20.93,21.56,20.19,23.1,19.63,21.05,18.93,19.01
2025-11-11T23:00,2025-11-11,23,19.8,19.82,20.47,20.98,19.55,22.46,19.05,20.46,18.32,18.45
2025-11-12T00:00,2025-11-12,0,19.65,19.6,20.39,20.75,19.35,22.51,18.96,20.4,18.28,18.29
2025-11-12T01:00,2025-11-12,1,19.18,19.12,20.38,20.33,18.76,22.04,18.5,19.81,17.65,17.74
2025-11-12T02:00,2025-11-12,2,18.72,18.58,20.4,19.93,18.25,21.41,18.07,19.54,17.1,17.07
2025-11-12T03:00,2025-11-12,3,18.3,18.11,20.22,19.53,17.97,20.67,17.67,19.32,16.68,16.59
2025-11-12T04:00,2025-11-12,4,17.93,17.74,19.91,19.25,17.68,20.13,17.29,18.91,16.26,16.19
2025-11-12T05:00,2025-11-12,5,17.56,17.31,19.58,18.94,17.32,19.87,16.92,18.47,15.95,15.78
2025-11-12T06:00,2025-11-12,6,17.64,17.33,19.22,19.09,17.61,19.76,16.95,18.67,16.25,16.0
2025-11-12T07:00,2025-11-12,7,18.64,18.56,20.41,20.07,18.63,20.99,17.72,19.45,17.09,16.63
2025-11-12T08:00,2025-11-12,8,20.95,21.31,22.62,22.08,20.87,22.87,20.05,21.45,19.45,18.67
2025-11-12T09:00,2025-11-12,9,23.32,24.0,24.78,24.15,22.99,24.78,22.48,23.62,21.94,21.02
2025-11-12T10:00,2025-11-12,10,25.3,26.01,26.53,25.99,24.82,26.41,24.74,25.49,24.12,23.14
2025-11-12T11:00,2025-11-12,11,26.57,27.11,27.64,27.24,26.0,27.71,26.07,26.63,25.59,24.83
2025-11-12T12:00,2025-11-12,12,27.39,27.83,28.35,27.96,26.92,28.28,26.76,27.26,26.53,26.28
2025-11-12T13:00,2025-11-12,13,27.79,28.25,28.66,28.27,27.34,28.76,27.15,27.59,26.95,26.85
2025-11-12T14:00,2025-11-12,14,27.9,28.35,28.76,28.34,27.38,28.91,27.31,27.71,27.05,27.01
2025-11-12T15:00,2025-11-12,15,27.66,28.13,28.41,28.06,27.09,28.69,27.13,27.51,26.78,26.79
2025-11-12T16:00,2025-11-12,16,26.82,27.29,27.42,27.27,26.1,27.91,26.41,26.85,25.97,25.84
2025-11-12T17:00,2025-11-12,17,24.44,24.96,24.77,24.9,23.56,25.47,24.09,24.68,23.53,23.6
2025-11-12T18:00,2025-11-12,18,22.79,23.1,23.47,23.39,21.97,24.27,22.57,23.14,21.59,21.8
2025-11-12T19:00,2025-11-12,19,21.93,22.09,22.84,22.71,21.36,23.51,21.76,21.97,20.78,20.82
2025-11-12T20:00,2025-11-12,20,21.09,21.19,22.04,21.77,20.74,23.07,20.91,21.14,19.9,19.84
2025-11-12T21:00,2025-11-12,21,20.39,20.53,20.96,21.08,20.25,22.53,20.19,20.48,19.22,19.04
2025-11-12T22:00,2025-11-12,22,19.76,19.83,20.35,20.34,19.85,21.8,19.51,19.97,18.65,18.56
2025-11-12T23:00,2025-11-12,23,19.19,19.2,19.73,19.7,19.34,21.21,18.97,19.38,18.08,18.17
2025-11-13T00:00,2025-11-13,0,18.87,18.85,19.66,19.16,19.06,20.85,18.75,19.24,17.68,17.86
2025-11-13T01:00,2025-11-13,1,18.61,18.62,19.63,18.98,18.87,20.7,18.35,18.74,17.32,17.56
2025-11-13T02:00,2025-11-13,2,18.17,18.07,19.39,18.6,18.48,20.28,17.88,18.44,16.8,17.18
2025-11-13T03:00,2025-11-13,3,17.77,17.55,19.13,18.3,18.08,19.91,17.38,18.1,16.4,16.88
2025-11-13T04:00,2025-11-13,4,17.42,17.07,18.94,17.97,17.67,19.65,17.02,17.77,16.16,16.57
2025-11-13T05:00,2025-11-13,5,17.11,16.74,18.65,17.67,17.19,19.34,16.75,17.56,15.9,16.2
2025-11-13T06:00,2025-11-13,6,17.56,17.3,19.0,18.14,17.68,19.46,17.18,18.07,16.44,16.54
2025-11-13T07:00,2025-11-13,7,18.57,18.5,20.27,19.46,18.66,20.3,17.97,18.95,17.18,17.26
2025-11-13T08:00,2025-11-13,8,20.96,21.32,22.6,21.89,20.82,22.31,20.33,21.19,19.46,19.21
2025-11-13T09:00,2025-11-13,9,23.38,23.97,24.98,24.06,23.08,24.5,22.84,23.48,21.92,21.53
2025-11-13T10:00,2025-11-13,10,25.4,25.98,26.97,25.89,24.96,26.25,24.98,25.39,24.18,23.68
2025-11-13T11:00,2025-11-13,11,26.68,27.1,28.25,27.13,26.29,27.43,26.07,26.41,25.79,25.39
2025-11-13T12:00,2025-11-13,12,27.5,27.8,29.18,27.92,27.09,28.2,26.79,27.12,26.65,26.72
2025-11-13T13:00,2025-11-13,13,27.97,28.32,29.56,28.34,27.49,28.55,27.26,27.48,27.19,27.22
2025-11-13T14:00,2025-11-13,14,28.03,28.44,29.4,28.38,27.55,28.64,27.37,27.56,27.25,27.23
2025-11-13T15:00,2025-11-13,15,27.78,28.19,28.92,28.15,27.32,28.4,27.24,27.35,27.03,27.01
2025-11-13T16:00,2025-11-13,16,26.93,27.41,27.57,27.46,26.4,27.51,26.53,26.58,26.21,26.06
2025-11-13T17:00,2025-11-13,17,24.71,25.29,25.05,25.39,24.18,25.12,24.19,24.49,23.92,23.86
2025-11-13T18:00,2025-11-13,18,23.24,23.57,24.05,23.64,22.59,24.09,22.79,23.37,22.4,22.53
2025-11-13T19:00,2025-11-13,19,22.34,22.67,23.53,22.36,21.75,23.34,21.97,22.44,21.49,21.57
2025-11-13T20:00,2025-11-13,20,21.36,21.66,22.54,21.48,20.87,22.25,21.14,21.12,20.48,20.65
2025-11-13T21:00,2025-11-13,21,20.64,20.93,21.99,21.09,20.11,21.43,20.23,20.27,19.71,19.89
2025-11-13T22:00,2025-11-13,22,20.03,20.41,21.33,20.46,19.58,21.1,19.52,19.63,18.87,19.27
2025-11-13T23:00,2025-11-13,23,19.45,19.69,20.83,19.64,19.21,20.89,18.93,19.28,18.28,18.75
2025-11-14T00:00,2025-11-14,0,19.19,19.22,20.63,19.27,19.29,20.76,18.76,19.23,18.06,18.47
2025-11-14T01:00,2025-11-14,1,18.85,18.89,20.38,18.83,19.06,20.38,18.43,18.67,17.72,18.26
2025-11-14T02:00,2025-11-14,2,18.43,18.36,20.0,18.51,18.81,19.93,17.94,18.43,17.29,17.85
2025-11-14T03:00,2025-11-14,3,18.03,17.8,19.64,18.11,18.47,19.45,17.46,18.24,17.04,17.6
2025-11-14T04:00,2025-11-14,4,17.66,17.33,19.31,17.87,18.01,19.03,17.08,18.03,16.77,17.28
2025-11-14T05:00,2025-11-14,5,17.34,17.02,18.95,17.6,17.68,18.62,16.8,17.78,16.39,16.89
2025-11-14T06:00,2025-11-14,6,17.49,17.43,18.8,17.78,17.67,18.23,17.05,18.27,16.54,16.79
2025-11-14T07:00,2025-11-14,7,18.51,18.49,20.28,19.07,18.8,19.36,17.95,19.06,17.34,17.39
2025-11-14T08:00,2025-11-14,8,20.94,21.24,22.7,21.72,20.88,21.94,20.3,21.23,19.55,19.41
2025-11-14T09:00,2025-11-14,9,23.42,24.07,25.23,24.11,22.87,24.27,22.78,23.55,21.87,21.8
2025-11-14T10:00,2025-11-14,10,25.38,25.98,27.11,25.99,24.56,25.98,24.89,25.53,24.02,23.97
2025-11-14T11:00,2025-11-14,11,26.57,26.95,28.19,27.06,25.89,27.08,25.98,26.39,25.69,25.6
2025-11-14T12:00,2025-11-14,12,27.28,27.52,28.89,27.67,26.63,27.65,26.67,27.0,26.71,26.56
2025-11-14T13:00,2025-11-14,13,27.73,28.04,29.23,28.02,27.11,28.04,27.12,27.31,27.16,27.14
2025-11-14T14:00,2025-11-14,14,27.82,28.13,29.17,28.1,27.23,28.07,27.26,27.37,27.3,27.3
2025-11-14T15:00,2025-11-14,15,27.58,27.92,28.73,27.83,27.06,27.81,27.03,27.11,27.1,27.1
2025-11-14T16:00,2025-11-14,16,26.72,27.11,27.37,27.06,26.11,26.83,26.33,26.37,26.34,26.21
2025-11-14T17:00,2025-11-14,17,24.53,24.85,24.93,24.79,24.05,24.62,24.23,24.38,24.1,24.21
2025-11-14T18:00,2025-11-14,18,23.21,23.44,24.03,23.24,23.06,23.48,22.71,23.08,22.82,22.94
2025-11-14T19:00,2025-11-14,19,22.43,22.56,23.25,22.26,22.19,22.65,22.05,22.48,22.43,22.02
2025-11-14T20:00,2025-11-14,20,21.46,21.48,22.3,21.36,21.43,21.39,21.27,21.28,21.42,21.26
2025-11-14T21:00,2025-11-14,21,20.67,20.61,21.45,20.7,20.81,20.8,20.47,20.39,20.36,20.65
2025-11-14T22:00,2025-11-14,22,20.02,19.94,20.79,20.21,19.96,20.56,19.77,19.76,19.5,20.07
2025-11-14T23:00,2025-11-14,23,19.4,19.24,20.33,19.41,19.41,20.18,19.12,19.17,18.89,19.59
2025-11-15T00:00,2025-11-15,0,19.06,18.77,20.11,18.83,19.06,19.72,18.92,19.18,18.74,19.26
2025-11-15T01:00,2025-11-15,1,18.79,18.45,19.84,18.62,18.79,19.59,18.73,18.63,18.48,19.01
2025-11-15T02:00,2025-11-15,2,18.48,18.12,19.48,18.28,18.56,19.18,18.53,18.27,18.31,18.62
2025-11-15T03:00,2025-11-15,3,18.22,17.9,19.07,18.02,18.39,18.75,18.26,18.02,18.14,18.32
2025-11-15T04:00,2025-11-15,4,17.96,17.72,18.64,17.68,18.11,18.25,17.99,17.86,18.05,17.94
2025-11-15T05:00,2025-11-15,5,17.66,17.4,18.39,17.41,17.82,17.81,17.65,17.75,17.79,17.63
2025-11-15T06:00,2025-11-15,6,17.58,17.35,18.11,17.52,17.61,17.34,17.75,18.34,17.6,17.34
2025-11-15T07:00,2025-11-15,7,18.61,18.41,19.47,18.89,18.85,18.53,18.59,19.22,18.33,18.05
2025-11-15T08:00,2025-11-15,8,20.98,21.1,21.99,21.65,21.22,21.1,20.6,21.44,20.15,19.97
2025-11-15T09:00,2025-11-15,9,23.48,23.84,24.81,24.18,23.38,24.02,22.86,23.66,22.34,22.28
2025-11-15T10:00,2025-11-15,10,25.57,26.0,27.11,26.17,25.26,26.03,24.92,25.39,24.55,24.46
2025-11-15T11:00,2025-11-15,11,26.9,27.22,28.41,27.42,26.44,27.3,26.38,26.5,26.17,25.9
2025-11-15T12:00,2025-11-15,12,27.59,27.81,29.03,27.98,26.94,28.08,27.06,27.11,27.22,26.82
2025-11-15T13:00,2025-11-15,13,27.99,28.2,29.3,28.31,27.38,28.55,27.49,27.42,27.63,27.37
2025-11-15T14:00,2025-11-15,14,28.07,28.24,29.39,28.32,27.45,28.61,27.62,27.5,27.78,27.5
2025-11-15T15:00,2025-11-15,15,27.86,27.96,29.03,28.07,27.36,28.4,27.44,27.24,27.65,27.41
2025-11-15T16:00,2025-11-15,16,27.03,27.16,27.75,27.14,26.67,27.34,26.76,26.42,26.94,26.75
2025-11-15T17:00,2025-11-15,17,24.75,24.88,25.01,24.73,24.06,24.66,24.69,24.2,24.94,24.94
2025-11-15T18:00,2025-11-15,18,23.43,23.56,23.78,22.98,22.89,23.46,23.27,22.96,23.97,23.45
2025-11-15T19:00,2025-11-15,19,22.7,22.79,23.27,21.9,22.43,22.87,22.62,22.25,22.94,23.0
2025-11-15T20:00,2025-11-15,20,21.88,22.04,22.3,21.15,21.78,21.51,22.05,21.28,22.04,22.23
2025-11-15T21:00,2025-11-15,21,21.08,21.02,21.45,20.65,21.03,20.81,21.17,20.65,21.37,21.41
2025-11-15T22:00,2025-11-15,22,20.39,20.18,20.85,20.05,19.77,20.49,20.48,19.97,20.96,20.82
2025-11-15T23:00,2025-11-15,23,19.85,19.58,20.17,19.46,19.26,20.26,19.97,19.48,20.51,20.17
2025-11-16T00:00,2025-11-16,0,19.41,19.16,19.58,18.89,18.98,19.73,19.69,19.26,20.01,19.68
2025-11-16T01:00,2025-11-16,1,19.02,18.66,19.17,18.55,18.77,19.25,19.16,18.53,19.85,19.54
2025-11-16T02:00,2025-11-16,2,18.64,18.19,18.91,18.23,18.55,18.92,18.78,18.21,19.4,19.12
2025-11-16T03:00,2025-11-16,3,18.3,17.89,18.76,17.8,18.34,18.4,18.48,18.04,18.91,18.66
2025-11-16T04:00,2025-11-16,4,18.06,17.69,18.54,17.58,18.18,17.99,18.33,17.98,18.64,18.16
2025-11-16T05:00,2025-11-16,5,17.77,17.42,18.21,17.44,17.94,17.54,18.28,17.74,18.27,17.69
2025-11-16T06:00,2025-11-16,6,17.69,17.38,17.91,17.34,18.0,17.31,18.59,17.96,17.87,17.42
2025-11-16T07:00,2025-11-16,7,18.66,18.42,19.29,18.65,19.01,18.47,19.33,18.96,18.43,18.04
2025-11-16T08:00,2025-11-16,8,21.0,21.16,21.94,21.55,21.15,21.02,20.99,21.32,20.26,19.85
2025-11-16T09:00,2025-11-16,9,23.44,23.81,24.89,24.24,23.04,23.77,23.0,23.69,22.41,22.05
2025-11-16T10:00,2025-11-16,10,25.47,25.92,27.13,26.24,24.68,25.84,24.84,25.58,24.48,24.23
2025-11-16T11:00,2025-11-16,11,26.87,27.24,28.36,27.39,26.08,27.35,26.25,26.7,26.13,25.93
2025-11-16T12:00,2025-11-16,12,27.59,27.8,29.01,27.91,26.83,28.11,27.06,27.09,27.22,27.03
2025-11-16T13:00,2025-11-16,13,28.02,28.26,29.25,28.23,27.28,28.62,27.45,27.4,27.71,27.63
2025-11-16T14:00,2025-11-16,14,28.08,28.29,29.25,28.26,27.39,28.7,27.53,27.42,27.81,27.71
2025-11-16T15:00,2025-11-16,15,27.81,27.99,28.83,27.94,27.17,28.43,27.32,27.17,27.63,27.47
2025-11-16T16:00,2025-11-16,16,26.93,27.13,27.52,27.03,26.19,27.45,26.65,26.37,26.97,26.59
2025-11-16T17:00,2025-11-16,17,24.7,24.98,24.9,24.77,23.55,24.82,24.54,24.21,24.86,24.67
2025-11-16T18:00,2025-11-16,18,23.41,23.9,23.92,23.11,22.6,23.15,23.25,23.13,23.41,23.08
2025-11-16T19:00,2025-11-16,19,22.58,22.93,23.24,21.88,22.22,22.54,22.5,22.3,22.76,22.22
2025-11-16T20:00,2025-11-16,20,21.81,22.03,22.59,21.09,21.78,21.71,21.81,21.33,22.1,21.4
2025-11-16T21:00,2025-11-16,21,21.05,21.19,21.88,20.47,20.73,21.17,21.17,20.38,21.37,20.69
2025-11-16T22:00,2025-11-16,22,20.34,20.44,21.15,20.0,19.65,20.51,20.62,19.62,20.63,19.99
2025-11-16T23:00,2025-11-16,23,19.68,19.65,20.42,19.79,19.0,19.86,20.12,19.12,19.78,19.17
2025-11-17T00:00,2025-11-17,0,19.3,19.09,20.22,19.46,18.68,19.39,19.79,19.26,19.46,18.68
2025-11-17T01:00,2025-11-17,1,18.93,18.55,20.09,19.12,18.4,19.15,19.36,18.51,19.16,18.56
2025-11-17T02:00,2025-11-17,2,18.58,18.16,19.83,18.83,18.0,18.79,19.13,18.24,18.72,18.13
2025-11-17T03:00,2025-11-17,3,18.22,17.7,19.58,18.51,17.79,18.14,18.92,18.15,18.28,17.73
2025-11-17T04:00,2025-11-17,4,17.83,17.25,19.21,18.15,17.44,17.81,18.55,18.02,17.84,17.32
2025-11-17T05:00,2025-11-17,5,17.47,16.84,18.87,17.92,16.97,17.46,18.13,17.87,17.44,16.97
2025-11-17T06:00,2025-11-17,6,17.54,17.14,18.59,17.82,16.8,17.48,18.18,18.26,17.57,16.95
2025-11-17T07:00,2025-11-17,7,18.41,17.99,19.84,18.98,17.31,18.59,18.78,19.19,18.26,17.81
2025-11-17T08:00,2025-11-17,8,20.9,21.0,22.41,21.58,19.81,21.14,20.76,21.58,20.19,19.9
2025-11-17T09:00,2025-11-17,9,23.59,24.14,25.25,24.14,22.86,23.78,22.99,23.87,22.46,22.42
2025-11-17T10:00,2025-11-17,10,25.83,26.56,27.65,26.31,25.1,25.96,25.11,25.83,24.63,24.5
2025-11-17T11:00,2025-11-17,11,27.24,27.82,29.05,27.73,26.62,27.64,26.5,27.03,26.28,25.96
2025-11-17T12:00,2025-11-17,12,28.09,28.53,29.88,28.66,27.46,28.71,27.17,27.68,27.31,27.04
2025-11-17T13:00,2025-11-17,13,28.58,29.01,30.34,29.15,27.98,29.27,27.55,28.09,27.81,27.62
2025-11-17T14:00,2025-11-17,14,28.7,29.11,30.41,29.25,28.2,29.46,27.69,28.19,27.9,27.76
2025-11-17T15:00,2025-11-17,15,28.48,28.91,29.98,29.04,27.99,29.18,27.51,28.02,27.72,27.56
2025-11-17T16:00,2025-11-17,16,27.6,28.2,28.69,28.03,27.03,27.88,26.92,27.2,26.93,26.57
2025-11-17T17:00,2025-11-17,17,25.12,25.64,25.92,25.46,24.47,25.46,24.87,24.48,24.66,24.12
2025-11-17T18:00,2025-11-17,18,23.64,24.02,25.08,24.42,22.81,23.79,23.25,22.94,23.08,22.49
2025-11-17T19:00,2025-11-17,19,22.7,23.04,24.22,23.6,21.77,22.78,22.4,21.95,22.0,21.75
2025-11-17T20:00,2025-11-17,20,21.91,22.14,23.79,22.95,20.96,21.79,21.61,21.25,21.15,20.96
2025-11-17T21:00,2025-11-17,21,21.18,21.25,23.17,21.92,20.56,21.52,20.92,20.35,20.46,20.34
2025-11-17T22:00,2025-11-17,22,20.5,20.5,22.64,20.92,19.64,21.23,20.39,19.81,19.76,19.83
2025-11-17T23:00,2025-11-17,23,19.82,19.68,22.12,20.29,18.98,20.57,19.75,19.47,19.17,18.93
2025-11-18T00:00,2025-11-18,0,19.22,18.85,21.78,19.9,18.6,20.03,19.0,19.29,18.58,18.24
2025-11-18T01:00,2025-11-18,1,18.72,18.4,21.22,19.35,18.23,19.48,18.35,18.45,18.14,17.9
2025-11-18T02:00,2025-11-18,2,18.26,18.04,20.59,18.91,17.84,18.73,18.0,18.11,17.49,17.48
2025-11-18T03:00,2025-11-18,3,17.92,17.72,19.99,18.49,17.65,18.11,17.69,18.13,17.19,17.19
2025-11-18T04:00,2025-11-18,4,17.68,17.45,19.6,18.37,17.36,17.83,17.39,18.1,16.99,16.98
2025-11-18T05:00,2025-11-18,5,17.48,17.28,19.33,18.33,16.97,17.53,17.18,18.16,16.68,16.78
2025-11-18T06:00,2025-11-18,6,17.71,17.35,19.2,18.57,17.21,17.67,17.57,18.56,17.09,17.26
2025-11-18T07:00,2025-11-18,7,18.72,18.44,20.36,19.64,18.32,19.01,18.48,19.37,17.96,18.03
2025-11-18T08:00,2025-11-18,8,21.27,21.43,23.03,22.14,20.79,21.54,20.91,21.72,20.29,19.93
2025-11-18T09:00,2025-11-18,9,24.03,24.57,25.86,24.8,23.52,24.24,23.51,24.26,22.93,22.23
2025-11-18T10:00,2025-11-18,10,26.34,26.94,28.24,27.12,25.57,26.5,25.85,26.38,25.43,24.38
2025-11-18T11:00,2025-11-18,11,27.85,28.35,29.6,28.71,27.12,28.11,27.18,27.72,27.15,26.09
2025-11-18T12:00,2025-11-18,12,28.78,29.27,30.46,29.66,28.1,29.01,28.04,28.75,27.92,27.34
2025-11-18T13:00,2025-11-18,13,29.22,29.7,30.74,29.92,28.49,29.53,28.48,29.22,28.37,27.99
2025-11-18T14:00,2025-11-18,14,29.29,29.77,30.73,29.88,28.49,29.7,28.6,29.29,28.47,28.14
2025-11-18T15:00,2025-11-18,15,29.03,29.51,30.35,29.51,28.19,29.46,28.46,29.12,28.27,27.98
2025-11-18T16:00,2025-11-18,16,28.1,28.61,29.0,28.54,26.9,28.01,27.83,28.46,27.57,27.17
2025-11-18T17:00,2025-11-18,17,25.52,25.86,25.89,25.95,24.76,25.26,25.41,26.01,25.18,24.85
2025-11-18T18:00,2025-11-18,18,24.05,24.3,24.74,24.38,23.6,23.65,23.85,24.47,23.91,23.19
2025-11-18T19:00,2025-11-18,19,23.12,23.59,23.88,23.5,22.35,22.34,22.98,23.45,23.05,21.99
2025-11-18T20:00,2025-11-18,20,22.27,22.75,23.13,22.52,21.4,22.01,22.32,22.55,22.01,20.99
2025-11-18T21:00,2025-11-18,21,21.55,21.9,22.62,21.71,20.77,21.61,21.69,21.92,21.34,20.08
2025-11-18T22:00,2025-11-18,22,20.92,21.24,22.14,21.05,19.85,21.04,21.15,21.4,20.64,19.5
2025-11-18T23:00,2025-11-18,23,20.33,20.47,21.73,20.65,19.19,20.74,20.68,21.11,19.66,19.03
2025-11-19T00:00,2025-11-19,0,19.73,19.65,21.02,20.11,18.77,20.04,20.44,20.67,19.0,18.58
2025-11-19T01:00,2025-11-19,1,19.27,19.13,20.83,19.77,18.35,19.4,19.65,20.1,18.55,18.39
2025-11-19T02:00,2025-11-19,2,18.81,18.72,20.79,19.28,17.84,18.65,19.11,19.77,17.98,17.9
2025-11-19T03:00,2025-11-19,3,18.51,18.33,20.61,19.09,17.36,18.43,18.81,19.53,17.73,17.56
2025-11-19T04:00,2025-11-19,4,18.16,17.89,20.29,19.0,16.84,18.1,18.39,19.37,17.32,17.31
2025-11-19T05:00,2025-11-19,5,17.82,17.52,19.92,18.77,16.41,17.54,17.93,19.26,16.88,17.21
2025-11-19T06:00,2025-11-19,6,17.62,17.32,19.75,18.61,16.29,17.09,17.74,19.06,16.62,17.09
2025-11-19T07:00,2025-11-19,7,18.5,18.39,20.69,19.54,17.27,18.1,18.52,20.11,17.34,17.47
2025-11-19T08:00,2025-11-19,8,21.18,21.58,23.03,22.03,19.87,20.96,21.08,22.23,20.14,19.49
2025-11-19T09:00,2025-11-19,9,23.98,24.76,25.55,24.45,22.75,24.0,23.8,24.38,23.22,21.87
2025-11-19T10:00,2025-11-19,10,26.26,27.15,27.68,26.49,25.13,26.14,26.08,26.31,25.79,24.16
2025-11-19T11:00,2025-11-19,11,27.67,28.28,29.26,27.91,26.74,27.65,27.57,27.7,27.26,25.78
2025-11-19T12:00,2025-11-19,12,28.65,29.0,30.54,29.2,27.84,28.8,28.46,28.75,27.99,27.07
2025-11-19T13:00,2025-11-19,13,29.08,29.42,30.72,29.52,28.26,29.33,28.91,29.09,28.47,27.69
2025-11-19T14:00,2025-11-19,14,29.13,29.47,30.63,29.56,28.17,29.33,29.02,29.12,28.54,27.9
2025-11-19T15:00,2025-11-19,15,28.85,29.22,30.12,29.25,27.9,28.94,28.82,28.83,28.34,27.73
2025-11-19T16:00,2025-11-19,16,27.98,28.41,28.84,28.24,27.16,27.67,28.15,28.0,27.53,26.99
2025-11-19T17:00,2025-11-19,17,25.48,25.67,26.27,25.92,24.26,25.28,25.67,25.77,25.17,24.83
2025-11-19T18:00,2025-11-19,18,23.96,24.09,25.33,24.42,22.71,24.39,24.02,24.82,23.33,22.86
2025-11-19T19:00,2025-11-19,19,22.98,22.98,24.44,23.48,21.73,23.04,23.18,24.12,22.29,22.13
2025-11-19T20:00,2025-11-19,20,22.18,22.07,23.54,22.77,20.91,22.05,22.44,23.42,21.53,21.5
2025-11-19T21:00,2025-11-19,21,21.47,21.3,22.76,21.98,20.29,21.64,21.61,22.62,20.9,20.92
2025-11-19T22:00,2025-11-19,22,20.9,20.72,22.15,21.37,19.9,21.08,20.99,22.08,20.33,20.35
2025-11-19T23:00,2025-11-19,23,20.36,20.27,21.82,20.96,19.4,20.51,20.51,21.38,19.61,19.55
2025-11-20T00:00,2025-11-20,0,20.09,20.02,21.74,20.65,19.03,20.33,20.25,21.1,19.42,18.99
2025-11-20T01:00,2025-11-20,1,19.59,19.52,21.69,20.01,18.48,19.9,19.71,20.24,18.77,18.71
2025-11-20T02:00,2025-11-20,2,19.12,18.97,21.41,19.53,18.13,19.44,19.17,19.9,18.29,18.23
2025-11-20T03:00,2025-11-20,3,18.79,18.57,20.87,19.38,17.84,19.23,18.87,19.73,18.01,17.75
2025-11-20T04:00,2025-11-20,4,18.46,18.17,20.53,19.26,17.26,18.9,18.61,19.71,17.7,17.33
2025-11-20T05:00,2025-11-20,5,18.16,17.96,20.34,18.99,16.49,18.61,18.35,19.57,17.27,16.97
2025-11-20T06:00,2025-11-20,6,18.19,17.55,21.3,19.47,16.4,18.89,18.26,19.9,17.27,16.81
2025-11-20T07:00,2025-11-20,7,18.89,18.33,22.19,20.15,17.18,19.83,18.86,20.52,17.7,17.44
2025-11-20T08:00,2025-11-20,8,21.4,21.35,24.03,22.66,20.17,22.25,21.3,22.53,20.1,19.41
2025-11-20T09:00,2025-11-20,9,24.15,24.52,26.19,25.07,23.21,24.93,23.96,24.63,23.0,22.04
2025-11-20T10:00,2025-11-20,10,26.33,26.77,27.97,27.09,25.45,26.65,26.21,26.46,25.58,24.36
2025-11-20T11:00,2025-11-20,11,27.58,27.9,29.16,28.08,26.75,27.73,27.57,27.6,27.09,25.95
2025-11-20T12:00,2025-11-20,12,28.21,28.51,29.9,28.78,27.21,28.37,28.15,28.43,27.52,26.78
2025-11-20T13:00,2025-11-20,13,28.58,28.86,30.1,29.14,27.48,28.89,28.41,28.92,27.9,27.41
2025-11-20T14:00,2025-11-20,14,28.57,28.81,29.93,29.19,27.37,28.98,28.31,28.94,27.94,27.58
2025-11-20T15:00,2025-11-20,15,28.26,28.43,29.55,28.83,27.15,28.67,27.97,28.55,27.71,27.45
2025-11-20T16:00,2025-11-20,16,27.3,27.49,28.42,27.61,26.19,27.52,27.03,27.58,26.95,26.8
2025-11-20T17:00,2025-11-20,17,24.95,24.77,25.85,25.13,23.97,25.18,24.75,25.58,24.79,25.06
2025-11-20T18:00,2025-11-20,18,23.74,23.59,24.82,24.11,22.83,23.87,23.47,24.45,23.68,23.36
2025-11-20T19:00,2025-11-20,19,22.96,22.59,24.03,23.37,22.4,23.38,22.7,23.56,22.77,22.87
2025-11-20T20:00,2025-11-20,20,21.99,21.38,23.03,22.38,21.53,22.39,21.92,22.5,21.79,22.36
2025-11-20T21:00,2025-11-20,21,21.1,20.59,22.08,21.4,19.97,21.64,21.19,21.52,21.0,21.59
2025-11-20T22:00,2025-11-20,22,20.46,20.04,21.22,20.78,19.18,21.06,20.75,20.84,20.22,20.9
2025-11-20T23:00,2025-11-20,23,19.95,19.56,20.69,20.02,18.68,20.75,20.38,20.39,19.51,20.49
2025-11-21T00:00,2025-11-21,0,19.36,18.89,20.04,19.38,18.19,20.4,20.08,20.07,18.95,19.58
2025-11-21T01:00,2025-11-21,1,18.87,18.4,19.59,18.89,17.87,19.96,19.55,19.38,18.54,18.94
2025-11-21T02:00,2025-11-21,2,18.49,18.04,19.3,18.57,17.6,19.54,18.99,19.2,18.11,18.42
2025-11-21T03:00,2025-11-21,3,18.11,17.74,19.12,18.11,17.16,19.04,18.48,18.97,17.77,17.93
2025-11-21T04:00,2025-11-21,4,17.75,17.36,18.97,17.78,16.74,18.44,18.02,18.72,17.51,17.47
2025-11-21T05:00,2025-11-21,5,17.42,17.05,18.5,17.43,16.66,18.0,17.69,18.49,17.15,17.16
2025-11-21T06:00,2025-11-21,6,17.46,17.15,18.43,17.33,16.68,17.94,17.54,18.73,17.26,17.37
2025-11-21T07:00,2025-11-21,7,18.38,18.02,19.79,18.59,17.43,19.24,18.33,19.62,17.87,18.05
2025-11-21T08:00,2025-11-21,8,21.08,21.17,22.9,21.35,20.1,21.74,20.91,22.04,20.22,20.02
2025-11-21T09:00,2025-11-21,9,23.9,24.4,25.74,24.05,22.93,24.23,23.72,24.52,22.94,22.41
2025-11-21T10:00,2025-11-21,10,25.97,26.54,27.59,26.03,25.15,26.2,25.84,26.32,25.2,24.4
2025-11-21T11:00,2025-11-21,11,27.13,27.44,28.57,27.19,26.41,27.44,27.14,27.24,26.81,25.77
2025-11-21T12:00,2025-11-21,12,27.6,27.79,28.83,27.71,26.88,27.78,27.71,27.63,27.37,26.48
2025-11-21T13:00,2025-11-21,13,27.96,28.23,28.88,28.06,27.09,28.22,27.96,27.92,27.83,27.01
2025-11-21T14:00,2025-11-21,14,27.95,28.3,28.61,28.04,27.03,28.07,27.91,27.9,27.93,27.08
2025-11-21T15:00,2025-11-21,15,27.61,27.97,27.98,27.71,26.59,27.74,27.6,27.49,27.65,26.98
2025-11-21T16:00,2025-11-21,16,26.64,26.93,26.69,26.67,25.46,26.86,26.79,26.56,26.72,26.28
2025-11-21T17:00,2025-11-21,17,24.32,24.34,23.94,24.13,23.81,24.9,24.57,24.32,24.38,24.47
2025-11-21T18:00,2025-11-21,18,22.99,23.16,22.72,22.6,22.17,23.4,23.15,23.0,23.15,23.15
2025-11-21T19:00,2025-11-21,19,22.24,22.41,22.19,21.98,21.47,22.56,22.42,21.91,22.31,22.4
2025-11-21T20:00,2025-11-21,20,21.41,21.33,21.65,21.07,20.96,21.91,21.8,21.28,21.24,21.62
2025-11-21T21:00,2025-11-21,21,20.69,20.58,21.06,20.36,19.99,21.18,21.24,20.65,20.44,20.94
2025-11-21T22:00,2025-11-21,22,19.99,19.82,20.17,19.95,19.03,20.66,20.68,20.06,19.75,20.13
2025-11-21T23:00,2025-11-21,23,19.37,19.22,19.4,19.51,18.46,19.79,20.02,19.58,19.13,19.45
2025-11-22T00:00,2025-11-22,0,18.82,18.76,18.43,18.79,17.9,19.54,19.23,19.35,18.8,18.84
2025-11-22T01:00,2025-11-22,1,18.44,18.46,17.94,18.29,17.53,19.28,18.69,18.74,18.5,18.54
2025-11-22T02:00,2025-11-22,2,18.0,18.13,17.18,17.94,17.15,18.8,18.07,18.55,18.05,18.1
2025-11-22T03:00,2025-11-22,3,17.67,17.73,16.95,17.61,17.0,18.46,17.73,18.33,17.63,17.72
2025-11-22T04:00,2025-11-22,4,17.31,17.37,16.83,17.13,16.69,18.21,17.44,18.06,17.17,17.29
2025-11-22T05:00,2025-11-22,5,16.98,17.01,16.57,16.82,16.23,17.93,17.09,17.69,16.85,16.96
2025-11-22T06:00,2025-11-22,6,17.42,17.67,16.69,17.18,16.52,18.43,17.58,18.21,17.17,17.29
2025-11-22T07:00,2025-11-22,7,18.23,18.48,18.24,18.3,17.26,19.44,18.12,19.11,17.67,17.69
2025-11-22T08:00,2025-11-22,8,20.57,20.92,21.64,21.09,19.56,21.2,20.11,21.39,19.86,19.44
2025-11-22T09:00,2025-11-22,9,23.01,23.49,24.31,23.54,22.11,23.26,22.61,23.68,22.29,21.53
2025-11-22T10:00,2025-11-22,10,25.03,25.61,26.05,25.52,24.11,24.95,24.81,25.67,24.46,23.48
2025-11-22T11:00,2025-11-22,11,26.41,27.0,26.97,26.82,25.46,26.16,26.31,26.83,26.14,25.0
2025-11-22T12:00,2025-11-22,12,27.1,27.5,27.38,27.53,26.24,26.84,27.0,27.27,27.1,26.11
2025-11-22T13:00,2025-11-22,13,27.49,27.87,27.67,27.87,26.67,27.33,27.39,27.57,27.56,26.65
2025-11-22T14:00,2025-11-22,14,27.57,27.96,27.64,27.88,26.72,27.51,27.49,27.52,27.69,26.81
2025-11-22T15:00,2025-11-22,15,27.3,27.66,27.28,27.63,26.5,27.33,27.2,27.25,27.39,26.55
2025-11-22T16:00,2025-11-22,16,26.41,26.74,26.24,26.71,25.63,26.46,26.41,26.52,26.61,25.61
2025-11-22T17:00,2025-11-22,17,24.06,24.18,23.93,24.35,23.42,23.93,24.11,24.27,24.26,23.64
2025-11-22T18:00,2025-11-22,18,22.56,22.65,22.53,22.63,22.24,22.56,22.48,22.5,22.76,22.42
2025-11-22T19:00,2025-11-22,19,21.72,21.56,22.07,21.94,21.6,21.67,21.8,21.56,21.62,21.83
2025-11-22T20:00,2025-11-22,20,20.92,20.73,21.51,21.37,20.7,20.62,21.08,20.7,20.64,21.03
2025-11-22T21:00,2025-11-22,21,20.2,20.07,20.5,20.77,19.75,20.11,20.5,20.0,19.88,20.23
2025-11-22T22:00,2025-11-22,22,19.55,19.5,19.33,19.94,18.91,19.85,20.02,19.51,19.25,19.61
2025-11-22T23:00,2025-11-22,23,18.96,18.88,18.54,19.24,18.66,19.34,19.57,18.82,18.6,19.01
2025-11-23T00:00,2025-11-23,0,18.5,18.44,17.73,18.68,18.47,18.81,19.28,18.65,18.08,18.53
2025-11-23T01:00,2025-11-23,1,18.01,17.95,17.11,18.15,17.82,18.46,18.9,17.89,17.66,18.15
2025-11-23T02:00,2025-11-23,2,17.59,17.59,16.67,17.61,17.36,18.09,18.52,17.6,17.24,17.65
2025-11-23T03:00,2025-11-23,3,17.24,17.38,16.36,17.34,16.98,17.55,18.0,17.36,16.86,17.1
2025-11-23T04:00,2025-11-23,4,16.95,17.21,16.33,16.94,16.78,17.2,17.48,17.21,16.43,16.71
2025-11-23T05:00,2025-11-23,5,16.59,16.79,15.97,16.64,16.47,17.02,16.89,17.07,16.1,16.35
2025-11-23T06:00,2025-11-23,6,16.59,16.98,15.7,16.21,16.63,16.89,16.93,17.39,16.06,16.41
2025-11-23T07:00,2025-11-23,7,17.63,18.04,17.32,17.48,17.42,17.99,17.83,18.41,17.02,17.02
2025-11-23T08:00,2025-11-23,8,20.14,20.86,20.68,20.32,19.03,20.34,20.01,20.92,19.52,18.71
2025-11-23T09:00,2025-11-23,9,22.78,23.69,23.82,23.22,21.03,22.72,22.64,23.47,22.2,20.85
2025-11-23T10:00,2025-11-23,10,24.87,25.76,25.69,25.3,23.29,24.56,24.86,25.54,24.38,22.97
2025-11-23T11:00,2025-11-23,11,26.11,26.88,26.6,26.45,24.93,25.7,26.21,26.42,25.88,24.51
2025-11-23T12:00,2025-11-23,12,26.73,27.33,26.98,27.04,25.81,26.06,26.83,26.83,26.56,25.74
2025-11-23T13:00,2025-11-23,13,27.15,27.67,27.41,27.39,26.37,26.71,27.27,27.26,26.97,26.24
2025-11-23T14:00,2025-11-23,14,27.24,27.73,27.46,27.42,26.48,26.96,27.34,27.34,27.07,26.4
2025-11-23T15:00,2025-11-23,15,26.95,27.36,27.08,27.12,26.24,26.71,27.07,27.07,26.84,26.17
2025-11-23T16:00,2025-11-23,16,26.02,26.41,25.95,26.18,25.28,25.98,26.26,26.19,26.0,25.11
2025-11-23T17:00,2025-11-23,17,23.54,23.57,23.59,23.81,23.09,23.92,23.93,23.83,23.48,22.69
2025-11-23T18:00,2025-11-23,18,22.06,22.0,22.22,22.31,21.74,22.59,22.29,22.56,22.02,21.26
2025-11-23T19:00,2025-11-23,19,21.18,21.01,21.79,21.34,20.68,21.72,21.52,21.57,21.2,20.37
2025-11-23T20:00,2025-11-23,20,20.39,20.23,20.97,20.57,19.67,21.09,20.77,20.75,20.42,19.61
2025-11-23T21:00,2025-11-23,21,19.67,19.57,20.06,19.91,18.88,20.47,20.26,20.04,19.43,18.88
2025-11-23T22:00,2025-11-23,22,19.0,18.84,19.34,19.11,18.1,20.27,19.76,19.63,18.63,18.2
2025-11-23T23:00,2025-11-23,23,18.46,18.11,18.97,18.58,17.73,19.95,19.17,18.99,18.06,17.87
2025-11-24T00:00,2025-11-24,0,18.04,17.65,18.49,18.17,17.4,19.43,18.9,18.83,17.65,17.3
2025-11-24T01:00,2025-11-24,1,17.74,17.36,18.21,18.04,17.19,19.15,18.3,18.29,17.32,17.07
2025-11-24T02:00,2025-11-24,2,17.4,17.04,17.9,17.89,17.01,18.37,17.77,18.06,16.98,16.77
2025-11-24T03:00,2025-11-24,3,17.09,16.7,17.57,17.58,16.81,17.81,17.46,18.02,16.67,16.5
2025-11-24T04:00,2025-11-24,4,16.82,16.42,17.21,17.32,16.48,17.58,17.25,18.07,16.29,16.27
2025-11-24T05:00,2025-11-24,5,16.57,16.08,17.01,17.17,16.02,17.31,17.06,17.97,15.96,16.22
2025-11-24T06:00,2025-11-24,6,16.6,16.21,16.64,17.33,15.95,17.03,17.17,18.15,16.09,16.13
2025-11-24T07:00,2025-11-24,7,17.25,16.95,17.91,17.98,16.57,17.74,17.55,18.55,16.54,16.68
2025-11-24T08:00,2025-11-24,8,19.55,19.68,20.61,20.1,18.85,19.46,19.53,20.54,18.96,18.44
2025-11-24T09:00,2025-11-24,9,22.13,22.6,23.38,22.66,21.18,21.68,21.89,22.75,21.7,20.71
2025-11-24T10:00,2025-11-24,10,24.31,24.88,25.4,24.64,23.43,23.92,24.11,24.66,24.02,22.78
2025-11-24T11:00,2025-11-24,11,25.63,26.1,26.68,25.8,25.01,25.42,25.51,25.71,25.51,24.18
2025-11-24T12:00,2025-11-24,12,26.54,26.91,27.63,26.76,26.15,26.45,26.23,26.45,26.36,25.37
2025-11-24T13:00,2025-11-24,13,27.02,27.32,28.17,27.2,26.74,27.17,26.62,26.91,26.83,25.94
2025-11-24T14:00,2025-11-24,14,27.14,27.41,28.31,27.25,26.84,27.45,26.67,27.01,26.9,26.19
2025-11-24T15:00,2025-11-24,15,26.85,27.1,27.86,26.88,26.52,27.32,26.38,26.75,26.62,26.12
2025-11-24T16:00,2025-11-24,16,25.82,26.04,26.54,25.8,25.39,26.24,25.43,25.75,25.67,25.33
2025-11-24T17:00,2025-11-24,17,23.12,23.3,23.49,23.12,22.71,23.27,22.91,22.99,22.94,23.09
2025-11-24T18:00,2025-11-24,18,21.65,21.73,22.05,21.79,21.16,21.56,21.53,21.75,21.54,21.53
2025-11-24T19:00,2025-11-24,19,20.93,20.95,21.2,21.0,20.52,21.06,20.85,20.87,20.96,20.9
2025-11-24T20:00,2025-11-24,20,20.22,20.2,20.48,20.17,19.74,20.59,20.18,20.3,20.27,20.11
2025-11-24T21:00,2025-11-24,21,19.61,19.55,19.78,19.57,19.26,20.19,19.6,19.69,19.73,19.36
2025-11-24T22:00,2025-11-24,22,19.04,18.96,18.95,18.92,18.94,19.79,19.09,18.94,19.23,18.8
2025-11-24T23:00,2025-11-24,23,18.57,18.5,18.54,18.34,18.7,19.46,18.45,18.47,18.81,18.24
2025-11-25T00:00,2025-11-25,0,18.17,18.1,18.09,17.76,18.49,18.99,18.08,18.28,18.43,17.81
2025-11-25T01:00,2025-11-25,1,17.77,17.83,17.59,17.41,18.07,18.55,17.63,17.81,17.92,17.39
2025-11-25T02:00,2025-11-25,2,17.32,17.49,16.93,17.06,17.54,17.88,17.35,17.43,17.38,16.87
2025-11-25T03:00,2025-11-25,3,16.98,17.23,16.33,16.79,17.17,17.3,17.14,17.19,16.92,16.51
2025-11-25T04:00,2025-11-25,4,16.71,17.04,15.86,16.56,16.99,16.89,16.88,17.0,16.58,16.19
2025-11-25T05:00,2025-11-25,5,16.45,16.85,15.44,16.32,16.9,16.54,16.66,16.87,16.23,15.82
2025-11-25T06:00,2025-11-25,6,16.39,16.96,15.31,16.53,17.01,16.49,16.5,17.1,15.75,15.43
2025-11-25T07:00,2025-11-25,7,16.95,17.3,16.46,17.37,17.41,17.34,16.89,17.55,16.23,16.01
2025-11-25T08:00,2025-11-25,8,18.84,19.0,19.35,19.44,18.4,19.36,18.74,19.48,18.15,17.9
2025-11-25T09:00,2025-11-25,9,21.16,21.24,22.43,21.71,20.08,21.79,20.92,21.64,20.48,20.4
2025-11-25T10:00,2025-11-25,10,23.38,23.49,24.94,23.84,22.23,23.97,23.02,23.69,22.73,22.74
2025-11-25T11:00,2025-11-25,11,25.11,25.27,26.6,25.45,24.06,25.69,24.71,25.2,24.58,24.49
2025-11-25T12:00,2025-11-25,12,26.21,26.4,27.45,26.39,25.41,26.65,25.74,25.93,25.93,25.74
2025-11-25T13:00,2025-11-25,13,26.82,26.98,27.97,26.84,26.49,27.31,26.24,26.42,26.59,26.45
2025-11-25T14:00,2025-11-25,14,27.0,27.17,27.97,26.98,26.85,27.51,26.39,26.52,26.82,26.68
2025-11-25T15:00,2025-11-25,15,26.8,27.03,27.46,26.79,26.61,27.24,26.25,26.38,26.63,26.55
2025-11-25T16:00,2025-11-25,16,25.97,26.29,26.09,26.06,25.74,26.03,25.55,25.83,25.85,25.74
2025-11-25T17:00,2025-11-25,17,23.48,23.79,23.12,23.72,23.38,23.54,23.19,23.5,23.15,23.37
2025-11-25T18:00,2025-11-25,18,21.86,22.12,21.62,22.12,21.89,21.89,21.42,22.17,21.55,21.73
2025-11-25T19:00,2025-11-25,19,21.15,21.42,21.06,21.08,21.31,20.9,20.75,21.3,21.07,21.07
2025-11-25T20:00,2025-11-25,20,20.41,20.59,20.63,20.37,20.4,20.18,20.02,20.48,20.37,20.34
2025-11-25T21:00,2025-11-25,21,19.74,19.95,19.86,19.71,19.53,19.82,19.35,19.69,19.74,19.69
2025-11-25T22:00,2025-11-25,22,19.12,19.25,19.03,18.91,18.87,19.54,18.81,19.43,19.21,19.1
2025-11-25T23:00,2025-11-25,23,18.51,18.6,18.2,18.47,18.3,18.93,18.29,18.91,18.57,18.43
2025-11-26T00:00,2025-11-26,0,18.19,18.25,18.04,17.98,18.12,18.51,18.03,18.89,18.12,18.1
2025-11-26T01:00,2025-11-26,1,17.84,18.12,17.44,17.66,17.87,18.27,17.67,18.17,17.66,17.53
2025-11-26T02:00,2025-11-26,2,17.5,17.95,17.11,17.33,17.35,17.84,17.37,17.9,17.14,17.05
2025-11-26T03:00,2025-11-26,3,17.12,17.59,17.15,17.04,16.94,17.01,17.03,17.72,16.59,16.58
2025-11-26T04:00,2025-11-26,4,16.74,17.21,17.07,16.71,16.53,16.61,16.61,17.49,16.03,16.13
2025-11-26T05:00,2025-11-26,5,16.38,16.85,16.9,16.36,16.09,16.27,16.19,17.21,15.56,15.8
2025-11-26T06:00,2025-11-26,6,16.33,16.67,16.64,16.24,16.59,16.14,16.19,17.52,15.55,15.65
2025-11-26T07:00,2025-11-26,7,17.04,17.27,18.09,17.26,17.04,17.17,16.69,18.1,16.09,16.18
2025-11-26T08:00,2025-11-26,8,19.24,19.48,21.05,20.05,18.67,19.54,18.59,20.13,18.0,18.14
2025-11-26T09:00,2025-11-26,9,21.76,22.01,23.97,22.72,21.04,22.26,20.8,22.25,20.36,20.76
2025-11-26T10:00,2025-11-26,10,23.97,24.28,26.19,24.84,23.26,24.51,22.91,24.11,22.7,23.03
2025-11-26T11:00,2025-11-26,11,25.55,25.84,27.35,26.26,24.99,26.07,24.64,25.55,24.57,24.68
2025-11-26T12:00,2025-11-26,12,26.41,26.58,27.95,26.88,25.83,26.92,25.66,26.19,25.82,25.87
2025-11-26T13:00,2025-11-26,13,26.99,27.11,28.39,27.36,26.6,27.45,26.19,26.68,26.55,26.58
2025-11-26T14:00,2025-11-26,14,27.16,27.3,28.51,27.42,26.72,27.66,26.38,26.81,26.78,26.88
2025-11-26T15:00,2025-11-26,15,27.0,27.17,28.13,27.19,26.55,27.48,26.28,26.66,26.65,26.78
2025-11-26T16:00,2025-11-26,16,26.19,26.43,27.0,26.19,25.73,26.3,25.73,26.03,25.98,25.99
2025-11-26T17:00,2025-11-26,17,23.65,23.77,23.86,23.73,23.2,23.45,23.36,23.87,23.5,23.87
2025-11-26T18:00,2025-11-26,18,22.12,22.17,22.31,22.08,21.86,21.81,21.77,22.46,22.03,22.54
2025-11-26T19:00,2025-11-26,19,21.12,21.11,21.56,20.78,20.81,20.78,20.86,21.14,21.23,21.76
2025-11-26T20:00,2025-11-26,20,20.26,20.06,20.81,19.85,20.12,20.28,20.12,20.32,20.27,20.99
2025-11-26T21:00,2025-11-26,21,19.59,19.34,20.06,19.23,19.6,19.9,19.52,19.73,19.51,20.11
2025-11-26T22:00,2025-11-26,22,18.87,18.57,19.18,18.59,18.91,19.34,19.02,19.05,18.9,19.13
2025-11-26T23:00,2025-11-26,23,18.29,17.98,18.67,17.95,18.37,19.01,18.59,18.51,18.23,18.3
2025-11-27T00:00,2025-11-27,0,17.9,17.7,18.34,17.41,17.99,18.47,18.21,18.41,17.74,17.75
2025-11-27T01:00,2025-11-27,1,17.5,17.33,17.68,17.15,17.69,17.92,17.7,17.79,17.42,17.51
2025-11-27T02:00,2025-11-27,2,17.03,16.78,17.04,16.84,17.23,17.42,17.18,17.5,17.0,17.1
2025-11-27T03:00,2025-11-27,3,16.65,16.33,16.61,16.62,16.99,16.94,16.82,17.21,16.59,16.71
2025-11-27T04:00,2025-11-27,4,16.36,16.12,16.2,16.46,16.56,16.49,16.53,16.96,16.24,16.36
2025-11-27T05:00,2025-11-27,5,16.08,15.81,15.92,16.24,16.17,16.13,16.34,16.78,15.98,16.09
2025-11-27T06:00,2025-11-27,6,16.22,15.86,15.85,16.16,16.31,16.08,16.74,17.56,16.1,16.41
2025-11-27T07:00,2025-11-27,7,16.83,16.48,16.98,17.03,17.05,16.88,17.07,17.95,16.38,16.93
2025-11-27T08:00,2025-11-27,8,19.37,19.36,20.24,19.77,19.2,19.51,19.23,20.3,18.58,18.88
2025-11-27T09:00,2025-11-27,9,22.2,22.55,23.4,22.56,21.91,22.38,21.71,22.68,21.25,21.37
2025-11-27T10:00,2025-11-27,10,24.61,25.05,25.83,24.9,24.38,24.8,24.08,24.87,23.69,23.71
2025-11-27T11:00,2025-11-27,11,26.3,26.7,27.43,26.51,26.17,26.73,25.76,26.34,25.54,25.41
2025-11-27T12:00,2025-11-27,12,27.29,27.61,28.3,27.54,27.2,27.9,26.6,27.03,26.73,26.55
2025-11-27T13:00,2025-11-27,13,27.88,28.18,28.85,28.16,27.65,28.41,27.09,27.5,27.5,27.28
2025-11-27T14:00,2025-11-27,14,28.06,28.38,28.89,28.35,27.83,28.56,27.25,27.61,27.76,27.5
2025-11-27T15:00,2025-11-27,15,27.85,28.21,28.47,28.17,27.59,28.12,27.11,27.41,27.66,27.28
2025-11-27T16:00,2025-11-27,16,26.8,27.15,26.92,27.04,26.56,26.71,26.44,26.64,26.86,26.15
2025-11-27T17:00,2025-11-27,17,24.16,24.27,24.04,24.44,23.88,24.1,24.17,24.17,24.49,23.46
2025-11-27T18:00,2025-11-27,18,22.57,22.42,22.49,22.71,22.58,23.08,22.73,22.39,22.77,22.2
2025-11-27T19:00,2025-11-27,19,21.58,21.27,21.59,21.63,21.29,22.18,21.86,21.2,21.84,21.72
2025-11-27T20:00,2025-11-27,20,20.66,20.45,20.88,20.43,20.19,21.13,20.94,20.48,20.88,20.88
2025-11-27T21:00,2025-11-27,21,19.99,19.81,20.3,19.69,19.44,20.76,20.24,20.18,19.98,20.09
2025-11-27T22:00,2025-11-27,22,19.39,19.23,20.15,19.14,18.66,20.16,19.59,19.3,19.32,19.43
2025-11-27T23:00,2025-11-27,23,18.81,18.68,19.62,18.57,18.23,19.62,19.08,18.5,18.66,18.76
2025-11-28T00:00,2025-11-28,0,18.22,17.91,18.53,18.01,18.4,19.12,18.63,18.32,17.91,18.22
2025-11-28T01:00,2025-11-28,1,17.57,17.15,17.62,17.21,18.14,18.57,17.9,17.43,17.24,18.12
2025-11-28T02:00,2025-11-28,2,17.09,16.59,17.13,16.71,17.53,18.01,17.52,17.18,16.76,17.75
2025-11-28T03:00,2025-11-28,3,16.68,16.08,16.76,16.42,17.02,17.32,17.16,17.13,16.39,17.4
2025-11-28T04:00,2025-11-28,4,16.3,15.65,16.47,16.15,16.67,16.9,16.76,16.82,15.98,17.01
2025-11-28T05:00,2025-11-28,5,15.94,15.36,16.24,15.64,16.28,16.57,16.32,16.42,15.57,16.7
2025-11-28T06:00,2025-11-28,6,15.77,15.28,16.11,15.35,15.79,16.29,16.32,16.36,15.34,16.56
2025-11-28T07:00,2025-11-28,7,16.26,15.74,17.09,16.09,16.33,16.88,16.67,16.64,15.54,16.95
2025-11-28T08:00,2025-11-28,8,18.74,18.55,20.19,19.07,18.65,19.23,18.6,18.55,17.77,18.83
2025-11-28T09:00,2025-11-28,9,21.97,22.31,23.74,22.39,21.48,21.91,21.68,21.58,21.01,21.25
2025-11-28T10:00,2025-11-28,10,24.56,24.98,26.14,24.9,24.03,24.16,24.32,24.51,23.93,23.47
2025-11-28T11:00,2025-11-28,11,26.19,26.49,27.59,26.56,25.64,25.82,25.87,26.2,25.82,25.2
2025-11-28T12:00,2025-11-28,12,27.12,27.28,28.49,27.59,26.62,27.0,26.56,27.09,26.7,26.62
2025-11-28T13:00,2025-11-28,13,27.8,28.05,28.85,28.22,27.29,27.72,27.1,27.75,27.41,27.46
2025-11-28T14:00,2025-11-28,14,27.93,28.2,28.84,28.3,27.49,27.99,27.17,27.85,27.51,27.69
2025-11-28T15:00,2025-11-28,15,27.69,27.93,28.33,28.06,27.34,27.82,26.95,27.58,27.28,27.58
2025-11-28T16:00,2025-11-28,16,26.55,26.69,26.78,26.72,26.26,26.61,26.17,26.68,26.35,26.54
2025-11-28T17:00,2025-11-28,17,23.89,23.74,23.64,23.91,23.52,24.38,23.78,24.27,23.99,24.15
2025-11-28T18:00,2025-11-28,18,22.27,22.06,22.27,22.42,21.73,22.91,21.95,22.41,22.56,22.51
2025-11-28T19:00,2025-11-28,19,21.34,21.14,21.64,21.27,20.7,21.61,21.13,20.99,21.92,21.69
2025-11-28T20:00,2025-11-28,20,20.42,20.03,21.18,20.26,19.95,21.13,20.37,20.25,20.69,20.7
2025-11-28T21:00,2025-11-28,21,19.65,19.25,20.56,19.39,19.37,20.82,19.7,19.6,19.6,19.71
2025-11-28T22:00,2025-11-28,22,19.0,18.68,19.81,18.66,18.8,20.15,19.2,19.15,18.69,19.06
2025-11-28T23:00,2025-11-28,23,18.39,18.14,18.86,18.14,18.02,19.38,18.87,18.52,18.04,18.46
2025-11-29T00:00,2025-11-29,0,17.76,17.46,17.65,17.53,17.64,18.89,18.52,18.19,17.28,17.8
2025-11-29T01:00,2025-11-29,1,17.23,16.8,17.07,17.04,17.26,18.75,18.04,17.35,16.62,17.49
2025-11-29T02:00,2025-11-29,2,16.77,16.3,16.75,16.62,16.83,18.06,17.5,17.05,16.18,17.06
2025-11-29T03:00,2025-11-29,3,16.37,15.89,16.31,16.28,16.52,17.46,16.93,16.72,15.96,16.63
2025-11-29T04:00,2025-11-29,4,16.01,15.56,15.81,15.98,16.15,17.12,16.49,16.44,15.68,16.25
2025-11-29T05:00,2025-11-29,5,15.69,15.29,15.51,15.53,15.64,16.56,16.16,16.24,15.46,16.02
2025-11-29T06:00,2025-11-29,6,15.48,15.17,15.24,15.22,15.25,16.37,15.9,16.51,15.16,15.78
2025-11-29T07:00,2025-11-29,7,15.93,15.46,16.41,15.78,15.73,16.83,16.29,17.02,15.46,16.06
2025-11-29T08:00,2025-11-29,8,18.59,18.41,19.93,18.61,18.39,18.76,18.53,19.8,18.09,17.99
2025-11-29T09:00,2025-11-29,9,21.65,21.92,23.3,21.87,21.09,21.35,21.42,22.56,21.06,20.43
2025-11-29T10:00,2025-11-29,10,24.02,24.35,25.44,24.29,23.3,23.63,23.88,24.57,23.66,22.76
2025-11-29T11:00,2025-11-29,11,25.56,25.84,26.79,25.81,24.81,25.16,25.34,25.77,25.42,24.65
2025-11-29T12:00,2025-11-29,12,26.7,26.79,27.8,27.0,26.08,26.29,26.4,26.62,26.76,26.27
2025-11-29T13:00,2025-11-29,13,27.23,27.3,28.03,27.37,26.68,27.09,26.79,27.06,27.33,27.09
2025-11-29T14:00,2025-11-29,14,27.31,27.4,27.95,27.35,26.84,27.28,26.87,27.09,27.42,27.33
2025-11-29T15:00,2025-11-29,15,27.04,27.14,27.47,27.01,26.61,27.03,26.68,26.78,27.22,27.11
2025-11-29T16:00,2025-11-29,16,26.06,26.18,26.11,25.97,25.53,26.14,25.92,25.91,26.31,26.04
2025-11-29T17:00,2025-11-29,17,23.54,23.43,23.15,23.79,23.13,23.71,23.68,23.39,23.86,23.59
2025-11-29T18:00,2025-11-29,18,22.0,21.62,21.81,22.32,21.56,22.37,22.05,22.06,22.57,22.05
2025-11-29T19:00,2025-11-29,19,21.06,20.69,20.9,20.88,20.49,21.41,21.31,21.05,21.94,21.26
2025-11-29T20:00,2025-11-29,20,20.18,19.84,20.19,19.78,19.75,20.71,20.74,20.16,20.71,20.31
2025-11-29T21:00,2025-11-29,21,19.43,19.01,19.68,19.0,19.16,20.21,20.16,19.38,19.57,19.57
2025-11-29T22:00,2025-11-29,22,18.83,18.4,19.09,18.3,18.84,19.76,19.7,18.82,18.68,19.03
2025-11-29T23:00,2025-11-29,23,18.26,17.8,18.32,17.74,18.31,19.43,19.18,18.32,18.08,18.41
2025-11-30T00:00,2025-11-30,0,17.75,17.38,17.46,17.23,17.66,19.07,18.51,17.89,17.63,18.02
2025-11-30T01:00,2025-11-30,1,17.24,16.84,16.78,16.74,17.13,18.93,17.72,17.15,17.3,17.7
2025-11-30T02:00,2025-11-30,2,16.85,16.4,16.34,16.38,16.96,18.43,17.14,16.92,17.08,17.28
2025-11-30T03:00,2025-11-30,3,16.49,15.9,16.1,16.13,16.74,17.94,16.66,16.61,16.9,16.93
2025-11-30T04:00,2025-11-30,4,16.19,15.58,15.84,15.78,16.46,17.59,16.42,16.32,16.62,16.56
2025-11-30T05:00,2025-11-30,5,15.88,15.34,15.5,15.36,16.32,17.18,16.05,16.04,16.33,16.24
2025-11-30T06:00,2025-11-30,6,16.01,15.63,15.33,15.45,16.39,17.04,16.55,16.63,16.37,15.97
2025-11-30T07:00,2025-11-30,7,16.53,16.36,16.15,16.18,16.75,17.49,16.78,17.16,16.57,16.23
2025-11-30T08:00,2025-11-30,8,19.05,19.2,19.47,19.28,19.08,19.27,18.98,19.73,18.7,18.03
2025-11-30T09:00,2025-11-30,9,21.68,22.05,22.72,22.22,21.34,21.66,21.41,22.15,21.15,20.18
2025-11-30T10:00,2025-11-30,10,23.91,24.42,25.11,24.35,23.26,23.63,23.68,24.29,23.44,22.36
2025-11-30T11:00,2025-11-30,11,25.47,25.98,26.58,25.7,24.83,25.05,25.34,25.77,25.2,24.02
2025-11-30T12:00,2025-11-30,12,26.48,26.92,27.24,26.55,25.92,26.09,26.47,26.61,26.34,25.39
2025-11-30T13:00,2025-11-30,13,26.96,27.33,27.56,26.94,26.45,26.87,26.83,26.9,26.88,26.19
2025-11-30T14:00,2025-11-30,14,27.08,27.48,27.52,26.97,26.65,27.06,26.92,26.94,26.96,26.47
2025-11-30T15:00,2025-11-30,15,26.85,27.19,27.19,26.79,26.44,26.94,26.7,26.67,26.74,26.33
2025-11-30T16:00,2025-11-30,16,25.93,26.27,26.14,25.85,25.44,26.0,25.98,25.89,25.89,25.31
2025-11-30T17:00,2025-11-30,17,23.6,24.01,23.52,23.37,22.93,23.47,23.97,23.74,23.53,23.03
2025-11-30T18:00,2025-11-30,18,22.2,22.53,22.49,22.26,21.6,22.27,22.13,22.02,22.11,21.72
2025-11-30T19:00,2025-11-30,19,21.36,21.68,21.62,21.31,20.83,21.48,21.32,21.06,21.43,20.81
2025-11-30T20:00,2025-11-30,20,20.43,20.61,20.47,20.43,19.86,21.11,20.64,20.43,20.32,19.81
2025-11-30T21:00,2025-11-30,21,19.64,19.76,19.84,19.58,19.1,20.57,20.0,19.86,19.27,19.01
2025-11-30T22:00,2025-11-30,22,18.99,19.05,19.23,18.88,18.54,19.99,19.48,19.11,18.61,18.3
2025-11-30T23:00,2025-11-30,23,18.39,18.39,18.5,18.32,18.09,19.49,18.92,18.61,18.05,17.68
2025-12-01T00:00,2025-12-01,0,17.91,17.88,17.88,17.85,17.71,19.16,18.5,18.39,17.47,17.06
2025-12-01T01:00,2025-12-01,1,17.52,17.44,17.79,17.5,17.39,18.88,18.11,17.8,16.98,16.61
2025-12-01T02:00,2025-12-01,2,17.21,17.19,17.45,17.29,17.09,18.34,17.82,17.75,16.63,16.09
2025-12-01T03:00,2025-12-01,3,16.86,16.81,16.81,17.12,16.73,17.76,17.55,17.62,16.38,15.75
2025-12-01T04:00,2025-12-01,4,16.58,16.51,16.29,16.84,16.4,17.35,17.32,17.47,16.25,15.5
2025-12-01T05:00,2025-12-01,5,16.25,16.16,15.82,16.76,16.29,17.04,16.87,17.29,15.72,15.18
2025-12-01T06:00,2025-12-01,6,16.08,15.89,15.5,16.63,16.13,17.08,16.8,17.82,15.41,14.9
2025-12-01T07:00,2025-12-01,7,16.61,16.39,16.43,17.35,16.38,17.83,17.29,18.2,15.8,15.24
2025-12-01T08:00,2025-12-01,8,18.99,19.15,19.81,19.81,18.74,19.5,19.17,20.43,17.91,17.19
2025-12-01T09:00,2025-12-01,9,21.6,22.06,22.97,22.27,20.89,21.96,21.49,22.61,20.55,19.67
2025-12-01T10:00,2025-12-01,10,23.85,24.41,25.25,24.28,23.09,23.87,23.6,24.57,23.24,21.9
2025-12-01T11:00,2025-12-01,11,25.38,25.9,26.6,25.59,24.62,25.12,25.22,25.75,25.04,23.92
2025-12-01T12:00,2025-12-01,12,26.31,26.72,27.24,26.46,25.58,26.14,26.15,26.56,26.06,25.24
2025-12-01T13:00,2025-12-01,13,26.76,27.07,27.57,26.94,26.19,26.93,26.62,26.97,26.39,25.9
2025-12-01T14:00,2025-12-01,14,26.74,26.98,27.54,27.04,26.29,27.12,26.64,27.01,25.96,26.06
2025-12-01T15:00,2025-12-01,15,26.34,26.63,27.16,26.78,25.72,26.81,26.17,26.74,25.3,25.72
2025-12-01T16:00,2025-12-01,16,25.36,25.72,26.05,25.91,24.32,25.7,25.18,25.98,24.56,24.62
2025-12-01T17:00,2025-12-01,17,23.26,23.62,23.15,23.54,22.65,23.51,23.49,23.92,22.74,22.37
2025-12-01T18:00,2025-12-01,18,22.24,22.56,21.98,22.46,22.0,23.14,22.39,22.87,21.82,21.01
2025-12-01T19:00,2025-12-01,19,21.52,21.8,21.18,21.38,21.17,22.68,21.96,21.99,21.28,20.37
2025-12-01T20:00,2025-12-01,20,20.78,21.21,20.42,20.79,20.43,21.87,21.27,21.24,20.22,19.47
2025-12-01T21:00,2025-12-01,21,20.22,20.9,19.74,20.07,19.49,21.22,20.88,20.71,19.62,18.7
2025-12-01T22:00,2025-12-01,22,19.56,20.14,19.12,19.38,18.91,21.08,20.24,20.0,18.74,18.18
2025-12-01T23:00,2025-12-01,23,18.97,19.7,18.39,18.76,18.35,20.29,19.99,19.21,18.0,17.36
2025-12-02T00:00,2025-12-02,0,18.85,19.99,18.01,18.46,18.3,20.16,19.82,19.13,17.66,16.82
2025-12-02T01:00,2025-12-02,1,18.57,19.88,17.56,18.39,18.09,19.69,19.63,18.6,17.48,16.08
2025-12-02T02:00,2025-12-02,2,17.99,18.93,17.28,18.24,17.53,18.74,19.31,18.27,16.89,15.55
2025-12-02T03:00,2025-12-02,3,17.59,18.55,17.06,17.76,17.1,18.24,18.53,18.45,16.51,15.11
2025-12-02T04:00,2025-12-02,4,17.29,18.29,16.86,17.72,16.54,17.97,18.07,18.08,16.18,14.79
2025-12-02T05:00,2025-12-02,5,16.82,17.3,16.76,17.85,16.09,17.57,17.68,17.8,15.75,14.36
2025-12-02T06:00,2025-12-02,6,16.42,16.82,16.36,17.02,15.52,17.08,17.7,18.14,15.43,13.92
2025-12-02T07:00,2025-12-02,7,16.99,17.24,17.37,17.75,15.97,17.9,18.3,18.97,15.77,14.33
2025-12-02T08:00,2025-12-02,8,19.11,19.3,20.39,20.01,18.29,19.79,19.78,20.57,18.15,16.41
2025-12-02T09:00,2025-12-02,9,21.47,21.61,23.32,22.0,20.74,21.93,21.7,22.77,20.97,18.95
2025-12-02T10:00,2025-12-02,10,23.55,23.71,25.36,24.03,22.81,23.73,23.63,24.25,23.32,21.38
2025-12-02T11:00,2025-12-02,11,24.91,25.17,26.59,25.21,24.25,25.09,24.88,24.79,24.74,23.24
2025-12-02T12:00,2025-12-02,12,25.52,25.8,27.19,25.48,24.87,25.89,25.43,24.82,25.38,24.4
2025-12-02T13:00,2025-12-02,13,25.89,26.26,26.52,25.75,25.22,26.45,25.99,24.94,25.85,25.1
2025-12-02T14:00,2025-12-02,14,25.9,26.35,26.17,25.5,25.29,26.57,26.16,24.76,25.96,25.23
2025-12-02T15:00,2025-12-02,15,25.66,26.04,25.39,25.38,25.03,26.33,26.11,25.01,25.74,25.03
2025-12-02T16:00,2025-12-02,16,24.83,25.22,24.47,24.62,24.02,25.43,25.6,24.38,24.88,23.98
2025-12-02T17:00,2025-12-02,17,22.76,23.01,23.3,22.99,21.81,23.06,23.72,22.74,22.3,21.49
2025-12-02T18:00,2025-12-02,18,21.0,20.96,22.43,21.29,20.01,21.47,21.99,21.63,20.21,19.64
2025-12-02T19:00,2025-12-02,19,20.17,20.05,22.09,20.53,18.95,20.75,21.27,20.76,19.25,18.69
2025-12-02T20:00,2025-12-02,20,19.25,19.08,20.83,19.78,18.05,19.94,20.49,20.21,18.14,17.82
2025-12-02T21:00,2025-12-02,21,18.55,18.28,20.33,19.24,17.49,19.22,19.71,19.65,17.27,17.08
2025-12-02T22:00,2025-12-02,22,17.96,17.71,19.7,18.79,17.03,18.54,19.01,19.12,16.77,16.27
2025-12-02T23:00,2025-12-02,23,17.43,17.2,19.17,18.34,16.2,17.99,18.58,18.67,16.19,15.7
2025-12-03T00:00,2025-12-03,0,17.18,17.02,18.79,18.21,15.82,17.87,18.31,18.77,15.78,15.34
2025-12-03T01:00,2025-12-03,1,16.76,16.53,18.58,17.74,15.36,17.47,17.83,18.47,15.34,14.98
2025-12-03T02:00,2025-12-03,2,16.36,16.03,18.41,17.36,15.13,17.13,17.39,18.44,14.82,14.49
2025-12-03T03:00,2025-12-03,3,16.01,15.53,18.12,17.01,15.1,16.97,16.99,18.25,14.39,14.15
2025-12-03T04:00,2025-12-03,4,15.59,15.04,17.76,16.53,14.77,16.52,16.52,17.83,14.0,13.88
2025-12-03T05:00,2025-12-03,5,15.19,14.59,17.43,15.95,14.62,16.06,16.16,17.52,13.53,13.6
2025-12-03T06:00,2025-12-03,6,14.96,14.58,16.96,15.55,14.49,15.51,16.25,17.71,13.09,13.09
2025-12-03T07:00,2025-12-03,7,15.31,14.95,17.62,16.11,14.87,16.08,16.34,17.9,13.3,13.23
2025-12-03T08:00,2025-12-03,8,17.69,17.65,19.75,18.57,17.12,18.18,18.38,19.91,15.85,15.51
2025-12-03T09:00,2025-12-03,9,20.45,20.65,22.25,21.14,19.77,20.82,20.77,22.06,18.82,18.73
2025-12-03T10:00,2025-12-03,10,22.8,23.05,24.35,23.18,22.26,23.18,22.95,23.93,21.49,21.44
2025-12-03T11:00,2025-12-03,11,24.38,24.63,25.79,24.5,23.87,24.73,24.39,25.0,23.4,23.44
2025-12-03T12:00,2025-12-03,12,25.25,25.47,26.79,25.41,24.61,25.51,25.14,25.67,24.3,24.53
2025-12-03T13:00,2025-12-03,13,25.76,25.87,27.26,25.82,25.29,26.25,25.6,26.09,24.82,25.28
2025-12-03T14:00,2025-12-03,14,25.84,25.87,27.31,25.89,25.32,26.36,25.66,26.21,25.0,25.56
2025-12-03T15:00,2025-12-03,15,25.57,25.48,27.0,25.59,25.16,26.12,25.35,25.87,24.86,25.44
2025-12-03T16:00,2025-12-03,16,24.51,24.29,25.72,24.45,24.17,25.08,24.52,24.86,23.88,24.6
2025-12-03T17:00,2025-12-03,17,21.87,21.4,22.95,22.13,21.44,22.58,22.17,22.44,20.99,22.25
2025-12-03T18:00,2025-12-03,18,20.32,19.59,21.79,20.64,19.88,21.2,20.57,21.23,19.38,20.76
2025-12-03T19:00,2025-12-03,19,19.5,18.7,21.18,19.78,19.11,20.62,19.85,20.39,18.45,19.88
2025-12-03T20:00,2025-12-03,20,18.59,17.81,20.25,18.8,18.05,19.78,18.94,19.66,17.56,18.95
2025-12-03T21:00,2025-12-03,21,17.78,16.99,19.41,17.98,17.3,19.16,18.12,18.65,17.02,17.86
2025-12-03T22:00,2025-12-03,22,17.16,16.38,18.76,17.31,16.86,18.31,17.53,17.89,16.44,17.29
2025-12-03T23:00,2025-12-03,23,16.65,15.93,18.12,16.64,16.55,17.75,16.91,17.16,16.02,16.89
2025-12-04T00:00,2025-12-04,0,16.36,15.71,17.54,16.07,16.36,17.77,16.62,16.92,15.82,16.52
2025-12-04T01:00,2025-12-04,1,16.05,15.45,17.15,15.74,16.31,17.56,16.22,16.15,15.65,16.16
2025-12-04T02:00,2025-12-04,2,15.68,15.13,16.74,15.28,16.06,17.13,15.73,15.82,15.34,15.78
2025-12-04T03:00,2025-12-04,3,15.31,14.87,16.37,14.88,15.76,16.48,15.25,15.51,14.96,15.4
2025-12-04T04:00,2025-12-04,4,14.97,14.52,16.1,14.67,15.46,16.03,14.81,15.14,14.57,15.03
2025-12-04T05:00,2025-12-04,5,14.66,14.29,15.7,14.47,15.07,15.61,14.51,15.03,14.15,14.61
2025-12-04T06:00,2025-12-04,6,14.76,14.46,15.85,14.38,15.44,15.12,14.79,15.53,14.24,14.52
2025-12-04T07:00,2025-12-04,7,15.08,14.85,16.64,14.96,15.49,15.54,14.98,15.7,14.37,14.55
2025-12-04T08:00,2025-12-04,8,17.35,17.41,18.88,17.73,17.41,17.3,17.09,18.02,16.44,16.53
2025-12-04T09:00,2025-12-04,9,19.96,20.14,21.56,20.44,19.77,20.07,19.44,20.48,19.03,19.13
2025-12-04T10:00,2025-12-04,10,22.38,22.58,23.94,22.8,21.97,22.7,21.72,22.72,21.54,21.71
2025-12-04T11:00,2025-12-04,11,24.21,24.37,25.71,24.42,23.7,24.51,23.59,24.12,23.68,23.76
2025-12-04T12:00,2025-12-04,12,25.3,25.48,26.83,25.35,24.84,25.46,24.76,25.01,24.98,24.89
2025-12-04T13:00,2025-12-04,13,25.94,26.05,27.44,25.9,25.59,26.21,25.38,25.67,25.61,25.61
2025-12-04T14:00,2025-12-04,14,26.14,26.27,27.52,26.08,25.78,26.46,25.64,25.87,25.83,25.85
2025-12-04T15:00,2025-12-04,15,25.95,26.08,27.16,25.8,25.62,26.3,25.5,25.73,25.65,25.73
2025-12-04T16:00,2025-12-04,16,25.04,25.23,25.99,24.8,24.65,25.24,24.71,25.02,24.79,24.83
2025-12-04T17:00,2025-12-04,17,22.37,22.58,23.14,21.93,21.99,22.35,22.3,22.48,22.03,22.37
2025-12-04T18:00,2025-12-04,18,20.83,20.97,21.53,20.24,20.54,21.05,20.9,20.93,20.44,20.93
2025-12-04T19:00,2025-12-04,19,20.05,20.06,20.72,19.47,19.79,20.13,20.25,20.3,19.81,20.2
2025-12-04T20:00,2025-12-04,20,19.33,19.32,19.85,18.86,19.43,19.48,19.49,19.58,19.1,19.28
2025-12-04T21:00,2025-12-04,21,18.71,18.64,19.14,18.23,18.99,19.1,18.9,19.05,18.51,18.45
2025-12-04T22:00,2025-12-04,22,18.2,18.06,18.75,17.91,18.47,18.63,18.47,18.66,17.99,17.72
2025-12-04T23:00,2025-12-04,23,17.82,17.69,18.44,17.68,18.18,18.16,18.14,18.31,17.52,17.14
2025-12-05T00:00,2025-12-05,0,17.56,17.54,18.09,17.29,17.96,17.88,17.93,18.3,17.15,16.72
2025-12-05T01:00,2025-12-05,1,17.1,17.1,17.69,16.87,17.52,17.17,17.45,17.85,16.65,16.33
2025-12-05T02:00,2025-12-05,2,16.71,16.72,17.33,16.55,17.11,16.53,17.05,17.73,16.18,15.95
2025-12-05T03:00,2025-12-05,3,16.34,16.38,17.02,16.2,16.71,15.94,16.68,17.57,15.69,15.65
2025-12-05T04:00,2025-12-05,4,16.02,16.07,16.71,16.09,16.18,15.4,16.33,17.31,15.34,15.35
2025-12-05T05:00,2025-12-05,5,15.68,15.85,16.33,15.83,15.71,14.83,15.88,17.02,14.96,15.04
2025-12-05T06:00,2025-12-05,6,15.67,15.9,16.29,15.65,15.78,14.9,15.89,17.2,14.91,14.89
2025-12-05T07:00,2025-12-05,7,15.83,16.02,16.75,15.99,15.94,15.32,15.93,17.2,15.0,14.84
2025-12-05T08:00,2025-12-05,8,17.67,17.85,19.14,18.25,17.06,17.18,17.58,18.91,16.77,16.63
2025-12-05T09:00,2025-12-05,9,20.04,20.17,21.94,20.73,18.99,19.8,19.77,20.94,19.17,19.09
2025-12-05T10:00,2025-12-05,10,22.46,22.58,24.61,23.16,21.46,22.56,21.92,23.0,21.6,21.55
2025-12-05T11:00,2025-12-05,11,24.38,24.48,26.53,24.88,23.53,24.69,23.78,24.63,23.66,23.53
2025-12-05T12:00,2025-12-05,12,25.5,25.63,27.53,25.87,24.66,25.74,25.0,25.53,24.91,24.72
2025-12-05T13:00,2025-12-05,13,26.22,26.34,28.13,26.42,25.74,26.63,25.65,26.23,25.56,25.55
2025-12-05T14:00,2025-12-05,14,26.45,26.62,28.19,26.62,26.06,26.9,25.83,26.47,25.77,25.83
2025-12-05T15:00,2025-12-05,15,26.2,26.38,27.77,26.32,25.83,26.62,25.57,26.3,25.52,25.69
2025-12-05T16:00,2025-12-05,16,25.19,25.38,26.45,25.37,24.81,25.41,24.68,25.57,24.56,24.72
2025-12-05T17:00,2025-12-05,17,22.42,22.56,23.39,22.51,21.77,22.67,22.17,22.89,21.8,22.22
2025-12-05T18:00,2025-12-05,18,20.84,20.8,21.93,21.08,20.17,21.3,20.58,21.74,20.16,20.61
2025-12-05T19:00,2025-12-05,19,19.94,19.79,21.08,20.03,19.38,20.2,19.8,20.8,19.44,19.84
2025-12-05T20:00,2025-12-05,20,19.06,18.74,20.54,19.16,18.51,19.41,18.92,19.98,18.51,19.09
2025-12-05T21:00,2025-12-05,21,18.39,18.0,19.82,18.5,17.88,18.86,18.19,19.34,17.77,18.58
2025-12-05T22:00,2025-12-05,22,17.77,17.34,19.06,17.93,17.32,18.18,17.57,18.71,17.22,18.05
2025-12-05T23:00,2025-12-05,23,17.23,16.82,18.57,17.49,16.86,17.69,17.07,18.11,16.68,17.21
2025-12-06T00:00,2025-12-06,0,16.95,16.57,18.25,17.24,16.75,17.52,16.82,17.76,16.32,16.73
2025-12-06T01:00,2025-12-06,1,16.58,16.31,17.84,16.81,16.69,17.07,16.27,16.92,16.05,16.33
2025-12-06T02:00,2025-12-06,2,16.16,16.02,17.42,16.4,16.38,16.46,15.75,16.52,15.66,15.71
2025-12-06T03:00,2025-12-06,3,15.74,15.63,17.05,15.95,16.02,15.86,15.28,16.23,15.27,15.24
2025-12-06T04:00,2025-12-06,4,15.34,15.27,16.67,15.57,15.7,15.23,14.89,15.86,14.88,14.73
2025-12-06T05:00,2025-12-06,5,14.92,14.91,16.15,15.26,15.34,14.9,14.3,15.61,14.33,14.22
2025-12-06T06:00,2025-12-06,6,14.78,14.69,16.12,15.22,15.0,14.92,14.19,15.83,14.19,13.89
2025-12-06T07:00,2025-12-06,7,14.94,14.84,16.71,15.43,15.17,15.18,14.2,15.96,14.23,13.94
2025-12-06T08:00,2025-12-06,8,16.96,17.16,18.98,17.61,16.86,16.73,16.11,17.93,16.12,15.67
2025-12-06T09:00,2025-12-06,9,19.38,19.62,21.66,20.08,18.94,19.48,18.44,20.24,18.39,18.01
2025-12-06T10:00,2025-12-06,10,21.68,21.93,24.17,22.49,21.0,21.89,20.72,22.47,20.62,20.29
2025-12-06T11:00,2025-12-06,11,23.58,23.82,25.95,24.23,22.9,23.87,22.71,24.14,22.65,22.26
2025-12-06T12:00,2025-12-06,12,24.74,24.82,26.86,25.17,24.24,24.91,24.06,24.92,24.19,23.82
2025-12-06T13:00,2025-12-06,13,25.41,25.41,27.39,25.67,25.16,25.74,24.68,25.46,24.88,24.8
2025-12-06T14:00,2025-12-06,14,25.58,25.61,27.49,25.75,25.27,25.94,24.87,25.6,25.04,25.12
2025-12-06T15:00,2025-12-06,15,25.33,25.32,27.08,25.48,25.01,25.73,24.69,25.32,24.82,24.99
2025-12-06T16:00,2025-12-06,16,24.4,24.51,25.74,24.42,24.1,24.6,23.94,24.41,23.96,24.1
2025-12-06T17:00,2025-12-06,17,21.75,21.87,22.84,21.67,21.44,22.23,21.35,21.73,21.23,21.54
2025-12-06T18:00,2025-12-06,18,20.15,20.24,21.18,20.18,19.69,20.57,19.7,20.54,19.62,19.97
2025-12-06T19:00,2025-12-06,19,19.36,19.33,20.37,19.28,19.0,19.75,19.06,19.5,19.04,19.33
2025-12-06T20:00,2025-12-06,20,18.63,18.59,19.59,18.39,18.14,19.27,18.44,18.62,18.44,18.56
2025-12-06T21:00,2025-12-06,21,18.05,18.05,18.93,17.63,17.75,18.65,17.85,18.14,17.95,17.92
2025-12-06T22:00,2025-12-06,22,17.45,17.38,18.25,17.0,17.29,17.92,17.31,17.79,17.39,17.32
2025-12-06T23:00,2025-12-06,23,16.9,16.79,17.68,16.65,16.81,17.3,16.71,17.25,16.79,16.75
2025-12-07T00:00,2025-12-07,0,16.53,16.38,17.14,16.26,16.56,16.99,16.42,17.09,16.39,16.4
2025-12-07T01:00,2025-12-07,1,16.02,15.9,16.63,15.84,16.27,16.36,15.68,16.36,15.84,15.98
2025-12-07T02:00,2025-12-07,2,15.57,15.43,16.04,15.5,15.81,15.97,15.32,15.95,15.34,15.57
2025-12-07T03:00,2025-12-07,3,15.15,14.99,15.41,15.17,15.39,15.31,14.97,15.56,15.02,15.21
2025-12-07T04:00,2025-12-07,4,14.85,14.75,14.82,14.87,15.16,14.89,14.67,15.32,14.79,14.9
2025-12-07T05:00,2025-12-07,5,14.62,14.56,14.42,14.71,14.94,14.47,14.48,15.18,14.6,14.59
2025-12-07T06:00,2025-12-07,6,14.71,14.82,14.35,14.72,14.93,14.19,14.84,15.73,14.56,14.43
2025-12-07T07:00,2025-12-07,7,14.93,15.08,15.21,14.99,14.95,14.89,14.89,15.81,14.55,14.31
2025-12-07T08:00,2025-12-07,8,16.95,17.22,17.83,17.22,16.89,17.07,16.63,17.89,16.21,15.89
2025-12-07T09:00,2025-12-07,9,19.38,19.65,20.93,19.87,19.21,19.82,18.89,20.14,18.44,17.92
2025-12-07T10:00,2025-12-07,10,21.67,21.93,23.38,22.22,21.41,22.27,21.09,22.32,20.74,20.11
2025-12-07T11:00,2025-12-07,11,23.5,23.81,24.91,23.87,23.15,24.02,22.98,24.0,22.76,22.17
2025-12-07T12:00,2025-12-07,12,24.57,24.85,25.73,24.78,24.18,24.79,24.03,24.68,24.15,23.77
2025-12-07T13:00,2025-12-07,13,25.24,25.46,26.32,25.33,24.94,25.53,24.65,25.32,24.83,24.74
2025-12-07T14:00,2025-12-07,14,25.44,25.63,26.42,25.52,25.16,25.69,24.91,25.51,25.04,25.12
2025-12-07T15:00,2025-12-07,15,25.26,25.45,26.0,25.33,24.94,25.48,24.73,25.41,24.89,25.04
2025-12-07T16:00,2025-12-07,16,24.43,24.72,24.81,24.52,24.01,24.46,24.04,24.65,24.13,24.22
2025-12-07T17:00,2025-12-07,17,21.89,22.3,21.88,21.84,21.31,21.81,21.54,22.13,21.64,21.85
2025-12-07T18:00,2025-12-07,18,20.39,20.81,20.38,20.48,19.94,20.53,19.99,20.93,19.84,20.19
2025-12-07T19:00,2025-12-07,19,19.61,19.97,19.63,19.79,18.83,19.79,19.29,20.05,19.24,19.43
2025-12-07T20:00,2025-12-07,20,18.75,19.03,19.13,18.82,17.88,18.97,18.49,19.2,18.44,18.53
2025-12-07T21:00,2025-12-07,21,18.0,18.1,18.52,18.05,17.29,18.37,17.84,18.51,17.75,17.68
2025-12-07T22:00,2025-12-07,22,17.32,17.27,17.75,17.34,16.94,17.83,17.36,17.91,17.14,16.83
2025-12-07T23:00,2025-12-07,23,16.81,16.67,17.14,16.87,16.74,17.4,16.9,17.5,16.65,16.26
2025-12-08T00:00,2025-12-08,0,16.51,16.46,16.53,16.4,16.52,17.08,16.56,17.16,16.23,16.28
2025-12-08T01:00,2025-12-08,1,16.16,16.23,16.08,16.0,16.41,16.7,16.12,16.38,16.0,15.83
2025-12-08T02:00,2025-12-08,2,15.86,15.95,15.71,15.83,16.12,16.33,16.09,16.15,15.57,15.27
2025-12-08T03:00,2025-12-08,3,15.51,15.72,15.33,15.44,15.77,15.49,15.86,15.97,15.13,14.83
2025-12-08T04:00,2025-12-08,4,15.16,15.46,14.99,15.27,15.33,14.83,15.39,15.78,14.7,14.45
2025-12-08T05:00,2025-12-08,5,14.84,15.33,14.37,14.97,14.84,14.58,15.01,15.73,14.41,13.89
2025-12-08T06:00,2025-12-08,6,14.78,15.28,14.03,14.95,14.85,14.48,15.01,15.96,14.3,13.76
2025-12-08T07:00,2025-12-08,7,15.09,15.56,14.96,15.28,15.15,14.97,15.07,16.13,14.46,13.96
2025-12-08T08:00,2025-12-08,8,17.12,17.59,17.56,17.52,17.07,17.23,16.89,18.17,16.2,15.78
2025-12-08T09:00,2025-12-08,9,19.63,20.02,20.66,20.3,19.04,20.16,19.15,20.57,18.54,18.38
2025-12-08T10:00,2025-12-08,10,22.02,22.35,23.28,22.77,21.26,22.53,21.45,22.84,20.96,20.89
2025-12-08T11:00,2025-12-08,11,23.75,24.04,24.91,24.29,23.1,24.02,23.23,24.27,23.0,22.9
2025-12-08T12:00,2025-12-08,12,24.73,25.0,25.83,25.08,24.1,24.94,24.19,24.85,24.22,24.18
2025-12-08T13:00,2025-12-08,13,25.39,25.6,26.32,25.64,25.05,25.72,24.79,25.46,24.93,24.96
2025-12-08T14:00,2025-12-08,14,25.61,25.85,26.42,25.84,25.16,25.97,24.99,25.68,25.2,25.25
2025-12-08T15:00,2025-12-08,15,25.44,25.69,26.09,25.75,24.98,25.82,24.77,25.5,25.06,25.14
2025-12-08T16:00,2025-12-08,16,24.66,24.94,24.75,24.97,24.29,24.96,24.14,24.92,24.3,24.41
2025-12-08T17:00,2025-12-08,17,22.26,22.66,22.14,22.44,22.11,22.3,21.77,22.89,21.79,21.9
2025-12-08T18:00,2025-12-08,18,20.65,21.03,20.62,20.79,20.3,20.89,20.22,21.4,20.1,20.34
2025-12-08T19:00,2025-12-08,19,19.82,20.02,20.0,20.0,19.48,20.1,19.5,20.47,19.27,19.63
2025-12-08T20:00,2025-12-08,20,19.04,19.27,19.34,19.13,18.72,19.17,18.75,19.65,18.46,18.87
2025-12-08T21:00,2025-12-08,21,18.35,18.53,18.82,18.38,17.97,18.6,18.22,18.68,17.91,18.07
2025-12-08T22:00,2025-12-08,22,17.82,18.03,18.18,17.77,17.28,18.16,17.85,18.26,17.6,17.22
2025-12-08T23:00,2025-12-08,23,17.35,17.54,17.68,17.23,16.67,17.87,17.56,17.99,17.26,16.45
2025-12-09T00:00,2025-12-09,0,16.95,17.07,16.72,16.89,16.28,17.73,17.25,17.81,16.91,16.12
2025-12-09T01:00,2025-12-09,1,16.49,16.49,16.25,16.51,15.96,17.35,16.67,16.98,16.67,15.8
2025-12-09T02:00,2025-12-09,2,16.08,16.05,16.0,16.13,15.68,16.82,16.29,16.43,16.32,15.35
2025-12-09T03:00,2025-12-09,3,15.67,15.64,15.72,15.76,15.36,16.03,15.95,16.18,15.93,14.76
2025-12-09T04:00,2025-12-09,4,15.25,15.32,15.3,15.46,15.06,15.37,15.46,15.91,15.28,14.27
2025-12-09T05:00,2025-12-09,5,14.88,14.88,15.13,15.16,14.71,14.92,15.19,15.73,14.78,13.85
2025-12-09T06:00,2025-12-09,6,14.8,15.03,14.52,14.97,14.74,14.7,15.23,16.16,14.5,13.57
2025-12-09T07:00,2025-12-09,7,15.05,15.25,15.05,15.28,14.97,15.06,15.42,16.41,14.55,13.79
2025-12-09T08:00,2025-12-09,8,17.2,17.47,17.99,17.73,16.83,17.38,17.29,18.52,16.36,15.55
2025-12-09T09:00,2025-12-09,9,19.86,20.23,21.3,20.81,18.82,20.11,19.57,20.88,18.85,18.15
2025-12-09T10:00,2025-12-09,10,22.3,22.71,23.9,23.11,21.19,22.61,21.88,23.1,21.32,20.79
2025-12-09T11:00,2025-12-09,11,24.02,24.3,25.57,24.54,23.13,24.24,23.69,24.53,23.24,22.91
2025-12-09T12:00,2025-12-09,12,24.88,25.07,26.38,25.2,24.14,24.96,24.6,25.14,24.35,24.05
2025-12-09T13:00,2025-12-09,13,25.53,25.66,26.93,25.71,25.03,25.66,25.19,25.76,25.07,24.89
2025-12-09T14:00,2025-12-09,14,25.71,25.84,26.95,25.85,25.23,25.84,25.37,26.0,25.27,25.15
2025-12-09T15:00,2025-12-09,15,25.55,25.68,26.66,25.67,25.09,25.59,25.23,25.82,25.16,25.1
2025-12-09T16:00,2025-12-09,16,24.78,25.06,25.38,24.89,24.32,24.6,24.58,25.2,24.41,24.31
2025-12-09T17:00,2025-12-09,17,22.28,22.73,22.13,22.34,21.82,21.94,22.32,22.99,21.92,21.74
2025-12-09T18:00,2025-12-09,18,20.52,20.88,20.81,20.49,19.99,20.81,20.37,21.51,19.93,19.92
2025-12-09T19:00,2025-12-09,19,19.56,19.8,19.57,19.41,19.23,20.26,19.45,20.48,19.02,19.18
2025-12-09T20:00,2025-12-09,20,18.71,18.94,18.51,18.7,18.2,19.15,18.6,19.78,18.22,18.46
2025-12-09T21:00,2025-12-09,21,17.95,18.15,17.78,17.97,17.36,18.49,17.97,19.04,17.51,17.52
2025-12-09T22:00,2025-12-09,22,17.32,17.43,17.26,17.41,16.84,17.79,17.48,18.53,16.93,16.7
2025-12-09T23:00,2025-12-09,23,16.82,16.78,17.16,17.0,16.49,17.47,17.07,18.15,16.36,15.87
2025-12-10T00:00,2025-12-10,0,16.47,16.5,16.76,16.53,16.21,17.11,16.86,17.96,15.91,15.37
2025-12-10T01:00,2025-12-10,1,16.1,16.16,16.53,16.14,15.92,16.66,16.55,17.46,15.56,14.83
2025-12-10T02:00,2025-12-10,2,15.77,15.85,16.36,15.79,15.7,16.11,16.27,17.09,15.18,14.35
2025-12-10T03:00,2025-12-10,3,15.33,15.43,15.87,15.48,15.07,15.62,15.82,16.77,14.71,13.96
2025-12-10T04:00,2025-12-10,4,14.89,14.91,15.37,15.25,14.49,14.87,15.4,16.51,14.33,13.57
2025-12-10T05:00,2025-12-10,5,14.5,14.42,14.9,15.1,14.16,14.29,14.92,16.18,13.99,13.32
2025-12-10T06:00,2025-12-10,6,14.43,14.6,14.67,14.92,14.04,13.89,15.08,16.37,13.91,12.83
2025-12-10T07:00,2025-12-10,7,14.62,14.72,15.32,15.16,14.16,14.24,15.13,16.45,13.99,13.03
2025-12-10T08:00,2025-12-10,8,16.88,17.06,18.14,17.81,16.05,16.75,17.13,18.67,15.98,14.91
2025-12-10T09:00,2025-12-10,9,19.64,19.89,21.35,20.54,18.68,19.94,19.48,20.94,18.62,17.74
2025-12-10T10:00,2025-12-10,10,22.2,22.54,23.97,22.97,21.31,22.51,21.8,23.01,21.26,20.57
2025-12-10T11:00,2025-12-10,11,24.06,24.34,25.75,24.6,23.39,24.31,23.63,24.45,23.28,22.82
2025-12-10T12:00,2025-12-10,12,25.09,25.27,26.79,25.61,24.43,25.24,24.61,25.29,24.45,24.19
2025-12-10T13:00,2025-12-10,13,25.8,25.99,27.27,26.17,25.37,26.13,25.23,25.96,25.12,25.07
2025-12-10T14:00,2025-12-10,14,26.04,26.28,27.3,26.37,25.64,26.37,25.51,26.17,25.37,25.37
2025-12-10T15:00,2025-12-10,15,25.87,26.17,26.93,26.09,25.45,26.18,25.34,26.03,25.29,25.26
2025-12-10T16:00,2025-12-10,16,24.97,25.32,25.79,25.11,24.58,25.08,24.66,25.22,24.49,24.22
2025-12-10T17:00,2025-12-10,17,22.25,22.59,22.7,22.17,22.14,22.46,22.08,22.7,21.78,21.51
2025-12-10T18:00,2025-12-10,18,20.61,20.91,21.23,20.56,20.32,20.93,20.42,21.34,19.96,19.97
2025-12-10T19:00,2025-12-10,19,19.58,19.87,20.33,19.53,19.06,19.59,19.5,20.13,18.99,19.16
2025-12-10T20:00,2025-12-10,20,18.64,18.93,19.17,18.74,17.87,18.77,18.58,19.23,18.07,18.27
2025-12-10T21:00,2025-12-10,21,17.83,18.1,18.16,17.89,17.09,18.27,17.83,18.57,17.29,17.27
2025-12-10T22:00,2025-12-10,22,17.17,17.22,17.6,17.29,16.54,17.93,17.19,18.23,16.73,16.48
2025-12-10T23:00,2025-12-10,23,16.61,16.51,17.12,16.92,16.06,17.33,16.74,17.79,16.17,15.77
2025-12-11T00:00,2025-12-11,0,16.18,16.05,16.82,16.6,15.57,16.72,16.5,17.37,15.73,15.12
2025-12-11T01:00,2025-12-11,1,15.7,15.52,16.61,16.15,15.32,16.11,16.03,16.5,15.19,14.78
2025-12-11T02:00,2025-12-11,2,15.24,15.05,16.28,15.63,14.87,15.45,15.61,16.05,14.77,14.31
2025-12-11T03:00,2025-12-11,3,14.87,14.62,15.98,15.34,14.39,15.1,15.23,15.59,14.54,13.92
2025-12-11T04:00,2025-12-11,4,14.5,14.28,15.64,15.0,14.01,14.58,14.84,15.17,14.18,13.55
2025-12-11T05:00,2025-12-11,5,14.1,13.87,14.98,14.66,13.75,13.92,14.35,14.82,13.92,13.28
2025-12-11T06:00,2025-12-11,6,14.0,13.89,14.55,14.29,13.58,13.68,14.42,15.32,13.78,13.16
2025-12-11T07:00,2025-12-11,7,14.08,13.95,15.1,14.46,13.66,13.89,14.33,15.33,13.65,13.13
2025-12-11T08:00,2025-12-11,8,16.39,16.51,17.86,17.24,15.47,15.93,16.52,17.72,15.76,14.8
2025-12-11T09:00,2025-12-11,9,19.2,19.56,21.12,20.24,17.67,18.96,18.98,20.32,18.28,17.53
2025-12-11T10:00,2025-12-11,10,21.87,22.38,23.92,22.83,20.32,21.78,21.45,22.73,20.81,20.17
2025-12-11T11:00,2025-12-11,11,23.77,24.11,25.79,24.55,22.72,23.82,23.35,24.36,22.89,22.25
2025-12-11T12:00,2025-12-11,12,24.82,24.93,26.74,25.48,24.12,25.01,24.31,25.11,24.24,23.72
2025-12-11T13:00,2025-12-11,13,25.55,25.63,27.19,26.11,25.14,25.87,24.88,25.75,24.99,24.73
2025-12-11T14:00,2025-12-11,14,25.79,25.89,27.29,26.35,25.36,26.11,25.14,25.95,25.21,25.08
2025-12-11T15:00,2025-12-11,15,25.62,25.73,26.88,26.19,25.19,25.95,25.01,25.79,25.08,24.96
2025-12-11T16:00,2025-12-11,16,24.81,24.94,25.64,25.42,24.35,24.74,24.33,25.14,24.42,24.23
2025-12-11T17:00,2025-12-11,17,22.15,22.22,22.6,22.61,21.74,21.92,21.72,22.75,21.96,21.85
2025-12-11T18:00,2025-12-11,18,20.31,20.32,20.88,20.57,20.11,20.42,19.77,20.83,20.1,20.18
2025-12-11T19:00,2025-12-11,19,19.37,19.39,20.03,19.43,19.1,19.46,19.0,19.59,19.34,19.12
2025-12-11T20:00,2025-12-11,20,18.4,18.28,19.34,18.34,18.0,18.52,18.19,18.83,18.34,18.31
2025-12-11T21:00,2025-12-11,21,17.64,17.43,18.58,17.8,17.24,17.97,17.5,18.07,17.38,17.5
2025-12-11T22:00,2025-12-11,22,16.89,16.66,17.85,16.97,16.76,17.61,16.74,17.1,16.54,16.71
2025-12-11T23:00,2025-12-11,23,16.24,15.99,17.32,16.38,15.91,16.74,16.25,16.45,15.92,16.01
2025-12-12T00:00,2025-12-12,0,15.78,15.47,16.91,15.77,15.25,16.23,16.02,16.4,15.59,15.42
2025-12-12T01:00,2025-12-12,1,15.28,14.94,16.44,15.27,14.93,15.46,15.6,15.6,15.13,15.04
2025-12-12T02:00,2025-12-12,2,14.81,14.45,15.82,14.84,14.79,14.8,15.3,15.17,14.65,14.47
2025-12-12T03:00,2025-12-12,3,14.4,14.02,15.47,14.52,14.19,14.07,14.96,14.86,14.29,14.08
2025-12-12T04:00,2025-12-12,4,14.02,13.53,14.99,14.24,13.5,13.68,14.63,14.63,14.06,13.83
2025-12-12T05:00,2025-12-12,5,13.66,13.1,14.69,13.95,12.96,13.12,14.3,14.24,13.87,13.56
2025-12-12T06:00,2025-12-12,6,13.77,13.21,14.65,13.96,13.35,13.01,14.3,14.81,14.02,13.69
2025-12-12T07:00,2025-12-12,7,14.08,13.42,15.27,14.51,13.73,13.63,14.59,14.92,14.11,13.87
2025-12-12T08:00,2025-12-12,8,16.48,16.05,18.28,17.41,15.78,15.96,16.74,17.58,15.98,15.71
2025-12-12T09:00,2025-12-12,9,19.63,19.9,21.71,20.57,18.62,19.1,19.39,20.4,18.58,18.33
2025-12-12T10:00,2025-12-12,10,22.36,22.87,24.37,23.29,21.35,21.98,21.88,22.88,21.17,20.9
2025-12-12T11:00,2025-12-12,11,24.23,24.57,26.1,25.1,23.82,24.03,23.72,24.45,23.21,22.9
2025-12-12T12:00,2025-12-12,12,25.14,25.33,26.93,25.92,24.85,25.29,24.47,25.04,24.22,24.2
2025-12-12T13:00,2025-12-12,13,25.89,26.04,27.6,26.63,25.76,26.25,25.06,25.7,25.02,25.16
2025-12-12T14:00,2025-12-12,14,26.12,26.23,27.73,26.87,25.93,26.63,25.27,25.91,25.24,25.49
2025-12-12T15:00,2025-12-12,15,25.97,26.1,27.41,26.71,25.8,26.51,25.17,25.76,25.09,25.37
2025-12-12T16:00,2025-12-12,16,25.15,25.43,26.25,25.79,24.86,25.45,24.63,25.17,24.39,24.28
2025-12-12T17:00,2025-12-12,17,22.5,22.78,23.12,23.0,22.37,22.48,22.32,22.67,21.89,21.58
2025-12-12T18:00,2025-12-12,18,20.66,20.73,21.4,21.02,20.67,20.31,20.65,20.69,20.3,20.09
2025-12-12T19:00,2025-12-12,19,19.6,19.61,20.49,19.75,19.5,19.4,19.57,19.46,19.44,19.18
2025-12-12T20:00,2025-12-12,20,18.66,18.54,19.68,18.8,18.24,19.01,18.77,18.62,18.65,18.02
2025-12-12T21:00,2025-12-12,21,17.92,17.82,19.1,18.09,17.45,18.34,18.0,17.92,17.87,17.06
2025-12-12T22:00,2025-12-12,22,17.19,17.0,18.42,17.48,16.48,17.61,17.35,17.48,17.08,16.36
2025-12-12T23:00,2025-12-12,23,16.51,16.32,17.71,16.86,15.89,16.77,16.8,16.6,16.31,15.79
2025-12-13T00:00,2025-12-13,0,16.08,15.91,17.47,16.32,15.74,16.31,16.4,16.12,15.86,15.16
2025-12-13T01:00,2025-12-13,1,15.59,15.5,16.87,15.64,15.4,15.73,15.9,15.44,15.45,14.71
2025-12-13T02:00,2025-12-13,2,15.17,15.08,16.39,15.2,15.09,15.2,15.51,15.04,14.96,14.42
2025-12-13T03:00,2025-12-13,3,14.84,14.79,16.06,15.03,14.65,14.76,15.16,14.62,14.46,14.21
2025-12-13T04:00,2025-12-13,4,14.55,14.46,16.03,14.94,14.19,14.36,14.89,14.51,13.84,14.02
2025-12-13T05:00,2025-12-13,5,14.29,14.27,15.79,14.85,13.87,13.98,14.56,14.24,13.38,13.77
2025-12-13T06:00,2025-12-13,6,14.16,14.09,15.51,14.58,13.87,13.95,14.37,14.58,13.26,13.75
2025-12-13T07:00,2025-12-13,7,14.44,14.36,16.09,15.04,14.12,14.46,14.38,14.73,13.39,14.02
2025-12-13T08:00,2025-12-13,8,16.94,17.19,19.11,17.87,16.31,16.76,16.64,17.69,15.65,15.53
2025-12-13T09:00,2025-12-13,9,20.02,20.6,22.48,21.0,19.29,19.96,19.41,20.58,18.62,17.99
2025-12-13T10:00,2025-12-13,10,22.83,23.59,25.14,23.93,22.0,22.79,22.18,23.26,21.34,20.56
2025-12-13T11:00,2025-12-13,11,24.88,25.5,26.84,26.06,24.44,24.81,24.12,25.15,23.76,22.66
2025-12-13T12:00,2025-12-13,12,25.94,26.49,27.7,27.16,25.62,25.9,25.03,26.21,24.85,24.01
2025-12-13T13:00,2025-12-13,13,26.67,27.13,28.18,27.78,26.41,26.78,25.75,26.91,25.69,25.13
2025-12-13T14:00,2025-12-13,14,26.91,27.37,28.33,27.95,26.6,27.12,26.0,27.04,25.89,25.53
2025-12-13T15:00,2025-12-13,15,26.77,27.24,28.08,27.78,26.38,26.99,25.94,26.88,25.8,25.48
2025-12-13T16:00,2025-12-13,16,25.97,26.49,27.02,26.82,25.31,25.93,25.42,26.13,25.24,24.62
2025-12-13T17:00,2025-12-13,17,23.4,24.07,24.35,23.97,22.77,22.43,23.06,23.8,22.85,22.08
2025-12-13T18:00,2025-12-13,18,21.56,21.87,22.35,22.43,21.18,20.92,21.44,22.28,20.93,20.37
2025-12-13T19:00,2025-12-13,19,20.42,20.94,21.12,21.3,19.49,20.08,20.22,20.85,19.81,19.14
2025-12-13T20:00,2025-12-13,20,19.39,19.88,20.27,20.21,18.4,19.3,19.16,19.71,18.81,18.0
2025-12-13T21:00,2025-12-13,21,18.59,18.96,19.73,19.29,17.71,18.42,18.24,19.24,18.11,17.24
2025-12-13T22:00,2025-12-13,22,17.9,18.0,19.18,18.95,16.96,17.91,17.77,18.27,17.38,16.61
2025-12-13T23:00,2025-12-13,23,17.23,17.35,18.54,18.34,16.44,17.55,17.24,17.3,16.39,15.89
2025-12-14T00:00,2025-12-14,0,16.84,16.89,18.26,17.88,16.23,17.37,17.06,16.93,15.84,15.36
2025-12-14T01:00,2025-12-14,1,16.3,16.35,17.99,17.25,15.67,16.87,16.5,16.1,15.27,14.92
2025-12-14T02:00,2025-12-14,2,15.87,16.01,17.31,16.76,15.1,16.27,16.1,15.75,14.91,14.58
2025-12-14T03:00,2025-12-14,3,15.5,15.6,16.86,16.3,14.73,15.61,15.81,15.54,14.56,14.44
2025-12-14T04:00,2025-12-14,4,15.15,15.25,16.53,15.99,14.3,15.05,15.57,15.38,14.18,14.11
2025-12-14T05:00,2025-12-14,5,14.81,14.87,15.96,15.62,13.89,14.63,15.21,15.21,13.88,14.01
2025-12-14T06:00,2025-12-14,6,14.7,14.67,15.78,15.59,13.74,14.44,15.02,15.39,13.9,14.0
2025-12-14T07:00,2025-12-14,7,14.9,14.85,16.4,15.83,13.97,14.88,15.01,15.65,13.89,14.12
2025-12-14T08:00,2025-12-14,8,17.41,17.59,19.4,18.67,16.48,17.25,17.31,18.77,16.17,15.53
2025-12-14T09:00,2025-12-14,9,20.49,20.97,22.84,21.86,19.44,20.28,20.04,21.69,19.27,17.94
2025-12-14T10:00,2025-12-14,10,23.28,23.95,25.63,24.71,22.16,22.84,22.68,24.22,22.2,20.48
2025-12-14T11:00,2025-12-14,11,25.27,25.91,27.34,26.63,24.33,24.82,24.76,26.15,24.39,22.45
2025-12-14T12:00,2025-12-14,12,26.28,26.72,28.14,27.5,25.48,26.08,25.98,27.0,25.46,23.86
2025-12-14T13:00,2025-12-14,13,26.97,27.38,28.75,27.97,26.36,27.02,26.6,27.56,26.09,24.89
2025-12-14T14:00,2025-12-14,14,27.12,27.49,28.71,28.0,26.47,27.33,26.75,27.64,26.28,25.36
2025-12-14T15:00,2025-12-14,15,26.91,27.26,28.31,27.73,26.2,27.22,26.59,27.36,26.1,25.32
2025-12-14T16:00,2025-12-14,16,26.0,26.34,27.15,26.79,25.28,26.12,25.92,26.51,25.27,24.46
2025-12-14T17:00,2025-12-14,17,23.33,23.86,24.2,23.9,22.49,22.99,23.42,24.15,22.58,21.75
2025-12-14T18:00,2025-12-14,18,21.41,21.84,22.5,22.14,20.8,20.83,21.6,22.42,20.66,19.6
2025-12-14T19:00,2025-12-14,19,20.42,20.66,21.49,20.77,19.84,20.22,20.74,21.1,19.96,18.9
2025-12-14T20:00,2025-12-14,20,19.47,19.59,20.85,19.71,18.8,19.54,19.79,20.19,19.03,18.03
2025-12-14T21:00,2025-12-14,21,18.67,18.82,20.07,18.99,18.04,18.98,18.81,19.55,17.86,17.37
2025-12-14T22:00,2025-12-14,22,17.92,18.16,19.12,18.26,17.43,18.35,18.08,18.39,17.0,16.71
2025-12-14T23:00,2025-12-14,23,17.32,17.59,18.36,17.72,16.89,17.79,17.47,17.91,16.45,15.92
2025-12-15T00:00,2025-12-15,0,16.76,16.93,17.98,16.99,16.25,17.37,17.01,17.63,15.96,15.24
2025-12-15T01:00,2025-12-15,1,16.31,16.6,17.53,16.54,15.78,17.0,16.45,16.82,15.41,14.9
2025-12-15T02:00,2025-12-15,2,15.9,16.19,17.09,16.24,15.38,16.56,16.18,16.34,14.86,14.46
2025-12-15T03:00,2025-12-15,3,15.46,15.57,16.7,15.9,14.97,16.12,15.87,15.95,14.45,14.11
2025-12-15T04:00,2025-12-15,4,15.1,15.01,16.36,15.61,14.63,15.66,15.58,15.77,14.28,13.81
2025-12-15T05:00,2025-12-15,5,14.81,14.64,16.12,15.39,14.41,15.25,15.24,15.52,14.11,13.52
2025-12-15T06:00,2025-12-15,6,14.84,14.68,15.96,15.64,14.38,14.85,15.35,15.81,14.21,13.48
2025-12-15T07:00,2025-12-15,7,14.88,14.66,16.48,15.87,14.44,15.05,15.22,15.83,14.01,13.43
2025-12-15T08:00,2025-12-15,8,17.21,17.32,19.4,18.47,16.62,17.32,17.28,18.52,15.75,15.02
2025-12-15T09:00,2025-12-15,9,20.17,20.7,22.65,21.44,19.48,20.25,19.85,21.21,18.2,17.92
2025-12-15T10:00,2025-12-15,10,22.92,23.58,25.31,24.17,22.12,22.89,22.54,23.68,21.02,20.69
2025-12-15T11:00,2025-12-15,11,24.83,25.29,27.07,25.96,24.28,24.81,24.43,25.49,23.31,22.76
2025-12-15T12:00,2025-12-15,12,25.75,26.0,27.69,26.8,25.25,25.86,25.41,26.27,24.64,24.03
2025-12-15T13:00,2025-12-15,13,26.4,26.57,28.12,27.28,26.05,26.73,25.94,26.91,25.41,24.98
2025-12-15T14:00,2025-12-15,14,26.53,26.65,27.97,27.41,26.15,26.87,26.06,27.03,25.63,25.35
2025-12-15T15:00,2025-12-15,15,26.32,26.43,27.56,27.13,25.93,26.65,25.88,26.81,25.55,25.3
2025-12-15T16:00,2025-12-15,16,25.5,25.66,26.3,26.29,25.03,25.68,25.17,26.21,24.88,24.46
2025-12-15T17:00,2025-12-15,17,22.89,23.19,23.16,23.55,22.36,23.15,22.6,23.78,22.41,21.77
2025-12-15T18:00,2025-12-15,18,21.1,21.37,21.75,21.71,20.77,21.44,20.78,21.81,20.75,19.59
2025-12-15T19:00,2025-12-15,19,20.18,20.34,20.75,20.68,19.79,20.59,20.05,20.53,20.04,18.83
2025-12-15T20:00,2025-12-15,20,19.24,19.29,19.94,19.68,18.98,19.65,19.22,19.76,19.04,17.96
2025-12-15T21:00,2025-12-15,21,18.45,18.4,19.18,19.0,18.3,18.76,18.5,18.74,18.27,17.25
2025-12-15T22:00,2025-12-15,22,17.79,17.71,18.41,18.48,17.47,18.27,17.96,18.05,17.6,16.51
2025-12-15T23:00,2025-12-15,23,17.18,17.11,17.76,17.94,16.73,17.88,17.45,17.58,16.96,15.69
2025-12-16T00:00,2025-12-16,0,16.71,16.65,16.98,17.31,16.33,17.24,17.21,17.41,16.75,15.0
2025-12-16T01:00,2025-12-16,1,16.2,16.2,16.22,16.71,15.84,16.75,16.72,16.5,16.33,14.65
2025-12-16T02:00,2025-12-16,2,15.79,15.86,15.82,16.24,15.53,16.35,16.3,16.11,15.92,14.09
2025-12-16T03:00,2025-12-16,3,15.4,15.56,15.37,15.76,15.19,15.86,15.94,15.69,15.42,13.75
2025-12-16T04:00,2025-12-16,4,15.06,15.22,15.11,15.48,14.89,15.3,15.65,15.4,14.98,13.42
2025-12-16T05:00,2025-12-16,5,14.73,14.88,14.79,15.14,14.63,14.95,15.35,15.21,14.59,13.05
2025-12-16T06:00,2025-12-16,6,14.81,14.97,14.71,15.12,14.78,14.87,15.53,15.73,14.67,13.04
2025-12-16T07:00,2025-12-16,7,14.9,15.04,15.27,15.49,15.02,15.12,15.37,15.72,14.48,12.94
2025-12-16T08:00,2025-12-16,8,17.0,17.35,17.8,18.1,16.84,17.18,17.12,17.95,16.11,14.63
2025-12-16T09:00,2025-12-16,9,19.66,20.05,20.94,20.95,19.32,20.15,19.36,20.47,18.54,17.3
2025-12-16T10:00,2025-12-16,10,22.21,22.72,23.51,23.44,21.75,22.74,21.6,22.92,21.04,20.02
2025-12-16T11:00,2025-12-16,11,24.02,24.51,25.21,25.08,23.59,24.56,23.43,24.52,23.0,22.12
2025-12-16T12:00,2025-12-16,12,24.92,25.24,25.98,25.73,24.47,25.36,24.43,25.14,24.2,23.58
2025-12-16T13:00,2025-12-16,13,25.6,25.8,26.45,26.4,25.44,25.93,24.99,25.72,24.97,24.65
2025-12-16T14:00,2025-12-16,14,25.81,26.04,26.36,26.62,25.67,26.06,25.16,25.93,25.21,25.07
2025-12-16T15:00,2025-12-16,15,25.63,25.85,25.83,26.51,25.6,25.89,24.99,25.78,25.08,25.01
2025-12-16T16:00,2025-12-16,16,24.9,25.15,24.66,25.7,24.92,25.02,24.43,25.23,24.48,24.27
2025-12-16T17:00,2025-12-16,17,22.46,22.91,21.85,23.13,22.62,22.21,22.12,22.99,22.02,21.66
2025-12-16T18:00,2025-12-16,18,20.78,21.14,20.44,21.36,20.78,21.34,20.43,21.27,20.29,19.78
2025-12-16T19:00,2025-12-16,19,19.92,20.13,19.72,20.24,19.93,20.86,19.59,20.31,19.75,18.91
2025-12-16T20:00,2025-12-16,20,18.94,19.07,19.02,19.37,18.74,19.77,18.87,19.28,18.63,17.95
2025-12-16T21:00,2025-12-16,21,18.24,18.24,18.62,18.88,18.21,19.06,18.13,18.54,17.74,17.29
2025-12-16T22:00,2025-12-16,22,17.63,17.59,18.2,18.38,17.53,18.42,17.59,17.99,17.06,16.55
2025-12-16T23:00,2025-12-16,23,17.08,17.04,17.57,17.73,16.84,18.2,17.14,17.49,16.52,15.87
2025-12-17T00:00,2025-12-17,0,16.54,16.53,16.82,17.1,16.25,17.38,16.81,17.3,16.04,15.31
2025-12-17T01:00,2025-12-17,1,15.97,15.99,15.8,16.34,16.04,16.8,16.24,16.32,15.65,15.02
2025-12-17T02:00,2025-12-17,2,15.51,15.49,15.22,15.92,15.61,16.25,15.89,15.94,15.24,14.52
2025-12-17T03:00,2025-12-17,3,15.13,15.1,14.81,15.59,15.27,15.79,15.54,15.54,14.88,14.1
2025-12-17T04:00,2025-12-17,4,14.77,14.74,14.21,15.37,14.92,15.38,15.22,15.24,14.55,13.7
2025-12-17T05:00,2025-12-17,5,14.5,14.48,13.79,15.24,14.66,14.99,14.93,15.17,14.26,13.37
2025-12-17T06:00,2025-12-17,6,14.57,14.74,13.54,15.4,14.66,14.72,15.14,15.73,14.29,13.03
2025-12-17T07:00,2025-12-17,7,14.72,14.87,14.26,15.64,14.83,15.08,15.05,15.68,14.14,13.22
2025-12-17T08:00,2025-12-17,8,16.89,17.22,17.34,18.05,16.94,17.11,16.85,17.88,15.92,14.86
2025-12-17T09:00,2025-12-17,9,19.63,20.1,20.7,20.75,19.45,20.26,19.18,20.34,18.39,17.59
2025-12-17T10:00,2025-12-17,10,22.26,22.89,23.05,23.29,21.9,22.97,21.6,22.74,20.98,20.52
2025-12-17T11:00,2025-12-17,11,24.19,24.84,24.75,25.05,23.97,24.67,23.57,24.57,23.03,22.74
2025-12-17T12:00,2025-12-17,12,25.21,25.75,25.54,26.11,25.02,25.5,24.57,25.41,24.32,24.1
2025-12-17T13:00,2025-12-17,13,25.96,26.49,26.24,26.69,25.89,26.38,25.19,26.07,25.13,25.06
2025-12-17T14:00,2025-12-17,14,26.22,26.74,26.39,26.95,26.15,26.74,25.43,26.19,25.39,25.4
2025-12-17T15:00,2025-12-17,15,26.13,26.7,26.0,26.87,26.04,26.67,25.39,26.11,25.35,25.29
2025-12-17T16:00,2025-12-17,16,25.41,25.93,25.05,26.17,25.26,25.73,24.86,25.53,24.79,24.6
2025-12-17T17:00,2025-12-17,17,23.04,23.7,22.36,24.11,22.64,22.81,22.8,23.36,22.46,21.85
2025-12-17T18:00,2025-12-17,18,21.45,22.18,21.2,22.44,21.13,21.17,21.15,21.93,20.68,20.03
2025-12-17T19:00,2025-12-17,19,20.5,21.13,19.69,21.37,20.44,20.38,20.52,20.67,19.91,19.26
2025-12-17T20:00,2025-12-17,20,19.74,20.35,19.01,20.73,19.49,20.0,19.97,19.51,19.09,18.33
2025-12-17T21:00,2025-12-17,21,19.1,19.83,18.52,19.73,18.87,19.39,19.38,19.04,18.45,17.47
2025-12-17T22:00,2025-12-17,22,18.37,19.17,17.65,18.68,18.24,18.93,18.71,18.6,17.67,16.61
2025-12-17T23:00,2025-12-17,23,17.74,18.62,17.1,18.05,17.46,18.2,18.18,18.11,16.89,15.9
2025-12-18T00:00,2025-12-18,0,17.05,17.8,16.56,17.43,16.72,17.46,17.65,17.79,16.1,15.18
2025-12-18T01:00,2025-12-18,1,16.55,17.05,16.19,17.14,16.37,17.05,17.06,17.19,15.61,14.94
2025-12-18T02:00,2025-12-18,2,16.09,16.42,15.83,16.86,15.93,16.51,16.55,16.72,15.38,14.48
2025-12-18T03:00,2025-12-18,3,15.67,15.85,15.39,16.61,15.24,16.08,16.15,16.47,15.17,14.08
2025-12-18T04:00,2025-12-18,4,15.31,15.42,14.97,16.28,14.77,15.74,15.76,16.28,14.95,13.79
2025-12-18T05:00,2025-12-18,5,15.0,15.03,14.75,15.96,14.53,15.4,15.37,16.08,14.74,13.46
2025-12-18T06:00,2025-12-18,6,15.0,14.97,14.73,15.85,14.57,14.97,15.61,16.48,14.79,13.55
2025-12-18T07:00,2025-12-18,7,15.04,14.96,15.27,15.89,14.58,15.09,15.52,16.39,14.6,13.7
2025-12-18T08:00,2025-12-18,8,17.13,17.09,18.51,18.6,15.87,17.3,17.25,19.04,16.07,15.35
2025-12-18T09:00,2025-12-18,9,19.91,20.01,22.09,21.56,18.33,20.09,19.62,21.74,18.44,18.1
2025-12-18T10:00,2025-12-18,10,22.58,22.86,24.67,24.07,21.07,22.65,22.13,24.22,21.06,20.87
2025-12-18T11:00,2025-12-18,11,24.66,25.08,26.22,25.86,23.86,24.61,24.15,26.02,23.3,22.99
2025-12-18T12:00,2025-12-18,12,26.07,26.59,27.21,27.15,25.58,25.9,25.61,27.17,24.84,24.43
2025-12-18T13:00,2025-12-18,13,26.99,27.48,27.93,28.02,26.78,26.75,26.46,27.82,25.91,25.5
2025-12-18T14:00,2025-12-18,14,27.28,27.76,27.95,28.29,27.09,26.96,26.78,27.91,26.31,26.01
2025-12-18T15:00,2025-12-18,15,27.15,27.71,27.48,28.16,26.92,26.73,26.76,27.72,26.24,25.94
2025-12-18T16:00,2025-12-18,16,26.29,26.93,26.04,27.25,25.96,25.65,26.24,27.13,25.53,24.91
2025-12-18T17:00,2025-12-18,17,23.69,24.49,23.24,24.3,23.24,23.0,23.82,24.6,22.98,22.31
2025-12-18T18:00,2025-12-18,18,21.76,22.49,21.58,22.45,21.48,21.29,21.75,22.6,20.91,20.29
2025-12-18T19:00,2025-12-18,19,20.7,21.3,20.77,21.36,20.32,20.22,21.08,21.15,19.89,19.27
2025-12-18T20:00,2025-12-18,20,19.84,20.45,20.15,20.59,19.15,19.32,20.3,20.34,18.85,18.44
2025-12-18T21:00,2025-12-18,21,19.05,19.52,19.59,19.71,18.43,18.8,19.84,19.52,17.9,17.58
2025-12-18T22:00,2025-12-18,22,18.36,18.82,19.05,18.93,17.78,18.43,19.13,18.72,17.17,16.79
2025-12-18T23:00,2025-12-18,23,17.71,18.09,18.34,18.35,17.27,17.86,18.54,18.14,16.55,15.97
2025-12-19T00:00,2025-12-19,0,17.09,17.49,17.39,17.81,16.69,16.87,18.1,17.89,16.06,15.16
2025-12-19T01:00,2025-12-19,1,16.45,16.83,16.4,17.06,16.35,16.03,17.42,17.0,15.82,14.63
2025-12-19T02:00,2025-12-19,2,16.04,16.45,16.09,16.57,15.87,15.67,16.94,16.52,15.49,14.15
2025-12-19T03:00,2025-12-19,3,15.67,16.05,15.78,16.04,15.48,15.32,16.59,16.1,15.19,13.97
2025-12-19T04:00,2025-12-19,4,15.24,15.51,15.23,15.72,14.96,14.69,16.27,15.78,14.91,13.66
2025-12-19T05:00,2025-12-19,5,14.91,15.14,14.82,15.38,14.6,14.32,15.92,15.73,14.68,13.27
2025-12-19T06:00,2025-12-19,6,14.93,15.08,14.51,15.24,14.64,14.24,16.09,16.11,14.93,13.36
2025-12-19T07:00,2025-12-19,7,14.98,15.14,14.81,15.25,14.94,14.33,16.04,15.99,14.86,13.41
2025-12-19T08:00,2025-12-19,8,17.15,17.54,18.18,18.09,16.55,16.72,17.93,18.27,16.18,14.74
2025-12-19T09:00,2025-12-19,9,20.06,20.76,21.96,21.55,18.96,19.88,20.15,21.5,18.31,17.16
2025-12-19T10:00,2025-12-19,10,22.7,23.47,24.32,24.33,21.79,22.57,22.54,24.25,20.77,19.97
2025-12-19T11:00,2025-12-19,11,24.59,25.3,25.78,26.05,23.96,24.42,24.42,25.91,22.9,22.19
2025-12-19T12:00,2025-12-19,12,25.62,26.29,26.61,26.8,25.15,25.35,25.5,26.64,24.24,23.49
2025-12-19T13:00,2025-12-19,13,26.43,27.09,27.12,27.58,26.11,26.26,26.19,27.4,25.09,24.48
2025-12-19T14:00,2025-12-19,14,26.62,27.21,27.09,27.72,26.38,26.44,26.43,27.52,25.47,24.86
2025-12-19T15:00,2025-12-19,15,26.4,27.05,26.6,27.39,26.11,26.24,26.23,27.27,25.29,24.75
2025-12-19T16:00,2025-12-19,16,25.62,26.32,25.42,26.6,25.39,25.25,25.62,26.56,24.62,24.0
2025-12-19T17:00,2025-12-19,17,23.33,24.34,22.51,24.4,22.69,22.83,23.71,24.36,22.2,21.37
2025-12-19T18:00,2025-12-19,18,21.77,22.77,21.05,22.8,21.02,21.11,22.26,22.71,20.9,19.62
2025-12-19T19:00,2025-12-19,19,20.83,21.78,19.92,21.72,20.3,20.11,21.35,21.43,20.21,18.79
2025-12-19T20:00,2025-12-19,20,20.09,20.8,19.15,21.09,19.74,19.47,20.7,20.7,19.59,18.14
2025-12-19T21:00,2025-12-19,21,19.4,20.18,18.73,20.07,18.85,18.94,20.21,19.87,18.8,17.52
2025-12-19T22:00,2025-12-19,22,18.8,19.68,18.43,19.08,18.14,18.22,19.76,19.04,18.18,16.95
2025-12-19T23:00,2025-12-19,23,18.23,19.24,17.71,18.45,17.64,17.49,19.15,18.63,17.51,16.42
2025-12-20T00:00,2025-12-20,0,17.89,19.24,16.79,18.02,17.08,16.84,18.64,18.4,17.35,15.98
2025-12-20T01:00,2025-12-20,1,17.46,19.05,15.94,17.69,16.7,16.13,18.1,17.8,17.06,15.4
2025-12-20T02:00,2025-12-20,2,17.04,18.7,15.27,17.35,16.36,15.65,17.69,17.5,16.62,14.82
2025-12-20T03:00,2025-12-20,3,16.56,18.39,14.75,16.75,15.8,15.24,17.24,17.12,15.88,14.3
2025-12-20T04:00,2025-12-20,4,16.08,17.83,14.29,16.3,15.25,15.01,16.95,16.49,15.31,13.82
2025-12-20T05:00,2025-12-20,5,15.71,17.22,13.97,16.03,15.11,14.71,16.84,16.13,14.97,13.46
2025-12-20T06:00,2025-12-20,6,16.35,18.47,14.16,17.16,15.43,14.84,17.4,17.45,15.22,13.05
2025-12-20T07:00,2025-12-20,7,16.5,18.48,14.69,17.38,15.68,15.14,17.48,17.4,15.25,13.29
2025-12-20T08:00,2025-12-20,8,17.85,19.16,17.65,19.34,17.24,17.43,18.24,18.88,16.26,14.56
2025-12-20T09:00,2025-12-20,9,19.94,20.83,21.5,21.81,19.38,20.01,19.73,20.8,17.98,16.67
2025-12-20T10:00,2025-12-20,10,22.12,22.94,23.87,23.94,21.66,22.52,21.47,23.09,20.03,19.28
2025-12-20T11:00,2025-12-20,11,23.79,24.43,25.27,25.59,23.37,24.29,22.93,25.01,21.87,21.42
2025-12-20T12:00,2025-12-20,12,24.39,24.84,26.0,26.2,24.47,24.93,23.2,25.76,22.31,22.43
2025-12-20T13:00,2025-12-20,13,24.94,25.08,26.54,26.69,25.23,25.62,23.9,26.39,22.96,23.26
2025-12-20T14:00,2025-12-20,14,25.08,25.1,26.51,26.83,25.45,25.7,24.06,26.53,23.26,23.69
2025-12-20T15:00,2025-12-20,15,24.95,24.95,26.25,26.56,25.14,25.5,24.08,26.35,23.36,23.65
2025-12-20T16:00,2025-12-20,16,24.36,24.44,25.3,25.79,24.35,24.68,23.71,25.81,23.05,22.99
2025-12-20T17:00,2025-12-20,17,22.51,23.04,22.81,24.13,21.9,22.19,22.3,24.19,21.26,20.45
2025-12-20T18:00,2025-12-20,18,21.2,22.38,20.62,22.72,20.21,20.77,21.18,22.56,19.89,18.73
2025-12-20T19:00,2025-12-20,19,20.23,21.51,19.78,21.59,19.19,19.45,20.02,21.7,19.07,17.81
2025-12-20T20:00,2025-12-20,20,19.56,20.9,19.07,20.77,18.37,19.08,19.18,21.02,18.57,17.11
2025-12-20T21:00,2025-12-20,21,18.96,20.27,18.41,20.05,17.96,18.66,18.66,20.31,17.93,16.54
2025-12-20T22:00,2025-12-20,22,18.43,19.81,17.54,19.44,17.4,18.34,18.22,19.72,17.28,16.09
2025-12-20T23:00,2025-12-20,23,17.91,19.22,16.99,19.04,16.99,17.65,17.81,19.21,16.72,15.62
2025-12-21T00:00,2025-12-21,0,17.43,18.53,16.51,18.7,16.79,16.85,17.55,18.91,16.35,15.13
2025-12-21T01:00,2025-12-21,1,16.83,17.68,16.13,18.28,16.37,16.37,17.06,18.21,15.66,14.59
2025-12-21T02:00,2025-12-21,2,16.34,17.09,15.69,17.61,15.96,16.06,16.78,17.89,15.0,14.22
2025-12-21T03:00,2025-12-21,3,15.9,16.59,15.41,17.08,15.67,15.41,16.45,17.38,14.58,13.84
2025-12-21T04:00,2025-12-21,4,15.5,16.13,14.9,16.6,15.49,14.87,16.19,17.05,14.22,13.55
2025-12-21T05:00,2025-12-21,5,15.25,15.75,14.7,16.26,15.28,14.64,16.11,16.92,13.99,13.36
2025-12-21T06:00,2025-12-21,6,15.2,16.19,14.29,16.08,14.68,14.29,15.75,17.13,14.13,13.04
2025-12-21T07:00,2025-12-21,7,15.46,16.35,15.15,16.37,14.74,14.9,15.97,17.11,14.34,13.2
2025-12-21T08:00,2025-12-21,8,16.87,17.51,17.55,18.27,16.44,16.97,16.95,18.82,15.35,14.03
2025-12-21T09:00,2025-12-21,9,18.92,19.22,20.86,20.56,18.82,19.89,18.57,20.71,17.17,15.63
2025-12-21T10:00,2025-12-21,10,21.32,21.69,23.75,22.91,21.13,22.31,20.67,22.77,19.47,18.18
2025-12-21T11:00,2025-12-21,11,23.21,23.65,25.32,24.68,22.83,24.06,22.49,24.42,21.46,20.59
2025-12-21T12:00,2025-12-21,12,24.01,24.26,26.25,25.54,23.62,24.86,23.0,25.23,22.33,21.89
2025-12-21T13:00,2025-12-21,13,24.76,24.89,26.95,26.24,24.42,25.74,23.69,25.96,23.17,22.91
2025-12-21T14:00,2025-12-21,14,25.04,25.06,27.01,26.41,24.87,26.03,24.02,26.21,23.62,23.44
2025-12-21T15:00,2025-12-21,15,24.91,24.95,26.56,26.18,24.61,25.91,24.02,25.98,23.58,23.5
2025-12-21T16:00,2025-12-21,16,24.29,24.46,25.52,25.49,23.95,25.04,23.64,25.27,23.02,22.94
2025-12-21T17:00,2025-12-21,17,22.27,22.9,22.6,23.5,21.63,22.32,22.08,23.51,20.81,20.65
2025-12-21T18:00,2025-12-21,18,20.96,21.87,20.73,22.11,20.23,21.36,20.88,21.95,19.39,19.15
2025-12-21T19:00,2025-12-21,19,19.95,20.99,19.75,20.92,19.12,20.16,19.75,20.69,18.49,18.31
2025-12-21T20:00,2025-12-21,20,19.16,20.34,18.81,19.88,18.11,19.23,19.15,19.95,17.77,17.47
2025-12-21T21:00,2025-12-21,21,18.48,19.6,17.88,19.31,17.47,18.8,18.48,19.31,17.12,16.85
2025-12-21T22:00,2025-12-21,22,17.93,19.04,17.33,18.66,17.1,18.24,17.92,18.69,16.66,16.22
2025-12-21T23:00,2025-12-21,23,17.38,18.48,16.78,18.06,16.8,17.61,17.4,18.14,16.11,15.58
2025-12-22T00:00,2025-12-22,0,16.99,17.84,16.13,17.74,16.75,17.29,17.21,17.97,15.82,15.3
2025-12-22T01:00,2025-12-22,1,16.43,17.14,15.58,17.25,16.39,16.73,16.6,17.22,15.28,14.94
2025-12-22T02:00,2025-12-22,2,16.02,16.74,15.02,16.79,16.07,16.07,16.26,16.99,14.89,14.62
2025-12-22T03:00,2025-12-22,3,15.69,16.33,14.64,16.44,15.69,15.85,15.94,16.81,14.62,14.39
2025-12-22T04:00,2025-12-22,4,15.39,15.96,14.24,16.13,15.41,15.51,15.65,16.7,14.43,14.08
2025-12-22T05:00,2025-12-22,5,15.15,15.69,13.98,15.94,15.18,15.52,15.35,16.51,14.17,13.75
2025-12-22T06:00,2025-12-22,6,14.75,15.23,13.71,15.71,14.82,14.25,15.0,16.56,13.76,13.46
2025-12-22T07:00,2025-12-22,7,14.85,15.27,14.45,16.01,14.82,14.68,14.88,16.52,13.69,13.4
2025-12-22T08:00,2025-12-22,8,16.49,16.89,17.1,17.99,16.35,16.98,16.17,18.07,14.93,14.43
2025-12-22T09:00,2025-12-22,9,18.88,19.36,20.64,20.47,18.65,19.78,18.14,20.12,16.98,16.35
2025-12-22T10:00,2025-12-22,10,21.47,22.11,23.63,23.03,21.15,22.2,20.43,22.44,19.51,18.94
2025-12-22T11:00,2025-12-22,11,23.51,24.23,25.5,24.92,23.22,23.95,22.42,24.39,21.69,21.18
2025-12-22T12:00,2025-12-22,12,24.56,25.25,26.4,25.93,24.34,24.86,23.55,25.34,22.79,22.42
2025-12-22T13:00,2025-12-22,13,25.32,25.91,27.02,26.55,25.11,25.82,24.44,26.08,23.6,23.41
2025-12-22T14:00,2025-12-22,14,25.63,26.17,27.02,26.77,25.45,26.15,24.91,26.28,24.08,23.85
2025-12-22T15:00,2025-12-22,15,25.49,26.04,26.67,26.63,25.26,26.03,24.81,26.04,24.03,23.78
2025-12-22T16:00,2025-12-22,16,24.77,25.22,25.65,26.02,24.48,25.26,24.32,25.41,23.39,23.1
2025-12-22T17:00,2025-12-22,17,22.54,23.34,22.62,23.77,22.11,23.01,22.15,23.45,21.14,20.61
2025-12-22T18:00,2025-12-22,18,20.82,21.78,20.6,21.7,20.37,21.31,20.57,21.78,19.38,18.99
2025-12-22T19:00,2025-12-22,19,19.83,20.62,19.64,20.44,19.7,20.06,19.73,20.77,18.62,18.18
2025-12-22T20:00,2025-12-22,20,19.0,19.68,18.97,19.47,18.82,19.4,19.04,19.83,17.94,17.41
2025-12-22T21:00,2025-12-22,21,18.27,18.95,18.49,18.49,17.82,18.94,18.4,19.17,17.14,16.73
2025-12-22T22:00,2025-12-22,22,17.67,18.21,17.85,17.92,17.34,18.58,17.79,18.52,16.61,16.17
2025-12-22T23:00,2025-12-22,23,17.11,17.7,16.85,17.42,16.93,18.13,17.22,17.68,16.15,15.64
2025-12-23T00:00,2025-12-23,0,16.85,17.4,16.21,17.2,16.8,17.76,17.07,17.67,15.91,15.44
2025-12-23T01:00,2025-12-23,1,16.4,16.89,15.95,16.84,16.53,17.34,16.53,16.86,15.43,15.07
2025-12-23T02:00,2025-12-23,2,16.07,16.58,15.59,16.56,16.28,16.85,16.21,16.59,15.06,14.73
2025-12-23T03:00,2025-12-23,3,15.71,16.23,15.08,16.26,15.89,16.28,15.78,16.37,14.71,14.5
2025-12-23T04:00,2025-12-23,4,15.33,15.84,14.49,15.82,15.64,15.74,15.42,16.14,14.46,14.21
2025-12-23T05:00,2025-12-23,5,15.02,15.59,13.99,15.45,15.41,15.33,15.11,15.87,14.18,13.88
2025-12-23T06:00,2025-12-23,6,14.51,14.97,13.6,15.06,14.85,14.72,14.66,15.91,13.56,13.28
2025-12-23T07:00,2025-12-23,7,14.52,14.92,14.12,15.32,14.78,14.88,14.39,15.8,13.45,13.26
2025-12-23T08:00,2025-12-23,8,16.12,16.49,16.91,17.27,16.04,17.09,15.72,17.45,14.6,14.16
2025-12-23T09:00,2025-12-23,9,18.26,18.63,20.31,19.53,17.98,19.72,17.61,19.5,16.4,15.66
2025-12-23T10:00,2025-12-23,10,20.51,21.07,22.71,21.87,20.14,21.92,19.8,21.78,18.43,17.62
2025-12-23T11:00,2025-12-23,11,22.39,23.03,24.23,23.8,22.03,23.55,21.67,23.58,20.36,19.64
2025-12-23T12:00,2025-12-23,12,23.4,24.08,25.15,24.97,23.02,24.3,22.81,24.63,21.34,20.56
2025-12-23T13:00,2025-12-23,13,24.17,24.72,25.76,25.66,23.8,25.24,23.51,25.27,22.32,21.67
2025-12-23T14:00,2025-12-23,14,24.42,24.92,25.73,25.84,24.05,25.47,23.72,25.46,22.77,22.16
2025-12-23T15:00,2025-12-23,15,24.23,24.63,25.27,25.66,23.87,25.19,23.59,25.32,22.79,22.14
2025-12-23T16:00,2025-12-23,16,23.55,23.91,24.31,25.01,23.23,24.41,23.03,24.72,22.17,21.56
2025-12-23T17:00,2025-12-23,17,21.36,21.94,21.52,22.71,21.12,22.4,20.91,22.63,19.84,19.31
2025-12-23T18:00,2025-12-23,18,19.66,20.11,19.93,20.79,19.46,20.84,19.12,21.07,18.17,17.92
2025-12-23T19:00,2025-12-23,19,18.73,19.11,19.25,19.71,18.77,20.01,18.31,20.16,17.03,17.03
2025-12-23T20:00,2025-12-23,20,17.94,18.22,18.74,18.94,18.1,19.12,17.52,19.2,16.19,16.36
2025-12-23T21:00,2025-12-23,21,17.24,17.32,18.38,18.38,17.28,18.36,16.88,18.44,15.65,15.68
2025-12-23T22:00,2025-12-23,22,16.65,16.62,17.96,17.68,16.75,17.96,16.33,17.73,15.14,15.17
2025-12-23T23:00,2025-12-23,23,16.16,16.04,17.45,17.09,16.28,17.81,15.87,17.19,14.74,14.62
2025-12-24T00:00,2025-12-24,0,15.84,15.6,16.71,16.47,16.13,17.53,15.64,16.88,14.67,14.73
2025-12-24T01:00,2025-12-24,1,15.39,15.29,15.77,15.96,15.81,17.14,15.06,15.98,14.31,14.58
2025-12-24T02:00,2025-12-24,2,15.06,15.05,15.25,15.64,15.51,16.71,14.74,15.61,13.97,14.25
2025-12-24T03:00,2025-12-24,3,14.74,14.81,14.68,15.21,15.25,16.22,14.46,15.27,13.66,14.0
2025-12-24T04:00,2025-12-24,4,14.43,14.53,14.4,14.87,15.08,15.64,14.25,15.01,13.3,13.66
2025-12-24T05:00,2025-12-24,5,14.09,14.22,14.13,14.57,14.82,15.5,13.88,14.75,12.68,13.26
2025-12-24T06:00,2025-12-24,6,13.81,13.86,14.03,14.3,14.48,15.24,13.66,15.08,12.31,12.8
2025-12-24T07:00,2025-12-24,7,13.88,13.89,14.56,14.66,14.39,15.39,13.45,14.99,12.26,12.87
2025-12-24T08:00,2025-12-24,8,15.62,15.72,16.97,16.77,15.81,17.26,15.01,17.05,13.77,13.82
2025-12-24T09:00,2025-12-24,9,17.89,18.16,19.88,19.32,17.86,19.69,17.16,19.4,15.68,15.38
2025-12-24T10:00,2025-12-24,10,20.28,20.76,22.34,21.83,20.08,21.8,19.52,21.7,18.06,17.43
2025-12-24T11:00,2025-12-24,11,22.01,22.49,23.89,23.44,21.8,23.38,21.29,23.13,19.96,19.44
2025-12-24T12:00,2025-12-24,12,22.68,23.13,24.61,24.17,22.42,23.95,22.05,23.71,20.57,20.22
2025-12-24T13:00,2025-12-24,13,23.35,23.71,25.21,24.75,22.91,24.66,22.76,24.37,21.33,21.29
2025-12-24T14:00,2025-12-24,14,23.63,23.95,25.3,25.02,23.13,24.8,23.04,24.56,21.79,21.77
2025-12-24T15:00,2025-12-24,15,23.47,23.63,25.06,24.85,23.09,24.6,22.96,24.45,21.78,21.77
2025-12-24T16:00,2025-12-24,16,22.85,22.91,24.2,24.25,22.56,23.86,22.4,23.89,21.27,21.32
2025-12-24T17:00,2025-12-24,17,20.71,20.98,21.8,21.93,20.43,21.53,20.33,21.73,18.95,19.32
2025-12-24T18:00,2025-12-24,18,18.9,19.01,19.89,20.05,18.62,20.0,18.35,20.15,17.18,17.99
2025-12-24T19:00,2025-12-24,19,17.94,17.91,19.19,19.1,17.71,19.38,17.42,19.02,16.13,17.0
2025-12-24T20:00,2025-12-24,20,17.18,16.99,18.36,18.37,16.96,18.86,16.68,18.17,15.45,16.52
2025-12-24T21:00,2025-12-24,21,16.61,16.29,18.06,17.72,16.17,18.17,16.05,17.38,15.16,16.15
2025-12-24T22:00,2025-12-24,22,16.03,15.75,17.21,17.0,15.62,17.74,15.57,16.73,14.8,15.45
2025-12-24T23:00,2025-12-24,23,15.55,15.28,16.85,16.28,15.32,17.2,15.35,16.24,14.42,14.69
2025-12-25T00:00,2025-12-25,0,15.03,14.81,16.17,15.64,15.11,16.62,14.93,15.86,13.68,14.17
2025-12-25T01:00,2025-12-25,1,14.52,14.28,15.82,15.13,14.87,16.1,14.39,15.14,13.11,13.57
2025-12-25T02:00,2025-12-25,2,14.15,13.93,15.55,14.6,14.55,15.5,14.07,14.73,12.8,13.23
2025-12-25T03:00,2025-12-25,3,13.8,13.61,15.29,14.14,14.15,15.19,13.72,14.28,12.48,12.98
2025-12-25T04:00,2025-12-25,4,13.41,13.2,14.94,13.66,13.82,14.83,13.39,13.86,12.04,12.6
2025-12-25T05:00,2025-12-25,5,13.05,12.73,14.47,13.32,13.53,14.35,12.97,13.59,11.82,12.46
2025-12-25T06:00,2025-12-25,6,12.49,12.07,13.72,12.73,12.92,14.17,12.26,13.54,11.33,11.99
2025-12-25T07:00,2025-12-25,7,12.73,12.51,14.08,13.27,13.15,14.72,12.23,13.67,11.14,11.89
2025-12-25T08:00,2025-12-25,8,14.27,14.3,16.04,14.98,14.28,15.71,13.63,15.42,12.6,12.99
2025-12-25T09:00,2025-12-25,9,16.43,16.58,18.54,17.37,15.85,17.76,15.75,17.69,14.74,14.88
2025-12-25T10:00,2025-12-25,10,18.82,19.05,20.91,19.88,17.96,20.11,17.98,19.9,17.15,17.34
2025-12-25T11:00,2025-12-25,11,20.68,20.92,22.89,21.75,19.89,21.84,19.44,21.34,19.21,19.54
2025-12-25T12:00,2025-12-25,12,21.35,21.4,23.91,22.51,20.86,22.62,19.79,21.8,19.89,20.41
2025-12-25T13:00,2025-12-25,13,22.2,22.3,24.52,23.23,21.96,23.67,20.49,22.48,20.72,21.47
2025-12-25T14:00,2025-12-25,14,22.58,22.67,24.59,23.6,22.51,23.94,20.88,22.82,21.27,21.92
2025-12-25T15:00,2025-12-25,15,22.56,22.63,24.28,23.56,22.56,23.79,20.93,22.77,21.45,21.92
2025-12-25T16:00,2025-12-25,16,22.05,22.11,23.44,23.07,22.01,23.04,20.53,22.23,21.04,21.63
2025-12-25T17:00,2025-12-25,17,19.9,19.93,20.79,20.73,19.66,20.53,18.67,20.29,18.99,20.0
2025-12-25T18:00,2025-12-25,18,18.15,18.11,18.96,18.77,17.81,19.24,17.11,18.84,17.18,18.29
2025-12-25T19:00,2025-12-25,19,16.88,16.72,17.98,17.26,16.43,18.09,15.99,17.29,15.93,17.32
2025-12-25T20:00,2025-12-25,20,16.07,15.89,17.17,16.64,15.77,17.25,15.23,16.4,14.88,16.51
2025-12-25T21:00,2025-12-25,21,15.42,15.15,16.61,16.11,15.12,16.72,14.65,15.66,14.17,15.86
2025-12-25T22:00,2025-12-25,22,14.89,14.48,16.17,15.51,14.66,16.5,14.09,15.11,13.75,15.35
2025-12-25T23:00,2025-12-25,23,14.41,13.92,15.48,14.98,14.39,16.03,13.71,14.6,13.43,14.88
2025-12-26T00:00,2025-12-26,0,14.13,13.57,14.93,14.43,14.3,15.75,13.63,14.39,13.31,14.73
2025-12-26T01:00,2025-12-26,1,13.5,12.9,14.16,13.78,13.86,15.38,13.03,13.52,12.71,14.14
2025-12-26T02:00,2025-12-26,2,13.15,12.51,13.85,13.39,13.37,14.94,12.78,13.31,12.37,13.84
2025-12-26T03:00,2025-12-26,3,12.82,12.09,13.68,13.0,12.93,14.76,12.45,12.94,12.14,13.58
2025-12-26T04:00,2025-12-26,4,12.5,11.83,13.32,12.64,12.7,14.26,12.14,12.55,11.9,13.17
2025-12-26T05:00,2025-12-26,5,12.3,11.64,12.95,12.3,12.61,13.89,11.96,12.29,11.79,13.17
2025-12-26T06:00,2025-12-26,6,12.42,11.83,12.75,12.45,12.86,14.15,12.29,12.89,11.76,12.89
2025-12-26T07:00,2025-12-26,7,12.58,12.02,13.39,12.96,13.13,14.63,12.12,13.02,11.43,12.8
2025-12-26T08:00,2025-12-26,8,14.24,14.04,15.7,14.55,14.67,15.54,13.57,14.82,13.08,13.79
2025-12-26T09:00,2025-12-26,9,16.57,16.82,18.64,16.98,16.61,17.34,15.65,17.14,15.13,15.56
2025-12-26T10:00,2025-12-26,10,19.19,19.65,21.3,20.0,18.94,19.69,18.19,19.65,17.52,17.98
2025-12-26T11:00,2025-12-26,11,21.23,21.6,23.34,22.09,20.89,21.7,20.23,21.46,19.76,20.2
2025-12-26T12:00,2025-12-26,12,21.91,22.0,24.04,22.75,21.62,22.58,20.82,21.84,20.81,21.25
2025-12-26T13:00,2025-12-26,13,22.69,22.74,24.69,23.38,22.4,23.58,21.51,22.54,21.64,22.3
2025-12-26T14:00,2025-12-26,14,22.99,23.02,24.7,23.66,22.8,23.9,21.88,22.8,22.08,22.69
2025-12-26T15:00,2025-12-26,15,22.97,22.98,24.28,23.6,22.78,23.82,21.95,22.75,22.26,22.74
2025-12-26T16:00,2025-12-26,16,22.39,22.35,23.33,23.01,22.16,23.29,21.53,22.22,21.79,22.29
2025-12-26T17:00,2025-12-26,17,20.15,20.17,20.67,20.28,19.79,20.83,19.53,20.07,20.02,20.18
2025-12-26T18:00,2025-12-26,18,18.42,18.13,19.02,18.19,18.09,19.12,17.86,18.48,18.83,18.8
2025-12-26T19:00,2025-12-26,19,17.28,16.78,18.05,17.02,16.86,18.19,16.79,17.05,17.92,17.84
2025-12-26T20:00,2025-12-26,20,16.41,15.85,17.31,16.09,16.09,17.42,16.01,16.3,16.84,17.05
2025-12-26T21:00,2025-12-26,21,15.77,15.09,17.05,15.48,15.57,16.9,15.39,15.52,16.09,16.39
2025-12-26T22:00,2025-12-26,22,15.21,14.47,16.33,15.0,15.05,16.35,14.9,14.71,15.73,15.83
2025-12-26T23:00,2025-12-26,23,14.68,13.95,15.08,14.36,14.5,15.94,14.57,14.34,15.3,15.45
2025-12-27T00:00,2025-12-27,0,14.4,13.59,14.48,13.9,14.3,15.81,14.43,14.37,15.16,15.28
2025-12-27T01:00,2025-12-27,1,13.8,12.84,13.76,13.38,13.68,15.14,13.81,13.55,14.83,14.93
2025-12-27T02:00,2025-12-27,2,13.54,12.4,13.56,13.2,13.4,14.85,13.71,13.29,14.79,14.63
2025-12-27T03:00,2025-12-27,3,13.26,12.15,13.42,12.87,12.94,14.44,13.57,12.8,14.57,14.31
2025-12-27T04:00,2025-12-27,4,13.0,12.03,13.18,12.42,12.62,14.06,13.53,12.49,14.19,13.93
2025-12-27T05:00,2025-12-27,5,12.71,11.85,12.74,12.04,12.53,13.61,13.31,12.27,13.7,13.64
2025-12-27T06:00,2025-12-27,6,12.57,11.63,12.49,11.9,12.55,13.41,13.63,12.63,13.17,13.47
2025-12-27T07:00,2025-12-27,7,12.74,11.77,13.05,12.45,12.83,14.12,13.39,12.6,13.01,13.43
2025-12-27T08:00,2025-12-27,8,14.4,13.66,15.73,14.55,13.89,15.15,14.95,14.84,14.3,14.29
2025-12-27T09:00,2025-12-27,9,16.72,16.52,19.1,17.35,15.24,16.74,16.89,17.52,16.19,15.65
2025-12-27T10:00,2025-12-27,10,19.26,19.44,21.59,20.33,17.82,19.66,18.96,20.06,18.3,17.48
2025-12-27T11:00,2025-12-27,11,21.25,21.45,23.33,22.33,20.36,21.91,20.89,21.72,20.13,19.52
2025-12-27T12:00,2025-12-27,12,21.98,22.03,23.93,23.08,21.35,22.8,21.6,22.21,20.87,20.51
2025-12-27T13:00,2025-12-27,13,22.79,22.91,24.58,23.68,22.34,23.83,22.14,22.82,21.68,21.63
2025-12-27T14:00,2025-12-27,14,23.07,23.19,24.37,23.99,22.68,24.0,22.47,23.05,22.18,22.06
2025-12-27T15:00,2025-12-27,15,23.04,23.19,23.87,23.88,22.75,23.88,22.48,23.03,22.33,22.08
2025-12-27T16:00,2025-12-27,16,22.51,22.66,22.85,23.4,22.29,23.24,22.13,22.47,21.86,21.67
2025-12-27T17:00,2025-12-27,17,20.41,20.65,20.44,20.87,19.93,20.9,20.43,20.67,19.76,19.85
2025-12-27T18:00,2025-12-27,18,18.49,18.58,18.7,18.6,17.96,19.4,18.5,18.99,17.85,18.24
2025-12-27T19:00,2025-12-27,19,17.38,17.27,17.86,17.32,16.77,18.64,17.44,17.73,16.95,17.19
2025-12-27T20:00,2025-12-27,20,16.57,16.32,17.19,16.57,15.96,17.68,16.71,16.59,16.31,16.63
2025-12-27T21:00,2025-12-27,21,15.9,15.58,16.94,15.69,15.1,16.97,15.97,15.79,15.78,16.13
2025-12-27T22:00,2025-12-27,22,15.44,15.1,16.71,15.18,14.86,16.61,15.36,15.11,15.25,15.69
2025-12-27T23:00,2025-12-27,23,14.97,14.63,15.85,14.72,14.78,16.16,14.76,14.7,14.88,15.28
2025-12-28T00:00,2025-12-28,0,14.77,14.36,15.09,14.36,14.95,15.93,14.62,14.72,14.93,15.17
2025-12-28T01:00,2025-12-28,1,14.31,13.94,14.18,13.82,14.8,15.49,14.25,13.86,14.72,14.67
2025-12-28T02:00,2025-12-28,2,14.01,13.65,13.65,13.49,14.54,15.16,14.09,13.56,14.57,14.23
2025-12-28T03:00,2025-12-28,3,13.75,13.35,13.25,13.27,14.18,14.84,13.92,13.39,14.35,13.99
2025-12-28T04:00,2025-12-28,4,13.47,13.09,12.98,13.09,13.79,14.4,13.71,13.04,14.04,13.73
2025-12-28T05:00,2025-12-28,5,13.24,12.88,12.7,12.85,13.62,14.07,13.55,12.86,13.75,13.48
2025-12-28T06:00,2025-12-28,6,13.28,13.16,12.63,12.72,13.97,13.7,13.62,13.51,13.3,13.48
2025-12-28T07:00,2025-12-28,7,13.53,13.59,13.16,13.23,14.34,13.91,13.5,13.51,13.21,13.56
2025-12-28T08:00,2025-12-28,8,14.79,14.78,15.5,14.91,14.97,15.57,14.59,15.46,14.18,14.06
2025-12-28T09:00,2025-12-28,9,16.73,16.63,18.73,17.52,15.95,17.74,16.51,17.68,15.88,15.11
2025-12-28T10:00,2025-12-28,10,19.03,19.09,21.24,20.38,17.96,20.33,18.54,20.05,17.82,16.91
2025-12-28T11:00,2025-12-28,11,21.03,21.22,23.04,22.39,20.37,22.34,20.48,21.88,19.62,18.82
2025-12-28T12:00,2025-12-28,12,21.33,21.3,23.8,23.09,20.44,22.87,20.6,22.45,19.71,19.16
2025-12-28T13:00,2025-12-28,13,22.08,22.01,24.39,23.74,21.35,23.71,21.32,23.11,20.52,20.05
2025-12-28T14:00,2025-12-28,14,22.5,22.52,24.53,24.14,21.73,23.99,21.78,23.36,20.94,20.68
2025-12-28T15:00,2025-12-28,15,22.5,22.58,24.18,24.07,21.79,23.85,21.8,23.13,21.08,20.86
2025-12-28T16:00,2025-12-28,16,21.96,22.02,23.3,23.47,21.33,23.13,21.38,22.49,20.78,20.44
2025-12-28T17:00,2025-12-28,17,19.78,19.83,20.94,21.04,19.08,20.48,19.39,20.3,18.87,18.52
2025-12-28T18:00,2025-12-28,18,17.81,17.72,19.21,18.6,17.16,18.75,17.5,18.44,16.95,16.83
2025-12-28T19:00,2025-12-28,19,16.55,16.34,18.11,17.12,16.15,17.8,16.21,17.07,15.68,15.74
2025-12-28T20:00,2025-12-28,20,15.79,15.42,17.49,16.22,15.48,17.48,15.43,16.29,14.85,15.21
2025-12-28T21:00,2025-12-28,21,15.21,14.72,16.79,15.73,14.82,17.01,14.77,15.89,14.32,14.83
2025-12-28T22:00,2025-12-28,22,14.76,14.22,16.06,15.26,14.7,16.44,14.5,15.53,13.85,14.42
2025-12-28T23:00,2025-12-28,23,14.37,13.82,15.64,14.87,14.49,15.89,14.12,14.99,13.49,14.09
2025-12-29T00:00,2025-12-29,0,14.16,13.53,15.42,14.49,14.54,15.67,14.0,14.83,13.32,13.91
2025-12-29T01:00,2025-12-29,1,14.08,13.7,15.21,14.32,14.54,15.5,13.86,14.47,13.18,13.68
2025-12-29T02:00,2025-12-29,2,13.75,13.35,14.91,14.02,14.28,14.96,13.56,14.16,12.9,13.31
2025-12-29T03:00,2025-12-29,3,13.4,13.05,14.63,13.61,13.99,14.44,13.25,13.87,12.45,13.03
2025-12-29T04:00,2025-12-29,4,13.16,12.81,14.42,13.31,13.75,14.24,12.98,13.63,12.24,12.75
2025-12-29T05:00,2025-12-29,5,12.91,12.62,14.0,12.86,13.51,14.04,12.74,13.31,12.03,12.63
2025-12-29T06:00,2025-12-29,6,12.95,12.84,13.47,12.86,13.75,13.77,12.69,13.24,12.13,12.87
2025-12-29T07:00,2025-12-29,7,13.18,13.21,13.68,13.37,13.93,14.33,12.57,13.28,12.17,12.99
2025-12-29T08:00,2025-12-29,8,14.31,14.36,15.71,14.92,14.62,15.42,13.66,15.21,13.0,13.18
2025-12-29T09:00,2025-12-29,9,16.04,16.33,18.28,17.34,15.64,16.98,15.4,17.39,14.21,13.77
2025-12-29T10:00,2025-12-29,10,18.16,18.6,20.79,19.72,17.3,19.34,17.46,19.5,16.24,15.29
2025-12-29T11:00,2025-12-29,11,19.95,20.42,22.6,21.34,19.28,21.11,19.17,20.94,18.21,17.11
2025-12-29T12:00,2025-12-29,12,19.83,20.11,22.88,21.36,18.81,21.61,19.17,21.02,17.66,17.06
2025-12-29T13:00,2025-12-29,13,20.71,21.03,23.34,22.21,20.04,22.27,19.98,21.63,18.55,18.33
2025-12-29T14:00,2025-12-29,14,21.15,21.45,23.48,22.55,20.56,22.62,20.36,21.98,19.14,19.12
2025-12-29T15:00,2025-12-29,15,21.12,21.32,23.14,22.44,20.67,22.39,20.4,21.96,19.34,19.36
2025-12-29T16:00,2025-12-29,16,20.56,20.65,22.28,21.84,20.21,21.69,19.96,21.37,18.95,19.11
2025-12-29T17:00,2025-12-29,17,18.55,18.54,20.07,19.52,18.14,19.21,18.1,19.37,17.11,17.83
2025-12-29T18:00,2025-12-29,18,16.75,16.3,18.34,17.27,16.68,17.59,15.98,17.33,15.84,17.05
2025-12-29T19:00,2025-12-29,19,15.65,15.12,17.08,15.89,15.74,16.67,14.95,15.94,14.87,16.29
2025-12-29T20:00,2025-12-29,20,15.02,14.45,16.03,15.24,14.86,16.49,14.32,15.21,14.46,15.88
2025-12-29T21:00,2025-12-29,21,14.5,13.68,15.43,14.85,14.01,16.25,13.75,14.85,14.14,15.69
2025-12-29T22:00,2025-12-29,22,14.08,13.28,15.07,14.3,13.65,15.59,13.31,14.34,13.77,15.48
2025-12-29T23:00,2025-12-29,23,13.69,12.96,14.74,13.8,13.43,14.94,12.93,13.86,13.19,15.26
2025-12-30T00:00,2025-12-30,0,13.49,12.82,14.35,13.57,13.51,14.77,12.81,13.84,13.08,14.59
2025-12-30T01:00,2025-12-30,1,13.22,12.59,14.17,13.4,13.29,14.48,12.38,13.41,12.73,14.34
2025-12-30T02:00,2025-12-30,2,12.79,12.17,13.7,12.98,12.9,13.93,11.93,12.98,12.24,14.02
2025-12-30T03:00,2025-12-30,3,12.37,11.65,13.35,12.47,12.57,13.47,11.54,12.58,11.82,13.81
2025-12-30T04:00,2025-12-30,4,12.04,11.37,13.01,12.03,12.34,13.1,11.23,12.29,11.4,13.55
2025-12-30T05:00,2025-12-30,5,11.76,10.95,12.71,11.72,12.35,12.99,10.84,12.0,11.12,13.48
2025-12-30T06:00,2025-12-30,6,12.37,11.8,12.71,12.79,13.01,13.82,11.38,12.67,11.49,13.61
2025-12-30T07:00,2025-12-30,7,12.75,12.27,13.2,13.17,13.58,14.45,11.41,12.91,11.85,13.84
2025-12-30T08:00,2025-12-30,8,13.47,12.88,14.78,13.75,14.5,14.95,12.17,13.88,12.37,14.35
2025-12-30T09:00,2025-12-30,9,14.92,14.32,17.12,15.59,15.5,15.87,13.85,15.59,13.6,15.18
2025-12-30T10:00,2025-12-30,10,16.84,16.44,19.57,17.9,16.69,17.46,15.79,17.6,15.5,16.39
2025-12-30T11:00,2025-12-30,11,18.38,18.09,21.23,19.62,17.72,19.09,17.47,19.2,16.91,17.63
2025-12-30T12:00,2025-12-30,12,17.91,17.47,21.77,19.75,17.03,19.15,17.32,19.44,15.66,16.16
2025-12-30T13:00,2025-12-30,13,18.66,18.37,22.31,20.55,17.63,19.94,18.19,20.24,16.24,16.7
2025-12-30T14:00,2025-12-30,14,19.04,18.79,22.38,20.89,17.96,20.39,18.73,20.68,16.7,17.03
2025-12-30T15:00,2025-12-30,15,19.05,18.84,22.03,20.84,18.04,20.39,18.81,20.73,16.84,17.01
2025-12-30T16:00,2025-12-30,16,18.61,18.34,21.14,20.34,17.78,19.82,18.39,20.16,16.74,16.75
2025-12-30T17:00,2025-12-30,17,17.12,16.63,18.87,18.29,16.89,17.92,16.78,18.27,15.99,16.32
2025-12-30T18:00,2025-12-30,18,15.49,14.76,17.4,15.9,15.79,16.51,14.93,16.31,14.86,15.34
2025-12-30T19:00,2025-12-30,19,14.62,13.85,16.34,15.13,15.11,15.71,14.07,15.11,13.84,14.87
2025-12-30T20:00,2025-12-30,20,13.89,13.1,15.33,14.58,14.2,14.98,13.34,14.41,13.02,14.34
2025-12-30T21:00,2025-12-30,21,13.29,12.42,14.99,13.87,13.15,14.32,12.72,13.97,12.41,14.24
2025-12-30T22:00,2025-12-30,22,12.79,11.98,14.49,13.22,12.58,13.91,12.22,13.39,11.75,13.95
2025-12-30T23:00,2025-12-30,23,12.25,11.44,13.97,12.71,12.07,13.52,11.75,12.9,11.26,13.05
2025-12-31T00:00,2025-12-31,0,11.98,11.06,13.49,12.19,12.0,13.43,11.48,12.59,11.12,13.11
2025-12-31T01:00,2025-12-31,1,11.79,10.93,13.16,11.88,12.24,13.41,11.09,11.93,11.02,12.96
2025-12-31T02:00,2025-12-31,2,11.52,10.68,12.82,11.57,12.72,13.0,10.78,11.62,10.71,12.4
2025-12-31T03:00,2025-12-31,3,11.15,10.21,12.48,11.17,12.83,12.47,10.5,11.35,10.41,11.84
2025-12-31T04:00,2025-12-31,4,10.85,9.98,12.12,10.75,12.85,12.28,10.15,11.06,10.03,11.45
2025-12-31T05:00,2025-12-31,5,10.61,9.76,11.66,10.49,12.78,11.98,9.98,10.84,9.73,11.19
2025-12-31T06:00,2025-12-31,6,10.74,9.93,11.75,10.58,12.22,12.62,10.08,11.39,9.74,11.43
2025-12-31T07:00,2025-12-31,7,11.14,10.57,11.87,11.1,12.29,13.26,10.19,11.09,10.31,11.85
2025-12-31T08:00,2025-12-31,8,12.65,12.29,13.61,12.78,13.52,14.05,11.88,13.22,11.78,12.67
2025-12-31T09:00,2025-12-31,9,14.86,14.71,15.96,15.16,15.43,15.62,14.26,15.57,13.99,14.35
2025-12-31T10:00,2025-12-31,10,17.07,17.01,18.51,17.38,17.42,17.62,16.48,17.47,16.28,16.45
2025-12-31T11:00,2025-12-31,11,18.82,18.87,20.16,19.03,19.16,19.17,18.1,18.96,18.11,18.41
2025-12-31T12:00,2025-12-31,12,19.21,19.02,21.01,19.64,19.29,19.74,18.71,19.64,18.13,18.9
2025-12-31T13:00,2025-12-31,13,20.2,20.04,21.79,20.59,20.23,20.8,19.82,20.66,19.19,19.85
2025-12-31T14:00,2025-12-31,14,20.66,20.4,22.16,21.11,20.66,21.21,20.39,21.24,19.59,20.5
2025-12-31T15:00,2025-12-31,15,20.7,20.4,22.0,21.12,20.72,21.29,20.48,21.31,19.68,20.62
2025-12-31T16:00,2025-12-31,16,20.25,19.98,21.3,20.54,20.45,20.78,20.02,20.78,19.36,20.28
2025-12-31T17:00,2025-12-31,17,18.2,17.95,18.93,18.39,18.35,18.55,18.13,18.84,17.3,18.48
2025-12-31T18:00,2025-12-31,18,16.44,16.06,17.42,16.36,16.12,16.53,16.14,17.07,15.61,17.8
2025-12-31T19:00,2025-12-31,19,15.54,14.95,16.72,15.55,15.29,15.83,15.11,15.9,14.74,17.27
2025-12-31T20:00,2025-12-31,20,14.73,14.16,15.68,14.83,14.63,15.48,14.27,14.98,13.96,16.2
2025-12-31T21:00,2025-12-31,21,14.08,13.6,14.83,14.19,13.92,15.15,13.64,14.19,13.3,15.35
2025-12-31T22:00,2025-12-31,22,13.46,13.0,14.2,13.57,13.34,14.68,13.01,13.59,12.7,14.55
2025-12-31T23:00,2025-12-31,23,12.94,12.42,13.77,12.96,12.96,14.14,12.64,13.28,12.31,13.7
