datetime,date,hour,national,dhaka,chattogram,cumilla,mymensingh,sylhet,khulna,barishal,rajshahi,rangpur
2016-01-01T00:00,2016-01-01,0,16.29,16.21,15.4,16.48,16.26,16.87,16.25,18.18,15.46,16.67
2016-01-01T01:00,2016-01-01,1,15.49,15.41,15.26,15.57,15.44,15.42,15.86,17.08,14.85,15.39
2016-01-01T02:00,2016-01-01,2,15.05,14.96,14.92,15.09,15.17,14.55,15.4,16.85,14.45,14.94
2016-01-01T03:00,2016-01-01,3,14.66,14.61,14.64,14.61,14.72,14.14,14.96,16.38,14.12,14.54
2016-01-01T04:00,2016-01-01,4,14.32,14.27,14.31,14.21,14.21,14.09,14.6,16.23,13.75,14.2
2016-01-01T05:00,2016-01-01,5,14.04,14.06,14.16,13.84,13.99,13.78,14.38,15.64,13.33,13.98
2016-01-01T06:00,2016-01-01,6,13.83,14.05,14.15,13.75,13.53,13.63,14.18,14.77,12.9,13.66
2016-01-01T07:00,2016-01-01,7,13.56,13.8,14.23,13.5,13.02,13.33,13.93,14.25,12.55,13.42
2016-01-01T08:00,2016-01-01,8,15.65,16.0,16.0,15.73,15.1,15.47,16.01,16.59,14.52,15.39
2016-01-01T09:00,2016-01-01,9,19.36,19.8,18.79,19.65,18.66,19.38,19.91,20.47,18.48,18.69
2016-01-01T10:00,2016-01-01,10,21.96,22.39,21.27,22.37,21.23,21.79,22.51,22.6,21.51,21.17
2016-01-01T11:00,2016-01-01,11,23.72,24.04,23.38,24.16,23.2,23.32,24.01,23.9,23.61,22.99
2016-01-01T12:00,2016-01-01,12,24.7,24.93,24.65,25.03,24.35,24.24,24.84,24.67,24.71,24.18
2016-01-01T13:00,2016-01-01,13,25.28,25.4,25.31,25.47,25.0,25.04,25.43,25.13,25.35,24.95
2016-01-01T14:00,2016-01-01,14,25.58,25.73,25.55,25.78,25.18,25.37,25.76,25.43,25.65,25.25
2016-01-01T15:00,2016-01-01,15,25.54,25.68,25.37,25.71,25.26,25.27,25.81,25.45,25.65,25.18
2016-01-01T16:00,2016-01-01,16,25.12,25.3,24.61,25.27,24.84,24.67,25.48,25.1,25.27,24.84
2016-01-01T17:00,2016-01-01,17,23.99,24.27,23.23,23.92,23.92,23.16,24.5,23.94,24.28,23.73
2016-01-01T18:00,2016-01-01,18,22.3,22.6,21.73,22.12,22.27,21.09,22.91,22.28,22.63,21.96
2016-01-01T19:00,2016-01-01,19,20.69,20.91,20.53,20.64,20.78,19.6,21.29,20.55,20.83,20.23
2016-01-01T20:00,2016-01-01,20,19.34,19.5,19.54,19.4,19.42,18.32,19.84,19.14,19.27,18.95
2016-01-01T21:00,2016-01-01,21,18.3,18.47,18.73,18.26,18.42,17.23,18.74,18.08,18.17,18.0
2016-01-01T22:00,2016-01-01,22,17.48,17.69,17.87,17.19,17.58,16.71,17.89,17.32,17.35,17.2
2016-01-01T23:00,2016-01-01,23,16.85,17.09,17.18,16.32,16.92,16.43,17.29,16.65,16.75,16.58
2016-01-02T00:00,2016-01-02,0,16.28,16.48,16.65,15.64,16.26,16.28,16.7,16.13,16.18,15.95
2016-01-02T01:00,2016-01-02,1,15.7,15.95,16.13,15.02,15.54,15.68,16.19,15.64,15.53,15.32
2016-01-02T02:00,2016-01-02,2,15.21,15.37,15.73,14.49,15.39,15.23,15.77,15.28,14.93,14.79
2016-01-02T03:00,2016-01-02,3,14.77,15.0,15.41,14.12,14.96,14.52,15.33,15.06,14.34,14.2
2016-01-02T04:00,2016-01-02,4,14.4,14.93,15.1,13.77,14.53,13.48,14.87,14.86,13.77,13.71
2016-01-02T05:00,2016-01-02,5,14.13,14.78,14.8,13.51,14.18,12.77,14.67,14.88,13.42,13.38
2016-01-02T06:00,2016-01-02,6,13.99,14.66,14.5,13.43,13.95,12.16,14.87,15.29,13.17,13.05
2016-01-02T07:00,2016-01-02,7,13.8,14.87,14.3,12.92,13.59,12.15,14.77,15.3,12.55,12.56
2016-01-02T08:00,2016-01-02,8,15.45,15.81,16.72,15.18,14.93,14.93,16.17,16.92,14.43,14.16
2016-01-02T09:00,2016-01-02,9,18.94,18.83,19.62,18.82,18.44,18.65,19.68,20.28,18.49,18.45
2016-01-02T10:00,2016-01-02,10,21.8,21.62,22.39,21.99,21.5,21.49,22.47,22.58,21.47,21.28
2016-01-02T11:00,2016-01-02,11,23.69,23.59,24.23,23.97,23.37,23.41,24.16,23.96,23.5,23.18
2016-01-02T12:00,2016-01-02,12,24.75,24.71,25.36,24.99,24.56,24.59,24.99,24.71,24.6,24.29
2016-01-02T13:00,2016-01-02,13,25.13,25.07,25.75,25.42,24.85,25.3,25.35,25.16,24.78,24.69
2016-01-02T14:00,2016-01-02,14,25.34,25.25,25.78,25.63,25.19,25.6,25.51,25.34,25.06,24.98
2016-01-02T15:00,2016-01-02,15,25.25,25.17,25.41,25.45,25.22,25.48,25.46,25.28,25.08,24.98
2016-01-02T16:00,2016-01-02,16,24.8,24.81,24.44,24.95,24.83,24.93,25.02,24.84,24.73,24.66
2016-01-02T17:00,2016-01-02,17,23.64,23.67,22.65,23.78,23.76,23.51,23.93,23.82,23.76,23.7
2016-01-02T18:00,2016-01-02,18,22.05,22.21,20.93,22.01,22.12,21.46,22.57,22.25,22.18,22.14
2016-01-02T19:00,2016-01-02,19,20.61,20.83,19.96,20.68,20.53,20.0,21.11,21.08,20.45,20.34
2016-01-02T20:00,2016-01-02,20,19.48,19.78,19.32,19.56,18.99,19.18,19.92,20.57,18.92,18.92
2016-01-02T21:00,2016-01-02,21,18.49,18.81,18.52,18.52,17.84,18.21,19.07,19.98,17.77,17.76
2016-01-02T22:00,2016-01-02,22,17.74,18.07,17.82,17.71,17.28,17.05,18.5,19.43,17.01,16.8
2016-01-02T23:00,2016-01-02,23,17.25,17.7,17.49,16.94,16.51,16.54,17.86,18.97,16.71,16.3
2016-01-03T00:00,2016-01-03,0,16.76,17.35,16.82,16.34,15.61,16.04,17.53,18.34,16.41,15.72
2016-01-03T01:00,2016-01-03,1,16.18,16.67,16.87,15.82,14.84,15.88,16.64,16.77,16.02,15.3
2016-01-03T02:00,2016-01-03,2,15.76,16.52,14.93,15.55,14.49,15.41,16.13,16.0,15.85,15.18
2016-01-03T03:00,2016-01-03,3,15.47,16.34,14.41,15.25,14.4,15.01,15.82,15.93,15.43,14.8
2016-01-03T04:00,2016-01-03,4,15.32,16.22,14.07,15.28,14.65,14.86,15.48,16.35,15.06,14.39
2016-01-03T05:00,2016-01-03,5,15.07,15.93,14.16,15.2,14.58,14.28,15.16,16.38,14.7,13.95
2016-01-03T06:00,2016-01-03,6,14.97,16.03,14.36,15.52,14.15,13.49,14.88,16.73,14.35,13.49
2016-01-03T07:00,2016-01-03,7,14.86,16.07,14.57,15.4,14.03,13.01,14.65,16.69,14.24,13.14
2016-01-03T08:00,2016-01-03,8,16.38,17.39,16.09,16.79,15.5,15.7,16.16,17.55,15.85,14.82
2016-01-03T09:00,2016-01-03,9,19.29,19.67,18.87,19.89,18.52,19.15,19.67,20.43,18.75,18.3
2016-01-03T10:00,2016-01-03,10,21.52,21.5,21.23,22.3,21.04,21.33,22.15,22.6,20.93,20.87
2016-01-03T11:00,2016-01-03,11,23.1,23.08,23.31,23.56,22.68,22.69,23.68,23.79,22.62,22.62
2016-01-03T12:00,2016-01-03,12,24.0,23.95,24.22,24.14,23.7,23.61,24.58,24.43,23.76,23.74
2016-01-03T13:00,2016-01-03,13,24.21,24.16,24.7,24.52,23.77,23.88,25.01,24.69,23.68,23.72
2016-01-03T14:00,2016-01-03,14,24.3,24.25,24.61,24.42,23.85,24.03,25.11,24.91,24.0,23.76
2016-01-03T15:00,2016-01-03,15,24.29,24.32,24.26,24.52,23.88,23.81,24.97,25.02,24.11,23.71
2016-01-03T16:00,2016-01-03,16,23.98,24.09,23.46,24.28,23.59,23.43,24.76,24.64,23.85,23.4
2016-01-03T17:00,2016-01-03,17,22.94,23.01,21.99,23.2,22.72,22.32,23.85,23.76,22.85,22.52
2016-01-03T18:00,2016-01-03,18,21.58,21.68,20.52,21.86,21.41,20.77,22.47,22.4,21.46,21.34
2016-01-03T19:00,2016-01-03,19,20.19,20.28,19.5,20.26,19.97,19.58,21.09,20.6,20.01,20.02
2016-01-03T20:00,2016-01-03,20,19.04,19.05,18.81,18.87,18.8,18.71,19.96,19.27,18.93,18.87
2016-01-03T21:00,2016-01-03,21,18.04,18.05,17.86,17.83,17.79,17.55,19.03,18.46,17.76,17.95
2016-01-03T22:00,2016-01-03,22,17.24,17.05,17.26,17.09,16.83,16.87,18.3,18.42,16.78,17.24
2016-01-03T23:00,2016-01-03,23,16.54,16.27,16.67,16.28,16.12,16.14,17.43,18.74,16.05,16.52
2016-01-04T00:00,2016-01-04,0,15.95,15.66,15.87,15.67,15.36,15.68,16.74,18.78,15.51,15.92
2016-01-04T01:00,2016-01-04,1,15.57,15.25,15.44,15.74,14.59,15.42,16.48,18.6,15.15,15.04
2016-01-04T02:00,2016-01-04,2,15.09,14.82,14.87,15.02,14.06,14.7,16.14,18.05,14.8,14.74
2016-01-04T03:00,2016-01-04,3,14.69,14.52,14.3,14.5,13.64,14.31,15.88,17.39,14.42,14.36
2016-01-04T04:00,2016-01-04,4,14.38,14.27,14.3,14.07,13.77,13.91,15.68,16.16,14.01,14.02
2016-01-04T05:00,2016-01-04,5,14.1,14.1,14.17,13.75,13.8,13.38,15.17,16.14,13.56,13.6
2016-01-04T06:00,2016-01-04,6,13.74,13.65,14.19,13.53,13.31,12.7,14.64,16.33,13.14,13.17
2016-01-04T07:00,2016-01-04,7,13.59,13.5,14.33,13.9,12.98,12.45,14.18,16.47,12.87,12.74
2016-01-04T08:00,2016-01-04,8,15.33,15.47,15.85,15.29,14.83,14.67,15.86,17.84,14.5,14.45
2016-01-04T09:00,2016-01-04,9,18.97,19.02,18.66,19.14,18.64,18.7,19.46,20.79,18.5,18.36
2016-01-04T10:00,2016-01-04,10,21.51,21.53,21.33,21.88,21.27,21.07,21.9,22.58,21.14,21.11
2016-01-04T11:00,2016-01-04,11,23.21,23.23,23.23,23.56,22.96,22.7,23.42,23.71,23.04,22.99
2016-01-04T12:00,2016-01-04,12,24.14,24.14,24.19,24.44,24.02,23.73,24.26,24.4,24.0,24.01
2016-01-04T13:00,2016-01-04,13,24.43,24.34,24.65,24.77,24.23,24.27,24.67,24.78,24.14,24.21
2016-01-04T14:00,2016-01-04,14,24.59,24.49,24.78,24.74,24.52,24.5,24.9,24.9,24.33,24.43
2016-01-04T15:00,2016-01-04,15,24.6,24.51,24.58,24.79,24.59,24.48,24.88,24.79,24.48,24.5
2016-01-04T16:00,2016-01-04,16,24.25,24.26,23.97,24.37,24.23,23.86,24.57,24.45,24.23,24.15
2016-01-04T17:00,2016-01-04,17,23.23,23.29,22.78,23.26,23.16,22.34,23.58,23.47,23.41,23.34
2016-01-04T18:00,2016-01-04,18,21.59,21.63,21.12,21.39,21.4,20.35,22.02,22.03,22.05,21.78
2016-01-04T19:00,2016-01-04,19,20.09,20.14,19.93,20.03,19.91,18.88,20.72,20.65,20.42,19.78
2016-01-04T20:00,2016-01-04,20,19.02,19.15,19.12,19.29,18.93,17.92,19.72,19.81,18.83,18.15
2016-01-04T21:00,2016-01-04,21,18.08,18.25,18.54,18.49,17.88,17.01,18.75,19.02,17.61,16.97
2016-01-04T22:00,2016-01-04,22,17.23,17.33,18.06,17.52,17.0,16.93,17.73,18.01,16.62,16.08
2016-01-04T23:00,2016-01-04,23,16.42,16.58,17.44,16.55,16.38,15.92,16.84,17.19,15.75,15.35
2016-01-05T00:00,2016-01-05,0,15.73,15.96,16.87,15.58,15.81,15.28,15.99,16.6,15.03,14.76
2016-01-05T01:00,2016-01-05,1,15.11,15.2,16.19,15.14,15.23,14.69,15.16,16.24,14.47,14.24
2016-01-05T02:00,2016-01-05,2,14.56,14.6,15.5,14.61,14.86,13.88,14.62,15.4,14.08,13.9
2016-01-05T03:00,2016-01-05,3,14.13,14.11,15.08,14.09,14.63,13.18,14.28,15.08,13.67,13.58
2016-01-05T04:00,2016-01-05,4,13.77,13.88,14.73,13.64,14.17,12.55,13.96,14.91,13.26,13.15
2016-01-05T05:00,2016-01-05,5,13.57,13.96,14.32,13.4,13.65,11.9,14.05,15.08,12.87,12.74
2016-01-05T06:00,2016-01-05,6,13.57,14.22,14.02,13.44,13.63,11.58,14.28,15.29,12.59,12.4
2016-01-05T07:00,2016-01-05,7,13.48,13.94,14.2,13.86,13.32,11.5,14.39,14.92,12.38,12.33
2016-01-05T08:00,2016-01-05,8,15.18,15.54,16.34,15.23,15.1,14.29,15.7,15.83,14.37,13.99
2016-01-05T09:00,2016-01-05,9,18.77,19.09,19.85,19.26,18.6,18.55,18.92,18.24,18.13,17.67
2016-01-05T10:00,2016-01-05,10,21.41,21.68,22.06,21.87,21.26,21.1,21.69,20.6,21.03,20.54
2016-01-05T11:00,2016-01-05,11,23.07,23.24,23.49,23.42,22.98,22.76,23.15,22.63,22.96,22.45
2016-01-05T12:00,2016-01-05,12,23.99,24.11,24.36,24.31,24.11,23.89,23.89,23.58,23.84,23.51
2016-01-05T13:00,2016-01-05,13,24.06,24.04,24.31,24.35,24.3,24.46,23.83,23.85,23.83,23.81
2016-01-05T14:00,2016-01-05,14,24.27,24.34,24.28,24.52,24.5,24.7,24.11,24.15,23.99,23.88
2016-01-05T15:00,2016-01-05,15,24.21,24.28,24.0,24.41,24.55,24.57,24.13,24.13,24.06,23.83
2016-01-05T16:00,2016-01-05,16,23.82,23.88,23.29,23.98,24.16,24.04,23.91,23.83,23.79,23.52
2016-01-05T17:00,2016-01-05,17,22.88,22.96,21.87,23.11,23.11,22.68,23.09,23.05,23.03,22.73
2016-01-05T18:00,2016-01-05,18,21.4,21.45,20.39,21.53,21.49,20.91,21.74,21.59,21.57,21.52
2016-01-05T19:00,2016-01-05,19,19.99,19.93,19.33,19.99,19.92,19.58,20.31,20.81,19.99,20.26
2016-01-05T20:00,2016-01-05,20,18.86,18.82,18.64,18.7,18.8,18.22,19.18,20.0,18.64,19.08
2016-01-05T21:00,2016-01-05,21,17.89,17.87,17.84,17.72,17.92,17.3,18.26,19.38,17.5,17.87
2016-01-05T22:00,2016-01-05,22,17.1,17.13,17.04,16.83,17.21,16.71,17.45,18.73,16.68,16.8
2016-01-05T23:00,2016-01-05,23,16.44,16.51,16.39,16.15,16.45,16.41,16.87,17.91,15.83,16.18
2016-01-06T00:00,2016-01-06,0,15.81,15.91,15.73,15.55,15.6,15.8,16.46,17.17,14.99,15.63
2016-01-06T01:00,2016-01-06,1,15.33,15.59,15.16,14.84,14.89,14.72,15.89,17.59,14.61,15.13
2016-01-06T02:00,2016-01-06,2,14.87,15.17,14.98,14.21,14.5,14.68,15.25,16.84,13.81,14.89
2016-01-06T03:00,2016-01-06,3,14.53,15.03,14.73,13.93,14.27,14.6,14.75,15.23,13.51,14.54
2016-01-06T04:00,2016-01-06,4,14.21,14.72,14.78,13.71,13.91,14.35,14.18,14.53,13.15,14.27
2016-01-06T05:00,2016-01-06,5,14.0,14.54,14.75,13.44,13.75,13.97,13.75,14.29,12.98,14.15
2016-01-06T06:00,2016-01-06,6,13.79,14.39,14.64,13.11,13.49,13.31,13.78,14.36,12.66,13.86
2016-01-06T07:00,2016-01-06,7,13.71,14.49,14.61,12.88,13.29,12.78,14.06,14.37,12.42,13.63
2016-01-06T08:00,2016-01-06,8,15.52,16.29,16.03,15.44,15.23,14.86,15.56,15.8,14.41,14.92
2016-01-06T09:00,2016-01-06,9,19.02,19.55,18.57,19.21,18.9,18.91,19.2,18.6,18.57,18.57
2016-01-06T10:00,2016-01-06,10,21.54,21.89,21.0,21.75,21.52,21.3,21.84,21.2,21.47,20.98
2016-01-06T11:00,2016-01-06,11,23.23,23.52,23.02,23.43,23.14,22.77,23.37,23.05,23.21,22.78
2016-01-06T12:00,2016-01-06,12,24.1,24.26,24.18,24.2,24.21,23.65,24.22,23.89,24.08,23.72
2016-01-06T13:00,2016-01-06,13,24.23,24.33,24.5,24.41,24.05,23.77,24.63,24.17,24.26,23.53
2016-01-06T14:00,2016-01-06,14,24.5,24.61,24.75,24.6,24.38,23.98,24.93,24.58,24.57,23.75
2016-01-06T15:00,2016-01-06,15,24.43,24.54,24.59,24.51,24.33,23.89,24.91,24.58,24.56,23.64
2016-01-06T16:00,2016-01-06,16,24.08,24.23,24.02,24.12,24.0,23.32,24.62,24.25,24.25,23.39
2016-01-06T17:00,2016-01-06,17,23.04,23.22,22.78,23.0,23.02,21.89,23.6,23.29,23.21,22.65
2016-01-06T18:00,2016-01-06,18,21.55,21.73,21.21,21.42,21.42,20.06,22.14,21.85,21.65,21.64
2016-01-06T19:00,2016-01-06,19,20.07,20.26,19.98,19.91,19.95,18.65,20.46,20.32,20.06,20.28
2016-01-06T20:00,2016-01-06,20,18.85,18.87,19.11,18.76,18.89,17.6,19.28,19.15,18.71,19.01
2016-01-06T21:00,2016-01-06,21,17.87,17.72,18.39,18.13,17.97,16.53,18.3,18.52,17.59,17.88
2016-01-06T22:00,2016-01-06,22,17.1,16.79,17.75,17.55,17.22,16.19,17.52,18.18,16.62,16.97
2016-01-06T23:00,2016-01-06,23,16.43,16.07,17.22,16.81,16.48,16.0,16.86,17.64,15.76,16.25
2016-01-07T00:00,2016-01-07,0,15.74,15.47,16.75,16.12,15.7,15.02,16.22,16.96,14.93,15.51
2016-01-07T01:00,2016-01-07,1,15.42,15.15,16.32,15.91,15.46,14.56,15.88,17.34,14.43,15.06
2016-01-07T02:00,2016-01-07,2,14.86,14.72,15.78,14.98,14.8,14.03,15.48,16.43,13.92,14.55
2016-01-07T03:00,2016-01-07,3,14.39,14.38,15.31,14.33,14.26,13.64,14.96,15.03,13.64,14.25
2016-01-07T04:00,2016-01-07,4,13.99,13.98,14.77,14.02,13.74,13.26,14.4,14.39,13.23,14.27
2016-01-07T05:00,2016-01-07,5,13.75,13.71,14.37,13.99,13.6,12.92,14.03,14.21,12.89,14.21
2016-01-07T06:00,2016-01-07,6,13.52,13.59,14.0,13.99,13.36,12.47,13.89,14.06,12.67,13.58
2016-01-07T07:00,2016-01-07,7,13.37,13.54,14.06,13.87,13.15,12.46,13.55,14.04,12.6,12.96
2016-01-07T08:00,2016-01-07,8,15.39,15.58,16.53,15.66,14.99,14.8,15.59,15.9,14.65,14.79
2016-01-07T09:00,2016-01-07,9,19.17,19.52,19.93,19.32,18.87,18.42,19.25,19.18,18.78,18.55
2016-01-07T10:00,2016-01-07,10,21.82,22.13,22.34,22.02,21.45,20.73,21.98,21.86,21.79,21.24
2016-01-07T11:00,2016-01-07,11,23.45,23.69,23.73,23.75,23.07,22.24,23.66,23.52,23.53,22.92
2016-01-07T12:00,2016-01-07,12,24.35,24.52,24.53,24.58,24.11,23.21,24.65,24.4,24.45,23.95
2016-01-07T13:00,2016-01-07,13,24.7,24.86,24.88,25.01,24.37,23.66,25.06,24.82,24.73,24.22
2016-01-07T14:00,2016-01-07,14,24.91,25.05,25.01,25.24,24.55,23.97,25.37,25.15,24.99,24.31
2016-01-07T15:00,2016-01-07,15,24.82,24.91,24.83,25.06,24.49,23.96,25.34,25.17,24.91,24.28
2016-01-07T16:00,2016-01-07,16,24.45,24.54,24.12,24.59,24.23,23.54,25.07,24.9,24.59,24.0
2016-01-07T17:00,2016-01-07,17,23.32,23.32,22.88,23.34,23.01,22.25,24.11,23.79,23.62,23.15
2016-01-07T18:00,2016-01-07,18,21.84,21.84,21.3,21.78,21.4,20.55,22.72,22.33,22.15,22.01
2016-01-07T19:00,2016-01-07,19,20.57,20.59,20.24,20.56,20.1,19.43,21.32,20.87,20.6,20.89
2016-01-07T20:00,2016-01-07,20,19.47,19.49,19.41,19.5,19.01,18.34,20.29,19.62,19.11,19.99
2016-01-07T21:00,2016-01-07,21,18.58,18.53,18.78,18.53,18.11,17.55,19.38,18.68,18.21,19.16
2016-01-07T22:00,2016-01-07,22,17.92,17.75,18.31,17.73,17.46,17.25,18.61,17.89,17.76,18.5
2016-01-07T23:00,2016-01-07,23,17.32,17.11,17.94,17.03,16.83,16.91,17.96,17.17,17.25,17.84
2016-01-08T00:00,2016-01-08,0,16.73,16.46,17.49,16.31,16.2,16.21,17.47,16.54,16.92,17.15
2016-01-08T01:00,2016-01-08,1,16.31,16.33,16.75,15.8,15.81,14.21,17.09,16.73,17.14,16.19
2016-01-08T02:00,2016-01-08,2,15.85,15.93,16.2,15.22,15.12,13.74,16.61,16.98,16.66,15.61
2016-01-08T03:00,2016-01-08,3,15.6,16.1,15.63,14.93,14.7,13.36,16.32,16.99,16.1,15.05
2016-01-08T04:00,2016-01-08,4,15.35,16.12,15.11,15.02,14.41,13.21,15.91,16.94,15.32,14.62
2016-01-08T05:00,2016-01-08,5,15.02,15.88,14.75,14.67,14.38,13.02,15.33,17.13,14.57,14.28
2016-01-08T06:00,2016-01-08,6,14.72,15.59,14.35,14.1,14.15,13.03,14.97,17.1,14.15,14.15
2016-01-08T07:00,2016-01-08,7,14.34,15.11,14.11,13.53,13.67,13.17,14.63,17.04,13.54,13.9
2016-01-08T08:00,2016-01-08,8,15.79,16.14,16.58,15.5,15.0,15.12,16.19,17.9,14.97,14.99
2016-01-08T09:00,2016-01-08,9,19.48,19.89,19.86,19.94,18.94,18.44,19.89,20.71,18.82,18.38
2016-01-08T10:00,2016-01-08,10,22.1,22.52,22.54,22.62,21.56,20.52,22.68,22.78,21.84,20.85
2016-01-08T11:00,2016-01-08,11,23.65,23.99,23.95,24.01,23.15,22.02,24.4,24.06,23.76,22.46
2016-01-08T12:00,2016-01-08,12,24.58,24.91,24.87,24.95,24.13,22.85,25.49,24.85,24.83,23.12
2016-01-08T13:00,2016-01-08,13,24.88,25.02,25.17,25.23,24.23,23.47,26.1,25.22,25.17,23.54
2016-01-08T14:00,2016-01-08,14,25.05,25.1,25.31,25.41,24.36,23.68,26.37,25.42,25.37,23.72
2016-01-08T15:00,2016-01-08,15,24.91,24.98,25.03,25.21,24.28,23.59,26.3,25.33,25.18,23.68
2016-01-08T16:00,2016-01-08,16,24.45,24.58,24.25,24.69,23.88,23.08,25.94,24.99,24.72,23.16
2016-01-08T17:00,2016-01-08,17,23.65,24.04,22.91,23.94,23.2,21.96,25.05,24.2,23.99,22.2
2016-01-08T18:00,2016-01-08,18,22.35,22.92,21.3,22.7,21.94,20.49,23.6,22.83,22.73,20.83
2016-01-08T19:00,2016-01-08,19,20.93,21.37,20.17,21.26,20.36,19.46,22.35,21.6,21.08,19.38
2016-01-08T20:00,2016-01-08,20,19.82,20.32,19.62,20.09,18.78,18.04,21.19,20.75,19.94,18.23
2016-01-08T21:00,2016-01-08,21,19.0,19.6,18.82,19.2,18.05,17.04,20.19,20.05,19.08,17.5
2016-01-08T22:00,2016-01-08,22,18.32,19.05,18.1,18.44,17.25,16.35,19.54,19.49,18.17,16.82
2016-01-08T23:00,2016-01-08,23,17.9,18.85,17.42,18.2,16.9,15.73,19.01,19.19,17.53,16.24
2016-01-09T00:00,2016-01-09,0,17.51,18.54,17.21,17.85,16.51,15.29,18.49,18.86,16.97,15.77
2016-01-09T01:00,2016-01-09,1,17.15,18.09,17.5,17.54,16.22,15.0,18.22,18.57,15.97,15.63
2016-01-09T02:00,2016-01-09,2,16.76,17.59,17.81,17.18,15.61,14.76,17.84,18.41,15.35,15.08
2016-01-09T03:00,2016-01-09,3,16.49,17.28,17.6,17.07,15.18,14.92,17.48,18.28,14.83,14.86
2016-01-09T04:00,2016-01-09,4,16.13,16.94,16.69,16.75,14.63,14.95,17.17,18.11,14.31,14.71
2016-01-09T05:00,2016-01-09,5,15.75,16.74,15.2,16.51,14.32,14.63,16.88,17.89,14.11,14.19
2016-01-09T06:00,2016-01-09,6,15.56,16.5,15.01,16.29,14.05,14.59,16.54,17.63,14.15,14.03
2016-01-09T07:00,2016-01-09,7,15.48,16.37,15.21,16.11,14.18,14.39,16.3,17.59,14.18,13.93
2016-01-09T08:00,2016-01-09,8,16.89,17.61,17.23,17.9,15.65,15.67,17.67,19.03,15.71,14.75
2016-01-09T09:00,2016-01-09,9,19.61,20.15,20.2,20.63,18.23,17.89,20.46,21.68,19.44,16.95
2016-01-09T10:00,2016-01-09,10,21.97,22.75,22.48,22.69,20.66,19.57,22.98,23.47,22.18,19.16
2016-01-09T11:00,2016-01-09,11,23.85,24.81,23.82,24.36,22.72,21.35,25.03,24.91,24.24,21.01
2016-01-09T12:00,2016-01-09,12,25.11,26.08,24.8,25.65,24.28,22.38,26.38,26.0,25.49,22.44
2016-01-09T13:00,2016-01-09,13,25.22,25.91,24.91,25.63,25.08,23.35,26.38,25.8,25.4,22.85
2016-01-09T14:00,2016-01-09,14,25.25,26.08,25.07,25.73,24.58,23.82,26.59,25.91,24.99,22.67
2016-01-09T15:00,2016-01-09,15,24.81,25.9,24.55,25.39,23.82,22.68,26.45,25.57,24.45,22.01
2016-01-09T16:00,2016-01-09,16,23.88,24.78,23.9,24.35,21.68,21.53,25.85,24.97,24.22,21.11
2016-01-09T17:00,2016-01-09,17,22.51,23.18,22.73,23.05,20.54,19.18,24.98,23.37,23.19,19.79
2016-01-09T18:00,2016-01-09,18,21.18,22.04,21.36,21.23,19.43,17.62,23.83,22.16,21.81,18.38
2016-01-09T19:00,2016-01-09,19,20.14,21.04,20.57,20.19,18.25,16.82,22.58,21.23,20.77,17.12
2016-01-09T20:00,2016-01-09,20,19.11,19.82,20.11,19.48,17.19,16.25,20.73,20.61,19.66,16.15
2016-01-09T21:00,2016-01-09,21,18.31,18.64,19.75,18.89,16.43,15.96,19.62,20.17,18.78,15.59
2016-01-09T22:00,2016-01-09,22,17.63,17.88,18.86,18.31,15.91,15.63,18.99,19.86,17.74,15.05
2016-01-09T23:00,2016-01-09,23,17.11,17.32,18.74,17.86,15.41,15.14,18.45,19.52,16.69,14.73
2016-01-10T00:00,2016-01-10,0,16.54,16.68,18.37,17.33,15.1,14.78,17.96,19.32,15.52,14.27
2016-01-10T01:00,2016-01-10,1,16.31,16.72,17.19,17.35,15.06,14.66,18.08,19.23,14.65,13.96
2016-01-10T02:00,2016-01-10,2,16.06,16.39,17.04,17.11,14.77,14.32,18.11,18.9,14.44,13.54
2016-01-10T03:00,2016-01-10,3,15.79,16.06,16.72,16.6,14.39,13.97,17.86,19.64,14.34,13.12
2016-01-10T04:00,2016-01-10,4,15.57,15.85,16.51,16.28,14.12,13.63,17.49,19.47,14.22,13.11
2016-01-10T05:00,2016-01-10,5,15.43,15.57,16.29,16.25,13.81,13.51,17.58,18.99,14.12,13.36
2016-01-10T06:00,2016-01-10,6,15.29,15.35,16.15,16.23,13.61,13.31,17.46,19.15,13.63,13.56
2016-01-10T07:00,2016-01-10,7,15.13,15.13,16.14,16.4,13.48,13.05,17.24,19.33,12.9,13.65
2016-01-10T08:00,2016-01-10,8,16.29,16.51,17.99,17.54,14.76,14.88,18.01,19.63,13.95,14.18
2016-01-10T09:00,2016-01-10,9,18.34,18.68,19.89,19.08,17.03,17.53,20.64,20.89,16.43,15.38
2016-01-10T10:00,2016-01-10,10,20.54,20.89,22.07,21.19,19.42,19.69,22.92,22.26,19.15,17.3
2016-01-10T11:00,2016-01-10,11,22.4,22.87,23.71,22.96,21.54,21.46,24.36,23.48,21.49,19.23
2016-01-10T12:00,2016-01-10,12,23.66,24.18,24.87,24.41,22.78,22.46,25.19,24.28,23.04,20.75
2016-01-10T13:00,2016-01-10,13,23.93,24.28,25.77,23.73,23.47,22.98,25.53,24.54,23.4,21.33
2016-01-10T14:00,2016-01-10,14,24.22,24.65,25.97,24.0,23.77,23.19,25.73,24.43,23.79,21.82
2016-01-10T15:00,2016-01-10,15,24.23,24.74,25.39,24.26,23.85,23.12,25.67,24.43,23.8,21.92
2016-01-10T16:00,2016-01-10,16,23.9,24.4,24.86,24.19,23.55,22.68,25.3,23.84,23.43,21.7
2016-01-10T17:00,2016-01-10,17,22.94,23.46,23.59,23.51,22.66,21.46,24.14,23.03,22.35,21.01
2016-01-10T18:00,2016-01-10,18,21.38,21.85,22.01,22.38,20.93,19.61,22.3,21.91,20.64,19.63
2016-01-10T19:00,2016-01-10,19,19.88,20.21,21.06,20.94,19.16,17.98,20.83,21.13,18.94,18.09
2016-01-10T20:00,2016-01-10,20,18.78,19.0,20.22,19.53,17.98,16.88,19.69,20.14,17.93,17.35
2016-01-10T21:00,2016-01-10,21,17.89,18.1,19.64,18.52,16.94,15.86,18.77,19.23,17.18,16.46
2016-01-10T22:00,2016-01-10,22,17.21,17.5,19.01,17.8,16.03,15.07,18.03,18.61,16.51,15.86
2016-01-10T23:00,2016-01-10,23,16.58,16.89,18.52,17.04,15.18,14.61,17.34,18.28,15.77,15.19
2016-01-11T00:00,2016-01-11,0,16.02,16.38,18.02,16.38,14.53,14.12,16.76,18.01,15.01,14.69
2016-01-11T01:00,2016-01-11,1,15.53,15.9,17.7,15.94,14.13,13.42,16.34,17.81,14.37,14.09
2016-01-11T02:00,2016-01-11,2,15.03,15.39,17.22,15.39,13.69,13.26,15.81,17.47,13.7,13.48
2016-01-11T03:00,2016-01-11,3,14.63,14.88,16.89,15.02,13.28,13.23,15.29,17.21,13.14,13.31
2016-01-11T04:00,2016-01-11,4,14.22,14.4,16.57,14.65,13.3,13.11,14.77,16.84,12.59,12.74
2016-01-11T05:00,2016-01-11,5,13.84,13.97,16.3,14.28,13.35,12.77,14.31,16.52,12.06,12.28
2016-01-11T06:00,2016-01-11,6,13.49,13.6,15.99,13.96,13.28,12.37,13.92,16.2,11.55,11.94
2016-01-11T07:00,2016-01-11,7,13.13,13.2,15.71,13.66,12.91,12.12,13.54,15.92,11.05,11.68
2016-01-11T08:00,2016-01-11,8,14.96,15.08,17.78,15.78,14.54,14.7,15.12,17.06,12.87,13.09
2016-01-11T09:00,2016-01-11,9,18.27,18.43,20.73,19.1,17.83,18.08,18.68,19.96,16.11,16.61
2016-01-11T10:00,2016-01-11,10,20.82,21.08,22.93,21.7,20.42,20.35,21.31,22.04,19.24,18.77
2016-01-11T11:00,2016-01-11,11,22.51,22.72,24.42,23.39,22.02,21.66,23.02,23.58,21.44,20.54
2016-01-11T12:00,2016-01-11,12,23.44,23.63,25.21,24.24,23.0,22.38,23.93,24.41,22.56,21.66
2016-01-11T13:00,2016-01-11,13,23.85,23.89,25.43,24.73,23.28,23.19,24.36,24.84,22.86,22.38
2016-01-11T14:00,2016-01-11,14,24.02,24.02,25.54,24.86,23.48,23.36,24.56,24.99,23.06,22.7
2016-01-11T15:00,2016-01-11,15,23.91,23.88,25.22,24.75,23.34,23.31,24.48,24.89,23.11,22.65
2016-01-11T16:00,2016-01-11,16,23.47,23.4,24.5,24.24,22.98,22.82,24.1,24.45,22.74,22.43
2016-01-11T17:00,2016-01-11,17,22.33,22.17,23.1,22.94,22.0,21.41,23.05,23.33,21.84,21.61
2016-01-11T18:00,2016-01-11,18,20.72,20.46,21.46,21.03,20.29,19.45,21.6,21.84,20.51,20.32
2016-01-11T19:00,2016-01-11,19,19.34,19.22,20.41,19.59,18.7,17.8,20.1,20.39,19.06,18.98
2016-01-11T20:00,2016-01-11,20,18.25,18.24,19.67,18.54,17.47,16.62,18.87,19.05,17.78,17.89
2016-01-11T21:00,2016-01-11,21,17.39,17.44,19.0,17.71,16.37,15.65,17.93,18.08,17.03,16.96
2016-01-11T22:00,2016-01-11,22,16.56,16.57,18.39,16.96,15.46,14.89,17.16,17.36,15.95,16.17
2016-01-11T23:00,2016-01-11,23,15.87,15.83,17.81,16.35,14.93,14.48,16.46,16.77,14.94,15.5
2016-01-12T00:00,2016-01-12,0,15.28,15.15,17.31,15.76,14.35,14.24,15.86,16.37,14.07,14.98
2016-01-12T01:00,2016-01-12,1,14.86,15.08,16.76,15.12,13.86,13.47,15.3,16.09,13.69,14.37
2016-01-12T02:00,2016-01-12,2,14.28,14.4,16.37,14.52,13.15,13.71,14.71,15.58,12.76,13.85
2016-01-12T03:00,2016-01-12,3,13.82,13.86,15.98,13.88,12.67,13.65,14.2,15.27,12.26,13.49
2016-01-12T04:00,2016-01-12,4,13.49,13.65,15.6,13.27,12.47,13.02,13.8,15.27,12.03,13.1
2016-01-12T05:00,2016-01-12,5,13.33,13.67,15.31,12.75,12.42,12.64,13.72,15.27,11.71,13.14
2016-01-12T06:00,2016-01-12,6,13.1,13.33,14.88,12.29,12.19,12.47,14.03,15.26,11.44,12.93
2016-01-12T07:00,2016-01-12,7,12.97,13.12,14.53,12.1,12.16,12.4,14.35,15.38,11.29,12.54
2016-01-12T08:00,2016-01-12,8,14.68,14.75,16.69,14.44,13.81,13.62,15.42,17.02,13.51,13.86
2016-01-12T09:00,2016-01-12,9,18.15,18.07,19.69,18.26,17.54,17.63,18.71,20.12,17.19,17.33
2016-01-12T10:00,2016-01-12,10,20.72,20.67,21.93,21.12,20.11,20.1,21.14,21.86,20.11,19.95
2016-01-12T11:00,2016-01-12,11,22.24,22.14,23.33,22.58,21.83,21.51,22.62,22.94,21.95,21.57
2016-01-12T12:00,2016-01-12,12,23.11,22.97,24.14,23.4,22.85,22.42,23.53,23.7,22.86,22.55
2016-01-12T13:00,2016-01-12,13,23.07,22.76,24.35,23.47,22.6,22.71,23.8,24.09,22.41,22.48
2016-01-12T14:00,2016-01-12,14,23.21,22.95,24.34,23.57,22.72,22.89,23.97,24.33,22.51,22.61
2016-01-12T15:00,2016-01-12,15,23.12,22.87,24.08,23.47,22.69,22.82,23.95,24.35,22.35,22.56
2016-01-12T16:00,2016-01-12,16,22.72,22.47,23.3,22.99,22.32,22.36,23.6,24.0,22.11,22.21
2016-01-12T17:00,2016-01-12,17,21.76,21.53,21.99,21.85,21.58,20.93,22.62,22.85,21.52,21.56
2016-01-12T18:00,2016-01-12,18,20.34,20.2,20.51,20.2,20.26,18.94,20.98,21.43,20.48,20.28
2016-01-12T19:00,2016-01-12,19,19.12,19.18,19.34,18.91,18.62,17.51,19.78,20.11,19.4,18.91
2016-01-12T20:00,2016-01-12,20,18.09,18.29,18.53,17.97,17.17,16.42,18.76,18.9,18.27,17.73
2016-01-12T21:00,2016-01-12,21,17.17,17.4,17.86,17.13,15.92,15.71,17.89,17.92,17.43,16.5
2016-01-12T22:00,2016-01-12,22,16.36,16.58,17.31,16.28,15.03,14.86,17.18,17.15,16.53,15.56
2016-01-12T23:00,2016-01-12,23,15.58,15.76,16.77,15.33,14.3,14.2,16.4,16.56,15.76,14.64
2016-01-13T00:00,2016-01-13,0,14.87,14.86,16.26,14.46,13.63,14.37,15.64,16.03,14.97,13.96
2016-01-13T01:00,2016-01-13,1,14.82,14.66,15.75,15.08,14.3,14.44,15.27,16.25,14.52,13.95
2016-01-13T02:00,2016-01-13,2,14.29,14.05,15.11,14.51,13.86,14.1,14.6,16.38,13.89,13.52
2016-01-13T03:00,2016-01-13,3,13.87,13.68,14.48,14.02,13.4,13.68,14.13,16.4,13.38,13.14
2016-01-13T04:00,2016-01-13,4,13.58,13.52,13.94,13.61,13.18,13.36,13.85,16.33,13.03,12.75
2016-01-13T05:00,2016-01-13,5,13.37,13.42,13.54,13.12,13.1,12.92,13.88,16.31,12.71,12.52
2016-01-13T06:00,2016-01-13,6,13.24,13.55,13.36,12.62,12.95,12.49,14.1,16.26,12.19,12.49
2016-01-13T07:00,2016-01-13,7,13.3,14.14,13.76,12.5,12.58,11.96,14.24,16.21,11.73,12.34
2016-01-13T08:00,2016-01-13,8,14.67,15.22,15.83,14.11,13.72,13.43,15.41,17.03,13.53,13.74
2016-01-13T09:00,2016-01-13,9,18.14,18.32,19.37,18.35,17.33,17.29,18.47,19.8,17.36,17.28
2016-01-13T10:00,2016-01-13,10,20.6,20.83,21.63,20.82,20.02,19.43,20.86,21.54,20.14,19.84
2016-01-13T11:00,2016-01-13,11,22.06,22.28,22.74,22.18,21.53,20.97,22.35,22.57,22.02,21.37
2016-01-13T12:00,2016-01-13,12,22.9,23.05,23.36,22.92,22.52,21.89,23.29,23.32,22.99,22.36
2016-01-13T13:00,2016-01-13,13,22.76,22.84,23.38,23.03,21.86,21.91,23.48,23.7,22.51,21.99
2016-01-13T14:00,2016-01-13,14,22.97,23.03,23.44,23.23,22.28,22.08,23.7,23.84,22.67,22.36
2016-01-13T15:00,2016-01-13,15,22.88,22.89,23.26,23.1,22.32,22.0,23.67,23.89,22.65,22.23
2016-01-13T16:00,2016-01-13,16,22.59,22.64,22.64,22.72,22.19,21.56,23.34,23.59,22.45,22.09
2016-01-13T17:00,2016-01-13,17,21.77,21.89,21.53,21.9,21.35,20.48,22.59,22.68,21.75,21.37
2016-01-13T18:00,2016-01-13,18,20.65,20.9,20.24,20.86,20.17,18.83,21.36,21.45,20.81,20.25
2016-01-13T19:00,2016-01-13,19,19.56,19.81,19.18,19.93,18.99,17.48,20.26,20.36,19.71,19.2
2016-01-13T20:00,2016-01-13,20,18.48,18.59,18.02,18.98,18.13,16.59,19.06,19.17,18.64,18.34
2016-01-13T21:00,2016-01-13,21,17.66,17.51,17.5,18.22,17.45,15.58,18.27,18.75,17.77,17.67
2016-01-13T22:00,2016-01-13,22,16.98,16.95,17.14,17.32,16.81,14.76,17.65,18.26,16.72,17.06
2016-01-13T23:00,2016-01-13,23,16.3,16.36,16.28,16.65,15.9,14.09,17.3,17.67,15.59,16.54
2016-01-14T00:00,2016-01-14,0,15.68,15.75,15.24,16.07,15.19,13.46,16.91,17.02,15.01,16.0
2016-01-14T01:00,2016-01-14,1,15.8,16.13,16.53,15.92,15.09,12.98,16.69,17.5,15.42,15.17
2016-01-14T02:00,2016-01-14,2,15.09,15.58,14.66,15.24,14.74,12.14,15.73,17.03,14.99,14.64
2016-01-14T03:00,2016-01-14,3,14.66,15.52,13.75,14.64,14.29,11.54,15.1,16.86,14.41,14.2
2016-01-14T04:00,2016-01-14,4,14.29,15.2,13.48,14.03,13.95,11.33,14.63,16.55,13.75,14.13
2016-01-14T05:00,2016-01-14,5,13.95,14.75,13.37,13.53,13.66,11.13,14.27,16.11,13.41,14.03
2016-01-14T06:00,2016-01-14,6,13.51,14.25,13.18,12.59,13.27,10.89,14.1,15.39,12.9,13.91
2016-01-14T07:00,2016-01-14,7,13.23,13.77,13.27,12.2,12.87,10.85,13.91,14.64,12.62,14.03
2016-01-14T08:00,2016-01-14,8,14.54,14.75,15.22,14.4,14.04,13.5,14.82,15.65,13.57,14.9
2016-01-14T09:00,2016-01-14,9,17.97,18.24,18.2,18.71,17.75,17.21,18.53,17.61,17.06,17.59
2016-01-14T10:00,2016-01-14,10,20.6,20.83,20.82,21.26,20.16,19.34,21.45,20.28,20.31,19.9
2016-01-14T11:00,2016-01-14,11,22.11,22.25,22.39,22.59,21.5,20.56,23.01,22.39,22.09,21.34
2016-01-14T12:00,2016-01-14,12,22.99,23.16,23.22,23.39,22.39,21.49,23.83,23.4,23.02,22.2
2016-01-14T13:00,2016-01-14,13,23.24,23.33,23.41,23.53,22.53,21.61,24.33,23.89,23.48,22.33
2016-01-14T14:00,2016-01-14,14,23.49,23.59,23.52,23.7,22.86,21.86,24.67,24.12,23.82,22.53
2016-01-14T15:00,2016-01-14,15,23.49,23.58,23.44,23.65,22.73,21.92,24.72,24.09,23.93,22.59
2016-01-14T16:00,2016-01-14,16,23.15,23.23,22.96,23.23,22.54,21.63,24.39,23.74,23.56,22.35
2016-01-14T17:00,2016-01-14,17,22.12,22.15,21.72,22.15,21.54,20.36,23.42,22.66,22.69,21.66
2016-01-14T18:00,2016-01-14,18,20.72,20.71,20.29,20.52,20.21,19.08,21.97,21.22,21.36,20.47
2016-01-14T19:00,2016-01-14,19,19.33,19.38,19.18,19.19,18.86,17.94,20.41,20.1,19.66,18.84
2016-01-14T20:00,2016-01-14,20,18.09,18.05,18.29,17.98,17.89,16.98,19.1,19.11,18.13,17.42
2016-01-14T21:00,2016-01-14,21,17.07,16.88,17.56,16.91,16.91,16.27,18.09,18.21,16.88,16.56
2016-01-14T22:00,2016-01-14,22,16.37,16.41,17.01,16.16,15.98,15.57,17.25,17.43,15.91,15.87
2016-01-14T23:00,2016-01-14,23,15.85,16.29,16.46,15.5,14.92,15.37,16.54,16.78,15.13,15.26
2016-01-15T00:00,2016-01-15,0,15.3,15.82,15.99,14.62,14.16,15.23,15.99,16.24,14.46,14.81
2016-01-15T01:00,2016-01-15,1,14.93,15.59,15.44,14.45,14.03,14.7,15.46,15.8,13.8,14.43
2016-01-15T02:00,2016-01-15,2,14.66,15.39,14.99,13.73,13.94,14.87,15.25,15.33,13.56,14.33
2016-01-15T03:00,2016-01-15,3,14.32,15.04,14.58,13.27,13.54,14.25,15.06,15.05,13.24,14.16
2016-01-15T04:00,2016-01-15,4,13.8,14.3,14.21,12.61,13.18,13.55,14.82,14.82,12.75,13.8
2016-01-15T05:00,2016-01-15,5,13.3,13.47,13.8,12.05,12.78,12.95,14.62,14.58,12.54,13.33
2016-01-15T06:00,2016-01-15,6,12.91,12.84,13.41,11.78,12.05,12.34,14.24,15.09,12.45,12.94
2016-01-15T07:00,2016-01-15,7,12.89,13.08,13.15,11.61,11.57,12.29,13.85,15.99,12.53,12.74
2016-01-15T08:00,2016-01-15,8,14.68,14.69,15.6,14.16,13.25,13.92,15.29,17.15,14.55,14.25
2016-01-15T09:00,2016-01-15,9,18.09,18.26,19.04,18.16,16.62,16.82,18.91,19.41,18.15,17.1
2016-01-15T10:00,2016-01-15,10,20.68,21.06,21.3,20.68,19.78,19.18,21.58,21.41,20.79,19.38
2016-01-15T11:00,2016-01-15,11,22.42,22.86,22.99,22.42,21.82,20.82,23.34,22.85,22.54,21.02
2016-01-15T12:00,2016-01-15,12,23.51,23.92,24.08,23.64,23.17,21.85,24.46,23.94,23.55,21.91
2016-01-15T13:00,2016-01-15,13,23.72,23.95,24.31,23.9,23.28,22.34,24.99,24.31,23.65,22.13
2016-01-15T14:00,2016-01-15,14,24.1,24.36,24.44,24.3,23.6,22.76,25.53,24.72,24.15,22.34
2016-01-15T15:00,2016-01-15,15,24.17,24.45,24.23,24.33,23.51,22.76,25.69,24.83,24.31,22.56
2016-01-15T16:00,2016-01-15,16,23.87,24.09,23.6,23.97,23.25,22.39,25.51,24.59,24.09,22.46
2016-01-15T17:00,2016-01-15,17,22.84,23.06,22.35,22.88,22.13,21.06,24.63,23.7,23.16,21.66
2016-01-15T18:00,2016-01-15,18,21.45,21.67,20.92,21.51,20.68,19.35,23.29,22.2,21.74,20.52
2016-01-15T19:00,2016-01-15,19,20.01,20.28,19.65,20.37,19.12,18.12,21.5,20.46,20.11,19.16
2016-01-15T20:00,2016-01-15,20,18.94,19.28,18.33,19.43,17.82,17.48,20.09,19.2,19.08,18.3
2016-01-15T21:00,2016-01-15,21,18.09,18.54,17.35,18.51,17.54,16.47,18.71,18.29,18.29,17.47
2016-01-15T22:00,2016-01-15,22,17.15,17.22,16.84,17.37,16.9,15.43,17.94,17.72,17.39,16.86
2016-01-15T23:00,2016-01-15,23,16.19,15.86,16.33,15.92,15.77,14.66,17.49,17.4,16.72,15.97
2016-01-16T00:00,2016-01-16,0,15.45,15.35,15.54,14.76,14.0,13.66,17.19,17.22,15.87,15.41
2016-01-16T01:00,2016-01-16,1,15.13,15.04,15.77,14.18,13.64,13.36,16.91,16.97,15.21,15.26
2016-01-16T02:00,2016-01-16,2,14.56,14.79,13.96,13.99,12.7,12.44,16.75,16.78,14.51,14.45
2016-01-16T03:00,2016-01-16,3,14.38,14.77,13.51,14.14,12.43,12.11,16.54,16.68,14.01,14.2
2016-01-16T04:00,2016-01-16,4,14.26,14.71,13.58,14.24,12.17,11.93,16.35,16.85,13.67,13.83
2016-01-16T05:00,2016-01-16,5,14.13,14.71,13.41,14.26,12.19,11.85,15.98,17.22,13.35,13.34
2016-01-16T06:00,2016-01-16,6,13.88,14.47,13.38,13.86,12.17,11.61,15.73,17.13,13.03,12.89
2016-01-16T07:00,2016-01-16,7,13.75,14.35,13.38,13.54,12.27,11.66,15.77,16.94,12.82,12.53
2016-01-16T08:00,2016-01-16,8,15.49,16.06,15.3,15.66,14.4,14.63,16.97,18.38,14.25,13.75
2016-01-16T09:00,2016-01-16,9,18.79,19.24,18.63,19.43,17.76,17.49,20.15,21.01,18.13,16.84
2016-01-16T10:00,2016-01-16,10,21.21,21.4,21.72,21.99,20.14,19.16,22.86,22.76,21.13,19.12
2016-01-16T11:00,2016-01-16,11,22.88,23.14,23.64,23.45,21.91,20.69,24.47,24.14,22.73,20.94
2016-01-16T12:00,2016-01-16,12,23.86,24.25,24.52,24.28,22.92,21.63,25.36,25.16,23.61,22.07
2016-01-16T13:00,2016-01-16,13,24.31,24.86,25.11,24.67,23.33,21.92,25.68,25.47,23.94,22.5
2016-01-16T14:00,2016-01-16,14,24.64,25.16,25.3,25.08,23.83,22.29,25.95,25.6,24.27,22.9
2016-01-16T15:00,2016-01-16,15,24.6,25.11,25.15,25.18,23.82,22.19,25.89,25.47,24.31,22.91
2016-01-16T16:00,2016-01-16,16,24.2,24.62,24.46,24.8,23.49,22.02,25.58,25.01,23.89,22.71
2016-01-16T17:00,2016-01-16,17,23.09,23.32,23.24,23.88,22.26,20.97,24.53,24.2,22.79,21.76
2016-01-16T18:00,2016-01-16,18,21.49,21.51,21.65,22.27,20.57,19.08,23.0,22.67,21.66,20.25
2016-01-16T19:00,2016-01-16,19,20.05,20.22,20.42,20.52,19.12,17.58,21.77,21.22,20.11,18.59
2016-01-16T20:00,2016-01-16,20,18.98,19.24,19.66,19.38,18.15,16.67,20.76,20.26,18.69,17.27
2016-01-16T21:00,2016-01-16,21,18.08,18.39,18.9,18.5,16.89,15.83,20.09,19.54,17.74,16.06
2016-01-16T22:00,2016-01-16,22,17.25,17.44,18.24,17.43,16.21,15.09,19.3,18.86,17.09,15.17
2016-01-16T23:00,2016-01-16,23,16.57,16.64,17.59,16.63,15.33,14.53,18.53,18.54,16.63,14.6
2016-01-17T00:00,2016-01-17,0,15.83,15.78,16.94,15.82,13.95,14.1,17.95,18.05,15.85,14.19
2016-01-17T01:00,2016-01-17,1,15.61,16.04,16.63,15.46,13.05,13.48,17.22,18.39,15.71,13.79
2016-01-17T02:00,2016-01-17,2,14.9,15.1,15.97,14.62,12.42,13.3,16.76,18.43,14.42,13.48
2016-01-17T03:00,2016-01-17,3,14.2,14.16,15.24,13.92,12.16,13.39,16.29,17.77,13.03,13.11
2016-01-17T04:00,2016-01-17,4,13.69,13.52,14.94,13.35,11.92,13.28,16.15,17.02,11.98,12.8
2016-01-17T05:00,2016-01-17,5,13.36,13.09,14.73,12.9,11.71,12.94,16.22,16.36,11.56,12.56
2016-01-17T06:00,2016-01-17,6,13.07,12.76,14.5,12.54,11.5,12.42,16.0,16.25,11.31,12.21
2016-01-17T07:00,2016-01-17,7,12.8,12.46,14.41,12.2,11.38,11.79,15.64,16.23,11.27,11.82
2016-01-17T08:00,2016-01-17,8,14.69,14.59,16.07,14.86,13.27,14.14,17.14,17.69,12.83,13.16
2016-01-17T09:00,2016-01-17,9,17.98,18.19,19.02,18.56,17.06,17.77,19.91,19.71,16.08,16.1
2016-01-17T10:00,2016-01-17,10,20.81,21.08,22.04,21.73,19.93,20.1,22.37,22.09,19.25,18.71
2016-01-17T11:00,2016-01-17,11,22.59,22.78,23.83,23.4,21.72,21.5,23.9,23.72,21.63,20.68
2016-01-17T12:00,2016-01-17,12,23.62,23.78,24.64,24.22,22.97,22.36,24.76,24.6,23.05,21.97
2016-01-17T13:00,2016-01-17,13,23.96,23.93,25.15,24.48,23.09,22.72,25.3,25.08,23.46,22.52
2016-01-17T14:00,2016-01-17,14,24.28,24.25,25.28,24.75,23.52,23.0,25.57,25.31,23.92,22.91
2016-01-17T15:00,2016-01-17,15,24.26,24.27,25.12,24.66,23.53,22.87,25.47,25.29,24.02,23.02
2016-01-17T16:00,2016-01-17,16,23.86,23.85,24.42,24.16,23.2,22.46,25.16,24.92,23.68,22.77
2016-01-17T17:00,2016-01-17,17,22.72,22.63,23.13,22.89,22.11,21.28,24.08,23.79,22.61,21.95
2016-01-17T18:00,2016-01-17,18,21.08,20.91,21.65,21.21,20.34,19.34,22.46,22.31,21.03,20.57
2016-01-17T19:00,2016-01-17,19,19.56,19.41,20.21,19.68,18.68,17.85,21.16,21.04,19.33,18.9
2016-01-17T20:00,2016-01-17,20,18.31,18.28,19.01,18.23,17.59,16.69,20.05,20.07,17.85,17.32
2016-01-17T21:00,2016-01-17,21,17.25,17.28,17.91,16.89,16.78,15.73,19.17,19.43,16.6,16.03
2016-01-17T22:00,2016-01-17,22,16.32,16.23,16.95,15.81,15.92,15.61,18.38,18.71,15.46,14.98
2016-01-17T23:00,2016-01-17,23,15.53,15.4,16.13,14.87,15.02,15.19,17.65,18.05,14.47,14.41
2016-01-18T00:00,2016-01-18,0,14.83,14.75,15.49,13.84,14.13,14.37,17.07,17.52,13.78,13.95
2016-01-18T01:00,2016-01-18,1,14.22,13.95,15.01,13.34,13.43,14.3,16.46,16.66,13.16,13.47
2016-01-18T02:00,2016-01-18,2,13.76,13.53,14.42,12.98,12.9,13.73,16.18,16.15,12.82,12.78
2016-01-18T03:00,2016-01-18,3,13.39,13.13,14.0,12.67,12.36,13.32,15.7,15.66,12.98,12.13
2016-01-18T04:00,2016-01-18,4,13.06,12.8,13.67,12.58,11.91,12.73,15.34,15.17,12.77,11.7
2016-01-18T05:00,2016-01-18,5,12.71,12.41,13.4,12.08,11.62,12.09,14.97,15.03,12.55,11.5
2016-01-18T06:00,2016-01-18,6,12.39,12.15,13.08,11.6,11.43,11.45,14.73,14.97,11.87,11.46
2016-01-18T07:00,2016-01-18,7,12.2,11.98,12.96,11.29,11.33,11.3,14.65,15.14,11.3,11.38
2016-01-18T08:00,2016-01-18,8,14.31,14.41,15.42,13.87,13.24,13.45,16.34,16.96,13.06,12.97
2016-01-18T09:00,2016-01-18,9,17.81,18.09,18.4,17.79,16.6,17.13,19.32,19.81,16.58,16.83
2016-01-18T10:00,2016-01-18,10,20.49,20.72,21.2,20.74,19.71,19.57,21.36,21.85,19.53,19.73
2016-01-18T11:00,2016-01-18,11,22.16,22.21,23.01,22.51,21.67,21.23,22.9,23.16,21.47,21.45
2016-01-18T12:00,2016-01-18,12,23.26,23.35,24.1,23.62,22.84,22.32,24.05,24.11,22.48,22.51
2016-01-18T13:00,2016-01-18,13,23.72,23.72,24.66,24.07,23.16,22.79,24.6,24.58,23.16,22.88
2016-01-18T14:00,2016-01-18,14,24.12,24.17,24.87,24.55,23.56,23.13,25.0,24.94,23.63,23.21
2016-01-18T15:00,2016-01-18,15,24.21,24.31,24.7,24.58,23.71,23.1,25.04,25.02,23.81,23.35
2016-01-18T16:00,2016-01-18,16,23.89,24.02,24.09,24.2,23.45,22.65,24.8,24.75,23.6,23.08
2016-01-18T17:00,2016-01-18,17,22.94,23.06,22.83,23.16,22.48,21.48,24.04,23.85,22.77,22.31
2016-01-18T18:00,2016-01-18,18,21.54,21.7,21.37,21.59,20.95,19.89,22.79,22.45,21.55,20.96
2016-01-18T19:00,2016-01-18,19,20.16,20.25,20.13,20.14,19.44,18.7,21.54,21.33,20.16,19.39
2016-01-18T20:00,2016-01-18,20,19.04,19.14,18.85,18.96,18.13,17.55,20.51,20.27,19.27,18.22
2016-01-18T21:00,2016-01-18,21,18.0,18.09,17.8,17.85,16.96,15.94,19.65,19.41,18.31,17.36
2016-01-18T22:00,2016-01-18,22,17.11,17.29,16.94,16.76,15.81,14.88,19.01,19.07,17.22,16.44
2016-01-18T23:00,2016-01-18,23,16.4,16.64,16.27,15.95,14.96,14.4,18.31,18.6,16.24,15.78
2016-01-19T00:00,2016-01-19,0,15.83,16.02,15.85,15.26,14.32,14.64,17.91,17.85,15.4,15.14
2016-01-19T01:00,2016-01-19,1,15.39,15.54,15.57,14.52,13.76,14.17,17.44,17.19,15.48,14.62
2016-01-19T02:00,2016-01-19,2,15.14,15.2,15.29,14.07,13.41,14.09,17.33,16.86,15.61,14.29
2016-01-19T03:00,2016-01-19,3,14.99,15.0,15.11,13.84,13.35,13.35,17.33,16.98,15.76,14.04
2016-01-19T04:00,2016-01-19,4,14.82,14.89,14.86,13.65,13.46,12.38,17.03,16.98,15.87,13.87
2016-01-19T05:00,2016-01-19,5,14.7,14.78,14.62,13.39,13.71,11.76,17.04,16.93,15.77,13.84
2016-01-19T06:00,2016-01-19,6,14.7,14.81,14.4,13.15,13.96,11.64,16.96,16.59,15.89,14.19
2016-01-19T07:00,2016-01-19,7,14.81,15.07,14.27,13.39,14.11,11.91,16.91,16.49,15.88,14.27
2016-01-19T08:00,2016-01-19,8,16.36,16.38,16.67,16.03,15.45,14.46,18.18,18.27,16.68,15.02
2016-01-19T09:00,2016-01-19,9,18.9,18.55,20.02,19.4,17.88,17.53,20.25,20.58,18.92,17.66
2016-01-19T10:00,2016-01-19,10,21.05,20.56,22.4,21.71,20.59,19.58,21.9,22.26,20.98,20.29
2016-01-19T11:00,2016-01-19,11,22.77,22.6,24.14,23.26,22.5,20.97,23.48,23.62,22.5,22.09
2016-01-19T12:00,2016-01-19,12,23.81,23.87,25.29,24.54,23.6,22.28,24.55,24.54,22.9,22.72
2016-01-19T13:00,2016-01-19,13,24.25,24.72,25.97,25.51,22.96,23.35,25.36,25.19,22.64,22.0
2016-01-19T14:00,2016-01-19,14,24.47,24.94,26.31,25.8,23.11,23.73,25.78,25.69,22.73,21.79
2016-01-19T15:00,2016-01-19,15,24.41,24.92,26.23,25.75,23.28,23.7,25.77,25.84,22.47,21.54
2016-01-19T16:00,2016-01-19,16,24.0,24.47,25.65,25.33,23.06,23.34,25.41,25.59,21.99,21.18
2016-01-19T17:00,2016-01-19,17,23.02,23.4,24.26,24.14,22.25,22.17,24.54,24.65,21.12,20.71
2016-01-19T18:00,2016-01-19,18,21.7,21.83,22.76,22.47,20.91,20.55,23.52,23.28,20.18,20.04
2016-01-19T19:00,2016-01-19,19,20.55,20.61,21.49,21.14,19.66,18.91,22.59,22.3,19.29,19.19
2016-01-19T20:00,2016-01-19,20,19.69,19.76,20.51,20.19,18.61,17.62,21.85,21.53,18.63,18.47
2016-01-19T21:00,2016-01-19,21,18.95,18.97,19.72,19.4,17.8,16.49,20.98,20.67,18.27,18.03
2016-01-19T22:00,2016-01-19,22,18.38,18.28,18.96,18.55,17.3,16.21,20.36,20.27,18.07,17.49
2016-01-19T23:00,2016-01-19,23,17.9,17.87,18.12,17.83,17.13,15.76,19.74,19.72,17.92,16.95
2016-01-20T00:00,2016-01-20,0,17.56,17.75,17.35,17.4,17.22,15.29,19.18,19.37,17.59,16.49
2016-01-20T01:00,2016-01-20,1,17.28,17.64,16.8,17.02,17.24,15.53,18.85,18.41,17.15,16.1
2016-01-20T02:00,2016-01-20,2,17.1,17.44,16.44,16.88,16.95,15.84,18.74,18.16,16.94,15.93
2016-01-20T03:00,2016-01-20,3,16.75,16.94,16.18,16.55,16.59,15.66,18.47,18.01,16.55,15.59
2016-01-20T04:00,2016-01-20,4,16.5,16.73,15.99,16.15,16.34,15.12,18.28,17.61,16.37,15.43
2016-01-20T05:00,2016-01-20,5,16.24,16.46,15.71,15.79,16.2,14.83,17.94,17.47,16.18,15.22
2016-01-20T06:00,2016-01-20,6,16.13,16.5,15.14,15.48,16.19,14.84,17.76,17.78,16.06,15.04
2016-01-20T07:00,2016-01-20,7,16.0,16.59,14.74,15.36,15.98,15.03,17.45,17.35,15.87,14.78
2016-01-20T08:00,2016-01-20,8,16.98,17.46,17.54,17.33,16.3,16.22,18.35,18.13,16.19,14.77
2016-01-20T09:00,2016-01-20,9,18.71,19.21,20.98,19.7,17.69,17.64,20.45,20.37,17.14,15.13
2016-01-20T10:00,2016-01-20,10,20.27,20.77,23.45,21.98,18.75,19.0,22.41,22.55,18.13,15.54
2016-01-20T11:00,2016-01-20,11,21.83,22.66,25.39,23.88,20.7,20.01,24.08,24.17,18.97,16.28
2016-01-20T12:00,2016-01-20,12,22.67,23.83,26.49,24.95,21.28,20.49,24.94,25.08,19.21,16.88
2016-01-20T13:00,2016-01-20,13,21.64,21.59,26.26,24.14,20.15,19.02,22.57,24.55,19.05,18.53
2016-01-20T14:00,2016-01-20,14,21.57,21.23,26.18,23.83,19.92,18.47,22.51,25.0,19.27,19.24
2016-01-20T15:00,2016-01-20,15,21.3,20.78,25.76,23.63,19.35,17.87,22.27,24.96,19.31,19.39
2016-01-20T16:00,2016-01-20,16,21.08,20.5,25.1,23.49,19.27,17.53,21.72,24.93,19.43,19.4
2016-01-20T17:00,2016-01-20,17,20.36,19.67,23.83,22.43,18.84,17.07,20.95,24.38,19.14,18.95
2016-01-20T18:00,2016-01-20,18,19.52,18.94,22.51,21.05,18.24,16.65,20.15,23.15,18.6,18.13
2016-01-20T19:00,2016-01-20,19,18.75,18.23,21.52,19.85,17.76,16.46,19.63,22.09,17.82,17.2
2016-01-20T20:00,2016-01-20,20,18.21,17.9,20.62,19.07,17.2,16.29,19.19,21.42,17.1,16.68
2016-01-20T21:00,2016-01-20,21,17.81,17.63,20.01,18.54,16.7,16.13,18.89,20.67,16.81,16.09
2016-01-20T22:00,2016-01-20,22,17.46,17.4,19.58,17.86,16.62,15.65,18.58,20.28,16.65,15.53
2016-01-20T23:00,2016-01-20,23,17.11,17.26,19.05,17.33,16.34,15.66,18.28,19.97,16.12,14.86
2016-01-21T00:00,2016-01-21,0,16.89,17.1,18.96,16.99,16.25,15.86,18.11,19.65,15.85,14.24
2016-01-21T01:00,2016-01-21,1,16.74,16.92,18.72,16.72,16.48,15.78,17.9,19.11,16.05,13.84
2016-01-21T02:00,2016-01-21,2,16.59,16.99,18.59,16.52,16.52,15.81,17.75,18.68,15.61,13.49
2016-01-21T03:00,2016-01-21,3,16.48,17.02,18.51,16.4,16.47,15.66,17.62,18.44,15.34,13.22
2016-01-21T04:00,2016-01-21,4,16.37,16.99,18.47,16.45,16.31,15.73,17.49,18.21,14.92,12.98
2016-01-21T05:00,2016-01-21,5,16.26,16.98,18.41,16.5,16.22,15.62,17.4,18.18,14.55,12.64
2016-01-21T06:00,2016-01-21,6,16.1,16.9,18.39,16.53,15.81,15.61,17.29,18.08,14.04,12.38
2016-01-21T07:00,2016-01-21,7,16.04,16.85,18.44,16.67,15.66,15.59,17.14,18.13,13.71,12.36
2016-01-21T08:00,2016-01-21,8,16.58,17.23,18.82,17.05,16.18,16.45,17.34,18.24,14.72,13.45
2016-01-21T09:00,2016-01-21,9,17.53,17.84,19.62,17.8,17.13,17.53,18.09,18.53,16.5,15.13
2016-01-21T10:00,2016-01-21,10,18.76,18.95,20.78,18.81,18.41,18.65,19.03,19.21,18.27,17.02
2016-01-21T11:00,2016-01-21,11,19.8,19.65,21.08,20.34,19.79,19.61,19.88,19.59,19.75,18.75
2016-01-21T12:00,2016-01-21,12,20.73,20.35,22.19,21.44,20.94,20.35,20.92,20.3,20.78,19.83
2016-01-21T13:00,2016-01-21,13,20.44,20.64,21.04,19.85,21.43,20.26,20.93,19.31,20.78,19.18
2016-01-21T14:00,2016-01-21,14,20.7,21.19,20.49,19.96,21.69,20.44,21.45,19.2,20.95,19.6
2016-01-21T15:00,2016-01-21,15,20.81,21.48,19.98,20.0,21.83,20.35,21.9,19.52,20.98,19.64
2016-01-21T16:00,2016-01-21,16,20.74,21.66,19.76,20.11,21.42,20.23,21.9,19.61,20.65,19.27
2016-01-21T17:00,2016-01-21,17,20.18,20.97,19.44,19.87,20.44,19.95,21.32,19.43,19.81,18.76
2016-01-21T18:00,2016-01-21,18,19.05,19.66,19.09,19.3,18.61,18.82,20.11,19.1,18.17,17.61
2016-01-21T19:00,2016-01-21,19,18.12,18.52,18.83,18.6,17.54,17.55,18.98,18.74,17.03,16.82
2016-01-21T20:00,2016-01-21,20,17.29,17.55,18.55,17.73,16.58,16.67,18.01,18.65,16.1,15.92
2016-01-21T21:00,2016-01-21,21,16.55,16.7,18.21,16.95,15.78,15.8,17.19,18.19,15.43,15.17
2016-01-21T22:00,2016-01-21,22,15.83,15.95,17.86,16.14,15.06,15.37,16.47,16.67,14.77,14.52
2016-01-21T23:00,2016-01-21,23,15.28,15.34,17.45,15.75,14.43,14.69,15.79,16.33,14.13,14.14
2016-01-22T00:00,2016-01-22,0,14.95,14.91,17.35,15.53,14.19,14.37,15.21,16.05,13.82,13.89
2016-01-22T01:00,2016-01-22,1,14.75,14.4,17.53,15.75,13.98,15.11,14.65,16.0,13.47,13.57
2016-01-22T02:00,2016-01-22,2,14.39,13.99,17.34,15.33,13.65,14.81,14.19,15.52,13.2,13.23
2016-01-22T03:00,2016-01-22,3,14.05,13.63,17.13,14.91,13.45,14.42,13.79,15.04,12.92,12.95
2016-01-22T04:00,2016-01-22,4,13.66,13.31,16.89,14.25,13.17,14.0,13.44,14.64,12.51,12.48
2016-01-22T05:00,2016-01-22,5,13.38,13.07,16.83,13.82,12.97,13.38,13.13,14.31,12.32,12.18
2016-01-22T06:00,2016-01-22,6,13.06,12.78,16.69,13.34,12.65,13.07,12.81,13.97,12.05,11.78
2016-01-22T07:00,2016-01-22,7,12.76,12.55,16.7,12.96,12.45,12.36,12.48,13.71,11.7,11.44
2016-01-22T08:00,2016-01-22,8,13.99,13.86,17.16,14.35,13.88,14.17,13.66,14.73,12.85,12.59
2016-01-22T09:00,2016-01-22,9,16.39,16.32,18.23,16.73,16.58,16.78,16.3,16.7,15.64,15.15
2016-01-22T10:00,2016-01-22,10,18.29,18.27,19.76,18.71,18.66,18.49,18.2,18.41,17.58,17.18
2016-01-22T11:00,2016-01-22,11,19.9,19.98,21.37,20.41,20.29,19.63,19.7,19.9,19.2,18.84
2016-01-22T12:00,2016-01-22,12,20.97,21.1,22.34,21.49,21.24,20.56,20.73,20.91,20.33,20.07
2016-01-22T13:00,2016-01-22,13,20.71,20.45,22.88,21.51,20.88,21.25,20.68,20.93,19.77,19.3
2016-01-22T14:00,2016-01-22,14,20.95,20.65,23.09,21.72,21.21,21.49,20.93,21.26,19.92,19.68
2016-01-22T15:00,2016-01-22,15,20.97,20.79,23.01,21.72,20.94,21.49,21.13,21.3,19.87,19.61
2016-01-22T16:00,2016-01-22,16,20.73,20.72,22.4,21.34,20.7,21.01,20.89,21.06,19.73,19.44
2016-01-22T17:00,2016-01-22,17,20.03,20.13,21.18,20.67,19.72,19.84,20.24,20.34,19.25,19.04
2016-01-22T18:00,2016-01-22,18,18.84,19.1,19.66,19.23,18.17,18.24,19.04,19.07,18.35,18.23
2016-01-22T19:00,2016-01-22,19,17.75,17.9,18.7,17.96,16.98,16.92,17.94,18.08,17.48,17.42
2016-01-22T20:00,2016-01-22,20,16.99,17.13,17.93,17.13,16.12,15.82,17.04,17.29,17.0,16.82
2016-01-22T21:00,2016-01-22,21,16.27,16.31,17.34,16.22,15.51,14.94,16.44,16.65,16.37,16.32
2016-01-22T22:00,2016-01-22,22,15.69,15.58,16.82,15.46,15.0,14.35,15.82,15.98,16.02,15.96
2016-01-22T23:00,2016-01-22,23,15.19,15.06,16.34,14.93,14.55,13.95,15.24,15.42,15.7,15.41
2016-01-23T00:00,2016-01-23,0,14.69,14.53,15.8,14.46,14.16,13.33,14.68,14.98,15.09,15.16
2016-01-23T01:00,2016-01-23,1,14.07,14.06,15.51,14.0,13.58,12.67,14.1,14.71,14.12,13.82
2016-01-23T02:00,2016-01-23,2,13.71,13.73,15.1,13.65,13.37,12.32,13.66,14.42,13.84,13.29
2016-01-23T03:00,2016-01-23,3,13.36,13.38,14.84,13.34,13.01,11.98,13.28,14.24,13.33,12.88
2016-01-23T04:00,2016-01-23,4,12.98,13.06,14.51,13.09,12.67,11.7,12.84,14.03,12.76,12.29
2016-01-23T05:00,2016-01-23,5,12.66,12.77,14.27,12.86,12.42,11.55,12.45,13.85,12.2,11.86
2016-01-23T06:00,2016-01-23,6,12.3,12.44,13.98,12.59,12.15,10.93,12.07,13.66,11.64,11.56
2016-01-23T07:00,2016-01-23,7,11.98,12.19,13.87,12.41,11.81,10.64,11.69,13.51,11.12,10.96
2016-01-23T08:00,2016-01-23,8,13.36,13.51,15.44,14.02,13.3,12.88,12.88,14.66,12.29,11.96
2016-01-23T09:00,2016-01-23,9,15.89,16.1,17.81,16.75,16.07,15.64,15.46,17.02,14.56,14.27
2016-01-23T10:00,2016-01-23,10,18.1,18.27,19.93,18.93,18.35,18.17,17.67,18.96,16.69,16.68
2016-01-23T11:00,2016-01-23,11,19.79,19.96,21.61,20.6,19.94,19.76,19.36,20.42,18.43,18.58
2016-01-23T12:00,2016-01-23,12,20.82,20.96,22.71,21.71,20.94,20.9,20.45,21.44,19.39,19.59
2016-01-23T13:00,2016-01-23,13,20.64,20.37,22.61,21.32,20.99,20.79,20.58,21.35,19.29,19.94
2016-01-23T14:00,2016-01-23,14,21.05,20.87,22.88,21.83,21.04,21.32,20.96,21.73,19.67,20.32
2016-01-23T15:00,2016-01-23,15,21.09,20.91,22.77,21.91,21.11,21.37,21.01,21.69,19.78,20.39
2016-01-23T16:00,2016-01-23,16,20.74,20.55,22.26,21.47,20.91,21.0,20.66,21.28,19.48,20.16
2016-01-23T17:00,2016-01-23,17,19.8,19.67,21.1,20.39,19.8,19.84,19.77,20.36,18.73,19.38
2016-01-23T18:00,2016-01-23,18,18.13,18.05,19.56,18.51,17.83,18.18,18.1,18.71,17.16,17.84
2016-01-23T19:00,2016-01-23,19,16.75,16.63,18.56,17.15,16.33,16.78,16.75,17.54,15.59,16.31
2016-01-23T20:00,2016-01-23,20,15.71,15.59,17.73,16.13,15.3,15.46,15.71,16.66,14.53,15.21
2016-01-23T21:00,2016-01-23,21,14.96,14.79,17.08,15.26,14.52,14.88,14.88,15.9,13.86,14.57
2016-01-23T22:00,2016-01-23,22,14.27,14.11,16.43,14.55,13.84,14.18,14.12,15.16,13.17,13.92
2016-01-23T23:00,2016-01-23,23,13.69,13.56,15.84,14.0,13.23,13.34,13.57,14.49,12.53,13.56
2016-01-24T00:00,2016-01-24,0,13.13,13.06,15.32,13.5,12.63,12.32,13.07,13.93,12.02,12.92
2016-01-24T01:00,2016-01-24,1,12.51,12.4,14.74,12.89,11.91,11.85,12.52,13.52,11.41,12.16
2016-01-24T02:00,2016-01-24,2,12.08,11.94,14.33,12.43,11.5,11.29,12.06,13.06,11.02,11.88
2016-01-24T03:00,2016-01-24,3,11.67,11.56,13.93,12.03,11.15,10.89,11.58,12.66,10.63,11.44
2016-01-24T04:00,2016-01-24,4,11.29,11.18,13.61,11.6,10.73,10.58,11.13,12.34,10.27,11.0
2016-01-24T05:00,2016-01-24,5,10.91,10.8,13.3,11.16,10.34,10.31,10.68,12.0,9.93,10.55
2016-01-24T06:00,2016-01-24,6,10.55,10.49,13.09,10.78,9.98,9.93,10.22,11.74,9.55,10.09
2016-01-24T07:00,2016-01-24,7,10.27,10.22,12.95,10.43,9.63,9.95,9.87,11.47,9.16,9.77
2016-01-24T08:00,2016-01-24,8,12.05,11.95,14.59,12.51,11.62,12.36,11.79,13.12,10.82,10.99
2016-01-24T09:00,2016-01-24,9,15.52,15.38,17.11,15.77,15.45,16.09,15.73,16.06,14.74,14.4
2016-01-24T10:00,2016-01-24,10,17.95,17.84,19.34,18.34,18.15,18.41,17.92,18.2,17.17,17.03
2016-01-24T11:00,2016-01-24,11,19.7,19.63,21.12,20.16,19.9,20.05,19.26,19.55,19.1,19.05
2016-01-24T12:00,2016-01-24,12,20.77,20.63,22.43,21.21,21.01,21.14,20.28,20.58,20.12,20.21
2016-01-24T13:00,2016-01-24,13,20.88,20.68,22.57,21.42,21.28,21.26,20.62,20.87,20.22,19.9
2016-01-24T14:00,2016-01-24,14,21.29,21.17,22.97,21.86,21.58,21.58,21.14,21.32,20.51,20.22
2016-01-24T15:00,2016-01-24,15,21.31,21.23,22.98,21.87,21.56,21.62,21.31,21.44,20.5,20.08
2016-01-24T16:00,2016-01-24,16,21.02,20.95,22.52,21.48,21.26,21.22,21.02,21.08,20.35,19.93
2016-01-24T17:00,2016-01-24,17,20.04,20.0,21.21,20.39,20.04,20.09,20.14,20.1,19.46,19.34
2016-01-24T18:00,2016-01-24,18,18.44,18.4,19.61,18.62,18.06,18.36,18.56,18.38,17.95,18.25
2016-01-24T19:00,2016-01-24,19,17.06,16.98,18.35,17.3,16.51,16.91,17.23,17.18,16.5,16.87
2016-01-24T20:00,2016-01-24,20,15.97,15.89,17.5,16.25,15.45,15.82,16.13,16.28,15.21,15.69
2016-01-24T21:00,2016-01-24,21,15.1,15.15,16.73,15.32,14.69,14.71,15.2,15.62,14.05,14.81
2016-01-24T22:00,2016-01-24,22,14.34,14.51,16.16,14.54,13.94,13.68,14.36,14.95,13.11,14.02
2016-01-24T23:00,2016-01-24,23,13.72,13.98,15.57,13.92,13.38,13.04,13.67,14.33,12.47,13.25
2016-01-25T00:00,2016-01-25,0,13.14,13.38,15.01,13.33,12.77,12.64,13.09,13.8,12.04,12.4
2016-01-25T01:00,2016-01-25,1,12.59,12.79,14.49,12.76,12.16,11.71,12.6,13.44,11.79,11.75
2016-01-25T02:00,2016-01-25,2,12.18,12.4,14.03,12.33,11.86,11.04,12.25,13.11,11.51,11.17
2016-01-25T03:00,2016-01-25,3,11.84,12.03,13.61,11.99,11.54,10.62,11.94,12.83,11.3,10.78
2016-01-25T04:00,2016-01-25,4,11.55,11.7,13.33,11.65,11.23,10.44,11.62,12.61,11.01,10.55
2016-01-25T05:00,2016-01-25,5,11.22,11.38,13.11,11.23,10.82,10.17,11.25,12.37,10.74,10.19
2016-01-25T06:00,2016-01-25,6,10.93,11.07,12.89,10.86,10.42,10.15,10.88,12.16,10.32,10.01
2016-01-25T07:00,2016-01-25,7,10.65,10.79,12.79,10.55,10.13,10.0,10.48,11.91,9.95,9.79
2016-01-25T08:00,2016-01-25,8,12.48,12.56,14.54,12.85,12.1,12.23,12.32,13.57,11.49,11.35
2016-01-25T09:00,2016-01-25,9,16.1,16.18,17.32,16.42,15.79,15.83,16.39,16.75,15.53,14.98
2016-01-25T10:00,2016-01-25,10,18.57,18.62,19.65,18.9,18.41,18.28,18.83,18.85,18.08,17.65
2016-01-25T11:00,2016-01-25,11,20.17,20.16,21.38,20.5,20.12,19.92,20.17,20.18,19.82,19.44
2016-01-25T12:00,2016-01-25,12,21.17,21.08,22.6,21.52,21.2,21.02,21.15,21.2,20.68,20.54
2016-01-25T13:00,2016-01-25,13,21.23,21.11,22.92,21.82,20.88,20.91,21.56,21.7,20.61,20.11
2016-01-25T14:00,2016-01-25,14,21.57,21.38,23.15,22.2,21.29,21.28,22.03,22.19,20.9,20.48
2016-01-25T15:00,2016-01-25,15,21.61,21.43,22.95,22.16,21.12,21.46,22.09,22.27,21.1,20.6
2016-01-25T16:00,2016-01-25,16,21.32,21.21,22.29,21.72,21.0,21.16,21.82,21.99,20.92,20.33
2016-01-25T17:00,2016-01-25,17,20.36,20.23,21.01,20.64,20.16,20.13,20.95,20.98,20.03,19.59
2016-01-25T18:00,2016-01-25,18,18.94,18.83,19.45,18.97,18.6,18.55,19.57,19.51,18.79,18.51
2016-01-25T19:00,2016-01-25,19,17.5,17.33,18.25,17.52,17.06,17.08,17.94,18.1,17.35,17.31
2016-01-25T20:00,2016-01-25,20,16.28,15.84,17.4,16.27,16.05,15.87,16.63,16.77,16.25,16.34
2016-01-25T21:00,2016-01-25,21,15.23,14.66,16.58,15.26,15.18,14.72,15.47,15.49,15.37,15.39
2016-01-25T22:00,2016-01-25,22,14.47,13.83,15.88,14.4,14.74,13.75,14.43,14.5,14.64,15.13
2016-01-25T23:00,2016-01-25,23,13.83,13.23,15.34,13.73,14.05,12.99,13.6,13.9,13.98,14.65
2016-01-26T00:00,2016-01-26,0,13.28,12.72,14.89,13.17,13.35,12.4,12.96,13.51,13.33,14.17
2016-01-26T01:00,2016-01-26,1,12.75,12.25,14.59,12.7,12.46,12.14,12.62,13.93,12.25,13.31
2016-01-26T02:00,2016-01-26,2,12.37,12.04,14.13,12.28,12.01,11.6,12.31,13.55,11.67,12.94
2016-01-26T03:00,2016-01-26,3,12.03,11.83,13.71,11.85,11.51,11.28,12.17,13.01,11.14,12.65
2016-01-26T04:00,2016-01-26,4,11.94,12.07,13.32,11.54,11.22,10.95,12.55,13.26,10.74,12.13
2016-01-26T05:00,2016-01-26,5,11.93,12.3,12.88,11.33,11.08,10.6,13.14,13.67,10.5,11.87
2016-01-26T06:00,2016-01-26,6,11.72,12.19,12.49,11.1,10.82,10.31,12.89,13.71,10.09,11.81
2016-01-26T07:00,2016-01-26,7,11.52,11.99,12.18,11.02,10.66,10.04,12.43,13.93,9.82,11.71
2016-01-26T08:00,2016-01-26,8,13.08,13.14,14.75,12.92,12.64,12.14,13.41,15.0,11.78,12.86
2016-01-26T09:00,2016-01-26,9,16.68,16.85,17.89,17.1,16.3,16.03,17.04,18.14,15.61,15.58
2016-01-26T10:00,2016-01-26,10,19.09,19.35,20.13,19.62,18.67,18.21,19.6,20.05,18.33,17.78
2016-01-26T11:00,2016-01-26,11,20.48,20.73,21.52,20.97,20.13,19.5,20.94,21.16,19.93,19.14
2016-01-26T12:00,2016-01-26,12,21.34,21.51,22.61,21.83,20.77,20.41,21.81,21.94,20.87,20.07
2016-01-26T13:00,2016-01-26,13,21.53,21.5,23.17,22.07,20.8,20.75,22.15,22.28,21.0,20.25
2016-01-26T14:00,2016-01-26,14,21.74,21.72,23.31,22.3,20.93,21.08,22.44,22.61,21.23,20.35
2016-01-26T15:00,2016-01-26,15,21.76,21.74,23.01,22.25,21.02,21.02,22.61,22.68,21.37,20.37
2016-01-26T16:00,2016-01-26,16,21.42,21.38,22.37,21.83,20.8,20.66,22.39,22.4,21.12,20.1
2016-01-26T17:00,2016-01-26,17,20.47,20.37,21.09,20.78,19.92,19.46,21.62,21.6,20.33,19.32
2016-01-26T18:00,2016-01-26,18,19.14,18.99,19.67,19.39,18.68,17.85,20.38,20.34,18.97,18.33
2016-01-26T19:00,2016-01-26,19,17.62,17.51,18.37,17.85,17.1,16.52,18.81,18.82,17.17,16.8
2016-01-26T20:00,2016-01-26,20,16.3,16.11,17.0,16.48,15.64,15.4,17.41,17.77,15.7,15.9
2016-01-26T21:00,2016-01-26,21,15.35,15.29,15.88,15.44,14.47,14.64,16.5,16.24,14.77,15.12
2016-01-26T22:00,2016-01-26,22,14.8,14.94,15.15,14.78,14.1,13.89,15.85,15.24,14.2,14.69
2016-01-26T23:00,2016-01-26,23,14.34,14.76,14.59,14.08,13.83,13.2,15.09,14.83,13.73,14.15
2016-01-27T00:00,2016-01-27,0,13.94,14.6,14.1,13.45,13.32,12.82,14.46,15.05,13.07,13.73
2016-01-27T01:00,2016-01-27,1,13.01,13.16,13.64,12.5,12.09,12.37,13.69,15.24,11.59,13.56
2016-01-27T02:00,2016-01-27,2,12.61,13.1,13.19,12.03,11.77,11.68,13.05,14.85,11.04,12.91
2016-01-27T03:00,2016-01-27,3,12.18,12.72,12.72,11.55,11.55,10.89,12.67,14.4,10.62,12.55
2016-01-27T04:00,2016-01-27,4,11.85,12.52,12.36,11.11,11.44,10.26,12.27,13.39,10.38,12.38
2016-01-27T05:00,2016-01-27,5,11.69,12.45,12.03,10.67,11.12,9.98,12.02,12.92,10.79,12.23
2016-01-27T06:00,2016-01-27,6,11.4,12.15,11.77,10.13,10.6,9.8,11.85,12.73,10.65,11.88
2016-01-27T07:00,2016-01-27,7,11.09,11.75,11.61,9.87,9.5,9.65,11.87,12.66,10.31,11.69
2016-01-27T08:00,2016-01-27,8,12.89,13.1,14.68,12.86,11.69,12.44,13.65,14.07,11.37,12.45
2016-01-27T09:00,2016-01-27,9,16.61,16.89,18.49,17.35,15.59,16.05,17.3,16.95,15.17,15.42
2016-01-27T10:00,2016-01-27,10,19.25,19.51,20.94,19.98,18.41,18.19,19.63,19.35,18.64,17.91
2016-01-27T11:00,2016-01-27,11,20.78,20.99,22.09,21.3,20.16,19.52,21.37,21.2,20.5,19.35
2016-01-27T12:00,2016-01-27,12,21.64,21.87,23.03,22.22,21.17,20.32,22.07,22.12,21.42,19.98
2016-01-27T13:00,2016-01-27,13,22.14,22.41,23.3,22.78,21.73,20.87,22.4,22.47,21.91,20.72
2016-01-27T14:00,2016-01-27,14,22.46,22.7,23.46,23.08,22.15,21.13,22.78,22.73,22.42,21.01
2016-01-27T15:00,2016-01-27,15,22.5,22.69,23.25,23.09,22.35,21.39,22.76,22.85,22.46,21.15
2016-01-27T16:00,2016-01-27,16,22.18,22.36,22.57,22.71,22.13,21.02,22.67,22.55,22.12,20.99
2016-01-27T17:00,2016-01-27,17,21.32,21.62,21.37,21.92,20.96,19.86,21.96,21.83,21.31,20.16
2016-01-27T18:00,2016-01-27,18,20.11,20.45,19.89,20.75,19.88,18.16,21.04,20.36,20.18,18.93
2016-01-27T19:00,2016-01-27,19,18.88,19.33,18.73,19.5,18.28,16.6,20.19,19.16,18.97,17.45
2016-01-27T20:00,2016-01-27,20,17.9,18.59,17.74,18.61,17.25,15.32,19.28,18.42,17.97,15.85
2016-01-27T21:00,2016-01-27,21,17.06,18.0,16.95,17.68,16.02,14.22,18.37,17.99,16.97,14.87
2016-01-27T22:00,2016-01-27,22,16.35,17.31,16.33,16.74,15.33,13.69,17.59,17.9,16.05,14.16
2016-01-27T23:00,2016-01-27,23,15.96,16.96,16.24,16.17,14.84,13.61,17.1,17.62,15.4,13.91
2016-01-28T00:00,2016-01-28,0,15.53,16.48,15.75,15.95,14.75,13.11,16.59,17.15,14.66,13.68
2016-01-28T01:00,2016-01-28,1,15.15,16.0,14.95,16.07,14.12,12.71,16.24,16.91,14.24,13.45
2016-01-28T02:00,2016-01-28,2,14.96,15.77,14.37,15.99,14.08,12.65,16.13,16.98,13.92,13.27
2016-01-28T03:00,2016-01-28,3,14.66,15.25,14.28,15.68,13.87,12.67,15.91,16.9,13.47,13.05
2016-01-28T04:00,2016-01-28,4,14.31,14.71,14.08,15.18,13.59,12.33,15.66,16.82,13.19,12.85
2016-01-28T05:00,2016-01-28,5,14.1,14.52,14.07,14.48,13.49,11.91,15.51,17.0,12.96,12.85
2016-01-28T06:00,2016-01-28,6,13.82,14.18,13.95,13.89,13.29,12.0,15.25,16.87,12.58,12.64
2016-01-28T07:00,2016-01-28,7,13.75,14.14,14.13,13.8,13.04,11.82,15.1,16.83,12.41,12.65
2016-01-28T08:00,2016-01-28,8,15.3,15.74,15.5,16.11,14.63,14.1,16.27,17.79,13.86,13.73
2016-01-28T09:00,2016-01-28,9,17.81,18.23,18.3,18.84,17.22,16.99,18.81,19.23,16.82,15.54
2016-01-28T10:00,2016-01-28,10,19.88,20.38,20.7,20.87,19.43,18.97,20.66,20.69,19.16,17.32
2016-01-28T11:00,2016-01-28,11,21.42,21.95,22.24,22.29,20.95,20.42,22.21,21.79,21.05,18.79
2016-01-28T12:00,2016-01-28,12,22.3,22.87,22.49,23.22,21.96,21.31,23.19,22.51,22.2,19.62
2016-01-28T13:00,2016-01-28,13,22.93,23.21,24.09,23.68,22.31,22.24,24.0,23.76,22.62,20.11
2016-01-28T14:00,2016-01-28,14,23.25,23.69,24.19,24.06,22.59,22.53,24.37,23.73,23.16,20.07
2016-01-28T15:00,2016-01-28,15,23.28,23.73,24.07,24.08,22.73,22.48,24.45,23.64,23.25,20.12
2016-01-28T16:00,2016-01-28,16,23.01,23.46,23.48,23.68,22.54,22.12,24.37,23.41,23.06,19.98
2016-01-28T17:00,2016-01-28,17,22.2,22.93,22.22,22.8,21.7,20.89,23.68,22.53,22.29,19.08
2016-01-28T18:00,2016-01-28,18,20.82,21.66,20.77,21.74,20.0,19.14,22.33,21.24,20.63,17.81
2016-01-28T19:00,2016-01-28,19,19.4,20.15,19.81,20.51,18.16,17.64,20.81,20.14,18.85,16.73
2016-01-28T20:00,2016-01-28,20,18.32,18.64,19.28,19.5,17.02,16.68,19.66,19.42,17.64,16.27
2016-01-28T21:00,2016-01-28,21,17.47,17.63,18.59,18.61,16.63,15.89,18.75,18.74,16.61,15.51
2016-01-28T22:00,2016-01-28,22,16.81,16.79,18.08,18.05,15.99,14.98,17.92,18.44,15.97,15.22
2016-01-28T23:00,2016-01-28,23,16.24,16.24,17.81,17.65,15.21,14.22,17.29,18.15,15.16,14.62
2016-01-29T00:00,2016-01-29,0,15.76,15.7,18.05,17.2,14.57,13.76,16.49,17.82,14.64,14.08
2016-01-29T01:00,2016-01-29,1,15.1,15.04,16.68,15.84,13.89,13.18,16.33,17.52,14.29,13.65
2016-01-29T02:00,2016-01-29,2,14.54,14.52,15.88,15.39,13.28,12.91,15.66,16.58,13.75,13.16
2016-01-29T03:00,2016-01-29,3,14.15,14.07,15.51,14.94,12.88,12.61,15.18,16.31,13.3,13.08
2016-01-29T04:00,2016-01-29,4,13.78,13.61,15.25,14.56,12.84,12.33,14.75,16.16,12.83,12.64
2016-01-29T05:00,2016-01-29,5,13.43,13.07,14.95,14.12,12.99,12.21,14.36,16.04,12.46,12.25
2016-01-29T06:00,2016-01-29,6,13.16,12.72,14.74,13.71,13.04,11.97,14.04,16.17,12.09,11.99
2016-01-29T07:00,2016-01-29,7,13.15,12.83,14.72,13.5,13.2,12.07,13.74,16.15,11.9,12.22
2016-01-29T08:00,2016-01-29,8,14.92,15.03,16.72,15.64,14.66,14.42,14.88,16.62,13.52,13.61
2016-01-29T09:00,2016-01-29,9,17.76,18.09,19.52,18.48,17.85,17.89,17.47,17.52,16.68,16.18
2016-01-29T10:00,2016-01-29,10,20.04,20.28,21.83,21.31,19.91,19.92,20.02,19.36,19.09,18.16
2016-01-29T11:00,2016-01-29,11,21.77,22.05,23.46,22.94,21.48,21.1,22.09,21.57,20.9,19.83
2016-01-29T12:00,2016-01-29,12,22.86,23.05,24.36,24.01,22.48,21.92,23.39,23.32,22.05,20.87
2016-01-29T13:00,2016-01-29,13,23.24,23.6,24.56,24.41,22.28,21.78,24.02,23.86,22.51,21.25
2016-01-29T14:00,2016-01-29,14,23.51,23.74,24.74,24.61,22.62,21.94,24.41,24.44,22.85,21.64
2016-01-29T15:00,2016-01-29,15,23.47,23.77,24.47,24.51,22.71,21.53,24.47,24.62,22.84,21.62
2016-01-29T16:00,2016-01-29,16,23.08,23.34,23.8,24.12,22.41,21.23,24.1,24.48,22.32,21.4
2016-01-29T17:00,2016-01-29,17,22.22,22.48,22.56,23.26,21.6,20.26,23.17,23.67,21.61,20.81
2016-01-29T18:00,2016-01-29,18,20.71,20.97,20.7,21.69,20.19,18.64,21.47,22.13,20.24,19.66
2016-01-29T19:00,2016-01-29,19,19.59,20.02,19.75,20.49,18.9,17.56,20.04,20.75,19.24,18.5
2016-01-29T20:00,2016-01-29,20,18.69,19.19,19.05,19.62,17.92,16.6,19.14,19.7,18.39,17.3
2016-01-29T21:00,2016-01-29,21,17.95,18.52,18.67,18.93,17.08,15.95,18.32,18.76,17.45,16.45
2016-01-29T22:00,2016-01-29,22,17.28,17.84,18.25,18.23,16.44,15.68,17.6,17.9,16.69,15.67
2016-01-29T23:00,2016-01-29,23,16.71,17.27,17.83,17.46,15.99,15.17,17.01,17.44,15.94,15.27
2016-01-30T00:00,2016-01-30,0,16.02,16.55,17.28,16.88,15.24,14.7,16.32,16.99,15.03,14.38
2016-01-30T01:00,2016-01-30,1,15.5,15.87,17.08,16.11,14.68,14.4,15.98,16.7,14.54,13.87
2016-01-30T02:00,2016-01-30,2,14.84,15.03,16.36,15.32,14.15,14.06,15.4,16.0,13.91,13.49
2016-01-30T03:00,2016-01-30,3,14.33,14.39,15.76,14.7,13.99,13.66,14.83,15.34,13.61,13.13
2016-01-30T04:00,2016-01-30,4,14.05,14.13,15.64,14.14,13.59,13.28,14.85,15.01,13.36,12.74
2016-01-30T05:00,2016-01-30,5,13.96,14.47,15.71,13.82,13.21,12.85,14.73,15.19,13.01,12.32
2016-01-30T06:00,2016-01-30,6,13.86,14.62,15.23,13.99,12.93,12.34,14.65,15.77,12.65,11.9
2016-01-30T07:00,2016-01-30,7,13.62,14.3,14.65,14.18,12.77,12.06,14.31,16.21,12.3,11.53
2016-01-30T08:00,2016-01-30,8,15.09,15.36,16.69,15.72,14.1,14.44,15.5,16.5,14.37,13.22
2016-01-30T09:00,2016-01-30,9,18.5,18.92,19.16,19.5,17.7,17.73,19.13,19.8,17.57,16.63
2016-01-30T10:00,2016-01-30,10,20.69,21.03,21.66,21.79,19.85,19.64,21.44,21.85,19.95,18.54
2016-01-30T11:00,2016-01-30,11,22.27,22.6,23.48,23.23,21.58,20.83,23.08,23.23,21.65,20.21
2016-01-30T12:00,2016-01-30,12,23.12,23.44,24.25,24.07,22.37,21.6,24.19,24.25,22.45,20.95
2016-01-30T13:00,2016-01-30,13,23.74,24.26,24.4,24.67,22.99,21.83,24.86,24.81,23.35,21.32
2016-01-30T14:00,2016-01-30,14,23.87,24.25,24.38,24.75,23.22,21.79,25.27,25.37,23.34,21.72
2016-01-30T15:00,2016-01-30,15,23.75,24.02,24.04,24.45,23.15,21.73,25.3,25.51,23.17,21.94
2016-01-30T16:00,2016-01-30,16,23.44,23.74,23.38,24.19,22.97,21.45,25.07,25.06,22.96,21.54
2016-01-30T17:00,2016-01-30,17,22.6,22.89,22.24,23.33,22.0,20.41,24.32,24.09,22.35,20.86
2016-01-30T18:00,2016-01-30,18,21.44,21.75,20.7,22.19,20.4,19.16,23.1,22.92,21.57,20.0
2016-01-30T19:00,2016-01-30,19,20.23,20.55,19.64,20.88,19.11,17.79,21.59,21.71,20.45,19.11
2016-01-30T20:00,2016-01-30,20,19.27,19.51,19.05,19.88,18.35,16.7,20.3,20.68,19.37,18.48
2016-01-30T21:00,2016-01-30,21,18.23,18.3,18.28,18.84,17.58,16.15,19.02,19.54,18.16,17.72
2016-01-30T22:00,2016-01-30,22,17.37,17.26,18.25,17.69,16.7,15.53,18.26,18.53,17.2,16.9
2016-01-30T23:00,2016-01-30,23,16.82,16.75,17.99,17.38,15.85,14.85,17.7,17.72,16.43,16.48
2016-01-31T00:00,2016-01-31,0,16.42,16.44,17.47,16.98,15.38,14.5,17.31,17.24,15.94,16.08
2016-01-31T01:00,2016-01-31,1,16.11,16.27,16.82,16.05,15.43,14.4,16.97,16.87,15.75,15.88
2016-01-31T02:00,2016-01-31,2,15.79,16.07,15.4,15.81,15.01,14.1,16.74,16.8,15.99,15.3
2016-01-31T03:00,2016-01-31,3,15.88,16.53,14.78,16.14,14.8,14.15,16.69,16.79,16.17,15.01
2016-01-31T04:00,2016-01-31,4,15.8,16.79,14.52,16.2,14.41,13.81,16.5,16.46,16.18,14.59
2016-01-31T05:00,2016-01-31,5,15.85,16.98,14.45,16.41,14.11,13.79,16.57,16.3,16.26,14.56
2016-01-31T06:00,2016-01-31,6,15.99,17.25,14.47,16.66,14.3,13.77,16.57,16.47,16.37,14.55
2016-01-31T07:00,2016-01-31,7,16.07,17.22,14.86,16.78,14.52,13.78,16.62,16.67,16.31,14.72
2016-01-31T08:00,2016-01-31,8,17.49,18.22,17.59,18.21,15.79,15.44,18.5,19.05,17.35,15.59
2016-01-31T09:00,2016-01-31,9,19.7,20.15,20.81,20.34,18.16,17.42,21.12,21.88,19.35,17.27
2016-01-31T10:00,2016-01-31,10,21.44,21.82,23.27,22.34,20.26,18.88,22.94,23.49,21.07,18.32
2016-01-31T11:00,2016-01-31,11,22.74,22.97,24.63,23.56,21.29,20.11,24.94,24.76,22.52,19.38
2016-01-31T12:00,2016-01-31,12,23.87,24.34,25.42,24.57,22.58,20.81,26.1,25.62,23.89,20.28
2016-01-31T13:00,2016-01-31,13,23.7,23.91,24.57,24.1,23.08,21.68,25.87,25.89,24.13,19.91
2016-01-31T14:00,2016-01-31,14,24.14,24.35,24.74,24.41,23.45,22.1,26.43,25.94,24.89,20.46
2016-01-31T15:00,2016-01-31,15,24.44,24.73,24.97,24.72,23.93,22.33,26.77,25.83,25.09,20.81
2016-01-31T16:00,2016-01-31,16,24.28,24.67,24.55,24.57,23.85,22.03,26.65,25.44,24.85,20.77
2016-01-31T17:00,2016-01-31,17,23.63,24.17,23.59,23.88,23.07,21.21,26.02,24.87,24.17,20.25
2016-01-31T18:00,2016-01-31,18,22.34,23.07,22.27,22.66,21.44,19.64,24.78,23.42,22.64,19.11
2016-01-31T19:00,2016-01-31,19,20.97,21.59,21.28,21.48,19.74,18.35,23.2,22.05,21.11,18.09
2016-01-31T20:00,2016-01-31,20,19.75,20.11,20.3,20.27,18.37,17.33,21.92,21.22,19.73,17.34
2016-01-31T21:00,2016-01-31,21,18.86,18.97,19.72,19.47,17.46,16.66,20.94,20.67,18.82,16.58
2016-01-31T22:00,2016-01-31,22,18.34,18.37,19.8,18.94,17.07,16.2,20.11,20.26,18.02,16.22
2016-01-31T23:00,2016-01-31,23,17.8,17.85,19.39,18.4,16.73,15.75,19.38,19.89,17.23,15.7
2016-02-01T00:00,2016-02-01,0,17.32,17.42,18.91,17.87,16.48,15.27,18.78,19.57,16.53,15.36
2016-02-01T01:00,2016-02-01,1,17.2,17.68,16.94,18.13,16.54,15.52,18.53,19.64,16.1,15.34
2016-02-01T02:00,2016-02-01,2,16.95,17.54,16.44,17.92,16.27,15.32,18.17,19.48,15.47,15.38
2016-02-01T03:00,2016-02-01,3,16.65,17.21,16.02,17.7,15.82,15.18,17.97,19.33,15.01,15.26
2016-02-01T04:00,2016-02-01,4,16.51,16.99,15.81,17.61,15.8,15.21,17.69,19.19,14.79,15.39
2016-02-01T05:00,2016-02-01,5,16.3,16.6,15.67,17.46,15.76,15.0,17.37,19.05,14.56,15.51
2016-02-01T06:00,2016-02-01,6,16.13,16.24,15.63,17.31,15.7,14.89,17.09,18.91,14.43,15.59
2016-02-01T07:00,2016-02-01,7,16.0,15.94,15.62,17.25,15.5,15.17,16.76,18.83,14.33,15.59
2016-02-01T08:00,2016-02-01,8,17.69,17.91,18.48,19.22,16.8,16.39,18.46,20.47,15.78,16.21
2016-02-01T09:00,2016-02-01,9,19.82,19.83,21.55,21.2,18.61,17.78,21.36,22.63,18.65,17.34
2016-02-01T10:00,2016-02-01,10,22.0,22.42,23.24,22.96,20.72,19.3,24.06,24.19,21.58,18.75
2016-02-01T11:00,2016-02-01,11,23.84,24.75,24.4,24.66,22.89,20.42,25.74,25.48,23.76,20.28
2016-02-01T12:00,2016-02-01,12,24.96,26.0,25.14,25.85,24.06,21.27,26.81,26.37,25.21,21.26
2016-02-01T13:00,2016-02-01,13,25.25,26.11,25.74,25.64,24.55,22.41,27.26,26.62,25.67,21.29
2016-02-01T14:00,2016-02-01,14,25.77,26.61,25.66,26.44,25.37,23.39,27.63,27.05,26.03,21.85
2016-02-01T15:00,2016-02-01,15,25.86,26.71,25.56,26.68,25.52,23.74,27.71,27.23,26.08,21.79
2016-02-01T16:00,2016-02-01,16,25.6,26.42,25.06,26.5,25.36,23.51,27.48,27.07,25.81,21.53
2016-02-01T17:00,2016-02-01,17,24.72,25.5,24.03,25.62,24.57,22.67,26.69,26.27,24.87,20.67
2016-02-01T18:00,2016-02-01,18,23.27,24.11,22.61,24.13,23.05,21.01,25.34,24.76,23.47,19.17
2016-02-01T19:00,2016-02-01,19,21.73,22.52,21.46,22.43,21.36,19.48,23.66,23.17,21.98,17.82
2016-02-01T20:00,2016-02-01,20,20.38,20.84,20.5,21.19,20.31,18.35,22.01,21.9,20.47,16.98
2016-02-01T21:00,2016-02-01,21,19.59,20.39,19.63,20.81,19.0,17.7,20.67,20.64,19.38,16.33
2016-02-01T22:00,2016-02-01,22,18.84,19.94,19.35,19.82,17.73,17.11,19.42,19.85,18.3,15.86
2016-02-01T23:00,2016-02-01,23,18.15,19.46,19.0,18.39,16.97,16.65,18.63,19.54,17.3,15.43
2016-02-02T00:00,2016-02-02,0,17.47,18.59,18.36,17.58,16.5,16.25,17.98,19.24,16.41,15.04
2016-02-02T01:00,2016-02-02,1,17.15,17.72,18.3,17.17,16.16,16.24,18.14,19.06,16.21,15.1
2016-02-02T02:00,2016-02-02,2,16.55,16.71,17.33,17.0,15.7,15.71,17.75,18.8,15.7,14.77
2016-02-02T03:00,2016-02-02,3,16.14,16.22,16.44,16.79,15.28,15.24,17.54,18.44,15.27,14.57
2016-02-02T04:00,2016-02-02,4,15.97,16.13,16.24,16.75,15.03,15.12,17.3,18.6,14.82,14.31
2016-02-02T05:00,2016-02-02,5,15.94,16.34,16.21,17.0,14.75,14.91,17.03,18.76,14.47,14.15
2016-02-02T06:00,2016-02-02,6,15.84,16.23,16.16,17.27,14.48,14.68,16.95,18.81,14.11,14.02
2016-02-02T07:00,2016-02-02,7,15.75,15.81,16.26,17.66,14.4,14.61,16.98,19.05,13.91,13.84
2016-02-02T08:00,2016-02-02,8,17.36,17.57,17.92,18.65,16.61,16.81,18.61,19.7,15.72,15.25
2016-02-02T09:00,2016-02-02,9,19.77,20.32,20.69,19.63,19.53,19.37,21.41,20.37,18.55,17.66
2016-02-02T10:00,2016-02-02,10,22.27,22.94,23.81,21.83,22.07,21.18,23.9,22.04,21.65,19.83
2016-02-02T11:00,2016-02-02,11,24.28,25.01,25.88,24.0,23.86,22.64,25.89,24.12,23.94,21.62
2016-02-02T12:00,2016-02-02,12,25.65,26.45,27.22,25.71,25.05,23.64,27.13,25.6,25.39,22.86
2016-02-02T13:00,2016-02-02,13,25.47,26.36,27.04,25.44,24.79,23.24,26.95,25.85,25.13,22.61
2016-02-02T14:00,2016-02-02,14,25.76,26.68,26.88,25.61,25.2,23.45,27.03,26.29,25.73,23.04
2016-02-02T15:00,2016-02-02,15,25.82,26.59,26.62,25.93,25.24,23.7,27.14,26.35,25.87,23.13
2016-02-02T16:00,2016-02-02,16,25.42,26.12,25.76,25.67,24.65,23.22,26.9,26.2,25.63,22.86
2016-02-02T17:00,2016-02-02,17,24.65,25.33,24.62,24.65,23.86,22.61,26.41,25.68,24.9,22.14
2016-02-02T18:00,2016-02-02,18,23.38,24.09,23.18,23.71,22.61,21.11,25.13,24.67,23.52,20.67
2016-02-02T19:00,2016-02-02,19,21.91,22.44,22.03,22.72,20.95,19.66,23.63,23.48,21.82,19.23
2016-02-02T20:00,2016-02-02,20,20.64,20.72,21.19,21.51,19.68,18.54,22.39,22.43,20.46,18.54
2016-02-02T21:00,2016-02-02,21,19.53,19.45,20.47,20.22,18.62,17.55,21.39,21.4,19.29,17.53
2016-02-02T22:00,2016-02-02,22,18.67,18.5,19.9,19.23,17.87,16.64,20.64,20.5,18.28,16.84
2016-02-02T23:00,2016-02-02,23,17.94,17.8,19.2,18.29,17.1,15.96,19.91,20.19,17.42,16.21
2016-02-03T00:00,2016-02-03,0,17.33,17.21,18.56,17.6,16.26,15.47,19.3,19.76,16.81,15.57
2016-02-03T01:00,2016-02-03,1,17.47,17.38,18.08,19.25,16.26,15.5,19.07,19.81,16.88,15.18
2016-02-03T02:00,2016-02-03,2,17.02,16.98,17.49,18.42,16.09,15.21,18.57,19.66,16.41,14.7
2016-02-03T03:00,2016-02-03,3,16.66,16.68,17.07,17.45,16.33,15.11,18.41,19.01,16.07,14.29
2016-02-03T04:00,2016-02-03,4,16.4,16.31,16.75,16.93,16.36,14.96,18.17,18.69,15.94,14.2
2016-02-03T05:00,2016-02-03,5,16.4,16.71,16.52,16.65,16.17,14.97,18.22,18.28,15.94,13.97
2016-02-03T06:00,2016-02-03,6,16.2,16.83,16.35,16.49,15.57,14.84,18.19,18.17,15.2,13.53
2016-02-03T07:00,2016-02-03,7,15.91,16.58,15.87,16.73,14.78,14.84,18.06,18.42,14.45,12.94
2016-02-03T08:00,2016-02-03,8,17.33,17.93,18.77,17.98,15.91,16.61,18.95,19.03,16.01,14.37
2016-02-03T09:00,2016-02-03,9,19.78,20.72,22.02,19.99,17.86,18.25,21.27,20.32,18.84,17.02
2016-02-03T10:00,2016-02-03,10,22.38,23.38,25.0,22.54,20.49,20.56,23.54,22.44,21.49,19.89
2016-02-03T11:00,2016-02-03,11,24.23,24.94,26.62,24.79,22.6,22.23,25.15,24.62,23.52,22.03
2016-02-03T12:00,2016-02-03,12,25.37,25.88,27.39,26.08,24.34,23.58,25.92,25.71,24.79,23.46
2016-02-03T13:00,2016-02-03,13,25.37,25.71,27.44,25.89,24.25,23.85,26.3,26.34,24.63,23.39
2016-02-03T14:00,2016-02-03,14,25.82,26.23,27.49,26.16,25.14,24.24,26.6,26.4,25.32,24.01
2016-02-03T15:00,2016-02-03,15,25.79,26.18,27.31,26.31,25.11,24.33,26.59,25.93,25.31,24.02
2016-02-03T16:00,2016-02-03,16,25.33,25.72,26.64,26.03,24.6,23.9,26.21,25.36,24.91,23.52
2016-02-03T17:00,2016-02-03,17,24.43,25.01,25.52,25.23,23.76,22.73,25.31,24.55,23.92,22.37
2016-02-03T18:00,2016-02-03,18,22.99,23.67,24.0,23.93,22.43,21.12,24.06,23.58,22.17,20.5
2016-02-03T19:00,2016-02-03,19,21.49,22.19,22.8,22.48,20.93,19.68,22.71,22.54,20.33,18.67
2016-02-03T20:00,2016-02-03,20,20.25,20.84,21.79,21.28,19.46,18.19,21.76,21.84,19.06,17.27
2016-02-03T21:00,2016-02-03,21,19.32,19.83,20.97,20.36,18.27,17.06,21.09,21.55,18.03,16.27
2016-02-03T22:00,2016-02-03,22,18.61,19.24,20.3,19.55,17.37,16.24,20.67,21.15,17.17,15.17
2016-02-03T23:00,2016-02-03,23,18.02,18.7,19.82,19.35,16.81,15.56,19.8,20.98,16.42,14.23
2016-02-04T00:00,2016-02-04,0,17.4,18.24,19.27,18.78,16.16,15.12,19.06,20.16,15.7,13.35
2016-02-04T01:00,2016-02-04,1,16.93,17.68,19.02,18.59,15.26,14.86,18.82,19.9,15.1,12.61
2016-02-04T02:00,2016-02-04,2,16.49,17.32,18.85,18.44,14.72,14.49,18.52,19.42,14.55,11.41
2016-02-04T03:00,2016-02-04,3,16.13,17.08,18.72,18.33,14.22,13.89,18.11,19.23,14.05,10.73
2016-02-04T04:00,2016-02-04,4,15.71,16.66,18.34,18.1,13.65,13.02,17.94,19.09,13.39,10.35
2016-02-04T05:00,2016-02-04,5,15.35,16.24,18.27,17.67,13.38,12.77,17.75,18.96,12.59,10.09
2016-02-04T06:00,2016-02-04,6,15.14,15.98,18.13,17.31,13.39,12.45,17.63,18.75,12.16,10.15
2016-02-04T07:00,2016-02-04,7,14.89,15.62,17.82,16.87,12.91,12.51,17.44,18.66,11.8,10.44
2016-02-04T08:00,2016-02-04,8,16.53,17.0,19.66,18.58,14.2,15.45,18.4,19.54,13.86,12.47
2016-02-04T09:00,2016-02-04,9,19.52,19.57,22.93,20.8,18.55,19.13,20.35,21.17,17.86,16.38
2016-02-04T10:00,2016-02-04,10,21.92,22.09,25.73,23.14,21.14,21.27,22.1,22.83,20.33,19.18
2016-02-04T11:00,2016-02-04,11,23.4,23.48,26.95,24.75,22.71,22.52,23.55,24.27,21.85,21.1
2016-02-04T12:00,2016-02-04,12,24.39,24.46,27.73,25.79,23.72,23.44,24.52,25.4,22.9,22.13
2016-02-04T13:00,2016-02-04,13,25.06,25.12,27.97,26.65,24.49,24.22,25.19,26.26,23.57,22.71
2016-02-04T14:00,2016-02-04,14,25.39,25.44,28.06,26.95,24.81,24.56,25.65,26.67,24.05,22.96
2016-02-04T15:00,2016-02-04,15,25.4,25.43,27.9,26.88,24.81,24.44,25.77,26.78,24.12,23.02
2016-02-04T16:00,2016-02-04,16,25.01,25.03,27.32,26.44,24.34,23.94,25.49,26.47,23.81,22.76
2016-02-04T17:00,2016-02-04,17,23.98,24.02,25.82,25.32,23.1,22.5,24.74,25.6,22.9,22.12
2016-02-04T18:00,2016-02-04,18,22.34,22.46,23.93,23.38,21.28,20.51,23.25,23.97,21.41,20.77
2016-02-04T19:00,2016-02-04,19,20.69,20.91,22.5,21.78,19.34,18.83,21.67,22.61,19.54,18.9
2016-02-04T20:00,2016-02-04,20,19.43,19.73,21.5,20.62,17.84,17.46,20.53,21.63,17.99,17.45
2016-02-04T21:00,2016-02-04,21,18.44,18.82,20.64,19.69,16.64,16.45,19.59,20.81,16.79,16.38
2016-02-04T22:00,2016-02-04,22,17.52,17.95,19.92,18.8,15.53,15.45,18.75,20.08,15.73,15.24
2016-02-04T23:00,2016-02-04,23,16.74,17.18,19.27,18.04,14.74,14.79,18.02,19.45,14.85,14.27
2016-02-05T00:00,2016-02-05,0,16.02,16.46,18.69,17.3,13.92,14.09,17.36,18.86,14.15,13.33
2016-02-05T01:00,2016-02-05,1,15.65,16.06,18.22,16.91,13.22,13.84,17.19,18.59,13.83,12.96
2016-02-05T02:00,2016-02-05,2,15.23,15.56,17.76,16.46,12.93,13.88,16.86,18.16,13.27,12.5
2016-02-05T03:00,2016-02-05,3,14.73,14.98,17.34,15.93,12.55,13.47,16.43,17.86,12.66,12.07
2016-02-05T04:00,2016-02-05,4,14.25,14.42,17.01,15.35,12.0,13.02,15.96,17.63,12.07,11.8
2016-02-05T05:00,2016-02-05,5,13.73,13.76,16.62,14.78,11.38,12.41,15.45,17.56,11.4,11.59
2016-02-05T06:00,2016-02-05,6,13.28,13.17,16.34,14.33,11.03,12.12,14.89,17.29,10.83,11.41
2016-02-05T07:00,2016-02-05,7,13.02,12.94,16.17,14.04,11.0,12.09,14.39,16.98,10.41,11.11
2016-02-05T08:00,2016-02-05,8,15.14,14.99,18.39,16.29,13.36,13.83,16.23,18.5,12.89,13.48
2016-02-05T09:00,2016-02-05,9,18.88,18.77,21.46,20.05,17.75,18.41,19.33,20.85,17.09,17.44
2016-02-05T10:00,2016-02-05,10,21.49,21.44,24.1,22.65,20.55,20.73,21.77,22.85,20.07,20.02
2016-02-05T11:00,2016-02-05,11,23.12,23.11,25.61,24.15,22.29,22.09,23.43,24.33,22.01,21.64
2016-02-05T12:00,2016-02-05,12,24.18,24.23,26.39,25.15,23.36,23.05,24.59,25.31,23.18,22.69
2016-02-05T13:00,2016-02-05,13,24.72,24.75,26.79,25.68,23.97,23.69,25.2,25.97,23.77,23.05
2016-02-05T14:00,2016-02-05,14,25.01,25.05,26.95,25.82,24.2,23.99,25.64,26.27,24.13,23.43
2016-02-05T15:00,2016-02-05,15,25.0,25.06,26.68,25.69,24.29,23.88,25.73,26.21,24.22,23.5
2016-02-05T16:00,2016-02-05,16,24.63,24.68,26.05,25.16,24.01,23.38,25.45,25.88,23.91,23.37
2016-02-05T17:00,2016-02-05,17,23.6,23.61,24.61,23.96,23.14,22.01,24.64,24.85,22.99,22.72
2016-02-05T18:00,2016-02-05,18,22.05,22.08,22.7,22.19,21.71,20.12,23.2,23.29,21.54,21.58
2016-02-05T19:00,2016-02-05,19,20.44,20.4,21.43,20.63,19.92,18.43,21.41,21.91,19.82,20.16
2016-02-05T20:00,2016-02-05,20,19.16,19.15,20.48,19.3,18.47,16.99,20.08,20.83,18.36,18.92
2016-02-05T21:00,2016-02-05,21,18.11,18.14,19.72,18.17,17.25,16.18,19.13,19.88,17.13,17.73
2016-02-05T22:00,2016-02-05,22,17.29,17.35,19.02,17.26,16.38,15.78,18.35,19.1,16.16,16.71
2016-02-05T23:00,2016-02-05,23,16.58,16.66,18.37,16.29,15.86,15.21,17.68,18.44,15.38,15.97
2016-02-06T00:00,2016-02-06,0,15.99,16.1,17.66,15.48,15.14,15.01,17.06,17.89,14.77,15.54
2016-02-06T01:00,2016-02-06,1,15.43,15.69,17.18,14.97,14.89,13.84,16.6,17.58,14.22,14.39
2016-02-06T02:00,2016-02-06,2,14.84,15.09,16.61,14.29,14.45,12.98,16.09,17.09,13.65,13.85
2016-02-06T03:00,2016-02-06,3,14.28,14.43,16.13,13.7,13.88,12.45,15.53,16.56,13.09,13.44
2016-02-06T04:00,2016-02-06,4,13.73,13.76,15.58,13.13,13.31,12.28,14.82,15.99,12.6,13.12
2016-02-06T05:00,2016-02-06,5,13.31,13.3,14.91,12.65,13.44,11.88,14.35,15.45,12.12,12.81
2016-02-06T06:00,2016-02-06,6,12.98,13.11,14.31,12.2,13.12,11.25,14.18,15.39,11.72,12.44
2016-02-06T07:00,2016-02-06,7,12.84,13.11,14.19,12.02,12.63,10.99,14.19,15.9,11.37,12.04
2016-02-06T08:00,2016-02-06,8,15.22,15.18,17.12,15.18,15.12,14.12,15.89,17.46,13.88,14.3
2016-02-06T09:00,2016-02-06,9,19.22,19.11,20.91,19.6,18.89,18.4,19.6,20.89,18.13,18.52
2016-02-06T10:00,2016-02-06,10,21.84,21.74,23.34,22.38,21.42,20.96,22.09,22.81,21.19,21.16
2016-02-06T11:00,2016-02-06,11,23.53,23.42,24.89,24.03,23.13,22.79,23.75,24.23,23.08,22.84
2016-02-06T12:00,2016-02-06,12,24.66,24.57,26.02,25.15,24.32,24.04,24.93,25.25,24.13,23.89
2016-02-06T13:00,2016-02-06,13,25.09,24.92,26.74,25.62,24.81,24.65,25.35,25.75,24.39,24.27
2016-02-06T14:00,2016-02-06,14,25.53,25.38,27.01,26.06,25.26,25.05,25.86,26.19,24.85,24.71
2016-02-06T15:00,2016-02-06,15,25.61,25.5,26.83,26.08,25.35,25.05,26.03,26.26,24.97,24.9
2016-02-06T16:00,2016-02-06,16,25.31,25.25,26.2,25.69,25.04,24.63,25.82,25.95,24.77,24.68
2016-02-06T17:00,2016-02-06,17,24.38,24.36,24.76,24.53,24.22,23.38,24.97,24.92,24.13,24.09
2016-02-06T18:00,2016-02-06,18,22.8,22.85,22.85,22.74,22.78,21.38,23.36,23.28,22.84,22.76
2016-02-06T19:00,2016-02-06,19,21.15,21.24,21.37,21.15,20.94,19.61,21.69,21.91,21.15,20.96
2016-02-06T20:00,2016-02-06,20,19.84,20.01,20.34,19.82,19.91,18.27,20.28,20.63,19.53,19.48
2016-02-06T21:00,2016-02-06,21,18.73,19.0,19.46,18.53,19.2,17.25,19.17,19.29,18.21,18.18
2016-02-06T22:00,2016-02-06,22,17.7,18.04,18.57,17.53,17.54,15.85,18.32,18.4,17.22,17.19
2016-02-06T23:00,2016-02-06,23,16.89,17.07,17.76,17.17,16.17,15.12,17.55,17.7,16.45,16.5
2016-02-07T00:00,2016-02-07,0,16.26,16.27,17.05,16.49,15.62,15.02,16.82,16.9,15.92,16.06
2016-02-07T01:00,2016-02-07,1,15.89,15.83,16.49,15.76,15.32,15.25,16.42,16.87,15.6,15.77
2016-02-07T02:00,2016-02-07,2,15.38,15.38,15.93,15.32,15.08,14.52,15.83,15.97,15.05,15.38
2016-02-07T03:00,2016-02-07,3,15.06,15.06,15.44,15.08,15.36,13.91,15.38,15.46,14.66,15.12
2016-02-07T04:00,2016-02-07,4,14.71,14.87,15.09,14.51,15.04,13.38,14.99,15.23,14.22,14.85
2016-02-07T05:00,2016-02-07,5,14.4,14.69,14.77,13.59,15.03,13.0,14.65,15.02,13.9,14.68
2016-02-07T06:00,2016-02-07,6,14.12,14.73,14.38,12.81,14.46,12.26,14.55,15.04,13.66,14.45
2016-02-07T07:00,2016-02-07,7,13.95,14.7,14.2,12.55,13.42,11.81,14.65,15.21,13.54,14.23
2016-02-07T08:00,2016-02-07,8,16.29,16.33,17.44,16.03,15.88,15.16,16.53,17.47,15.86,16.17
2016-02-07T09:00,2016-02-07,9,20.44,20.56,21.57,20.57,20.05,19.71,20.65,21.45,19.98,19.57
2016-02-07T10:00,2016-02-07,10,23.12,23.19,24.6,23.48,22.67,22.31,23.33,23.59,22.8,22.06
2016-02-07T11:00,2016-02-07,11,24.75,24.74,26.81,25.14,24.33,24.1,24.88,24.91,24.3,23.73
2016-02-07T12:00,2016-02-07,12,25.78,25.66,28.13,26.24,25.28,25.35,25.94,25.86,25.15,24.81
2016-02-07T13:00,2016-02-07,13,26.26,26.01,28.66,26.78,25.65,26.02,26.47,26.39,25.48,25.59
2016-02-07T14:00,2016-02-07,14,26.56,26.32,28.67,27.18,25.86,26.22,26.87,26.8,25.78,25.95
2016-02-07T15:00,2016-02-07,15,26.52,26.3,28.14,27.2,25.72,26.07,26.94,26.93,25.77,26.12
2016-02-07T16:00,2016-02-07,16,26.17,25.98,27.15,26.89,25.44,25.64,26.63,26.68,25.54,25.92
2016-02-07T17:00,2016-02-07,17,25.27,25.22,25.4,25.93,24.36,24.43,25.85,25.9,24.94,25.22
2016-02-07T18:00,2016-02-07,18,23.94,24.1,23.4,24.41,23.18,22.76,24.66,24.49,23.8,23.89
2016-02-07T19:00,2016-02-07,19,22.46,22.81,22.09,22.69,21.42,21.17,23.11,22.76,22.56,22.22
2016-02-07T20:00,2016-02-07,20,21.16,21.47,20.91,21.19,19.53,20.16,21.92,21.74,21.55,20.79
2016-02-07T21:00,2016-02-07,21,20.06,20.25,19.74,20.12,18.07,19.24,21.0,21.0,20.55,19.67
2016-02-07T22:00,2016-02-07,22,19.14,19.19,18.92,19.23,17.06,18.26,20.26,20.51,19.62,18.7
2016-02-07T23:00,2016-02-07,23,18.27,18.14,17.98,18.44,16.28,17.63,19.5,20.29,18.72,17.61
2016-02-08T00:00,2016-02-08,0,17.56,17.33,17.41,17.59,15.56,16.96,18.76,19.82,17.66,17.49
2016-02-08T01:00,2016-02-08,1,16.99,16.99,16.86,16.74,15.06,16.81,18.31,19.2,16.31,17.1
2016-02-08T02:00,2016-02-08,2,16.51,16.52,16.71,16.24,14.79,16.21,17.87,18.85,15.52,16.6
2016-02-08T03:00,2016-02-08,3,16.09,15.95,16.6,15.94,14.61,15.78,17.5,18.63,14.85,16.14
2016-02-08T04:00,2016-02-08,4,15.62,15.38,16.36,15.42,14.14,15.08,17.07,18.38,14.39,15.76
2016-02-08T05:00,2016-02-08,5,15.12,14.89,15.78,14.89,13.56,14.26,16.46,18.11,14.05,15.4
2016-02-08T06:00,2016-02-08,6,14.65,14.48,15.21,14.32,13.14,13.53,15.84,17.68,13.61,15.18
2016-02-08T07:00,2016-02-08,7,14.4,14.3,15.3,13.95,12.86,13.18,15.47,16.9,13.53,14.96
2016-02-08T08:00,2016-02-08,8,16.93,17.13,18.85,17.01,15.53,16.52,17.43,17.33,16.0,16.38
2016-02-08T09:00,2016-02-08,9,20.94,21.3,22.57,21.18,20.16,21.15,20.8,19.44,20.6,20.2
2016-02-08T10:00,2016-02-08,10,23.62,23.84,24.63,24.03,23.09,23.78,23.66,22.32,23.33,23.01
2016-02-08T11:00,2016-02-08,11,25.33,25.5,25.99,25.87,24.92,25.36,25.57,24.64,24.93,24.59
2016-02-08T12:00,2016-02-08,12,26.33,26.47,26.91,26.87,25.97,26.3,26.65,25.89,25.91,25.56
2016-02-08T13:00,2016-02-08,13,26.72,26.92,27.19,27.32,26.43,26.69,27.21,26.59,26.26,25.51
2016-02-08T14:00,2016-02-08,14,27.03,27.25,27.1,27.5,26.83,26.95,27.72,26.96,26.65,25.86
2016-02-08T15:00,2016-02-08,15,27.01,27.34,26.52,27.4,26.86,26.91,27.76,26.98,26.75,25.81
2016-02-08T16:00,2016-02-08,16,26.61,27.07,25.56,26.91,26.55,26.48,27.49,26.61,26.43,25.41
2016-02-08T17:00,2016-02-08,17,25.66,26.26,24.04,25.77,25.75,25.09,26.81,25.74,25.6,24.42
2016-02-08T18:00,2016-02-08,18,24.12,24.92,22.29,23.97,24.3,23.1,25.38,23.99,24.31,22.77
2016-02-08T19:00,2016-02-08,19,22.53,23.36,21.15,22.14,22.53,21.46,23.72,22.27,22.73,21.31
2016-02-08T20:00,2016-02-08,20,21.31,21.96,20.44,20.8,21.0,20.09,22.83,21.26,21.52,20.18
2016-02-08T21:00,2016-02-08,21,20.38,21.04,19.61,19.81,19.72,18.83,22.15,20.6,20.47,19.4
2016-02-08T22:00,2016-02-08,22,19.67,20.22,18.6,19.2,19.2,17.79,21.59,20.29,19.79,18.78
2016-02-08T23:00,2016-02-08,23,19.02,19.59,18.04,18.6,18.62,17.01,20.73,19.98,19.04,18.15
2016-02-09T00:00,2016-02-09,0,18.67,19.45,17.76,18.27,18.5,16.17,20.28,19.55,18.46,17.69
2016-02-09T01:00,2016-02-09,1,18.53,19.07,18.26,18.5,18.07,15.85,20.25,19.79,18.32,17.29
2016-02-09T02:00,2016-02-09,2,18.29,18.87,17.44,18.36,17.68,16.49,20.01,19.78,17.89,16.95
2016-02-09T03:00,2016-02-09,3,18.23,18.78,17.5,18.56,17.36,16.62,19.86,19.87,17.55,16.98
2016-02-09T04:00,2016-02-09,4,18.16,18.81,17.57,18.54,17.08,16.63,19.76,19.69,17.34,16.82
2016-02-09T05:00,2016-02-09,5,18.07,18.81,17.88,18.23,17.17,16.19,19.66,19.21,17.33,16.67
2016-02-09T06:00,2016-02-09,6,17.92,18.74,17.92,18.12,16.82,16.13,19.64,19.19,17.17,15.99
2016-02-09T07:00,2016-02-09,7,17.85,18.47,18.07,18.19,16.78,16.44,19.47,19.21,17.17,15.76
2016-02-09T08:00,2016-02-09,8,19.0,19.64,19.76,19.01,17.63,17.6,20.26,20.22,18.27,17.49
2016-02-09T09:00,2016-02-09,9,20.51,21.31,21.59,20.21,18.98,19.14,22.02,21.51,19.44,19.07
2016-02-09T10:00,2016-02-09,10,21.97,22.79,22.93,21.57,20.66,20.57,23.47,22.8,20.69,20.89
2016-02-09T11:00,2016-02-09,11,23.27,24.12,24.19,23.49,21.52,21.55,24.76,23.96,21.98,22.05
2016-02-09T12:00,2016-02-09,12,24.41,25.22,24.97,25.03,22.78,22.63,25.74,25.37,23.27,22.96
2016-02-09T13:00,2016-02-09,13,25.12,25.78,25.09,25.36,24.05,24.62,26.15,26.08,23.96,24.1
2016-02-09T14:00,2016-02-09,14,25.46,26.02,25.15,26.1,24.11,25.11,26.26,26.58,24.47,24.47
2016-02-09T15:00,2016-02-09,15,25.48,25.65,25.41,26.36,24.07,25.07,26.41,26.83,24.75,24.54
2016-02-09T16:00,2016-02-09,16,25.09,25.03,24.95,26.17,23.38,24.73,26.26,26.6,24.56,24.27
2016-02-09T17:00,2016-02-09,17,24.34,24.27,24.28,25.36,22.6,23.66,25.45,25.76,24.07,23.5
2016-02-09T18:00,2016-02-09,18,23.08,23.1,23.06,23.8,21.68,22.33,23.98,24.15,22.88,22.43
2016-02-09T19:00,2016-02-09,19,21.92,22.1,21.87,22.59,20.55,21.15,22.74,23.07,21.57,21.18
2016-02-09T20:00,2016-02-09,20,21.02,21.33,21.1,21.73,19.58,20.31,21.77,22.34,20.46,20.03
2016-02-09T21:00,2016-02-09,21,20.25,20.62,20.56,21.06,18.62,19.71,20.98,21.77,19.53,18.96
2016-02-09T22:00,2016-02-09,22,19.59,20.17,20.05,20.5,18.03,18.98,20.36,21.45,18.46,17.76
2016-02-09T23:00,2016-02-09,23,19.03,19.58,19.63,20.11,17.65,18.49,19.8,21.15,17.52,17.15
2016-02-10T00:00,2016-02-10,0,18.58,19.18,19.23,19.79,17.29,18.27,19.3,20.68,16.75,16.61
2016-02-10T01:00,2016-02-10,1,18.44,19.12,19.35,19.56,17.34,18.42,18.63,20.36,16.45,16.65
2016-02-10T02:00,2016-02-10,2,18.08,18.56,19.24,19.42,17.19,18.28,18.1,20.05,16.04,16.28
2016-02-10T03:00,2016-02-10,3,17.71,17.85,19.18,19.18,17.03,18.07,17.76,19.71,15.79,15.96
2016-02-10T04:00,2016-02-10,4,17.42,17.4,18.96,18.77,16.96,17.74,17.57,19.34,15.59,15.84
2016-02-10T05:00,2016-02-10,5,17.18,17.15,18.72,18.31,16.86,17.67,17.13,18.92,15.49,15.79
2016-02-10T06:00,2016-02-10,6,16.99,16.92,18.6,17.88,16.71,17.53,16.93,18.63,15.43,15.77
2016-02-10T07:00,2016-02-10,7,17.01,17.16,18.68,18.05,16.72,17.45,16.57,18.4,15.36,15.72
2016-02-10T08:00,2016-02-10,8,18.18,18.07,20.09,19.56,17.89,18.06,18.03,20.24,16.26,16.98
2016-02-10T09:00,2016-02-10,9,19.97,19.29,22.01,21.14,19.44,19.19,20.25,22.06,18.86,19.54
2016-02-10T10:00,2016-02-10,10,22.16,21.71,23.72,23.34,21.67,20.35,22.64,23.61,21.66,21.6
2016-02-10T11:00,2016-02-10,11,23.99,23.94,25.16,25.16,23.68,21.35,24.45,24.86,23.7,23.21
2016-02-10T12:00,2016-02-10,12,25.1,25.24,26.08,26.17,24.86,22.45,25.54,25.37,24.92,24.26
2016-02-10T13:00,2016-02-10,13,25.69,25.71,26.35,26.72,25.26,24.06,26.2,26.37,25.42,24.7
2016-02-10T14:00,2016-02-10,14,26.06,26.14,26.31,26.94,25.9,24.64,26.63,26.57,25.87,25.06
2016-02-10T15:00,2016-02-10,15,26.22,26.31,26.18,27.01,26.08,24.99,26.76,26.64,26.06,25.43
2016-02-10T16:00,2016-02-10,16,25.96,26.06,25.81,26.65,25.88,24.67,26.54,26.43,25.79,25.24
2016-02-10T17:00,2016-02-10,17,25.17,25.29,24.79,25.96,25.09,23.82,25.86,25.83,25.0,24.42
2016-02-10T18:00,2016-02-10,18,23.8,23.92,23.37,24.61,23.62,22.32,24.63,24.76,23.56,22.93
2016-02-10T19:00,2016-02-10,19,22.3,22.43,22.38,23.08,22.15,20.64,22.94,23.43,21.89,21.42
2016-02-10T20:00,2016-02-10,20,21.13,21.18,21.81,21.74,20.98,19.45,21.75,22.46,20.54,20.3
2016-02-10T21:00,2016-02-10,21,20.17,20.17,21.18,20.72,19.91,18.45,20.83,21.59,19.45,19.4
2016-02-10T22:00,2016-02-10,22,19.51,19.72,20.83,19.97,19.08,17.66,19.88,20.93,18.74,18.66
2016-02-10T23:00,2016-02-10,23,19.11,19.67,20.45,19.26,18.6,17.07,19.02,20.52,18.43,18.26
2016-02-11T00:00,2016-02-11,0,18.57,19.04,20.33,18.75,18.09,16.59,18.42,20.06,17.88,17.54
2016-02-11T01:00,2016-02-11,1,18.17,19.0,19.48,18.38,17.55,15.94,18.13,19.8,17.28,16.84
2016-02-11T02:00,2016-02-11,2,17.71,18.1,19.31,17.91,17.87,15.66,18.1,19.67,16.75,16.04
2016-02-11T03:00,2016-02-11,3,17.11,16.61,19.15,17.71,16.89,15.49,18.1,19.47,16.58,15.64
2016-02-11T04:00,2016-02-11,4,16.81,16.01,18.56,17.08,16.55,15.28,18.13,19.16,16.67,15.9
2016-02-11T05:00,2016-02-11,5,16.62,16.05,18.53,16.72,16.22,14.85,18.1,18.79,16.27,15.65
2016-02-11T06:00,2016-02-11,6,16.43,16.12,18.65,16.7,15.66,14.63,18.16,18.7,15.22,15.3
2016-02-11T07:00,2016-02-11,7,16.42,16.25,18.79,17.02,15.48,14.45,18.05,18.98,14.87,14.98
2016-02-11T08:00,2016-02-11,8,18.63,18.91,20.16,19.13,17.81,17.47,19.94,20.86,17.51,16.28
2016-02-11T09:00,2016-02-11,9,21.41,21.71,22.13,21.24,20.64,20.61,22.34,22.76,21.25,19.78
2016-02-11T10:00,2016-02-11,10,23.42,23.63,24.31,23.21,22.4,22.54,24.4,24.55,23.31,22.22
2016-02-11T11:00,2016-02-11,11,25.07,25.28,25.91,24.96,24.05,23.81,26.26,26.27,24.86,23.92
2016-02-11T12:00,2016-02-11,12,26.14,26.37,26.89,26.28,24.95,24.52,27.4,27.27,26.05,24.85
2016-02-11T13:00,2016-02-11,13,26.3,26.15,27.36,26.48,25.63,24.89,27.47,27.47,26.23,25.3
2016-02-11T14:00,2016-02-11,14,26.7,26.64,27.66,26.85,26.22,25.12,27.9,27.66,26.46,25.86
2016-02-11T15:00,2016-02-11,15,26.72,26.72,27.62,26.79,26.45,25.07,27.9,27.44,26.35,26.01
2016-02-11T16:00,2016-02-11,16,26.39,26.39,26.9,26.7,25.01,24.93,27.54,27.23,26.42,25.89
2016-02-11T17:00,2016-02-11,17,25.47,25.7,25.53,25.91,23.55,24.12,26.49,26.32,25.41,25.15
2016-02-11T18:00,2016-02-11,18,24.04,24.53,23.74,24.34,22.1,22.23,25.2,24.84,24.14,23.55
2016-02-11T19:00,2016-02-11,19,22.76,23.29,22.59,23.16,21.05,20.83,24.0,23.91,22.62,21.83
2016-02-11T20:00,2016-02-11,20,21.72,22.14,21.82,22.27,20.21,19.83,23.24,23.13,21.26,20.48
2016-02-11T21:00,2016-02-11,21,20.98,21.42,21.33,21.51,19.49,18.96,22.74,22.64,20.28,19.43
2016-02-11T22:00,2016-02-11,22,20.53,21.15,20.83,21.16,18.9,18.64,22.41,22.33,19.65,18.48
2016-02-11T23:00,2016-02-11,23,20.07,20.76,20.35,20.79,18.4,17.91,22.16,22.1,19.12,17.73
2016-02-12T00:00,2016-02-12,0,19.77,20.27,20.06,20.63,18.16,17.4,22.0,22.04,18.91,17.54
2016-02-12T01:00,2016-02-12,1,19.54,20.05,19.42,20.49,17.79,17.51,21.94,21.93,18.68,17.13
2016-02-12T02:00,2016-02-12,2,19.33,19.74,19.11,20.35,17.52,17.44,21.74,21.77,18.58,16.94
2016-02-12T03:00,2016-02-12,3,19.31,19.88,18.99,20.38,17.37,17.36,21.72,21.83,18.46,16.74
2016-02-12T04:00,2016-02-12,4,19.17,19.63,18.63,20.37,17.37,17.29,21.71,21.82,18.36,16.49
2016-02-12T05:00,2016-02-12,5,19.1,19.63,18.33,20.41,17.57,17.25,21.73,21.74,18.18,16.16
2016-02-12T06:00,2016-02-12,6,19.06,19.62,18.5,20.3,17.63,17.44,21.65,21.77,18.05,15.88
2016-02-12T07:00,2016-02-12,7,19.15,19.71,19.11,20.16,17.58,17.52,21.67,21.97,18.26,15.74
2016-02-12T08:00,2016-02-12,8,20.02,20.06,20.98,20.88,18.53,17.88,22.48,23.2,19.26,17.3
2016-02-12T09:00,2016-02-12,9,21.43,20.53,23.16,21.69,20.16,18.33,23.97,24.91,21.53,20.47
2016-02-12T10:00,2016-02-12,10,22.63,21.19,24.62,22.41,21.86,19.03,25.08,26.1,23.4,22.64
2016-02-12T11:00,2016-02-12,11,23.73,22.07,25.71,23.21,23.13,19.79,26.17,27.08,24.99,24.25
2016-02-12T12:00,2016-02-12,12,24.87,23.5,26.41,24.51,24.47,20.32,27.07,27.41,26.27,25.51
2016-02-12T13:00,2016-02-12,13,26.04,25.33,27.38,24.89,25.77,22.68,27.82,27.52,27.41,26.23
2016-02-12T14:00,2016-02-12,14,26.52,25.99,27.37,25.44,26.2,23.38,28.25,27.76,27.9,26.62
2016-02-12T15:00,2016-02-12,15,26.64,26.44,26.97,25.52,26.33,23.54,28.22,27.53,28.0,26.68
2016-02-12T16:00,2016-02-12,16,26.3,26.54,26.09,25.34,26.18,23.71,27.51,25.65,27.57,26.29
2016-02-12T17:00,2016-02-12,17,25.46,26.05,25.01,24.84,25.34,22.86,26.54,24.41,26.36,25.18
2016-02-12T18:00,2016-02-12,18,24.17,24.96,23.81,23.88,23.74,21.64,25.44,23.72,24.54,23.21
2016-02-12T19:00,2016-02-12,19,22.85,23.63,23.0,22.85,22.06,20.47,24.19,23.22,22.65,21.51
2016-02-12T20:00,2016-02-12,20,21.68,22.14,22.28,22.19,20.91,19.7,23.05,22.8,21.04,20.04
2016-02-12T21:00,2016-02-12,21,20.77,21.24,21.75,21.69,19.96,19.09,21.94,22.42,19.61,18.69
2016-02-12T22:00,2016-02-12,22,20.07,20.69,21.51,21.21,18.76,18.72,21.16,21.96,18.56,17.49
2016-02-12T23:00,2016-02-12,23,19.53,20.08,21.27,20.84,17.86,18.41,20.58,21.63,17.92,16.87
2016-02-13T00:00,2016-02-13,0,19.1,19.48,21.08,20.34,17.08,18.12,20.15,21.35,17.45,16.84
2016-02-13T01:00,2016-02-13,1,18.82,18.96,20.74,20.26,16.61,18.38,19.78,21.07,17.78,16.18
2016-02-13T02:00,2016-02-13,2,18.43,18.21,20.47,19.86,16.56,18.42,19.54,20.92,17.47,15.78
2016-02-13T03:00,2016-02-13,3,17.96,17.48,20.5,19.4,16.69,17.94,19.11,21.15,16.94,14.83
2016-02-13T04:00,2016-02-13,4,17.68,17.27,20.41,19.21,17.08,17.7,19.11,21.35,15.51,14.34
2016-02-13T05:00,2016-02-13,5,17.46,17.26,20.24,19.06,17.37,17.36,19.0,21.19,14.43,14.07
2016-02-13T06:00,2016-02-13,6,17.38,17.32,20.23,19.2,17.69,17.34,18.95,20.95,14.63,12.73
2016-02-13T07:00,2016-02-13,7,17.44,17.51,20.34,19.72,17.9,17.22,18.9,20.51,14.79,12.21
2016-02-13T08:00,2016-02-13,8,18.96,18.85,21.74,20.65,18.8,18.4,20.27,21.81,17.03,14.98
2016-02-13T09:00,2016-02-13,9,21.08,20.48,23.5,21.84,20.07,19.83,22.83,22.77,20.75,19.08
2016-02-13T10:00,2016-02-13,10,23.29,22.97,25.36,23.27,21.96,21.55,25.12,24.05,23.65,21.81
2016-02-13T11:00,2016-02-13,11,25.14,25.08,27.13,24.9,23.96,23.27,26.74,25.19,25.51,23.94
2016-02-13T12:00,2016-02-13,12,26.36,26.46,28.33,26.13,25.29,24.27,27.67,26.15,26.61,25.41
2016-02-13T13:00,2016-02-13,13,27.07,27.15,28.77,27.08,26.18,25.18,28.27,27.53,26.87,26.1
2016-02-13T14:00,2016-02-13,14,27.47,27.55,28.98,27.56,26.6,25.78,28.58,27.78,27.26,26.61
2016-02-13T15:00,2016-02-13,15,27.57,27.65,28.75,27.61,26.82,26.06,28.64,27.84,27.42,26.8
2016-02-13T16:00,2016-02-13,16,27.36,27.46,28.33,27.54,26.63,25.75,28.46,27.44,27.26,26.59
2016-02-13T17:00,2016-02-13,17,26.58,26.74,27.15,26.94,26.0,24.59,27.78,26.55,26.59,25.82
2016-02-13T18:00,2016-02-13,18,25.17,25.32,25.78,25.69,24.55,22.7,26.4,25.25,25.23,24.33
2016-02-13T19:00,2016-02-13,19,23.45,23.57,24.49,24.03,22.7,20.83,24.6,23.94,23.46,22.42
2016-02-13T20:00,2016-02-13,20,22.26,22.73,23.79,22.8,21.0,19.38,23.56,23.31,21.65,20.75
2016-02-13T21:00,2016-02-13,21,21.21,21.75,22.94,21.74,19.53,18.23,22.86,22.78,20.17,19.64
2016-02-13T22:00,2016-02-13,22,20.41,21.0,22.28,20.71,18.47,17.28,22.39,22.43,19.23,18.73
2016-02-13T23:00,2016-02-13,23,19.8,20.64,20.77,20.42,17.68,16.54,21.98,22.19,18.56,17.74
2016-02-14T00:00,2016-02-14,0,19.07,19.82,19.17,19.84,17.06,16.01,21.82,21.93,18.07,16.51
2016-02-14T01:00,2016-02-14,1,18.78,19.22,18.68,19.8,16.64,15.8,21.46,21.71,18.51,16.1
2016-02-14T02:00,2016-02-14,2,18.45,18.56,18.67,19.78,16.25,15.43,21.15,21.46,18.42,15.65
2016-02-14T03:00,2016-02-14,3,18.16,18.33,18.61,19.82,15.84,15.02,20.89,21.28,17.83,15.14
2016-02-14T04:00,2016-02-14,4,17.74,18.07,18.47,18.76,15.52,14.78,20.9,21.08,16.99,14.56
2016-02-14T05:00,2016-02-14,5,17.43,17.9,18.29,18.08,15.28,14.57,20.71,20.93,16.31,14.31
2016-02-14T06:00,2016-02-14,6,17.37,18.01,18.21,18.17,15.2,14.36,20.68,20.65,15.97,14.18
2016-02-14T07:00,2016-02-14,7,17.52,18.28,18.39,18.32,15.27,14.51,20.82,20.99,15.92,14.14
2016-02-14T08:00,2016-02-14,8,19.66,20.19,20.97,20.43,18.1,18.09,21.9,21.59,18.57,16.49
2016-02-14T09:00,2016-02-14,9,22.31,22.35,24.44,23.09,21.65,21.47,23.33,22.17,21.99,19.99
2016-02-14T10:00,2016-02-14,10,24.61,24.46,26.97,25.45,24.17,23.6,25.21,24.43,24.52,22.71
2016-02-14T11:00,2016-02-14,11,26.38,26.3,28.72,27.14,25.98,25.07,26.79,26.09,26.32,24.79
2016-02-14T12:00,2016-02-14,12,27.5,27.37,29.59,28.2,26.98,26.05,28.06,27.35,27.58,26.13
2016-02-14T13:00,2016-02-14,13,27.73,27.68,29.83,28.29,27.35,26.62,27.57,27.73,27.69,26.67
2016-02-14T14:00,2016-02-14,14,28.0,27.94,29.68,28.46,27.78,26.89,27.65,28.05,28.19,27.27
2016-02-14T15:00,2016-02-14,15,28.05,28.05,29.03,28.42,27.88,26.95,27.67,28.3,28.37,27.54
2016-02-14T16:00,2016-02-14,16,27.72,27.69,28.12,28.07,27.75,26.66,27.42,28.03,28.14,27.4
2016-02-14T17:00,2016-02-14,17,26.96,26.89,26.77,27.08,27.19,25.54,27.08,27.47,27.56,26.76
2016-02-14T18:00,2016-02-14,18,25.77,25.81,25.12,26.05,25.87,23.75,26.2,26.67,26.42,25.42
2016-02-14T19:00,2016-02-14,19,24.52,24.67,24.12,25.13,24.17,22.06,25.36,25.91,24.84,23.61
2016-02-14T20:00,2016-02-14,20,23.42,23.76,23.48,24.08,22.52,20.86,24.57,25.17,23.54,21.83
2016-02-14T21:00,2016-02-14,21,22.56,22.97,22.94,23.28,21.49,19.53,23.95,24.44,22.64,20.54
2016-02-14T22:00,2016-02-14,22,21.85,22.52,22.16,22.55,20.75,18.64,23.35,23.9,21.89,19.28
2016-02-14T23:00,2016-02-14,23,21.26,22.16,21.31,22.04,19.9,17.99,22.87,23.25,21.24,18.44
2016-02-15T00:00,2016-02-15,0,20.79,21.92,20.69,21.26,19.2,17.58,22.58,22.69,20.68,17.98
2016-02-15T01:00,2016-02-15,1,20.32,21.4,20.27,21.07,18.73,17.42,21.8,21.39,20.47,17.47
2016-02-15T02:00,2016-02-15,2,19.86,20.53,19.95,20.45,18.3,17.05,21.75,21.46,20.2,17.14
2016-02-15T03:00,2016-02-15,3,19.45,19.8,19.93,20.17,18.04,16.6,21.77,21.45,19.4,16.8
2016-02-15T04:00,2016-02-15,4,19.22,19.59,19.92,20.05,17.73,16.48,21.57,21.33,18.97,16.42
2016-02-15T05:00,2016-02-15,5,18.9,19.31,19.71,19.85,17.37,16.18,21.17,20.82,18.55,16.06
2016-02-15T06:00,2016-02-15,6,18.56,19.08,19.37,19.57,17.08,15.9,20.51,20.49,18.06,15.76
2016-02-15T07:00,2016-02-15,7,18.42,19.05,19.29,19.48,16.84,16.03,20.02,20.81,17.63,15.6
2016-02-15T08:00,2016-02-15,8,20.61,21.03,22.16,21.78,19.36,19.28,21.62,22.07,20.02,17.63
2016-02-15T09:00,2016-02-15,9,23.32,23.62,25.26,24.35,22.65,22.49,23.66,23.93,22.85,20.75
2016-02-15T10:00,2016-02-15,10,25.66,25.87,27.66,26.56,25.17,24.54,25.92,26.0,25.53,23.32
2016-02-15T11:00,2016-02-15,11,27.24,27.36,29.42,27.99,26.68,26.0,27.6,27.37,27.13,25.27
2016-02-15T12:00,2016-02-15,12,28.13,28.05,30.53,28.9,27.56,27.0,28.54,28.49,27.73,26.56
2016-02-15T13:00,2016-02-15,13,28.61,28.55,31.12,29.58,27.85,27.2,29.0,29.03,28.15,27.0
2016-02-15T14:00,2016-02-15,14,28.98,28.86,31.25,29.97,28.0,27.51,29.52,29.56,28.71,27.5
2016-02-15T15:00,2016-02-15,15,29.07,28.94,30.99,29.87,28.09,27.31,29.66,29.78,28.98,27.95
2016-02-15T16:00,2016-02-15,16,28.7,28.5,30.32,29.36,27.57,26.88,29.48,29.73,28.64,27.88
2016-02-15T17:00,2016-02-15,17,27.9,27.85,28.89,28.45,26.97,25.89,28.57,29.16,27.91,27.19
2016-02-15T18:00,2016-02-15,18,26.57,26.63,27.06,27.04,25.87,24.28,27.53,27.98,26.59,25.72
2016-02-15T19:00,2016-02-15,19,25.26,25.54,25.72,25.69,24.19,22.8,26.51,26.79,25.26,23.9
2016-02-15T20:00,2016-02-15,20,24.16,24.63,24.94,24.71,22.56,21.52,25.66,25.73,24.01,22.37
2016-02-15T21:00,2016-02-15,21,23.13,23.64,24.11,23.8,21.37,20.14,25.06,25.1,22.73,20.97
2016-02-15T22:00,2016-02-15,22,22.47,23.17,23.46,23.27,20.87,19.06,24.29,24.54,21.87,20.08
2016-02-15T23:00,2016-02-15,23,21.82,22.51,22.77,22.5,20.24,18.31,23.75,23.81,21.15,19.7
2016-02-16T00:00,2016-02-16,0,21.2,21.83,22.13,21.65,19.64,17.76,23.38,23.21,20.89,18.69
2016-02-16T01:00,2016-02-16,1,20.67,21.6,21.64,21.19,19.56,17.74,23.04,22.27,19.81,17.37
2016-02-16T02:00,2016-02-16,2,20.11,20.49,21.35,20.79,18.91,17.42,22.54,22.26,19.72,16.79
2016-02-16T03:00,2016-02-16,3,19.78,20.12,21.01,20.52,18.47,17.21,22.29,21.94,19.43,16.36
2016-02-16T04:00,2016-02-16,4,19.5,19.89,20.62,20.14,17.87,17.02,22.18,21.74,19.15,16.09
2016-02-16T05:00,2016-02-16,5,19.2,19.76,20.34,19.94,17.12,16.83,21.94,21.42,18.57,15.85
2016-02-16T06:00,2016-02-16,6,18.94,19.77,20.02,19.59,16.68,16.48,21.81,21.15,17.91,15.52
2016-02-16T07:00,2016-02-16,7,18.78,19.76,19.82,19.35,16.71,16.54,21.61,20.72,17.4,15.4
2016-02-16T08:00,2016-02-16,8,21.14,21.94,22.58,22.02,19.4,19.58,23.25,23.38,19.8,17.39
2016-02-16T09:00,2016-02-16,9,24.03,24.5,26.18,24.89,22.61,22.63,25.37,25.79,23.23,20.66
2016-02-16T10:00,2016-02-16,10,26.32,26.64,28.77,27.15,25.21,24.67,27.24,27.48,25.89,23.38
2016-02-16T11:00,2016-02-16,11,27.83,27.95,30.44,28.56,27.04,26.14,28.52,28.66,27.52,25.45
2016-02-16T12:00,2016-02-16,12,28.85,28.86,31.42,29.51,28.21,27.24,29.43,29.52,28.57,26.92
2016-02-16T13:00,2016-02-16,13,29.29,29.2,31.6,29.82,28.73,27.96,29.78,29.83,28.98,27.85
2016-02-16T14:00,2016-02-16,14,29.67,29.59,31.75,30.12,29.17,28.4,30.14,30.11,29.38,28.51
2016-02-16T15:00,2016-02-16,15,29.69,29.67,31.46,30.13,29.27,28.37,30.24,30.29,29.19,28.69
2016-02-16T16:00,2016-02-16,16,29.37,29.43,30.8,29.85,28.97,27.96,29.89,30.05,28.89,28.43
2016-02-16T17:00,2016-02-16,17,28.41,28.6,29.21,28.94,27.96,26.74,29.01,29.24,28.05,27.42
2016-02-16T18:00,2016-02-16,18,27.06,27.47,27.41,27.66,26.56,25.06,27.99,28.05,26.71,25.62
2016-02-16T19:00,2016-02-16,19,25.62,25.98,26.17,26.26,24.93,23.51,26.93,27.03,25.15,23.85
2016-02-16T20:00,2016-02-16,20,24.41,24.54,25.22,25.22,23.67,22.68,26.02,26.15,23.72,22.42
2016-02-16T21:00,2016-02-16,21,23.65,24.32,24.36,24.4,22.48,21.51,25.32,25.47,22.75,21.12
2016-02-16T22:00,2016-02-16,22,22.98,24.05,23.67,23.59,21.35,20.24,24.81,25.14,21.85,20.21
2016-02-16T23:00,2016-02-16,23,22.33,23.5,23.04,23.0,20.39,19.28,24.57,24.61,20.93,19.47
2016-02-17T00:00,2016-02-17,0,21.73,22.88,22.56,22.56,19.64,18.64,24.17,24.03,20.22,18.75
2016-02-17T01:00,2016-02-17,1,20.75,21.05,21.98,21.51,18.93,18.46,23.05,22.68,19.77,18.68
2016-02-17T02:00,2016-02-17,2,20.45,20.98,21.56,20.94,18.44,17.93,22.69,22.61,19.63,18.23
2016-02-17T03:00,2016-02-17,3,20.19,21.04,21.3,20.57,18.02,17.35,22.2,22.52,19.4,17.7
2016-02-17T04:00,2016-02-17,4,20.07,21.26,21.11,20.3,17.77,16.88,22.07,22.33,19.28,17.32
2016-02-17T05:00,2016-02-17,5,19.78,20.93,20.89,19.98,17.56,16.46,21.85,22.1,18.97,17.0
2016-02-17T06:00,2016-02-17,6,19.46,20.39,20.68,19.69,17.67,15.98,21.65,21.95,18.73,16.65
2016-02-17T07:00,2016-02-17,7,19.4,20.33,20.72,19.68,18.17,16.15,21.22,22.02,18.69,16.15
2016-02-17T08:00,2016-02-17,8,21.76,22.45,23.24,22.73,20.57,19.76,23.24,24.04,20.87,18.16
2016-02-17T09:00,2016-02-17,9,24.28,24.68,26.49,25.49,22.77,22.51,25.46,26.2,23.35,21.15
2016-02-17T10:00,2016-02-17,10,26.31,26.56,28.91,27.6,25.16,24.66,27.36,27.91,25.32,23.26
2016-02-17T11:00,2016-02-17,11,27.69,27.76,30.4,28.73,26.67,26.24,28.69,29.07,26.86,25.02
2016-02-17T12:00,2016-02-17,12,28.7,28.68,31.06,29.54,27.92,27.25,29.73,29.95,28.07,26.41
2016-02-17T13:00,2016-02-17,13,29.35,29.31,31.45,30.2,28.73,27.86,30.22,30.38,28.81,27.39
2016-02-17T14:00,2016-02-17,14,29.76,29.7,31.49,30.38,29.27,28.26,30.65,30.53,29.49,28.09
2016-02-17T15:00,2016-02-17,15,29.82,29.78,31.21,30.34,29.34,28.32,30.73,30.39,29.75,28.38
2016-02-17T16:00,2016-02-17,16,29.56,29.57,30.57,30.11,29.13,28.07,30.48,30.02,29.55,28.21
2016-02-17T17:00,2016-02-17,17,28.73,28.83,29.24,29.38,28.24,26.96,29.84,29.33,28.7,27.38
2016-02-17T18:00,2016-02-17,18,27.35,27.64,27.44,28.02,26.75,25.13,28.71,28.38,27.29,25.81
2016-02-17T19:00,2016-02-17,19,25.83,26.05,26.13,26.63,25.09,23.41,27.24,27.24,25.69,24.23
2016-02-17T20:00,2016-02-17,20,24.56,24.96,25.32,25.18,23.6,22.24,25.95,26.17,24.08,22.71
2016-02-17T21:00,2016-02-17,21,23.63,24.16,24.61,24.37,22.29,21.02,25.02,25.23,23.19,21.56
2016-02-17T22:00,2016-02-17,22,22.87,23.44,23.94,23.94,21.95,19.89,24.15,24.53,22.49,20.18
2016-02-17T23:00,2016-02-17,23,22.15,22.81,23.28,23.48,21.24,19.13,23.09,23.82,21.59,19.42
2016-02-18T00:00,2016-02-18,0,21.51,22.17,22.58,22.9,20.37,18.47,22.39,23.33,20.92,18.98
2016-02-18T01:00,2016-02-18,1,21.22,22.45,21.96,22.53,19.47,18.01,22.19,22.9,19.93,18.93
2016-02-18T02:00,2016-02-18,2,20.74,22.12,21.42,21.7,18.42,17.68,21.84,22.49,19.55,18.55
2016-02-18T03:00,2016-02-18,3,20.2,21.5,21.01,20.97,17.92,17.31,21.29,22.08,18.93,18.16
2016-02-18T04:00,2016-02-18,4,19.75,20.8,20.79,20.5,17.56,16.97,20.97,21.77,18.53,17.85
2016-02-18T05:00,2016-02-18,5,19.33,20.28,20.51,19.91,17.27,16.76,20.64,21.44,18.15,17.37
2016-02-18T06:00,2016-02-18,6,18.95,19.69,20.32,19.44,17.02,16.5,20.4,21.11,17.76,17.11
2016-02-18T07:00,2016-02-18,7,18.74,19.31,20.33,19.35,16.93,16.49,20.26,21.29,17.42,16.71
2016-02-18T08:00,2016-02-18,8,21.6,22.34,23.57,22.45,20.07,19.99,22.98,23.58,20.3,18.38
2016-02-18T09:00,2016-02-18,9,24.78,25.4,26.8,25.68,23.42,23.21,25.93,26.06,24.0,21.61
2016-02-18T10:00,2016-02-18,10,27.04,27.52,28.96,27.93,25.84,25.29,28.22,28.21,26.45,24.11
2016-02-18T11:00,2016-02-18,11,28.6,29.06,30.19,29.36,27.63,26.74,29.83,29.66,28.07,26.02
2016-02-18T12:00,2016-02-18,12,29.68,30.05,31.02,30.26,28.93,27.83,30.92,30.64,29.25,27.46
2016-02-18T13:00,2016-02-18,13,30.18,30.54,31.1,30.93,29.57,28.26,31.36,31.31,29.71,28.05
2016-02-18T14:00,2016-02-18,14,30.58,30.94,31.08,31.24,30.12,28.72,31.79,31.7,30.27,28.59
2016-02-18T15:00,2016-02-18,15,30.65,31.01,30.7,31.35,30.24,28.77,31.92,31.76,30.46,28.72
2016-02-18T16:00,2016-02-18,16,30.38,30.78,30.03,31.04,30.01,28.4,31.81,31.54,30.3,28.5
2016-02-18T17:00,2016-02-18,17,29.39,29.71,28.73,30.13,28.9,27.26,30.96,30.66,29.37,27.72
2016-02-18T18:00,2016-02-18,18,27.73,28.06,26.8,28.56,27.15,25.35,29.58,29.05,27.62,26.22
2016-02-18T19:00,2016-02-18,19,26.21,26.54,25.5,27.06,25.5,23.58,28.02,27.52,26.12,24.7
2016-02-18T20:00,2016-02-18,20,25.0,25.51,24.66,25.66,24.31,22.38,26.77,26.39,24.79,23.16
2016-02-18T21:00,2016-02-18,21,24.03,24.65,24.05,24.59,23.1,21.39,25.78,25.59,23.76,21.82
2016-02-18T22:00,2016-02-18,22,23.2,23.83,23.45,23.83,22.09,20.61,25.01,24.99,22.65,20.99
2016-02-18T23:00,2016-02-18,23,22.62,23.3,22.81,23.38,21.87,19.84,24.46,24.55,21.64,20.42
2016-02-19T00:00,2016-02-19,0,22.02,22.67,22.45,22.94,20.52,19.19,24.08,24.23,20.89,19.93
2016-02-19T01:00,2016-02-19,1,21.68,22.15,22.15,22.64,20.49,18.91,23.67,23.85,20.85,19.46
2016-02-19T02:00,2016-02-19,2,21.32,21.78,22.06,22.35,19.63,18.58,23.37,23.57,20.54,19.01
2016-02-19T03:00,2016-02-19,3,20.85,20.99,21.73,22.07,18.9,18.26,23.06,23.4,20.16,18.64
2016-02-19T04:00,2016-02-19,4,20.44,20.59,20.84,21.82,18.35,18.06,22.73,23.2,19.63,18.37
2016-02-19T05:00,2016-02-19,5,20.2,20.45,20.41,21.63,18.14,17.9,22.41,22.98,19.19,18.15
2016-02-19T06:00,2016-02-19,6,19.97,20.33,20.23,21.46,18.1,17.65,22.07,22.76,18.65,17.95
2016-02-19T07:00,2016-02-19,7,19.98,20.46,20.46,21.56,18.12,17.85,21.83,22.71,18.38,17.79
2016-02-19T08:00,2016-02-19,8,22.51,22.99,23.88,23.82,21.05,21.24,23.8,24.53,21.22,19.65
2016-02-19T09:00,2016-02-19,9,25.29,25.75,26.32,26.24,24.18,23.92,26.21,26.96,25.03,22.35
2016-02-19T10:00,2016-02-19,10,27.37,27.74,28.25,28.18,26.62,25.82,28.24,28.88,27.32,24.73
2016-02-19T11:00,2016-02-19,11,29.0,29.36,29.74,29.8,28.47,27.27,29.95,30.45,28.82,26.51
2016-02-19T12:00,2016-02-19,12,30.23,30.6,30.78,31.01,29.87,28.45,31.31,31.61,29.96,27.86
2016-02-19T13:00,2016-02-19,13,30.71,31.33,30.89,31.66,30.41,29.07,31.67,31.8,30.12,28.28
2016-02-19T14:00,2016-02-19,14,31.12,31.75,30.82,32.1,30.88,29.67,32.22,32.29,30.56,28.63
2016-02-19T15:00,2016-02-19,15,31.17,31.78,30.28,32.18,30.91,29.87,32.44,32.46,30.74,28.77
2016-02-19T16:00,2016-02-19,16,30.83,31.49,29.41,31.79,30.58,29.3,32.26,32.21,30.55,28.47
2016-02-19T17:00,2016-02-19,17,29.79,30.37,27.99,30.62,29.61,28.07,31.39,31.24,29.7,27.8
2016-02-19T18:00,2016-02-19,18,28.04,28.49,26.2,28.55,27.74,26.27,29.86,29.51,28.14,26.43
2016-02-19T19:00,2016-02-19,19,26.52,27.0,24.9,26.98,26.14,24.64,28.31,27.85,26.62,24.93
2016-02-19T20:00,2016-02-19,20,25.37,26.01,24.19,25.84,24.97,23.4,26.98,26.71,25.17,23.6
2016-02-19T21:00,2016-02-19,21,24.45,25.04,23.57,24.98,23.89,22.51,26.1,25.85,24.05,22.77
2016-02-19T22:00,2016-02-19,22,23.67,24.19,23.05,24.12,23.22,21.73,25.3,25.15,23.14,22.1
2016-02-19T23:00,2016-02-19,23,23.0,23.54,22.65,23.55,22.31,21.01,24.58,24.58,22.18,21.57
2016-02-20T00:00,2016-02-20,0,22.55,23.24,22.4,23.07,21.3,20.71,24.01,24.18,21.62,21.17
2016-02-20T01:00,2016-02-20,1,22.18,22.8,22.04,22.76,21.57,20.45,23.47,23.84,21.05,20.77
2016-02-20T02:00,2016-02-20,2,21.83,22.36,21.83,22.4,21.47,20.06,23.28,23.56,20.55,20.31
2016-02-20T03:00,2016-02-20,3,21.13,21.07,21.51,22.06,20.46,19.79,22.82,23.34,19.91,19.85
2016-02-20T04:00,2016-02-20,4,20.7,20.47,21.4,21.8,19.65,19.51,22.43,23.16,19.37,19.49
2016-02-20T05:00,2016-02-20,5,20.46,20.38,21.33,21.63,19.03,19.24,21.98,22.94,19.09,19.21
2016-02-20T06:00,2016-02-20,6,20.31,20.37,21.24,21.51,18.84,19.1,21.69,22.6,18.9,18.93
2016-02-20T07:00,2016-02-20,7,20.38,20.58,21.41,21.73,18.98,19.32,21.39,22.48,18.86,18.8
2016-02-20T08:00,2016-02-20,8,22.82,23.07,23.88,23.76,21.59,22.26,23.92,24.9,21.56,20.71
2016-02-20T09:00,2016-02-20,9,25.55,25.99,26.32,26.22,24.54,24.58,26.57,27.2,24.88,23.26
2016-02-20T10:00,2016-02-20,10,27.66,28.06,28.36,28.28,26.72,26.18,28.66,29.11,27.39,25.48
2016-02-20T11:00,2016-02-20,11,29.4,29.76,29.91,30.01,28.56,27.63,30.57,30.63,29.33,27.39
2016-02-20T12:00,2016-02-20,12,30.64,31.1,30.92,31.24,29.74,28.72,32.03,31.77,30.54,28.57
2016-02-20T13:00,2016-02-20,13,31.2,31.92,30.97,31.52,30.46,28.83,32.91,32.19,31.18,28.93
2016-02-20T14:00,2016-02-20,14,31.63,32.54,30.73,31.99,30.9,29.47,33.46,32.57,31.7,29.06
2016-02-20T15:00,2016-02-20,15,31.75,32.79,30.09,32.06,31.23,29.78,33.67,32.59,31.85,29.16
2016-02-20T16:00,2016-02-20,16,31.44,32.6,29.11,31.65,31.14,29.59,33.44,32.15,31.64,28.88
2016-02-20T17:00,2016-02-20,17,30.48,31.64,27.71,30.63,30.21,28.69,32.45,30.95,30.75,28.29
2016-02-20T18:00,2016-02-20,18,28.82,29.82,26.2,28.79,28.72,27.02,30.78,29.01,29.22,27.03
2016-02-20T19:00,2016-02-20,19,27.32,28.2,25.06,27.32,27.27,25.54,29.1,27.39,27.85,25.58
2016-02-20T20:00,2016-02-20,20,26.22,27.13,24.33,26.27,26.06,24.49,27.81,26.35,26.62,24.45
2016-02-20T21:00,2016-02-20,21,25.39,26.17,23.79,25.55,25.49,23.7,26.83,25.62,25.68,23.6
2016-02-20T22:00,2016-02-20,22,24.67,25.28,23.34,24.99,24.76,23.11,26.09,25.13,24.83,22.92
2016-02-20T23:00,2016-02-20,23,24.07,24.5,23.02,24.53,24.02,22.8,25.49,24.78,24.24,22.14
2016-02-21T00:00,2016-02-21,0,23.65,24.11,22.81,24.12,23.28,22.53,25.0,24.53,23.83,21.59
2016-02-21T01:00,2016-02-21,1,23.4,23.81,22.74,24.0,23.46,22.4,24.64,24.37,23.28,21.2
2016-02-21T02:00,2016-02-21,2,23.07,23.46,22.51,23.69,22.99,22.07,24.43,24.21,22.86,20.74
2016-02-21T03:00,2016-02-21,3,22.7,23.15,22.35,23.37,21.65,21.84,24.18,24.0,22.5,20.4
2016-02-21T04:00,2016-02-21,4,22.41,22.96,22.18,23.11,20.98,21.63,23.84,23.86,22.3,19.87
2016-02-21T05:00,2016-02-21,5,22.19,22.8,21.98,22.88,20.66,21.47,23.48,23.67,22.02,19.7
2016-02-21T06:00,2016-02-21,6,22.02,22.6,21.87,22.67,20.65,21.36,23.21,23.49,21.73,19.62
2016-02-21T07:00,2016-02-21,7,22.07,22.64,22.07,22.73,20.88,21.54,23.08,23.5,21.67,19.73
2016-02-21T08:00,2016-02-21,8,24.15,24.71,24.26,24.74,23.57,23.27,25.02,25.34,23.63,22.03
2016-02-21T09:00,2016-02-21,9,26.65,27.46,26.46,27.1,25.97,25.25,27.64,27.73,26.3,24.4
2016-02-21T10:00,2016-02-21,10,28.67,29.64,28.3,29.07,28.04,27.08,29.82,29.79,28.17,26.28
2016-02-21T11:00,2016-02-21,11,30.31,31.36,29.76,30.89,29.56,28.83,31.54,31.54,29.65,27.72
2016-02-21T12:00,2016-02-21,12,31.48,32.62,30.69,32.25,30.49,29.71,32.83,32.77,30.7,29.05
2016-02-21T13:00,2016-02-21,13,31.74,32.75,30.57,32.62,30.48,30.05,33.22,33.16,31.01,29.7
2016-02-21T14:00,2016-02-21,14,32.2,33.2,30.68,33.06,31.13,30.69,33.69,33.56,31.33,30.4
2016-02-21T15:00,2016-02-21,15,32.28,33.23,30.2,33.03,31.27,30.89,33.78,33.37,31.63,30.91
2016-02-21T16:00,2016-02-21,16,31.91,32.9,29.28,32.13,31.07,30.85,33.63,32.83,31.52,30.77
2016-02-21T17:00,2016-02-21,17,30.89,31.8,27.98,30.99,30.37,29.83,32.55,31.44,30.76,29.96
2016-02-21T18:00,2016-02-21,18,29.32,30.13,26.62,29.24,29.05,27.94,31.0,29.76,29.43,28.52
2016-02-21T19:00,2016-02-21,19,28.02,28.78,25.63,27.85,28.1,26.24,29.59,28.37,28.0,27.48
2016-02-21T20:00,2016-02-21,20,27.19,27.99,25.13,26.91,27.32,25.15,28.74,27.43,27.06,26.78
2016-02-21T21:00,2016-02-21,21,26.5,27.34,24.68,26.34,26.61,24.55,27.73,26.83,26.2,26.14
2016-02-21T22:00,2016-02-21,22,25.82,26.63,24.35,25.93,25.86,23.71,26.74,26.23,25.5,25.39
2016-02-21T23:00,2016-02-21,23,25.23,25.88,24.03,25.5,25.26,23.34,26.07,25.69,24.88,24.69
2016-02-22T00:00,2016-02-22,0,24.76,25.45,23.79,25.21,24.65,22.93,25.77,25.29,24.24,23.83
2016-02-22T01:00,2016-02-22,1,24.43,25.13,23.73,25.2,23.95,22.83,25.31,25.13,23.83,23.08
2016-02-22T02:00,2016-02-22,2,23.94,24.74,23.46,25.03,23.14,22.56,24.77,24.87,22.98,22.28
2016-02-22T03:00,2016-02-22,3,23.41,24.26,23.29,24.51,22.35,22.28,24.39,24.57,22.12,21.45
2016-02-22T04:00,2016-02-22,4,22.93,23.81,23.22,24.14,21.58,21.79,23.99,24.48,21.38,20.64
2016-02-22T05:00,2016-02-22,5,22.53,23.53,23.08,23.95,20.9,21.49,23.57,24.23,20.72,19.94
2016-02-22T06:00,2016-02-22,6,22.13,23.2,22.93,23.71,20.26,21.27,23.14,23.81,20.06,19.36
2016-02-22T07:00,2016-02-22,7,22.0,23.12,23.12,23.71,20.04,21.26,22.85,23.85,19.69,19.0
2016-02-22T08:00,2016-02-22,8,23.86,25.01,24.38,25.47,22.39,22.94,24.8,25.65,21.85,20.76
2016-02-22T09:00,2016-02-22,9,25.98,27.06,25.98,27.08,25.28,24.54,26.97,27.49,24.6,23.18
2016-02-22T10:00,2016-02-22,10,27.46,28.35,27.46,28.54,27.06,26.25,28.33,28.75,26.23,24.89
2016-02-22T11:00,2016-02-22,11,28.58,29.34,28.81,29.66,28.11,27.32,29.39,29.79,27.39,26.31
2016-02-22T12:00,2016-02-22,12,29.41,30.16,29.41,30.05,29.01,28.18,30.25,30.71,28.33,27.52
2016-02-22T13:00,2016-02-22,13,29.38,29.96,29.07,30.77,28.78,28.39,30.23,30.89,28.24,27.34
2016-02-22T14:00,2016-02-22,14,29.75,30.32,29.26,31.01,29.18,28.96,30.64,31.19,28.75,27.65
2016-02-22T15:00,2016-02-22,15,29.77,30.39,28.71,30.78,29.26,29.11,30.84,31.22,28.88,27.88
2016-02-22T16:00,2016-02-22,16,29.52,30.13,28.12,30.46,28.99,28.92,30.65,31.06,28.69,27.79
2016-02-22T17:00,2016-02-22,17,28.71,29.23,27.07,29.64,28.06,27.74,30.07,30.43,27.97,27.26
2016-02-22T18:00,2016-02-22,18,27.09,27.33,25.93,28.1,26.21,26.0,28.66,29.1,26.4,25.77
2016-02-22T19:00,2016-02-22,19,25.56,25.66,25.08,26.71,24.44,24.19,27.13,27.73,24.83,24.22
2016-02-22T20:00,2016-02-22,20,24.37,24.46,24.45,25.67,23.06,22.76,26.01,26.65,23.19,23.04
2016-02-22T21:00,2016-02-22,21,23.53,23.54,24.13,25.01,21.98,21.96,24.82,25.99,22.27,22.33
2016-02-22T22:00,2016-02-22,22,22.85,22.93,23.81,24.6,21.09,21.3,23.87,25.36,21.33,21.54
2016-02-22T23:00,2016-02-22,23,22.13,22.18,23.57,23.92,20.32,20.86,23.27,24.95,20.13,20.64
2016-02-23T00:00,2016-02-23,0,21.35,21.04,23.35,23.2,19.98,19.77,22.73,24.55,19.26,19.82
2016-02-23T01:00,2016-02-23,1,20.94,20.36,23.62,22.63,20.26,19.29,22.81,24.42,18.38,19.21
2016-02-23T02:00,2016-02-23,2,20.41,19.8,23.59,22.17,18.27,18.48,22.54,24.11,18.43,18.43
2016-02-23T03:00,2016-02-23,3,19.78,19.4,23.44,21.7,17.14,17.67,21.89,23.9,17.09,17.76
2016-02-23T04:00,2016-02-23,4,19.47,19.38,23.31,21.83,16.66,16.94,21.52,23.62,16.27,17.02
2016-02-23T05:00,2016-02-23,5,19.16,19.11,23.11,21.98,16.68,16.06,21.11,23.12,15.98,16.31
2016-02-23T06:00,2016-02-23,6,18.95,18.89,23.08,21.93,16.34,15.59,20.9,23.02,16.15,15.63
2016-02-23T07:00,2016-02-23,7,19.06,19.18,23.29,22.31,16.21,15.93,20.7,23.17,16.17,15.28
2016-02-23T08:00,2016-02-23,8,21.52,21.88,24.44,23.69,19.17,20.17,22.88,24.79,18.89,18.27
2016-02-23T09:00,2016-02-23,9,24.47,24.85,25.93,25.4,23.14,23.2,25.41,26.39,23.82,21.77
2016-02-23T10:00,2016-02-23,10,26.58,27.22,27.34,27.0,25.74,25.17,27.31,28.03,26.28,24.16
2016-02-23T11:00,2016-02-23,11,27.97,28.61,28.21,28.42,27.44,26.5,28.65,29.36,27.6,25.93
2016-02-23T12:00,2016-02-23,12,28.96,29.62,28.98,29.64,28.5,27.6,29.45,29.93,28.53,27.16
2016-02-23T13:00,2016-02-23,13,29.19,29.85,29.23,29.79,28.83,27.94,29.76,30.14,28.66,27.39
2016-02-23T14:00,2016-02-23,14,29.57,30.23,29.42,30.2,29.26,28.4,30.23,30.01,29.11,27.89
2016-02-23T15:00,2016-02-23,15,29.58,30.34,29.1,29.76,29.38,28.54,30.47,29.84,29.2,28.03
2016-02-23T16:00,2016-02-23,16,29.16,30.0,28.46,28.76,29.14,28.32,30.21,29.25,28.89,27.79
2016-02-23T17:00,2016-02-23,17,28.34,29.38,27.31,27.91,28.39,27.61,29.17,28.05,28.05,27.11
2016-02-23T18:00,2016-02-23,18,26.91,28.09,26.01,26.26,26.96,25.78,27.73,26.65,26.68,25.6
2016-02-23T19:00,2016-02-23,19,25.46,26.53,25.15,25.15,25.05,24.1,26.64,25.93,24.79,23.86
2016-02-23T20:00,2016-02-23,20,24.28,25.21,24.56,24.31,23.13,22.81,25.74,25.57,23.51,22.13
2016-02-23T21:00,2016-02-23,21,23.24,23.82,24.21,23.99,21.89,21.9,24.83,25.15,22.04,20.73
2016-02-23T22:00,2016-02-23,22,22.53,23.18,23.79,23.71,20.92,21.36,23.95,24.88,20.78,19.75
2016-02-23T23:00,2016-02-23,23,21.89,22.85,23.56,23.46,20.16,20.6,23.3,24.79,18.72,19.16
2016-02-24T00:00,2016-02-24,0,21.44,22.61,23.39,23.2,18.99,19.91,22.84,24.59,17.89,18.72
2016-02-24T01:00,2016-02-24,1,20.86,21.51,23.3,23.31,18.36,19.9,22.75,24.44,17.64,16.81
2016-02-24T02:00,2016-02-24,2,20.44,21.09,23.27,22.74,17.82,19.44,22.4,24.23,17.45,15.93
2016-02-24T03:00,2016-02-24,3,20.18,20.96,23.28,22.39,17.42,18.91,22.05,24.05,17.26,15.48
2016-02-24T04:00,2016-02-24,4,19.91,20.75,22.97,21.93,17.05,18.6,21.68,23.78,17.22,15.17
2016-02-24T05:00,2016-02-24,5,19.6,20.39,22.43,21.54,16.8,18.41,21.42,23.35,17.13,14.93
2016-02-24T06:00,2016-02-24,6,19.5,20.34,22.31,21.39,16.78,18.32,21.39,23.18,16.92,14.79
2016-02-24T07:00,2016-02-24,7,19.56,20.49,22.12,21.28,17.53,18.62,21.15,22.99,16.84,14.96
2016-02-24T08:00,2016-02-24,8,21.37,22.42,23.08,21.89,19.94,19.94,22.61,23.96,19.59,18.09
2016-02-24T09:00,2016-02-24,9,23.36,24.37,23.71,22.93,22.18,21.7,23.95,24.95,22.83,22.08
2016-02-24T10:00,2016-02-24,10,25.16,26.19,24.79,23.86,24.18,23.37,25.88,25.72,25.48,24.68
2016-02-24T11:00,2016-02-24,11,26.57,27.56,26.19,24.49,25.75,25.27,27.35,26.4,27.38,26.48
2016-02-24T12:00,2016-02-24,12,27.63,28.48,27.5,25.8,27.19,26.52,28.03,27.14,28.42,27.61
2016-02-24T13:00,2016-02-24,13,27.47,28.36,26.6,25.89,27.3,26.85,26.97,26.86,28.56,27.75
2016-02-24T14:00,2016-02-24,14,27.41,28.01,27.19,25.35,27.93,27.23,26.25,26.28,28.85,28.23
2016-02-24T15:00,2016-02-24,15,27.01,26.83,27.12,24.76,27.91,27.17,26.0,26.06,29.06,28.32
2016-02-24T16:00,2016-02-24,16,26.26,25.05,26.8,24.44,27.82,26.33,25.45,25.48,28.72,28.18
2016-02-24T17:00,2016-02-24,17,25.29,23.66,25.99,23.65,26.98,24.47,24.98,24.93,27.81,27.61
2016-02-24T18:00,2016-02-24,18,24.21,22.88,25.07,22.96,25.09,22.2,24.24,24.43,26.37,26.29
2016-02-24T19:00,2016-02-24,19,23.24,22.35,24.33,22.55,23.37,21.23,23.38,24.18,24.66,24.31
2016-02-24T20:00,2016-02-24,20,22.55,22.03,23.95,22.28,22.48,20.37,22.86,23.94,23.29,22.59
2016-02-24T21:00,2016-02-24,21,22.02,21.85,23.41,22.04,21.87,19.94,22.43,23.74,22.11,21.36
2016-02-24T22:00,2016-02-24,22,21.62,21.73,22.87,21.92,20.85,19.73,22.13,23.57,21.39,20.49
2016-02-24T23:00,2016-02-24,23,21.31,21.73,22.42,21.73,19.99,19.5,21.91,23.32,20.92,19.78
2016-02-25T00:00,2016-02-25,0,21.15,21.71,22.79,21.55,19.66,19.18,21.84,23.21,20.44,19.27
2016-02-25T01:00,2016-02-25,1,20.83,21.49,21.78,21.38,19.4,19.3,21.9,22.81,19.83,18.76
2016-02-25T02:00,2016-02-25,2,20.54,21.0,21.27,21.36,19.2,19.18,21.76,22.85,19.62,18.27
2016-02-25T03:00,2016-02-25,3,20.25,20.5,21.27,21.12,19.12,18.93,21.62,22.66,19.34,17.84
2016-02-25T04:00,2016-02-25,4,20.12,20.27,21.47,21.17,18.97,18.72,21.57,22.66,19.17,17.49
2016-02-25T05:00,2016-02-25,5,19.97,20.13,21.37,20.96,18.9,18.57,21.32,22.49,19.18,17.16
2016-02-25T06:00,2016-02-25,6,19.88,20.04,21.34,20.77,18.81,18.48,21.35,22.3,19.41,16.74
2016-02-25T07:00,2016-02-25,7,19.88,20.02,21.3,20.66,18.89,18.63,21.34,22.12,19.65,16.58
2016-02-25T08:00,2016-02-25,8,20.63,20.32,22.12,21.15,19.78,19.1,21.79,23.05,20.45,18.95
2016-02-25T09:00,2016-02-25,9,21.71,21.06,23.58,22.3,20.89,19.53,22.47,24.01,21.52,21.43
2016-02-25T10:00,2016-02-25,10,22.97,22.34,25.01,23.46,22.3,20.18,22.99,24.8,22.96,23.71
2016-02-25T11:00,2016-02-25,11,24.47,23.87,26.88,25.02,23.47,21.47,23.96,25.62,24.73,25.64
2016-02-25T12:00,2016-02-25,12,25.53,24.82,27.91,25.69,24.55,22.39,25.46,26.16,26.2,26.89
2016-02-25T13:00,2016-02-25,13,26.08,26.01,25.55,25.96,25.95,23.04,26.72,26.27,26.97,27.06
2016-02-25T14:00,2016-02-25,14,26.62,26.49,25.99,26.32,26.47,23.84,27.03,26.91,27.68,27.84
2016-02-25T15:00,2016-02-25,15,26.9,26.82,26.33,26.54,26.78,24.45,27.3,27.04,27.8,28.09
2016-02-25T16:00,2016-02-25,16,26.74,26.71,26.12,26.4,26.74,24.54,26.94,26.75,27.54,28.01
2016-02-25T17:00,2016-02-25,17,26.23,26.23,25.58,25.89,26.15,24.11,26.32,26.2,27.1,27.47
2016-02-25T18:00,2016-02-25,18,25.23,25.29,24.78,25.05,24.67,22.78,25.44,25.43,26.11,26.23
2016-02-25T19:00,2016-02-25,19,23.95,24.13,23.62,23.82,23.01,21.51,24.47,24.47,24.76,24.34
2016-02-25T20:00,2016-02-25,20,23.03,23.22,23.03,22.88,22.08,20.65,23.61,23.87,23.64,23.12
2016-02-25T21:00,2016-02-25,21,22.34,22.58,22.9,21.89,21.22,19.97,23.28,23.59,22.64,22.14
2016-02-25T22:00,2016-02-25,22,21.72,22.02,22.24,21.28,20.64,19.25,22.78,23.16,21.82,21.46
2016-02-25T23:00,2016-02-25,23,21.16,21.63,21.07,21.01,20.03,18.58,22.25,22.64,21.06,20.89
2016-02-26T00:00,2016-02-26,0,20.55,21.01,20.08,20.33,19.49,17.96,21.98,22.2,20.41,20.25
2016-02-26T01:00,2016-02-26,1,20.52,21.1,19.8,20.43,19.48,18.03,21.64,22.31,20.31,20.22
2016-02-26T02:00,2016-02-26,2,20.14,20.85,19.54,20.05,19.15,17.7,21.16,21.67,19.87,19.7
2016-02-26T03:00,2016-02-26,3,19.73,20.48,19.28,19.45,18.63,17.32,20.92,21.21,19.48,19.13
2016-02-26T04:00,2016-02-26,4,19.46,20.16,19.26,19.28,18.23,17.15,20.84,20.75,19.22,18.59
2016-02-26T05:00,2016-02-26,5,19.17,19.87,19.11,18.85,17.83,16.96,20.63,20.74,18.97,18.06
2016-02-26T06:00,2016-02-26,6,18.95,19.65,18.92,18.72,17.45,16.58,20.48,20.92,18.76,17.64
2016-02-26T07:00,2016-02-26,7,18.96,19.57,19.04,18.8,17.43,16.67,20.69,21.21,18.68,17.41
2016-02-26T08:00,2016-02-26,8,21.08,21.21,22.24,21.39,20.32,19.76,21.76,22.96,20.51,19.82
2016-02-26T09:00,2016-02-26,9,23.39,23.3,25.08,23.62,23.14,22.48,23.42,24.53,22.91,22.67
2016-02-26T10:00,2016-02-26,10,25.27,25.07,27.17,25.4,24.99,24.43,25.1,25.9,25.07,24.97
2016-02-26T11:00,2016-02-26,11,26.71,26.34,28.81,26.62,26.42,25.79,26.53,27.1,26.76,26.76
2016-02-26T12:00,2016-02-26,12,27.72,27.3,29.99,27.56,27.47,26.69,27.55,27.83,27.88,27.96
2016-02-26T13:00,2016-02-26,13,28.34,27.87,30.58,28.16,28.23,27.39,28.09,28.5,28.55,28.55
2016-02-26T14:00,2016-02-26,14,28.64,28.22,30.74,28.5,28.58,27.68,28.3,28.69,29.06,28.71
2016-02-26T15:00,2016-02-26,15,28.51,28.11,30.29,28.42,28.6,27.72,28.19,28.58,28.89,28.52
2016-02-26T16:00,2016-02-26,16,28.22,28.05,29.41,28.2,28.24,27.38,27.7,28.33,28.52,28.36
2016-02-26T17:00,2016-02-26,17,27.4,27.41,28.13,27.34,27.2,26.27,26.55,27.72,28.01,27.72
2016-02-26T18:00,2016-02-26,18,26.25,26.44,26.5,26.13,26.06,24.61,25.55,26.73,26.95,26.5
2016-02-26T19:00,2016-02-26,19,24.98,25.2,25.35,24.74,24.55,23.27,24.66,25.64,25.68,25.0
2016-02-26T20:00,2016-02-26,20,24.0,24.45,24.64,23.64,23.14,22.14,24.02,24.82,24.42,23.57
2016-02-26T21:00,2016-02-26,21,23.24,24.14,23.83,22.74,22.11,21.17,23.52,24.36,23.22,22.33
2016-02-26T22:00,2016-02-26,22,22.54,23.48,23.25,22.1,21.01,20.38,23.04,24.04,22.37,21.4
2016-02-26T23:00,2016-02-26,23,21.86,22.75,23.04,21.54,20.08,19.5,22.65,23.27,21.64,20.48
2016-02-27T00:00,2016-02-27,0,21.22,21.88,22.59,21.04,19.67,19.04,22.32,22.62,20.92,19.64
2016-02-27T01:00,2016-02-27,1,20.97,20.86,22.56,21.97,20.74,19.24,21.71,22.28,20.44,19.27
2016-02-27T02:00,2016-02-27,2,20.67,20.67,22.29,21.7,20.22,19.27,21.42,22.26,20.02,18.58
2016-02-27T03:00,2016-02-27,3,20.38,20.29,22.23,21.48,19.86,19.47,21.25,22.13,19.38,18.24
2016-02-27T04:00,2016-02-27,4,20.07,20.06,22.11,21.1,19.16,18.81,21.07,21.89,19.19,17.79
2016-02-27T05:00,2016-02-27,5,19.84,20.02,21.99,20.48,18.72,18.25,20.94,21.75,19.18,17.4
2016-02-27T06:00,2016-02-27,6,19.59,19.92,21.74,19.95,18.42,18.1,20.8,21.55,18.85,17.03
2016-02-27T07:00,2016-02-27,7,19.66,20.14,21.73,20.22,18.31,18.18,20.88,21.56,18.69,16.92
2016-02-27T08:00,2016-02-27,8,21.64,21.78,23.39,22.34,21.05,20.66,21.52,22.74,21.23,20.14
2016-02-27T09:00,2016-02-27,9,23.7,23.41,25.5,24.03,23.85,23.38,22.33,23.93,23.88,23.75
2016-02-27T10:00,2016-02-27,10,25.49,25.18,27.33,25.52,25.84,25.11,23.42,25.24,26.11,26.26
2016-02-27T11:00,2016-02-27,11,26.59,26.1,27.92,26.48,27.17,26.28,24.45,26.12,27.57,27.98
2016-02-27T12:00,2016-02-27,12,27.34,26.86,28.49,27.06,27.95,27.08,24.97,27.04,28.45,29.0
2016-02-27T13:00,2016-02-27,13,28.51,28.23,28.71,27.93,29.57,28.0,27.35,27.62,29.68,29.55
2016-02-27T14:00,2016-02-27,14,28.69,28.64,28.78,28.12,29.74,28.13,27.44,27.54,29.68,29.76
2016-02-27T15:00,2016-02-27,15,28.68,28.57,28.86,28.08,29.87,27.95,27.1,27.67,29.85,29.93
2016-02-27T16:00,2016-02-27,16,28.17,28.01,28.42,26.98,29.6,27.6,26.77,27.47,29.23,29.62
2016-02-27T17:00,2016-02-27,17,27.22,26.41,27.51,26.6,28.53,26.57,26.05,26.9,28.53,29.07
2016-02-27T18:00,2016-02-27,18,26.03,25.07,26.09,25.74,27.22,24.83,25.38,26.25,27.28,27.76
2016-02-27T19:00,2016-02-27,19,24.7,24.02,24.96,24.61,25.24,23.06,24.48,25.3,25.48,25.97
2016-02-27T20:00,2016-02-27,20,23.66,23.24,24.08,23.66,23.77,21.57,23.76,24.63,24.2,24.46
2016-02-27T21:00,2016-02-27,21,22.84,22.67,22.97,23.26,22.51,20.41,23.01,24.04,23.23,23.27
2016-02-27T22:00,2016-02-27,22,22.13,22.13,22.25,22.73,21.28,19.55,22.4,23.54,22.38,22.3
2016-02-27T23:00,2016-02-27,23,21.54,21.61,21.8,22.19,20.3,18.87,21.9,22.89,21.72,21.72
2016-02-28T00:00,2016-02-28,0,21.08,21.23,21.32,21.76,20.02,18.43,21.57,22.24,21.04,21.12
2016-02-28T01:00,2016-02-28,1,20.82,21.05,21.21,20.92,19.99,17.96,21.64,22.88,20.8,20.31
2016-02-28T02:00,2016-02-28,2,20.48,20.79,20.74,20.93,19.62,17.63,21.46,22.58,20.37,19.41
2016-02-28T03:00,2016-02-28,3,20.1,20.48,20.41,20.51,19.19,17.54,21.26,22.26,19.89,18.64
2016-02-28T04:00,2016-02-28,4,19.62,20.04,20.03,19.61,18.53,17.34,21.03,22.08,19.44,17.98
2016-02-28T05:00,2016-02-28,5,19.28,19.68,19.76,19.37,18.01,17.35,20.76,21.74,19.06,17.37
2016-02-28T06:00,2016-02-28,6,18.97,19.35,19.54,19.2,17.48,16.99,20.65,21.56,18.72,16.77
2016-02-28T07:00,2016-02-28,7,18.98,19.43,19.79,19.37,17.16,17.11,20.61,21.56,18.65,16.59
2016-02-28T08:00,2016-02-28,8,21.84,21.95,23.03,22.69,20.69,20.67,22.64,23.81,21.12,20.17
2016-02-28T09:00,2016-02-28,9,24.53,24.27,25.99,25.02,23.78,23.46,24.8,25.51,24.33,24.17
2016-02-28T10:00,2016-02-28,10,26.57,26.37,27.93,26.73,26.0,25.34,26.27,26.72,26.83,26.89
2016-02-28T11:00,2016-02-28,11,28.05,27.81,29.35,27.96,27.59,26.74,27.51,27.77,28.66,28.91
2016-02-28T12:00,2016-02-28,12,29.07,28.84,30.36,28.81,28.75,27.57,28.35,28.6,29.87,30.12
2016-02-28T13:00,2016-02-28,13,29.48,29.29,30.86,29.17,29.43,28.09,28.71,28.84,30.18,30.43
2016-02-28T14:00,2016-02-28,14,29.74,29.58,30.78,29.48,29.96,28.38,28.98,29.19,30.33,30.66
2016-02-28T15:00,2016-02-28,15,29.66,29.6,30.21,29.5,29.97,28.34,28.98,29.25,30.1,30.52
2016-02-28T16:00,2016-02-28,16,29.22,29.12,29.66,29.02,29.45,27.58,28.76,28.95,29.69,30.32
2016-02-28T17:00,2016-02-28,17,28.36,28.24,28.66,28.23,28.56,26.51,27.61,28.03,29.06,29.7
2016-02-28T18:00,2016-02-28,18,27.1,27.12,26.88,27.11,26.4,25.01,26.88,26.96,28.08,28.19
2016-02-28T19:00,2016-02-28,19,25.74,25.93,25.52,25.64,24.44,23.26,25.96,26.11,26.85,26.34
2016-02-28T20:00,2016-02-28,20,24.54,24.85,24.71,24.37,23.0,21.58,25.05,25.47,25.51,24.68
2016-02-28T21:00,2016-02-28,21,23.55,23.98,23.99,23.49,21.81,20.91,24.12,24.61,24.24,23.17
2016-02-28T22:00,2016-02-28,22,22.73,23.15,23.33,22.68,20.76,20.12,23.36,23.98,23.31,22.31
2016-02-28T23:00,2016-02-28,23,21.79,21.97,22.79,21.98,19.67,19.56,22.63,23.37,22.13,21.18
2016-02-29T00:00,2016-02-29,0,21.02,20.93,22.22,21.2,18.8,19.31,21.96,22.83,21.38,20.4
2016-02-29T01:00,2016-02-29,1,20.65,20.81,21.93,20.78,18.27,18.18,22.03,22.73,20.75,19.73
2016-02-29T02:00,2016-02-29,2,20.12,20.43,21.26,20.01,17.83,17.8,21.69,22.2,19.98,19.09
2016-02-29T03:00,2016-02-29,3,19.79,20.36,20.97,19.64,17.67,18.08,21.11,21.7,19.18,18.51
2016-02-29T04:00,2016-02-29,4,19.47,20.2,20.42,19.35,17.49,18.0,20.85,21.41,18.58,17.9
2016-02-29T05:00,2016-02-29,5,19.09,19.81,20.03,18.76,17.41,17.76,20.59,21.2,18.15,17.39
2016-02-29T06:00,2016-02-29,6,18.53,18.73,19.8,18.17,17.37,17.39,20.35,20.93,17.64,16.88
2016-02-29T07:00,2016-02-29,7,18.63,18.76,20.3,18.52,17.25,17.47,20.36,21.17,17.87,16.64
2016-02-29T08:00,2016-02-29,8,21.94,22.05,23.58,22.26,20.76,20.49,23.09,24.17,20.95,20.52
2016-02-29T09:00,2016-02-29,9,24.97,24.93,26.5,24.93,24.39,23.59,25.48,26.26,24.54,24.5
2016-02-29T10:00,2016-02-29,10,27.2,27.04,28.74,27.09,26.74,25.64,27.3,27.87,27.32,27.28
2016-02-29T11:00,2016-02-29,11,28.71,28.53,30.2,28.53,28.27,27.06,28.4,28.91,29.21,29.14
2016-02-29T12:00,2016-02-29,12,29.61,29.52,30.7,29.33,29.24,27.91,29.14,29.49,30.35,30.33
2016-02-29T13:00,2016-02-29,13,30.16,30.2,30.85,29.96,30.04,28.72,29.54,29.82,30.86,30.7
2016-02-29T14:00,2016-02-29,14,30.25,30.21,31.06,29.9,30.27,29.02,29.59,29.85,30.95,30.92
2016-02-29T15:00,2016-02-29,15,30.12,30.1,30.72,29.61,30.31,28.94,29.49,29.85,30.86,30.81
2016-02-29T16:00,2016-02-29,16,29.84,29.84,30.29,29.41,30.05,28.44,29.25,29.52,30.53,30.62
2016-02-29T17:00,2016-02-29,17,29.0,29.14,29.34,28.59,29.07,27.16,27.95,28.74,29.94,30.04
2016-02-29T18:00,2016-02-29,18,27.69,27.98,27.63,27.13,27.59,25.25,27.13,27.72,28.65,28.7
2016-02-29T19:00,2016-02-29,19,26.03,26.16,26.07,25.38,25.55,23.42,26.07,26.57,27.04,26.92
2016-02-29T20:00,2016-02-29,20,24.76,24.87,25.12,24.36,23.66,21.95,25.28,25.81,25.46,25.31
2016-02-29T21:00,2016-02-29,21,23.87,24.28,24.42,23.5,22.37,20.81,24.53,25.37,24.24,23.88
2016-02-29T22:00,2016-02-29,22,22.94,23.46,23.6,22.81,21.03,20.33,23.55,24.68,22.91,22.75
2016-02-29T23:00,2016-02-29,23,22.04,22.65,22.72,21.98,20.04,20.06,22.59,23.93,21.63,21.65
2016-03-01T00:00,2016-03-01,0,21.27,22.09,21.84,21.28,19.2,19.65,21.93,22.28,20.52,20.85
2016-03-01T01:00,2016-03-01,1,20.74,21.2,21.32,21.23,18.8,18.05,21.84,21.71,20.54,20.24
2016-03-01T02:00,2016-03-01,2,20.3,20.77,20.68,20.79,18.59,17.68,21.46,21.43,20.04,19.61
2016-03-01T03:00,2016-03-01,3,19.89,20.41,20.18,20.19,18.11,17.31,21.29,21.3,19.59,19.12
2016-03-01T04:00,2016-03-01,4,19.49,20.1,19.97,19.17,17.35,17.09,21.08,21.32,19.2,18.7
2016-03-01T05:00,2016-03-01,5,19.09,19.83,19.74,18.41,16.68,16.94,20.8,21.35,18.75,18.03
2016-03-01T06:00,2016-03-01,6,18.8,19.66,19.51,18.13,16.34,16.41,20.39,21.43,18.24,17.66
2016-03-01T07:00,2016-03-01,7,19.09,19.99,19.87,19.18,16.6,16.6,20.48,21.8,18.14,17.67
2016-03-01T08:00,2016-03-01,8,22.22,22.55,23.67,22.34,20.84,20.54,23.54,24.15,21.15,20.98
2016-03-01T09:00,2016-03-01,9,25.21,25.35,26.75,25.38,24.27,23.61,25.94,26.2,24.92,24.24
2016-03-01T10:00,2016-03-01,10,27.39,27.44,28.8,27.39,26.7,25.61,27.66,27.82,27.71,26.85
2016-03-01T11:00,2016-03-01,11,28.93,28.96,30.29,28.79,28.45,27.0,28.86,28.88,29.56,28.79
2016-03-01T12:00,2016-03-01,12,29.7,29.56,31.15,29.55,29.51,27.85,29.47,29.44,30.39,29.89
2016-03-01T13:00,2016-03-01,13,29.98,29.9,31.32,29.7,29.68,28.39,29.99,29.97,30.67,29.8
2016-03-01T14:00,2016-03-01,14,29.87,29.66,31.14,29.44,30.01,28.41,30.03,29.76,30.58,29.79
2016-03-01T15:00,2016-03-01,15,29.78,29.53,30.74,29.28,29.89,28.26,30.04,29.73,30.54,29.96
2016-03-01T16:00,2016-03-01,16,29.53,29.31,30.11,29.1,29.69,27.82,29.87,29.47,30.35,29.82
2016-03-01T17:00,2016-03-01,17,28.77,28.6,28.88,28.31,28.88,26.77,29.24,28.78,29.81,29.19
2016-03-01T18:00,2016-03-01,18,27.53,27.41,27.04,27.06,27.57,25.29,28.24,27.72,28.61,28.03
2016-03-01T19:00,2016-03-01,19,25.94,25.85,25.61,25.29,26.08,23.64,26.8,26.42,26.81,26.38
2016-03-01T20:00,2016-03-01,20,24.59,24.39,24.71,24.52,23.97,22.04,25.41,25.37,25.25,25.17
2016-03-01T21:00,2016-03-01,21,23.57,23.38,23.97,23.92,22.66,20.93,24.28,24.58,24.05,23.9
2016-03-01T22:00,2016-03-01,22,22.7,22.52,23.17,23.2,21.47,20.11,23.54,24.02,22.9,22.98
2016-03-01T23:00,2016-03-01,23,22.05,21.93,22.42,22.51,20.63,19.45,23.02,23.89,22.03,22.27
2016-03-02T00:00,2016-03-02,0,21.42,21.48,21.66,21.79,19.82,18.74,22.71,23.13,21.31,21.4
2016-03-02T01:00,2016-03-02,1,21.03,21.31,21.25,22.05,20.15,18.22,21.94,22.33,21.08,19.71
2016-03-02T02:00,2016-03-02,2,20.67,21.17,20.58,22.0,18.82,17.74,21.98,22.07,20.72,19.04
2016-03-02T03:00,2016-03-02,3,20.39,21.2,20.24,21.6,17.96,17.38,21.78,21.95,20.31,18.58
2016-03-02T04:00,2016-03-02,4,20.15,21.14,20.55,21.01,17.59,17.13,21.29,21.79,20.02,18.23
2016-03-02T05:00,2016-03-02,5,20.03,21.31,20.95,20.61,17.26,16.87,21.0,21.7,19.67,17.91
2016-03-02T06:00,2016-03-02,6,19.82,21.2,20.82,20.11,17.18,16.7,20.75,21.56,19.5,17.54
2016-03-02T07:00,2016-03-02,7,19.6,20.59,20.74,19.57,17.46,17.13,20.87,21.72,19.14,17.44
2016-03-02T08:00,2016-03-02,8,22.73,23.09,23.82,23.06,21.21,21.12,23.79,24.53,22.37,21.03
2016-03-02T09:00,2016-03-02,9,25.61,25.77,26.88,25.84,24.42,24.08,26.09,26.5,25.82,24.54
2016-03-02T10:00,2016-03-02,10,27.74,27.86,29.1,27.81,26.9,26.03,27.93,28.06,28.28,27.0
2016-03-02T11:00,2016-03-02,11,29.17,29.25,30.42,29.05,28.65,27.34,29.24,29.08,29.88,28.8
2016-03-02T12:00,2016-03-02,12,29.9,29.92,31.49,29.98,29.59,28.22,29.91,29.81,30.18,29.48
2016-03-02T13:00,2016-03-02,13,30.24,30.16,32.02,30.18,29.76,28.76,30.26,30.29,30.86,29.61
2016-03-02T14:00,2016-03-02,14,30.34,30.29,32.02,30.28,29.94,28.89,30.28,30.31,30.83,29.87
2016-03-02T15:00,2016-03-02,15,30.18,30.15,31.5,30.07,29.75,28.51,30.44,30.21,30.7,29.81
2016-03-02T16:00,2016-03-02,16,29.65,29.72,30.68,29.62,29.25,27.78,30.2,29.7,29.57,29.67
2016-03-02T17:00,2016-03-02,17,28.75,29.04,29.39,28.84,27.99,26.66,29.32,28.73,28.62,28.85
2016-03-02T18:00,2016-03-02,18,27.5,28.05,27.53,27.67,26.64,25.32,28.29,27.54,27.06,27.59
2016-03-02T19:00,2016-03-02,19,26.01,26.58,26.25,26.19,25.26,23.87,26.95,26.52,25.25,25.77
2016-03-02T20:00,2016-03-02,20,24.88,25.29,25.41,24.85,24.17,22.96,25.92,25.72,24.15,24.48
2016-03-02T21:00,2016-03-02,21,23.9,24.38,24.58,23.61,23.13,22.06,24.89,25.02,23.17,23.41
2016-03-02T22:00,2016-03-02,22,23.07,23.41,23.84,22.76,22.66,21.18,24.19,24.27,22.36,22.51
2016-03-02T23:00,2016-03-02,23,22.36,22.62,23.22,22.21,21.89,20.68,23.72,23.18,21.57,21.74
2016-03-03T00:00,2016-03-03,0,21.82,22.15,22.68,21.76,21.13,19.85,23.23,22.74,20.99,21.17
2016-03-03T01:00,2016-03-03,1,21.63,22.17,22.21,22.41,20.52,19.38,22.61,22.64,20.88,20.49
2016-03-03T02:00,2016-03-03,2,21.19,21.74,21.52,21.91,19.94,19.12,22.13,22.51,20.49,20.07
2016-03-03T03:00,2016-03-03,3,20.81,21.44,20.95,21.5,19.58,18.7,21.63,22.16,20.03,19.89
2016-03-03T04:00,2016-03-03,4,20.44,21.12,20.51,20.97,19.3,18.6,21.15,21.76,19.66,19.54
2016-03-03T05:00,2016-03-03,5,20.38,21.55,20.36,20.86,19.2,18.58,20.78,21.39,19.33,19.1
2016-03-03T06:00,2016-03-03,6,20.26,21.49,20.33,20.86,19.06,18.56,20.52,21.02,19.09,19.01
2016-03-03T07:00,2016-03-03,7,20.16,20.98,20.79,20.73,19.02,18.79,20.65,21.09,19.23,18.71
2016-03-03T08:00,2016-03-03,8,23.18,23.79,24.1,23.53,22.31,22.15,23.35,24.18,22.56,21.74
2016-03-03T09:00,2016-03-03,9,25.76,26.12,27.23,26.16,25.12,24.46,25.55,26.3,25.45,24.8
2016-03-03T10:00,2016-03-03,10,27.7,27.85,29.31,27.78,27.09,26.1,27.63,28.24,27.85,26.96
2016-03-03T11:00,2016-03-03,11,29.12,29.11,30.64,29.03,28.39,27.23,29.32,29.68,29.7,28.55
2016-03-03T12:00,2016-03-03,12,29.92,29.8,31.33,29.67,29.33,27.94,30.4,30.55,30.52,29.56
2016-03-03T13:00,2016-03-03,13,30.21,30.31,31.38,29.98,29.57,28.37,30.69,31.08,30.54,29.61
2016-03-03T14:00,2016-03-03,14,30.4,30.47,31.26,30.35,29.85,28.6,30.81,31.23,30.85,29.77
2016-03-03T15:00,2016-03-03,15,30.36,30.34,30.87,30.3,30.09,28.51,31.0,31.27,30.67,29.91
2016-03-03T16:00,2016-03-03,16,30.01,30.05,30.14,30.09,29.54,28.05,30.84,31.05,30.36,29.52
2016-03-03T17:00,2016-03-03,17,29.35,29.49,29.12,29.39,28.85,27.29,29.99,30.21,29.98,28.96
2016-03-03T18:00,2016-03-03,18,28.12,28.54,27.62,28.22,27.24,25.84,28.7,28.72,28.74,27.79
2016-03-03T19:00,2016-03-03,19,26.56,26.96,26.38,27.05,25.59,24.31,27.24,27.13,26.75,26.07
2016-03-03T20:00,2016-03-03,20,25.13,25.52,25.24,24.98,24.11,23.27,25.99,26.1,25.16,24.68
2016-03-03T21:00,2016-03-03,21,24.1,24.39,24.11,23.84,23.3,22.53,25.02,25.32,23.86,23.96
2016-03-03T22:00,2016-03-03,22,23.4,23.79,23.22,23.08,22.58,22.11,24.28,24.67,22.86,23.35
2016-03-03T23:00,2016-03-03,23,22.8,23.23,22.64,22.46,21.92,21.37,23.66,24.19,22.24,22.8
2016-03-04T00:00,2016-03-04,0,22.22,22.57,22.19,21.98,21.29,20.75,23.01,23.85,21.67,22.23
2016-03-04T01:00,2016-03-04,1,22.09,22.89,21.82,22.0,21.03,20.61,22.63,23.6,21.18,21.8
2016-03-04T02:00,2016-03-04,2,21.81,22.52,22.1,22.15,20.58,20.38,22.31,23.25,20.56,21.4
2016-03-04T03:00,2016-03-04,3,21.48,22.02,22.16,22.18,20.14,19.94,21.99,22.97,20.15,20.95
2016-03-04T04:00,2016-03-04,4,21.2,21.57,22.3,21.97,19.71,19.44,21.75,22.75,19.91,20.84
2016-03-04T05:00,2016-03-04,5,20.87,21.06,22.03,21.83,19.39,18.93,21.6,22.48,19.66,20.49
2016-03-04T06:00,2016-03-04,6,20.43,20.4,20.63,21.42,19.36,18.61,21.46,22.27,19.46,20.33
2016-03-04T07:00,2016-03-04,7,20.48,20.4,20.81,21.13,19.47,18.99,21.57,22.39,19.51,20.35
2016-03-04T08:00,2016-03-04,8,23.23,23.54,24.13,23.92,22.27,22.09,23.84,24.51,22.28,22.13
2016-03-04T09:00,2016-03-04,9,25.63,25.87,26.66,26.01,24.87,24.38,26.31,26.95,25.19,24.27
2016-03-04T10:00,2016-03-04,10,27.69,28.06,28.57,27.79,26.92,25.98,28.48,29.0,27.8,25.9
2016-03-04T11:00,2016-03-04,11,29.39,29.92,29.94,29.3,28.51,27.21,30.23,30.5,29.97,27.56
2016-03-04T12:00,2016-03-04,12,30.5,30.97,30.87,30.29,29.57,28.0,31.48,31.48,31.48,28.82
2016-03-04T13:00,2016-03-04,13,30.81,31.29,30.81,30.64,30.11,28.55,31.75,32.04,31.72,29.03
2016-03-04T14:00,2016-03-04,14,31.18,31.69,30.86,31.09,30.47,28.75,32.36,32.43,32.08,29.38
2016-03-04T15:00,2016-03-04,15,31.09,31.68,30.5,31.09,30.37,28.3,32.5,32.44,31.9,29.22
2016-03-04T16:00,2016-03-04,16,30.77,31.42,29.99,30.96,29.84,27.64,32.15,32.16,31.8,28.82
2016-03-04T17:00,2016-03-04,17,29.88,30.56,28.76,30.15,29.15,26.84,31.32,30.96,31.06,27.79
2016-03-04T18:00,2016-03-04,18,28.57,29.42,27.27,29.04,27.43,25.63,30.03,29.42,29.93,26.06
2016-03-04T19:00,2016-03-04,19,26.9,27.79,26.01,27.16,25.7,24.36,28.11,27.99,27.8,24.67
2016-03-04T20:00,2016-03-04,20,25.44,26.11,25.15,25.68,24.31,23.16,26.42,26.68,25.99,23.66
2016-03-04T21:00,2016-03-04,21,24.36,24.63,24.52,24.6,23.52,22.62,25.27,25.42,24.86,22.92
2016-03-04T22:00,2016-03-04,22,23.5,23.5,23.8,23.8,22.73,21.93,24.45,24.76,24.06,22.2
2016-03-04T23:00,2016-03-04,23,22.88,22.77,23.35,23.17,22.18,21.38,23.72,24.28,23.4,21.73
2016-03-05T00:00,2016-03-05,0,22.39,22.24,23.11,22.56,21.77,20.93,23.01,23.76,22.86,21.46
2016-03-05T01:00,2016-03-05,1,22.2,22.07,22.26,22.3,21.74,20.57,22.94,23.65,22.68,21.65
2016-03-05T02:00,2016-03-05,2,21.84,21.57,22.21,21.87,21.48,20.29,22.68,23.43,22.21,21.37
2016-03-05T03:00,2016-03-05,3,21.57,21.28,21.9,21.89,21.19,19.88,22.4,23.11,21.8,21.1
2016-03-05T04:00,2016-03-05,4,21.24,21.07,21.11,21.74,20.83,19.6,22.16,22.78,21.34,20.73
2016-03-05T05:00,2016-03-05,5,20.86,20.81,20.55,21.36,20.58,19.27,21.78,22.37,20.83,20.23
2016-03-05T06:00,2016-03-05,6,20.53,20.49,20.38,20.89,20.46,19.18,21.58,21.98,20.27,19.79
2016-03-05T07:00,2016-03-05,7,20.85,20.98,20.98,21.41,20.71,19.54,21.73,22.08,20.33,19.76
2016-03-05T08:00,2016-03-05,8,23.08,23.33,23.91,23.3,22.88,21.74,24.12,24.27,22.67,21.29
2016-03-05T09:00,2016-03-05,9,25.36,25.79,26.74,25.25,24.83,23.92,26.49,26.13,25.07,23.4
2016-03-05T10:00,2016-03-05,10,27.49,27.91,29.06,27.25,26.85,25.48,28.74,28.43,27.25,25.69
2016-03-05T11:00,2016-03-05,11,29.24,29.57,30.74,28.99,28.54,27.08,30.59,30.34,29.08,27.59
2016-03-05T12:00,2016-03-05,12,30.56,30.8,31.96,30.37,29.75,28.27,31.96,31.67,30.5,29.14
2016-03-05T13:00,2016-03-05,13,30.97,31.19,32.38,30.49,30.15,28.17,32.46,31.74,31.53,29.66
2016-03-05T14:00,2016-03-05,14,31.45,31.71,32.34,31.14,30.52,28.52,32.98,32.1,32.33,30.04
2016-03-05T15:00,2016-03-05,15,31.46,31.72,31.85,31.06,30.35,28.68,33.06,32.21,32.63,30.07
2016-03-05T16:00,2016-03-05,16,31.37,31.78,31.25,30.97,30.4,28.64,32.92,32.05,32.57,29.96
2016-03-05T17:00,2016-03-05,17,30.7,31.39,30.25,30.43,29.33,27.92,31.96,31.45,31.96,29.15
2016-03-05T18:00,2016-03-05,18,29.33,30.25,28.37,29.39,27.91,26.3,30.37,29.77,30.51,27.95
2016-03-05T19:00,2016-03-05,19,27.65,28.47,26.8,27.77,26.24,24.76,28.68,28.04,28.66,26.45
2016-03-05T20:00,2016-03-05,20,26.37,26.92,25.95,26.27,25.15,23.74,27.51,27.05,27.18,25.52
2016-03-05T21:00,2016-03-05,21,25.45,25.91,25.25,25.32,24.22,23.0,26.58,26.34,26.07,24.68
2016-03-05T22:00,2016-03-05,22,24.67,25.07,24.62,24.62,23.55,22.35,25.56,25.77,25.12,23.99
2016-03-05T23:00,2016-03-05,23,24.03,24.37,23.97,24.11,23.03,21.59,24.82,25.27,24.38,23.52
2016-03-06T00:00,2016-03-06,0,23.42,23.74,23.36,23.66,22.33,21.15,24.11,24.79,23.68,22.85
2016-03-06T01:00,2016-03-06,1,23.18,23.61,22.93,23.11,22.42,20.81,24.11,24.46,23.73,22.14
2016-03-06T02:00,2016-03-06,2,22.78,23.1,22.49,22.79,22.03,20.57,23.92,24.23,23.26,21.68
2016-03-06T03:00,2016-03-06,3,22.46,22.75,22.16,22.67,21.8,20.14,23.63,24.01,22.81,21.27
2016-03-06T04:00,2016-03-06,4,22.13,22.51,21.86,22.49,21.39,19.76,23.23,23.79,22.4,20.73
2016-03-06T05:00,2016-03-06,5,21.94,22.49,21.54,22.29,21.19,19.67,23.09,23.48,22.04,20.37
2016-03-06T06:00,2016-03-06,6,21.82,22.56,21.35,22.34,20.89,19.63,23.0,23.03,21.7,20.09
2016-03-06T07:00,2016-03-06,7,22.03,22.72,21.72,22.78,21.01,20.08,23.16,23.19,21.77,20.2
2016-03-06T08:00,2016-03-06,8,24.22,24.65,24.89,25.02,23.13,22.66,25.09,25.56,23.83,22.33
2016-03-06T09:00,2016-03-06,9,26.41,26.53,28.05,27.02,25.46,24.51,27.0,27.45,26.15,25.13
2016-03-06T10:00,2016-03-06,10,28.35,28.34,30.19,28.75,27.6,26.31,28.82,29.29,28.27,27.43
2016-03-06T11:00,2016-03-06,11,30.0,30.0,31.78,30.1,29.25,27.92,30.65,30.79,30.12,29.09
2016-03-06T12:00,2016-03-06,12,31.12,31.25,32.85,30.75,30.18,29.01,31.98,31.91,31.45,30.15
2016-03-06T13:00,2016-03-06,13,31.25,31.1,33.17,31.24,30.49,29.58,31.93,32.16,31.51,30.26
2016-03-06T14:00,2016-03-06,14,31.48,31.39,33.33,31.37,30.85,29.82,32.03,32.24,31.75,30.61
2016-03-06T15:00,2016-03-06,15,31.33,31.29,32.97,31.13,31.03,29.78,31.83,31.93,31.57,30.46
2016-03-06T16:00,2016-03-06,16,30.69,30.87,32.24,29.95,30.94,29.39,31.15,31.59,30.23,30.04
2016-03-06T17:00,2016-03-06,17,29.57,30.28,30.93,28.84,30.1,28.56,29.67,29.77,28.65,28.58
2016-03-06T18:00,2016-03-06,18,28.08,28.73,29.07,27.77,28.63,27.44,28.6,28.2,27.24,26.4
2016-03-06T19:00,2016-03-06,19,26.78,27.22,27.62,26.69,26.89,26.0,27.71,27.28,26.01,25.17
2016-03-06T20:00,2016-03-06,20,25.91,26.32,26.74,25.97,25.7,24.91,26.85,26.73,25.28,24.29
2016-03-06T21:00,2016-03-06,21,25.15,25.55,26.03,25.22,24.83,23.66,26.2,26.14,24.56,23.6
2016-03-06T22:00,2016-03-06,22,24.42,24.65,25.36,24.83,24.03,22.82,25.59,25.55,23.75,22.93
2016-03-06T23:00,2016-03-06,23,23.73,23.87,24.78,24.56,22.99,22.19,25.01,24.87,22.87,22.21
2016-03-07T00:00,2016-03-07,0,23.08,23.22,24.17,23.99,22.19,21.83,24.12,24.25,22.22,21.55
2016-03-07T01:00,2016-03-07,1,22.52,22.79,24.49,22.67,21.8,20.5,23.13,24.34,21.71,21.25
2016-03-07T02:00,2016-03-07,2,22.1,22.28,23.64,22.65,20.93,20.04,22.82,24.31,21.38,20.9
2016-03-07T03:00,2016-03-07,3,21.81,22.0,23.38,22.55,20.48,19.72,22.5,24.15,21.04,20.52
2016-03-07T04:00,2016-03-07,4,21.55,21.8,23.06,22.36,20.27,19.55,22.23,23.94,20.7,20.02
2016-03-07T05:00,2016-03-07,5,21.24,21.55,22.54,21.99,20.07,19.31,21.97,23.68,20.32,19.64
2016-03-07T06:00,2016-03-07,6,20.97,21.36,21.94,21.54,20.02,19.15,21.73,23.42,19.93,19.54
2016-03-07T07:00,2016-03-07,7,21.16,21.51,22.35,21.73,20.29,19.87,21.82,23.54,19.96,19.58
2016-03-07T08:00,2016-03-07,8,23.89,23.95,26.09,24.66,22.88,22.66,24.4,25.3,23.15,22.27
2016-03-07T09:00,2016-03-07,9,26.28,26.31,28.7,26.9,25.41,24.91,26.63,27.44,25.7,24.79
2016-03-07T10:00,2016-03-07,10,28.15,28.18,30.42,28.74,27.35,26.57,28.46,29.36,27.66,26.83
2016-03-07T11:00,2016-03-07,11,29.72,29.79,31.8,30.28,28.93,27.98,29.98,30.89,29.21,28.6
2016-03-07T12:00,2016-03-07,12,30.87,31.03,32.78,31.34,30.07,28.96,31.14,32.0,30.42,29.85
2016-03-07T13:00,2016-03-07,13,31.29,31.38,33.26,31.43,30.34,29.13,31.87,32.2,31.09,30.61
2016-03-07T14:00,2016-03-07,14,31.74,31.89,33.35,31.8,30.86,29.44,32.36,32.63,31.6,31.15
2016-03-07T15:00,2016-03-07,15,31.85,32.02,32.92,31.79,31.08,29.63,32.44,32.78,31.89,31.41
2016-03-07T16:00,2016-03-07,16,31.58,31.84,32.29,31.41,30.88,29.35,32.22,32.53,31.73,31.17
2016-03-07T17:00,2016-03-07,17,30.83,31.15,31.15,30.59,30.27,28.64,31.48,31.78,30.98,30.49
2016-03-07T18:00,2016-03-07,18,29.42,29.69,29.57,29.42,28.78,27.18,30.12,30.54,29.64,28.89
2016-03-07T19:00,2016-03-07,19,28.03,28.34,28.18,28.1,27.36,25.96,28.67,29.17,28.35,27.21
2016-03-07T20:00,2016-03-07,20,26.79,27.08,27.26,26.57,26.16,24.45,27.46,28.03,27.12,26.17
2016-03-07T21:00,2016-03-07,21,25.79,25.94,26.36,25.8,25.09,23.35,26.61,27.05,26.02,25.21
2016-03-07T22:00,2016-03-07,22,24.91,25.0,25.55,24.89,24.39,22.41,25.98,26.05,25.08,24.31
2016-03-07T23:00,2016-03-07,23,24.23,24.31,24.77,24.38,23.16,21.78,25.42,25.16,24.59,23.58
2016-03-08T00:00,2016-03-08,0,23.57,23.71,24.06,24.01,22.19,21.1,24.83,24.45,24.06,22.62
2016-03-08T01:00,2016-03-08,1,22.75,23.01,23.37,22.38,21.44,20.39,23.97,24.02,23.22,21.99
2016-03-08T02:00,2016-03-08,2,22.3,22.63,22.73,21.84,20.87,19.92,23.7,23.86,22.68,21.52
2016-03-08T03:00,2016-03-08,3,21.95,22.4,22.39,21.58,20.46,19.54,23.44,23.82,22.12,20.74
2016-03-08T04:00,2016-03-08,4,21.72,22.24,22.71,21.43,20.19,19.31,23.14,23.82,21.7,20.05
2016-03-08T05:00,2016-03-08,5,21.6,22.1,23.19,21.33,20.18,19.02,22.9,23.79,21.39,19.74
2016-03-08T06:00,2016-03-08,6,21.45,21.84,23.06,21.27,20.19,18.78,22.76,23.81,21.23,19.6
2016-03-08T07:00,2016-03-08,7,21.75,22.11,22.8,21.86,20.35,19.65,23.03,24.32,21.41,19.95
2016-03-08T08:00,2016-03-08,8,24.8,25.22,26.26,25.63,23.55,23.34,25.36,26.16,24.21,22.88
2016-03-08T09:00,2016-03-08,9,27.32,27.67,28.67,28.03,26.3,25.73,27.6,28.38,27.06,25.72
2016-03-08T10:00,2016-03-08,10,29.29,29.68,30.34,29.81,28.46,27.48,29.62,30.21,29.27,27.77
2016-03-08T11:00,2016-03-08,11,30.69,31.02,31.47,31.02,30.03,28.82,31.23,31.55,30.86,29.35
2016-03-08T12:00,2016-03-08,12,31.61,31.93,31.89,31.76,30.95,29.44,32.37,32.44,31.95,30.64
2016-03-08T13:00,2016-03-08,13,31.43,31.39,32.03,31.57,31.22,29.82,31.8,32.71,31.5,30.97
2016-03-08T14:00,2016-03-08,14,31.68,31.77,32.07,31.19,31.13,30.16,32.31,32.98,32.0,31.32
2016-03-08T15:00,2016-03-08,15,31.63,31.95,31.46,31.03,30.87,29.64,32.59,33.02,31.94,31.38
2016-03-08T16:00,2016-03-08,16,31.43,31.82,30.93,31.18,30.54,28.69,32.41,32.87,31.83,31.29
2016-03-08T17:00,2016-03-08,17,30.68,31.1,30.23,30.55,29.79,27.02,31.78,32.28,31.13,30.64
2016-03-08T18:00,2016-03-08,18,29.23,29.55,28.65,29.19,28.54,25.99,30.33,30.84,29.66,29.04
2016-03-08T19:00,2016-03-08,19,27.84,28.12,27.57,27.79,27.37,24.63,28.92,29.24,28.26,27.48
2016-03-08T20:00,2016-03-08,20,26.79,27.15,26.51,26.65,26.31,23.56,27.85,28.18,27.17,26.42
2016-03-08T21:00,2016-03-08,21,25.95,26.41,25.69,25.76,25.16,22.72,27.06,27.15,26.5,25.39
2016-03-08T22:00,2016-03-08,22,25.23,25.77,24.82,25.18,24.37,22.2,26.23,26.16,25.86,24.56
2016-03-08T23:00,2016-03-08,23,24.75,25.35,24.44,24.87,23.81,21.89,25.62,25.71,25.28,23.87
2016-03-09T00:00,2016-03-09,0,24.37,24.95,24.15,24.73,23.42,21.72,25.14,25.35,24.68,23.33
2016-03-09T01:00,2016-03-09,1,23.95,24.59,23.43,24.25,23.14,21.69,24.66,24.79,24.17,22.94
2016-03-09T02:00,2016-03-09,2,23.66,24.33,23.21,23.99,23.14,21.65,24.34,24.55,23.65,22.4
2016-03-09T03:00,2016-03-09,3,23.28,23.84,23.02,23.66,22.84,21.3,24.02,24.33,23.28,21.86
2016-03-09T04:00,2016-03-09,4,22.89,23.45,22.39,23.43,22.07,21.05,23.67,24.1,23.04,21.37
2016-03-09T05:00,2016-03-09,5,22.52,23.04,21.99,23.06,21.78,20.7,23.32,23.82,22.73,20.95
2016-03-09T06:00,2016-03-09,6,22.18,22.66,21.67,22.5,21.51,20.51,23.04,23.63,22.49,20.56
2016-03-09T07:00,2016-03-09,7,22.43,22.78,22.47,23.04,21.58,20.86,23.18,23.89,22.66,20.59
2016-03-09T08:00,2016-03-09,8,25.15,25.49,26.27,25.86,24.4,23.39,25.4,26.39,25.06,23.46
2016-03-09T09:00,2016-03-09,9,27.43,27.6,28.64,27.91,26.63,25.17,27.75,28.69,27.65,26.25
2016-03-09T10:00,2016-03-09,10,29.41,29.62,30.56,29.76,28.45,26.75,29.8,30.73,29.7,28.48
2016-03-09T11:00,2016-03-09,11,30.99,31.29,31.99,31.3,29.88,28.11,31.57,32.35,31.12,30.21
2016-03-09T12:00,2016-03-09,12,32.14,32.49,32.72,32.4,30.96,29.15,32.82,33.46,32.41,31.56
2016-03-09T13:00,2016-03-09,13,32.45,32.64,32.84,32.65,31.41,29.72,33.21,33.83,32.82,31.99
2016-03-09T14:00,2016-03-09,14,32.72,32.83,32.5,32.58,32.11,30.19,33.53,33.95,33.44,32.57
2016-03-09T15:00,2016-03-09,15,32.84,33.05,32.18,32.58,32.5,30.35,33.59,33.98,33.54,32.74
2016-03-09T16:00,2016-03-09,16,32.57,32.85,31.39,32.27,32.27,30.29,33.36,33.73,33.31,32.49
2016-03-09T17:00,2016-03-09,17,31.75,32.11,30.0,31.56,31.42,29.56,32.62,32.81,32.53,31.75
2016-03-09T18:00,2016-03-09,18,30.14,30.56,28.43,30.18,29.9,27.42,30.99,31.06,30.95,30.05
2016-03-09T19:00,2016-03-09,19,28.68,29.14,27.19,28.73,28.23,25.61,29.79,29.47,29.52,28.39
2016-03-09T20:00,2016-03-09,20,27.66,28.36,26.37,27.68,27.1,24.36,28.82,28.42,28.34,27.04
2016-03-09T21:00,2016-03-09,21,26.91,27.79,25.85,27.01,26.17,23.48,27.93,27.72,27.45,26.0
2016-03-09T22:00,2016-03-09,22,26.15,26.98,25.44,26.29,25.27,22.93,27.12,27.11,26.52,25.23
2016-03-09T23:00,2016-03-09,23,25.51,26.25,25.09,25.79,24.56,22.56,26.37,26.54,25.76,24.47
2016-03-10T00:00,2016-03-10,0,24.93,25.6,24.88,25.3,23.86,22.22,25.77,26.12,25.13,23.65
2016-03-10T01:00,2016-03-10,1,24.58,25.16,24.71,25.2,23.92,22.7,25.42,25.68,24.5,22.58
2016-03-10T02:00,2016-03-10,2,24.14,24.72,24.21,24.89,23.39,22.46,25.05,25.43,24.0,21.97
2016-03-10T03:00,2016-03-10,3,23.71,24.29,23.85,24.54,22.67,22.06,24.71,25.18,23.5,21.39
2016-03-10T04:00,2016-03-10,4,23.33,23.94,23.53,24.2,22.26,21.76,24.39,24.89,23.0,20.88
2016-03-10T05:00,2016-03-10,5,22.98,23.62,23.31,23.89,21.73,21.39,24.08,24.64,22.46,20.54
2016-03-10T06:00,2016-03-10,6,22.64,23.25,23.11,23.57,21.28,21.08,23.86,24.46,21.98,20.17
2016-03-10T07:00,2016-03-10,7,22.79,23.52,23.54,23.75,21.47,21.53,23.96,24.68,21.87,19.83
2016-03-10T08:00,2016-03-10,8,25.33,25.9,26.1,26.11,24.3,23.76,26.15,26.52,25.01,23.06
2016-03-10T09:00,2016-03-10,9,27.57,28.15,28.03,27.8,26.83,25.63,28.21,28.57,27.89,25.7
2016-03-10T10:00,2016-03-10,10,29.51,30.22,29.75,29.61,28.92,27.32,29.75,30.45,30.04,27.85
2016-03-10T11:00,2016-03-10,11,31.09,31.8,31.24,31.18,30.54,28.67,31.5,31.86,31.55,29.6
2016-03-10T12:00,2016-03-10,12,32.21,32.85,32.18,32.13,31.81,29.8,32.73,32.98,32.65,31.1
2016-03-10T13:00,2016-03-10,13,32.4,32.98,32.11,31.53,32.63,30.43,32.71,32.63,33.12,31.91
2016-03-10T14:00,2016-03-10,14,32.73,33.24,32.06,31.79,33.08,30.98,33.21,32.82,33.4,32.52
2016-03-10T15:00,2016-03-10,15,32.71,33.16,31.64,31.94,32.97,31.08,33.31,32.84,33.33,32.78
2016-03-10T16:00,2016-03-10,16,32.15,32.29,30.83,31.48,32.55,30.62,32.96,32.37,32.87,32.55
2016-03-10T17:00,2016-03-10,17,31.21,31.15,29.68,30.57,31.69,29.57,32.21,31.59,32.03,31.81
2016-03-10T18:00,2016-03-10,18,29.8,29.88,28.36,29.45,29.9,28.33,31.01,30.27,30.34,29.86
2016-03-10T19:00,2016-03-10,19,28.33,28.48,27.2,28.38,28.11,26.45,29.71,29.08,28.63,28.04
2016-03-10T20:00,2016-03-10,20,27.29,27.6,26.5,27.48,26.7,24.98,28.81,28.28,27.46,26.56
2016-03-10T21:00,2016-03-10,21,26.5,26.89,25.94,26.87,25.64,24.18,27.95,27.68,26.61,25.38
2016-03-10T22:00,2016-03-10,22,25.81,26.29,25.33,26.31,24.75,23.75,27.18,27.21,25.7,24.52
2016-03-10T23:00,2016-03-10,23,25.28,25.78,24.84,25.96,24.14,23.43,26.68,26.8,24.93,23.8
2016-03-11T00:00,2016-03-11,0,24.78,25.32,24.28,25.63,23.69,22.93,26.21,26.45,24.26,23.08
2016-03-11T01:00,2016-03-11,1,24.31,24.84,23.99,25.17,23.19,22.48,25.76,25.95,23.69,22.61
2016-03-11T02:00,2016-03-11,2,23.98,24.51,24.44,24.83,22.71,21.94,25.38,25.63,23.28,22.0
2016-03-11T03:00,2016-03-11,3,23.55,24.16,24.06,24.56,22.13,21.24,24.96,25.33,22.79,21.43
2016-03-11T04:00,2016-03-11,4,23.17,23.95,23.07,24.29,21.89,20.73,24.67,25.12,22.37,20.88
2016-03-11T05:00,2016-03-11,5,22.88,23.71,22.95,24.08,21.81,20.38,24.32,24.88,21.85,20.35
2016-03-11T06:00,2016-03-11,6,22.6,23.62,22.9,23.92,21.35,20.28,24.06,24.61,21.31,19.61
2016-03-11T07:00,2016-03-11,7,22.85,23.98,23.67,24.38,21.3,21.16,24.13,24.82,21.14,19.36
2016-03-11T08:00,2016-03-11,8,25.48,26.32,26.01,26.48,24.42,24.11,26.34,26.82,24.77,22.62
2016-03-11T09:00,2016-03-11,9,27.84,28.55,28.69,28.31,27.02,26.18,28.58,28.85,27.74,25.28
2016-03-11T10:00,2016-03-11,10,29.78,30.51,30.82,29.95,29.02,27.74,30.55,30.61,29.81,27.46
2016-03-11T11:00,2016-03-11,11,31.3,32.0,32.37,31.46,30.63,29.0,31.93,31.88,31.39,29.29
2016-03-11T12:00,2016-03-11,12,32.25,32.92,33.16,32.08,31.82,29.82,32.84,32.71,32.48,30.75
2016-03-11T13:00,2016-03-11,13,32.44,32.96,33.12,31.94,32.17,29.72,33.15,32.92,32.93,31.51
2016-03-11T14:00,2016-03-11,14,32.75,33.27,33.05,31.91,32.76,30.13,33.43,33.06,33.44,32.13
2016-03-11T15:00,2016-03-11,15,32.87,33.52,32.4,31.91,32.98,30.46,33.62,32.99,33.64,32.42
2016-03-11T16:00,2016-03-11,16,32.48,33.27,31.42,31.35,32.74,30.33,33.3,31.64,33.47,32.24
2016-03-11T17:00,2016-03-11,17,31.64,32.49,30.05,30.47,31.84,29.67,32.62,30.66,32.61,31.5
2016-03-11T18:00,2016-03-11,18,30.14,30.89,28.57,29.0,30.2,28.47,31.28,29.71,31.01,29.85
2016-03-11T19:00,2016-03-11,19,28.68,29.3,27.6,27.79,28.6,26.75,29.87,28.6,29.39,28.28
2016-03-11T20:00,2016-03-11,20,27.47,27.96,26.95,26.96,27.0,25.43,28.83,27.99,27.81,26.8
2016-03-11T21:00,2016-03-11,21,26.49,26.94,26.37,26.36,25.44,24.39,27.99,27.5,26.47,25.6
2016-03-11T22:00,2016-03-11,22,25.81,26.15,25.78,25.88,24.32,23.66,27.36,27.13,26.14,24.69
2016-03-11T23:00,2016-03-11,23,25.23,25.61,25.6,25.53,23.59,23.07,26.76,26.72,25.33,23.75
2016-03-12T00:00,2016-03-12,0,24.63,25.29,25.48,25.25,22.77,22.63,26.24,26.32,23.54,22.93
2016-03-12T01:00,2016-03-12,1,24.11,24.93,24.49,24.96,22.1,22.17,25.84,25.98,22.63,22.47
2016-03-12T02:00,2016-03-12,2,23.64,24.53,24.03,24.66,21.58,21.85,25.41,25.71,21.82,21.77
2016-03-12T03:00,2016-03-12,3,23.22,24.03,23.79,24.29,21.21,21.54,25.05,25.48,21.2,21.33
2016-03-12T04:00,2016-03-12,4,22.91,23.69,23.52,24.08,20.83,21.28,24.67,25.35,20.81,20.98
2016-03-12T05:00,2016-03-12,5,22.65,23.46,23.25,23.92,20.52,20.89,24.37,25.23,20.75,20.44
2016-03-12T06:00,2016-03-12,6,22.45,23.27,23.18,23.75,20.23,20.65,24.04,25.13,20.59,20.15
2016-03-12T07:00,2016-03-12,7,22.85,23.65,23.88,24.38,20.71,21.39,24.2,25.41,20.9,20.31
2016-03-12T08:00,2016-03-12,8,25.42,26.09,26.28,26.36,24.13,24.35,26.16,26.89,24.51,23.07
2016-03-12T09:00,2016-03-12,9,27.76,28.57,28.08,28.11,26.83,26.27,28.36,28.51,27.67,25.74
2016-03-12T10:00,2016-03-12,10,29.77,30.71,29.85,29.85,29.05,27.76,30.45,29.99,30.02,27.86
2016-03-12T11:00,2016-03-12,11,31.42,32.43,31.09,31.54,30.99,29.07,32.19,31.51,31.71,29.62
2016-03-12T12:00,2016-03-12,12,32.52,33.38,31.77,32.61,32.22,30.09,33.41,32.74,32.99,31.05
2016-03-12T13:00,2016-03-12,13,32.73,33.6,31.57,32.55,32.44,30.03,33.8,32.97,33.4,31.55
2016-03-12T14:00,2016-03-12,14,33.22,33.95,31.74,33.0,33.1,30.76,34.33,33.54,34.08,32.19
2016-03-12T15:00,2016-03-12,15,33.38,34.1,31.58,33.15,33.43,31.03,34.33,33.63,34.43,32.43
2016-03-12T16:00,2016-03-12,16,33.18,33.88,31.07,32.91,33.33,31.03,34.01,33.16,34.43,32.33
2016-03-12T17:00,2016-03-12,17,32.37,33.07,29.89,31.92,32.63,30.24,33.18,32.23,33.72,31.9
2016-03-12T18:00,2016-03-12,18,30.67,31.24,28.46,30.27,30.9,28.6,31.5,30.54,31.96,30.35
2016-03-12T19:00,2016-03-12,19,29.15,29.56,27.34,28.75,29.41,27.18,29.94,29.16,30.28,28.97
2016-03-12T20:00,2016-03-12,20,28.0,28.52,26.63,27.68,27.93,25.8,28.92,28.14,28.91,27.49
2016-03-12T21:00,2016-03-12,21,27.14,27.91,26.06,27.12,26.68,24.44,28.19,27.4,27.75,26.21
2016-03-12T22:00,2016-03-12,22,26.42,27.35,25.45,26.67,25.7,23.51,27.57,26.85,26.69,25.21
2016-03-12T23:00,2016-03-12,23,25.81,26.82,25.08,26.3,24.87,22.93,26.73,26.43,26.03,24.25
2016-03-13T00:00,2016-03-13,0,25.3,26.27,24.65,25.85,24.36,22.59,26.02,25.93,25.55,23.74
2016-03-13T01:00,2016-03-13,1,24.85,25.85,24.33,25.39,23.78,22.34,25.57,25.44,25.36,22.82
2016-03-13T02:00,2016-03-13,2,24.48,25.44,24.04,25.0,23.49,22.57,25.12,25.17,24.86,22.25
2016-03-13T03:00,2016-03-13,3,24.11,25.0,23.66,24.58,23.41,22.35,24.71,24.92,24.42,21.89
2016-03-13T04:00,2016-03-13,4,23.67,24.57,23.31,24.21,22.81,21.85,24.34,24.67,24.08,21.14
2016-03-13T05:00,2016-03-13,5,23.31,24.18,22.93,23.8,22.17,21.39,24.06,24.47,23.86,20.86
2016-03-13T06:00,2016-03-13,6,23.06,23.87,22.66,23.58,21.77,21.09,23.75,24.21,23.58,20.95
2016-03-13T07:00,2016-03-13,7,23.42,24.3,23.47,24.02,21.88,21.96,24.05,24.39,23.59,21.13
2016-03-13T08:00,2016-03-13,8,26.03,26.9,26.57,26.51,25.27,25.44,26.62,26.55,25.86,23.08
2016-03-13T09:00,2016-03-13,9,28.29,29.41,28.62,28.61,27.48,27.11,29.0,28.8,28.0,25.46
2016-03-13T10:00,2016-03-13,10,30.19,31.29,30.29,30.6,29.54,28.57,30.84,30.8,29.86,27.71
2016-03-13T11:00,2016-03-13,11,31.72,32.56,31.69,32.25,31.32,30.02,32.35,32.48,31.39,29.7
2016-03-13T12:00,2016-03-13,12,32.75,33.57,32.39,33.41,32.56,31.33,33.43,33.54,32.45,30.44
2016-03-13T13:00,2016-03-13,13,32.05,32.58,32.71,33.41,31.1,31.26,32.37,33.45,31.12,29.85
2016-03-13T14:00,2016-03-13,14,32.18,32.2,32.95,33.51,31.29,31.5,32.76,33.49,31.45,30.63
2016-03-13T15:00,2016-03-13,15,32.06,32.04,32.79,33.37,31.27,31.14,32.89,33.36,31.01,30.88
2016-03-13T16:00,2016-03-13,16,31.62,31.79,32.16,32.88,30.84,30.85,32.52,32.97,30.07,30.55
2016-03-13T17:00,2016-03-13,17,30.8,31.12,31.01,31.92,30.04,29.98,31.71,32.23,29.23,29.76
2016-03-13T18:00,2016-03-13,18,29.4,29.7,29.29,30.25,28.62,28.48,30.39,30.77,28.23,28.59
2016-03-13T19:00,2016-03-13,19,28.12,28.4,28.01,28.92,27.26,27.23,29.05,29.46,27.1,27.3
2016-03-13T20:00,2016-03-13,20,27.19,27.39,27.32,27.94,26.44,26.41,28.02,28.58,26.11,26.47
2016-03-13T21:00,2016-03-13,21,26.42,26.54,26.79,27.0,25.59,25.35,27.21,27.96,25.48,25.95
2016-03-13T22:00,2016-03-13,22,25.72,25.76,26.41,26.15,24.8,24.37,26.51,27.35,24.96,25.34
2016-03-13T23:00,2016-03-13,23,25.1,25.13,26.0,25.42,24.26,23.6,26.07,26.33,24.44,24.62
2016-03-14T00:00,2016-03-14,0,24.51,24.62,25.6,24.85,23.68,22.93,25.17,25.46,23.8,24.2
2016-03-14T01:00,2016-03-14,1,23.75,23.71,25.26,24.05,22.68,22.22,24.29,25.08,22.92,23.76
2016-03-14T02:00,2016-03-14,2,23.32,23.18,25.02,23.61,22.11,22.0,23.88,24.8,22.5,23.35
2016-03-14T03:00,2016-03-14,3,22.91,22.73,24.68,23.11,21.81,21.31,23.36,24.43,22.27,23.04
2016-03-14T04:00,2016-03-14,4,22.45,22.18,24.43,22.53,21.47,20.83,22.69,24.0,21.95,22.7
2016-03-14T05:00,2016-03-14,5,22.14,22.04,24.11,22.15,21.26,20.26,22.11,23.64,21.71,22.33
2016-03-14T06:00,2016-03-14,6,21.81,21.79,23.7,21.72,20.74,20.04,21.75,23.18,21.6,21.92
2016-03-14T07:00,2016-03-14,7,22.11,21.97,24.12,22.17,21.37,20.63,22.12,23.46,21.79,21.86
2016-03-14T08:00,2016-03-14,8,24.69,25.16,26.44,24.84,24.16,23.97,25.01,25.69,23.47,23.27
2016-03-14T09:00,2016-03-14,9,26.8,27.37,29.01,27.14,26.15,25.93,27.01,27.86,25.42,25.07
2016-03-14T10:00,2016-03-14,10,28.53,28.9,31.14,29.13,27.58,27.42,28.46,29.59,27.42,26.96
2016-03-14T11:00,2016-03-14,11,29.86,30.19,32.68,30.49,29.22,28.7,29.61,30.66,28.8,28.3
2016-03-14T12:00,2016-03-14,12,30.92,31.21,33.73,31.45,30.49,29.65,30.76,31.51,30.1,29.25
2016-03-14T13:00,2016-03-14,13,30.9,31.51,34.02,31.93,30.67,30.5,30.76,31.89,28.21,28.83
2016-03-14T14:00,2016-03-14,14,31.0,31.71,34.02,32.21,30.36,30.99,30.88,32.29,28.05,28.71
2016-03-14T15:00,2016-03-14,15,30.77,31.34,33.7,32.04,29.05,29.92,31.08,32.32,28.83,28.44
2016-03-14T16:00,2016-03-14,16,30.37,30.89,33.06,31.63,28.43,28.58,30.66,32.04,28.94,28.49
2016-03-14T17:00,2016-03-14,17,29.66,30.1,31.83,30.82,27.93,28.28,30.05,31.24,28.55,27.67
2016-03-14T18:00,2016-03-14,18,28.36,28.83,30.27,29.37,26.77,27.18,29.09,29.96,27.44,25.81
2016-03-14T19:00,2016-03-14,19,27.01,27.57,29.08,28.22,25.37,25.79,27.82,28.72,26.16,23.82
2016-03-14T20:00,2016-03-14,20,25.94,26.34,28.2,27.14,24.38,24.92,26.82,27.69,24.81,22.97
2016-03-14T21:00,2016-03-14,21,25.0,25.38,27.27,25.83,23.7,23.97,25.97,26.82,23.84,22.31
2016-03-14T22:00,2016-03-14,22,24.2,24.34,26.5,25.09,23.01,23.09,25.22,26.12,23.07,21.81
2016-03-14T23:00,2016-03-14,23,23.53,23.6,25.85,24.55,22.27,22.28,24.38,25.51,22.43,21.42
2016-03-15T00:00,2016-03-15,0,22.96,23.16,25.2,23.9,21.12,21.4,23.89,24.88,21.98,21.11
2016-03-15T01:00,2016-03-15,1,22.33,22.34,24.49,22.83,20.63,20.6,23.3,24.08,21.77,21.05
2016-03-15T02:00,2016-03-15,2,21.97,22.02,24.03,22.27,20.52,20.2,22.86,23.62,21.54,20.71
2016-03-15T03:00,2016-03-15,3,21.7,21.92,23.53,21.81,20.61,19.91,22.71,23.32,21.11,20.29
2016-03-15T04:00,2016-03-15,4,21.41,21.9,23.19,21.36,19.48,19.73,22.42,23.14,20.86,19.88
2016-03-15T05:00,2016-03-15,5,20.95,21.1,22.97,20.91,19.33,19.51,22.05,22.94,20.27,19.65
2016-03-15T06:00,2016-03-15,6,20.47,20.24,22.64,20.49,19.26,19.24,21.75,22.6,19.78,19.34
2016-03-15T07:00,2016-03-15,7,21.06,20.96,23.26,21.17,20.36,20.3,21.76,22.9,20.24,19.65
2016-03-15T08:00,2016-03-15,8,24.15,24.48,25.96,24.71,23.37,23.3,24.6,25.65,22.97,22.42
2016-03-15T09:00,2016-03-15,9,26.5,26.71,28.96,27.17,25.71,25.38,26.85,27.76,25.24,24.96
2016-03-15T10:00,2016-03-15,10,28.27,28.34,31.16,28.88,27.17,26.98,28.54,29.39,27.06,27.23
2016-03-15T11:00,2016-03-15,11,29.65,29.66,32.68,30.22,28.64,28.2,29.83,30.58,28.51,28.9
2016-03-15T12:00,2016-03-15,12,30.7,30.69,33.51,31.17,30.02,29.27,30.72,31.44,29.74,30.07
2016-03-15T13:00,2016-03-15,13,31.68,31.71,34.11,31.9,31.32,30.44,31.83,32.18,31.04,30.77
2016-03-15T14:00,2016-03-15,14,32.05,32.16,34.04,32.19,31.48,30.89,32.32,32.63,31.54,31.17
2016-03-15T15:00,2016-03-15,15,32.06,32.15,33.75,32.21,31.58,30.71,32.39,32.65,31.65,31.32
2016-03-15T16:00,2016-03-15,16,31.74,31.95,32.96,31.85,31.3,30.4,32.17,32.33,31.37,30.97
2016-03-15T17:00,2016-03-15,17,31.09,31.37,31.77,31.15,30.69,29.82,31.56,31.85,30.79,30.34
2016-03-15T18:00,2016-03-15,18,29.65,29.99,29.87,29.79,29.01,28.34,30.51,30.68,29.24,28.78
2016-03-15T19:00,2016-03-15,19,28.24,28.66,28.49,28.54,27.46,27.03,29.24,29.24,27.78,26.96
2016-03-15T20:00,2016-03-15,20,27.17,27.57,27.53,27.5,26.41,26.2,28.19,27.95,26.57,25.87
2016-03-15T21:00,2016-03-15,21,26.24,26.61,26.83,26.59,25.44,25.16,27.32,26.96,25.58,25.01
2016-03-15T22:00,2016-03-15,22,25.47,25.8,26.27,25.61,24.69,24.11,26.67,26.32,24.81,24.38
2016-03-15T23:00,2016-03-15,23,24.83,25.09,25.69,24.8,23.87,23.62,26.17,25.84,24.19,23.78
2016-03-16T00:00,2016-03-16,0,24.17,24.4,24.93,24.04,23.12,22.72,25.55,25.45,23.56,23.48
2016-03-16T01:00,2016-03-16,1,23.59,24.3,24.09,23.39,22.3,21.83,24.67,24.95,22.7,22.91
2016-03-16T02:00,2016-03-16,2,23.07,23.6,23.44,23.1,21.62,21.56,24.04,24.6,22.18,22.59
2016-03-16T03:00,2016-03-16,3,22.81,23.37,23.31,22.99,21.22,21.33,23.59,24.3,21.88,22.33
2016-03-16T04:00,2016-03-16,4,22.47,22.96,23.27,22.77,20.94,20.8,23.23,24.11,21.5,21.93
2016-03-16T05:00,2016-03-16,5,22.14,22.62,22.5,22.94,20.52,20.17,22.87,24.06,21.01,21.71
2016-03-16T06:00,2016-03-16,6,21.83,22.2,22.05,22.77,20.18,19.89,22.73,23.92,20.61,21.47
2016-03-16T07:00,2016-03-16,7,22.2,22.25,23.35,23.09,20.93,20.77,23.02,24.1,20.93,21.62
2016-03-16T08:00,2016-03-16,8,24.18,23.64,26.61,24.44,23.45,23.48,24.8,25.11,23.9,23.48
2016-03-16T09:00,2016-03-16,9,26.14,25.54,28.72,26.01,26.06,24.77,26.72,26.53,26.44,25.56
2016-03-16T10:00,2016-03-16,10,27.86,27.46,30.0,27.6,28.21,26.13,27.75,28.56,28.42,27.45
2016-03-16T11:00,2016-03-16,11,29.19,28.92,31.16,28.56,29.75,27.5,28.65,29.91,29.82,29.11
2016-03-16T12:00,2016-03-16,12,30.22,30.14,32.14,29.38,30.7,28.69,29.76,30.01,30.82,30.28
2016-03-16T13:00,2016-03-16,13,30.95,31.09,32.12,29.91,31.3,29.14,31.14,31.32,31.37,30.81
2016-03-16T14:00,2016-03-16,14,31.46,31.66,32.31,30.63,31.66,30.01,31.76,31.68,31.79,31.23
2016-03-16T15:00,2016-03-16,15,31.54,31.72,32.06,30.87,31.64,30.11,31.98,31.77,31.88,31.3
2016-03-16T16:00,2016-03-16,16,31.09,31.32,31.07,30.68,31.28,29.76,31.54,30.55,31.58,30.97
2016-03-16T17:00,2016-03-16,17,30.24,30.42,30.12,29.85,30.46,28.93,30.81,29.39,30.83,30.17
2016-03-16T18:00,2016-03-16,18,28.81,29.03,28.83,28.62,28.6,27.69,29.79,28.12,29.13,28.33
2016-03-16T19:00,2016-03-16,19,27.32,27.47,27.77,27.29,26.92,26.21,28.44,27.25,27.39,26.4
2016-03-16T20:00,2016-03-16,20,26.08,26.18,26.93,26.31,25.64,24.74,27.06,26.52,25.78,25.18
2016-03-16T21:00,2016-03-16,21,25.16,25.34,26.29,25.57,24.39,23.63,26.03,25.93,24.48,24.39
2016-03-16T22:00,2016-03-16,22,24.35,24.54,25.79,24.85,23.18,22.67,25.22,25.58,23.38,23.69
2016-03-16T23:00,2016-03-16,23,23.69,23.95,25.39,24.34,22.21,22.09,24.46,25.26,22.29,23.03
2016-03-17T00:00,2016-03-17,0,23.14,23.57,25.04,23.95,21.23,21.54,23.86,25.0,21.34,22.41
2016-03-17T01:00,2016-03-17,1,22.75,23.24,24.7,24.15,20.63,20.35,23.78,25.1,20.68,21.53
2016-03-17T02:00,2016-03-17,2,22.25,22.72,24.24,23.83,20.1,19.85,23.44,24.89,20.01,20.73
2016-03-17T03:00,2016-03-17,3,21.84,22.33,24.48,23.46,19.68,19.51,22.86,24.74,19.43,19.89
2016-03-17T04:00,2016-03-17,4,21.39,21.86,23.41,23.16,19.67,19.23,22.12,24.52,19.51,19.0
2016-03-17T05:00,2016-03-17,5,20.88,21.4,22.67,22.67,18.92,18.94,21.59,23.69,19.22,18.42
2016-03-17T06:00,2016-03-17,6,20.41,20.96,22.63,22.28,18.32,18.57,21.35,22.88,18.34,17.94
2016-03-17T07:00,2016-03-17,7,20.81,21.23,23.62,22.96,19.03,19.65,21.61,22.73,18.43,18.06
2016-03-17T08:00,2016-03-17,8,23.78,24.57,24.81,24.75,22.78,23.47,24.1,24.11,22.52,21.73
2016-03-17T09:00,2016-03-17,9,26.45,27.41,26.18,26.77,25.95,26.06,26.74,26.32,26.03,24.72
2016-03-17T10:00,2016-03-17,10,28.48,29.37,27.58,28.78,28.06,27.82,28.87,28.6,28.3,27.11
2016-03-17T11:00,2016-03-17,11,29.92,30.58,29.21,30.14,29.53,29.1,30.27,30.21,29.78,28.98
2016-03-17T12:00,2016-03-17,12,30.95,31.49,30.7,31.23,30.53,30.06,31.27,31.15,30.72,30.18
2016-03-17T13:00,2016-03-17,13,31.6,31.91,32.65,31.84,30.95,30.62,31.92,31.55,31.27,30.84
2016-03-17T14:00,2016-03-17,14,31.95,32.27,32.6,32.2,31.4,31.06,32.28,31.78,31.71,31.33
2016-03-17T15:00,2016-03-17,15,31.98,32.27,32.35,32.26,31.4,31.06,32.34,31.88,31.85,31.41
2016-03-17T16:00,2016-03-17,16,31.7,32.04,31.53,31.98,31.14,30.72,32.15,31.57,31.69,31.26
2016-03-17T17:00,2016-03-17,17,30.97,31.27,30.61,31.24,30.36,29.77,31.63,31.02,31.04,30.59
2016-03-17T18:00,2016-03-17,18,29.55,29.84,29.06,29.79,28.86,27.98,30.42,29.87,29.66,29.26
2016-03-17T19:00,2016-03-17,19,27.77,27.94,27.59,28.08,26.98,25.96,28.84,28.35,27.79,27.43
2016-03-17T20:00,2016-03-17,20,26.2,26.06,26.72,26.59,25.49,24.34,27.67,27.28,25.88,25.75
2016-03-17T21:00,2016-03-17,21,24.9,24.56,25.98,25.29,24.38,22.93,26.74,26.56,24.23,24.17
2016-03-17T22:00,2016-03-17,22,23.92,23.7,25.45,24.18,23.34,21.76,25.92,25.82,23.07,22.76
2016-03-17T23:00,2016-03-17,23,23.06,22.86,24.86,23.24,22.55,21.12,25.13,24.72,22.13,21.63
2016-03-18T00:00,2016-03-18,0,22.36,22.02,24.31,22.46,21.69,21.38,24.17,24.22,21.53,20.83
2016-03-18T01:00,2016-03-18,1,21.37,21.05,23.82,21.7,20.47,20.68,22.13,23.98,20.2,20.13
2016-03-18T02:00,2016-03-18,2,20.94,20.54,23.53,21.14,19.72,20.27,21.82,23.75,20.04,19.62
2016-03-18T03:00,2016-03-18,3,20.5,19.98,23.18,20.51,18.99,19.71,21.56,23.59,19.87,19.27
2016-03-18T04:00,2016-03-18,4,20.14,19.54,22.81,19.98,18.55,18.64,21.41,23.53,20.01,18.89
2016-03-18T05:00,2016-03-18,5,19.81,19.15,22.39,19.47,18.68,17.2,21.33,23.46,19.66,18.96
2016-03-18T06:00,2016-03-18,6,19.5,18.84,21.86,19.03,18.95,16.8,21.11,23.37,19.05,18.77
2016-03-18T07:00,2016-03-18,7,20.07,19.61,22.43,19.96,19.21,18.39,21.85,23.76,18.82,18.91
2016-03-18T08:00,2016-03-18,8,23.99,23.96,26.16,24.33,23.06,22.82,25.06,25.93,23.09,22.34
2016-03-18T09:00,2016-03-18,9,27.04,27.01,29.18,27.46,26.5,25.83,27.4,27.63,26.69,25.85
2016-03-18T10:00,2016-03-18,10,29.17,29.2,31.03,29.51,28.78,27.78,29.18,29.1,29.19,28.38
2016-03-18T11:00,2016-03-18,11,30.61,30.64,32.27,30.83,30.3,29.16,30.61,30.43,30.71,30.05
2016-03-18T12:00,2016-03-18,12,31.57,31.57,33.06,31.74,31.34,30.24,31.62,31.3,31.71,31.15
2016-03-18T13:00,2016-03-18,13,32.07,32.13,33.37,32.32,31.86,30.81,32.02,31.79,32.3,31.47
2016-03-18T14:00,2016-03-18,14,32.42,32.53,33.44,32.66,32.28,31.18,32.23,31.93,32.78,31.96
2016-03-18T15:00,2016-03-18,15,32.44,32.6,33.11,32.67,32.37,31.23,32.17,31.61,32.96,32.14
2016-03-18T16:00,2016-03-18,16,32.1,32.24,32.37,32.27,32.16,30.92,31.97,31.13,32.78,31.93
2016-03-18T17:00,2016-03-18,17,31.29,31.55,31.03,31.48,31.43,30.01,30.94,30.26,32.15,31.21
2016-03-18T18:00,2016-03-18,18,29.81,30.11,29.05,29.96,30.18,28.29,29.47,29.15,30.76,29.79
2016-03-18T19:00,2016-03-18,19,28.17,28.39,27.61,28.53,28.43,26.19,28.15,28.19,28.91,27.91
2016-03-18T20:00,2016-03-18,20,26.79,27.18,26.81,27.4,26.14,24.38,27.17,27.44,27.09,25.97
2016-03-18T21:00,2016-03-18,21,25.79,26.29,26.32,26.56,24.82,23.0,26.5,26.9,25.86,24.26
2016-03-18T22:00,2016-03-18,22,25.1,25.69,25.77,25.88,23.93,22.12,26.01,26.47,25.07,23.25
2016-03-18T23:00,2016-03-18,23,24.55,25.15,25.42,25.44,23.34,21.42,25.56,25.98,24.33,22.71
2016-03-19T00:00,2016-03-19,0,24.07,24.64,24.85,25.13,23.03,20.92,25.17,25.59,23.57,22.22
2016-03-19T01:00,2016-03-19,1,23.68,24.51,24.38,24.46,22.45,20.27,25.14,25.12,23.01,21.73
2016-03-19T02:00,2016-03-19,2,23.28,24.13,24.23,24.01,21.88,20.11,24.8,24.8,22.24,21.36
2016-03-19T03:00,2016-03-19,3,22.69,23.66,22.6,23.57,20.72,19.7,24.57,24.56,21.44,21.15
2016-03-19T04:00,2016-03-19,4,22.36,23.2,22.24,23.45,20.01,19.95,24.34,24.32,20.98,20.88
2016-03-19T05:00,2016-03-19,5,22.09,22.73,22.0,23.17,19.65,20.11,24.21,24.09,20.78,20.66
2016-03-19T06:00,2016-03-19,6,21.93,22.52,21.76,23.2,19.53,19.64,24.13,23.93,20.7,20.42
2016-03-19T07:00,2016-03-19,7,22.55,23.04,22.97,23.81,20.1,20.37,24.66,24.63,21.3,20.91
2016-03-19T08:00,2016-03-19,8,24.62,24.52,26.71,25.93,21.8,22.65,26.47,26.89,23.62,23.09
2016-03-19T09:00,2016-03-19,9,26.56,26.34,28.92,27.64,23.76,24.63,28.23,28.54,26.03,25.17
2016-03-19T10:00,2016-03-19,10,28.13,27.81,30.63,28.97,25.49,26.0,29.24,29.88,27.99,27.4
2016-03-19T11:00,2016-03-19,11,29.43,29.33,31.79,30.11,27.19,26.21,30.24,30.58,29.52,29.17
2016-03-19T12:00,2016-03-19,12,30.3,30.0,32.74,30.9,28.33,26.35,31.09,31.28,30.68,30.57
2016-03-19T13:00,2016-03-19,13,30.77,30.41,31.76,30.69,29.9,29.49,31.28,30.77,31.15,31.47
2016-03-19T14:00,2016-03-19,14,30.78,30.62,31.29,30.41,29.57,28.01,31.27,30.75,31.96,32.01
2016-03-19T15:00,2016-03-19,15,30.8,30.84,30.91,30.57,29.53,27.52,30.86,30.3,32.34,32.29
2016-03-19T16:00,2016-03-19,16,30.17,29.93,30.14,30.52,29.34,26.53,29.35,29.94,32.0,32.1
2016-03-19T17:00,2016-03-19,17,29.11,28.13,29.27,30.1,28.46,24.76,28.81,29.73,31.1,31.25
2016-03-19T18:00,2016-03-19,18,27.61,26.43,28.17,28.96,25.58,23.34,27.49,28.89,29.68,29.89
2016-03-19T19:00,2016-03-19,19,26.29,25.41,27.18,27.79,23.82,22.2,26.3,27.97,27.48,28.18
2016-03-19T20:00,2016-03-19,20,25.38,24.73,26.4,26.81,22.73,21.73,25.91,27.38,25.97,26.57
2016-03-19T21:00,2016-03-19,21,24.75,24.37,25.9,25.81,22.11,21.64,25.67,27.07,24.8,25.28
2016-03-19T22:00,2016-03-19,22,24.1,23.59,25.48,24.55,21.73,21.43,25.38,26.74,24.12,24.47
2016-03-19T23:00,2016-03-19,23,23.55,22.92,25.08,23.53,21.36,21.21,25.16,26.54,23.58,23.82
2016-03-20T00:00,2016-03-20,0,23.0,22.26,24.76,22.48,20.98,20.82,24.97,26.15,23.17,23.09
2016-03-20T01:00,2016-03-20,1,23.09,22.77,23.82,23.51,20.95,20.7,25.09,25.62,23.06,22.55
2016-03-20T02:00,2016-03-20,2,22.89,22.66,23.73,23.07,20.92,20.36,25.01,25.48,22.91,22.07
2016-03-20T03:00,2016-03-20,3,22.52,22.25,23.1,22.64,20.59,20.07,24.79,25.17,22.64,21.69
2016-03-20T04:00,2016-03-20,4,22.36,22.05,22.85,22.42,20.49,19.92,24.64,25.05,22.59,21.57
2016-03-20T05:00,2016-03-20,5,22.25,21.85,22.84,22.28,20.45,19.73,24.6,25.04,22.49,21.5
2016-03-20T06:00,2016-03-20,6,22.18,21.75,22.8,21.98,20.48,19.82,24.63,24.94,22.42,21.52
2016-03-20T07:00,2016-03-20,7,22.38,21.84,23.71,21.81,20.71,20.04,24.86,25.05,22.64,21.85
2016-03-20T08:00,2016-03-20,8,23.17,22.34,26.14,22.12,21.51,20.63,25.54,25.4,23.61,22.79
2016-03-20T09:00,2016-03-20,9,24.1,22.92,27.58,22.95,22.71,21.86,26.4,25.75,24.48,24.39
2016-03-20T10:00,2016-03-20,10,25.08,23.58,29.05,23.8,24.01,23.23,27.3,26.07,25.5,25.86
2016-03-20T11:00,2016-03-20,11,26.13,24.18,30.19,24.97,25.48,24.95,28.26,26.27,26.73,27.47
2016-03-20T12:00,2016-03-20,12,26.84,24.65,31.38,25.73,26.74,26.08,28.64,25.7,27.76,28.31
2016-03-20T13:00,2016-03-20,13,29.19,28.5,31.74,29.83,28.95,28.47,28.57,27.66,30.04,29.3
2016-03-20T14:00,2016-03-20,14,29.47,28.86,31.19,29.13,29.47,28.79,29.37,28.29,30.54,29.93
2016-03-20T15:00,2016-03-20,15,29.51,28.91,30.52,28.61,29.63,29.02,29.76,28.92,30.64,30.27
2016-03-20T16:00,2016-03-20,16,29.37,28.88,29.45,28.36,29.51,28.71,29.94,29.26,30.39,30.31
2016-03-20T17:00,2016-03-20,17,28.91,28.66,28.78,28.01,28.95,27.95,29.7,29.0,29.61,29.63
2016-03-20T18:00,2016-03-20,18,27.87,27.7,27.75,27.27,27.63,26.76,28.73,28.04,28.51,28.26
2016-03-20T19:00,2016-03-20,19,26.59,26.4,26.86,26.36,26.36,25.3,27.52,27.01,27.29,26.11
2016-03-20T20:00,2016-03-20,20,25.76,25.75,26.18,25.53,25.37,24.31,26.84,26.41,26.45,24.63
2016-03-20T21:00,2016-03-20,21,25.18,25.29,25.63,25.03,24.66,23.69,26.41,25.96,25.81,23.64
2016-03-20T22:00,2016-03-20,22,24.69,24.94,25.24,24.58,23.67,23.14,25.92,25.69,25.4,22.88
2016-03-20T23:00,2016-03-20,23,24.23,24.58,24.89,24.39,22.63,22.24,25.52,25.39,24.9,22.29
2016-03-21T00:00,2016-03-21,0,23.79,24.13,24.43,24.1,22.14,21.69,25.09,25.14,24.42,21.82
2016-03-21T01:00,2016-03-21,1,23.62,23.97,24.44,24.09,21.82,21.02,25.11,25.35,23.56,22.11
2016-03-21T02:00,2016-03-21,2,23.38,23.68,24.39,23.81,21.62,20.93,24.91,25.38,23.13,21.77
2016-03-21T03:00,2016-03-21,3,23.18,23.42,24.26,23.59,21.57,20.81,24.83,25.36,22.75,21.56
2016-03-21T04:00,2016-03-21,4,23.1,23.4,23.51,23.59,21.58,20.86,24.91,25.49,22.48,21.55
2016-03-21T05:00,2016-03-21,5,23.15,23.68,23.04,23.62,21.63,20.88,25.05,25.67,22.4,21.55
2016-03-21T06:00,2016-03-21,6,23.16,23.65,23.12,23.48,21.73,20.94,25.12,25.67,22.39,21.56
2016-03-21T07:00,2016-03-21,7,23.52,24.17,23.34,23.6,21.96,21.09,25.53,25.98,23.05,21.81
2016-03-21T08:00,2016-03-21,8,24.44,25.0,24.14,24.13,22.18,21.42,26.62,27.47,25.01,22.68
2016-03-21T09:00,2016-03-21,9,25.65,26.31,25.32,24.67,22.39,21.95,28.47,28.93,27.18,23.63
2016-03-21T10:00,2016-03-21,10,27.19,27.94,26.69,26.12,22.91,22.36,30.51,30.4,29.49,25.21
2016-03-21T11:00,2016-03-21,11,28.51,29.08,27.63,27.2,24.03,23.03,32.4,31.32,31.71,26.77
2016-03-21T12:00,2016-03-21,12,30.0,30.42,29.51,28.81,25.54,23.18,33.93,32.35,33.67,28.67
2016-03-21T13:00,2016-03-21,13,30.94,31.63,31.3,29.87,26.33,23.98,34.16,32.75,34.21,29.8
2016-03-21T14:00,2016-03-21,14,31.72,32.37,31.5,30.91,27.41,25.25,34.36,32.99,34.69,31.54
2016-03-21T15:00,2016-03-21,15,31.96,32.35,31.52,31.0,28.3,26.13,34.33,32.52,34.84,32.68
2016-03-21T16:00,2016-03-21,16,31.0,29.98,30.51,29.87,28.05,26.62,33.8,31.3,34.61,32.96
2016-03-21T17:00,2016-03-21,17,30.06,28.72,29.67,28.76,27.43,26.45,32.57,30.57,33.68,32.44
2016-03-21T18:00,2016-03-21,18,28.52,27.34,28.36,27.25,26.15,25.5,30.79,28.97,31.67,30.54
2016-03-21T19:00,2016-03-21,19,26.98,25.93,27.38,25.9,24.74,23.98,29.14,27.52,29.75,28.33
2016-03-21T20:00,2016-03-21,20,25.9,25.15,26.68,25.19,23.85,23.0,27.93,26.49,27.92,26.62
2016-03-21T21:00,2016-03-21,21,25.2,24.64,26.23,24.83,23.26,22.73,27.15,26.06,26.41,25.3
2016-03-21T22:00,2016-03-21,22,24.63,24.29,25.53,24.65,22.9,22.37,26.5,25.91,25.17,24.28
2016-03-21T23:00,2016-03-21,23,24.2,24.06,25.39,24.45,22.67,21.81,25.94,25.87,24.39,23.06
2016-03-22T00:00,2016-03-22,0,23.85,23.89,25.06,24.3,22.46,21.49,25.47,25.86,23.77,22.16
2016-03-22T01:00,2016-03-22,1,23.93,24.52,25.42,24.91,22.08,21.24,25.3,25.79,23.21,21.66
2016-03-22T02:00,2016-03-22,2,23.73,24.46,25.29,24.91,21.89,21.09,25.15,25.66,22.61,21.15
2016-03-22T03:00,2016-03-22,3,23.44,24.27,25.11,24.83,21.56,20.92,24.9,25.6,22.04,20.39
2016-03-22T04:00,2016-03-22,4,23.24,24.26,25.08,24.71,21.51,20.74,24.72,25.59,21.53,19.6
2016-03-22T05:00,2016-03-22,5,22.99,24.21,24.49,24.75,21.43,20.36,24.58,25.44,20.97,18.91
2016-03-22T06:00,2016-03-22,6,22.75,24.15,23.76,24.76,21.37,20.1,24.43,25.34,20.39,18.41
2016-03-22T07:00,2016-03-22,7,23.17,24.61,24.18,25.15,21.87,19.98,24.76,25.95,20.84,19.05
2016-03-22T08:00,2016-03-22,8,25.06,26.07,25.35,26.28,23.73,20.5,26.53,27.48,24.67,22.4
2016-03-22T09:00,2016-03-22,9,27.04,27.81,26.97,27.44,25.5,21.4,28.9,28.92,27.96,25.46
2016-03-22T10:00,2016-03-22,10,28.9,29.78,28.59,28.84,27.44,22.35,31.01,30.32,30.24,27.68
2016-03-22T11:00,2016-03-22,11,30.53,31.55,30.05,30.25,29.31,23.95,32.66,31.56,31.81,29.5
2016-03-22T12:00,2016-03-22,12,31.74,32.79,30.81,31.35,30.89,25.27,33.74,32.6,33.05,30.98
2016-03-22T13:00,2016-03-22,13,32.43,33.09,31.49,31.53,32.0,29.21,34.15,32.58,33.66,31.59
2016-03-22T14:00,2016-03-22,14,32.85,33.4,31.74,31.85,32.52,29.84,34.48,32.86,34.26,32.31
2016-03-22T15:00,2016-03-22,15,32.92,33.48,31.51,31.92,32.54,30.02,34.52,32.72,34.43,32.59
2016-03-22T16:00,2016-03-22,16,32.44,33.15,30.52,31.21,32.14,29.63,34.26,31.43,34.03,32.43
2016-03-22T17:00,2016-03-22,17,31.39,31.91,29.43,30.25,30.8,28.77,33.42,30.66,32.88,31.63
2016-03-22T18:00,2016-03-22,18,29.6,29.91,28.2,28.6,28.8,26.9,31.82,29.34,30.81,29.78
2016-03-22T19:00,2016-03-22,19,27.76,27.96,27.12,27.24,26.5,25.03,29.68,28.07,28.75,27.75
2016-03-22T20:00,2016-03-22,20,26.44,26.78,26.52,26.41,24.62,23.51,28.29,27.32,27.03,25.67
2016-03-22T21:00,2016-03-22,21,25.49,26.0,25.93,25.72,23.24,22.52,27.3,26.76,25.72,24.3
2016-03-22T22:00,2016-03-22,22,24.72,25.45,25.38,25.18,22.29,21.88,26.57,26.32,24.58,22.76
2016-03-22T23:00,2016-03-22,23,24.01,25.03,24.99,24.74,21.39,21.42,25.95,25.92,23.32,21.11
2016-03-23T00:00,2016-03-23,0,23.42,24.56,24.72,24.48,21.04,20.97,25.38,25.56,21.99,20.04
2016-03-23T01:00,2016-03-23,1,22.91,23.86,24.51,24.05,19.78,20.49,24.72,25.26,21.83,19.86
2016-03-23T02:00,2016-03-23,2,22.34,23.34,24.47,23.86,19.51,20.44,24.27,25.04,19.64,19.32
2016-03-23T03:00,2016-03-23,3,21.9,22.99,24.31,23.68,19.31,19.85,23.92,24.89,18.64,18.49
2016-03-23T04:00,2016-03-23,4,21.65,22.72,24.36,23.72,19.07,19.75,23.57,24.77,18.18,17.89
2016-03-23T05:00,2016-03-23,5,21.47,22.5,24.24,23.87,18.87,19.62,23.36,24.72,17.92,17.42
2016-03-23T06:00,2016-03-23,6,21.3,22.39,24.12,24.04,18.65,19.48,23.14,24.69,17.65,16.83
2016-03-23T07:00,2016-03-23,7,21.99,23.23,24.73,24.58,19.58,19.89,23.73,25.37,18.12,17.72
2016-03-23T08:00,2016-03-23,8,24.36,25.29,26.37,25.45,22.75,21.15,25.92,27.0,22.6,21.46
2016-03-23T09:00,2016-03-23,9,26.58,27.27,27.9,26.84,25.25,22.44,28.15,28.58,26.47,24.57
2016-03-23T10:00,2016-03-23,10,28.5,29.13,29.31,28.25,27.33,24.02,30.06,29.78,29.23,27.06
2016-03-23T11:00,2016-03-23,11,30.03,30.66,30.62,29.63,29.0,25.07,31.62,30.88,31.08,29.06
2016-03-23T12:00,2016-03-23,12,31.15,31.81,31.43,30.56,30.41,25.85,32.77,31.8,32.22,30.54
2016-03-23T13:00,2016-03-23,13,31.61,32.33,30.76,30.92,31.19,27.41,33.43,31.97,32.51,31.18
2016-03-23T14:00,2016-03-23,14,31.95,32.55,31.19,31.26,31.41,27.87,33.77,32.48,32.83,31.61
2016-03-23T15:00,2016-03-23,15,32.02,32.58,31.24,31.41,31.47,28.18,33.79,32.16,32.91,31.81
2016-03-23T16:00,2016-03-23,16,31.69,32.35,30.22,31.03,31.14,27.79,33.6,31.87,32.67,31.66
2016-03-23T17:00,2016-03-23,17,30.89,31.59,29.21,30.18,30.07,27.1,32.9,30.92,31.83,31.12
2016-03-23T18:00,2016-03-23,18,29.5,30.06,28.12,28.99,28.2,25.8,31.52,29.73,30.38,29.83
2016-03-23T19:00,2016-03-23,19,27.6,27.84,27.21,27.58,25.63,24.3,29.52,28.43,28.2,27.73
2016-03-23T20:00,2016-03-23,20,25.83,25.43,26.49,26.23,23.72,23.49,28.18,27.45,25.8,25.71
2016-03-23T21:00,2016-03-23,21,24.52,24.12,25.84,24.98,22.55,22.47,26.95,26.79,23.84,23.84
2016-03-23T22:00,2016-03-23,22,23.56,23.29,25.24,24.12,21.85,21.67,25.01,26.29,22.6,22.91
2016-03-23T23:00,2016-03-23,23,22.86,22.74,24.63,23.45,21.33,21.12,23.38,25.91,21.81,22.33
2016-03-24T00:00,2016-03-24,0,22.38,22.39,24.27,23.13,20.9,20.44,22.51,25.73,21.09,21.92
2016-03-24T01:00,2016-03-24,1,21.92,21.82,24.06,22.98,20.28,19.84,22.36,25.36,20.32,21.35
2016-03-24T02:00,2016-03-24,2,21.55,21.47,24.06,22.71,19.8,19.28,22.16,25.08,19.61,20.87
2016-03-24T03:00,2016-03-24,3,21.16,21.28,23.84,22.46,19.36,18.7,21.57,24.78,18.98,20.34
2016-03-24T04:00,2016-03-24,4,20.78,21.15,23.69,22.14,18.97,18.19,20.83,24.18,18.39,19.82
2016-03-24T05:00,2016-03-24,5,20.52,20.99,23.42,22.0,18.71,17.83,20.65,24.17,17.87,19.37
2016-03-24T06:00,2016-03-24,6,20.36,20.85,23.41,21.84,18.53,17.61,20.63,24.33,17.49,19.02
2016-03-24T07:00,2016-03-24,7,21.25,21.64,24.4,23.17,19.43,19.12,21.23,24.83,18.24,19.82
2016-03-24T08:00,2016-03-24,8,24.29,24.39,25.95,26.24,22.88,22.89,24.64,26.32,22.71,22.8
2016-03-24T09:00,2016-03-24,9,26.74,26.76,28.29,28.12,25.57,25.28,27.42,27.96,25.83,25.4
2016-03-24T10:00,2016-03-24,10,28.92,29.04,30.27,29.81,27.67,27.06,29.87,29.69,28.53,27.64
2016-03-24T11:00,2016-03-24,11,30.62,30.8,31.75,31.07,29.24,28.34,31.87,31.27,30.66,29.51
2016-03-24T12:00,2016-03-24,12,31.76,31.97,32.8,31.94,30.34,29.19,33.22,32.4,31.96,30.77
2016-03-24T13:00,2016-03-24,13,32.29,32.62,32.76,32.53,30.92,29.79,33.69,33.15,32.33,31.49
2016-03-24T14:00,2016-03-24,14,32.54,32.91,32.31,32.7,31.27,30.04,34.04,33.5,32.68,31.94
2016-03-24T15:00,2016-03-24,15,32.51,32.86,32.06,32.52,31.29,29.91,34.09,33.52,32.75,32.07
2016-03-24T16:00,2016-03-24,16,32.24,32.57,31.73,32.2,31.09,29.44,33.84,33.34,32.53,31.91
2016-03-24T17:00,2016-03-24,17,31.52,31.82,30.97,31.32,30.43,28.35,33.27,32.63,31.92,31.39
2016-03-24T18:00,2016-03-24,18,30.02,30.28,29.36,29.79,28.78,26.65,31.91,31.05,30.43,30.2
2016-03-24T19:00,2016-03-24,19,28.08,28.21,27.97,27.9,26.85,24.6,29.85,29.37,28.32,28.4
2016-03-24T20:00,2016-03-24,20,26.64,26.6,27.19,26.6,25.54,23.31,28.26,28.22,26.55,26.89
2016-03-24T21:00,2016-03-24,21,25.47,25.4,26.7,25.36,24.01,22.74,26.93,27.36,25.18,25.42
2016-03-24T22:00,2016-03-24,22,24.37,24.38,26.23,24.03,22.3,21.94,25.72,26.53,24.04,24.15
2016-03-24T23:00,2016-03-24,23,23.54,23.45,25.82,23.04,21.19,21.64,24.9,26.16,23.07,23.18
2016-03-25T00:00,2016-03-25,0,22.89,22.65,25.36,22.35,20.65,21.5,24.18,26.0,22.19,22.52
2016-03-25T01:00,2016-03-25,1,22.36,22.18,24.93,22.17,20.34,19.48,23.89,25.75,21.77,21.59
2016-03-25T02:00,2016-03-25,2,21.83,21.72,24.48,21.8,19.85,18.91,23.17,24.68,21.3,21.12
2016-03-25T03:00,2016-03-25,3,21.3,21.28,24.13,21.38,19.36,18.51,22.57,23.32,20.7,20.47
2016-03-25T04:00,2016-03-25,4,20.8,20.84,23.74,20.91,19.0,18.27,22.21,22.3,20.09,19.67
2016-03-25T05:00,2016-03-25,5,20.45,20.47,23.41,20.44,18.71,18.48,21.93,22.07,19.64,19.11
2016-03-25T06:00,2016-03-25,6,20.11,19.98,22.97,20.01,18.14,18.83,21.49,22.1,19.52,18.75
2016-03-25T07:00,2016-03-25,7,21.26,21.09,23.89,21.57,19.61,19.89,22.13,23.65,20.6,19.95
2016-03-25T08:00,2016-03-25,8,25.2,25.17,27.41,25.52,24.12,23.43,25.79,26.55,24.48,24.59
2016-03-25T09:00,2016-03-25,9,28.1,28.04,30.27,28.35,26.98,26.03,28.54,28.74,27.74,27.95
2016-03-25T10:00,2016-03-25,10,30.16,30.04,32.24,30.38,29.0,27.91,30.74,30.68,29.99,30.19
2016-03-25T11:00,2016-03-25,11,31.61,31.53,33.66,31.71,30.48,29.34,32.28,32.1,31.46,31.56
2016-03-25T12:00,2016-03-25,12,32.66,32.63,34.61,32.61,31.51,30.44,33.37,33.17,32.61,32.56
2016-03-25T13:00,2016-03-25,13,33.15,33.11,34.99,33.13,32.0,31.16,33.86,33.66,33.02,33.03
2016-03-25T14:00,2016-03-25,14,33.52,33.52,35.08,33.35,32.49,31.5,34.28,34.06,33.5,33.45
2016-03-25T15:00,2016-03-25,15,33.52,33.55,34.66,33.26,32.55,31.39,34.35,34.07,33.63,33.57
2016-03-25T16:00,2016-03-25,16,33.2,33.26,33.71,32.89,32.34,30.91,34.2,33.79,33.5,33.39
2016-03-25T17:00,2016-03-25,17,32.41,32.48,32.28,31.92,31.54,29.71,33.72,33.1,32.97,32.88
2016-03-25T18:00,2016-03-25,18,30.93,31.02,30.14,30.36,30.05,27.89,32.58,31.68,31.7,31.58
2016-03-25T19:00,2016-03-25,19,29.15,29.16,28.62,28.47,28.3,26.21,31.07,29.75,29.73,29.86
2016-03-25T20:00,2016-03-25,20,27.68,27.67,27.65,27.11,26.6,24.79,29.5,28.27,28.11,28.3
2016-03-25T21:00,2016-03-25,21,26.57,26.53,26.89,26.18,25.36,23.43,28.3,27.27,27.09,26.97
2016-03-25T22:00,2016-03-25,22,25.64,25.49,26.04,25.68,24.23,22.57,27.4,26.58,26.29,25.63
2016-03-25T23:00,2016-03-25,23,25.01,24.88,25.03,25.26,24.21,22.14,26.68,26.03,25.68,24.46
2016-03-26T00:00,2016-03-26,0,24.21,24.22,23.9,24.34,22.89,21.11,26.04,25.49,25.1,23.59
2016-03-26T01:00,2016-03-26,1,23.61,23.59,23.99,22.93,21.5,20.72,25.71,24.96,24.8,23.25
2016-03-26T02:00,2016-03-26,2,23.31,23.34,24.38,22.45,21.17,19.21,25.26,24.47,24.54,23.41
2016-03-26T03:00,2016-03-26,3,22.98,23.0,24.02,21.98,21.02,18.67,24.8,24.56,24.11,23.36
2016-03-26T04:00,2016-03-26,4,22.67,22.73,23.76,21.53,20.58,18.47,24.34,24.56,23.83,23.04
2016-03-26T05:00,2016-03-26,5,22.42,22.5,23.58,21.43,20.6,18.27,23.97,24.64,23.56,22.27
2016-03-26T06:00,2016-03-26,6,22.29,22.34,23.4,21.55,20.78,18.03,23.7,24.48,23.39,22.09
2016-03-26T07:00,2016-03-26,7,23.29,23.55,24.27,22.75,21.98,19.83,24.29,24.85,24.11,22.79
2016-03-26T08:00,2016-03-26,8,26.11,26.28,27.18,26.38,24.61,24.12,26.92,27.09,26.09,25.52
2016-03-26T09:00,2016-03-26,9,28.44,28.69,29.98,28.94,26.39,26.27,29.24,29.13,28.17,27.93
2016-03-26T10:00,2016-03-26,10,30.38,30.66,32.04,30.82,28.61,28.04,31.39,30.82,29.98,29.84
2016-03-26T11:00,2016-03-26,11,31.55,31.72,33.44,31.83,29.85,29.19,32.98,32.02,31.33,30.6
2016-03-26T12:00,2016-03-26,12,32.23,32.12,34.29,32.53,30.48,30.02,34.14,33.02,32.3,30.71
2016-03-26T13:00,2016-03-26,13,32.41,32.39,33.85,32.26,31.27,30.5,34.35,33.29,32.55,30.94
2016-03-26T14:00,2016-03-26,14,32.73,32.81,33.72,32.57,31.39,30.59,34.68,33.53,33.28,31.14
2016-03-26T15:00,2016-03-26,15,32.72,32.89,33.16,32.53,31.32,30.36,34.74,33.6,33.76,30.88
2016-03-26T16:00,2016-03-26,16,32.51,32.81,32.27,32.39,31.4,29.89,34.48,33.16,33.69,30.84
2016-03-26T17:00,2016-03-26,17,31.87,32.33,30.97,31.92,31.05,29.04,33.56,32.14,33.02,30.54
2016-03-26T18:00,2016-03-26,18,30.56,31.02,29.28,30.64,29.72,27.59,32.31,30.48,31.85,29.62
2016-03-26T19:00,2016-03-26,19,29.07,29.5,27.85,29.15,28.23,25.93,30.65,28.89,30.33,28.51
2016-03-26T20:00,2016-03-26,20,28.04,28.58,27.03,27.79,27.09,24.94,29.58,27.74,29.29,27.58
2016-03-26T21:00,2016-03-26,21,27.27,27.85,26.46,26.75,26.44,24.34,28.62,26.8,28.42,26.98
2016-03-26T22:00,2016-03-26,22,26.69,27.35,25.94,26.05,25.88,23.85,27.89,26.12,27.9,26.41
2016-03-26T23:00,2016-03-26,23,25.99,26.68,25.25,25.27,25.21,22.92,27.03,25.57,27.28,25.75
2016-03-27T00:00,2016-03-27,0,25.44,26.14,24.67,24.65,24.82,22.59,26.29,25.17,26.73,25.23
2016-03-27T01:00,2016-03-27,1,24.93,25.54,23.94,24.08,24.34,22.15,25.82,24.76,26.31,24.92
2016-03-27T02:00,2016-03-27,2,24.52,25.06,23.7,23.67,23.92,21.97,25.35,24.52,25.77,24.54
2016-03-27T03:00,2016-03-27,3,24.27,24.78,23.49,23.36,24.0,21.78,25.02,24.33,25.37,24.32
2016-03-27T04:00,2016-03-27,4,24.01,24.41,23.26,23.17,23.78,21.74,24.77,24.17,25.02,24.06
2016-03-27T05:00,2016-03-27,5,23.73,24.08,23.08,23.03,23.42,21.68,24.57,24.04,24.47,23.81
2016-03-27T06:00,2016-03-27,6,23.62,23.9,23.03,22.99,23.27,21.91,24.51,24.04,24.15,23.68
2016-03-27T07:00,2016-03-27,7,24.38,24.68,24.16,24.13,23.93,22.61,25.18,24.88,24.6,24.14
2016-03-27T08:00,2016-03-27,8,26.17,26.14,26.44,26.32,25.23,24.69,27.34,26.96,26.13,25.9
2016-03-27T09:00,2016-03-27,9,27.63,27.38,28.32,27.88,26.01,25.34,29.24,28.74,27.94,27.46
2016-03-27T10:00,2016-03-27,10,29.22,29.05,30.08,29.56,27.51,26.23,31.0,30.34,29.57,28.92
2016-03-27T11:00,2016-03-27,11,30.38,30.36,31.18,30.75,28.38,26.7,32.58,31.44,30.6,30.09
2016-03-27T12:00,2016-03-27,12,31.34,31.67,31.82,31.76,29.31,27.53,33.46,31.96,31.38,31.04
2016-03-27T13:00,2016-03-27,13,31.56,32.45,31.31,32.29,30.7,29.31,32.85,31.75,30.78,30.17
2016-03-27T14:00,2016-03-27,14,31.62,32.77,31.09,32.28,30.85,29.45,33.33,31.57,31.09,29.19
2016-03-27T15:00,2016-03-27,15,31.37,32.65,30.6,31.91,30.88,29.79,33.13,31.0,31.05,28.24
2016-03-27T16:00,2016-03-27,16,30.58,32.14,29.85,31.34,30.35,29.62,31.54,30.61,30.27,26.43
2016-03-27T17:00,2016-03-27,17,29.25,31.04,28.71,30.35,28.68,28.66,30.91,29.84,27.26,24.94
2016-03-27T18:00,2016-03-27,18,27.76,29.13,27.39,29.22,26.18,27.47,30.03,28.92,25.3,24.19
2016-03-27T19:00,2016-03-27,19,26.38,26.93,26.32,28.07,24.56,26.35,28.89,28.05,24.18,23.61
2016-03-27T20:00,2016-03-27,20,25.53,25.6,25.68,27.28,23.96,25.59,27.72,27.47,23.77,23.16
2016-03-27T21:00,2016-03-27,21,25.04,25.24,25.11,26.74,23.46,24.89,26.72,27.24,23.66,22.52
2016-03-27T22:00,2016-03-27,22,24.73,25.1,24.61,26.32,23.23,24.22,26.29,26.9,23.45,22.2
2016-03-27T23:00,2016-03-27,23,24.45,24.93,24.05,25.97,23.01,23.72,26.1,26.69,23.12,22.04
2016-03-28T00:00,2016-03-28,0,24.3,24.97,23.88,25.68,22.54,23.35,25.99,26.39,22.93,21.96
2016-03-28T01:00,2016-03-28,1,24.4,25.29,23.7,25.22,22.97,23.26,26.05,25.95,23.62,21.93
2016-03-28T02:00,2016-03-28,2,24.2,24.94,23.69,24.9,22.83,22.86,25.8,25.78,23.76,21.79
2016-03-28T03:00,2016-03-28,3,24.04,24.78,23.39,24.58,22.78,22.79,25.61,25.67,23.7,21.67
2016-03-28T04:00,2016-03-28,4,23.97,24.74,23.26,24.46,22.7,22.53,25.55,25.58,23.73,21.63
2016-03-28T05:00,2016-03-28,5,23.86,24.63,23.12,24.42,22.41,22.34,25.54,25.41,23.83,21.37
2016-03-28T06:00,2016-03-28,6,23.87,24.71,23.19,24.48,22.16,22.21,25.57,25.36,23.97,21.22
2016-03-28T07:00,2016-03-28,7,24.42,25.29,24.33,25.34,21.97,22.91,26.24,26.09,24.5,21.14
2016-03-28T08:00,2016-03-28,8,25.59,26.52,26.49,27.02,22.17,23.72,27.9,27.81,25.29,21.3
2016-03-28T09:00,2016-03-28,9,26.75,27.8,28.3,28.55,23.17,24.73,29.15,28.99,26.0,21.9
2016-03-28T10:00,2016-03-28,10,27.49,28.55,29.48,29.51,23.71,25.42,30.22,30.14,26.1,22.35
2016-03-28T11:00,2016-03-28,11,27.95,28.9,30.39,30.4,24.29,25.96,30.37,31.22,25.68,23.11
2016-03-28T12:00,2016-03-28,12,28.06,28.52,30.99,31.14,24.77,26.39,30.21,31.68,25.19,23.74
2016-03-28T13:00,2016-03-28,13,28.01,27.05,30.77,29.67,25.36,25.32,31.02,31.66,27.11,26.02
2016-03-28T14:00,2016-03-28,14,27.87,26.9,30.45,29.17,25.9,24.33,30.96,30.06,27.73,26.4
2016-03-28T15:00,2016-03-28,15,27.78,27.29,30.29,27.68,26.37,23.61,30.52,28.29,28.51,26.94
2016-03-28T16:00,2016-03-28,16,27.66,27.75,29.56,25.75,26.62,23.23,30.21,27.88,28.89,27.44
2016-03-28T17:00,2016-03-28,17,27.45,27.76,28.56,25.48,26.33,23.38,29.86,27.81,28.73,27.3
2016-03-28T18:00,2016-03-28,18,26.62,26.98,27.62,25.2,25.38,23.1,28.76,26.75,27.86,25.95
2016-03-28T19:00,2016-03-28,19,25.54,25.88,26.9,24.8,24.28,22.69,27.44,26.22,26.28,23.94
2016-03-28T20:00,2016-03-28,20,24.79,25.07,26.31,24.54,23.53,22.37,26.5,25.87,25.11,22.93
2016-03-28T21:00,2016-03-28,21,24.32,24.58,25.87,24.47,23.02,22.18,26.01,25.74,24.3,22.11
2016-03-28T22:00,2016-03-28,22,23.92,24.19,25.46,24.32,22.5,21.9,25.67,25.59,23.66,21.52
2016-03-28T23:00,2016-03-28,23,23.59,23.84,25.18,23.94,22.18,21.69,25.54,25.47,23.07,21.13
2016-03-29T00:00,2016-03-29,0,23.36,23.64,24.78,23.73,22.16,21.47,25.35,25.4,22.85,20.68
2016-03-29T01:00,2016-03-29,1,22.69,22.77,23.41,22.72,21.53,21.21,24.66,25.02,22.1,21.07
2016-03-29T02:00,2016-03-29,2,22.48,22.4,22.83,22.78,21.6,21.11,24.48,24.97,21.88,20.93
2016-03-29T03:00,2016-03-29,3,22.35,22.27,22.6,22.8,21.64,21.12,24.29,25.0,21.7,20.56
2016-03-29T04:00,2016-03-29,4,22.23,22.08,22.62,22.65,21.8,20.97,24.24,24.9,21.64,20.17
2016-03-29T05:00,2016-03-29,5,22.29,22.35,22.77,22.67,21.86,20.95,24.3,24.85,21.66,19.85
2016-03-29T06:00,2016-03-29,6,22.33,22.72,22.75,22.5,21.87,20.43,24.27,24.85,21.69,19.78
2016-03-29T07:00,2016-03-29,7,22.79,23.4,23.56,22.4,21.95,20.36,25.03,25.27,22.47,20.02
2016-03-29T08:00,2016-03-29,8,24.0,24.66,25.12,23.16,22.66,20.76,27.27,26.31,24.1,20.75
2016-03-29T09:00,2016-03-29,9,25.27,25.56,26.54,24.92,23.86,21.41,29.14,27.3,25.71,21.86
2016-03-29T10:00,2016-03-29,10,26.7,26.62,27.87,26.96,25.37,22.12,30.7,28.91,27.54,23.36
2016-03-29T11:00,2016-03-29,11,28.0,28.07,28.82,28.71,26.12,22.66,32.14,30.31,28.94,24.54
2016-03-29T12:00,2016-03-29,12,29.11,29.57,29.85,30.12,26.74,22.53,33.28,31.17,30.05,25.72
2016-03-29T13:00,2016-03-29,13,29.53,30.4,30.0,30.01,27.36,25.91,32.73,31.5,29.49,26.02
2016-03-29T14:00,2016-03-29,14,29.84,30.76,29.64,30.13,27.71,26.62,32.87,31.49,30.17,26.55
2016-03-29T15:00,2016-03-29,15,30.05,31.05,29.12,30.08,28.11,27.01,32.9,31.02,30.63,27.4
2016-03-29T16:00,2016-03-29,16,29.72,30.5,28.69,29.47,27.87,26.95,32.47,30.51,30.62,27.62
2016-03-29T17:00,2016-03-29,17,29.06,29.58,28.31,28.85,27.44,26.7,31.57,29.68,29.7,27.64
2016-03-29T18:00,2016-03-29,18,27.63,27.15,27.45,27.9,26.42,25.69,30.53,28.46,28.2,26.79
2016-03-29T19:00,2016-03-29,19,26.29,25.54,26.65,26.73,25.44,24.34,29.01,27.75,26.74,25.22
2016-03-29T20:00,2016-03-29,20,25.31,24.89,26.06,24.78,24.44,23.64,28.03,27.3,25.71,23.81
2016-03-29T21:00,2016-03-29,21,24.8,24.47,25.78,24.02,24.19,23.36,27.29,26.94,25.04,23.14
2016-03-29T22:00,2016-03-29,22,24.32,24.07,25.22,23.56,23.59,22.94,26.7,26.56,24.44,22.75
2016-03-29T23:00,2016-03-29,23,23.93,23.68,24.71,23.19,23.1,22.67,26.26,26.26,24.01,22.44
2016-03-30T00:00,2016-03-30,0,23.61,23.43,24.24,22.99,22.68,22.21,25.95,26.01,23.63,22.18
2016-03-30T01:00,2016-03-30,1,23.16,22.66,23.82,22.55,22.29,21.57,25.83,25.66,23.32,22.06
2016-03-30T02:00,2016-03-30,2,22.8,21.91,23.6,22.57,21.95,21.39,25.65,25.54,22.82,21.89
2016-03-30T03:00,2016-03-30,3,22.51,21.46,23.3,22.28,21.7,21.27,25.31,25.35,22.57,21.82
2016-03-30T04:00,2016-03-30,4,22.3,21.36,23.08,21.89,21.57,21.23,24.87,25.05,22.17,21.82
2016-03-30T05:00,2016-03-30,5,22.14,21.41,22.7,21.68,21.34,21.21,24.49,24.71,21.81,21.88
2016-03-30T06:00,2016-03-30,6,22.04,21.55,22.22,21.65,21.28,21.22,24.17,24.36,21.45,21.95
2016-03-30T07:00,2016-03-30,7,22.55,22.16,23.18,22.25,21.73,21.51,24.65,24.91,21.78,22.14
2016-03-30T08:00,2016-03-30,8,23.65,23.1,25.15,23.38,22.52,22.17,26.16,26.09,23.15,22.66
2016-03-30T09:00,2016-03-30,9,25.07,24.33,26.99,24.9,23.82,23.11,28.03,27.5,24.86,23.69
2016-03-30T10:00,2016-03-30,10,26.53,25.91,28.81,26.66,24.74,24.11,29.66,29.03,26.24,24.77
2016-03-30T11:00,2016-03-30,11,27.63,27.32,30.27,28.0,25.49,25.55,30.42,29.63,26.99,25.59
2016-03-30T12:00,2016-03-30,12,28.5,28.28,31.15,28.79,26.32,26.49,31.13,30.68,27.93,26.24
2016-03-30T13:00,2016-03-30,13,30.04,30.3,31.85,30.36,28.48,27.92,32.45,31.95,28.86,27.97
2016-03-30T14:00,2016-03-30,14,30.01,30.24,31.72,30.01,28.87,28.24,32.4,32.05,28.58,28.17
2016-03-30T15:00,2016-03-30,15,29.88,30.14,31.12,30.05,28.75,28.18,32.12,32.07,28.62,27.99
2016-03-30T16:00,2016-03-30,16,29.4,29.84,30.04,29.81,28.32,27.69,31.29,31.46,28.45,27.24
2016-03-30T17:00,2016-03-30,17,28.51,29.11,29.28,29.46,27.14,26.62,29.06,30.74,27.85,26.52
2016-03-30T18:00,2016-03-30,18,26.99,27.83,28.18,28.6,23.9,24.53,27.22,29.46,26.08,25.34
2016-03-30T19:00,2016-03-30,19,25.69,26.26,27.21,27.51,22.48,23.56,26.26,28.32,24.37,24.17
2016-03-30T20:00,2016-03-30,20,24.72,24.59,26.63,26.16,22.22,23.12,25.83,27.45,23.7,23.32
2016-03-30T21:00,2016-03-30,21,23.88,23.31,26.18,24.68,21.94,22.73,25.66,26.78,22.98,22.39
2016-03-30T22:00,2016-03-30,22,23.28,22.72,25.57,23.61,21.61,22.15,25.25,26.26,22.45,21.8
2016-03-30T23:00,2016-03-30,23,22.81,22.34,24.9,22.87,21.36,21.8,24.84,25.67,22.01,21.35
2016-03-31T00:00,2016-03-31,0,22.56,22.22,24.08,22.75,21.17,21.49,24.58,25.35,21.78,21.08
2016-03-31T01:00,2016-03-31,1,22.94,22.82,25.15,24.04,21.18,21.65,24.56,25.73,21.57,20.79
2016-03-31T02:00,2016-03-31,2,22.66,22.56,24.64,23.56,21.08,21.4,24.3,25.64,21.42,20.45
2016-03-31T03:00,2016-03-31,3,22.46,22.39,24.2,23.33,21.09,21.04,24.27,25.39,21.31,20.1
2016-03-31T04:00,2016-03-31,4,22.39,22.44,23.93,23.32,21.01,20.87,24.2,25.15,21.12,20.07
2016-03-31T05:00,2016-03-31,5,22.33,22.52,23.76,23.32,20.77,20.72,24.33,25.1,20.79,20.0
2016-03-31T06:00,2016-03-31,6,22.14,22.11,23.46,23.29,20.77,20.62,24.36,25.14,20.47,19.96
2016-03-31T07:00,2016-03-31,7,22.49,22.2,24.42,23.92,20.97,20.57,24.83,26.21,20.44,20.45
2016-03-31T08:00,2016-03-31,8,23.06,22.17,26.14,24.53,21.64,20.88,25.18,27.63,20.8,21.74
2016-03-31T09:00,2016-03-31,9,23.68,22.37,27.9,24.48,22.36,21.52,25.51,28.49,21.5,23.22
2016-03-31T10:00,2016-03-31,10,24.53,23.18,29.32,25.31,23.53,22.49,25.82,28.49,22.38,24.41
2016-03-31T11:00,2016-03-31,11,25.3,23.69,30.2,25.63,25.08,23.95,26.27,28.05,23.93,25.32
2016-03-31T12:00,2016-03-31,12,25.83,23.96,30.83,24.68,26.08,24.58,26.89,27.98,25.98,26.11
2016-03-31T13:00,2016-03-31,13,27.9,26.32,31.17,27.93,26.02,26.45,29.84,29.08,29.05,27.6
2016-03-31T14:00,2016-03-31,14,27.22,24.84,31.19,26.81,23.64,25.41,30.06,29.51,29.52,27.56
2016-03-31T15:00,2016-03-31,15,26.46,23.63,30.47,26.1,22.54,24.4,30.04,29.46,28.83,27.01
2016-03-31T16:00,2016-03-31,16,25.88,23.7,30.07,25.25,22.3,23.67,29.54,29.33,26.92,26.03
2016-03-31T17:00,2016-03-31,17,24.75,22.91,29.29,23.51,21.61,22.93,28.79,28.8,24.6,24.54
2016-03-31T18:00,2016-03-31,18,23.58,22.2,27.73,22.14,21.5,22.44,27.61,27.32,22.55,22.75
2016-03-31T19:00,2016-03-31,19,22.57,21.87,25.82,21.8,21.38,21.95,25.26,25.31,21.01,21.48
2016-03-31T20:00,2016-03-31,20,21.96,21.81,24.74,21.75,21.16,21.64,23.03,23.56,20.53,20.88
2016-03-31T21:00,2016-03-31,21,21.75,21.87,24.63,21.77,21.12,21.39,21.54,22.83,20.68,20.71
2016-03-31T22:00,2016-03-31,22,21.59,21.77,24.35,21.68,20.97,20.98,21.08,22.68,20.72,20.6
2016-03-31T23:00,2016-03-31,23,21.53,21.56,24.07,21.67,20.79,20.93,21.21,23.02,20.71,20.67
2016-04-01T00:00,2016-04-01,0,21.47,21.35,23.82,21.69,20.65,20.7,21.49,23.15,20.73,20.67
2016-04-01T01:00,2016-04-01,1,21.81,21.43,23.47,22.01,20.82,20.71,23.77,24.05,20.71,20.72
2016-04-01T02:00,2016-04-01,2,21.6,20.9,23.37,22.15,20.52,20.31,23.86,24.22,20.5,20.53
2016-04-01T03:00,2016-04-01,3,21.37,20.34,23.23,21.9,20.4,20.06,23.82,24.33,20.43,20.44
2016-04-01T04:00,2016-04-01,4,21.25,20.23,23.07,21.6,20.23,19.88,23.77,24.25,20.48,20.36
2016-04-01T05:00,2016-04-01,5,21.15,20.32,22.98,20.73,20.16,20.01,23.9,24.09,20.4,20.21
2016-04-01T06:00,2016-04-01,6,21.01,20.44,22.09,20.31,20.07,20.12,24.01,23.83,20.17,20.04
2016-04-01T07:00,2016-04-01,7,21.08,20.53,21.66,20.5,20.2,20.26,24.5,24.0,20.04,20.06
2016-04-01T08:00,2016-04-01,8,21.35,20.54,22.11,21.35,20.4,20.78,25.17,23.93,19.97,20.21
2016-04-01T09:00,2016-04-01,9,21.44,20.49,22.58,22.25,20.73,21.37,24.19,23.04,20.13,20.48
2016-04-01T10:00,2016-04-01,10,21.68,20.64,24.3,22.16,21.05,22.15,23.66,22.2,20.52,20.96
2016-04-01T11:00,2016-04-01,11,22.1,21.18,25.68,22.03,21.44,22.66,22.57,21.99,21.58,21.94
2016-04-01T12:00,2016-04-01,12,22.88,21.96,26.59,22.46,22.07,23.25,23.03,21.79,23.3,22.94
2016-04-01T13:00,2016-04-01,13,25.81,26.05,28.29,26.76,22.76,24.74,26.82,26.33,25.13,24.54
2016-04-01T14:00,2016-04-01,14,26.52,27.09,28.65,27.56,23.77,24.17,26.76,27.43,26.07,25.48
2016-04-01T15:00,2016-04-01,15,26.54,27.01,28.44,27.31,24.34,24.43,26.35,27.41,26.44,25.72
2016-04-01T16:00,2016-04-01,16,26.18,26.55,27.58,26.15,24.91,24.55,26.15,26.17,26.58,25.66
2016-04-01T17:00,2016-04-01,17,25.6,25.86,26.68,24.96,24.77,24.09,25.68,25.94,26.27,25.26
2016-04-01T18:00,2016-04-01,18,24.82,24.88,25.56,24.03,24.19,23.5,25.24,25.57,25.4,24.74
2016-04-01T19:00,2016-04-01,19,23.93,23.88,24.78,23.35,23.13,22.45,24.67,25.24,24.29,23.69
2016-04-01T20:00,2016-04-01,20,23.24,23.24,23.42,22.63,22.43,21.75,24.29,25.01,23.58,22.88
2016-04-01T21:00,2016-04-01,21,22.71,22.73,22.62,21.98,21.79,21.26,23.86,24.87,23.08,22.39
2016-04-01T22:00,2016-04-01,22,22.4,22.53,22.34,21.53,21.21,20.86,23.63,24.76,22.73,21.99
2016-04-01T23:00,2016-04-01,23,22.14,22.37,22.19,21.13,20.89,20.43,23.46,24.73,22.31,21.67
2016-04-02T00:00,2016-04-02,0,21.87,22.15,22.07,20.91,20.55,19.99,23.34,24.58,21.93,21.24
2016-04-02T01:00,2016-04-02,1,21.76,22.08,22.34,21.35,20.05,19.84,23.94,24.44,21.18,20.41
2016-04-02T02:00,2016-04-02,2,21.6,22.04,22.04,20.94,19.98,19.66,24.05,24.22,21.05,19.98
2016-04-02T03:00,2016-04-02,3,21.32,21.78,21.8,20.41,20.05,19.51,23.92,23.25,20.84,19.71
2016-04-02T04:00,2016-04-02,4,20.98,21.38,21.45,20.14,19.93,19.12,23.5,22.11,20.79,19.52
2016-04-02T05:00,2016-04-02,5,20.8,21.19,21.48,19.96,19.95,18.73,23.03,21.53,20.81,19.45
2016-04-02T06:00,2016-04-02,6,20.6,20.85,21.52,19.9,19.73,18.59,22.55,21.47,20.6,19.53
2016-04-02T07:00,2016-04-02,7,21.13,21.29,22.16,20.45,20.36,20.04,22.22,21.77,21.2,20.42
2016-04-02T08:00,2016-04-02,8,22.24,22.2,23.22,21.61,22.07,21.83,22.3,22.31,22.45,22.32
2016-04-02T09:00,2016-04-02,9,23.46,23.41,24.6,22.73,23.58,23.47,22.75,23.21,23.99,23.67
2016-04-02T10:00,2016-04-02,10,24.76,24.24,26.41,24.3,25.29,25.11,23.69,24.53,25.39,25.13
2016-04-02T11:00,2016-04-02,11,25.88,25.0,28.14,25.91,26.37,26.14,25.09,25.63,26.08,26.45
2016-04-02T12:00,2016-04-02,12,26.79,26.21,29.12,27.07,26.74,26.92,26.51,26.83,25.99,27.23
2016-04-02T13:00,2016-04-02,13,27.27,26.28,29.25,26.06,27.22,27.75,28.48,28.33,27.44,27.32
2016-04-02T14:00,2016-04-02,14,27.81,26.87,29.52,26.26,28.34,28.2,29.13,28.47,28.17,27.84
2016-04-02T15:00,2016-04-02,15,27.87,26.97,28.9,26.4,28.71,28.35,29.44,28.3,27.95,28.16
2016-04-02T16:00,2016-04-02,16,27.57,26.66,28.34,26.54,28.59,28.2,28.67,28.09,27.45,28.12
2016-04-02T17:00,2016-04-02,17,27.03,26.15,27.88,26.33,27.87,27.6,27.97,27.61,26.54,27.72
2016-04-02T18:00,2016-04-02,18,26.25,25.43,27.05,25.72,26.74,26.1,27.09,27.01,26.08,26.97
2016-04-02T19:00,2016-04-02,19,25.31,24.72,26.29,25.07,25.25,24.81,25.94,26.44,25.13,25.62
2016-04-02T20:00,2016-04-02,20,24.75,24.38,25.58,24.61,24.46,24.1,25.29,26.16,24.66,24.61
2016-04-02T21:00,2016-04-02,21,24.31,24.01,25.12,24.26,23.93,23.65,24.97,25.78,24.18,23.85
2016-04-02T22:00,2016-04-02,22,24.03,23.93,24.73,24.0,23.49,23.01,24.81,25.65,23.91,23.29
2016-04-02T23:00,2016-04-02,23,23.81,23.81,24.47,23.83,23.18,22.69,24.65,25.49,23.64,22.9
2016-04-03T00:00,2016-04-03,0,23.59,23.64,24.3,23.55,23.01,22.53,24.5,25.29,23.28,22.6
2016-04-03T01:00,2016-04-03,1,23.32,23.27,24.13,23.36,22.58,21.92,24.51,25.19,22.85,22.51
2016-04-03T02:00,2016-04-03,2,23.02,22.82,24.02,23.23,22.33,21.67,24.28,25.11,22.44,22.14
2016-04-03T03:00,2016-04-03,3,22.82,22.5,23.88,22.99,22.2,21.71,24.05,25.09,22.25,22.02
2016-04-03T04:00,2016-04-03,4,22.66,22.42,23.7,22.41,22.17,21.71,23.86,25.04,22.1,21.89
2016-04-03T05:00,2016-04-03,5,22.61,22.39,23.96,22.08,22.11,21.61,23.92,25.01,21.88,21.89
2016-04-03T06:00,2016-04-03,6,22.51,22.37,23.17,21.97,21.92,21.7,24.04,25.06,21.73,21.88
2016-04-03T07:00,2016-04-03,7,22.86,22.57,23.99,22.26,22.1,22.05,24.4,25.64,22.01,22.39
2016-04-03T08:00,2016-04-03,8,23.57,22.83,25.35,23.54,22.76,22.65,25.03,26.41,22.43,23.62
2016-04-03T09:00,2016-04-03,9,24.71,23.82,27.22,25.14,23.64,23.42,25.99,27.65,23.17,25.01
2016-04-03T10:00,2016-04-03,10,25.57,24.75,28.6,26.05,24.5,24.23,26.72,28.42,23.61,25.98
2016-04-03T11:00,2016-04-03,11,26.47,25.53,29.75,27.57,24.94,25.53,27.82,28.99,24.16,26.68
2016-04-03T12:00,2016-04-03,12,27.2,26.4,30.24,28.41,25.36,26.23,28.71,29.5,24.96,27.25
2016-04-03T13:00,2016-04-03,13,27.2,26.35,30.46,28.94,24.21,26.31,29.45,29.85,24.08,27.47
2016-04-03T14:00,2016-04-03,14,27.22,26.58,30.39,28.95,24.15,26.18,29.13,29.72,24.23,27.48
2016-04-03T15:00,2016-04-03,15,26.72,25.39,30.01,28.54,23.8,26.13,28.7,29.32,24.56,27.03
2016-04-03T16:00,2016-04-03,16,26.22,24.35,29.33,27.68,23.91,25.95,28.2,28.56,24.95,26.97
2016-04-03T17:00,2016-04-03,17,25.67,23.92,28.31,26.62,23.58,25.3,27.5,28.02,24.78,26.64
2016-04-03T18:00,2016-04-03,18,24.86,23.61,27.31,25.11,23.15,23.86,26.36,26.87,24.37,25.68
2016-04-03T19:00,2016-04-03,19,24.31,23.35,26.45,24.39,22.83,23.11,25.72,26.35,23.81,24.82
2016-04-03T20:00,2016-04-03,20,24.01,23.24,25.92,24.15,22.52,22.85,25.5,26.21,23.41,24.15
2016-04-03T21:00,2016-04-03,21,23.77,23.15,25.57,24.05,22.4,22.46,25.25,26.13,23.01,23.57
2016-04-03T22:00,2016-04-03,22,23.57,23.0,25.3,23.93,22.34,22.29,25.15,26.11,22.65,23.05
2016-04-03T23:00,2016-04-03,23,23.42,22.91,25.04,23.93,22.27,22.07,24.96,25.96,22.55,22.63
2016-04-04T00:00,2016-04-04,0,23.25,22.63,24.75,23.95,22.17,21.94,24.87,25.76,22.42,22.43
2016-04-04T01:00,2016-04-04,1,23.3,22.51,24.8,24.22,21.91,21.82,25.26,25.91,22.53,22.55
2016-04-04T02:00,2016-04-04,2,23.3,22.66,24.64,24.24,21.86,21.69,25.28,25.91,22.53,22.4
2016-04-04T03:00,2016-04-04,3,23.2,22.6,24.63,24.1,21.81,21.5,25.0,25.88,22.39,22.4
2016-04-04T04:00,2016-04-04,4,23.24,22.63,24.77,24.1,21.71,21.49,25.1,25.88,22.43,22.48
2016-04-04T05:00,2016-04-04,5,23.18,22.41,24.86,24.2,21.68,21.48,25.02,25.7,22.45,22.47
2016-04-04T06:00,2016-04-04,6,23.14,22.36,24.9,24.19,21.69,21.46,24.97,25.53,22.41,22.37
2016-04-04T07:00,2016-04-04,7,23.51,22.7,25.43,24.71,21.72,21.63,25.55,26.14,22.65,22.76
2016-04-04T08:00,2016-04-04,8,24.2,23.52,26.1,25.44,21.93,21.96,26.51,27.24,23.04,23.48
2016-04-04T09:00,2016-04-04,9,25.17,24.89,26.86,26.2,22.59,22.31,27.65,28.51,23.68,24.53
2016-04-04T10:00,2016-04-04,10,26.08,25.83,28.16,27.19,23.37,22.63,28.7,29.19,24.46,25.52
2016-04-04T11:00,2016-04-04,11,26.93,26.81,28.87,27.83,24.12,23.0,29.78,29.79,25.64,26.29
2016-04-04T12:00,2016-04-04,12,27.68,27.57,29.63,28.27,24.91,23.29,30.64,30.26,26.75,27.19
2016-04-04T13:00,2016-04-04,13,28.27,28.06,29.85,28.18,25.76,24.54,31.52,30.15,27.57,28.36
2016-04-04T14:00,2016-04-04,14,28.75,28.66,30.09,28.3,26.6,25.18,32.15,30.12,28.19,28.7
2016-04-04T15:00,2016-04-04,15,28.66,28.19,29.63,28.61,26.89,25.1,32.26,29.85,28.45,28.65
2016-04-04T16:00,2016-04-04,16,28.1,26.76,29.27,27.83,26.85,25.16,31.83,29.64,28.69,28.39
2016-04-04T17:00,2016-04-04,17,27.46,25.85,28.47,27.04,26.69,24.97,31.08,28.75,28.42,27.97
2016-04-04T18:00,2016-04-04,18,26.69,25.31,27.57,26.29,25.99,24.12,29.57,27.86,27.82,27.28
2016-04-04T19:00,2016-04-04,19,25.85,24.72,26.92,25.79,24.99,23.29,28.03,27.41,26.64,26.3
2016-04-04T20:00,2016-04-04,20,25.24,24.28,26.38,25.45,24.17,22.85,27.17,27.12,25.67,25.4
2016-04-04T21:00,2016-04-04,21,24.87,24.02,26.14,25.16,23.75,22.53,26.65,26.87,25.09,24.88
2016-04-04T22:00,2016-04-04,22,24.62,23.89,25.97,25.08,23.32,22.31,26.35,26.73,24.6,24.43
2016-04-04T23:00,2016-04-04,23,24.43,23.87,25.73,25.07,22.95,22.25,26.05,26.67,24.17,24.06
2016-04-05T00:00,2016-04-05,0,24.29,23.88,25.69,25.06,22.65,22.13,25.81,26.59,23.84,23.68
2016-04-05T01:00,2016-04-05,1,24.48,24.35,25.55,25.52,22.78,22.34,26.07,26.44,23.9,23.38
2016-04-05T02:00,2016-04-05,2,24.4,24.39,25.45,25.52,22.79,22.22,25.97,26.44,23.68,23.05
2016-04-05T03:00,2016-04-05,3,24.32,24.48,25.35,25.4,22.81,22.16,25.84,26.37,23.48,22.72
2016-04-05T04:00,2016-04-05,4,24.29,24.59,25.28,25.26,22.7,22.11,25.9,26.35,23.34,22.58
2016-04-05T05:00,2016-04-05,5,24.28,24.65,25.26,25.23,22.48,22.11,26.0,26.38,23.26,22.46
2016-04-05T06:00,2016-04-05,6,24.41,24.87,25.27,25.23,22.67,22.08,26.23,26.43,23.38,22.61
2016-04-05T07:00,2016-04-05,7,25.05,25.56,25.7,25.79,23.2,22.23,26.92,27.03,24.43,23.33
2016-04-05T08:00,2016-04-05,8,26.21,26.73,26.72,27.05,23.96,22.43,28.18,28.06,26.25,24.51
2016-04-05T09:00,2016-04-05,9,27.3,27.69,27.63,28.24,24.82,23.16,29.35,29.08,27.88,25.7
2016-04-05T10:00,2016-04-05,10,28.55,28.98,29.06,29.43,26.12,23.8,30.63,30.09,29.42,26.91
2016-04-05T11:00,2016-04-05,11,29.52,30.14,30.05,30.16,26.76,24.6,31.94,30.57,30.32,27.96
2016-04-05T12:00,2016-04-05,12,30.06,30.61,30.69,30.04,27.19,25.2,33.08,30.71,31.06,28.72
2016-04-05T13:00,2016-04-05,13,29.09,29.1,30.46,29.56,24.1,23.23,32.46,30.43,31.16,28.19
2016-04-05T14:00,2016-04-05,14,28.6,27.46,30.25,28.84,24.17,23.03,32.81,30.43,31.1,28.5
2016-04-05T15:00,2016-04-05,15,28.25,26.56,29.88,28.03,24.68,23.54,32.97,30.16,30.87,28.2
2016-04-05T16:00,2016-04-05,16,27.7,26.17,29.61,26.83,24.83,24.02,32.66,29.54,29.55,27.33
2016-04-05T17:00,2016-04-05,17,26.75,25.51,28.81,26.11,25.01,23.41,31.84,29.01,26.72,26.01
2016-04-05T18:00,2016-04-05,18,25.54,24.55,27.9,25.96,23.77,22.58,29.46,27.78,24.79,24.56
2016-04-05T19:00,2016-04-05,19,24.72,24.23,27.23,25.95,23.06,22.15,26.71,27.34,23.51,23.46
2016-04-05T20:00,2016-04-05,20,24.36,24.14,26.98,26.1,22.71,21.93,24.94,27.35,23.0,23.05
2016-04-05T21:00,2016-04-05,21,24.31,24.12,26.62,26.06,22.47,21.9,25.17,27.22,23.12,22.84
2016-04-05T22:00,2016-04-05,22,24.39,24.24,26.39,25.96,22.32,21.84,25.88,27.0,23.33,22.84
2016-04-05T23:00,2016-04-05,23,24.51,24.54,26.24,25.94,22.28,21.89,26.35,26.84,23.51,22.73
2016-04-06T00:00,2016-04-06,0,24.55,24.92,26.01,25.89,22.37,21.88,26.46,26.67,23.62,22.25
2016-04-06T01:00,2016-04-06,1,24.85,25.49,25.95,25.92,22.33,21.68,26.51,26.46,25.02,22.19
2016-04-06T02:00,2016-04-06,2,24.79,25.48,25.77,25.93,21.86,21.8,26.4,26.39,25.33,21.85
2016-04-06T03:00,2016-04-06,3,24.76,25.52,25.69,26.0,21.79,22.0,26.24,26.31,25.24,21.64
2016-04-06T04:00,2016-04-06,4,24.66,25.48,25.62,25.96,21.9,21.98,26.01,26.25,24.84,21.59
2016-04-06T05:00,2016-04-06,5,24.64,25.52,25.54,25.96,22.16,21.86,25.78,26.21,24.57,21.78
2016-04-06T06:00,2016-04-06,6,24.63,25.52,25.68,25.97,22.56,21.78,25.55,26.21,24.26,21.98
2016-04-06T07:00,2016-04-06,7,25.22,26.03,26.36,26.62,23.25,21.92,26.19,26.93,24.99,22.5
2016-04-06T08:00,2016-04-06,8,26.62,27.4,27.55,27.93,24.38,22.52,28.25,28.47,26.96,23.56
2016-04-06T09:00,2016-04-06,9,28.11,28.93,29.0,29.1,25.88,23.34,30.27,29.74,28.98,24.74
2016-04-06T10:00,2016-04-06,10,29.57,30.33,29.8,30.18,27.82,24.57,32.11,30.74,30.89,26.44
2016-04-06T11:00,2016-04-06,11,30.94,31.79,30.69,31.31,29.41,26.17,33.65,31.7,32.47,27.77
2016-04-06T12:00,2016-04-06,12,31.97,32.84,31.36,31.64,31.04,27.26,34.84,32.48,33.68,29.07
2016-04-06T13:00,2016-04-06,13,32.35,33.08,31.37,31.78,31.53,28.2,34.75,32.18,34.07,30.75
2016-04-06T14:00,2016-04-06,14,32.75,33.44,31.13,31.86,32.18,29.18,35.18,32.4,34.63,31.46
2016-04-06T15:00,2016-04-06,15,32.77,33.49,30.76,31.73,32.09,29.28,35.24,32.1,34.85,31.82
2016-04-06T16:00,2016-04-06,16,32.45,33.19,30.33,31.38,31.77,28.52,34.89,31.61,34.63,31.83
2016-04-06T17:00,2016-04-06,17,31.56,32.27,29.4,30.44,30.75,28.05,33.9,30.79,33.82,30.95
2016-04-06T18:00,2016-04-06,18,30.13,30.89,28.41,29.2,28.91,26.96,32.29,29.53,32.14,29.28
2016-04-06T19:00,2016-04-06,19,28.72,29.53,27.58,28.1,27.11,25.57,31.01,28.47,30.31,27.37
2016-04-06T20:00,2016-04-06,20,27.78,28.8,27.01,27.45,25.85,24.25,30.18,27.79,28.92,26.0
2016-04-06T21:00,2016-04-06,21,27.06,28.17,26.66,27.0,24.25,23.51,29.57,27.32,28.01,25.08
2016-04-06T22:00,2016-04-06,22,26.48,27.56,26.34,26.65,23.34,22.85,28.91,27.05,27.34,24.43
2016-04-06T23:00,2016-04-06,23,26.08,27.0,26.05,26.48,23.14,22.66,28.32,26.88,26.91,23.93
2016-04-07T00:00,2016-04-07,0,25.83,26.66,25.88,26.47,23.02,22.52,27.86,26.74,26.58,23.59
2016-04-07T01:00,2016-04-07,1,25.76,26.4,25.8,26.45,24.18,22.45,27.35,26.71,26.42,23.68
2016-04-07T02:00,2016-04-07,2,25.56,26.24,25.67,26.5,23.99,22.12,26.98,26.65,25.92,23.49
2016-04-07T03:00,2016-04-07,3,25.33,26.09,25.56,26.57,23.56,21.84,26.7,26.61,25.28,23.27
2016-04-07T04:00,2016-04-07,4,25.12,26.11,25.38,26.46,23.29,21.71,26.34,26.56,24.48,23.08
2016-04-07T05:00,2016-04-07,5,24.99,26.08,25.3,26.47,23.34,21.77,26.07,26.65,23.83,22.93
2016-04-07T06:00,2016-04-07,6,24.97,26.05,25.47,26.49,23.64,21.96,25.81,26.73,23.5,22.86
2016-04-07T07:00,2016-04-07,7,25.59,26.62,26.26,26.91,24.21,22.58,26.45,27.38,24.31,23.53
2016-04-07T08:00,2016-04-07,8,27.11,27.81,28.02,28.09,25.36,23.62,28.66,28.58,26.88,24.87
2016-04-07T09:00,2016-04-07,9,28.69,29.28,29.51,29.38,26.86,25.13,30.64,29.84,28.95,26.44
2016-04-07T10:00,2016-04-07,10,30.12,30.54,30.43,30.39,28.88,27.02,32.39,30.9,30.71,27.97
2016-04-07T11:00,2016-04-07,11,31.38,31.77,31.37,31.29,30.53,28.88,33.79,31.91,32.1,29.14
2016-04-07T12:00,2016-04-07,12,32.34,32.74,32.03,31.73,31.71,30.5,34.87,32.5,33.23,30.19
2016-04-07T13:00,2016-04-07,13,32.91,33.33,32.07,32.07,32.53,30.77,35.35,32.84,34.04,31.36
2016-04-07T14:00,2016-04-07,14,33.28,33.69,32.14,32.25,33.14,31.15,35.74,32.94,34.54,32.01
2016-04-07T15:00,2016-04-07,15,33.31,33.81,31.64,32.1,33.26,30.84,35.84,32.75,34.74,32.41
2016-04-07T16:00,2016-04-07,16,32.92,33.55,30.93,31.64,33.04,29.03,35.53,32.22,34.58,32.52
2016-04-07T17:00,2016-04-07,17,32.1,32.85,29.89,30.74,32.34,27.85,34.35,31.27,33.78,32.19
2016-04-07T18:00,2016-04-07,18,30.66,31.47,28.7,29.43,30.94,26.5,32.59,29.92,32.15,30.66
2016-04-07T19:00,2016-04-07,19,29.3,30.26,27.66,28.3,29.42,25.09,31.39,28.73,30.49,28.71
2016-04-07T20:00,2016-04-07,20,28.32,29.42,27.01,27.57,28.06,24.17,30.39,27.97,29.19,27.29
2016-04-07T21:00,2016-04-07,21,27.56,28.68,26.57,27.02,26.57,23.72,29.47,27.49,28.48,26.24
2016-04-07T22:00,2016-04-07,22,26.88,27.65,26.31,26.71,25.35,22.72,28.83,27.16,28.28,25.52
2016-04-07T23:00,2016-04-07,23,26.4,27.17,26.11,26.52,24.07,21.87,28.33,26.93,27.96,25.02
2016-04-08T00:00,2016-04-08,0,26.12,26.9,25.95,26.34,23.46,21.63,28.07,26.72,27.84,24.43
2016-04-08T01:00,2016-04-08,1,26.03,26.66,25.88,26.16,24.01,22.41,27.55,26.58,27.79,24.18
2016-04-08T02:00,2016-04-08,2,25.81,26.5,25.68,26.15,23.41,22.54,27.24,26.53,27.26,23.99
2016-04-08T03:00,2016-04-08,3,25.56,26.21,25.58,26.2,23.14,22.51,26.93,26.44,26.61,23.71
2016-04-08T04:00,2016-04-08,4,25.3,25.84,25.48,26.1,23.23,22.52,26.72,26.38,25.94,23.37
2016-04-08T05:00,2016-04-08,5,25.08,25.61,25.36,26.04,23.49,22.55,26.43,26.3,25.28,22.93
2016-04-08T06:00,2016-04-08,6,24.91,25.47,25.37,26.02,23.87,22.54,26.02,26.33,24.69,22.54
2016-04-08T07:00,2016-04-08,7,25.64,26.2,26.16,26.63,24.69,23.16,26.83,27.11,25.31,23.32
2016-04-08T08:00,2016-04-08,8,27.28,27.62,27.7,27.8,26.33,24.4,28.33,28.42,28.1,25.37
2016-04-08T09:00,2016-04-08,9,28.74,28.82,29.33,28.68,28.0,25.88,29.75,29.51,30.05,27.48
2016-04-08T10:00,2016-04-08,10,30.19,30.1,30.83,29.53,29.61,27.73,31.46,30.29,31.8,29.34
2016-04-08T11:00,2016-04-08,11,31.39,31.21,31.8,30.01,30.97,29.52,33.13,31.08,33.16,30.89
2016-04-08T12:00,2016-04-08,12,32.45,32.26,32.31,31.3,32.12,30.66,34.34,31.8,34.13,32.21
2016-04-08T13:00,2016-04-08,13,33.47,33.16,32.11,32.44,33.41,31.19,35.05,32.77,35.32,34.59
2016-04-08T14:00,2016-04-08,14,33.89,33.59,32.15,32.81,33.77,31.91,35.45,33.21,35.6,35.44
2016-04-08T15:00,2016-04-08,15,33.92,33.71,32.39,32.88,33.67,32.28,35.23,33.28,35.26,35.51
2016-04-08T16:00,2016-04-08,16,33.47,33.49,32.06,32.53,33.06,32.04,34.31,32.84,34.57,35.03
2016-04-08T17:00,2016-04-08,17,32.51,32.61,31.22,31.71,32.08,31.37,33.56,32.0,33.22,33.65
2016-04-08T18:00,2016-04-08,18,30.97,31.18,29.68,30.31,30.6,29.85,32.25,30.7,31.39,31.5
2016-04-08T19:00,2016-04-08,19,29.58,29.79,28.32,28.98,29.41,28.23,31.02,29.42,29.95,29.86
2016-04-08T20:00,2016-04-08,20,28.74,29.08,27.54,28.25,28.62,26.97,30.11,28.6,29.06,28.96
2016-04-08T21:00,2016-04-08,21,28.13,28.56,27.06,27.69,27.97,26.23,29.38,27.99,28.42,28.2
2016-04-08T22:00,2016-04-08,22,27.63,28.17,26.73,27.28,27.23,25.67,28.86,27.6,27.84,27.4
2016-04-08T23:00,2016-04-08,23,27.16,27.78,26.46,26.97,26.61,25.11,28.37,27.26,27.3,26.59
2016-04-09T00:00,2016-04-09,0,26.73,27.38,26.29,26.69,25.89,24.82,27.92,27.02,26.75,25.93
2016-04-09T01:00,2016-04-09,1,26.15,26.77,25.89,26.2,25.15,23.94,27.26,26.63,26.12,25.52
2016-04-09T02:00,2016-04-09,2,25.77,26.41,25.92,26.0,24.77,23.35,26.83,26.48,25.59,24.81
2016-04-09T03:00,2016-04-09,3,25.43,26.05,25.83,25.81,24.51,22.94,26.5,26.41,25.09,24.08
2016-04-09T04:00,2016-04-09,4,25.11,25.75,25.83,25.6,24.28,22.61,26.25,26.34,24.57,23.35
2016-04-09T05:00,2016-04-09,5,24.83,25.43,25.85,25.46,24.11,22.63,26.0,26.31,24.18,22.51
2016-04-09T06:00,2016-04-09,6,24.62,25.25,25.67,25.38,23.93,22.82,25.85,26.29,23.91,21.69
2016-04-09T07:00,2016-04-09,7,25.56,26.1,26.32,26.45,25.25,23.62,26.85,27.11,24.91,22.65
2016-04-09T08:00,2016-04-09,8,27.52,27.86,27.85,27.99,26.83,24.82,28.95,28.67,27.49,26.04
2016-04-09T09:00,2016-04-09,9,29.31,29.48,29.63,29.36,28.38,26.37,30.89,30.13,29.91,28.4
2016-04-09T10:00,2016-04-09,10,30.94,30.99,31.23,30.47,29.82,27.98,32.7,31.4,32.05,30.43
2016-04-09T11:00,2016-04-09,11,32.35,32.37,32.33,31.47,31.07,29.5,34.35,32.56,33.8,32.23
2016-04-09T12:00,2016-04-09,12,33.49,33.49,33.08,32.4,32.25,30.75,35.63,33.38,35.06,33.73
2016-04-09T13:00,2016-04-09,13,33.89,33.66,32.98,32.83,32.97,31.43,35.79,33.42,35.72,34.82
2016-04-09T14:00,2016-04-09,14,34.32,34.15,32.86,33.05,33.63,32.07,36.25,33.58,36.13,35.63
2016-04-09T15:00,2016-04-09,15,34.39,34.36,32.41,33.05,33.92,32.19,36.28,33.43,36.11,35.87
2016-04-09T16:00,2016-04-09,16,34.02,34.2,31.58,32.73,33.69,31.85,35.82,32.82,35.62,35.53
2016-04-09T17:00,2016-04-09,17,33.12,33.5,30.45,31.84,32.94,31.36,34.81,31.78,34.54,34.3
2016-04-09T18:00,2016-04-09,18,31.56,32.11,29.15,30.55,31.58,29.71,33.08,30.59,32.64,32.08
2016-04-09T19:00,2016-04-09,19,30.02,31.01,28.08,29.34,29.56,26.65,31.52,29.38,31.0,29.94
2016-04-09T20:00,2016-04-09,20,29.01,30.28,27.39,28.53,28.44,24.4,30.52,28.56,29.96,28.5
2016-04-09T21:00,2016-04-09,21,28.26,29.67,26.93,27.9,27.53,23.39,29.64,28.06,29.13,27.45
2016-04-09T22:00,2016-04-09,22,27.6,28.99,26.58,27.36,26.74,22.97,28.89,27.62,28.36,26.47
2016-04-09T23:00,2016-04-09,23,27.01,28.27,26.24,26.94,26.09,22.51,28.46,27.35,27.69,25.52
2016-04-10T00:00,2016-04-10,0,26.5,27.6,25.98,26.55,25.47,22.24,28.16,27.05,27.13,24.78
2016-04-10T01:00,2016-04-10,1,26.3,27.13,26.02,26.27,26.31,23.32,27.81,26.95,26.6,24.04
2016-04-10T02:00,2016-04-10,2,25.86,26.74,25.82,26.02,25.74,22.94,27.44,26.75,25.97,23.19
2016-04-10T03:00,2016-04-10,3,25.51,26.42,25.66,25.88,25.48,22.58,27.1,26.68,25.3,22.49
2016-04-10T04:00,2016-04-10,4,25.18,26.12,25.57,25.81,24.89,22.5,26.75,26.53,24.68,21.92
2016-04-10T05:00,2016-04-10,5,24.84,25.75,25.43,25.73,24.42,22.49,26.41,26.47,24.0,21.38
2016-04-10T06:00,2016-04-10,6,24.63,25.47,25.42,25.8,24.38,22.6,26.11,26.43,23.23,21.2
2016-04-10T07:00,2016-04-10,7,25.61,26.4,26.55,26.8,25.18,23.57,27.05,27.36,24.13,22.45
2016-04-10T08:00,2016-04-10,8,27.76,28.19,28.43,28.44,26.67,25.01,29.39,29.19,27.86,25.36
2016-04-10T09:00,2016-04-10,9,29.5,29.78,30.04,29.72,28.35,26.32,31.51,30.75,30.13,27.48
2016-04-10T10:00,2016-04-10,10,31.04,31.2,31.45,30.85,29.9,27.78,33.4,32.07,32.04,29.3
2016-04-10T11:00,2016-04-10,11,32.39,32.49,32.51,31.92,31.17,29.5,34.99,33.18,33.6,30.84
2016-04-10T12:00,2016-04-10,12,33.45,33.53,33.08,32.76,32.22,31.04,36.17,33.97,34.83,32.08
2016-04-10T13:00,2016-04-10,13,33.91,33.98,32.49,32.8,33.26,31.99,36.52,33.93,35.8,32.99
2016-04-10T14:00,2016-04-10,14,34.3,34.39,32.31,33.02,33.81,32.58,36.96,33.95,36.36,33.69
2016-04-10T15:00,2016-04-10,15,34.4,34.54,31.99,32.9,34.03,32.52,37.08,33.76,36.57,34.2
2016-04-10T16:00,2016-04-10,16,34.03,34.25,31.28,32.4,33.72,32.04,36.71,33.07,36.22,34.22
2016-04-10T17:00,2016-04-10,17,33.09,33.45,30.37,31.47,32.99,31.26,35.5,31.95,35.0,33.3
2016-04-10T18:00,2016-04-10,18,31.42,31.94,29.12,30.08,31.57,29.89,33.54,30.44,32.78,31.07
2016-04-10T19:00,2016-04-10,19,29.93,30.65,28.08,28.83,29.77,28.6,31.93,29.12,30.84,29.08
2016-04-10T20:00,2016-04-10,20,28.94,29.89,27.32,27.93,28.76,27.26,30.84,28.22,29.63,27.82
2016-04-10T21:00,2016-04-10,21,28.26,29.24,26.77,27.32,28.28,26.52,29.95,27.67,28.89,26.95
2016-04-10T22:00,2016-04-10,22,27.66,28.59,26.34,26.79,27.87,26.01,29.14,27.24,28.29,26.22
2016-04-10T23:00,2016-04-10,23,27.15,27.94,26.06,26.4,27.49,25.53,28.49,26.93,27.77,25.68
2016-04-11T00:00,2016-04-11,0,26.65,27.29,25.89,26.04,26.97,25.06,27.97,26.7,27.14,25.17
2016-04-11T01:00,2016-04-11,1,26.39,26.89,25.75,25.85,26.64,24.87,27.73,26.59,26.74,25.12
2016-04-11T02:00,2016-04-11,2,26.06,26.46,25.54,25.75,26.27,24.48,27.45,26.45,26.32,24.76
2016-04-11T03:00,2016-04-11,3,25.8,26.12,25.41,25.83,25.97,24.24,27.19,26.38,25.82,24.37
2016-04-11T04:00,2016-04-11,4,25.54,25.84,25.3,25.85,25.63,24.11,26.97,26.28,25.27,23.97
2016-04-11T05:00,2016-04-11,5,25.35,25.64,25.29,25.77,25.5,24.39,26.74,26.27,24.67,23.63
2016-04-11T06:00,2016-04-11,6,25.17,25.49,25.31,25.83,25.25,24.5,26.45,26.22,24.03,23.4
2016-04-11T07:00,2016-04-11,7,26.1,26.43,26.34,26.86,25.8,25.14,27.49,27.22,24.85,24.48
2016-04-11T08:00,2016-04-11,8,28.05,28.31,28.17,28.22,27.33,26.17,29.9,29.31,27.85,26.53
2016-04-11T09:00,2016-04-11,9,29.78,29.96,29.97,29.64,28.73,27.48,32.01,30.93,30.17,28.19
2016-04-11T10:00,2016-04-11,10,31.42,31.55,31.61,31.05,30.2,28.97,34.02,32.32,32.14,29.85
2016-04-11T11:00,2016-04-11,11,32.78,32.93,32.97,32.09,31.48,30.14,35.68,33.51,33.75,31.19
2016-04-11T12:00,2016-04-11,12,33.88,34.09,33.93,32.85,32.68,31.33,36.95,34.42,34.97,32.32
2016-04-11T13:00,2016-04-11,13,34.51,34.76,33.71,33.05,33.75,32.27,37.57,34.42,35.98,33.39
2016-04-11T14:00,2016-04-11,14,35.01,35.28,33.55,33.32,34.36,32.84,38.13,34.68,36.64,34.34
2016-04-11T15:00,2016-04-11,15,35.18,35.49,32.97,33.26,34.59,33.03,38.23,34.66,37.02,35.11
2016-04-11T16:00,2016-04-11,16,34.8,35.21,32.0,32.79,34.31,32.81,37.11,34.03,36.77,35.65
2016-04-11T17:00,2016-04-11,17,33.86,34.27,30.92,31.93,33.46,31.83,35.98,32.92,35.62,35.25
2016-04-11T18:00,2016-04-11,18,32.21,32.66,29.61,30.55,31.88,30.55,34.06,31.5,33.51,33.26
2016-04-11T19:00,2016-04-11,19,30.69,31.44,28.58,29.39,30.24,29.23,32.52,30.2,31.58,30.57
2016-04-11T20:00,2016-04-11,20,29.78,30.71,27.91,28.65,29.42,28.04,31.55,29.24,30.49,29.21
2016-04-11T21:00,2016-04-11,21,29.08,30.13,27.54,28.08,28.94,26.84,30.85,28.72,29.8,27.8
2016-04-11T22:00,2016-04-11,22,28.56,29.58,27.33,27.65,28.66,25.84,30.35,28.47,29.3,27.05
2016-04-11T23:00,2016-04-11,23,28.08,28.95,27.09,27.31,28.28,25.13,29.93,28.35,28.89,26.27
2016-04-12T00:00,2016-04-12,0,27.61,28.47,26.98,27.07,27.48,24.78,29.53,28.25,28.44,25.18
2016-04-12T01:00,2016-04-12,1,27.04,27.67,26.82,26.85,26.87,25.04,28.64,27.75,28.02,24.07
2016-04-12T02:00,2016-04-12,2,26.64,27.3,26.65,26.7,26.09,24.79,28.11,27.55,27.45,23.52
2016-04-12T03:00,2016-04-12,3,26.31,26.92,26.63,26.61,25.58,24.88,27.63,27.4,26.76,23.1
2016-04-12T04:00,2016-04-12,4,25.97,26.53,26.59,26.56,24.95,24.89,27.22,27.35,26.01,22.77
2016-04-12T05:00,2016-04-12,5,25.63,26.19,26.59,26.49,24.2,24.94,26.82,27.32,25.25,22.28
2016-04-12T06:00,2016-04-12,6,25.41,25.91,26.67,26.53,24.01,25.17,26.49,27.28,24.51,21.93
2016-04-12T07:00,2016-04-12,7,26.34,26.87,27.53,27.54,25.39,25.97,27.44,28.26,24.93,23.15
2016-04-12T08:00,2016-04-12,8,28.58,28.89,29.33,29.24,27.65,27.43,29.97,30.1,28.26,26.04
2016-04-12T09:00,2016-04-12,9,30.48,30.61,31.06,30.56,29.37,29.08,32.22,31.73,30.88,28.39
2016-04-12T10:00,2016-04-12,10,32.18,32.29,32.35,31.87,31.02,30.58,34.26,33.17,32.94,30.47
2016-04-12T11:00,2016-04-12,11,33.55,33.74,33.47,33.0,32.4,31.6,35.72,34.17,34.47,32.23
2016-04-12T12:00,2016-04-12,12,34.6,34.83,33.93,33.73,33.46,32.93,36.8,35.1,35.58,33.76
2016-04-12T13:00,2016-04-12,13,34.63,34.78,32.76,33.14,34.21,33.47,36.96,34.21,36.15,34.52
2016-04-12T14:00,2016-04-12,14,35.06,35.12,32.73,33.46,34.46,33.83,37.42,34.93,36.61,35.69
2016-04-12T15:00,2016-04-12,15,35.1,35.09,32.47,33.59,34.28,32.94,37.54,35.16,36.77,36.46
2016-04-12T16:00,2016-04-12,16,34.72,34.67,31.88,33.26,33.69,32.57,37.2,34.94,36.3,36.35
2016-04-12T17:00,2016-04-12,17,33.75,33.66,31.08,32.4,32.59,31.96,36.29,34.11,35.12,35.27
2016-04-12T18:00,2016-04-12,18,32.07,32.1,29.93,31.0,30.8,30.65,34.29,32.54,33.1,33.03
2016-04-12T19:00,2016-04-12,19,30.61,30.77,29.02,29.72,29.39,29.73,32.66,31.01,31.15,30.97
2016-04-12T20:00,2016-04-12,20,29.69,30.13,28.44,28.81,28.61,28.45,31.63,30.14,29.84,29.73
2016-04-12T21:00,2016-04-12,21,28.96,29.59,27.99,28.13,28.0,27.46,30.74,29.42,28.82,28.84
2016-04-12T22:00,2016-04-12,22,28.39,29.11,27.63,27.69,27.39,26.76,29.99,28.95,27.94,28.28
2016-04-12T23:00,2016-04-12,23,27.87,28.66,27.31,27.28,26.86,26.17,29.52,28.55,27.17,27.61
2016-04-13T00:00,2016-04-13,0,27.41,28.17,27.09,27.01,26.36,25.54,29.07,28.21,26.59,26.93
2016-04-13T01:00,2016-04-13,1,27.16,27.94,27.07,27.05,25.93,25.39,28.59,28.16,26.24,26.43
2016-04-13T02:00,2016-04-13,2,26.85,27.67,26.99,27.11,25.66,25.35,28.09,27.98,25.64,25.66
2016-04-13T03:00,2016-04-13,3,26.47,27.25,26.87,27.16,25.4,25.31,27.57,27.75,24.98,24.81
2016-04-13T04:00,2016-04-13,4,26.01,26.76,26.79,26.9,24.86,25.12,27.04,27.53,24.29,24.05
2016-04-13T05:00,2016-04-13,5,25.62,26.32,26.7,26.65,24.25,25.35,26.48,27.31,23.69,23.44
2016-04-13T06:00,2016-04-13,6,25.3,25.94,26.79,26.67,23.65,25.55,25.94,27.15,23.15,22.79
2016-04-13T07:00,2016-04-13,7,26.3,26.96,27.56,27.66,25.05,26.31,27.12,28.31,24.18,23.47
2016-04-13T08:00,2016-04-13,8,28.63,29.15,29.03,29.12,27.6,27.7,30.19,29.8,27.73,26.59
2016-04-13T09:00,2016-04-13,9,30.5,30.89,30.32,30.25,29.57,29.32,32.44,31.08,30.52,29.09
2016-04-13T10:00,2016-04-13,10,32.11,32.46,31.46,31.59,31.3,30.75,34.27,32.4,32.47,30.97
2016-04-13T11:00,2016-04-13,11,33.21,33.61,31.99,32.27,32.66,31.89,35.42,33.48,33.73,32.49
2016-04-13T12:00,2016-04-13,12,34.0,34.37,31.88,33.1,33.53,32.92,36.18,34.33,34.58,33.73
2016-04-13T13:00,2016-04-13,13,34.16,34.32,32.09,33.25,33.83,32.68,36.36,34.35,34.98,34.35
2016-04-13T14:00,2016-04-13,14,34.35,34.41,31.75,33.4,33.78,32.93,36.75,34.51,35.39,34.96
2016-04-13T15:00,2016-04-13,15,34.41,34.34,32.02,33.4,33.53,32.93,36.91,34.45,35.61,35.28
2016-04-13T16:00,2016-04-13,16,34.03,33.93,31.46,32.83,32.97,32.59,36.73,33.93,35.35,35.18
2016-04-13T17:00,2016-04-13,17,33.03,33.01,30.47,31.84,31.84,31.41,35.64,32.75,34.44,34.26
2016-04-13T18:00,2016-04-13,18,31.37,31.58,29.39,30.54,30.02,29.52,33.75,31.16,32.34,32.12
2016-04-13T19:00,2016-04-13,19,29.68,30.0,28.59,29.31,28.34,28.15,31.85,29.83,29.75,29.75
2016-04-13T20:00,2016-04-13,20,28.65,29.35,28.13,28.56,26.66,27.14,30.63,29.03,28.1,28.21
2016-04-13T21:00,2016-04-13,21,27.95,28.91,27.77,28.08,26.06,25.97,29.79,28.51,26.93,27.12
2016-04-13T22:00,2016-04-13,22,27.4,28.48,27.46,27.65,25.95,25.17,29.16,28.17,26.09,26.1
2016-04-13T23:00,2016-04-13,23,26.93,28.0,27.28,27.3,25.98,24.51,28.56,27.82,25.48,25.29
2016-04-14T00:00,2016-04-14,0,26.48,27.53,27.24,27.06,26.01,23.55,28.03,27.69,25.1,24.15
2016-04-14T01:00,2016-04-14,1,26.12,27.1,27.1,26.87,25.77,23.12,27.59,27.53,25.13,23.1
2016-04-14T02:00,2016-04-14,2,25.83,26.71,27.08,26.91,25.52,22.26,27.39,27.5,24.77,22.64
2016-04-14T03:00,2016-04-14,3,25.51,26.37,26.9,26.89,25.02,21.41,27.07,27.49,24.4,22.27
2016-04-14T04:00,2016-04-14,4,25.21,26.05,26.68,26.94,24.52,20.93,26.82,27.44,23.9,21.85
2016-04-14T05:00,2016-04-14,5,24.96,25.89,26.7,26.92,23.94,20.62,26.54,27.42,23.32,21.46
2016-04-14T06:00,2016-04-14,6,24.75,25.82,26.61,26.84,23.58,20.48,26.31,27.27,22.75,21.21
2016-04-14T07:00,2016-04-14,7,25.69,26.77,27.14,27.55,24.0,21.16,27.23,28.19,23.99,22.89
2016-04-14T08:00,2016-04-14,8,27.43,28.33,28.13,28.71,25.01,21.71,29.26,29.42,27.24,25.83
2016-04-14T09:00,2016-04-14,9,29.03,29.76,29.63,29.88,26.12,22.56,31.33,30.73,29.58,28.07
2016-04-14T10:00,2016-04-14,10,30.45,31.05,30.55,30.79,27.43,23.35,33.43,31.89,31.72,29.91
2016-04-14T11:00,2016-04-14,11,31.82,32.44,31.65,31.85,28.25,24.64,35.26,32.83,33.55,31.42
2016-04-14T12:00,2016-04-14,12,33.01,33.6,32.34,32.64,29.61,26.52,36.6,33.62,34.99,32.73
2016-04-14T13:00,2016-04-14,13,33.47,34.15,32.46,32.12,30.1,27.61,36.55,33.4,36.37,33.71
2016-04-14T14:00,2016-04-14,14,33.86,34.54,32.45,31.89,31.37,28.42,36.91,33.17,36.98,34.33
2016-04-14T15:00,2016-04-14,15,33.65,33.78,32.1,31.25,32.17,29.26,36.79,32.39,37.11,34.5
2016-04-14T16:00,2016-04-14,16,32.93,32.68,31.05,30.81,31.75,29.37,35.95,31.53,36.69,33.89
2016-04-14T17:00,2016-04-14,17,31.7,31.72,30.0,30.23,28.82,28.34,34.43,30.74,35.35,32.3
2016-04-14T18:00,2016-04-14,18,29.97,30.24,28.96,29.4,26.48,25.27,32.61,29.9,33.22,29.76
2016-04-14T19:00,2016-04-14,19,28.65,29.22,28.23,28.74,25.07,24.03,30.93,29.09,30.95,27.68
2016-04-14T20:00,2016-04-14,20,27.92,28.65,27.92,28.23,24.48,23.66,29.91,28.54,29.55,26.57
2016-04-14T21:00,2016-04-14,21,27.37,28.2,27.58,27.76,24.34,23.5,29.06,28.25,28.33,25.99
2016-04-14T22:00,2016-04-14,22,26.99,27.77,27.43,27.43,24.39,23.43,28.39,27.98,27.7,25.47
2016-04-14T23:00,2016-04-14,23,26.61,27.36,27.16,27.2,24.48,23.2,27.91,27.76,26.98,24.94
2016-04-15T00:00,2016-04-15,0,26.36,27.09,26.97,27.06,24.57,22.71,27.66,27.65,26.63,24.48
2016-04-15T01:00,2016-04-15,1,26.32,27.16,27.05,27.02,25.02,22.37,27.66,27.75,26.67,23.67
2016-04-15T02:00,2016-04-15,2,26.19,27.2,26.94,27.14,24.83,21.72,27.64,27.72,26.42,23.18
2016-04-15T03:00,2016-04-15,3,25.99,27.07,26.92,27.25,24.2,21.28,27.55,27.7,26.05,22.81
2016-04-15T04:00,2016-04-15,4,25.79,26.95,26.75,27.25,23.4,21.14,27.44,27.68,25.76,22.45
2016-04-15T05:00,2016-04-15,5,25.62,26.91,26.57,27.12,22.77,21.09,27.25,27.59,25.43,22.36
2016-04-15T06:00,2016-04-15,6,25.51,26.85,26.54,27.0,22.35,21.11,27.06,27.61,25.07,22.48
2016-04-15T07:00,2016-04-15,7,26.1,27.27,27.0,27.39,22.62,21.32,27.79,28.09,26.36,23.35
2016-04-15T08:00,2016-04-15,8,27.13,28.13,27.91,28.22,23.27,21.61,29.3,29.11,28.06,24.69
2016-04-15T09:00,2016-04-15,9,28.49,29.49,29.06,29.68,24.24,22.25,31.19,30.36,29.63,26.03
2016-04-15T10:00,2016-04-15,10,29.82,30.84,30.33,30.78,25.58,22.86,33.23,31.48,31.27,27.17
2016-04-15T11:00,2016-04-15,11,31.01,32.17,31.44,31.75,26.58,23.44,35.02,32.47,32.72,27.98
2016-04-15T12:00,2016-04-15,12,32.0,33.12,32.21,32.46,27.61,24.19,36.55,33.24,34.02,28.88
2016-04-15T13:00,2016-04-15,13,32.11,33.24,32.28,32.18,27.97,26.62,36.75,33.21,33.56,28.44
2016-04-15T14:00,2016-04-15,14,32.64,33.9,32.28,32.55,28.62,27.74,37.23,33.16,34.32,28.92
2016-04-15T15:00,2016-04-15,15,32.74,34.13,31.84,32.29,29.36,27.94,37.3,32.34,34.56,29.31
2016-04-15T16:00,2016-04-15,16,32.4,33.84,31.16,31.69,29.29,27.78,36.73,31.78,34.42,29.22
2016-04-15T17:00,2016-04-15,17,31.43,32.68,30.14,30.89,28.67,26.8,35.33,30.93,33.36,28.88
2016-04-15T18:00,2016-04-15,18,30.0,30.82,29.06,29.81,27.62,25.84,33.25,29.92,31.47,28.24
2016-04-15T19:00,2016-04-15,19,28.54,29.02,28.16,28.54,26.52,24.67,31.23,29.01,29.65,27.23
2016-04-15T20:00,2016-04-15,20,27.47,27.64,27.72,27.43,25.71,23.52,30.01,28.49,28.37,26.51
2016-04-15T21:00,2016-04-15,21,26.72,26.78,27.26,26.74,24.93,22.88,29.15,28.12,27.46,25.79
2016-04-15T22:00,2016-04-15,22,26.29,26.35,26.89,26.55,24.5,22.53,28.6,27.81,26.84,25.24
2016-04-15T23:00,2016-04-15,23,25.97,26.12,26.66,26.53,23.94,22.13,28.12,27.57,26.42,24.79
2016-04-16T00:00,2016-04-16,0,25.69,25.95,26.5,26.45,23.05,21.68,27.8,27.44,26.14,24.35
2016-04-16T01:00,2016-04-16,1,25.75,26.41,26.43,26.65,22.84,21.67,27.71,27.63,25.94,23.99
2016-04-16T02:00,2016-04-16,2,25.59,26.24,26.34,26.46,22.47,21.58,27.6,27.73,25.76,23.78
2016-04-16T03:00,2016-04-16,3,25.22,25.7,26.14,25.8,22.01,21.48,27.3,27.65,25.53,23.52
2016-04-16T04:00,2016-04-16,4,24.87,25.09,25.91,25.02,21.73,21.41,27.18,27.53,25.31,23.48
2016-04-16T05:00,2016-04-16,5,24.62,24.71,25.8,24.3,21.48,21.39,27.07,27.43,25.27,23.4
2016-04-16T06:00,2016-04-16,6,24.65,24.73,25.78,24.46,21.54,21.59,27.15,27.39,25.14,23.37
2016-04-16T07:00,2016-04-16,7,25.2,25.35,26.94,25.48,21.98,21.98,27.87,27.9,25.02,23.58
2016-04-16T08:00,2016-04-16,8,26.31,26.77,28.61,27.54,22.57,22.61,29.09,29.02,25.37,23.76
2016-04-16T09:00,2016-04-16,9,27.6,28.33,30.29,29.39,23.09,23.72,30.66,30.16,26.43,24.1
2016-04-16T10:00,2016-04-16,10,28.87,29.96,31.36,30.57,24.02,24.95,32.23,31.2,28.0,24.47
2016-04-16T11:00,2016-04-16,11,29.76,31.06,31.99,31.46,24.29,25.53,33.8,32.03,29.19,24.67
2016-04-16T12:00,2016-04-16,12,30.72,32.56,32.72,32.41,24.37,25.92,35.1,32.69,30.08,25.36
2016-04-16T13:00,2016-04-16,13,30.6,32.01,32.93,32.19,24.58,26.97,35.46,32.47,29.25,25.64
2016-04-16T14:00,2016-04-16,14,30.79,31.98,32.69,32.25,24.91,27.93,35.86,32.43,29.64,25.92
2016-04-16T15:00,2016-04-16,15,30.49,31.76,32.19,31.92,24.73,28.14,35.28,32.08,28.75,26.23
2016-04-16T16:00,2016-04-16,16,29.85,31.28,31.29,31.45,24.64,27.51,33.72,31.54,27.93,25.82
2016-04-16T17:00,2016-04-16,17,28.95,30.15,30.23,30.53,23.87,26.21,32.6,30.69,27.3,25.7
2016-04-16T18:00,2016-04-16,18,27.96,28.76,29.14,29.48,23.26,25.1,31.57,29.83,26.66,25.31
2016-04-16T19:00,2016-04-16,19,27.21,28.03,28.37,28.81,22.95,24.44,30.51,29.18,25.68,24.59
2016-04-16T20:00,2016-04-16,20,26.69,27.62,27.9,28.28,22.66,24.27,29.62,28.73,24.81,24.05
2016-04-16T21:00,2016-04-16,21,26.15,26.89,27.54,27.81,22.51,24.02,29.0,28.44,24.13,23.48
2016-04-16T22:00,2016-04-16,22,25.83,26.43,27.3,27.62,22.52,24.08,28.61,28.31,23.59,23.08
2016-04-16T23:00,2016-04-16,23,25.56,26.15,27.01,27.34,22.46,23.89,28.28,28.17,23.21,22.75
2016-04-17T00:00,2016-04-17,0,25.41,26.02,26.98,27.25,22.47,23.58,28.0,28.06,23.02,22.5
2016-04-17T01:00,2016-04-17,1,25.34,25.99,27.13,27.18,21.95,22.49,27.96,28.07,23.67,22.28
2016-04-17T02:00,2016-04-17,2,25.35,26.14,27.02,27.18,22.09,22.13,27.85,27.93,23.82,22.15
2016-04-17T03:00,2016-04-17,3,25.32,26.29,26.82,27.1,22.25,21.85,27.64,27.81,23.87,22.01
2016-04-17T04:00,2016-04-17,4,25.29,26.38,26.58,26.99,22.36,21.67,27.45,27.73,24.08,21.91
2016-04-17T05:00,2016-04-17,5,25.24,26.4,26.45,26.78,22.26,21.62,27.23,27.51,24.25,21.89
2016-04-17T06:00,2016-04-17,6,25.18,26.19,26.35,26.81,22.12,21.63,27.14,27.53,24.41,21.89
2016-04-17T07:00,2016-04-17,7,25.52,26.22,27.04,27.22,22.21,21.75,28.0,28.29,24.59,22.42
2016-04-17T08:00,2016-04-17,8,26.14,26.24,28.33,28.06,22.41,22.13,29.53,29.58,24.87,23.38
2016-04-17T09:00,2016-04-17,9,26.89,26.61,30.01,28.77,23.05,22.73,30.91,30.69,25.06,24.4
2016-04-17T10:00,2016-04-17,10,27.71,27.25,31.32,29.08,23.88,23.26,32.34,31.76,25.51,25.75
2016-04-17T11:00,2016-04-17,11,28.33,27.61,32.33,28.91,24.99,23.96,33.4,32.17,26.06,26.99
2016-04-17T12:00,2016-04-17,12,28.87,27.71,32.98,28.55,26.11,24.91,34.38,32.61,26.88,28.17
2016-04-17T13:00,2016-04-17,13,30.04,30.13,33.06,31.1,25.54,25.57,34.88,31.99,28.51,28.15
2016-04-17T14:00,2016-04-17,14,30.39,30.66,32.73,31.35,26.15,26.12,35.34,32.2,29.21,27.93
2016-04-17T15:00,2016-04-17,15,30.48,30.84,32.12,31.54,26.35,26.27,35.52,32.1,29.44,27.89
2016-04-17T16:00,2016-04-17,16,30.41,31.15,31.48,31.41,26.89,26.11,35.32,31.61,29.03,27.76
2016-04-17T17:00,2016-04-17,17,29.88,30.92,30.51,30.88,26.47,25.44,34.41,30.96,28.38,27.47
2016-04-17T18:00,2016-04-17,18,28.96,29.99,29.5,29.9,25.72,24.39,32.82,30.07,27.82,26.88
2016-04-17T19:00,2016-04-17,19,27.88,28.79,28.58,28.82,24.55,23.34,31.16,29.17,27.07,26.15
2016-04-17T20:00,2016-04-17,20,27.09,27.9,28.02,28.09,23.63,22.58,30.15,28.6,26.26,25.54
2016-04-17T21:00,2016-04-17,21,26.53,27.12,27.64,27.59,23.15,22.24,29.4,28.28,25.69,25.22
2016-04-17T22:00,2016-04-17,22,26.02,26.27,27.4,27.06,22.76,21.89,28.88,28.1,25.35,24.87
2016-04-17T23:00,2016-04-17,23,25.62,25.57,27.15,26.85,22.51,21.73,28.44,27.92,24.92,24.58
2016-04-18T00:00,2016-04-18,0,25.3,25.17,26.92,26.66,22.2,21.7,28.11,27.78,24.42,24.22
2016-04-18T01:00,2016-04-18,1,25.21,25.14,26.92,27.03,22.22,22.91,27.89,27.81,23.44,23.57
2016-04-18T02:00,2016-04-18,2,25.11,25.3,26.67,26.82,21.97,22.92,27.79,27.64,23.12,23.36
2016-04-18T03:00,2016-04-18,3,24.98,25.37,26.47,26.65,21.72,22.95,27.62,27.56,22.86,22.94
2016-04-18T04:00,2016-04-18,4,24.98,25.59,26.34,26.82,21.74,22.9,27.53,27.52,22.65,22.68
2016-04-18T05:00,2016-04-18,5,24.94,25.73,26.16,26.78,21.82,22.8,27.4,27.47,22.5,22.49
2016-04-18T06:00,2016-04-18,6,25.05,25.96,26.29,26.94,22.07,22.81,27.39,27.48,22.37,22.65
2016-04-18T07:00,2016-04-18,7,25.54,26.4,27.14,27.43,22.41,23.1,28.03,28.31,22.63,23.15
2016-04-18T08:00,2016-04-18,8,26.42,27.07,28.77,28.43,23.11,23.39,29.17,29.43,23.3,24.18
2016-04-18T09:00,2016-04-18,9,27.64,28.22,30.4,29.41,24.52,23.67,30.33,30.27,24.6,26.12
2016-04-18T10:00,2016-04-18,10,28.99,29.67,31.49,30.25,25.77,23.91,32.0,31.2,26.77,27.76
2016-04-18T11:00,2016-04-18,11,30.04,30.68,32.31,30.98,26.36,24.1,33.59,32.01,28.73,28.89
2016-04-18T12:00,2016-04-18,12,30.99,31.62,32.98,31.73,27.17,24.24,35.06,32.85,30.26,29.75
2016-04-18T13:00,2016-04-18,13,31.19,31.79,33.0,31.29,28.75,25.1,34.81,32.48,30.81,29.83
2016-04-18T14:00,2016-04-18,14,31.4,32.11,32.63,31.4,29.0,24.67,35.26,32.67,31.62,29.82
2016-04-18T15:00,2016-04-18,15,31.38,32.28,31.88,31.33,28.21,24.37,35.52,32.6,32.12,29.74
2016-04-18T16:00,2016-04-18,16,31.14,32.16,31.36,30.84,27.08,24.25,35.43,32.19,32.46,29.52
2016-04-18T17:00,2016-04-18,17,30.34,31.23,30.52,29.78,25.29,23.81,34.75,31.34,32.27,29.09
2016-04-18T18:00,2016-04-18,18,28.88,28.83,29.36,28.68,23.95,23.49,33.43,30.21,30.91,28.14
2016-04-18T19:00,2016-04-18,19,27.38,26.54,28.32,28.02,23.0,23.11,32.04,29.21,28.5,26.91
2016-04-18T20:00,2016-04-18,20,26.28,24.87,27.79,27.74,22.52,22.97,30.8,28.71,26.28,26.02
2016-04-18T21:00,2016-04-18,21,25.74,24.72,27.35,27.44,22.01,22.8,29.65,28.38,24.98,25.21
2016-04-18T22:00,2016-04-18,22,25.37,24.8,27.06,27.28,21.85,22.73,28.2,28.21,24.16,24.58
2016-04-18T23:00,2016-04-18,23,25.15,24.93,26.97,27.16,21.77,22.64,27.44,28.0,23.52,24.06
2016-04-19T00:00,2016-04-19,0,25.05,24.97,26.83,27.04,21.68,22.8,27.27,27.85,23.31,23.7
2016-04-19T01:00,2016-04-19,1,25.31,25.58,26.74,26.97,21.53,21.68,28.38,27.79,23.82,23.87
2016-04-19T02:00,2016-04-19,2,25.15,25.34,26.71,26.91,21.5,21.44,28.22,27.76,23.56,23.72
2016-04-19T03:00,2016-04-19,3,25.0,25.27,26.6,26.77,21.48,21.3,28.08,27.74,23.21,23.45
2016-04-19T04:00,2016-04-19,4,24.96,25.35,26.59,26.77,21.47,21.24,27.9,27.72,23.04,23.27
2016-04-19T05:00,2016-04-19,5,24.89,25.26,26.5,26.79,21.46,21.22,27.72,27.69,23.01,23.14
2016-04-19T06:00,2016-04-19,6,24.88,25.24,26.59,26.83,21.4,21.09,27.55,27.75,23.18,23.06
2016-04-19T07:00,2016-04-19,7,25.54,25.86,27.15,27.63,21.53,21.23,28.56,28.57,24.31,23.45
2016-04-19T08:00,2016-04-19,8,26.43,26.73,28.1,28.69,21.66,21.35,30.16,29.81,25.6,23.89
2016-04-19T09:00,2016-04-19,9,27.39,27.66,28.98,29.68,21.92,21.66,31.97,31.18,26.75,24.49
2016-04-19T10:00,2016-04-19,10,28.45,28.67,30.53,30.86,22.62,21.94,33.78,32.36,27.64,25.32
2016-04-19T11:00,2016-04-19,11,29.39,29.71,32.33,31.03,23.18,22.48,35.46,33.41,28.56,25.88
2016-04-19T12:00,2016-04-19,12,30.35,30.94,33.34,31.69,23.91,22.95,36.78,34.19,29.51,26.7
2016-04-19T13:00,2016-04-19,13,32.74,33.85,33.09,32.77,29.29,25.32,37.21,34.12,34.41,29.56
2016-04-19T14:00,2016-04-19,14,33.3,34.49,32.7,32.98,30.28,25.88,37.79,34.46,35.54,30.24
2016-04-19T15:00,2016-04-19,15,33.49,34.8,32.13,33.25,31.26,26.21,37.11,34.34,35.66,31.04
2016-04-19T16:00,2016-04-19,16,32.88,34.45,31.55,32.83,31.21,26.5,35.76,33.59,33.46,31.3
2016-04-19T17:00,2016-04-19,17,31.53,31.95,30.66,31.97,29.17,26.2,34.79,32.26,32.58,30.78
2016-04-19T18:00,2016-04-19,18,29.51,28.52,29.48,30.54,26.33,24.96,33.45,30.91,31.13,29.48
2016-04-19T19:00,2016-04-19,19,28.04,26.92,28.54,29.32,25.21,23.25,32.04,29.87,29.22,27.8
2016-04-19T20:00,2016-04-19,20,27.26,26.48,28.07,28.23,24.44,22.81,31.06,29.1,28.02,26.66
2016-04-19T21:00,2016-04-19,21,26.79,26.36,27.72,27.75,23.85,22.66,30.26,28.61,27.23,25.81
2016-04-19T22:00,2016-04-19,22,26.5,26.39,27.37,27.55,23.39,22.61,29.65,28.21,26.75,25.21
2016-04-19T23:00,2016-04-19,23,26.3,26.46,27.13,27.35,23.24,22.34,29.21,27.96,26.38,24.81
2016-04-20T00:00,2016-04-20,0,26.1,26.52,26.89,27.06,23.06,22.06,28.85,27.81,26.11,24.37
2016-04-20T01:00,2016-04-20,1,26.18,26.67,26.69,26.98,23.06,21.73,28.82,27.73,26.71,24.61
2016-04-20T02:00,2016-04-20,2,26.04,26.6,26.48,26.91,23.01,21.91,28.57,27.59,26.44,24.18
2016-04-20T03:00,2016-04-20,3,25.88,26.48,26.48,26.84,23.04,22.02,28.28,27.56,26.09,23.75
2016-04-20T04:00,2016-04-20,4,25.75,26.36,26.42,26.79,23.09,22.08,28.0,27.54,25.75,23.51
2016-04-20T05:00,2016-04-20,5,25.65,26.29,26.3,26.79,23.24,22.14,27.74,27.52,25.39,23.34
2016-04-20T06:00,2016-04-20,6,25.64,26.3,26.35,26.87,23.55,22.28,27.56,27.53,25.15,23.24
2016-04-20T07:00,2016-04-20,7,26.48,27.19,27.35,27.71,24.36,22.99,28.42,28.46,26.33,23.44
2016-04-20T08:00,2016-04-20,8,27.85,28.6,28.52,29.03,25.64,24.4,30.05,29.72,28.28,24.12
2016-04-20T09:00,2016-04-20,9,29.3,29.91,29.99,30.33,27.32,25.98,31.89,30.95,30.07,25.16
2016-04-20T10:00,2016-04-20,10,30.63,31.18,31.32,31.32,28.82,26.99,33.65,32.03,31.88,26.25
2016-04-20T11:00,2016-04-20,11,31.88,32.47,32.26,32.2,30.02,28.27,35.23,32.85,33.6,27.35
2016-04-20T12:00,2016-04-20,12,32.75,33.36,32.79,32.79,30.95,29.08,36.55,33.45,35.03,27.83
2016-04-20T13:00,2016-04-20,13,33.26,33.83,33.26,32.8,31.96,29.63,36.73,33.59,36.06,28.54
2016-04-20T14:00,2016-04-20,14,33.74,34.32,33.06,33.11,33.03,30.41,37.12,33.58,37.0,29.01
2016-04-20T15:00,2016-04-20,15,33.76,34.45,32.47,32.87,33.22,30.16,37.15,33.23,37.43,29.23
2016-04-20T16:00,2016-04-20,16,33.25,34.13,31.6,32.31,32.32,28.91,36.82,32.53,37.25,28.83
2016-04-20T17:00,2016-04-20,17,32.2,33.35,30.5,31.47,30.37,27.02,35.82,31.56,36.36,27.81
2016-04-20T18:00,2016-04-20,18,30.6,31.96,29.31,30.18,27.14,25.49,34.04,30.41,34.17,26.74
2016-04-20T19:00,2016-04-20,19,29.08,30.73,28.4,29.19,24.47,24.37,32.21,29.36,31.42,25.55
2016-04-20T20:00,2016-04-20,20,28.03,29.45,28.08,28.58,23.5,23.9,30.83,28.67,29.41,24.79
2016-04-20T21:00,2016-04-20,21,27.21,28.42,27.64,28.05,23.02,23.58,29.81,28.24,27.81,24.25
2016-04-20T22:00,2016-04-20,22,26.73,27.9,27.47,27.74,22.79,23.37,29.11,28.0,26.77,23.78
2016-04-20T23:00,2016-04-20,23,26.4,27.48,27.14,27.41,22.8,23.34,28.68,27.77,26.25,23.55
2016-04-21T00:00,2016-04-21,0,26.21,27.2,27.09,27.25,22.82,23.29,28.42,27.6,26.06,23.28
2016-04-21T01:00,2016-04-21,1,26.35,26.99,26.71,27.09,24.58,24.35,28.23,27.47,26.59,23.31
2016-04-21T02:00,2016-04-21,2,26.33,26.93,26.61,27.11,25.25,24.33,28.14,27.48,26.36,23.25
2016-04-21T03:00,2016-04-21,3,26.29,26.84,26.53,27.04,25.6,24.54,27.99,27.57,26.2,23.17
2016-04-21T04:00,2016-04-21,4,26.2,26.75,26.49,26.97,25.71,24.46,27.8,27.51,25.97,23.1
2016-04-21T05:00,2016-04-21,5,26.15,26.72,26.6,27.0,25.78,24.3,27.67,27.56,25.73,23.04
2016-04-21T06:00,2016-04-21,6,26.16,26.73,26.72,27.09,25.81,24.16,27.61,27.74,25.57,23.1
2016-04-21T07:00,2016-04-21,7,26.99,27.5,27.64,27.88,26.35,24.49,28.53,28.56,27.01,23.79
2016-04-21T08:00,2016-04-21,8,28.31,28.77,29.09,29.06,27.29,25.17,30.17,29.78,28.92,25.03
2016-04-21T09:00,2016-04-21,9,29.65,29.99,30.07,30.04,28.78,26.07,32.06,30.83,30.74,26.56
2016-04-21T10:00,2016-04-21,10,30.95,31.35,31.02,30.84,29.81,26.81,34.05,32.07,32.63,27.71
2016-04-21T11:00,2016-04-21,11,32.15,32.67,31.75,31.47,31.5,26.25,35.77,33.0,34.45,29.32
2016-04-21T12:00,2016-04-21,12,33.1,33.88,32.47,32.2,32.35,25.08,37.1,33.49,35.96,30.71
2016-04-21T13:00,2016-04-21,13,33.98,34.42,32.47,32.18,33.45,30.31,36.9,32.94,36.99,32.9
2016-04-21T14:00,2016-04-21,14,34.29,34.8,32.09,32.23,34.0,30.04,37.17,32.76,37.68,33.92
2016-04-21T15:00,2016-04-21,15,34.24,34.76,31.67,32.26,34.01,28.81,37.17,32.55,37.9,34.44
2016-04-21T16:00,2016-04-21,16,33.67,34.3,30.94,31.84,33.52,26.86,36.14,31.99,37.65,34.5
2016-04-21T17:00,2016-04-21,17,32.58,33.22,30.19,30.9,32.44,24.13,35.04,31.02,36.59,33.9
2016-04-21T18:00,2016-04-21,18,31.24,32.0,29.36,29.99,30.97,22.38,33.48,30.08,34.9,32.12
2016-04-21T19:00,2016-04-21,19,29.89,30.9,28.93,29.26,28.87,21.69,31.95,29.33,32.78,29.52
2016-04-21T20:00,2016-04-21,20,28.86,29.96,28.58,28.68,27.44,21.53,30.74,28.99,31.23,27.38
2016-04-21T21:00,2016-04-21,21,28.13,29.13,28.43,28.38,26.51,21.77,29.87,28.73,30.29,25.67
2016-04-21T22:00,2016-04-21,22,27.62,28.51,28.31,28.25,25.4,22.05,29.35,28.51,29.6,24.69
2016-04-21T23:00,2016-04-21,23,27.29,28.14,28.14,28.07,24.22,22.28,29.09,28.35,29.23,24.24
2016-04-22T00:00,2016-04-22,0,27.0,27.82,28.01,27.93,23.26,22.36,28.91,28.35,28.76,23.94
2016-04-22T01:00,2016-04-22,1,26.92,27.55,27.91,27.84,25.23,21.77,28.67,28.4,27.83,24.3
2016-04-22T02:00,2016-04-22,2,26.79,27.6,27.71,27.76,24.74,21.55,28.58,28.34,27.53,24.14
2016-04-22T03:00,2016-04-22,3,26.66,27.57,27.51,27.74,24.49,21.49,28.42,28.31,27.17,24.02
2016-04-22T04:00,2016-04-22,4,26.48,27.46,27.24,27.65,24.41,21.46,28.27,28.17,26.74,23.75
2016-04-22T05:00,2016-04-22,5,26.38,27.41,27.12,27.55,24.43,21.61,28.08,28.14,26.36,23.6
2016-04-22T06:00,2016-04-22,6,26.35,27.47,27.11,27.46,24.49,21.75,27.98,28.2,26.1,23.52
2016-04-22T07:00,2016-04-22,7,27.0,28.02,27.54,28.0,25.0,22.29,28.85,28.76,27.3,24.09
2016-04-22T08:00,2016-04-22,8,28.16,29.15,28.16,29.0,26.11,22.53,30.5,30.18,29.4,24.86
2016-04-22T09:00,2016-04-22,9,29.41,30.48,29.03,30.02,27.41,22.8,32.18,30.96,31.25,26.13
2016-04-22T10:00,2016-04-22,10,30.73,31.76,29.8,31.03,29.31,23.51,34.08,31.7,33.14,27.39
2016-04-22T11:00,2016-04-22,11,32.09,33.32,30.54,31.97,30.89,23.87,35.94,32.7,34.93,28.92
2016-04-22T12:00,2016-04-22,12,33.15,34.4,31.16,32.65,32.23,24.88,37.27,32.94,36.33,30.27
2016-04-22T13:00,2016-04-22,13,33.51,34.78,31.41,32.38,32.0,25.74,37.42,32.63,37.16,31.46
2016-04-22T14:00,2016-04-22,14,33.92,35.19,31.32,32.61,32.61,25.96,37.89,32.73,37.84,32.22
2016-04-22T15:00,2016-04-22,15,33.9,35.15,31.21,32.43,32.65,26.01,37.82,32.5,38.09,32.27
2016-04-22T16:00,2016-04-22,16,33.32,34.57,30.59,31.75,31.99,25.2,37.29,31.97,37.78,31.72
2016-04-22T17:00,2016-04-22,17,32.24,33.25,29.93,31.04,31.02,23.91,36.16,31.31,36.71,30.32
2016-04-22T18:00,2016-04-22,18,30.88,31.91,29.32,30.13,29.18,22.96,34.56,30.36,34.95,28.35
2016-04-22T19:00,2016-04-22,19,29.62,30.94,28.84,29.37,27.29,22.5,32.86,29.46,32.88,26.3
2016-04-22T20:00,2016-04-22,20,28.68,30.21,28.52,28.94,26.13,22.62,31.46,29.04,30.58,25.02
2016-04-22T21:00,2016-04-22,21,27.93,29.56,27.77,28.56,25.69,22.96,30.4,28.76,28.56,24.26
2016-04-22T22:00,2016-04-22,22,27.47,28.94,27.54,28.38,25.69,23.24,29.7,28.52,27.45,23.77
2016-04-22T23:00,2016-04-22,23,27.12,28.42,27.46,28.2,25.73,23.13,29.25,28.35,26.79,23.38
2016-04-23T00:00,2016-04-23,0,26.91,28.04,27.45,28.12,25.97,22.89,29.01,28.28,26.49,23.12
2016-04-23T01:00,2016-04-23,1,26.91,27.82,27.24,28.09,26.6,23.16,28.66,28.26,26.73,23.3
2016-04-23T02:00,2016-04-23,2,26.86,27.86,27.03,28.0,26.72,23.07,28.5,28.19,26.85,23.03
2016-04-23T03:00,2016-04-23,3,26.74,27.73,26.98,27.92,26.7,23.14,28.31,28.1,26.72,22.76
2016-04-23T04:00,2016-04-23,4,26.59,27.46,26.93,27.76,26.7,23.32,28.19,28.09,26.36,22.6
2016-04-23T05:00,2016-04-23,5,26.42,27.31,26.97,27.67,26.44,23.52,28.08,27.99,25.8,22.32
2016-04-23T06:00,2016-04-23,6,26.37,27.33,27.07,27.74,26.37,23.42,27.99,28.14,25.42,22.18
2016-04-23T07:00,2016-04-23,7,27.28,28.23,27.58,28.37,27.11,23.74,28.97,29.04,27.07,23.32
2016-04-23T08:00,2016-04-23,8,28.72,29.67,28.73,29.7,28.15,24.12,30.68,30.19,29.21,25.15
2016-04-23T09:00,2016-04-23,9,30.11,30.98,29.92,30.77,29.49,24.43,32.51,31.37,31.2,27.01
2016-04-23T10:00,2016-04-23,10,31.42,32.15,31.18,31.48,30.89,24.68,34.48,32.44,33.21,28.68
2016-04-23T11:00,2016-04-23,11,32.77,33.6,31.85,32.4,31.96,25.89,36.16,33.13,35.14,30.34
2016-04-23T12:00,2016-04-23,12,33.82,34.63,32.22,32.89,33.32,26.7,37.59,33.75,36.8,31.76
2016-04-23T13:00,2016-04-23,13,33.72,34.82,31.94,32.22,33.3,25.58,37.36,33.09,36.87,32.44
2016-04-23T14:00,2016-04-23,14,34.05,35.32,31.79,32.16,33.72,25.09,37.66,32.9,37.58,33.57
2016-04-23T15:00,2016-04-23,15,34.05,35.28,31.1,32.09,33.67,24.99,37.56,32.65,37.86,34.26
2016-04-23T16:00,2016-04-23,16,33.62,34.89,30.64,31.72,33.38,24.24,36.98,32.06,37.35,34.18
2016-04-23T17:00,2016-04-23,17,32.43,33.78,29.88,31.03,31.69,23.37,35.02,31.37,35.23,33.53
2016-04-23T18:00,2016-04-23,18,30.78,31.88,28.98,30.14,28.62,22.77,33.22,30.51,32.87,31.98
2016-04-23T19:00,2016-04-23,19,29.4,30.54,28.52,29.48,25.62,22.37,32.07,29.72,31.02,29.48
2016-04-23T20:00,2016-04-23,20,28.58,29.83,28.2,29.06,23.89,22.12,31.19,29.26,29.92,28.05
2016-04-23T21:00,2016-04-23,21,27.96,29.06,28.02,28.74,23.04,21.88,30.49,29.06,29.19,27.01
2016-04-23T22:00,2016-04-23,22,27.39,28.05,27.9,28.39,22.82,21.82,29.99,28.9,28.5,26.22
2016-04-23T23:00,2016-04-23,23,27.0,27.52,27.72,28.27,22.76,21.86,29.65,28.77,27.77,25.48
2016-04-24T00:00,2016-04-24,0,26.78,27.41,27.58,28.3,22.77,21.78,29.36,28.62,26.99,25.01
2016-04-24T01:00,2016-04-24,1,27.06,28.03,27.57,28.42,23.5,21.93,29.22,28.56,27.54,24.91
2016-04-24T02:00,2016-04-24,2,26.93,27.96,27.39,28.35,23.65,21.77,29.05,28.56,27.23,24.54
2016-04-24T03:00,2016-04-24,3,26.8,27.93,27.33,28.3,23.77,21.65,28.81,28.55,26.85,24.27
2016-04-24T04:00,2016-04-24,4,26.59,27.69,27.02,28.23,23.82,21.54,28.48,28.55,26.47,23.98
2016-04-24T05:00,2016-04-24,5,26.36,27.39,26.42,28.21,23.86,21.6,28.15,28.51,26.11,23.8
2016-04-24T06:00,2016-04-24,6,26.31,27.31,26.37,28.28,23.91,21.73,27.94,28.48,25.77,23.94
2016-04-24T07:00,2016-04-24,7,27.16,28.26,26.36,28.68,24.39,21.98,29.13,29.25,27.32,25.26
2016-04-24T08:00,2016-04-24,8,28.71,29.78,26.81,30.06,25.57,22.46,31.35,30.65,29.88,27.13
2016-04-24T09:00,2016-04-24,9,30.33,31.22,27.56,31.37,26.92,23.92,33.74,32.05,32.13,29.19
2016-04-24T10:00,2016-04-24,10,31.87,32.74,27.75,32.7,28.34,24.99,35.86,33.35,34.21,31.35
2016-04-24T11:00,2016-04-24,11,33.36,34.17,29.24,34.02,29.69,25.72,37.5,34.76,35.93,33.39
2016-04-24T12:00,2016-04-24,12,34.41,35.37,29.01,34.92,30.98,26.58,38.63,35.6,37.1,35.12
2016-04-24T13:00,2016-04-24,13,35.39,36.42,28.92,35.24,33.94,28.87,38.8,35.65,37.82,36.92
2016-04-24T14:00,2016-04-24,14,35.81,36.75,29.0,35.68,34.69,30.1,39.18,35.66,38.1,37.47
2016-04-24T15:00,2016-04-24,15,35.71,36.62,28.65,35.43,34.62,30.89,39.12,34.74,38.06,37.55
2016-04-24T16:00,2016-04-24,16,35.21,36.17,28.23,34.7,34.01,30.48,38.62,34.11,37.62,37.08
2016-04-24T17:00,2016-04-24,17,33.85,34.92,27.23,32.51,32.79,28.78,37.42,32.91,36.35,35.86
2016-04-24T18:00,2016-04-24,18,32.08,33.18,26.38,30.8,30.86,27.31,35.36,31.55,34.24,33.62
2016-04-24T19:00,2016-04-24,19,30.4,31.38,25.67,29.87,29.02,26.03,33.29,30.17,32.08,31.34
2016-04-24T20:00,2016-04-24,20,29.38,30.39,25.54,29.27,27.63,25.5,31.79,29.41,30.46,30.0
2016-04-24T21:00,2016-04-24,21,28.6,29.8,25.55,28.69,26.43,25.12,30.57,28.92,29.08,28.93
2016-04-24T22:00,2016-04-24,22,27.96,29.25,25.57,28.19,25.6,24.76,29.57,28.58,27.8,28.3
2016-04-24T23:00,2016-04-24,23,27.45,28.65,25.59,27.97,25.34,24.31,28.82,28.22,26.81,27.74
2016-04-25T00:00,2016-04-25,0,27.03,28.07,25.69,27.78,25.37,23.94,28.4,28.01,26.09,26.93
2016-04-25T01:00,2016-04-25,1,26.94,27.88,26.25,27.99,25.43,23.55,28.34,28.28,25.96,26.19
2016-04-25T02:00,2016-04-25,2,26.7,27.67,26.34,28.05,25.63,23.26,28.12,28.24,25.51,25.1
2016-04-25T03:00,2016-04-25,3,26.47,27.58,26.27,27.98,25.7,22.92,27.92,28.28,25.2,24.0
2016-04-25T04:00,2016-04-25,4,26.27,27.47,26.12,27.98,25.47,22.87,27.7,28.29,24.96,23.09
2016-04-25T05:00,2016-04-25,5,26.1,27.38,26.12,27.94,25.36,23.06,27.52,28.22,24.7,22.22
2016-04-25T06:00,2016-04-25,6,25.96,27.26,26.14,27.96,25.25,23.34,27.54,28.19,24.52,21.27
2016-04-25T07:00,2016-04-25,7,26.99,28.2,26.65,28.63,26.43,23.7,28.61,29.07,26.0,23.22
2016-04-25T08:00,2016-04-25,8,28.77,29.52,27.5,29.7,28.14,24.24,30.44,30.41,28.97,27.32
2016-04-25T09:00,2016-04-25,9,30.45,30.93,28.65,31.02,29.49,25.03,32.42,31.74,31.48,30.28
2016-04-25T10:00,2016-04-25,10,32.02,32.42,29.43,32.25,30.85,25.85,34.25,33.01,33.81,32.76
2016-04-25T11:00,2016-04-25,11,33.27,33.75,28.51,33.2,31.94,27.44,35.87,33.94,35.71,34.81
2016-04-25T12:00,2016-04-25,12,34.49,34.87,29.71,34.17,32.98,29.24,37.12,34.69,37.03,36.39
2016-04-25T13:00,2016-04-25,13,34.7,35.16,29.59,34.08,33.3,30.35,36.95,34.27,37.25,37.06
2016-04-25T14:00,2016-04-25,14,35.02,35.64,29.44,34.35,33.86,31.06,36.87,33.28,37.84,37.73
2016-04-25T15:00,2016-04-25,15,34.81,35.47,29.48,33.04,34.1,31.19,36.32,33.15,37.99,37.86
2016-04-25T16:00,2016-04-25,16,33.8,33.77,28.61,31.69,33.97,30.04,35.18,32.65,37.67,37.45
2016-04-25T17:00,2016-04-25,17,32.61,32.34,27.82,30.03,33.24,29.07,34.05,31.9,36.42,36.29
2016-04-25T18:00,2016-04-25,18,31.09,30.96,27.44,27.92,31.55,27.8,33.01,30.99,34.26,34.06
2016-04-25T19:00,2016-04-25,19,29.64,29.92,26.71,26.03,29.92,26.48,31.95,30.21,32.06,31.68
2016-04-25T20:00,2016-04-25,20,28.68,29.19,26.23,25.26,28.82,25.31,31.16,29.66,30.59,29.94
2016-04-25T21:00,2016-04-25,21,27.86,28.45,25.91,25.22,27.83,24.33,30.45,28.87,29.64,27.89
2016-04-25T22:00,2016-04-25,22,27.35,28.04,25.67,25.49,27.06,23.54,29.8,28.25,29.26,26.44
2016-04-25T23:00,2016-04-25,23,27.05,27.93,25.56,25.64,26.48,22.8,29.2,28.02,29.01,25.75
2016-04-26T00:00,2016-04-26,0,26.79,27.67,25.64,25.76,26.06,22.23,28.7,27.88,28.64,25.37
2016-04-26T01:00,2016-04-26,1,27.19,28.01,26.76,27.47,26.11,22.96,28.41,28.26,28.57,25.21
2016-04-26T02:00,2016-04-26,2,27.02,27.83,26.67,27.45,25.99,22.77,28.27,28.14,28.12,25.03
2016-04-26T03:00,2016-04-26,3,26.83,27.66,26.54,27.3,25.85,22.5,28.17,27.96,27.76,24.8
2016-04-26T04:00,2016-04-26,4,26.7,27.69,26.39,27.25,25.59,22.23,28.02,27.91,27.42,24.59
2016-04-26T05:00,2016-04-26,5,26.65,27.75,26.43,27.27,25.52,22.09,27.99,27.86,27.1,24.55
2016-04-26T06:00,2016-04-26,6,26.64,27.74,26.56,27.26,25.35,22.01,28.08,27.88,26.99,24.6
2016-04-26T07:00,2016-04-26,7,27.25,28.13,27.18,27.92,25.51,22.14,28.68,28.61,28.04,25.71
2016-04-26T08:00,2016-04-26,8,28.31,29.05,28.14,29.04,25.74,22.62,29.97,29.74,29.81,26.98
2016-04-26T09:00,2016-04-26,9,29.51,30.24,29.25,30.05,26.49,23.16,31.61,30.96,31.6,28.11
2016-04-26T10:00,2016-04-26,10,30.77,31.64,30.24,31.16,27.31,24.01,33.27,32.04,33.39,29.01
2016-04-26T11:00,2016-04-26,11,31.97,32.86,30.75,31.99,28.55,25.48,35.02,32.89,34.94,30.18
2016-04-26T12:00,2016-04-26,12,33.01,33.81,31.43,32.56,29.95,26.91,36.15,33.68,36.4,31.33
2016-04-26T13:00,2016-04-26,13,33.82,34.51,31.23,33.14,31.91,30.2,36.45,33.64,36.74,32.58
2016-04-26T14:00,2016-04-26,14,34.27,35.06,31.29,33.3,32.57,30.83,36.81,33.58,37.32,33.39
2016-04-26T15:00,2016-04-26,15,34.41,35.14,30.96,33.2,33.13,31.07,36.78,33.48,37.77,33.88
2016-04-26T16:00,2016-04-26,16,33.9,34.69,30.64,32.5,32.92,30.71,35.52,32.89,37.55,33.44
2016-04-26T17:00,2016-04-26,17,32.61,32.91,29.8,31.51,31.87,29.85,33.54,32.11,36.51,32.34
2016-04-26T18:00,2016-04-26,18,31.17,31.61,28.87,30.47,30.55,28.78,32.09,31.05,33.86,30.68
2016-04-26T19:00,2016-04-26,19,29.91,30.59,27.96,29.62,29.14,27.43,31.26,29.95,31.48,28.99
2016-04-26T20:00,2016-04-26,20,29.15,29.89,27.37,28.97,28.42,26.57,30.8,29.28,30.39,27.9
2016-04-26T21:00,2016-04-26,21,28.59,29.54,26.76,28.4,27.66,25.82,30.22,28.81,29.78,27.11
2016-04-26T22:00,2016-04-26,22,28.16,29.27,26.38,27.94,27.07,25.32,29.56,28.48,29.56,26.38
2016-04-26T23:00,2016-04-26,23,27.69,28.75,26.06,27.57,26.54,24.8,28.94,28.26,29.21,25.73
2016-04-27T00:00,2016-04-27,0,27.22,28.15,25.98,27.22,25.97,24.08,28.48,28.08,28.78,25.14
2016-04-27T01:00,2016-04-27,1,27.11,27.84,25.87,26.97,26.45,23.71,28.41,28.04,28.7,25.38
2016-04-27T02:00,2016-04-27,2,26.85,27.5,25.8,26.81,26.17,23.35,28.17,27.93,28.35,25.14
2016-04-27T03:00,2016-04-27,3,26.61,27.22,25.68,26.68,25.9,22.91,28.07,27.88,27.92,24.87
2016-04-27T04:00,2016-04-27,4,26.45,27.18,25.53,26.53,25.76,22.64,28.01,27.78,27.5,24.63
2016-04-27T05:00,2016-04-27,5,26.43,27.23,25.61,26.64,25.69,22.54,28.0,27.85,27.21,24.52
2016-04-27T06:00,2016-04-27,6,26.5,27.4,25.64,26.73,25.64,22.75,28.04,27.82,27.2,24.57
2016-04-27T07:00,2016-04-27,7,27.33,27.93,27.04,27.7,25.82,23.43,28.94,28.74,28.25,25.71
2016-04-27T08:00,2016-04-27,8,28.48,28.78,28.43,28.89,26.34,24.52,30.45,29.97,29.79,26.99
2016-04-27T09:00,2016-04-27,9,29.76,30.04,29.67,30.08,27.21,25.51,32.04,31.24,31.57,28.01
2016-04-27T10:00,2016-04-27,10,30.98,31.26,30.47,31.04,28.01,26.83,33.85,32.32,33.22,29.16
2016-04-27T11:00,2016-04-27,11,32.28,32.72,31.36,31.72,29.44,28.15,35.6,33.1,34.87,30.39
2016-04-27T12:00,2016-04-27,12,33.4,34.03,31.55,32.33,30.87,29.46,36.89,33.68,36.31,31.71
2016-04-27T13:00,2016-04-27,13,33.69,34.3,31.91,32.77,31.81,30.94,36.54,33.34,36.37,31.88
2016-04-27T14:00,2016-04-27,14,34.23,35.05,31.68,32.93,32.27,31.49,37.11,33.38,37.07,32.97
2016-04-27T15:00,2016-04-27,15,34.39,35.31,31.3,32.97,32.37,31.25,37.24,33.22,37.37,33.77
2016-04-27T16:00,2016-04-27,16,33.96,35.24,30.87,32.57,31.45,29.33,36.98,32.94,36.74,33.73
2016-04-27T17:00,2016-04-27,17,33.11,34.5,30.09,31.75,29.55,28.07,36.05,32.15,36.11,33.32
2016-04-27T18:00,2016-04-27,18,31.53,32.22,29.07,30.64,28.25,26.87,34.22,31.04,34.4,32.25
2016-04-27T19:00,2016-04-27,19,29.88,29.76,28.16,29.46,27.35,26.04,32.68,29.95,32.46,30.43
2016-04-27T20:00,2016-04-27,20,28.86,28.35,27.62,28.71,26.8,25.65,31.58,29.24,31.22,29.07
2016-04-27T21:00,2016-04-27,21,28.3,28.15,26.99,28.28,26.5,25.19,30.84,28.73,30.18,28.0
2016-04-27T22:00,2016-04-27,22,27.94,28.14,26.84,27.87,26.21,24.78,30.18,28.36,29.54,27.25
2016-04-27T23:00,2016-04-27,23,27.62,28.03,26.68,27.57,25.87,24.39,29.57,28.09,29.15,26.67
2016-04-28T00:00,2016-04-28,0,27.29,27.8,26.24,27.25,25.49,23.86,29.11,27.83,29.02,26.24
2016-04-28T01:00,2016-04-28,1,27.2,27.71,26.23,26.98,26.01,24.29,28.73,27.78,28.88,25.77
2016-04-28T02:00,2016-04-28,2,26.94,27.42,26.06,26.76,25.87,23.92,28.41,27.62,28.67,25.38
2016-04-28T03:00,2016-04-28,3,26.74,27.2,26.05,26.7,25.75,23.62,28.18,27.5,28.37,25.08
2016-04-28T04:00,2016-04-28,4,26.6,27.01,26.29,26.76,25.71,23.56,27.96,27.46,27.98,24.75
2016-04-28T05:00,2016-04-28,5,26.53,27.02,26.18,26.91,25.78,23.69,27.78,27.32,27.57,24.56
2016-04-28T06:00,2016-04-28,6,26.61,27.15,26.38,27.17,25.93,23.85,27.79,27.46,27.36,24.55
2016-04-28T07:00,2016-04-28,7,27.63,28.1,27.6,28.19,26.47,24.41,28.9,28.64,28.48,25.85
2016-04-28T08:00,2016-04-28,8,28.97,29.23,28.92,29.34,27.29,25.08,30.63,30.07,30.33,27.74
2016-04-28T09:00,2016-04-28,9,30.47,30.62,30.36,30.62,28.28,26.15,32.74,31.6,32.24,29.32
2016-04-28T10:00,2016-04-28,10,32.0,32.14,31.6,31.96,29.51,27.27,34.88,32.98,34.17,30.83
2016-04-28T11:00,2016-04-28,11,33.26,33.52,32.48,32.72,30.67,27.34,36.76,34.12,36.06,32.14
2016-04-28T12:00,2016-04-28,12,34.42,34.74,33.03,33.58,32.0,27.34,38.25,35.11,37.72,33.79
2016-04-28T13:00,2016-04-28,13,34.72,35.03,32.45,33.74,32.97,30.9,37.22,34.82,37.18,35.07
2016-04-28T14:00,2016-04-28,14,35.03,35.69,32.15,34.12,33.52,29.84,37.26,34.67,37.61,36.02
2016-04-28T15:00,2016-04-28,15,34.98,35.9,31.7,34.21,33.57,28.97,36.56,34.34,37.89,36.32
2016-04-28T16:00,2016-04-28,16,34.65,35.67,31.3,33.88,33.52,28.85,35.45,33.89,37.75,36.08
2016-04-28T17:00,2016-04-28,17,33.65,34.92,30.45,32.96,32.37,27.92,34.59,32.97,36.63,34.25
2016-04-28T18:00,2016-04-28,18,32.12,33.59,29.5,31.57,29.08,26.23,33.63,31.84,34.99,32.25
2016-04-28T19:00,2016-04-28,19,30.49,32.09,28.55,30.3,25.41,24.35,32.4,30.55,33.35,30.32
2016-04-28T20:00,2016-04-28,20,29.33,30.82,27.99,29.33,23.53,23.48,31.63,29.63,32.22,28.58
2016-04-28T21:00,2016-04-28,21,28.31,29.33,27.55,28.37,22.86,23.22,30.91,29.07,31.06,27.1
2016-04-28T22:00,2016-04-28,22,27.33,27.44,27.31,27.51,22.77,23.05,30.22,28.72,30.02,25.99
2016-04-28T23:00,2016-04-28,23,26.66,26.46,26.84,27.16,23.04,22.97,29.58,28.43,28.68,25.13
2016-04-29T00:00,2016-04-29,0,26.41,26.57,26.48,27.19,23.23,22.92,29.09,28.25,27.56,24.56
2016-04-29T01:00,2016-04-29,1,26.99,27.87,26.54,27.44,24.73,24.37,28.58,28.09,27.68,24.89
2016-04-29T02:00,2016-04-29,2,26.82,27.57,26.56,27.36,24.87,24.63,28.26,27.99,27.38,24.53
2016-04-29T03:00,2016-04-29,3,26.61,27.29,26.6,27.22,24.94,24.02,28.08,27.99,27.13,24.15
2016-04-29T04:00,2016-04-29,4,26.47,27.13,26.63,27.06,25.11,23.64,27.99,27.91,26.94,23.84
2016-04-29T05:00,2016-04-29,5,26.43,27.17,26.61,26.99,25.29,23.49,27.93,28.07,26.77,23.63
2016-04-29T06:00,2016-04-29,6,26.58,27.44,26.81,27.26,25.72,23.52,27.92,28.13,26.72,23.69
2016-04-29T07:00,2016-04-29,7,27.65,28.36,28.02,28.3,26.46,24.26,28.94,29.14,28.06,25.25
2016-04-29T08:00,2016-04-29,8,29.21,29.63,29.43,29.88,27.46,25.25,30.81,30.65,30.18,27.45
2016-04-29T09:00,2016-04-29,9,30.75,31.1,30.65,31.01,28.76,26.48,32.84,32.19,32.11,29.31
2016-04-29T10:00,2016-04-29,10,32.38,32.53,31.77,32.13,30.55,28.37,34.87,33.56,33.98,31.57
2016-04-29T11:00,2016-04-29,11,33.84,33.97,32.77,33.42,31.86,29.76,36.65,34.65,35.68,33.38
2016-04-29T12:00,2016-04-29,12,35.01,35.19,33.28,34.13,32.96,31.2,38.03,35.4,37.3,34.85
2016-04-29T13:00,2016-04-29,13,35.15,35.5,33.49,34.15,32.68,31.95,37.77,35.14,37.31,35.36
2016-04-29T14:00,2016-04-29,14,35.55,35.89,33.12,34.27,33.61,32.32,38.05,35.25,38.03,36.26
2016-04-29T15:00,2016-04-29,15,35.58,36.04,32.41,34.06,33.88,32.32,37.72,35.04,38.36,36.81
2016-04-29T16:00,2016-04-29,16,35.34,35.96,31.75,33.81,33.9,31.96,37.0,34.51,38.25,36.91
2016-04-29T17:00,2016-04-29,17,34.53,35.2,30.86,33.09,33.36,31.5,36.09,33.61,37.13,36.03
2016-04-29T18:00,2016-04-29,18,33.07,33.85,29.86,31.84,31.95,30.12,34.76,32.36,34.98,34.12
2016-04-29T19:00,2016-04-29,19,31.65,32.52,28.92,30.66,30.38,28.56,33.36,31.12,33.28,32.26
2016-04-29T20:00,2016-04-29,20,30.63,31.64,28.37,29.83,29.34,27.43,32.29,30.21,32.03,30.6
2016-04-29T21:00,2016-04-29,21,29.82,30.95,27.97,29.14,28.67,26.82,31.39,29.58,30.88,29.18
2016-04-29T22:00,2016-04-29,22,29.17,30.32,27.7,28.62,28.14,26.31,30.52,29.11,30.23,28.0
2016-04-29T23:00,2016-04-29,23,28.6,29.64,27.37,28.16,27.67,25.83,29.82,28.86,29.82,27.03
2016-04-30T00:00,2016-04-30,0,28.05,28.96,27.25,27.83,27.07,25.07,29.15,28.56,29.43,26.2
2016-04-30T01:00,2016-04-30,1,27.24,28.18,27.44,27.81,23.83,23.71,28.79,28.53,28.63,24.85
2016-04-30T02:00,2016-04-30,2,26.95,27.83,27.34,27.62,23.99,23.85,28.41,28.36,27.84,24.48
2016-04-30T03:00,2016-04-30,3,26.72,27.5,27.36,27.56,24.0,23.54,28.19,28.38,27.3,24.23
2016-04-30T04:00,2016-04-30,4,26.71,27.64,27.36,27.68,24.42,23.58,27.96,28.25,26.89,24.1
2016-04-30T05:00,2016-04-30,5,26.62,27.53,27.23,27.55,24.71,23.61,27.86,28.21,26.55,23.98
2016-04-30T06:00,2016-04-30,6,26.65,27.57,27.36,27.62,25.01,23.47,27.85,28.37,26.42,23.97
2016-04-30T07:00,2016-04-30,7,27.69,28.59,28.19,28.77,25.88,23.62,29.05,29.5,27.79,25.21
2016-04-30T08:00,2016-04-30,8,29.03,29.72,29.32,30.05,26.8,24.07,30.84,30.71,29.79,27.02
2016-04-30T09:00,2016-04-30,9,30.63,31.25,30.77,31.57,27.34,25.9,32.9,32.25,31.73,28.77
2016-04-30T10:00,2016-04-30,10,32.11,32.74,32.25,32.8,28.36,26.9,34.61,33.57,33.59,30.56
2016-04-30T11:00,2016-04-30,11,33.52,34.07,33.06,33.78,29.71,29.14,36.3,34.74,35.25,32.22
2016-04-30T12:00,2016-04-30,12,34.72,35.21,33.67,34.52,31.5,30.69,37.54,35.55,36.74,33.69
2016-04-30T13:00,2016-04-30,13,35.28,35.8,33.73,34.33,33.42,31.92,37.51,35.41,37.45,34.89
2016-04-30T14:00,2016-04-30,14,35.68,36.28,33.38,34.6,34.26,32.53,37.7,35.15,37.94,35.8
2016-04-30T15:00,2016-04-30,15,35.62,36.51,32.52,34.59,34.43,32.53,37.1,34.67,37.74,36.31
2016-04-30T16:00,2016-04-30,16,34.73,36.11,31.89,34.14,34.21,31.39,35.96,33.71,35.93,34.51
2016-04-30T17:00,2016-04-30,17,33.51,34.65,31.03,33.21,33.04,30.46,35.16,32.74,35.29,31.84
2016-04-30T18:00,2016-04-30,18,31.71,32.13,29.88,31.91,30.16,29.18,33.99,31.58,33.82,29.86
2016-04-30T19:00,2016-04-30,19,30.21,31.11,29.01,30.86,26.81,26.73,32.56,30.58,32.38,27.7
2016-04-30T20:00,2016-04-30,20,29.05,30.17,28.45,29.97,24.88,24.53,31.44,29.8,31.01,26.42
2016-04-30T21:00,2016-04-30,21,28.21,29.18,28.17,28.95,24.35,23.99,30.5,29.09,29.9,25.59
2016-04-30T22:00,2016-04-30,22,27.51,28.18,28.01,28.17,24.22,23.78,29.7,28.65,28.92,24.93
2016-04-30T23:00,2016-04-30,23,27.05,27.62,27.92,27.77,24.03,23.51,29.07,28.53,28.12,24.37
2016-05-01T00:00,2016-05-01,0,26.77,27.45,27.75,27.73,23.9,23.41,28.63,28.25,27.39,23.97
2016-05-01T01:00,2016-05-01,1,26.93,27.6,27.59,27.63,24.61,23.88,28.0,27.9,28.01,24.62
2016-05-01T02:00,2016-05-01,2,26.76,27.43,27.55,27.6,24.65,23.94,27.61,27.77,27.5,24.48
2016-05-01T03:00,2016-05-01,3,26.58,27.2,27.37,27.56,24.82,24.15,27.34,27.75,26.88,24.25
2016-05-01T04:00,2016-05-01,4,26.41,27.03,27.18,27.43,25.15,23.9,27.12,27.79,26.41,24.07
2016-05-01T05:00,2016-05-01,5,26.21,26.78,27.0,27.39,25.27,23.71,26.93,27.76,25.88,23.86
2016-05-01T06:00,2016-05-01,6,26.28,26.9,27.06,27.51,25.51,24.06,26.94,27.86,25.61,23.92
2016-05-01T07:00,2016-05-01,7,27.45,27.93,28.08,28.65,26.45,24.69,28.4,29.02,27.24,25.32
2016-05-01T08:00,2016-05-01,8,29.05,29.4,29.34,29.9,27.76,25.6,30.53,30.5,29.49,27.29
2016-05-01T09:00,2016-05-01,9,30.74,31.03,30.58,31.3,29.15,27.2,32.69,32.04,31.61,29.19
2016-05-01T10:00,2016-05-01,10,32.36,32.86,31.59,32.77,30.44,28.51,34.72,33.37,33.53,30.79
2016-05-01T11:00,2016-05-01,11,33.74,34.37,32.32,34.06,31.72,29.98,36.42,34.52,35.08,32.04
2016-05-01T12:00,2016-05-01,12,34.79,35.47,32.98,34.88,32.76,30.84,37.69,35.39,36.35,33.26
2016-05-01T13:00,2016-05-01,13,34.71,35.57,32.72,33.98,32.69,30.68,37.82,35.31,36.03,33.91
2016-05-01T14:00,2016-05-01,14,34.96,35.82,32.94,34.13,33.02,30.7,38.14,35.49,36.15,34.57
2016-05-01T15:00,2016-05-01,15,34.51,35.78,32.11,33.82,31.29,28.58,37.89,35.14,35.81,34.77
2016-05-01T16:00,2016-05-01,16,33.49,34.49,31.5,33.08,29.08,27.1,36.72,34.51,35.2,34.39
2016-05-01T17:00,2016-05-01,17,32.01,32.63,30.84,32.21,28.04,25.17,34.52,32.75,34.19,32.88
2016-05-01T18:00,2016-05-01,18,29.9,29.48,29.92,29.71,26.66,23.82,32.33,31.77,32.3,31.11
2016-05-01T19:00,2016-05-01,19,28.26,28.19,29.18,27.27,25.5,23.5,30.78,30.66,29.47,28.63
2016-05-01T20:00,2016-05-01,20,27.19,27.38,28.11,26.12,24.5,23.33,29.92,30.01,28.36,25.93
2016-05-01T21:00,2016-05-01,21,26.47,26.61,27.88,25.25,23.67,23.15,29.54,29.53,27.51,24.48
2016-05-01T22:00,2016-05-01,22,26.0,26.04,26.68,25.49,23.18,22.94,29.39,29.25,26.5,24.09
2016-05-01T23:00,2016-05-01,23,25.65,25.76,25.43,25.84,22.99,22.66,28.94,28.93,25.7,23.95
2016-05-02T00:00,2016-05-02,0,25.34,25.46,24.92,25.95,22.93,22.35,28.4,28.71,25.13,23.65
2016-05-02T01:00,2016-05-02,1,24.91,24.76,24.54,25.15,22.98,23.01,27.86,28.11,24.8,23.39
2016-05-02T02:00,2016-05-02,2,24.86,24.81,24.58,25.39,22.93,22.8,27.82,28.04,24.56,23.01
2016-05-02T03:00,2016-05-02,3,24.84,25.07,24.5,25.47,22.57,22.7,27.83,27.93,24.37,22.73
2016-05-02T04:00,2016-05-02,4,24.85,25.25,24.53,25.7,21.94,22.57,27.82,27.88,24.26,22.67
2016-05-02T05:00,2016-05-02,5,24.76,25.16,24.59,25.74,21.8,21.82,27.82,27.84,24.23,22.67
2016-05-02T06:00,2016-05-02,6,24.44,24.01,24.85,25.64,21.76,21.42,27.94,28.11,23.95,22.81
2016-05-02T07:00,2016-05-02,7,24.63,23.15,26.16,25.76,22.56,21.51,28.68,29.13,24.01,23.64
2016-05-02T08:00,2016-05-02,8,25.57,23.74,28.21,25.96,23.75,22.68,29.52,30.61,24.98,24.84
2016-05-02T09:00,2016-05-02,9,26.49,24.47,29.76,25.6,24.86,24.56,30.65,31.45,26.01,26.19
2016-05-02T10:00,2016-05-02,10,27.34,25.93,29.57,25.19,25.84,26.22,31.99,30.29,26.69,27.88
2016-05-02T11:00,2016-05-02,11,28.33,27.75,28.98,26.11,26.97,27.57,32.92,28.36,27.7,29.3
2016-05-02T12:00,2016-05-02,12,29.13,29.07,28.3,26.68,28.38,28.82,33.19,27.71,29.38,29.8
2016-05-02T13:00,2016-05-02,13,30.38,30.03,31.87,28.09,28.82,29.37,35.5,29.0,31.1,29.12
2016-05-02T14:00,2016-05-02,14,29.34,27.3,31.36,26.46,29.01,28.81,35.11,27.67,31.62,29.15
2016-05-02T15:00,2016-05-02,15,28.71,26.04,30.53,25.34,28.91,28.66,33.35,27.83,32.0,29.71
2016-05-02T16:00,2016-05-02,16,27.57,25.73,29.36,25.29,26.85,27.16,29.08,27.87,29.88,29.82
2016-05-02T17:00,2016-05-02,17,26.86,26.07,27.67,25.62,25.25,25.81,26.98,27.78,27.96,29.54
2016-05-02T18:00,2016-05-02,18,26.31,25.96,26.68,25.55,24.74,25.04,26.54,27.51,26.27,28.89
2016-05-02T19:00,2016-05-02,19,25.8,25.65,25.66,25.34,24.24,24.35,26.54,27.25,25.45,27.77
2016-05-02T20:00,2016-05-02,20,25.52,25.45,24.91,25.16,23.92,24.03,26.72,27.16,25.1,27.06
2016-05-02T21:00,2016-05-02,21,25.21,25.21,24.22,25.02,23.63,23.66,26.65,27.08,24.75,26.43
2016-05-02T22:00,2016-05-02,22,25.02,25.11,24.22,24.94,23.4,23.34,26.51,27.12,24.43,25.85
2016-05-02T23:00,2016-05-02,23,24.77,25.02,24.38,24.12,23.2,23.17,26.34,26.95,24.17,25.3
2016-05-03T00:00,2016-05-03,0,24.55,24.96,24.34,23.48,23.03,22.83,26.29,26.82,23.92,24.84
2016-05-03T01:00,2016-05-03,1,24.49,24.43,24.17,24.37,22.8,22.46,26.55,27.08,24.16,24.51
2016-05-03T02:00,2016-05-03,2,24.54,24.76,24.2,24.65,22.71,22.21,26.62,27.2,23.94,24.13
2016-05-03T03:00,2016-05-03,3,24.59,24.98,24.36,24.67,22.92,21.85,26.79,27.24,23.9,23.76
2016-05-03T04:00,2016-05-03,4,24.38,24.8,24.31,23.6,23.01,21.53,26.96,27.22,23.89,23.45
2016-05-03T05:00,2016-05-03,5,24.09,24.56,23.47,22.1,23.02,21.29,27.16,27.27,24.14,23.32
2016-05-03T06:00,2016-05-03,6,23.81,23.98,23.07,21.14,23.04,21.38,27.28,27.19,24.37,23.08
2016-05-03T07:00,2016-05-03,7,23.99,23.15,22.97,21.27,23.87,23.07,27.81,25.94,25.03,24.56
2016-05-03T08:00,2016-05-03,8,24.46,22.61,23.07,22.48,24.76,24.54,28.4,24.91,25.99,26.31
2016-05-03T09:00,2016-05-03,9,25.52,23.72,23.68,24.3,25.54,25.85,28.9,25.01,26.77,28.14
2016-05-03T10:00,2016-05-03,10,27.06,26.14,24.73,25.77,27.49,27.41,29.42,26.56,27.42,29.68
2016-05-03T11:00,2016-05-03,11,28.75,28.45,26.86,27.27,29.08,28.49,30.52,28.45,28.98,30.77
2016-05-03T12:00,2016-05-03,12,29.94,29.43,28.69,28.43,29.96,29.48,32.31,29.82,30.22,31.54
2016-05-03T13:00,2016-05-03,13,31.55,31.41,31.04,30.72,30.4,30.24,33.83,31.76,31.9,32.09
2016-05-03T14:00,2016-05-03,14,31.7,31.62,30.66,30.57,30.83,30.67,34.08,31.47,32.15,32.43
2016-05-03T15:00,2016-05-03,15,31.19,30.69,30.17,29.72,30.81,30.87,33.76,29.97,32.29,32.21
2016-05-03T16:00,2016-05-03,16,30.65,29.67,29.9,29.16,30.58,30.71,33.09,29.79,32.27,31.59
2016-05-03T17:00,2016-05-03,17,29.88,28.8,29.33,28.81,29.99,30.24,31.28,29.76,31.38,30.92
2016-05-03T18:00,2016-05-03,18,28.81,28.0,28.43,28.28,28.9,28.94,29.23,29.37,29.56,30.03
2016-05-03T19:00,2016-05-03,19,27.82,27.4,27.8,27.47,27.68,27.22,28.15,28.67,27.89,28.89
2016-05-03T20:00,2016-05-03,20,26.9,26.69,27.27,26.83,26.73,26.02,26.68,28.13,26.45,27.97
2016-05-03T21:00,2016-05-03,21,25.86,24.65,27.0,26.51,26.58,25.16,25.6,26.9,25.43,27.44
2016-05-03T22:00,2016-05-03,22,24.88,23.45,26.9,24.16,25.5,24.45,25.16,25.05,25.17,26.83
2016-05-03T23:00,2016-05-03,23,24.37,23.17,25.78,22.99,24.44,24.02,25.1,24.6,24.86,26.58
2016-05-04T00:00,2016-05-04,0,24.05,23.12,24.78,23.02,23.93,23.34,24.88,24.5,24.62,25.76
2016-05-04T01:00,2016-05-04,1,24.95,23.73,25.64,23.74,24.35,24.13,27.13,26.56,25.96,25.56
2016-05-04T02:00,2016-05-04,2,24.55,23.0,25.46,23.5,23.72,23.76,27.03,26.51,25.54,25.42
2016-05-04T03:00,2016-05-04,3,24.25,22.82,25.14,23.41,23.11,23.05,26.87,26.57,24.9,25.12
2016-05-04T04:00,2016-05-04,4,24.05,22.78,25.01,23.45,22.69,22.61,26.72,26.51,24.34,24.76
2016-05-04T05:00,2016-05-04,5,24.01,23.02,24.97,23.69,22.55,22.21,26.51,26.54,24.02,24.44
2016-05-04T06:00,2016-05-04,6,23.92,22.74,25.35,24.02,22.47,22.23,26.33,26.62,23.67,24.27
2016-05-04T07:00,2016-05-04,7,24.28,22.37,26.54,24.53,23.02,23.23,26.65,26.99,23.92,25.2
2016-05-04T08:00,2016-05-04,8,24.77,22.32,27.68,24.53,23.47,24.14,27.15,27.76,24.69,26.43
2016-05-04T09:00,2016-05-04,9,25.6,23.38,28.83,24.12,24.51,24.42,27.83,27.56,26.17,27.98
2016-05-04T10:00,2016-05-04,10,26.54,25.24,28.61,24.4,25.5,24.79,27.99,27.12,27.77,29.33
2016-05-04T11:00,2016-05-04,11,27.65,27.44,27.0,25.61,26.22,25.64,28.92,27.36,29.13,30.43
2016-05-04T12:00,2016-05-04,12,28.54,28.93,25.96,27.08,27.09,26.58,29.5,28.03,30.13,30.96
2016-05-04T13:00,2016-05-04,13,30.97,31.01,31.16,30.93,29.41,28.96,33.26,31.44,31.46,29.97
2016-05-04T14:00,2016-05-04,14,31.06,31.33,31.16,31.17,29.81,29.24,33.38,31.18,31.29,29.57
2016-05-04T15:00,2016-05-04,15,30.86,31.5,30.57,30.64,29.88,29.59,33.03,30.78,31.29,28.58
2016-05-04T16:00,2016-05-04,16,30.55,31.29,29.98,30.39,29.79,29.41,32.76,30.63,31.27,27.43
2016-05-04T17:00,2016-05-04,17,29.95,30.67,29.48,29.91,28.76,29.18,32.31,30.46,30.82,26.19
2016-05-04T18:00,2016-05-04,18,29.04,29.81,28.71,29.08,27.24,28.26,31.46,29.67,30.21,24.9
2016-05-04T19:00,2016-05-04,19,27.82,28.67,27.83,27.82,25.81,26.79,30.31,28.65,28.52,23.9
2016-05-04T20:00,2016-05-04,20,26.84,27.54,27.33,27.27,25.15,25.35,29.47,28.15,26.31,23.6
2016-05-04T21:00,2016-05-04,21,26.02,26.63,26.84,26.75,24.73,24.6,28.69,27.79,24.03,23.53
2016-05-04T22:00,2016-05-04,22,25.21,25.35,26.31,26.26,23.92,23.78,27.38,27.45,23.28,23.45
2016-05-04T23:00,2016-05-04,23,24.81,24.81,26.01,25.83,23.38,23.41,26.41,27.2,23.45,23.32
2016-05-05T00:00,2016-05-05,0,24.36,24.17,25.6,24.98,23.19,23.21,25.74,26.38,23.66,23.06
2016-05-05T01:00,2016-05-05,1,24.82,25.24,25.6,25.4,22.85,23.1,25.72,26.5,24.8,23.25
2016-05-05T02:00,2016-05-05,2,24.59,25.06,25.22,25.19,22.6,22.8,25.7,26.66,24.44,22.67
2016-05-05T03:00,2016-05-05,3,24.42,24.89,25.22,24.99,22.41,22.67,25.69,26.69,23.96,22.48
2016-05-05T04:00,2016-05-05,4,24.17,24.72,24.6,24.9,22.18,22.44,25.67,26.53,23.34,22.3
2016-05-05T05:00,2016-05-05,5,24.03,24.54,24.64,24.84,21.93,22.31,25.68,26.43,22.97,22.19
2016-05-05T06:00,2016-05-05,6,23.98,24.23,24.9,24.9,21.94,22.34,25.8,26.44,22.85,22.23
2016-05-05T07:00,2016-05-05,7,24.39,23.78,26.07,26.21,21.94,22.86,27.14,27.77,22.89,22.47
2016-05-05T08:00,2016-05-05,8,25.04,23.89,27.52,27.02,22.53,23.03,28.43,28.98,23.73,22.91
2016-05-05T09:00,2016-05-05,9,25.87,24.44,28.78,26.89,23.6,23.36,29.59,30.1,25.77,23.4
2016-05-05T10:00,2016-05-05,10,27.08,26.09,29.79,27.11,24.41,24.21,31.24,30.63,27.5,24.54
2016-05-05T11:00,2016-05-05,11,28.3,27.88,30.47,28.39,25.5,26.3,32.44,30.73,28.32,25.34
2016-05-05T12:00,2016-05-05,12,29.22,29.12,30.94,29.25,27.18,28.07,33.25,30.87,28.65,25.96
2016-05-05T13:00,2016-05-05,13,31.62,31.82,32.12,31.81,30.4,29.94,33.69,31.89,31.83,29.96
2016-05-05T14:00,2016-05-05,14,31.92,32.17,31.95,31.9,30.85,30.15,34.15,32.06,32.3,30.4
2016-05-05T15:00,2016-05-05,15,31.65,32.05,31.52,31.16,30.58,29.9,34.07,30.45,32.4,30.46
2016-05-05T16:00,2016-05-05,16,31.12,31.61,31.01,30.04,29.98,28.78,33.56,29.65,32.26,30.41
2016-05-05T17:00,2016-05-05,17,30.33,30.67,30.15,29.46,28.86,27.29,32.74,29.62,31.62,30.02
2016-05-05T18:00,2016-05-05,18,29.4,29.55,29.13,28.78,27.63,26.45,31.68,29.15,30.71,29.35
2016-05-05T19:00,2016-05-05,19,28.27,28.25,28.23,27.75,26.35,25.65,30.59,28.46,29.64,27.94
2016-05-05T20:00,2016-05-05,20,27.38,27.37,27.48,26.93,25.52,24.99,29.68,28.03,28.59,26.55
2016-05-05T21:00,2016-05-05,21,26.67,26.8,26.82,26.23,24.99,24.49,28.9,27.62,27.75,25.28
2016-05-05T22:00,2016-05-05,22,26.13,26.41,26.15,25.74,24.56,24.07,28.27,27.32,27.2,24.25
2016-05-05T23:00,2016-05-05,23,25.67,26.09,25.73,25.44,24.26,23.57,27.84,27.04,26.54,23.21
2016-05-06T00:00,2016-05-06,0,25.27,25.78,25.42,25.15,23.99,23.33,27.44,26.84,25.84,22.41
2016-05-06T01:00,2016-05-06,1,24.95,25.42,24.95,24.83,23.65,23.13,26.34,26.66,25.34,23.18
2016-05-06T02:00,2016-05-06,2,24.69,25.12,24.75,24.59,23.46,22.97,26.06,26.56,25.14,22.74
2016-05-06T03:00,2016-05-06,3,24.49,24.91,24.9,24.45,23.16,22.8,25.91,26.54,24.78,22.26
2016-05-06T04:00,2016-05-06,4,24.34,24.82,25.49,24.25,22.87,22.57,25.77,26.43,24.45,21.82
2016-05-06T05:00,2016-05-06,5,24.11,24.68,25.22,24.1,22.31,22.38,25.71,26.3,24.09,21.38
2016-05-06T06:00,2016-05-06,6,24.02,24.58,24.52,24.25,22.1,22.41,25.8,26.37,24.02,21.3
2016-05-06T07:00,2016-05-06,7,25.11,25.28,26.76,25.58,22.52,23.25,27.16,27.67,25.43,22.02
2016-05-06T08:00,2016-05-06,8,26.05,25.42,27.99,26.79,22.97,24.36,28.84,28.86,26.9,23.27
2016-05-06T09:00,2016-05-06,9,27.13,26.3,29.01,27.82,23.85,25.2,30.34,29.9,28.23,24.54
2016-05-06T10:00,2016-05-06,10,28.35,27.66,30.13,29.0,24.67,26.79,31.44,30.7,29.59,25.76
2016-05-06T11:00,2016-05-06,11,29.41,28.99,31.02,29.86,26.48,28.09,32.37,31.3,30.18,26.73
2016-05-06T12:00,2016-05-06,12,30.22,29.88,31.56,30.64,28.36,28.79,33.12,31.67,30.97,27.18
2016-05-06T13:00,2016-05-06,13,31.69,31.44,32.15,31.71,30.26,29.79,35.03,32.74,32.6,29.2
2016-05-06T14:00,2016-05-06,14,32.07,31.91,32.2,32.02,30.85,30.19,35.46,32.72,32.95,29.69
2016-05-06T15:00,2016-05-06,15,32.15,32.09,31.93,32.18,31.13,30.2,35.48,32.17,33.03,29.99
2016-05-06T16:00,2016-05-06,16,31.73,32.01,31.34,31.93,31.0,30.17,33.66,30.4,32.95,29.91
2016-05-06T17:00,2016-05-06,17,30.99,31.52,30.4,31.37,30.4,29.46,32.37,29.97,31.98,29.05
2016-05-06T18:00,2016-05-06,18,29.97,30.38,29.26,30.31,29.27,28.26,31.61,29.47,30.88,28.22
2016-05-06T19:00,2016-05-06,19,28.86,29.17,28.25,29.07,27.85,27.09,30.74,28.9,29.72,27.27
2016-05-06T20:00,2016-05-06,20,28.01,28.29,27.56,28.08,26.73,26.4,29.82,28.41,28.84,26.52
2016-05-06T21:00,2016-05-06,21,27.4,27.71,26.87,27.47,25.9,25.86,29.11,28.01,28.25,25.94
2016-05-06T22:00,2016-05-06,22,26.85,27.2,26.28,26.96,25.21,25.37,28.52,27.72,27.72,25.26
2016-05-06T23:00,2016-05-06,23,26.4,26.85,26.07,26.54,24.73,24.97,28.02,27.37,27.12,24.42
2016-05-07T00:00,2016-05-07,0,25.96,26.47,25.76,26.21,24.23,24.5,27.78,27.09,26.54,23.62
2016-05-07T01:00,2016-05-07,1,25.64,26.19,24.94,25.63,24.6,23.76,27.47,26.76,26.71,23.06
2016-05-07T02:00,2016-05-07,2,25.36,25.91,24.7,25.42,24.01,23.41,27.25,26.56,26.35,22.88
2016-05-07T03:00,2016-05-07,3,25.1,25.7,24.6,25.25,23.32,23.25,27.0,26.48,25.89,22.69
2016-05-07T04:00,2016-05-07,4,24.85,25.41,24.89,24.96,22.98,22.99,26.76,26.36,25.3,22.49
2016-05-07T05:00,2016-05-07,5,24.76,25.24,25.33,24.82,22.91,22.83,26.63,26.34,25.15,22.33
2016-05-07T06:00,2016-05-07,6,24.75,25.24,24.61,24.95,23.06,23.07,26.74,26.39,25.24,22.2
2016-05-07T07:00,2016-05-07,7,26.02,26.57,26.71,26.34,24.09,24.81,28.15,27.63,26.29,22.51
2016-05-07T08:00,2016-05-07,8,27.4,28.1,28.18,28.06,24.31,26.42,29.72,29.11,27.49,23.72
2016-05-07T09:00,2016-05-07,9,28.34,28.85,29.35,29.07,24.25,27.6,31.2,30.11,28.25,25.04
2016-05-07T10:00,2016-05-07,10,29.18,29.35,30.62,30.16,25.12,28.36,32.37,31.1,28.43,26.51
2016-05-07T11:00,2016-05-07,11,29.94,29.54,31.6,30.81,27.53,29.25,33.22,31.92,28.69,27.94
2016-05-07T12:00,2016-05-07,12,30.66,30.17,32.23,31.27,28.97,29.98,33.33,32.27,29.88,28.99
2016-05-07T13:00,2016-05-07,13,30.42,29.73,32.32,30.91,28.87,27.46,33.6,32.52,30.14,29.07
2016-05-07T14:00,2016-05-07,14,30.65,29.98,32.47,31.0,29.5,28.15,33.65,32.66,30.08,29.47
2016-05-07T15:00,2016-05-07,15,30.78,30.48,32.14,31.2,29.78,29.07,32.72,32.26,30.12,29.79
2016-05-07T16:00,2016-05-07,16,30.46,30.49,31.58,31.27,29.42,29.15,31.19,31.37,29.98,29.5
2016-05-07T17:00,2016-05-07,17,29.96,30.2,30.74,30.99,29.28,28.94,29.23,30.81,29.92,29.06
2016-05-07T18:00,2016-05-07,18,29.19,29.58,29.5,30.14,28.59,28.07,28.31,30.2,29.41,28.1
2016-05-07T19:00,2016-05-07,19,28.17,28.59,28.37,28.91,27.4,26.93,27.79,29.27,28.49,26.89
2016-05-07T20:00,2016-05-07,20,27.39,27.69,27.55,28.09,26.55,26.06,27.62,28.63,27.69,25.89
2016-05-07T21:00,2016-05-07,21,26.88,27.18,27.01,27.54,26.07,25.42,27.5,28.15,27.05,25.29
2016-05-07T22:00,2016-05-07,22,26.41,26.7,26.44,27.09,25.47,24.7,27.31,27.74,26.67,24.77
2016-05-07T23:00,2016-05-07,23,26.06,26.38,26.06,26.7,24.92,24.38,27.16,27.29,26.38,24.28
2016-05-08T00:00,2016-05-08,0,25.69,25.98,25.73,26.26,24.51,24.17,26.89,26.85,25.95,23.97
2016-05-08T01:00,2016-05-08,1,24.58,24.73,25.48,25.33,24.36,23.74,24.6,26.26,24.1,22.97
2016-05-08T02:00,2016-05-08,2,24.3,24.47,25.41,25.01,24.3,23.97,24.06,25.33,23.9,22.61
2016-05-08T03:00,2016-05-08,3,24.15,24.31,25.47,24.69,24.02,23.91,23.95,24.94,23.82,22.44
2016-05-08T04:00,2016-05-08,4,24.01,24.14,25.26,24.42,23.87,23.76,23.98,24.68,23.91,22.31
2016-05-08T05:00,2016-05-08,5,23.89,24.06,24.83,24.26,23.5,23.75,24.17,24.63,23.68,22.21
2016-05-08T06:00,2016-05-08,6,23.98,24.12,24.87,24.3,23.56,23.79,24.44,24.82,23.77,22.3
2016-05-08T07:00,2016-05-08,7,25.16,25.26,26.88,25.76,25.02,25.36,25.55,25.97,24.25,23.08
2016-05-08T08:00,2016-05-08,8,26.54,26.55,28.28,27.28,26.39,26.92,27.25,27.49,25.42,24.18
2016-05-08T09:00,2016-05-08,9,27.99,27.96,29.76,28.78,27.77,28.04,29.07,28.85,26.8,25.73
2016-05-08T10:00,2016-05-08,10,29.28,29.05,31.07,29.95,28.76,29.04,30.63,30.16,28.42,27.41
2016-05-08T11:00,2016-05-08,11,30.17,29.95,31.99,30.77,29.41,29.69,31.32,31.04,29.48,28.66
2016-05-08T12:00,2016-05-08,12,30.81,30.54,32.5,31.18,30.05,30.57,31.95,31.6,30.26,29.52
2016-05-08T13:00,2016-05-08,13,31.82,31.45,33.27,32.03,30.97,30.88,33.6,32.43,31.5,30.81
2016-05-08T14:00,2016-05-08,14,32.11,31.71,33.18,32.23,31.17,31.26,33.89,32.73,32.12,31.22
2016-05-08T15:00,2016-05-08,15,32.12,31.84,32.79,32.3,31.25,31.3,33.3,32.7,32.39,31.46
2016-05-08T16:00,2016-05-08,16,31.56,31.43,31.98,31.93,30.88,30.92,31.59,31.0,32.37,31.29
2016-05-08T17:00,2016-05-08,17,31.11,31.21,30.91,31.56,30.53,30.34,30.76,30.59,32.06,30.91
2016-05-08T18:00,2016-05-08,18,30.13,30.34,29.52,30.57,29.71,29.2,29.56,29.87,31.13,29.97
2016-05-08T19:00,2016-05-08,19,28.96,29.21,28.3,29.55,28.16,27.89,28.92,29.12,29.81,28.41
2016-05-08T20:00,2016-05-08,20,28.1,28.41,27.65,28.74,26.89,26.91,28.43,28.57,28.8,27.19
2016-05-08T21:00,2016-05-08,21,27.45,27.75,27.22,28.03,26.13,26.02,28.07,28.08,28.01,26.45
2016-05-08T22:00,2016-05-08,22,26.98,27.24,26.9,27.43,25.78,25.36,27.7,27.68,27.51,26.0
2016-05-08T23:00,2016-05-08,23,26.57,26.9,26.41,27.03,25.39,24.93,27.47,27.27,26.92,25.57
2016-05-09T00:00,2016-05-09,0,26.21,26.56,26.02,26.69,25.08,24.45,27.19,27.1,26.41,25.16
2016-05-09T01:00,2016-05-09,1,26.08,26.36,26.42,26.05,25.02,24.23,27.35,26.94,26.28,25.09
2016-05-09T02:00,2016-05-09,2,25.82,26.06,26.37,25.85,24.74,24.0,27.1,26.74,25.92,24.76
2016-05-09T03:00,2016-05-09,3,25.6,25.94,26.17,25.54,24.44,23.77,26.79,26.51,25.61,24.58
2016-05-09T04:00,2016-05-09,4,25.31,25.68,25.49,25.36,24.08,23.61,26.52,26.5,25.33,24.26
2016-05-09T05:00,2016-05-09,5,25.12,25.51,25.24,25.3,23.81,23.35,26.28,26.42,25.12,24.02
2016-05-09T06:00,2016-05-09,6,25.19,25.58,25.4,25.68,23.77,23.48,26.24,26.32,25.18,23.93
2016-05-09T07:00,2016-05-09,7,27.01,27.49,27.52,27.65,25.42,26.26,27.95,28.0,26.97,24.78
2016-05-09T08:00,2016-05-09,8,28.44,28.69,29.15,29.12,27.52,28.11,29.44,29.24,28.64,25.65
2016-05-09T09:00,2016-05-09,9,29.69,29.71,30.62,30.28,29.07,29.28,30.71,30.46,29.9,27.24
2016-05-09T10:00,2016-05-09,10,30.69,30.52,31.91,31.15,30.42,30.35,31.46,31.3,30.71,28.93
2016-05-09T11:00,2016-05-09,11,31.52,31.31,33.04,31.79,31.37,31.19,32.07,31.86,31.43,30.22
2016-05-09T12:00,2016-05-09,12,32.04,31.7,33.77,32.13,31.8,31.74,32.8,32.24,31.98,30.98
2016-05-09T13:00,2016-05-09,13,32.74,32.46,34.0,32.86,32.22,32.17,34.12,33.09,32.67,31.52
2016-05-09T14:00,2016-05-09,14,32.97,32.68,34.05,33.1,32.52,32.45,34.34,33.16,32.99,31.84
2016-05-09T15:00,2016-05-09,15,32.93,32.69,33.68,33.05,32.43,32.29,34.31,33.0,33.17,31.9
2016-05-09T16:00,2016-05-09,16,32.52,32.46,32.89,32.66,32.15,31.41,33.45,32.68,33.06,31.5
2016-05-09T17:00,2016-05-09,17,31.74,31.94,31.79,32.09,31.17,30.79,32.77,32.11,32.55,29.59
2016-05-09T18:00,2016-05-09,18,30.63,31.07,30.4,31.27,29.91,29.59,31.92,31.17,31.22,27.87
2016-05-09T19:00,2016-05-09,19,29.44,29.95,29.28,30.13,28.79,28.41,30.95,30.16,29.44,26.72
2016-05-09T20:00,2016-05-09,20,28.53,28.96,28.57,29.09,27.95,27.44,30.24,29.33,28.08,26.24
2016-05-09T21:00,2016-05-09,21,27.82,28.19,28.09,28.36,27.07,26.72,29.52,28.69,27.25,25.81
2016-05-09T22:00,2016-05-09,22,27.42,28.15,27.8,27.58,26.43,26.02,28.91,28.17,26.85,25.45
2016-05-09T23:00,2016-05-09,23,26.92,27.25,27.47,27.33,26.02,25.53,28.47,27.83,26.44,25.22
2016-05-10T00:00,2016-05-10,0,26.55,26.77,27.17,26.87,25.5,25.43,28.16,27.53,26.06,25.04
2016-05-10T01:00,2016-05-10,1,26.44,26.57,26.84,26.44,25.31,25.1,27.95,27.2,26.48,25.51
2016-05-10T02:00,2016-05-10,2,26.28,26.73,26.58,26.1,24.99,25.09,27.71,27.06,26.08,25.15
2016-05-10T03:00,2016-05-10,3,26.04,26.49,26.3,25.9,24.91,24.81,27.39,26.79,25.84,24.91
2016-05-10T04:00,2016-05-10,4,25.89,26.33,26.17,25.76,25.02,24.64,27.13,26.57,25.7,24.71
2016-05-10T05:00,2016-05-10,5,25.69,26.11,25.99,25.75,25.09,24.08,26.84,26.38,25.5,24.48
2016-05-10T06:00,2016-05-10,6,25.68,25.97,26.09,25.69,25.12,24.18,26.79,26.38,25.59,24.55
2016-05-10T07:00,2016-05-10,7,27.49,27.63,27.93,27.59,26.9,26.43,28.39,28.08,27.54,26.49
2016-05-10T08:00,2016-05-10,8,29.11,28.99,29.69,29.18,28.94,28.21,29.86,29.51,29.36,28.35
2016-05-10T09:00,2016-05-10,9,30.53,30.33,31.24,30.47,30.41,29.59,31.29,30.78,30.88,29.91
2016-05-10T10:00,2016-05-10,10,31.57,31.36,32.51,31.5,31.4,30.73,32.25,31.83,31.83,30.96
2016-05-10T11:00,2016-05-10,11,32.35,32.03,33.52,32.37,32.13,31.63,33.0,32.75,32.55,31.74
2016-05-10T12:00,2016-05-10,12,32.88,32.4,34.24,33.0,32.66,32.24,33.6,33.36,33.01,32.32
2016-05-10T13:00,2016-05-10,13,33.13,32.58,34.47,33.27,32.61,32.78,34.25,33.94,33.49,31.9
2016-05-10T14:00,2016-05-10,14,33.2,32.69,34.45,33.37,32.65,32.87,34.44,33.98,33.42,31.97
2016-05-10T15:00,2016-05-10,15,32.97,32.49,34.06,33.05,32.28,32.49,34.16,33.9,33.33,31.9
2016-05-10T16:00,2016-05-10,16,32.55,32.13,33.11,32.85,31.69,31.94,33.93,33.62,32.89,31.43
2016-05-10T17:00,2016-05-10,17,31.89,31.73,32.03,32.25,31.16,30.96,33.53,33.02,32.02,30.5
2016-05-10T18:00,2016-05-10,18,30.95,31.04,30.71,31.27,30.22,29.82,32.83,31.94,31.21,29.04
2016-05-10T19:00,2016-05-10,19,29.77,29.82,29.58,30.08,29.13,28.93,31.75,31.0,29.82,27.69
2016-05-10T20:00,2016-05-10,20,28.84,28.81,28.92,28.89,28.12,28.06,30.91,30.22,28.81,27.04
2016-05-10T21:00,2016-05-10,21,28.23,28.22,28.4,28.09,27.46,27.19,30.21,29.61,28.27,26.65
2016-05-10T22:00,2016-05-10,22,27.88,28.3,28.08,27.76,26.73,26.56,29.59,28.84,27.88,26.16
2016-05-10T23:00,2016-05-10,23,27.35,27.41,27.74,27.33,26.39,26.19,29.13,28.47,27.48,25.75
2016-05-11T00:00,2016-05-11,0,26.91,26.84,27.23,26.71,26.09,25.99,28.69,28.22,27.14,25.47
2016-05-11T01:00,2016-05-11,1,26.94,27.3,27.01,26.66,26.1,25.91,28.07,27.93,27.22,25.5
2016-05-11T02:00,2016-05-11,2,26.63,27.0,26.62,26.43,25.78,25.28,27.66,27.53,26.98,25.41
2016-05-11T03:00,2016-05-11,3,26.33,26.84,26.4,26.18,25.46,24.8,27.27,27.18,26.45,25.16
2016-05-11T04:00,2016-05-11,4,25.91,26.14,26.17,25.88,25.21,24.39,26.94,26.99,26.06,24.76
2016-05-11T05:00,2016-05-11,5,25.66,25.76,26.01,25.7,25.1,24.17,26.61,26.73,25.89,24.66
2016-05-11T06:00,2016-05-11,6,25.82,25.93,26.2,25.93,25.22,24.66,26.73,26.85,25.92,24.73
2016-05-11T07:00,2016-05-11,7,28.01,28.27,28.55,28.31,27.68,27.15,28.44,28.55,28.07,26.59
2016-05-11T08:00,2016-05-11,8,29.6,29.69,30.34,29.93,29.36,28.84,30.04,29.83,29.83,28.27
2016-05-11T09:00,2016-05-11,9,31.02,30.92,31.88,31.22,30.75,30.16,31.71,31.16,31.42,29.89
2016-05-11T10:00,2016-05-11,10,32.14,31.94,33.17,32.28,31.55,31.14,33.0,32.32,32.61,31.23
2016-05-11T11:00,2016-05-11,11,32.78,32.4,34.2,33.11,31.75,31.88,33.8,33.23,33.13,31.88
2016-05-11T12:00,2016-05-11,12,33.26,32.79,34.91,33.65,32.22,32.59,34.35,33.99,33.37,32.21
2016-05-11T13:00,2016-05-11,13,33.96,33.65,35.19,34.28,33.11,32.94,35.55,34.46,33.95,32.79
2016-05-11T14:00,2016-05-11,14,34.25,33.94,35.32,34.52,33.41,33.06,35.94,34.75,34.33,33.14
2016-05-11T15:00,2016-05-11,15,34.26,34.03,34.85,34.51,33.49,33.11,36.1,34.72,34.46,33.03
2016-05-11T16:00,2016-05-11,16,33.84,33.83,34.16,34.16,32.74,32.83,35.67,34.38,34.36,31.89
2016-05-11T17:00,2016-05-11,17,33.07,33.33,32.84,33.52,31.71,32.21,34.94,33.75,34.09,30.2
2016-05-11T18:00,2016-05-11,18,31.94,32.42,31.36,32.4,30.71,30.95,33.77,32.46,33.08,28.72
2016-05-11T19:00,2016-05-11,19,30.7,31.45,30.15,31.19,29.6,29.49,32.2,31.3,31.45,27.52
2016-05-11T20:00,2016-05-11,20,29.71,30.21,29.41,30.1,28.79,28.6,31.41,30.43,30.15,27.0
2016-05-11T21:00,2016-05-11,21,29.09,29.73,28.94,29.48,28.07,27.81,30.61,29.84,29.23,26.55
2016-05-11T22:00,2016-05-11,22,28.69,29.47,28.59,29.31,27.3,27.36,29.99,29.34,28.71,26.21
2016-05-11T23:00,2016-05-11,23,28.12,28.46,28.3,28.82,26.91,27.04,29.47,28.88,28.31,25.88
2016-05-12T00:00,2016-05-12,0,27.62,27.91,27.94,28.16,26.51,26.47,28.92,28.55,27.73,25.63
2016-05-12T01:00,2016-05-12,1,27.31,27.42,27.64,27.75,25.89,26.41,28.6,28.29,27.34,26.01
2016-05-12T02:00,2016-05-12,2,27.03,27.13,27.49,27.49,25.63,26.16,28.21,28.03,27.05,25.65
2016-05-12T03:00,2016-05-12,3,26.74,26.87,27.19,27.02,25.33,25.69,27.92,27.77,26.82,25.58
2016-05-12T04:00,2016-05-12,4,26.43,26.47,27.43,26.6,25.03,24.79,27.61,27.55,26.64,25.33
2016-05-12T05:00,2016-05-12,5,26.16,26.18,27.41,26.27,24.83,24.23,27.41,27.37,26.34,25.04
2016-05-12T06:00,2016-05-12,6,26.3,26.3,27.46,26.55,25.02,24.77,27.48,27.45,26.29,25.19
2016-05-12T07:00,2016-05-12,7,28.18,28.4,28.66,28.65,27.11,27.53,28.93,28.71,28.24,26.76
2016-05-12T08:00,2016-05-12,8,29.69,29.85,29.84,30.04,28.44,29.12,30.68,30.07,29.94,28.55
2016-05-12T09:00,2016-05-12,9,31.02,31.13,30.87,31.23,30.01,30.26,31.85,31.53,31.58,30.03
2016-05-12T10:00,2016-05-12,10,31.83,31.72,32.12,31.92,31.08,31.03,32.67,32.3,32.39,31.07
2016-05-12T11:00,2016-05-12,11,32.44,32.26,33.15,32.59,31.58,31.76,33.57,33.03,32.7,31.44
2016-05-12T12:00,2016-05-12,12,32.94,32.74,33.86,33.21,32.01,32.26,34.09,33.63,33.06,31.86
2016-05-12T13:00,2016-05-12,13,32.64,32.79,34.11,33.9,31.41,32.92,33.43,34.17,30.01,31.82
2016-05-12T14:00,2016-05-12,14,32.43,32.11,33.92,33.94,30.44,33.12,33.98,34.48,30.09,31.39
2016-05-12T15:00,2016-05-12,15,32.11,31.94,33.73,32.96,29.87,31.87,33.99,34.53,30.85,30.35
2016-05-12T16:00,2016-05-12,16,31.79,32.12,32.98,32.45,29.87,29.57,33.37,34.24,31.46,29.53
2016-05-12T17:00,2016-05-12,17,31.45,32.07,32.16,32.12,29.8,28.48,32.8,33.47,31.53,29.04
2016-05-12T18:00,2016-05-12,18,30.79,31.38,31.23,31.37,29.3,28.17,32.15,32.24,31.07,28.49
2016-05-12T19:00,2016-05-12,19,29.73,30.16,30.19,30.09,28.14,27.61,31.28,30.96,30.18,27.57
2016-05-12T20:00,2016-05-12,20,28.93,29.32,29.46,29.34,27.36,27.12,30.53,30.12,29.37,26.51
2016-05-12T21:00,2016-05-12,21,28.31,28.81,28.93,28.81,26.89,26.65,29.9,29.48,28.77,25.24
2016-05-12T22:00,2016-05-12,22,27.82,28.42,28.52,28.33,26.58,26.26,29.17,29.02,28.28,24.43
2016-05-12T23:00,2016-05-12,23,27.33,28.17,28.19,27.97,26.0,25.81,28.73,28.66,26.92,24.03
2016-05-13T00:00,2016-05-13,0,26.96,28.0,27.87,27.78,25.49,25.54,28.44,28.39,25.61,23.94
2016-05-13T01:00,2016-05-13,1,26.47,27.3,27.35,26.95,24.74,25.19,27.83,28.02,25.15,24.46
2016-05-13T02:00,2016-05-13,2,26.19,26.95,27.17,26.71,24.29,24.86,27.76,27.96,24.88,24.1
2016-05-13T03:00,2016-05-13,3,25.91,26.38,27.08,26.63,23.84,24.72,27.74,27.91,24.62,23.76
2016-05-13T04:00,2016-05-13,4,25.68,26.01,27.05,26.48,23.47,24.43,27.84,27.94,24.32,23.37
2016-05-13T05:00,2016-05-13,5,25.46,25.74,27.08,26.46,23.39,23.83,27.8,27.89,23.78,23.17
2016-05-13T06:00,2016-05-13,6,25.43,25.6,27.35,26.69,23.28,23.31,27.96,28.19,23.49,23.14
2016-05-13T07:00,2016-05-13,7,25.78,25.53,28.45,27.68,23.25,23.48,28.58,29.34,23.5,23.31
2016-05-13T08:00,2016-05-13,8,26.04,25.04,29.61,28.55,23.26,23.6,29.01,30.62,23.72,23.72
2016-05-13T09:00,2016-05-13,9,26.33,24.71,30.66,28.56,23.33,24.06,28.57,30.91,25.31,24.56
2016-05-13T10:00,2016-05-13,10,26.65,24.85,31.44,27.48,23.81,24.32,28.21,31.11,26.53,26.22
2016-05-13T11:00,2016-05-13,11,26.99,25.23,32.29,26.88,24.21,24.47,28.25,30.78,27.51,27.11
2016-05-13T12:00,2016-05-13,12,27.72,26.9,32.62,27.43,25.17,25.35,28.05,29.28,28.25,27.8
2016-05-13T13:00,2016-05-13,13,29.17,28.66,32.36,29.23,26.97,28.03,32.47,32.0,26.72,28.14
2016-05-13T14:00,2016-05-13,14,28.67,27.23,32.31,27.99,27.66,28.96,31.24,31.99,26.83,28.58
2016-05-13T15:00,2016-05-13,15,28.16,26.63,31.57,27.53,27.49,28.87,29.57,30.89,27.17,28.36
2016-05-13T16:00,2016-05-13,16,27.45,26.46,31.12,27.13,26.49,27.42,27.11,29.0,27.5,27.6
2016-05-13T17:00,2016-05-13,17,26.99,26.51,30.18,26.82,26.05,25.96,26.18,27.09,27.65,27.2
2016-05-13T18:00,2016-05-13,18,26.65,26.44,29.14,26.63,25.58,25.2,26.06,26.26,27.58,26.61
2016-05-13T19:00,2016-05-13,19,26.32,26.12,28.52,26.49,25.27,24.84,26.02,26.13,27.14,26.02
2016-05-13T20:00,2016-05-13,20,26.04,25.73,28.19,26.38,25.06,24.37,26.07,26.29,26.78,25.44
2016-05-13T21:00,2016-05-13,21,25.91,25.53,28.03,26.26,25.01,24.15,26.26,26.67,26.48,25.13
2016-05-13T22:00,2016-05-13,22,25.76,25.33,27.98,25.97,24.89,23.94,26.52,26.89,26.08,24.93
2016-05-13T23:00,2016-05-13,23,25.63,25.23,27.79,25.79,24.85,23.62,26.68,27.02,25.72,24.69
2016-05-14T00:00,2016-05-14,0,25.49,25.13,27.56,25.74,24.55,23.25,26.74,27.12,25.4,24.54
2016-05-14T01:00,2016-05-14,1,25.22,24.97,26.81,25.95,24.07,23.27,26.72,27.52,24.3,24.16
2016-05-14T02:00,2016-05-14,2,25.21,25.15,26.66,25.96,23.9,22.96,26.75,27.55,24.2,24.07
2016-05-14T03:00,2016-05-14,3,25.24,25.28,26.61,25.92,23.75,22.81,26.98,27.6,24.23,24.07
2016-05-14T04:00,2016-05-14,4,25.26,25.33,26.64,25.53,23.48,22.68,27.24,27.73,24.61,24.05
2016-05-14T05:00,2016-05-14,5,25.15,25.16,26.57,25.01,23.15,22.56,27.45,27.76,24.85,23.83
2016-05-14T06:00,2016-05-14,6,25.19,24.97,26.9,25.11,22.95,22.48,27.75,28.05,25.13,23.73
2016-05-14T07:00,2016-05-14,7,25.58,24.75,28.13,26.34,22.9,22.46,28.7,28.88,25.57,23.86
2016-05-14T08:00,2016-05-14,8,26.42,25.44,29.75,27.96,22.81,22.69,30.07,30.13,25.94,24.41
2016-05-14T09:00,2016-05-14,9,27.65,27.48,30.98,29.63,23.15,23.41,31.4,30.89,26.19,25.26
2016-05-14T10:00,2016-05-14,10,28.67,29.26,31.74,30.66,23.73,24.54,32.55,31.32,26.49,25.79
2016-05-14T11:00,2016-05-14,11,29.43,30.3,32.25,31.49,24.53,25.28,33.46,31.97,27.15,26.0
2016-05-14T12:00,2016-05-14,12,30.27,31.43,32.68,32.12,25.59,26.43,34.48,32.33,28.01,26.32
2016-05-14T13:00,2016-05-14,13,31.55,32.08,33.5,32.67,30.25,29.44,33.97,32.78,31.16,26.98
2016-05-14T14:00,2016-05-14,14,31.88,32.44,32.88,32.85,30.87,30.22,34.25,32.65,32.03,27.35
2016-05-14T15:00,2016-05-14,15,31.65,32.34,32.46,31.99,30.93,30.16,34.04,32.59,31.94,27.07
2016-05-14T16:00,2016-05-14,16,31.43,32.24,31.98,31.87,30.82,29.85,33.91,32.38,31.36,26.97
2016-05-14T17:00,2016-05-14,17,30.73,31.72,31.23,31.55,30.43,28.98,32.92,31.72,29.99,26.27
2016-05-14T18:00,2016-05-14,18,29.53,30.67,30.2,30.53,28.38,27.63,32.08,30.74,28.22,25.33
2016-05-14T19:00,2016-05-14,19,28.43,29.52,29.24,29.59,26.42,26.6,31.02,29.71,26.94,24.71
2016-05-14T20:00,2016-05-14,20,27.57,28.48,28.64,28.79,25.4,25.56,30.16,29.04,25.95,24.37
2016-05-14T21:00,2016-05-14,21,26.94,27.62,28.15,28.16,24.96,24.77,29.52,28.6,25.28,24.12
2016-05-14T22:00,2016-05-14,22,26.57,27.2,27.81,27.73,24.69,24.34,29.01,28.32,24.97,23.91
2016-05-14T23:00,2016-05-14,23,26.32,27.01,27.44,27.36,24.42,24.02,28.71,28.09,24.85,23.63
2016-05-15T00:00,2016-05-15,0,26.11,26.85,27.2,27.07,24.19,23.77,28.4,27.9,24.76,23.43
2016-05-15T01:00,2016-05-15,1,26.24,27.16,27.15,27.31,23.59,23.61,28.3,27.95,25.65,23.24
2016-05-15T02:00,2016-05-15,2,26.08,26.85,27.07,27.17,23.43,23.62,28.13,27.91,25.49,23.15
2016-05-15T03:00,2016-05-15,3,25.89,26.58,26.92,26.92,23.25,23.56,27.92,27.84,25.36,23.04
2016-05-15T04:00,2016-05-15,4,25.79,26.48,26.8,26.77,23.26,23.48,27.78,27.8,25.16,22.97
2016-05-15T05:00,2016-05-15,5,25.74,26.48,26.76,26.64,23.3,23.62,27.64,27.69,25.07,22.89
2016-05-15T06:00,2016-05-15,6,25.97,26.8,27.01,26.99,23.65,23.91,27.8,27.89,25.1,22.94
2016-05-15T07:00,2016-05-15,7,26.81,27.69,28.52,28.2,24.32,24.76,28.71,28.83,25.55,23.15
2016-05-15T08:00,2016-05-15,8,27.78,28.76,29.9,29.38,24.59,25.88,29.9,29.79,26.52,23.52
2016-05-15T09:00,2016-05-15,9,28.73,29.79,30.96,30.25,24.99,26.49,31.26,30.76,27.89,23.94
2016-05-15T10:00,2016-05-15,10,29.73,30.88,31.7,31.04,26.44,26.52,32.53,31.65,29.23,24.84
2016-05-15T11:00,2016-05-15,11,30.57,31.67,32.38,31.85,27.35,26.98,33.63,32.54,30.14,25.77
2016-05-15T12:00,2016-05-15,12,31.29,32.4,32.68,32.43,28.42,27.99,34.51,32.91,30.88,26.5
2016-05-15T13:00,2016-05-15,13,31.72,32.25,32.73,32.23,30.26,29.37,34.38,33.12,32.74,26.92
2016-05-15T14:00,2016-05-15,14,32.02,32.62,32.86,32.28,30.33,30.01,34.46,32.95,33.33,27.44
2016-05-15T15:00,2016-05-15,15,31.96,32.62,32.64,32.12,29.67,30.44,34.46,32.6,33.43,27.57
2016-05-15T16:00,2016-05-15,16,31.6,32.48,31.98,31.8,28.73,29.68,34.19,32.16,33.09,27.39
2016-05-15T17:00,2016-05-15,17,30.77,31.72,31.14,31.23,27.46,27.96,33.54,31.44,32.05,27.02
2016-05-15T18:00,2016-05-15,18,29.83,31.01,30.16,30.49,26.76,26.52,32.53,30.7,30.29,26.34
2016-05-15T19:00,2016-05-15,19,28.84,30.18,29.35,29.78,25.69,25.52,31.48,29.84,28.36,25.61
2016-05-15T20:00,2016-05-15,20,28.15,29.51,28.72,29.17,24.97,25.1,30.72,29.3,27.34,25.05
2016-05-15T21:00,2016-05-15,21,27.65,29.0,28.34,28.74,24.46,24.66,30.06,28.92,26.69,24.59
2016-05-15T22:00,2016-05-15,22,27.19,28.51,28.05,28.36,24.21,24.27,29.53,28.65,25.99,24.07
2016-05-15T23:00,2016-05-15,23,26.81,28.09,27.65,28.04,23.86,23.86,29.14,28.42,25.63,23.64
2016-05-16T00:00,2016-05-16,0,26.5,27.71,27.45,27.82,23.46,23.52,28.84,28.3,25.32,23.29
2016-05-16T01:00,2016-05-16,1,26.69,27.26,27.45,27.84,25.33,24.0,28.84,28.45,26.29,23.34
2016-05-16T02:00,2016-05-16,2,26.5,26.69,27.37,27.8,25.14,23.94,28.74,28.46,26.43,23.27
2016-05-16T03:00,2016-05-16,3,26.35,26.34,27.07,27.65,25.08,24.02,28.61,28.46,26.45,23.16
2016-05-16T04:00,2016-05-16,4,26.27,26.2,27.01,27.57,24.91,24.08,28.53,28.46,26.47,23.0
2016-05-16T05:00,2016-05-16,5,26.22,26.37,26.82,27.27,24.72,24.26,28.4,28.39,26.43,22.92
2016-05-16T06:00,2016-05-16,6,26.39,26.71,26.95,27.43,24.78,24.38,28.48,28.5,26.6,22.88
2016-05-16T07:00,2016-05-16,7,27.13,27.59,28.31,28.32,25.14,24.81,29.18,29.19,27.4,23.03
2016-05-16T08:00,2016-05-16,8,28.21,28.82,29.82,29.44,25.74,25.94,30.3,30.16,28.76,23.38
2016-05-16T09:00,2016-05-16,9,29.24,29.94,30.83,30.42,26.34,27.46,31.33,31.07,30.17,23.83
2016-05-16T10:00,2016-05-16,10,30.12,30.99,31.7,31.03,26.68,28.34,32.51,31.78,31.56,24.16
2016-05-16T11:00,2016-05-16,11,30.96,31.87,32.63,31.9,27.49,28.53,33.65,32.4,32.74,24.63
2016-05-16T12:00,2016-05-16,12,31.24,32.17,32.9,32.06,27.4,27.5,34.39,32.75,33.52,25.06
2016-05-16T13:00,2016-05-16,13,31.77,32.85,33.29,32.72,27.81,27.18,34.09,33.01,34.6,26.17
2016-05-16T14:00,2016-05-16,14,31.55,32.74,33.01,32.36,26.69,26.33,34.38,33.02,34.22,26.47
2016-05-16T15:00,2016-05-16,15,31.26,32.52,32.76,32.16,25.71,25.3,34.5,32.88,33.69,26.55
2016-05-16T16:00,2016-05-16,16,30.68,31.76,32.14,31.75,24.87,24.64,34.26,32.49,32.67,26.64
2016-05-16T17:00,2016-05-16,17,29.91,30.59,31.15,31.21,24.57,24.5,33.66,31.76,31.19,26.68
2016-05-16T18:00,2016-05-16,18,28.92,29.35,30.27,30.32,24.21,24.32,32.61,30.78,29.26,26.27
2016-05-16T19:00,2016-05-16,19,28.0,28.36,29.33,29.62,24.11,24.02,31.36,29.78,27.62,25.58
2016-05-16T20:00,2016-05-16,20,27.55,28.24,28.7,29.18,24.15,23.92,30.37,29.22,26.65,25.03
2016-05-16T21:00,2016-05-16,21,27.32,28.31,28.27,28.76,24.27,23.9,29.66,28.88,26.39,24.6
2016-05-16T22:00,2016-05-16,22,27.24,28.34,28.03,28.49,24.41,24.02,29.18,28.74,26.68,24.33
2016-05-16T23:00,2016-05-16,23,27.15,28.17,27.94,28.24,24.52,24.16,28.97,28.6,26.98,24.03
2016-05-17T00:00,2016-05-17,0,27.08,27.96,28.03,28.13,24.69,24.43,28.82,28.48,27.19,23.65
2016-05-17T01:00,2016-05-17,1,27.3,27.59,28.08,28.09,26.63,25.3,28.5,28.78,27.44,24.62
2016-05-17T02:00,2016-05-17,2,27.22,27.55,28.02,28.0,26.17,25.39,28.41,28.76,27.48,24.43
2016-05-17T03:00,2016-05-17,3,27.04,27.32,27.97,27.84,25.63,25.11,28.33,28.73,27.44,24.27
2016-05-17T04:00,2016-05-17,4,26.94,27.22,27.88,27.9,25.18,24.91,28.31,28.71,27.33,24.13
2016-05-17T05:00,2016-05-17,5,26.81,27.05,27.75,27.76,25.05,24.95,28.26,28.61,27.19,23.92
2016-05-17T06:00,2016-05-17,6,26.86,27.03,27.88,27.93,25.1,24.96,28.38,28.62,27.23,23.96
2016-05-17T07:00,2016-05-17,7,27.54,27.71,28.6,28.63,25.71,25.51,29.15,29.36,28.14,24.34
2016-05-17T08:00,2016-05-17,8,28.6,29.02,29.52,29.55,26.88,26.15,30.26,30.13,29.52,24.91
2016-05-17T09:00,2016-05-17,9,29.89,30.39,30.63,30.82,29.12,27.24,31.41,30.99,31.04,25.69
2016-05-17T10:00,2016-05-17,10,30.85,31.21,31.92,31.72,30.29,27.77,32.77,31.93,32.09,26.5
2016-05-17T11:00,2016-05-17,11,31.65,31.98,32.67,32.34,31.17,27.88,33.87,32.55,33.29,27.28
2016-05-17T12:00,2016-05-17,12,32.46,32.83,33.52,32.8,31.85,28.29,34.72,33.02,34.48,28.36
2016-05-17T13:00,2016-05-17,13,32.48,32.43,33.04,31.94,32.17,29.65,34.08,31.3,34.88,30.99
2016-05-17T14:00,2016-05-17,14,32.36,32.63,32.98,31.92,31.81,28.89,33.14,31.47,34.37,31.56
2016-05-17T15:00,2016-05-17,15,31.72,31.93,32.42,31.61,30.97,28.49,33.28,31.98,31.79,31.49
2016-05-17T16:00,2016-05-17,16,31.14,31.63,31.9,31.59,28.96,27.13,33.11,31.93,30.75,30.95
2016-05-17T17:00,2016-05-17,17,30.63,31.33,31.21,31.1,27.6,26.51,32.73,31.54,30.64,30.02
2016-05-17T18:00,2016-05-17,18,29.83,30.63,30.38,30.4,26.83,25.42,31.97,30.8,30.01,28.71
2016-05-17T19:00,2016-05-17,19,28.93,29.93,29.62,29.65,25.76,24.66,31.12,29.96,29.42,26.64
2016-05-17T20:00,2016-05-17,20,28.33,29.44,29.16,29.04,24.7,24.2,30.56,29.49,29.1,25.5
2016-05-17T21:00,2016-05-17,21,27.91,29.04,28.83,28.74,24.06,23.95,30.06,29.08,28.71,24.89
2016-05-17T22:00,2016-05-17,22,27.42,28.44,28.18,28.33,23.91,23.81,29.65,28.72,28.07,24.3
2016-05-17T23:00,2016-05-17,23,26.98,28.01,27.33,27.82,23.98,23.67,29.22,28.47,27.48,23.68
2016-05-18T00:00,2016-05-18,0,26.74,27.87,26.89,27.22,24.08,23.48,28.95,28.39,27.36,23.32
2016-05-18T01:00,2016-05-18,1,27.06,27.75,27.25,27.77,25.52,23.67,28.55,28.3,28.22,24.07
2016-05-18T02:00,2016-05-18,2,26.81,27.65,26.27,27.43,25.33,23.65,28.38,28.11,28.03,23.77
2016-05-18T03:00,2016-05-18,3,26.52,27.53,25.83,26.62,24.94,23.39,28.28,27.97,27.8,23.42
2016-05-18T04:00,2016-05-18,4,26.32,27.43,25.65,26.06,24.75,23.3,28.11,27.93,27.63,23.15
2016-05-18T05:00,2016-05-18,5,26.17,27.36,25.64,25.82,24.5,23.24,27.89,27.81,27.43,22.9
2016-05-18T06:00,2016-05-18,6,26.07,27.27,25.56,25.81,24.29,23.18,27.77,27.94,27.18,22.8
2016-05-18T07:00,2016-05-18,7,26.46,27.54,25.95,26.28,24.28,23.34,28.48,28.85,27.69,23.09
2016-05-18T08:00,2016-05-18,8,27.13,28.01,26.51,27.16,24.65,23.58,29.74,29.99,28.57,23.55
2016-05-18T09:00,2016-05-18,9,28.01,28.78,27.62,28.27,25.16,23.83,31.03,31.03,29.84,23.9
2016-05-18T10:00,2016-05-18,10,29.3,30.29,29.26,29.67,26.28,24.22,32.53,32.03,31.24,24.74
2016-05-18T11:00,2016-05-18,11,30.0,31.03,30.42,30.2,26.61,24.78,33.54,32.63,32.16,24.98
2016-05-18T12:00,2016-05-18,12,30.62,31.74,31.53,30.29,26.78,25.46,34.47,33.3,33.05,25.25
2016-05-18T13:00,2016-05-18,13,31.15,32.0,32.8,30.54,28.53,26.16,34.12,33.09,32.45,27.8
2016-05-18T14:00,2016-05-18,14,31.14,32.01,32.08,31.45,27.68,26.1,33.97,32.27,32.87,28.02
2016-05-18T15:00,2016-05-18,15,30.56,31.0,31.24,30.84,27.09,26.17,33.36,31.96,32.36,28.11
2016-05-18T16:00,2016-05-18,16,29.96,29.95,30.88,30.26,27.72,26.7,32.19,31.73,30.9,28.29
2016-05-18T17:00,2016-05-18,17,29.4,29.45,30.13,29.86,27.76,27.19,31.73,30.91,29.08,27.99
2016-05-18T18:00,2016-05-18,18,28.72,29.1,29.13,29.23,27.45,26.94,31.03,29.97,27.62,27.21
2016-05-18T19:00,2016-05-18,19,27.98,28.59,28.63,28.66,26.11,25.82,30.27,29.35,27.02,25.92
2016-05-18T20:00,2016-05-18,20,27.47,28.2,28.18,28.29,25.41,24.98,29.73,28.91,26.89,24.85
2016-05-18T21:00,2016-05-18,21,27.09,27.88,27.3,28.0,25.06,24.56,29.32,28.6,26.8,24.2
2016-05-18T22:00,2016-05-18,22,26.73,27.56,26.68,27.68,24.54,24.19,28.94,28.42,26.5,23.85
2016-05-18T23:00,2016-05-18,23,26.37,27.21,26.4,27.35,24.12,23.8,28.59,28.21,25.93,23.6
2016-05-19T00:00,2016-05-19,0,26.01,26.78,25.98,26.99,23.76,23.63,28.34,27.98,25.31,23.46
2016-05-19T01:00,2016-05-19,1,25.33,25.93,25.59,25.69,23.28,23.45,27.92,27.17,24.61,23.12
2016-05-19T02:00,2016-05-19,2,25.03,25.5,25.35,25.24,23.04,23.37,27.71,27.04,24.17,23.0
2016-05-19T03:00,2016-05-19,3,24.73,25.01,25.23,25.06,23.03,23.25,27.14,26.76,23.86,22.9
2016-05-19T04:00,2016-05-19,4,24.49,24.79,25.19,24.92,23.06,23.13,26.08,26.43,23.68,22.84
2016-05-19T05:00,2016-05-19,5,24.41,24.8,25.1,24.67,23.24,23.14,25.64,26.11,23.74,22.82
2016-05-19T06:00,2016-05-19,6,24.5,24.88,25.18,24.74,23.53,23.25,25.53,25.89,24.14,22.87
2016-05-19T07:00,2016-05-19,7,24.97,25.48,25.5,25.53,23.77,23.43,25.84,25.86,24.98,23.05
2016-05-19T08:00,2016-05-19,8,25.78,26.49,26.17,27.0,24.31,23.86,26.53,26.3,25.91,23.35
2016-05-19T09:00,2016-05-19,9,26.52,27.65,26.29,28.13,24.93,24.24,27.44,26.65,26.5,23.61
2016-05-19T10:00,2016-05-19,10,27.07,28.49,26.63,28.85,24.86,24.98,28.16,27.06,26.85,23.81
2016-05-19T11:00,2016-05-19,11,27.44,29.18,26.6,29.38,24.97,25.87,28.2,26.94,27.26,23.94
2016-05-19T12:00,2016-05-19,12,27.3,28.5,26.59,28.03,25.34,26.86,28.46,27.24,27.54,24.21
2016-05-19T13:00,2016-05-19,13,27.2,27.71,26.1,27.34,26.61,26.39,29.22,27.4,28.01,24.4
2016-05-19T14:00,2016-05-19,14,27.43,28.13,26.09,26.94,27.41,26.85,29.01,27.34,28.48,24.84
2016-05-19T15:00,2016-05-19,15,27.23,27.73,26.04,26.51,28.05,27.06,28.37,27.0,28.16,25.05
2016-05-19T16:00,2016-05-19,16,26.85,26.91,25.79,26.27,28.12,26.8,27.22,26.91,28.17,25.39
2016-05-19T17:00,2016-05-19,17,26.61,26.76,25.68,25.99,27.68,26.49,26.85,26.93,27.36,25.68
2016-05-19T18:00,2016-05-19,18,26.25,26.48,25.5,25.52,26.96,25.75,26.82,26.9,26.66,25.51
2016-05-19T19:00,2016-05-19,19,25.9,26.16,25.45,25.27,26.18,24.99,26.67,26.84,26.26,24.98
2016-05-19T20:00,2016-05-19,20,25.68,26.0,25.27,25.18,25.48,24.56,26.56,26.92,26.0,24.63
2016-05-19T21:00,2016-05-19,21,25.49,25.8,25.23,25.17,24.9,24.29,26.51,26.94,25.73,24.36
2016-05-19T22:00,2016-05-19,22,25.37,25.7,25.19,25.22,24.62,24.13,26.52,26.79,25.52,24.05
2016-05-19T23:00,2016-05-19,23,25.24,25.56,25.14,25.26,24.39,23.84,26.41,26.72,25.36,23.86
2016-05-20T00:00,2016-05-20,0,25.11,25.44,24.96,25.22,24.07,23.69,26.36,26.57,25.26,23.68
2016-05-20T01:00,2016-05-20,1,24.88,25.14,24.59,25.15,24.12,23.55,26.07,26.19,25.15,23.35
2016-05-20T02:00,2016-05-20,2,24.65,24.96,24.46,24.85,23.83,23.39,25.9,26.0,24.67,23.16
2016-05-20T03:00,2016-05-20,3,24.45,24.77,24.35,24.61,23.53,23.24,25.74,25.71,24.38,23.08
2016-05-20T04:00,2016-05-20,4,24.27,24.58,24.19,24.32,23.37,23.16,25.57,25.49,24.16,23.0
2016-05-20T05:00,2016-05-20,5,24.15,24.47,24.09,24.16,23.31,23.06,25.41,25.33,23.99,22.94
2016-05-20T06:00,2016-05-20,6,24.17,24.49,24.03,24.16,23.39,23.13,25.35,25.32,24.07,23.03
2016-05-20T07:00,2016-05-20,7,24.37,24.7,24.07,24.3,23.53,23.34,25.48,25.41,24.4,23.36
2016-05-20T08:00,2016-05-20,8,24.78,25.18,23.98,24.43,23.91,23.86,25.72,25.56,25.16,24.16
2016-05-20T09:00,2016-05-20,9,25.3,25.79,24.0,24.64,24.44,24.39,26.13,25.79,26.05,25.01
2016-05-20T10:00,2016-05-20,10,25.94,26.5,24.21,24.89,25.46,24.99,26.61,25.98,27.15,25.93
2016-05-20T11:00,2016-05-20,11,26.74,27.19,24.5,25.32,26.9,26.38,27.46,26.38,28.24,26.79
2016-05-20T12:00,2016-05-20,12,27.26,27.4,24.73,25.34,28.15,27.39,28.19,26.52,29.09,27.67
2016-05-20T13:00,2016-05-20,13,28.01,27.46,25.56,25.49,29.52,28.32,28.92,26.9,30.52,29.64
2016-05-20T14:00,2016-05-20,14,27.85,27.05,25.74,25.47,29.29,27.59,28.94,26.78,30.13,30.23
2016-05-20T15:00,2016-05-20,15,27.34,26.68,25.75,25.26,27.0,26.9,28.67,26.16,29.49,29.99
2016-05-20T16:00,2016-05-20,16,27.04,26.6,25.65,25.43,26.89,26.43,27.88,26.15,28.85,29.14
2016-05-20T17:00,2016-05-20,17,26.6,26.31,25.5,25.41,26.43,26.02,27.2,26.12,28.08,27.95
2016-05-20T18:00,2016-05-20,18,26.14,26.05,25.38,25.39,25.79,25.3,26.75,26.08,27.15,26.85
2016-05-20T19:00,2016-05-20,19,25.73,25.8,25.28,25.34,25.05,24.75,26.35,26.05,26.41,25.87
2016-05-20T20:00,2016-05-20,20,25.46,25.51,25.11,25.33,24.56,24.47,26.12,26.06,26.04,25.35
2016-05-20T21:00,2016-05-20,21,25.22,25.19,24.99,25.24,24.3,24.29,26.0,26.11,25.69,24.94
2016-05-20T22:00,2016-05-20,22,25.03,24.94,24.83,25.25,24.0,24.18,25.9,26.25,25.36,24.55
2016-05-20T23:00,2016-05-20,23,24.86,24.68,24.69,25.15,23.85,24.04,25.84,26.41,25.11,24.25
2016-05-21T00:00,2016-05-21,0,24.69,24.46,24.56,25.04,23.78,23.96,25.75,26.42,24.84,23.95
2016-05-21T01:00,2016-05-21,1,24.64,24.32,24.71,24.69,24.19,23.92,25.36,25.98,25.01,24.26
2016-05-21T02:00,2016-05-21,2,24.51,24.17,24.75,24.64,23.99,23.82,25.25,26.07,24.74,23.98
2016-05-21T03:00,2016-05-21,3,24.42,24.11,24.75,24.63,23.87,23.68,25.11,26.2,24.55,23.74
2016-05-21T04:00,2016-05-21,4,24.33,24.05,24.66,24.62,23.76,23.61,24.91,26.25,24.41,23.66
2016-05-21T05:00,2016-05-21,5,24.31,24.05,24.73,24.66,23.7,23.65,24.78,26.15,24.28,23.64
2016-05-21T06:00,2016-05-21,6,24.37,24.12,25.02,24.65,23.65,23.69,24.75,26.38,24.24,23.83
2016-05-21T07:00,2016-05-21,7,24.59,24.24,25.33,24.79,23.73,23.84,24.82,26.65,24.37,24.73
2016-05-21T08:00,2016-05-21,8,24.92,24.35,25.92,25.14,24.09,23.99,24.96,26.88,24.61,25.77
2016-05-21T09:00,2016-05-21,9,25.22,24.38,26.18,25.57,24.62,24.08,25.1,27.15,24.9,26.83
2016-05-21T10:00,2016-05-21,10,25.5,24.55,26.19,25.91,24.93,24.25,25.12,27.37,25.26,27.8
2016-05-21T11:00,2016-05-21,11,25.72,24.79,25.9,26.06,25.03,24.55,25.18,27.73,25.63,28.38
2016-05-21T12:00,2016-05-21,12,25.88,24.89,25.88,26.3,25.28,24.78,25.1,27.99,25.92,28.76
2016-05-21T13:00,2016-05-21,13,25.55,23.84,26.41,24.6,25.17,25.32,25.46,24.79,27.5,28.93
2016-05-21T14:00,2016-05-21,14,25.77,23.9,26.62,24.73,25.67,25.13,25.97,24.45,28.28,29.06
2016-05-21T15:00,2016-05-21,15,25.83,23.99,26.41,24.55,25.77,25.08,26.56,24.25,28.5,29.09
2016-05-21T16:00,2016-05-21,16,25.67,23.91,26.02,24.15,25.58,24.84,26.75,24.26,28.49,28.55
2016-05-21T17:00,2016-05-21,17,25.52,23.97,25.33,24.03,25.2,24.57,26.96,24.43,28.28,28.07
2016-05-21T18:00,2016-05-21,18,25.45,24.27,24.95,24.03,25.19,24.4,26.8,24.57,27.97,27.5
2016-05-21T19:00,2016-05-21,19,25.23,24.42,24.73,23.94,25.1,24.37,26.37,24.67,27.17,26.65
2016-05-21T20:00,2016-05-21,20,25.06,24.6,24.89,24.02,24.98,24.31,25.61,24.59,26.51,26.03
2016-05-21T21:00,2016-05-21,21,24.9,24.58,25.11,24.1,24.83,24.29,25.27,24.42,25.99,25.47
2016-05-21T22:00,2016-05-21,22,24.76,24.54,25.17,24.08,24.52,24.29,25.21,24.38,25.59,25.0
2016-05-21T23:00,2016-05-21,23,24.61,24.48,25.25,24.11,24.21,24.23,25.07,24.38,25.16,24.49
2016-05-22T00:00,2016-05-22,0,24.43,24.32,25.26,23.99,23.93,24.18,24.99,24.44,24.76,24.1
2016-05-22T01:00,2016-05-22,1,24.18,24.03,25.06,23.87,23.54,24.17,24.81,24.17,24.38,23.8
2016-05-22T02:00,2016-05-22,2,24.03,23.9,25.01,23.61,23.28,24.03,24.84,24.29,24.1,23.56
2016-05-22T03:00,2016-05-22,3,23.92,23.81,24.97,23.44,23.1,23.94,24.82,24.46,23.82,23.38
2016-05-22T04:00,2016-05-22,4,23.81,23.76,24.52,23.33,22.95,23.82,24.85,24.62,23.6,23.27
2016-05-22T05:00,2016-05-22,5,23.72,23.74,24.3,23.28,22.7,23.72,24.79,24.65,23.36,23.23
2016-05-22T06:00,2016-05-22,6,23.93,24.01,24.62,23.54,22.89,23.68,24.95,25.09,23.44,23.46
2016-05-22T07:00,2016-05-22,7,25.15,25.03,26.21,24.98,24.11,23.76,25.98,26.54,25.03,25.03
2016-05-22T08:00,2016-05-22,8,26.38,26.39,27.21,26.22,25.33,24.01,27.28,27.99,26.38,26.4
2016-05-22T09:00,2016-05-22,9,27.75,27.97,28.28,27.66,26.7,24.24,29.1,29.21,27.83,27.68
2016-05-22T10:00,2016-05-22,10,28.97,29.1,28.83,28.95,28.03,25.17,30.73,30.45,29.27,28.99
2016-05-22T11:00,2016-05-22,11,29.95,30.25,28.64,30.1,29.17,25.87,31.7,31.19,30.55,30.09
2016-05-22T12:00,2016-05-22,12,30.74,31.15,28.99,31.1,29.98,27.09,32.19,31.19,31.51,30.92
2016-05-22T13:00,2016-05-22,13,30.58,30.95,28.26,30.09,30.04,27.29,32.11,30.69,31.99,31.29
2016-05-22T14:00,2016-05-22,14,30.72,30.86,27.83,30.1,30.12,27.97,32.43,30.95,32.5,31.6
2016-05-22T15:00,2016-05-22,15,30.93,31.05,28.34,30.38,30.33,28.47,32.63,30.84,32.61,31.68
2016-05-22T16:00,2016-05-22,16,30.66,30.77,28.12,29.86,29.91,28.61,32.41,30.18,32.5,31.46
2016-05-22T17:00,2016-05-22,17,30.03,29.78,27.52,29.46,29.41,28.2,31.99,29.24,32.14,30.9
2016-05-22T18:00,2016-05-22,18,29.05,28.75,26.95,28.19,28.65,27.32,30.72,28.58,31.16,29.95
2016-05-22T19:00,2016-05-22,19,28.05,27.77,26.44,27.57,27.59,26.5,29.47,27.93,29.71,28.65
2016-05-22T20:00,2016-05-22,20,27.4,27.13,26.08,26.99,26.99,26.01,28.67,27.61,28.7,27.89
2016-05-22T21:00,2016-05-22,21,26.9,26.71,25.77,26.42,26.49,25.52,28.14,27.37,27.99,27.26
2016-05-22T22:00,2016-05-22,22,26.53,26.43,25.41,26.05,26.07,25.13,27.74,27.21,27.45,26.79
2016-05-22T23:00,2016-05-22,23,26.16,26.05,25.2,25.62,25.64,24.95,27.4,26.98,26.98,26.31
2016-05-23T00:00,2016-05-23,0,25.83,25.78,24.92,25.35,25.24,24.9,27.05,26.59,26.49,25.84
2016-05-23T01:00,2016-05-23,1,25.91,25.93,24.99,25.87,25.15,24.68,27.13,26.68,26.44,25.67
2016-05-23T02:00,2016-05-23,2,25.7,25.71,24.84,25.66,24.88,24.36,27.01,26.76,26.17,25.37
2016-05-23T03:00,2016-05-23,3,25.54,25.61,24.61,25.58,24.8,24.02,26.81,26.65,25.93,25.23
2016-05-23T04:00,2016-05-23,4,25.33,25.39,24.47,25.44,24.48,23.73,26.72,26.42,25.58,25.06
2016-05-23T05:00,2016-05-23,5,25.19,25.23,24.51,25.46,24.28,23.69,26.62,26.26,25.28,24.84
2016-05-23T06:00,2016-05-23,6,25.33,25.44,24.69,25.65,24.43,23.74,26.68,26.53,25.38,24.84
2016-05-23T07:00,2016-05-23,7,26.17,26.34,25.38,26.15,25.34,24.13,27.59,27.59,26.32,25.95
2016-05-23T08:00,2016-05-23,8,27.33,27.46,26.38,27.05,26.66,25.21,28.69,28.72,27.7,27.4
2016-05-23T09:00,2016-05-23,9,28.31,28.41,27.37,27.9,27.76,26.63,29.93,29.18,28.33,28.6
2016-05-23T10:00,2016-05-23,10,29.29,29.42,28.9,29.1,28.51,27.78,30.76,29.83,29.03,29.57
2016-05-23T11:00,2016-05-23,11,29.91,30.08,29.62,29.6,29.5,28.71,31.22,30.31,29.33,30.26
2016-05-23T12:00,2016-05-23,12,30.63,30.73,30.48,30.21,30.37,29.5,31.96,30.73,30.24,30.92
2016-05-23T13:00,2016-05-23,13,31.94,31.83,31.32,31.32,31.67,31.33,33.61,31.86,32.39,31.85
2016-05-23T14:00,2016-05-23,14,32.1,32.05,30.58,31.72,32.0,31.56,33.86,32.02,32.67,31.91
2016-05-23T15:00,2016-05-23,15,32.07,32.16,30.53,31.83,32.12,31.72,33.14,32.04,32.55,31.96
2016-05-23T16:00,2016-05-23,16,31.39,31.46,30.15,31.06,32.05,31.61,31.62,31.71,31.28,31.65
2016-05-23T17:00,2016-05-23,17,30.83,30.74,29.72,30.46,31.7,31.47,30.68,31.29,30.85,31.26
2016-05-23T18:00,2016-05-23,18,29.73,29.11,28.67,29.74,30.83,30.58,29.35,29.97,30.13,30.64
2016-05-23T19:00,2016-05-23,19,28.75,28.32,28.03,28.9,29.44,29.13,28.31,28.74,28.96,29.69
2016-05-23T20:00,2016-05-23,20,27.93,27.74,27.31,28.25,28.26,27.65,27.65,28.08,28.06,28.6
2016-05-23T21:00,2016-05-23,21,27.37,27.25,26.21,27.71,27.52,27.04,27.37,27.77,27.52,27.97
2016-05-23T22:00,2016-05-23,22,26.86,26.68,25.54,27.3,26.93,26.47,27.08,27.55,26.91,27.44
2016-05-23T23:00,2016-05-23,23,26.57,26.55,25.55,26.8,26.6,25.94,26.9,27.25,26.52,26.96
2016-05-24T00:00,2016-05-24,0,26.32,26.45,25.52,26.39,26.25,25.49,26.74,27.09,26.18,26.46
2016-05-24T01:00,2016-05-24,1,26.58,26.72,25.7,26.48,26.18,25.77,27.48,27.52,26.73,26.23
2016-05-24T02:00,2016-05-24,2,26.35,26.55,25.54,26.19,25.78,25.42,27.31,27.41,26.56,25.88
2016-05-24T03:00,2016-05-24,3,26.18,26.37,25.35,25.94,25.54,25.29,27.24,27.36,26.41,25.69
2016-05-24T04:00,2016-05-24,4,26.01,26.18,25.29,25.76,25.25,25.35,27.1,27.34,26.12,25.45
2016-05-24T05:00,2016-05-24,5,25.86,26.19,25.18,25.68,25.19,24.49,27.0,27.29,25.93,25.15
2016-05-24T06:00,2016-05-24,6,25.92,26.38,25.28,25.88,25.37,24.58,27.0,27.41,25.65,25.01
2016-05-24T07:00,2016-05-24,7,26.88,27.27,26.42,27.32,26.64,26.06,27.46,28.35,26.09,26.03
2016-05-24T08:00,2016-05-24,8,27.88,28.4,27.76,28.67,27.73,27.26,28.05,29.42,26.56,26.79
2016-05-24T09:00,2016-05-24,9,28.82,29.29,29.11,29.82,28.86,28.6,28.99,30.26,27.08,27.43
2016-05-24T10:00,2016-05-24,10,29.82,30.2,30.18,30.64,30.08,29.66,30.16,30.97,28.12,28.61
2016-05-24T11:00,2016-05-24,11,30.89,31.13,31.06,31.59,31.25,30.69,31.36,31.48,29.68,29.88
2016-05-24T12:00,2016-05-24,12,31.49,31.67,31.66,31.87,31.91,31.49,32.21,30.97,30.58,30.74
2016-05-24T13:00,2016-05-24,13,32.28,32.71,32.17,32.74,32.16,32.23,33.38,32.4,31.46,30.65
2016-05-24T14:00,2016-05-24,14,32.38,32.79,32.01,32.83,32.49,32.44,33.39,31.13,31.86,31.22
2016-05-24T15:00,2016-05-24,15,32.26,32.75,31.17,32.31,32.64,32.53,33.15,31.15,32.03,31.34
2016-05-24T16:00,2016-05-24,16,31.65,32.44,30.3,30.86,32.01,31.88,31.88,31.03,31.71,31.18
2016-05-24T17:00,2016-05-24,17,30.56,31.31,29.66,30.36,30.85,31.01,30.73,30.81,29.94,29.49
2016-05-24T18:00,2016-05-24,18,29.62,30.28,28.93,29.64,29.59,30.15,30.11,30.23,28.93,28.09
2016-05-24T19:00,2016-05-24,19,28.56,29.12,28.3,28.87,28.07,28.87,29.26,29.61,27.8,26.78
2016-05-24T20:00,2016-05-24,20,27.82,28.38,27.84,28.49,26.88,27.98,28.56,29.07,26.6,26.15
2016-05-24T21:00,2016-05-24,21,27.19,27.55,27.39,28.13,26.05,27.11,27.89,28.76,25.91,25.86
2016-05-24T22:00,2016-05-24,22,26.55,26.61,27.2,27.63,25.45,26.18,27.09,28.38,25.44,25.44
2016-05-24T23:00,2016-05-24,23,26.07,26.04,26.98,26.95,25.16,25.57,26.46,27.83,25.25,25.01
2016-05-25T00:00,2016-05-25,0,25.61,25.68,26.41,25.88,24.81,24.99,26.19,27.31,25.08,24.58
2016-05-25T01:00,2016-05-25,1,26.34,26.89,25.9,26.38,25.62,24.97,27.41,27.61,26.4,24.76
2016-05-25T02:00,2016-05-25,2,26.07,26.76,25.78,26.0,24.98,24.49,27.28,27.41,26.24,24.23
2016-05-25T03:00,2016-05-25,3,25.76,26.54,25.65,25.57,24.37,24.14,27.1,27.29,25.92,23.71
2016-05-25T04:00,2016-05-25,4,25.48,26.21,25.55,25.42,23.95,23.83,26.95,27.22,25.44,23.44
2016-05-25T05:00,2016-05-25,5,25.15,25.49,25.51,25.31,23.67,23.72,26.8,27.15,24.89,23.31
2016-05-25T06:00,2016-05-25,6,25.01,24.97,25.7,25.32,23.52,23.79,26.92,27.46,24.55,23.36
2016-05-25T07:00,2016-05-25,7,25.39,24.87,26.47,25.24,23.66,24.16,28.18,28.67,24.89,24.06
2016-05-25T08:00,2016-05-25,8,26.11,25.06,27.67,25.48,24.22,24.45,29.34,29.9,26.27,25.25
2016-05-25T09:00,2016-05-25,9,26.97,25.79,28.55,25.74,25.39,24.72,30.52,30.59,27.76,26.23
2016-05-25T10:00,2016-05-25,10,28.06,26.79,29.47,26.81,27.16,25.1,31.68,30.96,29.28,27.54
2016-05-25T11:00,2016-05-25,11,29.25,28.59,29.75,28.32,28.57,25.56,32.59,31.59,30.47,28.41
2016-05-25T12:00,2016-05-25,12,30.33,30.18,30.15,30.01,29.6,26.08,33.16,31.98,31.46,29.38
2016-05-25T13:00,2016-05-25,13,32.41,32.68,31.76,32.16,31.76,29.85,34.32,33.05,33.23,31.34
2016-05-25T14:00,2016-05-25,14,32.6,32.8,31.89,32.38,32.03,31.01,34.52,33.13,33.0,31.61
2016-05-25T15:00,2016-05-25,15,32.16,32.06,31.54,32.04,31.86,31.25,34.27,32.9,32.27,31.16
2016-05-25T16:00,2016-05-25,16,30.87,30.28,30.97,30.88,30.18,30.64,33.27,31.81,31.36,29.48
2016-05-25T17:00,2016-05-25,17,30.14,29.86,30.36,30.12,29.13,30.19,32.07,30.84,31.14,27.9
2016-05-25T18:00,2016-05-25,18,29.24,29.4,29.54,29.5,28.43,27.81,30.36,30.35,29.97,27.17
2016-05-25T19:00,2016-05-25,19,28.08,28.56,28.89,28.77,27.18,26.32,28.58,29.75,27.63,26.34
2016-05-25T20:00,2016-05-25,20,27.2,27.84,28.34,28.32,25.43,25.36,27.52,29.33,25.93,25.83
2016-05-25T21:00,2016-05-25,21,26.53,26.76,27.98,27.94,24.58,24.28,27.03,29.04,25.37,25.59
2016-05-25T22:00,2016-05-25,22,26.0,25.88,26.94,27.34,24.37,23.79,26.89,28.86,25.11,25.24
2016-05-25T23:00,2016-05-25,23,25.63,25.45,26.55,26.55,24.2,23.49,26.83,28.56,24.93,24.76
2016-05-26T00:00,2016-05-26,0,25.38,25.22,26.47,25.77,24.05,23.35,26.72,28.43,24.84,24.41
2016-05-26T01:00,2016-05-26,1,24.89,24.59,25.72,24.41,24.27,23.6,26.5,27.35,24.82,23.91
2016-05-26T02:00,2016-05-26,2,24.69,24.39,25.52,24.19,24.14,23.44,26.27,26.99,24.65,23.75
2016-05-26T03:00,2016-05-26,3,24.57,24.28,25.39,24.15,24.05,23.28,26.12,26.89,24.5,23.64
2016-05-26T04:00,2016-05-26,4,24.55,24.25,25.48,24.22,23.9,23.17,26.01,26.9,24.49,23.63
2016-05-26T05:00,2016-05-26,5,24.58,24.29,25.54,24.37,23.85,23.06,25.97,27.1,24.55,23.59
2016-05-26T06:00,2016-05-26,6,24.74,24.43,25.73,24.66,23.81,23.12,26.2,27.43,24.8,23.56
2016-05-26T07:00,2016-05-26,7,25.41,25.05,26.74,25.52,24.02,23.38,27.17,28.44,25.54,23.86
2016-05-26T08:00,2016-05-26,8,26.32,25.94,27.94,26.87,24.77,24.02,28.55,29.62,26.13,24.19
2016-05-26T09:00,2016-05-26,9,27.43,27.08,29.21,28.14,25.55,24.89,30.12,30.84,26.99,25.03
2016-05-26T10:00,2016-05-26,10,28.66,28.47,30.49,29.57,26.31,25.85,31.61,31.83,28.25,25.96
2016-05-26T11:00,2016-05-26,11,29.78,29.82,31.48,30.63,27.16,26.96,32.86,32.44,29.44,26.85
2016-05-26T12:00,2016-05-26,12,30.76,31.09,32.06,31.37,28.54,28.27,33.41,32.45,30.54,27.99
2016-05-26T13:00,2016-05-26,13,32.19,32.74,32.59,32.55,30.95,31.17,33.81,32.77,31.97,29.91
2016-05-26T14:00,2016-05-26,14,32.36,32.92,32.48,32.64,31.5,31.53,33.67,32.62,32.36,30.22
2016-05-26T15:00,2016-05-26,15,32.35,32.99,32.02,32.57,31.82,31.71,33.38,32.69,32.29,30.37
2016-05-26T16:00,2016-05-26,16,31.51,31.88,31.2,32.0,31.66,31.59,31.71,32.0,31.13,30.12
2016-05-26T17:00,2016-05-26,17,30.83,31.51,30.52,31.52,31.29,30.29,30.55,31.26,29.86,29.78
2016-05-26T18:00,2016-05-26,18,29.85,30.71,29.6,30.57,30.3,29.6,29.13,30.21,28.31,29.24
2016-05-26T19:00,2016-05-26,19,28.71,29.33,28.57,29.33,29.15,28.53,27.88,29.45,27.41,28.28
2016-05-26T20:00,2016-05-26,20,27.78,27.9,28.04,28.63,28.11,27.38,27.65,29.12,26.81,26.86
2016-05-26T21:00,2016-05-26,21,27.09,27.13,27.77,28.14,26.57,26.45,27.4,28.87,26.43,25.6
2016-05-26T22:00,2016-05-26,22,26.65,26.8,27.62,27.83,25.3,25.48,27.28,28.66,26.1,24.84
2016-05-26T23:00,2016-05-26,23,26.23,26.41,27.44,27.42,24.46,24.48,27.21,28.54,25.78,24.11
2016-05-27T00:00,2016-05-27,0,25.92,26.09,27.22,27.16,23.72,23.97,27.27,28.49,25.53,23.56
2016-05-27T01:00,2016-05-27,1,26.32,26.83,26.76,27.03,24.86,24.36,27.52,28.08,26.33,24.03
2016-05-27T02:00,2016-05-27,2,26.06,26.67,26.62,26.83,24.35,23.49,27.37,27.94,26.06,23.68
2016-05-27T03:00,2016-05-27,3,25.77,26.4,26.52,26.68,23.66,22.95,27.32,27.8,25.78,23.22
2016-05-27T04:00,2016-05-27,4,25.43,25.88,26.41,26.42,22.98,22.71,27.21,27.7,25.53,22.74
2016-05-27T05:00,2016-05-27,5,24.96,24.67,26.38,25.98,22.66,22.66,27.19,27.6,25.21,22.59
2016-05-27T06:00,2016-05-27,6,24.65,23.75,26.59,25.41,22.49,22.94,27.31,27.65,24.85,22.67
2016-05-27T07:00,2016-05-27,7,25.16,24.14,27.67,25.43,23.12,24.12,28.32,28.6,24.72,23.02
2016-05-27T08:00,2016-05-27,8,26.05,25.36,28.87,25.99,24.24,25.77,29.51,29.72,24.81,23.09
2016-05-27T09:00,2016-05-27,9,27.22,27.22,30.08,27.53,25.44,27.38,30.5,30.61,24.83,23.42
2016-05-27T10:00,2016-05-27,10,28.41,28.96,31.18,29.53,26.0,28.51,31.39,31.3,25.9,23.56
2016-05-27T11:00,2016-05-27,11,29.3,30.18,31.88,30.67,26.42,29.46,32.12,31.79,27.1,23.79
2016-05-27T12:00,2016-05-27,12,30.08,31.05,32.59,31.48,27.39,30.08,32.64,31.86,28.09,24.72
2016-05-27T13:00,2016-05-27,13,30.08,30.98,32.5,31.5,26.39,29.12,32.62,32.0,28.97,25.22
2016-05-27T14:00,2016-05-27,14,30.32,31.41,32.15,31.11,27.37,28.97,32.73,32.07,29.38,25.8
2016-05-27T15:00,2016-05-27,15,30.48,31.56,31.47,30.98,28.43,29.44,32.51,32.07,29.44,26.76
2016-05-27T16:00,2016-05-27,16,30.17,30.91,30.85,30.54,28.57,29.66,32.52,31.42,28.85,27.22
2016-05-27T17:00,2016-05-27,17,29.36,29.09,30.18,30.06,28.54,29.44,32.01,31.03,27.82,27.34
2016-05-27T18:00,2016-05-27,18,28.57,28.31,29.26,29.24,27.8,28.61,31.16,30.32,26.8,26.99
2016-05-27T19:00,2016-05-27,19,27.67,27.46,28.42,28.47,26.62,27.55,30.0,29.41,26.03,26.13
2016-05-27T20:00,2016-05-27,20,27.07,26.96,27.89,27.84,25.86,26.79,29.17,28.79,25.66,25.46
2016-05-27T21:00,2016-05-27,21,26.67,26.67,27.48,27.45,25.21,26.39,28.57,28.38,25.38,25.06
2016-05-27T22:00,2016-05-27,22,26.33,26.52,27.22,27.15,24.59,25.9,28.18,28.08,24.86,24.64
2016-05-27T23:00,2016-05-27,23,26.06,26.35,27.06,26.92,24.06,25.61,27.99,27.86,24.38,24.32
2016-05-28T00:00,2016-05-28,0,25.74,25.9,26.9,26.7,23.78,25.18,27.67,27.78,23.96,24.1
2016-05-28T01:00,2016-05-28,1,25.49,25.46,26.81,26.4,23.8,24.92,27.37,27.86,23.83,23.88
2016-05-28T02:00,2016-05-28,2,25.19,25.03,26.67,25.96,23.66,24.38,27.2,27.83,23.53,23.65
2016-05-28T03:00,2016-05-28,3,25.01,24.73,26.54,26.0,23.45,24.17,26.74,27.81,23.47,23.56
2016-05-28T04:00,2016-05-28,4,24.79,24.48,26.33,25.83,23.29,23.76,26.36,27.53,23.5,23.38
2016-05-28T05:00,2016-05-28,5,24.63,24.32,26.23,25.54,23.26,23.4,26.07,27.29,23.51,23.33
2016-05-28T06:00,2016-05-28,6,24.62,24.17,26.43,25.6,23.27,23.41,25.82,27.5,23.54,23.46
2016-05-28T07:00,2016-05-28,7,24.98,24.23,27.46,26.1,23.33,23.97,26.06,28.28,23.74,24.05
2016-05-28T08:00,2016-05-28,8,25.33,24.28,28.29,26.63,23.5,24.56,26.45,29.02,23.89,24.57
2016-05-28T09:00,2016-05-28,9,25.99,24.73,29.24,27.71,23.83,25.03,27.11,29.9,24.57,25.25
2016-05-28T10:00,2016-05-28,10,26.68,25.21,30.27,28.94,24.25,25.37,27.76,30.88,25.21,25.97
2016-05-28T11:00,2016-05-28,11,27.31,25.6,30.99,29.64,24.31,26.08,28.87,31.51,26.11,26.63
2016-05-28T12:00,2016-05-28,12,27.8,25.78,31.25,30.06,24.68,26.41,29.52,31.81,27.43,27.37
2016-05-28T13:00,2016-05-28,13,29.27,28.55,31.86,30.21,25.74,26.25,31.7,32.44,28.41,29.34
2016-05-28T14:00,2016-05-28,14,29.53,29.05,31.58,30.29,26.52,25.97,31.69,32.11,29.18,29.52
2016-05-28T15:00,2016-05-28,15,29.5,29.19,30.5,29.79,26.89,25.91,32.05,32.16,29.59,29.19
2016-05-28T16:00,2016-05-28,16,29.4,29.18,30.24,29.71,27.26,26.24,31.55,31.3,29.74,28.89
2016-05-28T17:00,2016-05-28,17,29.03,28.83,29.74,29.05,27.11,26.72,31.01,30.98,29.66,28.04
2016-05-28T18:00,2016-05-28,18,28.34,28.09,29.12,28.54,26.55,26.11,30.12,30.38,29.14,27.02
2016-05-28T19:00,2016-05-28,19,27.54,27.3,28.44,27.99,25.8,25.15,29.23,29.59,28.09,26.23
2016-05-28T20:00,2016-05-28,20,26.96,26.67,28.06,27.58,25.24,24.54,28.61,29.06,27.35,25.62
2016-05-28T21:00,2016-05-28,21,26.47,26.03,27.7,27.19,24.81,24.24,28.17,28.71,26.75,25.16
2016-05-28T22:00,2016-05-28,22,26.13,25.58,27.52,26.76,24.63,23.98,27.86,28.46,26.43,24.81
2016-05-28T23:00,2016-05-28,23,25.77,25.2,27.24,26.23,24.22,23.82,27.5,28.16,26.09,24.52
2016-05-29T00:00,2016-05-29,0,25.49,24.89,27.02,25.99,23.88,23.64,27.25,27.88,25.66,24.31
2016-05-29T01:00,2016-05-29,1,25.4,25.12,26.58,26.06,23.75,23.58,26.75,27.5,25.29,24.37
2016-05-29T02:00,2016-05-29,2,25.17,24.87,26.47,25.71,23.53,23.35,26.59,27.39,24.98,24.23
2016-05-29T03:00,2016-05-29,3,25.05,24.75,26.38,25.73,23.43,23.28,26.45,27.29,24.82,23.93
2016-05-29T04:00,2016-05-29,4,24.96,24.76,26.2,25.61,23.35,23.19,26.4,27.33,24.52,23.84
2016-05-29T05:00,2016-05-29,5,24.9,24.83,26.05,25.57,23.18,23.05,26.4,27.45,24.33,23.62
2016-05-29T06:00,2016-05-29,6,24.96,24.99,25.97,25.67,23.1,23.21,26.68,27.66,24.08,23.59
2016-05-29T07:00,2016-05-29,7,25.48,25.63,26.61,26.32,23.36,23.79,27.59,28.37,24.03,23.87
2016-05-29T08:00,2016-05-29,8,26.17,26.39,27.67,27.3,23.8,24.68,28.68,29.45,23.94,24.12
2016-05-29T09:00,2016-05-29,9,27.1,27.3,28.99,28.69,24.92,26.11,29.62,30.48,24.08,24.62
2016-05-29T10:00,2016-05-29,10,28.01,28.14,30.06,29.91,25.63,26.87,30.67,31.37,25.17,25.21
2016-05-29T11:00,2016-05-29,11,29.15,29.56,31.1,30.82,26.81,27.76,31.66,32.08,26.64,26.07
2016-05-29T12:00,2016-05-29,12,30.1,30.6,31.72,31.43,27.85,28.59,32.48,32.52,27.82,27.58
2016-05-29T13:00,2016-05-29,13,30.73,31.18,30.66,31.53,29.38,29.63,32.93,32.9,29.58,28.34
2016-05-29T14:00,2016-05-29,14,31.2,31.7,30.82,31.92,30.1,30.13,33.19,33.04,30.2,29.11
2016-05-29T15:00,2016-05-29,15,31.18,31.53,30.85,31.79,30.16,30.04,33.08,32.99,30.3,29.46
2016-05-29T16:00,2016-05-29,16,30.93,31.16,30.43,31.0,29.7,30.4,32.7,32.97,30.52,29.49
2016-05-29T17:00,2016-05-29,17,30.52,30.65,29.41,30.36,29.15,30.2,32.14,32.58,30.58,29.61
2016-05-29T18:00,2016-05-29,18,29.74,29.78,28.8,29.29,28.61,29.39,31.51,31.18,30.01,29.08
2016-05-29T19:00,2016-05-29,19,28.83,29.02,28.16,28.19,27.81,27.81,30.76,30.15,29.15,27.94
2016-05-29T20:00,2016-05-29,20,28.03,28.21,27.7,27.57,27.07,26.78,29.97,29.46,28.17,26.98
2016-05-29T21:00,2016-05-29,21,27.51,27.68,27.4,27.26,26.47,26.4,29.48,29.09,27.18,26.41
2016-05-29T22:00,2016-05-29,22,26.99,27.02,27.17,27.04,25.71,25.99,28.98,28.8,26.42,25.99
2016-05-29T23:00,2016-05-29,23,26.48,26.21,26.95,26.82,25.07,25.49,28.59,28.55,25.93,25.48
2016-05-30T00:00,2016-05-30,0,26.1,25.73,26.77,26.49,24.84,24.96,28.08,28.36,25.64,25.06
2016-05-30T01:00,2016-05-30,1,25.64,25.71,26.45,26.4,24.38,24.83,26.56,28.08,24.39,24.63
2016-05-30T02:00,2016-05-30,2,25.35,25.43,26.29,25.97,24.23,24.59,26.25,27.59,24.19,24.26
2016-05-30T03:00,2016-05-30,3,25.16,25.38,26.14,25.64,24.12,24.57,25.75,27.13,23.98,24.08
2016-05-30T04:00,2016-05-30,4,24.99,25.22,25.88,25.71,24.0,24.42,25.57,27.02,23.76,23.75
2016-05-30T05:00,2016-05-30,5,24.91,25.18,25.6,25.8,24.05,24.21,25.57,26.87,23.61,23.51
2016-05-30T06:00,2016-05-30,6,25.12,25.41,25.76,26.02,24.38,24.17,25.83,27.2,23.89,23.64
2016-05-30T07:00,2016-05-30,7,25.99,26.55,26.3,26.64,25.09,24.35,27.0,28.25,25.03,24.15
2016-05-30T08:00,2016-05-30,8,27.13,27.92,27.65,28.0,25.83,24.58,28.56,29.33,25.86,25.17
2016-05-30T09:00,2016-05-30,9,28.07,29.16,28.84,29.16,26.56,25.19,29.98,30.33,26.01,25.63
2016-05-30T10:00,2016-05-30,10,28.94,30.13,29.8,30.24,27.57,26.26,31.06,31.27,26.14,26.37
2016-05-30T11:00,2016-05-30,11,29.8,30.8,30.91,31.17,28.23,27.28,31.64,31.9,27.31,27.49
2016-05-30T12:00,2016-05-30,12,30.5,31.24,31.54,31.69,28.94,28.02,31.63,32.46,28.98,28.76
2016-05-30T13:00,2016-05-30,13,32.24,32.69,32.04,32.3,32.15,30.98,33.27,32.64,32.25,30.79
2016-05-30T14:00,2016-05-30,14,32.28,32.62,31.99,32.39,31.56,31.38,33.22,32.73,32.5,31.11
2016-05-30T15:00,2016-05-30,15,32.24,32.58,31.63,32.4,31.78,31.75,32.87,32.59,32.25,31.45
2016-05-30T16:00,2016-05-30,16,31.33,31.59,30.9,31.0,30.58,31.02,32.37,31.4,31.11,31.23
2016-05-30T17:00,2016-05-30,17,30.64,30.66,30.34,30.51,29.83,30.26,32.02,31.04,30.66,30.19
2016-05-30T18:00,2016-05-30,18,29.7,29.7,29.57,29.83,28.59,28.63,31.37,30.47,30.32,28.37
2016-05-30T19:00,2016-05-30,19,28.74,28.8,28.8,28.93,27.89,27.36,30.49,29.69,29.24,26.92
2016-05-30T20:00,2016-05-30,20,28.06,28.24,28.23,28.39,27.14,26.21,29.84,29.2,28.28,26.31
2016-05-30T21:00,2016-05-30,21,27.63,27.98,27.83,27.94,26.79,25.7,29.25,28.76,27.55,25.87
2016-05-30T22:00,2016-05-30,22,27.15,27.64,27.57,27.62,26.14,25.31,28.55,28.52,26.61,25.36
2016-05-30T23:00,2016-05-30,23,26.68,27.32,27.3,27.41,25.29,24.86,27.83,28.37,25.78,24.82
2016-05-31T00:00,2016-05-31,0,26.26,26.86,27.13,27.2,24.67,24.51,27.38,28.22,25.28,24.22
2016-05-31T01:00,2016-05-31,1,26.29,26.57,27.03,26.77,25.13,24.86,27.45,27.97,26.04,24.38
2016-05-31T02:00,2016-05-31,2,26.06,26.43,26.8,26.55,24.86,24.83,27.26,27.81,25.58,23.99
2016-05-31T03:00,2016-05-31,3,25.77,26.16,26.57,26.29,24.72,24.54,27.21,27.75,24.96,23.52
2016-05-31T04:00,2016-05-31,4,25.43,25.71,26.35,26.16,24.56,24.35,27.06,27.62,24.17,23.13
2016-05-31T05:00,2016-05-31,5,25.18,25.39,26.15,25.87,24.31,24.47,26.77,27.51,23.8,22.89
2016-05-31T06:00,2016-05-31,6,25.16,25.35,26.29,26.16,24.11,24.59,26.56,27.57,23.59,22.87
2016-05-31T07:00,2016-05-31,7,25.76,25.98,27.42,27.53,24.28,25.14,26.92,28.51,23.64,23.13
2016-05-31T08:00,2016-05-31,8,26.37,26.75,28.58,28.41,24.52,25.73,27.5,29.13,23.76,23.5
2016-05-31T09:00,2016-05-31,9,27.25,27.5,29.73,29.23,25.31,26.51,28.57,29.93,24.48,24.7
2016-05-31T10:00,2016-05-31,10,28.13,28.13,30.63,30.07,26.55,27.57,29.49,30.66,25.48,25.82
2016-05-31T11:00,2016-05-31,11,29.16,29.01,31.49,30.56,27.82,28.22,30.6,31.37,27.69,26.78
2016-05-31T12:00,2016-05-31,12,30.02,30.01,31.85,30.57,28.93,29.41,31.49,31.53,29.19,27.77
2016-05-31T13:00,2016-05-31,13,31.88,32.38,31.09,31.69,31.67,31.3,33.33,32.06,32.08,30.12
2016-05-31T14:00,2016-05-31,14,32.02,32.63,30.57,31.51,31.64,31.29,33.63,31.71,32.64,30.73
2016-05-31T15:00,2016-05-31,15,31.84,32.15,30.18,30.86,31.94,31.46,33.6,31.47,32.84,30.87
2016-05-31T16:00,2016-05-31,16,31.19,31.06,29.49,30.22,31.7,30.87,32.55,30.12,32.91,30.99
2016-05-31T17:00,2016-05-31,17,30.43,30.41,29.09,29.66,30.46,29.17,31.25,29.82,32.23,30.55
2016-05-31T18:00,2016-05-31,18,29.52,29.68,28.42,28.97,28.12,27.73,30.6,29.6,31.43,29.39
2016-05-31T19:00,2016-05-31,19,28.54,28.62,27.9,28.41,26.71,26.96,29.74,29.13,29.91,28.2
2016-05-31T20:00,2016-05-31,20,27.89,28.04,27.39,27.9,26.0,26.36,29.22,28.82,28.75,27.35
2016-05-31T21:00,2016-05-31,21,27.38,27.64,26.89,27.47,25.57,25.94,28.76,28.52,27.7,26.8
2016-05-31T22:00,2016-05-31,22,26.97,27.38,26.89,26.8,25.37,25.52,28.39,28.14,26.91,26.24
2016-05-31T23:00,2016-05-31,23,26.53,27.07,26.69,26.18,25.14,25.17,28.09,27.94,26.19,25.31
2016-06-01T00:00,2016-06-01,0,26.13,26.67,26.47,25.85,24.87,24.76,27.77,27.63,25.84,24.43
2016-06-01T01:00,2016-06-01,1,26.0,26.3,25.88,25.99,24.67,24.61,27.63,27.55,25.91,24.8
2016-06-01T02:00,2016-06-01,2,25.86,26.2,25.8,25.95,24.57,24.39,27.45,27.36,25.71,24.51
2016-06-01T03:00,2016-06-01,3,25.72,26.08,25.66,25.97,24.5,24.12,27.33,27.26,25.56,24.24
2016-06-01T04:00,2016-06-01,4,25.6,25.94,25.64,25.86,24.48,24.0,27.18,27.14,25.37,24.09
2016-06-01T05:00,2016-06-01,5,25.45,25.7,25.47,25.8,24.47,24.1,27.05,27.06,25.14,23.9
2016-06-01T06:00,2016-06-01,6,25.5,25.78,25.58,25.93,24.57,24.25,27.19,27.25,24.94,23.71
2016-06-01T07:00,2016-06-01,7,26.14,26.35,26.33,26.93,25.08,24.99,28.31,28.25,24.92,24.14
2016-06-01T08:00,2016-06-01,8,26.86,27.28,27.17,27.96,25.58,25.61,29.53,29.3,24.66,24.61
2016-06-01T09:00,2016-06-01,9,27.67,28.24,27.99,29.19,26.1,26.03,30.34,30.21,24.95,25.59
2016-06-01T10:00,2016-06-01,10,28.52,29.07,29.23,30.17,26.81,26.29,30.81,30.87,25.88,26.82
2016-06-01T11:00,2016-06-01,11,29.72,30.19,30.26,31.05,28.57,27.3,31.45,31.67,28.2,27.95
2016-06-01T12:00,2016-06-01,12,30.55,31.29,30.88,31.53,29.77,28.41,31.81,31.84,29.5,28.45
2016-06-01T13:00,2016-06-01,13,31.46,31.89,31.57,32.08,31.29,31.66,30.24,32.02,31.42,30.56
2016-06-01T14:00,2016-06-01,14,31.49,32.02,30.91,32.14,31.64,31.79,30.01,30.88,31.67,31.18
2016-06-01T15:00,2016-06-01,15,31.08,31.01,30.22,31.96,31.64,31.91,30.06,29.94,31.43,31.25
2016-06-01T16:00,2016-06-01,16,30.39,29.65,29.87,30.53,30.81,31.4,30.39,30.28,30.98,31.01
2016-06-01T17:00,2016-06-01,17,29.44,28.47,29.04,29.28,29.95,29.88,30.46,30.14,29.84,29.92
2016-06-01T18:00,2016-06-01,18,28.7,28.17,28.31,28.5,28.41,28.26,30.14,29.74,28.93,28.84
2016-06-01T19:00,2016-06-01,19,27.99,27.72,27.57,27.94,27.52,27.12,29.46,29.06,28.05,27.88
2016-06-01T20:00,2016-06-01,20,27.37,27.23,26.75,27.31,26.89,26.38,28.94,28.58,27.42,26.96
2016-06-01T21:00,2016-06-01,21,26.9,26.84,26.27,26.85,26.37,25.94,28.46,28.2,26.93,26.35
2016-06-01T22:00,2016-06-01,22,26.59,26.59,26.05,26.6,26.04,25.42,28.11,27.88,26.59,25.9
2016-06-01T23:00,2016-06-01,23,26.33,26.38,26.0,26.35,25.71,25.0,27.83,27.54,26.37,25.51
2016-06-02T00:00,2016-06-02,0,26.19,26.33,25.98,26.13,25.61,24.51,27.57,27.33,26.32,25.39
2016-06-02T01:00,2016-06-02,1,26.21,26.46,26.17,26.39,25.61,25.2,27.11,27.08,25.96,25.35
2016-06-02T02:00,2016-06-02,2,25.98,26.18,26.13,26.25,25.23,25.13,26.83,26.91,25.7,25.14
2016-06-02T03:00,2016-06-02,3,25.71,25.9,25.9,25.84,24.94,25.1,26.58,26.65,25.4,24.83
2016-06-02T04:00,2016-06-02,4,25.52,25.78,25.81,25.48,24.72,24.86,26.39,26.58,25.17,24.62
2016-06-02T05:00,2016-06-02,5,25.27,25.48,25.62,25.22,24.7,24.5,26.05,26.28,24.94,24.45
2016-06-02T06:00,2016-06-02,6,25.31,25.4,25.81,25.26,24.86,24.91,25.79,26.52,24.93,24.62
2016-06-02T07:00,2016-06-02,7,26.32,26.48,26.44,26.17,26.12,25.7,26.65,27.64,25.63,26.28
2016-06-02T08:00,2016-06-02,8,27.47,27.72,27.37,27.41,27.66,26.77,27.52,28.54,26.64,27.64
2016-06-02T09:00,2016-06-02,9,28.6,28.89,28.29,28.5,28.74,27.98,28.77,29.51,27.78,28.84
2016-06-02T10:00,2016-06-02,10,29.55,29.69,29.1,29.44,30.08,29.24,30.04,30.09,28.92,29.48
2016-06-02T11:00,2016-06-02,11,30.61,30.73,30.12,30.43,30.88,30.26,31.21,31.06,30.4,30.37
2016-06-02T12:00,2016-06-02,12,31.34,31.32,30.8,31.26,31.69,31.14,32.02,31.64,31.35,30.97
2016-06-02T13:00,2016-06-02,13,32.28,32.37,31.42,31.89,32.3,31.95,33.21,32.22,32.78,31.91
2016-06-02T14:00,2016-06-02,14,32.44,32.66,31.06,32.13,32.68,31.96,33.19,32.16,32.99,32.23
2016-06-02T15:00,2016-06-02,15,32.24,32.51,30.7,32.03,32.45,31.92,32.61,31.36,32.99,32.27
2016-06-02T16:00,2016-06-02,16,31.71,32.12,30.18,31.27,32.18,30.97,31.77,29.78,32.73,32.28
2016-06-02T17:00,2016-06-02,17,31.11,31.5,29.49,30.72,31.74,30.67,30.58,29.46,32.02,32.0
2016-06-02T18:00,2016-06-02,18,30.37,30.61,28.7,29.91,30.88,30.07,30.02,29.15,31.34,31.35
2016-06-02T19:00,2016-06-02,19,29.31,29.32,27.93,28.85,29.68,29.04,29.25,28.75,30.27,30.06
2016-06-02T20:00,2016-06-02,20,28.5,28.48,27.11,28.18,28.7,27.96,28.79,28.46,29.37,28.93
2016-06-02T21:00,2016-06-02,21,27.92,27.86,26.66,27.65,28.07,27.34,28.34,28.21,28.72,28.14
2016-06-02T22:00,2016-06-02,22,27.52,27.42,26.45,27.34,27.58,26.95,27.98,27.95,28.2,27.66
2016-06-02T23:00,2016-06-02,23,27.17,27.05,26.32,26.94,27.28,26.41,27.69,27.69,27.79,27.28
2016-06-03T00:00,2016-06-03,0,26.89,26.76,26.22,26.69,26.87,26.04,27.46,27.64,27.46,26.91
2016-06-03T01:00,2016-06-03,1,26.94,26.97,26.37,26.61,26.72,26.11,27.55,27.61,27.47,26.73
2016-06-03T02:00,2016-06-03,2,26.65,26.67,26.13,26.39,26.32,25.95,27.31,27.35,27.1,26.46
2016-06-03T03:00,2016-06-03,3,26.4,26.41,25.92,26.18,25.96,25.96,27.04,27.15,26.74,26.18
2016-06-03T04:00,2016-06-03,4,26.09,26.19,25.63,25.86,25.58,25.38,26.79,26.92,26.34,25.84
2016-06-03T05:00,2016-06-03,5,25.88,25.98,25.41,25.73,25.3,25.1,26.58,26.81,26.07,25.65
2016-06-03T06:00,2016-06-03,6,26.16,26.23,25.63,26.08,25.91,25.59,26.68,26.98,26.26,26.0
2016-06-03T07:00,2016-06-03,7,27.47,27.61,26.96,27.26,27.27,26.77,27.89,27.92,27.7,27.42
2016-06-03T08:00,2016-06-03,8,28.7,28.85,28.22,28.41,28.56,27.87,29.15,28.79,29.04,28.79
2016-06-03T09:00,2016-06-03,9,29.79,29.95,29.42,29.46,29.64,28.91,30.21,29.6,30.16,29.94
2016-06-03T10:00,2016-06-03,10,30.74,30.75,30.27,30.4,30.74,30.02,31.27,30.39,31.21,31.03
2016-06-03T11:00,2016-06-03,11,31.4,31.54,30.91,30.9,31.53,30.8,31.76,30.79,31.91,31.63
2016-06-03T12:00,2016-06-03,12,31.83,31.89,31.18,31.32,32.28,31.59,31.77,31.16,32.46,32.31
2016-06-03T13:00,2016-06-03,13,32.47,32.47,32.19,32.2,32.88,32.35,32.3,31.78,32.88,32.88
2016-06-03T14:00,2016-06-03,14,32.61,32.62,32.13,32.37,33.09,32.59,32.31,31.79,33.11,33.01
2016-06-03T15:00,2016-06-03,15,32.55,32.7,31.25,32.39,33.15,32.65,32.18,31.59,33.24,33.01
2016-06-03T16:00,2016-06-03,16,32.28,32.44,30.53,32.02,33.05,32.54,31.95,31.31,33.05,32.81
2016-06-03T17:00,2016-06-03,17,31.76,31.91,29.75,31.46,32.7,32.17,31.45,30.29,32.65,32.4
2016-06-03T18:00,2016-06-03,18,30.88,31.01,29.01,30.42,31.91,31.19,30.6,29.45,31.75,31.65
2016-06-03T19:00,2016-06-03,19,29.78,29.79,28.38,29.27,30.51,30.3,29.57,28.78,30.44,30.58
2016-06-03T20:00,2016-06-03,20,28.98,29.02,27.93,28.54,29.22,29.64,28.98,28.39,29.34,29.52
2016-06-03T21:00,2016-06-03,21,28.39,28.53,27.45,28.05,28.37,28.58,28.49,28.07,28.71,28.78
2016-06-03T22:00,2016-06-03,22,27.88,28.05,27.01,27.56,27.76,27.81,28.06,27.74,28.14,28.18
2016-06-03T23:00,2016-06-03,23,27.48,27.64,26.73,27.14,27.4,27.45,27.57,27.42,27.69,27.8
2016-06-04T00:00,2016-06-04,0,27.13,27.28,26.61,26.79,26.97,27.14,27.25,27.08,27.26,27.43
2016-06-04T01:00,2016-06-04,1,27.03,27.17,26.53,26.81,26.92,27.09,27.07,27.08,27.09,27.26
2016-06-04T02:00,2016-06-04,2,26.69,26.8,26.33,26.51,26.53,26.59,26.83,26.86,26.73,26.86
2016-06-04T03:00,2016-06-04,3,26.39,26.43,26.15,26.35,26.13,26.4,26.6,26.69,26.34,26.46
2016-06-04T04:00,2016-06-04,4,26.14,26.26,25.85,26.18,25.64,26.0,26.42,26.71,25.99,26.04
2016-06-04T05:00,2016-06-04,5,25.93,26.04,25.75,26.16,25.26,25.97,26.21,26.57,25.65,25.68
2016-06-04T06:00,2016-06-04,6,26.15,26.29,25.88,26.33,25.83,26.25,26.4,26.77,25.81,25.75
2016-06-04T07:00,2016-06-04,7,27.38,27.36,26.94,27.33,27.55,27.11,27.41,27.74,27.5,27.59
2016-06-04T08:00,2016-06-04,8,28.5,28.41,28.11,28.47,28.51,27.82,28.71,28.8,28.75,28.82
2016-06-04T09:00,2016-06-04,9,29.7,29.63,29.5,29.61,29.82,28.93,29.82,29.65,30.0,30.1
2016-06-04T10:00,2016-06-04,10,30.59,30.57,30.52,30.54,30.75,29.94,30.72,30.07,30.94,30.79
2016-06-04T11:00,2016-06-04,11,31.37,31.35,31.34,31.15,31.57,31.06,31.5,30.91,31.69,31.51
2016-06-04T12:00,2016-06-04,12,31.99,31.96,31.84,31.88,32.2,31.78,32.03,31.58,32.27,32.12
2016-06-04T13:00,2016-06-04,13,32.38,32.26,32.1,31.98,33.01,32.68,32.2,31.73,32.85,32.69
2016-06-04T14:00,2016-06-04,14,32.52,32.47,31.84,32.18,33.35,32.93,32.0,31.68,33.04,33.07
2016-06-04T15:00,2016-06-04,15,32.31,32.29,31.3,32.06,33.27,33.11,31.19,31.1,33.15,33.06
2016-06-04T16:00,2016-06-04,16,31.82,31.79,30.36,31.48,33.06,32.55,30.37,30.69,32.9,32.88
2016-06-04T17:00,2016-06-04,17,31.17,30.97,29.57,30.34,32.61,31.93,30.16,30.31,32.36,32.48
2016-06-04T18:00,2016-06-04,18,30.39,30.22,28.69,29.68,31.64,31.16,29.7,29.76,31.4,31.5
2016-06-04T19:00,2016-06-04,19,29.47,29.28,28.07,28.88,30.39,30.15,29.13,29.16,30.13,30.39
2016-06-04T20:00,2016-06-04,20,28.78,28.72,27.46,28.36,29.43,29.26,28.67,28.74,29.22,29.32
2016-06-04T21:00,2016-06-04,21,28.28,28.26,26.99,28.0,28.74,28.47,28.36,28.43,28.56,28.71
2016-06-04T22:00,2016-06-04,22,27.83,27.82,26.72,27.61,28.15,27.94,28.06,28.14,27.99,28.16
2016-06-04T23:00,2016-06-04,23,27.47,27.55,26.54,27.27,27.69,27.29,27.78,27.79,27.47,27.7
2016-06-05T00:00,2016-06-05,0,27.1,27.3,26.26,26.93,27.2,26.44,27.52,27.48,27.07,27.24
2016-06-05T01:00,2016-06-05,1,27.28,27.46,26.86,27.11,27.32,26.91,27.61,27.57,27.17,27.21
2016-06-05T02:00,2016-06-05,2,26.96,27.12,26.72,26.85,26.95,26.32,27.29,27.23,26.91,26.9
2016-06-05T03:00,2016-06-05,3,26.67,26.85,26.64,26.62,26.54,25.68,26.99,26.99,26.64,26.58
2016-06-05T04:00,2016-06-05,4,26.41,26.57,26.34,26.46,26.23,25.42,26.77,26.8,26.33,26.31
2016-06-05T05:00,2016-06-05,5,26.25,26.43,26.16,26.27,26.0,25.31,26.57,26.8,26.12,26.15
2016-06-05T06:00,2016-06-05,6,26.36,26.6,26.38,26.42,25.96,25.23,26.64,26.94,26.25,26.18
2016-06-05T07:00,2016-06-05,7,27.46,27.67,27.49,27.61,26.74,25.58,27.75,27.65,27.9,27.58
2016-06-05T08:00,2016-06-05,8,28.47,28.7,28.58,28.58,27.55,26.07,28.68,28.63,29.14,28.75
2016-06-05T09:00,2016-06-05,9,29.51,29.73,29.75,29.7,28.54,27.07,29.51,29.54,30.29,29.89
2016-06-05T10:00,2016-06-05,10,30.52,30.64,30.65,30.67,29.76,28.62,30.46,30.37,31.19,31.04
2016-06-05T11:00,2016-06-05,11,31.33,31.46,31.29,31.47,30.77,29.69,31.38,31.02,31.85,31.86
2016-06-05T12:00,2016-06-05,12,32.02,32.26,31.25,32.11,31.76,30.8,32.08,31.48,32.53,32.55
2016-06-05T13:00,2016-06-05,13,32.24,32.44,30.36,32.28,32.91,32.29,32.14,29.86,32.99,33.14
2016-06-05T14:00,2016-06-05,14,32.18,32.49,29.57,32.33,33.21,32.73,31.13,29.63,33.22,33.41
2016-06-05T15:00,2016-06-05,15,31.86,31.95,28.3,31.54,33.45,32.84,30.83,30.03,33.35,33.36
2016-06-05T16:00,2016-06-05,16,31.09,30.93,27.89,29.55,33.33,32.59,30.56,29.37,32.93,32.54
2016-06-05T17:00,2016-06-05,17,30.54,30.47,27.45,28.93,32.78,31.85,30.12,28.8,32.36,31.78
2016-06-05T18:00,2016-06-05,18,29.68,29.37,27.07,28.39,31.75,30.57,29.33,28.24,31.36,31.11
2016-06-05T19:00,2016-06-05,19,28.86,28.67,26.58,27.87,30.32,29.36,28.69,27.94,30.11,30.11
2016-06-05T20:00,2016-06-05,20,28.23,28.13,26.33,27.27,29.5,28.12,28.32,27.61,29.28,29.25
2016-06-05T21:00,2016-06-05,21,27.81,27.77,26.35,27.02,28.77,27.49,27.92,27.4,28.66,28.64
2016-06-05T22:00,2016-06-05,22,27.38,27.4,26.24,26.73,28.03,26.74,27.55,27.2,28.13,27.93
2016-06-05T23:00,2016-06-05,23,27.07,27.12,26.15,26.55,27.66,26.35,27.32,26.9,27.67,27.47
2016-06-06T00:00,2016-06-06,0,26.76,26.8,26.0,26.31,27.19,26.05,27.1,26.65,27.28,27.03
2016-06-06T01:00,2016-06-06,1,26.77,26.86,25.59,26.31,27.05,26.03,27.11,26.64,27.34,27.28
2016-06-06T02:00,2016-06-06,2,26.56,26.73,25.43,26.24,26.56,25.79,26.95,26.63,27.06,26.87
2016-06-06T03:00,2016-06-06,3,26.33,26.47,25.29,26.26,25.86,25.72,26.76,26.56,26.84,26.45
2016-06-06T04:00,2016-06-06,4,26.16,26.36,25.34,26.25,25.32,25.65,26.53,26.55,26.59,26.07
2016-06-06T05:00,2016-06-06,5,25.98,26.18,25.32,26.11,25.04,25.49,26.25,26.57,26.42,25.72
2016-06-06T06:00,2016-06-06,6,25.98,26.19,25.48,26.24,25.12,25.52,26.11,26.41,26.46,25.51
2016-06-06T07:00,2016-06-06,7,26.54,26.59,26.23,26.74,25.73,25.96,26.72,27.07,27.22,26.1
2016-06-06T08:00,2016-06-06,8,27.19,27.14,26.98,27.35,26.68,26.28,27.28,27.53,28.09,26.93
2016-06-06T09:00,2016-06-06,9,28.17,28.32,27.86,28.26,27.74,26.94,28.07,28.03,29.01,28.17
2016-06-06T10:00,2016-06-06,10,29.25,29.55,29.3,29.32,28.98,27.52,29.16,29.03,30.0,29.03
2016-06-06T11:00,2016-06-06,11,30.19,30.53,30.01,30.15,30.14,28.07,30.22,29.75,30.92,30.2
2016-06-06T12:00,2016-06-06,12,30.56,30.82,30.3,30.45,30.82,28.08,31.03,28.37,31.75,30.91
2016-06-06T13:00,2016-06-06,13,29.5,28.82,30.34,28.94,30.49,30.84,28.97,28.06,30.43,29.81
2016-06-06T14:00,2016-06-06,14,29.19,28.87,28.64,28.97,29.19,30.29,28.64,28.13,29.94,30.21
2016-06-06T15:00,2016-06-06,15,29.24,29.26,28.04,29.11,29.07,30.46,28.57,28.17,29.52,30.59
2016-06-06T16:00,2016-06-06,16,29.02,29.24,27.92,28.65,29.03,29.57,28.5,28.11,29.18,30.17
2016-06-06T17:00,2016-06-06,17,28.66,28.89,27.56,28.19,28.92,28.74,28.22,27.63,29.34,29.47
2016-06-06T18:00,2016-06-06,18,28.07,28.34,26.23,27.15,28.74,28.14,27.89,27.52,28.99,28.81
2016-06-06T19:00,2016-06-06,19,27.55,27.74,25.96,26.82,28.01,27.38,27.56,27.31,28.37,28.11
2016-06-06T20:00,2016-06-06,20,27.16,27.23,25.77,26.56,27.58,26.88,27.34,27.13,27.92,27.64
2016-06-06T21:00,2016-06-06,21,26.89,26.94,25.7,26.34,27.17,26.48,27.15,27.03,27.56,27.3
2016-06-06T22:00,2016-06-06,22,26.64,26.67,25.67,26.1,26.76,26.18,26.98,26.97,27.25,26.92
2016-06-06T23:00,2016-06-06,23,26.44,26.52,25.45,26.0,26.54,25.77,26.77,26.86,26.96,26.74
2016-06-07T00:00,2016-06-07,0,26.2,26.25,25.42,25.89,26.08,25.42,26.55,26.69,26.7,26.44
2016-06-07T01:00,2016-06-07,1,26.11,26.09,25.42,25.55,25.74,25.36,26.64,26.4,26.83,26.53
2016-06-07T02:00,2016-06-07,2,25.88,25.83,25.27,25.47,25.47,25.2,26.53,26.22,26.49,26.12
2016-06-07T03:00,2016-06-07,3,25.61,25.64,25.23,25.38,25.28,25.01,26.11,26.15,26.09,25.4
2016-06-07T04:00,2016-06-07,4,25.52,25.69,25.1,25.34,25.23,24.89,25.8,26.14,25.88,25.2
2016-06-07T05:00,2016-06-07,5,25.38,25.48,25.01,25.25,25.08,24.76,25.8,26.06,25.67,25.02
2016-06-07T06:00,2016-06-07,6,25.34,25.31,25.08,25.27,25.06,24.94,25.89,26.01,25.58,24.93
2016-06-07T07:00,2016-06-07,7,25.72,25.6,25.64,25.86,25.39,25.45,26.38,26.38,25.83,25.19
2016-06-07T08:00,2016-06-07,8,26.36,26.29,26.34,26.47,25.98,26.03,27.1,26.85,26.4,25.85
2016-06-07T09:00,2016-06-07,9,27.2,27.32,27.12,27.23,26.73,26.75,27.93,27.52,27.32,26.46
2016-06-07T10:00,2016-06-07,10,28.4,28.62,27.99,28.79,28.23,27.89,29.18,28.56,28.27,27.42
2016-06-07T11:00,2016-06-07,11,29.53,29.87,29.05,30.14,29.09,28.69,30.37,29.57,29.54,28.34
2016-06-07T12:00,2016-06-07,12,29.92,30.11,29.93,30.2,28.87,29.18,30.59,29.89,30.42,29.12
2016-06-07T13:00,2016-06-07,13,28.8,28.25,27.69,28.05,27.9,28.0,30.39,29.32,30.78,28.85
2016-06-07T14:00,2016-06-07,14,28.94,28.72,27.8,28.12,28.37,27.82,29.58,29.73,30.56,29.48
2016-06-07T15:00,2016-06-07,15,28.78,28.91,28.17,28.24,28.47,27.45,28.76,28.39,29.91,29.55
2016-06-07T16:00,2016-06-07,16,28.84,29.15,28.02,28.72,29.04,27.5,28.54,27.8,29.5,29.65
2016-06-07T17:00,2016-06-07,17,28.39,28.45,27.37,28.35,28.93,27.26,28.12,27.41,29.1,29.37
2016-06-07T18:00,2016-06-07,18,27.59,27.64,26.44,27.15,27.42,26.71,27.87,27.21,28.49,28.4
2016-06-07T19:00,2016-06-07,19,26.96,27.06,25.74,26.39,26.68,26.1,27.47,26.97,27.77,27.58
2016-06-07T20:00,2016-06-07,20,26.62,26.73,25.62,26.06,26.27,25.88,27.2,26.89,27.25,27.03
2016-06-07T21:00,2016-06-07,21,26.41,26.55,25.52,25.9,26.07,25.69,27.0,26.84,26.87,26.68
2016-06-07T22:00,2016-06-07,22,26.2,26.29,25.45,25.75,25.96,25.54,26.78,26.68,26.55,26.37
2016-06-07T23:00,2016-06-07,23,26.06,26.15,25.38,25.71,25.72,25.38,26.71,26.65,26.39,26.1
2016-06-08T00:00,2016-06-08,0,25.92,25.98,25.38,25.64,25.51,25.26,26.6,26.65,26.19,25.87
2016-06-08T01:00,2016-06-08,1,25.96,26.13,25.16,25.49,25.39,25.29,26.85,26.56,26.44,25.76
2016-06-08T02:00,2016-06-08,2,25.7,25.72,25.06,25.31,24.97,25.15,26.68,26.3,26.22,25.59
2016-06-08T03:00,2016-06-08,3,25.51,25.46,25.04,25.23,24.82,24.97,26.44,26.21,25.97,25.32
2016-06-08T04:00,2016-06-08,4,25.32,25.28,24.88,25.15,24.77,24.87,26.09,26.01,25.75,25.03
2016-06-08T05:00,2016-06-08,5,25.25,25.22,24.8,25.17,24.79,24.77,25.96,25.78,25.64,24.96
2016-06-08T06:00,2016-06-08,6,25.29,25.25,24.91,25.27,24.86,24.77,25.88,25.81,25.69,25.01
2016-06-08T07:00,2016-06-08,7,25.79,25.77,25.2,25.85,25.56,25.11,26.28,26.23,26.39,25.45
2016-06-08T08:00,2016-06-08,8,26.45,26.41,25.56,26.42,26.47,25.59,26.83,26.95,27.18,26.37
2016-06-08T09:00,2016-06-08,9,27.35,27.34,26.29,27.38,27.23,26.11,27.75,27.99,28.21,27.37
2016-06-08T10:00,2016-06-08,10,28.51,28.77,27.45,28.79,28.14,26.86,29.03,28.94,29.01,28.38
2016-06-08T11:00,2016-06-08,11,29.62,30.19,28.39,29.45,29.26,27.99,30.39,29.15,30.3,29.36
2016-06-08T12:00,2016-06-08,12,30.29,31.08,28.95,29.57,30.32,28.98,30.83,28.48,31.29,30.25
2016-06-08T13:00,2016-06-08,13,29.35,29.2,26.78,27.6,30.45,29.05,29.99,28.21,31.31,30.8
2016-06-08T14:00,2016-06-08,14,29.39,28.59,26.64,28.45,30.65,29.29,29.6,28.87,31.62,31.36
2016-06-08T15:00,2016-06-08,15,29.51,29.3,27.13,29.14,29.35,28.5,29.71,29.54,31.13,31.0
2016-06-08T16:00,2016-06-08,16,29.56,29.72,26.84,29.28,29.23,28.18,30.13,29.51,30.87,30.65
2016-06-08T17:00,2016-06-08,17,29.31,29.58,26.49,29.16,29.33,27.61,29.9,28.85,30.79,30.06
2016-06-08T18:00,2016-06-08,18,28.72,29.01,26.01,28.24,28.9,27.39,29.33,28.33,30.13,29.34
2016-06-08T19:00,2016-06-08,19,28.05,28.28,25.86,27.49,28.05,26.68,28.64,27.94,29.33,28.65
2016-06-08T20:00,2016-06-08,20,27.57,27.82,25.7,26.96,27.54,26.32,28.15,27.67,28.73,27.99
2016-06-08T21:00,2016-06-08,21,27.17,27.33,25.65,26.61,26.99,26.01,27.81,27.47,28.17,27.48
2016-06-08T22:00,2016-06-08,22,26.83,26.99,25.45,26.34,26.64,25.73,27.45,27.23,27.73,27.01
2016-06-08T23:00,2016-06-08,23,26.51,26.67,25.4,26.05,26.24,25.39,27.12,26.91,27.43,26.54
2016-06-09T00:00,2016-06-09,0,26.3,26.48,25.16,25.95,25.98,25.25,26.81,26.77,27.14,26.24
2016-06-09T01:00,2016-06-09,1,26.35,26.51,25.31,26.12,26.13,25.45,26.89,26.57,27.08,26.25
2016-06-09T02:00,2016-06-09,2,26.12,26.26,25.27,25.88,26.04,25.41,26.56,26.37,26.83,25.84
2016-06-09T03:00,2016-06-09,3,25.88,26.02,25.26,25.76,25.78,25.37,26.42,25.99,26.47,25.29
2016-06-09T04:00,2016-06-09,4,25.77,25.98,25.28,25.69,25.61,25.32,26.17,25.86,26.19,25.15
2016-06-09T05:00,2016-06-09,5,25.65,25.88,25.24,25.58,25.49,25.3,25.9,25.86,25.94,25.11
2016-06-09T06:00,2016-06-09,6,25.72,25.95,25.28,25.55,25.58,25.32,26.03,25.91,26.06,25.24
2016-06-09T07:00,2016-06-09,7,26.17,26.47,25.32,25.8,26.08,25.53,26.69,26.23,26.82,25.69
2016-06-09T08:00,2016-06-09,8,26.81,27.18,25.56,26.38,26.56,25.84,27.47,26.69,27.73,26.47
2016-06-09T09:00,2016-06-09,9,27.72,28.19,25.45,27.16,27.78,26.57,28.52,27.33,28.88,27.69
2016-06-09T10:00,2016-06-09,10,28.55,29.21,25.43,27.85,28.54,26.96,29.59,27.88,29.94,28.82
2016-06-09T11:00,2016-06-09,11,29.25,30.09,25.44,28.01,29.64,27.95,30.28,28.17,30.77,29.85
2016-06-09T12:00,2016-06-09,12,29.91,30.91,25.64,28.06,30.36,29.05,31.02,28.52,31.65,30.66
2016-06-09T13:00,2016-06-09,13,29.7,30.24,25.5,27.28,31.26,29.62,30.07,26.96,32.05,31.71
2016-06-09T14:00,2016-06-09,14,29.42,29.52,25.59,26.62,30.56,29.43,30.01,26.96,32.3,31.92
2016-06-09T15:00,2016-06-09,15,29.22,29.05,25.66,26.38,30.74,28.95,29.7,26.83,32.22,32.08
2016-06-09T16:00,2016-06-09,16,28.67,28.64,25.64,26.29,28.44,27.57,29.32,26.84,31.52,31.68
2016-06-09T17:00,2016-06-09,17,28.24,28.28,25.63,26.17,28.2,26.95,29.05,26.6,30.68,30.65
2016-06-09T18:00,2016-06-09,18,27.78,27.73,25.61,25.99,27.66,26.43,28.79,26.38,29.97,29.76
2016-06-09T19:00,2016-06-09,19,27.26,27.14,25.57,25.82,27.1,26.05,28.28,26.26,29.01,28.88
2016-06-09T20:00,2016-06-09,20,26.87,26.77,25.35,25.75,26.76,25.88,27.82,26.14,28.29,28.09
2016-06-09T21:00,2016-06-09,21,26.54,26.41,25.11,25.69,26.5,25.69,27.48,26.04,27.71,27.52
2016-06-09T22:00,2016-06-09,22,26.32,26.22,25.06,25.65,26.38,25.51,27.15,26.03,27.26,27.04
2016-06-09T23:00,2016-06-09,23,26.13,26.04,24.96,25.63,26.25,25.3,27.02,25.95,26.93,26.64
2016-06-10T00:00,2016-06-10,0,25.97,25.93,24.95,25.51,26.18,25.14,26.8,25.9,26.63,26.24
2016-06-10T01:00,2016-06-10,1,25.96,26.09,24.88,25.41,26.02,25.08,26.8,25.93,26.55,26.09
2016-06-10T02:00,2016-06-10,2,25.86,26.05,24.89,25.43,26.06,25.08,26.54,25.8,26.37,25.73
2016-06-10T03:00,2016-06-10,3,25.73,25.95,24.89,25.43,25.87,24.94,26.35,25.77,26.12,25.47
2016-06-10T04:00,2016-06-10,4,25.59,25.77,24.93,25.36,25.78,24.82,26.22,25.68,25.86,25.24
2016-06-10T05:00,2016-06-10,5,25.52,25.75,24.99,25.34,25.69,24.74,26.11,25.63,25.67,25.1
2016-06-10T06:00,2016-06-10,6,25.7,25.94,25.07,25.51,25.83,25.22,26.35,25.86,25.82,25.12
2016-06-10T07:00,2016-06-10,7,26.56,26.81,25.14,26.25,26.62,26.77,27.53,26.6,26.78,25.99
2016-06-10T08:00,2016-06-10,8,27.72,28.13,25.29,27.53,27.93,28.12,28.54,27.61,27.99,27.33
2016-06-10T09:00,2016-06-10,9,28.77,29.19,25.52,28.58,29.19,29.27,29.64,28.44,29.21,28.73
2016-06-10T10:00,2016-06-10,10,29.89,30.29,26.13,29.95,30.21,30.52,30.51,29.18,30.55,30.12
2016-06-10T11:00,2016-06-10,11,30.73,31.14,26.83,30.85,30.82,31.43,31.23,29.8,31.61,31.06
2016-06-10T12:00,2016-06-10,12,31.49,31.9,27.52,31.61,31.56,32.38,32.02,30.74,32.34,31.76
2016-06-10T13:00,2016-06-10,13,31.99,32.46,27.35,32.21,32.7,33.07,32.61,31.65,32.79,31.69
2016-06-10T14:00,2016-06-10,14,32.19,32.6,27.2,32.35,32.98,32.99,33.03,31.97,33.12,32.05
2016-06-10T15:00,2016-06-10,15,32.24,32.79,27.39,32.48,33.08,32.68,32.53,31.76,33.27,32.37
2016-06-10T16:00,2016-06-10,16,31.99,32.68,27.57,32.13,32.8,31.62,32.45,30.5,33.22,32.16
2016-06-10T17:00,2016-06-10,17,31.32,31.95,27.54,30.32,31.56,30.92,32.42,30.5,32.93,31.42
2016-06-10T18:00,2016-06-10,18,30.69,31.28,27.12,29.59,30.97,30.06,31.94,30.19,32.4,30.47
2016-06-10T19:00,2016-06-10,19,29.65,29.98,26.33,28.81,30.19,28.75,31.08,29.43,31.18,29.5
2016-06-10T20:00,2016-06-10,20,28.92,29.22,26.08,28.15,29.39,27.61,30.48,29.03,30.11,28.76
2016-06-10T21:00,2016-06-10,21,28.39,28.77,25.68,27.57,28.81,26.91,30.03,28.8,29.29,28.22
2016-06-10T22:00,2016-06-10,22,27.92,28.38,25.25,26.91,28.19,26.5,29.58,28.63,28.73,27.74
2016-06-10T23:00,2016-06-10,23,27.45,27.8,24.99,26.27,27.55,26.07,29.17,28.52,28.33,27.37
2016-06-11T00:00,2016-06-11,0,27.05,27.25,24.75,25.85,27.04,25.77,28.74,28.32,27.99,27.06
2016-06-11T01:00,2016-06-11,1,27.31,27.86,24.72,26.48,27.28,25.91,28.96,28.42,27.85,27.01
2016-06-11T02:00,2016-06-11,2,27.06,27.63,24.44,26.36,26.73,25.69,28.75,28.42,27.6,26.52
2016-06-11T03:00,2016-06-11,3,26.83,27.41,24.19,26.19,26.29,25.47,28.52,28.36,27.39,26.21
2016-06-11T04:00,2016-06-11,4,26.62,27.2,24.14,25.84,25.99,25.31,28.27,28.16,27.23,26.06
2016-06-11T05:00,2016-06-11,5,26.42,26.95,24.09,25.59,25.78,25.18,28.11,27.95,27.04,25.88
2016-06-11T06:00,2016-06-11,6,26.52,27.19,24.0,25.39,26.0,25.28,28.29,28.14,27.15,25.86
2016-06-11T07:00,2016-06-11,7,27.34,28.2,24.13,25.29,27.07,26.03,29.64,29.15,28.15,26.79
2016-06-11T08:00,2016-06-11,8,28.06,28.64,24.27,25.28,28.5,27.49,30.67,29.92,29.3,27.74
2016-06-11T09:00,2016-06-11,9,28.92,29.17,24.48,25.52,29.94,28.45,31.79,30.41,30.76,29.38
2016-06-11T10:00,2016-06-11,10,29.6,29.46,24.87,25.77,30.87,29.04,33.07,30.54,32.13,30.55
2016-06-11T11:00,2016-06-11,11,30.21,29.77,25.31,26.49,31.67,29.45,34.18,29.88,33.19,31.62
2016-06-11T12:00,2016-06-11,12,30.92,30.28,25.99,27.96,32.37,30.07,34.99,29.69,33.91,32.38
2016-06-11T13:00,2016-06-11,13,30.87,30.22,26.25,29.42,31.33,30.69,35.27,30.15,32.92,31.23
2016-06-11T14:00,2016-06-11,14,31.27,30.9,26.45,29.73,31.6,31.21,35.57,30.03,33.0,31.92
2016-06-11T15:00,2016-06-11,15,31.4,31.29,26.5,29.53,31.63,31.47,35.33,29.98,33.18,32.23
2016-06-11T16:00,2016-06-11,16,31.23,31.37,26.43,29.28,31.14,29.99,34.77,30.23,33.24,32.36
2016-06-11T17:00,2016-06-11,17,30.71,30.84,26.31,28.82,30.79,29.49,34.06,30.1,32.58,31.52
2016-06-11T18:00,2016-06-11,18,29.92,29.99,26.13,28.39,30.14,28.55,33.03,29.93,31.38,30.32
2016-06-11T19:00,2016-06-11,19,29.02,29.17,25.96,27.94,28.65,27.34,31.95,29.67,30.25,28.89
2016-06-11T20:00,2016-06-11,20,28.45,28.6,25.75,27.74,27.5,26.91,31.21,29.47,29.56,28.05
2016-06-11T21:00,2016-06-11,21,28.06,28.17,25.65,27.65,26.55,26.75,30.83,29.38,29.01,27.44
2016-06-11T22:00,2016-06-11,22,27.62,27.43,25.43,27.54,26.03,26.4,30.52,29.21,28.46,27.06
2016-06-11T23:00,2016-06-11,23,27.09,26.7,25.01,27.13,25.8,25.98,30.21,29.04,27.41,26.73
2016-06-12T00:00,2016-06-12,0,26.65,26.24,24.65,26.38,25.74,25.69,29.92,28.96,26.64,26.33
2016-06-12T01:00,2016-06-12,1,26.57,26.27,25.0,26.98,25.97,25.71,28.91,28.68,25.98,26.3
2016-06-12T02:00,2016-06-12,2,26.41,26.23,24.7,27.0,25.9,25.44,28.47,28.57,25.79,26.08
2016-06-12T03:00,2016-06-12,3,26.29,26.32,24.37,26.96,25.8,25.18,28.03,28.39,25.68,25.92
2016-06-12T04:00,2016-06-12,4,26.17,26.3,24.19,26.87,25.54,24.96,27.73,28.31,25.57,25.84
2016-06-12T05:00,2016-06-12,5,26.07,26.31,24.01,26.57,25.6,24.83,27.43,28.1,25.54,25.83
2016-06-12T06:00,2016-06-12,6,26.07,26.31,24.0,26.4,25.55,24.76,27.56,28.14,25.69,25.85
2016-06-12T07:00,2016-06-12,7,26.28,26.38,24.16,26.43,25.4,24.8,28.15,28.37,26.19,26.25
2016-06-12T08:00,2016-06-12,8,26.61,26.43,24.77,26.46,25.34,24.85,29.24,28.63,26.57,27.09
2016-06-12T09:00,2016-06-12,9,26.92,26.71,25.29,26.58,25.48,24.94,30.05,28.62,26.52,27.8
2016-06-12T10:00,2016-06-12,10,27.39,27.28,25.74,26.72,26.24,25.45,31.16,28.32,26.57,28.48
2016-06-12T11:00,2016-06-12,11,28.09,28.11,26.46,26.85,27.0,25.86,31.88,28.56,27.38,29.67
2016-06-12T12:00,2016-06-12,12,28.82,28.78,26.92,27.42,27.56,25.87,32.58,29.28,28.73,30.85
2016-06-12T13:00,2016-06-12,13,29.87,30.32,26.36,29.28,28.94,25.81,32.41,30.29,31.6,30.69
2016-06-12T14:00,2016-06-12,14,30.16,30.54,26.87,29.17,29.25,26.4,32.63,30.61,32.28,30.74
2016-06-12T15:00,2016-06-12,15,30.28,30.76,27.39,29.04,29.09,26.86,32.67,30.49,32.8,30.31
2016-06-12T16:00,2016-06-12,16,29.97,30.26,27.56,28.31,28.56,26.74,32.71,30.45,32.9,29.7
2016-06-12T17:00,2016-06-12,17,29.45,29.48,27.49,28.19,28.03,26.22,32.44,30.26,32.08,28.88
2016-06-12T18:00,2016-06-12,18,28.76,28.72,27.26,27.96,27.25,25.71,31.78,29.7,30.6,28.31
2016-06-12T19:00,2016-06-12,19,28.03,28.03,26.89,27.62,26.51,25.34,30.99,29.16,28.77,27.71
2016-06-12T20:00,2016-06-12,20,27.39,27.38,26.47,27.14,25.89,25.09,30.35,28.85,27.41,27.17
2016-06-12T21:00,2016-06-12,21,26.86,26.91,26.05,26.57,25.38,24.88,29.54,28.61,26.64,26.67
2016-06-12T22:00,2016-06-12,22,26.49,26.57,25.93,26.13,25.06,24.75,29.16,28.34,25.97,26.21
2016-06-12T23:00,2016-06-12,23,26.16,26.33,25.66,25.78,24.83,24.56,28.85,27.96,25.45,25.67
2016-06-13T00:00,2016-06-13,0,25.91,26.13,25.39,25.44,24.75,24.48,28.55,27.65,25.26,25.22
2016-06-13T01:00,2016-06-13,1,25.99,26.48,25.32,25.62,24.85,24.64,28.24,27.53,25.46,24.91
2016-06-13T02:00,2016-06-13,2,25.95,26.46,25.34,25.64,24.79,24.6,28.18,27.56,25.38,24.76
2016-06-13T03:00,2016-06-13,3,25.95,26.46,25.44,25.75,24.72,24.54,28.11,27.59,25.35,24.71
2016-06-13T04:00,2016-06-13,4,25.95,26.47,25.47,25.87,24.65,24.55,28.04,27.49,25.42,24.62
2016-06-13T05:00,2016-06-13,5,25.95,26.51,25.47,25.96,24.6,24.54,27.93,27.26,25.46,24.59
2016-06-13T06:00,2016-06-13,6,25.98,26.63,25.26,25.98,24.6,24.56,28.01,27.18,25.52,24.6
2016-06-13T07:00,2016-06-13,7,26.32,27.07,25.19,26.29,24.85,24.62,28.89,27.61,25.83,24.73
2016-06-13T08:00,2016-06-13,8,26.83,27.69,25.29,26.97,25.59,25.03,29.22,28.33,26.42,25.0
2016-06-13T09:00,2016-06-13,9,27.52,28.32,25.76,28.19,26.44,25.55,29.66,28.94,27.04,25.79
2016-06-13T10:00,2016-06-13,10,28.27,29.41,26.4,29.04,27.06,25.66,30.53,29.48,27.63,26.33
2016-06-13T11:00,2016-06-13,11,28.93,30.34,26.71,29.38,27.89,26.2,31.76,30.38,27.88,26.66
2016-06-13T12:00,2016-06-13,12,29.42,31.08,27.08,29.51,28.5,26.44,32.53,31.0,28.11,27.04
2016-06-13T13:00,2016-06-13,13,27.98,28.06,26.59,27.15,28.53,26.63,28.28,27.94,29.5,28.22
2016-06-13T14:00,2016-06-13,14,28.12,27.95,26.62,26.97,28.82,27.15,28.13,27.95,30.11,28.97
2016-06-13T15:00,2016-06-13,15,28.23,28.27,26.34,26.82,28.76,26.7,28.11,28.02,30.49,29.4
2016-06-13T16:00,2016-06-13,16,28.23,28.63,26.29,26.78,28.68,26.38,28.11,27.81,30.22,29.29
2016-06-13T17:00,2016-06-13,17,27.99,28.45,26.12,26.62,28.17,26.06,28.2,27.69,29.63,29.02
2016-06-13T18:00,2016-06-13,18,27.72,27.99,26.01,26.51,27.74,25.84,28.21,27.61,29.22,28.74
2016-06-13T19:00,2016-06-13,19,27.22,27.37,25.85,26.39,26.47,25.41,28.06,27.64,28.53,28.0
2016-06-13T20:00,2016-06-13,20,26.98,27.06,25.84,26.43,25.93,25.19,28.04,27.68,28.11,27.4
2016-06-13T21:00,2016-06-13,21,26.71,26.71,25.83,26.39,25.71,24.98,27.87,27.69,27.6,26.89
2016-06-13T22:00,2016-06-13,22,26.5,26.36,25.77,26.32,25.53,24.79,27.77,27.71,27.31,26.57
2016-06-13T23:00,2016-06-13,23,26.32,26.14,25.6,26.23,25.39,24.72,27.62,27.78,27.04,26.18
2016-06-14T00:00,2016-06-14,0,26.11,25.97,25.48,25.92,25.13,24.62,27.55,27.74,26.74,25.75
2016-06-14T01:00,2016-06-14,1,26.01,26.22,25.09,25.62,25.46,24.97,26.96,27.33,26.17,25.82
2016-06-14T02:00,2016-06-14,2,26.0,26.29,24.92,25.54,25.45,24.96,27.02,27.31,26.19,25.76
2016-06-14T03:00,2016-06-14,3,25.98,26.37,24.66,25.55,25.4,24.99,27.0,27.17,26.25,25.63
2016-06-14T04:00,2016-06-14,4,25.91,26.38,24.52,25.61,25.25,24.91,26.92,27.01,26.08,25.5
2016-06-14T05:00,2016-06-14,5,25.86,26.37,24.4,25.6,25.25,24.88,26.81,26.88,25.91,25.47
2016-06-14T06:00,2016-06-14,6,25.81,26.29,24.24,25.58,25.26,24.86,26.82,26.83,25.87,25.44
2016-06-14T07:00,2016-06-14,7,26.23,26.91,24.26,25.71,25.37,24.81,27.73,27.36,26.58,25.65
2016-06-14T08:00,2016-06-14,8,27.07,27.98,24.29,26.16,25.96,25.16,28.93,27.86,27.93,26.72
2016-06-14T09:00,2016-06-14,9,28.14,29.3,24.58,26.5,27.71,25.92,30.36,27.72,29.27,28.2
2016-06-14T10:00,2016-06-14,10,29.06,30.38,24.94,26.88,29.3,26.56,31.6,28.08,30.6,29.05
2016-06-14T11:00,2016-06-14,11,29.85,31.08,25.4,27.48,30.62,27.5,32.56,28.32,31.86,29.64
2016-06-14T12:00,2016-06-14,12,30.34,31.38,26.29,28.03,31.4,28.08,33.16,28.55,32.15,30.16
2016-06-14T13:00,2016-06-14,13,30.27,30.61,27.7,29.78,31.47,30.51,30.82,29.36,31.4,29.63
2016-06-14T14:00,2016-06-14,14,30.32,29.75,28.26,30.26,32.08,31.17,31.06,29.27,31.61,30.01
2016-06-14T15:00,2016-06-14,15,30.26,29.51,28.77,30.22,31.14,31.52,31.15,29.18,31.46,30.28
2016-06-14T16:00,2016-06-14,16,29.55,28.71,28.72,28.87,29.35,31.51,30.72,28.46,30.58,30.16
2016-06-14T17:00,2016-06-14,17,28.95,28.02,28.38,28.5,28.57,30.92,29.88,27.99,30.07,29.57
2016-06-14T18:00,2016-06-14,18,28.25,27.62,27.87,28.01,27.82,29.41,28.99,27.7,29.1,28.54
2016-06-14T19:00,2016-06-14,19,27.68,27.29,27.43,27.54,27.24,28.05,28.31,27.49,28.43,27.73
2016-06-14T20:00,2016-06-14,20,27.28,27.05,27.11,27.21,26.73,27.22,27.85,27.22,27.97,27.2
2016-06-14T21:00,2016-06-14,21,26.99,26.8,26.83,26.94,26.36,26.7,27.57,27.05,27.63,26.91
2016-06-14T22:00,2016-06-14,22,26.71,26.54,26.54,26.51,26.14,26.26,27.42,26.89,27.42,26.56
2016-06-14T23:00,2016-06-14,23,26.44,26.24,26.05,26.22,25.94,25.85,27.34,26.72,27.16,26.35
2016-06-15T00:00,2016-06-15,0,26.19,26.1,25.59,25.85,25.75,25.48,27.24,26.54,26.87,25.98
2016-06-15T01:00,2016-06-15,1,26.1,26.14,25.61,25.72,25.54,25.29,27.23,26.22,26.66,25.88
2016-06-15T02:00,2016-06-15,2,25.82,25.92,25.09,25.39,25.35,25.15,26.99,25.99,26.22,25.66
2016-06-15T03:00,2016-06-15,3,25.6,25.63,24.73,25.23,25.23,25.02,26.81,25.98,25.91,25.51
2016-06-15T04:00,2016-06-15,4,25.44,25.42,24.44,25.12,25.09,24.88,26.76,25.96,25.73,25.27
2016-06-15T05:00,2016-06-15,5,25.29,25.25,24.21,25.01,25.01,24.75,26.6,25.72,25.66,25.14
2016-06-15T06:00,2016-06-15,6,25.31,25.23,24.11,25.04,24.98,24.75,26.71,25.95,25.74,25.08
2016-06-15T07:00,2016-06-15,7,25.57,25.57,24.11,25.07,25.2,24.86,27.3,26.59,26.04,25.21
2016-06-15T08:00,2016-06-15,8,26.12,26.35,24.23,25.46,25.49,25.15,28.38,27.89,26.36,25.41
2016-06-15T09:00,2016-06-15,9,26.95,27.37,24.91,26.2,26.48,25.49,29.5,28.91,27.24,25.66
2016-06-15T10:00,2016-06-15,10,27.84,28.23,25.95,27.19,27.55,26.33,30.47,29.31,28.53,26.01
2016-06-15T11:00,2016-06-15,11,28.66,28.85,27.14,28.12,28.43,27.21,31.29,28.94,29.81,26.97
2016-06-15T12:00,2016-06-15,12,29.1,29.11,27.72,28.66,28.43,28.1,31.81,28.63,30.4,27.81
2016-06-15T13:00,2016-06-15,13,28.02,26.97,27.79,27.0,27.41,27.69,31.01,26.96,29.68,28.28
2016-06-15T14:00,2016-06-15,14,27.8,26.71,27.34,27.27,27.38,27.81,29.61,26.98,29.05,28.98
2016-06-15T15:00,2016-06-15,15,27.79,26.73,27.36,27.57,27.54,27.96,28.58,27.66,29.07,28.96
2016-06-15T16:00,2016-06-15,16,27.77,26.91,26.97,27.89,27.41,28.06,28.19,27.97,28.67,28.98
2016-06-15T17:00,2016-06-15,17,27.74,27.24,26.89,27.9,27.28,27.85,28.43,27.77,28.23,28.5
2016-06-15T18:00,2016-06-15,18,27.57,27.31,26.69,27.67,27.0,27.52,28.33,27.82,27.93,27.95
2016-06-15T19:00,2016-06-15,19,27.19,27.07,26.35,27.22,26.64,27.03,28.11,27.49,27.46,27.27
2016-06-15T20:00,2016-06-15,20,26.95,26.94,26.23,26.91,26.38,26.53,27.89,27.29,27.22,26.83
2016-06-15T21:00,2016-06-15,21,26.77,26.81,26.01,26.72,26.19,26.34,27.74,27.23,26.98,26.53
2016-06-15T22:00,2016-06-15,22,26.61,26.74,25.86,26.56,25.97,26.04,27.59,27.08,26.87,26.24
2016-06-15T23:00,2016-06-15,23,26.41,26.46,25.77,26.45,25.79,25.73,27.43,26.97,26.77,25.92
2016-06-16T00:00,2016-06-16,0,26.15,26.11,25.75,25.97,25.62,25.52,27.26,26.85,26.55,25.65
2016-06-16T01:00,2016-06-16,1,26.27,26.35,25.94,26.44,25.85,25.68,27.15,26.87,26.21,25.71
2016-06-16T02:00,2016-06-16,2,26.17,26.32,25.82,26.26,25.93,25.52,27.05,26.82,26.03,25.5
2016-06-16T03:00,2016-06-16,3,26.05,26.28,25.72,26.1,25.73,25.4,26.89,26.74,25.89,25.3
2016-06-16T04:00,2016-06-16,4,25.79,25.87,25.53,25.86,25.41,25.32,26.64,26.55,25.72,25.15
2016-06-16T05:00,2016-06-16,5,25.55,25.49,25.32,25.53,25.15,25.2,26.54,26.33,25.54,25.02
2016-06-16T06:00,2016-06-16,6,25.47,25.43,25.21,25.34,25.08,25.29,26.52,26.37,25.36,24.94
2016-06-16T07:00,2016-06-16,7,25.74,25.64,25.26,25.59,25.11,25.73,27.25,27.21,25.49,24.99
2016-06-16T08:00,2016-06-16,8,26.35,26.38,25.49,26.08,25.59,26.14,28.21,27.9,26.12,25.46
2016-06-16T09:00,2016-06-16,9,26.97,27.27,25.56,26.49,26.38,26.45,29.15,28.34,26.66,26.05
2016-06-16T10:00,2016-06-16,10,27.92,28.6,25.74,27.09,27.64,27.17,30.24,29.16,27.77,26.75
2016-06-16T11:00,2016-06-16,11,28.62,29.15,26.41,27.81,28.38,27.84,31.15,29.75,28.76,27.33
2016-06-16T12:00,2016-06-16,12,29.41,29.94,26.34,29.08,29.63,29.12,31.67,29.61,29.82,28.02
2016-06-16T13:00,2016-06-16,13,29.52,29.79,26.87,28.69,28.28,29.57,30.9,28.55,31.23,29.82
2016-06-16T14:00,2016-06-16,14,29.59,29.49,27.94,28.21,28.22,30.14,30.37,28.42,31.92,30.49
2016-06-16T15:00,2016-06-16,15,29.34,28.86,28.48,28.32,28.38,29.56,29.61,28.43,31.58,30.52
2016-06-16T16:00,2016-06-16,16,28.69,28.17,28.21,27.88,27.82,28.77,29.2,28.33,29.91,30.18
2016-06-16T17:00,2016-06-16,17,28.18,27.89,27.68,27.94,27.22,27.95,28.79,28.44,28.51,29.33
2016-06-16T18:00,2016-06-16,18,27.83,27.86,27.18,27.64,26.81,27.65,28.56,28.16,27.88,28.33
2016-06-16T19:00,2016-06-16,19,27.26,27.39,26.49,27.0,26.44,27.11,27.99,27.7,27.29,27.51
2016-06-16T20:00,2016-06-16,20,26.9,27.01,26.17,26.64,26.18,26.71,27.69,27.36,26.97,26.98
2016-06-16T21:00,2016-06-16,21,26.65,26.77,25.96,26.38,25.94,26.51,27.47,27.18,26.73,26.61
2016-06-16T22:00,2016-06-16,22,26.52,26.63,25.85,26.29,25.91,26.52,27.31,27.14,26.54,26.3
2016-06-16T23:00,2016-06-16,23,26.34,26.5,25.74,26.06,25.81,26.16,27.14,26.94,26.36,26.05
2016-06-17T00:00,2016-06-17,0,26.16,26.27,25.56,25.84,25.64,26.04,27.04,26.86,26.21,25.82
2016-06-17T01:00,2016-06-17,1,26.31,26.5,25.79,26.24,25.61,25.83,27.0,26.96,26.31,26.11
2016-06-17T02:00,2016-06-17,2,26.14,26.27,25.71,26.08,25.47,25.93,26.83,26.68,26.11,25.9
2016-06-17T03:00,2016-06-17,3,25.97,26.08,25.67,25.93,25.44,25.79,26.64,26.37,25.89,25.7
2016-06-17T04:00,2016-06-17,4,25.81,25.91,25.47,25.75,25.38,25.79,26.36,26.1,25.68,25.63
2016-06-17T05:00,2016-06-17,5,25.68,25.79,25.41,25.53,25.37,25.65,26.21,26.01,25.57,25.48
2016-06-17T06:00,2016-06-17,6,25.76,25.87,25.48,25.69,25.53,25.78,26.25,26.07,25.61,25.46
2016-06-17T07:00,2016-06-17,7,26.42,26.61,25.99,26.59,26.27,26.47,26.82,26.62,26.1,25.98
2016-06-17T08:00,2016-06-17,8,27.29,27.62,26.82,27.63,27.14,27.19,27.4,27.25,27.11,26.73
2016-06-17T09:00,2016-06-17,9,28.4,28.68,27.9,28.69,28.39,28.34,28.45,28.0,28.41,27.93
2016-06-17T10:00,2016-06-17,10,29.46,29.79,28.96,29.57,29.79,29.64,29.56,28.53,29.69,28.68
2016-06-17T11:00,2016-06-17,11,30.21,30.64,30.15,29.87,30.96,30.7,30.04,27.88,30.66,29.61
2016-06-17T12:00,2016-06-17,12,30.21,29.86,29.61,30.24,31.35,31.58,30.31,28.34,30.97,29.86
2016-06-17T13:00,2016-06-17,13,29.66,30.19,29.47,30.09,29.85,27.68,29.84,29.02,30.62,28.16
2016-06-17T14:00,2016-06-17,14,29.48,30.07,28.55,29.82,29.3,27.69,30.04,29.18,29.94,28.68
2016-06-17T15:00,2016-06-17,15,28.98,28.92,27.56,28.94,28.7,27.99,30.12,29.66,29.78,28.7
2016-06-17T16:00,2016-06-17,16,28.61,28.47,27.43,28.52,28.83,28.08,29.77,29.01,28.87,28.55
2016-06-17T17:00,2016-06-17,17,28.09,28.02,27.11,27.85,28.77,28.23,29.15,28.06,27.73,28.07
2016-06-17T18:00,2016-06-17,18,27.54,27.72,26.54,27.06,27.91,28.03,28.47,27.48,27.17,27.37
2016-06-17T19:00,2016-06-17,19,27.04,27.29,26.06,26.59,27.08,27.35,27.88,27.04,26.79,26.9
2016-06-17T20:00,2016-06-17,20,26.73,26.98,25.86,26.4,26.47,26.75,27.52,26.9,26.57,26.59
2016-06-17T21:00,2016-06-17,21,26.54,26.79,25.82,26.28,26.16,26.32,27.24,26.95,26.44,26.37
2016-06-17T22:00,2016-06-17,22,26.36,26.57,25.71,26.19,25.96,26.16,26.95,26.75,26.36,26.15
2016-06-17T23:00,2016-06-17,23,26.23,26.44,25.53,26.08,25.86,25.98,26.69,26.66,26.35,26.02
2016-06-18T00:00,2016-06-18,0,26.08,26.26,25.49,25.86,25.73,25.92,26.53,26.42,26.23,25.84
2016-06-18T01:00,2016-06-18,1,26.02,26.1,25.36,25.82,25.58,25.63,26.5,26.56,26.22,26.1
2016-06-18T02:00,2016-06-18,2,25.89,25.97,25.35,25.82,25.51,25.4,26.26,26.29,26.11,25.92
2016-06-18T03:00,2016-06-18,3,25.72,25.77,25.18,25.8,25.39,25.26,26.16,25.99,25.87,25.72
2016-06-18T04:00,2016-06-18,4,25.64,25.67,25.16,25.76,25.32,25.18,26.08,26.01,25.79,25.55
2016-06-18T05:00,2016-06-18,5,25.61,25.67,25.09,25.73,25.2,25.11,26.05,26.21,25.71,25.44
2016-06-18T06:00,2016-06-18,6,25.68,25.79,25.22,25.83,25.32,25.14,26.03,26.38,25.7,25.43
2016-06-18T07:00,2016-06-18,7,26.21,26.36,25.99,26.36,25.78,25.28,26.62,26.99,26.21,25.86
2016-06-18T08:00,2016-06-18,8,26.99,27.27,26.84,27.1,26.42,25.78,27.44,27.66,27.25,26.31
2016-06-18T09:00,2016-06-18,9,27.89,28.24,27.73,27.99,27.51,26.37,28.45,28.45,28.29,26.94
2016-06-18T10:00,2016-06-18,10,28.92,29.37,28.81,28.9,28.86,27.07,29.63,28.61,29.5,27.87
2016-06-18T11:00,2016-06-18,11,29.73,30.39,29.55,29.49,30.15,27.62,29.78,28.44,30.58,29.08
2016-06-18T12:00,2016-06-18,12,30.27,31.06,29.39,29.92,30.9,28.38,30.03,29.3,31.22,29.73
2016-06-18T13:00,2016-06-18,13,30.21,29.73,29.84,29.64,31.24,29.91,30.15,29.46,31.45,30.81
2016-06-18T14:00,2016-06-18,14,30.34,29.76,29.85,29.84,31.12,30.8,29.88,29.68,31.58,31.3
2016-06-18T15:00,2016-06-18,15,30.02,29.64,29.03,29.41,30.83,30.77,29.7,29.14,30.83,31.29
2016-06-18T16:00,2016-06-18,16,29.71,29.69,28.54,29.05,30.16,30.35,29.91,29.29,29.92,30.45
2016-06-18T17:00,2016-06-18,17,29.15,29.22,28.08,28.51,29.4,29.42,29.58,28.77,29.66,29.36
2016-06-18T18:00,2016-06-18,18,28.67,28.77,27.79,28.13,28.88,28.7,29.09,28.22,29.29,28.66
2016-06-18T19:00,2016-06-18,19,28.14,28.22,27.43,27.71,28.3,28.03,28.48,27.75,28.74,28.08
2016-06-18T20:00,2016-06-18,20,27.74,27.89,27.18,27.49,27.77,27.46,28.07,27.36,28.17,27.63
2016-06-18T21:00,2016-06-18,21,27.41,27.56,26.95,27.28,27.35,26.94,27.8,27.29,27.77,27.1
2016-06-18T22:00,2016-06-18,22,27.12,27.27,26.81,27.05,27.1,26.67,27.59,27.2,27.38,26.56
2016-06-18T23:00,2016-06-18,23,26.87,27.03,26.63,26.8,26.86,26.38,27.31,27.11,27.13,26.18
2016-06-19T00:00,2016-06-19,0,26.63,26.83,26.36,26.57,26.57,25.98,27.13,26.92,26.9,25.89
2016-06-19T01:00,2016-06-19,1,26.67,26.82,26.18,26.67,26.6,26.02,27.1,27.21,27.06,25.98
2016-06-19T02:00,2016-06-19,2,26.49,26.7,25.81,26.36,26.48,25.85,26.87,26.95,26.89,25.92
2016-06-19T03:00,2016-06-19,3,26.3,26.52,25.48,26.2,26.21,25.69,26.76,26.81,26.67,25.83
2016-06-19T04:00,2016-06-19,4,26.15,26.41,25.24,26.09,26.16,25.4,26.53,26.57,26.45,25.77
2016-06-19T05:00,2016-06-19,5,26.02,26.3,25.17,26.01,25.88,25.2,26.44,26.48,26.26,25.63
2016-06-19T06:00,2016-06-19,6,26.09,26.4,25.29,25.97,25.92,25.25,26.57,26.5,26.36,25.7
2016-06-19T07:00,2016-06-19,7,26.65,27.01,25.47,26.33,26.58,25.74,27.32,27.07,27.15,26.16
2016-06-19T08:00,2016-06-19,8,27.53,27.96,26.14,26.88,27.49,26.6,28.41,28.0,28.14,27.03
2016-06-19T09:00,2016-06-19,9,28.51,28.92,26.89,27.58,28.76,27.91,29.36,28.79,29.23,28.16
2016-06-19T10:00,2016-06-19,10,29.31,29.65,27.85,28.13,29.6,28.83,30.03,29.37,30.16,29.23
2016-06-19T11:00,2016-06-19,11,30.16,30.48,28.23,28.55,30.99,29.98,30.97,30.03,31.08,30.4
2016-06-19T12:00,2016-06-19,12,30.41,30.31,28.8,28.87,31.22,30.11,31.11,29.74,31.87,31.2
2016-06-19T13:00,2016-06-19,13,31.19,31.48,30.01,30.02,31.85,29.94,31.88,30.82,32.27,31.29
2016-06-19T14:00,2016-06-19,14,31.15,30.92,29.96,30.02,32.12,30.93,31.96,30.62,32.37,31.42
2016-06-19T15:00,2016-06-19,15,30.68,30.25,29.58,29.88,31.67,30.74,31.45,29.81,31.87,31.13
2016-06-19T16:00,2016-06-19,16,29.95,29.51,29.08,29.63,29.86,30.4,30.9,29.16,30.87,30.24
2016-06-19T17:00,2016-06-19,17,29.6,29.47,28.66,29.31,29.4,29.73,30.41,28.97,30.51,29.51
2016-06-19T18:00,2016-06-19,18,28.89,28.93,28.03,28.55,28.93,28.92,29.57,28.59,29.55,28.49
2016-06-19T19:00,2016-06-19,19,28.26,28.33,27.51,27.97,28.53,27.96,28.96,28.2,28.84,27.66
2016-06-19T20:00,2016-06-19,20,27.8,27.92,27.16,27.56,28.05,27.26,28.45,27.87,28.37,27.11
2016-06-19T21:00,2016-06-19,21,27.48,27.58,26.87,27.3,27.64,26.89,28.08,27.66,27.99,26.89
2016-06-19T22:00,2016-06-19,22,27.22,27.3,26.6,27.03,27.3,26.6,27.8,27.53,27.76,26.68
2016-06-19T23:00,2016-06-19,23,26.99,27.11,26.32,26.8,27.04,26.23,27.54,27.38,27.54,26.46
2016-06-20T00:00,2016-06-20,0,26.8,26.97,26.15,26.64,26.73,25.96,27.31,27.25,27.41,26.21
2016-06-20T01:00,2016-06-20,1,27.06,27.22,26.31,26.95,27.06,26.06,27.5,27.41,27.75,26.54
2016-06-20T02:00,2016-06-20,2,26.92,27.07,26.12,26.83,26.95,26.12,27.32,27.29,27.58,26.42
2016-06-20T03:00,2016-06-20,3,26.74,26.88,25.94,26.6,26.75,26.08,27.16,27.16,27.39,26.21
2016-06-20T04:00,2016-06-20,4,26.55,26.65,25.76,26.43,26.54,25.98,27.02,27.0,27.15,26.05
2016-06-20T05:00,2016-06-20,5,26.4,26.48,25.56,26.27,26.37,25.99,26.84,26.88,26.97,25.92
2016-06-20T06:00,2016-06-20,6,26.45,26.57,25.66,26.35,26.39,25.89,26.94,26.99,26.92,25.92
2016-06-20T07:00,2016-06-20,7,27.23,27.47,26.48,27.35,27.22,26.37,27.83,27.85,27.52,26.36
2016-06-20T08:00,2016-06-20,8,28.23,28.54,27.62,28.45,28.24,27.06,28.86,28.75,28.52,27.17
2016-06-20T09:00,2016-06-20,9,29.24,29.5,28.45,29.22,29.57,28.62,29.75,29.47,29.49,28.46
2016-06-20T10:00,2016-06-20,10,30.15,30.4,29.28,30.05,30.52,29.56,30.6,30.08,30.47,29.65
2016-06-20T11:00,2016-06-20,11,30.86,31.07,29.77,30.59,31.04,30.3,31.34,30.61,31.47,30.64
2016-06-20T12:00,2016-06-20,12,31.55,31.91,30.2,31.2,31.91,30.96,31.86,31.04,32.37,31.21
2016-06-20T13:00,2016-06-20,13,30.93,31.48,29.98,30.57,31.57,30.76,31.49,31.06,32.04,28.44
2016-06-20T14:00,2016-06-20,14,31.21,31.77,30.1,30.85,32.04,30.83,31.86,31.27,32.33,28.68
2016-06-20T15:00,2016-06-20,15,30.89,31.25,29.44,30.52,31.76,30.83,31.86,30.84,31.79,28.94
2016-06-20T16:00,2016-06-20,16,30.67,30.87,29.31,30.45,31.36,30.74,31.64,30.27,31.61,29.09
2016-06-20T17:00,2016-06-20,17,30.17,30.31,28.84,29.98,30.63,29.99,30.96,29.69,31.08,29.21
2016-06-20T18:00,2016-06-20,18,29.54,29.69,28.25,29.28,29.7,29.33,30.27,29.06,30.47,28.95
2016-06-20T19:00,2016-06-20,19,28.77,28.92,27.56,28.43,28.98,28.39,29.49,28.42,29.69,28.24
2016-06-20T20:00,2016-06-20,20,28.18,28.44,27.04,27.78,28.31,27.75,28.91,27.98,29.16,27.28
2016-06-20T21:00,2016-06-20,21,27.83,28.17,26.79,27.4,27.84,27.19,28.48,27.73,28.88,26.8
2016-06-20T22:00,2016-06-20,22,27.51,27.83,26.63,27.11,27.51,26.65,28.13,27.51,28.6,26.47
2016-06-20T23:00,2016-06-20,23,27.23,27.57,26.5,26.87,27.13,26.23,27.79,27.31,28.22,26.26
2016-06-21T00:00,2016-06-21,0,26.94,27.26,26.4,26.69,26.74,25.94,27.49,27.25,27.81,25.9
2016-06-21T01:00,2016-06-21,1,27.05,27.21,26.33,26.8,26.78,26.12,27.53,27.21,27.93,26.71
2016-06-21T02:00,2016-06-21,2,26.86,26.97,26.06,26.65,26.6,26.02,27.33,27.11,27.67,26.6
2016-06-21T03:00,2016-06-21,3,26.65,26.77,25.79,26.42,26.41,25.75,27.15,27.03,27.37,26.46
2016-06-21T04:00,2016-06-21,4,26.52,26.65,25.71,26.27,26.27,25.73,27.09,26.84,27.1,26.4
2016-06-21T05:00,2016-06-21,5,26.41,26.56,25.58,26.06,26.17,25.63,27.05,26.8,26.92,26.32
2016-06-21T06:00,2016-06-21,6,26.48,26.59,25.69,26.1,26.34,25.69,27.16,26.93,26.87,26.44
2016-06-21T07:00,2016-06-21,7,27.19,27.42,25.81,26.86,27.33,26.3,27.87,27.55,27.61,27.18
2016-06-21T08:00,2016-06-21,8,28.05,28.28,26.55,27.66,28.38,26.82,28.7,28.21,28.65,28.21
2016-06-21T09:00,2016-06-21,9,29.08,29.34,27.26,28.73,29.63,28.4,29.63,28.92,29.69,29.12
2016-06-21T10:00,2016-06-21,10,29.95,30.21,28.07,29.75,30.55,29.3,30.55,29.52,30.62,29.89
2016-06-21T11:00,2016-06-21,11,30.89,31.15,29.25,30.74,31.23,30.33,31.47,30.48,31.72,30.52
2016-06-21T12:00,2016-06-21,12,31.55,31.89,30.19,31.49,31.89,30.38,31.85,31.14,32.55,31.05
2016-06-21T13:00,2016-06-21,13,30.83,31.51,30.13,30.5,29.11,29.12,32.04,30.81,32.03,29.7
2016-06-21T14:00,2016-06-21,14,30.78,31.38,29.45,30.26,29.3,29.18,32.13,30.66,32.18,30.05
2016-06-21T15:00,2016-06-21,15,30.72,30.75,29.56,30.6,29.43,29.42,32.14,30.42,32.35,30.25
2016-06-21T16:00,2016-06-21,16,30.39,30.1,29.28,30.27,29.34,29.31,31.74,30.24,31.96,30.48
2016-06-21T17:00,2016-06-21,17,29.98,29.81,28.81,29.75,29.06,29.23,30.87,29.98,31.34,30.23
2016-06-21T18:00,2016-06-21,18,29.36,29.35,28.25,29.01,28.82,28.51,30.24,29.46,30.62,29.18
2016-06-21T19:00,2016-06-21,19,28.69,28.77,27.72,28.36,28.32,27.81,29.54,28.75,29.77,28.29
2016-06-21T20:00,2016-06-21,20,28.26,28.51,27.29,27.99,27.84,27.32,29.01,28.35,29.24,27.61
2016-06-21T21:00,2016-06-21,21,27.95,28.3,27.09,27.74,27.64,26.81,28.63,28.03,28.83,27.13
2016-06-21T22:00,2016-06-21,22,27.65,28.03,26.93,27.47,27.31,26.31,28.3,27.75,28.53,26.78
2016-06-21T23:00,2016-06-21,23,27.38,27.76,26.72,27.24,26.95,26.13,27.94,27.53,28.27,26.51
2016-06-22T00:00,2016-06-22,0,27.16,27.5,26.62,26.99,26.67,25.98,27.63,27.33,28.05,26.42
2016-06-22T01:00,2016-06-22,1,27.11,27.39,26.57,27.07,26.72,25.83,27.6,27.34,27.89,26.43
2016-06-22T02:00,2016-06-22,2,26.92,27.16,26.47,26.87,26.41,25.68,27.43,27.18,27.69,26.35
2016-06-22T03:00,2016-06-22,3,26.74,26.96,26.22,26.72,26.15,25.55,27.25,27.05,27.48,26.27
2016-06-22T04:00,2016-06-22,4,26.58,26.77,26.01,26.53,25.97,25.5,27.13,26.96,27.28,26.18
2016-06-22T05:00,2016-06-22,5,26.42,26.57,25.79,26.3,25.91,25.37,27.01,26.84,27.06,26.14
2016-06-22T06:00,2016-06-22,6,26.52,26.68,26.01,26.41,26.15,25.62,27.1,26.92,27.01,26.1
2016-06-22T07:00,2016-06-22,7,27.14,27.38,26.71,27.16,27.05,26.1,27.81,27.57,27.52,26.18
2016-06-22T08:00,2016-06-22,8,28.12,28.45,27.57,28.29,28.28,27.61,28.8,28.42,28.49,26.45
2016-06-22T09:00,2016-06-22,9,28.94,29.4,28.54,28.92,29.32,28.55,29.66,29.24,29.39,26.66
2016-06-22T10:00,2016-06-22,10,29.76,30.48,29.5,29.42,30.47,29.1,30.6,29.93,30.11,27.01
2016-06-22T11:00,2016-06-22,11,30.29,30.9,30.12,29.13,30.81,30.64,31.65,30.91,30.82,27.25
2016-06-22T12:00,2016-06-22,12,30.58,31.35,29.33,29.29,31.3,30.6,31.81,31.4,31.48,27.74
2016-06-22T13:00,2016-06-22,13,30.75,31.72,30.2,30.37,30.7,30.93,32.35,31.65,30.16,27.66
2016-06-22T14:00,2016-06-22,14,30.51,31.68,30.36,30.11,30.59,29.95,31.47,30.01,30.16,28.09
2016-06-22T15:00,2016-06-22,15,30.41,31.34,30.17,29.79,30.74,30.16,31.48,29.96,29.87,28.61
2016-06-22T16:00,2016-06-22,16,29.41,29.74,29.3,28.65,29.41,28.75,30.6,29.46,29.66,28.36
2016-06-22T17:00,2016-06-22,17,28.93,28.92,28.75,28.29,28.73,28.35,29.86,29.19,29.36,28.76
2016-06-22T18:00,2016-06-22,18,28.39,28.45,28.23,27.9,27.86,27.5,29.27,28.68,28.97,28.15
2016-06-22T19:00,2016-06-22,19,27.92,28.05,27.77,27.49,27.29,26.9,28.84,28.31,28.41,27.59
2016-06-22T20:00,2016-06-22,20,27.49,27.51,27.45,27.2,26.91,26.41,28.44,28.14,27.9,27.09
2016-06-22T21:00,2016-06-22,21,27.2,27.14,27.23,27.06,26.62,26.14,28.15,27.92,27.59,26.81
2016-06-22T22:00,2016-06-22,22,27.0,26.9,27.02,26.88,26.47,25.99,27.88,27.81,27.37,26.6
2016-06-22T23:00,2016-06-22,23,26.84,26.82,26.82,26.7,26.23,25.82,27.78,27.65,27.14,26.42
2016-06-23T00:00,2016-06-23,0,26.69,26.78,26.55,26.54,26.07,25.78,27.63,27.39,26.93,26.15
2016-06-23T01:00,2016-06-23,1,26.84,27.02,26.67,26.87,26.38,25.67,27.71,27.48,27.07,26.09
2016-06-23T02:00,2016-06-23,2,26.7,26.96,26.51,26.7,26.23,25.59,27.53,27.41,26.75,25.92
2016-06-23T03:00,2016-06-23,3,26.54,26.82,26.01,26.61,26.08,25.56,27.38,27.33,26.57,25.85
2016-06-23T04:00,2016-06-23,4,26.41,26.73,25.99,26.48,25.81,25.44,27.23,27.31,26.36,25.68
2016-06-23T05:00,2016-06-23,5,26.31,26.65,25.96,26.33,25.76,25.41,27.08,27.16,26.24,25.52
2016-06-23T06:00,2016-06-23,6,26.35,26.68,26.03,26.39,25.95,25.41,27.06,27.24,26.26,25.52
2016-06-23T07:00,2016-06-23,7,26.74,27.04,26.7,26.87,26.05,25.54,27.51,27.9,26.51,25.96
2016-06-23T08:00,2016-06-23,8,27.34,27.55,27.41,27.73,26.4,25.71,28.26,28.73,27.04,26.74
2016-06-23T09:00,2016-06-23,9,28.02,28.18,28.04,28.81,26.82,26.22,29.08,29.44,27.53,27.51
2016-06-23T10:00,2016-06-23,10,28.73,28.78,28.54,29.8,27.21,27.52,29.88,30.15,28.13,28.22
2016-06-23T11:00,2016-06-23,11,29.52,29.48,29.36,30.63,27.83,29.34,30.82,30.81,28.65,28.84
2016-06-23T12:00,2016-06-23,12,30.21,30.2,29.68,31.27,28.34,29.71,31.6,31.35,29.84,29.52
2016-06-23T13:00,2016-06-23,13,29.24,29.18,29.17,29.94,27.58,27.51,29.97,30.93,29.11,29.45
2016-06-23T14:00,2016-06-23,14,29.14,28.98,28.59,29.79,27.61,27.54,29.88,30.63,29.35,29.64
2016-06-23T15:00,2016-06-23,15,29.45,28.97,28.79,30.21,27.67,27.81,30.37,30.82,30.13,30.26
2016-06-23T16:00,2016-06-23,16,29.5,29.34,28.5,29.64,28.24,27.84,30.47,30.67,30.19,30.12
2016-06-23T17:00,2016-06-23,17,29.09,29.23,28.26,28.94,28.01,27.0,30.38,30.14,29.67,29.17
2016-06-23T18:00,2016-06-23,18,28.69,28.94,28.09,28.4,27.83,26.74,29.97,29.67,29.18,28.39
2016-06-23T19:00,2016-06-23,19,28.01,28.2,27.68,27.67,27.04,26.25,29.38,28.89,28.48,27.61
2016-06-23T20:00,2016-06-23,20,27.57,27.69,27.39,27.34,26.57,25.95,29.01,28.57,27.9,27.07
2016-06-23T21:00,2016-06-23,21,27.31,27.37,27.26,27.15,26.32,25.83,28.75,28.36,27.58,26.72
2016-06-23T22:00,2016-06-23,22,27.14,27.2,27.14,27.0,26.1,25.72,28.58,28.21,27.45,26.4
2016-06-23T23:00,2016-06-23,23,26.94,27.08,26.93,26.73,26.0,25.51,28.36,28.08,27.22,26.06
2016-06-24T00:00,2016-06-24,0,26.77,26.98,26.73,26.62,25.88,25.31,28.03,27.93,27.07,25.72
2016-06-24T01:00,2016-06-24,1,27.02,27.35,26.95,27.11,26.33,25.63,27.92,28.06,27.3,25.71
2016-06-24T02:00,2016-06-24,2,26.83,27.17,26.73,26.96,26.13,25.41,27.76,27.79,27.1,25.58
2016-06-24T03:00,2016-06-24,3,26.69,27.03,26.53,26.89,25.97,25.18,27.63,27.63,26.94,25.51
2016-06-24T04:00,2016-06-24,4,26.54,26.87,26.21,26.76,25.7,25.03,27.45,27.53,26.84,25.45
2016-06-24T05:00,2016-06-24,5,26.38,26.69,26.12,26.49,25.37,24.84,27.33,27.36,26.79,25.4
2016-06-24T06:00,2016-06-24,6,26.41,26.69,26.3,26.44,25.41,24.96,27.33,27.31,26.83,25.48
2016-06-24T07:00,2016-06-24,7,26.89,27.47,26.9,26.77,25.82,25.33,27.57,27.49,27.45,25.66
2016-06-24T08:00,2016-06-24,8,27.61,28.4,27.59,27.31,26.93,25.85,28.15,28.02,28.23,26.02
2016-06-24T09:00,2016-06-24,9,28.51,29.61,28.1,28.4,28.57,26.77,28.59,28.2,29.14,26.53
2016-06-24T10:00,2016-06-24,10,29.23,30.35,28.66,29.01,29.98,27.93,28.76,28.36,30.05,27.37
2016-06-24T11:00,2016-06-24,11,29.92,30.95,29.14,29.15,31.02,28.75,29.44,28.43,31.14,28.56
2016-06-24T12:00,2016-06-24,12,30.46,31.19,29.58,29.36,31.94,29.92,29.93,28.81,32.05,29.33
2016-06-24T13:00,2016-06-24,13,30.57,31.6,29.69,30.29,31.43,30.32,30.59,30.27,30.91,28.19
2016-06-24T14:00,2016-06-24,14,30.6,31.26,29.8,30.22,30.93,30.3,30.87,30.65,31.39,28.68
2016-06-24T15:00,2016-06-24,15,30.53,31.17,29.44,30.14,30.96,29.12,31.03,30.5,31.6,29.05
2016-06-24T16:00,2016-06-24,16,30.57,31.1,29.67,29.98,30.95,28.91,31.2,30.39,31.63,29.58
2016-06-24T17:00,2016-06-24,17,30.28,30.81,29.44,29.91,30.32,28.38,31.03,30.31,31.48,29.01
2016-06-24T18:00,2016-06-24,18,29.66,30.21,28.97,29.4,29.51,27.72,30.45,29.7,30.78,28.31
2016-06-24T19:00,2016-06-24,19,28.86,29.32,28.45,28.51,28.66,27.3,29.56,28.89,29.85,27.66
2016-06-24T20:00,2016-06-24,20,28.21,28.61,27.76,27.86,27.98,26.88,28.9,28.34,29.18,27.04
2016-06-24T21:00,2016-06-24,21,27.79,28.16,27.25,27.37,27.52,26.54,28.56,28.11,28.73,26.67
2016-06-24T22:00,2016-06-24,22,27.52,27.85,26.92,27.09,27.25,26.37,28.25,27.85,28.47,26.51
2016-06-24T23:00,2016-06-24,23,27.25,27.57,26.67,26.77,27.1,26.17,27.95,27.64,28.14,26.3
2016-06-25T00:00,2016-06-25,0,27.0,27.3,26.42,26.62,26.8,25.88,27.68,27.49,27.86,26.05
2016-06-25T01:00,2016-06-25,1,27.23,27.65,26.78,26.99,26.94,26.04,27.77,27.78,28.05,25.93
2016-06-25T02:00,2016-06-25,2,27.02,27.45,26.45,26.76,26.85,26.11,27.56,27.53,27.77,25.66
2016-06-25T03:00,2016-06-25,3,26.79,27.24,26.2,26.58,26.64,26.06,27.28,27.22,27.45,25.47
2016-06-25T04:00,2016-06-25,4,26.69,27.06,27.03,26.38,26.42,25.87,27.08,26.87,27.31,25.34
2016-06-25T05:00,2016-06-25,5,26.56,26.94,26.79,26.25,26.23,25.85,26.89,26.96,27.11,25.24
2016-06-25T06:00,2016-06-25,6,26.5,26.92,26.35,26.28,26.15,25.85,26.9,26.67,27.08,25.29
2016-06-25T07:00,2016-06-25,7,27.32,27.62,27.46,27.55,26.46,26.1,28.04,28.19,27.92,25.67
2016-06-25T08:00,2016-06-25,8,28.16,28.6,28.31,28.4,26.99,26.61,29.11,28.86,28.88,26.27
2016-06-25T09:00,2016-06-25,9,29.04,29.57,29.23,29.19,28.0,27.18,29.97,29.55,29.75,27.26
2016-06-25T10:00,2016-06-25,10,29.97,30.39,30.28,30.08,29.05,28.34,30.74,30.18,30.69,28.5
2016-06-25T11:00,2016-06-25,11,30.74,31.09,31.03,30.68,30.15,29.59,31.38,30.36,31.46,29.55
2016-06-25T12:00,2016-06-25,12,31.2,31.43,31.7,31.34,31.07,30.46,31.62,30.61,31.84,29.79
2016-06-25T13:00,2016-06-25,13,30.34,30.71,31.14,29.84,31.11,30.76,31.13,28.98,30.82,27.81
2016-06-25T14:00,2016-06-25,14,30.47,30.61,31.04,30.33,31.54,31.29,31.17,29.28,31.05,27.76
2016-06-25T15:00,2016-06-25,15,30.52,30.71,30.56,30.72,31.33,31.42,30.89,29.66,31.32,27.71
2016-06-25T16:00,2016-06-25,16,30.55,30.81,30.16,30.74,31.03,31.43,30.79,29.98,31.68,27.77
2016-06-25T17:00,2016-06-25,17,30.34,30.57,29.85,30.45,30.71,31.05,30.57,29.95,31.48,27.94
2016-06-25T18:00,2016-06-25,18,29.83,29.96,29.16,30.01,30.19,30.37,30.02,29.63,30.93,27.83
2016-06-25T19:00,2016-06-25,19,28.96,28.95,28.32,29.1,29.44,29.42,29.1,28.9,30.02,27.36
2016-06-25T20:00,2016-06-25,20,28.25,28.17,27.91,28.22,28.67,28.65,28.44,28.37,29.17,26.88
2016-06-25T21:00,2016-06-25,21,27.76,27.61,27.57,27.6,28.15,28.31,27.98,27.91,28.6,26.53
2016-06-25T22:00,2016-06-25,22,27.41,27.26,27.25,27.3,27.73,27.59,27.67,27.73,28.17,26.34
2016-06-25T23:00,2016-06-25,23,27.09,26.94,26.89,27.04,27.36,27.28,27.36,27.53,27.72,26.14
2016-06-26T00:00,2016-06-26,0,26.85,26.71,26.55,26.79,27.06,27.27,27.09,27.33,27.35,25.99
2016-06-26T01:00,2016-06-26,1,26.93,26.86,26.33,26.76,27.51,26.96,27.07,27.5,27.57,26.12
2016-06-26T02:00,2016-06-26,2,26.59,26.39,26.07,26.44,27.11,26.93,26.74,27.24,27.21,25.91
2016-06-26T03:00,2016-06-26,3,26.33,26.02,26.0,26.11,26.77,26.78,26.5,27.16,26.93,25.76
2016-06-26T04:00,2016-06-26,4,26.1,25.79,25.79,25.84,26.5,26.46,26.28,27.01,26.58,25.68
2016-06-26T05:00,2016-06-26,5,25.88,25.57,25.79,25.58,26.2,26.15,26.17,26.85,26.2,25.52
2016-06-26T06:00,2016-06-26,6,25.96,25.64,26.05,25.86,26.08,26.38,26.15,26.99,26.06,25.64
2016-06-26T07:00,2016-06-26,7,26.8,26.57,26.76,26.51,27.22,27.52,26.69,27.51,27.16,26.29
2016-06-26T08:00,2016-06-26,8,27.83,27.6,27.75,27.49,28.29,28.53,27.75,28.23,28.31,27.39
2016-06-26T09:00,2016-06-26,9,29.01,28.87,28.96,28.46,29.63,29.78,28.72,29.04,29.65,28.63
2016-06-26T10:00,2016-06-26,10,29.9,29.58,29.97,29.42,30.72,30.66,29.61,29.46,30.63,29.77
2016-06-26T11:00,2016-06-26,11,30.67,30.19,30.87,30.3,31.69,31.46,30.46,29.44,31.54,30.76
2016-06-26T12:00,2016-06-26,12,31.38,31.0,30.86,31.2,32.39,32.27,31.14,30.4,32.37,31.25
2016-06-26T13:00,2016-06-26,13,31.96,31.66,31.74,31.67,32.34,31.99,32.29,31.02,32.7,32.24
2016-06-26T14:00,2016-06-26,14,32.11,32.0,31.12,31.95,32.55,31.97,32.41,31.17,32.86,32.49
2016-06-26T15:00,2016-06-26,15,32.11,32.32,30.29,32.06,32.61,31.78,31.64,31.2,33.07,32.75
2016-06-26T16:00,2016-06-26,16,31.64,32.04,29.4,31.11,32.63,31.72,30.6,30.43,32.96,32.44
2016-06-26T17:00,2016-06-26,17,31.26,31.75,28.78,30.4,32.6,31.55,30.09,29.79,32.69,32.11
2016-06-26T18:00,2016-06-26,18,30.37,30.81,27.94,29.64,31.9,30.83,28.93,29.23,31.84,31.0
2016-06-26T19:00,2016-06-26,19,29.55,29.91,27.55,28.99,30.84,29.89,28.29,28.7,30.78,30.01
2016-06-26T20:00,2016-06-26,20,28.94,29.3,27.22,28.52,30.09,29.01,27.95,28.32,30.07,29.02
2016-06-26T21:00,2016-06-26,21,28.42,28.83,27.1,28.1,29.38,27.93,27.66,27.86,29.44,28.27
2016-06-26T22:00,2016-06-26,22,27.99,28.42,26.96,27.72,28.81,27.14,27.4,27.46,28.86,27.82
2016-06-26T23:00,2016-06-26,23,27.67,28.09,26.77,27.45,28.43,26.77,27.19,27.19,28.39,27.44
2016-06-27T00:00,2016-06-27,0,27.36,27.79,26.65,27.22,27.91,26.39,27.05,26.98,27.95,27.07
2016-06-27T01:00,2016-06-27,1,27.64,28.0,27.0,27.56,28.04,26.81,27.34,27.31,28.11,27.47
2016-06-27T02:00,2016-06-27,2,27.41,27.79,26.81,27.29,27.63,26.62,27.22,27.14,27.89,27.12
2016-06-27T03:00,2016-06-27,3,27.23,27.59,26.71,27.15,27.39,26.54,27.05,27.02,27.66,26.96
2016-06-27T04:00,2016-06-27,4,27.02,27.33,26.46,26.95,26.99,26.49,26.89,26.97,27.51,26.75
2016-06-27T05:00,2016-06-27,5,26.89,27.19,26.28,26.86,26.82,26.46,26.73,26.9,27.33,26.59
2016-06-27T06:00,2016-06-27,6,26.9,27.18,26.33,26.96,26.74,26.48,26.73,27.05,27.35,26.51
2016-06-27T07:00,2016-06-27,7,27.53,27.84,27.18,27.8,27.12,26.71,27.51,27.74,28.11,26.73
2016-06-27T08:00,2016-06-27,8,28.31,28.67,28.28,28.79,27.78,27.05,28.4,28.44,28.9,27.15
2016-06-27T09:00,2016-06-27,9,29.11,29.47,29.46,29.69,28.55,27.57,29.33,29.05,29.61,27.9
2016-06-27T10:00,2016-06-27,10,29.89,30.22,30.48,30.51,29.13,28.02,30.3,29.68,30.38,28.74
2016-06-27T11:00,2016-06-27,11,30.65,31.09,31.12,31.15,30.08,28.55,31.07,30.25,31.17,29.53
2016-06-27T12:00,2016-06-27,12,31.23,31.71,31.52,31.61,30.86,29.05,31.69,30.62,31.85,30.17
2016-06-27T13:00,2016-06-27,13,31.69,32.04,31.67,31.62,31.8,31.12,31.69,30.56,32.3,31.04
2016-06-27T14:00,2016-06-27,14,31.8,32.2,31.64,31.76,32.4,31.68,31.31,29.81,32.63,31.14
2016-06-27T15:00,2016-06-27,15,31.5,31.79,30.38,31.51,32.59,31.95,30.68,29.46,32.67,31.11
2016-06-27T16:00,2016-06-27,16,31.22,31.62,29.67,31.26,32.47,31.99,30.01,29.38,32.47,30.7
2016-06-27T17:00,2016-06-27,17,30.68,31.03,28.97,30.65,31.95,31.76,29.58,29.27,31.88,30.06
2016-06-27T18:00,2016-06-27,18,29.92,30.27,28.42,29.75,30.88,30.84,29.09,28.69,30.93,29.42
2016-06-27T19:00,2016-06-27,19,29.18,29.43,27.88,28.93,30.1,29.99,28.68,28.24,30.03,28.71
2016-06-27T20:00,2016-06-27,20,28.67,28.91,27.55,28.46,29.52,29.04,28.25,28.03,29.41,28.25
2016-06-27T21:00,2016-06-27,21,28.28,28.5,27.33,28.09,28.95,28.21,27.98,27.8,28.96,27.98
2016-06-27T22:00,2016-06-27,22,27.98,28.18,27.14,27.81,28.58,27.73,27.74,27.63,28.62,27.77
2016-06-27T23:00,2016-06-27,23,27.72,27.88,27.0,27.59,28.16,27.3,27.58,27.55,28.29,27.6
2016-06-28T00:00,2016-06-28,0,27.44,27.56,26.75,27.35,27.77,26.96,27.36,27.39,27.93,27.38
2016-06-28T01:00,2016-06-28,1,27.6,27.62,26.95,27.49,27.91,27.28,27.49,27.64,28.01,27.75
2016-06-28T02:00,2016-06-28,2,27.4,27.41,26.82,27.26,27.75,27.13,27.33,27.31,27.76,27.59
2016-06-28T03:00,2016-06-28,3,27.26,27.32,26.66,27.13,27.59,26.84,27.28,27.19,27.56,27.46
2016-06-28T04:00,2016-06-28,4,27.09,27.2,26.46,27.06,27.37,26.63,27.08,27.04,27.32,27.19
2016-06-28T05:00,2016-06-28,5,26.98,27.11,26.37,26.98,27.26,26.44,27.01,26.97,27.17,27.06
2016-06-28T06:00,2016-06-28,6,27.03,27.14,26.39,27.05,27.33,26.42,27.1,27.17,27.15,27.1
2016-06-28T07:00,2016-06-28,7,27.65,27.67,27.17,27.74,27.82,27.11,27.65,27.82,27.78,27.83
2016-06-28T08:00,2016-06-28,8,28.6,28.63,28.32,28.73,28.81,28.2,28.54,28.78,28.59,28.66
2016-06-28T09:00,2016-06-28,9,29.59,29.57,29.52,29.65,29.71,29.57,29.57,29.71,29.47,29.7
2016-06-28T10:00,2016-06-28,10,30.34,30.21,30.59,30.38,30.36,30.66,30.49,29.76,30.33,30.38
2016-06-28T11:00,2016-06-28,11,31.11,31.08,31.36,31.24,31.35,31.28,31.1,30.0,30.97,31.33
2016-06-28T12:00,2016-06-28,12,31.56,31.65,31.24,31.56,31.84,31.75,31.56,30.63,31.69,31.58
2016-06-28T13:00,2016-06-28,13,31.95,32.16,31.75,32.01,32.72,30.88,31.78,31.31,31.72,32.4
2016-06-28T14:00,2016-06-28,14,32.06,32.35,31.56,32.22,33.11,30.77,31.2,31.16,32.37,32.57
2016-06-28T15:00,2016-06-28,15,32.01,32.49,30.91,32.29,32.85,30.96,31.0,31.15,32.29,32.56
2016-06-28T16:00,2016-06-28,16,31.83,32.42,30.01,32.07,32.69,31.15,30.87,30.97,31.91,32.64
2016-06-28T17:00,2016-06-28,17,31.37,31.81,29.52,31.41,32.18,31.04,30.79,30.48,31.46,32.32
2016-06-28T18:00,2016-06-28,18,30.69,31.05,28.86,30.55,31.46,30.61,30.32,29.81,30.86,31.51
2016-06-28T19:00,2016-06-28,19,29.88,30.17,28.35,29.58,30.58,29.66,29.67,29.14,30.1,30.67
2016-06-28T20:00,2016-06-28,20,29.25,29.52,27.93,28.92,29.88,28.87,29.2,28.71,29.48,29.87
2016-06-28T21:00,2016-06-28,21,28.8,28.96,27.77,28.45,29.36,28.37,28.78,28.45,29.08,29.39
2016-06-28T22:00,2016-06-28,22,28.48,28.53,27.64,28.11,28.98,27.92,28.49,28.21,28.89,29.07
2016-06-28T23:00,2016-06-28,23,28.17,28.18,27.43,27.85,28.6,27.57,28.23,27.98,28.64,28.64
2016-06-29T00:00,2016-06-29,0,27.9,27.84,27.28,27.66,28.25,27.55,27.88,27.73,28.39,28.33
2016-06-29T01:00,2016-06-29,1,28.0,27.99,27.35,27.88,28.29,27.66,27.99,27.91,28.44,28.24
2016-06-29T02:00,2016-06-29,2,27.81,27.82,27.17,27.7,27.99,27.79,27.82,27.69,28.12,27.98
2016-06-29T03:00,2016-06-29,3,27.55,27.58,26.97,27.56,27.77,27.25,27.6,27.56,27.74,27.72
2016-06-29T04:00,2016-06-29,4,27.31,27.42,26.76,27.34,27.32,26.84,27.47,27.51,27.39,27.41
2016-06-29T05:00,2016-06-29,5,27.16,27.25,26.53,27.23,27.17,27.05,27.18,27.38,27.16,27.29
2016-06-29T06:00,2016-06-29,6,27.23,27.34,26.65,27.31,27.31,27.16,27.27,27.56,27.17,27.19
2016-06-29T07:00,2016-06-29,7,28.13,28.24,27.54,28.25,28.26,27.93,28.15,28.37,28.2,28.0
2016-06-29T08:00,2016-06-29,8,29.2,29.35,28.8,29.3,29.4,28.88,29.25,29.1,29.33,28.91
2016-06-29T09:00,2016-06-29,9,30.2,30.34,30.01,30.35,30.33,29.96,30.19,29.88,30.3,29.99
2016-06-29T10:00,2016-06-29,10,31.05,31.22,30.92,31.14,31.18,30.96,31.09,30.37,31.06,30.87
2016-06-29T11:00,2016-06-29,11,31.77,31.82,31.72,31.84,31.89,31.79,31.9,31.16,31.72,31.78
2016-06-29T12:00,2016-06-29,12,32.31,32.38,31.89,32.28,32.66,32.46,32.31,31.53,32.34,32.55
2016-06-29T13:00,2016-06-29,13,32.04,32.0,31.9,32.18,31.79,30.53,32.34,31.48,32.32,32.92
2016-06-29T14:00,2016-06-29,14,32.1,32.22,31.38,32.2,31.69,31.02,32.15,31.33,32.6,33.02
2016-06-29T15:00,2016-06-29,15,31.86,32.06,30.52,32.03,32.22,31.46,30.79,30.62,32.6,33.12
2016-06-29T16:00,2016-06-29,16,31.3,31.14,29.71,31.44,32.12,31.5,30.29,30.05,32.19,32.72
2016-06-29T17:00,2016-06-29,17,30.74,30.29,29.08,30.76,31.74,30.94,29.86,29.97,31.84,32.4
2016-06-29T18:00,2016-06-29,18,30.08,29.6,28.55,30.03,30.9,30.16,29.53,29.56,31.12,31.56
2016-06-29T19:00,2016-06-29,19,29.47,29.12,28.17,29.42,30.1,29.53,29.08,28.94,30.22,30.75
2016-06-29T20:00,2016-06-29,20,28.99,28.77,27.82,28.86,29.48,29.16,28.71,28.58,29.51,30.06
2016-06-29T21:00,2016-06-29,21,28.64,28.51,27.67,28.5,28.98,28.62,28.49,28.33,29.02,29.58
2016-06-29T22:00,2016-06-29,22,28.33,28.29,27.48,28.18,28.57,28.19,28.22,28.08,28.6,29.13
2016-06-29T23:00,2016-06-29,23,28.06,28.07,27.37,27.93,28.27,27.61,27.97,27.84,28.31,28.78
2016-06-30T00:00,2016-06-30,0,27.8,27.82,27.17,27.73,28.04,27.21,27.69,27.67,28.03,28.42
2016-06-30T01:00,2016-06-30,1,27.85,27.84,27.4,27.66,28.13,27.3,27.74,27.76,28.17,28.41
2016-06-30T02:00,2016-06-30,2,27.68,27.66,27.28,27.58,27.86,27.25,27.56,27.56,27.95,28.21
2016-06-30T03:00,2016-06-30,3,27.47,27.43,27.08,27.4,27.53,27.08,27.41,27.45,27.71,27.93
2016-06-30T04:00,2016-06-30,4,27.26,27.3,26.88,27.22,27.26,26.95,27.16,27.24,27.45,27.64
2016-06-30T05:00,2016-06-30,5,27.09,27.17,26.77,27.11,27.06,26.71,26.99,27.11,27.25,27.28
2016-06-30T06:00,2016-06-30,6,27.1,27.22,26.8,27.12,27.08,26.74,27.01,27.21,27.2,27.19
2016-06-30T07:00,2016-06-30,7,27.75,27.85,27.45,27.73,27.82,27.32,27.81,27.92,27.86,27.7
2016-06-30T08:00,2016-06-30,8,28.55,28.55,28.42,28.56,28.58,28.08,28.84,28.72,28.71,28.32
2016-06-30T09:00,2016-06-30,9,29.44,29.49,29.35,29.54,29.38,28.74,29.78,29.65,29.68,29.0
2016-06-30T10:00,2016-06-30,10,30.31,30.46,30.16,30.52,30.09,29.66,30.51,30.23,30.67,29.8
2016-06-30T11:00,2016-06-30,11,30.94,31.19,30.58,31.02,30.89,30.16,31.11,30.67,31.36,30.47
2016-06-30T12:00,2016-06-30,12,31.29,31.54,30.57,31.38,31.37,30.55,31.65,30.95,31.64,30.91
2016-06-30T13:00,2016-06-30,13,31.05,30.92,31.24,31.6,31.03,30.07,31.45,31.2,31.08,30.74
2016-06-30T14:00,2016-06-30,14,31.23,31.29,30.62,31.74,31.02,30.37,31.88,31.27,31.39,30.82
2016-06-30T15:00,2016-06-30,15,31.09,31.24,30.26,31.66,31.0,30.32,31.53,30.77,31.6,30.4
2016-06-30T16:00,2016-06-30,16,30.77,30.94,29.5,30.94,31.05,30.33,30.8,30.43,31.53,30.48
2016-06-30T17:00,2016-06-30,17,30.45,30.58,28.92,30.51,30.99,29.84,30.58,30.11,31.26,30.36
2016-06-30T18:00,2016-06-30,18,29.81,29.77,28.35,29.87,30.48,29.08,30.01,29.64,30.63,29.97
2016-06-30T19:00,2016-06-30,19,29.12,29.15,27.91,29.05,29.58,28.47,29.38,29.01,29.81,29.22
2016-06-30T20:00,2016-06-30,20,28.58,28.57,27.57,28.53,28.99,28.0,28.84,28.56,29.23,28.55
2016-06-30T21:00,2016-06-30,21,28.19,28.23,27.31,27.97,28.53,27.66,28.46,28.16,28.8,28.14
2016-06-30T22:00,2016-06-30,22,27.98,28.09,27.17,27.71,28.26,27.38,28.28,28.0,28.47,27.95
2016-06-30T23:00,2016-06-30,23,27.74,27.87,27.04,27.46,27.97,27.12,27.92,27.66,28.27,27.76
2016-07-01T00:00,2016-07-01,0,27.45,27.58,26.77,27.25,27.44,26.93,27.64,27.45,28.03,27.39
2016-07-01T01:00,2016-07-01,1,27.51,27.57,26.92,27.11,27.93,27.12,27.63,27.2,28.21,27.44
2016-07-01T02:00,2016-07-01,2,27.23,27.21,26.75,26.9,27.59,26.69,27.39,27.09,27.96,27.14
2016-07-01T03:00,2016-07-01,3,27.02,27.01,26.61,26.8,27.33,26.39,27.17,26.96,27.67,26.89
2016-07-01T04:00,2016-07-01,4,26.81,26.83,26.5,26.66,26.91,26.2,27.0,26.93,27.35,26.56
2016-07-01T05:00,2016-07-01,5,26.63,26.73,26.38,26.52,26.64,26.04,26.85,26.71,27.08,26.24
2016-07-01T06:00,2016-07-01,6,26.67,26.79,26.49,26.68,26.58,26.07,26.91,26.85,26.94,26.25
2016-07-01T07:00,2016-07-01,7,27.21,27.4,26.96,27.19,27.14,26.68,27.61,27.31,27.51,26.5
2016-07-01T08:00,2016-07-01,8,28.0,28.17,27.89,28.19,27.73,27.56,28.38,28.05,28.36,27.07
2016-07-01T09:00,2016-07-01,9,28.74,28.78,28.6,29.0,28.29,28.64,29.27,28.88,29.35,27.53
2016-07-01T10:00,2016-07-01,10,29.39,29.39,29.39,29.08,29.25,29.64,29.67,28.67,30.38,28.66
2016-07-01T11:00,2016-07-01,11,29.89,30.18,29.84,29.17,29.82,30.3,29.95,29.53,30.15,29.6
2016-07-01T12:00,2016-07-01,12,30.19,30.11,29.78,29.04,30.78,30.63,30.89,30.3,30.95,29.66
2016-07-01T13:00,2016-07-01,13,30.89,30.21,30.57,31.55,32.23,32.03,30.78,30.38,31.59,30.04
2016-07-01T14:00,2016-07-01,14,30.48,30.2,30.31,30.21,31.25,32.43,30.65,30.14,30.96,29.23
2016-07-01T15:00,2016-07-01,15,30.03,30.1,29.74,29.72,31.2,31.75,29.63,28.52,30.3,29.39
2016-07-01T16:00,2016-07-01,16,29.6,29.61,28.64,29.54,30.66,30.39,29.45,28.72,30.31,28.95
2016-07-01T17:00,2016-07-01,17,28.97,28.77,28.01,28.61,30.0,29.72,29.07,28.62,30.01,28.36
2016-07-01T18:00,2016-07-01,18,28.37,28.23,27.42,28.24,29.06,28.9,28.44,28.09,29.41,27.64
2016-07-01T19:00,2016-07-01,19,27.81,27.88,27.13,27.53,28.21,28.14,27.79,27.52,28.62,27.2
2016-07-01T20:00,2016-07-01,20,27.42,27.5,26.83,26.98,27.71,27.72,27.56,27.33,28.08,26.94
2016-07-01T21:00,2016-07-01,21,27.16,27.1,26.62,26.81,27.47,27.32,27.43,27.16,27.71,26.86
2016-07-01T22:00,2016-07-01,22,27.05,27.02,26.54,26.87,27.27,27.0,27.34,27.15,27.48,26.78
2016-07-01T23:00,2016-07-01,23,26.95,26.96,26.48,26.88,27.16,26.78,27.26,27.09,27.29,26.58
2016-07-02T00:00,2016-07-02,0,26.8,26.86,26.25,26.76,26.87,26.45,27.23,27.05,27.15,26.34
2016-07-02T01:00,2016-07-02,1,26.57,26.77,26.16,26.55,26.36,26.3,27.07,26.8,26.62,26.02
2016-07-02T02:00,2016-07-02,2,26.45,26.6,26.0,26.61,26.23,26.15,26.92,26.84,26.47,25.85
2016-07-02T03:00,2016-07-02,3,26.32,26.51,25.93,26.41,26.16,26.11,26.64,26.75,26.37,25.71
2016-07-02T04:00,2016-07-02,4,26.25,26.47,25.9,26.34,26.11,25.97,26.45,26.71,26.31,25.61
2016-07-02T05:00,2016-07-02,5,26.27,26.5,25.83,26.35,26.28,25.96,26.49,26.69,26.34,25.66
2016-07-02T06:00,2016-07-02,6,26.34,26.52,25.79,26.41,26.43,26.04,26.58,26.65,26.45,25.83
2016-07-02T07:00,2016-07-02,7,26.66,26.82,26.04,26.6,26.75,26.46,26.95,26.94,26.78,26.28
2016-07-02T08:00,2016-07-02,8,27.07,27.16,26.4,26.98,27.07,26.95,27.54,27.32,27.27,26.7
2016-07-02T09:00,2016-07-02,9,27.66,27.86,26.59,27.55,27.69,28.04,27.78,27.26,28.07,27.54
2016-07-02T10:00,2016-07-02,10,28.51,28.91,26.51,28.1,28.94,29.55,28.41,27.37,29.02,28.72
2016-07-02T11:00,2016-07-02,11,29.1,29.53,26.96,28.34,29.67,29.55,28.91,28.07,29.82,29.8
2016-07-02T12:00,2016-07-02,12,28.76,28.46,27.09,27.62,29.43,28.92,29.39,28.99,29.57,29.86
2016-07-02T13:00,2016-07-02,13,28.45,28.45,27.49,28.25,28.75,28.81,28.84,29.13,28.78,27.88
2016-07-02T14:00,2016-07-02,14,28.56,28.7,27.47,28.17,29.44,28.06,28.76,29.24,29.39,27.68
2016-07-02T15:00,2016-07-02,15,28.84,29.18,28.03,28.6,28.73,28.13,28.79,29.31,29.77,28.16
2016-07-02T16:00,2016-07-02,16,28.65,28.99,27.91,28.51,28.1,27.74,28.89,29.31,28.91,28.66
2016-07-02T17:00,2016-07-02,17,28.31,28.61,27.31,28.38,27.58,27.43,28.87,29.14,28.33,28.34
2016-07-02T18:00,2016-07-02,18,27.72,27.83,26.82,27.91,27.13,27.16,28.56,28.57,27.81,27.35
2016-07-02T19:00,2016-07-02,19,27.27,27.4,26.4,27.54,26.69,26.71,28.14,28.21,27.19,26.83
2016-07-02T20:00,2016-07-02,20,26.93,27.05,26.37,27.09,26.26,26.42,27.7,28.07,26.75,26.52
2016-07-02T21:00,2016-07-02,21,26.72,26.94,26.3,26.8,26.03,26.2,27.37,27.68,26.49,26.39
2016-07-02T22:00,2016-07-02,22,26.57,26.84,26.26,26.59,25.83,26.07,27.13,27.23,26.45,26.18
2016-07-02T23:00,2016-07-02,23,26.4,26.53,26.14,26.5,25.9,25.88,26.86,26.86,26.45,26.12
2016-07-03T00:00,2016-07-03,0,26.31,26.46,26.08,26.47,25.94,25.81,26.65,26.83,26.35,25.86
2016-07-03T01:00,2016-07-03,1,26.18,26.44,25.86,26.46,25.89,25.74,26.38,26.65,25.97,25.7
2016-07-03T02:00,2016-07-03,2,26.16,26.4,25.98,26.41,25.87,25.55,26.32,26.78,26.11,25.57
2016-07-03T03:00,2016-07-03,3,26.13,26.41,25.75,26.26,25.78,25.44,26.41,26.74,26.24,25.51
2016-07-03T04:00,2016-07-03,4,26.13,26.48,25.68,26.31,25.68,25.36,26.41,26.72,26.31,25.44
2016-07-03T05:00,2016-07-03,5,26.1,26.43,25.62,26.33,25.54,25.38,26.43,26.73,26.21,25.46
2016-07-03T06:00,2016-07-03,6,26.12,26.38,25.73,26.36,25.56,25.48,26.53,26.83,26.12,25.53
2016-07-03T07:00,2016-07-03,7,26.31,26.59,25.67,26.64,25.56,25.93,26.98,27.22,26.1,25.56
2016-07-03T08:00,2016-07-03,8,26.6,26.91,25.9,26.98,25.62,26.39,27.62,27.43,26.22,25.73
2016-07-03T09:00,2016-07-03,9,27.18,27.82,26.42,27.74,25.89,26.71,28.21,27.33,26.64,26.25
2016-07-03T10:00,2016-07-03,10,27.45,28.1,26.44,27.52,26.47,27.04,28.51,27.2,27.18,26.82
2016-07-03T11:00,2016-07-03,11,27.79,28.13,27.13,28.38,27.29,27.23,28.2,27.49,27.65,27.37
2016-07-03T12:00,2016-07-03,12,28.03,28.25,27.42,27.96,28.5,27.62,28.29,28.03,27.86,27.92
2016-07-03T13:00,2016-07-03,13,28.5,28.19,27.03,27.83,29.91,29.28,28.71,27.71,29.02,29.31
2016-07-03T14:00,2016-07-03,14,28.18,28.04,26.86,27.85,28.39,29.27,28.15,27.57,28.43,29.21
2016-07-03T15:00,2016-07-03,15,27.72,27.72,26.5,27.47,27.76,28.32,27.68,27.28,28.0,28.48
2016-07-03T16:00,2016-07-03,16,27.45,27.59,26.0,27.35,27.52,27.88,27.44,27.28,27.59,27.97
2016-07-03T17:00,2016-07-03,17,27.24,27.39,26.07,27.13,27.36,27.38,27.22,27.14,27.4,27.67
2016-07-03T18:00,2016-07-03,18,27.03,27.2,25.81,26.96,27.02,26.98,27.02,26.94,27.26,27.42
2016-07-03T19:00,2016-07-03,19,26.8,26.96,25.62,26.75,26.71,26.7,26.91,26.87,27.08,27.06
2016-07-03T20:00,2016-07-03,20,26.64,26.82,25.61,26.6,26.54,26.5,26.85,26.77,26.78,26.81
2016-07-03T21:00,2016-07-03,21,26.53,26.69,25.6,26.45,26.5,26.36,26.81,26.67,26.62,26.64
2016-07-03T22:00,2016-07-03,22,26.39,26.5,25.66,26.19,26.46,26.08,26.7,26.69,26.46,26.47
2016-07-03T23:00,2016-07-03,23,26.26,26.29,25.72,26.02,26.32,25.77,26.69,26.72,26.32,26.38
2016-07-04T00:00,2016-07-04,0,26.11,26.04,25.76,25.89,26.01,25.55,26.62,26.64,26.27,26.25
2016-07-04T01:00,2016-07-04,1,26.09,26.25,25.74,26.15,25.5,25.4,26.49,26.36,26.39,25.83
2016-07-04T02:00,2016-07-04,2,25.93,25.97,25.62,26.05,25.4,25.32,26.39,26.29,26.21,25.7
2016-07-04T03:00,2016-07-04,3,25.8,25.72,25.48,26.02,25.39,25.27,26.21,26.37,26.1,25.58
2016-07-04T04:00,2016-07-04,4,25.73,25.72,25.38,26.03,25.38,25.22,26.05,26.33,25.87,25.48
2016-07-04T05:00,2016-07-04,5,25.77,25.87,25.33,26.04,25.39,25.07,26.13,26.44,25.79,25.52
2016-07-04T06:00,2016-07-04,6,25.81,25.96,25.49,26.08,25.42,25.03,26.17,26.29,25.79,25.55
2016-07-04T07:00,2016-07-04,7,25.99,26.17,25.61,26.12,25.59,25.09,26.66,26.41,25.96,25.65
2016-07-04T08:00,2016-07-04,8,26.32,26.49,25.78,26.2,25.92,25.17,27.5,26.87,26.41,25.92
2016-07-04T09:00,2016-07-04,9,26.92,27.18,25.92,26.47,26.46,25.15,28.62,27.91,27.1,26.55
2016-07-04T10:00,2016-07-04,10,27.58,27.99,25.97,26.96,27.23,25.23,29.63,28.81,27.64,27.44
2016-07-04T11:00,2016-07-04,11,28.19,29.13,26.05,27.41,28.1,25.49,29.53,28.65,28.48,28.25
2016-07-04T12:00,2016-07-04,12,28.43,29.28,26.17,28.31,28.62,25.73,29.02,28.14,28.9,28.78
2016-07-04T13:00,2016-07-04,13,27.62,27.68,26.26,27.0,27.78,25.63,27.84,27.47,28.57,29.13
2016-07-04T14:00,2016-07-04,14,27.51,27.62,26.41,26.84,26.77,25.7,27.62,27.58,28.66,29.1
2016-07-04T15:00,2016-07-04,15,27.23,27.29,25.86,26.6,26.74,25.9,27.34,27.3,28.3,28.68
2016-07-04T16:00,2016-07-04,16,27.05,27.08,25.97,26.66,26.79,25.88,27.41,26.81,27.84,28.1
2016-07-04T17:00,2016-07-04,17,26.75,26.74,25.93,26.4,26.47,25.77,27.3,26.91,27.42,27.18
2016-07-04T18:00,2016-07-04,18,26.54,26.49,25.93,26.28,26.2,25.66,27.27,27.02,27.05,26.7
2016-07-04T19:00,2016-07-04,19,26.42,26.52,25.98,26.15,26.02,25.52,27.18,26.83,26.73,26.33
2016-07-04T20:00,2016-07-04,20,26.34,26.48,25.92,26.19,25.91,25.43,27.12,26.82,26.56,26.09
2016-07-04T21:00,2016-07-04,21,26.3,26.47,26.0,26.23,25.87,25.41,27.06,26.65,26.43,25.9
2016-07-04T22:00,2016-07-04,22,26.26,26.48,25.99,26.35,25.84,25.45,26.77,26.6,26.33,25.82
2016-07-04T23:00,2016-07-04,23,26.15,26.37,25.85,26.36,25.79,25.33,26.45,26.55,26.24,25.72
2016-07-05T00:00,2016-07-05,0,26.01,26.24,25.82,26.28,25.71,25.25,26.19,26.52,25.95,25.6
2016-07-05T01:00,2016-07-05,1,26.24,26.51,25.93,26.38,25.77,25.05,26.99,26.84,26.24,25.69
2016-07-05T02:00,2016-07-05,2,26.2,26.51,25.92,26.38,25.84,25.05,26.57,26.73,26.24,25.68
2016-07-05T03:00,2016-07-05,3,26.12,26.51,25.91,26.3,25.9,24.95,26.14,26.67,26.21,25.62
2016-07-05T04:00,2016-07-05,4,26.0,26.39,25.78,26.29,25.94,24.99,25.8,26.31,25.99,25.61
2016-07-05T05:00,2016-07-05,5,25.9,26.26,25.7,26.24,25.91,25.02,25.59,26.02,25.85,25.62
2016-07-05T06:00,2016-07-05,6,25.85,26.15,25.75,26.21,25.93,25.05,25.52,25.86,25.74,25.68
2016-07-05T07:00,2016-07-05,7,25.92,26.19,25.59,26.29,26.01,25.13,25.71,25.8,25.9,25.85
2016-07-05T08:00,2016-07-05,8,26.21,26.36,25.69,26.69,26.23,25.36,26.29,25.89,26.48,25.99
2016-07-05T09:00,2016-07-05,9,26.6,26.65,25.99,26.98,26.45,25.62,26.84,26.1,27.25,26.52
2016-07-05T10:00,2016-07-05,10,26.94,26.97,26.13,26.92,26.97,26.02,27.38,26.4,27.91,26.78
2016-07-05T11:00,2016-07-05,11,27.34,27.29,26.08,26.68,27.58,26.44,28.24,26.78,28.74,27.36
2016-07-05T12:00,2016-07-05,12,27.63,27.74,25.78,26.88,28.2,26.88,28.66,27.05,28.86,27.63
2016-07-05T13:00,2016-07-05,13,27.4,28.12,26.13,27.29,28.0,25.76,27.85,27.32,27.77,26.49
2016-07-05T14:00,2016-07-05,14,27.59,28.4,26.14,27.55,28.81,25.66,27.74,27.32,27.9,26.72
2016-07-05T15:00,2016-07-05,15,27.69,28.68,26.1,27.71,28.78,25.42,27.82,27.43,28.02,26.69
2016-07-05T16:00,2016-07-05,16,27.26,27.74,25.71,27.0,28.03,25.28,28.1,27.57,27.61,26.87
2016-07-05T17:00,2016-07-05,17,27.08,27.23,25.76,27.03,26.94,25.22,27.95,27.74,27.76,27.04
2016-07-05T18:00,2016-07-05,18,26.76,26.93,25.64,26.71,26.2,25.2,27.56,27.41,27.48,26.74
2016-07-05T19:00,2016-07-05,19,26.36,26.6,25.69,26.11,25.87,25.1,27.1,27.16,26.6,26.23
2016-07-05T20:00,2016-07-05,20,26.18,26.34,25.66,26.08,25.83,25.05,26.85,26.95,26.31,26.06
2016-07-05T21:00,2016-07-05,21,26.08,26.18,25.64,26.11,25.74,25.0,26.73,26.79,26.22,25.89
2016-07-05T22:00,2016-07-05,22,25.95,25.97,25.53,26.06,25.56,25.02,26.67,26.61,26.06,25.79
2016-07-05T23:00,2016-07-05,23,25.78,25.79,25.37,26.02,25.49,24.95,26.4,26.35,25.78,25.62
2016-07-06T00:00,2016-07-06,0,25.62,25.69,25.16,25.85,25.42,24.87,26.17,26.16,25.58,25.44
2016-07-06T01:00,2016-07-06,1,25.72,25.73,24.75,25.86,25.56,25.15,26.56,26.23,25.85,25.56
2016-07-06T02:00,2016-07-06,2,25.64,25.66,24.63,25.87,25.41,25.07,26.47,26.05,25.71,25.51
2016-07-06T03:00,2016-07-06,3,25.5,25.51,24.52,25.73,25.34,24.95,26.24,25.91,25.58,25.39
2016-07-06T04:00,2016-07-06,4,25.38,25.41,24.41,25.51,25.31,24.81,26.08,25.82,25.46,25.35
2016-07-06T05:00,2016-07-06,5,25.29,25.34,24.38,25.27,25.29,24.73,25.93,25.73,25.36,25.3
2016-07-06T06:00,2016-07-06,6,25.31,25.37,24.52,25.22,25.25,24.76,25.9,25.84,25.37,25.3
2016-07-06T07:00,2016-07-06,7,25.48,25.56,24.58,25.33,25.39,25.07,26.09,25.87,25.74,25.38
2016-07-06T08:00,2016-07-06,8,25.84,25.89,24.7,25.59,25.82,25.39,26.66,25.92,26.5,25.56
2016-07-06T09:00,2016-07-06,9,26.42,26.34,24.9,25.86,26.34,26.0,27.72,26.03,27.62,26.25
2016-07-06T10:00,2016-07-06,10,27.11,26.85,25.18,26.2,27.07,26.65,28.56,26.28,28.99,27.45
2016-07-06T11:00,2016-07-06,11,27.68,27.32,25.76,26.43,27.63,26.94,28.84,26.56,29.92,28.84
2016-07-06T12:00,2016-07-06,12,27.87,27.76,25.64,26.56,28.0,27.11,29.29,26.95,29.55,28.89
2016-07-06T13:00,2016-07-06,13,27.46,26.34,25.75,26.2,28.51,26.84,29.01,28.09,28.46,29.69
2016-07-06T14:00,2016-07-06,14,27.69,26.63,26.09,26.45,28.31,26.51,29.17,28.45,28.44,30.62
2016-07-06T15:00,2016-07-06,15,27.62,26.98,26.14,26.95,27.98,26.33,28.64,28.63,27.88,29.88
2016-07-06T16:00,2016-07-06,16,27.62,27.42,26.17,27.08,27.75,26.18,28.53,28.18,27.66,29.44
2016-07-06T17:00,2016-07-06,17,27.56,27.55,26.03,27.05,27.66,26.24,28.34,28.0,27.75,28.92
2016-07-06T18:00,2016-07-06,18,27.29,27.19,25.78,26.88,27.16,26.03,28.12,27.78,27.91,28.35
2016-07-06T19:00,2016-07-06,19,26.92,26.84,25.63,26.57,26.54,25.79,27.7,27.38,27.55,27.73
2016-07-06T20:00,2016-07-06,20,26.68,26.66,25.64,26.41,26.27,25.72,27.42,27.15,27.24,27.15
2016-07-06T21:00,2016-07-06,21,26.54,26.54,25.58,26.29,26.05,25.66,27.24,27.1,27.05,26.85
2016-07-06T22:00,2016-07-06,22,26.43,26.51,25.54,26.17,25.92,25.62,27.14,26.94,26.91,26.59
2016-07-06T23:00,2016-07-06,23,26.3,26.38,25.46,26.08,25.9,25.56,27.01,26.82,26.66,26.33
2016-07-07T00:00,2016-07-07,0,26.14,26.26,25.42,25.9,25.85,25.49,26.73,26.53,26.51,26.09
2016-07-07T01:00,2016-07-07,1,26.16,26.27,25.38,25.9,25.84,25.44,26.82,26.58,26.54,26.2
2016-07-07T02:00,2016-07-07,2,26.08,26.19,25.35,25.9,25.86,25.29,26.72,26.39,26.42,26.07
2016-07-07T03:00,2016-07-07,3,26.02,26.15,25.4,25.93,25.9,25.11,26.54,26.23,26.34,25.95
2016-07-07T04:00,2016-07-07,4,25.9,26.03,25.26,25.88,25.77,24.84,26.41,26.18,26.28,25.81
2016-07-07T05:00,2016-07-07,5,25.89,26.02,25.25,25.91,25.81,24.71,26.3,26.18,26.29,25.8
2016-07-07T06:00,2016-07-07,6,25.97,26.08,25.38,26.02,25.83,24.96,26.31,26.24,26.33,25.94
2016-07-07T07:00,2016-07-07,7,26.46,26.63,25.77,26.64,26.23,26.04,26.74,26.81,26.58,26.23
2016-07-07T08:00,2016-07-07,8,27.49,27.8,26.65,27.94,27.34,27.11,27.59,27.87,27.48,26.89
2016-07-07T09:00,2016-07-07,9,28.51,28.94,27.64,28.89,28.67,27.82,28.67,29.0,28.53,27.54
2016-07-07T10:00,2016-07-07,10,29.66,30.17,28.94,29.98,30.01,29.15,29.74,29.89,29.75,28.33
2016-07-07T11:00,2016-07-07,11,30.59,31.04,29.8,30.7,31.01,30.37,30.61,31.11,30.82,29.25
2016-07-07T12:00,2016-07-07,12,31.1,31.56,30.38,30.82,31.29,31.21,31.56,30.78,31.46,29.86
2016-07-07T13:00,2016-07-07,13,30.93,31.34,30.22,31.06,31.43,31.54,30.11,29.73,31.29,30.56
2016-07-07T14:00,2016-07-07,14,31.26,31.68,29.53,31.33,32.15,32.25,30.07,29.99,31.84,31.47
2016-07-07T15:00,2016-07-07,15,31.09,31.47,28.92,30.58,32.29,32.38,30.32,30.06,31.66,31.46
2016-07-07T16:00,2016-07-07,16,30.97,31.25,28.81,30.54,32.3,32.31,30.22,30.15,31.54,31.21
2016-07-07T17:00,2016-07-07,17,30.51,30.88,28.4,30.19,31.97,31.87,29.79,29.77,30.87,30.39
2016-07-07T18:00,2016-07-07,18,29.84,30.2,27.87,29.47,31.09,30.89,29.28,29.26,30.35,29.66
2016-07-07T19:00,2016-07-07,19,29.12,29.47,27.48,28.81,30.11,29.69,28.71,28.67,29.48,29.05
2016-07-07T20:00,2016-07-07,20,28.54,28.85,27.17,28.29,29.41,28.81,28.2,28.21,28.84,28.49
2016-07-07T21:00,2016-07-07,21,28.19,28.47,26.98,27.96,28.86,28.28,27.86,27.92,28.52,28.21
2016-07-07T22:00,2016-07-07,22,27.89,28.13,26.87,27.66,28.53,27.83,27.58,27.66,28.15,28.08
2016-07-07T23:00,2016-07-07,23,27.52,27.67,26.69,27.24,27.97,27.73,27.2,27.42,27.8,27.74
2016-07-08T00:00,2016-07-08,0,27.25,27.36,26.54,26.99,27.56,27.42,26.89,27.22,27.54,27.55
2016-07-08T01:00,2016-07-08,1,27.1,27.04,26.43,26.69,27.41,27.2,27.1,27.18,27.42,27.57
2016-07-08T02:00,2016-07-08,2,26.86,26.87,26.21,26.37,27.21,26.83,26.92,26.77,27.17,27.29
2016-07-08T03:00,2016-07-08,3,26.65,26.7,26.11,26.18,26.93,26.57,26.76,26.36,26.95,27.05
2016-07-08T04:00,2016-07-08,4,26.47,26.51,25.96,26.02,26.69,26.44,26.6,26.28,26.74,26.84
2016-07-08T05:00,2016-07-08,5,26.3,26.3,25.78,25.92,26.46,26.32,26.46,26.29,26.56,26.54
2016-07-08T06:00,2016-07-08,6,26.34,26.31,25.92,26.0,26.49,26.28,26.48,26.45,26.58,26.58
2016-07-08T07:00,2016-07-08,7,27.0,26.89,26.6,26.68,27.22,26.76,27.13,27.18,27.31,27.39
2016-07-08T08:00,2016-07-08,8,27.77,27.55,27.49,27.55,27.97,27.21,28.06,27.97,28.11,28.22
2016-07-08T09:00,2016-07-08,9,28.86,28.57,28.54,28.7,29.2,27.76,29.19,28.97,29.25,29.62
2016-07-08T10:00,2016-07-08,10,29.88,29.75,29.46,29.91,30.29,27.93,30.18,29.84,30.3,30.73
2016-07-08T11:00,2016-07-08,11,30.65,30.75,29.91,30.48,30.96,28.12,31.16,30.49,31.2,31.49
2016-07-08T12:00,2016-07-08,12,31.09,31.69,29.33,30.23,31.56,28.37,31.77,30.14,31.87,32.2
2016-07-08T13:00,2016-07-08,13,31.49,31.88,30.23,31.46,32.21,31.75,31.04,29.48,31.94,31.83
2016-07-08T14:00,2016-07-08,14,31.68,32.12,29.87,31.74,32.59,32.35,30.71,29.94,32.15,32.26
2016-07-08T15:00,2016-07-08,15,31.52,32.0,29.04,31.51,32.75,32.43,30.32,29.81,32.15,32.18
2016-07-08T16:00,2016-07-08,16,30.96,31.29,27.65,30.78,32.58,32.36,29.67,29.76,32.11,31.48
2016-07-08T17:00,2016-07-08,17,30.18,30.14,27.35,29.68,32.05,31.79,29.17,29.1,31.65,30.58
2016-07-08T18:00,2016-07-08,18,29.43,29.46,26.98,28.67,31.06,30.63,28.81,28.37,30.78,29.88
2016-07-08T19:00,2016-07-08,19,28.72,28.88,26.65,27.98,29.82,29.49,28.38,27.87,29.88,28.98
2016-07-08T20:00,2016-07-08,20,28.21,28.41,26.38,27.56,28.93,28.39,28.06,27.52,29.3,28.46
2016-07-08T21:00,2016-07-08,21,27.82,28.03,26.25,27.21,28.49,27.72,27.68,27.22,28.75,28.15
2016-07-08T22:00,2016-07-08,22,27.5,27.66,26.16,26.89,28.03,27.24,27.41,26.96,28.42,27.89
2016-07-08T23:00,2016-07-08,23,27.2,27.34,25.95,26.57,27.66,26.96,27.18,26.74,28.07,27.67
2016-07-09T00:00,2016-07-09,0,26.98,27.03,25.89,26.45,27.18,26.77,27.01,26.65,27.81,27.51
2016-07-09T01:00,2016-07-09,1,27.17,27.28,26.29,26.73,27.44,26.62,26.99,26.58,27.89,27.85
2016-07-09T02:00,2016-07-09,2,26.94,26.97,26.16,26.51,27.24,26.66,26.75,26.46,27.61,27.64
2016-07-09T03:00,2016-07-09,3,26.72,26.7,25.98,26.41,26.89,26.52,26.54,26.34,27.36,27.37
2016-07-09T04:00,2016-07-09,4,26.53,26.41,25.8,26.35,26.69,26.39,26.42,26.31,27.15,27.15
2016-07-09T05:00,2016-07-09,5,26.35,26.25,25.68,26.22,26.43,26.15,26.2,26.22,26.9,26.93
2016-07-09T06:00,2016-07-09,6,26.31,26.19,25.7,26.21,26.4,26.1,26.2,26.31,26.81,26.86
2016-07-09T07:00,2016-07-09,7,26.75,26.61,26.14,26.81,26.68,26.32,26.71,26.91,27.08,27.45
2016-07-09T08:00,2016-07-09,8,27.4,27.28,26.68,27.61,27.18,26.7,27.41,27.32,27.81,28.21
2016-07-09T09:00,2016-07-09,9,28.28,28.23,27.51,28.37,27.96,27.27,28.16,27.99,28.87,29.35
2016-07-09T10:00,2016-07-09,10,28.97,28.87,28.04,29.24,28.75,27.57,28.79,28.34,29.7,30.37
2016-07-09T11:00,2016-07-09,11,29.62,29.72,28.28,29.86,29.48,28.29,29.45,27.92,30.52,31.13
2016-07-09T12:00,2016-07-09,12,30.02,30.01,28.64,30.26,29.67,28.63,29.77,28.56,31.22,31.63
2016-07-09T13:00,2016-07-09,13,30.72,30.18,28.94,29.95,33.04,32.76,28.89,29.1,31.92,32.8
2016-07-09T14:00,2016-07-09,14,30.5,29.87,28.46,29.67,32.88,33.18,28.68,29.48,31.58,32.37
2016-07-09T15:00,2016-07-09,15,30.06,29.81,27.5,29.28,31.36,32.29,28.94,29.25,30.95,31.77
2016-07-09T16:00,2016-07-09,16,29.54,29.87,26.65,28.96,30.42,30.9,29.04,28.3,29.89,30.9
2016-07-09T17:00,2016-07-09,17,29.09,29.44,26.41,28.24,30.22,30.01,29.04,28.08,29.53,29.93
2016-07-09T18:00,2016-07-09,18,28.41,28.58,25.77,27.58,29.5,28.99,28.59,27.72,29.16,29.2
2016-07-09T19:00,2016-07-09,19,27.7,27.66,25.56,26.99,28.54,28.23,27.89,27.42,28.49,28.45
2016-07-09T20:00,2016-07-09,20,27.24,27.15,25.64,26.5,27.73,27.3,27.54,27.12,27.99,28.08
2016-07-09T21:00,2016-07-09,21,26.99,26.96,25.63,26.31,27.22,26.68,27.27,26.9,27.65,27.91
2016-07-09T22:00,2016-07-09,22,26.78,26.77,25.61,26.25,26.88,26.31,27.1,26.49,27.34,27.72
2016-07-09T23:00,2016-07-09,23,26.6,26.61,25.52,26.21,26.58,26.07,26.87,26.3,27.11,27.49
2016-07-10T00:00,2016-07-10,0,26.41,26.47,25.44,26.06,26.19,25.93,26.72,26.26,26.91,27.1
2016-07-10T01:00,2016-07-10,1,26.28,26.33,25.49,26.09,26.16,26.1,26.28,26.08,26.57,26.97
2016-07-10T02:00,2016-07-10,2,26.13,26.16,25.39,26.0,26.04,26.01,26.17,26.05,26.41,26.61
2016-07-10T03:00,2016-07-10,3,25.99,26.04,25.3,25.96,25.82,25.91,26.09,26.09,26.23,26.23
2016-07-10T04:00,2016-07-10,4,25.9,25.9,25.18,25.94,25.74,25.84,26.05,26.1,26.12,26.03
2016-07-10T05:00,2016-07-10,5,25.85,25.82,25.19,25.96,25.71,25.78,26.04,26.17,25.98,25.94
2016-07-10T06:00,2016-07-10,6,25.87,25.86,25.3,25.95,25.72,25.83,26.02,26.27,25.96,25.93
2016-07-10T07:00,2016-07-10,7,26.22,26.35,25.44,26.17,26.13,26.37,26.4,26.5,26.33,26.1
2016-07-10T08:00,2016-07-10,8,26.86,26.99,25.84,26.64,26.87,27.02,27.37,26.95,27.06,26.66
2016-07-10T09:00,2016-07-10,9,27.7,27.88,26.42,27.4,27.61,27.76,28.44,27.7,28.05,27.46
2016-07-10T10:00,2016-07-10,10,28.81,29.28,26.36,28.37,28.75,29.07,29.44,28.5,29.39,28.78
2016-07-10T11:00,2016-07-10,11,29.63,30.31,26.85,29.14,29.62,29.28,30.35,29.19,30.62,29.25
2016-07-10T12:00,2016-07-10,12,30.11,30.91,27.07,29.44,29.58,29.61,30.86,29.68,31.33,29.99
2016-07-10T13:00,2016-07-10,13,30.17,30.06,27.59,29.45,31.5,31.88,30.0,28.77,31.46,30.69
2016-07-10T14:00,2016-07-10,14,30.24,30.26,26.83,29.87,31.7,31.54,29.73,28.88,31.76,30.96
2016-07-10T15:00,2016-07-10,15,30.28,30.54,26.64,29.83,31.67,31.89,29.64,28.81,31.7,30.74
2016-07-10T16:00,2016-07-10,16,29.84,30.33,26.36,29.35,30.96,30.98,29.56,28.49,30.86,30.16
2016-07-10T17:00,2016-07-10,17,29.2,29.91,25.83,28.34,30.02,30.13,29.22,28.08,30.09,29.42
2016-07-10T18:00,2016-07-10,18,28.56,29.11,25.65,27.6,29.14,29.02,28.73,27.77,29.53,28.92
2016-07-10T19:00,2016-07-10,19,28.03,28.44,25.54,27.13,28.23,28.37,28.27,27.55,29.06,28.4
2016-07-10T20:00,2016-07-10,20,27.63,27.94,25.38,26.84,27.63,27.8,27.94,27.49,28.59,28.01
2016-07-10T21:00,2016-07-10,21,27.34,27.57,25.4,26.67,27.21,27.38,27.72,27.48,28.09,27.84
2016-07-10T22:00,2016-07-10,22,27.14,27.34,25.43,26.56,26.87,26.87,27.58,27.57,27.72,27.65
2016-07-10T23:00,2016-07-10,23,26.92,27.13,25.36,26.43,26.57,26.52,27.48,27.39,27.48,27.19
2016-07-11T00:00,2016-07-11,0,26.69,26.94,25.33,26.29,26.31,26.22,27.24,27.05,27.24,26.73
2016-07-11T01:00,2016-07-11,1,26.66,26.85,25.34,26.2,26.24,26.17,27.23,26.76,27.22,27.07
2016-07-11T02:00,2016-07-11,2,26.49,26.68,25.24,26.12,26.21,26.04,27.02,26.39,27.05,26.77
2016-07-11T03:00,2016-07-11,3,26.32,26.51,25.16,25.96,26.2,25.98,26.81,26.06,26.87,26.47
2016-07-11T04:00,2016-07-11,4,26.18,26.4,25.08,25.88,26.03,25.83,26.6,26.03,26.65,26.27
2016-07-11T05:00,2016-07-11,5,26.08,26.31,25.06,25.75,25.99,25.72,26.47,26.05,26.45,26.12
2016-07-11T06:00,2016-07-11,6,26.12,26.32,25.23,25.85,26.02,25.78,26.37,26.15,26.53,26.2
2016-07-11T07:00,2016-07-11,7,26.62,26.86,25.74,26.46,26.53,26.46,26.88,26.68,26.9,26.42
2016-07-11T08:00,2016-07-11,8,27.53,27.85,26.67,27.51,27.42,27.44,27.85,27.64,27.79,26.85
2016-07-11T09:00,2016-07-11,9,28.45,28.85,27.62,28.5,28.4,28.08,28.59,28.28,28.95,27.63
2016-07-11T10:00,2016-07-11,10,29.32,29.55,28.5,29.16,29.46,29.05,29.67,29.19,30.04,28.46
2016-07-11T11:00,2016-07-11,11,29.89,30.23,27.98,29.8,30.47,30.2,30.11,28.95,30.87,29.2
2016-07-11T12:00,2016-07-11,12,30.27,30.79,27.54,30.44,31.17,31.04,29.77,28.27,31.45,29.98
2016-07-11T13:00,2016-07-11,13,30.7,31.28,27.63,30.32,31.91,32.15,29.22,29.14,31.75,31.44
2016-07-11T14:00,2016-07-11,14,30.56,30.79,27.37,29.47,32.09,32.26,29.59,28.8,32.13,31.72
2016-07-11T15:00,2016-07-11,15,30.14,30.13,27.36,29.03,31.37,31.75,29.85,29.14,31.39,31.13
2016-07-11T16:00,2016-07-11,16,29.61,29.42,27.24,28.79,30.86,30.76,30.07,29.25,30.63,29.82
2016-07-11T17:00,2016-07-11,17,29.11,29.11,27.16,28.75,28.99,29.53,29.22,28.86,30.34,29.48
2016-07-11T18:00,2016-07-11,18,28.58,28.72,26.77,28.16,27.96,28.61,28.94,28.4,29.72,28.93
2016-07-11T19:00,2016-07-11,19,28.09,28.27,26.5,27.67,27.56,28.15,28.37,28.03,28.89,28.54
2016-07-11T20:00,2016-07-11,20,27.73,27.94,26.3,27.3,27.35,27.6,28.03,27.74,28.34,28.11
2016-07-11T21:00,2016-07-11,21,27.41,27.62,26.16,27.14,27.21,26.98,27.65,27.5,27.87,27.79
2016-07-11T22:00,2016-07-11,22,27.19,27.38,26.24,26.93,26.95,26.7,27.37,27.24,27.56,27.63
2016-07-11T23:00,2016-07-11,23,26.96,27.03,26.15,26.86,26.71,26.58,27.16,26.98,27.26,27.41
2016-07-12T00:00,2016-07-12,0,26.71,26.73,26.06,26.63,26.47,26.41,26.79,26.54,27.03,27.23
2016-07-12T01:00,2016-07-12,1,26.68,26.67,26.28,26.64,26.42,26.57,26.59,26.45,26.99,27.21
2016-07-12T02:00,2016-07-12,2,26.41,26.17,26.12,26.56,26.2,26.49,26.37,26.32,26.79,26.86
2016-07-12T03:00,2016-07-12,3,26.24,26.12,26.01,26.32,26.03,26.44,26.19,26.25,26.33,26.63
2016-07-12T04:00,2016-07-12,4,26.15,26.15,25.8,26.25,25.93,26.32,26.09,26.25,26.06,26.46
2016-07-12T05:00,2016-07-12,5,26.15,26.32,25.72,26.15,25.91,26.22,26.12,26.34,26.05,26.3
2016-07-12T06:00,2016-07-12,6,26.21,26.42,25.79,26.17,26.01,26.23,26.16,26.4,26.15,26.23
2016-07-12T07:00,2016-07-12,7,26.63,26.77,26.18,26.79,26.42,26.64,26.69,27.02,26.52,26.49
2016-07-12T08:00,2016-07-12,8,27.42,27.64,26.92,27.6,26.99,27.43,27.57,27.96,27.13,27.23
2016-07-12T09:00,2016-07-12,9,28.38,28.7,27.68,28.3,27.86,28.51,28.84,29.03,28.02,28.13
2016-07-12T10:00,2016-07-12,10,29.5,29.97,28.22,29.43,29.47,29.65,29.94,29.12,29.29,29.34
2016-07-12T11:00,2016-07-12,11,29.7,30.71,27.7,28.99,29.94,30.0,29.56,28.75,29.79,29.72
2016-07-12T12:00,2016-07-12,12,29.52,29.66,28.19,29.35,30.26,29.17,29.62,29.03,30.14,29.54
2016-07-12T13:00,2016-07-12,13,29.99,29.7,28.88,30.17,30.77,30.75,28.86,29.77,30.78,30.69
2016-07-12T14:00,2016-07-12,14,30.17,30.39,29.22,30.75,30.85,30.57,28.1,29.4,30.47,31.13
2016-07-12T15:00,2016-07-12,15,29.76,30.47,28.72,30.1,30.16,30.86,28.0,28.47,29.88,29.77
2016-07-12T16:00,2016-07-12,16,29.73,30.4,27.94,29.92,30.64,30.36,28.49,28.49,29.89,29.87
2016-07-12T17:00,2016-07-12,17,29.45,29.95,27.62,29.36,30.59,29.54,28.87,28.74,30.05,29.09
2016-07-12T18:00,2016-07-12,18,28.9,29.24,27.3,28.76,29.65,27.99,28.74,28.62,29.81,28.79
2016-07-12T19:00,2016-07-12,19,28.26,28.52,26.92,28.12,28.46,27.38,28.25,28.13,29.09,28.32
2016-07-12T20:00,2016-07-12,20,27.83,28.07,26.72,27.75,27.81,27.0,27.88,27.81,28.56,27.9
2016-07-12T21:00,2016-07-12,21,27.53,27.74,26.53,27.41,27.39,26.71,27.7,27.58,28.14,27.58
2016-07-12T22:00,2016-07-12,22,27.3,27.54,26.42,27.24,27.13,26.45,27.38,27.34,27.85,27.37
2016-07-12T23:00,2016-07-12,23,26.97,27.29,26.25,26.92,26.72,26.25,26.56,26.81,27.66,27.1
2016-07-13T00:00,2016-07-13,0,26.68,27.0,26.07,26.62,26.53,26.13,26.16,26.49,27.31,26.74
2016-07-13T01:00,2016-07-13,1,26.42,26.65,25.66,26.41,26.36,25.91,26.44,26.34,26.56,26.64
2016-07-13T02:00,2016-07-13,2,26.23,26.28,25.49,26.27,26.3,25.84,26.41,26.28,26.42,26.43
2016-07-13T03:00,2016-07-13,3,26.05,26.08,25.34,26.0,26.18,25.7,26.24,26.22,26.29,26.15
2016-07-13T04:00,2016-07-13,4,25.91,25.97,25.1,25.83,25.99,25.59,26.14,26.05,26.21,25.98
2016-07-13T05:00,2016-07-13,5,25.84,25.89,24.97,25.76,25.9,25.54,26.03,26.15,26.15,25.97
2016-07-13T06:00,2016-07-13,6,25.85,25.84,25.02,25.77,25.87,25.66,26.09,26.33,26.07,26.02
2016-07-13T07:00,2016-07-13,7,26.18,26.14,25.21,26.18,26.09,26.36,26.51,26.81,26.08,26.47
2016-07-13T08:00,2016-07-13,8,26.72,26.68,25.62,26.74,26.27,27.1,27.32,27.6,26.14,27.33
2016-07-13T09:00,2016-07-13,9,27.51,27.79,26.29,27.7,26.25,27.43,28.74,28.77,26.39,27.9
2016-07-13T10:00,2016-07-13,10,28.18,28.63,26.96,28.01,26.55,28.1,29.93,29.37,26.89,28.5
2016-07-13T11:00,2016-07-13,11,28.73,29.42,27.81,28.35,26.69,28.07,30.82,29.98,27.86,28.21
2016-07-13T12:00,2016-07-13,12,29.13,29.38,28.64,28.45,27.24,28.43,31.35,30.83,28.87,28.61
2016-07-13T13:00,2016-07-13,13,29.95,29.81,28.92,29.44,28.98,30.4,31.13,30.37,29.94,30.73
2016-07-13T14:00,2016-07-13,14,30.24,30.43,28.06,29.57,29.26,31.3,31.54,30.8,30.53,30.32
2016-07-13T15:00,2016-07-13,15,30.48,31.15,28.1,29.88,29.09,30.43,31.61,30.98,31.08,30.3
2016-07-13T16:00,2016-07-13,16,30.32,31.06,27.92,29.95,29.83,29.35,31.06,30.63,31.21,29.77
2016-07-13T17:00,2016-07-13,17,30.02,30.67,27.9,29.78,30.25,28.89,30.25,29.67,30.96,29.7
2016-07-13T18:00,2016-07-13,18,29.14,29.34,27.45,29.09,29.55,28.49,29.25,28.64,30.06,29.24
2016-07-13T19:00,2016-07-13,19,28.39,28.44,27.08,28.42,28.43,27.76,28.66,28.15,29.21,28.59
2016-07-13T20:00,2016-07-13,20,27.91,28.03,26.78,28.0,27.52,27.26,28.24,27.9,28.5,28.13
2016-07-13T21:00,2016-07-13,21,27.54,27.64,26.58,27.67,26.97,26.86,27.86,27.81,28.01,27.73
2016-07-13T22:00,2016-07-13,22,27.31,27.41,26.48,27.48,26.64,26.59,27.67,27.75,27.66,27.47
2016-07-13T23:00,2016-07-13,23,27.07,27.18,26.35,27.17,26.42,26.34,27.54,27.58,27.27,27.22
2016-07-14T00:00,2016-07-14,0,26.8,26.88,26.16,26.82,26.19,26.22,27.43,27.4,26.91,26.84
2016-07-14T01:00,2016-07-14,1,27.05,27.36,26.23,26.87,26.38,26.46,27.71,27.5,27.27,26.84
2016-07-14T02:00,2016-07-14,2,26.91,27.21,26.1,26.8,26.27,26.36,27.62,27.48,27.11,26.51
2016-07-14T03:00,2016-07-14,3,26.72,26.94,25.91,26.62,26.13,26.16,27.43,27.38,26.99,26.33
2016-07-14T04:00,2016-07-14,4,26.51,26.62,25.87,26.4,25.84,25.88,27.31,27.2,26.87,26.14
2016-07-14T05:00,2016-07-14,5,26.4,26.49,25.8,26.36,25.77,25.86,27.09,27.08,26.76,26.03
2016-07-14T06:00,2016-07-14,6,26.4,26.51,25.66,26.42,25.74,26.02,27.05,27.13,26.75,25.94
2016-07-14T07:00,2016-07-14,7,27.06,27.29,25.94,27.14,26.35,26.59,27.91,27.76,27.51,26.36
2016-07-14T08:00,2016-07-14,8,27.96,28.44,26.59,27.91,27.25,27.59,28.88,28.46,28.31,26.96
2016-07-14T09:00,2016-07-14,9,29.01,29.54,27.46,28.64,28.96,28.49,30.12,29.31,29.7,27.54
2016-07-14T10:00,2016-07-14,10,29.71,30.57,28.34,29.32,29.76,29.69,29.59,30.2,30.51,27.98
2016-07-14T11:00,2016-07-14,11,29.99,30.46,28.23,29.55,31.11,29.76,29.49,28.96,31.49,29.37
2016-07-14T12:00,2016-07-14,12,30.72,30.72,29.06,30.26,31.81,30.6,30.49,28.9,32.45,31.07
2016-07-14T13:00,2016-07-14,13,31.17,31.59,29.64,31.2,31.72,30.81,30.81,29.33,32.21,31.18
2016-07-14T14:00,2016-07-14,14,30.86,30.4,29.77,30.93,32.09,30.81,30.43,29.44,31.77,32.15
2016-07-14T15:00,2016-07-14,15,30.35,29.7,29.04,30.14,31.97,30.33,29.85,29.86,30.96,32.17
2016-07-14T16:00,2016-07-14,16,30.12,29.79,28.39,29.92,31.12,30.44,29.66,30.03,30.74,31.49
2016-07-14T17:00,2016-07-14,17,29.77,29.74,27.81,29.56,30.34,30.19,29.82,29.68,30.64,29.97
2016-07-14T18:00,2016-07-14,18,29.2,29.32,27.41,29.08,29.67,29.34,29.46,28.96,30.16,28.8
2016-07-14T19:00,2016-07-14,19,28.58,28.68,26.96,28.51,28.98,28.58,28.92,28.47,29.38,28.19
2016-07-14T20:00,2016-07-14,20,28.13,28.29,26.4,28.13,28.44,27.86,28.48,28.13,28.82,27.84
2016-07-14T21:00,2016-07-14,21,27.88,28.09,26.23,27.82,28.15,27.52,28.24,28.0,28.49,27.64
2016-07-14T22:00,2016-07-14,22,27.65,27.92,26.09,27.52,27.87,27.27,27.96,27.71,28.17,27.46
2016-07-14T23:00,2016-07-14,23,27.38,27.65,26.0,27.24,27.58,26.99,27.64,27.28,27.95,27.22
2016-07-15T00:00,2016-07-15,0,27.02,27.16,25.82,26.9,27.31,26.83,27.22,26.71,27.65,26.93
2016-07-15T01:00,2016-07-15,1,26.92,26.96,25.81,26.87,27.27,26.59,27.26,26.39,27.44,27.01
2016-07-15T02:00,2016-07-15,2,26.73,26.76,25.8,26.58,27.07,26.36,26.92,26.39,27.3,26.82
2016-07-15T03:00,2016-07-15,3,26.48,26.48,25.64,26.23,26.82,26.09,26.76,26.44,27.03,26.56
2016-07-15T04:00,2016-07-15,4,26.33,26.33,25.53,26.15,26.42,25.94,26.57,26.51,26.86,26.37
2016-07-15T05:00,2016-07-15,5,26.21,26.21,25.49,26.22,26.17,25.84,26.43,26.34,26.61,26.31
2016-07-15T06:00,2016-07-15,6,26.24,26.3,25.53,26.24,26.09,25.85,26.46,26.34,26.58,26.3
2016-07-15T07:00,2016-07-15,7,26.74,26.88,26.08,26.45,26.57,26.62,26.73,26.82,27.14,26.87
2016-07-15T08:00,2016-07-15,8,27.46,27.61,26.61,27.06,27.46,27.48,27.3,27.39,27.96,27.77
2016-07-15T09:00,2016-07-15,9,28.17,28.3,26.9,27.81,28.01,28.32,28.16,28.41,28.71,28.57
2016-07-15T10:00,2016-07-15,10,29.13,29.42,27.67,29.03,29.15,29.71,28.73,28.0,29.59,29.76
2016-07-15T11:00,2016-07-15,11,29.43,29.65,28.25,29.35,29.92,29.61,28.75,27.75,30.12,30.25
2016-07-15T12:00,2016-07-15,12,29.6,29.26,28.97,29.15,30.69,30.7,29.22,28.03,30.28,30.42
2016-07-15T13:00,2016-07-15,13,29.81,29.55,28.74,28.28,31.66,31.53,29.29,27.87,31.0,30.79
2016-07-15T14:00,2016-07-15,14,29.82,29.63,28.59,28.34,30.36,31.63,29.77,28.15,30.9,31.1
2016-07-15T15:00,2016-07-15,15,29.96,29.73,28.21,29.07,30.57,30.62,30.28,28.48,30.94,31.41
2016-07-15T16:00,2016-07-15,16,29.94,29.89,27.82,29.5,30.26,29.98,30.23,29.04,30.88,31.1
2016-07-15T17:00,2016-07-15,17,29.14,29.24,26.8,28.26,29.74,29.14,29.22,28.43,30.35,30.17
2016-07-15T18:00,2016-07-15,18,28.5,28.71,26.39,27.85,29.2,28.54,28.04,28.17,29.47,29.38
2016-07-15T19:00,2016-07-15,19,27.9,28.19,26.15,27.22,28.35,27.83,27.58,27.61,28.5,28.8
2016-07-15T20:00,2016-07-15,20,27.52,27.79,25.91,27.01,27.71,27.1,27.35,27.43,28.07,28.36
2016-07-15T21:00,2016-07-15,21,27.26,27.54,25.75,26.85,27.33,26.58,27.22,27.09,27.85,28.01
2016-07-15T22:00,2016-07-15,22,26.95,27.12,25.65,26.71,27.09,26.37,27.04,26.64,27.41,27.68
2016-07-15T23:00,2016-07-15,23,26.69,26.78,25.57,26.49,26.9,26.33,26.73,26.49,27.13,27.22
2016-07-16T00:00,2016-07-16,0,26.46,26.53,25.55,26.22,26.61,26.15,26.55,26.46,26.82,26.9
2016-07-16T01:00,2016-07-16,1,26.41,26.56,25.6,26.06,26.8,26.08,26.5,26.72,26.42,26.74
2016-07-16T02:00,2016-07-16,2,26.29,26.47,25.21,26.1,26.64,25.94,26.55,26.77,26.22,26.48
2016-07-16T03:00,2016-07-16,3,26.18,26.25,25.14,26.06,26.48,25.68,26.62,26.79,26.19,26.26
2016-07-16T04:00,2016-07-16,4,26.09,26.13,24.98,26.1,26.38,25.47,26.56,26.78,26.13,26.13
2016-07-16T05:00,2016-07-16,5,26.04,26.14,24.95,26.12,26.18,25.18,26.47,26.84,26.08,26.07
2016-07-16T06:00,2016-07-16,6,26.02,26.21,24.92,26.08,25.86,25.06,26.59,26.7,26.04,26.12
2016-07-16T07:00,2016-07-16,7,26.15,26.31,25.04,26.14,25.76,25.16,26.82,26.92,26.28,26.35
2016-07-16T08:00,2016-07-16,8,26.38,26.49,25.06,26.26,25.92,25.36,27.12,27.12,26.59,26.84
2016-07-16T09:00,2016-07-16,9,26.62,26.64,25.09,26.52,25.93,25.67,27.5,27.72,26.89,27.28
2016-07-16T10:00,2016-07-16,10,27.02,26.99,25.35,27.18,26.26,26.0,27.86,28.24,27.17,27.81
2016-07-16T11:00,2016-07-16,11,27.3,27.28,25.74,27.2,26.49,26.41,28.1,28.06,27.7,28.21
2016-07-16T12:00,2016-07-16,12,27.45,27.38,26.0,27.21,26.65,26.41,28.61,27.57,27.95,28.45
2016-07-16T13:00,2016-07-16,13,27.2,27.23,25.78,26.67,26.47,27.04,28.22,27.3,27.39,28.14
2016-07-16T14:00,2016-07-16,14,27.36,27.61,25.88,26.64,26.79,27.63,28.35,27.15,27.52,27.91
2016-07-16T15:00,2016-07-16,15,27.25,27.69,25.56,26.55,26.96,27.29,28.16,26.97,27.42,27.51
2016-07-16T16:00,2016-07-16,16,27.07,27.25,25.63,26.84,27.34,27.03,27.38,26.77,27.51,27.19
2016-07-16T17:00,2016-07-16,17,26.77,26.75,25.51,26.66,27.24,26.55,27.03,26.63,27.42,26.82
2016-07-16T18:00,2016-07-16,18,26.44,26.47,25.24,26.29,26.66,26.2,26.8,26.54,26.86,26.57
2016-07-16T19:00,2016-07-16,19,26.21,26.33,25.23,26.07,26.07,25.92,26.63,26.51,26.5,26.26
2016-07-16T20:00,2016-07-16,20,26.11,26.3,25.08,26.09,25.8,25.72,26.43,26.35,26.41,26.09
2016-07-16T21:00,2016-07-16,21,26.05,26.31,25.04,26.02,25.79,25.57,26.37,26.4,26.34,25.93
2016-07-16T22:00,2016-07-16,22,25.98,26.09,24.99,25.97,25.85,25.45,26.37,26.51,26.31,25.85
2016-07-16T23:00,2016-07-16,23,25.92,25.97,24.92,25.98,25.75,25.29,26.4,26.66,26.25,25.77
2016-07-17T00:00,2016-07-17,0,25.87,25.83,24.91,25.99,25.73,25.2,26.49,26.78,26.15,25.67
2016-07-17T01:00,2016-07-17,1,26.0,26.11,24.82,26.18,25.59,24.94,26.77,26.74,26.37,25.82
2016-07-17T02:00,2016-07-17,2,25.89,25.98,24.71,26.01,25.55,24.88,26.62,26.56,26.34,25.75
2016-07-17T03:00,2016-07-17,3,25.9,26.07,24.7,26.01,25.62,24.82,26.55,26.45,26.31,25.78
2016-07-17T04:00,2016-07-17,4,25.82,25.96,24.65,25.81,25.59,24.83,26.48,26.16,26.35,25.75
2016-07-17T05:00,2016-07-17,5,25.74,25.78,24.56,25.71,25.69,24.89,26.42,25.95,26.29,25.75
2016-07-17T06:00,2016-07-17,6,25.74,25.74,24.65,25.58,25.74,25.0,26.4,25.82,26.39,25.84
2016-07-17T07:00,2016-07-17,7,25.94,25.92,24.72,25.51,25.79,25.25,26.7,25.84,26.89,26.17
2016-07-17T08:00,2016-07-17,8,26.38,26.32,24.75,25.59,26.25,25.59,27.1,25.89,27.96,27.0
2016-07-17T09:00,2016-07-17,9,27.0,26.95,24.82,25.7,27.02,26.28,27.61,26.42,29.28,27.84
2016-07-17T10:00,2016-07-17,10,27.32,27.06,24.87,25.96,28.06,26.8,27.67,26.48,29.45,28.89
2016-07-17T11:00,2016-07-17,11,27.54,27.38,25.07,26.36,27.87,27.11,27.73,26.58,29.19,29.68
2016-07-17T12:00,2016-07-17,12,27.72,27.38,25.29,26.63,28.44,27.65,27.89,26.61,28.84,30.38
2016-07-17T13:00,2016-07-17,13,28.0,28.21,25.36,26.86,28.47,28.16,28.24,27.69,29.12,29.08
2016-07-17T14:00,2016-07-17,14,28.18,28.52,25.58,27.3,28.15,27.72,28.77,28.26,29.17,28.96
2016-07-17T15:00,2016-07-17,15,28.02,28.58,25.77,27.32,28.4,27.13,28.35,27.52,28.75,28.59
2016-07-17T16:00,2016-07-17,16,27.78,28.19,25.69,27.12,28.17,26.73,28.48,27.68,28.29,28.32
2016-07-17T17:00,2016-07-17,17,27.45,28.13,25.28,26.69,27.96,26.58,27.99,26.51,28.26,27.54
2016-07-17T18:00,2016-07-17,18,27.04,27.64,25.06,26.16,27.04,26.5,27.66,26.36,28.13,26.92
2016-07-17T19:00,2016-07-17,19,26.73,27.28,24.9,25.82,26.62,26.01,27.38,26.28,27.82,26.64
2016-07-17T20:00,2016-07-17,20,26.52,26.86,24.8,25.68,26.51,25.79,27.19,26.34,27.62,26.58
2016-07-17T21:00,2016-07-17,21,26.35,26.52,24.79,25.68,26.52,25.63,26.93,26.42,27.33,26.46
2016-07-17T22:00,2016-07-17,22,26.21,26.34,24.78,25.69,26.48,25.45,26.79,26.43,27.01,26.3
2016-07-17T23:00,2016-07-17,23,26.06,26.24,24.71,25.63,26.25,25.3,26.7,26.36,26.58,26.13
2016-07-18T00:00,2016-07-18,0,25.94,26.2,24.61,25.62,25.85,25.13,26.7,26.35,26.24,25.94
2016-07-18T01:00,2016-07-18,1,26.02,26.26,24.58,26.04,25.57,25.35,26.91,26.7,26.25,25.75
2016-07-18T02:00,2016-07-18,2,25.98,26.26,24.55,25.91,25.64,25.26,26.83,26.65,26.2,25.68
2016-07-18T03:00,2016-07-18,3,25.94,26.24,24.54,25.88,25.78,25.1,26.78,26.59,26.11,25.59
2016-07-18T04:00,2016-07-18,4,25.9,26.22,24.53,25.75,25.78,25.04,26.75,26.55,26.12,25.53
2016-07-18T05:00,2016-07-18,5,25.85,26.15,24.55,25.69,25.86,24.94,26.61,26.41,26.12,25.47
2016-07-18T06:00,2016-07-18,6,25.93,26.21,24.81,25.7,26.09,24.89,26.6,26.37,26.26,25.56
2016-07-18T07:00,2016-07-18,7,26.19,26.37,25.2,25.86,26.3,24.83,27.06,26.77,26.6,26.02
2016-07-18T08:00,2016-07-18,8,26.65,26.73,25.69,26.19,26.52,24.87,27.82,27.1,27.37,26.65
2016-07-18T09:00,2016-07-18,9,27.31,27.44,26.08,26.59,27.11,24.99,28.59,27.65,28.43,27.61
2016-07-18T10:00,2016-07-18,10,27.98,27.91,26.67,27.01,27.72,25.25,29.66,28.45,29.56,28.47
2016-07-18T11:00,2016-07-18,11,28.89,28.84,27.63,27.54,29.18,25.4,30.2,29.11,30.92,29.78
2016-07-18T12:00,2016-07-18,12,29.44,29.45,27.27,28.27,29.7,25.77,30.45,29.23,31.94,30.83
2016-07-18T13:00,2016-07-18,13,27.74,27.85,27.19,27.63,26.94,25.48,29.17,29.06,27.85,27.78
2016-07-18T14:00,2016-07-18,14,27.91,28.17,27.54,28.02,27.04,25.55,29.17,29.09,27.98,27.59
2016-07-18T15:00,2016-07-18,15,27.83,28.13,27.26,28.11,26.91,25.79,28.9,28.6,27.75,27.79
2016-07-18T16:00,2016-07-18,16,27.96,28.37,26.91,28.33,27.43,26.08,28.71,28.38,27.92,27.96
2016-07-18T17:00,2016-07-18,17,27.64,27.91,26.71,27.71,27.54,26.28,28.48,28.17,27.55,27.51
2016-07-18T18:00,2016-07-18,18,27.41,27.73,26.41,27.39,27.18,26.11,28.29,28.0,27.52,27.08
2016-07-18T19:00,2016-07-18,19,26.97,27.31,25.95,26.88,26.79,25.66,27.78,27.56,27.09,26.71
2016-07-18T20:00,2016-07-18,20,26.63,26.95,25.53,26.58,26.36,25.4,27.44,27.32,26.7,26.43
2016-07-18T21:00,2016-07-18,21,26.44,26.77,25.33,26.42,26.17,25.31,27.21,27.15,26.5,26.22
2016-07-18T22:00,2016-07-18,22,26.31,26.6,25.25,26.3,26.09,25.22,27.08,27.11,26.37,26.02
2016-07-18T23:00,2016-07-18,23,26.16,26.45,25.1,26.11,25.88,25.17,26.94,27.04,26.17,25.86
2016-07-19T00:00,2016-07-19,0,26.05,26.37,25.05,26.07,25.77,25.05,26.67,27.07,25.99,25.74
2016-07-19T01:00,2016-07-19,1,26.05,26.45,24.95,25.83,25.85,25.15,26.58,27.18,26.01,25.8
2016-07-19T02:00,2016-07-19,2,25.93,26.35,24.85,25.68,25.71,25.07,26.38,26.93,26.0,25.67
2016-07-19T03:00,2016-07-19,3,25.76,25.99,24.93,25.58,25.52,24.97,26.34,26.56,25.86,25.6
2016-07-19T04:00,2016-07-19,4,25.59,25.63,24.88,25.42,25.46,24.93,26.27,26.35,25.74,25.54
2016-07-19T05:00,2016-07-19,5,25.54,25.63,24.8,25.4,25.43,24.85,26.23,26.17,25.66,25.46
2016-07-19T06:00,2016-07-19,6,25.53,25.64,24.64,25.43,25.5,24.91,26.22,25.92,25.66,25.47
2016-07-19T07:00,2016-07-19,7,25.85,25.96,25.21,25.95,25.83,25.28,26.39,26.12,25.89,25.58
2016-07-19T08:00,2016-07-19,8,26.43,26.48,26.25,27.01,26.22,25.98,26.98,26.49,26.38,25.7
2016-07-19T09:00,2016-07-19,9,27.2,27.22,27.38,27.94,27.03,27.05,28.16,27.37,26.67,25.95
2016-07-19T10:00,2016-07-19,10,28.03,28.67,27.49,28.35,27.8,28.07,29.52,28.19,27.16,26.02
2016-07-19T11:00,2016-07-19,11,28.84,29.86,27.73,28.77,28.56,28.85,30.78,29.46,27.83,26.23
2016-07-19T12:00,2016-07-19,12,29.13,30.43,27.61,28.32,29.1,29.47,31.09,29.41,28.48,26.34
2016-07-19T13:00,2016-07-19,13,28.23,28.58,29.15,28.25,27.02,27.0,29.27,29.45,27.54,27.32
2016-07-19T14:00,2016-07-19,14,28.33,28.79,28.54,28.1,27.3,27.57,29.59,28.75,27.96,27.36
2016-07-19T15:00,2016-07-19,15,28.31,28.74,28.08,27.87,27.17,27.42,29.56,28.36,28.73,27.5
2016-07-19T16:00,2016-07-19,16,28.32,28.61,28.02,27.67,27.49,27.03,29.26,28.35,29.67,27.45
2016-07-19T17:00,2016-07-19,17,28.13,27.85,27.71,27.9,27.65,26.61,29.14,28.56,29.79,27.59
2016-07-19T18:00,2016-07-19,18,27.71,27.38,27.27,27.11,27.43,26.16,28.77,28.26,29.48,27.32
2016-07-19T19:00,2016-07-19,19,27.26,27.03,26.78,26.82,26.9,25.98,28.21,27.83,28.65,26.89
2016-07-19T20:00,2016-07-19,20,26.9,26.73,26.39,26.59,26.51,25.87,27.83,27.51,27.96,26.56
2016-07-19T21:00,2016-07-19,21,26.72,26.61,26.2,26.48,26.3,25.79,27.51,27.33,27.63,26.4
2016-07-19T22:00,2016-07-19,22,26.59,26.57,26.0,26.39,26.1,25.73,27.35,27.23,27.35,26.29
2016-07-19T23:00,2016-07-19,23,26.43,26.46,25.81,26.28,25.91,25.69,27.14,27.14,27.02,26.11
2016-07-20T00:00,2016-07-20,0,26.29,26.41,25.78,26.1,25.63,25.51,26.96,26.99,26.74,26.02
2016-07-20T01:00,2016-07-20,1,26.33,26.43,25.75,26.17,25.87,25.4,27.14,27.03,26.62,26.15
2016-07-20T02:00,2016-07-20,2,26.28,26.38,25.53,26.19,25.87,25.36,27.03,26.97,26.6,26.11
2016-07-20T03:00,2016-07-20,3,26.21,26.36,25.41,26.13,25.84,25.26,26.91,26.89,26.54,26.02
2016-07-20T04:00,2016-07-20,4,26.16,26.34,25.32,26.07,25.83,25.1,26.9,26.8,26.46,25.99
2016-07-20T05:00,2016-07-20,5,26.12,26.27,25.23,26.01,25.79,25.1,26.84,26.73,26.45,25.97
2016-07-20T06:00,2016-07-20,6,26.13,26.3,25.26,25.94,25.79,25.12,26.94,26.72,26.46,25.99
2016-07-20T07:00,2016-07-20,7,26.51,26.7,25.78,26.29,26.1,25.25,27.47,27.0,26.93,26.21
2016-07-20T08:00,2016-07-20,8,27.04,27.33,26.09,26.94,26.44,25.37,28.25,27.47,27.57,26.61
2016-07-20T09:00,2016-07-20,9,27.74,28.17,26.83,27.97,26.96,25.62,28.89,27.98,28.17,27.21
2016-07-20T10:00,2016-07-20,10,28.55,28.92,28.04,29.14,27.43,25.92,29.83,28.98,29.01,27.78
2016-07-20T11:00,2016-07-20,11,28.98,29.4,28.3,29.29,27.59,26.13,30.36,30.22,29.64,28.08
2016-07-20T12:00,2016-07-20,12,29.56,30.25,28.22,29.84,27.87,26.77,30.36,30.92,30.49,28.89
2016-07-20T13:00,2016-07-20,13,30.32,31.0,28.31,29.77,30.65,29.01,30.58,30.24,31.86,29.4
2016-07-20T14:00,2016-07-20,14,30.42,31.49,27.74,29.45,30.61,29.37,30.45,30.21,31.49,30.32
2016-07-20T15:00,2016-07-20,15,29.99,30.72,27.62,29.16,30.56,28.97,29.61,29.35,31.02,30.77
2016-07-20T16:00,2016-07-20,16,29.31,29.65,27.41,28.83,29.8,27.82,29.2,29.41,30.15,30.22
2016-07-20T17:00,2016-07-20,17,28.77,28.95,26.78,28.61,29.16,27.46,29.17,28.98,29.09,29.72
2016-07-20T18:00,2016-07-20,18,28.16,28.42,26.31,28.25,28.09,26.89,28.96,28.58,28.43,28.34
2016-07-20T19:00,2016-07-20,19,27.61,28.0,26.06,27.78,27.14,26.55,28.47,28.13,27.73,27.41
2016-07-20T20:00,2016-07-20,20,27.29,27.7,25.93,27.44,26.82,26.35,28.13,27.84,27.4,26.85
2016-07-20T21:00,2016-07-20,21,27.07,27.44,25.83,27.23,26.56,26.18,27.85,27.6,27.29,26.53
2016-07-20T22:00,2016-07-20,22,26.88,27.2,25.69,27.03,26.41,26.04,27.63,27.49,27.16,26.34
2016-07-20T23:00,2016-07-20,23,26.67,26.93,25.65,26.73,26.25,25.79,27.49,27.31,26.97,26.08
2016-07-21T00:00,2016-07-21,0,26.49,26.71,25.54,26.5,26.08,25.71,27.34,27.18,26.72,26.02
2016-07-21T01:00,2016-07-21,1,26.49,26.69,25.52,26.39,26.21,25.79,27.32,27.18,26.52,26.26
2016-07-21T02:00,2016-07-21,2,26.38,26.55,25.43,26.31,26.21,25.68,27.14,27.11,26.42,26.13
2016-07-21T03:00,2016-07-21,3,26.26,26.4,25.34,26.2,26.2,25.54,27.05,26.89,26.33,26.0
2016-07-21T04:00,2016-07-21,4,26.14,26.31,25.26,26.16,25.97,25.42,26.88,26.68,26.22,25.85
2016-07-21T05:00,2016-07-21,5,26.05,26.23,25.17,26.1,25.83,25.33,26.77,26.52,26.16,25.72
2016-07-21T06:00,2016-07-21,6,26.05,26.29,25.2,26.13,25.82,25.3,26.75,26.48,26.18,25.61
2016-07-21T07:00,2016-07-21,7,26.39,26.73,25.49,26.26,26.27,25.39,27.25,26.79,26.64,25.7
2016-07-21T08:00,2016-07-21,8,26.95,27.31,26.12,26.75,26.89,25.7,28.01,27.26,27.54,25.86
2016-07-21T09:00,2016-07-21,9,27.6,27.75,26.76,27.53,27.66,26.21,28.79,28.23,28.62,26.09
2016-07-21T10:00,2016-07-21,10,28.42,28.19,27.77,28.6,29.05,27.3,29.43,28.76,29.78,26.77
2016-07-21T11:00,2016-07-21,11,29.25,29.01,28.45,29.23,30.15,28.08,30.3,29.62,30.61,27.77
2016-07-21T12:00,2016-07-21,12,30.09,30.04,29.45,29.77,30.91,28.6,30.94,30.01,31.53,28.98
2016-07-21T13:00,2016-07-21,13,29.36,29.85,28.03,29.46,29.72,29.93,29.76,29.24,30.38,26.92
2016-07-21T14:00,2016-07-21,14,29.47,30.18,27.95,30.04,28.99,30.01,29.5,29.14,30.22,27.44
2016-07-21T15:00,2016-07-21,15,29.42,30.33,27.78,29.97,28.71,30.08,29.25,29.07,29.89,27.66
2016-07-21T16:00,2016-07-21,16,29.06,29.81,27.54,29.47,28.92,29.9,28.96,28.87,28.86,27.87
2016-07-21T17:00,2016-07-21,17,28.26,28.39,27.13,28.48,28.56,29.28,28.58,28.25,28.07,27.6
2016-07-21T18:00,2016-07-21,18,27.68,27.76,26.8,27.87,27.62,28.58,28.04,27.75,27.66,27.07
2016-07-21T19:00,2016-07-21,19,27.18,27.28,26.48,27.35,26.93,27.71,27.53,27.34,27.23,26.59
2016-07-21T20:00,2016-07-21,20,26.85,27.07,26.17,27.01,26.54,26.98,27.24,27.12,26.84,26.28
2016-07-21T21:00,2016-07-21,21,26.64,26.83,26.04,26.71,26.41,26.52,26.94,27.1,26.77,26.06
2016-07-21T22:00,2016-07-21,22,26.47,26.6,25.88,26.47,26.34,26.29,26.79,27.15,26.73,25.87
2016-07-21T23:00,2016-07-21,23,26.33,26.43,25.69,26.35,26.1,26.01,26.69,27.08,26.62,25.8
2016-07-22T00:00,2016-07-22,0,26.17,26.28,25.58,26.18,25.92,25.89,26.56,26.66,26.47,25.69
2016-07-22T01:00,2016-07-22,1,26.27,26.54,25.38,26.22,26.23,25.73,26.62,26.3,26.75,25.83
2016-07-22T02:00,2016-07-22,2,26.19,26.53,25.28,25.96,26.15,25.5,26.6,26.15,26.68,25.82
2016-07-22T03:00,2016-07-22,3,26.06,26.48,25.17,25.73,25.97,25.26,26.4,26.1,26.47,25.77
2016-07-22T04:00,2016-07-22,4,25.93,26.27,25.08,25.61,25.89,25.14,26.31,26.09,26.32,25.71
2016-07-22T05:00,2016-07-22,5,25.83,26.12,25.01,25.58,25.78,25.03,26.2,26.1,26.25,25.6
2016-07-22T06:00,2016-07-22,6,25.83,26.13,24.95,25.59,25.81,25.02,26.3,26.15,26.2,25.55
2016-07-22T07:00,2016-07-22,7,26.14,26.46,25.28,25.82,26.16,25.29,26.74,26.54,26.55,25.58
2016-07-22T08:00,2016-07-22,8,26.8,27.21,25.95,26.47,27.13,25.87,27.36,27.17,27.3,25.86
2016-07-22T09:00,2016-07-22,9,27.63,28.06,26.9,26.98,28.32,26.76,28.06,28.01,28.25,26.5
2016-07-22T10:00,2016-07-22,10,28.44,28.84,27.81,27.63,29.22,27.35,28.88,28.9,29.29,27.3
2016-07-22T11:00,2016-07-22,11,28.96,29.29,28.83,28.31,29.65,27.59,28.93,28.72,29.92,28.39
2016-07-22T12:00,2016-07-22,12,29.32,29.58,29.29,29.04,30.38,27.6,29.18,28.4,29.98,29.2
2016-07-22T13:00,2016-07-22,13,28.2,28.03,28.24,27.46,28.71,28.41,27.8,27.09,28.7,29.36
2016-07-22T14:00,2016-07-22,14,28.31,28.0,28.5,27.47,28.49,28.56,27.9,27.25,28.96,29.81
2016-07-22T15:00,2016-07-22,15,28.09,27.68,28.36,27.09,27.88,28.09,27.91,26.97,29.56,29.29
2016-07-22T16:00,2016-07-22,16,27.97,27.49,28.1,26.95,28.22,27.52,28.11,26.91,29.62,28.82
2016-07-22T17:00,2016-07-22,17,27.66,27.22,27.62,26.84,27.95,26.84,28.2,27.12,29.01,28.19
2016-07-22T18:00,2016-07-22,18,27.28,26.97,27.18,26.65,27.48,26.23,27.76,27.05,28.48,27.63
2016-07-22T19:00,2016-07-22,19,26.93,26.72,26.9,26.29,27.06,25.92,27.31,26.85,28.04,27.19
2016-07-22T20:00,2016-07-22,20,26.64,26.48,26.59,26.05,26.67,25.69,26.99,26.62,27.61,26.85
2016-07-22T21:00,2016-07-22,21,26.42,26.29,26.39,25.88,26.43,25.36,26.79,26.44,27.3,26.59
2016-07-22T22:00,2016-07-22,22,26.23,26.18,26.19,25.82,26.05,25.13,26.6,26.33,27.0,26.36
2016-07-22T23:00,2016-07-22,23,26.08,26.08,26.01,25.68,25.85,25.0,26.48,26.28,26.74,26.14
2016-07-23T00:00,2016-07-23,0,25.91,26.01,25.83,25.51,25.66,24.72,26.23,26.28,26.51,25.91
2016-07-23T01:00,2016-07-23,1,25.63,25.74,26.01,25.35,25.29,24.6,25.93,26.07,25.7,25.62
2016-07-23T02:00,2016-07-23,2,25.49,25.65,25.81,25.29,25.1,24.42,25.89,25.92,25.5,25.36
2016-07-23T03:00,2016-07-23,3,25.43,25.58,25.7,25.3,25.15,24.35,25.83,25.86,25.46,25.16
2016-07-23T04:00,2016-07-23,4,25.36,25.5,25.68,25.24,25.12,24.31,25.74,25.87,25.44,24.99
2016-07-23T05:00,2016-07-23,5,25.3,25.48,25.52,25.21,25.07,24.2,25.54,25.82,25.4,24.97
2016-07-23T06:00,2016-07-23,6,25.3,25.42,25.52,25.24,25.12,24.22,25.57,25.87,25.43,24.96
2016-07-23T07:00,2016-07-23,7,25.61,25.72,26.07,25.8,25.27,24.47,25.85,26.22,25.61,25.16
2016-07-23T08:00,2016-07-23,8,26.18,26.33,26.85,26.77,25.45,24.79,26.56,27.02,26.0,25.34
2016-07-23T09:00,2016-07-23,9,26.62,26.82,27.64,26.85,25.61,25.22,27.21,27.66,26.6,25.56
2016-07-23T10:00,2016-07-23,10,27.47,27.88,28.57,27.74,26.12,25.79,28.26,28.21,27.44,26.12
2016-07-23T11:00,2016-07-23,11,27.69,27.84,29.03,27.56,26.33,26.32,28.11,27.76,28.57,26.7
2016-07-23T12:00,2016-07-23,12,28.43,28.63,27.96,28.98,26.97,26.7,28.79,28.46,29.65,28.04
2016-07-23T13:00,2016-07-23,13,28.78,28.34,28.53,29.0,28.87,29.55,29.38,28.73,28.64,28.9
2016-07-23T14:00,2016-07-23,14,28.86,28.61,27.6,29.44,28.6,28.68,29.95,28.62,28.87,29.2
2016-07-23T15:00,2016-07-23,15,28.68,28.98,27.25,29.18,27.69,28.32,28.98,29.11,29.08,28.39
2016-07-23T16:00,2016-07-23,16,28.54,29.24,27.05,28.56,27.94,27.65,28.67,29.21,28.98,27.94
2016-07-23T17:00,2016-07-23,17,27.96,28.78,27.02,27.72,27.99,27.11,27.88,27.61,27.87,27.75
2016-07-23T18:00,2016-07-23,18,27.44,28.23,26.53,27.07,27.49,26.71,27.46,26.92,27.31,27.44
2016-07-23T19:00,2016-07-23,19,26.77,27.25,26.25,26.45,26.42,26.06,27.06,26.56,26.86,26.68
2016-07-23T20:00,2016-07-23,20,26.37,26.69,25.98,26.12,25.99,25.68,26.75,26.39,26.54,26.27
2016-07-23T21:00,2016-07-23,21,26.16,26.42,25.86,26.02,25.7,25.45,26.53,26.34,26.33,25.96
2016-07-23T22:00,2016-07-23,22,25.99,26.17,25.71,25.98,25.51,25.42,26.34,26.22,26.24,25.75
2016-07-23T23:00,2016-07-23,23,25.85,26.06,25.38,25.88,25.44,25.28,26.09,26.09,26.18,25.59
2016-07-24T00:00,2016-07-24,0,25.7,25.92,25.21,25.75,25.37,25.13,25.93,25.97,25.96,25.42
2016-07-24T01:00,2016-07-24,1,25.72,26.06,24.85,25.72,25.37,24.95,26.19,26.13,25.81,25.44
2016-07-24T02:00,2016-07-24,2,25.54,25.79,24.72,25.41,25.33,24.87,26.04,25.93,25.69,25.37
2016-07-24T03:00,2016-07-24,3,25.36,25.5,24.53,25.2,25.11,24.75,25.84,25.86,25.65,25.35
2016-07-24T04:00,2016-07-24,4,25.29,25.35,24.48,25.17,25.07,24.65,25.76,25.83,25.59,25.37
2016-07-24T05:00,2016-07-24,5,25.21,25.28,24.48,25.15,24.98,24.57,25.61,25.51,25.52,25.32
2016-07-24T06:00,2016-07-24,6,25.21,25.32,24.47,25.12,25.02,24.49,25.58,25.53,25.5,25.4
2016-07-24T07:00,2016-07-24,7,25.57,25.73,24.64,25.47,25.31,24.55,25.97,25.83,26.03,25.75
2016-07-24T08:00,2016-07-24,8,26.14,26.27,25.0,25.8,25.81,24.74,26.83,26.42,26.89,26.5
2016-07-24T09:00,2016-07-24,9,26.9,27.16,25.69,26.41,26.5,25.06,27.76,26.98,27.83,27.21
2016-07-24T10:00,2016-07-24,10,27.71,27.94,26.39,26.91,27.46,25.23,28.88,27.76,29.1,27.99
2016-07-24T11:00,2016-07-24,11,28.72,29.1,26.85,27.9,29.05,25.81,29.65,28.53,30.34,29.1
2016-07-24T12:00,2016-07-24,12,29.26,29.6,27.59,28.33,29.45,26.29,30.14,28.77,31.09,29.73
2016-07-24T13:00,2016-07-24,13,29.04,29.57,28.02,27.38,30.2,28.29,29.48,28.32,30.33,28.47
2016-07-24T14:00,2016-07-24,14,28.97,29.35,27.79,27.45,29.89,28.02,29.23,28.67,30.49,28.71
2016-07-24T15:00,2016-07-24,15,28.42,28.14,27.36,27.31,29.32,27.45,28.3,28.5,30.38,28.97
2016-07-24T16:00,2016-07-24,16,28.11,28.0,27.09,27.71,28.31,26.75,27.73,28.26,29.32,29.22
2016-07-24T17:00,2016-07-24,17,27.67,27.72,26.67,27.56,27.44,26.55,27.46,27.52,28.21,28.99
2016-07-24T18:00,2016-07-24,18,27.06,27.24,26.22,27.05,26.72,26.25,27.03,26.86,27.41,27.75
2016-07-24T19:00,2016-07-24,19,26.53,26.81,25.85,26.45,26.31,25.92,26.51,26.48,26.91,26.63
2016-07-24T20:00,2016-07-24,20,26.2,26.53,25.72,26.05,26.01,25.44,26.3,26.29,26.46,26.09
2016-07-24T21:00,2016-07-24,21,25.95,26.27,25.54,25.73,25.75,25.08,26.2,26.17,26.18,25.77
2016-07-24T22:00,2016-07-24,22,25.78,26.07,25.44,25.58,25.47,24.81,26.04,26.14,26.06,25.62
2016-07-24T23:00,2016-07-24,23,25.63,25.85,25.33,25.42,25.35,24.64,25.89,26.13,25.96,25.48
2016-07-25T00:00,2016-07-25,0,25.46,25.6,25.23,25.26,25.13,24.46,25.77,26.08,25.82,25.36
2016-07-25T01:00,2016-07-25,1,25.73,25.98,25.53,25.48,25.66,24.53,26.06,26.02,25.89,25.71
2016-07-25T02:00,2016-07-25,2,25.61,25.8,25.42,25.37,25.48,24.42,26.08,26.02,25.71,25.62
2016-07-25T03:00,2016-07-25,3,25.5,25.67,25.2,25.25,25.27,24.36,26.15,25.97,25.58,25.48
2016-07-25T04:00,2016-07-25,4,25.37,25.48,25.1,25.17,25.15,24.2,26.07,25.87,25.51,25.32
2016-07-25T05:00,2016-07-25,5,25.24,25.31,24.86,25.12,24.93,24.07,25.94,25.58,25.57,25.22
2016-07-25T06:00,2016-07-25,6,25.16,25.23,24.59,25.06,24.77,24.05,25.88,25.61,25.5,25.21
2016-07-25T07:00,2016-07-25,7,25.27,25.29,24.46,25.11,24.74,24.21,26.16,25.82,25.75,25.32
2016-07-25T08:00,2016-07-25,8,25.55,25.54,24.67,25.3,24.8,24.63,26.65,26.1,26.09,25.66
2016-07-25T09:00,2016-07-25,9,25.92,26.04,24.88,25.61,24.9,24.79,27.54,26.47,26.44,25.72
2016-07-25T10:00,2016-07-25,10,26.19,26.28,25.49,25.84,25.1,24.99,27.53,27.05,26.66,26.11
2016-07-25T11:00,2016-07-25,11,26.54,26.74,26.29,26.22,25.23,25.25,27.35,27.35,27.1,26.41
2016-07-25T12:00,2016-07-25,12,26.78,27.18,26.69,26.84,25.53,25.53,27.18,26.61,27.53,26.23
2016-07-25T13:00,2016-07-25,13,27.26,27.38,25.34,26.4,27.41,25.77,28.43,26.48,29.01,27.49
2016-07-25T14:00,2016-07-25,14,27.15,27.01,25.5,26.33,27.93,26.3,27.87,26.48,28.75,27.53
2016-07-25T15:00,2016-07-25,15,26.95,27.09,25.11,26.05,27.75,26.48,27.7,26.4,28.12,26.94
2016-07-25T16:00,2016-07-25,16,26.66,27.04,25.04,25.96,27.4,26.43,26.73,26.09,27.46,26.72
2016-07-25T17:00,2016-07-25,17,26.45,26.8,24.89,25.97,26.8,26.27,26.46,26.02,27.05,26.68
2016-07-25T18:00,2016-07-25,18,26.11,26.4,24.8,25.75,26.23,25.9,26.11,25.98,26.73,26.2
2016-07-25T19:00,2016-07-25,19,25.83,26.11,24.67,25.54,25.78,25.45,25.95,25.88,26.41,25.83
2016-07-25T20:00,2016-07-25,20,25.67,25.95,24.59,25.41,25.56,25.12,25.83,25.89,26.16,25.66
2016-07-25T21:00,2016-07-25,21,25.55,25.84,24.52,25.28,25.4,24.93,25.8,25.9,26.0,25.49
2016-07-25T22:00,2016-07-25,22,25.47,25.79,24.5,25.17,25.31,24.68,25.83,25.91,25.85,25.38
2016-07-25T23:00,2016-07-25,23,25.35,25.64,24.37,25.07,25.17,24.57,25.79,25.87,25.67,25.28
2016-07-26T00:00,2016-07-26,0,25.25,25.51,24.36,24.97,25.06,24.42,25.72,25.87,25.53,25.15
2016-07-26T01:00,2016-07-26,1,25.05,25.27,24.18,24.79,24.67,24.06,25.58,25.76,25.3,25.11
2016-07-26T02:00,2016-07-26,2,24.97,25.24,24.15,24.65,24.63,23.96,25.43,25.72,25.25,24.99
2016-07-26T03:00,2016-07-26,3,24.81,24.99,24.05,24.64,24.54,23.89,25.1,25.58,25.16,24.83
2016-07-26T04:00,2016-07-26,4,24.69,24.76,23.93,24.58,24.57,23.89,24.97,25.33,25.12,24.73
2016-07-26T05:00,2016-07-26,5,24.63,24.7,23.84,24.56,24.53,23.79,24.93,25.25,25.05,24.64
2016-07-26T06:00,2016-07-26,6,24.61,24.71,23.88,24.6,24.46,23.82,24.94,25.16,24.9,24.59
2016-07-26T07:00,2016-07-26,7,24.82,24.89,24.31,24.87,24.62,24.17,25.26,25.45,24.93,24.66
2016-07-26T08:00,2016-07-26,8,25.21,25.17,25.09,25.37,24.86,24.92,25.71,26.19,25.11,24.78
2016-07-26T09:00,2016-07-26,9,25.73,25.57,25.97,26.07,25.18,25.7,26.27,26.68,25.62,25.1
2016-07-26T10:00,2016-07-26,10,26.4,26.06,27.11,26.95,25.45,26.49,27.28,27.73,26.2,25.37
2016-07-26T11:00,2016-07-26,11,27.19,26.73,28.32,27.78,26.07,27.16,28.29,28.5,27.29,25.72
2016-07-26T12:00,2016-07-26,12,27.87,27.26,29.22,28.43,26.95,28.26,29.01,29.08,28.02,26.1
2016-07-26T13:00,2016-07-26,13,28.21,27.94,29.95,28.85,26.53,28.44,28.85,29.57,28.46,26.14
2016-07-26T14:00,2016-07-26,14,28.33,28.0,30.03,29.0,26.8,28.95,28.78,28.53,28.96,26.43
2016-07-26T15:00,2016-07-26,15,28.42,28.36,29.46,29.24,27.7,29.21,28.11,28.29,28.67,26.88
2016-07-26T16:00,2016-07-26,16,28.31,28.35,28.77,28.96,28.42,29.18,27.27,27.7,28.74,27.33
2016-07-26T17:00,2016-07-26,17,27.98,27.82,28.22,28.7,28.66,29.03,26.69,27.87,28.09,27.42
2016-07-26T18:00,2016-07-26,18,27.35,26.87,27.61,27.94,28.38,28.44,26.55,27.58,27.21,27.12
2016-07-26T19:00,2016-07-26,19,26.68,26.3,27.05,27.09,27.46,27.62,25.99,27.09,26.46,26.47
2016-07-26T20:00,2016-07-26,20,26.22,25.97,26.63,26.52,26.71,26.88,25.82,26.53,25.96,26.0
2016-07-26T21:00,2016-07-26,21,25.83,25.72,26.14,25.99,25.81,26.3,25.76,26.22,25.72,25.34
2016-07-26T22:00,2016-07-26,22,25.51,25.47,25.66,25.5,25.36,25.77,25.65,25.87,25.51,25.14
2016-07-26T23:00,2016-07-26,23,25.28,25.28,25.22,25.19,25.34,25.3,25.49,25.67,25.31,24.96
2016-07-27T00:00,2016-07-27,0,25.01,25.07,24.89,24.82,24.72,25.03,25.29,25.44,25.08,24.74
2016-07-27T01:00,2016-07-27,1,25.18,25.04,25.31,24.83,24.97,25.81,25.48,25.38,25.29,25.08
2016-07-27T02:00,2016-07-27,2,25.0,24.86,25.07,24.59,24.7,25.46,25.32,25.19,25.19,25.05
2016-07-27T03:00,2016-07-27,3,24.87,24.66,25.37,24.38,24.58,25.3,25.11,25.1,25.07,24.87
2016-07-27T04:00,2016-07-27,4,24.71,24.49,25.34,24.22,24.4,25.04,24.91,24.96,24.93,24.73
2016-07-27T05:00,2016-07-27,5,24.55,24.4,24.82,24.1,24.21,24.74,24.82,24.99,24.74,24.62
2016-07-27T06:00,2016-07-27,6,24.52,24.33,24.79,24.12,24.29,24.66,24.88,24.95,24.67,24.58
2016-07-27T07:00,2016-07-27,7,25.91,26.0,26.24,26.27,25.78,25.96,25.81,26.57,25.66,25.14
2016-07-27T08:00,2016-07-27,8,27.1,27.27,27.28,27.57,27.17,27.15,27.07,27.74,26.69,26.04
2016-07-27T09:00,2016-07-27,9,28.06,28.33,28.09,28.51,28.19,28.16,28.1,28.68,27.46,27.02
2016-07-27T10:00,2016-07-27,10,29.08,29.47,29.05,29.61,29.09,28.95,29.24,29.54,28.38,28.03
2016-07-27T11:00,2016-07-27,11,29.95,30.38,29.77,30.49,30.01,29.74,30.3,30.14,29.35,28.73
2016-07-27T12:00,2016-07-27,12,30.28,30.83,30.3,31.08,30.58,30.39,29.06,29.96,30.19,29.21
2016-07-27T13:00,2016-07-27,13,30.14,30.08,30.09,30.32,30.97,30.9,29.7,29.86,30.21,29.54
2016-07-27T14:00,2016-07-27,14,30.35,30.42,30.09,30.68,31.4,30.65,29.54,29.85,30.52,29.89
2016-07-27T15:00,2016-07-27,15,30.42,30.57,29.88,30.81,31.26,30.73,29.55,29.86,30.74,30.02
2016-07-27T16:00,2016-07-27,16,30.28,30.68,29.09,30.79,31.13,30.48,29.57,29.42,30.52,29.8
2016-07-27T17:00,2016-07-27,17,29.87,30.39,28.64,30.35,30.33,29.79,29.2,29.2,30.04,29.48
2016-07-27T18:00,2016-07-27,18,29.22,29.74,28.03,29.59,29.44,29.14,28.61,28.81,29.39,28.93
2016-07-27T19:00,2016-07-27,19,28.49,28.91,27.58,28.8,28.85,28.35,27.85,28.15,28.7,28.23
2016-07-27T20:00,2016-07-27,20,27.8,28.17,27.08,27.98,28.22,27.57,27.31,27.57,27.93,27.51
2016-07-27T21:00,2016-07-27,21,27.3,27.67,26.61,27.43,27.65,27.14,26.9,27.1,27.4,26.97
2016-07-27T22:00,2016-07-27,22,26.91,27.28,26.2,27.0,27.08,26.85,26.61,26.83,26.98,26.59
2016-07-27T23:00,2016-07-27,23,26.62,27.03,26.0,26.71,26.68,26.29,26.4,26.65,26.73,26.2
2016-07-28T00:00,2016-07-28,0,26.39,26.77,26.07,26.51,26.24,25.81,26.28,26.48,26.56,25.92
2016-07-28T01:00,2016-07-28,1,26.37,26.69,26.02,26.46,25.99,25.69,26.49,26.35,26.64,26.02
2016-07-28T02:00,2016-07-28,2,26.19,26.51,25.82,26.24,25.78,25.72,26.32,26.17,26.44,25.82
2016-07-28T03:00,2016-07-28,3,25.95,26.23,25.71,25.99,25.59,25.45,26.16,25.95,26.24,25.43
2016-07-28T04:00,2016-07-28,4,25.79,26.04,25.65,25.79,25.58,25.09,26.03,25.84,26.07,25.2
2016-07-28T05:00,2016-07-28,5,25.57,25.8,25.48,25.52,25.37,24.91,25.87,25.65,25.83,24.98
2016-07-28T06:00,2016-07-28,6,25.53,25.77,25.59,25.58,25.28,24.89,25.76,25.58,25.76,24.9
2016-07-28T07:00,2016-07-28,7,26.49,26.84,26.56,26.98,25.8,25.76,26.87,27.06,26.53,25.24
2016-07-28T08:00,2016-07-28,8,27.63,28.1,27.63,28.17,26.97,26.98,28.12,28.32,27.64,25.8
2016-07-28T09:00,2016-07-28,9,28.59,29.16,28.29,29.18,28.09,27.88,29.26,29.39,28.63,26.39
2016-07-28T10:00,2016-07-28,10,29.7,30.29,29.57,30.09,29.57,29.05,30.26,30.14,29.75,27.52
2016-07-28T11:00,2016-07-28,11,30.59,31.01,30.23,30.84,30.44,30.5,31.13,30.84,30.79,28.83
2016-07-28T12:00,2016-07-28,12,31.26,31.67,31.02,31.47,30.88,30.31,31.91,31.28,31.76,29.79
2016-07-28T13:00,2016-07-28,13,30.39,30.72,30.59,31.1,29.83,30.03,30.67,31.2,30.59,28.31
2016-07-28T14:00,2016-07-28,14,30.22,30.57,29.85,30.25,29.27,29.72,30.58,31.22,31.02,28.75
2016-07-28T15:00,2016-07-28,15,30.16,30.61,29.51,29.87,29.36,28.88,30.66,31.01,31.16,29.08
2016-07-28T16:00,2016-07-28,16,29.96,30.32,28.68,29.74,29.67,28.69,30.69,30.88,30.62,29.37
2016-07-28T17:00,2016-07-28,17,29.61,30.03,28.05,29.51,29.39,28.6,30.47,30.2,30.02,29.06
2016-07-28T18:00,2016-07-28,18,28.97,29.58,27.74,29.12,28.24,28.23,29.91,29.53,28.75,28.21
2016-07-28T19:00,2016-07-28,19,28.35,28.94,27.48,28.44,27.68,27.7,29.17,28.82,28.23,27.35
2016-07-28T20:00,2016-07-28,20,27.75,28.32,27.04,27.75,27.13,27.02,28.5,28.19,27.7,26.83
2016-07-28T21:00,2016-07-28,21,27.34,27.81,26.74,27.26,26.79,26.7,28.03,27.78,27.39,26.56
2016-07-28T22:00,2016-07-28,22,27.06,27.47,26.54,26.95,26.55,26.38,27.77,27.61,27.15,26.27
2016-07-28T23:00,2016-07-28,23,26.78,27.23,26.11,26.63,26.21,25.97,27.5,27.38,26.88,26.07
2016-07-29T00:00,2016-07-29,0,26.58,27.06,25.88,26.5,25.95,25.67,27.21,27.19,26.75,25.93
2016-07-29T01:00,2016-07-29,1,26.63,27.06,25.84,26.67,26.33,26.03,27.09,27.06,26.67,25.95
2016-07-29T02:00,2016-07-29,2,26.43,26.81,25.67,26.47,26.19,26.03,26.86,26.87,26.5,25.73
2016-07-29T03:00,2016-07-29,3,26.22,26.66,25.48,26.2,25.97,25.73,26.66,26.74,26.31,25.37
2016-07-29T04:00,2016-07-29,4,26.0,26.5,25.16,26.04,25.66,25.58,26.42,26.59,26.05,25.04
2016-07-29T05:00,2016-07-29,5,25.82,26.3,25.01,26.01,25.31,25.43,26.26,26.49,25.75,24.86
2016-07-29T06:00,2016-07-29,6,25.71,26.19,25.04,25.88,25.15,25.4,26.1,26.44,25.57,24.81
2016-07-29T07:00,2016-07-29,7,26.35,26.91,25.84,26.31,25.53,25.96,26.93,27.12,26.11,25.45
2016-07-29T08:00,2016-07-29,8,27.04,27.65,26.37,26.92,26.09,26.48,27.79,27.54,26.93,26.31
2016-07-29T09:00,2016-07-29,9,27.92,28.48,27.33,27.51,27.22,27.06,28.66,28.0,28.09,27.44
2016-07-29T10:00,2016-07-29,10,28.7,29.11,27.94,27.88,28.35,28.1,29.45,28.4,29.26,28.53
2016-07-29T11:00,2016-07-29,11,29.56,30.0,28.46,28.72,29.28,28.62,30.47,29.28,30.14,29.62
2016-07-29T12:00,2016-07-29,12,30.2,30.62,29.06,29.0,30.2,29.47,31.1,29.18,31.22,30.33
2016-07-29T13:00,2016-07-29,13,30.99,31.59,29.55,30.46,31.47,29.76,31.19,28.9,31.98,31.41
2016-07-29T14:00,2016-07-29,14,30.92,31.49,29.96,30.86,30.68,29.59,31.3,28.93,32.0,30.72
2016-07-29T15:00,2016-07-29,15,30.53,30.67,29.58,30.51,30.29,29.63,30.15,29.09,32.21,30.89
2016-07-29T16:00,2016-07-29,16,30.11,30.05,29.07,30.17,30.02,29.68,29.65,29.34,31.82,30.23
2016-07-29T17:00,2016-07-29,17,29.36,28.96,28.63,29.01,29.46,29.53,29.55,29.28,30.83,29.28
2016-07-29T18:00,2016-07-29,18,28.78,28.5,27.74,28.1,29.08,29.1,29.29,29.02,29.94,28.66
2016-07-29T19:00,2016-07-29,19,28.12,27.94,27.06,27.52,28.46,28.45,28.67,28.51,28.88,28.05
2016-07-29T20:00,2016-07-29,20,27.59,27.49,26.81,27.06,27.85,27.82,28.17,28.03,28.05,27.39
2016-07-29T21:00,2016-07-29,21,27.21,27.24,26.52,26.79,27.35,27.25,27.88,27.66,27.36,26.93
2016-07-29T22:00,2016-07-29,22,26.93,27.06,26.15,26.54,26.87,27.0,27.66,27.4,26.96,26.67
2016-07-29T23:00,2016-07-29,23,26.7,26.86,26.17,26.39,26.57,26.34,27.37,27.17,26.76,26.42
2016-07-30T00:00,2016-07-30,0,26.47,26.66,25.97,26.2,26.43,25.8,27.12,26.95,26.54,26.1
2016-07-30T01:00,2016-07-30,1,26.33,26.63,25.97,26.25,25.96,26.17,26.78,26.68,26.23,25.76
2016-07-30T02:00,2016-07-30,2,26.11,26.52,25.75,26.05,25.77,25.46,26.56,26.41,26.07,25.51
2016-07-30T03:00,2016-07-30,3,25.9,26.3,25.53,25.78,25.45,25.09,26.44,26.16,25.95,25.38
2016-07-30T04:00,2016-07-30,4,25.71,26.1,25.09,25.56,25.18,24.91,26.37,26.08,25.83,25.23
2016-07-30T05:00,2016-07-30,5,25.48,25.61,24.9,25.38,25.06,24.84,26.28,26.03,25.74,25.05
2016-07-30T06:00,2016-07-30,6,25.4,25.46,24.92,25.23,25.14,24.89,26.17,25.89,25.64,25.03
2016-07-30T07:00,2016-07-30,7,25.8,25.65,25.57,25.75,25.84,25.6,26.44,26.2,25.93,25.49
2016-07-30T08:00,2016-07-30,8,26.4,26.12,26.35,26.31,26.82,26.39,26.69,26.6,26.51,26.47
2016-07-30T09:00,2016-07-30,9,27.26,26.86,27.53,27.21,28.09,27.45,27.19,27.43,27.02,27.71
2016-07-30T10:00,2016-07-30,10,28.11,27.58,28.73,28.44,29.0,28.6,27.91,28.21,27.55,28.42
2016-07-30T11:00,2016-07-30,11,29.11,28.88,29.41,29.36,29.76,29.78,28.93,28.79,28.68,29.11
2016-07-30T12:00,2016-07-30,12,29.94,29.89,29.88,30.08,30.62,30.64,29.73,29.45,29.72,29.8
2016-07-30T13:00,2016-07-30,13,31.17,31.17,30.91,31.25,31.3,30.43,31.33,30.88,31.68,31.02
2016-07-30T14:00,2016-07-30,14,31.21,31.09,30.95,31.48,31.54,30.95,31.4,31.11,31.51,30.89
2016-07-30T15:00,2016-07-30,15,31.49,31.61,30.9,31.79,31.48,31.08,31.35,31.48,32.09,31.05
2016-07-30T16:00,2016-07-30,16,31.08,31.15,29.82,31.49,30.46,31.01,31.06,31.3,32.03,30.75
2016-07-30T17:00,2016-07-30,17,30.17,30.52,28.78,31.0,29.64,30.76,29.47,30.77,30.07,30.01
2016-07-30T18:00,2016-07-30,18,29.29,29.77,27.99,30.13,29.11,30.06,28.42,29.76,28.9,28.88
2016-07-30T19:00,2016-07-30,19,28.49,28.94,27.51,29.07,28.38,29.29,27.65,28.81,27.96,28.36
2016-07-30T20:00,2016-07-30,20,27.75,27.96,27.22,27.95,27.68,28.46,27.26,28.22,27.27,27.82
2016-07-30T21:00,2016-07-30,21,27.26,27.36,26.84,27.25,27.23,27.81,26.97,27.89,26.91,27.42
2016-07-30T22:00,2016-07-30,22,26.99,27.1,26.55,26.81,26.97,27.43,26.84,27.57,26.68,27.19
2016-07-30T23:00,2016-07-30,23,26.68,26.77,26.29,26.45,26.78,26.97,26.65,27.2,26.36,26.87
2016-07-31T00:00,2016-07-31,0,26.39,26.36,26.01,26.15,26.36,26.55,26.52,27.2,26.1,26.74
2016-07-31T01:00,2016-07-31,1,26.37,26.26,25.65,25.77,26.55,26.38,26.67,27.01,26.44,27.0
2016-07-31T02:00,2016-07-31,2,26.23,26.12,25.54,25.53,26.41,26.13,26.59,26.66,26.53,26.85
2016-07-31T03:00,2016-07-31,3,25.97,25.95,25.35,25.26,25.94,25.78,26.36,26.35,26.28,26.52
2016-07-31T04:00,2016-07-31,4,25.75,25.74,25.17,25.18,25.72,25.61,26.06,26.2,26.05,26.03
2016-07-31T05:00,2016-07-31,5,25.55,25.63,25.02,25.01,25.52,25.31,25.85,26.16,25.75,25.69
2016-07-31T06:00,2016-07-31,6,25.52,25.62,25.23,25.06,25.56,25.42,25.69,25.96,25.65,25.51
2016-07-31T07:00,2016-07-31,7,26.33,26.44,26.39,26.01,26.33,26.56,26.67,26.68,26.25,25.78
2016-07-31T08:00,2016-07-31,8,27.32,27.52,27.25,27.36,27.55,28.08,27.45,27.51,26.95,26.35
2016-07-31T09:00,2016-07-31,9,28.4,28.64,28.08,28.8,28.65,29.58,28.61,28.64,27.73,27.07
2016-07-31T10:00,2016-07-31,10,29.63,29.93,29.35,30.0,29.87,30.8,29.65,29.43,29.07,28.52
2016-07-31T11:00,2016-07-31,11,30.56,30.97,30.13,30.8,30.87,31.81,30.17,29.87,30.1,29.86
2016-07-31T12:00,2016-07-31,12,31.27,31.54,30.63,31.51,31.44,32.54,30.96,30.91,30.93,30.79
2016-07-31T13:00,2016-07-31,13,31.87,32.15,29.18,31.95,32.98,32.54,31.28,30.97,32.34,32.47
2016-07-31T14:00,2016-07-31,14,32.16,32.53,29.62,32.29,33.09,32.84,31.75,31.31,32.68,32.22
2016-07-31T15:00,2016-07-31,15,32.14,32.65,29.63,32.37,32.74,32.81,31.99,31.66,32.77,31.38
2016-07-31T16:00,2016-07-31,16,31.66,32.49,29.49,32.02,31.27,32.51,31.99,31.22,32.35,29.72
2016-07-31T17:00,2016-07-31,17,30.82,31.72,28.86,30.5,30.93,32.05,30.83,30.34,31.07,29.48
2016-07-31T18:00,2016-07-31,18,30.01,30.84,27.99,29.01,30.6,31.12,30.27,29.03,30.41,29.31
2016-07-31T19:00,2016-07-31,19,29.14,29.86,27.41,27.81,30.04,30.03,29.2,28.22,29.68,28.77
2016-07-31T20:00,2016-07-31,20,28.41,28.82,27.01,27.28,29.48,29.4,28.46,27.89,28.78,28.16
2016-07-31T21:00,2016-07-31,21,27.79,27.98,26.74,26.87,28.86,28.9,27.89,27.49,27.95,27.59
2016-07-31T22:00,2016-07-31,22,27.3,27.34,26.51,26.54,28.1,28.36,27.28,27.19,27.54,27.22
2016-07-31T23:00,2016-07-31,23,26.85,26.68,26.31,26.32,27.39,27.63,26.81,27.01,27.25,26.89
2016-08-01T00:00,2016-08-01,0,26.44,26.19,26.17,26.11,26.6,26.93,26.45,26.72,26.82,26.64
2016-08-01T01:00,2016-08-01,1,26.09,25.64,25.64,25.66,26.54,26.64,26.04,25.88,26.85,26.73
2016-08-01T02:00,2016-08-01,2,25.89,25.55,25.55,25.47,25.96,26.23,25.88,25.84,26.44,26.63
2016-08-01T03:00,2016-08-01,3,25.75,25.54,25.38,25.38,25.69,25.97,25.7,25.73,26.09,26.6
2016-08-01T04:00,2016-08-01,4,25.55,25.42,25.31,25.29,25.36,25.64,25.48,25.46,25.73,26.34
2016-08-01T05:00,2016-08-01,5,25.45,25.39,25.3,25.23,25.12,25.51,25.38,25.4,25.44,26.22
2016-08-01T06:00,2016-08-01,6,25.39,25.31,25.38,25.23,25.06,25.52,25.35,25.41,25.32,26.08
2016-08-01T07:00,2016-08-01,7,25.78,25.63,25.72,25.63,25.3,25.74,25.51,25.68,25.62,27.22
2016-08-01T08:00,2016-08-01,8,26.29,25.96,25.95,26.09,25.92,26.61,26.0,25.97,26.46,27.97
2016-08-01T09:00,2016-08-01,9,27.19,26.99,26.46,26.99,26.96,27.93,26.7,26.22,27.63,28.65
2016-08-01T10:00,2016-08-01,10,28.06,27.9,27.02,27.84,28.53,29.2,27.67,26.46,28.42,29.29
2016-08-01T11:00,2016-08-01,11,28.77,28.52,27.4,28.94,29.9,30.07,27.79,26.76,29.16,30.31
2016-08-01T12:00,2016-08-01,12,29.58,29.5,28.11,29.74,31.08,30.85,28.57,27.13,29.72,31.04
2016-08-01T13:00,2016-08-01,13,31.04,31.28,28.9,30.25,32.81,32.3,29.85,28.16,32.29,32.19
2016-08-01T14:00,2016-08-01,14,31.09,31.47,29.45,30.42,33.06,32.24,29.85,28.6,32.38,31.11
2016-08-01T15:00,2016-08-01,15,30.93,31.49,29.19,30.71,32.59,32.46,29.65,28.64,32.21,30.0
2016-08-01T16:00,2016-08-01,16,30.72,31.27,27.79,30.85,32.45,32.51,29.46,28.77,31.78,30.17
2016-08-01T17:00,2016-08-01,17,30.2,30.79,26.82,30.52,31.61,32.23,28.82,28.29,30.94,30.28
2016-08-01T18:00,2016-08-01,18,29.36,29.94,26.21,29.57,30.69,31.41,28.15,27.43,29.49,29.99
2016-08-01T19:00,2016-08-01,19,28.57,29.23,25.91,28.57,29.96,30.46,27.49,26.72,28.37,29.19
2016-08-01T20:00,2016-08-01,20,27.93,28.61,25.67,27.61,28.99,29.71,27.03,26.35,27.6,28.62
2016-08-01T21:00,2016-08-01,21,27.39,27.97,25.42,26.98,28.34,28.65,26.81,26.22,27.01,28.11
2016-08-01T22:00,2016-08-01,22,26.96,27.37,25.31,26.52,27.46,27.85,26.68,26.14,26.67,27.89
2016-08-01T23:00,2016-08-01,23,26.51,26.65,25.14,26.22,26.65,26.97,26.39,26.04,26.47,27.59
2016-08-02T00:00,2016-08-02,0,26.22,26.26,25.03,26.03,26.03,26.47,26.23,25.94,26.26,27.33
2016-08-02T01:00,2016-08-02,1,26.27,26.23,25.38,26.1,26.27,26.28,26.01,25.82,26.72,27.28
2016-08-02T02:00,2016-08-02,2,26.08,26.02,25.34,25.87,26.03,26.06,25.82,25.77,26.54,26.97
2016-08-02T03:00,2016-08-02,3,25.92,25.91,25.33,25.75,25.83,25.97,25.67,25.73,26.25,26.64
2016-08-02T04:00,2016-08-02,4,25.79,25.75,25.34,25.72,25.72,25.87,25.52,25.74,26.04,26.32
2016-08-02T05:00,2016-08-02,5,25.69,25.68,25.4,25.61,25.66,25.71,25.44,25.66,25.88,26.1
2016-08-02T06:00,2016-08-02,6,25.66,25.67,25.46,25.52,25.66,25.78,25.47,25.68,25.84,25.9
2016-08-02T07:00,2016-08-02,7,25.96,25.86,25.83,25.84,26.03,26.86,25.52,25.72,26.09,26.21
2016-08-02T08:00,2016-08-02,8,26.51,26.32,26.51,26.58,26.94,28.24,25.82,25.91,26.36,26.66
2016-08-02T09:00,2016-08-02,9,27.16,26.69,27.92,27.35,27.98,29.97,26.17,26.08,26.91,26.97
2016-08-02T10:00,2016-08-02,10,28.07,27.51,29.27,28.58,29.76,31.18,26.52,26.47,27.92,27.41
2016-08-02T11:00,2016-08-02,11,28.79,27.96,30.42,29.55,30.66,32.15,27.13,27.06,28.6,28.09
2016-08-02T12:00,2016-08-02,12,29.19,28.24,31.09,30.18,31.31,32.96,27.34,27.26,28.41,28.87
2016-08-02T13:00,2016-08-02,13,29.83,29.29,30.85,30.72,31.81,33.56,26.73,27.62,29.2,30.67
2016-08-02T14:00,2016-08-02,14,30.26,30.05,29.81,30.95,32.45,33.76,27.13,28.16,29.69,31.52
2016-08-02T15:00,2016-08-02,15,30.66,30.75,28.88,31.28,32.72,33.64,28.13,28.68,30.25,31.84
2016-08-02T16:00,2016-08-02,16,30.28,30.61,28.09,30.15,32.35,33.22,27.99,27.76,30.27,31.65
2016-08-02T17:00,2016-08-02,17,29.71,30.22,27.84,28.79,31.66,32.28,27.7,27.5,30.05,30.75
2016-08-02T18:00,2016-08-02,18,28.85,28.82,27.59,27.88,30.93,31.14,27.44,27.02,29.51,29.7
2016-08-02T19:00,2016-08-02,19,28.09,27.72,27.21,27.31,29.76,30.21,27.03,26.71,28.75,29.08
2016-08-02T20:00,2016-08-02,20,27.48,27.15,26.88,26.97,28.03,29.11,26.77,26.53,28.15,28.45
2016-08-02T21:00,2016-08-02,21,27.12,26.8,26.74,26.84,27.13,28.15,26.6,26.51,27.78,27.95
2016-08-02T22:00,2016-08-02,22,26.82,26.58,26.55,26.62,26.51,27.45,26.36,26.49,27.46,27.58
2016-08-02T23:00,2016-08-02,23,26.62,26.48,26.39,26.44,26.2,26.91,26.19,26.53,27.19,27.3
2016-08-03T00:00,2016-08-03,0,26.36,26.29,26.2,26.23,25.85,26.48,26.0,26.34,26.77,27.03
2016-08-03T01:00,2016-08-03,1,26.34,26.35,25.99,26.4,26.11,26.24,25.82,26.25,26.64,26.97
2016-08-03T02:00,2016-08-03,2,26.14,26.17,25.66,26.31,25.91,25.85,25.74,26.14,26.36,26.75
2016-08-03T03:00,2016-08-03,3,25.96,26.02,25.4,26.21,25.73,25.61,25.63,26.08,26.17,26.44
2016-08-03T04:00,2016-08-03,4,25.79,25.86,25.32,26.02,25.54,25.43,25.59,25.97,25.94,26.08
2016-08-03T05:00,2016-08-03,5,25.7,25.82,25.23,25.9,25.49,25.43,25.55,25.91,25.79,25.77
2016-08-03T06:00,2016-08-03,6,25.68,25.86,25.28,25.81,25.48,25.51,25.5,25.78,25.78,25.71
2016-08-03T07:00,2016-08-03,7,26.37,26.58,26.01,26.16,26.31,26.73,26.14,26.11,26.5,26.37
2016-08-03T08:00,2016-08-03,8,27.22,27.12,26.74,26.64,27.77,28.27,27.13,26.57,27.58,27.44
2016-08-03T09:00,2016-08-03,9,28.15,27.86,27.37,27.58,29.25,29.79,27.95,27.29,28.48,28.67
2016-08-03T10:00,2016-08-03,10,29.33,29.14,28.38,29.1,30.41,30.98,28.75,28.26,29.45,30.07
2016-08-03T11:00,2016-08-03,11,30.22,30.22,29.06,30.38,31.48,31.83,29.11,28.7,30.2,30.96
2016-08-03T12:00,2016-08-03,12,31.08,31.24,29.77,31.01,32.35,32.6,29.88,29.55,31.32,31.64
2016-08-03T13:00,2016-08-03,13,31.73,31.57,31.2,31.6,33.06,33.51,30.79,29.93,32.04,32.12
2016-08-03T14:00,2016-08-03,14,31.81,31.91,31.29,31.79,33.06,33.62,29.87,29.62,32.27,32.55
2016-08-03T15:00,2016-08-03,15,31.6,31.88,29.34,31.53,33.1,33.87,29.79,29.16,32.24,32.67
2016-08-03T16:00,2016-08-03,16,31.16,31.59,28.08,30.95,32.81,33.49,29.09,28.66,31.9,32.62
2016-08-03T17:00,2016-08-03,17,30.51,30.82,27.57,29.92,32.32,33.18,28.31,28.4,31.38,32.11
2016-08-03T18:00,2016-08-03,18,29.81,29.94,27.32,29.04,31.41,31.98,27.99,28.06,30.71,31.55
2016-08-03T19:00,2016-08-03,19,28.9,28.96,26.86,28.25,30.31,30.28,27.47,27.58,29.66,30.52
2016-08-03T20:00,2016-08-03,20,28.29,28.28,26.64,27.76,29.54,29.06,27.17,27.43,28.95,29.65
2016-08-03T21:00,2016-08-03,21,27.87,27.84,26.47,27.45,29.02,28.41,26.95,27.23,28.31,29.14
2016-08-03T22:00,2016-08-03,22,27.53,27.51,26.3,27.22,28.44,27.81,26.9,27.13,27.77,28.7
2016-08-03T23:00,2016-08-03,23,27.3,27.32,26.16,27.01,27.9,27.3,26.76,27.01,27.56,28.48
2016-08-04T00:00,2016-08-04,0,27.05,27.05,26.08,26.84,27.56,27.08,26.57,26.79,27.26,28.04
2016-08-04T01:00,2016-08-04,1,27.12,27.19,26.3,27.05,27.52,27.29,26.61,26.77,27.2,27.86
2016-08-04T02:00,2016-08-04,2,26.96,27.11,26.29,26.84,27.36,27.05,26.44,26.51,27.03,27.62
2016-08-04T03:00,2016-08-04,3,26.75,26.89,26.11,26.58,27.16,26.79,26.36,26.33,26.79,27.32
2016-08-04T04:00,2016-08-04,4,26.65,26.83,26.0,26.46,27.05,26.59,26.32,26.31,26.73,27.13
2016-08-04T05:00,2016-08-04,5,26.5,26.71,25.9,26.38,26.93,26.5,26.01,26.19,26.55,26.86
2016-08-04T06:00,2016-08-04,6,26.43,26.58,25.95,26.37,26.92,26.44,26.01,26.08,26.52,26.69
2016-08-04T07:00,2016-08-04,7,27.11,27.22,26.59,27.12,27.68,27.2,26.4,26.46,27.27,27.7
2016-08-04T08:00,2016-08-04,8,28.02,28.02,27.41,28.05,28.81,28.46,27.13,27.07,28.22,28.76
2016-08-04T09:00,2016-08-04,9,29.12,29.08,28.57,29.2,29.8,29.75,28.16,28.07,29.38,29.85
2016-08-04T10:00,2016-08-04,10,30.09,30.15,29.46,30.2,30.59,31.04,29.38,29.19,30.06,30.6
2016-08-04T11:00,2016-08-04,11,30.94,31.16,30.32,30.79,31.67,32.02,30.45,28.84,31.14,31.17
2016-08-04T12:00,2016-08-04,12,31.38,31.62,30.4,31.08,32.54,32.84,30.3,28.99,31.97,31.78
2016-08-04T13:00,2016-08-04,13,31.96,32.07,31.44,31.88,33.14,32.84,30.61,30.26,32.49,32.45
2016-08-04T14:00,2016-08-04,14,31.99,32.18,31.03,31.84,33.31,33.08,30.69,29.89,32.57,32.59
2016-08-04T15:00,2016-08-04,15,31.65,31.96,29.68,31.42,33.31,33.23,30.05,29.32,32.42,32.51
2016-08-04T16:00,2016-08-04,16,31.17,31.39,28.95,30.62,32.9,33.21,29.69,29.21,32.06,32.0
2016-08-04T17:00,2016-08-04,17,30.48,30.6,28.53,29.76,32.23,32.48,29.45,29.03,31.31,30.93
2016-08-04T18:00,2016-08-04,18,29.62,29.79,27.95,28.89,31.07,30.67,28.9,28.38,30.34,30.22
2016-08-04T19:00,2016-08-04,19,28.92,29.05,27.61,28.34,30.04,29.36,28.29,27.82,29.63,29.56
2016-08-04T20:00,2016-08-04,20,28.44,28.47,27.34,27.97,29.56,28.53,27.92,27.53,29.15,29.1
2016-08-04T21:00,2016-08-04,21,28.11,28.04,27.11,27.78,29.13,28.21,27.62,27.33,28.79,28.79
2016-08-04T22:00,2016-08-04,22,27.87,27.8,26.93,27.63,28.61,27.82,27.48,27.22,28.48,28.61
2016-08-04T23:00,2016-08-04,23,27.64,27.65,26.73,27.42,28.26,27.63,27.27,26.99,28.09,28.38
2016-08-05T00:00,2016-08-05,0,27.44,27.53,26.56,27.23,27.96,27.32,27.08,26.86,27.76,28.15
2016-08-05T01:00,2016-08-05,1,27.53,27.54,26.63,27.29,28.0,27.94,27.22,27.03,27.75,28.23
2016-08-05T02:00,2016-08-05,2,27.32,27.37,26.58,27.08,27.74,27.77,26.91,26.84,27.51,27.9
2016-08-05T03:00,2016-08-05,3,27.07,27.04,26.46,26.84,27.46,27.41,26.78,26.7,27.32,27.55
2016-08-05T04:00,2016-08-05,4,26.91,26.92,26.39,26.68,27.31,27.19,26.59,26.61,27.14,27.26
2016-08-05T05:00,2016-08-05,5,26.78,26.8,26.29,26.63,27.19,26.9,26.46,26.54,27.02,27.09
2016-08-05T06:00,2016-08-05,6,26.74,26.77,26.25,26.57,27.21,26.84,26.41,26.58,27.0,26.95
2016-08-05T07:00,2016-08-05,7,27.07,27.06,26.45,26.84,27.52,27.18,26.88,26.94,27.34,27.42
2016-08-05T08:00,2016-08-05,8,27.78,27.68,27.11,27.52,28.08,27.69,27.79,27.61,28.25,28.29
2016-08-05T09:00,2016-08-05,9,28.65,28.69,27.83,28.38,28.81,27.81,28.81,28.37,29.17,29.31
2016-08-05T10:00,2016-08-05,10,29.37,29.32,28.54,29.29,29.14,28.0,29.78,29.22,30.09,30.09
2016-08-05T11:00,2016-08-05,11,30.12,30.39,29.16,30.13,29.95,28.16,30.4,29.67,30.79,30.7
2016-08-05T12:00,2016-08-05,12,30.61,30.97,29.74,30.45,30.59,28.31,30.62,29.85,31.42,31.46
2016-08-05T13:00,2016-08-05,13,30.83,30.94,29.12,30.19,31.97,30.47,30.89,29.36,31.72,31.75
2016-08-05T14:00,2016-08-05,14,30.82,30.75,28.68,29.88,32.27,31.04,30.51,29.69,32.03,32.07
2016-08-05T15:00,2016-08-05,15,30.44,30.41,28.11,29.59,32.17,31.41,29.34,29.17,31.61,31.95
2016-08-05T16:00,2016-08-05,16,30.03,30.24,27.42,29.37,31.6,30.46,29.2,28.96,31.4,30.75
2016-08-05T17:00,2016-08-05,17,29.36,29.74,26.92,28.54,30.3,29.25,29.24,28.23,30.61,29.92
2016-08-05T18:00,2016-08-05,18,28.74,29.08,26.5,27.82,29.36,28.36,28.84,27.6,30.03,29.5
2016-08-05T19:00,2016-08-05,19,28.14,28.31,26.16,27.31,28.58,27.74,28.23,27.21,29.44,29.08
2016-08-05T20:00,2016-08-05,20,27.79,27.82,26.08,27.05,28.1,27.45,27.86,27.12,29.02,28.79
2016-08-05T21:00,2016-08-05,21,27.49,27.5,26.04,26.83,27.63,27.07,27.64,27.0,28.28,28.69
2016-08-05T22:00,2016-08-05,22,27.19,27.19,26.06,26.62,27.1,26.53,27.4,26.76,27.84,28.45
2016-08-05T23:00,2016-08-05,23,26.95,26.94,25.97,26.47,26.78,26.53,27.07,26.45,27.53,28.15
2016-08-06T00:00,2016-08-06,0,26.75,26.81,25.87,26.33,26.62,26.28,26.8,26.27,27.31,27.76
2016-08-06T01:00,2016-08-06,1,26.94,26.97,25.98,26.53,26.96,26.36,26.95,26.35,27.57,28.04
2016-08-06T02:00,2016-08-06,2,26.8,26.91,26.02,26.44,26.76,26.17,26.78,26.13,27.37,27.73
2016-08-06T03:00,2016-08-06,3,26.66,26.85,25.77,26.35,26.53,25.99,26.65,25.92,27.24,27.46
2016-08-06T04:00,2016-08-06,4,26.48,26.7,25.32,26.31,26.23,25.88,26.49,25.96,27.09,27.17
2016-08-06T05:00,2016-08-06,5,26.39,26.65,25.21,26.21,26.07,25.82,26.39,26.02,26.96,26.96
2016-08-06T06:00,2016-08-06,6,26.32,26.57,25.13,26.09,26.02,25.82,26.37,26.08,26.85,26.84
2016-08-06T07:00,2016-08-06,7,26.6,26.77,25.47,26.43,26.5,26.54,26.41,26.38,27.1,27.08
2016-08-06T08:00,2016-08-06,8,27.05,27.18,26.04,26.95,26.98,27.37,26.53,26.85,27.54,27.54
2016-08-06T09:00,2016-08-06,9,27.91,28.23,26.94,27.88,28.09,28.2,26.72,27.75,28.38,28.33
2016-08-06T10:00,2016-08-06,10,28.54,28.85,27.85,28.57,28.52,28.34,27.12,28.48,29.08,29.21
2016-08-06T11:00,2016-08-06,11,29.05,29.49,27.86,29.02,29.2,28.74,27.78,29.29,29.28,29.92
2016-08-06T12:00,2016-08-06,12,29.58,30.39,27.55,28.95,29.85,29.1,28.78,29.48,29.69,30.65
2016-08-06T13:00,2016-08-06,13,29.89,30.47,28.15,29.65,30.88,29.88,28.93,28.85,29.42,31.49
2016-08-06T14:00,2016-08-06,14,29.96,30.53,27.83,29.62,31.14,30.31,28.49,28.34,30.07,31.77
2016-08-06T15:00,2016-08-06,15,29.6,29.88,27.52,29.08,31.26,30.49,27.79,27.48,30.26,31.58
2016-08-06T16:00,2016-08-06,16,29.04,29.2,27.31,28.48,30.92,30.56,27.24,26.87,29.28,31.08
2016-08-06T17:00,2016-08-06,17,28.41,28.63,26.7,27.94,30.06,30.04,26.89,26.68,28.15,30.32
2016-08-06T18:00,2016-08-06,18,27.73,27.8,26.29,27.33,28.97,28.88,26.69,26.64,27.67,29.26
2016-08-06T19:00,2016-08-06,19,27.23,27.29,26.07,26.87,28.09,27.92,26.57,26.54,27.21,28.44
2016-08-06T20:00,2016-08-06,20,26.94,26.98,25.91,26.66,27.53,27.28,26.52,26.53,26.9,28.02
2016-08-06T21:00,2016-08-06,21,26.77,26.82,25.82,26.45,27.3,26.95,26.52,26.58,26.67,27.77
2016-08-06T22:00,2016-08-06,22,26.59,26.61,25.72,26.3,27.03,26.7,26.42,26.43,26.49,27.56
2016-08-06T23:00,2016-08-06,23,26.41,26.53,25.61,26.14,26.51,26.27,26.31,26.31,26.46,27.21
2016-08-07T00:00,2016-08-07,0,26.23,26.33,25.49,25.91,26.26,26.08,26.21,26.25,26.37,26.87
2016-08-07T01:00,2016-08-07,1,26.14,26.22,25.31,25.8,26.23,26.05,26.0,26.21,26.2,26.99
2016-08-07T02:00,2016-08-07,2,25.96,26.06,25.15,25.62,25.88,25.91,25.78,26.05,26.05,26.84
2016-08-07T03:00,2016-08-07,3,25.79,25.86,25.0,25.43,25.69,25.81,25.6,25.99,25.98,26.59
2016-08-07T04:00,2016-08-07,4,25.58,25.61,24.73,25.25,25.48,25.62,25.47,25.83,25.85,26.31
2016-08-07T05:00,2016-08-07,5,25.46,25.39,24.63,25.21,25.33,25.44,25.44,25.84,25.76,26.13
2016-08-07T06:00,2016-08-07,6,25.39,25.25,24.7,25.19,25.23,25.38,25.45,25.89,25.67,25.95
2016-08-07T07:00,2016-08-07,7,25.58,25.41,25.08,25.31,25.34,25.59,25.81,26.27,25.79,26.09
2016-08-07T08:00,2016-08-07,8,25.95,25.72,25.51,25.65,25.72,25.85,26.3,26.9,26.09,26.39
2016-08-07T09:00,2016-08-07,9,26.52,26.22,26.3,26.21,26.01,26.36,27.33,27.66,26.49,26.92
2016-08-07T10:00,2016-08-07,10,27.25,26.97,26.73,26.75,26.69,26.76,28.47,28.34,27.15,27.98
2016-08-07T11:00,2016-08-07,11,28.1,28.42,27.38,27.88,26.74,26.91,29.23,28.39,28.17,28.46
2016-08-07T12:00,2016-08-07,12,28.5,29.0,27.6,28.63,27.31,27.13,29.5,27.72,28.96,28.42
2016-08-07T13:00,2016-08-07,13,29.05,29.08,28.17,28.39,29.34,31.03,27.77,27.6,29.62,30.3
2016-08-07T14:00,2016-08-07,14,28.92,28.75,27.41,28.62,30.53,30.97,27.74,27.91,29.16,29.86
2016-08-07T15:00,2016-08-07,15,28.58,28.4,26.58,28.05,30.02,30.75,27.58,27.25,28.89,30.22
2016-08-07T16:00,2016-08-07,16,28.43,28.27,26.61,27.93,29.39,30.24,28.02,27.26,28.33,30.17
2016-08-07T17:00,2016-08-07,17,28.03,28.03,26.58,27.69,28.27,29.48,27.87,27.31,27.83,29.24
2016-08-07T18:00,2016-08-07,18,27.62,27.77,26.05,27.32,27.63,28.21,27.59,27.19,27.73,28.56
2016-08-07T19:00,2016-08-07,19,27.1,27.22,25.67,26.86,27.13,27.49,27.12,26.91,27.34,27.77
2016-08-07T20:00,2016-08-07,20,26.78,26.83,25.65,26.54,26.81,26.95,26.84,26.73,27.02,27.38
2016-08-07T21:00,2016-08-07,21,26.56,26.6,25.55,26.32,26.62,26.7,26.63,26.59,26.76,27.09
2016-08-07T22:00,2016-08-07,22,26.39,26.45,25.44,26.1,26.5,26.48,26.49,26.44,26.59,26.83
2016-08-07T23:00,2016-08-07,23,26.2,26.31,25.46,26.03,26.24,26.07,26.31,26.01,26.2,26.71
2016-08-08T00:00,2016-08-08,0,25.98,26.1,25.3,25.93,25.89,25.84,26.01,25.8,26.01,26.48
2016-08-08T01:00,2016-08-08,1,26.23,26.26,25.55,26.06,26.44,25.83,26.13,26.01,26.43,26.98
2016-08-08T02:00,2016-08-08,2,26.08,26.13,25.4,25.91,26.16,25.72,26.12,25.79,26.27,26.72
2016-08-08T03:00,2016-08-08,3,25.99,26.04,25.38,25.87,26.04,25.62,26.09,25.75,26.17,26.52
2016-08-08T04:00,2016-08-08,4,25.79,25.8,25.24,25.69,25.79,25.56,26.01,25.66,25.87,26.24
2016-08-08T05:00,2016-08-08,5,25.71,25.73,25.17,25.65,25.69,25.47,25.92,25.6,25.74,26.1
2016-08-08T06:00,2016-08-08,6,25.65,25.75,25.08,25.58,25.64,25.42,25.78,25.65,25.65,25.99
2016-08-08T07:00,2016-08-08,7,26.04,26.15,25.52,26.07,25.96,26.01,25.93,25.84,26.16,26.31
2016-08-08T08:00,2016-08-08,8,26.67,26.72,26.38,26.86,26.6,26.85,26.17,26.01,26.96,26.97
2016-08-08T09:00,2016-08-08,9,27.49,27.53,27.23,27.56,27.65,28.1,26.72,26.47,27.93,27.81
2016-08-08T10:00,2016-08-08,10,28.42,28.55,28.13,28.41,28.61,29.1,27.39,27.09,29.02,28.84
2016-08-08T11:00,2016-08-08,11,29.34,29.42,28.96,29.55,29.49,30.08,28.08,27.58,30.06,29.97
2016-08-08T12:00,2016-08-08,12,29.88,30.14,28.74,29.38,30.45,30.69,28.84,28.04,30.7,30.88
2016-08-08T13:00,2016-08-08,13,29.82,29.63,27.43,29.31,31.5,31.26,28.61,27.26,31.49,31.31
2016-08-08T14:00,2016-08-08,14,30.07,30.12,27.71,29.26,31.82,31.64,28.77,27.08,31.58,31.66
2016-08-08T15:00,2016-08-08,15,29.75,29.78,27.19,28.63,31.96,31.64,28.21,26.89,31.2,31.54
2016-08-08T16:00,2016-08-08,16,29.65,29.76,27.08,28.71,31.79,31.67,28.0,27.26,30.96,31.07
2016-08-08T17:00,2016-08-08,17,29.24,29.33,26.85,28.52,31.35,31.24,27.63,27.25,30.48,30.2
2016-08-08T18:00,2016-08-08,18,28.71,28.76,26.65,28.09,30.54,30.5,27.22,27.14,29.91,29.43
2016-08-08T19:00,2016-08-08,19,28.03,27.98,26.22,27.46,29.53,29.58,26.85,26.76,29.14,28.77
2016-08-08T20:00,2016-08-08,20,27.54,27.52,25.83,27.12,28.84,28.32,26.61,26.55,28.53,28.31
2016-08-08T21:00,2016-08-08,21,27.21,27.2,25.65,26.79,28.35,27.66,26.42,26.48,28.07,28.06
2016-08-08T22:00,2016-08-08,22,26.92,26.9,25.56,26.44,27.83,27.36,26.31,26.25,27.67,27.78
2016-08-08T23:00,2016-08-08,23,26.67,26.68,25.26,26.17,27.54,26.91,26.11,26.02,27.4,27.59
2016-08-09T00:00,2016-08-09,0,26.39,26.43,25.12,26.0,26.98,26.56,25.95,25.7,26.99,27.35
2016-08-09T01:00,2016-08-09,1,26.36,26.38,25.22,25.88,26.88,26.11,25.99,25.8,27.18,27.24
2016-08-09T02:00,2016-08-09,2,26.17,26.19,25.1,25.77,26.57,25.97,25.85,25.74,26.91,26.96
2016-08-09T03:00,2016-08-09,3,26.03,26.06,25.06,25.75,26.32,25.82,25.76,25.76,26.62,26.7
2016-08-09T04:00,2016-08-09,4,25.9,25.96,25.03,25.61,26.1,25.68,25.76,25.77,26.36,26.49
2016-08-09T05:00,2016-08-09,5,25.8,25.92,24.78,25.55,25.9,25.58,25.71,25.87,26.2,26.28
2016-08-09T06:00,2016-08-09,6,25.84,25.97,24.7,25.67,25.97,25.6,25.78,25.86,26.22,26.32
2016-08-09T07:00,2016-08-09,7,26.21,26.26,25.0,26.0,26.39,25.96,26.03,25.92,26.7,27.12
2016-08-09T08:00,2016-08-09,8,26.72,26.68,25.8,26.73,26.93,26.4,26.33,26.03,27.37,27.56
2016-08-09T09:00,2016-08-09,9,27.08,26.96,26.19,27.01,27.63,26.98,26.58,26.38,28.01,27.68
2016-08-09T10:00,2016-08-09,10,27.55,27.5,26.51,27.63,28.31,27.41,26.85,26.83,28.53,27.85
2016-08-09T11:00,2016-08-09,11,28.01,28.14,25.89,28.01,28.96,28.44,27.33,27.04,29.07,28.37
2016-08-09T12:00,2016-08-09,12,28.64,29.22,25.86,28.54,29.25,28.91,28.14,27.37,29.59,28.99
2016-08-09T13:00,2016-08-09,13,29.13,29.55,25.48,28.31,30.72,30.36,27.81,26.68,30.84,30.65
2016-08-09T14:00,2016-08-09,14,28.98,28.82,25.23,27.93,30.85,30.91,27.8,26.81,30.96,31.1
2016-08-09T15:00,2016-08-09,15,28.69,28.55,25.28,27.15,31.1,31.19,27.51,27.05,29.89,30.82
2016-08-09T16:00,2016-08-09,16,28.12,27.65,25.07,26.7,30.5,30.34,27.57,27.24,29.07,30.15
2016-08-09T17:00,2016-08-09,17,27.64,27.28,24.96,26.52,28.5,28.87,27.67,27.13,28.49,29.79
2016-08-09T18:00,2016-08-09,18,27.12,27.02,24.87,26.23,27.24,27.29,27.34,27.04,28.03,28.78
2016-08-09T19:00,2016-08-09,19,26.7,26.64,24.78,25.99,26.63,26.4,26.93,26.75,27.6,28.13
2016-08-09T20:00,2016-08-09,20,26.47,26.49,24.74,25.83,26.4,26.11,26.76,26.62,27.22,27.6
2016-08-09T21:00,2016-08-09,21,26.33,26.34,24.82,25.73,26.3,26.03,26.62,26.56,26.98,27.26
2016-08-09T22:00,2016-08-09,22,26.23,26.26,24.9,25.62,26.26,25.92,26.53,26.54,26.81,26.93
2016-08-09T23:00,2016-08-09,23,26.09,26.13,24.9,25.54,26.14,25.76,26.41,26.4,26.68,26.58
2016-08-10T00:00,2016-08-10,0,25.94,26.01,24.73,25.38,26.06,25.49,26.25,26.38,26.6,26.29
2016-08-10T01:00,2016-08-10,1,25.76,25.68,24.87,25.38,25.82,25.6,25.87,26.16,26.35,26.17
2016-08-10T02:00,2016-08-10,2,25.6,25.45,24.62,25.35,25.74,25.55,25.72,26.1,26.11,26.03
2016-08-10T03:00,2016-08-10,3,25.42,25.11,24.54,25.27,25.65,25.45,25.46,26.05,25.93,25.95
2016-08-10T04:00,2016-08-10,4,25.26,24.92,24.47,25.2,25.48,25.44,25.11,26.04,25.61,25.86
2016-08-10T05:00,2016-08-10,5,25.2,24.97,24.44,25.2,25.49,25.38,24.92,25.92,25.44,25.72
2016-08-10T06:00,2016-08-10,6,25.21,25.02,24.62,25.19,25.41,25.39,24.84,25.85,25.39,25.73
2016-08-10T07:00,2016-08-10,7,25.39,25.23,24.86,25.25,25.67,26.01,24.78,25.84,25.39,26.19
2016-08-10T08:00,2016-08-10,8,25.7,25.44,25.16,25.58,25.86,27.08,24.87,25.99,25.36,27.07
2016-08-10T09:00,2016-08-10,9,26.08,25.79,25.91,25.91,25.99,27.87,25.02,26.43,25.47,27.67
2016-08-10T10:00,2016-08-10,10,26.46,26.28,26.42,26.23,26.45,28.52,25.22,26.68,25.59,28.03
2016-08-10T11:00,2016-08-10,11,26.9,27.14,26.31,26.57,27.13,28.96,25.39,27.07,25.75,28.43
2016-08-10T12:00,2016-08-10,12,27.04,26.85,26.31,26.42,27.25,29.17,25.72,27.54,26.18,29.36
2016-08-10T13:00,2016-08-10,13,26.85,26.06,27.13,26.18,26.49,28.58,25.73,27.11,26.13,30.36
2016-08-10T14:00,2016-08-10,14,26.58,25.97,26.49,25.92,26.24,28.19,25.82,26.88,25.93,29.54
2016-08-10T15:00,2016-08-10,15,26.44,26.0,26.18,25.99,25.84,27.58,25.75,26.94,25.99,28.96
2016-08-10T16:00,2016-08-10,16,26.33,25.93,25.9,26.0,25.75,27.21,25.72,26.94,26.1,28.47
2016-08-10T17:00,2016-08-10,17,26.21,25.86,25.7,26.03,25.63,26.88,25.72,26.93,25.94,28.15
2016-08-10T18:00,2016-08-10,18,26.04,25.81,25.49,25.92,25.6,26.46,25.73,26.71,25.69,27.65
2016-08-10T19:00,2016-08-10,19,25.86,25.81,25.47,25.72,25.61,25.95,25.56,26.22,25.58,27.05
2016-08-10T20:00,2016-08-10,20,25.75,25.77,25.33,25.62,25.64,25.75,25.5,26.17,25.47,26.61
2016-08-10T21:00,2016-08-10,21,25.69,25.72,25.19,25.62,25.52,25.76,25.51,26.22,25.46,26.34
2016-08-10T22:00,2016-08-10,22,25.66,25.7,25.14,25.66,25.55,25.69,25.51,26.15,25.43,26.18
2016-08-10T23:00,2016-08-10,23,25.61,25.64,25.16,25.67,25.55,25.61,25.47,26.02,25.44,25.98
2016-08-11T00:00,2016-08-11,0,25.57,25.66,25.11,25.6,25.5,25.55,25.47,25.87,25.43,25.88
2016-08-11T01:00,2016-08-11,1,25.5,25.63,24.75,25.51,25.24,25.35,25.56,26.12,25.5,25.63
2016-08-11T02:00,2016-08-11,2,25.41,25.54,24.67,25.45,25.11,25.26,25.45,26.2,25.4,25.54
2016-08-11T03:00,2016-08-11,3,25.36,25.5,24.63,25.4,25.01,25.17,25.4,26.25,25.37,25.4
2016-08-11T04:00,2016-08-11,4,25.29,25.54,24.59,25.33,24.97,25.03,25.4,25.71,25.25,25.27
2016-08-11T05:00,2016-08-11,5,25.24,25.51,24.62,25.27,24.96,25.02,25.43,25.57,25.11,25.18
2016-08-11T06:00,2016-08-11,6,25.25,25.46,24.7,25.3,25.09,25.01,25.49,25.59,25.07,25.16
2016-08-11T07:00,2016-08-11,7,25.43,25.51,25.03,25.54,25.41,25.83,25.57,25.78,25.04,25.25
2016-08-11T08:00,2016-08-11,8,25.75,25.72,25.44,25.99,26.09,26.65,25.75,26.22,25.13,25.45
2016-08-11T09:00,2016-08-11,9,26.49,26.66,26.26,26.81,27.02,27.18,26.21,27.31,25.66,25.82
2016-08-11T10:00,2016-08-11,10,26.88,27.13,26.05,27.26,27.52,27.58,26.8,28.03,26.03,25.99
2016-08-11T11:00,2016-08-11,11,27.42,27.62,26.06,27.96,27.8,28.22,27.75,29.27,26.59,26.24
2016-08-11T12:00,2016-08-11,12,28.2,28.92,25.94,28.45,28.24,28.86,29.03,29.53,27.43,26.73
2016-08-11T13:00,2016-08-11,13,28.64,27.96,26.44,28.92,29.73,31.64,28.31,28.82,27.82,30.34
2016-08-11T14:00,2016-08-11,14,28.91,28.69,26.85,28.95,29.21,31.4,28.9,28.74,27.71,30.78
2016-08-11T15:00,2016-08-11,15,29.04,29.54,27.59,28.86,29.51,30.6,28.87,28.1,27.38,30.42
2016-08-11T16:00,2016-08-11,16,28.77,29.19,27.68,28.28,29.57,29.0,28.59,28.04,27.85,30.03
2016-08-11T17:00,2016-08-11,17,28.27,28.43,26.99,27.79,29.07,28.18,28.02,27.23,28.39,29.58
2016-08-11T18:00,2016-08-11,18,27.81,27.84,26.5,27.52,28.33,27.58,27.59,26.95,28.34,28.92
2016-08-11T19:00,2016-08-11,19,27.31,27.32,26.12,27.04,27.58,26.98,27.15,26.7,27.89,28.33
2016-08-11T20:00,2016-08-11,20,26.98,26.98,25.95,26.68,27.01,26.67,26.89,26.66,27.53,27.96
2016-08-11T21:00,2016-08-11,21,26.74,26.72,25.84,26.48,26.63,26.51,26.75,26.72,27.05,27.63
2016-08-11T22:00,2016-08-11,22,26.53,26.5,25.75,26.47,26.4,26.23,26.63,26.78,26.59,27.28
2016-08-11T23:00,2016-08-11,23,26.27,26.29,25.44,26.19,25.93,26.03,26.47,26.62,26.3,26.92
2016-08-12T00:00,2016-08-12,0,26.06,26.19,25.23,25.79,25.72,25.84,26.32,26.44,26.16,26.54
2016-08-12T01:00,2016-08-12,1,26.17,26.2,25.24,25.9,26.08,25.82,26.31,26.46,26.4,26.92
2016-08-12T02:00,2016-08-12,2,26.01,25.91,25.19,25.89,25.87,25.82,26.1,26.02,26.43,26.69
2016-08-12T03:00,2016-08-12,3,25.85,25.79,25.11,25.84,25.79,25.6,25.61,25.72,26.38,26.48
2016-08-12T04:00,2016-08-12,4,25.78,25.7,25.23,25.77,25.7,25.43,25.55,25.7,26.3,26.42
2016-08-12T05:00,2016-08-12,5,25.7,25.63,25.17,25.65,25.62,25.39,25.48,25.6,26.22,26.31
2016-08-12T06:00,2016-08-12,6,25.69,25.61,25.24,25.66,25.63,25.38,25.42,25.62,26.13,26.33
2016-08-12T07:00,2016-08-12,7,26.17,26.2,25.77,26.15,26.08,26.03,25.93,26.1,26.48,26.49
2016-08-12T08:00,2016-08-12,8,27.01,27.15,26.62,27.24,26.73,26.63,26.67,27.13,27.21,27.16
2016-08-12T09:00,2016-08-12,9,27.86,28.14,27.42,28.14,27.56,27.33,27.46,27.72,28.02,28.07
2016-08-12T10:00,2016-08-12,10,28.77,29.38,28.1,29.12,28.72,27.66,28.1,27.75,29.15,28.9
2016-08-12T11:00,2016-08-12,11,29.29,29.76,27.68,29.33,29.6,28.51,28.75,27.94,30.34,29.63
2016-08-12T12:00,2016-08-12,12,29.45,29.47,28.2,28.46,30.41,29.77,28.86,27.43,31.01,30.52
2016-08-12T13:00,2016-08-12,13,30.1,29.39,28.73,29.35,31.72,31.63,28.94,29.16,31.87,31.33
2016-08-12T14:00,2016-08-12,14,30.49,30.09,28.71,30.11,31.81,31.85,29.03,30.09,31.78,31.76
2016-08-12T15:00,2016-08-12,15,30.49,30.28,28.53,30.32,31.97,31.98,29.23,29.61,31.3,31.57
2016-08-12T16:00,2016-08-12,16,30.02,30.07,27.98,29.73,31.11,31.46,29.45,28.23,30.64,30.98
2016-08-12T17:00,2016-08-12,17,29.6,29.71,27.76,29.21,30.2,30.68,29.33,28.12,30.05,30.61
2016-08-12T18:00,2016-08-12,18,28.88,28.84,27.14,28.3,29.75,29.69,28.96,27.91,29.49,29.61
2016-08-12T19:00,2016-08-12,19,28.17,28.02,26.67,27.66,28.99,28.68,28.32,27.62,28.76,28.85
2016-08-12T20:00,2016-08-12,20,27.66,27.49,26.32,27.2,28.09,27.87,27.97,27.49,28.25,28.33
2016-08-12T21:00,2016-08-12,21,27.28,27.11,26.09,26.98,27.44,27.4,27.61,27.31,27.76,27.96
2016-08-12T22:00,2016-08-12,22,27.02,26.93,26.07,26.54,27.0,26.97,27.41,27.29,27.49,27.53
2016-08-12T23:00,2016-08-12,23,26.72,26.71,25.95,26.2,26.57,26.75,26.92,27.11,27.04,27.23
2016-08-13T00:00,2016-08-13,0,26.4,26.43,25.73,26.01,25.8,26.36,26.59,27.0,26.68,26.95
2016-08-13T01:00,2016-08-13,1,26.57,26.68,25.25,26.16,26.15,26.63,26.89,27.15,26.63,27.38
2016-08-13T02:00,2016-08-13,2,26.24,26.16,25.22,25.84,26.0,26.31,26.68,26.65,26.39,26.97
2016-08-13T03:00,2016-08-13,3,25.96,25.71,25.15,25.56,25.8,26.04,26.51,26.56,26.2,26.57
2016-08-13T04:00,2016-08-13,4,25.83,25.62,25.06,25.45,25.73,25.89,26.22,26.48,26.13,26.33
2016-08-13T05:00,2016-08-13,5,25.76,25.6,24.87,25.47,25.7,25.8,26.18,26.43,25.99,26.17
2016-08-13T06:00,2016-08-13,6,25.76,25.62,24.93,25.49,25.75,25.78,26.1,26.45,25.99,26.05
2016-08-13T07:00,2016-08-13,7,26.29,26.15,25.44,26.26,26.04,26.25,26.62,26.99,26.41,26.68
2016-08-13T08:00,2016-08-13,8,27.14,27.03,26.42,27.09,26.59,27.14,27.87,28.1,26.89,27.48
2016-08-13T09:00,2016-08-13,9,28.19,28.17,27.53,28.23,28.05,28.07,29.17,28.79,27.62,28.3
2016-08-13T10:00,2016-08-13,10,29.53,29.9,28.65,29.74,29.5,29.27,30.24,29.34,28.92,29.31
2016-08-13T11:00,2016-08-13,11,30.36,31.01,29.52,30.49,30.61,30.16,30.65,27.87,30.2,30.35
2016-08-13T12:00,2016-08-13,12,30.55,31.3,28.94,29.71,30.89,30.25,30.86,28.11,31.19,31.04
2016-08-13T13:00,2016-08-13,13,31.24,31.8,29.16,30.9,31.66,31.36,31.32,28.57,32.14,31.73
2016-08-13T14:00,2016-08-13,14,31.44,31.84,28.93,31.14,32.15,31.74,31.01,29.11,32.6,32.42
2016-08-13T15:00,2016-08-13,15,30.81,30.33,28.71,30.21,32.49,32.05,30.34,29.28,32.66,31.56
2016-08-13T16:00,2016-08-13,16,30.15,29.34,28.23,29.21,31.81,30.97,30.12,29.87,32.01,31.14
2016-08-13T17:00,2016-08-13,17,29.5,28.97,27.78,28.84,29.91,29.9,30.03,29.6,30.86,30.25
2016-08-13T18:00,2016-08-13,18,29.0,28.71,27.32,28.44,29.07,29.08,29.66,29.18,30.09,29.54
2016-08-13T19:00,2016-08-13,19,28.35,28.22,26.78,27.98,28.42,28.18,29.02,28.45,29.23,28.72
2016-08-13T20:00,2016-08-13,20,27.86,27.78,26.17,27.61,27.82,27.57,28.53,27.99,28.64,28.2
2016-08-13T21:00,2016-08-13,21,27.5,27.51,25.73,27.37,27.37,26.95,28.14,27.67,28.19,27.94
2016-08-13T22:00,2016-08-13,22,27.27,27.36,25.7,27.16,26.96,26.57,27.89,27.49,27.87,27.6
2016-08-13T23:00,2016-08-13,23,27.04,27.15,25.7,26.87,26.56,26.32,27.62,27.36,27.61,27.36
2016-08-14T00:00,2016-08-14,0,26.85,27.05,25.65,26.65,26.33,25.92,27.48,27.17,27.38,27.06
2016-08-14T01:00,2016-08-14,1,26.95,27.04,25.81,26.95,26.45,26.12,27.37,27.16,27.42,27.43
2016-08-14T02:00,2016-08-14,2,26.72,26.84,25.63,26.68,26.07,25.93,27.23,27.1,27.2,27.08
2016-08-14T03:00,2016-08-14,3,26.5,26.62,25.41,26.42,25.83,25.85,27.02,26.94,26.98,26.76
2016-08-14T04:00,2016-08-14,4,26.34,26.48,25.32,26.21,25.64,25.76,26.84,26.9,26.75,26.54
2016-08-14T05:00,2016-08-14,5,26.2,26.35,25.24,26.06,25.53,25.66,26.7,26.8,26.52,26.37
2016-08-14T06:00,2016-08-14,6,26.15,26.33,25.21,26.05,25.51,25.6,26.69,26.71,26.41,26.19
2016-08-14T07:00,2016-08-14,7,26.81,27.11,25.51,26.67,26.18,26.03,27.57,27.42,27.17,26.67
2016-08-14T08:00,2016-08-14,8,27.8,28.23,25.95,27.71,27.39,26.5,28.74,28.43,28.38,27.43
2016-08-14T09:00,2016-08-14,9,28.86,29.34,26.84,28.9,28.72,27.46,29.8,29.2,29.37,28.46
2016-08-14T10:00,2016-08-14,10,29.94,30.48,27.78,29.88,30.03,28.81,30.83,29.93,30.37,29.62
2016-08-14T11:00,2016-08-14,11,30.81,31.32,28.52,30.72,30.88,29.69,31.7,30.46,31.4,30.68
2016-08-14T12:00,2016-08-14,12,31.25,31.81,28.65,31.05,31.63,30.43,31.46,30.99,32.03,31.4
2016-08-14T13:00,2016-08-14,13,31.5,32.42,28.47,31.33,31.99,31.26,30.77,30.43,32.41,31.85
2016-08-14T14:00,2016-08-14,14,31.41,32.23,28.51,31.16,31.94,31.57,30.41,30.11,32.35,32.08
2016-08-14T15:00,2016-08-14,15,30.62,31.26,28.38,29.77,31.59,31.68,30.13,28.62,31.29,31.12
2016-08-14T16:00,2016-08-14,16,30.16,30.33,28.24,29.59,31.35,31.38,29.65,28.36,30.68,31.14
2016-08-14T17:00,2016-08-14,17,29.56,29.64,27.44,29.26,30.45,30.53,29.16,28.01,30.07,30.75
2016-08-14T18:00,2016-08-14,18,28.84,28.96,27.04,28.63,29.58,29.19,28.61,27.85,29.19,29.82
2016-08-14T19:00,2016-08-14,19,28.24,28.36,26.63,28.09,28.94,28.25,28.12,27.53,28.58,28.99
2016-08-14T20:00,2016-08-14,20,27.74,27.95,26.06,27.61,28.06,27.61,27.75,27.34,28.14,28.31
2016-08-14T21:00,2016-08-14,21,27.41,27.58,25.93,27.26,27.49,27.2,27.57,27.21,27.72,27.95
2016-08-14T22:00,2016-08-14,22,27.08,27.25,25.73,26.87,27.08,26.71,27.27,27.07,27.48,27.55
2016-08-14T23:00,2016-08-14,23,26.8,27.01,25.67,26.55,26.84,26.45,26.99,26.89,27.06,27.13
2016-08-15T00:00,2016-08-15,0,26.5,26.71,25.56,26.3,26.56,26.31,26.64,26.22,26.7,26.83
2016-08-15T01:00,2016-08-15,1,27.03,27.06,25.99,26.69,27.36,26.74,27.29,26.65,27.56,27.5
2016-08-15T02:00,2016-08-15,2,26.79,26.84,25.68,26.45,27.12,26.49,26.97,26.43,27.31,27.32
2016-08-15T03:00,2016-08-15,3,26.56,26.67,25.31,26.18,26.88,26.32,26.56,26.22,27.12,27.15
2016-08-15T04:00,2016-08-15,4,26.41,26.48,25.31,26.13,26.65,26.19,26.3,26.12,26.95,26.99
2016-08-15T05:00,2016-08-15,5,26.23,26.29,25.23,25.98,26.4,26.07,26.01,25.91,26.82,26.82
2016-08-15T06:00,2016-08-15,6,26.22,26.31,25.33,26.06,26.48,26.13,25.92,25.82,26.76,26.69
2016-08-15T07:00,2016-08-15,7,26.93,27.08,26.03,26.84,27.25,26.81,26.4,26.12,27.57,27.44
2016-08-15T08:00,2016-08-15,8,27.96,28.16,26.92,27.85,28.29,27.48,27.47,27.01,28.77,28.53
2016-08-15T09:00,2016-08-15,9,29.18,29.43,28.17,29.25,29.24,28.34,28.75,28.25,29.98,29.73
2016-08-15T10:00,2016-08-15,10,30.27,30.53,29.17,30.3,30.7,29.54,29.87,29.19,31.04,30.7
2016-08-15T11:00,2016-08-15,11,31.22,31.57,30.05,31.27,31.69,30.48,30.73,30.06,31.92,31.6
2016-08-15T12:00,2016-08-15,12,31.83,32.22,30.53,31.8,32.31,31.16,31.32,30.66,32.58,32.23
2016-08-15T13:00,2016-08-15,13,32.31,32.76,30.72,32.11,32.66,31.75,31.95,31.07,32.96,33.05
2016-08-15T14:00,2016-08-15,14,32.5,33.04,30.55,32.35,32.93,32.25,31.89,30.57,33.34,33.35
2016-08-15T15:00,2016-08-15,15,32.2,32.84,29.81,32.12,32.88,32.55,31.13,29.97,33.25,32.9
2016-08-15T16:00,2016-08-15,16,31.7,32.15,29.13,31.71,32.84,32.49,29.86,29.92,33.08,32.47
2016-08-15T17:00,2016-08-15,17,30.69,30.92,28.73,30.68,32.11,32.22,28.87,29.58,31.47,31.24
2016-08-15T18:00,2016-08-15,18,29.81,30.12,28.15,29.86,31.08,31.44,28.3,28.69,30.13,30.09
2016-08-15T19:00,2016-08-15,19,29.04,29.35,27.66,29.03,29.93,30.53,27.86,28.07,29.14,29.41
2016-08-15T20:00,2016-08-15,20,28.45,28.82,27.31,28.42,28.81,29.19,27.56,27.75,28.68,28.75
2016-08-15T21:00,2016-08-15,21,28.0,28.43,27.07,27.92,28.08,28.22,27.25,27.41,28.27,28.31
2016-08-15T22:00,2016-08-15,22,27.59,28.0,26.79,27.53,27.38,27.41,26.97,27.23,27.89,27.98
2016-08-15T23:00,2016-08-15,23,27.27,27.62,26.61,27.14,27.1,26.63,26.73,27.05,27.66,27.75
2016-08-16T00:00,2016-08-16,0,26.99,27.33,26.42,26.88,26.84,26.12,26.55,26.79,27.39,27.49
2016-08-16T01:00,2016-08-16,1,27.12,27.37,26.34,27.02,26.91,26.25,26.69,26.73,27.56,28.05
2016-08-16T02:00,2016-08-16,2,26.85,27.14,26.09,26.76,26.45,26.08,26.48,26.54,27.23,27.74
2016-08-16T03:00,2016-08-16,3,26.7,27.01,25.91,26.59,26.3,25.96,26.36,26.4,27.07,27.49
2016-08-16T04:00,2016-08-16,4,26.54,26.85,25.79,26.38,26.09,25.91,26.23,26.29,26.9,27.27
2016-08-16T05:00,2016-08-16,5,26.43,26.7,25.75,26.27,26.05,25.83,26.11,26.28,26.74,27.15
2016-08-16T06:00,2016-08-16,6,26.39,26.65,25.73,26.23,26.04,25.86,26.08,26.34,26.69,27.02
2016-08-16T07:00,2016-08-16,7,27.06,27.22,26.56,27.02,26.59,26.51,26.78,27.07,27.46,27.56
2016-08-16T08:00,2016-08-16,8,28.08,28.13,27.67,28.25,27.63,27.74,27.94,28.01,28.38,28.41
2016-08-16T09:00,2016-08-16,9,29.27,29.41,28.88,29.45,28.93,29.31,28.93,28.94,29.49,29.51
2016-08-16T10:00,2016-08-16,10,30.38,30.53,29.98,30.53,30.13,30.77,30.07,29.95,30.57,30.42
2016-08-16T11:00,2016-08-16,11,31.17,31.39,30.2,31.31,31.1,31.97,30.88,30.57,31.35,31.13
2016-08-16T12:00,2016-08-16,12,31.83,32.05,30.64,31.88,31.88,32.76,31.76,30.95,31.98,31.86
2016-08-16T13:00,2016-08-16,13,32.34,32.79,30.13,32.85,33.12,33.78,31.88,29.6,32.78,32.27
2016-08-16T14:00,2016-08-16,14,32.28,32.98,28.87,32.48,33.43,33.89,31.23,29.83,33.07,32.57
2016-08-16T15:00,2016-08-16,15,31.75,32.99,28.13,31.75,33.04,33.72,30.65,28.97,32.41,31.07
2016-08-16T16:00,2016-08-16,16,31.02,32.52,27.63,30.35,32.09,32.97,30.31,28.9,31.92,29.39
2016-08-16T17:00,2016-08-16,17,29.99,30.94,27.59,28.52,30.89,32.38,29.94,28.29,30.82,28.95
2016-08-16T18:00,2016-08-16,18,28.89,28.98,27.19,27.62,30.16,31.18,29.09,27.59,29.6,28.71
2016-08-16T19:00,2016-08-16,19,28.05,27.72,26.93,27.4,28.97,29.66,28.28,27.2,28.6,28.44
2016-08-16T20:00,2016-08-16,20,27.57,27.25,26.66,27.32,27.93,28.3,27.79,27.04,27.99,28.27
2016-08-16T21:00,2016-08-16,21,27.25,27.09,25.64,27.22,27.32,27.64,27.5,26.95,27.55,28.26
2016-08-16T22:00,2016-08-16,22,27.08,27.09,25.41,26.99,26.97,27.34,27.19,27.06,27.13,28.26
2016-08-16T23:00,2016-08-16,23,26.89,27.1,25.23,26.57,26.79,27.09,26.87,26.87,26.84,28.12
2016-08-17T00:00,2016-08-17,0,26.73,27.08,25.11,26.02,26.66,26.97,26.8,26.63,26.64,27.93
2016-08-17T01:00,2016-08-17,1,26.89,27.22,25.65,25.89,27.12,27.19,26.65,26.22,27.07,28.24
2016-08-17T02:00,2016-08-17,2,26.76,26.92,25.75,25.84,27.16,26.86,26.59,26.25,27.09,27.88
2016-08-17T03:00,2016-08-17,3,26.6,26.65,25.57,25.89,27.04,26.66,26.4,26.34,27.04,27.58
2016-08-17T04:00,2016-08-17,4,26.51,26.64,25.08,25.93,27.0,26.46,26.26,26.43,26.98,27.45
2016-08-17T05:00,2016-08-17,5,26.48,26.7,24.94,25.99,26.88,26.45,26.27,26.16,26.92,27.32
2016-08-17T06:00,2016-08-17,6,26.5,26.9,25.09,25.96,26.72,26.42,26.29,26.11,26.86,27.13
2016-08-17T07:00,2016-08-17,7,26.79,27.29,25.04,26.25,26.68,27.11,26.47,26.25,27.18,27.55
2016-08-17T08:00,2016-08-17,8,27.26,27.72,25.31,26.54,26.74,28.42,26.74,26.45,27.95,28.24
2016-08-17T09:00,2016-08-17,9,27.69,28.14,25.37,26.88,27.11,30.0,27.02,26.39,28.32,28.83
2016-08-17T10:00,2016-08-17,10,28.04,28.2,25.67,26.85,28.71,31.35,27.29,26.62,28.57,29.13
2016-08-17T11:00,2016-08-17,11,28.12,27.66,25.72,26.56,30.38,31.36,27.47,26.82,28.97,29.65
2016-08-17T12:00,2016-08-17,12,27.94,26.83,25.8,26.73,30.52,30.53,27.21,27.35,28.98,30.23
2016-08-17T13:00,2016-08-17,13,28.28,27.54,27.23,27.32,30.49,31.32,26.68,27.03,28.64,30.48
2016-08-17T14:00,2016-08-17,14,28.6,28.25,28.01,27.81,30.01,30.82,27.1,27.23,28.21,31.12
2016-08-17T15:00,2016-08-17,15,28.71,28.72,28.44,27.82,29.73,30.58,27.32,27.2,28.07,30.94
2016-08-17T16:00,2016-08-17,16,28.5,28.44,28.35,27.9,29.66,30.43,27.2,26.96,28.01,30.11
2016-08-17T17:00,2016-08-17,17,28.16,28.14,27.83,27.81,29.04,30.25,26.99,26.91,28.17,28.77
2016-08-17T18:00,2016-08-17,18,27.83,27.86,27.32,27.51,28.7,29.63,26.81,26.92,28.06,27.99
2016-08-17T19:00,2016-08-17,19,27.56,27.6,27.05,27.27,28.43,28.89,26.52,26.93,27.87,27.74
2016-08-17T20:00,2016-08-17,20,27.44,27.51,26.8,27.25,28.36,28.39,26.42,26.69,27.77,27.76
2016-08-17T21:00,2016-08-17,21,27.33,27.42,26.69,27.13,28.36,27.99,26.38,26.45,27.64,27.74
2016-08-17T22:00,2016-08-17,22,27.23,27.35,26.52,27.04,28.15,27.78,26.31,26.31,27.59,27.67
2016-08-17T23:00,2016-08-17,23,27.11,27.19,26.38,26.91,28.04,27.5,26.31,26.28,27.48,27.58
2016-08-18T00:00,2016-08-18,0,26.99,27.13,26.25,26.7,27.72,27.26,26.28,26.16,27.45,27.43
2016-08-18T01:00,2016-08-18,1,26.88,26.72,26.38,26.71,27.46,27.19,26.26,25.92,27.37,27.82
2016-08-18T02:00,2016-08-18,2,26.64,26.4,26.24,26.41,27.33,27.14,26.05,25.86,26.93,27.72
2016-08-18T03:00,2016-08-18,3,26.4,26.09,26.14,25.94,27.21,27.06,25.88,25.92,26.5,27.58
2016-08-18T04:00,2016-08-18,4,26.23,25.94,25.86,25.88,27.07,26.97,25.86,25.99,25.9,27.49
2016-08-18T05:00,2016-08-18,5,26.11,25.86,25.56,25.77,27.0,26.81,25.87,25.98,25.61,27.35
2016-08-18T06:00,2016-08-18,6,26.08,25.88,25.69,25.77,26.79,26.75,25.86,26.0,25.55,27.26
2016-08-18T07:00,2016-08-18,7,26.2,25.94,26.12,25.72,26.9,27.53,26.01,26.04,25.56,27.18
2016-08-18T08:00,2016-08-18,8,26.55,26.07,26.91,25.88,27.38,28.78,26.51,26.39,25.72,27.3
2016-08-18T09:00,2016-08-18,9,27.0,26.3,27.74,26.08,28.07,29.56,27.34,27.25,26.0,27.53
2016-08-18T10:00,2016-08-18,10,27.67,27.14,28.87,26.56,28.6,30.1,28.21,27.9,26.58,27.73
2016-08-18T11:00,2016-08-18,11,28.16,27.34,30.11,27.08,29.36,30.7,28.77,28.27,26.95,28.19
2016-08-18T12:00,2016-08-18,12,28.7,27.53,30.88,28.0,29.83,31.51,29.76,29.04,27.35,28.41
2016-08-18T13:00,2016-08-18,13,30.4,29.93,30.82,30.41,30.96,32.09,29.57,30.13,30.71,30.37
2016-08-18T14:00,2016-08-18,14,30.62,30.18,30.64,30.81,31.56,32.47,29.28,30.36,30.91,30.86
2016-08-18T15:00,2016-08-18,15,30.6,30.34,30.42,30.95,31.81,31.8,29.61,30.2,30.06,31.2
2016-08-18T16:00,2016-08-18,16,30.3,30.37,29.85,30.61,31.24,31.2,29.69,29.93,28.99,31.23
2016-08-18T17:00,2016-08-18,17,29.84,30.23,29.18,30.06,30.49,30.21,29.27,29.5,28.66,30.55
2016-08-18T18:00,2016-08-18,18,29.16,29.56,28.39,29.1,29.83,29.66,28.79,28.76,28.42,29.5
2016-08-18T19:00,2016-08-18,19,28.41,28.76,27.67,28.24,28.98,28.79,28.06,27.99,28.02,28.67
2016-08-18T20:00,2016-08-18,20,27.9,28.19,27.18,27.59,28.37,28.26,27.66,27.57,27.7,28.17
2016-08-18T21:00,2016-08-18,21,27.54,27.75,26.86,27.27,27.93,27.83,27.31,27.27,27.46,27.91
2016-08-18T22:00,2016-08-18,22,27.18,27.24,26.66,26.83,27.53,27.49,26.99,27.0,27.26,27.62
2016-08-18T23:00,2016-08-18,23,26.86,26.78,26.25,26.5,27.24,27.21,26.8,26.84,26.98,27.45
2016-08-19T00:00,2016-08-19,0,26.56,26.42,25.91,26.12,26.84,26.98,26.53,26.64,26.79,27.24
2016-08-19T01:00,2016-08-19,1,26.5,26.25,26.03,26.09,26.84,27.09,26.48,26.55,26.71,27.11
2016-08-19T02:00,2016-08-19,2,26.26,26.02,25.83,25.93,26.46,26.73,26.31,26.43,26.38,26.88
2016-08-19T03:00,2016-08-19,3,26.06,25.83,25.57,25.79,26.16,26.4,26.21,26.32,26.15,26.67
2016-08-19T04:00,2016-08-19,4,25.9,25.77,25.47,25.65,25.95,26.1,26.06,26.2,25.9,26.42
2016-08-19T05:00,2016-08-19,5,25.79,25.75,25.34,25.47,25.88,25.75,25.99,26.14,25.69,26.28
2016-08-19T06:00,2016-08-19,6,25.69,25.66,25.25,25.41,25.66,25.71,26.06,26.1,25.53,26.05
2016-08-19T07:00,2016-08-19,7,26.55,26.54,26.3,26.43,26.4,26.81,26.7,27.0,26.41,26.67
2016-08-19T08:00,2016-08-19,8,27.8,27.88,27.75,27.88,27.82,27.94,27.66,28.15,27.57,27.64
2016-08-19T09:00,2016-08-19,9,28.86,29.06,28.66,29.1,29.1,28.78,28.51,29.03,28.65,28.68
2016-08-19T10:00,2016-08-19,10,29.76,29.96,29.42,29.98,30.14,29.7,29.4,29.8,29.66,29.53
2016-08-19T11:00,2016-08-19,11,30.62,30.68,30.25,30.65,30.94,30.52,30.32,30.6,30.9,30.54
2016-08-19T12:00,2016-08-19,12,31.08,31.12,30.48,30.91,31.42,31.12,31.03,31.09,31.33,31.1
2016-08-19T13:00,2016-08-19,13,31.29,31.46,30.76,31.17,31.66,30.85,30.73,31.1,31.51,31.89
2016-08-19T14:00,2016-08-19,14,31.4,31.52,30.59,31.2,31.81,31.17,30.76,31.14,31.79,32.14
2016-08-19T15:00,2016-08-19,15,31.42,31.6,30.3,31.12,31.79,31.41,30.91,31.02,31.73,32.34
2016-08-19T16:00,2016-08-19,16,31.05,31.23,29.63,30.9,31.71,31.28,30.33,30.48,31.41,31.94
2016-08-19T17:00,2016-08-19,17,30.51,30.4,29.02,30.4,31.36,31.04,30.04,29.81,30.89,31.51
2016-08-19T18:00,2016-08-19,18,29.74,29.7,28.22,29.53,30.49,30.25,29.4,29.12,30.11,30.74
2016-08-19T19:00,2016-08-19,19,28.88,28.89,27.42,28.62,29.59,29.34,28.62,28.35,29.26,29.66
2016-08-19T20:00,2016-08-19,20,28.3,28.39,26.99,27.99,28.97,28.69,28.02,27.9,28.59,28.91
2016-08-19T21:00,2016-08-19,21,27.85,28.05,26.56,27.59,28.37,28.22,27.57,27.46,28.06,28.3
2016-08-19T22:00,2016-08-19,22,27.49,27.7,26.23,27.18,27.92,27.87,27.24,27.22,27.71,27.91
2016-08-19T23:00,2016-08-19,23,27.19,27.45,25.82,26.85,27.52,27.59,26.98,27.0,27.46,27.5
2016-08-20T00:00,2016-08-20,0,26.92,27.19,25.57,26.6,27.19,27.35,26.75,26.78,27.16,27.19
2016-08-20T01:00,2016-08-20,1,26.93,27.23,25.52,26.65,27.04,27.08,26.81,26.88,27.25,27.22
2016-08-20T02:00,2016-08-20,2,26.69,26.93,25.37,26.38,26.74,26.9,26.67,26.8,26.97,26.96
2016-08-20T03:00,2016-08-20,3,26.44,26.63,25.14,26.12,26.45,26.75,26.46,26.6,26.67,26.75
2016-08-20T04:00,2016-08-20,4,26.15,26.34,24.85,25.81,26.17,26.52,26.24,26.41,26.27,26.52
2016-08-20T05:00,2016-08-20,5,26.02,26.19,24.74,25.72,26.08,26.48,26.12,26.23,26.03,26.4
2016-08-20T06:00,2016-08-20,6,25.9,26.01,24.96,25.57,25.97,26.48,25.99,26.12,25.78,26.25
2016-08-20T07:00,2016-08-20,7,27.2,27.33,26.48,27.14,27.51,27.28,27.1,27.3,27.1,27.43
2016-08-20T08:00,2016-08-20,8,28.36,28.44,27.5,28.5,28.56,28.04,28.36,28.35,28.38,28.73
2016-08-20T09:00,2016-08-20,9,29.49,29.57,28.43,29.36,29.66,29.24,29.49,29.36,29.77,30.04
2016-08-20T10:00,2016-08-20,10,30.45,30.51,29.28,30.27,30.72,29.92,30.62,30.23,30.8,31.1
2016-08-20T11:00,2016-08-20,11,31.21,31.27,29.87,30.89,31.53,30.81,31.58,30.92,31.57,31.89
2016-08-20T12:00,2016-08-20,12,31.73,31.93,30.18,31.51,32.27,31.35,31.82,30.79,32.22,32.43
2016-08-20T13:00,2016-08-20,13,32.11,32.43,29.5,31.79,32.85,31.2,32.44,31.56,32.85,32.89
2016-08-20T14:00,2016-08-20,14,32.17,32.43,29.33,31.65,33.14,31.39,32.58,31.58,32.98,33.08
2016-08-20T15:00,2016-08-20,15,32.09,32.48,28.7,31.58,33.13,31.15,32.63,31.72,32.81,33.02
2016-08-20T16:00,2016-08-20,16,31.49,32.08,28.02,30.6,32.69,30.89,31.59,30.6,32.24,32.79
2016-08-20T17:00,2016-08-20,17,30.86,31.35,27.64,29.91,32.15,30.22,30.73,30.09,31.63,32.39
2016-08-20T18:00,2016-08-20,18,30.12,30.46,27.28,29.03,31.43,29.74,30.06,29.19,30.96,31.67
2016-08-20T19:00,2016-08-20,19,29.31,29.58,26.72,28.14,30.56,29.06,29.35,28.6,30.09,30.75
2016-08-20T20:00,2016-08-20,20,28.78,28.94,26.58,27.67,29.91,28.61,28.91,28.29,29.41,30.08
2016-08-20T21:00,2016-08-20,21,28.33,28.33,26.43,27.31,29.37,28.2,28.61,28.04,28.94,29.54
2016-08-20T22:00,2016-08-20,22,28.03,28.0,26.31,27.1,28.98,27.99,28.33,27.86,28.55,29.05
2016-08-20T23:00,2016-08-20,23,27.77,27.77,26.18,26.86,28.63,27.66,28.15,27.6,28.26,28.68
2016-08-21T00:00,2016-08-21,0,27.54,27.62,25.84,26.73,28.25,27.43,28.01,27.4,27.95,28.33
2016-08-21T01:00,2016-08-21,1,27.47,27.54,25.79,26.68,27.95,26.71,28.21,27.61,27.97,28.24
2016-08-21T02:00,2016-08-21,2,27.24,27.14,25.73,26.53,27.64,26.37,28.1,27.52,27.81,28.15
2016-08-21T03:00,2016-08-21,3,26.95,26.66,25.59,26.36,27.26,25.99,27.95,27.5,27.5,27.91
2016-08-21T04:00,2016-08-21,4,26.72,26.39,25.46,26.16,27.01,25.77,27.79,27.46,27.19,27.56
2016-08-21T05:00,2016-08-21,5,26.59,26.34,25.31,25.99,26.83,25.66,27.65,27.43,27.01,27.31
2016-08-21T06:00,2016-08-21,6,26.52,26.4,25.29,25.82,26.69,25.66,27.5,27.35,26.95,27.14
2016-08-21T07:00,2016-08-21,7,26.76,26.53,25.04,25.91,26.94,25.72,27.4,27.31,27.73,28.18
2016-08-21T08:00,2016-08-21,8,27.24,26.9,25.06,25.98,27.43,26.05,27.7,27.46,28.92,29.4
2016-08-21T09:00,2016-08-21,9,27.65,27.02,25.07,26.05,28.06,26.54,28.02,27.57,29.81,30.67
2016-08-21T10:00,2016-08-21,10,28.0,27.11,25.23,26.25,28.39,27.1,28.41,27.48,30.62,31.61
2016-08-21T11:00,2016-08-21,11,28.34,27.36,25.39,26.56,28.85,27.88,28.54,27.5,30.82,32.47
2016-08-21T12:00,2016-08-21,12,28.47,27.51,25.56,26.48,29.56,28.79,28.51,27.11,30.52,32.77
2016-08-21T13:00,2016-08-21,13,27.51,27.52,25.19,27.18,30.12,29.21,26.7,26.12,27.25,28.65
2016-08-21T14:00,2016-08-21,14,27.45,27.72,25.18,26.9,29.17,28.3,26.5,25.82,27.49,29.24
2016-08-21T15:00,2016-08-21,15,27.47,27.73,25.34,26.71,28.3,27.55,26.54,25.8,28.03,29.95
2016-08-21T16:00,2016-08-21,16,27.3,27.57,25.1,26.06,27.53,27.05,26.54,25.3,28.4,30.29
2016-08-21T17:00,2016-08-21,17,27.01,27.28,25.06,25.4,27.07,26.9,26.53,25.01,27.99,30.08
2016-08-21T18:00,2016-08-21,18,26.51,26.46,24.99,24.9,26.82,26.66,26.58,25.03,27.44,28.95
2016-08-21T19:00,2016-08-21,19,25.98,25.53,25.05,24.69,26.7,26.28,26.49,25.22,26.68,27.69
2016-08-21T20:00,2016-08-21,20,25.71,25.1,24.99,24.72,26.62,26.04,26.46,25.58,26.21,26.88
2016-08-21T21:00,2016-08-21,21,25.57,24.95,24.95,24.78,26.56,25.87,26.36,25.85,25.83,26.36
2016-08-21T22:00,2016-08-21,22,25.5,24.99,24.86,24.91,26.46,25.68,26.18,25.96,25.61,26.15
2016-08-21T23:00,2016-08-21,23,25.48,24.98,24.8,25.08,26.33,25.68,25.96,26.0,25.58,26.11
2016-08-22T00:00,2016-08-22,0,25.44,25.1,24.71,25.21,25.75,25.51,25.83,26.02,25.47,26.16
2016-08-22T01:00,2016-08-22,1,24.86,24.21,24.37,23.97,25.42,24.96,25.54,25.29,25.06,26.33
2016-08-22T02:00,2016-08-22,2,24.84,24.32,24.19,23.95,25.34,24.71,25.41,25.39,24.97,26.38
2016-08-22T03:00,2016-08-22,3,24.79,24.38,24.15,23.83,25.11,24.63,25.36,25.55,24.83,26.24
2016-08-22T04:00,2016-08-22,4,24.7,24.37,23.97,23.85,24.89,24.4,25.27,25.66,24.79,25.97
2016-08-22T05:00,2016-08-22,5,24.65,24.36,23.93,23.85,24.74,24.16,25.23,25.74,24.83,25.71
2016-08-22T06:00,2016-08-22,6,24.62,24.35,23.98,24.0,24.54,24.09,25.25,25.74,24.83,25.41
2016-08-22T07:00,2016-08-22,7,25.26,25.0,24.89,25.1,25.28,25.69,25.32,26.1,25.18,25.67
2016-08-22T08:00,2016-08-22,8,26.39,26.37,26.3,26.75,26.7,27.37,25.55,26.79,25.87,26.53
2016-08-22T09:00,2016-08-22,9,27.72,28.09,27.64,28.48,28.19,28.79,25.86,27.38,27.14,27.67
2016-08-22T10:00,2016-08-22,10,28.9,29.38,28.91,29.63,29.57,29.88,26.6,28.0,28.61,28.94
2016-08-22T11:00,2016-08-22,11,29.79,30.25,29.63,30.41,30.7,30.82,27.42,28.84,29.48,30.04
2016-08-22T12:00,2016-08-22,12,30.4,30.74,30.06,30.83,31.15,31.76,28.64,29.33,30.13,30.55
2016-08-22T13:00,2016-08-22,13,30.22,30.59,30.43,30.69,31.34,31.48,27.47,29.99,29.69,30.53
2016-08-22T14:00,2016-08-22,14,30.22,30.46,30.39,30.78,31.15,31.81,27.56,29.93,29.61,30.67
2016-08-22T15:00,2016-08-22,15,30.04,30.02,29.96,30.58,31.1,31.8,28.04,29.86,29.2,30.81
2016-08-22T16:00,2016-08-22,16,29.66,29.59,29.37,30.17,30.75,31.41,28.16,29.22,28.56,30.62
2016-08-22T17:00,2016-08-22,17,29.13,29.13,28.63,29.38,30.16,30.74,28.03,28.93,27.94,30.13
2016-08-22T18:00,2016-08-22,18,28.46,28.56,27.85,28.52,29.32,29.83,27.51,28.26,27.56,29.3
2016-08-22T19:00,2016-08-22,19,27.74,27.86,27.24,27.8,28.51,28.68,26.9,27.57,27.08,28.36
2016-08-22T20:00,2016-08-22,20,27.2,27.3,26.76,27.24,27.78,28.14,26.45,26.97,26.69,27.71
2016-08-22T21:00,2016-08-22,21,26.74,26.87,26.4,26.62,27.09,27.53,26.21,26.69,26.33,27.09
2016-08-22T22:00,2016-08-22,22,26.42,26.55,25.98,26.32,26.78,27.21,26.0,26.41,26.06,26.63
2016-08-22T23:00,2016-08-22,23,26.13,26.29,25.66,25.95,26.44,26.86,25.88,26.14,25.83,26.18
2016-08-23T00:00,2016-08-23,0,25.89,26.06,25.41,25.73,26.17,26.57,25.62,25.86,25.71,25.88
2016-08-23T01:00,2016-08-23,1,25.54,25.64,25.23,25.3,25.72,26.44,25.3,25.49,25.37,25.57
2016-08-23T02:00,2016-08-23,2,25.36,25.44,25.41,25.06,25.52,26.07,25.09,25.35,25.21,25.29
2016-08-23T03:00,2016-08-23,3,25.13,25.26,25.22,24.85,25.35,25.72,24.9,25.23,24.93,24.96
2016-08-23T04:00,2016-08-23,4,24.87,25.01,24.57,24.57,25.1,25.51,24.76,24.96,24.74,24.74
2016-08-23T05:00,2016-08-23,5,24.72,24.88,24.26,24.48,24.87,25.32,24.64,24.91,24.57,24.57
2016-08-23T06:00,2016-08-23,6,24.64,24.85,24.14,24.43,24.67,25.25,24.64,24.84,24.48,24.41
2016-08-23T07:00,2016-08-23,7,26.01,25.98,26.19,26.08,26.14,26.53,25.72,26.47,25.63,25.95
2016-08-23T08:00,2016-08-23,8,27.56,27.61,27.61,27.77,27.56,27.74,27.49,27.88,27.27,27.32
2016-08-23T09:00,2016-08-23,9,28.8,28.86,28.74,28.91,28.82,28.77,28.75,28.94,28.69,28.7
2016-08-23T10:00,2016-08-23,10,29.75,29.8,29.66,29.81,29.68,29.87,29.87,29.9,29.63,29.59
2016-08-23T11:00,2016-08-23,11,30.48,30.57,30.32,30.5,30.33,30.72,30.57,30.62,30.42,30.2
2016-08-23T12:00,2016-08-23,12,30.85,30.93,30.46,30.87,30.94,31.13,31.0,30.72,30.76,30.73
2016-08-23T13:00,2016-08-23,13,31.32,31.56,30.67,31.36,31.42,31.05,31.49,31.23,31.38,31.07
2016-08-23T14:00,2016-08-23,14,31.51,31.76,30.6,31.5,31.5,31.24,31.89,31.45,31.61,31.3
2016-08-23T15:00,2016-08-23,15,31.49,31.75,30.27,31.48,31.62,31.28,31.74,31.38,31.68,31.42
2016-08-23T16:00,2016-08-23,16,31.26,31.68,29.55,31.23,31.42,31.32,31.24,30.68,31.69,31.28
2016-08-23T17:00,2016-08-23,17,30.89,31.41,28.91,30.8,31.14,30.89,30.85,30.3,31.28,31.02
2016-08-23T18:00,2016-08-23,18,30.18,30.78,28.22,30.07,30.47,30.0,29.83,29.62,30.66,30.36
2016-08-23T19:00,2016-08-23,19,29.25,29.86,27.67,29.3,29.36,29.15,28.98,28.84,29.34,29.28
2016-08-23T20:00,2016-08-23,20,28.35,28.62,27.25,28.35,28.79,28.34,28.3,28.14,28.37,28.37
2016-08-23T21:00,2016-08-23,21,27.82,28.0,26.94,27.79,28.28,27.87,27.79,27.75,27.79,27.83
2016-08-23T22:00,2016-08-23,22,27.4,27.53,26.73,27.45,27.88,27.54,27.38,27.37,27.18,27.38
2016-08-23T23:00,2016-08-23,23,27.06,27.16,26.54,27.11,27.49,27.16,27.14,27.14,26.77,26.99
2016-08-24T00:00,2016-08-24,0,26.82,26.97,26.43,26.86,27.07,26.85,26.95,27.05,26.5,26.66
2016-08-24T01:00,2016-08-24,1,27.11,27.56,26.65,26.88,27.23,27.02,26.88,26.81,27.25,26.81
2016-08-24T02:00,2016-08-24,2,26.86,27.04,26.49,26.74,26.76,26.84,26.77,26.64,27.16,26.76
2016-08-24T03:00,2016-08-24,3,26.62,26.77,26.4,26.54,26.32,26.7,26.66,26.6,26.62,26.62
2016-08-24T04:00,2016-08-24,4,26.47,26.64,26.29,26.41,26.14,26.57,26.6,26.51,26.33,26.45
2016-08-24T05:00,2016-08-24,5,26.29,26.4,26.13,26.26,25.95,26.32,26.47,26.53,26.07,26.31
2016-08-24T06:00,2016-08-24,6,26.26,26.32,26.12,26.19,25.77,26.2,26.37,26.59,26.36,26.24
2016-08-24T07:00,2016-08-24,7,27.36,27.76,27.17,27.59,27.52,27.55,26.92,26.92,27.08,27.02
2016-08-24T08:00,2016-08-24,8,28.65,29.24,28.19,29.04,29.1,28.78,27.66,27.63,28.64,28.2
2016-08-24T09:00,2016-08-24,9,29.77,30.42,29.08,30.2,30.26,29.86,28.52,28.52,29.96,29.49
2016-08-24T10:00,2016-08-24,10,30.82,31.38,30.11,31.22,31.11,30.92,29.63,29.82,31.04,30.73
2016-08-24T11:00,2016-08-24,11,31.61,32.08,30.82,31.93,31.92,31.97,30.61,30.98,31.7,31.45
2016-08-24T12:00,2016-08-24,12,32.24,32.64,31.22,32.47,32.79,32.6,31.54,31.59,32.18,32.27
2016-08-24T13:00,2016-08-24,13,32.52,32.74,30.88,32.47,33.55,33.51,32.19,31.98,32.54,32.58
2016-08-24T14:00,2016-08-24,14,32.71,32.94,30.38,32.7,33.86,33.74,32.46,32.25,32.89,32.81
2016-08-24T15:00,2016-08-24,15,32.76,33.12,30.28,32.65,33.87,33.78,32.39,32.09,33.01,32.94
2016-08-24T16:00,2016-08-24,16,32.34,32.85,29.22,31.89,32.82,33.37,32.29,31.56,32.91,32.85
2016-08-24T17:00,2016-08-24,17,31.77,32.43,28.78,31.49,31.26,32.64,31.76,30.79,32.58,32.2
2016-08-24T18:00,2016-08-24,18,30.9,31.55,28.27,30.66,30.37,31.3,30.82,29.93,31.83,31.19
2016-08-24T19:00,2016-08-24,19,29.98,30.48,28.02,29.84,29.51,30.3,29.89,29.12,30.74,30.24
2016-08-24T20:00,2016-08-24,20,29.19,29.59,27.71,28.99,28.96,29.46,29.1,28.62,29.67,29.43
2016-08-24T21:00,2016-08-24,21,28.76,29.25,27.35,28.47,28.55,28.94,28.6,28.29,29.09,28.98
2016-08-24T22:00,2016-08-24,22,28.33,28.75,27.04,28.13,28.19,28.54,28.13,27.94,28.63,28.54
2016-08-24T23:00,2016-08-24,23,28.0,28.54,26.74,27.77,27.84,28.03,27.69,27.67,28.28,28.12
2016-08-25T00:00,2016-08-25,0,27.63,28.24,26.39,27.42,27.58,27.56,27.33,27.37,27.78,27.68
2016-08-25T01:00,2016-08-25,1,27.31,27.35,26.46,27.31,27.58,27.6,27.06,27.16,27.27,27.89
2016-08-25T02:00,2016-08-25,2,27.07,27.13,26.34,27.04,27.37,27.4,26.88,26.95,27.13,27.32
2016-08-25T03:00,2016-08-25,3,26.89,26.92,26.17,26.85,27.14,27.26,26.69,26.79,26.88,27.25
2016-08-25T04:00,2016-08-25,4,26.78,26.74,26.12,26.66,27.1,27.03,26.6,26.9,26.82,27.29
2016-08-25T05:00,2016-08-25,5,26.65,26.53,25.85,26.45,26.84,26.94,26.63,26.86,26.7,27.35
2016-08-25T06:00,2016-08-25,6,26.51,26.41,25.81,26.36,26.53,26.89,26.49,26.58,26.47,27.26
2016-08-25T07:00,2016-08-25,7,27.95,28.09,26.99,28.01,28.18,28.21,27.67,27.98,27.71,28.47
2016-08-25T08:00,2016-08-25,8,29.34,29.48,28.15,29.32,29.76,29.48,28.96,29.07,29.26,30.19
2016-08-25T09:00,2016-08-25,9,30.62,30.82,29.36,30.44,31.13,30.47,30.21,30.14,30.78,31.53
2016-08-25T10:00,2016-08-25,10,31.64,31.84,30.38,31.33,32.29,31.41,31.33,30.92,31.92,32.5
2016-08-25T11:00,2016-08-25,11,32.38,32.49,31.15,32.11,33.09,32.4,32.05,31.66,32.75,33.1
2016-08-25T12:00,2016-08-25,12,33.03,33.15,31.68,32.79,33.83,33.31,32.67,32.12,33.32,33.83
2016-08-25T13:00,2016-08-25,13,33.59,33.69,31.79,33.23,34.61,34.02,32.89,32.41,34.15,34.84
2016-08-25T14:00,2016-08-25,14,33.8,33.98,31.78,33.42,34.75,34.36,33.21,32.47,34.31,35.05
2016-08-25T15:00,2016-08-25,15,33.59,33.85,30.98,33.21,34.58,34.35,32.79,32.42,34.19,34.98
2016-08-25T16:00,2016-08-25,16,33.06,33.53,30.14,32.26,34.13,34.29,31.72,31.62,33.99,34.61
2016-08-25T17:00,2016-08-25,17,32.32,32.69,28.97,31.29,33.59,33.84,30.96,30.99,33.43,34.16
2016-08-25T18:00,2016-08-25,18,31.52,31.9,28.5,30.42,32.56,32.77,30.32,30.12,32.73,33.19
2016-08-25T19:00,2016-08-25,19,30.52,30.84,28.02,29.42,31.55,31.45,29.56,29.27,31.68,31.94
2016-08-25T20:00,2016-08-25,20,29.84,30.17,27.81,28.85,30.74,30.11,29.04,28.76,30.82,31.14
2016-08-25T21:00,2016-08-25,21,29.3,29.64,27.5,28.45,30.35,28.88,28.59,28.3,30.2,30.56
2016-08-25T22:00,2016-08-25,22,28.83,29.14,27.23,28.1,29.87,27.81,28.15,27.97,29.72,30.12
2016-08-25T23:00,2016-08-25,23,28.33,28.51,27.13,27.63,28.82,26.89,27.86,27.76,29.35,29.74
2016-08-26T00:00,2016-08-26,0,27.81,27.92,26.89,27.31,27.32,26.29,27.52,27.46,28.93,29.37
2016-08-26T01:00,2016-08-26,1,27.64,27.74,27.09,27.22,26.9,26.28,27.48,27.43,28.58,28.9
2016-08-26T02:00,2016-08-26,2,27.29,27.43,26.67,26.88,26.78,26.17,27.23,27.24,28.12,28.12
2016-08-26T03:00,2016-08-26,3,27.08,27.27,26.53,26.8,26.52,26.08,26.93,26.98,27.85,27.75
2016-08-26T04:00,2016-08-26,4,26.85,27.09,26.19,26.74,26.02,25.83,26.75,27.02,27.55,27.35
2016-08-26T05:00,2016-08-26,5,26.65,26.88,25.97,26.7,25.66,25.7,26.62,26.93,27.28,27.01
2016-08-26T06:00,2016-08-26,6,26.45,26.67,25.97,26.61,25.5,25.53,26.47,26.93,26.89,26.52
2016-08-26T07:00,2016-08-26,7,26.62,26.7,26.55,26.88,25.41,25.65,27.3,27.56,26.72,26.39
2016-08-26T08:00,2016-08-26,8,27.0,26.8,27.49,27.2,25.54,25.99,28.37,28.46,26.92,26.5
2016-08-26T09:00,2016-08-26,9,27.59,27.24,28.71,27.84,26.08,26.83,29.12,28.98,27.33,26.86
2016-08-26T10:00,2016-08-26,10,28.58,28.32,29.79,28.97,27.33,28.12,30.04,29.55,28.38,27.27
2016-08-26T11:00,2016-08-26,11,29.79,29.87,30.68,30.32,29.14,29.05,30.89,30.32,29.6,28.01
2016-08-26T12:00,2016-08-26,12,30.63,30.82,31.19,30.98,30.19,30.15,31.46,30.79,30.43,29.27
2016-08-26T13:00,2016-08-26,13,31.03,30.91,31.34,31.18,30.86,31.35,31.86,31.2,30.26,30.77
2016-08-26T14:00,2016-08-26,14,31.36,31.48,31.43,31.7,31.76,32.01,31.99,31.45,29.61,31.25
2016-08-26T15:00,2016-08-26,15,31.54,31.76,31.14,31.86,32.16,32.29,31.98,31.41,29.98,31.49
2016-08-26T16:00,2016-08-26,16,31.49,31.8,30.71,31.82,32.1,32.49,31.36,31.11,30.32,31.56
2016-08-26T17:00,2016-08-26,17,31.22,31.55,30.02,31.43,31.79,32.07,30.88,30.66,30.62,31.45
2016-08-26T18:00,2016-08-26,18,30.54,30.9,29.23,30.59,31.05,31.22,30.19,29.86,30.21,30.87
2016-08-26T19:00,2016-08-26,19,29.74,30.14,28.73,29.72,30.1,30.0,29.41,29.1,29.52,30.04
2016-08-26T20:00,2016-08-26,20,29.03,29.34,28.28,28.94,29.33,29.16,28.8,28.58,28.95,29.21
2016-08-26T21:00,2016-08-26,21,28.62,28.92,28.06,28.51,28.8,28.91,28.34,28.18,28.59,28.69
2016-08-26T22:00,2016-08-26,22,28.23,28.49,27.7,28.23,28.31,28.45,28.0,27.9,28.18,28.25
2016-08-26T23:00,2016-08-26,23,27.92,28.26,27.28,27.97,27.84,28.03,27.68,27.55,27.84,27.99
2016-08-27T00:00,2016-08-27,0,27.6,27.97,26.62,27.74,27.52,27.67,27.33,27.22,27.55,27.8
2016-08-27T01:00,2016-08-27,1,27.52,27.9,26.81,27.75,27.41,27.57,27.19,27.22,27.51,27.4
2016-08-27T02:00,2016-08-27,2,27.29,27.72,26.1,27.47,27.29,27.32,26.89,27.03,27.39,27.31
2016-08-27T03:00,2016-08-27,3,27.03,27.5,25.61,26.89,27.09,27.09,26.66,26.93,27.33,27.09
2016-08-27T04:00,2016-08-27,4,26.75,27.24,25.37,26.3,26.92,26.7,26.33,26.86,27.2,26.9
2016-08-27T05:00,2016-08-27,5,26.41,26.91,25.33,25.71,26.49,25.97,26.2,26.5,26.79,26.69
2016-08-27T06:00,2016-08-27,6,26.22,26.65,25.37,25.54,26.26,25.56,25.88,26.57,26.63,26.62
2016-08-27T07:00,2016-08-27,7,26.91,27.02,25.9,25.95,26.84,25.75,27.06,27.18,27.96,27.81
2016-08-27T08:00,2016-08-27,8,28.05,27.94,26.95,27.17,28.14,26.56,28.0,28.14,29.57,29.34
2016-08-27T09:00,2016-08-27,9,29.29,29.27,27.83,28.85,29.5,27.64,29.13,28.79,30.8,30.54
2016-08-27T10:00,2016-08-27,10,30.23,30.25,28.32,29.81,30.31,28.62,30.32,29.87,31.72,31.54
2016-08-27T11:00,2016-08-27,11,31.02,31.09,29.27,30.49,31.06,29.4,31.3,30.67,32.35,32.19
2016-08-27T12:00,2016-08-27,12,31.63,31.85,29.64,31.17,31.64,30.45,31.74,31.15,32.86,32.62
2016-08-27T13:00,2016-08-27,13,32.61,32.99,29.94,32.22,33.26,32.45,32.52,31.48,33.41,33.57
2016-08-27T14:00,2016-08-27,14,32.81,33.18,29.54,32.42,33.82,33.03,32.64,31.44,33.71,33.97
2016-08-27T15:00,2016-08-27,15,32.69,33.09,29.28,32.0,33.84,33.03,32.56,31.2,33.72,33.88
2016-08-27T16:00,2016-08-27,16,32.3,32.71,28.79,31.66,33.42,32.25,32.25,30.99,33.29,33.61
2016-08-27T17:00,2016-08-27,17,31.66,32.12,28.53,30.91,31.98,31.55,31.59,30.46,32.84,32.99
2016-08-27T18:00,2016-08-27,18,30.84,31.28,28.01,30.12,31.29,30.53,30.76,29.65,31.89,32.13
2016-08-27T19:00,2016-08-27,19,29.97,30.4,27.63,29.28,30.57,29.74,29.75,28.89,30.76,31.12
2016-08-27T20:00,2016-08-27,20,29.37,29.76,27.36,28.7,30.15,29.32,29.08,28.45,29.93,30.38
2016-08-27T21:00,2016-08-27,21,28.93,29.33,27.24,28.3,29.33,29.09,28.64,28.18,29.35,29.83
2016-08-27T22:00,2016-08-27,22,28.52,28.92,27.04,27.9,28.85,28.4,28.24,27.96,28.86,29.39
2016-08-27T23:00,2016-08-27,23,28.24,28.53,26.97,27.68,28.65,28.23,27.94,27.82,28.52,29.09
2016-08-28T00:00,2016-08-28,0,27.91,28.18,26.81,27.44,28.2,27.51,27.58,27.61,28.29,28.72
2016-08-28T01:00,2016-08-28,1,27.85,28.12,26.84,27.35,28.21,27.41,27.37,27.35,28.36,28.69
2016-08-28T02:00,2016-08-28,2,27.59,27.8,26.62,27.23,27.95,27.21,27.14,27.11,28.09,28.37
2016-08-28T03:00,2016-08-28,3,27.32,27.52,26.28,27.03,27.51,26.85,27.06,26.91,27.78,28.09
2016-08-28T04:00,2016-08-28,4,27.07,27.27,25.99,26.78,27.23,26.48,26.93,26.91,27.5,27.72
2016-08-28T05:00,2016-08-28,5,26.82,27.01,25.76,26.49,26.85,26.36,26.71,27.06,27.23,27.36
2016-08-28T06:00,2016-08-28,6,26.65,26.86,25.76,26.45,26.72,26.16,26.36,26.45,26.97,27.34
2016-08-28T07:00,2016-08-28,7,27.29,27.61,26.0,26.81,27.31,26.31,27.4,27.21,27.87,27.91
2016-08-28T08:00,2016-08-28,8,28.13,28.53,26.5,27.32,28.45,26.72,28.38,27.49,29.12,28.89
2016-08-28T09:00,2016-08-28,9,29.04,29.58,27.24,28.1,29.33,27.08,29.24,28.13,30.32,29.99
2016-08-28T10:00,2016-08-28,10,30.0,30.74,27.9,28.69,30.76,27.5,30.28,28.73,31.37,31.11
2016-08-28T11:00,2016-08-28,11,30.62,31.32,28.19,29.08,31.41,27.96,31.07,29.26,32.09,32.15
2016-08-28T12:00,2016-08-28,12,30.95,31.63,28.19,29.01,31.71,27.95,31.69,29.83,32.68,32.86
2016-08-28T13:00,2016-08-28,13,30.64,30.47,29.25,27.39,32.22,31.39,30.3,27.98,33.13,33.1
2016-08-28T14:00,2016-08-28,14,30.27,28.96,29.53,27.0,32.51,31.78,30.43,28.15,32.76,33.4
2016-08-28T15:00,2016-08-28,15,30.02,28.59,29.48,27.54,32.48,30.21,30.17,28.01,32.26,33.36
2016-08-28T16:00,2016-08-28,16,29.48,28.47,29.27,28.08,30.13,29.19,29.66,27.87,31.0,32.45
2016-08-28T17:00,2016-08-28,17,29.02,28.56,28.83,28.12,28.8,28.5,29.2,27.7,30.15,31.05
2016-08-28T18:00,2016-08-28,18,28.44,28.14,28.15,27.62,28.22,28.11,28.57,27.34,29.6,29.84
2016-08-28T19:00,2016-08-28,19,27.9,27.59,27.7,26.92,27.83,27.62,28.04,27.06,29.1,29.09
2016-08-28T20:00,2016-08-28,20,27.5,27.21,27.34,26.51,27.5,27.24,27.62,26.86,28.67,28.52
2016-08-28T21:00,2016-08-28,21,27.2,26.92,27.03,26.09,27.3,27.14,27.33,26.78,28.33,28.03
2016-08-28T22:00,2016-08-28,22,26.94,26.62,26.75,25.95,27.03,26.97,27.06,26.76,27.98,27.72
2016-08-28T23:00,2016-08-28,23,26.69,26.4,26.53,25.62,26.82,26.78,26.83,26.69,27.63,27.42
2016-08-29T00:00,2016-08-29,0,26.52,26.22,26.4,25.35,26.74,26.64,26.74,26.6,27.43,27.21
2016-08-29T01:00,2016-08-29,1,26.6,26.34,26.31,25.82,26.47,26.58,27.09,26.6,27.58,26.79
2016-08-29T02:00,2016-08-29,2,26.4,26.13,26.03,25.69,26.2,26.38,26.99,26.77,27.33,26.41
2016-08-29T03:00,2016-08-29,3,26.24,26.15,25.82,25.28,25.97,26.14,26.93,26.93,27.03,26.12
2016-08-29T04:00,2016-08-29,4,26.1,26.11,25.77,25.17,25.78,25.89,26.81,26.64,26.87,25.86
2016-08-29T05:00,2016-08-29,5,25.94,25.91,25.65,25.07,25.61,25.73,26.64,26.43,26.64,25.78
2016-08-29T06:00,2016-08-29,6,25.9,25.92,25.62,25.16,25.59,25.67,26.52,26.32,26.56,25.7
2016-08-29T07:00,2016-08-29,7,26.66,26.83,26.69,26.57,26.08,26.44,27.03,26.85,27.03,25.93
2016-08-29T08:00,2016-08-29,8,27.62,27.92,27.87,28.0,26.82,27.28,28.0,27.65,27.84,26.31
2016-08-29T09:00,2016-08-29,9,28.62,28.99,28.77,29.01,27.94,28.29,28.94,28.6,28.95,27.06
2016-08-29T10:00,2016-08-29,10,29.61,29.99,29.74,30.02,28.91,29.03,30.03,29.56,30.16,27.86
2016-08-29T11:00,2016-08-29,11,30.4,30.61,30.29,30.82,29.98,29.76,31.03,30.54,30.8,28.97
2016-08-29T12:00,2016-08-29,12,30.98,31.23,30.73,31.45,30.52,30.65,31.42,30.53,31.72,29.5
2016-08-29T13:00,2016-08-29,13,31.75,31.91,30.5,31.47,32.2,31.66,31.95,31.28,32.67,31.38
2016-08-29T14:00,2016-08-29,14,32.06,32.17,30.75,31.72,32.7,31.97,32.22,31.56,32.89,31.91
2016-08-29T15:00,2016-08-29,15,31.85,32.03,29.98,31.4,32.31,31.66,32.3,31.48,32.8,31.84
2016-08-29T16:00,2016-08-29,16,31.33,31.62,29.06,31.33,31.73,30.77,31.77,31.07,32.12,31.29
2016-08-29T17:00,2016-08-29,17,30.51,31.23,28.68,30.29,30.67,30.27,30.76,29.89,31.17,29.73
2016-08-29T18:00,2016-08-29,18,29.78,30.56,28.12,29.43,29.9,29.46,30.07,29.17,30.52,28.81
2016-08-29T19:00,2016-08-29,19,29.06,29.7,27.67,28.72,29.14,28.72,29.33,28.61,29.85,28.08
2016-08-29T20:00,2016-08-29,20,28.55,29.07,27.38,28.28,28.57,28.16,28.89,28.35,29.29,27.61
2016-08-29T21:00,2016-08-29,21,28.2,28.68,27.13,28.01,28.32,27.71,28.52,28.12,28.81,27.23
2016-08-29T22:00,2016-08-29,22,27.9,28.35,27.02,27.77,27.91,27.35,28.23,27.97,28.44,26.94
2016-08-29T23:00,2016-08-29,23,27.58,28.02,26.68,27.41,27.63,27.08,27.95,27.81,28.0,26.68
2016-08-30T00:00,2016-08-30,0,27.31,27.7,26.48,27.14,27.34,26.69,27.72,27.55,27.65,26.55
2016-08-30T01:00,2016-08-30,1,27.48,27.82,26.42,27.28,27.5,27.0,27.77,27.39,27.99,27.17
2016-08-30T02:00,2016-08-30,2,27.32,27.64,26.25,27.11,27.29,26.8,27.55,27.26,27.88,27.11
2016-08-30T03:00,2016-08-30,3,27.05,27.41,25.96,26.71,26.96,26.54,27.32,26.98,27.65,26.84
2016-08-30T04:00,2016-08-30,4,26.82,27.18,25.87,26.49,26.61,26.29,27.11,26.78,27.39,26.59
2016-08-30T05:00,2016-08-30,5,26.59,26.96,25.87,26.06,26.3,25.98,27.02,26.64,27.16,26.33
2016-08-30T06:00,2016-08-30,6,26.4,26.79,25.85,25.76,26.2,25.65,26.86,26.49,26.88,26.11
2016-08-30T07:00,2016-08-30,7,26.91,27.24,26.24,26.15,26.83,25.91,27.59,26.73,27.75,26.57
2016-08-30T08:00,2016-08-30,8,27.52,27.25,27.04,26.92,27.66,26.6,28.39,27.17,28.87,27.45
2016-08-30T09:00,2016-08-30,9,28.37,27.68,27.87,27.92,28.81,27.36,29.2,28.26,29.94,28.74
2016-08-30T10:00,2016-08-30,10,29.46,28.78,28.89,29.22,29.78,28.22,30.13,29.37,31.06,29.96
2016-08-30T11:00,2016-08-30,11,30.42,30.03,29.77,30.31,30.41,28.82,30.95,30.23,31.84,31.04
2016-08-30T12:00,2016-08-30,12,31.17,31.06,30.52,31.09,30.76,30.38,31.6,30.85,31.88,31.74
2016-08-30T13:00,2016-08-30,13,31.59,32.06,29.84,31.15,31.87,30.1,31.66,30.77,32.62,32.17
2016-08-30T14:00,2016-08-30,14,31.5,31.95,29.74,31.31,31.15,29.9,31.85,30.33,32.48,32.41
2016-08-30T15:00,2016-08-30,15,31.26,31.79,29.13,31.01,30.41,29.56,31.99,30.26,32.37,32.05
2016-08-30T16:00,2016-08-30,16,30.66,31.5,28.9,30.68,28.95,28.8,31.49,30.08,31.8,30.41
2016-08-30T17:00,2016-08-30,17,29.99,30.89,28.36,30.04,28.16,28.11,30.84,29.71,31.2,29.35
2016-08-30T18:00,2016-08-30,18,29.26,30.09,27.88,29.28,27.58,27.38,30.04,29.16,30.45,28.46
2016-08-30T19:00,2016-08-30,19,28.64,29.41,27.43,28.68,27.24,26.82,29.36,28.54,29.76,27.73
2016-08-30T20:00,2016-08-30,20,28.21,28.92,27.17,28.25,27.0,26.43,28.86,28.23,29.3,27.28
2016-08-30T21:00,2016-08-30,21,27.85,28.47,26.99,27.92,26.83,26.08,28.4,27.88,28.81,27.0
2016-08-30T22:00,2016-08-30,22,27.55,28.06,26.79,27.57,26.69,25.86,28.06,27.71,28.51,26.75
2016-08-30T23:00,2016-08-30,23,27.32,27.81,26.59,27.3,26.73,25.7,27.79,27.45,28.27,26.44
2016-08-31T00:00,2016-08-31,0,27.08,27.54,26.39,26.92,26.63,25.61,27.61,27.2,27.99,26.2
2016-08-31T01:00,2016-08-31,1,27.04,27.51,26.32,26.89,26.61,25.58,27.59,27.09,27.98,26.14
2016-08-31T02:00,2016-08-31,2,26.73,27.19,25.95,26.55,26.32,25.47,27.28,26.6,27.7,25.9
2016-08-31T03:00,2016-08-31,3,26.47,26.91,25.82,26.32,25.81,25.23,27.05,26.31,27.42,25.71
2016-08-31T04:00,2016-08-31,4,26.32,26.72,25.71,26.14,25.49,25.19,26.94,26.32,27.22,25.65
2016-08-31T05:00,2016-08-31,5,26.11,26.48,25.62,25.83,25.31,25.13,26.69,26.25,26.91,25.48
2016-08-31T06:00,2016-08-31,6,26.04,26.43,25.56,25.7,25.34,25.21,26.5,26.28,26.79,25.39
2016-08-31T07:00,2016-08-31,7,26.41,26.84,25.88,26.03,25.8,25.69,26.74,26.35,27.34,25.63
2016-08-31T08:00,2016-08-31,8,27.06,27.43,26.56,26.67,26.71,26.24,27.36,26.59,28.27,26.24
2016-08-31T09:00,2016-08-31,9,28.03,28.43,27.04,27.6,28.01,27.95,28.23,27.01,29.28,27.22
2016-08-31T10:00,2016-08-31,10,29.01,29.37,27.95,28.76,29.07,28.48,29.0,27.91,30.42,28.42
2016-08-31T11:00,2016-08-31,11,30.03,30.26,28.9,29.88,30.32,29.15,29.98,29.42,31.45,29.59
2016-08-31T12:00,2016-08-31,12,30.49,30.69,29.12,30.14,31.3,30.36,30.36,29.17,31.76,30.35
2016-08-31T13:00,2016-08-31,13,29.63,29.75,27.29,28.73,29.73,28.78,30.4,28.15,31.32,30.75
2016-08-31T14:00,2016-08-31,14,29.64,30.05,26.7,28.37,29.7,28.77,30.17,28.06,31.56,30.96
2016-08-31T15:00,2016-08-31,15,29.5,30.03,26.57,28.16,29.5,28.55,29.67,27.94,31.67,30.68
2016-08-31T16:00,2016-08-31,16,29.11,29.6,26.33,27.82,29.24,28.45,29.24,28.03,30.94,30.14
2016-08-31T17:00,2016-08-31,17,28.52,28.93,26.12,27.56,28.76,27.65,29.02,28.1,29.84,29.04
2016-08-31T18:00,2016-08-31,18,27.94,28.29,25.8,27.22,27.97,27.11,28.45,27.79,29.02,28.39
2016-08-31T19:00,2016-08-31,19,27.48,27.77,25.63,26.92,27.41,26.57,28.0,27.48,28.35,27.91
2016-08-31T20:00,2016-08-31,20,27.15,27.39,25.47,26.75,27.03,26.3,27.74,27.09,27.95,27.41
2016-08-31T21:00,2016-08-31,21,26.9,27.16,25.43,26.49,26.85,26.13,27.49,26.95,27.66,26.89
2016-08-31T22:00,2016-08-31,22,26.62,26.79,25.37,26.22,26.54,25.93,27.31,26.86,27.22,26.65
2016-08-31T23:00,2016-08-31,23,26.35,26.48,25.32,26.01,25.95,25.73,27.09,26.67,26.9,26.34
2016-09-01T00:00,2016-09-01,0,26.17,26.18,25.37,25.95,25.74,25.6,26.99,26.52,26.67,26.06
2016-09-01T01:00,2016-09-01,1,26.29,26.37,25.33,26.18,25.87,25.67,26.87,26.49,27.11,26.0
2016-09-01T02:00,2016-09-01,2,26.21,26.34,25.27,26.16,25.71,25.66,26.78,26.4,26.99,25.8
2016-09-01T03:00,2016-09-01,3,26.08,26.28,25.25,26.07,25.62,25.55,26.62,26.34,26.73,25.44
2016-09-01T04:00,2016-09-01,4,26.0,26.24,25.33,25.87,25.59,25.43,26.51,26.29,26.58,25.37
2016-09-01T05:00,2016-09-01,5,25.94,26.22,25.23,25.83,25.54,25.47,26.4,26.26,26.4,25.35
2016-09-01T06:00,2016-09-01,6,25.91,26.18,25.26,25.69,25.64,25.47,26.28,26.26,26.4,25.32
2016-09-01T07:00,2016-09-01,7,26.14,26.34,25.24,25.84,25.87,25.59,26.71,26.44,26.88,25.66
2016-09-01T08:00,2016-09-01,8,26.7,26.93,25.37,26.11,26.54,25.87,27.61,26.83,27.74,26.24
2016-09-01T09:00,2016-09-01,9,27.49,27.94,25.8,26.63,27.6,26.27,28.23,27.11,28.85,27.25
2016-09-01T10:00,2016-09-01,10,28.51,29.18,26.05,27.43,29.06,27.92,28.86,27.38,29.99,28.49
2016-09-01T11:00,2016-09-01,11,29.53,30.52,26.46,28.69,30.1,29.16,29.72,27.91,30.74,29.44
2016-09-01T12:00,2016-09-01,12,29.82,30.27,26.67,29.04,30.63,28.36,30.52,28.56,31.39,30.6
2016-09-01T13:00,2016-09-01,13,29.66,29.71,26.85,28.36,29.83,28.0,29.99,29.3,31.78,31.54
2016-09-01T14:00,2016-09-01,14,29.55,29.87,26.81,28.97,29.41,27.79,29.79,28.41,31.4,31.0
2016-09-01T15:00,2016-09-01,15,29.56,29.95,26.93,28.78,29.49,27.92,29.62,28.41,31.36,31.13
2016-09-01T16:00,2016-09-01,16,29.06,29.54,26.49,28.31,29.04,28.12,29.15,28.14,30.46,30.13
2016-09-01T17:00,2016-09-01,17,28.53,28.72,26.39,27.6,28.89,27.97,28.86,27.91,30.08,29.04
2016-09-01T18:00,2016-09-01,18,27.97,28.16,25.98,27.33,28.08,26.72,28.47,27.64,29.6,28.32
2016-09-01T19:00,2016-09-01,19,27.49,27.68,25.64,27.01,27.39,26.21,28.0,27.41,29.05,27.6
2016-09-01T20:00,2016-09-01,20,27.27,27.56,25.61,26.81,26.82,26.07,27.75,27.44,28.67,27.23
2016-09-01T21:00,2016-09-01,21,27.09,27.37,25.52,26.73,26.75,26.04,27.5,27.4,28.31,26.91
2016-09-01T22:00,2016-09-01,22,26.89,27.23,25.47,26.54,26.52,26.05,27.39,27.4,27.86,26.47
2016-09-01T23:00,2016-09-01,23,26.62,27.09,25.54,26.13,26.2,25.88,27.21,26.67,27.28,26.18
2016-09-02T00:00,2016-09-02,0,26.34,26.8,25.41,25.73,25.97,25.63,27.09,26.26,26.92,25.9
2016-09-02T01:00,2016-09-02,1,26.4,26.79,25.45,25.95,25.79,25.19,27.31,26.44,27.14,26.06
2016-09-02T02:00,2016-09-02,2,26.25,26.64,25.31,25.68,25.81,24.99,27.24,26.34,26.93,25.88
2016-09-02T03:00,2016-09-02,3,26.06,26.39,25.22,25.55,25.57,24.86,27.01,26.23,26.74,25.74
2016-09-02T04:00,2016-09-02,4,25.91,26.19,25.2,25.49,25.41,24.8,26.94,26.03,26.48,25.57
2016-09-02T05:00,2016-09-02,5,25.82,26.12,25.22,25.43,25.4,24.74,26.67,26.02,26.24,25.47
2016-09-02T06:00,2016-09-02,6,25.8,26.03,25.32,25.44,25.42,24.81,26.56,26.13,26.25,25.44
2016-09-02T07:00,2016-09-02,7,26.13,26.49,25.4,26.01,25.56,25.04,26.88,26.62,26.55,25.57
2016-09-02T08:00,2016-09-02,8,26.84,27.34,25.91,26.9,26.11,25.52,27.64,27.57,27.27,25.85
2016-09-02T09:00,2016-09-02,9,27.79,28.47,26.62,28.14,26.98,26.27,28.56,28.65,28.32,26.3
2016-09-02T10:00,2016-09-02,10,28.71,29.65,27.06,29.14,28.05,27.34,29.42,29.07,29.34,26.79
2016-09-02T11:00,2016-09-02,11,29.76,30.69,27.51,29.94,30.07,29.23,30.2,29.42,30.64,27.84
2016-09-02T12:00,2016-09-02,12,30.25,31.3,27.75,29.58,31.26,30.96,30.37,28.69,31.32,28.58
2016-09-02T13:00,2016-09-02,13,29.66,29.74,26.73,29.88,30.69,28.01,30.65,29.66,31.35,28.88
2016-09-02T14:00,2016-09-02,14,29.4,29.5,26.45,29.19,30.49,28.61,30.22,30.19,30.43,29.08
2016-09-02T15:00,2016-09-02,15,29.12,29.5,26.36,28.36,29.33,28.17,29.94,29.28,30.11,29.62
2016-09-02T16:00,2016-09-02,16,28.85,29.98,26.45,27.76,28.56,27.37,29.55,28.38,29.19,29.43
2016-09-02T17:00,2016-09-02,17,28.28,28.95,26.11,27.43,28.01,26.96,29.35,27.99,28.5,29.07
2016-09-02T18:00,2016-09-02,18,27.64,27.88,25.99,27.09,27.48,26.68,28.7,27.62,27.96,28.29
2016-09-02T19:00,2016-09-02,19,27.13,27.19,25.71,26.84,26.75,26.49,28.2,27.25,27.5,27.56
2016-09-02T20:00,2016-09-02,20,26.82,26.94,25.56,26.71,26.4,26.3,27.8,27.1,27.06,26.85
2016-09-02T21:00,2016-09-02,21,26.59,26.81,25.4,26.53,26.15,26.18,27.53,26.9,26.77,26.3
2016-09-02T22:00,2016-09-02,22,26.42,26.66,25.41,26.29,26.02,26.08,27.27,26.68,26.59,26.1
2016-09-02T23:00,2016-09-02,23,26.21,26.5,25.38,25.98,25.93,25.99,26.65,26.46,26.47,25.9
2016-09-03T00:00,2016-09-03,0,26.06,26.4,25.37,25.73,25.78,25.9,26.36,26.26,26.32,25.74
2016-09-03T01:00,2016-09-03,1,26.2,26.61,25.24,25.76,25.82,26.03,26.89,26.72,26.21,25.8
2016-09-03T02:00,2016-09-03,2,26.02,26.19,25.12,25.65,25.82,25.97,26.75,26.5,26.22,25.68
2016-09-03T03:00,2016-09-03,3,25.84,25.85,25.07,25.54,25.75,25.87,26.56,26.3,26.04,25.62
2016-09-03T04:00,2016-09-03,4,25.74,25.79,25.04,25.54,25.49,25.72,26.33,26.22,25.91,25.53
2016-09-03T05:00,2016-09-03,5,25.59,25.63,24.98,25.38,25.26,25.5,26.18,26.14,25.79,25.42
2016-09-03T06:00,2016-09-03,6,25.56,25.66,25.0,25.33,25.24,25.38,26.1,26.05,25.77,25.33
2016-09-03T07:00,2016-09-03,7,25.98,26.3,25.32,25.79,25.48,25.79,26.62,26.67,25.96,25.35
2016-09-03T08:00,2016-09-03,8,26.59,27.18,25.83,26.43,25.91,26.42,27.25,27.52,26.38,25.58
2016-09-03T09:00,2016-09-03,9,27.57,28.37,26.99,27.53,26.91,27.3,28.11,28.56,27.12,26.14
2016-09-03T10:00,2016-09-03,10,28.71,29.67,28.14,28.95,27.91,28.3,29.26,29.58,28.1,26.94
2016-09-03T11:00,2016-09-03,11,29.65,30.69,28.55,29.91,29.49,29.83,29.97,30.19,28.83,27.92
2016-09-03T12:00,2016-09-03,12,30.27,31.3,28.9,30.29,30.54,30.38,30.68,30.49,29.69,28.57
2016-09-03T13:00,2016-09-03,13,30.51,31.47,28.12,30.49,30.76,30.72,31.05,30.01,30.2,29.78
2016-09-03T14:00,2016-09-03,14,30.36,31.51,28.07,29.39,30.78,31.04,31.16,29.48,30.22,29.39
2016-09-03T15:00,2016-09-03,15,30.19,30.85,27.89,29.07,30.55,30.82,31.06,29.89,30.93,29.37
2016-09-03T16:00,2016-09-03,16,29.82,29.84,27.66,28.88,30.74,30.75,30.68,29.84,30.43,29.67
2016-09-03T17:00,2016-09-03,17,29.13,29.1,26.86,28.51,29.72,30.14,29.97,28.73,29.95,29.03
2016-09-03T18:00,2016-09-03,18,28.4,28.54,26.39,27.93,28.59,28.94,29.06,27.72,29.12,28.55
2016-09-03T19:00,2016-09-03,19,27.75,28.03,25.97,27.4,27.88,27.9,28.23,27.37,28.31,27.69
2016-09-03T20:00,2016-09-03,20,27.36,27.78,25.87,27.07,27.53,27.28,27.68,27.11,27.75,27.05
2016-09-03T21:00,2016-09-03,21,27.06,27.54,25.67,26.75,27.16,27.04,27.37,26.94,27.38,26.57
2016-09-03T22:00,2016-09-03,22,26.76,27.28,25.41,26.46,26.72,26.81,27.04,26.73,27.06,26.22
2016-09-03T23:00,2016-09-03,23,26.51,27.09,25.32,26.22,26.44,26.55,26.7,26.49,26.75,25.91
2016-09-04T00:00,2016-09-04,0,26.32,26.78,25.28,25.98,26.19,26.4,26.65,26.43,26.53,25.73
2016-09-04T01:00,2016-09-04,1,26.34,26.7,25.39,26.27,26.13,26.52,26.67,26.77,26.39,25.63
2016-09-04T02:00,2016-09-04,2,26.13,26.38,25.49,26.04,25.96,26.34,26.58,26.53,26.07,25.49
2016-09-04T03:00,2016-09-04,3,26.0,26.18,25.43,25.96,25.87,26.17,26.4,26.41,25.95,25.44
2016-09-04T04:00,2016-09-04,4,25.91,26.04,25.54,25.87,25.93,26.07,26.25,26.23,25.8,25.38
2016-09-04T05:00,2016-09-04,5,25.85,25.98,25.5,25.83,25.89,25.93,26.15,26.19,25.75,25.41
2016-09-04T06:00,2016-09-04,6,25.88,26.03,25.58,25.83,25.97,25.98,26.07,26.12,25.76,25.49
2016-09-04T07:00,2016-09-04,7,26.26,26.44,25.7,26.32,26.26,26.24,26.44,26.7,26.13,25.9
2016-09-04T08:00,2016-09-04,8,27.03,27.26,26.43,27.37,26.89,26.63,27.19,27.66,26.82,26.62
2016-09-04T09:00,2016-09-04,9,28.02,28.52,27.3,28.37,27.85,27.32,28.04,28.66,27.72,27.46
2016-09-04T10:00,2016-09-04,10,28.98,29.54,28.05,29.18,29.14,28.15,29.22,29.47,28.65,28.41
2016-09-04T11:00,2016-09-04,11,29.92,30.56,28.25,29.93,30.54,29.21,30.24,30.07,29.51,29.72
2016-09-04T12:00,2016-09-04,12,30.62,31.34,28.76,30.5,30.66,29.9,30.83,30.41,30.62,30.7
2016-09-04T13:00,2016-09-04,13,30.05,30.36,28.52,29.78,30.67,29.91,30.43,29.95,30.36,29.72
2016-09-04T14:00,2016-09-04,14,29.93,29.58,27.74,29.97,29.52,30.59,31.26,30.3,30.86,29.78
2016-09-04T15:00,2016-09-04,15,29.84,29.46,27.69,29.98,29.13,30.51,31.32,29.63,30.61,30.15
2016-09-04T16:00,2016-09-04,16,29.51,29.72,27.54,29.63,29.08,29.92,30.17,29.3,29.98,29.37
2016-09-04T17:00,2016-09-04,17,28.78,29.39,26.94,28.69,28.83,28.89,28.99,29.05,28.63,28.46
2016-09-04T18:00,2016-09-04,18,28.16,28.78,26.51,28.05,28.07,28.15,28.5,28.48,28.02,27.7
2016-09-04T19:00,2016-09-04,19,27.54,28.09,26.29,27.48,26.86,27.43,28.12,28.04,27.51,26.99
2016-09-04T20:00,2016-09-04,20,27.24,27.6,26.2,27.19,26.62,27.13,27.85,27.73,27.24,26.79
2016-09-04T21:00,2016-09-04,21,27.01,27.18,26.13,26.98,26.57,26.9,27.61,27.48,27.08,26.72
2016-09-04T22:00,2016-09-04,22,26.82,26.99,26.08,26.79,26.29,26.69,27.43,27.29,26.91,26.53
2016-09-04T23:00,2016-09-04,23,26.66,26.79,26.07,26.8,26.11,26.51,27.15,27.13,26.72,26.36
2016-09-05T00:00,2016-09-05,0,26.49,26.62,26.0,26.64,26.14,26.32,26.88,26.76,26.5,26.16
2016-09-05T01:00,2016-09-05,1,26.48,26.6,25.93,26.5,26.4,26.42,26.9,26.75,26.38,26.21
2016-09-05T02:00,2016-09-05,2,26.41,26.55,25.9,26.41,26.37,26.38,26.8,26.6,26.31,26.13
2016-09-05T03:00,2016-09-05,3,26.33,26.49,25.97,26.29,26.36,26.29,26.62,26.41,26.24,26.02
2016-09-05T04:00,2016-09-05,4,26.25,26.44,25.89,26.16,26.27,26.17,26.52,26.31,26.17,25.94
2016-09-05T05:00,2016-09-05,5,26.18,26.35,25.96,26.19,26.15,26.06,26.29,26.27,26.09,25.95
2016-09-05T06:00,2016-09-05,6,26.16,26.3,25.88,26.25,26.0,25.92,26.34,26.28,26.09,25.99
2016-09-05T07:00,2016-09-05,7,26.42,26.52,26.18,26.53,26.06,26.24,26.73,26.71,26.43,26.16
2016-09-05T08:00,2016-09-05,8,26.95,27.0,26.92,26.92,26.34,26.71,27.5,27.65,27.02,26.46
2016-09-05T09:00,2016-09-05,9,27.83,27.95,27.93,27.89,26.98,27.56,28.47,28.67,27.71,27.21
2016-09-05T10:00,2016-09-05,10,28.93,29.23,28.74,29.02,28.11,28.47,29.62,29.47,28.94,28.07
2016-09-05T11:00,2016-09-05,11,29.88,30.12,29.28,29.84,29.38,30.16,30.83,30.07,29.96,28.77
2016-09-05T12:00,2016-09-05,12,30.24,30.31,29.69,29.95,30.3,31.16,30.89,29.33,30.68,29.49
2016-09-05T13:00,2016-09-05,13,30.3,30.33,29.84,29.49,31.21,31.6,30.15,29.81,30.21,30.5
2016-09-05T14:00,2016-09-05,14,30.42,30.56,29.05,29.91,31.13,32.12,29.78,30.01,30.75,30.6
2016-09-05T15:00,2016-09-05,15,30.24,30.48,27.81,29.88,31.02,32.03,29.7,30.32,30.41,30.62
2016-09-05T16:00,2016-09-05,16,29.39,29.37,27.55,29.27,29.56,30.79,29.41,29.38,29.29,30.11
2016-09-05T17:00,2016-09-05,17,28.91,29.05,27.33,28.9,28.97,29.97,29.05,29.0,28.53,29.39
2016-09-05T18:00,2016-09-05,18,28.24,28.48,26.91,28.18,28.03,28.92,28.37,28.52,27.95,28.51
2016-09-05T19:00,2016-09-05,19,27.7,28.1,26.39,27.6,27.48,28.01,27.86,28.06,27.55,27.59
2016-09-05T20:00,2016-09-05,20,27.42,27.86,26.17,27.31,27.34,27.35,27.56,27.69,27.47,27.22
2016-09-05T21:00,2016-09-05,21,27.2,27.51,26.11,27.05,27.21,27.07,27.43,27.43,27.39,26.94
2016-09-05T22:00,2016-09-05,22,26.99,27.2,26.0,26.91,27.04,26.87,27.19,27.18,27.18,26.86
2016-09-05T23:00,2016-09-05,23,26.82,26.99,25.85,26.78,26.77,26.62,27.0,27.08,27.04,26.79
2016-09-06T00:00,2016-09-06,0,26.69,26.9,25.75,26.68,26.64,26.42,26.83,26.91,26.9,26.63
2016-09-06T01:00,2016-09-06,1,26.74,26.88,26.0,26.73,26.59,26.59,26.82,27.13,26.78,26.87
2016-09-06T02:00,2016-09-06,2,26.62,26.86,25.9,26.67,26.56,26.33,26.63,27.01,26.61,26.56
2016-09-06T03:00,2016-09-06,3,26.54,26.83,25.92,26.53,26.45,26.25,26.5,26.9,26.46,26.49
2016-09-06T04:00,2016-09-06,4,26.5,26.78,25.91,26.52,26.43,26.11,26.45,26.81,26.47,26.4
2016-09-06T05:00,2016-09-06,5,26.44,26.72,25.81,26.46,26.44,25.98,26.36,26.75,26.54,26.27
2016-09-06T06:00,2016-09-06,6,26.43,26.68,25.89,26.5,26.51,25.97,26.31,26.66,26.53,26.27
2016-09-06T07:00,2016-09-06,7,26.7,26.82,26.21,26.7,26.86,26.83,26.59,27.01,26.67,26.58
2016-09-06T08:00,2016-09-06,8,27.3,27.29,27.08,27.28,27.62,28.07,26.97,27.67,27.04,27.27
2016-09-06T09:00,2016-09-06,9,28.09,28.1,27.96,28.06,28.91,29.24,27.23,28.28,27.67,28.18
2016-09-06T10:00,2016-09-06,10,28.7,28.68,28.57,28.56,29.53,30.28,27.85,28.54,28.31,28.83
2016-09-06T11:00,2016-09-06,11,29.4,29.53,28.85,29.56,30.56,31.22,28.26,28.24,28.93,29.69
2016-09-06T12:00,2016-09-06,12,29.99,30.32,28.83,29.8,30.96,31.87,29.42,28.52,29.82,29.99
2016-09-06T13:00,2016-09-06,13,29.91,30.22,28.73,29.69,30.69,32.23,28.81,29.57,29.24,30.35
2016-09-06T14:00,2016-09-06,14,29.71,29.25,27.89,29.48,31.23,32.24,29.33,29.92,29.6,30.33
2016-09-06T15:00,2016-09-06,15,29.29,28.6,28.01,29.45,29.49,31.22,28.9,30.15,29.64,30.04
2016-09-06T16:00,2016-09-06,16,28.82,28.94,27.58,28.73,28.71,29.94,28.36,29.0,28.84,29.29
2016-09-06T17:00,2016-09-06,17,28.4,28.59,26.94,28.25,28.34,29.0,28.3,28.88,28.2,28.95
2016-09-06T18:00,2016-09-06,18,27.83,27.93,26.5,27.78,27.93,28.14,27.78,28.45,27.65,28.38
2016-09-06T19:00,2016-09-06,19,27.43,27.48,26.26,27.36,27.56,27.7,27.4,28.13,27.28,27.86
2016-09-06T20:00,2016-09-06,20,27.17,27.21,25.8,27.18,27.38,27.34,27.17,27.85,27.14,27.56
2016-09-06T21:00,2016-09-06,21,26.95,27.06,25.68,27.0,26.87,26.94,27.0,27.57,26.9,27.36
2016-09-06T22:00,2016-09-06,22,26.79,26.95,25.63,26.84,26.5,26.64,26.89,27.4,26.75,27.13
2016-09-06T23:00,2016-09-06,23,26.58,26.71,25.48,26.58,26.35,26.42,26.8,27.22,26.59,26.83
2016-09-07T00:00,2016-09-07,0,26.49,26.65,25.48,26.54,26.32,26.28,26.76,27.07,26.48,26.54
2016-09-07T01:00,2016-09-07,1,26.64,26.88,25.69,26.67,26.6,26.45,26.67,27.09,26.52,26.83
2016-09-07T02:00,2016-09-07,2,26.52,26.79,25.62,26.62,26.46,26.28,26.63,26.87,26.36,26.49
2016-09-07T03:00,2016-09-07,3,26.38,26.64,25.5,26.42,26.39,26.19,26.56,26.77,26.2,26.29
2016-09-07T04:00,2016-09-07,4,26.24,26.42,25.42,26.34,26.2,26.11,26.49,26.7,26.11,26.09
2016-09-07T05:00,2016-09-07,5,26.15,26.27,25.32,26.23,26.12,26.05,26.45,26.6,26.07,26.01
2016-09-07T06:00,2016-09-07,6,26.09,26.23,25.26,26.09,26.05,25.98,26.41,26.57,26.08,25.96
2016-09-07T07:00,2016-09-07,7,26.55,26.68,25.96,26.67,26.47,26.7,26.66,27.22,26.36,26.22
2016-09-07T08:00,2016-09-07,8,27.26,27.49,27.06,27.42,26.98,27.35,27.34,28.22,26.91,26.63
2016-09-07T09:00,2016-09-07,9,28.34,28.73,28.17,28.73,28.15,28.29,28.39,29.17,27.83,27.32
2016-09-07T10:00,2016-09-07,10,29.29,29.68,29.0,29.56,29.15,29.48,29.67,29.74,28.87,28.06
2016-09-07T11:00,2016-09-07,11,30.06,30.39,29.6,30.15,30.17,30.4,30.34,30.45,29.78,29.02
2016-09-07T12:00,2016-09-07,12,30.65,31.01,29.7,30.73,31.07,31.19,30.71,30.49,30.47,30.05
2016-09-07T13:00,2016-09-07,13,31.1,31.81,30.35,31.34,31.74,31.88,31.08,30.86,30.88,29.02
2016-09-07T14:00,2016-09-07,14,30.68,30.91,29.68,30.78,32.01,31.93,30.98,30.74,30.33,29.11
2016-09-07T15:00,2016-09-07,15,30.28,30.25,28.99,30.54,30.76,31.88,30.81,30.39,30.16,29.25
2016-09-07T16:00,2016-09-07,16,29.88,29.74,28.67,30.07,30.06,31.52,30.36,30.12,29.88,29.21
2016-09-07T17:00,2016-09-07,17,29.29,29.43,28.05,29.48,28.92,30.64,29.79,29.58,28.75,29.1
2016-09-07T18:00,2016-09-07,18,28.46,28.64,27.46,28.59,28.19,29.38,29.16,28.76,27.82,28.16
2016-09-07T19:00,2016-09-07,19,27.89,28.11,27.14,28.04,27.66,28.54,28.55,28.18,27.34,27.3
2016-09-07T20:00,2016-09-07,20,27.55,27.82,26.88,27.68,27.31,28.06,28.06,27.83,27.1,26.98
2016-09-07T21:00,2016-09-07,21,27.33,27.61,26.66,27.36,27.18,27.66,27.76,27.62,26.99,26.83
2016-09-07T22:00,2016-09-07,22,27.11,27.36,26.4,27.07,27.04,27.22,27.44,27.46,26.94,26.72
2016-09-07T23:00,2016-09-07,23,26.9,27.07,26.28,26.85,26.87,26.78,27.25,27.38,26.83,26.58
2016-09-08T00:00,2016-09-08,0,26.73,26.88,26.09,26.65,26.71,26.31,27.02,27.27,26.79,26.54
2016-09-08T01:00,2016-09-08,1,26.58,26.63,25.94,26.59,26.5,26.19,26.76,27.08,26.66,26.71
2016-09-08T02:00,2016-09-08,2,26.38,26.38,25.74,26.3,26.24,26.1,26.66,27.0,26.53,26.46
2016-09-08T03:00,2016-09-08,3,26.16,26.19,25.56,26.19,26.18,25.69,26.43,26.8,26.32,26.07
2016-09-08T04:00,2016-09-08,4,26.01,26.08,25.39,26.08,26.01,25.58,26.23,26.64,26.1,25.85
2016-09-08T05:00,2016-09-08,5,25.9,26.0,25.34,25.91,25.81,25.57,26.18,26.48,26.01,25.67
2016-09-08T06:00,2016-09-08,6,25.83,25.94,25.27,25.84,25.79,25.48,26.15,26.31,25.84,25.6
2016-09-08T07:00,2016-09-08,7,26.44,26.6,26.01,26.42,26.32,26.21,26.67,26.91,26.52,26.04
2016-09-08T08:00,2016-09-08,8,27.5,27.71,27.3,27.38,27.39,27.12,27.71,27.64,27.82,26.92
2016-09-08T09:00,2016-09-08,9,28.75,29.03,28.5,28.73,28.88,28.17,28.82,28.7,29.0,28.18
2016-09-08T10:00,2016-09-08,10,29.82,30.16,29.42,29.7,30.11,29.13,29.72,29.6,30.16,29.48
2016-09-08T11:00,2016-09-08,11,30.42,30.73,29.84,30.17,30.61,29.83,30.67,30.2,30.76,30.12
2016-09-08T12:00,2016-09-08,12,30.93,31.25,29.99,30.83,31.43,30.48,30.88,30.66,30.98,31.02
2016-09-08T13:00,2016-09-08,13,31.05,31.38,29.87,30.76,31.43,31.06,31.09,30.68,31.15,31.21
2016-09-08T14:00,2016-09-08,14,31.12,31.41,29.59,30.87,31.4,31.2,31.21,30.58,31.5,31.41
2016-09-08T15:00,2016-09-08,15,30.98,31.26,29.06,30.54,31.55,31.34,31.15,30.45,31.42,31.25
2016-09-08T16:00,2016-09-08,16,30.15,30.18,28.62,29.79,30.33,30.86,30.32,30.09,30.85,30.18
2016-09-08T17:00,2016-09-08,17,29.5,29.57,28.11,29.17,29.59,30.22,29.8,29.56,29.89,29.51
2016-09-08T18:00,2016-09-08,18,28.9,29.05,27.6,28.66,29.02,29.3,29.13,28.76,29.23,28.95
2016-09-08T19:00,2016-09-08,19,28.4,28.61,27.19,28.12,28.51,28.62,28.56,28.23,28.78,28.4
2016-09-08T20:00,2016-09-08,20,27.94,28.19,26.89,27.63,28.08,27.77,28.1,27.87,28.29,27.99
2016-09-08T21:00,2016-09-08,21,27.66,27.89,26.74,27.35,27.77,27.55,27.76,27.69,27.97,27.66
2016-09-08T22:00,2016-09-08,22,27.4,27.58,26.53,27.08,27.55,27.38,27.42,27.5,27.68,27.47
2016-09-08T23:00,2016-09-08,23,27.14,27.28,26.34,26.79,27.32,27.01,27.18,27.37,27.45,27.24
2016-09-09T00:00,2016-09-09,0,26.85,26.93,26.12,26.48,27.06,26.55,26.87,27.22,27.24,27.0
2016-09-09T01:00,2016-09-09,1,26.85,26.93,26.18,26.56,27.01,26.39,26.82,27.18,27.31,26.99
2016-09-09T02:00,2016-09-09,2,26.64,26.7,26.07,26.44,26.72,26.16,26.61,27.07,27.09,26.7
2016-09-09T03:00,2016-09-09,3,26.47,26.5,25.96,26.31,26.48,26.0,26.42,27.09,26.91,26.5
2016-09-09T04:00,2016-09-09,4,26.29,26.38,25.76,26.3,26.33,25.76,26.23,26.91,26.57,26.25
2016-09-09T05:00,2016-09-09,5,26.09,26.15,25.62,26.19,26.03,25.62,26.04,26.81,26.22,26.1
2016-09-09T06:00,2016-09-09,6,26.02,26.12,25.54,26.17,25.91,25.7,25.95,26.77,26.01,25.94
2016-09-09T07:00,2016-09-09,7,26.71,26.98,26.23,26.85,26.67,26.09,26.62,27.3,26.69,26.43
2016-09-09T08:00,2016-09-09,8,27.87,28.28,27.42,28.19,27.9,26.78,27.76,28.24,27.95,27.26
2016-09-09T09:00,2016-09-09,9,29.01,29.44,28.57,29.37,29.19,28.3,28.78,29.03,29.15,28.22
2016-09-09T10:00,2016-09-09,10,29.89,30.35,29.37,30.22,30.14,29.3,29.58,29.77,30.12,29.07
2016-09-09T11:00,2016-09-09,11,30.59,30.91,30.0,30.73,30.91,30.25,30.37,30.35,30.85,30.06
2016-09-09T12:00,2016-09-09,12,31.15,31.53,30.29,31.11,31.42,30.93,30.91,30.77,31.52,30.87
2016-09-09T13:00,2016-09-09,13,31.09,31.52,29.94,30.95,31.57,31.68,30.82,30.35,31.35,30.73
2016-09-09T14:00,2016-09-09,14,31.08,31.61,29.69,30.43,31.5,31.78,31.06,30.48,31.78,30.33
2016-09-09T15:00,2016-09-09,15,31.02,31.51,29.54,30.2,31.65,31.77,30.89,30.37,31.7,30.6
2016-09-09T16:00,2016-09-09,16,30.56,30.92,28.94,30.0,31.1,30.94,30.69,30.06,31.34,30.15
2016-09-09T17:00,2016-09-09,17,29.96,30.29,28.52,29.48,29.89,30.01,30.3,29.63,30.82,29.66
2016-09-09T18:00,2016-09-09,18,29.2,29.51,27.91,28.76,29.07,29.1,29.47,28.8,30.03,29.02
2016-09-09T19:00,2016-09-09,19,28.64,28.96,27.57,28.28,28.6,28.45,28.78,28.19,29.32,28.5
2016-09-09T20:00,2016-09-09,20,28.2,28.52,27.26,27.83,28.12,27.96,28.33,27.84,28.89,28.0
2016-09-09T21:00,2016-09-09,21,27.79,28.11,27.02,27.39,27.62,27.7,27.95,27.58,28.44,27.42
2016-09-09T22:00,2016-09-09,22,27.45,27.7,26.88,27.16,27.43,27.33,27.57,27.29,27.97,27.05
2016-09-09T23:00,2016-09-09,23,27.16,27.37,26.65,27.0,27.29,26.74,27.22,27.12,27.66,26.71
2016-09-10T00:00,2016-09-10,0,26.9,27.06,26.47,26.7,27.0,26.33,27.03,27.08,27.38,26.59
2016-09-10T01:00,2016-09-10,1,26.85,26.99,26.21,26.81,26.82,26.36,27.01,27.22,27.16,26.66
2016-09-10T02:00,2016-09-10,2,26.64,26.68,26.03,26.55,26.64,26.07,26.84,27.14,27.02,26.55
2016-09-10T03:00,2016-09-10,3,26.42,26.41,25.73,26.28,26.5,25.96,26.57,27.0,26.84,26.4
2016-09-10T04:00,2016-09-10,4,26.18,26.19,25.63,25.96,26.21,25.97,26.23,26.65,26.54,26.27
2016-09-10T05:00,2016-09-10,5,26.0,25.98,25.52,25.78,26.07,25.77,26.06,26.48,26.25,26.16
2016-09-10T06:00,2016-09-10,6,25.88,25.93,25.54,25.74,25.71,25.59,25.94,26.48,26.05,25.96
2016-09-10T07:00,2016-09-10,7,26.46,26.75,25.78,26.27,26.44,25.9,26.59,27.03,26.63,26.25
2016-09-10T08:00,2016-09-10,8,27.46,27.84,26.6,27.4,27.36,26.32,27.87,27.92,27.92,26.88
2016-09-10T09:00,2016-09-10,9,28.43,28.78,27.51,28.64,28.54,26.89,28.87,28.48,29.02,27.77
2016-09-10T10:00,2016-09-10,10,29.3,29.54,28.24,29.65,29.49,27.92,29.77,29.23,30.06,28.6
2016-09-10T11:00,2016-09-10,11,30.13,30.53,28.84,30.29,30.38,28.78,30.67,29.66,30.85,29.51
2016-09-10T12:00,2016-09-10,12,30.48,30.83,29.23,30.61,30.73,29.35,30.89,29.59,31.32,30.06
2016-09-10T13:00,2016-09-10,13,30.96,31.56,29.81,30.65,31.76,31.01,31.08,30.28,31.57,29.61
2016-09-10T14:00,2016-09-10,14,31.03,31.72,29.69,30.63,31.6,31.16,31.13,30.23,31.75,29.81
2016-09-10T15:00,2016-09-10,15,30.91,31.63,29.48,30.41,31.71,31.32,31.01,30.03,31.54,29.51
2016-09-10T16:00,2016-09-10,16,30.61,31.2,29.0,30.08,31.41,31.11,30.82,29.78,31.48,29.35
2016-09-10T17:00,2016-09-10,17,29.98,30.58,28.4,29.56,30.41,30.04,30.27,29.29,30.83,28.89
2016-09-10T18:00,2016-09-10,18,29.11,29.63,27.68,28.73,29.23,29.07,29.37,28.51,29.96,28.35
2016-09-10T19:00,2016-09-10,19,28.38,28.85,27.13,27.98,28.58,28.39,28.6,27.88,29.1,27.68
2016-09-10T20:00,2016-09-10,20,27.96,28.46,26.82,27.64,28.17,27.77,28.15,27.5,28.48,27.39
2016-09-10T21:00,2016-09-10,21,27.57,28.04,26.49,27.29,27.7,27.26,27.71,27.18,28.1,27.11
2016-09-10T22:00,2016-09-10,22,27.26,27.7,26.36,26.96,27.28,26.95,27.32,26.92,27.85,26.83
2016-09-10T23:00,2016-09-10,23,26.97,27.3,26.15,26.71,26.8,26.78,27.0,26.76,27.61,26.67
2016-09-11T00:00,2016-09-11,0,26.69,26.96,26.03,26.45,26.37,26.48,26.73,26.64,27.39,26.33
2016-09-11T01:00,2016-09-11,1,26.77,27.12,26.15,26.69,26.48,26.34,26.84,26.77,27.23,26.33
2016-09-11T02:00,2016-09-11,2,26.5,26.83,26.0,26.45,26.17,26.05,26.51,26.62,26.91,26.03
2016-09-11T03:00,2016-09-11,3,26.27,26.67,25.82,26.32,25.66,25.81,26.24,26.33,26.72,25.8
2016-09-11T04:00,2016-09-11,4,26.06,26.47,25.55,26.07,25.34,25.52,26.2,26.16,26.49,25.55
2016-09-11T05:00,2016-09-11,5,25.84,26.24,25.47,25.79,25.15,25.28,26.03,26.01,26.21,25.33
2016-09-11T06:00,2016-09-11,6,25.76,26.19,25.43,25.69,25.19,25.25,25.9,25.97,26.02,25.16
2016-09-11T07:00,2016-09-11,7,26.23,26.66,25.94,26.24,25.85,25.73,26.39,26.47,26.59,25.25
2016-09-11T08:00,2016-09-11,8,27.05,27.4,26.73,27.17,26.64,26.47,27.48,27.35,27.63,25.68
2016-09-11T09:00,2016-09-11,9,28.04,28.36,27.64,28.12,27.75,27.5,28.59,28.2,28.65,26.64
2016-09-11T10:00,2016-09-11,10,29.08,29.42,28.63,29.01,28.87,28.27,29.87,29.19,29.65,27.73
2016-09-11T11:00,2016-09-11,11,29.82,30.49,29.03,30.14,29.75,28.99,29.56,29.32,30.43,28.81
2016-09-11T12:00,2016-09-11,12,30.12,30.72,29.33,30.24,30.24,29.57,29.08,29.82,30.98,29.58
2016-09-11T13:00,2016-09-11,13,30.29,30.79,29.86,30.34,31.0,29.8,29.31,29.51,31.2,29.4
2016-09-11T14:00,2016-09-11,14,29.59,29.82,28.47,28.84,30.14,29.48,29.51,29.24,31.4,28.58
2016-09-11T15:00,2016-09-11,15,29.42,29.55,28.25,28.78,29.84,29.43,29.68,28.85,31.37,28.16
2016-09-11T16:00,2016-09-11,16,29.15,29.38,28.04,28.6,29.08,28.94,29.62,28.66,30.82,28.04
2016-09-11T17:00,2016-09-11,17,28.64,29.06,27.32,28.18,28.29,28.25,29.21,28.5,29.77,27.85
2016-09-11T18:00,2016-09-11,18,28.05,28.41,27.01,27.72,27.77,27.58,28.65,28.09,28.8,27.37
2016-09-11T19:00,2016-09-11,19,27.58,27.87,26.74,27.32,27.42,27.11,28.1,27.67,28.16,26.96
2016-09-11T20:00,2016-09-11,20,27.27,27.53,26.52,27.03,27.06,26.8,27.78,27.52,27.79,26.69
2016-09-11T21:00,2016-09-11,21,26.96,27.21,26.29,26.69,26.69,26.43,27.45,27.3,27.42,26.45
2016-09-11T22:00,2016-09-11,22,26.73,27.0,26.06,26.48,26.4,26.19,27.16,27.22,27.11,26.29
2016-09-11T23:00,2016-09-11,23,26.52,26.82,25.82,26.28,26.15,25.94,26.8,27.04,26.93,26.16
2016-09-12T00:00,2016-09-12,0,26.29,26.61,25.49,26.06,25.91,25.65,26.55,26.81,26.75,25.95
2016-09-12T01:00,2016-09-12,1,26.14,26.52,25.44,26.07,25.65,25.53,26.5,26.62,26.43,25.6
2016-09-12T02:00,2016-09-12,2,25.9,26.2,25.26,25.74,25.28,25.33,26.4,26.47,26.17,25.47
2016-09-12T03:00,2016-09-12,3,25.67,25.91,25.06,25.55,24.9,25.16,26.27,26.33,25.94,25.31
2016-09-12T04:00,2016-09-12,4,25.5,25.62,25.01,25.48,24.82,25.03,26.09,26.14,25.78,25.15
2016-09-12T05:00,2016-09-12,5,25.28,25.27,24.87,25.34,24.77,24.84,25.8,25.89,25.53,25.02
2016-09-12T06:00,2016-09-12,6,25.18,25.08,25.0,25.23,24.8,24.8,25.69,25.92,25.35,24.91
2016-09-12T07:00,2016-09-12,7,25.42,25.36,25.31,25.67,25.01,24.96,25.73,26.06,25.6,25.15
2016-09-12T08:00,2016-09-12,8,25.94,25.97,25.68,26.42,25.34,25.48,25.92,26.54,26.22,25.68
2016-09-12T09:00,2016-09-12,9,26.7,26.88,26.4,27.23,25.89,25.95,26.38,27.1,27.31,26.39
2016-09-12T10:00,2016-09-12,10,27.24,27.35,26.41,27.74,26.65,26.46,27.09,27.41,28.01,27.15
2016-09-12T11:00,2016-09-12,11,28.13,28.43,26.74,28.55,27.53,27.14,27.83,27.83,29.37,28.1
2016-09-12T12:00,2016-09-12,12,28.5,28.68,26.93,28.85,28.49,27.91,28.29,27.96,29.28,28.87
2016-09-12T13:00,2016-09-12,13,29.43,29.99,27.0,29.78,30.87,31.04,28.96,28.82,29.39,28.34
2016-09-12T14:00,2016-09-12,14,29.62,30.16,26.85,29.19,31.52,31.14,29.39,28.94,29.82,29.0
2016-09-12T15:00,2016-09-12,15,29.06,29.23,27.0,28.18,30.98,30.87,28.71,28.34,29.17,29.36
2016-09-12T16:00,2016-09-12,16,28.58,28.81,27.04,27.7,30.02,29.41,28.11,27.79,29.04,29.04
2016-09-12T17:00,2016-09-12,17,27.76,27.82,26.64,27.15,28.52,28.13,27.38,27.38,28.3,28.39
2016-09-12T18:00,2016-09-12,18,27.15,27.05,26.32,26.74,27.75,27.09,26.8,27.12,27.76,27.79
2016-09-12T19:00,2016-09-12,19,26.64,26.47,26.08,26.39,27.06,26.35,26.36,26.86,27.15,27.3
2016-09-12T20:00,2016-09-12,20,26.39,26.29,25.97,26.25,26.57,26.01,26.14,26.73,26.86,26.81
2016-09-12T21:00,2016-09-12,21,26.18,26.18,25.8,26.09,26.15,25.85,25.98,26.59,26.55,26.38
2016-09-12T22:00,2016-09-12,22,25.98,26.05,25.55,25.98,25.82,25.61,25.86,26.4,26.24,26.09
2016-09-12T23:00,2016-09-12,23,25.83,25.96,25.51,25.89,25.51,25.54,25.76,26.38,25.95,25.7
2016-09-13T00:00,2016-09-13,0,25.67,25.81,25.3,25.75,25.33,25.45,25.73,26.21,25.77,25.43
2016-09-13T01:00,2016-09-13,1,25.59,25.53,25.34,25.39,25.5,25.2,25.88,26.13,25.81,25.62
2016-09-13T02:00,2016-09-13,2,25.46,25.31,25.34,25.34,25.36,25.17,25.86,26.06,25.62,25.43
2016-09-13T03:00,2016-09-13,3,25.33,25.24,25.15,25.27,25.23,25.05,25.78,25.85,25.35,25.24
2016-09-13T04:00,2016-09-13,4,25.2,25.11,24.99,25.24,25.03,25.0,25.69,25.76,25.19,24.99
2016-09-13T05:00,2016-09-13,5,25.12,25.06,24.89,25.21,24.96,24.92,25.6,25.83,25.09,24.78
2016-09-13T06:00,2016-09-13,6,25.08,25.05,24.83,25.19,24.91,24.86,25.52,25.88,25.05,24.69
2016-09-13T07:00,2016-09-13,7,25.37,25.31,25.32,25.45,25.01,25.01,25.82,26.06,25.56,24.93
2016-09-13T08:00,2016-09-13,8,25.85,25.68,26.19,26.01,25.09,25.36,26.29,26.44,26.28,25.44
2016-09-13T09:00,2016-09-13,9,26.45,26.0,27.38,26.75,25.29,25.63,26.82,27.2,26.92,26.54
2016-09-13T10:00,2016-09-13,10,27.13,26.38,28.38,27.72,25.5,26.38,27.55,27.87,27.71,27.47
2016-09-13T11:00,2016-09-13,11,27.76,27.36,29.24,28.56,25.81,26.86,27.39,28.48,28.27,28.05
2016-09-13T12:00,2016-09-13,12,28.48,28.48,29.84,29.5,26.16,27.0,27.62,28.91,28.99,28.88
2016-09-13T13:00,2016-09-13,13,28.16,27.34,29.21,28.43,26.61,29.23,27.42,28.7,28.41,29.72
2016-09-13T14:00,2016-09-13,14,28.43,27.73,28.85,28.76,26.95,29.78,27.44,29.5,29.16,29.29
2016-09-13T15:00,2016-09-13,15,28.45,28.22,28.43,28.73,27.53,29.61,27.42,28.86,29.7,28.04
2016-09-13T16:00,2016-09-13,16,28.41,28.38,28.16,28.75,27.96,29.44,27.55,28.23,29.66,27.46
2016-09-13T17:00,2016-09-13,17,28.05,28.3,27.74,28.59,27.86,28.29,27.21,27.63,28.8,27.25
2016-09-13T18:00,2016-09-13,18,27.5,27.79,27.39,27.63,27.48,27.61,26.88,27.33,27.86,26.91
2016-09-13T19:00,2016-09-13,19,26.99,27.3,27.02,26.83,26.93,27.05,26.52,27.04,27.24,26.5
2016-09-13T20:00,2016-09-13,20,26.68,26.92,26.75,26.56,26.67,26.66,26.22,26.89,26.92,26.21
2016-09-13T21:00,2016-09-13,21,26.34,26.33,26.57,26.43,26.07,26.28,26.1,26.74,26.6,25.99
2016-09-13T22:00,2016-09-13,22,26.1,26.03,26.32,26.25,25.59,25.97,26.02,26.57,26.39,25.85
2016-09-13T23:00,2016-09-13,23,25.88,25.76,26.14,26.05,25.2,25.67,25.97,26.35,26.22,25.65
2016-09-14T00:00,2016-09-14,0,25.65,25.59,25.85,25.86,24.98,25.34,25.84,25.99,25.94,25.41
2016-09-14T01:00,2016-09-14,1,25.76,25.64,25.92,25.89,25.31,25.49,25.96,26.13,26.0,25.61
2016-09-14T02:00,2016-09-14,2,25.58,25.49,25.71,25.58,25.12,25.33,25.81,25.94,25.81,25.5
2016-09-14T03:00,2016-09-14,3,25.44,25.4,25.49,25.4,24.93,25.09,25.67,25.73,25.74,25.43
2016-09-14T04:00,2016-09-14,4,25.29,25.27,25.33,25.24,24.79,24.97,25.56,25.56,25.51,25.27
2016-09-14T05:00,2016-09-14,5,25.15,25.02,25.2,25.16,24.67,24.95,25.56,25.62,25.36,25.03
2016-09-14T06:00,2016-09-14,6,25.11,25.0,25.14,24.99,24.66,24.93,25.55,25.73,25.3,24.91
2016-09-14T07:00,2016-09-14,7,25.5,25.21,26.35,25.71,24.81,25.12,25.99,26.38,25.47,25.14
2016-09-14T08:00,2016-09-14,8,26.39,26.09,27.8,26.91,25.61,25.67,26.8,27.44,26.23,25.68
2016-09-14T09:00,2016-09-14,9,27.51,27.29,28.75,27.98,26.61,26.6,28.02,28.6,27.58,26.63
2016-09-14T10:00,2016-09-14,10,28.51,28.41,29.84,28.95,27.69,27.22,28.99,29.3,28.46,27.82
2016-09-14T11:00,2016-09-14,11,29.46,29.44,30.58,29.98,28.65,27.84,29.88,30.16,29.39,28.9
2016-09-14T12:00,2016-09-14,12,30.16,30.34,31.11,30.52,29.48,28.82,30.3,30.61,30.09,29.61
2016-09-14T13:00,2016-09-14,13,29.47,28.66,30.6,28.83,29.65,28.56,30.39,30.4,30.21,29.5
2016-09-14T14:00,2016-09-14,14,29.84,29.08,30.57,29.25,29.9,29.19,30.63,30.57,30.58,30.23
2016-09-14T15:00,2016-09-14,15,30.03,29.32,30.24,29.71,29.96,29.45,30.74,30.54,30.77,30.59
2016-09-14T16:00,2016-09-14,16,29.8,29.09,29.83,29.71,29.68,29.14,30.51,30.2,30.37,30.63
2016-09-14T17:00,2016-09-14,17,29.25,28.77,29.12,29.29,29.09,28.73,29.93,29.5,29.66,29.68
2016-09-14T18:00,2016-09-14,18,28.51,28.15,28.42,28.56,28.21,28.01,29.09,28.63,28.95,28.82
2016-09-14T19:00,2016-09-14,19,27.8,27.44,27.79,27.73,27.68,27.4,28.39,27.91,28.19,28.0
2016-09-14T20:00,2016-09-14,20,27.31,26.97,27.28,27.04,27.23,26.94,27.93,27.61,27.7,27.53
2016-09-14T21:00,2016-09-14,21,26.96,26.65,27.01,26.62,26.76,26.59,27.62,27.43,27.38,27.08
2016-09-14T22:00,2016-09-14,22,26.67,26.36,26.82,26.38,26.46,26.1,27.38,27.13,27.07,26.79
2016-09-14T23:00,2016-09-14,23,26.38,26.04,26.58,26.07,26.08,26.0,27.05,26.9,26.83,26.43
2016-09-15T00:00,2016-09-15,0,26.14,25.82,26.35,25.82,25.91,25.82,26.77,26.6,26.55,26.19
2016-09-15T01:00,2016-09-15,1,26.18,26.06,26.07,25.85,25.89,25.87,26.85,26.33,26.64,26.06
2016-09-15T02:00,2016-09-15,2,26.05,25.91,26.38,25.72,25.58,25.74,26.62,26.28,26.48,25.83
2016-09-15T03:00,2016-09-15,3,25.87,25.68,25.97,26.15,25.31,25.25,26.3,26.4,26.19,25.71
2016-09-15T04:00,2016-09-15,4,25.62,25.54,25.44,25.66,25.21,25.03,26.14,26.1,25.94,25.42
2016-09-15T05:00,2016-09-15,5,25.42,25.45,25.37,25.11,24.98,24.9,25.96,25.99,25.73,25.2
2016-09-15T06:00,2016-09-15,6,25.28,25.39,25.24,24.81,24.76,24.75,25.98,25.9,25.51,24.92
2016-09-15T07:00,2016-09-15,7,26.14,26.38,26.44,26.62,25.2,25.48,26.56,26.69,25.76,25.51
2016-09-15T08:00,2016-09-15,8,27.16,27.46,27.52,27.99,26.05,26.47,27.65,27.91,26.53,26.3
2016-09-15T09:00,2016-09-15,9,28.3,28.64,28.71,29.2,27.41,27.36,28.64,28.83,27.66,27.41
2016-09-15T10:00,2016-09-15,10,29.24,29.51,29.68,30.16,28.47,28.48,29.57,29.64,28.69,28.34
2016-09-15T11:00,2016-09-15,11,30.17,30.35,30.67,30.99,29.62,29.52,30.41,30.46,29.71,29.31
2016-09-15T12:00,2016-09-15,12,30.71,30.9,31.15,31.5,29.95,29.81,31.08,30.89,30.58,29.76
2016-09-15T13:00,2016-09-15,13,31.35,31.53,31.51,31.8,30.91,31.12,31.34,31.04,31.31,30.93
2016-09-15T14:00,2016-09-15,14,31.48,31.59,31.5,32.1,30.95,31.25,31.43,31.12,31.43,31.28
2016-09-15T15:00,2016-09-15,15,31.39,31.58,30.82,31.9,30.64,31.21,31.54,31.08,31.62,31.21
2016-09-15T16:00,2016-09-15,16,30.99,31.43,30.07,31.5,30.54,30.83,31.0,30.55,30.65,31.06
2016-09-15T17:00,2016-09-15,17,30.13,30.77,29.2,30.81,29.81,30.06,30.36,29.91,29.3,29.55
2016-09-15T18:00,2016-09-15,18,29.27,29.96,28.44,29.72,29.04,29.11,29.42,28.94,28.56,28.8
2016-09-15T19:00,2016-09-15,19,28.54,29.17,27.93,28.83,28.43,28.26,28.69,28.27,28.01,27.96
2016-09-15T20:00,2016-09-15,20,27.97,28.4,27.54,28.29,27.8,27.71,28.16,27.81,27.62,27.46
2016-09-15T21:00,2016-09-15,21,27.61,27.87,27.22,27.78,27.76,27.78,27.76,27.52,27.29,27.08
2016-09-15T22:00,2016-09-15,22,27.23,27.5,26.95,27.31,27.11,27.47,27.44,27.29,27.07,26.59
2016-09-15T23:00,2016-09-15,23,26.92,27.22,26.69,26.84,26.87,27.03,27.18,27.08,26.91,26.04
2016-09-16T00:00,2016-09-16,0,26.63,26.98,26.56,26.61,26.35,26.36,26.88,26.8,26.75,25.73
2016-09-16T01:00,2016-09-16,1,26.9,27.26,26.69,26.76,26.86,26.75,26.94,26.72,27.18,26.15
2016-09-16T02:00,2016-09-16,2,26.63,27.03,26.41,26.58,26.35,26.29,26.66,26.41,26.95,25.95
2016-09-16T03:00,2016-09-16,3,26.38,26.77,26.16,26.38,25.71,25.99,26.47,26.31,26.69,25.87
2016-09-16T04:00,2016-09-16,4,26.09,26.52,25.88,26.18,25.27,25.54,26.23,26.2,26.3,25.57
2016-09-16T05:00,2016-09-16,5,25.89,26.25,25.57,26.07,25.03,25.24,26.11,26.27,26.06,25.43
2016-09-16T06:00,2016-09-16,6,25.75,26.17,25.62,25.8,24.99,25.05,25.88,26.43,25.81,25.18
2016-09-16T07:00,2016-09-16,7,26.38,26.87,26.05,27.0,25.3,25.45,26.93,27.2,26.04,25.5
2016-09-16T08:00,2016-09-16,8,27.34,27.93,26.99,28.05,25.94,26.38,28.09,28.38,26.82,26.19
2016-09-16T09:00,2016-09-16,9,28.4,29.01,28.02,29.02,27.33,27.22,28.98,29.23,28.05,27.33
2016-09-16T10:00,2016-09-16,10,29.44,29.97,28.91,30.03,28.7,28.5,29.82,30.13,29.22,28.47
2016-09-16T11:00,2016-09-16,11,30.08,30.59,29.52,30.66,29.25,29.21,30.62,30.58,30.27,28.64
2016-09-16T12:00,2016-09-16,12,30.48,31.15,29.93,31.08,30.22,29.79,30.96,29.96,30.21,29.24
2016-09-16T13:00,2016-09-16,13,30.81,31.46,29.61,30.84,31.11,31.24,31.42,30.43,30.5,29.52
2016-09-16T14:00,2016-09-16,14,30.88,31.62,29.09,30.99,30.99,30.71,31.51,30.5,30.91,29.8
2016-09-16T15:00,2016-09-16,15,30.65,31.38,28.68,31.01,30.24,29.94,31.47,30.61,30.94,29.5
2016-09-16T16:00,2016-09-16,16,30.4,31.27,27.68,30.9,30.13,29.28,30.93,30.08,31.02,29.57
2016-09-16T17:00,2016-09-16,17,29.73,30.46,27.26,29.98,29.95,28.87,29.9,29.17,30.71,28.91
2016-09-16T18:00,2016-09-16,18,28.79,29.41,26.6,28.99,29.13,28.22,28.92,28.45,29.28,28.33
2016-09-16T19:00,2016-09-16,19,28.12,28.74,26.3,28.34,28.16,27.61,28.31,28.01,28.28,27.7
2016-09-16T20:00,2016-09-16,20,27.69,28.28,26.19,27.85,27.52,27.21,27.86,27.73,27.78,27.31
2016-09-16T21:00,2016-09-16,21,27.31,27.77,26.07,27.43,27.04,26.9,27.55,27.44,27.45,26.91
2016-09-16T22:00,2016-09-16,22,27.01,27.41,25.89,27.13,26.86,26.44,27.31,27.17,27.17,26.62
2016-09-16T23:00,2016-09-16,23,26.71,27.09,25.76,26.74,26.48,26.0,27.06,27.04,26.92,26.3
2016-09-17T00:00,2016-09-17,0,26.44,26.76,25.6,26.51,26.21,25.52,26.81,26.76,26.71,26.08
2016-09-17T01:00,2016-09-17,1,26.69,27.06,25.79,26.93,26.71,26.36,27.13,27.01,26.29,26.25
2016-09-17T02:00,2016-09-17,2,26.42,26.79,25.45,26.77,26.4,25.97,26.85,26.93,26.0,25.95
2016-09-17T03:00,2016-09-17,3,26.11,26.4,25.22,26.43,25.84,25.65,26.56,26.81,25.8,25.73
2016-09-17T04:00,2016-09-17,4,25.84,26.1,25.05,26.17,25.46,25.27,26.43,26.46,25.62,25.39
2016-09-17T05:00,2016-09-17,5,25.67,25.93,24.98,25.69,25.41,25.1,26.23,26.26,25.54,25.32
2016-09-17T06:00,2016-09-17,6,25.61,25.97,24.99,25.5,25.36,24.96,26.12,26.3,25.46,25.16
2016-09-17T07:00,2016-09-17,7,26.01,26.51,25.18,25.63,25.88,25.22,26.52,26.69,25.94,25.6
2016-09-17T08:00,2016-09-17,8,26.75,27.51,25.64,26.25,26.77,25.53,27.21,27.15,26.8,26.31
2016-09-17T09:00,2016-09-17,9,27.48,28.38,26.27,26.98,27.15,25.97,27.87,27.71,27.95,26.85
2016-09-17T10:00,2016-09-17,10,28.02,28.51,26.67,28.07,27.98,26.23,28.59,28.62,28.31,27.77
2016-09-17T11:00,2016-09-17,11,28.88,29.45,27.32,29.26,28.76,26.89,29.38,29.69,29.01,28.57
2016-09-17T12:00,2016-09-17,12,29.06,29.15,28.01,29.15,28.96,27.42,29.86,28.93,29.55,29.35
2016-09-17T13:00,2016-09-17,13,31.05,31.62,29.08,30.19,31.97,31.43,31.02,30.31,31.7,30.92
2016-09-17T14:00,2016-09-17,14,30.91,31.67,29.19,29.27,32.1,31.68,31.03,29.39,31.66,30.68
2016-09-17T15:00,2016-09-17,15,30.23,30.74,27.86,28.69,31.35,31.64,30.28,28.65,31.78,29.84
2016-09-17T16:00,2016-09-17,16,29.12,28.98,27.37,28.64,29.79,30.36,28.52,28.41,30.91,29.06
2016-09-17T17:00,2016-09-17,17,28.34,28.32,27.02,28.19,28.79,28.79,27.89,28.15,29.52,28.24
2016-09-17T18:00,2016-09-17,18,27.68,27.76,26.75,27.67,27.8,27.44,27.47,27.78,28.42,27.61
2016-09-17T19:00,2016-09-17,19,27.21,27.44,26.45,27.3,27.08,26.77,27.1,27.48,27.61,27.01
2016-09-17T20:00,2016-09-17,20,26.87,27.14,26.22,26.98,26.72,26.32,26.87,27.23,26.98,26.69
2016-09-17T21:00,2016-09-17,21,26.63,26.94,25.97,26.73,26.41,26.15,26.59,27.02,26.71,26.43
2016-09-17T22:00,2016-09-17,22,26.41,26.74,25.82,26.44,26.09,25.98,26.44,26.86,26.55,26.12
2016-09-17T23:00,2016-09-17,23,26.2,26.46,25.6,26.2,25.91,25.62,26.36,26.72,26.35,25.98
2016-09-18T00:00,2016-09-18,0,25.98,26.28,25.42,25.84,25.7,25.44,26.13,26.53,26.1,25.81
2016-09-18T01:00,2016-09-18,1,26.14,26.47,25.63,26.16,25.74,25.22,26.42,26.68,26.3,25.84
2016-09-18T02:00,2016-09-18,2,26.01,26.32,25.53,26.04,25.46,25.14,26.32,26.59,26.26,25.64
2016-09-18T03:00,2016-09-18,3,25.86,26.17,25.39,25.9,25.31,25.01,26.19,26.41,26.13,25.42
2016-09-18T04:00,2016-09-18,4,25.7,26.03,25.28,25.72,25.2,24.91,25.96,26.24,25.89,25.22
2016-09-18T05:00,2016-09-18,5,25.55,25.84,25.16,25.48,25.1,24.87,25.86,26.07,25.72,25.18
2016-09-18T06:00,2016-09-18,6,25.47,25.72,25.19,25.28,25.02,24.82,25.8,25.99,25.71,25.09
2016-09-18T07:00,2016-09-18,7,25.96,26.22,25.87,26.06,25.25,24.97,26.57,26.89,26.11,25.15
2016-09-18T08:00,2016-09-18,8,26.73,27.1,26.65,26.94,25.95,25.34,27.62,27.78,26.88,25.42
2016-09-18T09:00,2016-09-18,9,27.81,28.32,27.89,28.19,26.97,26.0,28.83,28.86,28.01,25.98
2016-09-18T10:00,2016-09-18,10,29.0,29.79,28.98,29.64,27.88,26.87,30.02,29.53,29.23,26.82
2016-09-18T11:00,2016-09-18,11,29.32,29.93,29.63,29.78,28.8,27.15,29.99,29.28,29.82,27.47
2016-09-18T12:00,2016-09-18,12,29.88,30.42,30.03,29.34,29.96,27.91,30.89,29.74,30.63,28.31
2016-09-18T13:00,2016-09-18,13,30.72,31.07,30.28,30.59,30.99,29.4,30.86,30.0,31.59,30.24
2016-09-18T14:00,2016-09-18,14,30.93,31.45,30.0,30.9,30.47,29.14,31.2,30.58,31.8,30.76
2016-09-18T15:00,2016-09-18,15,30.92,31.39,29.79,30.88,30.47,29.01,31.17,30.53,31.81,31.09
2016-09-18T16:00,2016-09-18,16,30.33,31.06,28.65,30.55,29.46,28.86,30.94,30.21,31.06,29.75
2016-09-18T17:00,2016-09-18,17,29.67,30.47,27.98,29.92,28.69,28.16,30.35,29.76,30.23,28.94
2016-09-18T18:00,2016-09-18,18,28.94,29.67,27.58,29.14,28.02,27.63,29.46,28.99,29.48,28.23
2016-09-18T19:00,2016-09-18,19,28.25,28.89,27.11,28.36,27.3,27.03,28.78,28.37,28.82,27.63
2016-09-18T20:00,2016-09-18,20,27.81,28.38,26.83,27.9,26.94,26.71,28.32,27.91,28.24,27.28
2016-09-18T21:00,2016-09-18,21,27.51,28.04,26.52,27.58,26.79,26.37,28.05,27.64,27.92,27.02
2016-09-18T22:00,2016-09-18,22,27.2,27.67,26.3,27.24,26.53,26.09,27.65,27.41,27.71,26.68
2016-09-18T23:00,2016-09-18,23,26.91,27.35,26.04,26.84,26.38,25.8,27.45,27.26,27.43,26.35
2016-09-19T00:00,2016-09-19,0,26.6,27.0,25.82,26.54,26.03,25.54,27.1,26.98,27.17,26.01
2016-09-19T01:00,2016-09-19,1,26.68,27.28,26.25,26.73,26.22,25.57,27.11,26.83,26.98,25.58
2016-09-19T02:00,2016-09-19,2,26.43,27.12,25.89,26.52,25.97,25.3,26.84,26.66,26.57,25.38
2016-09-19T03:00,2016-09-19,3,26.23,26.89,25.65,26.4,25.75,24.96,26.57,27.04,26.25,25.2
2016-09-19T04:00,2016-09-19,4,26.01,26.71,25.36,26.08,25.47,24.84,26.38,26.74,26.01,25.07
2016-09-19T05:00,2016-09-19,5,25.85,26.54,25.21,26.03,25.19,24.78,26.17,26.61,25.74,24.95
2016-09-19T06:00,2016-09-19,6,25.67,26.29,25.34,25.92,25.01,24.82,25.95,26.17,25.46,24.77
2016-09-19T07:00,2016-09-19,7,26.32,26.88,26.19,26.57,25.39,25.12,26.98,27.23,26.18,25.21
2016-09-19T08:00,2016-09-19,8,27.14,27.71,26.82,27.11,26.29,25.69,28.07,28.19,27.16,26.03
2016-09-19T09:00,2016-09-19,9,28.1,28.62,27.83,27.97,27.46,26.26,29.14,29.16,28.23,27.0
2016-09-19T10:00,2016-09-19,10,29.01,29.41,28.63,28.92,28.73,26.65,30.01,29.93,29.53,28.02
2016-09-19T11:00,2016-09-19,11,29.68,29.88,29.38,29.84,28.93,27.05,30.82,30.58,30.25,29.13
2016-09-19T12:00,2016-09-19,12,30.13,30.06,29.78,30.21,28.73,27.51,31.44,31.2,31.01,30.28
2016-09-19T13:00,2016-09-19,13,29.85,29.72,30.03,30.81,28.92,28.98,31.4,31.29,29.45,28.34
2016-09-19T14:00,2016-09-19,14,30.07,30.08,28.41,31.07,29.29,29.44,31.41,31.47,30.05,29.11
2016-09-19T15:00,2016-09-19,15,29.66,29.77,27.9,29.24,28.92,29.54,31.14,30.68,30.29,29.11
2016-09-19T16:00,2016-09-19,16,29.42,29.66,27.46,28.62,28.84,29.15,31.0,30.09,30.25,28.98
2016-09-19T17:00,2016-09-19,17,28.86,28.94,27.29,28.19,28.16,28.09,30.26,29.5,29.78,28.8
2016-09-19T18:00,2016-09-19,18,28.16,28.39,26.94,27.71,27.45,26.89,29.43,28.97,28.78,27.92
2016-09-19T19:00,2016-09-19,19,27.66,27.93,26.65,27.25,27.0,26.39,28.88,28.51,28.15,27.24
2016-09-19T20:00,2016-09-19,20,27.28,27.52,26.46,26.96,26.59,26.14,28.42,28.18,27.68,26.83
2016-09-19T21:00,2016-09-19,21,27.02,27.3,26.35,26.65,26.39,26.0,28.0,27.89,27.32,26.54
2016-09-19T22:00,2016-09-19,22,26.82,27.16,26.23,26.47,26.32,25.69,27.74,27.7,27.12,26.19
2016-09-19T23:00,2016-09-19,23,26.64,26.97,26.15,26.33,26.15,25.51,27.53,27.48,26.99,25.86
2016-09-20T00:00,2016-09-20,0,26.38,26.63,25.93,26.23,25.96,25.22,27.15,27.34,26.74,25.55
2016-09-20T01:00,2016-09-20,1,26.52,26.96,26.11,26.45,26.01,25.73,27.01,27.5,26.62,25.53
2016-09-20T02:00,2016-09-20,2,26.41,26.84,26.07,26.4,25.91,25.55,26.91,27.35,26.46,25.42
2016-09-20T03:00,2016-09-20,3,26.24,26.68,25.95,26.27,25.77,25.18,26.82,27.18,26.27,25.22
2016-09-20T04:00,2016-09-20,4,26.04,26.5,25.79,26.08,25.55,24.89,26.69,26.87,26.01,25.03
2016-09-20T05:00,2016-09-20,5,25.78,26.18,25.66,25.89,25.28,24.74,26.39,26.51,25.71,24.82
2016-09-20T06:00,2016-09-20,6,25.63,25.97,25.65,25.76,25.08,24.7,26.18,26.31,25.62,24.67
2016-09-20T07:00,2016-09-20,7,26.42,27.06,26.12,26.69,25.5,24.75,27.26,27.74,26.2,25.14
2016-09-20T08:00,2016-09-20,8,27.23,27.76,26.96,27.79,26.16,25.09,28.3,28.66,27.12,25.84
2016-09-20T09:00,2016-09-20,9,28.15,28.62,27.96,28.71,27.22,25.62,29.31,29.43,28.15,26.88
2016-09-20T10:00,2016-09-20,10,29.12,29.68,28.73,29.96,28.29,26.35,30.18,30.09,29.1,27.88
2016-09-20T11:00,2016-09-20,11,29.91,30.29,29.08,30.66,29.24,27.04,31.17,30.4,30.44,28.87
2016-09-20T12:00,2016-09-20,12,30.19,30.62,29.24,30.19,30.22,27.76,31.12,30.31,30.8,29.71
2016-09-20T13:00,2016-09-20,13,29.52,29.34,29.95,30.14,28.15,27.59,30.71,30.84,29.19,29.68
2016-09-20T14:00,2016-09-20,14,29.5,29.65,30.09,29.5,28.58,28.02,30.49,30.3,29.35,28.99
2016-09-20T15:00,2016-09-20,15,29.11,29.75,28.74,28.48,28.82,28.39,29.88,29.24,29.06,28.33
2016-09-20T16:00,2016-09-20,16,28.88,29.69,27.82,28.14,28.86,28.67,29.45,28.89,28.97,27.94
2016-09-20T17:00,2016-09-20,17,28.38,28.87,27.39,27.74,28.46,28.29,28.73,28.77,28.78,27.63
2016-09-20T18:00,2016-09-20,18,27.65,27.65,27.04,27.25,27.53,27.44,28.19,28.18,28.32,27.22
2016-09-20T19:00,2016-09-20,19,27.14,27.02,26.79,27.0,26.8,26.78,27.67,27.86,27.72,26.78
2016-09-20T20:00,2016-09-20,20,26.89,26.78,26.69,26.75,26.52,26.49,27.42,27.63,27.4,26.47
2016-09-20T21:00,2016-09-20,21,26.69,26.59,26.56,26.59,26.32,26.27,27.21,27.43,27.13,26.29
2016-09-20T22:00,2016-09-20,22,26.54,26.5,26.4,26.46,26.1,26.07,27.02,27.28,26.87,26.17
2016-09-20T23:00,2016-09-20,23,26.34,26.37,26.23,26.23,25.96,25.87,26.83,27.2,26.49,25.94
2016-09-21T00:00,2016-09-21,0,26.17,26.3,26.07,26.12,25.8,25.74,26.67,27.06,26.09,25.57
2016-09-21T01:00,2016-09-21,1,26.17,26.33,26.24,26.09,25.54,25.79,26.82,27.18,26.07,25.42
2016-09-21T02:00,2016-09-21,2,26.0,26.21,26.05,26.05,25.46,25.74,26.62,27.05,25.89,24.83
2016-09-21T03:00,2016-09-21,3,25.84,26.11,25.89,26.01,25.33,25.7,26.33,26.9,25.68,24.56
2016-09-21T04:00,2016-09-21,4,25.68,26.02,25.76,25.76,25.12,25.42,26.05,26.67,25.48,24.56
2016-09-21T05:00,2016-09-21,5,25.54,25.95,25.59,25.52,24.92,25.38,25.88,26.48,25.29,24.48
2016-09-21T06:00,2016-09-21,6,25.42,25.73,25.44,25.4,24.82,25.26,25.87,26.42,25.21,24.45
2016-09-21T07:00,2016-09-21,7,25.66,25.83,26.33,25.95,25.05,25.4,25.88,26.67,25.22,24.7
2016-09-21T08:00,2016-09-21,8,26.14,25.99,27.47,26.79,25.53,25.83,26.45,27.38,25.51,25.1
2016-09-21T09:00,2016-09-21,9,26.77,26.37,28.58,27.7,25.86,26.16,27.29,28.37,25.94,25.91
2016-09-21T10:00,2016-09-21,10,27.44,26.78,29.56,28.79,26.3,26.55,27.93,29.18,26.6,26.88
2016-09-21T11:00,2016-09-21,11,28.13,27.51,30.14,29.82,26.52,26.83,28.61,29.81,27.3,27.77
2016-09-21T12:00,2016-09-21,12,28.69,28.09,30.57,30.29,26.71,27.07,29.43,30.28,28.02,28.56
2016-09-21T13:00,2016-09-21,13,29.5,29.54,31.74,31.51,29.24,31.18,28.06,29.33,27.47,28.36
2016-09-21T14:00,2016-09-21,14,29.74,29.96,30.81,31.03,29.16,31.58,28.53,29.49,28.74,28.62
2016-09-21T15:00,2016-09-21,15,29.63,30.33,29.81,30.73,29.13,30.26,28.5,28.95,29.27,28.31
2016-09-21T16:00,2016-09-21,16,29.2,29.67,29.24,29.95,28.75,29.14,28.56,28.57,29.31,28.29
2016-09-21T17:00,2016-09-21,17,28.56,28.47,28.62,29.05,28.62,28.58,28.27,28.28,29.05,27.96
2016-09-21T18:00,2016-09-21,18,27.75,27.42,27.79,28.32,27.9,28.07,27.6,27.91,28.16,27.15
2016-09-21T19:00,2016-09-21,19,27.18,26.89,27.18,27.74,27.39,27.46,27.09,27.54,27.39,26.66
2016-09-21T20:00,2016-09-21,20,26.86,26.61,26.88,27.28,26.93,27.09,26.84,27.41,26.95,26.4
2016-09-21T21:00,2016-09-21,21,26.56,26.37,26.62,26.83,26.48,26.58,26.6,27.24,26.65,26.21
2016-09-21T22:00,2016-09-21,22,26.32,26.19,26.43,26.6,26.13,26.11,26.4,27.14,26.35,25.94
2016-09-21T23:00,2016-09-21,23,26.06,25.93,26.13,26.33,25.82,25.87,26.17,27.0,26.09,25.67
2016-09-22T00:00,2016-09-22,0,25.94,25.87,26.03,26.22,25.55,25.8,26.01,26.95,25.86,25.55
2016-09-22T01:00,2016-09-22,1,25.91,26.0,25.79,26.1,25.84,25.21,26.12,26.71,25.85,25.47
2016-09-22T02:00,2016-09-22,2,25.79,25.93,25.65,25.96,25.7,25.06,25.96,26.63,25.67,25.41
2016-09-22T03:00,2016-09-22,3,25.62,25.76,25.45,25.78,25.57,24.97,25.75,26.56,25.54,25.16
2016-09-22T04:00,2016-09-22,4,25.44,25.59,25.28,25.39,25.42,24.96,25.62,26.47,25.33,25.02
2016-09-22T05:00,2016-09-22,5,25.36,25.44,25.33,25.25,25.25,24.89,25.63,26.38,25.29,24.96
2016-09-22T06:00,2016-09-22,6,25.31,25.44,25.43,25.27,25.05,24.82,25.45,26.29,25.26,24.86
2016-09-22T07:00,2016-09-22,7,25.81,25.98,25.96,25.83,25.68,25.12,25.88,26.63,25.77,25.36
2016-09-22T08:00,2016-09-22,8,26.9,27.12,26.92,26.87,26.87,26.2,26.91,27.36,26.84,26.65
2016-09-22T09:00,2016-09-22,9,28.16,28.37,28.22,28.24,28.28,27.84,28.04,27.84,28.16,27.84
2016-09-22T10:00,2016-09-22,10,29.25,29.63,29.38,29.29,29.39,28.76,29.09,28.51,29.37,28.8
2016-09-22T11:00,2016-09-22,11,30.1,30.44,30.1,30.04,30.18,29.56,30.05,29.3,30.36,29.79
2016-09-22T12:00,2016-09-22,12,30.74,31.15,30.61,30.67,30.85,30.07,30.75,29.7,31.04,30.45
2016-09-22T13:00,2016-09-22,13,31.6,32.06,31.58,31.83,31.69,31.66,31.57,30.86,31.54,30.56
2016-09-22T14:00,2016-09-22,14,31.53,32.26,30.49,31.91,31.89,31.94,30.9,30.63,31.67,30.44
2016-09-22T15:00,2016-09-22,15,31.11,31.88,29.76,31.79,31.84,31.9,29.76,29.88,31.22,30.34
2016-09-22T16:00,2016-09-22,16,29.86,30.12,28.96,29.76,30.15,31.05,28.82,29.04,30.62,29.63
2016-09-22T17:00,2016-09-22,17,28.91,29.12,28.39,28.63,29.39,30.23,28.31,28.72,29.29,28.18
2016-09-22T18:00,2016-09-22,18,28.23,28.28,27.92,28.05,28.76,29.21,27.9,28.32,28.5,27.53
2016-09-22T19:00,2016-09-22,19,27.64,27.61,27.53,27.52,28.1,28.46,27.48,27.81,27.8,26.98
2016-09-22T20:00,2016-09-22,20,27.14,27.06,27.21,27.07,27.32,27.89,27.06,27.39,27.26,26.59
2016-09-22T21:00,2016-09-22,21,26.77,26.67,26.9,26.73,26.9,27.25,26.75,27.12,26.83,26.36
2016-09-22T22:00,2016-09-22,22,26.46,26.43,26.56,26.45,26.32,26.37,26.56,26.94,26.62,26.08
2016-09-22T23:00,2016-09-22,23,26.2,26.18,26.36,26.18,26.04,25.76,26.36,26.71,26.34,25.91
2016-09-23T00:00,2016-09-23,0,25.98,25.97,26.21,25.93,25.69,25.48,26.19,26.57,26.13,25.67
2016-09-23T01:00,2016-09-23,1,26.27,26.31,26.38,26.22,26.13,25.69,26.29,26.93,26.35,26.11
2016-09-23T02:00,2016-09-23,2,26.05,26.07,26.24,26.12,25.84,25.31,26.09,26.72,26.09,25.95
2016-09-23T03:00,2016-09-23,3,25.95,26.05,26.21,26.08,25.44,25.12,26.01,26.68,26.03,25.71
2016-09-23T04:00,2016-09-23,4,25.74,25.91,26.04,25.92,25.17,24.91,25.77,26.34,25.74,25.43
2016-09-23T05:00,2016-09-23,5,25.61,25.83,25.92,25.84,24.95,24.81,25.7,26.23,25.61,25.09
2016-09-23T06:00,2016-09-23,6,25.48,25.73,25.71,25.71,24.82,24.7,25.55,26.08,25.52,24.91
2016-09-23T07:00,2016-09-23,7,25.99,26.2,26.49,26.23,25.37,25.11,26.0,26.36,26.24,25.29
2016-09-23T08:00,2016-09-23,8,26.99,27.2,27.6,27.4,26.67,26.01,26.78,26.88,27.61,25.9
2016-09-23T09:00,2016-09-23,9,28.0,28.1,28.62,28.03,28.14,27.52,27.9,27.87,28.75,26.76
2016-09-23T10:00,2016-09-23,10,29.07,29.24,29.85,29.1,29.15,28.73,28.85,28.81,29.79,27.61
2016-09-23T11:00,2016-09-23,11,29.99,30.19,30.77,30.29,30.15,29.82,29.92,28.73,30.64,28.52
2016-09-23T12:00,2016-09-23,12,30.14,30.24,31.17,30.92,30.69,30.44,29.25,27.63,30.82,29.01
2016-09-23T13:00,2016-09-23,13,30.63,30.95,30.93,31.28,31.28,30.69,29.64,28.28,31.42,29.65
2016-09-23T14:00,2016-09-23,14,30.62,31.01,30.6,31.15,31.5,31.08,28.92,28.12,31.54,30.08
2016-09-23T15:00,2016-09-23,15,30.3,30.63,29.22,30.96,31.0,31.11,28.6,28.5,31.35,29.96
2016-09-23T16:00,2016-09-23,16,29.7,30.12,28.37,30.31,30.24,29.07,28.76,28.66,30.87,29.11
2016-09-23T17:00,2016-09-23,17,29.03,29.39,27.99,29.48,29.55,28.12,28.51,28.28,30.11,28.25
2016-09-23T18:00,2016-09-23,18,28.23,28.61,27.49,28.49,28.55,27.28,27.84,27.72,29.19,27.51
2016-09-23T19:00,2016-09-23,19,27.65,27.99,27.1,27.87,27.91,26.62,27.37,27.41,28.43,26.89
2016-09-23T20:00,2016-09-23,20,27.24,27.54,26.83,27.42,27.5,26.15,27.08,27.11,27.97,26.52
2016-09-23T21:00,2016-09-23,21,26.95,27.28,26.62,27.05,27.21,25.84,26.82,26.91,27.53,26.27
2016-09-23T22:00,2016-09-23,22,26.67,26.99,26.44,26.85,26.85,25.44,26.56,26.72,27.22,25.95
2016-09-23T23:00,2016-09-23,23,26.4,26.71,26.19,26.6,26.56,25.28,26.34,26.53,26.91,25.57
2016-09-24T00:00,2016-09-24,0,26.09,26.34,25.96,26.25,26.12,25.12,26.16,26.3,26.56,25.22
2016-09-24T01:00,2016-09-24,1,25.96,26.35,26.0,26.22,25.76,24.69,26.17,26.22,25.87,25.3
2016-09-24T02:00,2016-09-24,2,25.74,26.16,25.89,25.93,25.47,24.51,25.98,26.17,25.47,25.13
2016-09-24T03:00,2016-09-24,3,25.58,26.02,25.72,25.76,25.22,24.36,25.82,26.06,25.33,24.98
2016-09-24T04:00,2016-09-24,4,25.4,25.84,25.57,25.49,24.99,24.24,25.64,25.93,25.25,24.72
2016-09-24T05:00,2016-09-24,5,25.29,25.68,25.45,25.39,24.94,24.15,25.5,25.93,25.21,24.57
2016-09-24T06:00,2016-09-24,6,25.19,25.5,25.27,25.3,24.88,24.07,25.44,25.98,25.13,24.54
2016-09-24T07:00,2016-09-24,7,25.76,26.06,26.2,26.04,25.29,24.76,26.0,26.64,25.54,24.81
2016-09-24T08:00,2016-09-24,8,26.85,27.15,27.6,27.48,26.29,26.06,26.99,27.67,26.43,25.63
2016-09-24T09:00,2016-09-24,9,27.94,28.18,28.85,28.65,27.4,27.6,28.01,28.44,27.53,26.54
2016-09-24T10:00,2016-09-24,10,29.02,29.28,29.82,29.61,28.71,29.0,29.04,29.05,28.57,27.74
2016-09-24T11:00,2016-09-24,11,29.76,30.05,30.48,30.25,29.71,29.99,29.98,29.61,29.33,28.09
2016-09-24T12:00,2016-09-24,12,30.15,30.76,30.92,30.76,30.37,30.69,29.49,29.1,29.88,28.35
2016-09-24T13:00,2016-09-24,13,29.67,29.26,30.74,29.43,30.44,30.15,28.47,28.35,30.59,30.06
2016-09-24T14:00,2016-09-24,14,29.18,28.33,30.02,28.94,30.44,30.7,28.42,28.0,29.59,29.97
2016-09-24T15:00,2016-09-24,15,28.67,28.06,29.45,28.81,29.34,30.54,27.9,27.94,28.79,28.83
2016-09-24T16:00,2016-09-24,16,28.05,27.84,28.76,28.55,27.74,29.87,27.32,27.5,27.98,27.62
2016-09-24T17:00,2016-09-24,17,27.64,27.53,28.32,28.23,27.03,29.11,26.92,27.41,27.64,27.03
2016-09-24T18:00,2016-09-24,18,27.1,27.13,27.59,27.63,26.41,28.3,26.68,27.11,27.07,26.26
2016-09-24T19:00,2016-09-24,19,26.73,26.82,27.17,27.23,26.26,27.58,26.4,26.87,26.64,25.7
2016-09-24T20:00,2016-09-24,20,26.44,26.61,26.68,26.85,26.14,26.98,26.25,26.67,26.42,25.36
2016-09-24T21:00,2016-09-24,21,26.22,26.42,26.39,26.53,25.99,26.6,26.11,26.46,26.21,25.12
2016-09-24T22:00,2016-09-24,22,26.03,26.28,26.09,26.29,25.87,26.12,26.04,26.41,26.01,24.93
2016-09-24T23:00,2016-09-24,23,25.85,26.1,25.92,26.08,25.75,25.7,25.93,26.32,25.82,24.71
2016-09-25T00:00,2016-09-25,0,25.66,25.94,25.8,25.79,25.46,25.3,25.85,26.11,25.67,24.61
2016-09-25T01:00,2016-09-25,1,25.74,26.04,25.94,25.87,25.38,25.37,26.01,26.29,25.73,24.56
2016-09-25T02:00,2016-09-25,2,25.48,25.72,25.66,25.65,25.15,25.06,25.72,25.91,25.51,24.48
2016-09-25T03:00,2016-09-25,3,25.16,25.18,25.38,25.52,24.75,24.77,25.36,25.78,25.27,24.4
2016-09-25T04:00,2016-09-25,4,25.05,25.08,25.25,25.5,24.59,24.63,25.21,25.78,25.06,24.36
2016-09-25T05:00,2016-09-25,5,24.97,25.12,25.03,25.26,24.56,24.56,25.11,25.78,24.88,24.27
2016-09-25T06:00,2016-09-25,6,24.96,25.25,25.06,25.11,24.62,24.55,25.03,25.56,24.8,24.25
2016-09-25T07:00,2016-09-25,7,25.4,25.72,26.07,25.78,24.97,24.95,25.27,26.27,24.97,24.33
2016-09-25T08:00,2016-09-25,8,26.2,26.61,27.08,26.9,25.64,25.81,26.33,27.22,25.41,24.57
2016-09-25T09:00,2016-09-25,9,27.27,27.87,28.26,28.2,26.77,26.93,27.47,28.12,26.3,24.97
2016-09-25T10:00,2016-09-25,10,28.29,28.95,29.29,29.11,28.09,28.17,28.55,29.05,27.47,25.41
2016-09-25T11:00,2016-09-25,11,29.34,30.09,29.97,30.07,29.45,29.37,29.6,29.87,28.71,26.23
2016-09-25T12:00,2016-09-25,12,29.9,30.66,30.47,30.81,30.1,30.22,29.9,30.26,29.01,26.91
2016-09-25T13:00,2016-09-25,13,30.33,30.76,30.74,31.07,30.47,30.58,30.18,30.69,30.46,27.56
2016-09-25T14:00,2016-09-25,14,30.23,30.94,30.18,30.85,29.85,30.78,29.22,29.66,30.88,28.25
2016-09-25T15:00,2016-09-25,15,29.39,30.11,29.78,29.77,29.11,30.76,28.19,28.99,29.4,27.56
2016-09-25T16:00,2016-09-25,16,28.97,29.64,29.46,29.26,28.96,30.37,27.75,28.95,28.5,27.46
2016-09-25T17:00,2016-09-25,17,28.17,28.51,28.61,28.5,28.44,29.33,27.58,28.23,27.71,26.76
2016-09-25T18:00,2016-09-25,18,27.43,27.71,28.05,27.82,27.87,27.77,26.97,27.73,26.95,26.09
2016-09-25T19:00,2016-09-25,19,26.91,27.23,27.54,27.37,27.05,26.95,26.59,27.4,26.46,25.57
2016-09-25T20:00,2016-09-25,20,26.59,26.97,27.16,27.04,26.22,26.52,26.44,27.09,26.18,25.27
2016-09-25T21:00,2016-09-25,21,26.37,26.76,26.87,26.76,25.88,26.2,26.34,26.91,26.02,25.12
2016-09-25T22:00,2016-09-25,22,26.16,26.59,26.57,26.49,25.66,25.86,26.19,26.66,25.88,24.93
2016-09-25T23:00,2016-09-25,23,25.93,26.32,26.34,26.23,25.48,25.45,26.11,26.45,25.7,24.72
2016-09-26T00:00,2016-09-26,0,25.73,26.12,26.1,25.97,25.24,25.12,25.99,26.23,25.54,24.62
2016-09-26T01:00,2016-09-26,1,25.89,26.24,26.15,26.1,25.52,25.57,26.12,26.48,25.57,24.88
2016-09-26T02:00,2016-09-26,2,25.73,26.07,26.09,25.85,25.43,25.44,25.95,26.08,25.44,24.77
2016-09-26T03:00,2016-09-26,3,25.52,25.78,25.9,25.63,25.26,25.14,25.82,26.02,25.22,24.66
2016-09-26T04:00,2016-09-26,4,25.4,25.74,25.87,25.5,25.1,24.92,25.62,25.67,25.04,24.59
2016-09-26T05:00,2016-09-26,5,25.22,25.51,25.43,25.35,24.93,24.8,25.39,25.68,24.95,24.52
2016-09-26T06:00,2016-09-26,6,25.17,25.34,25.51,25.4,24.89,24.73,25.26,25.68,24.94,24.57
2016-09-26T07:00,2016-09-26,7,25.61,25.82,26.33,26.42,24.96,24.91,25.68,26.38,25.07,24.62
2016-09-26T08:00,2016-09-26,8,26.37,26.62,27.31,27.63,25.46,25.45,26.53,27.38,25.48,25.17
2016-09-26T09:00,2016-09-26,9,27.2,27.5,28.49,28.84,25.81,26.09,27.71,28.54,26.1,25.31
2016-09-26T10:00,2016-09-26,10,28.11,28.54,29.39,29.72,26.5,26.69,28.82,29.5,27.19,25.89
2016-09-26T11:00,2016-09-26,11,29.05,29.54,30.12,30.52,27.12,27.45,30.11,30.34,28.48,26.63
2016-09-26T12:00,2016-09-26,12,29.76,30.36,30.45,31.22,27.8,27.98,30.67,30.79,29.57,27.32
2016-09-26T13:00,2016-09-26,13,30.49,31.3,31.03,31.35,30.27,30.4,31.17,31.04,29.77,27.04
2016-09-26T14:00,2016-09-26,14,30.54,31.53,30.66,31.49,30.78,30.87,30.55,30.55,29.83,27.22
2016-09-26T15:00,2016-09-26,15,30.23,31.24,30.23,31.36,29.45,30.8,29.96,30.37,29.8,27.25
2016-09-26T16:00,2016-09-26,16,29.54,30.54,29.12,30.88,28.68,30.35,28.63,29.29,29.06,27.54
2016-09-26T17:00,2016-09-26,17,28.8,29.49,28.32,29.74,27.97,29.38,28.13,28.89,28.65,27.37
2016-09-26T18:00,2016-09-26,18,27.99,28.52,28.1,28.46,27.4,28.21,27.67,28.29,27.73,26.76
2016-09-26T19:00,2016-09-26,19,27.36,27.71,27.79,27.77,27.0,27.37,27.31,27.91,26.94,26.14
2016-09-26T20:00,2016-09-26,20,26.92,27.16,27.69,27.27,26.56,26.8,26.97,27.57,26.51,25.67
2016-09-26T21:00,2016-09-26,21,26.66,27.04,27.5,26.86,26.14,26.32,26.76,27.32,26.27,25.35
2016-09-26T22:00,2016-09-26,22,26.41,26.89,26.86,26.77,25.87,25.9,26.56,27.08,26.15,24.94
2016-09-26T23:00,2016-09-26,23,26.14,26.7,26.3,26.43,25.74,25.48,26.33,26.79,25.92,24.7
2016-09-27T00:00,2016-09-27,0,25.89,26.37,25.99,26.18,25.54,25.31,26.15,26.59,25.7,24.42
2016-09-27T01:00,2016-09-27,1,26.01,26.46,26.11,26.21,25.73,25.69,26.05,26.58,25.7,24.97
2016-09-27T02:00,2016-09-27,2,25.9,26.31,26.01,26.07,25.6,25.4,26.05,26.9,25.47,24.88
2016-09-27T03:00,2016-09-27,3,25.74,26.11,26.28,25.87,25.41,25.21,26.02,26.67,25.11,24.73
2016-09-27T04:00,2016-09-27,4,25.41,25.78,25.54,25.58,25.29,24.93,25.65,26.36,24.89,24.46
2016-09-27T05:00,2016-09-27,5,25.24,25.62,25.27,25.51,25.2,24.78,25.41,25.89,24.82,24.21
2016-09-27T06:00,2016-09-27,6,25.19,25.58,25.5,25.36,25.03,24.75,25.34,26.04,24.8,23.99
2016-09-27T07:00,2016-09-27,7,25.91,26.4,26.06,25.9,26.01,25.08,25.93,26.81,25.58,24.86
2016-09-27T08:00,2016-09-27,8,27.09,27.54,27.03,27.16,27.25,25.99,26.95,27.74,27.02,26.4
2016-09-27T09:00,2016-09-27,9,28.22,28.62,28.05,28.33,28.25,27.28,27.98,28.64,28.25,27.76
2016-09-27T10:00,2016-09-27,10,29.25,29.58,29.02,29.32,29.31,28.37,29.23,29.36,29.35,28.83
2016-09-27T11:00,2016-09-27,11,30.2,30.55,29.99,30.31,30.33,29.57,30.21,30.19,30.05,29.82
2016-09-27T12:00,2016-09-27,12,30.69,31.13,30.2,30.96,30.69,30.05,30.63,30.42,30.54,30.43
2016-09-27T13:00,2016-09-27,13,30.16,29.46,30.49,30.71,29.16,30.94,31.22,30.14,30.13,30.22
2016-09-27T14:00,2016-09-27,14,29.96,29.12,30.44,30.89,29.19,30.88,30.55,29.66,30.06,30.07
2016-09-27T15:00,2016-09-27,15,29.79,29.05,29.76,30.98,29.32,30.31,29.95,29.46,30.22,29.93
2016-09-27T16:00,2016-09-27,16,29.39,29.19,28.66,30.43,29.1,30.06,29.08,28.69,30.17,28.92
2016-09-27T17:00,2016-09-27,17,28.83,28.98,27.71,29.37,28.79,29.66,28.05,27.98,29.91,28.2
2016-09-27T18:00,2016-09-27,18,28.11,28.39,26.75,28.58,28.09,28.69,27.51,27.62,29.0,27.43
2016-09-27T19:00,2016-09-27,19,27.48,27.76,26.05,28.0,27.43,27.98,27.1,27.32,28.13,26.77
2016-09-27T20:00,2016-09-27,20,27.11,27.35,25.92,27.7,26.95,27.56,26.83,27.08,27.57,26.4
2016-09-27T21:00,2016-09-27,21,26.77,26.95,25.79,27.23,26.61,27.24,26.61,26.89,27.08,26.1
2016-09-27T22:00,2016-09-27,22,26.48,26.66,25.59,27.06,26.24,26.86,26.34,26.65,26.64,25.9
2016-09-27T23:00,2016-09-27,23,26.23,26.42,25.4,26.85,25.94,26.36,26.13,26.6,26.26,25.75
2016-09-28T00:00,2016-09-28,0,25.97,26.07,25.28,26.33,25.78,26.08,26.03,26.43,26.02,25.6
2016-09-28T01:00,2016-09-28,1,26.18,26.47,25.45,26.37,26.08,26.51,26.16,26.41,25.74,26.08
2016-09-28T02:00,2016-09-28,2,26.03,26.53,25.41,26.01,25.95,26.11,25.92,26.27,25.56,25.84
2016-09-28T03:00,2016-09-28,3,25.8,26.36,25.36,25.68,25.75,25.82,25.63,25.98,25.41,25.37
2016-09-28T04:00,2016-09-28,4,25.56,25.98,25.31,25.46,25.72,25.51,25.38,25.81,25.29,25.1
2016-09-28T05:00,2016-09-28,5,25.38,25.77,25.15,25.33,25.33,25.21,25.2,25.71,25.16,25.06
2016-09-28T06:00,2016-09-28,6,25.32,25.55,25.1,25.23,25.52,25.07,25.26,25.75,25.01,25.17
2016-09-28T07:00,2016-09-28,7,25.88,26.37,25.18,25.41,26.39,25.81,25.55,25.72,25.77,25.89
2016-09-28T08:00,2016-09-28,8,26.9,27.33,25.79,25.85,27.87,27.38,26.34,25.9,27.18,27.62
2016-09-28T09:00,2016-09-28,9,28.11,28.54,26.97,26.99,29.15,28.93,27.21,26.21,28.85,29.0
2016-09-28T10:00,2016-09-28,10,29.18,29.69,27.98,28.17,30.17,29.87,28.01,26.79,30.27,29.99
2016-09-28T11:00,2016-09-28,11,29.88,30.13,28.79,29.1,30.94,30.82,28.64,27.38,31.07,30.8
2016-09-28T12:00,2016-09-28,12,30.5,30.75,29.4,30.1,31.86,31.44,28.78,28.17,31.57,31.37
2016-09-28T13:00,2016-09-28,13,30.19,29.67,30.01,30.36,31.74,31.75,27.79,27.75,31.58,31.44
2016-09-28T14:00,2016-09-28,14,30.26,29.61,29.76,30.57,31.65,31.82,28.17,28.19,31.69,31.52
2016-09-28T15:00,2016-09-28,15,29.92,29.34,28.91,29.75,30.97,31.06,28.22,28.32,31.56,31.64
2016-09-28T16:00,2016-09-28,16,29.3,29.16,28.44,28.82,29.48,29.84,28.32,28.4,30.66,30.27
2016-09-28T17:00,2016-09-28,17,28.58,28.78,27.62,28.24,28.29,28.91,28.09,27.95,29.32,29.12
2016-09-28T18:00,2016-09-28,18,27.91,28.28,27.17,27.66,27.77,28.22,27.57,27.38,28.18,28.06
2016-09-28T19:00,2016-09-28,19,27.4,27.77,26.76,27.19,27.3,27.76,27.08,27.1,27.56,27.35
2016-09-28T20:00,2016-09-28,20,27.07,27.3,26.54,26.95,27.16,27.37,26.8,26.87,27.22,26.96
2016-09-28T21:00,2016-09-28,21,26.78,26.98,26.44,26.73,27.07,26.9,26.46,26.51,26.94,26.6
2016-09-28T22:00,2016-09-28,22,26.49,26.66,26.24,26.47,26.84,26.24,26.29,26.26,26.69,26.32
2016-09-28T23:00,2016-09-28,23,26.17,26.36,26.04,25.95,26.34,25.77,26.15,26.06,26.4,25.96
2016-09-29T00:00,2016-09-29,0,25.83,25.94,25.8,25.62,25.79,25.56,25.94,25.9,26.13,25.58
2016-09-29T01:00,2016-09-29,1,26.05,26.18,25.9,26.05,25.84,25.89,25.88,26.06,26.38,25.86
2016-09-29T02:00,2016-09-29,2,25.83,25.94,25.57,25.88,25.84,25.69,25.75,25.71,25.99,25.74
2016-09-29T03:00,2016-09-29,3,25.66,25.7,25.55,25.58,25.64,25.62,25.79,25.64,25.78,25.56
2016-09-29T04:00,2016-09-29,4,25.5,25.62,25.47,25.44,25.49,25.5,25.35,25.41,25.61,25.38
2016-09-29T05:00,2016-09-29,5,25.42,25.6,25.29,25.35,25.4,25.41,25.21,25.42,25.56,25.17
2016-09-29T06:00,2016-09-29,6,25.32,25.52,25.25,25.25,25.18,25.37,25.21,25.43,25.36,24.96
2016-09-29T07:00,2016-09-29,7,25.74,25.89,25.68,25.72,25.45,25.77,25.78,26.2,25.85,25.2
2016-09-29T08:00,2016-09-29,8,26.74,26.94,26.85,26.99,26.41,26.24,26.87,27.28,26.82,25.89
2016-09-29T09:00,2016-09-29,9,27.79,28.05,27.95,28.0,27.4,26.69,28.1,28.31,27.7,27.23
2016-09-29T10:00,2016-09-29,10,28.92,29.18,29.1,29.09,28.59,27.88,29.13,29.06,28.83,28.63
2016-09-29T11:00,2016-09-29,11,30.02,30.3,30.18,30.3,29.85,28.97,30.04,29.91,30.08,29.61
2016-09-29T12:00,2016-09-29,12,30.61,30.88,30.73,30.47,30.49,30.18,30.59,30.08,30.88,30.38
2016-09-29T13:00,2016-09-29,13,31.28,31.62,31.21,31.53,31.35,31.83,31.1,30.81,31.3,30.15
2016-09-29T14:00,2016-09-29,14,31.35,31.68,30.93,31.63,31.6,32.08,30.97,30.94,31.34,30.51
2016-09-29T15:00,2016-09-29,15,30.89,31.26,29.99,31.48,31.46,31.78,29.78,30.64,30.69,30.53
2016-09-29T16:00,2016-09-29,16,30.41,31.08,29.4,31.0,30.95,31.53,29.25,29.8,29.67,30.08
2016-09-29T17:00,2016-09-29,17,29.38,29.94,28.65,29.77,29.29,30.04,28.62,29.25,28.89,29.16
2016-09-29T18:00,2016-09-29,18,28.56,28.99,28.16,28.9,28.41,29.12,28.01,28.57,28.37,27.87
2016-09-29T19:00,2016-09-29,19,27.94,28.25,27.61,28.22,27.93,28.29,27.56,28.06,27.8,27.33
2016-09-29T20:00,2016-09-29,20,27.49,27.78,27.33,27.72,27.54,27.68,27.19,27.69,27.35,26.83
2016-09-29T21:00,2016-09-29,21,27.12,27.36,27.06,27.31,27.12,27.18,26.83,27.33,26.97,26.62
2016-09-29T22:00,2016-09-29,22,26.82,27.12,26.83,26.94,26.79,26.74,26.63,27.06,26.49,26.48
2016-09-29T23:00,2016-09-29,23,26.57,26.9,26.65,26.72,26.34,26.34,26.44,26.92,26.08,26.29
2016-09-30T00:00,2016-09-30,0,26.23,26.62,26.43,26.5,25.85,25.73,26.08,26.62,25.75,25.91
2016-09-30T01:00,2016-09-30,1,26.27,26.51,26.34,26.53,25.88,25.91,26.31,26.31,26.01,26.03
2016-09-30T02:00,2016-09-30,2,26.09,26.35,25.89,26.3,25.66,25.75,26.41,26.23,25.9,25.66
2016-09-30T03:00,2016-09-30,3,25.81,26.02,25.55,25.94,25.55,25.52,26.07,26.47,25.67,25.28
2016-09-30T04:00,2016-09-30,4,25.46,25.58,25.47,25.5,25.33,25.36,25.28,25.94,25.59,25.04
2016-09-30T05:00,2016-09-30,5,25.32,25.44,25.49,25.21,25.23,25.3,25.19,25.61,25.4,25.0
2016-09-30T06:00,2016-09-30,6,25.28,25.4,25.47,25.12,25.23,25.21,25.18,25.76,25.33,24.88
2016-09-30T07:00,2016-09-30,7,25.85,25.97,26.02,25.69,25.73,25.66,26.06,26.45,25.91,25.19
2016-09-30T08:00,2016-09-30,8,27.03,27.26,26.87,27.05,27.02,26.68,27.31,27.47,27.15,26.09
2016-09-30T09:00,2016-09-30,9,28.25,28.52,27.97,28.31,28.44,27.83,28.44,28.22,28.4,27.48
2016-09-30T10:00,2016-09-30,10,29.35,29.71,29.19,29.38,29.55,28.79,29.49,29.01,29.57,28.58
2016-09-30T11:00,2016-09-30,11,30.29,30.58,30.23,30.39,30.55,29.6,30.27,29.77,30.47,29.85
2016-09-30T12:00,2016-09-30,12,30.9,31.2,30.88,31.06,30.98,30.07,30.82,30.32,31.12,30.56
2016-09-30T13:00,2016-09-30,13,31.49,31.63,31.6,31.66,31.55,31.48,31.37,30.93,31.57,31.1
2016-09-30T14:00,2016-09-30,14,31.59,31.79,31.21,31.69,31.82,31.75,31.43,30.99,31.66,31.38
2016-09-30T15:00,2016-09-30,15,31.48,31.71,30.7,31.58,31.79,31.73,31.41,30.73,31.71,31.26
2016-09-30T16:00,2016-09-30,16,31.13,31.45,29.59,31.3,31.57,31.63,31.08,30.2,31.41,30.91
2016-09-30T17:00,2016-09-30,17,30.45,30.86,28.74,30.6,31.05,30.91,30.27,29.6,30.91,30.02
2016-09-30T18:00,2016-09-30,18,29.53,29.93,28.17,29.59,30.03,29.82,29.38,28.85,29.88,29.1
2016-09-30T19:00,2016-09-30,19,28.73,29.16,27.74,28.78,29.03,28.81,28.68,28.24,28.87,28.26
2016-09-30T20:00,2016-09-30,20,28.22,28.61,27.48,28.3,28.49,28.29,28.22,27.88,28.2,27.74
2016-09-30T21:00,2016-09-30,21,27.79,28.24,27.11,27.86,27.93,27.57,27.85,27.58,27.76,27.28
2016-09-30T22:00,2016-09-30,22,27.49,27.92,26.82,27.54,27.7,27.5,27.51,27.22,27.35,26.99
2016-09-30T23:00,2016-09-30,23,27.22,27.62,26.61,27.2,27.44,27.25,27.29,26.96,27.02,26.82
2016-10-01T00:00,2016-10-01,0,26.97,27.43,26.3,26.93,27.06,26.9,26.98,26.78,26.87,26.55
2016-10-01T01:00,2016-10-01,1,26.71,27.16,25.58,26.07,27.01,26.18,26.86,26.82,26.96,26.8
2016-10-01T02:00,2016-10-01,2,26.36,26.67,25.33,25.59,26.5,25.68,26.53,26.68,26.75,26.79
2016-10-01T03:00,2016-10-01,3,26.06,26.25,25.12,25.52,25.95,25.17,26.37,26.45,26.55,26.51
2016-10-01T04:00,2016-10-01,4,25.77,25.82,24.99,25.44,25.6,24.94,26.15,26.3,26.21,26.06
2016-10-01T05:00,2016-10-01,5,25.61,25.71,25.02,25.33,25.5,24.78,25.97,26.1,25.98,25.71
2016-10-01T06:00,2016-10-01,6,25.52,25.69,25.0,25.19,25.17,24.8,25.99,26.15,25.85,25.37
2016-10-01T07:00,2016-10-01,7,25.98,26.14,25.49,25.5,25.61,25.11,26.43,26.39,26.47,26.07
2016-10-01T08:00,2016-10-01,8,27.05,27.05,26.68,26.43,26.74,25.92,27.41,27.18,28.02,27.45
2016-10-01T09:00,2016-10-01,9,28.17,28.12,27.9,27.59,27.88,27.17,28.44,28.13,29.18,28.62
2016-10-01T10:00,2016-10-01,10,29.18,29.11,29.28,28.97,28.61,27.99,29.38,29.16,30.11,29.44
2016-10-01T11:00,2016-10-01,11,29.9,29.75,29.98,29.7,29.51,29.0,30.19,29.7,30.59,30.32
2016-10-01T12:00,2016-10-01,12,30.56,30.39,30.61,30.39,30.22,29.64,30.81,30.31,31.16,31.14
2016-10-01T13:00,2016-10-01,13,31.42,31.3,31.02,31.33,31.42,31.14,31.49,31.13,31.84,31.94
2016-10-01T14:00,2016-10-01,14,31.45,31.4,30.67,31.51,31.31,31.3,31.47,31.05,31.83,32.03
2016-10-01T15:00,2016-10-01,15,31.27,31.33,29.96,31.58,30.9,31.26,30.99,30.98,31.82,31.91
2016-10-01T16:00,2016-10-01,16,30.94,31.06,29.41,31.29,30.47,31.02,30.67,30.61,31.52,31.51
2016-10-01T17:00,2016-10-01,17,30.34,30.69,28.75,30.75,30.01,30.29,30.1,29.82,30.85,30.49
2016-10-01T18:00,2016-10-01,18,29.47,29.8,28.11,29.69,29.35,29.32,29.17,28.93,29.98,29.62
2016-10-01T19:00,2016-10-01,19,28.69,28.96,27.78,28.83,28.34,28.47,28.49,28.35,29.13,28.79
2016-10-01T20:00,2016-10-01,20,28.18,28.39,27.49,28.36,27.85,28.07,28.01,27.94,28.51,28.21
2016-10-01T21:00,2016-10-01,21,27.75,27.91,27.27,27.93,27.5,27.74,27.59,27.53,28.0,27.71
2016-10-01T22:00,2016-10-01,22,27.38,27.58,26.99,27.54,27.07,27.11,27.24,27.29,27.63,27.25
2016-10-01T23:00,2016-10-01,23,27.13,27.35,26.85,27.23,27.0,26.95,26.91,27.1,27.32,26.86
2016-10-02T00:00,2016-10-02,0,26.9,27.12,26.57,26.95,26.87,26.82,26.64,27.0,27.1,26.61
2016-10-02T01:00,2016-10-02,1,26.9,27.15,26.71,26.97,26.61,26.82,26.55,26.74,27.24,26.64
2016-10-02T02:00,2016-10-02,2,26.64,26.92,26.33,26.62,26.56,26.38,26.26,26.39,27.06,26.49
2016-10-02T03:00,2016-10-02,3,26.45,26.7,26.16,26.4,26.5,25.82,26.05,26.27,26.88,26.43
2016-10-02T04:00,2016-10-02,4,26.19,26.44,25.58,26.18,26.2,25.38,25.97,26.16,26.59,26.34
2016-10-02T05:00,2016-10-02,5,25.9,26.2,25.38,25.75,25.64,25.17,25.75,25.95,26.24,26.05
2016-10-02T06:00,2016-10-02,6,25.73,26.11,25.36,25.49,25.27,25.01,25.42,25.97,26.12,25.89
2016-10-02T07:00,2016-10-02,7,26.27,26.64,25.64,25.61,25.76,25.39,26.37,26.85,26.84,26.38
2016-10-02T08:00,2016-10-02,8,27.42,27.85,26.53,26.35,26.86,25.97,27.84,27.86,28.38,27.77
2016-10-02T09:00,2016-10-02,9,28.54,28.79,27.68,27.75,28.12,26.61,29.08,28.66,29.73,28.99
2016-10-02T10:00,2016-10-02,10,29.64,29.83,28.81,29.05,29.24,27.51,30.07,29.47,30.96,30.22
2016-10-02T11:00,2016-10-02,11,30.35,30.51,29.45,29.84,30.11,28.57,30.81,29.92,31.51,30.97
2016-10-02T12:00,2016-10-02,12,30.93,31.14,30.02,30.51,30.8,29.42,31.2,30.15,31.93,31.59
2016-10-02T13:00,2016-10-02,13,31.57,31.55,30.98,31.14,31.65,31.39,31.21,30.82,32.43,32.44
2016-10-02T14:00,2016-10-02,14,31.64,31.64,30.52,31.1,31.94,31.66,31.38,30.85,32.53,32.52
2016-10-02T15:00,2016-10-02,15,31.33,31.52,29.23,30.51,31.84,31.4,31.2,30.56,32.39,32.36
2016-10-02T16:00,2016-10-02,16,30.94,31.22,28.67,30.34,31.53,31.07,30.51,29.58,32.06,32.06
2016-10-02T17:00,2016-10-02,17,30.2,30.47,28.1,29.7,30.52,30.03,29.87,28.89,31.4,31.27
2016-10-02T18:00,2016-10-02,18,29.37,29.48,27.8,29.02,29.59,29.23,29.17,28.36,30.39,30.25
2016-10-02T19:00,2016-10-02,19,28.63,28.84,27.16,28.36,28.71,28.38,28.52,27.89,29.38,29.28
2016-10-02T20:00,2016-10-02,20,28.14,28.37,26.92,27.92,28.23,27.78,28.03,27.44,28.74,28.7
2016-10-02T21:00,2016-10-02,21,27.72,27.97,26.64,27.56,27.73,27.25,27.61,27.1,28.27,28.26
2016-10-02T22:00,2016-10-02,22,27.37,27.63,26.51,27.25,27.35,26.75,27.28,26.88,27.81,27.81
2016-10-02T23:00,2016-10-02,23,27.12,27.41,26.41,27.03,26.98,26.41,26.96,26.93,27.48,27.48
2016-10-03T00:00,2016-10-03,0,26.83,27.14,26.14,26.74,26.55,26.05,26.68,26.81,27.24,27.09
2016-10-03T01:00,2016-10-03,1,26.78,27.21,26.0,26.73,26.51,26.28,26.64,26.44,27.08,26.87
2016-10-03T02:00,2016-10-03,2,26.57,27.0,25.54,26.45,26.39,26.28,26.5,26.31,26.8,26.65
2016-10-03T03:00,2016-10-03,3,26.35,26.81,25.28,26.14,26.16,25.86,26.35,26.37,26.56,26.48
2016-10-03T04:00,2016-10-03,4,26.08,26.52,25.13,25.44,25.92,25.59,26.2,26.33,26.43,26.24
2016-10-03T05:00,2016-10-03,5,25.86,26.15,25.04,25.1,25.82,25.37,26.04,26.3,26.23,26.12
2016-10-03T06:00,2016-10-03,6,25.62,25.73,25.03,24.99,25.75,24.87,25.99,25.83,26.01,25.99
2016-10-03T07:00,2016-10-03,7,26.07,25.98,25.11,25.19,26.16,25.18,26.79,26.39,26.82,26.82
2016-10-03T08:00,2016-10-03,8,27.11,26.84,25.51,26.17,27.15,25.55,28.14,27.09,28.37,28.59
2016-10-03T09:00,2016-10-03,9,28.19,27.99,26.12,27.23,28.26,25.99,29.32,28.04,29.76,29.94
2016-10-03T10:00,2016-10-03,10,29.28,29.22,27.18,28.51,29.15,26.82,30.38,28.87,30.85,30.97
2016-10-03T11:00,2016-10-03,11,30.1,30.1,28.27,29.45,30.05,27.72,30.91,29.6,31.56,31.66
2016-10-03T12:00,2016-10-03,12,30.68,30.8,29.14,30.27,30.52,28.82,31.07,30.17,31.97,31.75
2016-10-03T13:00,2016-10-03,13,31.94,32.07,30.58,31.84,32.59,31.85,31.41,31.07,32.54,32.7
2016-10-03T14:00,2016-10-03,14,32.0,32.2,30.28,32.07,32.65,31.92,31.47,31.04,32.64,32.66
2016-10-03T15:00,2016-10-03,15,31.69,31.97,29.57,31.71,32.37,31.76,31.49,30.19,32.51,32.18
2016-10-03T16:00,2016-10-03,16,31.06,31.64,28.54,31.0,31.67,31.33,31.25,29.09,32.21,30.59
2016-10-03T17:00,2016-10-03,17,30.15,30.77,27.74,29.38,30.83,30.52,30.8,28.63,31.52,29.21
2016-10-03T18:00,2016-10-03,18,29.2,29.85,26.91,27.74,30.01,29.42,29.94,28.18,30.62,28.47
2016-10-03T19:00,2016-10-03,19,28.41,28.78,26.54,27.25,29.09,28.5,29.19,27.74,29.56,27.92
2016-10-03T20:00,2016-10-03,20,27.88,28.23,26.15,26.99,28.52,27.58,28.57,27.34,28.93,27.43
2016-10-03T21:00,2016-10-03,21,27.48,27.93,25.8,26.59,27.8,26.91,28.2,27.16,28.43,27.12
2016-10-03T22:00,2016-10-03,22,27.16,27.52,25.73,26.25,27.43,26.57,27.84,26.94,28.0,27.06
2016-10-03T23:00,2016-10-03,23,26.88,27.25,25.55,25.89,27.18,26.01,27.5,26.9,27.67,26.92
2016-10-04T00:00,2016-10-04,0,26.58,26.87,25.26,25.49,26.8,25.71,27.25,26.56,27.57,26.72
2016-10-04T01:00,2016-10-04,1,26.77,27.0,25.42,26.64,26.91,25.94,27.21,26.8,27.65,26.38
2016-10-04T02:00,2016-10-04,2,26.53,26.86,25.17,26.26,26.58,25.73,27.1,26.69,27.14,26.24
2016-10-04T03:00,2016-10-04,3,26.32,26.75,24.93,26.06,26.12,25.3,26.91,26.65,26.83,26.04
2016-10-04T04:00,2016-10-04,4,26.08,26.49,24.74,25.83,25.99,25.16,26.72,26.4,26.62,25.64
2016-10-04T05:00,2016-10-04,5,25.86,26.13,24.7,25.43,26.02,25.03,26.56,25.98,26.41,25.55
2016-10-04T06:00,2016-10-04,6,25.7,25.81,24.77,25.32,25.77,24.88,26.41,25.88,26.37,25.52
2016-10-04T07:00,2016-10-04,7,26.14,25.99,24.95,25.6,26.51,25.52,26.96,26.3,27.13,26.15
2016-10-04T08:00,2016-10-04,8,27.05,26.87,25.66,26.51,27.31,26.48,28.18,27.13,27.97,27.1
2016-10-04T09:00,2016-10-04,9,28.19,28.29,26.71,27.78,28.33,27.55,29.51,28.14,28.47,28.21
2016-10-04T10:00,2016-10-04,10,29.2,29.4,27.73,28.71,29.04,28.67,30.56,29.15,29.37,29.29
2016-10-04T11:00,2016-10-04,11,29.89,29.96,28.47,29.27,29.82,29.52,31.31,29.85,30.23,30.02
2016-10-04T12:00,2016-10-04,12,30.66,30.88,28.83,30.09,30.72,30.34,31.73,30.56,31.15,30.82
2016-10-04T13:00,2016-10-04,13,32.05,32.46,29.76,31.63,32.61,32.0,32.45,31.58,32.67,32.07
2016-10-04T14:00,2016-10-04,14,32.23,32.77,29.75,32.02,32.82,32.17,32.5,31.7,32.76,32.11
2016-10-04T15:00,2016-10-04,15,31.95,32.64,29.2,31.87,32.7,31.88,32.39,31.17,32.49,31.36
2016-10-04T16:00,2016-10-04,16,31.22,31.87,29.11,30.93,31.93,31.13,31.82,30.56,31.79,30.23
2016-10-04T17:00,2016-10-04,17,30.42,31.27,28.45,30.34,30.84,30.4,30.79,30.06,30.69,29.07
2016-10-04T18:00,2016-10-04,18,29.43,30.03,27.65,29.44,29.79,29.4,29.87,29.13,29.78,28.4
2016-10-04T19:00,2016-10-04,19,28.75,29.36,27.29,28.68,29.08,28.42,29.1,28.46,29.06,27.84
2016-10-04T20:00,2016-10-04,20,28.18,28.73,26.93,28.02,28.48,27.89,28.58,27.99,28.33,27.45
2016-10-04T21:00,2016-10-04,21,27.73,28.23,26.64,27.43,27.87,27.55,28.26,27.55,27.77,27.17
2016-10-04T22:00,2016-10-04,22,27.34,27.77,26.43,26.9,27.46,27.28,27.86,27.09,27.52,26.83
2016-10-04T23:00,2016-10-04,23,26.96,27.36,26.08,26.41,27.01,26.65,27.56,26.67,27.33,26.56
2016-10-05T00:00,2016-10-05,0,26.6,26.85,25.8,26.06,26.9,26.19,27.24,26.57,26.89,26.33
2016-10-05T01:00,2016-10-05,1,26.6,26.97,25.7,26.21,26.6,26.12,26.98,26.34,26.97,26.43
2016-10-05T02:00,2016-10-05,2,26.45,26.78,25.73,26.0,26.41,25.82,26.75,25.92,27.11,26.26
2016-10-05T03:00,2016-10-05,3,26.11,26.53,25.14,25.76,26.07,25.54,26.39,25.38,26.84,25.8
2016-10-05T04:00,2016-10-05,4,25.81,26.23,25.17,25.31,25.68,25.39,26.07,25.1,26.49,25.52
2016-10-05T05:00,2016-10-05,5,25.5,25.77,24.98,25.15,25.35,25.21,25.76,25.01,26.02,25.33
2016-10-05T06:00,2016-10-05,6,25.37,25.55,25.05,25.14,25.35,25.05,25.65,25.03,25.64,25.22
2016-10-05T07:00,2016-10-05,7,25.81,26.04,25.2,25.54,26.25,25.52,25.83,25.22,25.94,26.05
2016-10-05T08:00,2016-10-05,8,26.67,26.96,25.88,26.21,27.55,26.31,26.54,25.54,26.58,27.54
2016-10-05T09:00,2016-10-05,9,27.55,27.67,26.85,27.19,28.41,27.27,27.5,25.88,27.6,28.68
2016-10-05T10:00,2016-10-05,10,28.56,28.71,28.06,28.0,29.59,27.92,28.65,26.47,28.82,29.62
2016-10-05T11:00,2016-10-05,11,29.38,29.5,28.9,28.52,30.32,28.95,29.66,27.44,29.72,30.4
2016-10-05T12:00,2016-10-05,12,30.03,30.24,29.46,29.23,30.8,29.63,30.13,28.32,30.37,30.98
2016-10-05T13:00,2016-10-05,13,30.87,30.72,29.96,30.0,31.9,31.12,30.44,28.44,32.38,32.0
2016-10-05T14:00,2016-10-05,14,30.69,30.15,29.57,30.25,31.31,31.39,29.94,28.83,32.57,32.15
2016-10-05T15:00,2016-10-05,15,30.0,29.37,28.54,29.58,29.99,30.54,29.44,28.85,31.76,32.05
2016-10-05T16:00,2016-10-05,16,29.51,29.12,27.84,29.16,29.24,29.76,29.21,28.71,30.85,31.41
2016-10-05T17:00,2016-10-05,17,28.78,28.42,27.19,28.52,28.92,28.67,28.65,28.13,30.02,30.25
2016-10-05T18:00,2016-10-05,18,28.06,27.79,26.74,27.85,28.24,27.97,28.05,27.67,29.04,29.05
2016-10-05T19:00,2016-10-05,19,27.56,27.42,26.44,27.4,27.68,27.51,27.56,27.35,28.32,28.22
2016-10-05T20:00,2016-10-05,20,27.19,27.15,26.23,27.04,27.2,27.04,27.14,27.14,27.79,27.7
2016-10-05T21:00,2016-10-05,21,26.92,26.92,26.01,26.81,26.88,26.67,26.97,27.02,27.39,27.36
2016-10-05T22:00,2016-10-05,22,26.68,26.73,25.85,26.53,26.59,26.37,26.72,26.87,27.11,27.02
2016-10-05T23:00,2016-10-05,23,26.4,26.54,25.6,26.27,26.16,25.92,26.44,26.72,26.77,26.7
2016-10-06T00:00,2016-10-06,0,26.17,26.37,25.4,26.06,25.77,25.64,26.3,26.53,26.39,26.49
2016-10-06T01:00,2016-10-06,1,26.07,26.28,25.68,26.09,25.96,25.64,25.91,26.5,26.17,26.05
2016-10-06T02:00,2016-10-06,2,25.87,26.05,25.59,25.97,25.87,25.48,25.61,26.29,25.91,25.82
2016-10-06T03:00,2016-10-06,3,25.71,25.93,25.54,25.76,25.69,25.39,25.45,25.99,25.69,25.55
2016-10-06T04:00,2016-10-06,4,25.57,25.84,25.43,25.64,25.63,25.16,25.32,25.73,25.52,25.38
2016-10-06T05:00,2016-10-06,5,25.43,25.7,25.24,25.58,25.47,24.97,25.14,25.58,25.39,25.28
2016-10-06T06:00,2016-10-06,6,25.4,25.64,25.28,25.55,25.29,24.85,25.26,25.63,25.39,25.12
2016-10-06T07:00,2016-10-06,7,25.82,26.06,26.11,26.15,25.86,25.13,25.48,25.82,25.69,25.51
2016-10-06T08:00,2016-10-06,8,26.61,26.75,27.04,26.95,26.88,25.78,26.33,26.45,26.52,26.32
2016-10-06T09:00,2016-10-06,9,27.91,28.18,28.36,28.53,28.27,27.17,27.32,27.39,27.74,27.48
2016-10-06T10:00,2016-10-06,10,28.92,29.03,29.4,29.5,29.38,28.34,28.53,28.11,28.93,28.44
2016-10-06T11:00,2016-10-06,11,29.82,29.84,30.2,30.25,30.24,29.65,29.28,29.01,29.95,29.62
2016-10-06T12:00,2016-10-06,12,30.48,30.49,30.85,30.92,30.93,30.12,29.98,29.72,30.7,30.2
2016-10-06T13:00,2016-10-06,13,29.42,27.52,30.15,29.53,29.88,30.06,29.46,29.24,30.78,31.35
2016-10-06T14:00,2016-10-06,14,29.33,27.32,29.9,29.66,29.27,30.4,29.31,29.51,30.56,31.53
2016-10-06T15:00,2016-10-06,15,29.08,27.61,28.69,29.92,28.72,29.57,29.37,29.62,29.86,30.72
2016-10-06T16:00,2016-10-06,16,28.89,28.07,27.97,29.76,28.76,29.61,29.02,29.18,29.21,29.75
2016-10-06T17:00,2016-10-06,17,28.41,28.03,27.45,29.24,28.22,29.01,28.3,28.36,28.74,28.7
2016-10-06T18:00,2016-10-06,18,27.76,27.42,26.97,28.44,27.45,28.35,27.77,27.83,28.04,28.0
2016-10-06T19:00,2016-10-06,19,27.25,26.97,26.58,27.72,26.93,27.84,27.31,27.44,27.45,27.47
2016-10-06T20:00,2016-10-06,20,26.93,26.61,26.4,27.27,26.45,27.41,27.09,27.28,27.13,27.22
2016-10-06T21:00,2016-10-06,21,26.59,26.34,26.18,26.92,26.17,26.52,26.82,27.09,26.76,26.83
2016-10-06T22:00,2016-10-06,22,26.3,26.05,25.9,26.57,25.85,26.03,26.62,26.94,26.47,26.58
2016-10-06T23:00,2016-10-06,23,26.04,25.81,25.65,26.11,25.83,25.67,26.39,26.69,26.24,26.34
2016-10-07T00:00,2016-10-07,0,25.86,25.67,25.51,25.97,25.72,25.29,26.12,26.45,26.06,26.23
2016-10-07T01:00,2016-10-07,1,26.23,26.14,25.72,26.41,26.35,25.7,26.31,26.82,26.28,26.41
2016-10-07T02:00,2016-10-07,2,25.96,25.7,25.58,26.17,26.01,25.41,26.14,26.67,26.05,26.34
2016-10-07T03:00,2016-10-07,3,25.73,25.55,25.46,25.65,25.8,25.16,25.93,26.21,25.82,26.24
2016-10-07T04:00,2016-10-07,4,25.61,25.49,25.36,25.52,25.69,24.9,25.82,25.94,25.66,26.16
2016-10-07T05:00,2016-10-07,5,25.52,25.52,25.27,25.49,25.38,24.8,25.68,25.75,25.47,26.08
2016-10-07T06:00,2016-10-07,6,25.45,25.62,25.18,25.51,25.31,24.76,25.63,25.75,25.3,25.55
2016-10-07T07:00,2016-10-07,7,26.09,26.26,25.98,26.12,25.96,25.03,26.04,26.12,26.19,26.37
2016-10-07T08:00,2016-10-07,8,27.28,27.49,27.36,27.4,27.06,25.72,26.73,26.82,27.78,27.96
2016-10-07T09:00,2016-10-07,9,28.35,28.35,28.62,28.53,28.42,26.85,27.76,27.74,28.99,29.03
2016-10-07T10:00,2016-10-07,10,29.35,29.32,29.75,29.65,29.54,27.64,28.81,28.62,29.97,29.96
2016-10-07T11:00,2016-10-07,11,30.17,30.21,30.47,30.36,30.3,28.54,29.79,29.39,30.69,30.77
2016-10-07T12:00,2016-10-07,12,30.75,30.96,30.83,30.76,30.84,29.36,30.47,29.89,31.14,31.2
2016-10-07T13:00,2016-10-07,13,29.78,29.04,30.67,30.08,29.81,30.26,29.33,29.77,30.53,29.89
2016-10-07T14:00,2016-10-07,14,29.71,29.16,29.49,30.03,29.62,29.56,29.63,29.83,30.67,30.0
2016-10-07T15:00,2016-10-07,15,29.51,29.24,28.63,30.01,29.49,27.97,29.78,29.41,30.66,29.77
2016-10-07T16:00,2016-10-07,16,29.17,29.05,28.06,29.59,29.35,26.95,29.33,29.17,30.39,29.6
2016-10-07T17:00,2016-10-07,17,28.61,28.56,27.66,28.85,28.69,26.51,28.63,28.54,29.67,29.29
2016-10-07T18:00,2016-10-07,18,27.88,27.92,27.14,27.87,27.91,26.2,27.94,27.93,28.75,28.32
2016-10-07T19:00,2016-10-07,19,27.31,27.37,26.76,27.28,27.18,25.94,27.48,27.61,28.03,27.46
2016-10-07T20:00,2016-10-07,20,27.02,27.1,26.56,27.03,26.78,25.85,27.19,27.45,27.59,27.0
2016-10-07T21:00,2016-10-07,21,26.78,26.88,26.36,26.69,26.38,25.71,27.08,27.37,27.29,26.69
2016-10-07T22:00,2016-10-07,22,26.56,26.69,26.17,26.49,25.98,25.68,26.99,27.1,26.96,26.43
2016-10-07T23:00,2016-10-07,23,26.36,26.43,26.02,26.34,25.75,25.56,26.74,26.87,26.72,26.29
2016-10-08T00:00,2016-10-08,0,26.19,26.32,25.89,26.15,25.46,25.28,26.53,26.69,26.58,26.15
2016-10-08T01:00,2016-10-08,1,26.31,26.39,26.25,26.44,25.63,25.3,26.54,26.83,26.68,26.19
2016-10-08T02:00,2016-10-08,2,26.11,26.2,26.15,26.25,25.38,24.89,26.37,26.73,26.5,25.94
2016-10-08T03:00,2016-10-08,3,25.92,26.01,25.94,26.11,25.26,24.8,26.14,26.51,26.24,25.75
2016-10-08T04:00,2016-10-08,4,25.64,25.67,25.73,25.51,25.07,24.7,25.95,26.35,26.05,25.51
2016-10-08T05:00,2016-10-08,5,25.41,25.3,25.62,25.17,24.92,24.59,25.86,26.24,25.79,25.28
2016-10-08T06:00,2016-10-08,6,25.16,24.88,25.48,25.04,24.66,24.45,25.63,26.03,25.65,25.1
2016-10-08T07:00,2016-10-08,7,25.38,25.09,26.11,25.36,24.78,24.46,25.9,26.04,25.7,25.37
2016-10-08T08:00,2016-10-08,8,26.08,25.88,27.27,26.2,25.33,24.78,26.5,26.32,26.28,26.09
2016-10-08T09:00,2016-10-08,9,26.89,26.87,28.16,27.06,26.22,25.49,27.26,26.93,26.94,26.64
2016-10-08T10:00,2016-10-08,10,27.83,28.03,28.71,28.19,26.9,26.04,28.44,27.75,27.88,27.4
2016-10-08T11:00,2016-10-08,11,28.77,29.19,29.4,29.03,27.75,26.75,29.29,28.29,28.99,28.39
2016-10-08T12:00,2016-10-08,12,28.99,29.55,29.26,29.38,28.56,27.13,28.76,27.95,29.41,28.69
2016-10-08T13:00,2016-10-08,13,28.82,28.83,29.66,28.41,28.35,29.23,28.76,28.62,29.04,28.58
2016-10-08T14:00,2016-10-08,14,28.78,29.11,28.4,28.56,28.48,29.13,29.19,28.9,28.7,28.14
2016-10-08T15:00,2016-10-08,15,28.73,29.04,27.77,28.59,28.66,28.61,29.02,29.09,29.12,28.03
2016-10-08T16:00,2016-10-08,16,28.36,28.75,26.84,28.37,28.65,27.79,28.71,28.53,29.02,27.47
2016-10-08T17:00,2016-10-08,17,27.62,27.87,26.56,27.02,28.03,26.99,28.2,27.45,28.62,26.91
2016-10-08T18:00,2016-10-08,18,26.95,27.1,26.06,26.34,27.12,26.37,27.5,27.14,27.91,26.46
2016-10-08T19:00,2016-10-08,19,26.58,26.69,25.85,26.06,26.77,25.9,27.09,26.91,27.37,26.11
2016-10-08T20:00,2016-10-08,20,26.28,26.32,25.73,25.82,26.36,25.7,26.81,26.71,26.94,25.88
2016-10-08T21:00,2016-10-08,21,26.1,26.08,25.63,25.72,26.11,25.46,26.62,26.71,26.72,25.82
2016-10-08T22:00,2016-10-08,22,25.87,25.81,25.5,25.58,25.84,25.12,26.35,26.56,26.4,25.64
2016-10-08T23:00,2016-10-08,23,25.65,25.65,25.37,25.43,25.55,24.76,26.13,26.33,26.07,25.41
2016-10-09T00:00,2016-10-09,0,25.48,25.54,25.27,25.35,25.32,24.56,25.96,26.23,25.76,25.15
2016-10-09T01:00,2016-10-09,1,25.77,26.0,25.49,25.93,25.48,25.07,26.02,26.51,25.75,25.23
2016-10-09T02:00,2016-10-09,2,25.5,25.63,25.4,25.39,25.1,24.85,25.84,26.35,25.66,25.08
2016-10-09T03:00,2016-10-09,3,25.28,25.38,25.33,25.06,24.78,24.6,25.83,25.97,25.42,24.92
2016-10-09T04:00,2016-10-09,4,25.03,25.13,25.26,24.86,24.4,24.48,25.48,25.42,25.2,24.7
2016-10-09T05:00,2016-10-09,5,24.89,25.0,25.17,24.76,24.33,24.29,25.28,25.32,25.04,24.53
2016-10-09T06:00,2016-10-09,6,24.85,24.92,25.27,24.72,24.38,24.18,25.18,25.37,24.94,24.46
2016-10-09T07:00,2016-10-09,7,25.05,25.11,25.61,24.96,24.51,24.48,25.38,25.6,25.0,24.74
2016-10-09T08:00,2016-10-09,8,25.74,25.95,26.23,25.68,24.99,24.82,26.21,26.33,25.55,25.39
2016-10-09T09:00,2016-10-09,9,26.65,26.99,26.95,26.9,25.89,25.5,27.2,27.15,26.24,26.2
2016-10-09T10:00,2016-10-09,10,27.56,27.82,27.99,27.94,26.62,26.59,28.0,27.82,27.14,27.34
2016-10-09T11:00,2016-10-09,11,28.58,29.07,28.98,28.79,27.36,27.75,29.05,28.67,28.54,27.66
2016-10-09T12:00,2016-10-09,12,28.95,29.18,29.06,29.19,28.19,28.63,29.77,28.68,29.15,27.86
2016-10-09T13:00,2016-10-09,13,29.57,30.21,29.36,29.78,29.2,28.41,30.06,28.44,30.08,28.34
2016-10-09T14:00,2016-10-09,14,29.45,30.18,28.98,29.01,29.34,28.61,29.77,28.51,30.23,28.31
2016-10-09T15:00,2016-10-09,15,28.97,29.57,27.87,27.99,29.34,28.61,28.91,28.66,30.25,28.12
2016-10-09T16:00,2016-10-09,16,28.39,28.66,27.17,27.7,29.18,28.51,28.16,28.31,29.57,27.72
2016-10-09T17:00,2016-10-09,17,27.66,28.0,26.19,27.19,28.06,27.61,27.73,27.48,28.63,27.15
2016-10-09T18:00,2016-10-09,18,26.95,27.38,25.67,26.54,27.09,26.37,27.24,26.94,27.84,26.31
2016-10-09T19:00,2016-10-09,19,26.52,26.96,25.35,26.19,26.6,25.74,26.95,26.78,27.15,25.82
2016-10-09T20:00,2016-10-09,20,26.19,26.68,25.39,25.87,26.15,25.37,26.63,26.55,26.6,25.38
2016-10-09T21:00,2016-10-09,21,25.97,26.47,25.34,25.65,25.85,25.12,26.48,26.24,26.3,25.16
2016-10-09T22:00,2016-10-09,22,25.74,26.13,25.27,25.46,25.55,25.01,26.25,26.08,26.03,24.99
2016-10-09T23:00,2016-10-09,23,25.55,25.86,25.24,25.44,25.1,24.83,26.03,26.02,25.82,24.86
2016-10-10T00:00,2016-10-10,0,25.43,25.69,25.11,25.44,25.02,24.75,25.87,25.97,25.68,24.72
2016-10-10T01:00,2016-10-10,1,25.69,25.99,25.55,25.68,25.48,25.04,26.1,26.08,25.84,24.78
2016-10-10T02:00,2016-10-10,2,25.51,25.69,25.31,25.55,25.19,24.99,26.01,25.87,25.78,24.7
2016-10-10T03:00,2016-10-10,3,25.34,25.51,25.12,25.43,24.78,24.82,25.91,25.79,25.54,24.67
2016-10-10T04:00,2016-10-10,4,25.17,25.43,24.86,25.24,24.58,24.68,25.7,25.65,25.18,24.58
2016-10-10T05:00,2016-10-10,5,25.08,25.42,24.82,25.17,24.51,24.43,25.53,25.58,24.99,24.5
2016-10-10T06:00,2016-10-10,6,24.95,25.32,24.77,25.14,24.48,24.26,25.32,25.42,24.81,24.29
2016-10-10T07:00,2016-10-10,7,25.25,25.7,25.16,25.53,24.6,24.73,25.65,25.57,25.05,24.3
2016-10-10T08:00,2016-10-10,8,25.9,26.42,26.03,26.39,25.23,25.6,26.05,26.09,25.66,24.65
2016-10-10T09:00,2016-10-10,9,26.71,27.28,26.6,27.38,25.73,26.58,26.65,26.7,26.78,25.29
2016-10-10T10:00,2016-10-10,10,27.68,28.36,27.41,28.13,26.79,27.65,27.56,27.14,28.02,26.34
2016-10-10T11:00,2016-10-10,11,28.31,29.08,26.76,28.2,27.64,28.36,28.75,27.95,28.97,27.06
2016-10-10T12:00,2016-10-10,12,28.71,29.21,27.47,28.37,28.1,29.03,29.15,28.05,29.62,27.89
2016-10-10T13:00,2016-10-10,13,28.4,28.66,26.17,27.92,28.18,28.46,29.51,27.11,29.05,28.94
2016-10-10T14:00,2016-10-10,14,28.1,28.4,26.23,27.63,28.05,28.55,28.06,26.94,28.96,28.79
2016-10-10T15:00,2016-10-10,15,27.53,27.41,25.7,26.74,28.28,28.64,27.21,26.85,28.36,28.63
2016-10-10T16:00,2016-10-10,16,27.1,27.06,25.68,26.61,27.54,28.56,26.77,26.65,27.72,27.55
2016-10-10T17:00,2016-10-10,17,26.49,26.68,25.26,26.07,26.58,26.65,26.4,26.02,27.19,26.82
2016-10-10T18:00,2016-10-10,18,25.92,25.97,25.09,25.62,25.99,25.98,25.89,25.85,26.47,26.12
2016-10-10T19:00,2016-10-10,19,25.57,25.49,24.92,25.4,25.65,25.59,25.61,25.97,25.9,25.74
2016-10-10T20:00,2016-10-10,20,25.33,25.33,24.72,25.25,25.32,25.31,25.4,25.96,25.55,25.3
2016-10-10T21:00,2016-10-10,21,25.18,25.23,24.6,25.1,25.03,25.09,25.34,25.78,25.33,25.11
2016-10-10T22:00,2016-10-10,22,25.03,25.1,24.59,24.95,24.77,24.94,25.28,25.56,25.12,24.89
2016-10-10T23:00,2016-10-10,23,24.89,25.0,24.52,24.79,24.58,24.77,25.18,25.44,24.96,24.63
2016-10-11T00:00,2016-10-11,0,24.78,24.82,24.54,24.68,24.39,24.63,25.12,25.34,24.89,24.55
2016-10-11T01:00,2016-10-11,1,24.78,24.74,24.6,24.84,24.24,24.4,25.35,25.5,24.89,24.49
2016-10-11T02:00,2016-10-11,2,24.71,24.66,24.5,24.92,24.19,24.33,25.21,25.46,24.85,24.3
2016-10-11T03:00,2016-10-11,3,24.66,24.72,24.55,24.94,24.08,24.2,25.09,25.32,24.66,24.18
2016-10-11T04:00,2016-10-11,4,24.59,24.73,24.49,24.89,23.98,24.08,24.99,25.28,24.48,24.08
2016-10-11T05:00,2016-10-11,5,24.53,24.73,24.28,24.81,24.01,24.04,24.86,25.2,24.36,24.05
2016-10-11T06:00,2016-10-11,6,24.52,24.76,24.4,24.83,24.03,23.93,24.78,25.26,24.25,24.06
2016-10-11T07:00,2016-10-11,7,24.64,24.86,24.64,24.96,24.13,24.25,24.81,25.39,24.27,24.16
2016-10-11T08:00,2016-10-11,8,24.89,25.09,25.31,25.22,24.37,24.65,25.01,25.51,24.34,24.39
2016-10-11T09:00,2016-10-11,9,25.24,25.26,26.35,25.59,24.62,25.07,25.27,25.62,24.71,24.9
2016-10-11T10:00,2016-10-11,10,25.6,25.58,26.99,26.05,24.67,25.28,25.87,25.74,25.05,25.22
2016-10-11T11:00,2016-10-11,11,25.86,25.78,27.04,26.33,24.96,25.65,26.33,25.75,25.39,25.53
2016-10-11T12:00,2016-10-11,12,26.08,26.05,27.22,26.09,25.15,26.12,26.74,25.75,25.74,25.75
2016-10-11T13:00,2016-10-11,13,26.63,25.94,26.54,25.61,27.05,28.72,28.07,25.72,27.23,26.31
2016-10-11T14:00,2016-10-11,14,26.5,25.97,26.1,25.56,26.26,28.02,28.17,25.79,27.15,26.34
2016-10-11T15:00,2016-10-11,15,26.23,25.89,25.83,25.55,26.04,27.3,26.94,25.79,26.71,26.59
2016-10-11T16:00,2016-10-11,16,26.08,26.01,25.68,25.67,25.86,26.89,26.27,25.83,26.36,26.3
2016-10-11T17:00,2016-10-11,17,25.86,25.84,25.46,25.64,25.7,26.43,26.01,25.75,26.16,25.76
2016-10-11T18:00,2016-10-11,18,25.51,25.59,25.27,25.41,25.2,25.87,25.73,25.65,25.6,25.17
2016-10-11T19:00,2016-10-11,19,25.32,25.48,25.2,25.37,24.9,25.34,25.59,25.57,25.23,24.87
2016-10-11T20:00,2016-10-11,20,25.13,25.19,25.06,25.34,24.77,25.07,25.47,25.61,24.94,24.73
2016-10-11T21:00,2016-10-11,21,24.99,25.07,24.99,25.19,24.62,24.82,25.29,25.51,24.72,24.64
2016-10-11T22:00,2016-10-11,22,24.88,24.92,24.91,25.08,24.57,24.62,25.19,25.46,24.67,24.53
2016-10-11T23:00,2016-10-11,23,24.81,24.86,24.8,25.07,24.61,24.37,25.04,25.43,24.65,24.44
2016-10-12T00:00,2016-10-12,0,24.75,24.84,24.63,25.03,24.55,24.23,24.99,25.39,24.64,24.31
2016-10-12T01:00,2016-10-12,1,24.67,24.7,24.71,24.79,24.39,24.14,25.08,25.14,24.74,24.26
2016-10-12T02:00,2016-10-12,2,24.58,24.71,24.55,24.62,24.23,24.03,24.93,25.03,24.57,24.22
2016-10-12T03:00,2016-10-12,3,24.45,24.62,24.29,24.52,24.1,23.89,24.76,25.02,24.45,24.06
2016-10-12T04:00,2016-10-12,4,24.36,24.47,23.91,24.5,24.1,23.93,24.89,25.05,24.37,23.86
2016-10-12T05:00,2016-10-12,5,24.26,24.36,23.57,24.41,24.07,23.83,24.87,24.99,24.3,23.76
2016-10-12T06:00,2016-10-12,6,24.21,24.31,23.56,24.27,24.21,23.76,24.78,25.01,24.17,23.78
2016-10-12T07:00,2016-10-12,7,24.2,24.26,23.37,24.05,24.1,23.8,25.04,25.14,24.24,23.84
2016-10-12T08:00,2016-10-12,8,24.44,24.28,23.53,24.06,24.14,24.13,25.94,25.65,24.6,24.04
2016-10-12T09:00,2016-10-12,9,24.82,24.46,23.87,24.26,24.43,24.53,26.94,26.3,25.08,24.34
2016-10-12T10:00,2016-10-12,10,25.27,24.7,24.1,24.75,24.64,25.29,27.93,27.24,25.53,24.69
2016-10-12T11:00,2016-10-12,11,25.81,25.29,24.51,25.2,24.71,26.18,28.76,28.0,26.16,24.89
2016-10-12T12:00,2016-10-12,12,26.16,25.85,24.66,25.48,24.83,26.1,29.39,28.56,26.33,25.1
2016-10-12T13:00,2016-10-12,13,26.7,27.21,24.71,26.28,24.87,25.29,29.88,29.25,26.74,25.04
2016-10-12T14:00,2016-10-12,14,26.78,27.44,24.67,26.28,24.92,25.16,29.87,29.11,27.0,25.09
2016-10-12T15:00,2016-10-12,15,26.88,27.5,24.65,26.57,25.0,25.07,29.91,28.72,27.41,25.27
2016-10-12T16:00,2016-10-12,16,26.86,27.49,24.69,26.79,25.18,24.75,29.76,28.43,27.39,25.26
2016-10-12T17:00,2016-10-12,17,26.49,27.11,24.7,26.36,24.98,24.44,29.17,27.49,26.9,25.09
2016-10-12T18:00,2016-10-12,18,26.0,26.53,24.7,26.0,24.82,24.43,28.19,26.86,26.15,24.66
2016-10-12T19:00,2016-10-12,19,25.57,25.99,24.62,25.74,24.67,24.44,27.36,26.46,25.43,24.32
2016-10-12T20:00,2016-10-12,20,25.27,25.61,24.63,25.55,24.57,24.55,26.71,26.15,24.86,24.16
2016-10-12T21:00,2016-10-12,21,24.93,25.11,24.63,25.26,24.4,24.55,26.22,25.83,24.27,23.93
2016-10-12T22:00,2016-10-12,22,24.7,24.88,24.56,25.12,24.24,24.39,25.94,25.62,23.74,23.8
2016-10-12T23:00,2016-10-12,23,24.47,24.63,24.53,24.85,24.09,24.31,25.57,25.5,23.3,23.65
2016-10-13T00:00,2016-10-13,0,24.27,24.46,24.44,24.57,23.82,24.2,25.28,25.35,23.02,23.5
2016-10-13T01:00,2016-10-13,1,24.12,24.08,24.26,24.79,23.73,23.78,24.87,25.44,23.0,23.66
2016-10-13T02:00,2016-10-13,2,23.96,23.85,24.11,24.65,23.33,23.66,24.79,25.27,22.96,23.62
2016-10-13T03:00,2016-10-13,3,23.82,23.74,24.02,24.54,23.08,23.47,24.68,25.02,22.86,23.46
2016-10-13T04:00,2016-10-13,4,23.73,23.89,23.92,24.47,23.0,23.38,24.32,24.54,22.69,23.26
2016-10-13T05:00,2016-10-13,5,23.56,23.72,24.0,24.23,22.89,23.24,23.81,24.34,22.66,23.13
2016-10-13T06:00,2016-10-13,6,23.49,23.72,24.01,24.12,22.94,23.2,23.51,24.25,22.51,23.09
2016-10-13T07:00,2016-10-13,7,24.1,24.61,24.08,24.58,23.75,23.48,24.24,25.14,23.1,23.45
2016-10-13T08:00,2016-10-13,8,25.16,25.87,24.54,25.51,24.63,23.98,26.12,26.43,24.06,24.25
2016-10-13T09:00,2016-10-13,9,26.41,27.09,24.81,26.4,26.03,24.73,27.98,27.68,26.26,25.24
2016-10-13T10:00,2016-10-13,10,27.56,28.28,25.27,27.74,27.17,25.29,29.56,28.59,28.0,25.99
2016-10-13T11:00,2016-10-13,11,28.35,29.09,25.41,28.2,28.17,26.12,30.42,29.19,29.26,26.88
2016-10-13T12:00,2016-10-13,12,28.97,29.82,25.28,28.66,28.91,26.92,30.96,29.78,30.12,27.68
2016-10-13T13:00,2016-10-13,13,29.68,30.6,25.82,29.3,29.86,28.85,31.31,30.14,30.83,27.99
2016-10-13T14:00,2016-10-13,14,29.84,30.77,26.18,29.15,30.11,29.24,31.4,29.84,31.15,28.26
2016-10-13T15:00,2016-10-13,15,29.66,30.62,26.03,28.6,30.05,29.12,31.25,29.59,31.13,28.06
2016-10-13T16:00,2016-10-13,16,29.23,30.32,25.52,28.1,29.7,28.68,30.79,28.57,30.75,27.73
2016-10-13T17:00,2016-10-13,17,28.29,29.02,25.04,27.56,28.95,27.73,29.62,27.85,29.64,27.0
2016-10-13T18:00,2016-10-13,18,27.12,27.65,24.73,26.68,27.82,26.76,28.22,27.08,27.84,25.93
2016-10-13T19:00,2016-10-13,19,26.23,26.51,24.7,25.96,26.57,26.09,27.15,26.52,26.78,25.1
2016-10-13T20:00,2016-10-13,20,25.61,25.9,24.67,25.54,25.67,25.37,26.19,26.13,25.92,24.54
2016-10-13T21:00,2016-10-13,21,25.08,25.37,24.66,25.23,24.68,24.77,25.52,25.85,25.2,24.04
2016-10-13T22:00,2016-10-13,22,24.72,25.01,24.64,24.94,24.06,24.69,25.04,25.52,24.66,23.59
2016-10-13T23:00,2016-10-13,23,24.36,24.73,24.37,24.6,23.7,24.48,24.58,25.17,24.02,23.28
2016-10-14T00:00,2016-10-14,0,24.0,24.41,24.25,24.22,23.55,24.11,24.14,25.04,23.26,22.87
2016-10-14T01:00,2016-10-14,1,24.03,24.28,24.38,24.18,23.53,24.01,24.13,25.8,23.41,23.0
2016-10-14T02:00,2016-10-14,2,23.82,24.36,24.19,24.27,23.22,23.86,23.82,24.76,22.63,22.95
2016-10-14T03:00,2016-10-14,3,23.35,23.99,23.75,23.57,22.82,23.72,23.2,24.26,21.76,22.77
2016-10-14T04:00,2016-10-14,4,23.02,23.31,23.69,23.58,22.42,23.7,22.74,24.25,21.42,22.57
2016-10-14T05:00,2016-10-14,5,22.91,23.33,23.64,23.52,22.12,23.55,22.38,24.36,21.36,22.26
2016-10-14T06:00,2016-10-14,6,22.9,23.54,23.88,23.56,21.97,23.33,21.94,24.55,21.28,22.07
2016-10-14T07:00,2016-10-14,7,23.58,23.96,24.6,24.33,23.0,24.24,22.33,25.11,22.37,22.82
2016-10-14T08:00,2016-10-14,8,24.79,24.57,25.46,25.34,24.43,25.89,24.63,26.0,24.28,23.91
2016-10-14T09:00,2016-10-14,9,26.42,26.14,26.5,26.52,26.41,27.16,27.25,26.96,26.31,25.52
2016-10-14T10:00,2016-10-14,10,28.02,27.95,27.75,27.53,28.14,28.35,29.09,27.83,28.59,27.01
2016-10-14T11:00,2016-10-14,11,29.18,29.32,28.7,28.76,29.35,29.18,29.93,28.66,29.83,28.27
2016-10-14T12:00,2016-10-14,12,29.81,29.99,28.98,29.62,30.12,29.86,30.37,29.22,30.41,29.05
2016-10-14T13:00,2016-10-14,13,30.12,30.19,29.01,30.05,30.57,30.28,30.75,29.39,30.75,29.5
2016-10-14T14:00,2016-10-14,14,30.08,30.43,28.65,28.92,30.8,30.41,30.87,29.04,30.93,29.69
2016-10-14T15:00,2016-10-14,15,30.08,30.51,28.65,29.01,30.75,30.43,30.72,29.08,30.77,29.7
2016-10-14T16:00,2016-10-14,16,29.62,30.1,28.11,28.45,30.16,29.97,30.22,28.64,30.34,29.34
2016-10-14T17:00,2016-10-14,17,28.6,29.12,27.45,27.27,28.9,29.02,29.1,27.78,29.18,28.48
2016-10-14T18:00,2016-10-14,18,27.34,27.89,26.89,26.35,27.21,27.56,27.61,26.95,27.37,27.19
2016-10-14T19:00,2016-10-14,19,26.24,26.87,26.29,25.74,25.86,26.32,26.21,26.34,25.67,25.98
2016-10-14T20:00,2016-10-14,20,25.45,26.01,26.1,25.4,24.94,25.67,25.1,26.04,24.38,25.09
2016-10-14T21:00,2016-10-14,21,24.82,25.12,25.74,25.12,24.02,25.14,24.43,25.69,24.01,24.21
2016-10-14T22:00,2016-10-14,22,24.41,24.46,25.51,24.79,23.45,24.61,24.11,25.7,23.85,23.8
2016-10-14T23:00,2016-10-14,23,24.08,24.01,25.48,24.58,22.89,24.22,23.57,25.67,23.45,23.74
2016-10-15T00:00,2016-10-15,0,23.68,23.53,25.46,24.29,22.24,24.24,22.88,25.09,22.74,23.76
2016-10-15T01:00,2016-10-15,1,23.65,23.8,25.37,24.5,22.24,24.16,22.76,25.33,22.14,23.42
2016-10-15T02:00,2016-10-15,2,23.33,23.5,24.54,24.2,21.78,24.11,22.58,24.74,21.87,23.3
2016-10-15T03:00,2016-10-15,3,23.14,23.43,24.38,24.11,21.49,23.95,22.5,24.58,21.63,22.62
2016-10-15T04:00,2016-10-15,4,22.86,23.15,24.3,23.9,21.29,23.46,22.33,24.52,21.36,21.88
2016-10-15T05:00,2016-10-15,5,22.66,22.87,24.29,23.76,21.15,23.45,22.17,24.58,21.05,21.47
2016-10-15T06:00,2016-10-15,6,22.52,22.68,24.34,23.65,21.1,23.61,22.03,24.73,20.68,21.19
2016-10-15T07:00,2016-10-15,7,23.41,23.59,25.2,24.41,22.44,24.22,22.72,25.24,21.8,22.21
2016-10-15T08:00,2016-10-15,8,25.6,25.75,26.46,25.8,25.03,25.65,25.56,26.42,25.12,24.81
2016-10-15T09:00,2016-10-15,9,27.31,27.38,27.81,27.25,26.98,27.19,27.4,27.57,27.27,26.87
2016-10-15T10:00,2016-10-15,10,28.62,28.73,29.02,28.59,28.37,28.44,28.72,28.6,28.63,28.2
2016-10-15T11:00,2016-10-15,11,29.53,29.67,29.79,29.57,29.45,29.55,29.54,29.24,29.5,29.13
2016-10-15T12:00,2016-10-15,12,30.1,30.22,30.29,30.02,30.17,30.29,30.12,29.64,30.11,29.73
2016-10-15T13:00,2016-10-15,13,30.62,30.7,30.81,30.69,30.82,31.18,30.47,30.08,30.4,30.33
2016-10-15T14:00,2016-10-15,14,30.73,30.77,30.61,30.8,30.91,31.43,30.65,30.13,30.65,30.59
2016-10-15T15:00,2016-10-15,15,30.61,30.64,30.31,30.65,30.76,31.19,30.55,30.16,30.57,30.57
2016-10-15T16:00,2016-10-15,16,30.07,30.03,29.53,29.94,30.3,30.5,30.07,29.74,30.26,30.27
2016-10-15T17:00,2016-10-15,17,29.16,29.27,28.74,29.29,29.23,29.36,29.11,29.0,29.11,29.05
2016-10-15T18:00,2016-10-15,18,27.88,28.07,27.82,28.34,27.6,28.39,27.76,28.26,27.42,27.21
2016-10-15T19:00,2016-10-15,19,26.79,27.12,27.04,27.48,26.55,27.64,26.49,27.68,25.8,25.61
2016-10-15T20:00,2016-10-15,20,25.96,26.32,26.51,26.74,25.71,26.95,25.54,27.13,24.7,24.49
2016-10-15T21:00,2016-10-15,21,25.31,25.66,26.4,26.14,25.0,25.93,24.9,26.57,23.87,23.82
2016-10-15T22:00,2016-10-15,22,24.8,25.09,26.67,25.69,24.33,25.52,24.38,26.0,23.11,23.22
2016-10-15T23:00,2016-10-15,23,24.4,24.64,26.49,25.36,23.86,25.38,23.98,25.57,22.62,22.65
2016-10-16T00:00,2016-10-16,0,24.04,24.32,26.31,24.95,23.4,25.05,23.66,25.27,22.25,22.11
2016-10-16T01:00,2016-10-16,1,23.85,24.19,25.16,24.92,23.45,25.07,23.57,25.06,22.31,21.68
2016-10-16T02:00,2016-10-16,2,23.65,23.89,25.02,24.78,23.27,25.07,23.39,24.99,22.12,21.38
2016-10-16T03:00,2016-10-16,3,23.45,23.69,24.95,24.56,23.06,24.83,23.29,24.84,21.88,21.03
2016-10-16T04:00,2016-10-16,4,23.31,23.58,24.89,24.44,22.9,24.72,23.2,24.75,21.61,20.75
2016-10-16T05:00,2016-10-16,5,23.14,23.39,24.88,24.25,22.6,24.48,23.2,24.69,21.43,20.52
2016-10-16T06:00,2016-10-16,6,22.97,23.22,24.91,24.01,22.27,24.1,23.14,24.51,21.28,20.32
2016-10-16T07:00,2016-10-16,7,23.81,24.01,25.74,24.96,23.42,25.03,23.8,25.1,22.13,21.23
2016-10-16T08:00,2016-10-16,8,26.09,26.03,27.21,26.8,26.06,27.44,25.87,26.7,25.17,24.71
2016-10-16T09:00,2016-10-16,9,27.81,27.74,28.69,28.33,27.96,28.96,27.54,28.04,27.12,26.86
2016-10-16T10:00,2016-10-16,10,29.27,29.24,30.1,29.74,29.45,30.12,28.92,29.21,28.71,28.55
2016-10-16T11:00,2016-10-16,11,30.24,30.27,30.89,30.7,30.47,30.85,29.83,30.09,29.7,29.7
2016-10-16T12:00,2016-10-16,12,30.86,30.91,31.41,31.17,31.16,31.36,30.46,30.66,30.41,30.41
2016-10-16T13:00,2016-10-16,13,31.43,31.46,31.85,31.75,31.67,32.04,31.13,31.22,31.12,30.9
2016-10-16T14:00,2016-10-16,14,31.58,31.59,31.8,31.83,31.85,32.21,31.34,31.39,31.34,31.11
2016-10-16T15:00,2016-10-16,15,31.36,31.41,31.14,31.57,31.66,31.91,31.17,31.19,31.26,30.99
2016-10-16T16:00,2016-10-16,16,30.89,31.07,30.29,31.17,31.07,31.39,30.71,30.74,30.75,30.59
2016-10-16T17:00,2016-10-16,17,29.81,30.01,29.57,30.12,29.93,30.14,29.6,29.86,29.51,29.37
2016-10-16T18:00,2016-10-16,18,28.43,28.65,28.69,28.92,28.34,28.74,28.22,28.78,27.79,27.72
2016-10-16T19:00,2016-10-16,19,27.38,27.7,28.0,27.98,27.37,27.62,27.08,27.91,26.51,26.29
2016-10-16T20:00,2016-10-16,20,26.65,27.02,27.61,27.3,26.69,26.94,26.29,27.27,25.56,25.31
2016-10-16T21:00,2016-10-16,21,26.07,26.51,27.14,26.79,26.13,26.66,25.62,26.73,24.77,24.5
2016-10-16T22:00,2016-10-16,22,25.55,26.05,26.65,26.43,25.6,26.03,25.13,26.34,24.11,23.75
2016-10-16T23:00,2016-10-16,23,25.09,25.62,26.39,26.1,25.09,25.45,24.67,26.02,23.55,23.07
2016-10-17T00:00,2016-10-17,0,24.71,25.23,25.98,25.94,24.67,25.0,24.32,25.72,23.1,22.53
2016-10-17T01:00,2016-10-17,1,24.65,25.17,26.16,25.84,24.69,24.94,24.27,25.65,23.06,22.27
2016-10-17T02:00,2016-10-17,2,24.4,24.94,26.13,25.56,24.39,24.72,24.04,25.42,22.75,21.87
2016-10-17T03:00,2016-10-17,3,24.12,24.65,26.07,25.24,24.11,24.45,23.81,25.17,22.43,21.44
2016-10-17T04:00,2016-10-17,4,23.86,24.39,26.02,24.94,23.87,24.14,23.57,24.99,22.16,21.05
2016-10-17T05:00,2016-10-17,5,23.65,24.18,25.95,24.65,23.66,23.92,23.37,24.79,21.95,20.79
2016-10-17T06:00,2016-10-17,6,23.45,23.99,25.94,24.4,23.47,23.49,23.15,24.62,21.82,20.57
2016-10-17T07:00,2016-10-17,7,24.12,24.62,26.39,25.26,24.24,24.52,23.67,25.12,22.39,21.38
2016-10-17T08:00,2016-10-17,8,26.24,26.36,27.53,27.01,26.55,27.37,25.73,26.6,25.07,24.75
2016-10-17T09:00,2016-10-17,9,27.93,27.96,28.67,28.5,28.3,29.15,27.47,28.04,27.08,26.95
2016-10-17T10:00,2016-10-17,10,29.43,29.44,30.02,30.01,29.87,30.5,28.93,29.29,28.74,28.69
2016-10-17T11:00,2016-10-17,11,30.51,30.6,30.74,31.08,30.95,31.45,29.93,30.29,29.91,29.9
2016-10-17T12:00,2016-10-17,12,31.23,31.38,31.36,31.68,31.75,32.16,30.62,31.01,30.67,30.67
2016-10-17T13:00,2016-10-17,13,31.82,31.98,31.87,32.26,32.28,32.81,31.16,31.47,31.3,31.33
2016-10-17T14:00,2016-10-17,14,31.98,32.19,31.72,32.37,32.46,32.98,31.37,31.62,31.56,31.53
2016-10-17T15:00,2016-10-17,15,31.76,32.06,30.69,32.1,32.27,32.66,31.27,31.55,31.5,31.43
2016-10-17T16:00,2016-10-17,16,31.24,31.55,30.06,31.57,31.67,31.86,30.77,31.09,31.09,31.02
2016-10-17T17:00,2016-10-17,17,30.16,30.42,29.2,30.65,30.52,30.51,29.72,30.15,29.98,29.85
2016-10-17T18:00,2016-10-17,18,28.75,28.99,28.21,29.37,29.0,28.91,28.35,28.96,28.43,28.2
2016-10-17T19:00,2016-10-17,19,27.73,28.06,27.47,28.44,28.01,27.57,27.33,28.07,27.33,26.93
2016-10-17T20:00,2016-10-17,20,27.04,27.36,26.84,27.86,27.23,27.54,26.56,27.4,26.52,25.95
2016-10-17T21:00,2016-10-17,21,26.41,26.77,26.56,27.09,26.59,26.97,25.88,26.78,25.83,25.14
2016-10-17T22:00,2016-10-17,22,25.92,26.26,26.38,26.67,25.99,26.26,25.36,26.36,25.33,24.55
2016-10-17T23:00,2016-10-17,23,25.54,25.87,26.14,26.41,25.51,25.89,24.95,25.99,25.03,23.99
2016-10-18T00:00,2016-10-18,0,25.19,25.58,25.88,25.97,25.15,25.4,24.6,25.73,24.75,23.5
2016-10-18T01:00,2016-10-18,1,25.26,25.71,26.17,26.18,25.13,25.0,24.69,25.79,24.87,23.41
2016-10-18T02:00,2016-10-18,2,25.15,25.68,25.73,26.03,25.08,25.14,24.56,25.66,24.78,23.12
2016-10-18T03:00,2016-10-18,3,24.92,25.4,25.4,25.67,24.91,25.12,24.45,25.46,24.69,22.74
2016-10-18T04:00,2016-10-18,4,24.57,25.12,24.9,25.41,24.66,24.11,24.25,25.19,24.47,22.3
2016-10-18T05:00,2016-10-18,5,24.35,24.96,24.69,25.17,24.38,23.59,24.12,24.88,24.3,22.07
2016-10-18T06:00,2016-10-18,6,24.18,24.7,24.59,24.88,24.3,23.7,24.02,24.65,24.16,21.86
2016-10-18T07:00,2016-10-18,7,24.77,25.3,24.78,25.39,25.11,24.78,24.48,25.37,24.53,22.69
2016-10-18T08:00,2016-10-18,8,26.34,26.98,25.34,26.3,26.77,26.76,26.31,26.85,25.95,25.22
2016-10-18T09:00,2016-10-18,9,27.71,28.27,26.61,27.63,27.97,28.06,27.76,28.09,27.33,26.98
2016-10-18T10:00,2016-10-18,10,28.95,29.49,27.71,28.76,29.27,29.33,29.1,29.03,28.69,28.41
2016-10-18T11:00,2016-10-18,11,29.94,30.4,28.91,29.86,30.31,30.25,30.17,30.05,29.41,29.49
2016-10-18T12:00,2016-10-18,12,30.67,31.15,29.63,30.51,30.99,31.01,30.7,30.64,30.41,30.28
2016-10-18T13:00,2016-10-18,13,31.4,31.65,30.96,31.77,31.81,32.08,31.31,31.42,30.66,30.89
2016-10-18T14:00,2016-10-18,14,31.6,31.9,31.05,31.89,31.95,32.25,31.52,31.49,30.99,31.18
2016-10-18T15:00,2016-10-18,15,31.47,31.81,30.49,31.7,31.84,31.97,31.45,31.43,31.0,31.18
2016-10-18T16:00,2016-10-18,16,31.06,31.39,29.64,31.37,31.32,31.27,31.12,31.24,30.75,30.92
2016-10-18T17:00,2016-10-18,17,30.08,30.51,28.63,30.44,30.22,29.96,30.17,30.51,29.77,29.76
2016-10-18T18:00,2016-10-18,18,28.88,29.33,27.96,29.48,28.94,28.58,28.84,29.26,28.47,28.26
2016-10-18T19:00,2016-10-18,19,27.86,28.33,27.63,28.44,27.9,27.44,27.75,28.17,27.32,26.97
2016-10-18T20:00,2016-10-18,20,27.16,27.66,27.27,27.73,27.16,26.84,26.96,27.58,26.56,26.07
2016-10-18T21:00,2016-10-18,21,26.58,27.04,27.12,27.1,26.61,26.2,26.32,27.06,25.9,25.36
2016-10-18T22:00,2016-10-18,22,26.08,26.62,26.09,26.71,26.32,25.81,25.82,26.59,25.42,24.78
2016-10-18T23:00,2016-10-18,23,25.69,26.14,25.94,26.37,25.82,25.7,25.33,26.21,24.95,24.39
2016-10-19T00:00,2016-10-19,0,25.39,25.86,25.87,26.0,25.39,25.43,24.95,25.96,24.64,24.14
2016-10-19T01:00,2016-10-19,1,25.41,25.85,25.99,26.12,25.26,25.23,25.15,25.83,24.79,24.01
2016-10-19T02:00,2016-10-19,2,25.12,25.46,25.49,25.68,25.07,25.38,24.89,25.66,24.61,23.77
2016-10-19T03:00,2016-10-19,3,24.84,25.1,25.16,25.15,24.98,25.03,24.75,25.34,24.57,23.53
2016-10-19T04:00,2016-10-19,4,24.65,24.85,25.13,24.93,24.38,24.71,24.69,25.37,24.52,23.3
2016-10-19T05:00,2016-10-19,5,24.45,24.52,25.19,24.71,24.09,24.41,24.63,25.3,24.32,23.17
2016-10-19T06:00,2016-10-19,6,24.19,24.24,25.01,24.39,23.76,23.71,24.35,25.16,24.26,23.01
2016-10-19T07:00,2016-10-19,7,24.91,25.11,25.43,25.53,24.79,24.33,24.88,25.89,24.7,23.52
2016-10-19T08:00,2016-10-19,8,26.93,27.38,26.64,27.15,27.0,26.84,27.13,27.87,26.44,25.66
2016-10-19T09:00,2016-10-19,9,28.45,28.93,27.9,28.5,28.81,28.43,28.58,29.11,27.98,27.39
2016-10-19T10:00,2016-10-19,10,29.76,30.22,29.1,29.87,30.14,29.78,29.83,30.15,29.41,28.8
2016-10-19T11:00,2016-10-19,11,30.59,30.97,30.02,30.59,30.95,30.64,30.63,30.79,30.43,29.85
2016-10-19T12:00,2016-10-19,12,31.23,31.53,30.7,31.45,31.65,31.26,31.16,31.26,30.97,30.69
2016-10-19T13:00,2016-10-19,13,31.61,31.92,31.02,32.13,32.05,31.74,31.47,31.68,31.11,31.01
2016-10-19T14:00,2016-10-19,14,31.77,32.04,31.26,32.38,32.19,31.89,31.56,31.88,31.23,31.18
2016-10-19T15:00,2016-10-19,15,31.46,31.76,30.73,32.17,31.84,31.59,31.14,31.8,30.72,31.09
2016-10-19T16:00,2016-10-19,16,30.9,31.13,30.09,31.63,30.9,30.72,30.73,31.43,30.36,30.75
2016-10-19T17:00,2016-10-19,17,29.91,30.19,29.25,30.54,29.75,29.49,29.92,30.46,29.5,29.56
2016-10-19T18:00,2016-10-19,18,28.64,28.91,28.65,29.08,28.61,28.03,28.75,29.15,28.31,27.91
2016-10-19T19:00,2016-10-19,19,27.67,27.97,28.35,27.91,27.4,27.54,27.75,27.96,27.25,26.62
2016-10-19T20:00,2016-10-19,20,26.93,27.23,27.75,27.08,26.63,26.93,26.97,27.23,26.55,25.81
2016-10-19T21:00,2016-10-19,21,26.33,26.6,27.19,26.42,26.13,26.27,26.39,26.47,26.01,25.27
2016-10-19T22:00,2016-10-19,22,25.82,26.02,26.8,26.05,25.58,25.53,25.92,25.97,25.53,24.82
2016-10-19T23:00,2016-10-19,23,25.39,25.56,26.27,25.71,25.07,25.06,25.46,25.83,25.09,24.35
2016-10-20T00:00,2016-10-20,0,25.05,25.29,25.73,25.38,24.66,24.75,25.07,25.7,24.72,24.04
2016-10-20T01:00,2016-10-20,1,25.0,25.26,26.33,25.41,24.41,24.57,25.07,25.6,24.44,23.77
2016-10-20T02:00,2016-10-20,2,24.68,25.03,25.93,25.33,24.06,23.91,24.76,25.41,23.99,23.32
2016-10-20T03:00,2016-10-20,3,24.32,24.75,25.07,25.21,23.71,23.51,24.42,25.28,23.55,22.89
2016-10-20T04:00,2016-10-20,4,24.02,24.46,24.57,24.97,23.44,23.24,24.17,25.17,23.13,22.6
2016-10-20T05:00,2016-10-20,5,23.76,24.15,24.58,24.64,23.24,23.19,23.88,25.0,22.78,22.24
2016-10-20T06:00,2016-10-20,6,23.5,23.88,24.66,24.24,22.95,23.02,23.56,24.84,22.44,21.9
2016-10-20T07:00,2016-10-20,7,24.08,24.48,25.33,25.03,23.51,23.54,24.0,25.39,22.98,22.4
2016-10-20T08:00,2016-10-20,8,26.19,26.48,26.53,26.99,25.94,25.75,26.14,27.08,25.61,24.99
2016-10-20T09:00,2016-10-20,9,27.82,28.1,28.07,28.48,27.72,27.59,27.72,28.43,27.33,26.73
2016-10-20T10:00,2016-10-20,10,29.2,29.5,29.5,29.8,29.13,29.02,29.06,29.49,28.73,28.23
2016-10-20T11:00,2016-10-20,11,30.19,30.48,30.45,30.76,30.18,30.07,29.95,30.3,29.79,29.34
2016-10-20T12:00,2016-10-20,12,30.82,31.13,31.0,31.36,30.87,30.72,30.55,30.88,30.44,30.01
2016-10-20T13:00,2016-10-20,13,31.51,31.88,31.6,32.12,31.69,31.39,31.07,31.37,31.17,30.7
2016-10-20T14:00,2016-10-20,14,31.55,31.92,31.7,32.29,31.8,31.4,31.1,31.44,30.98,30.76
2016-10-20T15:00,2016-10-20,15,31.31,31.73,31.39,32.15,31.48,31.17,30.89,31.32,30.52,30.55
2016-10-20T16:00,2016-10-20,16,30.73,31.24,30.64,31.5,30.98,30.27,30.47,30.84,29.9,29.91
2016-10-20T17:00,2016-10-20,17,29.53,29.96,29.5,30.24,29.66,28.9,29.47,29.83,28.78,28.79
2016-10-20T18:00,2016-10-20,18,28.09,28.5,28.15,28.73,27.67,27.54,28.14,28.71,27.47,27.23
2016-10-20T19:00,2016-10-20,19,26.93,27.38,27.14,27.43,26.44,26.38,26.88,27.82,26.21,26.16
2016-10-20T20:00,2016-10-20,20,26.15,26.62,26.47,26.53,25.82,25.76,25.97,27.14,25.3,25.39
2016-10-20T21:00,2016-10-20,21,25.53,26.0,25.87,25.93,25.01,25.28,25.26,26.58,24.62,24.85
2016-10-20T22:00,2016-10-20,22,25.04,25.54,25.83,25.39,24.62,24.64,24.7,26.16,23.96,24.32
2016-10-20T23:00,2016-10-20,23,24.59,25.12,25.62,24.84,24.27,23.97,24.24,25.7,23.42,23.93
2016-10-21T00:00,2016-10-21,0,24.16,24.72,24.85,24.53,23.82,23.55,23.81,25.35,23.01,23.48
2016-10-21T01:00,2016-10-21,1,24.13,24.62,24.94,24.51,23.5,23.64,24.16,25.36,23.02,23.13
2016-10-21T02:00,2016-10-21,2,23.81,24.35,23.97,24.31,23.2,23.31,23.95,25.16,22.79,22.83
2016-10-21T03:00,2016-10-21,3,23.6,24.17,23.79,24.15,23.16,23.14,23.73,24.93,22.42,22.55
2016-10-21T04:00,2016-10-21,4,23.34,23.92,23.84,23.91,22.86,22.95,23.34,24.79,22.04,22.17
2016-10-21T05:00,2016-10-21,5,23.05,23.63,23.66,23.59,22.58,22.79,22.91,24.67,21.73,21.78
2016-10-21T06:00,2016-10-21,6,22.71,23.27,23.59,23.32,22.19,22.21,22.46,24.48,21.37,21.46
2016-10-21T07:00,2016-10-21,7,23.35,23.86,24.49,24.08,22.92,22.76,22.97,24.97,22.14,21.89
2016-10-21T08:00,2016-10-21,8,25.74,26.29,25.96,26.35,25.65,25.63,25.35,26.75,24.98,24.37
2016-10-21T09:00,2016-10-21,9,27.44,27.91,27.72,28.07,27.36,27.37,27.08,28.11,26.79,26.19
2016-10-21T10:00,2016-10-21,10,28.88,29.33,29.19,29.47,28.67,28.61,28.64,29.39,28.29,27.82
2016-10-21T11:00,2016-10-21,11,29.82,30.19,30.09,30.41,29.65,29.6,29.66,30.14,29.24,28.89
2016-10-21T12:00,2016-10-21,12,30.33,30.62,30.69,31.04,30.19,30.25,30.21,30.58,29.65,29.41
2016-10-21T13:00,2016-10-21,13,30.8,30.86,31.18,31.59,30.78,30.94,30.79,31.11,30.25,29.88
2016-10-21T14:00,2016-10-21,14,30.84,30.82,31.16,31.55,30.93,31.03,30.88,31.24,30.33,29.99
2016-10-21T15:00,2016-10-21,15,30.55,30.39,30.86,31.27,30.46,30.88,30.79,31.13,30.09,29.77
2016-10-21T16:00,2016-10-21,16,30.04,29.91,30.32,30.49,29.72,30.15,30.28,30.7,29.78,29.46
2016-10-21T17:00,2016-10-21,17,28.97,29.07,29.2,29.34,28.51,28.7,29.2,29.64,28.68,28.34
2016-10-21T18:00,2016-10-21,18,27.56,27.73,27.98,27.94,27.02,27.21,27.7,28.3,27.14,26.87
2016-10-21T19:00,2016-10-21,19,26.42,26.55,27.12,26.86,26.19,26.08,26.49,27.08,25.94,25.58
2016-10-21T20:00,2016-10-21,20,25.61,25.68,26.5,26.1,25.43,25.17,25.72,26.29,25.05,24.77
2016-10-21T21:00,2016-10-21,21,24.93,24.96,25.97,25.58,24.69,24.67,25.04,25.69,23.91,24.31
2016-10-21T22:00,2016-10-21,22,24.38,24.42,25.56,25.11,24.15,24.28,24.49,25.17,23.09,23.73
2016-10-21T23:00,2016-10-21,23,23.89,23.91,25.21,24.68,23.63,23.86,23.87,24.86,22.63,23.12
2016-10-22T00:00,2016-10-22,0,23.45,23.48,24.88,24.18,23.15,23.3,23.22,24.59,22.32,22.64
2016-10-22T01:00,2016-10-22,1,23.21,23.35,24.51,23.89,22.79,22.87,22.91,24.48,22.14,22.41
2016-10-22T02:00,2016-10-22,2,22.96,23.11,24.08,23.6,22.47,22.94,22.69,24.25,21.9,22.18
2016-10-22T03:00,2016-10-22,3,22.72,22.85,23.72,23.32,22.28,22.83,22.41,23.97,21.71,21.99
2016-10-22T04:00,2016-10-22,4,22.41,22.51,23.39,23.07,21.93,22.11,22.1,23.77,21.53,21.75
2016-10-22T05:00,2016-10-22,5,22.05,22.17,23.1,22.75,21.58,21.17,21.74,23.6,21.19,21.48
2016-10-22T06:00,2016-10-22,6,21.68,21.75,22.81,22.4,21.1,20.71,21.42,23.38,20.89,21.17
2016-10-22T07:00,2016-10-22,7,22.58,22.58,23.79,23.33,22.19,22.24,22.23,23.95,21.75,21.86
2016-10-22T08:00,2016-10-22,8,25.62,25.81,26.28,26.13,25.32,25.5,25.5,26.24,25.23,24.54
2016-10-22T09:00,2016-10-22,9,27.41,27.56,27.78,27.85,27.12,27.3,27.39,27.7,27.31,26.5
2016-10-22T10:00,2016-10-22,10,28.81,28.94,29.15,29.26,28.49,28.54,28.77,28.98,28.79,28.03
2016-10-22T11:00,2016-10-22,11,29.67,29.73,30.17,30.15,29.4,29.5,29.58,29.82,29.56,29.0
2016-10-22T12:00,2016-10-22,12,30.19,30.27,30.87,30.64,29.99,30.11,30.11,30.34,29.95,29.4
2016-10-22T13:00,2016-10-22,13,30.43,30.55,31.22,30.97,30.13,30.36,30.33,30.69,30.13,29.4
2016-10-22T14:00,2016-10-22,14,30.5,30.63,31.18,31.07,30.21,30.5,30.46,30.75,30.09,29.59
2016-10-22T15:00,2016-10-22,15,30.37,30.57,30.8,30.9,30.07,30.27,30.38,30.57,30.01,29.45
2016-10-22T16:00,2016-10-22,16,29.91,30.13,30.0,30.33,29.65,29.7,30.0,30.13,29.64,29.21
2016-10-22T17:00,2016-10-22,17,28.75,29.01,28.77,29.03,28.44,28.17,28.92,29.02,28.64,28.18
2016-10-22T18:00,2016-10-22,18,27.28,27.42,27.41,27.41,26.88,26.64,27.31,27.64,27.14,27.31
2016-10-22T19:00,2016-10-22,19,25.97,25.94,26.51,26.06,25.52,25.15,26.15,26.29,25.72,26.35
2016-10-22T20:00,2016-10-22,20,25.09,24.97,25.72,25.08,24.66,24.32,25.57,25.3,24.85,25.38
2016-10-22T21:00,2016-10-22,21,24.39,24.26,25.14,24.29,23.95,23.74,24.92,24.5,24.25,24.55
2016-10-22T22:00,2016-10-22,22,23.78,23.62,24.55,23.68,23.33,23.43,24.19,23.92,23.62,23.92
2016-10-22T23:00,2016-10-22,23,23.28,23.09,24.14,23.21,22.76,23.02,23.9,23.59,22.94,23.27
2016-10-23T00:00,2016-10-23,0,22.88,22.73,23.86,22.84,22.22,22.42,23.53,23.28,22.55,22.75
2016-10-23T01:00,2016-10-23,1,22.63,22.5,23.77,22.64,21.9,22.3,23.06,23.31,22.21,22.42
2016-10-23T02:00,2016-10-23,2,22.38,22.23,23.43,22.4,21.62,21.75,22.77,23.23,21.97,22.44
2016-10-23T03:00,2016-10-23,3,22.12,21.98,23.15,22.1,21.42,21.16,22.57,23.15,21.73,22.22
2016-10-23T04:00,2016-10-23,4,21.82,21.69,22.85,21.7,21.3,20.69,22.34,22.87,21.43,21.95
2016-10-23T05:00,2016-10-23,5,21.53,21.39,22.56,21.31,20.96,20.21,22.06,22.64,21.25,21.74
2016-10-23T06:00,2016-10-23,6,21.26,21.06,22.26,20.92,20.71,19.89,21.9,22.34,21.14,21.54
2016-10-23T07:00,2016-10-23,7,22.24,22.14,23.04,22.07,21.92,21.27,22.7,22.96,22.24,22.04
2016-10-23T08:00,2016-10-23,8,25.07,25.13,25.55,25.01,24.76,24.4,25.41,25.83,25.08,24.52
2016-10-23T09:00,2016-10-23,9,27.01,27.05,27.26,27.02,26.77,26.43,27.29,27.34,27.22,26.55
2016-10-23T10:00,2016-10-23,10,28.46,28.54,28.65,28.63,28.19,28.05,28.68,28.68,28.55,27.93
2016-10-23T11:00,2016-10-23,11,29.35,29.48,29.74,29.57,29.13,28.98,29.43,29.41,29.34,28.79
2016-10-23T12:00,2016-10-23,12,29.92,30.11,30.36,30.11,29.79,29.62,29.96,29.83,29.77,29.34
2016-10-23T13:00,2016-10-23,13,30.19,30.45,30.74,30.37,29.95,30.07,30.22,30.06,29.88,29.57
2016-10-23T14:00,2016-10-23,14,30.29,30.53,30.71,30.39,30.2,30.2,30.42,30.09,30.0,29.69
2016-10-23T15:00,2016-10-23,15,30.09,30.36,30.22,30.17,29.98,29.98,30.31,29.96,29.77,29.54
2016-10-23T16:00,2016-10-23,16,29.54,29.82,29.33,29.59,29.36,29.26,29.86,29.45,29.43,29.09
2016-10-23T17:00,2016-10-23,17,28.39,28.71,28.09,28.39,28.12,27.49,28.83,28.41,28.4,28.12
2016-10-23T18:00,2016-10-23,18,26.88,27.13,26.95,26.59,26.63,25.83,27.49,26.99,26.88,26.66
2016-10-23T19:00,2016-10-23,19,25.69,25.86,26.13,25.18,25.34,24.76,26.33,25.91,25.63,25.61
2016-10-23T20:00,2016-10-23,20,24.84,24.89,25.49,24.19,24.42,24.16,25.34,25.51,24.76,24.87
2016-10-23T21:00,2016-10-23,21,24.17,24.23,25.05,23.37,23.7,23.85,24.6,24.62,24.04,24.21
2016-10-23T22:00,2016-10-23,22,23.59,23.76,24.64,22.72,23.22,23.2,24.01,23.4,23.51,23.53
2016-10-23T23:00,2016-10-23,23,23.14,23.42,24.25,22.32,22.77,22.66,23.56,23.01,23.06,22.72
2016-10-24T00:00,2016-10-24,0,22.8,23.12,23.91,22.03,22.5,22.13,23.23,22.93,22.77,22.12
2016-10-24T01:00,2016-10-24,1,22.57,22.83,23.91,21.94,22.27,22.57,22.98,22.89,22.35,21.4
2016-10-24T02:00,2016-10-24,2,22.28,22.49,23.72,21.63,21.97,22.14,22.75,22.8,22.04,21.14
2016-10-24T03:00,2016-10-24,3,21.93,22.14,23.58,21.32,21.56,21.66,22.34,22.68,21.71,20.66
2016-10-24T04:00,2016-10-24,4,21.63,21.89,23.48,21.01,21.23,21.15,21.97,22.51,21.39,20.26
2016-10-24T05:00,2016-10-24,5,21.38,21.67,23.25,20.75,20.98,20.86,21.7,22.26,21.1,20.03
2016-10-24T06:00,2016-10-24,6,21.15,21.38,23.19,20.53,20.76,20.54,21.5,22.06,20.87,19.77
2016-10-24T07:00,2016-10-24,7,21.89,22.0,23.7,21.74,21.57,21.6,22.09,22.82,21.62,20.37
2016-10-24T08:00,2016-10-24,8,24.8,24.88,25.5,24.74,24.66,24.55,25.19,25.37,24.75,23.77
2016-10-24T09:00,2016-10-24,9,26.72,26.71,26.96,26.72,26.74,26.74,27.0,27.08,26.77,25.98
2016-10-24T10:00,2016-10-24,10,28.24,28.27,28.23,28.37,28.28,28.27,28.42,28.33,28.27,27.67
2016-10-24T11:00,2016-10-24,11,29.26,29.31,29.39,29.39,29.25,29.37,29.3,29.23,29.24,28.79
2016-10-24T12:00,2016-10-24,12,29.94,30.07,30.01,30.06,29.97,30.23,29.86,29.81,29.83,29.5
2016-10-24T13:00,2016-10-24,13,30.31,30.45,30.24,30.55,30.42,31.1,30.13,30.19,29.97,29.82
2016-10-24T14:00,2016-10-24,14,30.42,30.62,30.04,30.69,30.55,31.25,30.15,30.35,30.08,29.98
2016-10-24T15:00,2016-10-24,15,30.25,30.5,29.75,30.49,30.48,31.09,29.95,30.1,29.91,29.83
2016-10-24T16:00,2016-10-24,16,29.75,30.08,29.05,29.94,30.04,30.5,29.44,29.57,29.47,29.36
2016-10-24T17:00,2016-10-24,17,28.64,28.91,28.14,28.76,28.7,29.1,28.48,28.69,28.48,28.21
2016-10-24T18:00,2016-10-24,18,27.26,27.44,27.41,27.36,26.95,27.42,27.33,27.51,27.18,26.54
2016-10-24T19:00,2016-10-24,19,26.15,26.32,26.65,26.17,25.7,26.17,26.46,26.55,26.06,25.17
2016-10-24T20:00,2016-10-24,20,25.39,25.49,26.67,25.27,24.83,25.41,25.79,25.82,25.24,24.21
2016-10-24T21:00,2016-10-24,21,24.79,24.87,26.65,24.61,24.07,24.39,25.39,25.28,24.63,23.43
2016-10-24T22:00,2016-10-24,22,24.28,24.33,26.38,24.23,23.42,24.01,24.88,24.89,24.1,22.63
2016-10-24T23:00,2016-10-24,23,23.83,23.84,25.66,23.94,22.8,23.99,24.47,24.56,23.65,22.01
2016-10-25T00:00,2016-10-25,0,23.4,23.44,24.8,23.6,22.43,23.58,24.04,24.24,23.26,21.6
2016-10-25T01:00,2016-10-25,1,23.16,23.04,24.83,23.26,22.1,23.78,23.76,23.98,23.09,21.37
2016-10-25T02:00,2016-10-25,2,22.84,22.61,24.92,23.03,21.78,23.42,23.34,23.63,22.75,21.06
2016-10-25T03:00,2016-10-25,3,22.58,22.26,24.81,22.91,21.56,23.24,23.04,23.44,22.4,20.82
2016-10-25T04:00,2016-10-25,4,22.36,22.0,24.57,22.79,21.53,23.04,22.81,23.23,22.01,20.66
2016-10-25T05:00,2016-10-25,5,22.18,21.75,24.57,22.8,21.48,22.66,22.63,23.12,21.65,20.48
2016-10-25T06:00,2016-10-25,6,21.94,21.53,24.42,22.7,21.19,22.24,22.41,22.88,21.31,20.25
2016-10-25T07:00,2016-10-25,7,22.65,22.31,25.12,23.42,22.0,23.54,22.87,23.46,21.79,20.92
2016-10-25T08:00,2016-10-25,8,25.27,25.24,26.77,25.53,24.87,25.61,25.37,25.69,24.78,24.17
2016-10-25T09:00,2016-10-25,9,27.06,27.12,28.02,27.29,26.87,27.2,27.04,27.2,26.77,26.24
2016-10-25T10:00,2016-10-25,10,28.55,28.66,29.09,28.77,28.45,28.5,28.53,28.53,28.42,27.91
2016-10-25T11:00,2016-10-25,11,29.63,29.76,30.0,29.78,29.57,29.41,29.59,29.44,29.61,29.17
2016-10-25T12:00,2016-10-25,12,30.26,30.43,30.48,30.39,30.24,29.99,30.23,29.99,30.27,29.89
2016-10-25T13:00,2016-10-25,13,30.69,30.82,31.14,30.92,30.74,30.97,30.52,30.33,30.54,30.02
2016-10-25T14:00,2016-10-25,14,30.77,31.02,30.46,30.96,30.94,31.16,30.67,30.25,30.77,30.13
2016-10-25T15:00,2016-10-25,15,30.58,30.91,29.66,30.63,30.83,30.97,30.68,30.24,30.69,29.98
2016-10-25T16:00,2016-10-25,16,30.26,30.61,29.2,30.23,30.52,30.56,30.38,30.01,30.4,29.7
2016-10-25T17:00,2016-10-25,17,29.21,29.56,28.42,29.28,29.15,29.22,29.44,29.17,29.23,28.68
2016-10-25T18:00,2016-10-25,18,27.81,28.06,27.67,28.06,27.29,28.01,27.88,28.59,27.53,27.11
2016-10-25T19:00,2016-10-25,19,26.66,26.81,27.08,27.02,25.9,27.36,26.69,27.12,26.21,25.87
2016-10-25T20:00,2016-10-25,20,25.96,25.85,26.77,26.39,25.1,26.66,26.08,26.81,25.67,25.03
2016-10-25T21:00,2016-10-25,21,25.51,25.49,26.38,26.21,24.36,26.09,25.47,27.01,24.97,24.38
2016-10-25T22:00,2016-10-25,22,25.05,25.43,25.94,25.83,23.72,25.54,24.65,26.59,24.11,23.83
2016-10-25T23:00,2016-10-25,23,24.46,24.6,25.49,25.5,23.37,25.1,23.92,26.19,23.31,23.42
2016-10-26T00:00,2016-10-26,0,24.06,24.07,25.24,25.39,22.99,24.86,23.48,25.94,22.77,22.91
2016-10-26T01:00,2016-10-26,1,23.91,23.86,25.37,25.56,22.67,24.69,23.93,25.64,22.32,22.3
2016-10-26T02:00,2016-10-26,2,23.7,23.54,25.28,25.48,22.61,24.43,23.61,25.5,22.09,22.15
2016-10-26T03:00,2016-10-26,3,23.53,23.33,25.4,25.27,22.65,24.12,23.28,25.27,22.0,21.95
2016-10-26T04:00,2016-10-26,4,23.48,23.25,25.48,25.05,22.61,23.92,23.05,25.12,22.3,21.95
2016-10-26T05:00,2016-10-26,5,23.36,23.07,25.48,24.9,22.52,23.8,22.82,24.81,22.33,21.94
2016-10-26T06:00,2016-10-26,6,23.19,22.96,25.39,24.55,22.29,23.6,22.8,24.86,21.96,21.85
2016-10-26T07:00,2016-10-26,7,23.83,23.86,25.81,25.3,23.15,24.01,23.56,25.44,22.18,22.2
2016-10-26T08:00,2016-10-26,8,25.93,26.32,26.93,27.03,25.3,25.14,26.2,26.74,24.69,24.54
2016-10-26T09:00,2016-10-26,9,27.5,27.84,28.02,28.26,27.11,26.16,28.11,27.22,27.16,26.41
2016-10-26T10:00,2016-10-26,10,28.74,29.16,28.89,29.18,28.68,27.17,29.44,27.81,28.79,27.78
2016-10-26T11:00,2016-10-26,11,29.54,30.03,29.73,29.97,29.51,27.86,30.04,28.14,29.73,28.77
2016-10-26T12:00,2016-10-26,12,30.0,30.48,30.18,30.16,30.1,28.33,30.37,28.49,30.36,29.4
2016-10-26T13:00,2016-10-26,13,30.03,29.9,30.75,30.39,30.48,29.6,29.14,29.25,30.63,29.96
2016-10-26T14:00,2016-10-26,14,29.76,29.48,30.08,30.22,30.11,29.26,28.89,28.73,30.66,30.17
2016-10-26T15:00,2016-10-26,15,29.28,28.82,29.53,29.44,29.94,28.77,28.39,27.98,30.47,30.1
2016-10-26T16:00,2016-10-26,16,28.75,28.21,28.94,28.4,29.35,28.39,28.11,27.76,30.09,29.84
2016-10-26T17:00,2016-10-26,17,27.95,27.49,28.12,27.88,28.0,27.17,27.55,27.5,29.07,28.83
2016-10-26T18:00,2016-10-26,18,27.11,26.99,27.27,27.23,27.06,26.08,26.89,26.95,27.6,27.56
2016-10-26T19:00,2016-10-26,19,26.52,26.52,26.95,26.82,26.41,25.37,26.36,26.42,26.77,26.54
2016-10-26T20:00,2016-10-26,20,26.08,26.32,26.43,26.13,25.89,25.01,26.11,26.02,26.22,25.76
2016-10-26T21:00,2016-10-26,21,25.69,26.16,25.86,25.72,25.57,24.72,25.86,25.76,25.57,25.0
2016-10-26T22:00,2016-10-26,22,25.44,25.98,25.89,25.53,25.3,24.55,25.55,25.59,25.16,24.37
2016-10-26T23:00,2016-10-26,23,25.23,25.79,26.0,25.33,25.13,24.27,25.35,25.51,24.81,23.96
2016-10-27T00:00,2016-10-27,0,24.92,25.4,25.82,25.12,24.85,24.03,25.12,25.26,24.43,23.52
2016-10-27T01:00,2016-10-27,1,25.15,25.89,25.43,25.26,25.33,24.77,25.54,25.85,24.65,22.82
2016-10-27T02:00,2016-10-27,2,25.09,25.93,25.51,25.15,25.29,24.86,25.42,25.61,24.53,22.56
2016-10-27T03:00,2016-10-27,3,24.86,25.54,25.24,25.05,25.12,24.81,25.18,25.47,24.4,22.34
2016-10-27T04:00,2016-10-27,4,24.58,25.18,24.99,25.15,24.66,24.53,24.83,25.25,24.16,21.93
2016-10-27T05:00,2016-10-27,5,24.29,24.74,24.72,25.23,24.38,24.26,24.44,25.03,24.0,21.48
2016-10-27T06:00,2016-10-27,6,24.04,24.46,24.65,25.11,24.16,23.9,24.2,24.92,23.61,21.19
2016-10-27T07:00,2016-10-27,7,24.41,24.82,25.55,25.38,24.2,24.1,24.35,25.16,23.89,21.97
2016-10-27T08:00,2016-10-27,8,25.51,25.64,27.19,26.56,24.52,24.49,25.03,26.23,24.9,24.82
2016-10-27T09:00,2016-10-27,9,26.32,26.3,28.23,27.48,24.77,25.24,25.46,27.17,25.52,26.71
2016-10-27T10:00,2016-10-27,10,26.92,26.78,28.97,27.99,25.37,25.99,25.86,27.99,25.7,28.06
2016-10-27T11:00,2016-10-27,11,27.41,27.16,29.58,28.42,25.68,26.37,26.55,28.99,26.01,28.73
2016-10-27T12:00,2016-10-27,12,27.65,27.06,29.73,29.1,25.97,26.81,27.11,29.4,26.09,29.01
2016-10-27T13:00,2016-10-27,13,27.47,27.7,28.25,28.47,25.99,28.09,27.6,27.96,24.87,28.41
2016-10-27T14:00,2016-10-27,14,26.9,26.77,27.97,27.56,25.28,26.81,27.3,27.59,24.98,28.35
2016-10-27T15:00,2016-10-27,15,26.68,26.45,27.44,27.31,25.15,25.93,27.35,27.76,25.28,27.93
2016-10-27T16:00,2016-10-27,16,26.23,25.84,26.98,26.59,25.03,25.4,26.82,27.67,25.28,27.41
2016-10-27T17:00,2016-10-27,17,25.68,25.51,25.92,25.48,24.81,24.85,26.45,26.79,25.08,26.67
2016-10-27T18:00,2016-10-27,18,25.13,25.1,25.58,24.91,24.4,24.45,25.81,25.87,24.65,25.54
2016-10-27T19:00,2016-10-27,19,24.7,24.83,25.15,24.48,24.08,24.22,25.27,25.13,24.3,24.65
2016-10-27T20:00,2016-10-27,20,24.35,24.61,24.87,24.12,23.71,23.98,24.93,24.97,23.82,23.95
2016-10-27T21:00,2016-10-27,21,24.16,24.46,24.74,23.92,23.68,23.79,24.79,24.86,23.59,23.43
2016-10-27T22:00,2016-10-27,22,23.96,24.33,24.56,23.77,23.47,23.6,24.56,24.83,23.31,23.01
2016-10-27T23:00,2016-10-27,23,23.78,24.18,24.37,23.61,23.24,23.47,24.34,24.72,23.17,22.7
2016-10-28T00:00,2016-10-28,0,23.59,23.97,24.2,23.5,23.06,23.28,24.1,24.68,22.9,22.49
2016-10-28T01:00,2016-10-28,1,23.72,23.99,24.45,23.93,23.32,23.37,24.19,25.03,22.97,22.46
2016-10-28T02:00,2016-10-28,2,23.58,23.95,24.14,23.77,23.19,23.21,24.04,24.86,22.81,22.26
2016-10-28T03:00,2016-10-28,3,23.51,23.87,24.05,23.81,23.07,23.03,23.92,24.85,22.66,22.26
2016-10-28T04:00,2016-10-28,4,23.4,23.74,24.06,23.81,22.94,22.8,23.92,24.83,22.54,21.94
2016-10-28T05:00,2016-10-28,5,23.24,23.62,23.93,23.76,22.78,22.59,23.64,24.62,22.29,21.85
2016-10-28T06:00,2016-10-28,6,23.19,23.53,23.83,23.72,22.78,22.61,23.6,24.87,22.18,21.79
2016-10-28T07:00,2016-10-28,7,23.57,23.78,24.76,24.11,23.08,23.19,23.87,24.98,22.68,22.02
2016-10-28T08:00,2016-10-28,8,24.69,24.66,26.11,25.26,24.41,24.21,24.73,26.05,24.18,23.28
2016-10-28T09:00,2016-10-28,9,25.94,25.99,27.43,26.43,25.43,25.35,26.12,26.93,25.39,24.72
2016-10-28T10:00,2016-10-28,10,27.04,27.06,28.52,27.62,26.64,26.02,27.06,27.82,26.7,26.03
2016-10-28T11:00,2016-10-28,11,27.89,27.8,29.29,28.44,27.32,26.51,28.06,28.48,27.8,27.24
2016-10-28T12:00,2016-10-28,12,28.5,28.6,29.34,28.95,27.93,27.12,28.74,28.82,28.55,27.9
2016-10-28T13:00,2016-10-28,13,28.09,27.7,28.67,28.43,28.3,27.57,28.32,27.87,28.16,28.25
2016-10-28T14:00,2016-10-28,14,28.21,27.93,28.67,28.48,28.48,27.43,28.46,27.67,28.4,28.37
2016-10-28T15:00,2016-10-28,15,28.02,27.95,27.82,28.0,28.16,27.49,28.55,27.33,28.11,28.33
2016-10-28T16:00,2016-10-28,16,27.68,27.8,27.17,27.59,27.74,27.22,27.65,27.1,27.94,28.19
2016-10-28T17:00,2016-10-28,17,26.92,27.21,26.72,26.73,26.84,26.27,26.48,26.33,27.1,27.53
2016-10-28T18:00,2016-10-28,18,25.93,26.11,26.0,25.98,25.74,25.22,25.65,25.43,26.12,26.28
2016-10-28T19:00,2016-10-28,19,25.19,25.28,25.33,25.46,24.83,24.53,25.16,25.04,25.18,25.3
2016-10-28T20:00,2016-10-28,20,24.62,24.72,24.83,24.98,24.28,24.24,24.75,24.87,24.53,24.15
2016-10-28T21:00,2016-10-28,21,24.19,24.29,24.57,24.62,23.76,23.66,24.45,24.83,24.06,23.33
2016-10-28T22:00,2016-10-28,22,23.98,24.16,24.73,24.43,23.36,23.27,24.22,24.65,23.69,23.04
2016-10-28T23:00,2016-10-28,23,23.67,23.78,24.84,23.99,23.0,22.93,24.02,24.34,23.46,22.54
2016-10-29T00:00,2016-10-29,0,23.48,23.54,24.64,23.72,22.78,22.78,23.66,24.31,23.6,22.27
2016-10-29T01:00,2016-10-29,1,23.47,23.67,24.67,24.35,22.62,23.51,23.75,24.88,22.43,21.74
2016-10-29T02:00,2016-10-29,2,23.21,23.47,24.47,23.91,22.51,23.36,23.59,24.43,22.0,21.53
2016-10-29T03:00,2016-10-29,3,23.05,23.4,24.05,23.72,22.28,23.18,23.56,24.28,21.92,21.25
2016-10-29T04:00,2016-10-29,4,22.98,23.4,24.01,23.76,22.24,22.82,23.43,24.19,21.86,21.06
2016-10-29T05:00,2016-10-29,5,22.85,23.25,23.98,23.79,22.01,22.67,23.36,24.08,21.71,20.76
2016-10-29T06:00,2016-10-29,6,22.8,23.25,24.04,23.64,21.93,22.56,23.34,24.01,21.67,20.58
2016-10-29T07:00,2016-10-29,7,23.23,23.75,24.53,23.94,22.62,23.2,23.66,24.34,21.93,21.01
2016-10-29T08:00,2016-10-29,8,24.66,25.09,25.32,24.65,24.71,24.82,24.64,24.97,23.78,23.77
2016-10-29T09:00,2016-10-29,9,25.94,25.91,26.47,25.71,26.09,26.54,25.9,26.02,25.65,25.72
2016-10-29T10:00,2016-10-29,10,27.28,27.3,27.4,27.08,27.36,27.53,27.12,27.07,27.44,27.24
2016-10-29T11:00,2016-10-29,11,28.22,28.31,28.17,27.92,28.26,28.2,28.2,27.75,28.52,28.26
2016-10-29T12:00,2016-10-29,12,28.79,29.02,28.67,28.32,28.94,28.77,28.93,27.68,29.04,28.87
2016-10-29T13:00,2016-10-29,13,29.59,29.82,29.2,30.07,29.63,29.95,29.58,29.12,29.52,28.84
2016-10-29T14:00,2016-10-29,14,29.63,30.02,28.38,30.08,29.68,29.94,29.59,29.22,29.69,29.06
2016-10-29T15:00,2016-10-29,15,28.86,29.06,27.55,28.51,29.03,28.8,29.14,28.43,29.44,28.93
2016-10-29T16:00,2016-10-29,16,28.24,28.73,26.91,27.44,28.48,27.88,28.44,27.1,29.01,28.49
2016-10-29T17:00,2016-10-29,17,27.3,27.89,26.43,26.34,27.72,26.53,27.5,26.24,27.9,27.44
2016-10-29T18:00,2016-10-29,18,26.17,26.72,25.52,25.27,26.64,25.47,26.57,25.68,26.53,25.85
2016-10-29T19:00,2016-10-29,19,25.26,25.76,25.1,24.61,25.38,24.79,25.57,25.33,25.36,24.54
2016-10-29T20:00,2016-10-29,20,24.55,25.01,24.66,24.07,24.62,24.07,25.05,25.17,24.3,23.52
2016-10-29T21:00,2016-10-29,21,24.06,24.52,24.51,23.75,24.07,23.73,24.54,24.91,23.4,22.85
2016-10-29T22:00,2016-10-29,22,23.63,24.17,24.28,23.51,23.55,23.37,24.14,24.56,22.76,22.11
2016-10-29T23:00,2016-10-29,23,23.34,24.03,24.09,23.32,23.17,22.98,23.86,24.54,22.32,21.4
2016-10-30T00:00,2016-10-30,0,23.09,23.8,23.8,23.09,22.77,22.89,23.85,24.42,21.99,20.85
2016-10-30T01:00,2016-10-30,1,23.17,24.09,23.85,23.09,22.94,23.08,23.97,24.41,21.66,20.87
2016-10-30T02:00,2016-10-30,2,23.02,23.95,23.75,22.97,22.62,23.25,23.75,24.37,21.48,20.55
2016-10-30T03:00,2016-10-30,3,22.83,23.78,23.7,22.92,22.3,22.92,23.54,24.3,21.32,20.21
2016-10-30T04:00,2016-10-30,4,22.63,23.38,23.61,22.81,22.3,22.69,23.39,24.26,21.22,19.94
2016-10-30T05:00,2016-10-30,5,22.51,23.19,23.72,22.82,22.2,22.55,23.24,24.18,21.04,19.74
2016-10-30T06:00,2016-10-30,6,22.39,23.11,23.81,22.78,22.07,22.38,23.02,24.27,20.81,19.43
2016-10-30T07:00,2016-10-30,7,22.82,23.54,24.28,23.13,22.65,23.09,23.29,24.58,21.2,19.9
2016-10-30T08:00,2016-10-30,8,24.53,24.94,25.19,24.43,24.74,24.14,24.6,25.49,23.81,23.4
2016-10-30T09:00,2016-10-30,9,25.89,26.02,25.96,25.73,26.17,25.48,25.79,26.38,25.77,25.7
2016-10-30T10:00,2016-10-30,10,27.06,26.94,26.82,26.99,27.37,26.45,27.1,27.27,27.34,27.33
2016-10-30T11:00,2016-10-30,11,28.08,27.95,27.61,28.08,28.32,27.31,28.24,28.18,28.5,28.4
2016-10-30T12:00,2016-10-30,12,28.72,28.57,28.12,28.82,28.74,28.04,28.99,28.63,29.22,29.08
2016-10-30T13:00,2016-10-30,13,28.93,28.81,28.53,29.16,28.9,28.89,29.09,28.48,29.15,29.23
2016-10-30T14:00,2016-10-30,14,29.04,28.79,28.45,29.42,29.02,29.12,29.17,28.53,29.34,29.48
2016-10-30T15:00,2016-10-30,15,29.02,28.96,28.29,29.38,28.9,29.1,29.12,27.99,29.34,29.48
2016-10-30T16:00,2016-10-30,16,28.53,28.67,27.75,28.75,28.2,28.81,28.47,27.34,28.71,29.09
2016-10-30T17:00,2016-10-30,17,27.59,28.07,27.05,27.81,27.42,27.67,26.82,26.55,27.52,28.02
2016-10-30T18:00,2016-10-30,18,26.59,27.05,26.44,26.98,26.67,26.4,26.1,25.99,26.22,26.43
2016-10-30T19:00,2016-10-30,19,25.8,26.19,25.85,26.19,26.2,25.46,25.61,25.78,25.34,24.97
2016-10-30T20:00,2016-10-30,20,25.24,25.48,25.56,25.75,25.8,25.08,25.25,25.51,24.7,23.98
2016-10-30T21:00,2016-10-30,21,24.97,25.48,25.28,25.53,25.27,24.97,24.94,25.28,24.3,23.2
2016-10-30T22:00,2016-10-30,22,24.49,24.75,25.12,25.18,24.65,24.46,24.74,24.97,23.95,22.55
2016-10-30T23:00,2016-10-30,23,24.08,24.31,25.02,24.78,24.19,23.83,24.42,24.69,23.57,21.94
2016-10-31T00:00,2016-10-31,0,23.99,24.3,25.3,24.52,24.06,23.58,24.16,24.71,23.48,21.74
2016-10-31T01:00,2016-10-31,1,23.9,24.06,24.51,24.5,23.86,23.86,24.02,24.73,23.95,21.77
2016-10-31T02:00,2016-10-31,2,23.51,23.63,24.18,23.79,23.67,23.43,23.81,24.11,23.6,21.6
2016-10-31T03:00,2016-10-31,3,23.26,23.54,23.89,23.44,23.33,23.02,23.6,23.94,23.11,21.47
2016-10-31T04:00,2016-10-31,4,23.05,23.25,23.77,23.33,23.31,22.63,23.44,24.03,22.64,21.29
2016-10-31T05:00,2016-10-31,5,22.95,23.23,23.77,23.25,23.15,22.42,23.47,24.15,22.37,20.98
2016-10-31T06:00,2016-10-31,6,22.88,23.1,23.82,23.16,23.03,22.41,23.42,24.24,22.24,20.89
2016-10-31T07:00,2016-10-31,7,23.44,23.67,24.57,23.87,23.5,23.27,23.88,24.51,22.71,21.32
2016-10-31T08:00,2016-10-31,8,25.36,25.6,26.06,25.78,25.64,25.07,25.24,25.82,25.0,24.03
2016-10-31T09:00,2016-10-31,9,26.82,27.16,27.12,27.26,27.01,26.7,26.53,26.65,26.49,25.9
2016-10-31T10:00,2016-10-31,10,28.09,28.36,28.25,28.5,28.21,27.99,27.67,27.57,27.98,27.61
2016-10-31T11:00,2016-10-31,11,29.07,29.39,29.15,29.43,29.09,29.08,28.55,28.21,29.08,28.72
2016-10-31T12:00,2016-10-31,12,29.65,29.92,29.59,29.95,29.66,29.75,29.11,28.78,29.64,29.59
2016-10-31T13:00,2016-10-31,13,30.49,30.85,30.13,30.82,30.5,30.51,30.11,29.69,30.45,30.33
2016-10-31T14:00,2016-10-31,14,30.59,31.01,30.2,30.9,30.7,30.67,29.96,29.65,30.51,30.56
2016-10-31T15:00,2016-10-31,15,30.34,30.79,29.8,30.79,30.59,30.57,28.98,29.49,30.44,30.52
2016-10-31T16:00,2016-10-31,16,29.58,29.86,29.03,30.25,30.04,30.09,27.86,28.97,29.36,30.16
2016-10-31T17:00,2016-10-31,17,28.64,28.95,28.08,29.18,28.92,28.96,27.36,28.02,28.54,29.04
2016-10-31T18:00,2016-10-31,18,27.56,27.87,27.59,28.23,27.55,27.62,26.59,27.02,27.39,27.46
2016-10-31T19:00,2016-10-31,19,26.71,27.06,26.97,27.52,26.57,26.54,25.96,26.13,26.62,26.08
2016-10-31T20:00,2016-10-31,20,25.97,26.33,25.88,26.47,25.99,25.74,25.59,25.55,26.03,25.18
2016-10-31T21:00,2016-10-31,21,25.39,25.78,25.55,25.88,25.18,24.99,25.14,25.17,25.52,24.33
2016-10-31T22:00,2016-10-31,22,24.96,25.42,25.28,25.47,24.61,24.55,24.66,24.89,25.02,23.68
2016-10-31T23:00,2016-10-31,23,24.6,25.02,25.36,25.1,24.14,24.46,24.33,24.63,24.48,23.13
2016-11-01T00:00,2016-11-01,0,24.35,24.76,25.38,24.86,23.97,24.34,24.15,24.46,24.04,22.66
2016-11-01T01:00,2016-11-01,1,24.31,24.71,25.18,24.79,23.95,24.43,24.51,24.3,23.95,22.42
2016-11-01T02:00,2016-11-01,2,24.1,24.58,24.89,24.54,23.66,24.47,24.29,24.04,23.64,22.16
2016-11-01T03:00,2016-11-01,3,23.78,24.34,24.51,24.3,23.31,23.89,23.76,23.83,23.36,21.91
2016-11-01T04:00,2016-11-01,4,23.61,24.53,23.98,24.04,23.08,23.28,23.61,23.69,23.1,21.57
2016-11-01T05:00,2016-11-01,5,23.49,24.57,23.83,23.89,22.91,22.8,23.44,23.77,22.98,21.34
2016-11-01T06:00,2016-11-01,6,23.27,24.07,23.8,23.8,22.6,22.5,23.36,23.88,22.84,21.27
2016-11-01T07:00,2016-11-01,7,23.8,24.61,24.58,24.33,23.38,23.42,23.67,24.44,23.27,21.5
2016-11-01T08:00,2016-11-01,8,25.88,26.55,26.04,26.26,26.09,25.69,25.14,26.27,25.62,24.42
2016-11-01T09:00,2016-11-01,9,27.46,28.01,27.43,27.83,27.62,27.39,26.67,27.63,27.24,26.55
2016-11-01T10:00,2016-11-01,10,28.76,29.21,28.66,29.18,28.82,28.69,27.97,28.79,28.62,28.18
2016-11-01T11:00,2016-11-01,11,29.71,30.11,29.62,30.05,29.6,29.5,29.06,29.59,29.66,29.38
2016-11-01T12:00,2016-11-01,12,30.36,30.74,30.3,30.62,30.23,30.16,29.8,30.03,30.34,30.15
2016-11-01T13:00,2016-11-01,13,30.79,31.15,30.82,31.15,30.56,30.84,30.44,30.53,30.63,30.3
2016-11-01T14:00,2016-11-01,14,30.88,31.18,30.84,31.25,30.73,30.96,30.66,30.56,30.69,30.44
2016-11-01T15:00,2016-11-01,15,30.78,31.13,30.57,31.08,30.63,30.77,30.62,30.41,30.64,30.35
2016-11-01T16:00,2016-11-01,16,29.86,29.79,29.89,29.85,29.58,30.17,29.66,29.72,30.15,29.95
2016-11-01T17:00,2016-11-01,17,28.83,28.86,28.75,29.06,28.51,28.81,28.47,28.73,29.17,28.77
2016-11-01T18:00,2016-11-01,18,27.74,27.95,28.03,27.96,27.31,27.37,27.56,27.74,27.77,27.38
2016-11-01T19:00,2016-11-01,19,26.82,27.07,27.6,27.12,26.32,26.37,26.81,26.95,26.45,26.21
2016-11-01T20:00,2016-11-01,20,26.11,26.38,27.26,26.58,25.39,25.5,26.23,26.36,25.66,25.16
2016-11-01T21:00,2016-11-01,21,25.53,25.85,26.76,25.9,24.78,24.8,25.86,25.78,25.07,24.33
2016-11-01T22:00,2016-11-01,22,25.03,25.39,26.35,25.46,24.25,24.35,25.33,25.29,24.49,23.69
2016-11-01T23:00,2016-11-01,23,24.6,24.98,25.64,25.13,23.7,24.11,24.83,25.03,24.14,23.19
2016-11-02T00:00,2016-11-02,0,24.27,24.73,24.77,24.83,23.11,24.02,24.58,24.87,23.93,22.84
2016-11-02T01:00,2016-11-02,1,24.36,24.69,25.78,24.83,23.4,24.51,24.2,24.78,24.05,22.75
2016-11-02T02:00,2016-11-02,2,24.1,24.49,25.08,24.44,23.2,24.19,24.1,24.58,23.82,22.62
2016-11-02T03:00,2016-11-02,3,23.81,24.09,24.7,24.14,23.02,23.75,23.9,24.48,23.6,22.42
2016-11-02T04:00,2016-11-02,4,23.53,23.63,24.45,23.83,23.13,23.13,23.84,24.34,23.46,22.04
2016-11-02T05:00,2016-11-02,5,23.33,23.37,24.46,23.67,22.65,23.14,23.73,24.15,23.21,21.82
2016-11-02T06:00,2016-11-02,6,23.24,23.28,24.45,23.56,22.69,22.79,23.57,24.07,23.15,21.83
2016-11-02T07:00,2016-11-02,7,23.64,23.71,25.23,24.05,23.0,23.23,23.82,24.45,23.44,22.08
2016-11-02T08:00,2016-11-02,8,25.56,25.83,26.52,25.65,25.29,25.61,25.57,25.87,25.24,24.4
2016-11-02T09:00,2016-11-02,9,27.24,27.54,28.13,27.39,26.91,27.42,27.03,27.3,26.91,26.26
2016-11-02T10:00,2016-11-02,10,28.73,28.93,29.63,29.07,28.35,28.79,28.47,28.53,28.61,27.89
2016-11-02T11:00,2016-11-02,11,29.86,30.08,30.41,30.26,29.45,29.9,29.69,29.63,29.84,29.01
2016-11-02T12:00,2016-11-02,12,30.52,30.69,30.77,30.88,30.17,30.57,30.39,30.31,30.61,29.8
2016-11-02T13:00,2016-11-02,13,31.06,31.24,31.45,31.43,30.99,31.3,30.61,30.35,31.0,30.68
2016-11-02T14:00,2016-11-02,14,31.06,31.13,31.11,31.36,31.14,31.23,30.6,30.42,31.2,30.94
2016-11-02T15:00,2016-11-02,15,30.75,30.55,30.63,31.17,30.87,31.02,30.39,30.27,31.1,30.85
2016-11-02T16:00,2016-11-02,16,30.2,30.17,29.71,30.59,30.33,30.36,29.61,29.81,30.58,30.39
2016-11-02T17:00,2016-11-02,17,29.24,29.42,28.69,29.52,29.18,28.97,28.91,29.06,29.57,29.2
2016-11-02T18:00,2016-11-02,18,28.05,28.28,27.68,28.37,28.14,27.63,28.18,27.99,28.07,27.51
2016-11-02T19:00,2016-11-02,19,27.02,27.26,26.97,27.29,27.42,26.23,27.42,27.46,26.71,26.08
2016-11-02T20:00,2016-11-02,20,26.29,26.5,26.35,26.65,26.43,25.46,26.94,27.02,25.98,25.01
2016-11-02T21:00,2016-11-02,21,25.62,25.85,25.99,26.03,25.04,24.96,26.59,26.26,25.31,24.17
2016-11-02T22:00,2016-11-02,22,25.11,25.42,25.58,25.6,24.19,24.56,26.15,25.54,24.73,23.6
2016-11-02T23:00,2016-11-02,23,24.75,25.06,25.46,25.3,23.67,24.29,25.8,25.09,24.26,23.2
2016-11-03T00:00,2016-11-03,0,24.48,24.76,25.74,24.97,23.39,23.92,25.41,24.9,23.93,22.83
2016-11-03T01:00,2016-11-03,1,24.48,24.84,26.28,25.16,23.78,24.13,24.58,24.98,23.79,22.53
2016-11-03T02:00,2016-11-03,2,24.21,24.57,25.45,24.96,23.67,24.03,24.44,24.98,23.58,22.07
2016-11-03T03:00,2016-11-03,3,23.92,24.24,24.89,24.72,23.54,23.62,24.36,24.93,23.3,21.6
2016-11-03T04:00,2016-11-03,4,23.73,24.11,24.75,24.51,23.01,23.42,24.22,24.84,23.06,21.51
2016-11-03T05:00,2016-11-03,5,23.64,24.14,24.74,24.49,23.11,22.83,24.13,24.97,22.8,21.21
2016-11-03T06:00,2016-11-03,6,23.43,24.0,24.67,24.29,22.79,22.65,24.02,25.03,22.5,20.56
2016-11-03T07:00,2016-11-03,7,23.9,24.52,25.41,24.94,23.24,23.41,24.37,25.52,22.69,20.73
2016-11-03T08:00,2016-11-03,8,26.1,26.7,27.42,26.89,25.29,25.6,26.15,27.11,25.07,24.12
2016-11-03T09:00,2016-11-03,9,27.8,28.32,28.8,28.44,27.04,27.33,27.69,28.36,27.04,26.47
2016-11-03T10:00,2016-11-03,10,29.18,29.59,29.76,29.56,28.58,28.77,29.12,29.41,28.79,28.28
2016-11-03T11:00,2016-11-03,11,30.08,30.48,30.21,30.22,29.72,29.72,29.99,29.85,30.06,29.51
2016-11-03T12:00,2016-11-03,12,30.61,30.96,30.4,30.56,30.5,30.4,30.46,29.98,30.83,30.44
2016-11-03T13:00,2016-11-03,13,31.17,31.32,31.33,31.25,31.02,31.2,30.88,30.26,31.44,31.11
2016-11-03T14:00,2016-11-03,14,30.93,31.02,30.55,30.73,31.07,31.27,30.74,29.51,31.48,31.22
2016-11-03T15:00,2016-11-03,15,30.44,30.31,29.76,30.36,30.77,31.03,29.85,29.43,31.13,31.08
2016-11-03T16:00,2016-11-03,16,29.82,29.99,29.17,29.61,30.35,30.37,28.62,29.16,30.21,30.53
2016-11-03T17:00,2016-11-03,17,28.99,29.33,28.56,28.98,29.26,29.08,27.72,28.52,29.32,29.41
2016-11-03T18:00,2016-11-03,18,27.95,28.3,27.7,28.17,27.9,27.9,26.88,27.76,28.1,28.1
2016-11-03T19:00,2016-11-03,19,27.09,27.38,27.16,27.46,26.74,26.9,26.34,27.13,27.23,26.86
2016-11-03T20:00,2016-11-03,20,26.49,26.81,26.9,27.09,25.92,26.37,25.9,26.71,26.41,25.74
2016-11-03T21:00,2016-11-03,21,26.1,26.42,27.31,26.72,25.52,25.94,25.66,26.43,25.84,24.75
2016-11-03T22:00,2016-11-03,22,25.69,26.25,26.56,26.52,24.89,25.44,25.46,26.09,25.38,23.74
2016-11-03T23:00,2016-11-03,23,25.33,26.08,26.38,26.17,24.36,24.96,25.17,26.0,24.94,22.83
2016-11-04T00:00,2016-11-04,0,25.04,25.89,26.21,25.91,23.99,25.02,24.89,25.77,24.57,22.04
2016-11-04T01:00,2016-11-04,1,24.78,25.88,25.59,25.58,23.79,24.36,25.19,25.71,23.91,21.45
2016-11-04T02:00,2016-11-04,2,24.6,25.72,25.48,25.48,23.76,24.05,25.11,25.64,23.62,21.07
2016-11-04T03:00,2016-11-04,3,24.35,25.45,25.37,25.15,23.69,23.65,24.79,25.52,23.43,20.69
2016-11-04T04:00,2016-11-04,4,24.08,25.19,25.09,24.66,23.69,23.27,24.27,25.3,23.24,20.67
2016-11-04T05:00,2016-11-04,5,23.7,24.77,24.39,24.05,23.41,22.92,23.96,25.07,22.9,20.68
2016-11-04T06:00,2016-11-04,6,23.48,24.46,24.06,23.57,23.52,22.76,23.66,24.67,22.8,20.76
2016-11-04T07:00,2016-11-04,7,23.48,24.29,23.93,23.32,23.87,22.88,23.55,24.3,23.32,21.05
2016-11-04T08:00,2016-11-04,8,24.06,24.35,23.96,23.42,25.16,23.12,23.87,24.2,24.67,23.33
2016-11-04T09:00,2016-11-04,9,24.79,24.62,24.14,23.61,26.02,23.74,24.49,24.47,26.12,25.81
2016-11-04T10:00,2016-11-04,10,25.46,24.85,24.46,23.8,26.56,24.67,25.24,24.67,27.44,27.74
2016-11-04T11:00,2016-11-04,11,26.03,25.29,24.95,23.97,26.97,25.16,25.67,24.94,28.54,29.01
2016-11-04T12:00,2016-11-04,12,26.31,25.58,24.96,23.99,27.17,25.59,26.02,25.16,28.75,29.75
2016-11-04T13:00,2016-11-04,13,26.91,26.55,24.96,24.79,27.16,26.09,26.55,25.19,29.4,30.52
2016-11-04T14:00,2016-11-04,14,26.92,26.57,24.97,24.76,27.07,26.27,26.57,25.14,29.42,30.5
2016-11-04T15:00,2016-11-04,15,26.56,26.05,24.76,24.65,27.05,26.27,26.08,24.96,28.53,30.32
2016-11-04T16:00,2016-11-04,16,26.21,25.73,24.63,24.52,26.52,25.98,25.72,24.86,27.97,29.73
2016-11-04T17:00,2016-11-04,17,25.56,25.13,24.41,24.17,25.47,25.45,25.18,24.71,27.0,28.44
2016-11-04T18:00,2016-11-04,18,24.95,24.79,24.23,23.87,24.84,24.52,24.73,24.47,25.95,26.83
2016-11-04T19:00,2016-11-04,19,24.48,24.56,24.11,23.61,24.38,23.89,24.54,24.34,25.05,25.38
2016-11-04T20:00,2016-11-04,20,24.14,24.38,24.07,23.4,23.98,23.43,24.35,24.17,24.49,24.33
2016-11-04T21:00,2016-11-04,21,23.87,24.21,24.06,23.2,23.62,23.02,24.23,23.99,24.08,23.67
2016-11-04T22:00,2016-11-04,22,23.63,24.02,23.96,23.07,23.46,22.74,24.05,23.85,23.71,23.03
2016-11-04T23:00,2016-11-04,23,23.41,23.83,23.94,23.01,23.29,22.55,23.86,23.68,23.34,22.45
2016-11-05T00:00,2016-11-05,0,23.21,23.67,23.85,22.94,22.9,22.41,23.69,23.63,23.09,21.93
2016-11-05T01:00,2016-11-05,1,23.07,23.53,23.85,22.91,23.13,22.72,23.35,23.44,22.7,21.57
2016-11-05T02:00,2016-11-05,2,22.97,23.4,23.87,22.96,23.04,22.7,23.05,23.48,22.68,21.24
2016-11-05T03:00,2016-11-05,3,22.84,23.3,23.73,22.89,22.76,22.63,22.87,23.43,22.59,21.02
2016-11-05T04:00,2016-11-05,4,22.75,23.27,23.63,22.86,22.63,22.59,22.73,23.4,22.38,20.85
2016-11-05T05:00,2016-11-05,5,22.69,23.2,23.55,22.83,22.6,22.46,22.63,23.29,22.22,21.07
2016-11-05T06:00,2016-11-05,6,22.64,23.15,23.42,22.81,22.48,22.36,22.56,23.24,22.1,21.22
2016-11-05T07:00,2016-11-05,7,22.8,23.2,23.29,22.89,22.86,22.47,22.59,23.24,22.46,21.86
2016-11-05T08:00,2016-11-05,8,23.23,23.42,23.41,23.02,23.74,22.83,22.95,23.39,23.56,22.5
2016-11-05T09:00,2016-11-05,9,23.9,23.95,23.7,23.38,24.82,23.43,23.48,23.64,24.85,23.66
2016-11-05T10:00,2016-11-05,10,24.4,24.25,23.92,23.36,25.42,23.82,23.84,23.64,25.82,25.25
2016-11-05T11:00,2016-11-05,11,24.81,24.51,24.39,23.36,26.07,24.13,23.97,23.67,26.49,26.56
2016-11-05T12:00,2016-11-05,12,25.12,24.84,24.84,23.26,26.22,24.38,24.22,23.68,26.85,27.54
2016-11-05T13:00,2016-11-05,13,24.4,23.85,24.77,23.2,24.36,24.12,23.5,23.18,25.59,27.19
2016-11-05T14:00,2016-11-05,14,24.27,23.63,24.31,22.86,24.11,24.01,23.47,23.06,25.72,27.55
2016-11-05T15:00,2016-11-05,15,24.09,23.43,24.0,22.56,23.86,23.82,23.52,22.87,25.5,27.48
2016-11-05T16:00,2016-11-05,16,23.84,23.14,23.67,22.27,23.69,23.4,23.47,22.65,25.34,27.15
2016-11-05T17:00,2016-11-05,17,23.4,22.81,23.36,21.87,23.36,23.07,23.08,22.41,24.74,26.24
2016-11-05T18:00,2016-11-05,18,22.81,22.36,23.13,21.52,22.92,22.64,22.48,22.02,23.72,24.9
2016-11-05T19:00,2016-11-05,19,22.42,22.04,22.95,21.28,22.58,22.31,22.07,21.81,23.2,23.96
2016-11-05T20:00,2016-11-05,20,22.14,21.83,22.83,21.15,22.3,22.18,21.77,21.73,22.68,23.34
2016-11-05T21:00,2016-11-05,21,21.93,21.65,22.83,21.12,22.01,22.07,21.64,21.77,22.25,22.68
2016-11-05T22:00,2016-11-05,22,21.74,21.47,22.87,21.12,21.67,21.96,21.45,21.88,21.94,22.15
2016-11-05T23:00,2016-11-05,23,21.65,21.41,23.0,21.17,21.45,21.9,21.36,22.18,21.65,21.75
2016-11-06T00:00,2016-11-06,0,21.59,21.37,23.07,21.25,21.23,21.85,21.29,22.54,21.33,21.51
2016-11-06T01:00,2016-11-06,1,21.14,21.18,22.71,20.46,20.73,21.22,21.01,20.85,21.25,20.89
2016-11-06T02:00,2016-11-06,2,20.93,21.07,22.71,20.46,20.41,20.84,20.97,20.83,20.81,20.25
2016-11-06T03:00,2016-11-06,3,20.82,20.83,22.7,20.47,20.48,20.71,20.9,20.89,20.61,20.13
2016-11-06T04:00,2016-11-06,4,20.71,20.67,22.79,20.6,20.34,20.6,20.85,21.01,20.32,19.8
2016-11-06T05:00,2016-11-06,5,20.66,20.54,22.79,20.73,20.32,20.38,20.81,21.12,20.1,19.82
2016-11-06T06:00,2016-11-06,6,20.64,20.46,22.87,20.81,20.27,20.3,20.8,21.21,19.98,19.9
2016-11-06T07:00,2016-11-06,7,20.84,20.59,23.2,20.9,20.6,20.4,20.97,21.29,20.4,20.15
2016-11-06T08:00,2016-11-06,8,21.84,21.42,23.72,21.13,22.19,20.72,21.94,21.58,22.2,22.33
2016-11-06T09:00,2016-11-06,9,23.0,22.37,24.63,21.36,23.45,21.03,23.34,22.16,24.31,24.62
2016-11-06T10:00,2016-11-06,10,23.96,22.97,25.58,21.81,24.35,21.12,24.88,23.01,25.94,26.36
2016-11-06T11:00,2016-11-06,11,24.74,23.5,26.22,22.37,24.9,21.25,26.13,24.31,27.16,27.53
2016-11-06T12:00,2016-11-06,12,25.41,23.94,26.54,23.19,25.45,21.71,27.2,25.28,27.94,28.4
2016-11-06T13:00,2016-11-06,13,26.09,25.78,26.08,24.29,26.7,23.37,26.69,25.27,27.5,28.42
2016-11-06T14:00,2016-11-06,14,26.16,25.79,26.05,24.44,26.68,23.35,26.86,25.4,27.74,28.46
2016-11-06T15:00,2016-11-06,15,26.07,25.65,25.74,24.41,26.57,23.17,26.96,25.52,27.74,28.25
2016-11-06T16:00,2016-11-06,16,25.77,25.38,25.28,24.19,26.24,23.15,26.58,25.15,27.37,27.98
2016-11-06T17:00,2016-11-06,17,25.12,24.72,24.81,23.58,25.28,22.97,25.93,24.76,26.62,27.02
2016-11-06T18:00,2016-11-06,18,24.28,23.77,24.31,22.93,24.2,22.73,25.12,24.38,25.72,25.56
2016-11-06T19:00,2016-11-06,19,23.73,23.16,24.17,22.49,23.46,22.59,24.65,24.07,24.92,24.61
2016-11-06T20:00,2016-11-06,20,23.2,22.58,24.03,22.15,22.99,22.1,24.13,23.66,24.22,23.79
2016-11-06T21:00,2016-11-06,21,22.83,22.07,23.97,21.96,22.76,21.98,23.56,23.31,23.8,23.32
2016-11-06T22:00,2016-11-06,22,22.52,21.67,24.19,21.75,22.59,21.71,23.12,22.96,23.43,22.8
2016-11-06T23:00,2016-11-06,23,22.28,21.48,24.51,21.56,22.09,21.62,22.75,22.64,23.02,22.37
2016-11-07T00:00,2016-11-07,0,22.02,21.24,24.55,21.44,21.63,21.61,22.59,22.41,22.56,21.8
2016-11-07T01:00,2016-11-07,1,21.78,21.17,24.45,21.52,21.08,21.47,22.26,22.16,22.0,21.25
2016-11-07T02:00,2016-11-07,2,21.71,21.33,24.35,21.4,21.12,21.58,22.12,21.96,21.65,20.91
2016-11-07T03:00,2016-11-07,3,21.63,21.45,24.29,21.35,21.0,21.57,22.23,21.71,21.32,20.45
2016-11-07T04:00,2016-11-07,4,21.5,21.51,24.15,21.24,20.92,21.47,22.13,21.5,21.07,19.9
2016-11-07T05:00,2016-11-07,5,21.39,21.54,23.92,21.19,20.81,21.37,22.27,21.47,20.74,19.42
2016-11-07T06:00,2016-11-07,6,21.26,21.66,23.61,21.15,20.68,21.15,22.22,21.46,20.27,19.03
2016-11-07T07:00,2016-11-07,7,21.42,21.8,23.37,21.43,20.97,21.56,22.25,21.9,20.33,19.31
2016-11-07T08:00,2016-11-07,8,22.8,22.92,23.49,22.73,22.5,23.23,23.1,22.98,22.26,22.21
2016-11-07T09:00,2016-11-07,9,24.25,24.15,23.93,24.05,24.2,24.63,24.46,24.37,24.24,24.56
2016-11-07T10:00,2016-11-07,10,25.66,25.61,24.19,25.43,25.83,25.78,25.87,25.66,26.02,26.43
2016-11-07T11:00,2016-11-07,11,26.83,26.83,24.76,26.71,27.11,26.76,27.0,26.65,27.42,27.69
2016-11-07T12:00,2016-11-07,12,27.64,27.68,25.4,27.36,28.01,27.55,27.79,27.5,28.37,28.54
2016-11-07T13:00,2016-11-07,13,27.58,27.31,26.44,26.29,27.85,27.84,28.1,27.32,28.53,28.8
2016-11-07T14:00,2016-11-07,14,27.63,27.37,26.59,26.45,27.84,27.84,27.96,27.26,28.55,28.98
2016-11-07T15:00,2016-11-07,15,27.5,27.23,26.36,26.37,27.8,27.59,27.79,27.28,28.42,28.87
2016-11-07T16:00,2016-11-07,16,27.2,27.09,26.08,26.29,27.32,27.01,27.3,27.01,28.09,28.42
2016-11-07T17:00,2016-11-07,17,26.45,26.38,25.45,25.84,26.51,25.99,26.59,26.33,27.25,27.32
2016-11-07T18:00,2016-11-07,18,25.44,25.38,24.89,25.27,25.49,24.82,25.61,25.3,26.04,25.76
2016-11-07T19:00,2016-11-07,19,24.67,24.56,24.46,24.58,24.79,24.05,25.2,24.42,25.05,24.63
2016-11-07T20:00,2016-11-07,20,24.01,23.75,24.21,24.02,24.27,23.38,24.72,24.34,24.22,23.62
2016-11-07T21:00,2016-11-07,21,23.54,23.17,24.3,23.5,23.97,22.94,24.32,24.31,23.62,22.71
2016-11-07T22:00,2016-11-07,22,23.2,22.92,24.24,23.21,23.44,22.57,24.04,23.67,23.29,22.1
2016-11-07T23:00,2016-11-07,23,22.86,22.8,23.92,23.07,22.64,22.31,23.94,22.83,22.83,21.37
2016-11-08T00:00,2016-11-08,0,22.63,22.67,23.69,23.0,22.22,22.13,23.74,22.73,22.58,20.77
2016-11-08T01:00,2016-11-08,1,22.13,22.04,22.55,22.78,21.84,22.07,23.15,22.27,22.16,20.37
2016-11-08T02:00,2016-11-08,2,21.91,21.9,22.39,22.3,21.69,21.84,22.77,22.0,22.04,20.26
2016-11-08T03:00,2016-11-08,3,21.68,21.74,22.35,22.06,21.57,21.55,22.33,21.77,21.62,20.06
2016-11-08T04:00,2016-11-08,4,21.41,21.41,22.21,21.89,21.32,21.48,22.1,21.65,21.11,19.75
2016-11-08T05:00,2016-11-08,5,21.23,21.12,22.08,22.07,21.2,21.46,21.94,21.57,20.78,19.39
2016-11-08T06:00,2016-11-08,6,21.05,20.84,22.0,22.08,20.97,21.54,21.9,21.51,20.34,19.16
2016-11-08T07:00,2016-11-08,7,21.25,21.12,22.46,22.12,21.36,21.88,21.85,21.76,20.32,19.39
2016-11-08T08:00,2016-11-08,8,23.07,22.9,24.0,23.89,22.88,22.68,22.9,23.82,22.67,22.43
2016-11-08T09:00,2016-11-08,9,24.7,24.57,25.55,25.27,24.32,23.85,24.4,25.09,24.61,24.7
2016-11-08T10:00,2016-11-08,10,26.08,26.1,26.6,26.41,25.57,25.13,25.58,26.08,26.33,26.46
2016-11-08T11:00,2016-11-08,11,27.05,27.1,27.3,27.19,26.21,26.19,26.62,26.79,27.69,27.57
2016-11-08T12:00,2016-11-08,12,27.66,27.64,27.8,27.87,27.01,27.09,27.18,27.33,28.36,28.01
2016-11-08T13:00,2016-11-08,13,27.9,27.82,27.94,28.18,27.03,27.12,27.98,27.86,28.51,28.09
2016-11-08T14:00,2016-11-08,14,27.99,27.95,27.9,28.19,27.09,27.18,28.07,27.95,28.72,28.17
2016-11-08T15:00,2016-11-08,15,27.84,27.78,27.49,28.02,27.16,27.27,27.87,27.67,28.6,28.06
2016-11-08T16:00,2016-11-08,16,27.43,27.39,26.91,27.52,26.92,27.05,27.4,27.19,28.18,27.72
2016-11-08T17:00,2016-11-08,17,26.39,26.37,25.96,26.39,26.17,26.12,26.05,26.13,27.12,26.72
2016-11-08T18:00,2016-11-08,18,25.05,25.12,24.71,24.79,25.05,24.88,24.68,24.82,25.53,25.46
2016-11-08T19:00,2016-11-08,19,24.06,24.02,24.98,23.75,24.03,24.11,23.43,23.65,24.22,24.39
2016-11-08T20:00,2016-11-08,20,23.24,23.16,24.48,23.04,23.3,23.45,22.46,22.83,23.39,23.34
2016-11-08T21:00,2016-11-08,21,22.59,22.6,23.7,22.5,22.77,22.94,21.59,21.95,22.9,22.41
2016-11-08T22:00,2016-11-08,22,22.02,22.22,22.16,21.77,22.7,22.48,20.92,21.43,22.09,22.2
2016-11-08T23:00,2016-11-08,23,21.53,21.62,21.73,21.32,22.27,21.99,20.49,21.3,21.54,21.73
2016-11-09T00:00,2016-11-09,0,21.22,21.18,21.65,21.31,21.81,21.68,20.26,21.33,20.96,21.42
2016-11-09T01:00,2016-11-09,1,20.87,21.09,21.32,21.42,20.76,20.71,20.13,21.12,20.06,21.06
2016-11-09T02:00,2016-11-09,2,20.56,20.77,21.25,20.8,20.56,20.3,19.97,20.97,19.7,20.76
2016-11-09T03:00,2016-11-09,3,20.2,20.38,21.24,20.39,20.21,19.98,19.63,20.67,19.27,20.22
2016-11-09T04:00,2016-11-09,4,19.95,20.15,21.34,20.19,19.87,19.79,19.23,20.45,18.96,19.81
2016-11-09T05:00,2016-11-09,5,19.78,20.11,21.39,20.03,19.46,19.27,18.85,20.15,18.98,19.58
2016-11-09T06:00,2016-11-09,6,19.52,19.85,21.25,19.67,19.22,19.02,18.39,19.95,18.69,19.57
2016-11-09T07:00,2016-11-09,7,20.04,20.46,21.62,20.31,19.84,19.67,18.97,20.36,18.97,19.92
2016-11-09T08:00,2016-11-09,8,22.35,22.25,23.4,22.83,22.21,22.32,22.16,23.25,21.33,22.25
2016-11-09T09:00,2016-11-09,9,24.33,24.12,25.06,24.97,24.02,24.41,24.08,24.82,23.76,24.41
2016-11-09T10:00,2016-11-09,10,26.03,25.93,26.58,26.51,25.69,25.88,25.87,26.16,25.72,26.09
2016-11-09T11:00,2016-11-09,11,27.08,27.01,27.37,27.39,26.58,26.97,27.08,27.1,27.03,27.15
2016-11-09T12:00,2016-11-09,12,27.65,27.52,27.8,27.89,27.24,27.61,27.85,27.7,27.64,27.66
2016-11-09T13:00,2016-11-09,13,27.91,27.84,27.97,28.13,27.67,28.22,27.84,27.79,28.02,27.73
2016-11-09T14:00,2016-11-09,14,28.01,27.92,27.88,28.09,27.97,28.36,27.95,27.84,28.25,27.96
2016-11-09T15:00,2016-11-09,15,27.88,27.9,27.37,27.95,27.93,28.09,27.84,27.7,28.18,27.81
2016-11-09T16:00,2016-11-09,16,27.42,27.46,26.75,27.44,27.51,27.51,27.28,27.2,27.79,27.52
2016-11-09T17:00,2016-11-09,17,26.33,26.42,25.69,26.08,26.13,26.05,26.15,26.0,26.99,26.76
2016-11-09T18:00,2016-11-09,18,24.93,25.05,24.59,24.33,25.0,24.24,24.52,24.89,25.82,25.38
2016-11-09T19:00,2016-11-09,19,23.83,23.88,23.97,23.09,24.06,22.89,23.43,24.02,24.73,24.06
2016-11-09T20:00,2016-11-09,20,23.02,22.88,23.96,22.49,23.04,22.38,22.51,23.35,23.79,23.07
2016-11-09T21:00,2016-11-09,21,22.48,22.39,23.83,22.05,22.06,22.24,22.02,22.75,22.9,22.4
2016-11-09T22:00,2016-11-09,22,22.08,22.17,23.34,21.91,21.38,21.72,21.55,22.3,22.17,22.04
2016-11-09T23:00,2016-11-09,23,21.77,22.13,23.1,21.37,20.8,21.19,21.4,21.7,21.7,21.8
2016-11-10T00:00,2016-11-10,0,21.33,21.51,22.85,20.8,20.19,20.85,21.25,21.16,21.38,21.42
2016-11-10T01:00,2016-11-10,1,20.9,20.85,23.25,20.06,19.47,20.35,20.79,20.46,21.6,20.98
2016-11-10T02:00,2016-11-10,2,20.57,20.53,23.08,19.73,19.13,20.2,20.49,20.45,21.19,20.27
2016-11-10T03:00,2016-11-10,3,20.22,20.1,22.97,19.27,18.94,20.23,20.23,20.15,20.71,19.74
2016-11-10T04:00,2016-11-10,4,19.78,19.45,22.84,18.82,18.66,20.06,20.06,19.77,19.9,19.45
2016-11-10T05:00,2016-11-10,5,19.58,19.14,22.65,18.49,18.57,19.99,19.79,19.51,19.85,19.4
2016-11-10T06:00,2016-11-10,6,19.39,18.97,22.32,18.23,18.46,19.75,19.82,19.2,19.81,19.05
2016-11-10T07:00,2016-11-10,7,19.9,19.7,22.65,19.14,19.09,20.37,20.11,19.89,19.78,19.29
2016-11-10T08:00,2016-11-10,8,22.44,22.15,24.77,22.73,21.94,23.12,22.28,22.91,21.27,22.2
2016-11-10T09:00,2016-11-10,9,24.61,24.61,25.99,24.98,24.7,25.1,23.67,24.73,23.73,24.61
2016-11-10T10:00,2016-11-10,10,26.22,26.31,27.0,26.57,26.44,26.36,25.05,26.19,25.8,26.4
2016-11-10T11:00,2016-11-10,11,27.26,27.26,27.86,27.41,27.35,27.41,26.41,27.18,27.15,27.52
2016-11-10T12:00,2016-11-10,12,27.76,27.71,28.35,27.92,27.87,28.04,27.06,27.59,27.7,27.87
2016-11-10T13:00,2016-11-10,13,28.08,28.07,28.44,28.16,28.27,28.56,27.47,27.76,28.02,28.18
2016-11-10T14:00,2016-11-10,14,28.16,28.17,28.15,28.2,28.37,28.79,27.63,27.82,28.16,28.29
2016-11-10T15:00,2016-11-10,15,28.0,27.99,27.63,28.01,28.29,28.6,27.47,27.69,28.07,28.31
2016-11-10T16:00,2016-11-10,16,27.51,27.49,26.99,27.43,27.75,28.09,27.02,27.21,27.75,27.92
2016-11-10T17:00,2016-11-10,17,26.33,26.24,25.88,26.14,26.45,26.95,25.85,25.84,26.74,26.94
2016-11-10T18:00,2016-11-10,18,24.76,24.48,24.72,24.5,24.52,25.59,24.31,23.93,25.52,25.48
2016-11-10T19:00,2016-11-10,19,23.61,23.42,23.55,23.18,23.11,24.81,23.29,22.75,24.26,24.24
2016-11-10T20:00,2016-11-10,20,22.86,22.89,23.16,22.4,22.19,23.82,22.47,22.12,23.19,23.35
2016-11-10T21:00,2016-11-10,21,22.21,22.35,23.49,21.63,21.6,23.08,21.75,21.46,21.97,22.49
2016-11-10T22:00,2016-11-10,22,21.82,22.05,23.6,21.24,21.11,22.46,21.36,20.93,21.56,21.74
2016-11-10T23:00,2016-11-10,23,21.44,21.8,23.26,20.98,20.76,22.01,20.9,20.57,21.09,21.14
2016-11-11T00:00,2016-11-11,0,21.05,21.42,23.0,20.49,20.43,21.61,20.58,20.12,20.66,20.67
2016-11-11T01:00,2016-11-11,1,21.12,20.73,23.05,20.86,21.01,21.58,21.0,21.44,20.97,20.8
2016-11-11T02:00,2016-11-11,2,20.96,20.38,22.71,20.63,20.68,21.56,21.35,21.51,20.88,20.67
2016-11-11T03:00,2016-11-11,3,20.71,20.13,22.09,20.37,20.01,21.25,21.44,21.31,20.65,20.57
2016-11-11T04:00,2016-11-11,4,20.31,19.75,21.2,19.88,19.67,20.63,21.49,21.13,20.13,20.39
2016-11-11T05:00,2016-11-11,5,19.95,19.52,20.79,19.17,18.81,20.3,21.45,20.99,19.68,20.07
2016-11-11T06:00,2016-11-11,6,19.6,19.2,20.54,18.21,18.49,20.31,21.18,20.81,19.52,19.66
2016-11-11T07:00,2016-11-11,7,20.03,19.74,21.26,18.81,19.12,20.88,21.25,20.8,19.72,19.98
2016-11-11T08:00,2016-11-11,8,22.72,22.88,23.75,21.9,22.31,23.22,22.84,22.33,22.59,22.62
2016-11-11T09:00,2016-11-11,9,24.58,24.72,25.22,24.57,24.52,24.56,24.11,24.43,24.32,24.64
2016-11-11T10:00,2016-11-11,10,26.02,26.26,26.33,26.16,26.02,25.7,25.35,25.93,25.95,26.03
2016-11-11T11:00,2016-11-11,11,26.93,27.03,27.13,26.97,26.97,26.58,26.26,26.73,27.16,27.16
2016-11-11T12:00,2016-11-11,12,27.39,27.42,27.57,27.47,27.36,27.16,26.76,27.24,27.63,27.68
2016-11-11T13:00,2016-11-11,13,27.62,27.71,27.54,27.61,27.24,27.67,27.3,27.43,27.85,27.87
2016-11-11T14:00,2016-11-11,14,27.67,27.71,27.45,27.62,27.38,27.87,27.32,27.42,27.94,28.04
2016-11-11T15:00,2016-11-11,15,27.53,27.57,27.0,27.41,27.31,27.7,27.34,27.35,27.89,27.92
2016-11-11T16:00,2016-11-11,16,27.05,27.11,26.26,26.81,26.86,27.19,26.84,26.93,27.57,27.51
2016-11-11T17:00,2016-11-11,17,25.91,25.89,25.2,25.5,25.65,25.91,26.01,25.74,26.54,26.4
2016-11-11T18:00,2016-11-11,18,24.63,24.95,24.02,24.0,24.12,24.56,24.83,24.5,25.16,24.64
2016-11-11T19:00,2016-11-11,19,23.71,24.13,23.28,23.33,23.33,23.78,24.0,23.66,23.87,23.21
2016-11-11T20:00,2016-11-11,20,22.92,22.85,23.71,22.62,23.08,23.28,23.22,22.99,22.72,22.31
2016-11-11T21:00,2016-11-11,21,22.24,22.1,23.28,21.74,22.54,22.65,22.63,22.42,21.92,21.75
2016-11-11T22:00,2016-11-11,22,21.78,21.79,23.02,21.22,22.01,22.08,22.14,21.86,21.18,21.3
2016-11-11T23:00,2016-11-11,23,21.61,22.19,22.86,20.99,21.08,21.4,21.64,21.27,21.05,21.13
2016-11-12T00:00,2016-11-12,0,21.24,21.85,22.59,20.44,19.81,20.94,21.35,20.97,20.69,21.37
2016-11-12T01:00,2016-11-12,1,21.13,21.56,22.98,19.52,19.95,21.1,21.69,20.46,20.82,21.36
2016-11-12T02:00,2016-11-12,2,20.98,21.6,22.56,19.61,19.7,20.62,21.71,20.67,20.2,21.11
2016-11-12T03:00,2016-11-12,3,20.59,21.34,21.26,19.54,19.44,20.04,21.32,20.86,19.47,20.94
2016-11-12T04:00,2016-11-12,4,20.27,20.99,20.59,19.32,19.26,19.45,20.99,21.07,18.97,20.79
2016-11-12T05:00,2016-11-12,5,20.01,20.58,20.26,19.07,19.07,19.01,20.88,21.24,18.74,20.64
2016-11-12T06:00,2016-11-12,6,19.72,20.25,19.58,18.77,18.93,18.71,20.71,21.31,18.46,20.38
2016-11-12T07:00,2016-11-12,7,20.13,20.58,20.5,19.35,19.11,19.53,21.06,21.7,18.89,20.37
2016-11-12T08:00,2016-11-12,8,22.64,22.92,23.06,21.97,22.44,22.84,23.0,23.31,22.1,22.25
2016-11-12T09:00,2016-11-12,9,24.69,24.73,24.84,24.41,24.5,24.55,24.54,24.76,24.84,24.93
2016-11-12T10:00,2016-11-12,10,26.19,26.21,26.12,26.01,26.15,25.85,25.7,25.94,26.74,26.62
2016-11-12T11:00,2016-11-12,11,27.15,27.07,27.01,26.93,27.11,26.76,26.88,26.87,27.84,27.66
2016-11-12T12:00,2016-11-12,12,27.76,27.67,27.47,27.59,27.69,27.29,27.65,27.47,28.37,28.3
2016-11-12T13:00,2016-11-12,13,28.02,27.96,27.54,27.7,27.91,27.53,28.11,27.79,28.59,28.63
2016-11-12T14:00,2016-11-12,14,28.05,27.99,27.49,27.62,27.99,27.64,28.14,27.82,28.73,28.71
2016-11-12T15:00,2016-11-12,15,27.88,27.81,27.04,27.39,27.91,27.43,28.05,27.67,28.62,28.61
2016-11-12T16:00,2016-11-12,16,27.44,27.41,26.27,26.93,27.51,26.89,27.58,27.14,28.3,28.35
2016-11-12T17:00,2016-11-12,17,26.21,26.12,25.02,25.78,25.96,25.53,26.29,26.12,27.12,27.36
2016-11-12T18:00,2016-11-12,18,25.22,25.46,24.0,25.39,24.64,23.98,25.45,25.32,25.45,26.0
2016-11-12T19:00,2016-11-12,19,24.37,24.59,23.76,24.61,23.77,23.22,24.76,24.92,23.91,25.04
2016-11-12T20:00,2016-11-12,20,23.71,24.0,23.7,23.91,22.89,22.25,24.18,24.7,22.85,24.34
2016-11-12T21:00,2016-11-12,21,23.04,23.38,23.34,23.22,22.07,21.28,23.55,24.19,21.99,23.6
2016-11-12T22:00,2016-11-12,22,22.37,22.92,22.19,22.72,21.43,20.56,22.91,23.65,21.3,22.57
2016-11-12T23:00,2016-11-12,23,21.72,22.42,21.03,22.08,21.02,20.17,22.41,23.0,20.64,21.51
2016-11-13T00:00,2016-11-13,0,21.19,21.86,20.2,21.28,20.75,20.01,21.87,22.34,20.24,21.08
2016-11-13T01:00,2016-11-13,1,21.19,22.2,19.43,22.06,20.86,20.24,21.68,21.58,19.99,20.58
2016-11-13T02:00,2016-11-13,2,20.76,21.6,19.33,21.4,20.41,19.98,21.06,21.42,19.81,20.23
2016-11-13T03:00,2016-11-13,3,20.39,21.16,19.26,20.49,20.09,19.73,20.78,21.43,19.6,19.86
2016-11-13T04:00,2016-11-13,4,19.98,20.73,19.37,19.3,19.45,19.41,20.42,21.31,19.44,19.53
2016-11-13T05:00,2016-11-13,5,19.59,20.22,19.32,18.29,19.19,18.9,20.17,21.25,19.25,19.33
2016-11-13T06:00,2016-11-13,6,19.32,19.76,19.19,17.76,19.09,18.71,19.98,21.16,19.15,19.11
2016-11-13T07:00,2016-11-13,7,19.5,19.43,19.88,18.65,19.6,19.19,19.9,21.28,19.22,19.46
2016-11-13T08:00,2016-11-13,8,22.01,21.85,21.61,21.07,21.89,21.78,22.55,23.49,22.44,22.2
2016-11-13T09:00,2016-11-13,9,24.46,24.44,23.79,23.7,24.11,23.71,25.07,25.11,25.28,24.68
2016-11-13T10:00,2016-11-13,10,26.22,26.26,25.53,25.87,25.56,25.12,26.66,26.54,27.08,26.57
2016-11-13T11:00,2016-11-13,11,27.29,27.27,26.66,26.96,26.66,26.12,27.63,27.29,28.25,27.97
2016-11-13T12:00,2016-11-13,12,27.92,27.89,27.18,27.51,27.47,26.92,28.13,27.58,28.91,28.84
2016-11-13T13:00,2016-11-13,13,28.19,28.22,27.16,27.59,28.28,27.38,28.36,27.71,29.2,28.94
2016-11-13T14:00,2016-11-13,14,28.27,28.3,27.11,27.7,28.39,27.59,28.43,27.73,29.33,29.04
2016-11-13T15:00,2016-11-13,15,28.18,28.28,26.82,27.53,28.4,27.39,28.39,27.5,29.3,28.94
2016-11-13T16:00,2016-11-13,16,27.68,27.82,26.19,26.95,27.95,26.77,27.99,27.01,28.8,28.45
2016-11-13T17:00,2016-11-13,17,26.53,26.74,24.98,25.75,26.72,25.32,26.8,25.9,27.75,27.36
2016-11-13T18:00,2016-11-13,18,25.06,25.14,23.5,23.95,25.46,23.98,25.77,24.6,26.24,25.87
2016-11-13T19:00,2016-11-13,19,23.9,23.98,22.44,22.85,24.31,22.58,25.07,24.02,24.81,24.27
2016-11-13T20:00,2016-11-13,20,23.11,23.38,21.72,22.47,23.18,21.56,24.31,23.65,23.69,22.98
2016-11-13T21:00,2016-11-13,21,22.56,23.45,21.21,22.21,22.07,21.08,23.31,23.39,22.5,21.95
2016-11-13T22:00,2016-11-13,22,21.89,22.95,20.79,21.53,21.31,20.97,22.41,22.16,21.51,21.22
2016-11-13T23:00,2016-11-13,23,21.16,21.99,20.52,20.77,20.7,20.54,21.6,21.09,20.94,20.59
2016-11-14T00:00,2016-11-14,0,20.53,20.86,20.29,20.12,20.25,20.36,20.94,20.15,20.61,20.32
2016-11-14T01:00,2016-11-14,1,20.24,20.19,20.13,19.67,19.95,20.29,21.23,20.08,20.43,20.15
2016-11-14T02:00,2016-11-14,2,19.98,19.9,19.84,19.54,19.56,19.89,21.05,19.95,20.25,19.8
2016-11-14T03:00,2016-11-14,3,19.8,19.9,19.54,19.43,19.25,19.65,20.81,19.8,19.94,19.49
2016-11-14T04:00,2016-11-14,4,19.61,19.91,19.25,19.16,19.0,19.3,20.55,19.74,19.49,19.34
2016-11-14T05:00,2016-11-14,5,19.36,19.74,19.13,18.82,18.81,18.81,20.27,19.76,19.04,19.18
2016-11-14T06:00,2016-11-14,6,19.16,19.5,19.06,18.53,18.66,18.46,20.08,19.72,18.71,19.16
2016-11-14T07:00,2016-11-14,7,19.54,19.79,19.86,19.23,18.88,19.4,20.36,20.16,18.67,19.35
2016-11-14T08:00,2016-11-14,8,22.43,22.95,21.59,22.42,21.9,21.72,23.24,23.09,22.23,21.67
2016-11-14T09:00,2016-11-14,9,24.63,25.11,23.53,24.49,24.41,23.66,25.45,24.9,24.9,23.94
2016-11-14T10:00,2016-11-14,10,26.35,26.85,25.31,26.08,26.44,25.17,27.11,26.35,26.71,25.74
2016-11-14T11:00,2016-11-14,11,27.45,27.83,26.6,27.18,27.63,26.28,27.95,27.31,27.87,27.15
2016-11-14T12:00,2016-11-14,12,28.01,28.25,27.4,27.89,28.04,27.03,28.3,27.82,28.39,27.96
2016-11-14T13:00,2016-11-14,13,28.35,28.56,27.85,28.12,28.48,27.69,28.54,28.09,28.69,28.38
2016-11-14T14:00,2016-11-14,14,28.44,28.65,27.92,28.2,28.56,27.96,28.57,28.13,28.83,28.44
2016-11-14T15:00,2016-11-14,15,28.23,28.39,27.64,28.0,28.29,27.76,28.33,27.89,28.66,28.38
2016-11-14T16:00,2016-11-14,16,27.6,27.74,26.9,27.38,27.54,27.12,27.7,27.21,28.16,27.83
2016-11-14T17:00,2016-11-14,17,26.3,26.38,25.67,26.03,25.99,25.65,26.5,26.02,26.97,26.67
2016-11-14T18:00,2016-11-14,18,24.66,24.63,24.4,24.39,24.13,24.16,24.57,24.69,25.49,25.07
2016-11-14T19:00,2016-11-14,19,23.4,23.19,23.48,22.91,23.16,23.3,23.32,23.57,24.18,23.72
2016-11-14T20:00,2016-11-14,20,22.33,22.09,22.67,21.75,22.33,21.98,22.41,22.53,22.93,22.66
2016-11-14T21:00,2016-11-14,21,21.49,21.3,21.96,20.92,21.46,21.39,21.66,21.75,21.66,21.81
2016-11-14T22:00,2016-11-14,22,20.75,20.63,21.47,20.37,20.39,20.89,20.85,21.23,20.47,21.03
2016-11-14T23:00,2016-11-14,23,20.22,20.07,21.07,19.99,19.73,20.25,20.27,20.88,19.84,20.54
2016-11-15T00:00,2016-11-15,0,19.83,19.6,20.73,19.68,19.28,19.91,19.86,20.65,19.55,20.06
2016-11-15T01:00,2016-11-15,1,19.48,19.33,20.49,19.39,18.92,19.24,19.72,20.41,19.32,19.13
2016-11-15T02:00,2016-11-15,2,19.18,19.03,20.09,19.02,18.67,18.88,19.45,20.2,19.08,18.86
2016-11-15T03:00,2016-11-15,3,18.91,18.83,19.85,18.59,18.43,18.66,19.17,20.01,18.77,18.57
2016-11-15T04:00,2016-11-15,4,18.66,18.67,19.59,18.2,18.13,18.41,18.98,19.85,18.4,18.27
2016-11-15T05:00,2016-11-15,5,18.38,18.49,19.37,17.81,17.85,18.09,18.72,19.65,17.98,17.92
2016-11-15T06:00,2016-11-15,6,18.12,18.32,19.51,17.48,17.66,17.69,18.43,19.34,17.57,17.5
2016-11-15T07:00,2016-11-15,7,18.32,18.44,20.03,17.88,18.01,18.38,18.4,19.58,17.48,17.51
2016-11-15T08:00,2016-11-15,8,21.33,21.56,21.3,21.4,21.13,21.18,21.58,22.59,20.93,20.46
2016-11-15T09:00,2016-11-15,9,23.69,23.97,23.1,23.58,23.86,23.43,23.81,24.34,23.6,23.22
2016-11-15T10:00,2016-11-15,10,25.51,25.8,25.07,25.28,25.81,25.04,25.54,25.66,25.58,25.22
2016-11-15T11:00,2016-11-15,11,26.73,26.99,26.43,26.51,26.91,26.28,26.73,26.59,26.94,26.58
2016-11-15T12:00,2016-11-15,12,27.41,27.59,27.28,27.25,27.51,27.06,27.31,27.1,27.63,27.39
2016-11-15T13:00,2016-11-15,13,27.78,27.89,27.74,27.57,27.87,27.71,27.64,27.36,28.04,27.82
2016-11-15T14:00,2016-11-15,14,27.93,28.04,27.77,27.74,28.04,27.95,27.75,27.43,28.22,28.06
2016-11-15T15:00,2016-11-15,15,27.77,27.87,27.5,27.54,27.86,27.81,27.61,27.22,28.11,28.01
2016-11-15T16:00,2016-11-15,16,27.18,27.22,26.78,26.87,27.28,27.25,27.04,26.58,27.62,27.54
2016-11-15T17:00,2016-11-15,17,25.88,25.84,25.56,25.51,25.93,25.73,25.79,25.31,26.43,26.47
2016-11-15T18:00,2016-11-15,18,24.16,24.11,24.32,23.68,23.96,24.04,24.13,23.99,24.41,24.71
2016-11-15T19:00,2016-11-15,19,22.77,22.85,23.29,22.19,22.45,22.5,22.65,22.86,22.77,23.28
2016-11-15T20:00,2016-11-15,20,21.71,21.92,22.38,20.98,21.4,21.54,21.55,21.8,21.49,22.18
2016-11-15T21:00,2016-11-15,21,20.89,21.17,21.75,20.03,20.67,20.96,20.69,20.98,20.57,21.1
2016-11-15T22:00,2016-11-15,22,20.28,20.51,21.32,19.45,20.03,20.6,20.13,20.43,19.91,20.28
2016-11-15T23:00,2016-11-15,23,19.81,20.0,20.99,19.07,19.53,20.17,19.71,20.1,19.45,19.51
2016-11-16T00:00,2016-11-16,0,19.45,19.56,20.77,18.84,19.08,19.86,19.46,19.9,19.08,18.95
2016-11-16T01:00,2016-11-16,1,19.2,19.26,20.53,18.69,18.81,19.89,19.27,19.77,18.79,18.49
2016-11-16T02:00,2016-11-16,2,18.9,18.94,20.3,18.46,18.53,19.47,19.07,19.65,18.39,18.1
2016-11-16T03:00,2016-11-16,3,18.6,18.61,20.06,18.25,18.36,19.01,18.83,19.55,17.96,17.68
2016-11-16T04:00,2016-11-16,4,18.28,18.37,19.9,18.03,18.05,18.44,18.52,19.44,17.44,17.22
2016-11-16T05:00,2016-11-16,5,18.0,18.13,19.98,17.78,17.68,18.14,18.19,19.33,16.93,16.82
2016-11-16T06:00,2016-11-16,6,17.72,17.89,20.03,17.49,17.3,17.82,17.84,19.23,16.49,16.41
2016-11-16T07:00,2016-11-16,7,17.95,18.12,20.39,17.83,17.53,18.5,17.88,19.48,16.51,16.57
2016-11-16T08:00,2016-11-16,8,20.71,21.01,21.87,21.1,20.72,20.52,20.45,21.66,19.73,19.57
2016-11-16T09:00,2016-11-16,9,23.22,23.28,24.01,23.36,23.47,22.89,22.92,23.55,22.92,22.79
2016-11-16T10:00,2016-11-16,10,25.2,25.21,25.74,25.17,25.48,25.01,24.88,25.01,25.24,25.11
2016-11-16T11:00,2016-11-16,11,26.58,26.6,27.07,26.43,26.78,26.38,26.23,26.09,26.82,26.61
2016-11-16T12:00,2016-11-16,12,27.37,27.45,27.82,27.16,27.67,27.31,26.9,26.73,27.56,27.47
2016-11-16T13:00,2016-11-16,13,27.89,27.97,28.39,27.67,28.22,27.9,27.42,27.23,28.03,27.99
2016-11-16T14:00,2016-11-16,14,28.04,28.15,28.37,27.75,28.41,28.16,27.53,27.26,28.2,28.2
2016-11-16T15:00,2016-11-16,15,27.89,28.02,28.09,27.61,28.31,27.97,27.33,27.03,28.06,28.14
2016-11-16T16:00,2016-11-16,16,27.29,27.46,27.28,26.94,27.78,27.36,26.69,26.45,27.47,27.75
2016-11-16T17:00,2016-11-16,17,25.98,26.14,26.07,25.69,26.29,25.89,25.31,25.25,26.1,26.58
2016-11-16T18:00,2016-11-16,18,24.19,24.28,24.91,23.82,24.21,24.21,23.57,24.02,24.07,24.61
2016-11-16T19:00,2016-11-16,19,22.73,22.87,24.06,22.37,22.6,22.3,22.2,22.93,22.35,22.95
2016-11-16T20:00,2016-11-16,20,21.67,21.83,23.38,21.31,21.46,21.21,21.17,22.0,21.03,21.8
2016-11-16T21:00,2016-11-16,21,20.92,21.1,22.87,20.45,20.7,20.69,20.45,21.39,20.08,20.92
2016-11-16T22:00,2016-11-16,22,20.35,20.55,22.4,19.86,20.2,20.55,19.89,20.93,19.32,20.09
2016-11-16T23:00,2016-11-16,23,19.89,20.12,22.0,19.5,19.68,20.08,19.45,20.63,18.73,19.44
2016-11-17T00:00,2016-11-17,0,19.49,19.76,21.6,19.17,19.28,19.74,19.08,20.31,18.27,18.85
2016-11-17T01:00,2016-11-17,1,19.15,19.44,21.37,18.85,18.98,19.68,18.83,19.98,17.87,18.1
2016-11-17T02:00,2016-11-17,2,18.78,19.13,21.07,18.51,18.71,19.37,18.48,19.68,17.37,17.52
2016-11-17T03:00,2016-11-17,3,18.4,18.75,20.85,18.25,18.43,18.93,18.03,19.44,16.9,16.95
2016-11-17T04:00,2016-11-17,4,18.04,18.38,20.64,18.04,18.12,18.44,17.55,19.24,16.44,16.48
2016-11-17T05:00,2016-11-17,5,17.7,18.03,20.6,17.75,17.88,17.99,17.07,18.96,16.09,16.04
2016-11-17T06:00,2016-11-17,6,17.37,17.68,20.58,17.44,17.56,17.29,16.6,18.71,15.74,15.75
2016-11-17T07:00,2016-11-17,7,17.53,17.8,20.92,17.84,17.6,17.84,16.53,18.93,15.74,15.83
2016-11-17T08:00,2016-11-17,8,20.21,20.5,21.99,20.74,20.43,19.73,19.49,20.84,19.06,19.36
2016-11-17T09:00,2016-11-17,9,22.79,22.94,23.62,22.94,23.32,22.08,22.17,22.83,22.29,22.87
2016-11-17T10:00,2016-11-17,10,24.92,25.03,25.34,24.93,25.51,24.5,24.29,24.46,24.78,25.23
2016-11-17T11:00,2016-11-17,11,26.43,26.6,26.75,26.37,26.93,26.21,25.8,25.77,26.41,26.6
2016-11-17T12:00,2016-11-17,12,27.31,27.52,27.68,27.2,27.88,27.36,26.57,26.55,27.26,27.37
2016-11-17T13:00,2016-11-17,13,27.95,28.17,28.25,27.88,28.45,28.24,27.13,27.15,27.89,28.02
2016-11-17T14:00,2016-11-17,14,28.18,28.39,28.37,28.17,28.67,28.5,27.34,27.35,28.16,28.25
2016-11-17T15:00,2016-11-17,15,28.05,28.28,28.09,28.04,28.52,28.32,27.25,27.25,28.06,28.15
2016-11-17T16:00,2016-11-17,16,27.48,27.73,27.38,27.5,27.92,27.5,26.63,26.65,27.54,27.79
2016-11-17T17:00,2016-11-17,17,26.1,26.26,26.18,26.18,26.28,25.73,25.21,25.44,26.25,26.67
2016-11-17T18:00,2016-11-17,18,24.14,24.16,24.97,24.38,23.93,23.48,23.35,23.87,24.11,24.74
2016-11-17T19:00,2016-11-17,19,22.71,22.73,24.12,23.21,22.23,21.95,21.86,22.58,22.36,23.14
2016-11-17T20:00,2016-11-17,20,21.65,21.69,23.41,22.16,21.02,21.17,20.72,21.57,21.03,22.06
2016-11-17T21:00,2016-11-17,21,20.89,20.92,22.84,21.4,20.22,20.83,19.89,20.83,20.07,21.18
2016-11-17T22:00,2016-11-17,22,20.22,20.3,22.38,20.58,19.6,20.09,19.2,20.33,19.24,20.48
2016-11-17T23:00,2016-11-17,23,19.69,19.79,21.98,20.0,19.08,19.4,18.63,19.94,18.62,20.03
2016-11-18T00:00,2016-11-18,0,19.22,19.25,21.66,19.55,18.69,19.09,18.19,19.66,18.09,19.43
2016-11-18T01:00,2016-11-18,1,18.91,18.87,21.39,19.4,18.36,19.12,17.86,19.38,17.8,18.86
2016-11-18T02:00,2016-11-18,2,18.6,18.53,21.28,19.04,17.93,19.08,17.54,19.15,17.46,18.45
2016-11-18T03:00,2016-11-18,3,18.27,18.13,21.12,18.71,17.45,18.49,17.23,18.92,17.26,18.18
2016-11-18T04:00,2016-11-18,4,17.93,17.77,20.98,18.3,17.01,17.82,16.93,18.75,17.18,17.66
2016-11-18T05:00,2016-11-18,5,17.65,17.45,20.82,17.98,16.69,17.38,16.59,18.49,17.15,17.29
2016-11-18T06:00,2016-11-18,6,17.37,17.22,20.77,17.65,16.4,16.89,16.32,18.25,16.84,16.92
2016-11-18T07:00,2016-11-18,7,17.55,17.37,20.86,17.84,16.87,17.38,16.41,18.43,17.02,16.95
2016-11-18T08:00,2016-11-18,8,20.08,20.02,21.69,20.17,19.76,20.0,19.37,20.65,19.79,19.93
2016-11-18T09:00,2016-11-18,9,22.69,22.61,23.36,22.55,22.77,22.71,22.2,22.85,22.59,23.0
2016-11-18T10:00,2016-11-18,10,24.77,24.71,25.08,24.54,25.07,24.65,24.31,24.66,24.8,25.28
2016-11-18T11:00,2016-11-18,11,26.24,26.36,26.38,26.03,26.59,26.06,25.71,25.7,26.3,26.63
2016-11-18T12:00,2016-11-18,12,27.02,27.16,27.34,26.76,27.53,26.93,26.35,26.19,27.07,27.46
2016-11-18T13:00,2016-11-18,13,27.51,27.59,27.79,27.24,27.93,27.72,26.87,26.63,27.63,27.9
2016-11-18T14:00,2016-11-18,14,27.69,27.8,27.82,27.36,28.18,27.89,27.1,26.75,27.85,28.11
2016-11-18T15:00,2016-11-18,15,27.54,27.69,27.5,27.18,28.0,27.67,26.97,26.61,27.74,28.05
2016-11-18T16:00,2016-11-18,16,27.03,27.22,26.77,26.59,27.48,26.96,26.51,26.05,27.32,27.67
2016-11-18T17:00,2016-11-18,17,25.69,25.89,25.5,25.09,25.99,25.28,25.22,24.78,26.13,26.5
2016-11-18T18:00,2016-11-18,18,23.77,23.95,24.13,23.15,24.45,23.28,23.07,22.85,23.86,24.59
2016-11-18T19:00,2016-11-18,19,22.26,22.47,23.05,22.08,22.63,21.55,21.47,21.44,21.96,23.07
2016-11-18T20:00,2016-11-18,20,21.13,21.37,22.25,21.29,20.88,20.52,20.3,20.37,20.6,21.83
2016-11-18T21:00,2016-11-18,21,20.3,20.51,21.61,20.58,19.76,19.94,19.48,19.66,19.72,20.89
2016-11-18T22:00,2016-11-18,22,19.57,19.68,21.12,19.57,19.05,19.59,18.86,19.01,19.03,20.03
2016-11-18T23:00,2016-11-18,23,18.93,18.95,20.8,18.68,18.37,19.03,18.44,18.34,18.53,19.3
2016-11-19T00:00,2016-11-19,0,18.45,18.36,20.47,18.07,17.94,18.72,18.01,17.87,18.14,18.82
2016-11-19T01:00,2016-11-19,1,18.23,18.1,20.15,17.81,17.74,18.78,17.72,17.49,18.03,18.61
2016-11-19T02:00,2016-11-19,2,17.89,17.79,19.82,17.45,17.3,18.38,17.31,17.32,17.7,18.3
2016-11-19T03:00,2016-11-19,3,17.54,17.44,19.61,16.99,16.9,17.85,16.96,17.24,17.34,17.94
2016-11-19T04:00,2016-11-19,4,17.23,17.11,19.61,16.68,16.5,17.18,16.67,17.14,17.06,17.62
2016-11-19T05:00,2016-11-19,5,16.89,16.82,19.47,16.53,16.15,16.2,16.37,16.96,16.65,17.13
2016-11-19T06:00,2016-11-19,6,16.54,16.46,19.46,16.02,16.0,15.46,16.04,16.75,16.25,16.84
2016-11-19T07:00,2016-11-19,7,16.79,16.68,19.69,16.67,16.47,16.46,16.06,17.07,16.23,16.57
2016-11-19T08:00,2016-11-19,8,19.8,20.03,20.99,19.7,19.01,18.87,19.68,20.51,19.55,19.56
2016-11-19T09:00,2016-11-19,9,22.35,22.49,22.42,22.43,21.74,21.43,22.45,22.73,22.44,22.5
2016-11-19T10:00,2016-11-19,10,24.54,24.67,24.33,24.59,24.28,23.79,24.53,24.51,24.71,24.77
2016-11-19T11:00,2016-11-19,11,25.96,26.11,25.86,25.79,25.86,25.31,25.83,25.56,26.24,26.34
2016-11-19T12:00,2016-11-19,12,26.69,26.82,26.81,26.42,26.76,26.21,26.44,26.07,26.93,27.12
2016-11-19T13:00,2016-11-19,13,27.04,27.09,27.2,26.8,27.15,26.9,26.73,26.4,27.25,27.45
2016-11-19T14:00,2016-11-19,14,27.24,27.31,27.25,26.94,27.39,27.17,26.96,26.61,27.52,27.58
2016-11-19T15:00,2016-11-19,15,27.13,27.22,26.93,26.81,27.28,27.06,26.9,26.52,27.42,27.52
2016-11-19T16:00,2016-11-19,16,26.64,26.78,26.12,26.24,26.85,26.45,26.49,26.01,27.0,27.17
2016-11-19T17:00,2016-11-19,17,25.38,25.51,24.81,24.83,25.38,24.9,25.3,24.73,25.94,26.21
2016-11-19T18:00,2016-11-19,18,23.54,23.63,23.15,22.87,23.86,23.08,23.23,23.18,23.89,24.55
2016-11-19T19:00,2016-11-19,19,22.33,22.35,21.95,21.87,22.71,21.94,21.8,22.62,22.63,23.09
2016-11-19T20:00,2016-11-19,20,21.42,21.42,21.01,21.22,21.92,20.93,21.0,21.86,21.56,21.98
2016-11-19T21:00,2016-11-19,21,20.63,20.54,20.33,20.58,21.15,20.62,20.33,21.05,20.47,21.02
2016-11-19T22:00,2016-11-19,22,19.88,19.81,19.81,20.0,20.38,20.1,19.59,20.32,19.17,20.37
2016-11-19T23:00,2016-11-19,23,19.28,19.24,19.32,19.53,19.68,19.28,18.88,19.74,18.44,19.91
2016-11-20T00:00,2016-11-20,0,18.79,18.72,19.05,19.18,18.98,18.89,18.32,19.27,18.01,19.26
2016-11-20T01:00,2016-11-20,1,18.62,18.94,18.89,19.02,18.9,18.58,17.83,18.7,17.78,18.74
2016-11-20T02:00,2016-11-20,2,18.14,18.38,18.76,18.49,18.32,17.97,17.39,17.94,17.51,18.2
2016-11-20T03:00,2016-11-20,3,17.8,18.02,18.52,18.05,17.93,17.52,17.19,17.65,17.29,17.79
2016-11-20T04:00,2016-11-20,4,17.54,17.73,18.31,17.69,17.66,16.85,16.99,17.66,17.12,17.66
2016-11-20T05:00,2016-11-20,5,17.2,17.45,18.23,17.02,16.79,16.02,16.78,17.58,16.87,17.54
2016-11-20T06:00,2016-11-20,6,16.82,17.1,18.23,16.29,15.96,15.43,16.48,17.53,16.62,17.29
2016-11-20T07:00,2016-11-20,7,16.96,17.21,18.48,16.4,16.27,15.96,16.48,17.35,16.76,17.38
2016-11-20T08:00,2016-11-20,8,19.81,20.13,19.97,19.21,19.7,18.52,19.9,20.35,19.81,20.09
2016-11-20T09:00,2016-11-20,9,22.48,22.78,21.68,22.13,22.71,21.33,22.73,22.81,22.46,22.88
2016-11-20T10:00,2016-11-20,10,24.56,24.81,23.85,24.4,24.65,23.64,24.71,24.55,24.59,24.98
2016-11-20T11:00,2016-11-20,11,25.89,26.02,25.39,25.57,25.8,25.13,26.09,25.67,26.22,26.39
2016-11-20T12:00,2016-11-20,12,26.59,26.64,26.26,26.16,26.62,25.99,26.71,26.18,26.99,27.19
2016-11-20T13:00,2016-11-20,13,26.89,26.9,26.54,26.4,26.88,26.66,27.02,26.46,27.3,27.48
2016-11-20T14:00,2016-11-20,14,27.07,27.13,26.62,26.58,27.1,26.82,27.2,26.63,27.44,27.66
2016-11-20T15:00,2016-11-20,15,26.96,27.02,26.32,26.48,27.02,26.72,27.09,26.51,27.39,27.59
2016-11-20T16:00,2016-11-20,16,26.49,26.59,25.47,25.99,26.54,26.15,26.64,26.08,27.02,27.25
2016-11-20T17:00,2016-11-20,17,25.29,25.47,24.28,24.49,25.16,24.59,25.48,24.85,26.08,26.23
2016-11-20T18:00,2016-11-20,18,23.66,23.76,22.66,23.05,23.76,22.6,23.66,23.82,24.47,24.49
2016-11-20T19:00,2016-11-20,19,22.41,22.44,21.44,22.02,22.73,21.33,22.29,23.13,23.28,22.74
2016-11-20T20:00,2016-11-20,20,21.51,21.64,20.52,21.28,21.72,20.66,21.22,22.49,22.38,21.41
2016-11-20T21:00,2016-11-20,21,20.71,20.93,19.83,20.63,20.83,19.94,20.22,21.82,21.39,20.41
2016-11-20T22:00,2016-11-20,22,19.93,20.21,19.3,19.98,20.17,19.16,19.25,20.91,20.45,19.54
2016-11-20T23:00,2016-11-20,23,19.25,19.54,18.94,19.38,19.35,18.84,18.74,19.61,19.3,19.01
2016-11-21T00:00,2016-11-21,0,18.73,18.94,18.67,18.87,18.4,18.76,18.46,18.59,18.81,18.5
2016-11-21T01:00,2016-11-21,1,18.85,19.54,18.51,19.56,19.08,18.65,18.25,18.24,18.38,18.01
2016-11-21T02:00,2016-11-21,2,18.32,18.98,18.3,18.97,18.4,17.56,18.0,17.86,18.05,17.24
2016-11-21T03:00,2016-11-21,3,17.87,18.46,18.08,18.53,17.8,16.51,17.83,17.64,17.76,16.71
2016-11-21T04:00,2016-11-21,4,17.35,17.85,17.92,17.85,16.43,15.66,17.65,17.35,17.48,16.29
2016-11-21T05:00,2016-11-21,5,17.01,17.62,17.79,17.3,15.81,15.37,17.26,17.09,17.2,15.9
2016-11-21T06:00,2016-11-21,6,16.69,17.31,17.64,16.6,15.73,14.9,16.9,16.86,16.93,15.65
2016-11-21T07:00,2016-11-21,7,16.86,17.43,18.04,16.81,16.36,15.43,16.82,17.23,16.81,15.71
2016-11-21T08:00,2016-11-21,8,19.52,19.94,19.76,19.18,19.06,17.77,20.19,20.53,19.73,18.63
2016-11-21T09:00,2016-11-21,9,22.28,22.56,21.59,22.0,22.18,20.73,22.71,22.84,22.51,22.47
2016-11-21T10:00,2016-11-21,10,24.38,24.56,23.6,24.21,24.29,23.09,24.57,24.59,24.79,24.91
2016-11-21T11:00,2016-11-21,11,25.84,25.95,25.03,25.53,25.69,24.74,26.0,25.83,26.51,26.42
2016-11-21T12:00,2016-11-21,12,26.61,26.76,25.74,26.16,26.61,25.62,26.72,26.24,27.33,27.29
2016-11-21T13:00,2016-11-21,13,26.67,26.73,25.93,26.17,26.6,26.03,26.81,26.38,27.33,27.39
2016-11-21T14:00,2016-11-21,14,26.84,26.9,25.98,26.3,26.82,26.24,26.95,26.53,27.53,27.61
2016-11-21T15:00,2016-11-21,15,26.75,26.84,25.69,26.18,26.8,26.14,26.9,26.43,27.53,27.51
2016-11-21T16:00,2016-11-21,16,26.29,26.42,25.03,25.73,26.33,25.55,26.42,25.98,27.1,27.1
2016-11-21T17:00,2016-11-21,17,25.13,25.34,23.68,24.58,24.99,24.13,25.29,24.79,26.13,26.0
2016-11-21T18:00,2016-11-21,18,23.45,23.59,22.1,23.21,23.64,21.79,23.54,23.43,24.42,24.15
2016-11-21T19:00,2016-11-21,19,22.37,22.35,21.52,22.38,22.86,20.64,22.2,22.83,23.32,22.61
2016-11-21T20:00,2016-11-21,20,21.57,21.5,21.43,21.45,22.16,20.3,21.14,22.43,22.4,21.4
2016-11-21T21:00,2016-11-21,21,20.89,20.84,21.29,20.75,21.3,20.27,20.36,21.91,21.51,20.25
2016-11-21T22:00,2016-11-21,22,20.05,20.35,19.52,20.2,20.37,19.55,19.66,21.37,20.27,19.1
2016-11-21T23:00,2016-11-21,23,19.43,19.95,18.6,19.83,19.51,18.9,19.53,20.93,18.83,18.35
2016-11-22T00:00,2016-11-22,0,18.97,19.73,18.18,19.39,18.71,18.48,19.2,20.01,18.17,17.8
2016-11-22T01:00,2016-11-22,1,18.77,19.82,18.32,19.15,18.73,17.61,18.86,19.22,17.97,17.36
2016-11-22T02:00,2016-11-22,2,18.2,18.83,17.9,18.66,17.95,17.28,18.5,18.87,17.75,16.9
2016-11-22T03:00,2016-11-22,3,17.82,18.36,17.66,18.17,17.48,16.95,18.25,18.83,17.44,16.4
2016-11-22T04:00,2016-11-22,4,17.43,18.09,17.5,17.17,16.91,16.33,18.0,18.81,17.09,16.11
2016-11-22T05:00,2016-11-22,5,17.06,17.81,17.5,16.41,16.21,15.55,17.69,18.74,16.83,15.8
2016-11-22T06:00,2016-11-22,6,16.75,17.53,17.43,16.01,15.46,14.85,17.35,18.65,16.53,15.81
2016-11-22T07:00,2016-11-22,7,16.89,17.43,17.91,16.45,15.64,15.6,17.24,18.87,16.55,15.89
2016-11-22T08:00,2016-11-22,8,19.6,20.16,19.34,18.99,18.55,18.48,20.45,21.38,19.83,18.45
2016-11-22T09:00,2016-11-22,9,22.2,22.62,21.33,21.6,21.11,21.33,22.98,23.13,22.73,21.86
2016-11-22T10:00,2016-11-22,10,24.25,24.62,23.12,23.81,23.66,23.19,24.86,24.47,24.89,24.28
2016-11-22T11:00,2016-11-22,11,25.62,25.94,24.5,25.17,25.23,24.48,26.08,25.61,26.35,25.93
2016-11-22T12:00,2016-11-22,12,26.4,26.7,25.35,25.88,26.29,25.32,26.68,26.14,27.09,26.86
2016-11-22T13:00,2016-11-22,13,26.61,26.84,25.67,26.13,26.44,25.69,26.91,26.36,27.24,27.08
2016-11-22T14:00,2016-11-22,14,26.8,27.05,25.75,26.29,26.73,25.9,27.03,26.51,27.45,27.35
2016-11-22T15:00,2016-11-22,15,26.68,26.94,25.56,26.11,26.63,25.79,26.94,26.42,27.37,27.25
2016-11-22T16:00,2016-11-22,16,26.17,26.46,24.87,25.55,26.17,25.12,26.51,25.9,26.94,26.78
2016-11-22T17:00,2016-11-22,17,25.0,25.33,23.6,24.32,24.97,23.59,25.41,24.67,25.95,25.66
2016-11-22T18:00,2016-11-22,18,23.26,23.55,22.45,22.37,22.9,22.16,23.51,23.15,24.36,23.65
2016-11-22T19:00,2016-11-22,19,22.07,22.24,21.93,21.06,21.45,20.77,22.24,22.7,23.12,22.39
2016-11-22T20:00,2016-11-22,20,21.17,21.13,20.93,20.34,20.45,19.63,21.47,22.25,22.27,21.69
2016-11-22T21:00,2016-11-22,21,20.46,20.34,19.54,19.85,19.52,19.67,21.01,21.71,21.54,20.87
2016-11-22T22:00,2016-11-22,22,19.83,19.67,18.52,19.59,18.69,19.23,20.52,21.08,20.96,20.06
2016-11-22T23:00,2016-11-22,23,19.19,19.12,18.31,19.07,17.89,18.74,20.1,20.18,19.76,19.29
2016-11-23T00:00,2016-11-23,0,18.67,18.8,18.18,18.62,17.22,18.26,19.76,19.72,18.63,18.45
2016-11-23T01:00,2016-11-23,1,18.3,19.01,18.09,18.66,16.75,17.3,19.3,18.93,17.86,17.18
2016-11-23T02:00,2016-11-23,2,17.9,18.78,17.86,18.09,16.71,16.62,18.76,18.67,17.42,16.44
2016-11-23T03:00,2016-11-23,3,17.55,18.55,17.78,17.38,16.65,15.78,18.27,18.09,17.22,16.14
2016-11-23T04:00,2016-11-23,4,17.35,18.4,17.6,16.82,16.43,15.3,18.04,17.82,17.39,15.98
2016-11-23T05:00,2016-11-23,5,17.12,17.96,17.53,16.45,16.22,15.2,18.01,17.61,17.55,15.6
2016-11-23T06:00,2016-11-23,6,16.82,17.38,17.45,15.68,15.83,14.92,18.28,17.88,17.44,15.36
2016-11-23T07:00,2016-11-23,7,16.75,17.0,17.77,15.78,15.3,15.4,18.3,18.12,17.3,15.29
2016-11-23T08:00,2016-11-23,8,19.36,19.35,19.56,18.99,18.37,18.77,20.36,20.77,19.77,18.44
2016-11-23T09:00,2016-11-23,9,22.4,22.52,21.52,21.98,21.82,21.59,23.5,23.18,22.98,22.01
2016-11-23T10:00,2016-11-23,10,24.44,24.64,23.52,24.0,23.98,23.45,25.25,24.69,25.17,24.32
2016-11-23T11:00,2016-11-23,11,25.72,25.95,24.86,25.23,25.38,24.63,26.33,25.68,26.5,25.84
2016-11-23T12:00,2016-11-23,12,26.49,26.72,25.63,25.94,26.29,25.61,26.91,26.22,27.28,26.68
2016-11-23T13:00,2016-11-23,13,26.62,26.75,25.82,26.07,26.53,26.05,27.07,26.35,27.26,26.9
2016-11-23T14:00,2016-11-23,14,26.78,26.94,25.8,26.25,26.77,26.26,27.13,26.46,27.45,27.09
2016-11-23T15:00,2016-11-23,15,26.67,26.86,25.53,26.14,26.69,26.18,27.09,26.34,27.32,27.0
2016-11-23T16:00,2016-11-23,16,26.24,26.48,24.85,25.71,26.27,25.67,26.64,25.92,26.92,26.63
2016-11-23T17:00,2016-11-23,17,25.11,25.43,23.63,24.49,25.0,24.23,25.59,24.77,26.03,25.48
2016-11-23T18:00,2016-11-23,18,23.38,23.62,22.16,22.82,22.94,22.27,24.39,23.05,24.26,23.52
2016-11-23T19:00,2016-11-23,19,22.04,22.16,21.36,21.7,21.51,20.75,23.4,21.73,22.88,21.61
2016-11-23T20:00,2016-11-23,20,21.01,21.08,20.51,20.78,20.17,19.66,22.42,20.95,22.03,20.36
2016-11-23T21:00,2016-11-23,21,20.22,20.26,19.41,19.97,19.04,19.22,21.69,20.6,21.44,19.37
2016-11-23T22:00,2016-11-23,22,19.6,19.48,18.34,19.46,18.27,18.91,21.1,20.66,21.13,18.59
2016-11-23T23:00,2016-11-23,23,19.2,19.04,18.18,19.14,17.68,18.66,20.75,20.69,20.57,17.95
2016-11-24T00:00,2016-11-24,0,18.84,18.88,18.08,18.63,17.24,18.23,20.41,20.58,19.87,17.42
2016-11-24T01:00,2016-11-24,1,19.08,19.59,17.95,18.87,17.88,17.07,20.79,20.44,19.76,17.8
2016-11-24T02:00,2016-11-24,2,18.6,19.17,17.73,18.04,17.3,16.44,20.3,20.2,19.02,17.69
2016-11-24T03:00,2016-11-24,3,18.25,18.93,17.44,17.35,17.12,16.28,19.8,20.04,18.54,17.32
2016-11-24T04:00,2016-11-24,4,17.84,18.58,17.38,16.74,16.8,16.24,19.54,19.71,17.79,16.67
2016-11-24T05:00,2016-11-24,5,17.23,18.0,17.16,15.94,15.9,15.85,19.17,19.31,16.93,15.89
2016-11-24T06:00,2016-11-24,6,16.71,17.4,17.17,15.35,14.99,15.34,18.75,18.71,16.6,15.2
2016-11-24T07:00,2016-11-24,7,16.75,17.42,17.64,15.77,15.18,16.07,18.19,18.34,16.55,14.93
2016-11-24T08:00,2016-11-24,8,19.14,19.28,19.49,18.83,18.54,18.8,20.2,19.71,19.01,18.28
2016-11-24T09:00,2016-11-24,9,22.11,22.42,21.6,21.62,21.58,21.44,23.0,21.97,22.48,21.82
2016-11-24T10:00,2016-11-24,10,24.37,24.72,23.51,23.87,23.9,23.53,25.05,24.21,25.02,24.26
2016-11-24T11:00,2016-11-24,11,25.72,25.96,25.0,25.28,25.33,24.84,26.31,25.44,26.45,25.71
2016-11-24T12:00,2016-11-24,12,26.52,26.74,25.86,26.01,26.25,25.74,27.1,26.2,27.22,26.53
2016-11-24T13:00,2016-11-24,13,26.46,26.63,25.88,25.95,26.32,25.84,27.01,26.21,26.99,26.54
2016-11-24T14:00,2016-11-24,14,26.61,26.81,25.87,26.06,26.5,26.06,27.17,26.33,27.18,26.67
2016-11-24T15:00,2016-11-24,15,26.49,26.71,25.55,25.9,26.47,25.93,27.06,26.21,27.05,26.62
2016-11-24T16:00,2016-11-24,16,26.03,26.25,24.85,25.45,26.04,25.27,26.66,25.76,26.72,26.22
2016-11-24T17:00,2016-11-24,17,24.91,25.16,23.53,24.26,24.95,23.84,25.62,24.64,25.75,25.24
2016-11-24T18:00,2016-11-24,18,23.25,23.33,22.31,22.87,23.16,22.02,24.19,22.9,23.97,23.43
2016-11-24T19:00,2016-11-24,19,21.89,21.9,21.63,21.72,21.5,20.72,22.8,21.69,22.53,21.72
2016-11-24T20:00,2016-11-24,20,20.95,20.91,20.8,20.93,20.43,19.86,21.77,21.07,21.73,20.46
2016-11-24T21:00,2016-11-24,21,20.23,20.24,19.59,20.32,19.68,19.51,20.94,20.99,21.12,19.26
2016-11-24T22:00,2016-11-24,22,19.75,19.94,18.44,19.73,18.91,19.54,20.73,21.08,20.63,18.34
2016-11-24T23:00,2016-11-24,23,19.27,19.39,18.09,19.31,18.21,18.83,20.52,21.21,19.93,17.82
2016-11-25T00:00,2016-11-25,0,18.76,18.85,17.73,18.91,17.61,18.07,20.4,20.95,19.07,17.27
2016-11-25T01:00,2016-11-25,1,18.88,19.44,17.51,18.8,18.18,16.9,20.5,19.85,19.93,17.0
2016-11-25T02:00,2016-11-25,2,18.51,19.06,17.26,18.19,17.69,16.42,20.14,19.72,19.49,16.93
2016-11-25T03:00,2016-11-25,3,18.22,18.77,17.17,17.83,17.37,16.2,19.68,19.59,19.01,16.87
2016-11-25T04:00,2016-11-25,4,17.91,18.53,17.06,17.28,16.89,15.81,19.15,19.65,18.69,16.68
2016-11-25T05:00,2016-11-25,5,17.55,18.19,16.91,16.6,16.11,15.3,18.85,19.69,18.44,16.47
2016-11-25T06:00,2016-11-25,6,17.15,17.91,16.67,15.76,15.58,14.98,18.4,19.37,17.87,16.37
2016-11-25T07:00,2016-11-25,7,17.09,17.83,17.15,15.74,15.71,15.5,18.09,18.99,17.49,16.15
2016-11-25T08:00,2016-11-25,8,19.31,19.68,19.35,18.76,18.54,18.6,20.37,20.61,19.33,18.16
2016-11-25T09:00,2016-11-25,9,22.12,22.41,21.25,21.59,21.49,21.26,23.16,22.83,22.66,21.67
2016-11-25T10:00,2016-11-25,10,24.16,24.46,23.03,23.82,23.54,22.97,25.11,24.66,24.74,23.98
2016-11-25T11:00,2016-11-25,11,25.33,25.55,24.49,25.04,24.91,24.16,26.23,25.64,25.76,25.24
2016-11-25T12:00,2016-11-25,12,26.12,26.37,25.24,25.77,25.77,24.9,26.91,26.29,26.62,26.1
2016-11-25T13:00,2016-11-25,13,26.18,26.52,25.43,26.02,25.87,24.68,26.91,26.63,26.38,26.02
2016-11-25T14:00,2016-11-25,14,26.23,26.48,25.48,26.16,26.06,24.83,26.88,26.84,26.4,26.11
2016-11-25T15:00,2016-11-25,15,26.06,26.23,25.26,25.97,25.95,24.69,26.78,26.78,26.22,26.05
2016-11-25T16:00,2016-11-25,16,25.62,25.8,24.58,25.51,25.54,24.17,26.32,26.31,25.84,25.73
2016-11-25T17:00,2016-11-25,17,24.7,24.94,23.36,24.51,24.61,22.83,25.48,25.08,25.29,24.96
2016-11-25T18:00,2016-11-25,18,23.46,23.88,22.56,22.86,22.94,21.39,24.2,23.56,24.31,23.7
2016-11-25T19:00,2016-11-25,19,22.47,23.14,21.7,21.68,21.52,20.18,23.13,22.6,23.51,22.46
2016-11-25T20:00,2016-11-25,20,21.69,22.52,20.57,20.72,20.6,18.98,22.46,22.16,22.98,21.54
2016-11-25T21:00,2016-11-25,21,21.08,21.97,19.64,20.16,19.88,18.43,21.66,21.99,22.49,20.81
2016-11-25T22:00,2016-11-25,22,20.65,21.49,18.98,20.0,19.57,18.32,21.07,21.76,22.15,20.08
2016-11-25T23:00,2016-11-25,23,20.26,20.98,18.46,19.89,19.21,18.09,20.91,21.58,21.74,19.32
2016-11-26T00:00,2016-11-26,0,19.82,20.45,17.95,19.48,18.71,17.86,20.81,21.39,21.27,18.58
2016-11-26T01:00,2016-11-26,1,19.43,20.31,17.34,18.74,18.32,17.3,20.94,20.75,20.72,18.05
2016-11-26T02:00,2016-11-26,2,18.96,19.6,17.16,18.09,17.88,17.17,20.41,20.96,20.32,17.54
2016-11-26T03:00,2016-11-26,3,18.49,18.94,16.98,17.43,17.61,16.85,19.89,20.84,19.79,17.17
2016-11-26T04:00,2016-11-26,4,18.18,18.51,17.06,16.9,17.66,16.71,19.63,20.62,19.38,16.83
2016-11-26T05:00,2016-11-26,5,17.95,18.3,16.94,16.61,17.45,16.12,19.61,20.58,19.1,16.44
2016-11-26T06:00,2016-11-26,6,17.69,17.92,16.86,16.36,17.45,15.61,19.57,20.38,18.78,16.15
2016-11-26T07:00,2016-11-26,7,17.68,17.89,17.23,16.62,17.53,15.82,19.25,20.18,18.56,16.03
2016-11-26T08:00,2016-11-26,8,20.2,20.59,19.36,19.93,20.04,19.18,21.25,21.51,20.79,18.45
2016-11-26T09:00,2016-11-26,9,22.69,23.09,21.31,22.7,22.45,21.78,23.75,23.32,23.05,21.74
2016-11-26T10:00,2016-11-26,10,24.51,24.82,23.35,24.48,24.22,23.49,25.4,24.86,24.87,24.02
2016-11-26T11:00,2016-11-26,11,25.7,25.98,24.74,25.54,25.5,24.75,26.31,25.69,26.19,25.52
2016-11-26T12:00,2016-11-26,12,26.45,26.72,25.51,26.28,26.38,25.63,26.85,26.18,26.97,26.4
2016-11-26T13:00,2016-11-26,13,26.51,26.7,25.69,26.24,26.51,26.04,26.7,26.24,27.03,26.62
2016-11-26T14:00,2016-11-26,14,26.58,26.7,25.67,26.32,26.73,26.29,26.79,26.27,27.04,26.84
2016-11-26T15:00,2016-11-26,15,26.47,26.61,25.39,26.07,26.61,26.21,26.63,26.29,26.97,26.82
2016-11-26T16:00,2016-11-26,16,26.08,26.32,24.72,25.67,26.3,25.66,26.18,25.75,26.7,26.46
2016-11-26T17:00,2016-11-26,17,25.11,25.4,23.58,24.55,25.25,24.34,25.41,24.78,25.99,25.47
2016-11-26T18:00,2016-11-26,18,23.76,23.92,22.24,23.39,23.94,22.71,24.38,23.91,24.6,23.88
2016-11-26T19:00,2016-11-26,19,22.55,22.59,21.24,22.39,22.53,21.04,23.47,23.37,23.13,22.58
2016-11-26T20:00,2016-11-26,20,21.66,21.96,20.47,21.68,21.0,19.83,22.86,23.16,21.76,21.36
2016-11-26T21:00,2016-11-26,21,21.18,21.65,20.66,21.22,20.54,19.28,22.62,22.93,20.88,20.0
2016-11-26T22:00,2016-11-26,22,20.89,21.25,21.19,20.97,20.2,19.73,22.29,22.5,20.44,19.1
2016-11-26T23:00,2016-11-26,23,20.35,20.78,20.37,20.39,19.55,19.47,21.9,22.29,19.79,18.37
2016-11-27T00:00,2016-11-27,0,19.68,20.46,18.42,19.66,18.91,18.15,21.51,22.11,19.1,17.8
2016-11-27T01:00,2016-11-27,1,19.0,19.98,17.74,18.14,18.5,17.53,20.73,20.57,18.91,17.26
2016-11-27T02:00,2016-11-27,2,18.51,19.53,17.43,17.45,17.34,17.29,20.3,20.73,18.22,16.86
2016-11-27T03:00,2016-11-27,3,18.01,18.73,17.42,16.7,16.61,16.96,19.98,21.26,17.68,16.46
2016-11-27T04:00,2016-11-27,4,17.61,18.14,17.46,16.17,16.1,16.4,19.65,21.21,17.35,16.17
2016-11-27T05:00,2016-11-27,5,17.3,17.71,17.45,15.86,15.69,15.87,19.36,21.19,17.22,15.79
2016-11-27T06:00,2016-11-27,6,17.04,17.25,17.44,15.67,15.36,15.66,19.22,21.05,16.97,15.52
2016-11-27T07:00,2016-11-27,7,17.21,17.46,17.7,16.17,15.72,16.24,19.14,20.88,16.91,15.51
2016-11-27T08:00,2016-11-27,8,19.67,20.21,19.45,18.26,18.64,18.69,21.0,22.05,19.9,18.53
2016-11-27T09:00,2016-11-27,9,22.31,22.82,21.35,20.92,21.82,21.49,23.42,23.59,22.9,21.73
2016-11-27T10:00,2016-11-27,10,24.35,24.75,23.32,23.66,24.12,23.62,24.91,24.91,25.0,23.95
2016-11-27T11:00,2016-11-27,11,25.6,25.82,24.77,25.17,25.45,24.89,26.07,25.87,26.19,25.44
2016-11-27T12:00,2016-11-27,12,26.33,26.5,25.52,25.93,26.29,25.71,26.71,26.43,26.96,26.26
2016-11-27T13:00,2016-11-27,13,26.41,26.57,25.69,26.06,26.32,25.71,26.84,26.61,26.83,26.41
2016-11-27T14:00,2016-11-27,14,26.48,26.65,25.68,26.08,26.57,25.85,26.71,26.51,27.0,26.62
2016-11-27T15:00,2016-11-27,15,26.32,26.54,25.43,26.0,26.47,25.7,26.51,26.26,26.83,26.4
2016-11-27T16:00,2016-11-27,16,25.93,26.1,24.82,25.62,26.07,25.21,26.19,25.84,26.54,26.14
2016-11-27T17:00,2016-11-27,17,25.07,25.35,23.77,24.69,24.98,24.0,25.4,24.98,25.86,25.37
2016-11-27T18:00,2016-11-27,18,23.81,24.14,22.64,23.62,23.17,22.5,24.2,23.8,24.56,24.16
2016-11-27T19:00,2016-11-27,19,22.72,23.2,21.55,22.66,21.57,21.31,23.24,23.02,23.26,22.91
2016-11-27T20:00,2016-11-27,20,21.97,22.59,20.93,21.9,20.47,20.18,22.68,22.63,22.31,22.01
2016-11-27T21:00,2016-11-27,21,21.33,21.91,20.85,21.25,19.71,19.09,22.18,22.36,21.5,21.33
2016-11-27T22:00,2016-11-27,22,20.82,21.42,20.0,20.65,19.37,19.0,21.87,22.25,20.79,20.57
2016-11-27T23:00,2016-11-27,23,20.33,20.74,19.25,20.15,18.98,18.98,21.53,22.36,20.24,19.96
2016-11-28T00:00,2016-11-28,0,19.76,20.0,18.73,19.48,18.2,18.64,21.18,22.13,19.82,19.38
2016-11-28T01:00,2016-11-28,1,19.02,19.66,18.5,17.26,17.78,18.15,20.48,20.57,19.07,18.92
2016-11-28T02:00,2016-11-28,2,18.64,19.31,18.14,16.76,17.58,17.52,19.96,20.15,18.63,18.79
2016-11-28T03:00,2016-11-28,3,18.21,18.54,17.81,16.61,17.14,16.8,19.57,20.22,18.31,18.59
2016-11-28T04:00,2016-11-28,4,17.7,17.64,17.54,16.3,16.33,16.33,19.1,20.28,18.11,18.18
2016-11-28T05:00,2016-11-28,5,17.51,17.36,17.35,16.14,16.13,16.23,18.85,20.63,17.86,17.93
2016-11-28T06:00,2016-11-28,6,17.35,17.24,17.28,15.98,15.98,16.15,18.52,20.63,17.64,17.73
2016-11-28T07:00,2016-11-28,7,17.61,17.54,17.96,16.56,16.56,16.51,18.68,20.45,17.66,17.44
2016-11-28T08:00,2016-11-28,8,20.02,20.16,20.55,18.99,19.49,19.41,20.71,21.35,20.2,19.57
2016-11-28T09:00,2016-11-28,9,22.49,22.7,22.48,21.79,21.68,21.86,23.22,23.2,22.95,22.03
2016-11-28T10:00,2016-11-28,10,24.23,24.44,23.94,23.87,23.22,23.36,25.0,24.7,24.7,24.07
2016-11-28T11:00,2016-11-28,11,25.18,25.25,24.91,24.81,24.35,24.51,25.99,25.36,25.73,25.05
2016-11-28T12:00,2016-11-28,12,25.73,25.77,25.42,25.17,25.19,25.24,26.51,25.7,26.24,25.81
2016-11-28T13:00,2016-11-28,13,26.2,26.3,25.79,25.85,25.54,25.38,26.98,26.56,26.52,26.31
2016-11-28T14:00,2016-11-28,14,26.33,26.52,25.71,25.99,25.95,25.48,27.06,26.62,26.54,26.4
2016-11-28T15:00,2016-11-28,15,26.12,26.29,25.3,25.75,25.78,25.31,26.89,26.46,26.44,26.24
2016-11-28T16:00,2016-11-28,16,25.83,26.06,24.79,25.5,25.51,24.82,26.59,26.06,26.22,25.93
2016-11-28T17:00,2016-11-28,17,24.94,25.19,23.74,24.53,24.73,23.73,25.63,25.06,25.49,25.19
2016-11-28T18:00,2016-11-28,18,23.53,23.68,22.41,23.05,23.02,22.53,24.36,23.72,24.11,24.01
2016-11-28T19:00,2016-11-28,19,22.41,22.37,22.49,21.88,21.54,20.94,23.35,22.86,22.85,22.84
2016-11-28T20:00,2016-11-28,20,21.44,21.3,22.0,20.81,20.91,19.95,22.38,21.92,21.74,21.83
2016-11-28T21:00,2016-11-28,21,20.7,20.37,21.48,19.9,20.6,19.17,21.73,21.32,20.97,21.18
2016-11-28T22:00,2016-11-28,22,20.1,19.78,20.74,19.26,20.1,18.53,20.96,20.99,20.37,20.69
2016-11-28T23:00,2016-11-28,23,19.55,19.29,19.71,18.6,19.67,18.27,20.34,20.73,19.85,20.15
2016-11-29T00:00,2016-11-29,0,19.16,19.13,18.6,18.21,19.05,17.92,19.82,20.98,19.58,19.46
2016-11-29T01:00,2016-11-29,1,18.75,18.97,18.31,17.93,18.3,17.35,19.4,21.27,19.13,18.18
2016-11-29T02:00,2016-11-29,2,18.72,19.36,18.1,18.17,18.0,17.27,19.12,21.08,18.83,17.9
2016-11-29T03:00,2016-11-29,3,18.58,19.4,17.87,18.31,17.61,17.26,18.81,20.67,18.47,17.7
2016-11-29T04:00,2016-11-29,4,18.32,19.14,17.66,17.93,17.21,17.23,18.59,20.4,18.15,17.48
2016-11-29T05:00,2016-11-29,5,18.11,18.92,17.61,17.61,16.74,17.14,18.49,20.24,18.09,17.14
2016-11-29T06:00,2016-11-29,6,17.93,18.71,17.59,17.11,16.65,17.01,18.33,19.86,18.18,16.87
2016-11-29T07:00,2016-11-29,7,17.87,18.5,18.11,16.99,16.76,17.35,18.31,19.36,18.02,16.75
2016-11-29T08:00,2016-11-29,8,19.88,20.22,19.93,18.93,19.62,19.66,20.53,20.63,19.84,19.36
2016-11-29T09:00,2016-11-29,9,22.44,22.88,22.2,21.42,22.15,21.98,23.06,21.78,22.86,22.37
2016-11-29T10:00,2016-11-29,10,24.39,24.63,23.94,23.85,24.14,23.89,24.93,23.76,24.83,24.49
2016-11-29T11:00,2016-11-29,11,25.58,25.69,25.23,25.17,25.44,25.14,26.05,25.23,25.92,25.77
2016-11-29T12:00,2016-11-29,12,26.28,26.37,25.84,25.83,26.34,25.9,26.72,25.97,26.5,26.56
2016-11-29T13:00,2016-11-29,13,26.65,26.71,26.2,26.46,26.65,25.95,27.21,26.51,26.94,26.65
2016-11-29T14:00,2016-11-29,14,26.74,26.92,26.14,26.39,26.64,26.03,27.43,26.67,26.92,26.77
2016-11-29T15:00,2016-11-29,15,26.69,26.91,26.08,26.44,26.69,25.9,27.38,26.56,26.81,26.69
2016-11-29T16:00,2016-11-29,16,26.29,26.53,25.35,26.04,26.27,25.42,27.04,26.11,26.5,26.42
2016-11-29T17:00,2016-11-29,17,25.31,25.58,24.29,25.04,25.28,24.09,26.11,25.07,25.59,25.52
2016-11-29T18:00,2016-11-29,18,23.93,24.31,22.95,23.57,23.77,22.52,24.68,23.92,24.27,24.04
2016-11-29T19:00,2016-11-29,19,22.66,23.1,22.08,22.1,22.03,21.45,23.43,22.83,23.07,22.53
2016-11-29T20:00,2016-11-29,20,21.78,22.1,21.79,21.17,21.18,20.57,22.59,22.09,22.18,21.37
2016-11-29T21:00,2016-11-29,21,21.03,21.06,20.91,20.34,21.16,19.89,21.78,21.99,21.63,20.49
2016-11-29T22:00,2016-11-29,22,20.38,20.39,19.97,19.66,20.44,19.19,21.16,21.97,21.17,19.63
2016-11-29T23:00,2016-11-29,23,20.06,20.51,19.36,19.06,19.78,19.03,20.54,21.89,21.0,18.89
2016-11-30T00:00,2016-11-30,0,19.75,20.6,19.1,18.71,18.92,18.64,20.13,21.48,20.62,18.3
2016-11-30T01:00,2016-11-30,1,19.37,20.26,18.76,18.17,18.43,18.3,19.94,20.85,20.33,17.83
2016-11-30T02:00,2016-11-30,2,18.91,19.82,18.13,17.67,17.95,18.09,19.66,20.24,19.68,17.47
2016-11-30T03:00,2016-11-30,3,18.44,19.12,17.81,17.15,17.62,17.86,19.68,19.66,18.85,17.22
2016-11-30T04:00,2016-11-30,4,18.0,18.61,17.59,16.74,17.15,17.32,19.55,19.08,18.26,16.77
2016-11-30T05:00,2016-11-30,5,17.72,18.24,17.59,16.48,17.03,16.85,19.35,18.38,18.18,16.41
2016-11-30T06:00,2016-11-30,6,17.4,17.69,17.74,16.35,16.92,16.64,18.93,17.85,17.78,16.15
2016-11-30T07:00,2016-11-30,7,17.48,17.75,17.98,16.81,16.9,17.1,18.59,18.25,17.64,16.11
2016-11-30T08:00,2016-11-30,8,19.76,20.21,19.77,19.87,19.28,19.9,20.21,20.77,18.89,18.77
2016-11-30T09:00,2016-11-30,9,22.5,22.96,22.13,22.64,22.28,22.62,22.72,22.73,21.76,22.04
2016-11-30T10:00,2016-11-30,10,24.59,24.86,24.47,24.7,24.32,24.4,24.82,24.66,24.29,24.3
2016-11-30T11:00,2016-11-30,11,25.95,26.11,25.99,25.96,25.76,25.54,26.09,25.77,25.99,25.83
2016-11-30T12:00,2016-11-30,12,26.77,26.87,26.93,26.69,26.71,26.38,26.84,26.37,26.85,26.82
2016-11-30T13:00,2016-11-30,13,27.14,27.29,27.47,27.15,27.07,26.59,27.32,26.79,26.95,27.08
2016-11-30T14:00,2016-11-30,14,27.32,27.5,27.45,27.37,27.3,26.67,27.49,26.94,27.17,27.3
2016-11-30T15:00,2016-11-30,15,27.21,27.44,27.18,27.28,27.11,26.56,27.38,26.87,27.11,27.21
2016-11-30T16:00,2016-11-30,16,26.77,27.05,26.22,26.83,26.72,25.95,27.03,26.43,26.83,26.82
2016-11-30T17:00,2016-11-30,17,25.74,26.08,24.96,25.71,25.69,24.41,26.13,25.43,26.04,25.87
2016-11-30T18:00,2016-11-30,18,24.12,24.41,23.6,23.86,23.92,22.65,24.55,23.92,24.62,24.3
2016-11-30T19:00,2016-11-30,19,22.83,23.08,22.26,22.31,22.46,21.3,23.35,22.99,23.55,22.98
2016-11-30T20:00,2016-11-30,20,21.84,21.97,21.34,21.09,21.53,20.14,22.45,22.45,22.86,21.98
2016-11-30T21:00,2016-11-30,21,21.09,21.18,20.35,20.2,20.71,19.49,21.65,22.48,22.34,21.0
2016-11-30T22:00,2016-11-30,22,20.45,20.63,19.35,19.49,19.73,19.12,21.01,22.16,21.81,20.21
2016-11-30T23:00,2016-11-30,23,20.03,20.3,19.29,19.11,19.09,19.0,20.62,21.62,21.36,19.3
2016-12-01T00:00,2016-12-01,0,19.62,19.93,18.78,18.71,18.73,18.83,20.45,21.11,20.77,18.65
2016-12-01T01:00,2016-12-01,1,19.56,20.29,18.84,19.41,18.4,17.93,20.29,20.77,20.1,18.24
2016-12-01T02:00,2016-12-01,2,18.88,19.1,18.57,18.0,18.24,17.95,20.35,19.92,19.49,17.87
2016-12-01T03:00,2016-12-01,3,18.21,18.11,18.44,17.0,17.91,17.64,20.14,18.71,18.56,17.62
2016-12-01T04:00,2016-12-01,4,17.75,17.69,18.49,16.6,16.99,16.82,19.92,18.3,17.79,17.2
2016-12-01T05:00,2016-12-01,5,17.62,17.63,18.7,16.87,16.55,16.23,19.63,18.25,17.59,16.94
2016-12-01T06:00,2016-12-01,6,17.49,17.49,18.66,16.92,16.33,16.1,19.21,17.9,17.66,16.8
2016-12-01T07:00,2016-12-01,7,17.59,17.72,18.92,17.16,16.39,16.44,18.8,17.93,17.64,16.78
2016-12-01T08:00,2016-12-01,8,19.65,19.77,20.16,18.5,19.63,19.57,20.46,19.89,19.67,19.34
2016-12-01T09:00,2016-12-01,9,22.29,22.36,22.08,20.99,22.8,22.26,23.18,21.65,22.71,22.36
2016-12-01T10:00,2016-12-01,10,24.49,24.52,23.75,23.86,24.86,24.28,25.27,24.11,25.03,24.4
2016-12-01T11:00,2016-12-01,11,26.06,26.25,25.35,26.04,26.17,25.64,26.42,25.76,26.3,25.87
2016-12-01T12:00,2016-12-01,12,26.84,27.08,25.99,27.06,26.84,26.44,27.13,26.62,26.96,26.6
2016-12-01T13:00,2016-12-01,13,27.25,27.46,27.12,27.45,27.23,26.91,27.55,27.04,27.2,26.73
2016-12-01T14:00,2016-12-01,14,27.36,27.6,27.05,27.58,27.49,27.05,27.73,27.18,27.35,26.61
2016-12-01T15:00,2016-12-01,15,27.29,27.6,26.96,27.45,27.38,26.86,27.63,27.06,27.31,26.57
2016-12-01T16:00,2016-12-01,16,26.88,27.22,26.2,27.03,26.93,26.27,27.31,26.59,27.0,26.33
2016-12-01T17:00,2016-12-01,17,25.86,26.28,25.17,25.67,25.78,24.92,26.37,25.53,26.19,25.52
2016-12-01T18:00,2016-12-01,18,24.3,24.45,24.06,24.22,24.1,23.37,24.71,23.92,24.7,24.27
2016-12-01T19:00,2016-12-01,19,22.96,22.99,23.28,23.06,22.57,21.78,23.16,23.08,23.21,23.03
2016-12-01T20:00,2016-12-01,20,22.02,22.19,22.75,21.77,21.35,20.46,22.12,22.93,21.99,22.23
2016-12-01T21:00,2016-12-01,21,21.4,21.81,22.77,20.7,20.51,19.54,21.33,22.55,21.06,21.68
2016-12-01T22:00,2016-12-01,22,20.78,21.21,22.57,20.03,19.88,18.65,20.61,21.98,20.24,21.25
2016-12-01T23:00,2016-12-01,23,20.04,20.47,21.72,19.17,19.23,18.01,20.01,21.37,19.62,20.27
2016-12-02T00:00,2016-12-02,0,19.4,19.8,20.86,18.21,18.69,17.66,19.96,21.16,19.16,18.98
2016-12-02T01:00,2016-12-02,1,19.51,19.77,20.67,18.7,18.65,17.54,21.02,21.09,19.16,18.77
2016-12-02T02:00,2016-12-02,2,19.15,19.41,20.52,18.12,18.37,17.28,20.62,20.57,18.86,18.4
2016-12-02T03:00,2016-12-02,3,18.85,19.01,20.54,17.64,18.22,17.16,20.3,19.86,18.68,18.15
2016-12-02T04:00,2016-12-02,4,18.47,18.55,20.33,17.15,17.74,16.79,19.84,19.36,18.56,17.9
2016-12-02T05:00,2016-12-02,5,18.14,18.14,20.29,16.78,17.26,16.53,19.41,18.91,18.44,17.59
2016-12-02T06:00,2016-12-02,6,17.74,17.75,20.32,16.45,16.78,16.33,18.25,18.3,18.2,17.36
2016-12-02T07:00,2016-12-02,7,17.58,17.53,20.52,16.63,16.66,16.46,17.82,17.8,17.75,17.26
2016-12-02T08:00,2016-12-02,8,20.59,20.84,22.24,20.51,19.96,20.05,20.63,21.15,20.2,19.67
2016-12-02T09:00,2016-12-02,9,23.54,23.84,24.18,23.66,22.99,23.07,23.72,23.84,23.44,22.55
2016-12-02T10:00,2016-12-02,10,25.45,25.81,26.06,25.72,25.01,24.77,25.6,25.39,25.36,24.49
2016-12-02T11:00,2016-12-02,11,26.61,26.96,27.27,26.88,26.2,25.93,26.71,26.41,26.48,25.72
2016-12-02T12:00,2016-12-02,12,27.27,27.58,27.9,27.56,27.01,26.56,27.44,27.04,27.2,26.29
2016-12-02T13:00,2016-12-02,13,27.51,27.83,28.0,27.77,27.45,26.96,27.86,27.36,27.46,26.22
2016-12-02T14:00,2016-12-02,14,27.69,28.02,27.9,27.97,27.71,27.14,28.09,27.49,27.73,26.36
2016-12-02T15:00,2016-12-02,15,27.58,27.97,27.57,27.87,27.64,27.02,27.98,27.29,27.7,26.13
2016-12-02T16:00,2016-12-02,16,27.13,27.55,26.86,27.39,27.22,26.45,27.6,26.77,27.25,25.89
2016-12-02T17:00,2016-12-02,17,26.04,26.51,25.98,26.14,25.97,24.77,26.69,25.68,26.16,25.04
2016-12-02T18:00,2016-12-02,18,24.42,24.72,24.86,24.24,24.07,22.89,25.21,24.37,24.66,23.66
2016-12-02T19:00,2016-12-02,19,23.12,23.4,23.99,22.7,22.7,21.53,23.8,23.65,23.25,22.39
2016-12-02T20:00,2016-12-02,20,22.23,22.65,23.36,21.74,21.6,20.28,22.8,23.22,22.12,21.53
2016-12-02T21:00,2016-12-02,21,21.44,21.86,22.9,20.87,20.62,19.39,22.07,22.51,21.26,20.72
2016-12-02T22:00,2016-12-02,22,20.7,20.88,22.42,20.03,19.95,18.66,21.56,22.06,20.54,20.08
2016-12-02T23:00,2016-12-02,23,20.24,20.39,22.13,19.39,19.33,18.38,21.17,22.07,20.04,19.47
2016-12-03T00:00,2016-12-03,0,19.72,19.7,21.68,18.88,18.8,18.07,20.86,21.77,19.48,18.89
2016-12-03T01:00,2016-12-03,1,19.21,19.18,21.85,18.34,18.23,17.74,20.38,20.39,19.0,18.21
2016-12-03T02:00,2016-12-03,2,18.84,18.81,21.72,17.95,17.92,17.37,19.99,19.54,18.67,17.85
2016-12-03T03:00,2016-12-03,3,18.44,18.43,21.22,17.64,17.54,17.06,19.47,18.71,18.31,17.6
2016-12-03T04:00,2016-12-03,4,18.1,18.14,21.04,17.34,17.18,16.65,18.92,18.26,17.95,17.35
2016-12-03T05:00,2016-12-03,5,17.84,17.82,21.02,17.28,16.78,16.33,18.51,18.28,17.65,17.02
2016-12-03T06:00,2016-12-03,6,17.6,17.47,21.13,16.99,16.54,16.06,18.28,18.45,17.38,16.68
2016-12-03T07:00,2016-12-03,7,17.74,17.54,21.5,17.35,16.76,16.46,18.37,18.84,17.26,16.57
2016-12-03T08:00,2016-12-03,8,20.43,20.46,22.92,20.52,19.7,19.61,20.92,21.51,19.64,19.16
2016-12-03T09:00,2016-12-03,9,23.23,23.25,24.73,23.47,22.85,22.77,23.62,23.91,22.58,22.22
2016-12-03T10:00,2016-12-03,10,25.25,25.36,26.16,25.63,24.96,24.78,25.53,25.52,24.94,24.22
2016-12-03T11:00,2016-12-03,11,26.48,26.62,26.96,26.86,26.2,25.94,26.7,26.58,26.46,25.55
2016-12-03T12:00,2016-12-03,12,27.27,27.41,27.73,27.51,27.17,26.74,27.47,27.13,27.43,26.41
2016-12-03T13:00,2016-12-03,13,27.61,27.72,28.23,27.74,27.39,27.14,27.88,27.42,27.84,26.7
2016-12-03T14:00,2016-12-03,14,27.79,27.97,28.21,27.85,27.74,27.3,28.11,27.53,27.97,26.92
2016-12-03T15:00,2016-12-03,15,27.71,27.94,27.96,27.66,27.79,27.09,28.03,27.37,27.9,26.98
2016-12-03T16:00,2016-12-03,16,27.11,27.39,27.3,27.0,27.2,26.3,27.5,26.74,27.24,26.49
2016-12-03T17:00,2016-12-03,17,25.68,26.01,25.97,25.44,25.78,24.51,26.06,25.35,25.76,25.24
2016-12-03T18:00,2016-12-03,18,24.09,24.42,24.64,23.86,23.99,22.67,24.53,24.02,24.04,23.66
2016-12-03T19:00,2016-12-03,19,22.92,23.21,23.8,22.69,22.65,21.42,23.31,23.07,22.95,22.41
2016-12-03T20:00,2016-12-03,20,22.03,22.33,23.11,21.8,21.72,20.38,22.44,22.26,22.07,21.32
2016-12-03T21:00,2016-12-03,21,21.29,21.63,22.49,21.02,20.96,19.71,21.65,21.62,21.31,20.44
2016-12-03T22:00,2016-12-03,22,20.61,20.99,21.85,20.21,20.24,19.33,20.94,20.97,20.59,19.64
2016-12-03T23:00,2016-12-03,23,20.02,20.47,21.39,19.4,19.56,19.11,20.4,20.41,19.87,19.01
2016-12-04T00:00,2016-12-04,0,19.47,19.96,20.96,18.69,18.87,18.65,19.89,19.97,19.26,18.44
2016-12-04T01:00,2016-12-04,1,19.05,19.49,20.57,18.27,18.36,19.13,19.46,19.71,18.72,17.63
2016-12-04T02:00,2016-12-04,2,18.58,19.05,20.22,17.75,17.87,18.34,19.12,19.46,18.28,17.0
2016-12-04T03:00,2016-12-04,3,18.2,18.65,19.96,17.4,17.5,17.47,18.85,19.31,17.9,16.55
2016-12-04T04:00,2016-12-04,4,17.91,18.33,19.78,17.19,17.18,16.91,18.68,19.15,17.59,16.2
2016-12-04T05:00,2016-12-04,5,17.63,18.02,19.57,16.9,16.88,16.44,18.54,18.95,17.35,15.9
2016-12-04T06:00,2016-12-04,6,17.35,17.7,19.38,16.65,16.65,15.88,18.38,18.71,17.1,15.61
2016-12-04T07:00,2016-12-04,7,17.35,17.67,19.48,16.68,16.72,15.91,18.35,18.78,17.07,15.47
2016-12-04T08:00,2016-12-04,8,19.62,19.79,21.34,19.4,19.16,19.06,20.23,20.45,19.34,18.05
2016-12-04T09:00,2016-12-04,9,22.5,22.45,23.57,22.09,22.38,22.4,22.9,22.76,22.6,21.68
2016-12-04T10:00,2016-12-04,10,24.62,24.65,25.29,24.36,24.73,24.57,24.9,24.51,24.75,23.9
2016-12-04T11:00,2016-12-04,11,26.11,26.23,26.65,26.09,26.23,26.17,26.22,25.85,26.09,25.33
2016-12-04T12:00,2016-12-04,12,27.09,27.25,27.62,27.17,27.22,27.2,27.1,26.71,26.98,26.31
2016-12-04T13:00,2016-12-04,13,27.7,27.87,28.24,28.1,27.94,28.07,27.49,27.32,27.35,26.81
2016-12-04T14:00,2016-12-04,14,27.99,28.26,28.46,28.41,28.27,28.31,27.66,27.56,27.55,27.15
2016-12-04T15:00,2016-12-04,15,27.88,28.18,28.25,28.33,28.12,28.09,27.6,27.48,27.42,27.09
2016-12-04T16:00,2016-12-04,16,27.24,27.56,27.48,27.64,27.4,27.16,26.98,26.91,26.86,26.63
2016-12-04T17:00,2016-12-04,17,25.66,25.86,26.14,25.84,25.7,25.12,25.68,25.43,25.33,25.37
2016-12-04T18:00,2016-12-04,18,23.97,24.16,24.58,24.2,23.86,23.08,24.11,23.97,23.59,23.66
2016-12-04T19:00,2016-12-04,19,22.81,23.1,23.68,23.1,22.65,21.71,23.06,23.16,22.24,22.1
2016-12-04T20:00,2016-12-04,20,21.9,22.26,23.03,22.22,21.54,20.89,22.16,22.55,21.17,20.87
2016-12-04T21:00,2016-12-04,21,21.05,21.41,22.48,21.31,20.5,20.11,21.34,21.97,20.35,19.74
2016-12-04T22:00,2016-12-04,22,20.29,20.54,21.94,20.42,19.57,19.84,20.66,21.42,19.66,18.77
2016-12-04T23:00,2016-12-04,23,19.58,19.77,21.47,19.52,18.8,19.27,20.05,20.84,18.95,17.99
2016-12-05T00:00,2016-12-05,0,18.89,19.03,20.91,18.74,18.2,18.11,19.47,20.27,18.38,17.36
2016-12-05T01:00,2016-12-05,1,18.4,18.53,20.44,18.18,17.77,17.02,19.05,19.75,18.15,16.9
2016-12-05T02:00,2016-12-05,2,17.92,18.06,19.88,17.48,17.27,16.58,18.7,19.25,17.8,16.47
2016-12-05T03:00,2016-12-05,3,17.52,17.76,19.3,16.9,16.86,16.37,18.35,18.87,17.39,15.99
2016-12-05T04:00,2016-12-05,4,17.22,17.55,18.78,16.66,16.51,16.11,18.06,18.6,17.02,15.58
2016-12-05T05:00,2016-12-05,5,16.88,17.26,18.3,16.52,16.14,15.56,17.7,18.37,16.68,15.18
2016-12-05T06:00,2016-12-05,6,16.61,17.03,18.0,16.48,15.67,15.17,17.39,18.15,16.35,14.87
2016-12-05T07:00,2016-12-05,7,16.67,17.05,18.58,16.7,15.46,15.58,17.31,18.15,16.22,14.74
2016-12-05T08:00,2016-12-05,8,18.78,18.88,20.5,18.91,18.32,18.53,19.04,19.66,18.22,17.39
2016-12-05T09:00,2016-12-05,9,21.63,21.71,22.43,21.68,21.91,22.07,21.46,21.98,21.07,20.92
2016-12-05T10:00,2016-12-05,10,24.0,24.22,24.35,24.14,24.66,24.56,23.55,23.98,23.43,23.32
2016-12-05T11:00,2016-12-05,11,25.86,26.21,26.13,26.1,26.63,26.36,25.2,25.64,25.23,25.14
2016-12-05T12:00,2016-12-05,12,27.09,27.51,27.4,27.39,27.83,27.55,26.35,26.77,26.43,26.32
2016-12-05T13:00,2016-12-05,13,27.57,27.91,28.09,27.8,28.23,28.27,26.83,27.16,26.93,26.8
2016-12-05T14:00,2016-12-05,14,27.97,28.3,28.34,28.27,28.64,28.58,27.25,27.51,27.39,27.24
2016-12-05T15:00,2016-12-05,15,27.96,28.31,28.18,28.25,28.57,28.47,27.31,27.51,27.46,27.28
2016-12-05T16:00,2016-12-05,16,27.37,27.76,27.29,27.54,27.96,27.58,26.84,26.95,27.0,26.85
2016-12-05T17:00,2016-12-05,17,25.92,26.3,25.93,25.92,26.53,25.73,25.41,25.48,25.67,25.72
2016-12-05T18:00,2016-12-05,18,23.99,24.25,24.41,24.01,24.2,23.35,23.68,23.88,23.72,23.93
2016-12-05T19:00,2016-12-05,19,22.58,22.85,23.25,22.61,22.55,21.58,22.45,22.85,22.27,22.33
2016-12-05T20:00,2016-12-05,20,21.56,21.82,22.36,21.49,21.4,20.6,21.56,21.98,21.28,21.13
2016-12-05T21:00,2016-12-05,21,20.72,21.03,21.49,20.55,20.45,19.88,20.8,21.25,20.44,20.23
2016-12-05T22:00,2016-12-05,22,20.01,20.37,20.53,19.71,19.62,19.67,20.1,20.54,19.71,19.5
2016-12-05T23:00,2016-12-05,23,19.35,19.77,19.81,18.85,18.77,19.11,19.51,19.97,19.12,18.81
2016-12-06T00:00,2016-12-06,0,18.75,19.17,19.16,18.11,18.03,18.56,18.99,19.6,18.6,18.23
2016-12-06T01:00,2016-12-06,1,18.31,18.74,18.78,17.56,17.55,18.09,18.66,19.31,18.15,17.63
2016-12-06T02:00,2016-12-06,2,17.84,18.31,18.43,17.12,17.01,16.84,18.39,19.03,17.69,17.13
2016-12-06T03:00,2016-12-06,3,17.46,17.93,18.19,16.71,16.55,16.29,18.09,18.75,17.33,16.77
2016-12-06T04:00,2016-12-06,4,17.07,17.49,17.68,16.3,16.09,15.84,17.75,18.47,17.03,16.47
2016-12-06T05:00,2016-12-06,5,16.75,17.14,17.52,15.87,15.83,15.39,17.44,18.07,16.75,16.27
2016-12-06T06:00,2016-12-06,6,16.44,16.76,17.46,15.46,15.46,14.84,17.16,17.81,16.51,16.09
2016-12-06T07:00,2016-12-06,7,16.41,16.66,17.73,15.52,15.43,14.91,17.08,17.81,16.35,16.05
2016-12-06T08:00,2016-12-06,8,18.62,18.72,19.79,18.82,18.14,18.24,18.69,19.81,17.95,17.86
2016-12-06T09:00,2016-12-06,9,21.59,21.66,21.86,21.55,22.18,21.92,21.25,22.29,20.88,21.42
2016-12-06T10:00,2016-12-06,10,24.14,24.38,24.2,24.09,25.16,24.59,23.48,24.34,23.34,24.06
2016-12-06T11:00,2016-12-06,11,26.16,26.53,26.23,26.03,27.28,26.56,25.38,25.94,25.43,25.96
2016-12-06T12:00,2016-12-06,12,27.5,27.9,27.54,27.34,28.62,27.93,26.66,27.02,26.94,27.33
2016-12-06T13:00,2016-12-06,13,27.87,28.12,28.35,27.7,28.81,28.58,26.98,27.26,27.26,27.87
2016-12-06T14:00,2016-12-06,14,28.24,28.47,28.52,28.08,29.18,28.82,27.43,27.56,27.81,28.3
2016-12-06T15:00,2016-12-06,15,28.22,28.51,28.19,28.07,29.08,28.55,27.52,27.52,27.93,28.28
2016-12-06T16:00,2016-12-06,16,27.6,27.95,26.98,27.48,28.34,27.43,27.12,27.01,27.57,27.75
2016-12-06T17:00,2016-12-06,17,26.23,26.67,25.49,26.08,26.67,25.69,26.0,25.75,26.32,26.26
2016-12-06T18:00,2016-12-06,18,24.11,24.33,23.75,23.74,24.31,24.15,24.03,23.93,24.26,24.04
2016-12-06T19:00,2016-12-06,19,22.35,22.29,22.3,21.89,22.45,22.72,22.33,22.41,22.63,22.41
2016-12-06T20:00,2016-12-06,20,21.11,20.88,21.21,20.56,21.04,21.53,21.26,21.23,21.46,21.36
2016-12-06T21:00,2016-12-06,21,20.17,19.94,20.29,19.54,19.8,20.55,20.57,20.43,20.53,20.45
2016-12-06T22:00,2016-12-06,22,19.44,19.26,19.6,18.71,18.73,20.14,19.98,19.82,19.68,19.61
2016-12-06T23:00,2016-12-06,23,18.75,18.56,18.91,17.88,17.84,19.71,19.49,19.28,18.95,18.85
2016-12-07T00:00,2016-12-07,0,18.09,17.85,18.47,17.16,17.15,18.79,19.04,18.74,18.33,18.06
2016-12-07T01:00,2016-12-07,1,17.61,17.53,18.38,16.79,16.54,18.26,18.48,18.25,17.67,17.19
2016-12-07T02:00,2016-12-07,2,17.11,17.2,17.81,16.23,16.19,17.3,18.06,17.89,17.08,16.53
2016-12-07T03:00,2016-12-07,3,16.67,16.88,17.42,15.55,16.31,16.13,17.71,17.64,16.5,16.01
2016-12-07T04:00,2016-12-07,4,16.24,16.47,17.16,15.03,16.07,15.15,17.41,17.52,15.96,15.52
2016-12-07T05:00,2016-12-07,5,15.88,16.11,17.17,14.61,15.55,14.54,17.12,17.33,15.57,15.11
2016-12-07T06:00,2016-12-07,6,15.46,15.48,17.0,14.18,14.82,14.11,16.86,17.08,15.32,14.8
2016-12-07T07:00,2016-12-07,7,15.41,15.18,17.53,14.62,14.52,14.37,16.69,16.92,15.24,14.63
2016-12-07T08:00,2016-12-07,8,18.07,18.32,19.42,17.77,17.54,17.82,18.54,19.45,17.25,16.93
2016-12-07T09:00,2016-12-07,9,21.58,21.84,21.94,21.51,22.15,21.87,21.26,22.26,20.62,21.19
2016-12-07T10:00,2016-12-07,10,24.21,24.46,24.58,24.35,25.05,24.47,23.62,24.37,23.3,23.97
2016-12-07T11:00,2016-12-07,11,26.15,26.35,26.77,26.3,26.9,26.24,25.54,25.94,25.41,25.94
2016-12-07T12:00,2016-12-07,12,27.4,27.55,28.21,27.53,27.96,27.46,26.77,27.0,26.87,27.22
2016-12-07T13:00,2016-12-07,13,27.82,27.88,28.77,27.93,28.34,28.31,27.14,27.17,27.34,27.65
2016-12-07T14:00,2016-12-07,14,28.18,28.29,28.92,28.3,28.65,28.55,27.53,27.51,27.83,28.01
2016-12-07T15:00,2016-12-07,15,28.1,28.3,28.46,28.23,28.57,28.29,27.51,27.44,27.85,27.96
2016-12-07T16:00,2016-12-07,16,27.47,27.74,27.3,27.6,27.85,27.24,27.04,26.88,27.36,27.48
2016-12-07T17:00,2016-12-07,17,26.02,26.37,25.87,26.07,26.21,25.18,25.67,25.54,26.03,26.18
2016-12-07T18:00,2016-12-07,18,23.82,24.03,24.23,23.6,23.8,22.64,23.88,23.54,23.93,23.97
2016-12-07T19:00,2016-12-07,19,22.01,21.98,22.79,21.65,21.86,21.4,22.22,21.8,22.27,21.92
2016-12-07T20:00,2016-12-07,20,20.82,20.59,21.52,20.49,20.55,20.78,21.18,21.51,20.98,20.56
2016-12-07T21:00,2016-12-07,21,19.91,19.48,20.92,19.56,19.6,20.21,20.39,20.96,19.92,19.56
2016-12-07T22:00,2016-12-07,22,18.89,18.51,20.13,18.35,18.41,19.84,19.16,19.34,18.94,18.66
2016-12-07T23:00,2016-12-07,23,18.05,17.8,19.27,17.35,17.76,19.41,18.4,17.57,17.98,17.78
2016-12-08T00:00,2016-12-08,0,17.43,17.33,18.36,16.85,17.18,18.47,17.95,17.2,17.21,16.94
2016-12-08T01:00,2016-12-08,1,17.06,17.13,18.1,16.45,17.48,17.48,17.65,16.94,16.68,16.07
2016-12-08T02:00,2016-12-08,2,16.39,16.35,17.65,15.92,15.42,16.73,17.32,16.63,16.31,15.52
2016-12-08T03:00,2016-12-08,3,15.97,15.84,17.41,15.5,14.67,16.37,17.02,16.34,16.09,14.92
2016-12-08T04:00,2016-12-08,4,15.63,15.51,17.3,15.09,14.51,15.74,16.75,16.15,15.78,14.38
2016-12-08T05:00,2016-12-08,5,15.33,15.22,17.04,14.75,14.71,14.83,16.51,16.02,15.44,13.97
2016-12-08T06:00,2016-12-08,6,15.09,14.91,17.22,14.45,14.87,14.11,16.21,16.05,15.15,13.65
2016-12-08T07:00,2016-12-08,7,14.99,14.61,17.53,14.39,14.7,14.1,16.14,16.39,14.95,13.53
2016-12-08T08:00,2016-12-08,8,17.65,17.85,19.07,17.96,16.87,17.37,18.05,19.14,16.93,16.03
2016-12-08T09:00,2016-12-08,9,21.23,21.56,21.49,21.53,21.62,21.52,20.98,22.19,20.26,20.24
2016-12-08T10:00,2016-12-08,10,23.89,24.27,24.34,24.35,24.52,24.13,23.35,24.27,22.89,22.99
2016-12-08T11:00,2016-12-08,11,25.85,26.17,26.58,26.31,26.45,25.99,25.23,25.89,24.96,25.01
2016-12-08T12:00,2016-12-08,12,27.09,27.3,28.05,27.56,27.57,27.25,26.39,26.91,26.38,26.45
2016-12-08T13:00,2016-12-08,13,27.5,27.63,28.59,28.0,27.96,28.0,26.69,27.29,26.74,26.87
2016-12-08T14:00,2016-12-08,14,27.84,27.97,28.73,28.36,28.32,28.23,27.07,27.54,27.21,27.3
2016-12-08T15:00,2016-12-08,15,27.74,27.92,28.27,28.22,28.22,28.03,27.05,27.46,27.21,27.29
2016-12-08T16:00,2016-12-08,16,27.08,27.33,27.1,27.47,27.54,27.14,26.56,26.83,26.69,26.76
2016-12-08T17:00,2016-12-08,17,25.6,25.91,25.51,25.84,26.02,25.23,25.23,25.43,25.3,25.35
2016-12-08T18:00,2016-12-08,18,23.46,23.74,23.6,23.58,23.6,22.47,23.43,23.57,23.29,23.22
2016-12-08T19:00,2016-12-08,19,21.78,21.97,21.96,21.86,22.05,20.66,21.94,22.26,21.61,21.35
2016-12-08T20:00,2016-12-08,20,20.59,20.72,20.95,20.62,20.87,19.65,20.86,21.34,20.34,19.95
2016-12-08T21:00,2016-12-08,21,19.6,19.86,19.98,19.47,19.8,18.52,19.99,20.33,19.35,18.87
2016-12-08T22:00,2016-12-08,22,18.77,19.18,19.27,18.39,18.5,17.77,19.23,19.26,18.66,17.93
2016-12-08T23:00,2016-12-08,23,18.1,18.55,18.81,17.49,17.53,17.46,18.54,18.4,18.1,17.26
2016-12-09T00:00,2016-12-09,0,17.58,17.94,18.38,16.83,16.81,17.89,17.94,17.83,17.63,16.67
2016-12-09T01:00,2016-12-09,1,17.13,17.39,17.6,16.42,16.39,18.51,17.56,17.52,17.13,15.92
2016-12-09T02:00,2016-12-09,2,16.74,16.98,17.57,15.93,15.84,17.83,17.28,17.39,16.76,15.44
2016-12-09T03:00,2016-12-09,3,16.36,16.64,17.22,15.54,15.47,16.98,17.05,17.3,16.35,14.94
2016-12-09T04:00,2016-12-09,4,15.97,16.16,17.13,15.21,15.22,15.81,16.84,17.23,15.92,14.54
2016-12-09T05:00,2016-12-09,5,15.6,15.89,17.09,15.02,14.66,14.54,16.6,17.07,15.38,14.09
2016-12-09T06:00,2016-12-09,6,15.31,15.66,17.15,14.7,14.25,14.14,16.32,16.95,14.95,13.72
2016-12-09T07:00,2016-12-09,7,15.27,15.57,17.55,14.71,14.12,14.25,16.2,16.93,14.71,13.56
2016-12-09T08:00,2016-12-09,8,17.35,17.47,19.18,17.55,16.83,17.3,17.67,18.88,16.58,15.47
2016-12-09T09:00,2016-12-09,9,20.44,20.44,21.69,20.73,20.76,21.49,20.26,21.49,19.53,18.84
2016-12-09T10:00,2016-12-09,10,22.97,22.96,24.08,23.53,23.58,24.05,22.43,23.6,22.06,21.59
2016-12-09T11:00,2016-12-09,11,24.95,25.05,26.07,25.58,25.5,25.75,24.23,25.27,24.05,23.82
2016-12-09T12:00,2016-12-09,12,26.24,26.35,27.44,26.8,26.77,26.89,25.46,26.28,25.37,25.34
2016-12-09T13:00,2016-12-09,13,26.39,26.52,27.79,27.1,26.74,27.41,25.58,26.46,25.3,25.26
2016-12-09T14:00,2016-12-09,14,26.72,26.85,27.98,27.39,27.06,27.64,25.97,26.74,25.71,25.75
2016-12-09T15:00,2016-12-09,15,26.71,26.85,27.75,27.32,27.06,27.54,26.01,26.65,25.75,25.89
2016-12-09T16:00,2016-12-09,16,26.12,26.3,26.85,26.65,26.51,26.68,25.55,26.09,25.25,25.43
2016-12-09T17:00,2016-12-09,17,24.66,24.77,25.48,25.14,25.0,24.87,24.21,24.85,23.86,24.05
2016-12-09T18:00,2016-12-09,18,22.73,22.85,23.74,23.14,22.84,22.6,22.49,23.2,21.91,22.12
2016-12-09T19:00,2016-12-09,19,21.35,21.57,22.4,21.68,21.4,20.86,21.24,21.89,20.65,20.47
2016-12-09T20:00,2016-12-09,20,20.34,20.6,21.49,20.58,20.38,19.81,20.3,21.0,19.71,19.21
2016-12-09T21:00,2016-12-09,21,19.52,19.78,20.89,19.76,19.34,18.99,19.52,20.36,18.94,18.18
2016-12-09T22:00,2016-12-09,22,18.83,19.1,20.34,19.08,18.54,18.17,18.88,19.8,18.22,17.4
2016-12-09T23:00,2016-12-09,23,18.19,18.46,19.8,18.4,17.68,17.44,18.29,19.2,17.58,16.88
2016-12-10T00:00,2016-12-10,0,17.62,17.94,19.15,17.73,16.92,17.0,17.77,18.65,17.0,16.36
2016-12-10T01:00,2016-12-10,1,17.0,17.39,18.69,17.21,16.23,16.54,17.12,18.26,16.16,15.4
2016-12-10T02:00,2016-12-10,2,16.6,17.0,18.28,16.79,15.77,16.68,16.69,17.98,15.66,14.85
2016-12-10T03:00,2016-12-10,3,16.21,16.62,18.17,16.38,15.43,15.99,16.32,17.72,15.22,14.33
2016-12-10T04:00,2016-12-10,4,15.82,16.29,18.14,15.96,14.94,15.23,15.94,17.47,14.78,13.81
2016-12-10T05:00,2016-12-10,5,15.48,15.97,17.99,15.59,14.51,14.88,15.63,17.23,14.37,13.38
2016-12-10T06:00,2016-12-10,6,15.14,15.58,17.92,15.25,14.14,14.44,15.34,17.05,14.0,12.94
2016-12-10T07:00,2016-12-10,7,15.03,15.42,18.1,15.19,13.89,14.46,15.19,16.99,13.88,12.69
2016-12-10T08:00,2016-12-10,8,16.84,17.01,19.54,17.66,16.37,16.89,16.64,18.51,15.47,14.55
2016-12-10T09:00,2016-12-10,9,19.72,19.71,22.14,20.31,19.69,20.87,19.18,20.83,18.37,17.95
2016-12-10T10:00,2016-12-10,10,22.36,22.34,24.66,23.08,22.73,23.6,21.47,22.94,20.94,20.92
2016-12-10T11:00,2016-12-10,11,24.43,24.46,26.7,25.22,24.82,25.46,23.37,24.62,23.05,23.27
2016-12-10T12:00,2016-12-10,12,25.78,25.8,28.04,26.53,26.19,26.66,24.68,25.77,24.52,24.81
2016-12-10T13:00,2016-12-10,13,26.07,26.08,28.25,26.68,26.52,27.24,24.95,25.98,24.81,25.25
2016-12-10T14:00,2016-12-10,14,26.51,26.51,28.38,27.14,26.92,27.57,25.48,26.42,25.37,25.77
2016-12-10T15:00,2016-12-10,15,26.53,26.58,28.02,27.15,26.96,27.47,25.57,26.47,25.48,25.85
2016-12-10T16:00,2016-12-10,16,26.03,26.13,27.2,26.63,26.41,26.65,25.18,26.02,25.07,25.44
2016-12-10T17:00,2016-12-10,17,24.73,24.86,25.98,25.24,25.14,24.97,23.97,24.82,23.75,24.21
2016-12-10T18:00,2016-12-10,18,22.79,22.86,24.41,23.29,22.95,22.51,22.34,23.27,21.87,22.14
2016-12-10T19:00,2016-12-10,19,21.24,21.24,23.01,21.75,21.06,20.99,20.95,22.13,20.3,20.45
2016-12-10T20:00,2016-12-10,20,20.15,20.19,22.06,20.63,19.74,20.02,19.97,21.25,19.17,19.13
2016-12-10T21:00,2016-12-10,21,19.29,19.43,21.41,19.74,18.74,18.84,19.21,20.59,18.24,18.02
2016-12-10T22:00,2016-12-10,22,18.53,18.79,20.73,19.09,17.94,17.35,18.54,20.01,17.42,17.2
2016-12-10T23:00,2016-12-10,23,17.94,18.25,20.24,18.52,17.14,16.74,17.93,19.51,16.79,16.49
2016-12-11T00:00,2016-12-11,0,17.42,17.69,19.75,17.99,16.47,16.68,17.39,19.09,16.32,15.82
2016-12-11T01:00,2016-12-11,1,17.01,17.14,19.51,17.47,15.98,17.29,17.02,18.83,15.88,15.03
2016-12-11T02:00,2016-12-11,2,16.6,16.68,19.34,17.02,15.61,16.59,16.67,18.62,15.48,14.62
2016-12-11T03:00,2016-12-11,3,16.22,16.29,19.26,16.63,15.21,15.69,16.32,18.42,15.1,14.23
2016-12-11T04:00,2016-12-11,4,15.83,15.9,19.2,16.28,14.8,14.95,15.94,18.13,14.68,13.79
2016-12-11T05:00,2016-12-11,5,15.51,15.56,19.4,16.03,14.43,14.36,15.56,17.87,14.24,13.38
2016-12-11T06:00,2016-12-11,6,15.14,15.17,19.28,15.51,14.0,14.01,15.23,17.59,13.81,12.99
2016-12-11T07:00,2016-12-11,7,14.97,14.98,19.36,15.41,13.82,14.14,14.96,17.47,13.52,12.68
2016-12-11T08:00,2016-12-11,8,16.94,16.91,20.93,18.01,16.36,16.54,16.52,19.06,15.32,14.48
2016-12-11T09:00,2016-12-11,9,19.88,19.73,23.15,20.9,19.75,20.85,19.15,21.25,18.32,17.82
2016-12-11T10:00,2016-12-11,10,22.42,22.32,25.43,23.43,22.42,23.48,21.5,23.23,20.94,20.62
2016-12-11T11:00,2016-12-11,11,24.32,24.28,27.19,25.25,24.31,25.06,23.34,24.86,22.99,22.88
2016-12-11T12:00,2016-12-11,12,25.52,25.43,28.29,26.41,25.51,26.07,24.58,25.94,24.28,24.33
2016-12-11T13:00,2016-12-11,13,25.8,25.68,28.8,26.76,25.83,26.6,24.89,26.28,24.46,24.36
2016-12-11T14:00,2016-12-11,14,26.16,26.04,28.81,27.07,26.2,26.84,25.37,26.66,24.92,24.86
2016-12-11T15:00,2016-12-11,15,26.1,26.02,28.38,26.94,26.14,26.64,25.41,26.6,24.95,24.89
2016-12-11T16:00,2016-12-11,16,25.55,25.46,27.54,26.35,25.63,25.96,24.94,26.08,24.48,24.51
2016-12-11T17:00,2016-12-11,17,24.2,24.07,26.2,24.93,24.23,24.36,23.68,24.87,23.18,23.35
2016-12-11T18:00,2016-12-11,18,22.43,22.27,24.9,23.08,22.24,22.02,22.19,23.4,21.42,21.46
2016-12-11T19:00,2016-12-11,19,21.07,20.9,24.11,21.74,20.55,20.42,21.06,22.48,19.87,19.77
2016-12-11T20:00,2016-12-11,20,20.04,19.85,23.48,20.64,19.3,19.35,20.13,21.74,18.63,18.67
2016-12-11T21:00,2016-12-11,21,19.25,19.08,22.91,19.92,18.36,18.46,19.42,21.16,17.73,17.73
2016-12-11T22:00,2016-12-11,22,18.6,18.52,22.38,19.37,17.63,17.29,18.86,20.81,16.98,16.87
2016-12-11T23:00,2016-12-11,23,18.11,18.09,21.95,19.06,16.95,16.78,18.39,20.58,16.33,16.21
2016-12-12T00:00,2016-12-12,0,17.58,17.58,21.52,18.67,16.34,16.3,17.65,20.02,15.81,15.63
2016-12-12T01:00,2016-12-12,1,17.01,17.03,21.14,17.97,15.8,16.02,16.99,19.14,15.35,14.86
2016-12-12T02:00,2016-12-12,2,16.58,16.59,20.68,17.39,15.41,16.09,16.51,18.5,14.98,14.4
2016-12-12T03:00,2016-12-12,3,16.18,16.14,20.25,16.72,15.15,16.32,16.13,18.01,14.61,13.92
2016-12-12T04:00,2016-12-12,4,15.73,15.75,19.93,16.1,14.8,15.84,15.67,17.53,14.14,13.49
2016-12-12T05:00,2016-12-12,5,15.34,15.41,19.72,15.63,14.42,15.33,15.2,17.11,13.7,13.12
2016-12-12T06:00,2016-12-12,6,14.98,15.08,19.44,15.23,14.16,14.86,14.76,16.72,13.29,12.82
2016-12-12T07:00,2016-12-12,7,14.75,14.87,19.38,14.86,13.99,14.81,14.42,16.47,12.99,12.54
2016-12-12T08:00,2016-12-12,8,16.82,16.81,21.32,17.6,16.25,16.88,16.48,18.25,15.04,14.36
2016-12-12T09:00,2016-12-12,9,19.76,19.64,23.09,20.35,19.53,20.7,19.32,20.6,18.34,17.91
2016-12-12T10:00,2016-12-12,10,22.12,22.03,25.02,22.65,22.12,22.98,21.51,22.61,20.9,20.69
2016-12-12T11:00,2016-12-12,11,23.82,23.74,26.38,24.31,23.9,24.44,23.11,24.02,22.82,22.71
2016-12-12T12:00,2016-12-12,12,24.88,24.79,27.26,25.38,25.0,25.34,24.23,25.06,23.95,23.93
2016-12-12T13:00,2016-12-12,13,25.19,25.14,27.55,25.65,25.3,25.47,24.7,25.35,24.34,24.07
2016-12-12T14:00,2016-12-12,14,25.56,25.55,27.72,26.0,25.67,25.76,25.12,25.69,24.77,24.48
2016-12-12T15:00,2016-12-12,15,25.51,25.56,27.32,25.93,25.66,25.62,25.14,25.66,24.74,24.48
2016-12-12T16:00,2016-12-12,16,25.04,25.12,26.46,25.4,25.21,25.1,24.77,25.2,24.34,24.12
2016-12-12T17:00,2016-12-12,17,23.77,23.93,25.04,24.11,24.02,23.46,23.54,24.01,23.03,22.91
2016-12-12T18:00,2016-12-12,18,21.94,22.11,23.61,22.19,22.12,21.37,21.84,22.35,21.12,20.99
2016-12-12T19:00,2016-12-12,19,20.43,20.52,22.63,20.55,20.65,19.66,20.32,20.8,19.61,19.45
2016-12-12T20:00,2016-12-12,20,19.31,19.38,21.78,19.28,19.53,18.41,19.23,19.64,18.53,18.44
2016-12-12T21:00,2016-12-12,21,18.52,18.54,21.05,18.4,18.7,17.84,18.47,18.86,17.79,17.6
2016-12-12T22:00,2016-12-12,22,17.86,17.89,20.4,17.6,17.99,17.59,17.82,18.33,17.11,16.81
2016-12-12T23:00,2016-12-12,23,17.3,17.42,19.84,17.01,17.0,17.09,17.31,17.89,16.5,16.21
2016-12-13T00:00,2016-12-13,0,16.84,16.97,19.32,16.53,16.36,17.09,16.87,17.58,15.9,15.72
2016-12-13T01:00,2016-12-13,1,16.45,16.64,19.01,16.25,15.89,16.42,16.61,17.34,15.45,15.05
2016-12-13T02:00,2016-12-13,2,15.97,16.19,18.44,15.91,15.42,15.7,16.17,17.04,14.91,14.54
2016-12-13T03:00,2016-12-13,3,15.54,15.79,17.95,15.51,15.03,15.09,15.77,16.8,14.41,14.1
2016-12-13T04:00,2016-12-13,4,15.14,15.42,17.54,15.12,14.74,14.56,15.33,16.52,13.93,13.61
2016-12-13T05:00,2016-12-13,5,14.78,15.04,17.23,14.78,14.43,14.26,14.95,16.27,13.5,13.24
2016-12-13T06:00,2016-12-13,6,14.48,14.74,16.92,14.42,14.25,14.15,14.61,16.01,13.16,12.87
2016-12-13T07:00,2016-12-13,7,14.28,14.52,16.84,14.25,13.98,14.17,14.4,15.8,12.88,12.61
2016-12-13T08:00,2016-12-13,8,16.52,16.62,19.42,17.16,16.11,15.98,16.68,17.7,15.22,14.61
2016-12-13T09:00,2016-12-13,9,19.7,19.58,21.87,20.04,19.28,20.02,20.06,20.34,18.86,18.27
2016-12-13T10:00,2016-12-13,10,21.98,21.9,23.86,22.34,21.66,22.24,22.07,22.31,21.32,20.88
2016-12-13T11:00,2016-12-13,11,23.52,23.42,25.28,23.94,23.38,23.67,23.43,23.63,22.91,22.64
2016-12-13T12:00,2016-12-13,12,24.5,24.37,26.27,24.91,24.45,24.64,24.37,24.59,23.9,23.69
2016-12-13T13:00,2016-12-13,13,24.63,24.52,26.44,25.13,24.39,24.95,24.58,24.89,23.87,23.67
2016-12-13T14:00,2016-12-13,14,24.88,24.82,26.56,25.39,24.67,25.24,24.88,25.23,24.11,23.77
2016-12-13T15:00,2016-12-13,15,24.84,24.82,26.21,25.28,24.7,25.16,24.85,25.17,24.11,23.83
2016-12-13T16:00,2016-12-13,16,24.32,24.34,25.31,24.74,24.26,24.55,24.35,24.66,23.64,23.52
2016-12-13T17:00,2016-12-13,17,23.07,23.14,24.02,23.42,23.09,22.97,23.01,23.35,22.44,22.42
2016-12-13T18:00,2016-12-13,18,21.46,21.57,22.62,21.79,21.34,21.06,21.38,21.85,20.93,20.71
2016-12-13T19:00,2016-12-13,19,20.18,20.39,21.57,20.4,19.77,19.42,20.16,20.73,19.66,19.34
2016-12-13T20:00,2016-12-13,20,19.19,19.48,20.65,19.29,18.69,18.4,19.24,19.81,18.51,18.4
2016-12-13T21:00,2016-12-13,21,18.42,18.72,19.98,18.5,17.93,17.83,18.46,18.99,17.67,17.63
2016-12-13T22:00,2016-12-13,22,17.79,18.09,19.42,17.82,17.3,17.2,17.8,18.3,17.09,16.94
2016-12-13T23:00,2016-12-13,23,17.2,17.54,18.96,17.31,16.8,16.04,17.18,17.66,16.51,16.39
2016-12-14T00:00,2016-12-14,0,16.72,17.05,18.5,16.88,16.4,15.39,16.69,17.25,16.01,15.9
2016-12-14T01:00,2016-12-14,1,16.24,16.56,18.16,16.54,15.86,15.74,16.06,16.76,15.34,15.14
2016-12-14T02:00,2016-12-14,2,15.87,16.22,17.68,16.22,15.5,15.29,15.67,16.4,14.97,14.71
2016-12-14T03:00,2016-12-14,3,15.52,15.87,17.31,15.92,15.21,14.84,15.24,16.19,14.64,14.35
2016-12-14T04:00,2016-12-14,4,15.23,15.59,16.99,15.63,15.0,14.58,14.91,15.95,14.37,13.98
2016-12-14T05:00,2016-12-14,5,14.93,15.28,16.78,15.22,14.69,14.42,14.6,15.74,14.1,13.63
2016-12-14T06:00,2016-12-14,6,14.68,15.08,16.47,14.97,14.55,14.01,14.33,15.5,13.76,13.39
2016-12-14T07:00,2016-12-14,7,14.48,14.82,16.46,14.72,14.35,14.0,14.14,15.36,13.49,13.17
2016-12-14T08:00,2016-12-14,8,16.41,16.59,18.51,17.2,16.22,16.4,16.08,17.15,15.23,14.86
2016-12-14T09:00,2016-12-14,9,19.25,19.26,20.76,19.77,19.24,19.85,19.09,19.72,18.27,18.09
2016-12-14T10:00,2016-12-14,10,21.47,21.45,22.69,21.9,21.59,22.09,21.13,21.62,20.67,20.76
2016-12-14T11:00,2016-12-14,11,23.05,23.01,24.25,23.46,23.33,23.53,22.5,22.87,22.39,22.64
2016-12-14T12:00,2016-12-14,12,24.05,24.0,25.21,24.36,24.44,24.55,23.49,23.76,23.43,23.71
2016-12-14T13:00,2016-12-14,13,23.97,23.65,25.46,24.27,24.27,24.79,23.48,23.89,23.39,23.73
2016-12-14T14:00,2016-12-14,14,24.21,24.0,25.56,24.48,24.54,24.97,23.82,24.14,23.57,23.88
2016-12-14T15:00,2016-12-14,15,24.11,23.9,25.2,24.35,24.54,24.94,23.88,24.15,23.4,23.67
2016-12-14T16:00,2016-12-14,16,23.68,23.51,24.35,23.92,24.15,24.38,23.51,23.76,23.09,23.35
2016-12-14T17:00,2016-12-14,17,22.7,22.73,23.17,22.77,23.08,23.03,22.31,22.61,22.29,22.61
2016-12-14T18:00,2016-12-14,18,21.35,21.46,21.98,21.43,21.44,21.19,20.79,21.22,20.97,21.61
2016-12-14T19:00,2016-12-14,19,20.38,20.57,20.97,20.31,20.2,19.77,19.78,20.25,20.34,20.77
2016-12-14T20:00,2016-12-14,20,19.61,19.88,20.13,19.39,19.19,18.67,18.96,19.44,19.76,20.17
2016-12-14T21:00,2016-12-14,21,18.95,19.34,19.49,18.72,18.6,17.72,18.24,18.82,19.08,19.49
2016-12-14T22:00,2016-12-14,22,18.48,19.07,18.91,18.33,18.13,16.88,17.73,18.26,18.55,18.89
2016-12-14T23:00,2016-12-14,23,18.01,18.63,18.42,17.93,17.53,16.09,17.3,17.84,18.11,18.45
2016-12-15T00:00,2016-12-15,0,17.55,18.19,18.1,17.46,17.0,15.77,16.84,17.54,17.46,17.95
2016-12-15T01:00,2016-12-15,1,16.9,17.48,17.84,16.91,16.37,15.48,16.04,16.91,16.64,17.11
2016-12-15T02:00,2016-12-15,2,16.49,17.1,17.46,16.53,15.97,14.84,15.71,16.59,16.05,16.75
2016-12-15T03:00,2016-12-15,3,16.23,16.94,17.09,16.31,15.67,14.54,15.43,16.42,15.72,16.43
2016-12-15T04:00,2016-12-15,4,15.95,16.72,16.78,16.07,15.49,14.44,15.14,16.27,15.17,16.06
2016-12-15T05:00,2016-12-15,5,15.73,16.56,16.49,15.86,15.17,14.42,14.99,16.21,14.85,15.61
2016-12-15T06:00,2016-12-15,6,15.46,16.23,16.23,15.56,14.9,14.12,14.81,16.0,14.65,15.34
2016-12-15T07:00,2016-12-15,7,15.45,16.43,16.3,15.5,14.81,14.02,14.66,16.08,14.58,15.05
2016-12-15T08:00,2016-12-15,8,17.09,17.68,18.34,17.59,16.56,16.54,16.27,17.72,16.06,16.42
2016-12-15T09:00,2016-12-15,9,19.55,19.67,20.54,19.91,19.55,19.89,18.98,19.93,18.91,18.9
2016-12-15T10:00,2016-12-15,10,21.6,21.5,22.43,21.9,21.79,22.11,21.12,21.8,21.21,21.2
2016-12-15T11:00,2016-12-15,11,23.16,23.09,23.9,23.49,23.46,23.6,22.61,23.06,22.73,22.94
2016-12-15T12:00,2016-12-15,12,24.2,24.22,24.9,24.44,24.65,24.7,23.58,23.78,23.77,24.03
2016-12-15T13:00,2016-12-15,13,24.35,24.13,25.23,24.53,24.91,25.13,23.79,23.68,24.08,24.37
2016-12-15T14:00,2016-12-15,14,24.7,24.57,25.47,24.8,25.3,25.56,24.24,24.05,24.3,24.63
2016-12-15T15:00,2016-12-15,15,24.67,24.59,25.28,24.7,25.26,25.52,24.29,24.06,24.26,24.62
2016-12-15T16:00,2016-12-15,16,24.32,24.37,24.62,24.25,24.88,25.03,23.92,23.62,23.97,24.37
2016-12-15T17:00,2016-12-15,17,23.15,23.25,23.46,23.08,23.65,23.47,22.65,22.49,22.79,23.42
2016-12-15T18:00,2016-12-15,18,21.64,21.89,22.14,21.51,21.98,21.58,21.14,21.15,21.21,21.81
2016-12-15T19:00,2016-12-15,19,20.45,20.65,21.21,20.37,20.62,20.22,20.09,20.39,20.02,20.36
2016-12-15T20:00,2016-12-15,20,19.55,19.83,20.45,19.46,19.52,19.09,19.35,19.89,19.11,19.06
2016-12-15T21:00,2016-12-15,21,18.75,19.07,19.89,18.73,18.56,18.04,18.65,19.22,18.29,18.05
2016-12-15T22:00,2016-12-15,22,18.09,18.36,19.43,17.92,17.7,17.4,18.19,18.88,17.56,17.3
2016-12-15T23:00,2016-12-15,23,17.47,17.74,18.96,17.24,16.91,16.87,17.68,18.38,17.0,16.52
2016-12-16T00:00,2016-12-16,0,16.96,17.24,18.59,16.69,16.36,16.41,17.16,18.0,16.42,15.92
2016-12-16T01:00,2016-12-16,1,16.64,17.0,18.25,16.39,15.79,16.84,16.68,17.66,16.07,15.26
2016-12-16T02:00,2016-12-16,2,16.24,16.55,17.72,15.98,15.41,16.51,16.4,17.4,15.7,14.83
2016-12-16T03:00,2016-12-16,3,15.87,16.11,17.32,15.64,14.92,16.43,16.08,17.01,15.34,14.44
2016-12-16T04:00,2016-12-16,4,15.52,15.74,17.08,15.25,14.57,15.95,15.72,16.63,15.1,14.1
2016-12-16T05:00,2016-12-16,5,15.21,15.48,16.98,14.86,14.09,14.99,15.64,16.3,14.89,13.78
2016-12-16T06:00,2016-12-16,6,14.92,15.19,16.76,14.59,13.64,14.37,15.58,16.1,14.55,13.53
2016-12-16T07:00,2016-12-16,7,14.75,14.88,16.9,14.51,13.48,14.22,15.36,16.0,14.35,13.36
2016-12-16T08:00,2016-12-16,8,16.63,16.59,18.49,16.98,16.06,17.06,16.87,17.49,15.88,15.13
2016-12-16T09:00,2016-12-16,9,19.46,19.26,20.51,19.74,19.74,20.55,19.11,19.83,18.76,18.88
2016-12-16T10:00,2016-12-16,10,21.89,21.74,22.77,22.27,22.5,22.86,21.12,21.87,21.17,21.73
2016-12-16T11:00,2016-12-16,11,23.71,23.62,24.54,24.12,24.32,24.53,22.74,23.49,23.07,23.74
2016-12-16T12:00,2016-12-16,12,24.87,24.81,25.73,25.23,25.51,25.72,23.75,24.42,24.32,24.97
2016-12-16T13:00,2016-12-16,13,25.42,25.28,26.25,25.81,25.95,26.44,24.42,24.94,24.94,25.45
2016-12-16T14:00,2016-12-16,14,25.69,25.55,26.45,26.07,26.31,26.75,24.58,25.14,25.31,25.78
2016-12-16T15:00,2016-12-16,15,25.63,25.47,26.13,26.05,26.27,26.63,24.61,25.09,25.34,25.76
2016-12-16T16:00,2016-12-16,16,25.24,25.16,25.37,25.65,25.9,25.96,24.31,24.74,25.0,25.4
2016-12-16T17:00,2016-12-16,17,24.13,24.17,24.08,24.32,24.78,24.61,23.32,23.64,23.99,24.37
2016-12-16T18:00,2016-12-16,18,22.42,22.42,22.67,22.43,22.84,22.62,21.91,22.02,22.37,22.57
2016-12-16T19:00,2016-12-16,19,20.92,20.87,21.84,21.17,20.98,20.64,20.67,20.7,20.85,20.63
2016-12-16T20:00,2016-12-16,20,19.79,19.82,21.16,20.28,19.61,19.2,19.54,19.52,19.46,19.33
2016-12-16T21:00,2016-12-16,21,18.93,19.01,20.37,19.49,18.7,18.59,18.78,18.62,18.53,18.11
2016-12-16T22:00,2016-12-16,22,18.35,18.39,20.76,18.83,18.03,18.33,18.14,17.94,17.64,17.21
2016-12-16T23:00,2016-12-16,23,17.85,17.95,20.36,18.25,17.34,17.91,17.86,17.38,17.19,16.45
2016-12-17T00:00,2016-12-17,0,17.36,17.5,19.87,17.56,16.61,17.38,17.72,16.87,16.84,15.83
2016-12-17T01:00,2016-12-17,1,16.9,16.93,19.15,16.85,16.09,16.77,17.86,16.37,16.62,15.33
2016-12-17T02:00,2016-12-17,2,16.5,16.49,18.31,16.29,15.6,16.86,17.48,15.98,16.47,15.02
2016-12-17T03:00,2016-12-17,3,16.15,16.12,17.85,15.91,15.25,16.75,17.13,15.7,16.16,14.64
2016-12-17T04:00,2016-12-17,4,15.93,15.92,17.51,15.74,15.23,16.66,16.88,15.19,15.95,14.34
2016-12-17T05:00,2016-12-17,5,15.78,15.85,17.39,15.41,15.22,16.62,16.81,14.88,15.77,14.02
2016-12-17T06:00,2016-12-17,6,15.62,15.73,17.53,15.26,15.1,16.3,16.62,14.68,15.5,13.74
2016-12-17T07:00,2016-12-17,7,15.59,15.8,17.67,15.26,15.29,16.1,16.49,14.46,15.41,13.53
2016-12-17T08:00,2016-12-17,8,17.84,18.27,19.92,18.09,17.89,18.47,17.94,17.3,16.88,15.66
2016-12-17T09:00,2016-12-17,9,20.56,20.59,21.71,21.18,21.34,21.77,20.11,20.77,19.24,19.41
2016-12-17T10:00,2016-12-17,10,22.73,22.62,23.61,23.31,23.78,24.18,21.92,22.78,21.47,22.2
2016-12-17T11:00,2016-12-17,11,24.3,24.27,24.82,24.69,25.31,25.65,23.36,23.94,23.42,24.08
2016-12-17T12:00,2016-12-17,12,25.25,25.19,25.71,25.52,26.14,26.5,24.29,24.62,24.7,25.27
2016-12-17T13:00,2016-12-17,13,25.59,25.57,26.11,26.06,26.39,27.03,24.37,24.84,24.91,25.67
2016-12-17T14:00,2016-12-17,14,25.67,25.63,25.96,26.09,26.5,27.07,24.46,25.14,25.03,25.87
2016-12-17T15:00,2016-12-17,15,25.51,25.51,25.38,25.81,26.36,26.83,24.4,25.12,25.0,25.79
2016-12-17T16:00,2016-12-17,16,25.09,25.14,24.42,25.29,26.03,26.14,24.15,24.74,24.69,25.51
2016-12-17T17:00,2016-12-17,17,24.03,24.14,23.11,23.91,25.04,24.53,23.29,23.79,24.0,24.54
2016-12-17T18:00,2016-12-17,18,22.53,22.47,22.01,22.16,23.38,22.65,22.22,22.26,22.78,22.97
2016-12-17T19:00,2016-12-17,19,21.54,21.73,21.31,20.97,22.17,21.69,21.41,20.96,21.65,21.61
2016-12-17T20:00,2016-12-17,20,20.54,20.69,20.82,19.89,21.02,20.77,20.64,19.88,20.71,20.23
2016-12-17T21:00,2016-12-17,21,19.71,19.87,20.58,18.93,20.02,19.81,19.88,19.15,19.9,19.14
2016-12-17T22:00,2016-12-17,22,19.08,19.19,20.25,18.21,19.14,19.2,19.37,18.58,19.38,18.31
2016-12-17T23:00,2016-12-17,23,18.41,18.71,19.18,17.57,18.58,18.2,18.77,18.15,18.59,17.53
2016-12-18T00:00,2016-12-18,0,17.91,18.17,18.87,17.14,18.05,17.39,18.29,17.63,18.11,17.07
2016-12-18T01:00,2016-12-18,1,17.8,18.24,18.77,16.47,18.14,16.96,18.36,17.68,18.26,16.67
2016-12-18T02:00,2016-12-18,2,17.58,18.0,18.77,16.54,17.7,16.46,18.17,17.26,18.12,16.32
2016-12-18T03:00,2016-12-18,3,17.42,17.85,19.31,16.61,17.54,16.11,18.0,16.79,17.66,15.97
2016-12-18T04:00,2016-12-18,4,17.3,17.71,19.08,16.3,17.36,16.13,17.81,17.16,17.61,15.86
2016-12-18T05:00,2016-12-18,5,17.16,17.64,18.52,16.06,16.78,16.09,17.6,17.62,17.71,15.63
2016-12-18T06:00,2016-12-18,6,16.91,17.35,18.18,15.53,16.4,15.89,17.48,17.67,17.59,15.51
2016-12-18T07:00,2016-12-18,7,16.81,17.4,17.92,15.08,16.37,15.75,17.43,17.23,17.66,15.44
2016-12-18T08:00,2016-12-18,8,18.45,18.92,20.23,17.9,18.44,17.86,18.5,18.0,18.58,16.83
2016-12-18T09:00,2016-12-18,9,20.71,20.7,22.37,20.57,21.01,20.87,20.91,21.27,20.11,19.49
2016-12-18T10:00,2016-12-18,10,22.53,22.43,23.55,23.03,22.93,22.71,22.33,23.2,21.61,21.91
2016-12-18T11:00,2016-12-18,11,23.82,23.72,24.46,24.26,24.34,23.96,23.5,24.02,23.09,23.64
2016-12-18T12:00,2016-12-18,12,24.8,24.78,25.39,24.98,25.36,24.82,24.4,24.55,24.44,24.7
2016-12-18T13:00,2016-12-18,13,24.98,24.98,25.53,24.96,25.47,25.06,24.48,24.67,24.7,25.19
2016-12-18T14:00,2016-12-18,14,25.18,25.09,25.55,25.21,25.53,25.16,24.62,24.88,25.2,25.56
2016-12-18T15:00,2016-12-18,15,25.1,24.96,25.29,25.1,25.39,25.09,24.57,24.94,25.26,25.56
2016-12-18T16:00,2016-12-18,16,24.77,24.71,24.56,24.72,25.11,24.65,24.35,24.61,25.0,25.21
2016-12-18T17:00,2016-12-18,17,23.88,23.96,23.28,23.75,24.24,23.27,23.7,23.67,24.23,24.3
2016-12-18T18:00,2016-12-18,18,22.59,22.94,22.1,22.1,22.93,21.49,22.53,22.03,23.08,22.86
2016-12-18T19:00,2016-12-18,19,21.5,22.0,21.11,20.78,21.53,20.11,21.6,20.54,22.17,21.85
2016-12-18T20:00,2016-12-18,20,20.59,21.2,20.12,19.82,19.96,18.93,20.85,19.62,21.42,21.08
2016-12-18T21:00,2016-12-18,21,19.91,20.54,19.4,19.03,18.92,17.84,20.54,19.3,20.92,20.21
2016-12-18T22:00,2016-12-18,22,19.42,20.14,18.83,18.42,18.2,17.12,20.3,19.08,20.53,19.51
2016-12-18T23:00,2016-12-18,23,18.85,19.38,18.33,17.68,17.46,16.94,19.92,19.13,20.06,18.82
2016-12-19T00:00,2016-12-19,0,18.41,18.81,18.04,17.12,17.22,16.55,19.65,18.71,19.71,18.23
2016-12-19T01:00,2016-12-19,1,17.8,18.51,18.94,16.82,16.99,15.89,18.27,16.83,18.44,17.22
2016-12-19T02:00,2016-12-19,2,17.43,18.31,17.94,16.56,16.48,15.52,17.81,16.21,18.24,16.96
2016-12-19T03:00,2016-12-19,3,17.2,18.22,17.1,16.33,16.51,15.25,17.56,15.91,18.02,16.72
2016-12-19T04:00,2016-12-19,4,16.92,17.9,16.61,16.12,16.35,15.06,17.13,15.8,17.78,16.54
2016-12-19T05:00,2016-12-19,5,16.8,17.84,16.33,16.06,16.28,14.83,17.12,15.77,17.58,16.28
2016-12-19T06:00,2016-12-19,6,16.7,17.6,16.1,16.16,16.31,14.79,16.97,15.93,17.42,16.26
2016-12-19T07:00,2016-12-19,7,16.5,17.24,16.14,16.23,16.07,14.76,16.72,15.96,16.93,16.21
2016-12-19T08:00,2016-12-19,8,18.3,18.91,18.8,18.27,17.92,17.1,18.37,18.49,18.3,17.22
2016-12-19T09:00,2016-12-19,9,20.78,21.16,21.55,21.08,20.36,20.52,20.8,21.13,20.4,19.61
2016-12-19T10:00,2016-12-19,10,22.61,22.93,23.16,23.0,22.36,22.39,22.61,22.82,22.14,21.72
2016-12-19T11:00,2016-12-19,11,24.05,24.4,24.21,24.61,23.81,23.63,23.93,24.15,23.54,23.49
2016-12-19T12:00,2016-12-19,12,24.89,25.11,25.0,25.3,24.86,24.44,24.61,24.91,24.69,24.64
2016-12-19T13:00,2016-12-19,13,24.73,24.95,24.99,24.86,24.79,24.38,24.36,24.61,24.65,24.53
2016-12-19T14:00,2016-12-19,14,24.79,24.8,24.95,24.76,25.08,24.61,24.56,24.76,24.77,24.86
2016-12-19T15:00,2016-12-19,15,24.7,24.63,24.74,24.66,25.08,24.57,24.65,24.76,24.63,24.81
2016-12-19T16:00,2016-12-19,16,24.28,24.22,24.03,24.26,24.71,23.87,24.41,24.44,24.32,24.36
2016-12-19T17:00,2016-12-19,17,23.41,23.49,22.94,23.53,23.54,22.42,23.61,23.57,23.59,23.48
2016-12-19T18:00,2016-12-19,18,22.43,22.71,21.76,22.75,22.25,21.22,22.32,22.6,22.73,22.43
2016-12-19T19:00,2016-12-19,19,21.67,22.23,20.55,22.12,21.39,20.47,21.2,21.79,21.98,21.65
2016-12-19T20:00,2016-12-19,20,21.02,21.78,19.47,21.61,20.81,19.84,20.28,21.03,21.25,21.04
2016-12-19T21:00,2016-12-19,21,20.42,21.3,18.79,21.15,20.27,19.19,19.55,20.22,20.52,20.42
2016-12-19T22:00,2016-12-19,22,20.09,21.15,18.36,20.91,19.81,19.0,19.06,19.89,19.88,20.15
2016-12-19T23:00,2016-12-19,23,19.68,20.74,17.92,20.55,19.32,18.51,18.71,19.44,19.45,19.74
2016-12-20T00:00,2016-12-20,0,19.3,20.3,17.46,20.31,18.82,18.07,18.49,19.03,19.13,19.39
2016-12-20T01:00,2016-12-20,1,18.73,19.64,17.37,19.87,18.37,16.92,17.8,18.24,18.7,18.87
2016-12-20T02:00,2016-12-20,2,18.41,19.37,16.88,19.56,18.02,16.74,17.6,17.78,18.22,18.57
2016-12-20T03:00,2016-12-20,3,18.05,19.07,16.34,19.01,17.69,16.44,17.24,17.47,17.82,18.37
2016-12-20T04:00,2016-12-20,4,17.87,19.0,16.21,19.01,17.35,16.32,16.94,17.68,17.35,18.03
2016-12-20T05:00,2016-12-20,5,17.65,18.8,16.05,18.58,17.21,16.37,16.5,18.43,16.8,17.79
2016-12-20T06:00,2016-12-20,6,17.39,18.54,15.87,18.35,17.0,16.26,15.98,18.53,16.29,17.64
2016-12-20T07:00,2016-12-20,7,17.18,18.35,15.9,18.21,16.68,16.22,15.7,18.47,15.71,17.56
2016-12-20T08:00,2016-12-20,8,18.64,19.59,18.0,20.16,18.49,17.94,17.34,19.21,17.18,18.26
2016-12-20T09:00,2016-12-20,9,20.54,21.03,19.97,21.92,20.23,19.36,20.39,21.75,19.77,19.56
2016-12-20T10:00,2016-12-20,10,22.26,22.61,22.08,23.12,22.0,20.83,22.55,23.2,21.98,21.19
2016-12-20T11:00,2016-12-20,11,23.33,23.66,23.44,23.89,23.18,21.89,23.82,23.99,23.08,22.2
2016-12-20T12:00,2016-12-20,12,24.11,24.37,24.32,24.42,24.11,22.67,24.69,24.66,23.92,23.23
2016-12-20T13:00,2016-12-20,13,24.22,24.34,24.36,24.39,24.53,23.26,24.7,24.92,24.01,23.42
2016-12-20T14:00,2016-12-20,14,24.25,24.17,24.46,24.3,24.55,23.49,25.01,25.06,24.09,23.53
2016-12-20T15:00,2016-12-20,15,24.18,24.15,24.35,24.25,24.4,23.38,24.93,25.06,24.04,23.29
2016-12-20T16:00,2016-12-20,16,23.9,23.98,23.86,24.07,24.09,22.79,24.61,24.68,23.78,23.11
2016-12-20T17:00,2016-12-20,17,22.97,23.05,22.95,23.11,22.88,21.99,23.66,23.64,22.87,22.38
2016-12-20T18:00,2016-12-20,18,21.69,21.84,21.75,21.74,21.42,20.8,22.16,22.18,21.61,21.36
2016-12-20T19:00,2016-12-20,19,20.7,21.01,20.75,20.69,20.46,19.89,20.84,20.8,20.47,20.63
2016-12-20T20:00,2016-12-20,20,19.84,20.18,19.96,19.8,19.61,19.34,19.71,19.72,19.31,20.18
2016-12-20T21:00,2016-12-20,21,19.11,19.54,19.35,19.06,18.88,18.76,18.63,18.88,18.42,19.7
2016-12-20T22:00,2016-12-20,22,18.49,18.95,18.82,18.47,18.39,18.22,17.64,18.44,17.58,19.28
2016-12-20T23:00,2016-12-20,23,17.82,17.88,18.28,17.75,18.02,17.85,16.93,18.45,16.95,18.8
2016-12-21T00:00,2016-12-21,0,17.2,16.81,17.73,16.97,17.7,17.67,16.35,18.39,16.47,18.42
2016-12-21T01:00,2016-12-21,1,16.68,16.21,17.51,16.5,16.98,17.42,16.05,18.38,15.87,17.4
2016-12-21T02:00,2016-12-21,2,16.26,15.72,16.99,16.26,16.6,17.07,15.73,18.03,15.39,16.96
2016-12-21T03:00,2016-12-21,3,15.96,15.42,16.72,16.04,16.38,16.72,15.37,17.46,14.99,16.81
2016-12-21T04:00,2016-12-21,4,15.71,15.16,16.35,15.77,16.23,16.95,14.92,17.02,14.68,16.73
2016-12-21T05:00,2016-12-21,5,15.49,14.89,16.06,15.63,16.05,17.09,14.68,16.79,14.34,16.46
2016-12-21T06:00,2016-12-21,6,15.24,14.63,15.78,15.73,15.63,16.97,14.37,16.36,14.04,16.19
2016-12-21T07:00,2016-12-21,7,15.12,14.55,15.84,15.82,15.38,17.04,13.99,15.69,13.81,16.21
2016-12-21T08:00,2016-12-21,8,17.1,16.93,18.74,17.48,17.38,18.4,15.86,17.22,15.78,17.48
2016-12-21T09:00,2016-12-21,9,20.11,20.22,21.3,20.73,19.93,20.09,19.72,20.75,19.32,19.33
2016-12-21T10:00,2016-12-21,10,22.17,22.38,23.06,22.73,21.99,21.57,21.91,22.68,21.62,21.41
2016-12-21T11:00,2016-12-21,11,23.46,23.63,24.15,23.96,23.24,22.81,23.32,23.88,23.13,22.76
2016-12-21T12:00,2016-12-21,12,24.3,24.41,24.79,24.71,24.2,23.86,24.1,24.58,24.05,23.84
2016-12-21T13:00,2016-12-21,13,24.36,24.61,24.7,24.74,24.57,23.73,24.35,24.82,23.73,23.76
2016-12-21T14:00,2016-12-21,14,24.45,24.65,24.79,24.76,24.76,23.98,24.5,24.89,23.74,23.98
2016-12-21T15:00,2016-12-21,15,24.43,24.65,24.59,24.7,24.74,24.03,24.5,24.86,23.67,24.05
2016-12-21T16:00,2016-12-21,16,24.09,24.32,24.09,24.36,24.26,23.72,24.19,24.48,23.49,23.74
2016-12-21T17:00,2016-12-21,17,23.26,23.43,23.14,23.58,23.6,22.63,23.14,23.35,22.94,23.13
2016-12-21T18:00,2016-12-21,18,22.09,22.14,22.02,22.39,22.37,21.01,21.7,22.05,22.28,22.38
2016-12-21T19:00,2016-12-21,19,21.03,21.05,21.01,21.21,21.15,19.78,20.54,20.85,21.54,21.47
2016-12-21T20:00,2016-12-21,20,20.19,20.2,20.15,20.41,20.27,18.96,19.72,19.77,20.82,20.62
2016-12-21T21:00,2016-12-21,21,19.56,19.72,19.32,19.84,19.77,18.14,19.22,18.89,20.16,19.83
2016-12-21T22:00,2016-12-21,22,18.98,19.22,18.59,19.14,19.34,17.61,18.71,18.14,19.56,19.14
2016-12-21T23:00,2016-12-21,23,18.53,18.82,18.07,18.61,18.93,17.28,18.27,17.65,19.22,18.54
2016-12-22T00:00,2016-12-22,0,18.14,18.5,17.69,18.04,18.4,17.11,17.96,17.15,18.88,17.97
2016-12-22T01:00,2016-12-22,1,17.69,18.13,17.55,17.62,18.01,17.31,17.1,16.7,18.03,17.47
2016-12-22T02:00,2016-12-22,2,17.33,17.77,17.29,17.17,17.5,17.08,16.85,16.45,17.8,16.81
2016-12-22T03:00,2016-12-22,3,16.95,17.38,16.98,16.64,17.4,16.72,16.59,16.12,17.46,16.22
2016-12-22T04:00,2016-12-22,4,16.63,17.0,17.0,16.16,16.75,16.19,16.54,15.92,17.28,15.8
2016-12-22T05:00,2016-12-22,5,16.28,16.67,16.88,15.79,16.05,15.81,16.19,15.93,16.84,15.46
2016-12-22T06:00,2016-12-22,6,15.99,16.39,16.59,15.31,15.47,15.62,15.84,15.83,16.69,15.24
2016-12-22T07:00,2016-12-22,7,15.86,16.22,16.38,15.21,15.42,15.85,15.85,15.76,16.32,15.09
2016-12-22T08:00,2016-12-22,8,17.67,17.82,18.65,17.57,17.47,17.68,17.51,18.25,17.59,16.66
2016-12-22T09:00,2016-12-22,9,20.34,20.48,20.48,20.43,20.68,20.54,19.93,20.84,19.96,20.01
2016-12-22T10:00,2016-12-22,10,22.55,22.74,22.57,22.75,23.19,22.85,21.84,22.72,22.08,22.37
2016-12-22T11:00,2016-12-22,11,24.16,24.37,24.09,24.35,24.97,24.51,23.28,24.04,23.7,24.13
2016-12-22T12:00,2016-12-22,12,25.24,25.41,25.15,25.35,26.07,25.68,24.29,24.86,24.94,25.34
2016-12-22T13:00,2016-12-22,13,25.58,25.63,25.43,25.61,26.2,26.41,24.73,25.14,25.47,25.75
2016-12-22T14:00,2016-12-22,14,25.79,25.84,25.48,25.95,26.61,26.72,24.8,25.06,25.58,26.15
2016-12-22T15:00,2016-12-22,15,25.72,25.84,25.2,26.0,26.63,26.61,24.71,24.91,25.42,26.11
2016-12-22T16:00,2016-12-22,16,25.41,25.56,24.61,25.71,26.26,26.01,24.5,24.69,25.21,25.86
2016-12-22T17:00,2016-12-22,17,24.55,24.81,23.27,24.84,25.33,24.73,23.77,23.85,24.6,24.97
2016-12-22T18:00,2016-12-22,18,23.25,23.51,21.97,23.29,23.81,22.91,22.84,22.61,23.84,23.5
2016-12-22T19:00,2016-12-22,19,22.05,22.31,21.05,21.76,22.32,21.5,22.07,21.31,22.93,22.03
2016-12-22T20:00,2016-12-22,20,21.04,21.25,20.92,20.23,20.84,20.25,21.26,20.75,22.22,20.72
2016-12-22T21:00,2016-12-22,21,20.2,20.15,20.53,19.14,20.65,19.54,20.55,20.11,21.26,19.81
2016-12-22T22:00,2016-12-22,22,19.51,19.2,20.17,18.74,20.06,19.4,19.89,19.2,20.26,19.19
2016-12-22T23:00,2016-12-22,23,19.06,18.58,19.85,19.01,18.56,19.42,19.65,18.58,19.91,18.53
2016-12-23T00:00,2016-12-23,0,18.54,17.83,19.37,18.87,17.83,18.96,19.37,18.2,19.35,17.94
2016-12-23T01:00,2016-12-23,1,18.28,18.01,19.36,18.28,18.07,18.12,18.88,17.87,18.82,17.33
2016-12-23T02:00,2016-12-23,2,17.92,17.82,18.26,18.03,18.01,17.53,18.63,17.87,18.23,16.91
2016-12-23T03:00,2016-12-23,3,17.63,17.56,17.65,17.91,17.86,17.39,18.29,17.78,17.72,16.56
2016-12-23T04:00,2016-12-23,4,17.38,17.55,17.15,17.81,17.59,17.15,17.9,17.7,17.13,16.25
2016-12-23T05:00,2016-12-23,5,17.16,17.39,17.1,17.56,17.45,16.88,17.55,17.48,16.85,15.9
2016-12-23T06:00,2016-12-23,6,16.86,17.15,17.0,17.23,17.28,16.58,17.16,17.37,16.34,15.54
2016-12-23T07:00,2016-12-23,7,16.51,16.9,17.1,16.62,16.76,15.97,16.88,16.99,15.85,15.19
2016-12-23T08:00,2016-12-23,8,18.06,18.26,18.88,18.55,18.09,18.57,18.16,17.69,17.22,17.05
2016-12-23T09:00,2016-12-23,9,20.93,21.3,21.11,21.55,21.62,21.92,20.55,20.02,19.68,20.37
2016-12-23T10:00,2016-12-23,10,23.19,23.7,22.89,23.64,23.92,23.72,22.56,22.92,22.03,22.86
2016-12-23T11:00,2016-12-23,11,24.74,25.09,24.45,25.05,25.42,24.95,24.22,24.34,24.19,24.49
2016-12-23T12:00,2016-12-23,12,25.72,25.97,25.52,25.97,26.32,25.81,25.24,25.13,25.45,25.57
2016-12-23T13:00,2016-12-23,13,25.66,25.76,25.68,25.61,26.4,25.52,25.19,25.11,25.59,25.81
2016-12-23T14:00,2016-12-23,14,25.84,25.97,25.32,25.78,26.62,25.66,25.55,25.25,25.88,26.08
2016-12-23T15:00,2016-12-23,15,25.72,25.88,24.88,25.84,26.39,25.54,25.31,25.14,25.9,25.98
2016-12-23T16:00,2016-12-23,16,25.38,25.57,24.1,25.47,26.01,25.03,25.25,24.78,25.68,25.67
2016-12-23T17:00,2016-12-23,17,24.49,24.64,23.09,24.49,25.13,24.19,24.54,23.72,24.89,24.86
2016-12-23T18:00,2016-12-23,18,23.2,23.31,21.91,23.12,23.67,22.9,23.47,22.24,23.62,23.68
2016-12-23T19:00,2016-12-23,19,22.17,22.25,21.35,22.07,22.58,21.87,22.42,21.28,22.44,22.58
2016-12-23T20:00,2016-12-23,20,21.35,21.48,20.75,21.4,21.74,20.75,21.68,20.44,21.4,21.65
2016-12-23T21:00,2016-12-23,21,20.59,20.73,20.01,20.72,21.34,20.17,20.98,19.68,20.44,20.59
2016-12-23T22:00,2016-12-23,22,19.94,19.91,20.3,20.04,20.75,19.83,20.26,18.87,19.56,19.77
2016-12-23T23:00,2016-12-23,23,19.39,19.37,20.08,19.26,20.39,19.49,19.62,18.17,18.94,19.24
2016-12-24T00:00,2016-12-24,0,18.95,18.87,19.75,18.76,19.86,18.78,19.14,17.79,18.72,18.9
2016-12-24T01:00,2016-12-24,1,18.52,18.34,19.83,18.27,19.37,18.04,18.54,17.66,18.6,18.24
2016-12-24T02:00,2016-12-24,2,18.16,17.97,19.23,17.82,18.82,18.09,18.15,17.61,18.27,17.95
2016-12-24T03:00,2016-12-24,3,18.02,18.03,18.92,17.85,18.38,17.84,17.8,17.83,17.89,17.77
2016-12-24T04:00,2016-12-24,4,17.73,17.88,17.83,18.01,18.03,17.47,17.45,17.65,17.51,17.46
2016-12-24T05:00,2016-12-24,5,17.43,17.36,17.81,18.13,18.22,17.05,17.04,17.13,17.17,17.07
2016-12-24T06:00,2016-12-24,6,17.22,17.04,17.98,18.01,18.07,16.84,16.7,16.83,16.94,16.84
2016-12-24T07:00,2016-12-24,7,17.26,17.25,18.43,18.16,17.36,17.0,16.53,17.2,16.76,16.75
2016-12-24T08:00,2016-12-24,8,18.81,19.17,19.66,19.88,18.96,19.14,17.89,18.0,18.09,17.91
2016-12-24T09:00,2016-12-24,9,21.1,21.51,21.56,21.83,21.75,21.57,19.94,19.04,20.8,20.73
2016-12-24T10:00,2016-12-24,10,23.03,23.42,23.1,23.24,23.71,23.24,22.23,20.95,23.0,23.05
2016-12-24T11:00,2016-12-24,11,24.39,24.63,24.38,24.26,24.86,24.15,24.19,22.98,24.48,24.52
2016-12-24T12:00,2016-12-24,12,25.22,25.46,25.2,24.96,25.76,24.74,25.18,24.44,25.38,25.1
2016-12-24T13:00,2016-12-24,13,25.42,25.42,25.31,25.29,25.92,25.26,25.56,24.99,25.64,25.2
2016-12-24T14:00,2016-12-24,14,25.64,25.73,25.22,25.44,26.23,25.45,25.76,25.22,25.89,25.45
2016-12-24T15:00,2016-12-24,15,25.62,25.79,25.06,25.44,26.28,25.38,25.74,25.12,25.81,25.47
2016-12-24T16:00,2016-12-24,16,25.28,25.46,24.48,25.12,25.94,24.86,25.43,24.67,25.6,25.22
2016-12-24T17:00,2016-12-24,17,24.4,24.6,23.38,24.38,24.88,23.65,24.69,23.82,24.88,24.34
2016-12-24T18:00,2016-12-24,18,23.22,23.32,22.02,23.12,23.56,22.55,23.76,22.7,23.78,23.3
2016-12-24T19:00,2016-12-24,19,22.18,22.29,21.14,22.12,22.32,21.36,22.78,21.69,22.79,22.18
2016-12-24T20:00,2016-12-24,20,21.19,21.27,20.43,20.96,20.95,20.42,21.91,20.71,21.86,21.28
2016-12-24T21:00,2016-12-24,21,20.32,20.32,19.68,20.08,20.39,19.58,20.92,19.79,20.88,20.54
2016-12-24T22:00,2016-12-24,22,19.61,19.55,19.35,19.22,19.97,18.84,19.97,19.03,20.09,20.04
2016-12-24T23:00,2016-12-24,23,18.94,18.79,18.92,18.54,19.42,18.32,19.16,18.3,19.22,19.6
2016-12-25T00:00,2016-12-25,0,18.43,18.15,18.91,18.0,18.97,17.83,18.66,17.82,18.68,19.06
2016-12-25T01:00,2016-12-25,1,18.12,17.84,18.38,18.16,18.8,17.86,17.91,18.24,18.19,18.34
2016-12-25T02:00,2016-12-25,2,17.97,17.74,18.14,18.11,18.32,17.77,17.95,18.69,17.8,17.97
2016-12-25T03:00,2016-12-25,3,17.88,17.83,17.57,18.23,18.01,17.6,18.28,18.47,17.5,17.68
2016-12-25T04:00,2016-12-25,4,17.64,17.9,17.01,17.81,17.79,17.25,17.95,18.17,17.11,17.45
2016-12-25T05:00,2016-12-25,5,17.49,18.24,16.99,17.43,17.49,16.8,17.44,17.32,16.9,17.32
2016-12-25T06:00,2016-12-25,6,17.15,18.2,17.02,16.77,16.85,16.51,16.46,17.11,16.55,17.01
2016-12-25T07:00,2016-12-25,7,16.89,17.72,17.22,16.73,16.45,16.21,15.96,17.14,16.44,16.78
2016-12-25T08:00,2016-12-25,8,18.43,18.96,18.59,18.21,18.81,18.81,17.79,17.63,18.15,18.06
2016-12-25T09:00,2016-12-25,9,20.96,21.35,20.37,20.59,21.85,21.73,20.11,18.57,21.58,21.09
2016-12-25T10:00,2016-12-25,10,23.04,23.45,22.36,22.85,23.64,23.42,22.36,20.45,23.93,23.12
2016-12-25T11:00,2016-12-25,11,24.51,24.76,24.09,24.56,24.95,24.56,24.07,22.53,25.25,24.4
2016-12-25T12:00,2016-12-25,12,25.45,25.66,25.22,25.56,25.8,25.38,25.28,23.89,26.01,25.13
2016-12-25T13:00,2016-12-25,13,25.79,26.06,25.78,26.17,26.11,25.9,25.61,24.82,25.94,24.87
2016-12-25T14:00,2016-12-25,14,26.01,26.27,25.95,26.39,26.37,26.13,25.94,25.13,26.12,25.06
2016-12-25T15:00,2016-12-25,15,26.03,26.26,25.64,26.51,26.38,26.05,26.01,25.23,26.2,25.13
2016-12-25T16:00,2016-12-25,16,25.68,25.96,24.84,26.18,26.08,25.53,25.72,24.93,25.92,24.91
2016-12-25T17:00,2016-12-25,17,24.79,25.23,23.44,25.23,25.17,24.27,25.0,24.16,25.09,24.13
2016-12-25T18:00,2016-12-25,18,23.44,24.01,21.98,23.43,23.81,22.51,24.0,22.89,23.68,22.89
2016-12-25T19:00,2016-12-25,19,22.11,22.68,20.98,22.2,22.34,21.12,22.25,21.84,22.31,21.66
2016-12-25T20:00,2016-12-25,20,20.88,21.17,20.37,20.98,21.16,19.93,20.82,19.99,21.43,20.78
2016-12-25T21:00,2016-12-25,21,19.97,20.0,19.59,20.26,20.17,19.02,19.9,19.09,20.77,19.94
2016-12-25T22:00,2016-12-25,22,19.22,19.13,19.14,19.03,19.29,18.45,19.29,18.5,20.13,19.37
2016-12-25T23:00,2016-12-25,23,18.73,18.7,19.21,18.14,18.77,17.95,18.5,18.08,19.65,19.08
2016-12-26T00:00,2016-12-26,0,18.31,18.33,18.87,17.7,18.36,17.62,17.78,17.68,19.32,18.61
2016-12-26T01:00,2016-12-26,1,18.07,18.07,18.93,18.19,18.7,17.04,17.35,17.39,18.59,17.96
2016-12-26T02:00,2016-12-26,2,17.79,17.75,18.65,17.94,18.64,16.7,17.11,17.1,18.06,17.86
2016-12-26T03:00,2016-12-26,3,17.59,17.82,18.33,17.7,18.35,16.44,16.83,16.88,17.52,17.69
2016-12-26T04:00,2016-12-26,4,17.38,17.96,17.49,17.77,18.02,16.11,16.59,17.04,16.9,17.3
2016-12-26T05:00,2016-12-26,5,17.23,18.05,17.07,17.78,17.35,15.92,16.54,17.59,16.41,16.86
2016-12-26T06:00,2016-12-26,6,17.08,17.62,17.3,17.44,17.38,15.77,16.44,17.47,16.45,16.89
2016-12-26T07:00,2016-12-26,7,16.88,17.14,17.59,16.9,17.41,15.65,16.39,16.93,16.71,16.7
2016-12-26T08:00,2016-12-26,8,18.35,18.72,18.47,18.13,19.22,18.25,18.09,18.62,18.17,17.27
2016-12-26T09:00,2016-12-26,9,20.77,21.82,20.1,20.46,21.33,20.87,20.83,19.88,20.84,18.85
2016-12-26T10:00,2016-12-26,10,22.72,24.0,22.12,22.61,23.0,22.69,23.25,21.84,22.64,19.91
2016-12-26T11:00,2016-12-26,11,24.25,25.34,23.83,24.61,24.16,24.02,25.0,24.04,23.93,21.31
2016-12-26T12:00,2016-12-26,12,25.1,26.05,25.0,25.82,24.6,24.99,25.88,25.18,24.71,21.98
2016-12-26T13:00,2016-12-26,13,25.21,26.17,25.49,26.11,24.71,25.31,26.35,25.46,24.74,21.09
2016-12-26T14:00,2016-12-26,14,25.44,26.35,25.64,26.35,24.66,25.53,26.61,25.84,24.99,21.57
2016-12-26T15:00,2016-12-26,15,25.3,26.27,25.32,26.35,24.13,25.35,26.64,25.92,24.64,21.51
2016-12-26T16:00,2016-12-26,16,24.85,25.77,24.56,25.99,23.62,24.77,26.45,25.72,23.74,21.57
2016-12-26T17:00,2016-12-26,17,23.88,24.93,23.12,25.07,22.39,23.28,25.72,24.96,22.55,20.98
2016-12-26T18:00,2016-12-26,18,22.59,23.73,21.75,23.72,21.28,21.82,24.25,23.46,21.19,20.04
2016-12-26T19:00,2016-12-26,19,21.48,22.49,20.86,22.4,20.76,20.97,23.05,21.84,20.04,19.09
2016-12-26T20:00,2016-12-26,20,20.5,21.26,20.27,21.17,20.03,20.33,21.86,20.69,19.24,18.42
2016-12-26T21:00,2016-12-26,21,19.72,20.29,19.62,20.27,19.32,19.97,21.12,19.92,18.52,17.76
2016-12-26T22:00,2016-12-26,22,19.22,19.97,19.88,19.71,19.0,19.29,20.07,19.23,17.95,16.91
2016-12-26T23:00,2016-12-26,23,18.76,19.46,19.65,19.39,18.66,18.86,19.41,18.77,17.57,16.29
2016-12-27T00:00,2016-12-27,0,18.39,19.03,19.23,19.07,18.25,18.69,18.93,18.98,17.12,15.86
2016-12-27T01:00,2016-12-27,1,18.06,19.02,18.19,18.82,17.76,17.71,18.61,18.45,17.12,15.38
2016-12-27T02:00,2016-12-27,2,17.55,18.49,17.32,18.11,17.3,17.21,18.43,18.41,16.63,14.84
2016-12-27T03:00,2016-12-27,3,17.13,17.73,17.26,17.86,16.85,16.94,18.16,18.17,16.2,14.45
2016-12-27T04:00,2016-12-27,4,16.86,17.4,17.33,17.81,16.22,16.76,17.78,17.86,15.71,14.4
2016-12-27T05:00,2016-12-27,5,16.5,17.03,17.45,16.99,15.55,16.39,17.57,17.7,15.21,14.36
2016-12-27T06:00,2016-12-27,6,16.21,16.75,17.43,16.65,14.95,15.88,17.34,17.54,14.83,14.25
2016-12-27T07:00,2016-12-27,7,16.17,16.59,17.59,16.49,14.76,15.64,17.19,17.54,15.05,14.49
2016-12-27T08:00,2016-12-27,8,17.64,18.02,18.4,18.69,16.55,17.93,18.39,19.58,16.12,15.44
2016-12-27T09:00,2016-12-27,9,19.68,20.08,20.4,21.36,18.36,20.59,20.68,21.79,17.33,17.16
2016-12-27T10:00,2016-12-27,10,21.86,22.26,22.81,23.58,20.94,22.55,22.68,23.71,19.4,19.35
2016-12-27T11:00,2016-12-27,11,23.54,23.89,24.7,25.13,22.93,23.81,24.13,25.16,21.36,21.28
2016-12-27T12:00,2016-12-27,12,24.72,25.0,25.89,26.1,24.28,24.78,25.13,26.08,23.04,22.61
2016-12-27T13:00,2016-12-27,13,25.03,25.12,26.37,26.26,24.77,25.04,25.26,26.09,23.64,23.35
2016-12-27T14:00,2016-12-27,14,25.39,25.48,26.52,26.42,25.29,25.32,25.61,26.36,24.22,23.85
2016-12-27T15:00,2016-12-27,15,25.37,25.47,26.41,26.26,25.41,25.31,25.53,26.3,24.34,23.85
2016-12-27T16:00,2016-12-27,16,24.9,24.97,25.7,25.74,25.0,24.81,25.05,25.88,23.98,23.56
2016-12-27T17:00,2016-12-27,17,23.63,23.68,24.37,24.44,23.85,23.39,23.76,24.55,22.78,22.39
2016-12-27T18:00,2016-12-27,18,21.95,21.95,22.86,22.74,22.32,21.76,21.98,22.83,21.07,20.68
2016-12-27T19:00,2016-12-27,19,20.74,20.68,21.83,21.4,21.03,20.28,20.88,21.58,20.01,19.66
2016-12-27T20:00,2016-12-27,20,19.87,20.16,20.99,20.32,20.0,18.89,20.09,20.69,19.07,18.53
2016-12-27T21:00,2016-12-27,21,19.13,19.69,20.26,19.67,19.18,17.66,19.28,20.14,18.11,17.55
2016-12-27T22:00,2016-12-27,22,18.47,19.04,19.61,19.28,18.42,16.99,18.55,19.62,17.33,16.81
2016-12-27T23:00,2016-12-27,23,17.84,18.21,19.21,18.63,17.63,16.95,17.88,18.98,16.82,16.15
2016-12-28T00:00,2016-12-28,0,17.23,17.49,18.87,17.88,16.8,16.14,17.42,18.32,16.46,15.64
2016-12-28T01:00,2016-12-28,1,16.94,17.14,18.46,17.34,16.34,16.04,17.26,17.98,16.35,15.55
2016-12-28T02:00,2016-12-28,2,16.53,16.79,17.85,16.88,15.87,15.55,16.92,17.57,15.98,15.18
2016-12-28T03:00,2016-12-28,3,16.16,16.48,17.34,16.5,15.42,15.03,16.62,17.27,15.6,14.82
2016-12-28T04:00,2016-12-28,4,15.8,16.13,16.99,16.2,15.15,14.56,16.22,16.97,15.2,14.47
2016-12-28T05:00,2016-12-28,5,15.51,15.79,16.66,15.89,14.81,14.45,15.88,16.72,14.9,14.29
2016-12-28T06:00,2016-12-28,6,15.2,15.4,16.5,15.55,14.49,13.98,15.53,16.57,14.67,14.09
2016-12-28T07:00,2016-12-28,7,14.96,15.11,16.38,15.31,14.08,13.68,15.32,16.41,14.53,13.86
2016-12-28T08:00,2016-12-28,8,16.5,16.53,18.2,17.05,15.93,16.26,16.62,17.62,15.7,15.16
2016-12-28T09:00,2016-12-28,9,19.24,19.07,20.67,19.74,18.82,19.44,19.11,20.15,18.66,18.46
2016-12-28T10:00,2016-12-28,10,21.52,21.3,22.72,22.3,21.45,21.86,21.19,21.99,20.93,20.79
2016-12-28T11:00,2016-12-28,11,23.29,23.2,24.44,24.23,23.46,23.52,22.83,23.43,22.66,22.42
2016-12-28T12:00,2016-12-28,12,24.53,24.54,25.77,25.37,24.9,24.74,23.98,24.44,23.85,23.57
2016-12-28T13:00,2016-12-28,13,24.45,24.07,26.18,25.29,24.7,25.29,24.18,24.48,23.72,23.47
2016-12-28T14:00,2016-12-28,14,24.89,24.57,26.58,25.62,25.22,25.68,24.64,24.77,24.22,23.86
2016-12-28T15:00,2016-12-28,15,24.97,24.72,26.47,25.77,25.32,25.67,24.69,24.86,24.28,23.95
2016-12-28T16:00,2016-12-28,16,24.63,24.47,25.67,25.45,24.95,25.19,24.41,24.52,24.03,23.7
2016-12-28T17:00,2016-12-28,17,23.56,23.48,24.32,24.37,23.93,23.85,23.34,23.47,23.05,22.62
2016-12-28T18:00,2016-12-28,18,21.94,21.94,22.88,22.45,22.16,21.89,21.84,22.08,21.49,21.01
2016-12-28T19:00,2016-12-28,19,20.56,20.71,21.63,20.83,20.74,20.02,20.53,20.96,20.14,19.54
2016-12-28T20:00,2016-12-28,20,19.55,19.81,21.17,19.79,19.7,18.61,19.42,20.09,18.95,18.39
2016-12-28T21:00,2016-12-28,21,18.77,19.07,20.13,18.98,19.05,18.2,18.64,19.37,17.91,17.63
2016-12-28T22:00,2016-12-28,22,18.04,18.33,18.86,18.28,18.24,18.02,17.93,18.82,17.16,16.99
2016-12-28T23:00,2016-12-28,23,17.41,17.76,17.73,17.72,17.35,17.44,17.41,18.38,16.61,16.38
2016-12-29T00:00,2016-12-29,0,16.91,17.33,17.08,17.29,16.63,16.62,16.93,18.02,16.19,15.89
2016-12-29T01:00,2016-12-29,1,16.56,16.98,16.94,16.88,16.07,16.28,16.59,17.72,15.93,15.47
2016-12-29T02:00,2016-12-29,2,16.22,16.61,16.68,16.53,15.6,15.91,16.25,17.36,15.62,15.18
2016-12-29T03:00,2016-12-29,3,15.95,16.31,16.57,16.23,15.15,15.67,15.99,16.98,15.39,15.03
2016-12-29T04:00,2016-12-29,4,15.63,15.96,16.37,15.93,14.75,15.02,15.73,16.69,15.11,14.77
2016-12-29T05:00,2016-12-29,5,15.38,15.65,16.52,15.64,14.75,14.4,15.52,16.48,14.8,14.52
2016-12-29T06:00,2016-12-29,6,15.13,15.35,16.52,15.35,14.74,13.87,15.29,16.27,14.5,14.28
2016-12-29T07:00,2016-12-29,7,14.91,15.1,16.48,15.17,14.63,13.51,15.09,16.1,14.18,14.04
2016-12-29T08:00,2016-12-29,8,16.56,16.73,18.12,17.22,16.35,16.34,16.39,17.54,15.44,15.36
2016-12-29T09:00,2016-12-29,9,19.59,19.69,20.49,20.13,20.15,20.25,19.09,20.08,18.34,18.94
2016-12-29T10:00,2016-12-29,10,22.09,22.29,23.1,22.73,23.03,22.88,21.27,22.16,20.61,21.4
2016-12-29T11:00,2016-12-29,11,23.99,24.19,25.18,24.8,24.82,24.81,23.02,23.8,22.51,23.26
2016-12-29T12:00,2016-12-29,12,25.21,25.35,26.45,26.1,25.96,26.13,24.13,24.81,23.88,24.59
2016-12-29T13:00,2016-12-29,13,25.35,25.24,26.78,26.16,26.01,26.8,24.34,24.82,24.01,25.03
2016-12-29T14:00,2016-12-29,14,25.63,25.55,26.68,26.59,26.43,27.15,24.63,25.09,24.2,25.38
2016-12-29T15:00,2016-12-29,15,25.69,25.71,26.25,26.63,26.53,26.96,24.74,25.14,24.47,25.4
2016-12-29T16:00,2016-12-29,16,25.31,25.4,25.39,26.17,26.18,26.29,24.45,24.93,24.27,25.05
2016-12-29T17:00,2016-12-29,17,24.36,24.54,23.94,25.11,25.25,24.84,23.71,24.16,23.66,24.01
2016-12-29T18:00,2016-12-29,18,22.78,22.78,22.45,23.29,23.67,22.94,22.38,22.77,22.56,22.4
2016-12-29T19:00,2016-12-29,19,21.35,21.2,21.47,21.75,22.05,21.73,20.92,21.5,21.32,20.84
2016-12-29T20:00,2016-12-29,20,20.22,20.33,20.53,20.53,20.72,20.55,19.66,20.5,20.09,19.35
2016-12-29T21:00,2016-12-29,21,19.41,19.66,20.62,19.53,19.89,19.36,18.78,19.67,19.11,18.22
2016-12-29T22:00,2016-12-29,22,18.68,19.17,20.14,18.61,19.09,18.57,18.03,18.98,17.95,17.45
2016-12-29T23:00,2016-12-29,23,18.11,18.73,19.75,17.81,18.39,17.78,17.45,18.33,17.38,16.89
2016-12-30T00:00,2016-12-30,0,17.68,18.58,19.02,17.33,17.94,17.08,16.89,17.78,16.98,16.45
2016-12-30T01:00,2016-12-30,1,17.13,17.9,18.38,16.86,17.38,16.73,16.35,17.53,16.47,15.87
2016-12-30T02:00,2016-12-30,2,16.73,17.49,17.65,16.29,17.02,16.29,15.87,17.5,16.32,15.52
2016-12-30T03:00,2016-12-30,3,16.46,17.12,17.25,16.07,16.64,15.87,15.68,17.19,16.48,15.2
2016-12-30T04:00,2016-12-30,4,16.26,16.73,17.37,16.14,16.22,15.43,15.55,16.97,16.54,14.87
2016-12-30T05:00,2016-12-30,5,16.1,16.53,17.41,16.31,15.71,14.81,15.58,16.55,16.56,14.58
2016-12-30T06:00,2016-12-30,6,16.02,16.66,17.35,16.26,15.42,14.33,15.37,16.48,16.43,14.45
2016-12-30T07:00,2016-12-30,7,15.83,16.55,17.3,15.9,15.17,14.14,15.08,16.31,16.26,14.28
2016-12-30T08:00,2016-12-30,8,17.21,17.69,18.39,17.15,17.1,16.94,16.54,17.06,17.46,15.81
2016-12-30T09:00,2016-12-30,9,20.24,20.74,20.57,19.76,21.41,21.15,19.7,18.96,19.76,19.56
2016-12-30T10:00,2016-12-30,10,22.63,23.03,23.0,22.33,23.95,23.58,22.13,21.44,21.82,22.21
2016-12-30T11:00,2016-12-30,11,24.44,24.73,24.82,24.41,25.67,25.3,23.65,23.42,23.72,24.2
2016-12-30T12:00,2016-12-30,12,25.56,25.74,26.07,25.69,26.74,26.4,24.59,24.39,24.91,25.53
2016-12-30T13:00,2016-12-30,13,25.35,25.16,26.2,25.32,26.45,26.62,24.4,24.41,24.67,25.82
2016-12-30T14:00,2016-12-30,14,25.5,25.24,26.02,25.56,26.59,26.78,24.54,24.8,24.99,26.07
2016-12-30T15:00,2016-12-30,15,25.37,25.13,25.51,25.39,26.49,26.6,24.41,24.87,24.93,26.02
2016-12-30T16:00,2016-12-30,16,24.93,24.72,24.64,24.85,25.93,25.89,24.19,24.58,24.72,25.67
2016-12-30T17:00,2016-12-30,17,23.95,23.73,23.42,23.69,24.87,24.49,23.48,23.82,24.09,24.61
2016-12-30T18:00,2016-12-30,18,22.54,22.33,22.08,21.97,23.58,22.61,22.49,22.43,22.93,22.97
2016-12-30T19:00,2016-12-30,19,21.31,21.18,21.3,20.65,22.19,21.3,21.61,21.22,21.6,21.15
2016-12-30T20:00,2016-12-30,20,20.27,20.16,20.47,19.6,21.11,20.09,20.75,20.54,20.52,19.78
2016-12-30T21:00,2016-12-30,21,19.41,19.3,19.66,18.89,20.1,19.05,20.01,19.98,19.38,18.98
2016-12-30T22:00,2016-12-30,22,18.79,18.53,20.07,18.12,19.46,18.46,19.34,19.51,18.58,18.22
2016-12-30T23:00,2016-12-30,23,18.28,17.86,19.72,17.65,19.21,18.34,18.65,19.11,18.16,17.57
2016-12-31T00:00,2016-12-31,0,17.8,17.35,18.57,17.58,18.72,17.83,18.12,18.89,17.83,16.98
2016-12-31T01:00,2016-12-31,1,17.4,16.95,19.08,16.6,18.55,17.3,17.51,17.82,17.88,16.44
2016-12-31T02:00,2016-12-31,2,17.09,16.63,18.62,16.29,18.19,16.8,17.26,17.71,17.82,15.95
2016-12-31T03:00,2016-12-31,3,16.93,16.71,18.06,16.1,17.96,16.51,17.05,17.63,17.74,15.61
2016-12-31T04:00,2016-12-31,4,16.64,16.71,16.87,15.68,17.63,16.09,16.87,17.05,17.7,15.31
2016-12-31T05:00,2016-12-31,5,16.43,16.65,16.7,15.32,17.34,15.91,16.31,16.68,17.6,15.15
2016-12-31T06:00,2016-12-31,6,16.16,16.51,16.8,14.69,16.88,15.63,15.85,15.68,17.56,15.11
2016-12-31T07:00,2016-12-31,7,15.92,16.21,17.01,14.4,16.69,15.75,15.52,15.06,17.27,14.84
2016-12-31T08:00,2016-12-31,8,17.51,17.77,18.28,16.59,18.33,17.44,17.22,16.83,18.24,16.5
2016-12-31T09:00,2016-12-31,9,20.18,20.67,20.3,19.76,21.07,20.81,19.93,18.74,19.84,19.65
2016-12-31T10:00,2016-12-31,10,22.38,22.78,22.72,22.4,23.04,22.82,22.08,21.46,21.59,22.0
2016-12-31T11:00,2016-12-31,11,23.89,24.09,24.63,24.02,24.38,24.29,23.55,23.5,22.86,23.75
2016-12-31T12:00,2016-12-31,12,24.84,24.78,25.73,24.92,25.37,25.14,24.56,24.57,24.03,25.01
2016-12-31T13:00,2016-12-31,13,24.85,24.73,26.24,24.98,25.23,25.37,24.64,24.77,23.97,24.57
2016-12-31T14:00,2016-12-31,14,25.04,24.79,26.32,25.28,25.36,25.62,24.77,25.09,24.3,24.93
2016-12-31T15:00,2016-12-31,15,25.0,24.76,26.04,25.2,25.33,25.38,24.78,25.11,24.39,24.96
2016-12-31T16:00,2016-12-31,16,24.59,24.32,25.22,24.74,25.0,24.86,24.47,24.75,24.17,24.68
2016-12-31T17:00,2016-12-31,17,23.68,23.51,23.73,23.68,24.08,23.87,23.65,23.94,23.51,23.79
2016-12-31T18:00,2016-12-31,18,22.33,22.13,22.15,22.08,22.64,22.3,22.59,22.66,22.46,22.46
2016-12-31T19:00,2016-12-31,19,20.98,20.81,21.16,20.8,21.12,21.06,21.34,21.09,21.13,20.74
2016-12-31T20:00,2016-12-31,20,19.93,19.62,20.45,19.66,20.05,20.27,20.25,20.55,19.99,19.62
2016-12-31T21:00,2016-12-31,21,19.07,18.75,19.77,18.7,19.38,19.09,19.28,20.26,18.88,18.85
2016-12-31T22:00,2016-12-31,22,18.42,18.1,19.03,18.16,18.74,18.51,18.65,19.85,18.11,18.15
2016-12-31T23:00,2016-12-31,23,17.82,17.5,18.27,17.62,17.88,17.91,18.16,19.46,17.41,17.71
