datetime,date,hour,national,dhaka,chattogram,cumilla,mymensingh,sylhet,khulna,barishal,rajshahi,rangpur
2017-01-01T00:00,2017-01-01,0,17.34,17.1,17.58,17.04,17.15,17.04,17.87,19.02,17.02,17.35
2017-01-01T01:00,2017-01-01,1,17.23,17.02,17.28,17.58,17.63,16.89,17.1,18.63,17.06,16.88
2017-01-01T02:00,2017-01-01,2,16.94,16.99,16.74,17.04,17.49,16.55,16.71,18.23,16.72,16.54
2017-01-01T03:00,2017-01-01,3,16.7,16.96,16.33,16.51,17.3,16.55,16.39,17.75,16.42,16.32
2017-01-01T04:00,2017-01-01,4,16.36,16.84,16.02,16.07,17.07,16.39,15.97,16.47,16.02,15.92
2017-01-01T05:00,2017-01-01,5,15.94,16.31,15.75,15.58,16.84,15.93,15.59,15.79,15.81,15.48
2017-01-01T06:00,2017-01-01,6,14.85,14.81,13.72,14.29,15.69,15.08,14.95,16.12,14.77,15.05
2017-01-01T07:00,2017-01-01,7,14.92,14.87,13.93,14.59,15.25,15.58,14.95,15.43,14.67,15.56
2017-01-01T08:00,2017-01-01,8,16.67,16.03,16.78,17.13,16.62,17.9,16.73,16.88,16.19,17.34
2017-01-01T09:00,2017-01-01,9,19.31,18.67,20.64,20.55,18.73,20.64,19.17,19.21,18.2,19.57
2017-01-01T10:00,2017-01-01,10,21.98,21.59,23.5,22.96,21.69,22.9,21.91,21.99,20.79,21.73
2017-01-01T11:00,2017-01-01,11,23.87,23.74,25.33,24.41,23.86,24.46,23.64,23.99,22.93,23.38
2017-01-01T12:00,2017-01-01,12,24.89,24.84,26.5,25.19,24.95,25.6,24.59,24.98,23.83,24.38
2017-01-01T13:00,2017-01-01,13,25.35,25.3,27.16,25.58,25.45,26.3,25.15,25.54,24.03,24.77
2017-01-01T14:00,2017-01-01,14,25.49,25.32,27.22,25.77,25.61,26.72,25.29,25.73,24.25,24.87
2017-01-01T15:00,2017-01-01,15,25.3,25.14,26.57,25.56,25.59,26.65,25.29,25.56,24.2,24.52
2017-01-01T16:00,2017-01-01,16,24.76,24.63,25.23,24.87,25.11,26.2,24.88,25.05,23.91,24.2
2017-01-01T17:00,2017-01-01,17,22.68,22.56,22.36,22.32,22.62,24.04,22.95,22.76,22.5,22.7
2017-01-01T18:00,2017-01-01,18,20.84,20.48,20.21,20.4,20.23,21.81,21.01,21.84,21.06,21.57
2017-01-01T19:00,2017-01-01,19,20.13,19.52,19.37,19.67,19.37,20.45,20.5,21.96,20.25,21.66
2017-01-01T20:00,2017-01-01,20,18.99,18.6,18.22,18.54,18.8,19.95,19.53,20.77,18.74,19.5
2017-01-01T21:00,2017-01-01,21,18.15,17.93,17.64,17.86,18.37,18.95,18.46,20.42,17.47,18.04
2017-01-01T22:00,2017-01-01,22,17.53,17.27,17.19,17.17,17.98,19.0,17.7,20.31,16.71,16.95
2017-01-01T23:00,2017-01-01,23,17.01,16.75,16.25,17.04,17.59,18.01,17.37,19.19,16.26,16.55
2017-01-02T00:00,2017-01-02,0,16.54,16.23,15.63,16.61,17.12,17.8,16.86,18.19,15.92,16.28
2017-01-02T01:00,2017-01-02,1,16.07,15.92,15.27,16.12,16.61,16.65,16.26,16.96,15.54,16.25
2017-01-02T02:00,2017-01-02,2,15.75,15.64,15.36,15.66,16.26,16.02,15.9,16.49,15.12,16.07
2017-01-02T03:00,2017-01-02,3,15.42,15.35,15.16,15.38,15.83,15.79,15.67,16.09,14.76,15.46
2017-01-02T04:00,2017-01-02,4,15.1,14.99,14.73,14.92,15.21,15.78,15.43,15.88,14.5,15.3
2017-01-02T05:00,2017-01-02,5,14.76,14.53,14.44,14.4,14.56,15.74,15.3,15.65,14.24,15.09
2017-01-02T06:00,2017-01-02,6,14.51,14.15,14.03,14.27,14.34,15.47,15.36,15.61,13.98,14.81
2017-01-02T07:00,2017-01-02,7,15.06,14.84,15.04,14.73,14.64,15.97,15.52,16.09,14.53,15.34
2017-01-02T08:00,2017-01-02,8,17.61,17.59,18.13,17.33,17.04,18.12,18.1,18.88,16.79,17.39
2017-01-02T09:00,2017-01-02,9,20.4,20.58,21.19,20.11,20.47,20.6,20.48,21.15,19.55,19.93
2017-01-02T10:00,2017-01-02,10,22.85,23.09,23.71,22.82,23.17,23.25,22.55,23.13,22.01,22.2
2017-01-02T11:00,2017-01-02,11,24.46,24.64,25.51,24.65,24.84,25.17,23.85,24.41,23.71,23.76
2017-01-02T12:00,2017-01-02,12,25.43,25.4,26.62,25.61,25.8,26.38,24.75,25.34,24.84,24.89
2017-01-02T13:00,2017-01-02,13,25.93,25.77,27.09,26.17,26.23,27.09,25.31,25.85,25.44,25.45
2017-01-02T14:00,2017-01-02,14,26.08,25.88,26.99,26.32,26.41,27.32,25.56,26.08,25.63,25.61
2017-01-02T15:00,2017-01-02,15,25.92,25.76,26.41,26.19,26.24,27.13,25.51,26.03,25.51,25.45
2017-01-02T16:00,2017-01-02,16,25.35,25.29,25.31,25.59,25.77,26.61,25.06,25.5,25.13,24.68
2017-01-02T17:00,2017-01-02,17,23.05,23.26,22.66,22.87,23.32,23.85,22.99,23.32,22.77,22.57
2017-01-02T18:00,2017-01-02,18,20.74,20.28,20.22,21.15,21.22,21.99,21.04,20.89,20.77,20.3
2017-01-02T19:00,2017-01-02,19,19.91,19.35,18.98,20.32,20.44,21.46,19.82,20.15,20.23,19.9
2017-01-02T20:00,2017-01-02,20,19.04,18.31,18.06,19.54,19.31,20.32,19.09,19.63,19.15,19.68
2017-01-02T21:00,2017-01-02,21,18.45,17.74,18.8,18.92,18.67,19.52,18.56,18.56,18.33,18.56
2017-01-02T22:00,2017-01-02,22,17.84,17.34,17.45,18.26,18.05,18.8,18.15,17.92,17.71,17.97
2017-01-02T23:00,2017-01-02,23,17.37,16.82,16.5,17.63,17.66,19.27,17.72,17.44,17.39,17.34
2017-01-03T00:00,2017-01-03,0,16.97,16.72,16.08,16.79,17.45,18.03,17.44,16.96,17.06,16.96
2017-01-03T01:00,2017-01-03,1,16.29,15.62,15.48,16.36,16.56,17.17,17.08,16.74,16.32,16.75
2017-01-03T02:00,2017-01-03,2,16.11,15.41,15.15,16.34,16.27,16.96,16.91,16.79,15.83,16.9
2017-01-03T03:00,2017-01-03,3,15.76,14.98,15.03,16.36,15.43,16.82,16.26,16.44,15.39,16.83
2017-01-03T04:00,2017-01-03,4,15.42,14.66,14.78,15.91,15.2,16.58,16.03,15.9,15.09,16.28
2017-01-03T05:00,2017-01-03,5,15.06,14.32,14.12,15.6,14.94,16.4,15.78,15.27,14.93,15.62
2017-01-03T06:00,2017-01-03,6,15.08,14.18,14.74,14.97,15.0,16.07,16.0,15.77,14.98,16.05
2017-01-03T07:00,2017-01-03,7,15.44,14.64,15.19,15.61,15.53,16.3,16.18,16.33,15.25,15.86
2017-01-03T08:00,2017-01-03,8,17.93,17.78,17.96,18.56,17.77,18.34,18.06,18.69,17.31,17.58
2017-01-03T09:00,2017-01-03,9,20.71,21.13,21.19,21.41,20.64,21.15,20.38,21.19,19.45,19.82
2017-01-03T10:00,2017-01-03,10,22.92,23.63,23.73,23.79,22.53,23.71,22.5,23.33,21.43,21.13
2017-01-03T11:00,2017-01-03,11,24.34,24.98,25.56,25.43,24.15,25.5,24.08,24.88,23.19,21.24
2017-01-03T12:00,2017-01-03,12,25.2,25.53,26.69,26.34,25.52,26.55,25.08,25.79,24.4,21.54
2017-01-03T13:00,2017-01-03,13,25.68,26.02,27.24,26.73,25.99,27.12,25.79,26.3,24.75,21.84
2017-01-03T14:00,2017-01-03,14,25.76,26.09,27.21,26.8,25.84,27.37,26.12,26.51,24.66,22.04
2017-01-03T15:00,2017-01-03,15,25.48,25.95,26.74,26.58,25.06,27.0,25.74,26.44,23.8,22.51
2017-01-03T16:00,2017-01-03,16,24.81,25.22,25.74,25.86,24.07,26.29,24.91,25.76,23.4,22.47
2017-01-03T17:00,2017-01-03,17,22.78,23.46,22.9,23.18,22.21,23.31,23.23,23.6,21.69,20.88
2017-01-03T18:00,2017-01-03,18,20.66,21.06,20.3,20.95,20.17,21.21,21.33,21.21,20.05,19.32
2017-01-03T19:00,2017-01-03,19,19.86,20.02,19.27,20.44,19.72,20.74,20.39,20.68,19.52,18.24
2017-01-03T20:00,2017-01-03,20,19.21,19.1,20.61,19.98,19.2,19.67,19.6,19.46,18.83,17.15
2017-01-03T21:00,2017-01-03,21,18.53,18.44,19.62,19.42,18.7,18.76,18.89,19.03,18.24,16.28
2017-01-03T22:00,2017-01-03,22,17.99,18.02,18.23,18.88,18.03,18.42,18.5,19.13,17.65,15.65
2017-01-03T23:00,2017-01-03,23,17.44,17.65,16.62,18.58,17.32,17.64,18.14,18.76,16.93,15.38
2017-01-04T00:00,2017-01-04,0,17.11,17.3,16.26,18.28,17.1,17.54,17.81,18.79,16.27,15.14
2017-01-04T01:00,2017-01-04,1,16.76,16.96,15.79,17.92,16.75,17.12,17.46,18.45,15.85,14.97
2017-01-04T02:00,2017-01-04,2,16.38,16.51,15.73,17.47,16.4,16.44,17.09,18.07,15.46,14.78
2017-01-04T03:00,2017-01-04,3,15.97,16.08,15.33,17.02,15.93,15.78,16.63,17.65,15.19,14.52
2017-01-04T04:00,2017-01-04,4,15.66,15.73,15.18,16.76,15.73,15.59,16.25,17.28,14.94,14.05
2017-01-04T05:00,2017-01-04,5,15.34,15.3,14.85,16.28,15.68,15.56,15.86,16.82,14.75,13.75
2017-01-04T06:00,2017-01-04,6,14.48,14.47,14.02,15.54,14.44,14.97,15.3,16.08,13.57,12.81
2017-01-04T07:00,2017-01-04,7,14.45,14.26,14.63,15.38,14.54,14.87,15.01,15.93,13.7,12.93
2017-01-04T08:00,2017-01-04,8,16.41,16.17,17.54,17.3,16.04,16.54,16.59,17.8,15.7,15.18
2017-01-04T09:00,2017-01-04,9,18.83,18.57,20.67,19.52,18.37,19.1,18.66,19.84,18.03,17.99
2017-01-04T10:00,2017-01-04,10,21.2,20.96,23.18,21.77,21.39,21.51,20.75,21.88,20.28,20.42
2017-01-04T11:00,2017-01-04,11,23.07,22.82,25.23,23.52,23.47,23.39,22.5,23.63,22.15,22.32
2017-01-04T12:00,2017-01-04,12,24.38,24.22,26.36,24.77,24.67,24.75,23.82,24.9,23.53,23.65
2017-01-04T13:00,2017-01-04,13,25.14,25.06,26.84,25.49,25.25,25.3,24.61,25.65,24.43,24.43
2017-01-04T14:00,2017-01-04,14,25.46,25.44,26.78,25.81,25.57,25.78,24.94,25.94,24.86,24.78
2017-01-04T15:00,2017-01-04,15,25.31,25.37,26.27,25.66,25.55,24.69,24.99,25.76,24.88,24.79
2017-01-04T16:00,2017-01-04,16,24.73,24.8,25.29,25.03,24.99,23.9,24.6,25.15,24.44,24.33
2017-01-04T17:00,2017-01-04,17,22.3,22.09,22.6,22.36,22.71,21.94,22.58,22.92,22.21,21.94
2017-01-04T18:00,2017-01-04,18,20.48,20.44,20.9,20.72,20.74,20.81,20.66,21.3,19.84,19.75
2017-01-04T19:00,2017-01-04,19,19.39,19.43,19.6,19.84,19.57,19.56,19.79,19.97,18.81,18.31
2017-01-04T20:00,2017-01-04,20,18.68,18.76,18.93,19.43,19.07,18.86,19.03,19.17,18.1,17.12
2017-01-04T21:00,2017-01-04,21,18.1,18.18,18.24,19.01,18.82,17.98,18.44,18.63,17.44,16.42
2017-01-04T22:00,2017-01-04,22,17.62,17.6,17.76,18.47,18.16,18.13,18.19,18.27,16.87,15.86
2017-01-04T23:00,2017-01-04,23,17.17,17.18,17.36,17.96,17.46,17.69,17.84,17.7,16.4,15.52
2017-01-05T00:00,2017-01-05,0,16.6,16.7,16.84,17.41,16.96,15.79,17.2,17.34,16.04,15.18
2017-01-05T01:00,2017-01-05,1,16.26,16.2,16.61,17.01,16.58,15.67,16.72,17.24,15.73,15.05
2017-01-05T02:00,2017-01-05,2,15.93,15.82,16.4,16.68,16.17,15.48,16.47,16.85,15.51,14.6
2017-01-05T03:00,2017-01-05,3,15.57,15.55,16.04,16.16,15.82,15.17,16.16,16.42,15.25,13.96
2017-01-05T04:00,2017-01-05,4,15.18,15.35,15.47,15.41,15.5,14.23,15.88,16.21,15.0,13.57
2017-01-05T05:00,2017-01-05,5,14.86,15.17,14.96,14.84,15.26,13.76,15.66,15.94,14.73,13.17
2017-01-05T06:00,2017-01-05,6,14.59,14.93,14.01,15.11,14.34,13.84,15.52,15.6,14.48,12.92
2017-01-05T07:00,2017-01-05,7,14.64,14.83,14.24,15.22,14.48,14.18,15.27,15.6,14.52,13.27
2017-01-05T08:00,2017-01-05,8,16.63,16.82,16.89,17.46,16.65,16.08,16.95,17.6,16.2,15.0
2017-01-05T09:00,2017-01-05,9,18.94,19.18,20.07,19.8,18.9,18.33,18.98,19.83,18.21,17.2
2017-01-05T10:00,2017-01-05,10,21.21,21.46,22.71,22.1,21.25,21.13,20.95,21.9,20.21,19.48
2017-01-05T11:00,2017-01-05,11,23.01,23.2,24.69,23.86,23.04,23.35,22.6,23.51,21.92,21.35
2017-01-05T12:00,2017-01-05,12,24.21,24.38,25.84,24.93,24.34,24.71,23.69,24.52,23.2,22.79
2017-01-05T13:00,2017-01-05,13,24.87,24.99,26.4,25.49,25.02,25.49,24.41,25.08,23.94,23.62
2017-01-05T14:00,2017-01-05,14,25.13,25.19,26.44,25.7,25.34,25.84,24.64,25.28,24.3,24.04
2017-01-05T15:00,2017-01-05,15,24.99,25.05,26.04,25.5,25.19,25.74,24.61,25.17,24.28,23.85
2017-01-05T16:00,2017-01-05,16,24.4,24.51,25.11,24.93,24.57,25.15,24.22,24.63,23.85,23.08
2017-01-05T17:00,2017-01-05,17,22.12,22.2,22.36,22.48,22.23,21.9,22.59,22.76,21.73,21.03
2017-01-05T18:00,2017-01-05,18,19.71,19.58,20.48,20.33,20.07,19.74,19.76,19.99,19.09,18.95
2017-01-05T19:00,2017-01-05,19,19.03,19.0,19.81,19.6,19.46,18.94,19.25,19.1,18.43,18.05
2017-01-05T20:00,2017-01-05,20,18.38,18.38,18.95,19.06,18.9,18.41,18.56,18.56,17.81,17.16
2017-01-05T21:00,2017-01-05,21,17.85,17.94,18.11,18.5,18.47,18.25,18.0,17.95,17.29,16.46
2017-01-05T22:00,2017-01-05,22,17.3,17.56,17.34,18.02,17.96,17.51,17.56,17.33,16.64,15.71
2017-01-05T23:00,2017-01-05,23,16.79,17.13,16.99,17.52,17.21,16.94,17.16,17.13,15.82,15.13
2017-01-06T00:00,2017-01-06,0,16.28,16.57,16.76,17.1,16.45,16.67,16.6,17.07,15.06,14.57
2017-01-06T01:00,2017-01-06,1,15.74,16.01,16.44,16.67,15.89,15.16,16.01,16.89,14.55,14.2
2017-01-06T02:00,2017-01-06,2,15.25,15.47,16.08,16.21,15.5,14.72,15.52,16.59,14.21,13.36
2017-01-06T03:00,2017-01-06,3,14.84,15.0,15.65,15.68,15.14,14.47,15.17,16.24,13.92,12.82
2017-01-06T04:00,2017-01-06,4,14.47,14.62,15.19,15.06,14.81,14.37,14.75,15.93,13.71,12.54
2017-01-06T05:00,2017-01-06,5,14.16,14.3,14.83,14.68,14.36,13.94,14.49,15.65,13.49,12.35
2017-01-06T06:00,2017-01-06,6,13.75,13.8,13.98,14.51,13.86,13.68,14.21,15.24,12.99,12.13
2017-01-06T07:00,2017-01-06,7,13.76,13.74,14.48,14.69,13.74,13.92,13.74,15.17,12.92,12.38
2017-01-06T08:00,2017-01-06,8,15.82,16.15,17.09,16.81,15.43,15.26,15.97,17.16,14.96,13.64
2017-01-06T09:00,2017-01-06,9,18.25,18.79,20.08,19.03,17.61,17.28,18.34,19.47,17.56,15.62
2017-01-06T10:00,2017-01-06,10,20.71,21.15,22.73,21.28,20.01,20.24,20.5,21.69,19.97,18.63
2017-01-06T11:00,2017-01-06,11,22.62,22.97,24.61,23.13,21.91,22.42,22.18,23.42,21.8,21.13
2017-01-06T12:00,2017-01-06,12,23.87,24.2,25.75,24.4,23.32,23.81,23.37,24.48,22.94,22.6
2017-01-06T13:00,2017-01-06,13,24.6,24.89,26.28,25.14,24.23,24.66,24.12,25.15,23.68,23.38
2017-01-06T14:00,2017-01-06,14,24.91,25.16,26.25,25.49,24.8,25.06,24.5,25.44,24.04,23.68
2017-01-06T15:00,2017-01-06,15,24.8,25.02,25.89,25.37,24.83,25.0,24.52,25.3,24.05,23.48
2017-01-06T16:00,2017-01-06,16,24.21,24.39,24.96,24.75,24.21,24.41,24.01,24.72,23.53,23.15
2017-01-06T17:00,2017-01-06,17,21.8,21.93,22.35,22.05,21.66,21.39,21.95,22.58,21.23,21.21
2017-01-06T18:00,2017-01-06,18,19.2,19.15,20.39,19.76,19.15,19.13,19.04,20.11,18.3,18.52
2017-01-06T19:00,2017-01-06,19,18.34,18.15,19.79,19.09,18.31,18.42,18.17,19.36,17.57,17.33
2017-01-06T20:00,2017-01-06,20,17.51,17.15,18.98,18.33,17.79,17.65,17.4,18.46,16.77,16.55
2017-01-06T21:00,2017-01-06,21,16.81,16.45,17.99,17.74,17.38,16.73,16.78,17.44,16.21,15.81
2017-01-06T22:00,2017-01-06,22,16.22,15.81,17.18,17.06,16.91,16.68,16.11,16.75,15.72,15.18
2017-01-06T23:00,2017-01-06,23,15.73,15.27,16.7,16.36,16.34,17.25,15.5,16.3,15.15,14.64
2017-01-07T00:00,2017-01-07,0,15.18,14.88,16.24,15.77,15.9,15.23,15.13,16.19,14.62,14.07
2017-01-07T01:00,2017-01-07,1,14.77,14.51,15.75,15.42,15.43,14.95,14.83,16.04,14.11,13.38
2017-01-07T02:00,2017-01-07,2,14.4,14.24,15.21,15.05,14.91,14.65,14.52,15.72,13.62,13.01
2017-01-07T03:00,2017-01-07,3,14.03,13.9,14.76,14.38,14.43,14.86,14.08,15.4,13.23,12.7
2017-01-07T04:00,2017-01-07,4,13.53,13.41,14.24,13.73,14.01,14.04,13.6,15.06,12.78,12.33
2017-01-07T05:00,2017-01-07,5,13.11,13.02,13.68,13.48,13.46,13.89,13.19,14.68,12.24,11.81
2017-01-07T06:00,2017-01-07,6,12.7,12.71,12.77,13.14,12.93,13.19,13.02,14.31,11.72,11.59
2017-01-07T07:00,2017-01-07,7,12.96,12.98,13.24,13.7,12.97,13.73,12.91,14.44,11.94,11.78
2017-01-07T08:00,2017-01-07,8,15.38,15.53,16.19,15.99,15.31,15.6,15.3,16.62,14.39,14.18
2017-01-07T09:00,2017-01-07,9,18.13,18.37,19.37,18.47,17.88,17.97,17.94,19.13,17.2,17.14
2017-01-07T10:00,2017-01-07,10,20.69,20.91,22.05,20.99,20.41,20.59,20.4,21.43,19.77,19.89
2017-01-07T11:00,2017-01-07,11,22.59,22.8,24.0,22.97,22.33,22.77,22.16,23.04,21.63,21.91
2017-01-07T12:00,2017-01-07,12,23.83,24.0,25.32,24.27,23.7,24.19,23.33,24.16,22.81,23.13
2017-01-07T13:00,2017-01-07,13,24.59,24.76,26.07,25.05,24.56,24.88,24.13,24.91,23.55,23.82
2017-01-07T14:00,2017-01-07,14,24.93,25.08,26.25,25.41,25.0,25.25,24.54,25.31,23.9,24.08
2017-01-07T15:00,2017-01-07,15,24.85,24.95,25.94,25.3,24.93,25.33,24.54,25.32,23.91,24.01
2017-01-07T16:00,2017-01-07,16,24.27,24.33,24.84,24.66,24.39,24.71,24.13,24.72,23.51,23.59
2017-01-07T17:00,2017-01-07,17,21.69,21.51,21.81,22.27,21.38,21.72,21.82,22.5,21.33,21.5
2017-01-07T18:00,2017-01-07,18,19.06,18.72,19.32,19.88,18.87,20.18,18.86,19.38,18.62,18.81
2017-01-07T19:00,2017-01-07,19,18.04,17.71,19.09,18.9,18.0,18.53,17.98,18.55,17.53,17.17
2017-01-07T20:00,2017-01-07,20,16.9,16.64,17.57,17.49,17.04,17.56,16.82,17.54,16.31,16.27
2017-01-07T21:00,2017-01-07,21,16.12,15.86,16.64,16.8,16.48,16.9,16.17,16.94,15.22,15.45
2017-01-07T22:00,2017-01-07,22,15.54,15.18,16.19,16.22,16.13,16.31,15.95,16.29,14.47,14.69
2017-01-07T23:00,2017-01-07,23,15.07,14.82,15.79,15.89,15.73,15.86,15.17,15.59,13.98,14.18
2017-01-08T00:00,2017-01-08,0,14.65,14.52,15.35,15.47,15.3,15.45,14.41,15.29,13.48,13.8
2017-01-08T01:00,2017-01-08,1,14.26,14.11,14.77,15.07,14.89,14.58,13.89,15.1,13.2,13.87
2017-01-08T02:00,2017-01-08,2,13.9,13.54,14.55,14.75,14.49,14.0,13.66,15.16,12.86,13.67
2017-01-08T03:00,2017-01-08,3,13.57,12.96,14.39,14.38,14.05,14.13,13.38,15.15,12.83,13.06
2017-01-08T04:00,2017-01-08,4,13.3,12.66,14.18,14.11,13.3,14.11,13.2,14.96,12.58,12.89
2017-01-08T05:00,2017-01-08,5,13.04,12.67,14.08,13.54,12.91,13.62,13.19,14.7,12.02,12.48
2017-01-08T06:00,2017-01-08,6,12.7,12.15,13.61,13.06,13.25,13.07,13.4,14.29,11.6,12.07
2017-01-08T07:00,2017-01-08,7,12.79,12.56,14.06,13.08,12.98,13.43,13.01,14.52,11.4,11.99
2017-01-08T08:00,2017-01-08,8,15.46,15.32,17.03,16.2,15.06,15.84,15.7,17.33,14.67,13.49
2017-01-08T09:00,2017-01-08,9,18.57,18.49,20.35,19.26,17.7,18.77,18.67,19.87,18.25,16.68
2017-01-08T10:00,2017-01-08,10,21.29,21.25,23.02,21.84,20.39,21.43,21.28,21.95,21.14,19.82
2017-01-08T11:00,2017-01-08,11,23.1,23.13,24.78,23.54,22.44,23.22,23.0,23.4,22.79,21.9
2017-01-08T12:00,2017-01-08,12,24.19,24.22,25.82,24.51,23.72,24.25,24.16,24.46,23.78,23.11
2017-01-08T13:00,2017-01-08,13,24.83,24.9,26.38,25.07,24.52,24.81,24.9,25.15,24.36,23.74
2017-01-08T14:00,2017-01-08,14,25.09,25.08,26.57,25.26,24.88,25.14,25.28,25.43,24.61,24.01
2017-01-08T15:00,2017-01-08,15,24.95,24.92,26.15,25.08,24.72,25.03,25.25,25.24,24.56,23.98
2017-01-08T16:00,2017-01-08,16,24.34,24.37,24.9,24.45,24.26,24.33,24.76,24.56,24.09,23.53
2017-01-08T17:00,2017-01-08,17,21.76,21.76,22.03,21.99,21.3,21.14,22.45,22.49,21.66,21.08
2017-01-08T18:00,2017-01-08,18,19.19,18.81,20.13,19.41,18.87,19.12,19.79,19.74,19.21,18.52
2017-01-08T19:00,2017-01-08,19,18.25,17.9,19.53,18.08,18.05,18.66,18.51,18.71,18.19,17.77
2017-01-08T20:00,2017-01-08,20,17.29,16.89,18.64,17.23,17.36,17.72,17.51,17.75,17.23,16.6
2017-01-08T21:00,2017-01-08,21,16.67,16.04,17.66,16.57,16.89,17.26,17.68,17.18,16.65,15.83
2017-01-08T22:00,2017-01-08,22,16.19,15.49,16.87,15.75,16.37,17.4,17.99,16.73,15.99,15.11
2017-01-08T23:00,2017-01-08,23,15.73,15.03,16.15,15.1,15.99,17.55,17.89,16.16,15.17,14.76
2017-01-09T00:00,2017-01-09,0,15.27,14.79,15.6,14.67,15.55,16.55,17.34,15.86,14.57,14.32
2017-01-09T01:00,2017-01-09,1,14.79,14.4,14.99,14.54,15.13,15.13,16.46,15.79,14.09,14.04
2017-01-09T02:00,2017-01-09,2,14.43,13.96,14.42,14.6,14.58,14.57,16.16,15.65,13.65,13.79
2017-01-09T03:00,2017-01-09,3,14.02,13.54,14.18,14.25,14.25,13.94,15.9,15.12,13.25,13.19
2017-01-09T04:00,2017-01-09,4,13.71,13.4,13.9,14.19,13.69,13.99,14.97,15.02,13.01,12.54
2017-01-09T05:00,2017-01-09,5,13.38,13.09,13.65,13.96,13.24,13.66,14.17,15.37,12.8,12.03
2017-01-09T06:00,2017-01-09,6,13.04,12.7,12.93,13.47,13.03,13.18,13.83,15.21,12.47,12.16
2017-01-09T07:00,2017-01-09,7,13.18,12.97,13.56,13.52,12.78,13.67,13.89,15.27,12.41,12.07
2017-01-09T08:00,2017-01-09,8,16.19,16.36,16.7,16.61,15.46,16.52,16.65,17.9,15.5,14.59
2017-01-09T09:00,2017-01-09,9,19.31,19.61,20.15,19.77,18.34,19.54,19.48,20.39,18.77,17.82
2017-01-09T10:00,2017-01-09,10,21.91,22.18,22.97,22.31,20.98,21.89,22.0,22.55,21.47,20.64
2017-01-09T11:00,2017-01-09,11,23.62,23.9,24.81,23.98,22.91,23.52,23.64,24.08,23.14,22.41
2017-01-09T12:00,2017-01-09,12,24.7,24.96,26.05,25.06,24.18,24.45,24.77,25.11,24.14,23.46
2017-01-09T13:00,2017-01-09,13,25.36,25.6,26.71,25.74,24.9,25.13,25.45,25.79,24.75,24.06
2017-01-09T14:00,2017-01-09,14,25.62,25.78,26.92,25.95,25.25,25.51,25.79,26.09,25.03,24.35
2017-01-09T15:00,2017-01-09,15,25.5,25.62,26.67,25.8,25.22,25.49,25.73,25.98,24.94,24.25
2017-01-09T16:00,2017-01-09,16,24.87,24.98,25.66,25.15,24.59,24.95,25.27,25.32,24.41,23.73
2017-01-09T17:00,2017-01-09,17,22.27,22.04,22.6,22.4,21.58,22.72,23.17,23.17,22.31,21.25
2017-01-09T18:00,2017-01-09,18,19.83,19.34,20.72,19.82,19.22,20.17,20.22,20.45,20.53,19.01
2017-01-09T19:00,2017-01-09,19,18.95,18.63,20.25,18.84,18.73,19.01,19.43,19.71,19.18,17.75
2017-01-09T20:00,2017-01-09,20,17.93,17.6,19.34,17.9,18.16,18.56,18.35,18.75,17.45,16.84
2017-01-09T21:00,2017-01-09,21,17.21,16.89,18.25,16.97,17.43,18.25,17.73,18.07,16.85,16.04
2017-01-09T22:00,2017-01-09,22,16.6,16.37,17.33,16.2,16.61,17.79,17.48,17.41,16.4,15.23
2017-01-09T23:00,2017-01-09,23,16.09,15.93,16.67,15.78,15.85,17.76,16.74,16.52,15.99,14.71
2017-01-10T00:00,2017-01-10,0,15.61,15.26,16.06,15.6,15.21,17.1,16.19,16.3,15.37,14.8
2017-01-10T01:00,2017-01-10,1,15.23,14.72,15.7,15.42,14.61,15.56,15.95,16.12,15.5,14.69
2017-01-10T02:00,2017-01-10,2,14.9,14.16,15.5,15.17,14.27,15.17,15.77,15.86,15.42,14.28
2017-01-10T03:00,2017-01-10,3,14.62,13.85,15.22,14.54,13.79,14.63,15.23,15.56,15.26,14.91
2017-01-10T04:00,2017-01-10,4,14.42,13.57,14.61,13.99,13.78,13.76,15.38,15.15,15.49,15.21
2017-01-10T05:00,2017-01-10,5,14.19,13.36,13.86,13.52,14.19,13.83,14.91,14.64,15.55,15.02
2017-01-10T06:00,2017-01-10,6,13.87,13.18,13.06,13.05,13.95,13.71,15.12,14.55,15.26,13.96
2017-01-10T07:00,2017-01-10,7,13.96,13.09,13.73,13.15,14.08,13.96,14.95,14.84,15.46,14.01
2017-01-10T08:00,2017-01-10,8,16.52,16.4,16.98,16.64,16.02,16.41,17.4,17.89,16.33,15.36
2017-01-10T09:00,2017-01-10,9,18.91,19.4,20.25,20.07,17.27,19.58,19.71,20.52,17.02,16.51
2017-01-10T10:00,2017-01-10,10,20.62,21.38,22.98,22.64,18.06,21.63,21.45,22.83,17.33,17.48
2017-01-10T11:00,2017-01-10,11,21.91,22.65,25.14,24.33,18.57,23.16,22.61,24.36,17.92,18.88
2017-01-10T12:00,2017-01-10,12,22.54,23.2,26.44,25.27,18.88,24.01,23.1,25.28,18.24,19.29
2017-01-10T13:00,2017-01-10,13,22.71,23.13,26.95,25.54,18.75,24.52,23.45,25.73,18.32,19.47
2017-01-10T14:00,2017-01-10,14,22.6,22.76,26.85,25.42,18.23,24.38,23.45,25.72,18.57,19.74
2017-01-10T15:00,2017-01-10,15,22.18,21.91,26.31,24.98,17.99,23.48,23.09,25.28,18.89,19.83
2017-01-10T16:00,2017-01-10,16,21.5,21.28,25.29,23.95,17.83,21.84,22.59,24.27,18.61,19.48
2017-01-10T17:00,2017-01-10,17,20.21,19.92,23.04,22.05,17.55,20.16,21.37,22.72,18.18,18.37
2017-01-10T18:00,2017-01-10,18,18.91,18.71,21.76,20.62,17.39,19.68,19.54,21.01,16.85,16.42
2017-01-10T19:00,2017-01-10,19,18.38,18.33,21.07,19.74,17.19,19.33,18.78,20.32,16.43,15.94
2017-01-10T20:00,2017-01-10,20,17.91,18.5,20.12,18.9,16.91,18.56,18.14,19.43,15.83,15.19
2017-01-10T21:00,2017-01-10,21,17.43,18.06,19.24,18.33,16.7,18.62,17.97,18.57,15.45,14.3
2017-01-10T22:00,2017-01-10,22,16.94,17.32,18.38,17.91,16.28,18.2,17.95,18.16,15.01,14.01
2017-01-10T23:00,2017-01-10,23,16.57,16.95,17.71,17.61,15.9,17.77,17.63,17.92,14.54,13.77
2017-01-11T00:00,2017-01-11,0,16.18,16.91,17.16,17.18,15.22,17.25,17.22,17.54,13.78,13.45
2017-01-11T01:00,2017-01-11,1,15.9,16.79,16.58,17.26,14.89,16.69,17.03,16.86,13.4,13.03
2017-01-11T02:00,2017-01-11,2,15.56,16.43,16.33,16.89,14.49,16.11,16.76,16.71,12.92,12.84
2017-01-11T03:00,2017-01-11,3,15.21,16.2,15.99,16.5,14.3,15.69,16.22,16.59,12.63,12.23
2017-01-11T04:00,2017-01-11,4,14.85,15.52,15.45,16.41,13.72,15.31,15.82,16.61,12.5,12.26
2017-01-11T05:00,2017-01-11,5,14.52,14.84,15.11,16.18,13.41,15.07,15.35,16.84,12.35,12.26
2017-01-11T06:00,2017-01-11,6,13.75,14.04,14.34,14.7,12.85,13.39,14.22,15.97,12.74,11.85
2017-01-11T07:00,2017-01-11,7,13.54,13.83,14.5,14.27,12.66,13.24,13.66,15.48,12.79,11.73
2017-01-11T08:00,2017-01-11,8,15.37,15.43,16.97,16.78,14.49,16.08,15.56,17.35,13.86,13.07
2017-01-11T09:00,2017-01-11,9,17.4,17.42,19.97,18.79,16.9,18.57,17.67,19.32,14.71,15.14
2017-01-11T10:00,2017-01-11,10,19.65,19.78,22.58,20.7,19.59,20.54,19.73,21.18,16.84,17.62
2017-01-11T11:00,2017-01-11,11,21.56,21.84,24.41,22.32,21.64,22.07,21.36,22.64,19.31,19.6
2017-01-11T12:00,2017-01-11,12,22.82,23.17,25.58,23.6,22.78,23.27,22.52,23.76,20.91,20.62
2017-01-11T13:00,2017-01-11,13,23.51,23.9,26.22,24.41,23.49,24.07,23.31,24.45,21.66,20.88
2017-01-11T14:00,2017-01-11,14,23.81,24.13,26.35,24.81,23.55,24.39,23.73,24.77,22.09,21.2
2017-01-11T15:00,2017-01-11,15,23.7,24.04,26.07,24.74,23.21,24.33,23.74,24.68,22.01,21.09
2017-01-11T16:00,2017-01-11,16,23.12,23.4,25.06,24.19,22.58,23.71,23.35,24.2,21.58,20.64
2017-01-11T17:00,2017-01-11,17,21.19,21.46,22.49,21.81,20.53,21.14,21.79,22.45,20.02,19.33
2017-01-11T18:00,2017-01-11,18,18.91,19.33,20.54,19.31,18.26,19.07,19.54,20.07,17.63,16.68
2017-01-11T19:00,2017-01-11,19,18.16,18.44,19.78,18.5,17.5,18.42,18.72,19.18,17.27,16.01
2017-01-11T20:00,2017-01-11,20,17.2,17.35,18.78,17.46,16.78,17.57,17.93,18.23,16.26,15.1
2017-01-11T21:00,2017-01-11,21,16.48,16.58,17.67,17.01,16.14,16.8,17.18,17.58,15.48,14.55
2017-01-11T22:00,2017-01-11,22,15.97,15.97,16.78,16.7,15.64,16.12,16.69,17.19,14.93,14.47
2017-01-11T23:00,2017-01-11,23,15.53,15.48,16.11,16.33,15.21,15.47,16.3,16.92,14.69,14.01
2017-01-12T00:00,2017-01-12,0,15.16,15.11,15.42,15.98,14.94,14.69,16.11,16.57,14.56,13.57
2017-01-12T01:00,2017-01-12,1,14.81,14.83,14.86,15.7,14.6,14.43,15.88,16.29,14.01,13.12
2017-01-12T02:00,2017-01-12,2,14.6,14.74,14.64,15.42,14.35,14.34,15.61,16.0,13.76,12.81
2017-01-12T03:00,2017-01-12,3,14.35,14.57,14.5,14.99,14.16,14.07,15.35,15.78,13.53,12.47
2017-01-12T04:00,2017-01-12,4,14.14,14.35,14.43,14.64,14.05,14.07,15.18,15.62,13.2,12.15
2017-01-12T05:00,2017-01-12,5,13.87,13.94,14.21,14.26,13.9,13.08,15.07,15.42,13.1,12.29
2017-01-12T06:00,2017-01-12,6,13.61,14.06,13.47,13.92,13.56,12.68,14.72,15.22,12.93,11.69
2017-01-12T07:00,2017-01-12,7,13.44,13.81,13.76,13.99,13.32,12.51,14.4,15.12,12.66,11.32
2017-01-12T08:00,2017-01-12,8,15.54,15.98,16.39,16.49,15.47,14.87,15.99,17.2,14.43,13.13
2017-01-12T09:00,2017-01-12,9,17.88,18.43,19.37,19.01,17.86,17.51,17.95,19.09,16.49,15.2
2017-01-12T10:00,2017-01-12,10,20.0,20.6,21.9,21.16,20.15,19.74,19.74,20.78,18.32,17.46
2017-01-12T11:00,2017-01-12,11,21.66,22.2,23.68,22.98,21.89,21.38,21.17,22.38,19.89,19.39
2017-01-12T12:00,2017-01-12,12,22.75,23.27,24.52,24.06,22.86,22.68,22.18,23.59,20.96,20.74
2017-01-12T13:00,2017-01-12,13,23.23,23.69,24.82,24.48,23.19,23.28,22.79,24.25,21.54,21.28
2017-01-12T14:00,2017-01-12,14,23.37,23.74,24.93,24.44,23.22,23.56,23.14,24.54,21.65,21.54
2017-01-12T15:00,2017-01-12,15,23.17,23.46,24.58,24.16,22.79,23.37,23.06,24.45,21.68,21.51
2017-01-12T16:00,2017-01-12,16,22.53,22.71,23.63,23.52,22.01,22.8,22.64,23.72,21.34,20.96
2017-01-12T17:00,2017-01-12,17,20.57,20.82,21.15,21.38,20.29,20.17,21.14,22.1,19.58,18.82
2017-01-12T18:00,2017-01-12,18,17.99,17.98,18.73,18.22,17.87,18.23,18.65,18.81,17.34,16.8
2017-01-12T19:00,2017-01-12,19,17.33,17.37,18.11,17.44,17.39,17.79,17.81,18.05,16.68,16.08
2017-01-12T20:00,2017-01-12,20,16.48,16.33,17.08,17.0,16.69,16.88,17.13,17.17,15.82,15.14
2017-01-12T21:00,2017-01-12,21,15.88,15.77,16.18,16.64,16.13,16.5,16.59,16.8,15.14,14.17
2017-01-12T22:00,2017-01-12,22,15.42,15.44,15.7,16.25,15.65,16.06,16.07,16.42,14.64,13.35
2017-01-12T23:00,2017-01-12,23,14.97,15.05,15.46,15.82,15.09,15.77,15.58,16.1,14.07,12.62
2017-01-13T00:00,2017-01-13,0,14.5,14.53,15.12,15.61,14.58,15.0,15.09,15.78,13.77,11.9
2017-01-13T01:00,2017-01-13,1,14.04,14.03,14.89,15.3,14.01,14.4,14.65,15.46,13.35,11.23
2017-01-13T02:00,2017-01-13,2,13.58,13.61,14.48,14.91,13.53,14.19,14.22,15.12,12.63,10.53
2017-01-13T03:00,2017-01-13,3,13.1,13.22,14.16,14.38,13.01,13.78,13.81,14.76,11.98,9.88
2017-01-13T04:00,2017-01-13,4,12.62,12.8,13.78,13.87,12.6,13.26,13.41,14.46,11.26,9.26
2017-01-13T05:00,2017-01-13,5,12.13,12.4,13.31,13.44,12.14,12.84,12.9,14.13,10.5,8.57
2017-01-13T06:00,2017-01-13,6,11.42,11.59,12.56,12.83,11.29,11.65,12.53,13.71,9.6,8.17
2017-01-13T07:00,2017-01-13,7,11.09,11.3,12.25,12.39,10.96,11.63,12.01,13.36,9.31,7.84
2017-01-13T08:00,2017-01-13,8,13.51,13.66,14.71,14.9,13.45,14.45,13.76,15.54,11.9,10.59
2017-01-13T09:00,2017-01-13,9,16.1,16.35,17.59,17.43,16.22,17.2,15.83,17.68,14.44,13.28
2017-01-13T10:00,2017-01-13,10,18.43,18.79,20.13,19.83,18.59,19.37,17.81,19.66,16.68,15.89
2017-01-13T11:00,2017-01-13,11,20.23,20.66,22.1,21.67,20.25,21.03,19.47,21.26,18.31,18.02
2017-01-13T12:00,2017-01-13,12,21.39,21.89,23.04,22.69,21.36,22.15,20.71,22.42,19.36,19.31
2017-01-13T13:00,2017-01-13,13,21.98,22.46,23.41,23.07,21.92,22.84,21.52,22.98,20.05,20.03
2017-01-13T14:00,2017-01-13,14,22.13,22.48,23.42,23.1,22.01,23.25,21.86,23.14,20.35,20.32
2017-01-13T15:00,2017-01-13,15,21.94,22.13,23.13,22.87,21.74,23.2,21.86,22.96,20.31,20.23
2017-01-13T16:00,2017-01-13,16,21.3,21.42,22.28,22.19,21.0,22.53,21.38,22.37,19.81,19.7
2017-01-13T17:00,2017-01-13,17,19.27,19.38,20.05,20.28,18.67,20.38,19.78,20.77,17.81,17.36
2017-01-13T18:00,2017-01-13,18,16.33,15.97,17.81,17.6,15.43,17.76,17.21,18.25,14.58,14.46
2017-01-13T19:00,2017-01-13,19,15.51,14.77,17.56,16.71,14.46,17.24,16.4,17.36,14.09,13.86
2017-01-13T20:00,2017-01-13,20,14.7,13.73,16.77,15.92,13.73,16.15,15.59,16.71,13.63,13.16
2017-01-13T21:00,2017-01-13,21,14.06,13.14,15.92,15.26,13.32,15.25,14.9,16.11,13.08,12.53
2017-01-13T22:00,2017-01-13,22,13.44,12.72,15.13,14.47,12.81,14.3,14.26,15.39,12.48,11.93
2017-01-13T23:00,2017-01-13,23,12.87,12.29,14.48,13.6,12.39,13.4,13.76,14.62,11.96,11.44
2017-01-14T00:00,2017-01-14,0,12.32,11.89,13.75,12.78,12.01,12.73,13.26,14.02,11.45,10.86
2017-01-14T01:00,2017-01-14,1,11.8,11.51,13.26,12.11,11.71,11.87,12.86,13.56,10.82,10.22
2017-01-14T02:00,2017-01-14,2,11.36,11.08,12.83,11.71,11.39,11.33,12.4,13.22,10.28,9.75
2017-01-14T03:00,2017-01-14,3,10.95,10.65,12.49,11.39,11.0,10.98,11.94,12.9,9.75,9.31
2017-01-14T04:00,2017-01-14,4,10.62,10.21,12.16,11.0,10.62,11.31,11.54,12.69,9.39,8.98
2017-01-14T05:00,2017-01-14,5,10.23,9.77,11.78,10.61,10.36,10.88,11.22,12.38,9.03,8.49
2017-01-14T06:00,2017-01-14,6,9.6,9.21,11.04,10.22,9.63,10.03,10.96,11.85,8.13,7.65
2017-01-14T07:00,2017-01-14,7,9.35,8.87,10.81,9.91,9.41,10.19,10.44,11.59,7.99,7.54
2017-01-14T08:00,2017-01-14,8,11.99,11.61,13.17,12.7,11.79,13.43,12.86,13.92,10.69,10.08
2017-01-14T09:00,2017-01-14,9,14.81,14.58,16.07,15.43,14.68,16.33,15.34,16.33,13.58,12.89
2017-01-14T10:00,2017-01-14,10,17.3,17.18,18.79,17.89,17.2,18.83,17.4,18.46,16.0,15.63
2017-01-14T11:00,2017-01-14,11,19.25,19.17,20.9,19.84,19.31,20.68,18.87,20.13,17.95,17.98
2017-01-14T12:00,2017-01-14,12,20.49,20.33,22.2,21.07,20.73,21.88,19.97,21.19,19.11,19.6
2017-01-14T13:00,2017-01-14,13,21.21,21.01,22.91,21.74,21.52,22.62,20.7,21.79,19.86,20.45
2017-01-14T14:00,2017-01-14,14,21.55,21.34,23.2,22.02,21.9,22.99,21.03,22.02,20.27,20.84
2017-01-14T15:00,2017-01-14,15,21.53,21.31,23.06,21.95,21.91,23.03,20.98,21.93,20.33,20.88
2017-01-14T16:00,2017-01-14,16,21.02,20.78,22.34,21.38,21.51,22.56,20.46,21.37,19.94,20.5
2017-01-14T17:00,2017-01-14,17,18.85,18.58,19.45,19.21,19.22,19.87,18.9,19.75,17.82,18.44
2017-01-14T18:00,2017-01-14,18,16.36,15.98,17.66,17.06,17.08,17.45,16.39,17.18,15.01,15.44
2017-01-14T19:00,2017-01-14,19,15.69,15.1,17.28,16.47,16.54,16.88,15.64,16.32,14.52,14.73
2017-01-14T20:00,2017-01-14,20,14.96,14.47,16.2,15.77,15.72,16.42,15.0,15.59,13.79,13.85
2017-01-14T21:00,2017-01-14,21,14.37,13.91,15.53,15.28,15.14,15.83,14.44,14.96,13.19,13.15
2017-01-14T22:00,2017-01-14,22,13.8,13.32,14.8,14.77,14.61,15.02,13.94,14.34,12.67,12.61
2017-01-14T23:00,2017-01-14,23,13.23,12.82,14.16,14.12,14.22,13.87,13.42,13.71,12.31,12.05
2017-01-15T00:00,2017-01-15,0,12.8,12.63,13.65,13.52,13.9,13.02,12.96,13.23,11.9,11.5
2017-01-15T01:00,2017-01-15,1,12.36,12.31,13.19,12.94,13.53,12.7,12.44,12.72,11.37,10.98
2017-01-15T02:00,2017-01-15,2,11.91,12.0,12.61,12.41,13.07,12.25,11.89,12.23,10.92,10.49
2017-01-15T03:00,2017-01-15,3,11.46,11.62,12.12,11.78,12.62,12.22,11.36,11.9,10.45,9.91
2017-01-15T04:00,2017-01-15,4,11.06,11.2,11.64,11.19,12.08,12.45,10.92,11.7,10.01,9.5
2017-01-15T05:00,2017-01-15,5,10.6,10.67,11.0,10.88,11.46,11.93,10.52,11.45,9.67,9.1
2017-01-15T06:00,2017-01-15,6,10.06,9.78,10.31,10.41,10.72,10.64,10.36,11.09,9.39,9.28
2017-01-15T07:00,2017-01-15,7,10.35,10.14,10.92,10.86,10.82,10.93,10.38,11.25,9.51,9.61
2017-01-15T08:00,2017-01-15,8,12.96,12.93,13.62,13.83,13.44,13.72,12.57,13.52,11.86,12.04
2017-01-15T09:00,2017-01-15,9,15.87,15.85,16.82,16.62,16.33,16.85,15.19,16.17,14.78,15.18
2017-01-15T10:00,2017-01-15,10,18.51,18.48,19.68,19.14,18.82,19.55,17.7,18.53,17.47,18.08
2017-01-15T11:00,2017-01-15,11,20.6,20.52,21.94,21.3,20.76,21.59,19.73,20.52,19.56,20.3
2017-01-15T12:00,2017-01-15,12,22.01,21.92,23.5,22.6,22.18,22.91,21.15,21.93,21.01,21.74
2017-01-15T13:00,2017-01-15,13,22.85,22.74,24.39,23.4,23.04,23.76,22.03,22.86,21.86,22.54
2017-01-15T14:00,2017-01-15,14,23.22,23.11,24.64,23.74,23.34,24.17,22.45,23.33,22.3,22.85
2017-01-15T15:00,2017-01-15,15,23.21,23.08,24.44,23.73,23.28,24.14,22.58,23.39,22.4,22.86
2017-01-15T16:00,2017-01-15,16,22.69,22.51,23.69,23.11,22.75,23.63,22.18,22.91,22.04,22.42
2017-01-15T17:00,2017-01-15,17,20.45,20.23,20.82,21.03,20.48,20.57,20.4,21.24,19.92,20.22
2017-01-15T18:00,2017-01-15,18,17.43,17.09,17.83,17.53,17.92,17.77,17.16,18.04,17.06,17.67
2017-01-15T19:00,2017-01-15,19,16.68,16.6,17.06,16.3,17.3,17.02,16.61,16.54,16.52,16.67
2017-01-15T20:00,2017-01-15,20,15.86,15.86,16.08,15.31,16.7,16.27,15.69,15.99,15.66,15.81
2017-01-15T21:00,2017-01-15,21,15.3,15.3,15.21,14.99,16.25,15.55,15.15,15.39,15.21,15.1
2017-01-15T22:00,2017-01-15,22,14.68,14.5,14.7,14.74,15.71,14.95,14.49,14.36,14.77,14.43
2017-01-15T23:00,2017-01-15,23,14.03,13.7,14.52,14.03,15.11,14.17,13.78,14.04,14.14,13.69
2017-01-16T00:00,2017-01-16,0,13.48,12.95,14.39,13.38,14.46,14.4,13.1,13.61,13.58,13.19
2017-01-16T01:00,2017-01-16,1,13.02,12.34,14.04,12.95,13.94,13.86,12.56,13.29,13.07,13.07
2017-01-16T02:00,2017-01-16,2,12.68,11.9,13.65,12.54,13.51,13.87,12.15,13.02,12.71,13.01
2017-01-16T03:00,2017-01-16,3,12.31,11.68,13.0,12.38,13.14,12.44,12.02,12.82,12.35,12.59
2017-01-16T04:00,2017-01-16,4,11.97,11.42,12.33,12.48,12.76,11.81,11.61,12.65,11.98,12.02
2017-01-16T05:00,2017-01-16,5,11.67,11.15,11.9,12.33,12.42,11.98,11.18,12.51,11.55,11.56
2017-01-16T06:00,2017-01-16,6,11.24,10.87,11.33,11.86,11.66,11.34,11.34,12.44,10.71,10.96
2017-01-16T07:00,2017-01-16,7,11.3,11.13,11.77,11.82,11.78,11.3,11.22,12.3,10.62,10.75
2017-01-16T08:00,2017-01-16,8,14.04,14.09,14.66,14.7,14.24,13.94,13.83,14.84,13.46,13.06
2017-01-16T09:00,2017-01-16,9,16.88,17.0,18.02,17.48,16.81,16.91,16.55,17.55,16.18,15.84
2017-01-16T10:00,2017-01-16,10,19.34,19.49,20.89,19.89,19.08,19.63,18.99,19.9,18.52,18.12
2017-01-16T11:00,2017-01-16,11,21.23,21.39,23.04,21.69,20.99,21.56,20.87,21.72,20.36,19.94
2017-01-16T12:00,2017-01-16,12,22.53,22.73,24.35,23.04,22.29,22.73,22.18,22.99,21.56,21.24
2017-01-16T13:00,2017-01-16,13,23.3,23.51,25.07,23.83,23.09,23.4,23.05,23.82,22.31,22.0
2017-01-16T14:00,2017-01-16,14,23.67,23.85,25.18,24.18,23.43,23.74,23.54,24.25,22.77,22.37
2017-01-16T15:00,2017-01-16,15,23.68,23.88,24.79,24.14,23.46,23.79,23.66,24.26,22.88,22.43
2017-01-16T16:00,2017-01-16,16,23.16,23.33,23.86,23.64,22.94,23.36,23.27,23.84,22.46,21.99
2017-01-16T17:00,2017-01-16,17,20.89,20.93,21.11,21.37,20.77,20.73,21.27,21.9,20.38,19.98
2017-01-16T18:00,2017-01-16,18,17.82,17.72,18.26,18.36,17.94,18.43,17.86,18.6,16.94,17.25
2017-01-16T19:00,2017-01-16,19,16.94,16.74,17.75,17.72,17.2,17.41,16.87,17.57,16.12,16.15
2017-01-16T20:00,2017-01-16,20,15.99,15.66,16.71,16.97,16.37,16.63,15.95,16.65,15.06,15.29
2017-01-16T21:00,2017-01-16,21,15.45,15.29,15.54,16.41,15.82,16.37,15.5,15.94,14.32,14.91
2017-01-16T22:00,2017-01-16,22,14.93,14.76,15.21,15.9,15.21,15.7,14.94,15.63,13.7,14.43
2017-01-16T23:00,2017-01-16,23,14.26,13.76,14.71,15.16,14.7,15.03,14.82,15.14,13.01,13.78
2017-01-17T00:00,2017-01-17,0,13.67,12.98,14.23,14.65,14.07,15.0,14.45,14.79,12.19,13.12
2017-01-17T01:00,2017-01-17,1,13.09,12.36,14.02,14.07,13.28,14.41,13.68,14.31,11.81,12.39
2017-01-17T02:00,2017-01-17,2,12.66,11.73,13.75,13.46,12.6,14.22,13.16,13.83,11.86,12.1
2017-01-17T03:00,2017-01-17,3,12.31,11.4,13.36,12.87,12.25,12.82,12.89,13.54,12.12,11.88
2017-01-17T04:00,2017-01-17,4,12.02,11.05,13.04,12.4,11.87,12.86,12.41,13.33,12.04,11.69
2017-01-17T05:00,2017-01-17,5,11.9,10.92,12.8,12.06,11.53,12.43,12.16,12.84,12.42,12.1
2017-01-17T06:00,2017-01-17,6,11.55,11.25,11.82,11.15,11.64,11.62,12.37,12.11,11.67,11.15
2017-01-17T07:00,2017-01-17,7,11.26,10.77,12.21,11.16,11.14,11.7,11.96,12.29,11.22,10.43
2017-01-17T08:00,2017-01-17,8,14.09,13.88,15.46,14.83,13.85,14.5,14.28,15.9,13.09,12.66
2017-01-17T09:00,2017-01-17,9,17.76,17.84,19.01,18.54,17.4,17.63,17.85,18.88,17.11,16.11
2017-01-17T10:00,2017-01-17,10,20.57,20.83,21.88,21.31,19.98,20.31,20.67,21.44,19.78,18.95
2017-01-17T11:00,2017-01-17,11,22.32,22.54,24.0,22.92,21.68,21.98,22.49,23.21,21.43,20.77
2017-01-17T12:00,2017-01-17,12,23.48,23.65,25.44,24.02,22.73,23.04,23.76,24.37,22.6,21.9
2017-01-17T13:00,2017-01-17,13,24.17,24.3,26.18,24.66,23.35,23.66,24.55,25.03,23.36,22.66
2017-01-17T14:00,2017-01-17,14,24.51,24.62,26.4,24.97,23.64,23.96,24.97,25.37,23.83,23.02
2017-01-17T15:00,2017-01-17,15,24.48,24.55,26.08,24.83,23.58,24.04,25.03,25.32,23.99,23.12
2017-01-17T16:00,2017-01-17,16,23.99,24.03,25.04,24.34,23.15,23.68,24.68,24.87,23.63,22.74
2017-01-17T17:00,2017-01-17,17,21.73,21.6,22.47,21.93,21.12,21.1,22.64,22.84,21.53,20.78
2017-01-17T18:00,2017-01-17,18,19.23,18.67,19.86,19.92,18.33,18.62,20.99,20.36,19.41,17.8
2017-01-17T19:00,2017-01-17,19,18.15,17.51,18.75,19.1,17.44,18.44,19.97,18.33,17.8,17.0
2017-01-17T20:00,2017-01-17,20,16.96,16.57,17.25,17.03,16.39,17.63,18.46,17.24,16.66,16.27
2017-01-17T21:00,2017-01-17,21,16.19,15.73,16.28,16.28,15.45,16.44,18.17,16.63,15.7,15.91
2017-01-17T22:00,2017-01-17,22,15.6,15.07,15.85,16.02,14.71,15.7,17.98,16.31,14.77,15.07
2017-01-17T23:00,2017-01-17,23,15.06,14.28,15.41,15.79,14.21,14.94,17.63,15.93,14.28,14.51
2017-01-18T00:00,2017-01-18,0,14.63,13.66,14.98,15.52,14.55,14.96,16.87,15.16,13.75,14.21
2017-01-18T01:00,2017-01-18,1,14.24,13.26,14.56,15.11,14.19,13.81,15.96,14.92,13.73,14.29
2017-01-18T02:00,2017-01-18,2,13.84,12.95,14.22,14.6,13.62,13.96,14.35,15.15,13.65,14.03
2017-01-18T03:00,2017-01-18,3,13.3,12.54,13.96,14.08,12.4,13.22,13.7,15.29,13.26,13.11
2017-01-18T04:00,2017-01-18,4,12.91,12.15,13.76,13.56,12.1,13.01,13.46,15.21,12.35,12.82
2017-01-18T05:00,2017-01-18,5,12.51,11.75,13.34,13.2,11.79,12.35,13.43,14.89,11.78,12.28
2017-01-18T06:00,2017-01-18,6,12.04,11.45,12.35,12.59,11.46,11.61,13.79,13.85,11.24,11.57
2017-01-18T07:00,2017-01-18,7,12.11,11.68,12.75,12.83,11.39,11.74,13.69,13.83,11.35,11.01
2017-01-18T08:00,2017-01-18,8,15.25,15.07,15.99,16.04,14.53,14.86,16.29,16.79,14.81,13.61
2017-01-18T09:00,2017-01-18,9,18.62,18.68,19.52,19.3,18.06,18.19,19.3,19.41,18.31,16.88
2017-01-18T10:00,2017-01-18,10,21.26,21.29,22.42,21.9,20.71,20.83,21.77,21.7,20.89,19.89
2017-01-18T11:00,2017-01-18,11,22.99,22.92,24.52,23.52,22.49,22.6,23.39,23.41,22.49,21.94
2017-01-18T12:00,2017-01-18,12,24.08,23.92,25.85,24.59,23.7,23.65,24.48,24.61,23.46,23.06
2017-01-18T13:00,2017-01-18,13,24.73,24.57,26.56,25.2,24.4,24.35,25.13,25.28,24.08,23.7
2017-01-18T14:00,2017-01-18,14,25.06,24.93,26.83,25.46,24.8,24.79,25.44,25.51,24.45,23.95
2017-01-18T15:00,2017-01-18,15,25.06,25.01,26.55,25.35,24.87,24.92,25.4,25.5,24.52,23.94
2017-01-18T16:00,2017-01-18,16,24.56,24.56,25.61,24.81,24.51,24.48,24.9,24.9,24.08,23.56
2017-01-18T17:00,2017-01-18,17,22.3,22.1,22.83,22.57,22.31,21.84,23.14,23.1,22.02,21.38
2017-01-18T18:00,2017-01-18,18,19.42,19.1,20.17,19.96,19.85,19.63,19.41,19.99,18.54,19.3
2017-01-18T19:00,2017-01-18,19,18.32,18.36,19.35,18.53,18.08,18.07,18.38,19.21,17.83,17.52
2017-01-18T20:00,2017-01-18,20,17.39,17.46,18.22,17.36,17.73,17.03,17.57,18.37,16.97,16.34
2017-01-18T21:00,2017-01-18,21,16.69,16.62,17.4,17.0,17.12,16.44,16.94,18.13,16.0,15.62
2017-01-18T22:00,2017-01-18,22,16.23,15.96,17.02,16.97,16.26,16.91,16.59,17.98,15.19,14.91
2017-01-18T23:00,2017-01-18,23,15.78,15.32,16.66,16.55,15.44,17.32,16.41,17.5,14.62,14.47
2017-01-19T00:00,2017-01-19,0,15.27,14.95,16.05,15.76,14.81,16.71,16.13,16.88,14.09,13.95
2017-01-19T01:00,2017-01-19,1,14.66,14.52,15.6,15.1,14.36,14.82,15.7,16.35,13.74,12.97
2017-01-19T02:00,2017-01-19,2,14.15,14.01,15.07,14.49,13.93,13.7,15.31,15.97,13.63,12.33
2017-01-19T03:00,2017-01-19,3,13.83,13.63,14.59,14.07,13.44,13.6,14.91,15.66,13.47,12.24
2017-01-19T04:00,2017-01-19,4,13.52,13.43,13.79,13.66,12.83,13.55,14.52,15.42,13.17,12.21
2017-01-19T05:00,2017-01-19,5,13.18,13.18,13.02,13.36,12.7,12.78,14.19,15.07,12.9,12.02
2017-01-19T06:00,2017-01-19,6,12.59,12.49,12.31,12.68,12.21,11.86,13.95,14.51,12.41,11.53
2017-01-19T07:00,2017-01-19,7,12.58,12.49,12.43,12.56,12.02,12.21,13.76,14.31,12.55,11.52
2017-01-19T08:00,2017-01-19,8,15.44,15.38,15.56,15.78,15.03,15.3,16.1,17.01,15.02,14.46
2017-01-19T09:00,2017-01-19,9,18.67,18.71,19.02,19.13,18.28,18.87,18.91,19.75,18.07,17.76
2017-01-19T10:00,2017-01-19,10,21.41,21.46,22.26,22.01,20.95,21.58,21.38,22.19,20.67,20.59
2017-01-19T11:00,2017-01-19,11,23.41,23.46,24.86,24.0,22.96,23.54,23.15,23.98,22.62,22.61
2017-01-19T12:00,2017-01-19,12,24.75,24.78,26.67,25.29,24.38,24.84,24.42,25.31,23.86,23.84
2017-01-19T13:00,2017-01-19,13,25.59,25.63,27.64,26.13,25.31,25.74,25.32,26.19,24.6,24.48
2017-01-19T14:00,2017-01-19,14,26.02,26.09,27.95,26.62,25.73,26.2,25.78,26.65,25.01,24.82
2017-01-19T15:00,2017-01-19,15,25.98,26.04,27.66,26.54,25.72,26.16,25.84,26.63,25.05,24.8
2017-01-19T16:00,2017-01-19,16,25.36,25.41,26.56,25.94,25.18,25.49,25.31,25.94,24.57,24.34
2017-01-19T17:00,2017-01-19,17,23.06,23.13,23.7,23.66,22.71,22.32,23.53,23.93,22.49,22.18
2017-01-19T18:00,2017-01-19,18,19.89,19.7,20.74,20.32,19.96,19.18,20.31,20.47,19.47,19.4
2017-01-19T19:00,2017-01-19,19,19.06,18.81,20.27,19.65,19.42,18.52,19.34,19.65,18.61,18.06
2017-01-19T20:00,2017-01-19,20,18.06,17.85,19.19,18.6,18.55,17.49,18.06,18.44,17.5,17.54
2017-01-19T21:00,2017-01-19,21,17.2,16.9,18.35,17.66,17.79,17.09,17.18,17.73,16.52,16.7
2017-01-19T22:00,2017-01-19,22,16.5,16.26,17.54,17.12,17.06,16.06,16.57,17.3,15.84,15.74
2017-01-19T23:00,2017-01-19,23,15.92,15.66,17.06,16.46,16.34,15.46,16.05,16.98,15.15,15.22
2017-01-20T00:00,2017-01-20,0,15.49,15.35,16.53,15.74,15.88,15.4,15.7,16.71,14.7,14.55
2017-01-20T01:00,2017-01-20,1,15.17,15.18,15.91,15.17,15.31,15.41,15.48,16.16,14.46,14.31
2017-01-20T02:00,2017-01-20,2,14.78,14.85,15.47,14.6,15.13,14.2,15.17,15.74,14.42,13.87
2017-01-20T03:00,2017-01-20,3,14.44,14.47,15.1,14.11,15.12,13.87,14.96,15.41,14.04,13.47
2017-01-20T04:00,2017-01-20,4,14.07,14.08,14.92,13.99,14.51,12.99,14.58,15.31,13.68,13.08
2017-01-20T05:00,2017-01-20,5,13.61,13.4,14.79,13.89,13.99,12.9,14.18,15.15,12.96,12.42
2017-01-20T06:00,2017-01-20,6,13.26,13.15,14.37,13.62,13.27,12.73,13.94,14.83,12.37,12.07
2017-01-20T07:00,2017-01-20,7,13.06,12.86,14.48,13.67,13.08,12.93,13.62,14.55,12.1,11.62
2017-01-20T08:00,2017-01-20,8,15.73,15.7,16.96,16.57,15.7,15.43,16.13,16.93,14.89,14.05
2017-01-20T09:00,2017-01-20,9,18.59,18.69,20.05,19.47,18.33,18.24,18.84,19.57,17.72,16.83
2017-01-20T10:00,2017-01-20,10,21.13,21.27,22.82,21.98,20.82,20.83,21.21,21.99,20.21,19.41
2017-01-20T11:00,2017-01-20,11,23.1,23.28,24.97,23.91,22.74,22.78,23.09,23.82,22.17,21.39
2017-01-20T12:00,2017-01-20,12,24.47,24.57,26.68,25.23,24.05,24.09,24.54,25.2,23.53,22.72
2017-01-20T13:00,2017-01-20,13,25.34,25.4,27.75,26.07,24.82,24.92,25.46,26.11,24.45,23.55
2017-01-20T14:00,2017-01-20,14,25.76,25.75,28.12,26.41,25.27,25.33,26.0,26.64,25.0,23.98
2017-01-20T15:00,2017-01-20,15,25.72,25.7,27.82,26.22,25.25,25.35,26.06,26.56,25.09,24.03
2017-01-20T16:00,2017-01-20,16,25.14,25.17,26.66,25.52,24.72,24.97,25.56,25.9,24.61,23.67
2017-01-20T17:00,2017-01-20,17,22.64,22.38,23.92,23.1,22.24,22.16,23.19,23.7,22.21,21.77
2017-01-20T18:00,2017-01-20,18,19.28,18.67,21.14,19.65,19.41,20.21,19.2,19.85,18.25,19.18
2017-01-20T19:00,2017-01-20,19,18.22,17.6,20.34,18.23,18.66,19.31,18.09,18.37,17.42,18.11
2017-01-20T20:00,2017-01-20,20,17.13,16.69,19.1,17.22,17.58,17.66,16.98,17.2,16.8,16.47
2017-01-20T21:00,2017-01-20,21,16.45,15.98,17.91,16.8,16.44,17.18,16.17,16.52,16.29,16.03
2017-01-20T22:00,2017-01-20,22,15.89,15.43,17.09,16.13,15.94,17.32,15.62,16.12,15.62,15.4
2017-01-20T23:00,2017-01-20,23,15.43,14.92,16.5,15.67,15.52,16.67,15.49,15.71,15.15,14.85
2017-01-21T00:00,2017-01-21,0,15.01,14.55,16.06,15.09,15.09,16.15,15.31,15.48,14.81,14.11
2017-01-21T01:00,2017-01-21,1,14.56,14.17,15.6,14.62,14.66,15.07,14.74,15.2,14.3,14.06
2017-01-21T02:00,2017-01-21,2,14.1,13.6,15.29,14.35,14.21,14.39,14.32,15.11,13.61,13.72
2017-01-21T03:00,2017-01-21,3,13.69,13.18,14.88,13.76,13.82,14.13,14.09,15.01,13.03,13.24
2017-01-21T04:00,2017-01-21,4,13.28,12.62,14.52,13.25,13.57,13.73,13.45,14.73,12.92,13.0
2017-01-21T05:00,2017-01-21,5,12.92,12.33,14.1,12.84,13.24,13.28,12.88,14.3,12.76,12.63
2017-01-21T06:00,2017-01-21,6,12.3,11.56,13.31,12.33,12.24,12.68,12.67,13.71,12.29,12.06
2017-01-21T07:00,2017-01-21,7,12.18,11.54,13.5,12.12,12.01,12.54,12.33,13.67,12.21,11.71
2017-01-21T08:00,2017-01-21,8,15.38,15.19,16.41,15.65,15.14,15.13,15.61,16.87,14.81,14.72
2017-01-21T09:00,2017-01-21,9,18.61,18.59,19.8,19.16,18.25,18.17,18.68,20.11,17.61,17.88
2017-01-21T10:00,2017-01-21,10,21.31,21.29,22.68,21.96,20.88,21.16,21.09,22.68,20.17,20.75
2017-01-21T11:00,2017-01-21,11,23.19,23.1,24.79,23.77,22.84,23.19,22.83,24.25,22.15,22.79
2017-01-21T12:00,2017-01-21,12,24.38,24.2,26.2,24.81,24.14,24.48,24.09,25.24,23.41,24.01
2017-01-21T13:00,2017-01-21,13,25.13,24.92,26.97,25.54,24.9,25.29,24.88,25.84,24.21,24.73
2017-01-21T14:00,2017-01-21,14,25.53,25.31,27.26,25.91,25.36,25.75,25.32,26.2,24.67,25.1
2017-01-21T15:00,2017-01-21,15,25.56,25.4,27.1,25.85,25.42,25.79,25.4,26.15,24.79,25.14
2017-01-21T16:00,2017-01-21,16,25.1,24.95,26.17,25.32,25.03,25.34,25.01,25.63,24.5,24.77
2017-01-21T17:00,2017-01-21,17,22.9,22.65,22.9,22.88,22.77,22.96,23.13,23.67,22.82,23.08
2017-01-21T18:00,2017-01-21,18,19.86,18.96,20.13,19.9,20.11,20.72,19.61,20.68,19.76,21.13
2017-01-21T19:00,2017-01-21,19,18.92,18.1,18.92,19.01,18.67,20.52,19.0,19.83,19.31,19.04
2017-01-21T20:00,2017-01-21,20,18.02,17.43,17.7,18.09,18.05,18.57,18.44,18.79,18.63,17.82
2017-01-21T21:00,2017-01-21,21,17.31,16.73,17.22,17.58,17.34,17.18,17.83,18.05,17.96,16.98
2017-01-21T22:00,2017-01-21,22,16.77,16.23,16.74,17.0,16.89,16.8,17.15,17.54,17.33,16.36
2017-01-21T23:00,2017-01-21,23,16.24,15.85,16.29,16.38,16.31,16.65,16.7,16.73,16.5,15.72
2017-01-22T00:00,2017-01-22,0,15.7,15.58,15.9,15.34,15.72,16.03,16.26,15.89,15.87,15.19
2017-01-22T01:00,2017-01-22,1,15.19,15.21,15.24,14.44,15.37,15.58,15.64,15.01,15.4,14.97
2017-01-22T02:00,2017-01-22,2,14.71,14.93,14.39,14.14,15.21,14.41,14.88,14.37,14.98,14.6
2017-01-22T03:00,2017-01-22,3,14.37,14.71,13.62,13.73,14.83,13.89,14.67,14.47,14.61,14.18
2017-01-22T04:00,2017-01-22,4,14.03,14.45,13.13,13.26,14.36,13.63,14.34,14.62,14.25,13.65
2017-01-22T05:00,2017-01-22,5,13.66,14.07,12.84,13.09,14.08,12.91,13.97,14.57,13.9,13.06
2017-01-22T06:00,2017-01-22,6,13.04,13.26,11.88,12.53,13.52,12.13,13.78,14.22,13.26,12.59
2017-01-22T07:00,2017-01-22,7,12.91,13.13,12.48,12.74,13.0,12.23,13.23,14.23,12.91,12.26
2017-01-22T08:00,2017-01-22,8,15.73,15.96,15.94,16.24,15.37,15.19,15.63,16.82,15.37,14.94
2017-01-22T09:00,2017-01-22,9,18.72,18.8,19.86,19.37,18.11,18.56,18.32,19.55,18.2,17.96
2017-01-22T10:00,2017-01-22,10,21.43,21.42,22.95,22.05,20.85,21.44,20.93,22.07,20.85,20.79
2017-01-22T11:00,2017-01-22,11,23.48,23.46,25.11,23.98,23.03,23.53,22.99,23.98,22.88,22.91
2017-01-22T12:00,2017-01-22,12,24.87,24.84,26.6,25.24,24.58,24.84,24.36,25.23,24.3,24.34
2017-01-22T13:00,2017-01-22,13,25.7,25.67,27.4,26.03,25.53,25.7,25.21,26.0,25.13,25.18
2017-01-22T14:00,2017-01-22,14,26.11,26.07,27.63,26.42,25.98,26.07,25.7,26.39,25.56,25.62
2017-01-22T15:00,2017-01-22,15,26.11,26.1,27.14,26.4,26.07,26.09,25.83,26.43,25.63,25.66
2017-01-22T16:00,2017-01-22,16,25.61,25.65,25.98,25.87,25.67,25.48,25.52,25.98,25.23,25.29
2017-01-22T17:00,2017-01-22,17,23.45,23.45,22.93,23.64,23.72,22.68,23.88,24.28,23.37,23.22
2017-01-22T18:00,2017-01-22,18,20.08,19.74,19.3,20.81,20.36,20.25,20.33,21.09,19.95,19.85
2017-01-22T19:00,2017-01-22,19,19.33,19.0,18.34,19.68,19.46,19.63,19.7,20.31,19.45,19.25
2017-01-22T20:00,2017-01-22,20,18.37,18.18,17.1,18.49,18.43,18.93,18.83,19.21,18.58,18.2
2017-01-22T21:00,2017-01-22,21,17.66,17.62,16.61,18.08,17.46,17.76,17.95,18.43,17.7,17.45
2017-01-22T22:00,2017-01-22,22,17.06,17.08,16.84,17.51,16.95,16.47,17.05,17.87,17.09,16.65
2017-01-22T23:00,2017-01-22,23,16.5,16.59,16.29,16.66,16.46,16.45,16.39,17.16,16.51,16.07
2017-01-23T00:00,2017-01-23,0,16.04,16.28,15.57,16.05,16.24,15.88,15.99,16.52,15.96,15.61
2017-01-23T01:00,2017-01-23,1,15.56,15.76,15.1,15.32,15.96,15.57,15.49,15.9,15.58,15.3
2017-01-23T02:00,2017-01-23,2,15.2,15.25,14.82,15.04,15.57,14.99,15.12,15.72,15.29,15.09
2017-01-23T03:00,2017-01-23,3,14.82,14.95,14.3,14.82,15.2,13.91,14.81,15.53,14.93,14.76
2017-01-23T04:00,2017-01-23,4,14.47,14.76,13.57,14.49,14.91,13.37,14.58,15.22,14.52,14.26
2017-01-23T05:00,2017-01-23,5,14.12,14.36,13.07,14.31,14.58,13.12,14.24,15.03,14.16,13.83
2017-01-23T06:00,2017-01-23,6,13.61,13.77,12.66,13.9,14.0,12.22,14.05,14.77,13.54,13.22
2017-01-23T07:00,2017-01-23,7,13.57,13.72,13.3,13.92,13.88,12.46,13.82,14.73,13.4,12.78
2017-01-23T08:00,2017-01-23,8,16.25,16.4,16.55,16.9,16.24,15.19,16.41,17.2,15.89,15.32
2017-01-23T09:00,2017-01-23,9,19.09,19.25,20.04,19.65,18.88,18.36,19.1,19.86,18.59,18.11
2017-01-23T10:00,2017-01-23,10,21.67,21.81,23.01,22.08,21.32,21.41,21.52,22.21,21.06,20.76
2017-01-23T11:00,2017-01-23,11,23.61,23.73,25.05,23.92,23.31,23.59,23.4,23.96,22.97,22.82
2017-01-23T12:00,2017-01-23,12,24.82,24.87,26.28,25.04,24.66,24.81,24.7,25.01,24.15,24.15
2017-01-23T13:00,2017-01-23,13,25.53,25.58,26.73,25.73,25.41,25.49,25.57,25.77,24.89,24.92
2017-01-23T14:00,2017-01-23,14,25.86,25.9,26.67,26.1,25.75,25.81,26.03,26.23,25.26,25.26
2017-01-23T15:00,2017-01-23,15,25.83,25.87,26.3,26.11,25.74,25.76,26.07,26.32,25.31,25.27
2017-01-23T16:00,2017-01-23,16,25.36,25.36,25.48,25.61,25.31,25.27,25.72,25.95,24.96,24.88
2017-01-23T17:00,2017-01-23,17,23.44,23.44,22.97,23.55,23.28,22.72,24.15,24.25,23.34,23.21
2017-01-23T18:00,2017-01-23,18,20.27,19.93,19.35,20.65,20.73,20.52,20.63,21.29,19.79,20.58
2017-01-23T19:00,2017-01-23,19,19.3,19.1,18.43,19.43,19.55,19.63,19.72,19.95,18.97,19.6
2017-01-23T20:00,2017-01-23,20,18.46,18.37,17.61,18.4,18.5,19.01,18.96,19.04,18.12,18.65
2017-01-23T21:00,2017-01-23,21,17.75,17.89,16.9,18.31,17.63,17.77,18.29,18.08,17.53,16.99
2017-01-23T22:00,2017-01-23,22,17.23,17.17,16.88,17.76,17.21,17.21,18.0,17.63,17.12,16.27
2017-01-23T23:00,2017-01-23,23,16.52,16.14,16.83,16.99,16.6,16.85,17.35,17.19,16.37,15.43
2017-01-24T00:00,2017-01-24,0,15.98,15.57,16.21,16.54,16.14,16.18,16.98,16.52,15.66,15.05
2017-01-24T01:00,2017-01-24,1,15.47,15.1,15.81,15.9,15.35,15.12,16.53,16.27,15.3,14.62
2017-01-24T02:00,2017-01-24,2,14.96,14.55,15.33,15.32,15.12,14.68,15.78,16.01,14.79,14.21
2017-01-24T03:00,2017-01-24,3,14.59,14.28,14.64,14.75,14.8,14.43,15.1,15.77,14.49,14.11
2017-01-24T04:00,2017-01-24,4,14.27,14.1,13.98,14.65,14.59,13.66,14.61,15.54,14.05,13.96
2017-01-24T05:00,2017-01-24,5,13.93,13.9,13.44,14.41,13.96,12.96,14.36,15.12,13.76,13.57
2017-01-24T06:00,2017-01-24,6,13.66,13.7,12.89,14.46,13.93,12.22,14.4,14.65,13.41,13.02
2017-01-24T07:00,2017-01-24,7,13.72,13.85,13.55,14.51,13.4,12.72,14.46,14.88,13.27,12.64
2017-01-24T08:00,2017-01-24,8,16.64,16.73,16.84,17.53,16.07,15.62,17.39,17.97,16.19,15.36
2017-01-24T09:00,2017-01-24,9,19.84,19.93,20.48,20.66,18.97,19.16,20.33,20.94,19.48,18.56
2017-01-24T10:00,2017-01-24,10,22.53,22.6,23.39,23.17,21.84,22.24,22.67,23.3,22.16,21.5
2017-01-24T11:00,2017-01-24,11,24.34,24.43,25.43,24.83,23.91,24.14,24.2,24.8,23.9,23.58
2017-01-24T12:00,2017-01-24,12,25.41,25.47,26.69,25.78,25.24,25.28,25.12,25.66,24.88,24.82
2017-01-24T13:00,2017-01-24,13,26.07,26.07,27.42,26.36,26.09,26.0,25.77,26.15,25.55,25.56
2017-01-24T14:00,2017-01-24,14,26.43,26.43,27.61,26.68,26.5,26.42,26.2,26.48,25.95,25.96
2017-01-24T15:00,2017-01-24,15,26.46,26.5,27.28,26.62,26.54,26.52,26.32,26.48,26.02,26.04
2017-01-24T16:00,2017-01-24,16,26.07,26.17,26.39,26.16,26.22,26.19,25.96,26.06,25.71,25.78
2017-01-24T17:00,2017-01-24,17,24.13,24.13,23.75,24.25,24.14,23.24,24.54,24.57,24.23,24.12
2017-01-24T18:00,2017-01-24,18,21.11,20.97,20.26,21.48,22.01,19.9,21.14,21.38,21.21,21.6
2017-01-24T19:00,2017-01-24,19,20.04,19.81,19.51,20.52,21.11,18.96,20.16,20.31,20.12,20.1
2017-01-24T20:00,2017-01-24,20,18.73,18.91,18.0,18.82,18.53,18.13,19.0,18.94,18.58,19.07
2017-01-24T21:00,2017-01-24,21,17.76,17.9,17.37,17.82,17.96,17.19,18.4,18.18,17.63,17.21
2017-01-24T22:00,2017-01-24,22,17.09,16.9,16.98,17.09,17.23,18.23,17.59,17.45,17.05,16.19
2017-01-24T23:00,2017-01-24,23,16.5,16.2,16.65,16.33,16.84,17.3,17.06,16.72,16.67,15.66
2017-01-25T00:00,2017-01-25,0,16.03,15.75,16.14,16.39,16.83,15.24,16.7,16.15,16.19,15.25
2017-01-25T01:00,2017-01-25,1,15.55,15.33,15.04,16.03,16.31,15.08,16.27,15.83,15.63,14.75
2017-01-25T02:00,2017-01-25,2,15.05,14.85,14.35,15.49,15.49,14.49,15.86,15.72,15.1,14.46
2017-01-25T03:00,2017-01-25,3,14.52,14.32,13.64,14.33,14.6,14.37,15.52,15.46,14.64,14.38
2017-01-25T04:00,2017-01-25,4,13.99,13.78,13.08,13.89,14.17,13.11,15.15,15.13,14.33,13.65
2017-01-25T05:00,2017-01-25,5,13.61,13.42,12.67,13.34,13.48,12.9,14.81,14.82,14.23,13.11
2017-01-25T06:00,2017-01-25,6,13.44,13.16,12.25,12.53,13.87,12.68,15.11,14.78,13.94,13.37
2017-01-25T07:00,2017-01-25,7,13.96,13.72,13.37,12.98,14.16,13.49,15.24,15.32,14.44,13.8
2017-01-25T08:00,2017-01-25,8,16.84,16.69,16.8,16.36,16.17,16.59,17.8,18.23,17.03,16.51
2017-01-25T09:00,2017-01-25,9,20.2,20.23,20.63,20.15,19.45,20.12,20.69,21.21,20.03,19.62
2017-01-25T10:00,2017-01-25,10,23.14,23.3,24.04,23.35,22.8,23.04,23.15,23.83,22.59,22.39
2017-01-25T11:00,2017-01-25,11,25.12,25.17,26.49,25.39,25.01,25.11,24.87,25.69,24.5,24.38
2017-01-25T12:00,2017-01-25,12,26.39,26.32,28.0,26.66,26.42,26.54,25.96,26.79,25.83,25.71
2017-01-25T13:00,2017-01-25,13,27.15,26.98,28.86,27.42,27.24,27.46,26.67,27.43,26.69,26.57
2017-01-25T14:00,2017-01-25,14,27.54,27.33,28.97,27.74,27.67,27.95,27.13,27.77,27.19,27.04
2017-01-25T15:00,2017-01-25,15,27.57,27.36,28.69,27.74,27.73,28.07,27.26,27.77,27.28,27.12
2017-01-25T16:00,2017-01-25,16,27.16,26.97,27.72,27.31,27.29,27.7,27.05,27.36,26.99,26.78
2017-01-25T17:00,2017-01-25,17,25.27,25.04,24.72,24.87,25.95,26.02,25.59,25.57,25.6,24.92
2017-01-25T18:00,2017-01-25,18,22.94,22.34,21.12,21.65,24.63,23.62,23.47,22.84,23.83,24.21
2017-01-25T19:00,2017-01-25,19,21.17,21.2,20.03,19.97,21.04,21.08,21.33,21.52,22.21,21.96
2017-01-25T20:00,2017-01-25,20,19.81,20.29,19.61,18.9,19.56,19.29,19.98,20.35,19.92,19.69
2017-01-25T21:00,2017-01-25,21,18.81,19.51,18.76,17.66,18.73,18.22,19.18,19.19,18.93,18.1
2017-01-25T22:00,2017-01-25,22,17.75,18.02,18.0,16.95,17.83,17.37,18.33,18.49,17.75,16.98
2017-01-25T23:00,2017-01-25,23,17.01,17.15,16.52,16.31,17.25,17.23,17.73,17.74,17.15,16.22
2017-01-26T00:00,2017-01-26,0,16.46,16.32,15.36,15.91,17.89,16.43,17.77,16.82,16.42,15.87
2017-01-26T01:00,2017-01-26,1,16.09,15.86,14.71,16.28,16.99,16.84,17.18,16.3,15.83,15.56
2017-01-26T02:00,2017-01-26,2,15.38,14.67,14.36,15.34,16.16,15.98,16.77,16.12,15.23,15.47
2017-01-26T03:00,2017-01-26,3,14.9,14.34,14.22,14.21,15.4,15.16,16.26,16.21,14.93,15.03
2017-01-26T04:00,2017-01-26,4,14.62,14.45,14.39,13.51,14.64,14.42,16.03,16.77,14.53,14.12
2017-01-26T05:00,2017-01-26,5,14.44,14.74,14.07,13.25,13.82,14.25,15.64,16.35,14.15,13.97
2017-01-26T06:00,2017-01-26,6,13.82,13.84,13.5,12.88,13.25,13.93,15.07,14.73,13.72,13.76
2017-01-26T07:00,2017-01-26,7,13.77,13.49,14.09,13.07,13.38,14.4,14.79,14.8,13.61,13.49
2017-01-26T08:00,2017-01-26,8,17.1,16.68,18.13,16.64,17.51,17.53,17.98,17.84,16.6,16.58
2017-01-26T09:00,2017-01-26,9,20.76,20.77,22.06,20.66,20.98,21.11,21.01,21.09,19.89,19.99
2017-01-26T10:00,2017-01-26,10,23.76,23.99,25.17,24.03,23.78,24.0,23.64,23.71,22.78,22.87
2017-01-26T11:00,2017-01-26,11,25.74,25.83,27.36,26.25,25.69,26.16,25.4,25.51,24.94,24.85
2017-01-26T12:00,2017-01-26,12,26.97,26.89,28.66,27.59,26.97,27.62,26.42,26.67,26.32,26.21
2017-01-26T13:00,2017-01-26,13,27.68,27.48,29.21,28.41,27.7,28.55,27.04,27.47,27.1,27.03
2017-01-26T14:00,2017-01-26,14,27.97,27.75,28.96,28.75,28.07,28.9,27.36,27.9,27.46,27.45
2017-01-26T15:00,2017-01-26,15,27.88,27.65,28.28,28.62,28.04,28.8,27.43,27.95,27.52,27.47
2017-01-26T16:00,2017-01-26,16,27.4,27.16,27.06,27.99,27.67,28.31,27.2,27.68,27.2,27.12
2017-01-26T17:00,2017-01-26,17,25.5,25.3,24.31,25.11,25.82,26.5,26.07,26.17,25.83,25.26
2017-01-26T18:00,2017-01-26,18,23.05,22.47,20.97,21.64,24.53,23.89,23.5,23.85,24.12,24.06
2017-01-26T19:00,2017-01-26,19,21.67,20.88,19.78,20.41,23.25,21.09,22.59,22.85,23.13,22.63
2017-01-26T20:00,2017-01-26,20,20.99,20.09,21.08,19.42,21.15,20.11,22.22,21.38,22.74,21.98
2017-01-26T21:00,2017-01-26,21,20.0,19.62,20.32,18.65,19.53,19.6,20.56,19.51,20.94,21.43
2017-01-26T22:00,2017-01-26,22,18.86,18.55,17.67,18.15,18.4,19.6,20.45,18.02,19.34,19.58
2017-01-26T23:00,2017-01-26,23,18.36,18.11,16.2,17.87,17.22,20.61,19.73,17.25,18.96,19.17
2017-01-27T00:00,2017-01-27,0,17.88,17.37,15.56,18.2,16.99,19.35,19.0,17.15,18.37,19.07
2017-01-27T01:00,2017-01-27,1,17.32,16.84,15.08,18.6,16.75,17.33,18.23,16.54,18.04,17.93
2017-01-27T02:00,2017-01-27,2,17.16,16.27,15.37,17.98,16.43,17.51,18.93,16.36,18.42,17.39
2017-01-27T03:00,2017-01-27,3,16.63,16.29,15.55,16.46,17.2,16.66,17.43,16.34,16.96,17.13
2017-01-27T04:00,2017-01-27,4,16.28,16.03,14.66,15.01,17.97,15.97,17.39,16.82,16.71,16.7
2017-01-27T05:00,2017-01-27,5,15.82,15.28,13.85,14.17,17.69,15.56,17.38,16.33,16.63,16.68
2017-01-27T06:00,2017-01-27,6,15.61,15.92,12.94,14.2,15.76,15.52,17.27,15.63,16.1,16.29
2017-01-27T07:00,2017-01-27,7,15.64,15.62,13.59,14.12,15.28,16.1,17.69,15.86,16.09,16.26
2017-01-27T08:00,2017-01-27,8,18.19,18.29,17.63,17.14,18.31,18.44,18.96,18.0,18.56,18.22
2017-01-27T09:00,2017-01-27,9,21.18,20.99,21.74,20.72,21.04,20.92,21.92,20.66,21.5,21.14
2017-01-27T10:00,2017-01-27,10,23.51,23.46,24.54,22.47,23.59,23.18,24.19,22.69,23.8,23.57
2017-01-27T11:00,2017-01-27,11,25.24,25.5,26.65,24.67,25.18,24.77,25.49,24.76,24.82,24.94
2017-01-27T12:00,2017-01-27,12,26.32,26.47,27.88,26.02,26.64,26.04,26.28,26.31,25.73,25.72
2017-01-27T13:00,2017-01-27,13,26.74,26.46,27.72,26.92,26.86,27.08,26.47,26.97,26.38,26.72
2017-01-27T14:00,2017-01-27,14,26.68,26.11,26.96,27.21,27.24,27.13,26.34,26.94,26.69,26.87
2017-01-27T15:00,2017-01-27,15,26.42,26.17,26.27,26.36,27.17,26.49,26.25,26.09,26.6,26.76
2017-01-27T16:00,2017-01-27,16,25.9,25.89,25.13,25.62,26.72,25.91,25.63,25.1,26.43,26.34
2017-01-27T17:00,2017-01-27,17,24.27,24.01,22.72,24.21,24.86,24.19,24.45,23.96,25.2,24.77
2017-01-27T18:00,2017-01-27,18,22.28,22.27,21.1,23.19,21.63,22.76,22.7,22.49,22.43,21.66
2017-01-27T19:00,2017-01-27,19,21.46,21.01,20.31,22.79,20.39,22.31,21.69,21.86,22.49,20.63
2017-01-27T20:00,2017-01-27,20,20.43,19.65,19.05,21.38,20.24,21.19,20.75,21.47,21.08,20.44
2017-01-27T21:00,2017-01-27,21,19.88,19.46,18.99,21.04,19.43,19.62,20.42,20.38,19.8,20.1
2017-01-27T22:00,2017-01-27,22,19.25,18.33,18.68,20.53,18.66,18.65,19.86,19.4,19.96,19.89
2017-01-27T23:00,2017-01-27,23,18.73,17.68,18.23,19.52,19.23,19.15,19.15,18.78,19.97,18.44
2017-01-28T00:00,2017-01-28,0,18.23,17.31,17.99,18.56,17.78,18.67,18.46,18.26,19.84,18.31
2017-01-28T01:00,2017-01-28,1,17.67,16.67,17.53,18.06,18.29,18.06,17.87,18.3,18.08,18.21
2017-01-28T02:00,2017-01-28,2,17.4,16.89,17.49,17.07,18.42,17.3,17.47,17.99,17.22,18.24
2017-01-28T03:00,2017-01-28,3,16.76,16.27,16.27,16.13,16.7,16.86,17.14,17.63,17.39,17.5
2017-01-28T04:00,2017-01-28,4,16.52,15.72,17.48,15.73,16.05,16.11,16.97,16.9,17.48,17.49
2017-01-28T05:00,2017-01-28,5,16.47,16.02,17.01,15.45,16.58,15.67,16.93,16.49,17.6,16.97
2017-01-28T06:00,2017-01-28,6,16.09,15.82,14.73,15.76,15.81,14.63,17.25,16.35,17.05,16.96
2017-01-28T07:00,2017-01-28,7,16.39,16.38,15.24,16.0,16.03,15.63,17.29,17.14,17.04,16.44
2017-01-28T08:00,2017-01-28,8,18.56,18.68,18.62,18.06,18.07,18.22,19.53,19.63,18.58,17.76
2017-01-28T09:00,2017-01-28,9,21.01,21.64,21.76,20.7,20.72,20.73,21.59,22.34,20.14,19.3
2017-01-28T10:00,2017-01-28,10,23.07,24.01,23.85,23.36,22.65,22.66,23.45,24.72,21.65,20.66
2017-01-28T11:00,2017-01-28,11,24.6,25.44,25.4,25.28,24.12,24.08,24.97,26.33,22.95,22.34
2017-01-28T12:00,2017-01-28,12,25.58,26.33,26.26,26.51,24.43,25.15,26.12,27.28,23.97,23.6
2017-01-28T13:00,2017-01-28,13,26.11,26.74,26.96,27.09,24.76,25.29,26.8,27.84,24.56,24.36
2017-01-28T14:00,2017-01-28,14,26.08,26.49,26.94,27.19,24.89,25.02,26.8,27.89,24.62,24.68
2017-01-28T15:00,2017-01-28,15,25.67,25.54,26.51,26.59,24.69,25.1,26.64,27.87,24.53,24.58
2017-01-28T16:00,2017-01-28,16,25.26,25.11,25.75,26.19,24.31,24.8,26.29,27.49,24.35,24.06
2017-01-28T17:00,2017-01-28,17,24.2,24.25,24.47,25.07,23.37,23.55,25.36,26.13,23.21,22.83
2017-01-28T18:00,2017-01-28,18,22.05,22.64,22.39,23.46,21.1,21.66,22.41,24.51,20.38,19.93
2017-01-28T19:00,2017-01-28,19,21.16,21.75,21.6,22.26,20.53,21.04,21.75,23.03,19.39,19.09
2017-01-28T20:00,2017-01-28,20,20.36,21.14,21.08,21.26,19.77,20.27,20.73,22.03,18.41,18.27
2017-01-28T21:00,2017-01-28,21,19.63,20.44,20.2,20.79,19.05,19.83,19.73,21.47,17.42,17.56
2017-01-28T22:00,2017-01-28,22,18.94,19.68,19.53,20.39,18.2,19.54,19.08,20.53,16.59,16.81
2017-01-28T23:00,2017-01-28,23,18.36,18.77,19.15,20.33,17.16,19.34,18.58,20.02,16.17,16.11
2017-01-29T00:00,2017-01-29,0,17.81,17.92,18.57,20.23,16.72,18.69,18.0,19.75,15.87,15.42
2017-01-29T01:00,2017-01-29,1,17.2,17.17,18.06,19.75,16.25,18.11,17.32,19.32,15.39,14.66
2017-01-29T02:00,2017-01-29,2,16.72,16.59,17.97,19.47,15.64,17.32,16.64,18.82,14.97,14.39
2017-01-29T03:00,2017-01-29,3,16.2,15.8,17.93,19.02,15.13,16.98,15.95,18.25,14.59,14.01
2017-01-29T04:00,2017-01-29,4,15.62,14.94,18.01,18.38,14.64,16.35,15.09,17.61,14.25,13.62
2017-01-29T05:00,2017-01-29,5,14.98,14.2,17.77,17.62,14.26,15.46,14.42,16.87,13.61,13.15
2017-01-29T06:00,2017-01-29,6,14.29,13.48,16.52,16.17,13.84,15.28,14.14,16.35,13.12,12.61
2017-01-29T07:00,2017-01-29,7,14.36,13.69,16.71,15.97,14.03,15.44,14.25,16.11,13.25,12.36
2017-01-29T08:00,2017-01-29,8,16.84,16.54,19.17,18.02,16.7,17.73,16.61,18.22,15.6,14.86
2017-01-29T09:00,2017-01-29,9,19.28,19.16,21.97,20.26,19.26,20.35,18.78,20.28,17.87,17.31
2017-01-29T10:00,2017-01-29,10,21.43,21.36,24.45,22.37,21.54,22.43,20.66,22.17,19.97,19.56
2017-01-29T11:00,2017-01-29,11,23.01,22.92,26.01,23.9,23.18,23.88,22.17,23.64,21.63,21.32
2017-01-29T12:00,2017-01-29,12,24.12,24.03,26.86,24.91,24.32,24.92,23.34,24.67,22.83,22.61
2017-01-29T13:00,2017-01-29,13,24.83,24.76,27.23,25.61,24.97,25.57,24.17,25.38,23.61,23.44
2017-01-29T14:00,2017-01-29,14,25.17,25.13,27.2,25.89,25.23,25.86,24.63,25.73,24.07,23.93
2017-01-29T15:00,2017-01-29,15,25.18,25.13,26.77,25.89,25.15,25.79,24.79,25.78,24.19,24.05
2017-01-29T16:00,2017-01-29,16,24.75,24.72,25.8,25.42,24.78,25.35,24.5,25.31,23.92,23.79
2017-01-29T17:00,2017-01-29,17,23.42,23.34,23.94,23.82,23.48,23.81,23.5,24.06,22.77,22.78
2017-01-29T18:00,2017-01-29,18,20.38,20.06,21.33,21.08,20.44,21.08,20.24,20.89,19.63,19.92
2017-01-29T19:00,2017-01-29,19,19.71,19.54,20.78,20.24,19.87,20.38,19.53,20.06,18.76,19.24
2017-01-29T20:00,2017-01-29,20,18.95,18.69,20.22,19.63,18.99,19.94,18.66,19.29,18.11,18.21
2017-01-29T21:00,2017-01-29,21,18.18,17.96,19.3,18.76,18.4,19.08,17.95,18.28,17.57,17.32
2017-01-29T22:00,2017-01-29,22,17.63,17.52,18.36,17.95,18.0,18.49,17.39,17.76,17.18,16.87
2017-01-29T23:00,2017-01-29,23,17.16,17.11,17.71,17.58,17.5,17.7,16.9,17.57,16.79,16.28
2017-01-30T00:00,2017-01-30,0,16.59,16.6,16.72,17.13,16.98,16.88,16.55,17.18,16.05,15.75
2017-01-30T01:00,2017-01-30,1,16.13,16.11,15.8,16.78,16.48,16.7,16.26,16.86,15.49,15.37
2017-01-30T02:00,2017-01-30,2,15.77,15.71,15.45,16.37,16.17,16.08,16.05,16.58,15.14,15.06
2017-01-30T03:00,2017-01-30,3,15.42,15.44,15.2,15.89,15.92,15.41,15.71,16.24,14.85,14.62
2017-01-30T04:00,2017-01-30,4,15.06,15.12,14.88,15.39,15.55,15.24,15.33,15.8,14.53,14.19
2017-01-30T05:00,2017-01-30,5,14.64,14.67,14.41,14.81,15.32,14.5,14.87,15.4,14.3,13.96
2017-01-30T06:00,2017-01-30,6,14.0,13.86,13.59,14.25,14.49,14.25,14.67,14.97,13.68,13.04
2017-01-30T07:00,2017-01-30,7,14.19,14.12,14.43,14.78,14.47,14.45,14.79,15.18,13.58,12.72
2017-01-30T08:00,2017-01-30,8,16.79,16.93,17.27,17.49,16.83,16.55,17.14,17.79,15.99,15.41
2017-01-30T09:00,2017-01-30,9,19.42,19.52,20.3,20.07,19.15,18.82,19.78,20.31,18.73,18.32
2017-01-30T10:00,2017-01-30,10,21.73,21.79,22.8,22.33,21.39,21.12,22.0,22.52,21.12,20.69
2017-01-30T11:00,2017-01-30,11,23.35,23.36,24.64,23.87,23.05,23.02,23.48,24.08,22.66,22.45
2017-01-30T12:00,2017-01-30,12,24.42,24.35,25.85,24.81,24.3,24.36,24.39,25.17,23.68,23.57
2017-01-30T13:00,2017-01-30,13,25.02,24.89,26.37,25.36,25.19,25.04,25.03,25.82,24.38,24.11
2017-01-30T14:00,2017-01-30,14,25.29,25.2,26.37,25.53,25.31,25.48,25.45,26.08,24.77,24.3
2017-01-30T15:00,2017-01-30,15,25.23,25.18,25.77,25.5,25.29,25.35,25.5,26.05,24.77,24.29
2017-01-30T16:00,2017-01-30,16,24.83,24.87,24.91,25.05,25.0,25.0,25.23,25.66,24.38,23.92
2017-01-30T17:00,2017-01-30,17,23.62,23.64,23.07,23.8,24.09,23.59,24.21,24.53,23.21,22.94
2017-01-30T18:00,2017-01-30,18,20.73,20.58,20.62,20.75,21.7,21.1,20.81,21.47,20.16,20.42
2017-01-30T19:00,2017-01-30,19,19.87,19.6,19.99,19.97,21.02,20.19,20.06,20.17,19.54,19.4
2017-01-30T20:00,2017-01-30,20,19.1,18.56,18.87,19.04,20.45,20.58,19.33,19.1,18.86,18.83
2017-01-30T21:00,2017-01-30,21,18.45,18.29,17.73,18.15,19.81,19.06,19.01,18.66,18.13,18.15
2017-01-30T22:00,2017-01-30,22,17.75,17.42,17.03,17.61,19.13,18.35,18.32,18.1,17.32,17.66
2017-01-30T23:00,2017-01-30,23,17.05,16.47,16.5,16.92,18.18,17.89,18.34,17.36,16.58,16.89
2017-01-31T00:00,2017-01-31,0,16.35,15.89,15.76,16.44,17.61,17.16,17.01,16.67,15.76,16.32
2017-01-31T01:00,2017-01-31,1,15.78,15.32,15.58,15.88,17.13,16.46,16.39,16.53,14.96,15.59
2017-01-31T02:00,2017-01-31,2,15.24,14.83,14.93,15.26,16.37,15.68,15.92,16.35,14.45,15.05
2017-01-31T03:00,2017-01-31,3,14.78,14.29,14.45,14.85,15.81,15.3,15.34,15.95,14.11,14.74
2017-01-31T04:00,2017-01-31,4,14.38,13.98,14.01,14.54,15.33,14.99,14.88,15.72,13.66,14.12
2017-01-31T05:00,2017-01-31,5,14.03,13.98,13.63,13.99,14.73,14.47,14.52,15.08,13.26,13.62
2017-01-31T06:00,2017-01-31,6,13.44,13.23,12.51,13.76,14.19,14.05,14.35,14.06,12.8,13.01
2017-01-31T07:00,2017-01-31,7,13.78,13.64,13.48,13.71,14.19,14.38,14.64,15.14,12.98,13.16
2017-01-31T08:00,2017-01-31,8,16.33,16.54,17.03,16.83,16.22,16.09,16.49,17.69,15.37,15.18
2017-01-31T09:00,2017-01-31,9,19.09,19.49,20.77,19.67,18.53,18.71,18.85,20.63,17.86,17.53
2017-01-31T10:00,2017-01-31,10,21.37,21.86,23.03,22.05,20.66,21.1,21.14,22.89,19.85,19.91
2017-01-31T11:00,2017-01-31,11,23.02,23.44,24.54,23.67,22.45,22.91,22.97,24.32,21.41,21.72
2017-01-31T12:00,2017-01-31,12,24.14,24.46,25.47,24.71,23.72,24.01,24.25,25.23,22.65,23.03
2017-01-31T13:00,2017-01-31,13,24.86,25.11,25.92,25.37,24.49,24.75,25.11,25.85,23.43,23.97
2017-01-31T14:00,2017-01-31,14,25.17,25.37,25.9,25.77,24.74,25.02,25.63,26.33,23.88,24.23
2017-01-31T15:00,2017-01-31,15,25.2,25.4,25.56,25.66,24.91,25.06,25.73,26.44,24.06,24.32
2017-01-31T16:00,2017-01-31,16,24.86,25.05,24.88,25.18,24.59,24.68,25.43,26.15,23.86,24.19
2017-01-31T17:00,2017-01-31,17,23.58,23.65,23.06,23.83,23.54,23.18,24.35,24.94,22.82,23.2
2017-01-31T18:00,2017-01-31,18,20.86,21.33,20.3,21.12,20.61,21.42,21.24,21.77,19.67,20.19
2017-01-31T19:00,2017-01-31,19,19.69,20.02,19.41,20.28,19.31,20.38,20.25,20.72,18.16,18.87
2017-01-31T20:00,2017-01-31,20,18.71,18.51,18.61,19.3,18.41,19.14,20.2,19.54,17.24,18.31
2017-01-31T21:00,2017-01-31,21,17.78,17.26,17.22,19.13,17.93,17.87,19.28,18.41,16.72,17.29
2017-01-31T22:00,2017-01-31,22,17.1,16.67,16.45,19.26,17.32,17.04,17.68,18.27,15.85,16.42
2017-01-31T23:00,2017-01-31,23,16.27,15.84,16.09,17.34,16.55,16.67,17.02,18.03,15.08,15.59
2017-02-01T00:00,2017-02-01,0,15.69,15.22,15.81,16.67,15.63,16.27,16.73,17.43,14.41,14.86
2017-02-01T01:00,2017-02-01,1,15.17,14.94,15.33,15.75,15.17,15.38,16.44,16.59,13.89,14.31
2017-02-01T02:00,2017-02-01,2,14.73,14.39,14.79,14.95,14.78,15.83,15.83,16.61,13.52,13.84
2017-02-01T03:00,2017-02-01,3,14.17,13.73,14.57,14.64,14.32,14.58,15.27,15.6,13.14,13.47
2017-02-01T04:00,2017-02-01,4,13.81,13.45,14.13,14.24,13.52,14.21,14.71,15.29,12.64,13.65
2017-02-01T05:00,2017-02-01,5,13.4,12.99,13.83,13.79,13.08,13.91,14.44,14.94,12.07,13.31
2017-02-01T06:00,2017-02-01,6,12.9,12.69,13.56,12.93,12.97,13.22,14.24,14.68,11.3,12.23
2017-02-01T07:00,2017-02-01,7,13.3,12.9,14.27,13.45,13.45,13.69,14.37,15.23,11.85,12.62
2017-02-01T08:00,2017-02-01,8,16.04,16.03,17.56,16.93,16.0,16.33,16.91,17.52,14.08,14.3
2017-02-01T09:00,2017-02-01,9,19.08,19.28,21.18,20.27,18.88,19.35,19.57,20.06,16.98,16.91
2017-02-01T10:00,2017-02-01,10,21.64,21.81,24.08,22.83,21.27,21.67,21.77,22.73,19.74,19.62
2017-02-01T11:00,2017-02-01,11,23.31,23.49,25.82,24.44,22.73,23.26,23.39,24.39,21.49,21.48
2017-02-01T12:00,2017-02-01,12,24.41,24.61,26.94,25.45,23.71,24.18,24.53,25.44,22.72,22.67
2017-02-01T13:00,2017-02-01,13,25.07,25.26,27.65,26.09,24.25,24.74,25.31,26.17,23.52,23.14
2017-02-01T14:00,2017-02-01,14,25.38,25.48,27.71,26.33,24.58,25.03,25.74,26.58,24.08,23.49
2017-02-01T15:00,2017-02-01,15,25.4,25.38,27.41,26.27,24.63,25.01,25.88,26.71,24.29,23.74
2017-02-01T16:00,2017-02-01,16,25.04,25.01,26.51,25.76,24.3,24.6,25.66,26.47,24.11,23.64
2017-02-01T17:00,2017-02-01,17,23.73,23.6,24.23,24.21,23.13,22.98,24.68,25.5,23.14,22.78
2017-02-01T18:00,2017-02-01,18,20.37,20.03,20.92,21.21,19.7,19.95,21.48,22.6,19.37,19.48
2017-02-01T19:00,2017-02-01,19,19.39,19.29,19.87,20.22,18.99,19.04,20.93,21.07,18.03,18.02
2017-02-01T20:00,2017-02-01,20,18.53,18.5,19.14,19.27,18.02,18.05,19.81,20.12,17.14,17.38
2017-02-01T21:00,2017-02-01,21,17.63,17.67,18.6,18.25,16.71,17.34,18.97,19.09,16.24,16.36
2017-02-01T22:00,2017-02-01,22,16.92,16.89,17.93,17.59,16.01,16.33,18.33,18.51,15.69,15.65
2017-02-01T23:00,2017-02-01,23,16.39,16.05,17.39,17.21,15.3,17.19,17.43,18.04,15.26,15.24
2017-02-02T00:00,2017-02-02,0,15.92,15.41,16.77,16.48,14.92,16.78,16.91,17.66,15.14,15.12
2017-02-02T01:00,2017-02-02,1,15.34,14.87,15.69,15.75,15.22,15.69,16.58,16.96,14.62,14.38
2017-02-02T02:00,2017-02-02,2,14.88,14.53,15.28,15.05,15.09,14.85,16.24,16.79,13.82,14.0
2017-02-02T03:00,2017-02-02,3,14.46,13.98,15.01,14.65,14.65,14.06,15.71,16.59,13.34,14.04
2017-02-02T04:00,2017-02-02,4,14.07,13.66,14.9,14.27,14.19,14.03,15.45,16.06,12.71,13.31
2017-02-02T05:00,2017-02-02,5,13.7,13.42,14.42,13.85,13.66,13.38,15.18,15.47,12.32,13.05
2017-02-02T06:00,2017-02-02,6,13.38,13.04,13.72,13.27,12.81,13.29,14.92,15.38,12.44,13.07
2017-02-02T07:00,2017-02-02,7,13.54,13.26,14.44,13.76,12.87,13.43,14.74,15.59,12.43,12.86
2017-02-02T08:00,2017-02-02,8,16.18,16.42,17.63,16.96,15.7,15.72,17.24,18.42,14.56,13.76
2017-02-02T09:00,2017-02-02,9,19.02,19.62,21.26,20.06,18.54,18.87,19.67,20.72,17.04,15.64
2017-02-02T10:00,2017-02-02,10,21.52,22.12,23.88,22.21,20.97,21.31,21.9,22.65,19.98,18.62
2017-02-02T11:00,2017-02-02,11,23.28,23.65,25.41,23.74,22.9,23.0,23.54,24.14,22.13,21.2
2017-02-02T12:00,2017-02-02,12,24.48,24.73,26.57,24.91,24.2,24.12,24.71,25.27,23.36,22.74
2017-02-02T13:00,2017-02-02,13,25.22,25.46,27.16,25.73,25.03,24.8,25.55,26.16,24.09,23.31
2017-02-02T14:00,2017-02-02,14,25.59,25.83,27.16,26.16,25.42,25.21,26.03,26.63,24.45,23.74
2017-02-02T15:00,2017-02-02,15,25.55,25.78,26.85,26.1,25.36,25.14,26.12,26.65,24.44,23.82
2017-02-02T16:00,2017-02-02,16,25.07,25.26,26.06,25.53,24.86,24.64,25.81,26.25,24.03,23.51
2017-02-02T17:00,2017-02-02,17,23.62,23.79,23.61,23.96,23.4,22.93,24.68,24.92,22.91,22.47
2017-02-02T18:00,2017-02-02,18,20.36,20.61,20.59,20.66,20.32,19.6,21.0,21.86,19.15,19.66
2017-02-02T19:00,2017-02-02,19,19.46,19.85,19.26,20.05,19.61,18.79,19.93,20.69,18.38,18.39
2017-02-02T20:00,2017-02-02,20,18.65,18.83,18.35,19.53,18.98,18.35,19.18,19.88,17.26,17.84
2017-02-02T21:00,2017-02-02,21,17.9,17.6,18.54,19.07,18.02,17.56,18.57,19.35,16.52,17.19
2017-02-02T22:00,2017-02-02,22,17.24,16.77,17.82,18.3,17.23,17.2,18.24,18.67,15.85,16.63
2017-02-02T23:00,2017-02-02,23,16.57,16.03,17.14,17.21,16.55,16.61,17.58,18.33,15.47,16.14
2017-02-03T00:00,2017-02-03,0,16.08,15.68,16.58,16.59,16.11,15.62,17.13,17.71,15.22,15.45
2017-02-03T01:00,2017-02-03,1,15.67,15.16,16.21,16.08,15.78,15.52,16.79,17.43,14.88,15.0
2017-02-03T02:00,2017-02-03,2,15.25,14.68,15.6,15.44,15.43,15.49,16.28,16.98,14.59,14.75
2017-02-03T03:00,2017-02-03,3,14.73,14.02,14.76,14.89,15.28,15.01,15.7,16.61,14.23,14.36
2017-02-03T04:00,2017-02-03,4,14.28,13.5,14.54,14.64,15.1,13.99,15.05,16.06,13.86,14.04
2017-02-03T05:00,2017-02-03,5,14.05,13.27,14.64,14.41,14.75,14.5,14.39,15.41,13.69,13.77
2017-02-03T06:00,2017-02-03,6,13.37,12.93,12.91,12.82,14.37,13.58,14.07,15.0,12.94,13.59
2017-02-03T07:00,2017-02-03,7,13.72,13.28,13.86,13.55,14.63,14.02,13.99,14.92,13.3,13.69
2017-02-03T08:00,2017-02-03,8,16.21,16.0,17.43,16.15,15.86,16.4,16.74,17.77,15.85,15.02
2017-02-03T09:00,2017-02-03,9,19.0,19.26,20.76,19.26,17.94,19.12,19.2,20.02,18.63,17.04
2017-02-03T10:00,2017-02-03,10,21.4,21.73,23.08,21.8,20.29,21.47,21.29,22.08,21.03,19.63
2017-02-03T11:00,2017-02-03,11,23.15,23.43,24.66,23.51,22.41,23.18,22.85,23.56,22.76,21.91
2017-02-03T12:00,2017-02-03,12,24.34,24.54,25.5,24.51,24.04,24.28,24.03,24.58,23.99,23.53
2017-02-03T13:00,2017-02-03,13,25.11,25.29,26.01,25.26,25.15,25.11,24.7,25.33,24.77,24.45
2017-02-03T14:00,2017-02-03,14,25.59,25.75,26.31,25.71,25.7,25.72,25.15,25.79,25.3,24.99
2017-02-03T15:00,2017-02-03,15,25.69,25.89,26.26,25.78,25.84,25.89,25.27,25.81,25.39,25.09
2017-02-03T16:00,2017-02-03,16,25.39,25.61,25.75,25.41,25.61,25.62,25.02,25.5,25.15,24.85
2017-02-03T17:00,2017-02-03,17,24.2,24.53,23.68,24.2,24.39,23.92,24.14,24.52,24.08,23.9
2017-02-03T18:00,2017-02-03,18,20.85,21.29,20.7,21.02,20.58,20.2,21.05,21.02,20.3,20.63
2017-02-03T19:00,2017-02-03,19,19.73,20.05,19.43,19.99,20.15,19.31,20.1,19.89,18.97,19.29
2017-02-03T20:00,2017-02-03,20,18.82,19.51,18.12,19.13,19.5,18.42,19.27,18.94,17.62,17.92
2017-02-03T21:00,2017-02-03,21,18.09,18.58,18.01,18.56,18.7,17.78,18.24,18.55,16.95,17.09
2017-02-03T22:00,2017-02-03,22,17.58,17.84,17.95,18.01,18.07,17.81,17.63,18.26,16.49,16.5
2017-02-03T23:00,2017-02-03,23,17.2,17.16,17.5,17.51,17.63,19.15,17.27,17.93,16.09,16.02
2017-02-04T00:00,2017-02-04,0,16.63,16.4,17.07,16.93,17.14,17.34,17.03,17.87,15.72,15.69
2017-02-04T01:00,2017-02-04,1,16.24,15.83,16.68,16.47,16.78,16.71,16.87,17.74,15.66,15.28
2017-02-04T02:00,2017-02-04,2,15.89,15.69,16.23,16.0,16.4,15.69,16.57,17.43,15.49,14.75
2017-02-04T03:00,2017-02-04,3,15.57,15.45,15.65,15.65,15.96,15.35,16.21,17.12,15.34,14.39
2017-02-04T04:00,2017-02-04,4,15.18,15.07,14.82,15.26,15.66,14.73,15.89,16.71,15.15,14.11
2017-02-04T05:00,2017-02-04,5,14.83,14.85,13.76,14.95,15.07,14.36,15.67,16.34,14.87,13.96
2017-02-04T06:00,2017-02-04,6,14.14,14.32,11.94,14.14,14.04,13.22,15.63,15.96,14.29,13.48
2017-02-04T07:00,2017-02-04,7,14.36,14.48,13.07,14.32,14.02,13.51,15.51,16.15,14.38,13.76
2017-02-04T08:00,2017-02-04,8,17.03,17.26,16.67,17.27,17.04,15.91,17.76,18.57,16.8,15.92
2017-02-04T09:00,2017-02-04,9,19.98,20.17,20.37,20.3,20.23,19.18,20.21,21.1,19.59,18.8
2017-02-04T10:00,2017-02-04,10,22.72,22.92,23.39,23.05,23.04,22.36,22.45,23.36,22.14,21.9
2017-02-04T11:00,2017-02-04,11,24.72,24.91,25.74,25.01,24.98,24.55,24.16,25.04,24.08,24.19
2017-02-04T12:00,2017-02-04,12,26.07,26.2,27.4,26.31,26.38,26.02,25.37,26.24,25.39,25.63
2017-02-04T13:00,2017-02-04,13,26.96,27.03,28.46,27.21,27.24,27.02,26.19,27.1,26.3,26.53
2017-02-04T14:00,2017-02-04,14,27.42,27.45,28.71,27.66,27.81,27.58,26.67,27.59,26.84,26.99
2017-02-04T15:00,2017-02-04,15,27.52,27.58,28.34,27.84,27.99,27.71,26.86,27.69,27.01,27.09
2017-02-04T16:00,2017-02-04,16,27.18,27.27,27.41,27.53,27.76,27.26,26.67,27.5,26.81,26.73
2017-02-04T17:00,2017-02-04,17,25.67,26.06,24.89,25.73,26.01,24.92,25.77,26.45,25.63,25.01
2017-02-04T18:00,2017-02-04,18,22.78,22.75,20.81,22.32,22.69,22.5,23.41,24.43,23.84,22.46
2017-02-04T19:00,2017-02-04,19,21.36,20.94,20.53,21.13,21.0,21.11,21.78,22.88,22.56,21.11
2017-02-04T20:00,2017-02-04,20,20.56,20.37,20.99,20.0,19.92,19.96,21.2,21.93,22.32,18.79
2017-02-04T21:00,2017-02-04,21,19.85,19.83,20.22,18.72,20.76,19.59,20.83,21.13,20.79,17.65
2017-02-04T22:00,2017-02-04,22,19.23,19.32,17.82,18.49,20.38,21.06,20.53,20.07,19.21,17.2
2017-02-04T23:00,2017-02-04,23,18.3,18.02,16.65,18.08,19.79,19.45,19.27,18.91,18.54,17.18
2017-02-05T00:00,2017-02-05,0,17.85,18.7,16.26,16.61,19.37,18.34,18.51,17.87,17.79,16.37
2017-02-05T01:00,2017-02-05,1,17.26,17.99,15.76,16.46,19.32,17.2,16.96,18.13,17.29,15.84
2017-02-05T02:00,2017-02-05,2,16.06,15.94,15.84,16.19,16.86,15.55,16.55,17.22,15.73,15.45
2017-02-05T03:00,2017-02-05,3,15.37,14.8,14.65,15.58,16.61,15.63,16.11,16.58,14.96,15.2
2017-02-05T04:00,2017-02-05,4,14.69,14.33,14.24,14.92,14.68,14.48,15.68,16.1,14.21,14.67
2017-02-05T05:00,2017-02-05,5,14.38,14.23,14.09,14.54,14.1,14.06,15.48,16.0,13.56,14.25
2017-02-05T06:00,2017-02-05,6,14.25,14.03,13.94,14.55,14.42,13.97,15.38,15.56,13.28,14.1
2017-02-05T07:00,2017-02-05,7,14.66,14.6,15.01,15.09,14.68,14.72,15.45,16.18,13.37,13.84
2017-02-05T08:00,2017-02-05,8,17.95,18.08,19.12,18.55,17.93,17.46,18.34,18.93,16.77,16.82
2017-02-05T09:00,2017-02-05,9,21.41,21.81,23.05,22.23,21.29,20.81,21.37,22.03,20.21,19.77
2017-02-05T10:00,2017-02-05,10,24.27,24.59,26.3,25.31,24.09,23.8,23.96,24.67,23.15,22.47
2017-02-05T11:00,2017-02-05,11,26.26,26.45,28.61,27.44,26.0,26.01,25.67,26.6,25.19,24.55
2017-02-05T12:00,2017-02-05,12,27.52,27.64,29.88,28.7,27.33,27.5,26.83,27.96,26.38,25.99
2017-02-05T13:00,2017-02-05,13,28.26,28.34,30.3,29.42,28.2,28.46,27.57,28.74,27.11,26.84
2017-02-05T14:00,2017-02-05,14,28.57,28.66,29.9,29.71,28.68,29.04,27.9,29.09,27.5,27.3
2017-02-05T15:00,2017-02-05,15,28.51,28.62,29.07,29.62,28.71,29.12,27.95,29.1,27.53,27.42
2017-02-05T16:00,2017-02-05,16,28.03,28.17,27.9,29.06,28.21,28.53,27.68,28.67,27.2,27.11
2017-02-05T17:00,2017-02-05,17,26.33,26.51,25.36,26.89,26.17,25.86,26.94,27.12,25.88,25.9
2017-02-05T18:00,2017-02-05,18,23.04,23.82,22.32,23.13,22.47,22.63,23.97,24.22,21.45,22.54
2017-02-05T19:00,2017-02-05,19,21.8,22.92,20.77,22.15,20.94,20.87,22.29,22.3,20.52,21.36
2017-02-05T20:00,2017-02-05,20,20.61,22.01,19.56,20.93,20.18,19.8,21.14,20.79,19.38,19.09
2017-02-05T21:00,2017-02-05,21,19.38,20.11,18.47,19.93,19.55,19.3,19.73,19.21,18.82,17.96
2017-02-05T22:00,2017-02-05,22,18.54,19.05,17.71,19.25,18.53,18.68,18.91,18.1,18.34,17.12
2017-02-05T23:00,2017-02-05,23,17.91,18.09,17.74,18.61,17.69,18.06,18.39,17.34,17.93,16.65
2017-02-06T00:00,2017-02-06,0,17.4,17.51,16.26,19.22,17.19,18.13,17.6,16.77,17.37,15.86
2017-02-06T01:00,2017-02-06,1,16.78,16.61,15.9,17.83,16.58,17.6,17.31,16.33,17.01,15.74
2017-02-06T02:00,2017-02-06,2,16.23,16.21,15.17,17.35,15.95,16.32,17.22,15.92,16.06,15.38
2017-02-06T03:00,2017-02-06,3,15.79,15.73,14.88,16.93,15.69,15.59,16.76,15.83,15.31,15.13
2017-02-06T04:00,2017-02-06,4,15.67,15.42,14.96,16.59,15.28,15.55,16.96,15.98,15.37,15.11
2017-02-06T05:00,2017-02-06,5,15.48,15.03,15.5,15.75,15.68,14.62,17.3,15.39,15.71,14.66
2017-02-06T06:00,2017-02-06,6,15.07,15.52,14.74,14.76,14.92,14.59,16.67,15.96,14.37,13.6
2017-02-06T07:00,2017-02-06,7,15.34,15.84,14.9,15.48,15.46,15.37,16.29,15.97,14.57,13.79
2017-02-06T08:00,2017-02-06,8,18.63,19.4,18.53,18.96,18.54,18.64,18.82,17.67,18.21,17.22
2017-02-06T09:00,2017-02-06,9,21.88,22.69,22.16,22.23,21.82,21.87,21.66,19.72,21.74,20.73
2017-02-06T10:00,2017-02-06,10,24.43,25.22,24.69,24.66,24.3,24.41,24.19,22.62,24.28,23.39
2017-02-06T11:00,2017-02-06,11,26.14,26.75,26.2,26.43,26.09,26.22,26.01,25.29,25.84,25.1
2017-02-06T12:00,2017-02-06,12,27.13,27.64,26.85,27.63,27.12,27.28,27.12,26.74,26.73,26.05
2017-02-06T13:00,2017-02-06,13,27.68,28.11,27.17,28.33,27.72,27.8,27.79,27.58,27.28,26.55
2017-02-06T14:00,2017-02-06,14,27.94,28.38,27.2,28.58,28.0,28.05,28.15,28.04,27.49,26.83
2017-02-06T15:00,2017-02-06,15,27.87,28.3,26.73,28.56,27.82,27.96,28.16,28.16,27.46,26.86
2017-02-06T16:00,2017-02-06,16,27.43,27.85,25.85,28.15,27.34,27.44,27.83,27.9,27.14,26.5
2017-02-06T17:00,2017-02-06,17,25.96,26.31,23.95,26.83,25.74,25.7,26.65,26.46,25.86,25.13
2017-02-06T18:00,2017-02-06,18,22.59,22.38,21.1,23.42,22.41,23.01,24.24,23.16,22.09,21.84
2017-02-06T19:00,2017-02-06,19,21.43,21.41,19.69,21.59,21.3,22.3,22.89,22.17,21.13,20.67
2017-02-06T20:00,2017-02-06,20,20.47,20.55,19.22,20.49,20.76,21.59,21.7,20.73,20.04,19.42
2017-02-06T21:00,2017-02-06,21,19.65,19.98,17.9,19.79,20.24,19.81,20.59,19.96,19.29,18.78
2017-02-06T22:00,2017-02-06,22,19.0,19.42,17.42,19.23,19.48,19.5,19.69,19.24,18.4,18.13
2017-02-06T23:00,2017-02-06,23,18.39,18.58,16.87,18.78,18.52,19.04,19.22,18.58,18.07,17.59
2017-02-07T00:00,2017-02-07,0,18.0,18.55,16.37,18.25,17.46,18.38,18.89,18.06,17.75,17.13
2017-02-07T01:00,2017-02-07,1,17.55,18.03,16.5,17.73,17.14,17.59,18.14,17.61,17.46,16.74
2017-02-07T02:00,2017-02-07,2,16.92,17.24,15.99,17.0,16.94,16.64,17.98,17.11,16.2,16.54
2017-02-07T03:00,2017-02-07,3,16.51,16.44,15.55,16.38,17.53,16.56,17.81,16.52,15.99,16.1
2017-02-07T04:00,2017-02-07,4,16.35,16.6,15.53,15.89,17.23,16.1,17.69,16.86,15.6,15.69
2017-02-07T05:00,2017-02-07,5,16.05,16.23,15.67,15.84,16.06,15.74,17.49,16.83,15.19,15.49
2017-02-07T06:00,2017-02-07,6,15.94,15.86,16.57,15.72,16.0,15.41,17.3,16.55,15.18,15.4
2017-02-07T07:00,2017-02-07,7,16.5,16.66,17.03,16.39,16.22,16.04,17.47,17.15,15.8,15.74
2017-02-07T08:00,2017-02-07,8,19.16,19.64,18.36,18.95,19.08,18.74,19.9,19.95,18.86,18.37
2017-02-07T09:00,2017-02-07,9,21.87,22.42,20.88,21.62,21.9,21.17,22.44,22.46,21.84,21.12
2017-02-07T10:00,2017-02-07,10,24.16,24.73,23.47,24.04,24.05,23.21,24.72,25.09,24.05,23.16
2017-02-07T11:00,2017-02-07,11,25.86,26.38,25.56,26.0,25.59,24.87,26.35,26.94,25.57,24.73
2017-02-07T12:00,2017-02-07,12,26.98,27.54,26.78,27.32,26.59,26.03,27.44,28.12,26.56,25.69
2017-02-07T13:00,2017-02-07,13,27.71,28.28,27.32,28.18,27.29,26.83,28.13,28.92,27.25,26.37
2017-02-07T14:00,2017-02-07,14,28.02,28.51,27.4,28.65,27.51,27.22,28.51,29.52,27.54,26.69
2017-02-07T15:00,2017-02-07,15,27.98,28.41,27.22,28.65,27.56,27.25,28.6,29.71,27.51,26.5
2017-02-07T16:00,2017-02-07,16,27.49,27.92,26.44,28.17,27.21,26.88,28.26,29.01,27.05,25.98
2017-02-07T17:00,2017-02-07,17,26.12,26.4,25.02,26.8,26.05,25.95,27.04,27.42,25.57,24.74
2017-02-07T18:00,2017-02-07,18,22.81,22.61,22.18,23.57,23.44,23.68,24.08,24.1,21.4,21.69
2017-02-07T19:00,2017-02-07,19,21.59,21.56,20.74,21.96,22.25,21.77,22.6,22.83,20.5,20.96
2017-02-07T20:00,2017-02-07,20,20.64,20.72,19.71,20.97,20.6,20.98,21.77,21.7,19.68,20.04
2017-02-07T21:00,2017-02-07,21,20.01,20.05,19.5,20.36,19.98,20.0,21.01,21.34,19.03,19.35
2017-02-07T22:00,2017-02-07,22,19.29,19.25,18.73,19.82,19.69,19.31,19.7,21.25,18.13,18.86
2017-02-07T23:00,2017-02-07,23,18.6,18.36,18.09,18.86,19.18,19.27,19.12,20.5,17.51,18.25
2017-02-08T00:00,2017-02-08,0,18.14,17.74,17.47,18.73,18.02,19.39,19.63,19.98,16.77,17.49
2017-02-08T01:00,2017-02-08,1,17.6,17.29,17.33,18.98,17.26,18.24,18.87,19.62,15.84,16.64
2017-02-08T02:00,2017-02-08,2,17.1,16.94,17.05,18.42,16.7,17.64,18.16,19.26,15.25,15.94
2017-02-08T03:00,2017-02-08,3,16.52,16.44,16.65,17.56,16.18,17.45,17.07,18.33,14.85,15.49
2017-02-08T04:00,2017-02-08,4,15.84,15.81,16.69,16.05,15.75,16.68,16.29,16.99,14.43,15.05
2017-02-08T05:00,2017-02-08,5,15.33,15.04,15.98,15.58,15.48,16.37,15.77,16.78,14.14,14.71
2017-02-08T06:00,2017-02-08,6,15.0,14.76,15.64,15.56,14.98,16.05,15.8,16.85,13.38,13.97
2017-02-08T07:00,2017-02-08,7,15.35,15.14,16.6,16.02,15.0,16.58,15.84,16.99,13.82,14.01
2017-02-08T08:00,2017-02-08,8,18.26,18.27,19.41,19.33,18.01,19.42,18.46,19.2,16.81,16.53
2017-02-08T09:00,2017-02-08,9,21.15,21.27,22.8,22.28,20.86,22.03,21.19,22.03,19.64,19.17
2017-02-08T10:00,2017-02-08,10,23.42,23.54,25.45,24.6,22.99,24.14,23.38,24.55,21.81,21.37
2017-02-08T11:00,2017-02-08,11,25.09,25.09,27.39,26.18,24.68,25.58,24.94,26.41,23.61,23.15
2017-02-08T12:00,2017-02-08,12,26.2,26.15,28.5,27.18,25.82,26.53,26.01,27.43,24.88,24.49
2017-02-08T13:00,2017-02-08,13,26.87,26.84,29.06,27.7,26.43,27.07,26.78,28.06,25.67,25.34
2017-02-08T14:00,2017-02-08,14,27.18,27.11,29.23,27.9,26.73,27.31,27.18,28.36,26.1,25.76
2017-02-08T15:00,2017-02-08,15,27.15,27.07,29.06,27.81,26.71,27.09,27.28,28.38,26.18,25.78
2017-02-08T16:00,2017-02-08,16,26.74,26.64,28.31,27.33,26.3,26.74,26.98,27.91,25.87,25.5
2017-02-08T17:00,2017-02-08,17,25.18,24.97,26.11,25.53,24.94,25.34,25.55,26.45,24.52,24.42
2017-02-08T18:00,2017-02-08,18,21.62,21.0,22.99,21.87,21.91,22.75,21.98,22.63,20.57,21.23
2017-02-08T19:00,2017-02-08,19,20.4,19.96,21.64,20.64,21.16,21.34,20.23,21.24,19.37,20.08
2017-02-08T20:00,2017-02-08,20,19.37,19.09,20.05,19.53,20.17,20.02,19.28,20.09,18.4,19.25
2017-02-08T21:00,2017-02-08,21,18.6,18.2,19.18,18.43,19.13,19.24,19.03,19.02,17.92,18.67
2017-02-08T22:00,2017-02-08,22,17.86,17.53,18.19,17.73,18.4,18.47,18.47,18.14,17.08,17.98
2017-02-08T23:00,2017-02-08,23,17.19,16.69,17.51,17.33,17.65,17.91,17.92,17.58,16.27,17.42
2017-02-09T00:00,2017-02-09,0,16.57,16.02,16.77,17.08,17.21,17.3,16.83,17.07,15.59,16.92
2017-02-09T01:00,2017-02-09,1,16.0,15.6,15.93,16.42,16.87,16.67,16.34,16.38,14.83,16.42
2017-02-09T02:00,2017-02-09,2,15.48,15.25,15.21,15.84,16.33,15.91,15.86,15.77,14.24,15.91
2017-02-09T03:00,2017-02-09,3,14.99,14.52,14.84,15.18,15.88,16.14,15.45,15.33,13.81,15.44
2017-02-09T04:00,2017-02-09,4,14.4,13.75,14.46,14.5,15.58,14.92,15.05,14.97,13.3,15.05
2017-02-09T05:00,2017-02-09,5,14.11,13.28,14.17,14.59,15.26,14.72,14.88,14.77,13.01,14.62
2017-02-09T06:00,2017-02-09,6,13.55,12.79,13.36,13.65,14.02,14.37,14.7,14.96,12.36,14.15
2017-02-09T07:00,2017-02-09,7,14.14,13.45,14.55,14.32,14.76,14.79,14.9,15.85,13.0,14.17
2017-02-09T08:00,2017-02-09,8,17.44,17.15,18.24,17.83,17.8,17.54,17.76,18.95,16.38,16.91
2017-02-09T09:00,2017-02-09,9,20.62,20.6,22.07,21.23,20.48,20.27,20.87,21.83,19.5,19.57
2017-02-09T10:00,2017-02-09,10,23.12,23.21,24.89,23.81,22.79,22.53,23.27,24.19,21.87,22.02
2017-02-09T11:00,2017-02-09,11,24.77,24.82,26.7,25.45,24.34,24.36,24.84,25.89,23.43,23.82
2017-02-09T12:00,2017-02-09,12,25.86,25.84,27.78,26.47,25.42,25.54,26.01,27.0,24.57,24.98
2017-02-09T13:00,2017-02-09,13,26.57,26.5,28.26,27.15,26.17,26.2,26.84,27.7,25.47,25.66
2017-02-09T14:00,2017-02-09,14,26.94,26.87,28.17,27.45,26.53,26.6,27.3,28.08,26.09,26.11
2017-02-09T15:00,2017-02-09,15,26.99,26.93,27.9,27.4,26.61,26.66,27.45,28.14,26.32,26.16
2017-02-09T16:00,2017-02-09,16,26.62,26.58,27.28,26.89,26.25,26.27,27.25,27.71,26.05,25.86
2017-02-09T17:00,2017-02-09,17,25.11,24.99,24.87,25.0,25.0,24.77,26.0,26.37,24.82,24.86
2017-02-09T18:00,2017-02-09,18,21.39,20.87,21.12,20.67,21.33,22.11,22.39,23.62,20.79,21.88
2017-02-09T19:00,2017-02-09,19,20.47,20.01,19.89,19.92,20.55,21.18,21.97,21.9,19.55,21.07
2017-02-09T20:00,2017-02-09,20,19.4,18.79,18.55,19.17,19.54,20.01,21.42,20.2,18.44,20.05
2017-02-09T21:00,2017-02-09,21,18.45,17.79,17.66,18.19,18.94,19.09,20.35,19.2,17.35,19.33
2017-02-09T22:00,2017-02-09,22,17.66,16.91,16.37,17.38,18.27,18.1,19.95,18.5,16.59,18.73
2017-02-09T23:00,2017-02-09,23,16.97,16.46,15.53,17.01,17.14,17.2,18.93,18.04,15.79,17.99
2017-02-10T00:00,2017-02-10,0,16.56,16.21,15.06,16.89,16.31,16.66,18.1,18.62,15.2,17.38
2017-02-10T01:00,2017-02-10,1,16.4,16.72,14.78,17.55,15.65,16.1,16.86,17.91,14.93,16.78
2017-02-10T02:00,2017-02-10,2,16.09,16.12,14.54,17.69,15.16,16.23,16.68,17.8,14.68,16.15
2017-02-10T03:00,2017-02-10,3,15.42,15.06,14.32,16.37,14.98,15.59,16.24,17.91,14.5,15.31
2017-02-10T04:00,2017-02-10,4,15.0,14.46,14.09,15.44,14.8,15.16,15.94,17.44,15.13,14.28
2017-02-10T05:00,2017-02-10,5,14.97,15.12,13.89,14.34,15.14,14.47,15.69,17.05,15.21,14.21
2017-02-10T06:00,2017-02-10,6,13.91,13.6,13.03,13.24,13.34,14.0,15.54,17.05,13.13,14.1
2017-02-10T07:00,2017-02-10,7,14.18,13.88,14.39,13.76,13.87,14.31,15.79,16.81,13.3,13.45
2017-02-10T08:00,2017-02-10,8,17.38,17.13,18.73,17.68,15.72,17.18,18.48,18.36,16.97,16.78
2017-02-10T09:00,2017-02-10,9,20.79,20.89,22.82,21.49,18.65,20.17,21.25,21.1,20.56,19.7
2017-02-10T10:00,2017-02-10,10,23.49,23.64,25.64,24.23,22.02,22.59,23.9,23.98,23.13,21.94
2017-02-10T11:00,2017-02-10,11,25.25,25.35,27.21,25.79,24.24,24.12,25.82,26.15,24.87,23.63
2017-02-10T12:00,2017-02-10,12,26.43,26.52,28.3,26.84,25.54,25.12,27.12,27.45,26.11,24.83
2017-02-10T13:00,2017-02-10,13,27.23,27.33,28.85,27.49,26.4,25.8,28.0,28.27,26.98,25.83
2017-02-10T14:00,2017-02-10,14,27.64,27.75,28.73,27.85,26.93,26.15,28.47,28.73,27.48,26.47
2017-02-10T15:00,2017-02-10,15,27.69,27.82,28.18,27.89,27.11,26.19,28.59,28.96,27.58,26.68
2017-02-10T16:00,2017-02-10,16,27.36,27.52,27.21,27.54,26.94,25.94,28.33,28.77,27.3,26.4
2017-02-10T17:00,2017-02-10,17,26.11,26.34,25.09,26.42,25.69,24.73,27.35,27.75,26.01,25.14
2017-02-10T18:00,2017-02-10,18,22.99,22.62,21.96,23.61,23.31,22.68,25.52,24.92,21.87,21.79
2017-02-10T19:00,2017-02-10,19,21.73,21.42,20.48,22.98,21.85,20.86,23.92,22.87,20.79,20.85
2017-02-10T20:00,2017-02-10,20,20.7,20.25,19.43,22.03,20.57,20.17,22.44,21.93,20.12,20.14
2017-02-10T21:00,2017-02-10,21,20.26,20.26,18.62,21.82,19.36,19.57,21.85,20.8,19.62,19.7
2017-02-10T22:00,2017-02-10,22,19.73,20.04,18.09,21.77,19.08,18.43,20.7,19.82,18.91,19.13
2017-02-10T23:00,2017-02-10,23,18.96,19.16,17.6,21.01,18.81,18.04,19.26,19.37,18.32,18.2
2017-02-11T00:00,2017-02-11,0,18.34,18.34,17.35,19.65,18.2,17.62,19.27,19.23,17.94,17.27
2017-02-11T01:00,2017-02-11,1,17.72,17.67,16.83,18.67,17.82,17.21,18.52,19.25,17.45,16.44
2017-02-11T02:00,2017-02-11,2,17.26,16.99,16.18,18.02,17.52,17.29,18.53,19.2,16.9,15.91
2017-02-11T03:00,2017-02-11,3,16.83,16.69,16.03,16.51,17.38,17.33,18.17,19.53,16.37,15.19
2017-02-11T04:00,2017-02-11,4,16.28,16.21,15.69,15.88,16.59,16.93,17.77,17.93,16.3,14.3
2017-02-11T05:00,2017-02-11,5,16.09,16.07,15.37,15.76,16.38,16.5,17.79,17.78,16.34,13.68
2017-02-11T06:00,2017-02-11,6,15.78,16.29,14.93,14.92,15.52,16.05,18.0,17.4,15.79,13.05
2017-02-11T07:00,2017-02-11,7,16.33,16.81,16.26,15.81,16.21,16.42,18.21,17.83,16.08,13.39
2017-02-11T08:00,2017-02-11,8,19.07,19.63,19.88,19.24,18.79,19.18,20.28,19.41,18.32,16.37
2017-02-11T09:00,2017-02-11,9,21.92,22.54,23.35,22.78,21.48,21.75,22.52,22.2,20.84,19.11
2017-02-11T10:00,2017-02-11,10,24.29,24.88,26.31,25.46,23.47,23.6,24.51,25.36,23.21,21.37
2017-02-11T11:00,2017-02-11,11,25.94,26.44,28.45,27.1,24.69,25.22,26.26,27.3,24.79,23.03
2017-02-11T12:00,2017-02-11,12,27.01,27.45,29.47,28.15,25.78,26.46,27.4,28.37,25.81,24.1
2017-02-11T13:00,2017-02-11,13,27.6,28.0,29.95,28.68,26.65,26.94,28.04,28.93,26.39,24.85
2017-02-11T14:00,2017-02-11,14,27.9,28.27,30.03,28.97,27.11,27.17,28.39,29.05,26.74,25.3
2017-02-11T15:00,2017-02-11,15,27.89,28.15,29.65,28.95,27.14,27.4,28.5,29.16,26.79,25.41
2017-02-11T16:00,2017-02-11,16,27.49,27.81,28.73,28.55,26.85,26.96,28.25,28.8,26.46,25.05
2017-02-11T17:00,2017-02-11,17,26.41,26.86,26.8,27.25,26.07,25.7,27.45,28.17,25.57,23.73
2017-02-11T18:00,2017-02-11,18,23.5,24.0,23.33,23.4,24.43,22.91,24.68,26.69,22.91,19.96
2017-02-11T19:00,2017-02-11,19,21.98,22.16,21.94,22.75,23.31,21.16,23.26,24.09,21.19,18.8
2017-02-11T20:00,2017-02-11,20,20.89,20.9,20.73,21.82,21.17,20.31,22.95,22.79,19.98,18.06
2017-02-11T21:00,2017-02-11,21,19.96,19.76,19.91,20.93,20.6,19.79,21.75,21.76,19.21,17.17
2017-02-11T22:00,2017-02-11,22,19.41,19.22,19.49,20.33,20.29,19.08,21.09,20.95,18.83,16.56
2017-02-11T23:00,2017-02-11,23,18.95,18.87,19.16,19.6,19.66,18.42,20.56,20.49,18.52,16.17
2017-02-12T00:00,2017-02-12,0,18.53,18.51,19.01,19.1,18.98,18.01,20.08,20.4,17.97,15.67
2017-02-12T01:00,2017-02-12,1,18.2,18.3,18.65,18.81,18.15,17.89,19.92,20.08,17.45,15.26
2017-02-12T02:00,2017-02-12,2,17.85,17.98,18.11,18.53,17.72,17.98,19.59,19.24,17.1,14.94
2017-02-12T03:00,2017-02-12,3,17.39,17.55,17.35,18.2,17.34,17.41,19.13,18.67,16.62,14.6
2017-02-12T04:00,2017-02-12,4,16.93,17.04,16.65,17.49,16.91,16.93,18.83,18.66,16.29,14.17
2017-02-12T05:00,2017-02-12,5,16.52,16.63,16.12,17.07,16.59,16.44,18.06,18.67,15.88,14.01
2017-02-12T06:00,2017-02-12,6,16.48,16.61,15.97,16.94,16.62,16.83,17.9,18.57,15.38,14.46
2017-02-12T07:00,2017-02-12,7,16.69,16.66,16.87,17.4,16.43,17.25,17.84,18.76,15.44,14.82
2017-02-12T08:00,2017-02-12,8,19.55,19.62,20.25,20.44,19.37,19.99,20.02,21.34,18.33,17.59
2017-02-12T09:00,2017-02-12,9,22.48,22.72,24.01,23.43,22.21,22.73,22.61,23.85,21.26,20.14
2017-02-12T10:00,2017-02-12,10,24.98,25.29,27.09,25.91,24.46,25.02,24.92,26.15,23.89,22.51
2017-02-12T11:00,2017-02-12,11,26.9,27.12,29.38,27.68,26.28,26.88,26.69,27.86,26.01,24.65
2017-02-12T12:00,2017-02-12,12,28.01,28.12,30.7,28.73,27.41,27.95,27.75,28.88,27.17,25.97
2017-02-12T13:00,2017-02-12,13,28.52,28.66,30.92,29.23,27.81,28.42,28.43,29.44,27.72,26.51
2017-02-12T14:00,2017-02-12,14,28.65,28.84,30.3,29.31,28.1,28.54,28.89,29.53,27.95,26.65
2017-02-12T15:00,2017-02-12,15,28.52,28.78,29.68,29.13,28.09,28.27,28.93,29.47,27.86,26.58
2017-02-12T16:00,2017-02-12,16,28.06,28.31,28.84,28.59,27.75,27.87,28.63,28.91,27.41,26.29
2017-02-12T17:00,2017-02-12,17,26.66,26.68,26.98,27.29,26.4,26.26,27.6,27.74,26.14,25.12
2017-02-12T18:00,2017-02-12,18,23.36,22.76,24.23,23.72,23.16,22.34,24.36,25.28,23.58,22.37
2017-02-12T19:00,2017-02-12,19,22.3,21.44,23.49,22.75,21.91,21.52,23.41,23.92,22.74,21.33
2017-02-12T20:00,2017-02-12,20,21.17,20.51,22.17,21.65,20.93,20.69,22.47,22.89,21.04,19.96
2017-02-12T21:00,2017-02-12,21,20.41,19.93,21.51,20.8,20.56,20.32,21.33,22.1,20.11,18.82
2017-02-12T22:00,2017-02-12,22,19.59,19.42,20.56,19.99,19.37,19.53,20.59,21.38,19.16,17.53
2017-02-12T23:00,2017-02-12,23,18.93,18.91,19.41,19.19,18.52,19.15,20.05,20.78,18.58,16.78
2017-02-13T00:00,2017-02-13,0,18.37,18.37,18.79,18.16,17.94,18.38,19.48,20.18,18.46,16.35
2017-02-13T01:00,2017-02-13,1,17.86,17.85,18.11,17.64,17.77,17.51,19.08,19.69,18.07,15.78
2017-02-13T02:00,2017-02-13,2,17.46,17.4,17.38,17.23,17.68,17.08,18.86,19.21,17.59,15.48
2017-02-13T03:00,2017-02-13,3,17.12,17.23,16.96,16.95,17.4,16.08,18.73,18.96,17.05,15.07
2017-02-13T04:00,2017-02-13,4,16.87,17.06,16.51,16.52,17.05,15.73,18.87,18.79,16.61,14.94
2017-02-13T05:00,2017-02-13,5,16.67,16.95,15.99,16.34,16.27,15.73,18.63,18.71,16.58,14.75
2017-02-13T06:00,2017-02-13,6,16.48,17.06,15.52,16.14,16.12,15.53,18.54,18.33,16.57,13.81
2017-02-13T07:00,2017-02-13,7,16.81,17.19,17.0,16.86,16.32,16.17,18.39,18.97,16.66,13.83
2017-02-13T08:00,2017-02-13,8,19.7,19.97,20.63,20.24,19.16,19.16,20.9,21.75,19.01,16.93
2017-02-13T09:00,2017-02-13,9,22.66,22.87,24.37,23.6,21.99,22.12,23.25,24.41,21.42,20.45
2017-02-13T10:00,2017-02-13,10,25.15,25.28,27.25,26.2,24.31,24.35,25.38,26.72,23.94,23.37
2017-02-13T11:00,2017-02-13,11,26.75,26.82,29.1,27.64,25.99,25.94,26.93,28.16,25.61,25.18
2017-02-13T12:00,2017-02-13,12,27.72,27.8,29.91,28.43,27.02,27.06,27.89,28.98,26.82,26.14
2017-02-13T13:00,2017-02-13,13,28.29,28.31,30.19,28.87,27.81,27.7,28.51,29.49,27.63,26.68
2017-02-13T14:00,2017-02-13,14,28.52,28.55,30.08,29.05,28.08,27.9,28.82,29.57,28.05,27.02
2017-02-13T15:00,2017-02-13,15,28.48,28.58,29.74,28.91,28.05,27.95,28.84,29.28,28.05,27.05
2017-02-13T16:00,2017-02-13,16,28.04,28.2,28.97,28.44,27.81,27.51,28.57,28.77,27.49,26.67
2017-02-13T17:00,2017-02-13,17,26.85,27.01,27.31,27.18,26.61,25.96,27.75,27.74,26.47,25.48
2017-02-13T18:00,2017-02-13,18,23.9,23.79,24.36,24.06,23.32,23.42,25.7,25.44,23.71,21.95
2017-02-13T19:00,2017-02-13,19,22.82,22.78,23.42,23.04,22.07,22.33,24.48,24.42,22.52,20.86
2017-02-13T20:00,2017-02-13,20,21.69,21.37,22.1,21.93,21.18,21.0,23.74,23.51,21.35,20.04
2017-02-13T21:00,2017-02-13,21,20.95,20.52,21.17,21.36,20.25,20.2,23.23,23.21,20.67,19.23
2017-02-13T22:00,2017-02-13,22,20.32,19.87,20.69,20.37,19.55,19.93,23.08,21.92,20.2,18.4
2017-02-13T23:00,2017-02-13,23,19.78,19.42,19.88,19.94,18.99,19.36,22.71,21.49,19.47,17.76
2017-02-14T00:00,2017-02-14,0,19.17,18.85,19.46,19.54,18.54,18.74,20.94,21.12,19.08,17.37
2017-02-14T01:00,2017-02-14,1,18.82,18.45,18.82,18.97,18.57,18.82,20.7,20.68,18.33,17.44
2017-02-14T02:00,2017-02-14,2,18.39,17.94,18.12,18.54,18.93,18.56,20.69,20.13,17.7,16.67
2017-02-14T03:00,2017-02-14,3,18.0,17.71,17.94,18.1,17.76,16.9,20.82,19.82,17.53,16.27
2017-02-14T04:00,2017-02-14,4,17.77,17.49,17.72,17.67,17.59,16.36,20.2,19.52,17.39,16.68
2017-02-14T05:00,2017-02-14,5,17.4,17.19,17.48,17.33,17.41,16.06,19.52,19.05,17.4,15.8
2017-02-14T06:00,2017-02-14,6,17.27,17.15,17.54,17.36,16.41,16.1,19.9,18.98,17.66,14.59
2017-02-14T07:00,2017-02-14,7,17.98,18.37,18.75,18.3,17.04,16.79,20.02,20.11,17.67,14.59
2017-02-14T08:00,2017-02-14,8,20.78,20.93,22.1,21.53,20.22,19.86,21.78,22.76,20.3,18.0
2017-02-14T09:00,2017-02-14,9,23.64,23.55,25.7,24.65,23.15,22.85,23.9,25.27,23.24,21.26
2017-02-14T10:00,2017-02-14,10,25.81,25.73,28.27,26.87,25.09,25.06,25.81,27.3,25.32,23.65
2017-02-14T11:00,2017-02-14,11,27.27,27.21,30.07,28.22,26.56,26.57,27.15,28.56,26.57,25.28
2017-02-14T12:00,2017-02-14,12,28.03,27.91,31.24,28.88,27.34,27.38,27.61,29.46,27.33,26.19
2017-02-14T13:00,2017-02-14,13,28.32,28.26,31.66,28.78,27.57,27.49,27.95,29.62,27.82,26.63
2017-02-14T14:00,2017-02-14,14,28.22,28.01,31.57,28.86,27.22,27.38,28.03,29.15,27.76,26.84
2017-02-14T15:00,2017-02-14,15,27.83,27.14,30.98,28.36,27.25,27.25,27.93,28.84,27.65,26.8
2017-02-14T16:00,2017-02-14,16,27.4,26.83,29.76,27.87,26.93,26.82,27.73,28.04,27.29,26.58
2017-02-14T17:00,2017-02-14,17,26.4,26.03,27.82,26.74,26.01,25.33,27.13,27.34,26.39,25.53
2017-02-14T18:00,2017-02-14,18,24.04,23.85,25.47,24.6,23.11,22.98,25.47,25.55,23.58,22.36
2017-02-14T19:00,2017-02-14,19,22.9,22.8,24.25,23.76,21.51,21.87,24.61,24.47,22.34,20.82
2017-02-14T20:00,2017-02-14,20,21.76,21.42,23.46,22.61,21.18,20.82,23.54,23.5,20.89,19.55
2017-02-14T21:00,2017-02-14,21,21.14,21.29,22.67,21.84,20.58,20.15,21.98,22.84,20.24,19.1
2017-02-14T22:00,2017-02-14,22,20.59,20.9,21.82,21.21,19.83,19.63,21.69,22.12,19.42,18.7
2017-02-14T23:00,2017-02-14,23,19.94,20.11,21.03,20.92,18.92,19.55,21.28,21.87,18.67,17.56
2017-02-15T00:00,2017-02-15,0,19.35,19.41,20.46,20.55,18.27,19.33,20.63,21.57,17.84,17.03
2017-02-15T01:00,2017-02-15,1,18.73,18.73,20.13,19.71,17.69,18.51,20.07,21.08,17.22,16.54
2017-02-15T02:00,2017-02-15,2,18.2,18.3,19.96,18.89,17.19,16.71,19.68,20.62,16.63,16.45
2017-02-15T03:00,2017-02-15,3,17.6,17.94,19.21,18.18,16.42,16.17,18.91,20.12,16.12,15.58
2017-02-15T04:00,2017-02-15,4,17.08,17.16,18.67,17.62,16.01,16.12,18.49,19.68,15.66,15.21
2017-02-15T05:00,2017-02-15,5,16.62,16.66,18.24,17.15,15.64,15.69,18.05,19.16,15.2,14.84
2017-02-15T06:00,2017-02-15,6,16.01,15.79,16.65,16.07,14.96,15.54,18.0,18.62,15.16,14.65
2017-02-15T07:00,2017-02-15,7,16.6,16.43,17.62,17.04,15.61,15.84,18.39,19.18,15.78,14.68
2017-02-15T08:00,2017-02-15,8,19.77,19.85,20.91,20.41,19.02,18.86,20.7,21.82,18.88,18.05
2017-02-15T09:00,2017-02-15,9,22.89,22.97,24.5,23.6,22.32,22.12,23.1,24.42,22.14,21.32
2017-02-15T10:00,2017-02-15,10,25.33,25.43,27.27,25.96,24.86,24.58,25.29,26.51,24.74,23.76
2017-02-15T11:00,2017-02-15,11,26.94,27.04,29.0,27.56,26.33,26.42,26.87,28.0,26.25,25.41
2017-02-15T12:00,2017-02-15,12,27.93,27.96,30.03,28.58,27.33,27.59,27.84,28.98,27.11,26.53
2017-02-15T13:00,2017-02-15,13,28.43,28.39,30.59,29.02,27.84,28.29,28.34,29.34,27.68,27.15
2017-02-15T14:00,2017-02-15,14,28.66,28.63,30.58,29.09,28.17,28.65,28.66,29.47,27.91,27.48
2017-02-15T15:00,2017-02-15,15,28.54,28.56,30.03,28.92,28.1,28.64,28.65,29.2,27.85,27.45
2017-02-15T16:00,2017-02-15,16,28.11,28.11,29.03,28.42,27.71,28.09,28.47,28.84,27.55,27.2
2017-02-15T17:00,2017-02-15,17,26.79,26.77,27.21,26.98,26.44,26.14,27.51,27.8,26.45,26.14
2017-02-15T18:00,2017-02-15,18,23.54,23.38,24.74,23.66,22.78,23.15,24.31,24.72,22.92,22.96
2017-02-15T19:00,2017-02-15,19,22.5,22.57,23.23,22.73,21.82,22.19,23.58,23.54,21.7,21.49
2017-02-15T20:00,2017-02-15,20,21.54,21.59,22.51,21.8,21.48,20.82,22.32,22.71,20.76,20.36
2017-02-15T21:00,2017-02-15,21,20.59,20.41,21.6,21.07,20.79,19.27,21.12,22.29,20.25,19.39
2017-02-15T22:00,2017-02-15,22,19.85,19.48,20.68,20.35,20.32,18.53,20.58,21.63,19.63,18.67
2017-02-15T23:00,2017-02-15,23,19.22,18.77,19.6,19.42,19.67,18.71,20.53,20.49,18.87,18.29
2017-02-16T00:00,2017-02-16,0,18.67,18.34,18.54,18.4,19.26,18.14,20.51,19.55,18.42,17.81
2017-02-16T01:00,2017-02-16,1,18.18,17.9,18.14,17.98,18.96,16.92,19.77,18.91,18.02,17.6
2017-02-16T02:00,2017-02-16,2,17.7,17.52,17.41,17.66,18.44,16.69,19.02,18.64,17.35,17.17
2017-02-16T03:00,2017-02-16,3,17.28,17.0,17.15,17.35,18.01,16.21,18.63,18.13,16.93,16.75
2017-02-16T04:00,2017-02-16,4,16.82,16.33,16.3,17.37,17.64,16.08,18.0,17.88,16.6,16.28
2017-02-16T05:00,2017-02-16,5,16.33,16.08,15.9,16.95,17.21,15.25,17.27,17.36,15.93,15.7
2017-02-16T06:00,2017-02-16,6,15.91,16.18,15.33,16.29,16.19,14.83,17.14,17.78,14.95,14.6
2017-02-16T07:00,2017-02-16,7,16.51,16.73,16.66,17.23,16.53,15.46,17.41,18.49,15.58,14.76
2017-02-16T08:00,2017-02-16,8,19.55,19.77,20.07,20.31,19.5,18.5,20.15,21.27,18.64,17.93
2017-02-16T09:00,2017-02-16,9,22.53,22.76,23.5,23.26,22.29,21.83,22.72,24.03,21.67,20.98
2017-02-16T10:00,2017-02-16,10,24.99,25.19,26.15,25.75,24.63,24.49,24.95,26.28,24.26,23.49
2017-02-16T11:00,2017-02-16,11,26.67,26.87,27.97,27.39,26.28,26.38,26.53,27.59,25.88,25.33
2017-02-16T12:00,2017-02-16,12,27.67,27.82,28.99,28.29,27.41,27.63,27.49,28.43,26.88,26.46
2017-02-16T13:00,2017-02-16,13,28.24,28.4,29.46,28.75,28.06,28.29,28.07,28.97,27.47,27.08
2017-02-16T14:00,2017-02-16,14,28.44,28.57,29.48,28.9,28.38,28.61,28.32,29.15,27.68,27.35
2017-02-16T15:00,2017-02-16,15,28.4,28.56,29.05,28.84,28.4,28.65,28.32,29.17,27.66,27.35
2017-02-16T16:00,2017-02-16,16,27.96,28.09,28.15,28.42,27.96,28.21,27.98,28.86,27.33,27.08
2017-02-16T17:00,2017-02-16,17,26.77,26.9,26.25,27.02,26.89,26.91,27.16,27.87,26.08,26.28
2017-02-16T18:00,2017-02-16,18,23.21,22.97,22.38,23.85,23.69,22.65,24.23,24.73,22.13,23.22
2017-02-16T19:00,2017-02-16,19,22.13,22.23,20.92,22.84,22.5,21.83,23.33,23.57,20.85,21.45
2017-02-16T20:00,2017-02-16,20,21.28,21.49,21.1,21.89,21.55,21.27,22.38,22.03,19.82,20.21
2017-02-16T21:00,2017-02-16,21,20.22,20.43,19.45,21.36,20.6,20.23,20.69,21.24,18.96,19.21
2017-02-16T22:00,2017-02-16,22,19.51,19.35,19.19,20.69,20.23,19.26,20.4,21.16,17.81,18.76
2017-02-16T23:00,2017-02-16,23,18.89,18.58,18.25,20.18,19.38,19.34,19.66,20.69,17.25,18.28
2017-02-17T00:00,2017-02-17,0,18.37,17.96,17.82,19.41,19.02,18.71,19.48,20.19,16.84,17.73
2017-02-17T01:00,2017-02-17,1,17.75,17.33,16.85,18.21,18.98,18.16,18.63,19.72,16.59,17.35
2017-02-17T02:00,2017-02-17,2,17.32,16.99,16.52,17.62,18.45,17.27,18.51,19.11,16.18,16.86
2017-02-17T03:00,2017-02-17,3,17.04,16.66,16.07,17.11,18.21,16.71,19.11,18.24,15.93,16.61
2017-02-17T04:00,2017-02-17,4,16.59,16.09,15.66,16.92,17.56,16.66,18.5,18.37,15.28,16.19
2017-02-17T05:00,2017-02-17,5,16.08,15.58,15.4,16.53,17.07,15.73,17.65,17.59,15.03,15.75
2017-02-17T06:00,2017-02-17,6,15.52,14.96,14.68,15.84,16.48,15.4,17.25,17.2,14.62,15.1
2017-02-17T07:00,2017-02-17,7,16.51,16.23,16.23,17.12,17.07,16.32,17.83,18.17,15.34,15.61
2017-02-17T08:00,2017-02-17,8,19.59,19.54,20.0,20.28,19.68,19.22,20.51,21.06,18.33,18.55
2017-02-17T09:00,2017-02-17,9,22.75,22.74,23.82,23.33,22.73,22.37,23.36,23.69,21.52,21.84
2017-02-17T10:00,2017-02-17,10,25.33,25.29,26.76,25.76,25.15,24.99,25.65,25.91,24.29,24.7
2017-02-17T11:00,2017-02-17,11,27.05,27.02,28.62,27.43,26.82,26.8,27.1,27.44,26.22,26.5
2017-02-17T12:00,2017-02-17,12,28.11,28.03,29.75,28.44,27.87,28.02,28.02,28.35,27.43,27.59
2017-02-17T13:00,2017-02-17,13,28.71,28.57,30.21,29.04,28.47,28.78,28.56,28.99,28.19,28.19
2017-02-17T14:00,2017-02-17,14,28.98,28.89,30.04,29.26,28.84,29.12,28.86,29.26,28.53,28.53
2017-02-17T15:00,2017-02-17,15,28.94,28.89,29.52,29.25,28.84,29.17,28.9,29.23,28.52,28.56
2017-02-17T16:00,2017-02-17,16,28.57,28.62,28.66,28.82,28.53,28.85,28.57,28.88,28.16,28.28
2017-02-17T17:00,2017-02-17,17,27.43,27.7,26.57,27.38,27.73,27.21,27.67,27.84,27.17,27.24
2017-02-17T18:00,2017-02-17,18,24.12,24.24,22.92,24.0,24.83,23.56,25.32,25.04,24.21,22.98
2017-02-17T19:00,2017-02-17,19,22.88,23.15,21.36,22.76,23.15,22.9,24.53,24.2,22.39,21.57
2017-02-17T20:00,2017-02-17,20,21.91,21.88,21.25,21.82,22.62,21.91,23.75,22.33,21.43,20.6
2017-02-17T21:00,2017-02-17,21,21.17,21.25,20.92,20.96,22.16,21.17,22.13,21.49,20.86,19.9
2017-02-17T22:00,2017-02-17,22,20.62,20.26,21.25,20.2,21.19,20.57,22.19,21.71,20.07,19.65
2017-02-17T23:00,2017-02-17,23,19.91,20.13,18.58,19.33,20.44,20.83,20.97,20.73,19.41,19.14
2017-02-18T00:00,2017-02-18,0,19.22,19.64,17.45,18.55,19.67,18.76,20.87,20.34,18.78,18.58
2017-02-18T01:00,2017-02-18,1,18.9,19.08,17.16,18.51,19.47,18.35,21.1,19.73,18.63,17.91
2017-02-18T02:00,2017-02-18,2,18.48,18.9,16.62,18.18,19.24,17.67,20.46,18.76,18.16,17.41
2017-02-18T03:00,2017-02-18,3,18.1,18.48,16.24,17.82,18.76,17.59,20.15,18.36,17.52,17.27
2017-02-18T04:00,2017-02-18,4,17.58,17.83,15.57,17.63,18.5,16.62,19.52,18.14,17.04,16.83
2017-02-18T05:00,2017-02-18,5,17.34,17.62,15.07,17.1,18.16,15.97,19.55,19.03,16.55,16.75
2017-02-18T06:00,2017-02-18,6,16.69,17.07,14.74,16.14,16.97,15.61,18.62,18.29,16.38,15.92
2017-02-18T07:00,2017-02-18,7,17.35,17.91,16.14,17.23,17.45,16.3,18.59,18.77,16.66,16.44
2017-02-18T08:00,2017-02-18,8,20.51,21.06,20.2,20.65,20.63,19.36,21.32,21.66,19.52,19.58
2017-02-18T09:00,2017-02-18,9,23.55,24.03,23.86,23.9,23.47,22.58,23.96,24.28,22.51,22.77
2017-02-18T10:00,2017-02-18,10,25.99,26.38,26.67,26.5,25.79,25.14,26.0,26.44,25.07,25.43
2017-02-18T11:00,2017-02-18,11,27.7,28.01,28.58,28.16,27.4,27.12,27.47,28.02,26.96,27.2
2017-02-18T12:00,2017-02-18,12,28.74,28.89,29.91,29.12,28.55,28.45,28.46,29.03,28.12,28.2
2017-02-18T13:00,2017-02-18,13,29.29,29.33,30.28,29.64,29.22,29.29,29.06,29.57,28.76,28.75
2017-02-18T14:00,2017-02-18,14,29.43,29.51,29.97,29.86,29.41,29.59,29.09,29.78,28.82,29.04
2017-02-18T15:00,2017-02-18,15,29.3,29.52,29.32,29.82,29.37,29.59,28.91,29.84,28.65,28.77
2017-02-18T16:00,2017-02-18,16,28.89,29.01,28.4,29.48,29.1,29.27,28.56,29.68,28.44,28.34
2017-02-18T17:00,2017-02-18,17,27.68,27.73,26.57,28.13,28.01,27.48,27.73,28.63,27.52,27.44
2017-02-18T18:00,2017-02-18,18,25.11,25.25,22.53,25.07,24.64,24.4,26.99,26.35,25.55,24.57
2017-02-18T19:00,2017-02-18,19,23.42,23.23,21.43,23.59,23.22,23.17,25.53,24.25,23.94,22.42
2017-02-18T20:00,2017-02-18,20,22.47,22.49,20.23,22.39,21.83,22.71,24.36,23.35,22.8,21.8
2017-02-18T21:00,2017-02-18,21,21.77,22.12,19.61,21.27,21.51,21.74,23.47,22.69,21.97,20.98
2017-02-18T22:00,2017-02-18,22,21.19,21.39,18.79,21.11,21.34,20.74,23.15,22.5,21.25,20.13
2017-02-18T23:00,2017-02-18,23,20.57,21.07,18.16,20.31,20.21,20.96,22.29,21.17,20.44,19.61
2017-02-19T00:00,2017-02-19,0,19.98,20.23,17.25,20.22,20.16,20.26,21.74,20.56,19.71,19.19
2017-02-19T01:00,2017-02-19,1,19.51,19.71,17.21,19.37,19.68,20.14,21.28,20.22,19.27,18.57
2017-02-19T02:00,2017-02-19,2,19.28,19.32,17.15,19.97,19.34,19.27,21.04,20.29,18.9,18.2
2017-02-19T03:00,2017-02-19,3,18.77,18.85,16.75,19.1,18.61,18.6,20.57,20.13,18.56,17.73
2017-02-19T04:00,2017-02-19,4,18.45,18.48,16.51,18.27,18.59,18.06,20.33,19.9,18.47,17.57
2017-02-19T05:00,2017-02-19,5,18.08,18.15,15.94,17.81,18.04,17.85,20.01,19.49,17.8,17.75
2017-02-19T06:00,2017-02-19,6,17.4,17.6,15.92,17.41,16.48,16.65,19.2,18.96,17.28,16.67
2017-02-19T07:00,2017-02-19,7,18.05,18.29,16.73,18.15,17.08,17.42,19.61,20.11,17.87,17.04
2017-02-19T08:00,2017-02-19,8,20.89,21.37,19.88,20.94,20.33,20.37,21.88,22.37,20.41,19.94
2017-02-19T09:00,2017-02-19,9,23.59,23.98,22.74,24.04,23.51,23.26,23.98,24.61,22.7,23.17
2017-02-19T10:00,2017-02-19,10,25.78,26.0,25.63,26.32,25.77,25.41,25.78,26.62,24.89,25.6
2017-02-19T11:00,2017-02-19,11,27.28,27.38,27.61,27.72,27.15,26.88,27.12,27.9,26.71,27.13
2017-02-19T12:00,2017-02-19,12,28.02,27.89,28.84,28.09,27.94,27.76,28.08,28.47,27.71,27.94
2017-02-19T13:00,2017-02-19,13,28.2,28.05,29.11,28.18,27.83,28.14,28.56,28.76,27.87,27.88
2017-02-19T14:00,2017-02-19,14,28.25,28.08,28.66,28.41,27.97,28.12,28.68,29.03,27.89,28.03
2017-02-19T15:00,2017-02-19,15,28.12,27.98,28.29,28.35,27.86,27.95,28.64,29.0,27.69,27.96
2017-02-19T16:00,2017-02-19,16,27.7,27.65,27.29,27.73,27.37,27.35,28.48,28.59,27.46,27.61
2017-02-19T17:00,2017-02-19,17,26.83,26.81,25.85,26.95,26.58,26.29,27.83,27.27,26.76,26.85
2017-02-19T18:00,2017-02-19,18,24.91,25.02,23.95,25.45,24.31,24.78,25.96,25.08,25.03,24.02
2017-02-19T19:00,2017-02-19,19,23.96,23.84,23.05,24.9,23.51,23.65,24.94,24.82,24.09,22.82
2017-02-19T20:00,2017-02-19,20,23.26,23.0,22.38,23.91,23.8,23.35,24.11,24.16,23.26,22.11
2017-02-19T21:00,2017-02-19,21,22.41,21.9,21.33,23.14,22.26,22.62,23.65,23.55,22.74,21.54
2017-02-19T22:00,2017-02-19,22,21.79,21.37,20.7,22.05,21.64,21.57,23.16,22.9,22.37,21.05
2017-02-19T23:00,2017-02-19,23,21.37,21.29,20.2,21.92,20.75,20.51,22.69,22.34,21.81,20.48
2017-02-20T00:00,2017-02-20,0,21.1,21.24,19.83,21.38,20.63,20.12,22.19,21.96,21.64,20.18
2017-02-20T01:00,2017-02-20,1,20.86,21.02,19.34,21.03,20.42,20.5,21.95,21.45,21.24,20.11
2017-02-20T02:00,2017-02-20,2,20.51,20.88,18.77,20.59,20.12,19.66,21.62,21.22,20.77,19.91
2017-02-20T03:00,2017-02-20,3,20.37,20.88,18.51,19.97,19.79,19.31,21.47,21.15,20.76,20.08
2017-02-20T04:00,2017-02-20,4,20.25,20.78,18.41,19.74,19.36,19.54,21.34,21.09,20.64,20.04
2017-02-20T05:00,2017-02-20,5,20.19,20.68,18.53,19.74,20.01,18.95,21.35,20.92,20.18,20.17
2017-02-20T06:00,2017-02-20,6,20.03,20.33,18.53,19.82,19.61,18.57,22.01,21.86,19.43,19.68
2017-02-20T07:00,2017-02-20,7,20.57,20.83,19.27,20.71,20.09,19.64,22.43,22.19,19.87,19.8
2017-02-20T08:00,2017-02-20,8,22.08,22.49,21.63,22.16,21.43,21.22,23.35,23.35,21.48,21.07
2017-02-20T09:00,2017-02-20,9,23.52,23.76,23.76,23.68,22.87,22.38,24.73,25.04,22.9,22.39
2017-02-20T10:00,2017-02-20,10,24.9,25.06,25.38,25.2,24.15,23.21,25.82,26.26,24.61,24.08
2017-02-20T11:00,2017-02-20,11,25.85,25.74,26.32,25.91,25.41,24.0,26.92,27.05,25.86,25.42
2017-02-20T12:00,2017-02-20,12,26.38,25.85,26.33,26.64,25.76,24.88,27.85,27.7,26.74,26.3
2017-02-20T13:00,2017-02-20,13,27.11,26.88,26.62,26.99,26.27,25.79,28.73,28.29,27.75,26.64
2017-02-20T14:00,2017-02-20,14,27.5,27.57,27.06,26.68,26.39,26.22,29.46,28.64,28.29,26.65
2017-02-20T15:00,2017-02-20,15,27.65,27.49,26.79,27.19,26.75,25.83,29.79,28.6,28.66,27.19
2017-02-20T16:00,2017-02-20,16,27.33,27.17,26.13,27.07,26.31,24.36,29.75,28.15,28.68,27.12
2017-02-20T17:00,2017-02-20,17,26.51,26.41,25.07,26.21,24.91,23.68,29.07,27.31,28.06,26.34
2017-02-20T18:00,2017-02-20,18,24.92,25.19,23.8,25.1,23.47,22.87,26.64,25.38,25.84,24.24
2017-02-20T19:00,2017-02-20,19,23.99,24.35,22.97,24.3,22.97,22.25,25.21,24.4,24.48,23.38
2017-02-20T20:00,2017-02-20,20,23.2,23.74,22.39,23.95,22.06,21.59,24.4,23.83,23.23,21.9
2017-02-20T21:00,2017-02-20,21,22.78,23.28,22.22,23.47,21.58,21.2,23.84,23.52,22.88,21.43
2017-02-20T22:00,2017-02-20,22,22.39,23.22,22.02,23.17,21.2,20.79,23.19,23.23,22.05,20.71
2017-02-20T23:00,2017-02-20,23,22.03,22.83,21.89,22.9,20.9,20.71,22.72,23.06,21.67,19.89
2017-02-21T00:00,2017-02-21,0,21.6,22.33,21.63,22.65,20.67,20.28,22.4,22.95,21.14,19.06
2017-02-21T01:00,2017-02-21,1,21.22,21.98,21.12,22.32,20.47,20.25,22.12,22.78,20.31,18.56
2017-02-21T02:00,2017-02-21,2,20.94,21.68,20.8,22.1,20.29,20.18,21.93,22.74,19.86,18.05
2017-02-21T03:00,2017-02-21,3,20.79,21.49,20.36,21.9,20.38,20.2,21.81,22.66,19.63,18.08
2017-02-21T04:00,2017-02-21,4,20.76,21.42,20.29,21.94,20.19,20.24,21.82,22.64,19.75,17.98
2017-02-21T05:00,2017-02-21,5,20.89,21.8,20.24,22.35,20.23,20.15,21.95,22.61,19.72,17.8
2017-02-21T06:00,2017-02-21,6,21.29,22.06,20.62,22.81,20.68,20.35,22.55,23.18,20.05,18.34
2017-02-21T07:00,2017-02-21,7,21.85,22.68,21.36,23.32,21.36,20.8,22.91,23.8,20.6,18.83
2017-02-21T08:00,2017-02-21,8,23.39,24.0,23.15,24.57,22.99,21.34,24.5,24.99,22.83,21.0
2017-02-21T09:00,2017-02-21,9,24.98,25.34,24.88,25.99,24.73,21.84,26.12,26.44,24.97,23.27
2017-02-21T10:00,2017-02-21,10,26.67,27.05,26.92,27.5,26.23,22.46,27.82,27.87,27.04,25.37
2017-02-21T11:00,2017-02-21,11,28.11,28.64,27.98,28.82,27.87,22.21,29.47,29.16,28.86,27.15
2017-02-21T12:00,2017-02-21,12,29.24,29.97,28.75,29.6,29.08,22.57,30.72,29.78,30.45,28.52
2017-02-21T13:00,2017-02-21,13,30.08,30.93,28.72,30.07,30.16,24.0,31.5,30.03,31.56,29.67
2017-02-21T14:00,2017-02-21,14,30.46,31.46,28.61,29.8,30.18,25.5,31.83,29.84,32.18,30.46
2017-02-21T15:00,2017-02-21,15,30.2,31.32,27.96,29.39,29.81,25.95,31.41,29.33,31.55,30.69
2017-02-21T16:00,2017-02-21,16,29.38,30.07,27.12,28.68,29.09,25.74,30.68,28.25,31.12,29.98
2017-02-21T17:00,2017-02-21,17,27.93,28.78,25.82,27.47,26.11,24.43,29.36,26.92,29.73,28.5
2017-02-21T18:00,2017-02-21,18,26.11,27.56,24.07,25.94,25.38,22.42,27.71,25.55,26.74,25.04
2017-02-21T19:00,2017-02-21,19,25.12,26.66,23.15,24.95,24.27,21.78,26.32,24.6,26.13,23.6
2017-02-21T20:00,2017-02-21,20,24.33,25.69,22.56,24.02,23.62,21.35,25.22,23.98,25.78,22.6
2017-02-21T21:00,2017-02-21,21,23.73,24.76,22.38,23.41,23.15,21.04,24.41,23.71,25.53,21.9
2017-02-21T22:00,2017-02-21,22,23.21,23.79,22.13,22.95,23.1,20.97,23.79,23.46,25.06,21.47
2017-02-21T23:00,2017-02-21,23,22.69,23.06,21.85,22.57,22.38,20.84,23.44,23.22,24.35,21.0
2017-02-22T00:00,2017-02-22,0,22.21,22.53,21.37,22.32,21.45,20.44,23.19,23.02,23.56,20.55
2017-02-22T01:00,2017-02-22,1,21.82,22.17,20.98,22.11,20.9,19.97,23.04,22.95,22.74,20.16
2017-02-22T02:00,2017-02-22,2,21.72,22.06,20.8,22.06,20.76,20.62,22.96,22.87,22.39,19.9
2017-02-22T03:00,2017-02-22,3,21.7,22.0,20.91,22.33,21.11,21.15,22.85,22.91,21.76,19.71
2017-02-22T04:00,2017-02-22,4,21.64,21.77,21.2,22.77,20.8,21.31,22.8,22.96,21.38,19.6
2017-02-22T05:00,2017-02-22,5,21.68,21.87,21.52,22.96,20.94,21.37,22.75,22.93,21.09,19.55
2017-02-22T06:00,2017-02-22,6,21.95,22.52,21.84,23.21,21.15,20.71,22.99,23.59,20.9,19.88
2017-02-22T07:00,2017-02-22,7,22.47,23.19,22.4,23.52,21.82,20.67,23.52,24.12,21.42,20.37
2017-02-22T08:00,2017-02-22,8,23.71,24.08,23.78,24.53,22.87,21.19,24.93,25.16,23.48,22.25
2017-02-22T09:00,2017-02-22,9,25.25,25.71,25.33,25.97,24.19,21.95,26.33,26.3,25.42,24.22
2017-02-22T10:00,2017-02-22,10,26.61,27.08,26.69,27.11,25.57,22.6,27.75,27.51,26.91,26.06
2017-02-22T11:00,2017-02-22,11,27.72,28.12,27.29,28.22,26.53,23.51,29.09,28.21,28.52,27.48
2017-02-22T12:00,2017-02-22,12,28.7,29.05,28.02,28.94,27.67,24.13,30.1,28.8,29.89,28.91
2017-02-22T13:00,2017-02-22,13,29.38,29.97,28.15,29.39,28.64,24.48,30.78,29.22,30.67,29.65
2017-02-22T14:00,2017-02-22,14,29.52,30.29,27.82,29.53,28.61,23.77,30.94,29.47,31.05,30.05
2017-02-22T15:00,2017-02-22,15,29.38,30.14,27.69,29.33,28.68,23.82,30.79,29.41,30.3,30.39
2017-02-22T16:00,2017-02-22,16,28.82,29.43,26.75,29.02,27.31,24.42,30.24,28.76,30.0,29.78
2017-02-22T17:00,2017-02-22,17,27.81,28.59,25.59,27.88,26.14,23.6,29.26,27.7,29.16,28.44
2017-02-22T18:00,2017-02-22,18,25.82,26.88,24.24,26.35,23.78,22.55,27.09,25.82,26.03,25.79
2017-02-22T19:00,2017-02-22,19,24.96,26.14,23.4,25.27,22.76,21.97,26.12,24.94,25.32,24.71
2017-02-22T20:00,2017-02-22,20,24.22,25.69,22.73,24.44,22.05,21.41,25.35,24.22,24.48,23.25
2017-02-22T21:00,2017-02-22,21,23.6,25.03,22.26,23.88,21.62,21.24,24.74,23.81,23.86,22.08
2017-02-22T22:00,2017-02-22,22,23.08,24.21,21.63,23.32,21.15,21.06,24.14,23.44,23.65,21.85
2017-02-22T23:00,2017-02-22,23,22.53,23.53,20.76,22.92,20.68,21.1,23.8,23.21,22.84,21.2
2017-02-23T00:00,2017-02-23,0,22.16,22.95,20.62,22.49,20.36,21.08,23.44,23.04,22.35,20.94
2017-02-23T01:00,2017-02-23,1,21.77,22.56,20.15,22.08,20.39,20.83,23.13,22.87,21.72,20.37
2017-02-23T02:00,2017-02-23,2,21.36,22.01,20.07,21.93,20.23,20.6,22.85,22.7,21.17,19.41
2017-02-23T03:00,2017-02-23,3,21.21,22.14,19.99,21.93,20.24,20.4,22.77,22.53,20.61,18.63
2017-02-23T04:00,2017-02-23,4,21.07,21.97,19.79,21.95,19.97,20.39,22.94,22.59,20.44,18.05
2017-02-23T05:00,2017-02-23,5,20.97,21.94,19.97,22.02,19.69,20.53,22.88,22.93,19.85,17.61
2017-02-23T06:00,2017-02-23,6,20.69,21.64,20.34,22.2,19.89,20.13,22.54,23.57,18.6,16.79
2017-02-23T07:00,2017-02-23,7,21.17,21.99,21.3,22.73,20.26,20.41,22.93,24.0,19.28,17.24
2017-02-23T08:00,2017-02-23,8,22.65,23.39,22.84,23.71,21.55,21.06,23.97,24.71,21.82,19.75
2017-02-23T09:00,2017-02-23,9,24.13,24.69,24.1,24.54,23.28,21.82,25.43,25.67,24.14,22.16
2017-02-23T10:00,2017-02-23,10,25.46,26.09,25.2,24.95,25.08,23.11,27.08,26.58,25.7,23.92
2017-02-23T11:00,2017-02-23,11,26.64,27.4,25.71,26.04,26.41,24.49,28.01,28.08,26.8,25.34
2017-02-23T12:00,2017-02-23,12,27.39,28.67,26.3,25.17,27.32,25.63,28.81,28.57,27.59,26.4
2017-02-23T13:00,2017-02-23,13,27.94,29.36,26.81,25.46,27.97,26.5,29.27,28.59,28.05,27.04
2017-02-23T14:00,2017-02-23,14,28.17,29.71,26.83,26.29,28.3,25.98,29.56,28.07,28.24,27.3
2017-02-23T15:00,2017-02-23,15,28.26,29.79,26.56,26.88,28.29,26.41,29.73,27.85,28.19,27.23
2017-02-23T16:00,2017-02-23,16,27.91,29.49,26.08,26.85,27.77,25.23,29.64,28.04,27.7,26.74
2017-02-23T17:00,2017-02-23,17,26.8,28.05,25.06,26.33,26.18,24.73,28.76,27.52,26.35,25.49
2017-02-23T18:00,2017-02-23,18,24.04,24.43,24.45,25.02,22.35,23.63,25.66,25.76,22.48,22.36
2017-02-23T19:00,2017-02-23,19,22.94,23.05,23.81,24.07,21.58,22.67,24.3,25.04,21.34,21.22
2017-02-23T20:00,2017-02-23,20,22.17,22.15,23.19,23.66,20.79,21.72,23.49,24.58,20.42,20.39
2017-02-23T21:00,2017-02-23,21,21.35,20.88,22.63,23.05,19.9,22.0,22.63,24.05,19.51,19.67
2017-02-23T22:00,2017-02-23,22,20.76,20.31,22.15,22.63,19.07,20.89,21.75,23.65,19.15,19.14
2017-02-23T23:00,2017-02-23,23,20.19,19.81,21.65,22.25,17.95,20.37,21.16,23.35,18.3,18.73
2017-02-24T00:00,2017-02-24,0,19.62,19.03,21.68,21.71,17.25,19.54,20.69,22.91,17.76,18.22
2017-02-24T01:00,2017-02-24,1,19.17,18.97,21.46,21.33,16.45,18.46,20.26,22.6,16.98,17.5
2017-02-24T02:00,2017-02-24,2,18.56,18.03,21.25,20.93,15.84,18.76,19.84,22.38,16.02,16.54
2017-02-24T03:00,2017-02-24,3,17.8,16.75,20.79,20.29,15.15,17.9,19.34,22.25,15.71,15.63
2017-02-24T04:00,2017-02-24,4,17.46,15.93,20.74,20.74,14.82,17.74,18.79,22.53,15.44,15.08
2017-02-24T05:00,2017-02-24,5,17.05,15.54,20.62,20.14,14.46,17.7,17.98,22.19,15.11,14.61
2017-02-24T06:00,2017-02-24,6,16.89,15.39,21.41,20.17,14.73,18.38,17.79,21.62,14.16,13.75
2017-02-24T07:00,2017-02-24,7,17.46,16.52,21.63,19.96,15.33,18.59,18.31,21.48,15.14,14.26
2017-02-24T08:00,2017-02-24,8,20.18,19.99,22.68,21.84,18.72,19.61,21.1,23.1,18.81,17.33
2017-02-24T09:00,2017-02-24,9,22.94,23.62,24.21,24.21,21.63,21.07,23.89,25.27,21.86,19.99
2017-02-24T10:00,2017-02-24,10,24.95,25.86,25.79,26.2,23.63,22.76,25.86,27.2,23.88,22.02
2017-02-24T11:00,2017-02-24,11,26.13,26.84,27.03,27.43,25.02,24.2,26.89,28.2,25.09,23.48
2017-02-24T12:00,2017-02-24,12,26.92,27.48,27.75,28.24,26.0,25.35,27.62,28.99,25.74,24.54
2017-02-24T13:00,2017-02-24,13,27.44,27.94,28.49,28.72,26.47,25.96,28.13,29.48,26.17,25.23
2017-02-24T14:00,2017-02-24,14,27.63,28.02,28.77,28.88,26.49,26.1,28.38,29.63,26.47,25.6
2017-02-24T15:00,2017-02-24,15,27.59,27.92,28.68,28.8,26.34,26.03,28.4,29.67,26.55,25.66
2017-02-24T16:00,2017-02-24,16,27.13,27.44,28.08,28.18,25.73,25.63,28.08,29.39,26.2,25.23
2017-02-24T17:00,2017-02-24,17,25.76,25.88,26.67,26.56,24.24,24.33,26.96,28.27,24.98,24.15
2017-02-24T18:00,2017-02-24,18,22.56,22.07,23.52,23.6,21.33,21.34,24.98,25.87,21.17,20.94
2017-02-24T19:00,2017-02-24,19,21.35,20.94,22.23,22.08,20.38,19.81,24.0,24.01,20.44,19.5
2017-02-24T20:00,2017-02-24,20,20.34,19.99,20.89,21.23,19.77,19.17,23.06,22.48,19.4,18.17
2017-02-24T21:00,2017-02-24,21,19.35,18.8,20.46,20.25,17.73,18.17,22.1,21.41,18.96,17.35
2017-02-24T22:00,2017-02-24,22,18.73,17.73,21.61,19.63,17.25,17.44,21.65,21.21,17.52,16.97
2017-02-24T23:00,2017-02-24,23,18.17,17.46,20.69,19.32,16.68,17.72,20.14,20.68,17.04,16.02
2017-02-25T00:00,2017-02-25,0,17.37,16.43,18.14,18.62,16.79,17.91,19.34,19.32,16.43,15.95
2017-02-25T01:00,2017-02-25,1,16.51,15.94,17.44,17.49,14.92,16.2,18.14,19.69,15.48,15.29
2017-02-25T02:00,2017-02-25,2,16.08,15.66,16.72,16.46,15.51,15.59,17.59,19.93,15.1,14.53
2017-02-25T03:00,2017-02-25,3,16.15,16.07,16.24,15.9,16.41,15.42,17.42,19.24,15.6,14.58
2017-02-25T04:00,2017-02-25,4,15.77,16.04,16.01,15.42,15.72,14.41,17.27,19.11,14.19,14.75
2017-02-25T05:00,2017-02-25,5,15.09,15.23,16.02,15.55,14.25,13.7,16.32,17.81,13.92,13.63
2017-02-25T06:00,2017-02-25,6,14.53,14.76,15.29,14.74,13.13,13.32,16.4,17.78,12.77,13.29
2017-02-25T07:00,2017-02-25,7,15.61,15.56,17.52,16.26,14.27,14.61,16.81,19.0,14.16,13.75
2017-02-25T08:00,2017-02-25,8,18.93,19.04,21.39,19.63,17.52,17.7,19.49,21.51,17.75,17.09
2017-02-25T09:00,2017-02-25,9,22.15,22.34,25.27,23.0,20.58,20.51,22.46,24.03,21.2,20.18
2017-02-25T10:00,2017-02-25,10,24.57,24.87,27.87,25.66,22.88,22.74,24.95,26.1,23.5,22.32
2017-02-25T11:00,2017-02-25,11,25.89,26.18,28.8,26.87,24.39,24.27,26.34,27.4,24.79,23.84
2017-02-25T12:00,2017-02-25,12,26.64,26.92,29.25,27.62,25.19,25.01,27.15,28.28,25.49,24.71
2017-02-25T13:00,2017-02-25,13,27.05,27.3,29.35,28.08,25.64,25.33,27.62,28.87,25.96,25.25
2017-02-25T14:00,2017-02-25,14,27.21,27.44,29.28,28.26,25.87,25.44,27.84,29.21,26.17,25.42
2017-02-25T15:00,2017-02-25,15,27.07,27.36,28.58,28.01,25.83,25.19,27.76,29.25,26.16,25.36
2017-02-25T16:00,2017-02-25,16,26.66,26.98,27.7,27.49,25.54,24.63,27.39,28.89,25.87,25.12
2017-02-25T17:00,2017-02-25,17,25.42,25.64,26.19,26.18,24.41,23.25,26.24,27.69,24.74,24.25
2017-02-25T18:00,2017-02-25,18,22.55,23.36,23.39,22.77,20.99,20.94,23.52,24.59,21.05,21.39
2017-02-25T19:00,2017-02-25,19,21.0,20.97,21.89,21.25,20.12,19.72,22.24,23.2,19.76,20.57
2017-02-25T20:00,2017-02-25,20,19.88,19.48,20.93,19.97,19.87,18.44,21.72,21.9,18.82,19.22
2017-02-25T21:00,2017-02-25,21,19.11,18.56,20.33,19.93,19.14,17.51,21.44,21.45,17.31,18.14
2017-02-25T22:00,2017-02-25,22,18.46,17.91,19.27,19.77,17.88,16.97,21.18,20.49,16.68,17.33
2017-02-25T23:00,2017-02-25,23,18.0,17.78,18.76,18.96,17.24,17.32,20.82,19.89,16.05,16.26
2017-02-26T00:00,2017-02-26,0,17.23,17.12,18.65,19.05,16.49,16.25,18.36,19.44,15.19,15.58
2017-02-26T01:00,2017-02-26,1,16.73,16.31,20.2,18.56,15.8,15.28,17.46,18.71,14.62,15.25
2017-02-26T02:00,2017-02-26,2,16.42,16.45,18.6,17.98,16.23,14.92,17.0,19.01,14.19,14.55
2017-02-26T03:00,2017-02-26,3,15.77,16.38,16.75,15.84,16.38,14.61,16.57,18.23,13.79,13.86
2017-02-26T04:00,2017-02-26,4,15.27,15.73,16.15,15.08,15.83,13.96,16.92,18.16,13.21,13.31
2017-02-26T05:00,2017-02-26,5,14.71,14.63,15.88,14.36,15.01,13.45,16.7,18.13,13.1,13.05
2017-02-26T06:00,2017-02-26,6,14.28,13.72,14.94,14.38,14.09,13.18,16.22,17.38,13.68,12.98
2017-02-26T07:00,2017-02-26,7,14.97,14.66,16.51,15.29,14.17,14.38,16.29,17.81,13.64,13.87
2017-02-26T08:00,2017-02-26,8,18.58,18.73,20.66,19.09,17.38,17.49,19.16,20.64,17.42,17.19
2017-02-26T09:00,2017-02-26,9,21.95,22.29,24.13,22.67,20.5,20.26,22.44,23.69,20.91,20.43
2017-02-26T10:00,2017-02-26,10,24.36,24.63,26.33,25.37,22.88,22.38,25.06,26.23,23.38,22.66
2017-02-26T11:00,2017-02-26,11,25.95,26.19,27.92,27.03,24.49,23.94,26.75,27.87,24.96,24.18
2017-02-26T12:00,2017-02-26,12,26.89,27.12,28.68,27.93,25.45,25.08,27.74,28.86,25.91,25.08
2017-02-26T13:00,2017-02-26,13,27.43,27.65,28.9,28.39,26.05,25.86,28.31,29.5,26.51,25.71
2017-02-26T14:00,2017-02-26,14,27.65,27.89,28.79,28.55,26.34,26.1,28.53,29.81,26.84,25.94
2017-02-26T15:00,2017-02-26,15,27.55,27.87,28.23,28.37,26.28,25.88,28.49,29.7,26.83,25.96
2017-02-26T16:00,2017-02-26,16,27.14,27.43,27.45,27.95,25.99,25.43,28.19,29.11,26.57,25.66
2017-02-26T17:00,2017-02-26,17,25.96,26.12,26.01,26.6,24.82,24.12,27.2,27.64,25.61,25.02
2017-02-26T18:00,2017-02-26,18,23.41,23.15,23.01,24.69,23.91,20.36,25.37,24.77,22.53,22.9
2017-02-26T19:00,2017-02-26,19,21.75,20.85,22.0,23.1,20.9,19.45,24.82,22.89,21.39,21.09
2017-02-26T20:00,2017-02-26,20,20.7,19.93,21.55,21.22,20.32,18.56,23.92,21.67,20.37,19.69
2017-02-26T21:00,2017-02-26,21,20.0,19.46,20.51,21.54,20.05,17.62,21.01,21.19,20.23,18.78
2017-02-26T22:00,2017-02-26,22,19.22,18.84,19.41,19.31,19.13,17.35,20.67,20.78,19.76,18.25
2017-02-26T23:00,2017-02-26,23,18.88,19.0,19.14,18.1,19.04,17.41,20.08,19.98,19.61,17.37
2017-02-27T00:00,2017-02-27,0,18.26,18.17,19.06,18.38,17.37,16.46,19.46,19.23,18.73,17.19
2017-02-27T01:00,2017-02-27,1,17.53,17.51,19.17,16.87,16.15,15.46,18.91,18.87,17.85,16.79
2017-02-27T02:00,2017-02-27,2,16.89,16.46,17.89,16.32,16.36,14.91,18.46,19.09,17.27,16.26
2017-02-27T03:00,2017-02-27,3,16.52,16.13,16.84,15.79,15.76,14.7,18.46,18.79,16.7,16.4
2017-02-27T04:00,2017-02-27,4,15.85,15.25,16.34,15.54,14.13,14.44,18.09,18.45,15.66,16.04
2017-02-27T05:00,2017-02-27,5,15.5,15.08,15.79,15.27,13.87,13.97,17.66,18.13,15.08,15.7
2017-02-27T06:00,2017-02-27,6,15.31,15.28,15.26,15.15,13.75,14.17,17.43,19.59,13.92,14.68
2017-02-27T07:00,2017-02-27,7,16.38,16.24,16.42,16.94,14.96,15.36,18.03,20.23,15.19,15.42
2017-02-27T08:00,2017-02-27,8,19.52,20.06,20.6,19.81,18.03,18.46,20.34,20.77,18.62,18.19
2017-02-27T09:00,2017-02-27,9,22.61,23.7,24.0,22.72,20.99,21.02,23.15,22.06,22.25,20.93
2017-02-27T10:00,2017-02-27,10,25.1,26.16,26.18,25.55,23.5,23.19,25.88,24.79,24.84,22.99
2017-02-27T11:00,2017-02-27,11,26.95,27.83,28.15,27.63,25.46,24.88,27.86,27.61,26.52,24.57
2017-02-27T12:00,2017-02-27,12,28.13,28.93,29.5,28.85,26.75,26.08,29.03,29.41,27.53,25.58
2017-02-27T13:00,2017-02-27,13,28.77,29.43,30.06,29.61,27.55,26.8,29.71,30.31,28.09,26.22
2017-02-27T14:00,2017-02-27,14,29.01,29.66,29.87,29.82,27.84,27.06,30.05,30.64,28.36,26.64
2017-02-27T15:00,2017-02-27,15,28.93,29.57,29.51,29.66,27.72,27.03,30.03,30.73,28.3,26.75
2017-02-27T16:00,2017-02-27,16,28.45,28.98,28.79,29.22,27.37,26.43,29.64,30.33,27.82,26.52
2017-02-27T17:00,2017-02-27,17,27.13,27.51,27.11,27.84,26.17,24.96,28.6,28.73,26.76,25.58
2017-02-27T18:00,2017-02-27,18,23.94,23.39,23.63,24.54,24.5,22.29,26.27,26.32,23.66,22.34
2017-02-27T19:00,2017-02-27,19,22.53,21.59,22.36,23.73,22.25,21.63,24.18,24.73,23.32,20.72
2017-02-27T20:00,2017-02-27,20,21.23,20.82,21.48,22.37,19.65,20.64,22.86,23.88,21.0,19.52
2017-02-27T21:00,2017-02-27,21,20.19,20.3,20.57,20.64,19.05,18.71,21.64,22.02,19.69,18.98
2017-02-27T22:00,2017-02-27,22,19.69,19.58,19.85,20.21,19.44,18.77,20.64,21.24,19.15,18.9
2017-02-27T23:00,2017-02-27,23,19.01,18.73,19.61,19.73,18.84,17.77,19.68,21.0,18.26,18.45
2017-02-28T00:00,2017-02-28,0,18.08,18.05,19.16,18.4,16.91,16.53,19.32,21.25,16.85,17.24
2017-02-28T01:00,2017-02-28,1,17.43,17.38,17.72,18.07,16.07,16.26,18.95,20.23,16.39,16.5
2017-02-28T02:00,2017-02-28,2,17.16,17.25,17.74,17.74,15.92,15.95,18.7,20.37,15.74,15.91
2017-02-28T03:00,2017-02-28,3,16.69,16.55,16.86,17.3,15.53,15.72,18.19,20.83,15.45,15.4
2017-02-28T04:00,2017-02-28,4,16.35,15.98,16.52,17.03,15.22,15.47,17.93,19.9,15.65,15.13
2017-02-28T05:00,2017-02-28,5,16.05,16.38,15.8,15.72,14.7,15.1,17.43,19.22,15.54,14.85
2017-02-28T06:00,2017-02-28,6,15.66,15.44,15.39,15.31,14.84,14.76,17.55,18.78,14.78,15.49
2017-02-28T07:00,2017-02-28,7,16.77,16.59,17.39,16.68,15.72,16.1,18.49,19.34,15.55,16.36
2017-02-28T08:00,2017-02-28,8,20.18,20.36,21.96,20.63,18.84,19.13,21.01,20.84,19.39,19.15
2017-02-28T09:00,2017-02-28,9,23.48,24.0,25.6,24.37,21.87,22.0,23.86,23.57,22.96,21.74
2017-02-28T10:00,2017-02-28,10,25.95,26.47,28.19,26.92,24.3,24.29,26.31,26.6,25.42,23.92
2017-02-28T11:00,2017-02-28,11,27.54,27.91,29.97,28.48,25.95,25.9,27.95,28.66,26.88,25.5
2017-02-28T12:00,2017-02-28,12,28.45,28.72,30.87,29.33,27.01,26.82,28.95,29.93,27.67,26.51
2017-02-28T13:00,2017-02-28,13,28.97,29.25,31.08,29.79,27.61,27.42,29.56,30.63,28.09,27.18
2017-02-28T14:00,2017-02-28,14,29.12,29.42,30.72,29.9,27.87,27.57,29.79,30.88,28.29,27.39
2017-02-28T15:00,2017-02-28,15,29.02,29.36,30.32,29.76,27.92,27.47,29.72,30.82,28.27,27.23
2017-02-28T16:00,2017-02-28,16,28.61,28.93,29.7,29.19,27.57,27.05,29.39,30.41,27.98,26.99
2017-02-28T17:00,2017-02-28,17,27.31,27.5,27.71,27.74,26.37,25.57,28.31,29.33,26.89,26.2
2017-02-28T18:00,2017-02-28,18,23.97,23.51,24.54,24.54,23.08,22.67,25.42,25.65,23.27,23.96
2017-02-28T19:00,2017-02-28,19,22.59,22.39,23.25,23.14,21.82,21.64,23.03,24.0,22.34,22.19
2017-02-28T20:00,2017-02-28,20,21.35,21.23,22.24,21.2,20.45,20.24,22.02,22.83,20.88,21.57
2017-02-28T21:00,2017-02-28,21,20.66,20.4,20.87,20.85,19.66,19.81,21.91,21.96,19.84,21.23
2017-02-28T22:00,2017-02-28,22,19.8,19.17,19.78,20.15,18.76,19.27,20.76,21.32,19.2,21.02
2017-02-28T23:00,2017-02-28,23,19.13,18.34,18.91,19.27,18.19,20.19,19.9,20.97,18.49,20.19
2017-03-01T00:00,2017-03-01,0,18.35,17.84,18.27,17.79,17.76,17.93,19.37,20.24,17.8,19.69
2017-03-01T01:00,2017-03-01,1,17.96,17.44,17.07,17.81,18.27,16.95,19.05,19.92,17.35,19.22
2017-03-01T02:00,2017-03-01,2,17.88,17.79,16.53,17.17,18.88,16.58,19.15,19.6,17.32,18.55
2017-03-01T03:00,2017-03-01,3,17.32,17.11,16.24,16.19,17.34,16.01,18.92,19.57,17.32,18.04
2017-03-01T04:00,2017-03-01,4,16.96,16.56,15.59,15.82,17.06,16.1,18.33,20.19,16.7,18.08
2017-03-01T05:00,2017-03-01,5,16.61,16.85,15.35,15.13,16.35,15.44,17.25,19.41,16.55,17.51
2017-03-01T06:00,2017-03-01,6,15.47,15.2,14.81,14.79,15.4,14.97,16.91,18.5,14.38,16.02
2017-03-01T07:00,2017-03-01,7,16.56,16.54,17.01,16.11,16.27,16.46,17.51,18.7,15.3,16.38
2017-03-01T08:00,2017-03-01,8,20.24,20.23,21.74,20.26,19.67,19.48,20.59,21.99,19.27,19.76
2017-03-01T09:00,2017-03-01,9,23.69,23.81,25.89,24.19,22.91,22.28,23.66,24.85,22.99,22.77
2017-03-01T10:00,2017-03-01,10,26.14,26.26,28.81,26.73,25.2,24.45,26.14,27.01,25.54,24.99
2017-03-01T11:00,2017-03-01,11,27.71,27.81,30.33,28.25,26.68,25.98,27.94,28.67,27.11,26.54
2017-03-01T12:00,2017-03-01,12,28.69,28.84,31.14,29.3,27.6,26.93,29.08,29.8,28.02,27.38
2017-03-01T13:00,2017-03-01,13,29.2,29.33,31.27,29.8,28.05,27.51,29.78,30.52,28.54,27.96
2017-03-01T14:00,2017-03-01,14,29.39,29.51,30.83,29.94,28.37,27.82,30.09,30.9,28.8,28.17
2017-03-01T15:00,2017-03-01,15,29.33,29.47,30.38,29.83,28.34,27.83,30.15,31.02,28.86,28.02
2017-03-01T16:00,2017-03-01,16,29.0,29.13,29.74,29.37,28.14,27.41,29.92,30.78,28.62,27.84
2017-03-01T17:00,2017-03-01,17,27.93,28.08,27.81,28.23,27.21,26.22,29.03,29.67,27.79,26.99
2017-03-01T18:00,2017-03-01,18,24.63,24.37,24.73,25.28,23.26,23.66,25.78,26.92,24.35,24.01
2017-03-01T19:00,2017-03-01,19,23.6,23.37,23.62,23.87,23.12,22.58,25.22,25.47,23.14,22.8
2017-03-01T20:00,2017-03-01,20,22.94,22.45,22.21,22.23,23.23,22.3,25.57,24.35,23.28,22.01
2017-03-01T21:00,2017-03-01,21,21.93,20.96,21.03,22.95,21.11,21.73,24.6,22.64,22.73,20.72
2017-03-01T22:00,2017-03-01,22,21.1,20.77,20.07,21.15,20.49,21.84,23.03,21.69,21.56,19.85
2017-03-01T23:00,2017-03-01,23,20.67,21.22,19.32,20.61,19.51,21.05,21.49,21.01,21.36,19.14
2017-03-02T00:00,2017-03-02,0,20.06,20.75,18.43,18.92,19.7,18.91,20.98,20.56,21.51,18.92
2017-03-02T01:00,2017-03-02,1,19.24,19.62,18.23,18.76,19.05,17.71,20.79,20.13,19.56,18.3
2017-03-02T02:00,2017-03-02,2,18.62,18.84,17.12,18.03,17.85,17.48,20.14,19.36,19.25,18.5
2017-03-02T03:00,2017-03-02,3,17.95,17.91,16.9,17.83,17.2,16.92,19.14,18.96,18.22,18.21
2017-03-02T04:00,2017-03-02,4,17.33,16.89,16.41,17.48,16.97,16.51,18.61,18.5,17.32,17.88
2017-03-02T05:00,2017-03-02,5,16.81,16.54,15.84,16.54,17.32,16.28,18.46,18.69,16.14,16.72
2017-03-02T06:00,2017-03-02,6,16.48,16.2,15.28,16.14,15.87,15.97,18.61,19.41,15.98,16.17
2017-03-02T07:00,2017-03-02,7,18.1,18.3,17.41,17.91,17.45,17.37,19.47,20.11,17.64,17.35
2017-03-02T08:00,2017-03-02,8,21.26,22.02,21.85,21.17,20.74,20.28,21.29,21.15,21.02,20.27
2017-03-02T09:00,2017-03-02,9,24.42,25.33,25.97,24.56,23.68,23.07,23.99,23.64,24.12,23.3
2017-03-02T10:00,2017-03-02,10,27.0,27.76,28.72,27.3,25.98,25.19,26.89,27.32,26.62,25.57
2017-03-02T11:00,2017-03-02,11,28.84,29.42,30.27,29.35,27.71,26.7,29.2,29.84,28.52,27.26
2017-03-02T12:00,2017-03-02,12,29.99,30.42,30.94,30.6,28.85,27.73,30.83,31.31,29.74,28.44
2017-03-02T13:00,2017-03-02,13,30.71,31.12,31.14,31.26,29.57,28.53,31.84,32.19,30.51,29.23
2017-03-02T14:00,2017-03-02,14,31.09,31.54,30.83,31.54,30.06,29.0,32.41,32.54,30.96,29.79
2017-03-02T15:00,2017-03-02,15,31.12,31.58,30.12,31.53,30.31,29.07,32.54,32.46,31.1,30.01
2017-03-02T16:00,2017-03-02,16,30.75,31.32,29.09,31.03,30.06,28.81,32.2,31.76,30.9,29.88
2017-03-02T17:00,2017-03-02,17,29.39,30.05,27.33,29.45,28.67,27.44,30.93,29.96,29.71,28.81
2017-03-02T18:00,2017-03-02,18,26.21,26.68,24.37,26.01,25.02,24.36,27.69,27.17,27.23,25.55
2017-03-02T19:00,2017-03-02,19,25.11,25.7,22.73,24.95,23.96,23.24,26.82,26.04,26.05,24.37
2017-03-02T20:00,2017-03-02,20,24.12,24.99,21.67,24.36,22.53,22.11,25.88,24.94,24.37,23.46
2017-03-02T21:00,2017-03-02,21,23.4,24.58,21.13,23.78,21.87,20.74,25.08,24.08,23.09,22.85
2017-03-02T22:00,2017-03-02,22,22.78,24.29,20.37,23.34,21.44,19.86,24.23,23.34,22.47,21.6
2017-03-02T23:00,2017-03-02,23,22.14,23.56,19.72,22.6,21.08,19.67,23.51,22.75,21.89,20.81
2017-03-03T00:00,2017-03-03,0,21.75,22.99,19.33,21.64,20.88,19.5,22.86,22.36,22.66,20.21
2017-03-03T01:00,2017-03-03,1,21.14,22.43,18.71,20.9,19.82,19.01,22.4,21.99,21.94,19.71
2017-03-03T02:00,2017-03-03,2,20.65,21.85,18.32,20.59,19.43,18.79,21.79,21.83,21.36,18.93
2017-03-03T03:00,2017-03-03,3,20.18,21.36,17.98,20.17,19.43,18.27,21.22,21.68,20.95,17.95
2017-03-03T04:00,2017-03-03,4,19.8,20.78,17.79,19.46,19.17,18.64,20.91,21.39,20.44,17.78
2017-03-03T05:00,2017-03-03,5,19.29,20.1,17.72,19.0,18.45,17.69,20.78,20.87,20.16,17.08
2017-03-03T06:00,2017-03-03,6,19.39,19.25,19.34,19.69,19.3,18.12,21.09,21.51,19.29,17.64
2017-03-03T07:00,2017-03-03,7,20.74,21.04,20.53,21.01,19.88,19.92,22.24,22.58,20.42,18.89
2017-03-03T08:00,2017-03-03,8,23.08,23.41,22.64,23.45,22.11,22.09,24.53,24.81,22.89,21.29
2017-03-03T09:00,2017-03-03,9,25.36,25.77,24.69,25.82,24.08,23.67,26.9,26.83,25.5,23.79
2017-03-03T10:00,2017-03-03,10,27.28,27.42,27.27,27.54,26.0,25.44,28.87,28.83,27.6,25.95
2017-03-03T11:00,2017-03-03,11,28.92,28.78,29.42,29.31,27.46,26.73,30.61,30.54,29.2,27.99
2017-03-03T12:00,2017-03-03,12,30.3,30.44,30.88,30.38,28.93,27.76,31.96,31.83,30.38,29.44
2017-03-03T13:00,2017-03-03,13,31.25,31.46,31.12,31.29,30.03,28.75,32.84,32.77,31.59,30.4
2017-03-03T14:00,2017-03-03,14,31.59,31.86,30.6,31.6,30.8,29.14,33.19,33.2,32.02,30.85
2017-03-03T15:00,2017-03-03,15,31.51,32.02,29.84,30.72,31.24,29.35,33.21,32.84,32.07,30.91
2017-03-03T16:00,2017-03-03,16,30.96,31.72,28.92,29.9,30.88,29.47,32.71,31.64,31.23,30.46
2017-03-03T17:00,2017-03-03,17,29.44,30.42,27.1,29.01,29.07,28.58,30.38,29.67,29.41,29.1
2017-03-03T18:00,2017-03-03,18,26.32,26.59,24.64,26.39,25.53,24.92,27.68,27.56,26.32,26.3
2017-03-03T19:00,2017-03-03,19,25.41,25.91,23.37,26.07,25.24,23.08,26.21,26.0,25.49,25.38
2017-03-03T20:00,2017-03-03,20,24.48,24.57,22.74,25.17,24.88,23.23,24.8,25.04,24.56,24.66
2017-03-03T21:00,2017-03-03,21,23.59,23.73,22.37,24.19,24.2,21.99,23.88,24.04,23.67,23.53
2017-03-03T22:00,2017-03-03,22,22.84,23.16,21.61,23.6,22.98,21.22,23.28,23.18,22.88,22.45
2017-03-03T23:00,2017-03-03,23,22.07,21.72,21.11,22.95,22.39,21.03,22.88,22.48,22.38,21.75
2017-03-04T00:00,2017-03-04,0,21.77,22.07,20.4,22.4,21.7,20.83,22.37,22.06,21.93,21.15
2017-03-04T01:00,2017-03-04,1,21.38,22.26,19.85,21.82,20.4,20.48,21.98,21.8,21.61,19.99
2017-03-04T02:00,2017-03-04,2,20.98,21.97,19.25,21.3,20.37,20.29,21.46,21.33,21.22,19.38
2017-03-04T03:00,2017-03-04,3,20.51,21.66,18.78,20.87,19.38,19.72,21.35,20.73,20.5,18.93
2017-03-04T04:00,2017-03-04,4,20.2,21.33,18.51,20.44,19.51,19.45,21.29,20.44,20.05,18.35
2017-03-04T05:00,2017-03-04,5,19.9,20.95,18.63,20.13,18.72,19.68,21.06,20.6,19.64,17.74
2017-03-04T06:00,2017-03-04,6,19.88,20.78,19.3,20.6,18.26,20.1,21.0,21.55,19.22,16.99
2017-03-04T07:00,2017-03-04,7,20.89,21.58,20.38,21.61,19.54,21.35,22.04,22.3,20.14,18.37
2017-03-04T08:00,2017-03-04,8,22.85,23.1,22.53,23.44,22.11,22.76,23.76,24.1,22.54,21.2
2017-03-04T09:00,2017-03-04,9,24.66,24.71,24.73,25.16,24.03,23.73,25.67,26.06,24.24,23.73
2017-03-04T10:00,2017-03-04,10,26.2,25.86,26.99,26.71,25.43,24.74,27.07,27.78,26.09,25.81
2017-03-04T11:00,2017-03-04,11,27.37,26.23,28.83,27.92,26.75,25.65,28.38,29.27,27.63,27.72
2017-03-04T12:00,2017-03-04,12,28.51,27.3,29.57,28.99,28.08,26.34,29.56,30.33,28.96,29.34
2017-03-04T13:00,2017-03-04,13,29.2,28.07,29.84,29.18,28.13,27.05,30.55,31.06,30.01,30.47
2017-03-04T14:00,2017-03-04,14,29.82,28.96,29.68,29.69,29.46,27.51,31.16,31.77,30.47,30.93
2017-03-04T15:00,2017-03-04,15,29.88,29.33,28.92,29.75,29.88,27.3,31.44,31.63,30.24,30.99
2017-03-04T16:00,2017-03-04,16,29.51,29.26,28.09,29.37,29.39,27.42,31.19,30.72,29.37,30.72
2017-03-04T17:00,2017-03-04,17,28.38,28.6,26.68,28.45,28.07,26.65,30.06,28.94,27.66,29.29
2017-03-04T18:00,2017-03-04,18,25.68,25.85,24.06,25.73,24.96,23.49,27.08,26.77,25.99,26.05
2017-03-04T19:00,2017-03-04,19,24.61,24.82,23.25,24.74,24.14,21.82,25.7,25.63,25.38,24.65
2017-03-04T20:00,2017-03-04,20,23.91,23.71,22.64,24.29,23.62,21.16,25.13,24.79,24.91,24.07
2017-03-04T21:00,2017-03-04,21,23.31,23.64,21.61,23.73,22.23,20.55,24.58,24.13,23.86,23.55
2017-03-04T22:00,2017-03-04,22,22.73,23.36,20.99,23.13,22.03,19.65,23.9,23.4,23.06,22.63
2017-03-04T23:00,2017-03-04,23,22.23,23.08,20.29,22.7,21.25,19.14,23.52,23.0,22.43,21.81
2017-03-05T00:00,2017-03-05,0,21.72,22.55,19.81,22.38,20.35,18.72,22.93,22.52,22.13,21.16
2017-03-05T01:00,2017-03-05,1,21.23,21.93,19.39,21.97,19.74,18.55,22.51,22.17,21.48,20.82
2017-03-05T02:00,2017-03-05,2,20.99,21.68,18.96,21.67,19.28,18.7,22.25,21.92,20.98,20.95
2017-03-05T03:00,2017-03-05,3,20.79,21.72,18.55,21.41,18.74,18.58,21.83,21.72,20.88,20.74
2017-03-05T04:00,2017-03-05,4,20.51,21.43,18.15,21.1,18.72,18.53,21.43,21.44,20.68,20.32
2017-03-05T05:00,2017-03-05,5,20.17,21.07,17.36,21.11,18.63,18.48,21.2,20.75,20.3,19.77
2017-03-05T06:00,2017-03-05,6,20.14,20.94,17.74,21.1,18.91,18.82,21.48,21.38,19.93,18.84
2017-03-05T07:00,2017-03-05,7,21.12,21.88,19.17,21.94,19.89,19.72,22.42,22.64,20.87,19.79
2017-03-05T08:00,2017-03-05,8,22.87,23.47,22.11,23.77,21.56,20.51,24.0,24.37,22.53,21.87
2017-03-05T09:00,2017-03-05,9,24.73,25.3,25.13,25.25,23.21,21.52,25.97,26.14,24.42,23.88
2017-03-05T10:00,2017-03-05,10,26.32,26.7,27.1,27.12,24.87,22.21,27.77,27.85,25.91,25.66
2017-03-05T11:00,2017-03-05,11,27.45,28.14,28.06,28.24,26.36,22.41,28.6,29.17,26.97,26.77
2017-03-05T12:00,2017-03-05,12,27.98,28.46,28.51,29.28,26.73,22.59,29.29,29.3,27.58,27.65
2017-03-05T13:00,2017-03-05,13,27.96,28.08,29.16,27.59,27.39,23.32,28.99,28.99,28.57,28.18
2017-03-05T14:00,2017-03-05,14,27.9,28.04,29.25,28.11,25.8,24.14,28.67,26.76,29.12,28.54
2017-03-05T15:00,2017-03-05,15,27.59,27.26,28.73,26.84,26.37,23.92,29.14,25.98,29.27,28.93
2017-03-05T16:00,2017-03-05,16,27.32,26.95,27.75,26.7,27.03,24.12,27.78,26.02,29.22,28.89
2017-03-05T17:00,2017-03-05,17,26.36,25.86,26.22,25.59,26.55,23.3,27.05,25.27,28.38,27.92
2017-03-05T18:00,2017-03-05,18,24.95,24.3,24.92,25.41,23.5,21.99,26.94,26.66,26.07,24.83
2017-03-05T19:00,2017-03-05,19,23.8,23.17,23.98,24.52,22.37,21.07,25.34,25.9,24.36,23.86
2017-03-05T20:00,2017-03-05,20,23.12,22.77,23.24,23.79,21.54,20.49,24.32,25.47,23.24,23.4
2017-03-05T21:00,2017-03-05,21,22.48,22.23,22.39,23.3,20.6,20.28,23.77,24.93,22.52,22.36
2017-03-05T22:00,2017-03-05,22,21.99,22.0,22.17,22.97,19.76,19.9,23.35,24.43,21.5,21.56
2017-03-05T23:00,2017-03-05,23,21.56,21.72,22.0,22.22,19.3,19.44,23.43,23.8,20.8,20.84
2017-03-06T00:00,2017-03-06,0,21.21,21.53,21.81,21.57,18.95,19.17,23.13,23.56,20.42,20.12
2017-03-06T01:00,2017-03-06,1,20.87,21.27,21.67,21.21,18.99,18.87,23.06,23.45,19.82,19.12
2017-03-06T02:00,2017-03-06,2,20.55,20.98,20.98,21.08,18.75,18.82,23.16,23.52,19.35,18.05
2017-03-06T03:00,2017-03-06,3,20.4,20.5,21.82,21.03,18.72,18.91,23.08,23.54,19.05,17.65
2017-03-06T04:00,2017-03-06,4,20.12,20.07,21.8,20.86,18.79,18.9,22.94,23.59,18.55,16.94
2017-03-06T05:00,2017-03-06,5,19.94,20.13,21.75,20.28,18.53,18.95,22.66,23.43,18.36,16.51
2017-03-06T06:00,2017-03-06,6,19.52,19.53,20.07,20.15,18.48,18.6,22.18,22.9,18.54,16.35
2017-03-06T07:00,2017-03-06,7,20.01,20.08,20.23,20.57,19.15,19.18,21.83,22.84,19.55,17.4
2017-03-06T08:00,2017-03-06,8,21.43,21.77,21.77,21.5,20.6,19.9,22.56,21.57,21.68,20.23
2017-03-06T09:00,2017-03-06,9,23.14,23.85,22.81,22.61,22.32,21.01,24.2,21.88,23.86,22.89
2017-03-06T10:00,2017-03-06,10,24.57,25.45,23.25,23.35,23.75,22.12,25.91,23.1,25.66,25.01
2017-03-06T11:00,2017-03-06,11,25.85,26.63,23.7,24.54,24.84,23.12,27.66,24.78,27.27,26.6
2017-03-06T12:00,2017-03-06,12,26.92,27.68,24.56,25.52,26.01,23.59,28.87,26.93,28.43,27.54
2017-03-06T13:00,2017-03-06,13,27.59,28.26,24.82,26.53,27.07,24.16,29.56,27.63,29.07,28.1
2017-03-06T14:00,2017-03-06,14,28.01,28.44,26.38,26.95,27.55,24.57,29.91,27.91,29.39,28.43
2017-03-06T15:00,2017-03-06,15,27.89,28.04,26.98,26.96,27.47,24.4,29.95,27.15,29.37,28.44
2017-03-06T16:00,2017-03-06,16,27.67,27.76,26.8,26.85,27.43,24.71,29.72,26.48,29.0,28.1
2017-03-06T17:00,2017-03-06,17,26.82,27.13,25.81,26.06,26.47,24.43,28.78,25.95,27.76,26.86
2017-03-06T18:00,2017-03-06,18,24.38,24.73,23.82,23.89,23.2,22.59,27.24,24.78,24.8,22.87
2017-03-06T19:00,2017-03-06,19,23.3,23.72,22.74,23.21,22.24,21.4,26.24,23.8,23.56,21.21
2017-03-06T20:00,2017-03-06,20,22.39,22.56,22.04,22.52,21.6,20.48,24.65,23.2,23.38,19.98
2017-03-06T21:00,2017-03-06,21,21.56,21.64,22.26,21.82,20.44,20.2,23.73,22.65,21.82,19.09
2017-03-06T22:00,2017-03-06,22,20.94,21.12,22.34,21.37,20.08,19.77,22.47,22.65,20.08,18.79
2017-03-06T23:00,2017-03-06,23,20.52,20.89,21.92,21.04,19.38,19.46,21.9,22.55,19.25,18.39
2017-03-07T00:00,2017-03-07,0,20.1,20.47,21.64,20.79,18.58,19.07,21.47,22.48,19.08,17.47
2017-03-07T01:00,2017-03-07,1,19.95,19.96,21.56,20.45,18.06,18.83,21.38,22.23,19.62,17.84
2017-03-07T02:00,2017-03-07,2,19.33,19.49,20.38,20.15,17.86,18.66,20.92,21.82,18.56,16.6
2017-03-07T03:00,2017-03-07,3,18.94,19.52,20.36,19.83,17.47,18.47,20.58,21.84,16.62,16.15
2017-03-07T04:00,2017-03-07,4,18.85,19.71,20.35,19.58,17.16,18.21,20.79,22.27,15.96,15.78
2017-03-07T05:00,2017-03-07,5,18.79,19.91,20.4,20.16,17.1,17.83,20.73,22.54,15.45,14.84
2017-03-07T06:00,2017-03-07,6,19.22,20.69,21.04,21.26,17.79,18.38,20.46,22.97,15.48,14.38
2017-03-07T07:00,2017-03-07,7,19.95,21.17,21.73,21.69,18.49,19.08,21.09,23.27,16.96,15.57
2017-03-07T08:00,2017-03-07,8,21.44,21.96,23.31,22.7,20.33,20.53,22.5,23.52,19.78,18.27
2017-03-07T09:00,2017-03-07,9,23.38,23.43,24.94,24.3,22.22,22.13,24.73,24.52,22.96,21.12
2017-03-07T10:00,2017-03-07,10,25.26,25.06,26.71,25.63,23.91,23.62,26.61,26.28,25.73,23.74
2017-03-07T11:00,2017-03-07,11,26.75,26.59,28.0,26.85,25.47,24.92,28.01,27.58,27.33,25.75
2017-03-07T12:00,2017-03-07,12,27.85,27.81,28.87,27.73,26.85,26.05,28.97,28.59,28.24,27.17
2017-03-07T13:00,2017-03-07,13,28.37,28.44,29.04,28.13,27.48,26.78,29.43,28.49,28.77,27.96
2017-03-07T14:00,2017-03-07,14,28.51,28.68,28.92,28.35,27.95,27.2,29.55,27.14,29.04,28.18
2017-03-07T15:00,2017-03-07,15,28.23,28.5,28.45,28.29,28.0,27.27,28.32,26.2,29.06,28.12
2017-03-07T16:00,2017-03-07,16,27.82,28.0,27.79,27.42,27.8,26.89,28.5,25.7,28.81,27.76
2017-03-07T17:00,2017-03-07,17,26.95,27.19,26.52,26.3,26.93,26.0,27.77,25.55,27.97,26.71
2017-03-07T18:00,2017-03-07,18,24.95,25.24,24.6,25.11,23.44,24.71,26.69,25.23,24.49,24.19
2017-03-07T19:00,2017-03-07,19,23.52,24.04,23.42,24.1,22.32,22.13,25.15,24.36,22.83,22.02
2017-03-07T20:00,2017-03-07,20,22.52,23.11,22.37,22.85,20.88,21.07,24.06,23.9,21.66,21.58
2017-03-07T21:00,2017-03-07,21,21.6,22.08,22.1,22.07,20.04,19.92,23.56,23.29,20.7,19.81
2017-03-07T22:00,2017-03-07,22,21.13,21.75,21.45,21.57,19.64,19.42,23.05,23.11,20.14,19.13
2017-03-07T23:00,2017-03-07,23,20.89,22.23,21.21,21.26,19.05,18.78,22.89,22.72,19.08,18.57
2017-03-08T00:00,2017-03-08,0,20.32,21.32,20.76,20.63,18.41,18.4,22.56,22.61,18.82,17.94
2017-03-08T01:00,2017-03-08,1,19.94,20.7,21.06,20.55,18.3,18.14,22.32,22.45,18.27,16.91
2017-03-08T02:00,2017-03-08,2,19.71,20.53,21.7,20.29,18.06,17.58,21.99,22.36,17.65,16.59
2017-03-08T03:00,2017-03-08,3,19.35,19.78,21.5,19.75,17.92,17.39,21.96,22.53,17.17,16.53
2017-03-08T04:00,2017-03-08,4,19.38,20.14,21.41,19.93,17.47,17.18,21.95,22.55,17.23,16.16
2017-03-08T05:00,2017-03-08,5,19.1,19.61,21.6,19.85,17.03,16.92,21.8,22.43,16.92,15.85
2017-03-08T06:00,2017-03-08,6,19.26,19.69,21.29,19.87,16.96,17.19,22.25,23.03,17.36,16.05
2017-03-08T07:00,2017-03-08,7,20.55,21.23,22.67,21.37,18.64,18.93,23.14,23.49,18.43,16.86
2017-03-08T08:00,2017-03-08,8,22.76,23.53,24.11,23.73,21.63,21.37,24.41,24.65,21.19,19.51
2017-03-08T09:00,2017-03-08,9,24.94,25.69,25.93,25.78,24.31,23.82,25.96,25.16,24.12,22.25
2017-03-08T10:00,2017-03-08,10,26.65,27.55,27.09,27.13,26.35,25.97,26.63,26.45,26.23,24.71
2017-03-08T11:00,2017-03-08,11,27.56,28.14,28.31,27.87,27.68,27.38,26.35,27.01,27.54,26.73
2017-03-08T12:00,2017-03-08,12,27.69,27.33,29.01,27.83,28.42,28.24,26.24,26.91,27.97,28.04
2017-03-08T13:00,2017-03-08,13,27.49,26.69,29.32,27.25,28.3,28.73,26.51,25.62,27.72,28.66
2017-03-08T14:00,2017-03-08,14,26.72,25.34,28.22,26.47,26.11,28.19,26.41,25.39,27.48,29.0
2017-03-08T15:00,2017-03-08,15,26.15,25.36,26.98,25.73,25.01,26.84,25.84,24.66,26.64,28.93
2017-03-08T16:00,2017-03-08,16,25.5,25.04,26.86,24.94,22.99,25.55,25.24,23.94,25.94,28.55
2017-03-08T17:00,2017-03-08,17,24.65,24.61,26.1,23.58,22.94,23.88,24.21,23.11,25.16,27.2
2017-03-08T18:00,2017-03-08,18,22.97,22.15,23.37,21.97,23.88,23.21,22.62,22.52,23.82,24.69
2017-03-08T19:00,2017-03-08,19,22.26,21.66,22.81,21.63,22.74,22.79,22.15,21.95,23.08,22.71
2017-03-08T20:00,2017-03-08,20,21.84,21.6,21.91,21.65,21.86,21.72,22.08,21.86,22.52,21.59
2017-03-08T21:00,2017-03-08,21,21.46,21.47,21.64,21.47,21.17,20.88,21.91,21.87,22.06,20.45
2017-03-08T22:00,2017-03-08,22,21.08,21.23,21.11,21.24,20.84,20.3,21.87,21.65,21.4,19.72
2017-03-08T23:00,2017-03-08,23,20.74,21.22,20.7,21.02,20.24,19.67,21.63,21.5,20.36,19.45
2017-03-09T00:00,2017-03-09,0,20.36,20.93,20.25,20.78,19.72,19.21,21.15,21.5,19.85,18.86
2017-03-09T01:00,2017-03-09,1,20.05,20.65,20.2,20.43,18.95,18.8,20.8,21.22,19.61,18.65
2017-03-09T02:00,2017-03-09,2,19.72,20.42,20.59,19.36,18.58,18.47,20.43,21.22,19.19,18.29
2017-03-09T03:00,2017-03-09,3,19.52,20.25,20.24,19.21,18.5,18.33,20.32,21.1,18.79,18.11
2017-03-09T04:00,2017-03-09,4,19.35,19.93,19.73,19.03,18.57,18.32,20.5,21.27,18.7,17.67
2017-03-09T05:00,2017-03-09,5,19.34,19.69,19.55,19.32,18.54,18.13,20.7,21.37,19.08,17.5
2017-03-09T06:00,2017-03-09,6,19.12,19.13,19.18,18.96,18.13,17.95,21.17,20.67,19.35,17.49
2017-03-09T07:00,2017-03-09,7,19.7,19.62,20.05,19.39,18.71,18.57,21.52,21.51,19.99,18.3
2017-03-09T08:00,2017-03-09,8,20.88,20.64,22.11,20.55,19.65,20.05,22.28,22.92,21.0,19.63
2017-03-09T09:00,2017-03-09,9,22.44,22.58,24.61,22.4,21.04,21.64,23.02,24.41,22.03,20.78
2017-03-09T10:00,2017-03-09,10,24.1,24.28,27.1,24.75,22.4,23.09,23.96,25.79,23.46,22.37
2017-03-09T11:00,2017-03-09,11,25.28,25.5,28.47,25.9,23.48,24.25,25.26,26.33,24.98,23.22
2017-03-09T12:00,2017-03-09,12,26.19,26.53,29.14,26.57,24.19,25.09,26.42,27.55,25.79,24.2
2017-03-09T13:00,2017-03-09,13,26.72,26.78,29.44,27.6,24.73,25.51,26.7,27.84,26.39,25.34
2017-03-09T14:00,2017-03-09,14,26.85,26.52,29.58,27.66,25.41,26.26,26.58,27.57,26.8,25.91
2017-03-09T15:00,2017-03-09,15,26.66,26.62,28.77,27.14,25.75,26.36,26.62,26.0,26.22,26.25
2017-03-09T16:00,2017-03-09,16,26.32,26.71,27.33,26.93,24.96,25.87,26.53,24.84,25.94,26.09
2017-03-09T17:00,2017-03-09,17,25.68,26.01,26.33,26.15,24.15,25.22,25.92,24.07,25.74,25.72
2017-03-09T18:00,2017-03-09,18,23.47,23.77,24.6,23.96,22.41,22.76,23.6,22.7,23.06,23.22
2017-03-09T19:00,2017-03-09,19,22.53,22.75,23.86,22.97,21.14,21.61,23.01,22.58,22.2,21.87
2017-03-09T20:00,2017-03-09,20,21.9,22.05,23.17,22.45,20.55,21.24,22.41,22.28,21.37,21.11
2017-03-09T21:00,2017-03-09,21,21.49,21.59,22.94,21.95,20.09,20.18,22.14,22.23,21.18,20.72
2017-03-09T22:00,2017-03-09,22,21.23,21.36,22.39,21.76,19.57,20.14,21.93,22.38,21.01,20.14
2017-03-09T23:00,2017-03-09,23,21.04,21.19,22.64,21.58,19.43,19.75,21.85,22.32,20.72,19.59
2017-03-10T00:00,2017-03-10,0,20.78,20.72,22.56,21.47,19.23,19.69,21.78,22.39,20.19,19.34
2017-03-10T01:00,2017-03-10,1,20.58,20.53,22.37,21.27,18.97,19.57,21.63,22.26,19.73,19.31
2017-03-10T02:00,2017-03-10,2,20.29,20.19,22.01,21.34,18.81,19.22,21.46,21.68,19.31,18.96
2017-03-10T03:00,2017-03-10,3,20.08,20.12,21.54,21.37,18.54,18.79,21.32,21.27,19.1,18.49
2017-03-10T04:00,2017-03-10,4,20.14,20.59,21.18,21.66,18.36,18.96,21.47,20.95,18.86,18.16
2017-03-10T05:00,2017-03-10,5,20.23,21.08,20.9,21.53,18.45,18.66,21.7,21.09,18.94,17.84
2017-03-10T06:00,2017-03-10,6,20.21,20.85,20.59,21.29,18.45,18.57,21.97,21.93,19.45,17.58
2017-03-10T07:00,2017-03-10,7,20.95,21.7,20.89,21.43,19.58,20.28,22.68,22.61,20.19,18.2
2017-03-10T08:00,2017-03-10,8,22.19,23.08,21.29,21.8,21.49,22.16,23.73,23.87,21.79,19.58
2017-03-10T09:00,2017-03-10,9,23.54,24.35,22.89,22.33,23.01,23.74,24.87,25.57,23.73,20.98
2017-03-10T10:00,2017-03-10,10,24.63,25.03,23.92,23.7,24.67,24.99,25.56,24.51,25.54,23.05
2017-03-10T11:00,2017-03-10,11,25.58,25.83,24.92,24.46,26.16,25.23,26.58,23.98,26.98,24.78
2017-03-10T12:00,2017-03-10,12,26.11,26.53,23.96,25.04,26.25,25.24,27.38,25.13,27.79,25.7
2017-03-10T13:00,2017-03-10,13,26.31,26.37,24.19,24.95,26.72,24.51,28.33,26.05,28.35,25.95
2017-03-10T14:00,2017-03-10,14,26.29,26.0,25.17,25.47,26.67,25.3,27.31,26.16,28.11,26.15
2017-03-10T15:00,2017-03-10,15,26.27,26.24,25.48,26.09,25.8,24.45,27.25,25.88,27.58,26.39
2017-03-10T16:00,2017-03-10,16,25.77,25.73,25.14,25.82,24.27,23.94,26.58,25.55,26.89,26.51
2017-03-10T17:00,2017-03-10,17,25.11,24.76,24.58,25.63,23.72,23.6,25.87,24.83,26.14,26.02
2017-03-10T18:00,2017-03-10,18,25.08,24.85,24.82,25.28,24.45,24.46,25.94,25.27,25.63,24.84
2017-03-10T19:00,2017-03-10,19,24.21,24.48,24.09,24.6,23.67,23.31,24.65,24.59,24.1,23.62
2017-03-10T20:00,2017-03-10,20,23.63,24.32,23.49,23.96,23.31,23.03,23.78,24.29,22.9,22.58
2017-03-10T21:00,2017-03-10,21,23.22,24.08,23.12,23.49,23.02,22.96,23.3,24.42,21.98,21.79
2017-03-10T22:00,2017-03-10,22,22.75,23.36,23.1,23.37,22.47,22.46,22.83,24.38,21.55,21.03
2017-03-10T23:00,2017-03-10,23,22.29,22.63,23.22,22.95,22.0,21.39,22.62,24.18,21.46,20.33
2017-03-11T00:00,2017-03-11,0,21.9,22.38,22.62,22.55,21.35,20.68,22.36,23.63,21.21,19.97
2017-03-11T01:00,2017-03-11,1,21.68,22.07,22.48,22.31,21.2,20.45,22.49,22.97,20.91,19.86
2017-03-11T02:00,2017-03-11,2,21.56,22.13,22.0,21.96,20.79,20.38,22.47,22.89,20.84,19.77
2017-03-11T03:00,2017-03-11,3,21.52,22.11,22.19,22.0,20.37,20.26,22.59,23.02,20.81,19.45
2017-03-11T04:00,2017-03-11,4,21.51,22.19,22.18,22.18,20.31,20.09,22.87,23.01,20.65,19.03
2017-03-11T05:00,2017-03-11,5,21.58,22.4,22.15,22.58,20.02,20.11,23.04,23.08,20.53,18.92
2017-03-11T06:00,2017-03-11,6,20.8,20.74,22.14,20.94,19.52,18.9,22.61,23.29,20.7,18.85
2017-03-11T07:00,2017-03-11,7,20.88,20.7,22.42,21.4,19.41,19.27,22.53,23.17,20.59,19.07
2017-03-11T08:00,2017-03-11,8,21.23,20.93,22.97,21.99,19.82,19.96,22.88,23.13,20.77,19.44
2017-03-11T09:00,2017-03-11,9,21.82,21.72,23.75,22.36,20.33,21.12,23.25,23.51,21.18,19.87
2017-03-11T10:00,2017-03-11,10,22.44,22.92,24.03,22.67,21.49,21.54,23.44,24.03,21.38,20.29
2017-03-11T11:00,2017-03-11,11,23.04,23.92,23.87,23.11,22.78,21.52,23.74,24.96,21.75,20.98
2017-03-11T12:00,2017-03-11,12,23.54,24.07,24.58,24.36,23.28,21.8,24.46,24.1,22.71,21.44
2017-03-11T13:00,2017-03-11,13,23.81,23.81,24.6,24.33,23.22,22.74,25.03,24.8,23.49,22.33
2017-03-11T14:00,2017-03-11,14,24.57,25.02,24.67,24.74,23.67,23.34,26.42,24.86,23.76,23.47
2017-03-11T15:00,2017-03-11,15,24.94,25.92,24.17,25.1,24.21,23.75,26.01,25.34,24.01,23.96
2017-03-11T16:00,2017-03-11,16,24.92,26.09,23.46,25.57,24.05,23.45,25.49,25.04,24.15,24.13
2017-03-11T17:00,2017-03-11,17,24.25,25.13,22.87,24.32,23.89,23.54,24.38,24.62,23.97,23.72
2017-03-11T18:00,2017-03-11,18,23.27,23.66,22.55,24.24,22.96,22.69,24.52,24.35,22.7,21.18
2017-03-11T19:00,2017-03-11,19,22.29,22.54,22.31,23.0,21.87,22.14,23.55,23.41,21.47,20.32
2017-03-11T20:00,2017-03-11,20,21.77,22.16,21.9,22.57,21.6,21.75,22.74,22.61,20.82,19.55
2017-03-11T21:00,2017-03-11,21,21.39,21.55,22.1,22.12,20.84,21.53,22.36,22.53,20.66,19.17
2017-03-11T22:00,2017-03-11,22,21.15,21.41,22.11,21.93,20.08,21.2,22.03,22.45,20.62,18.58
2017-03-11T23:00,2017-03-11,23,20.85,21.27,21.65,21.81,19.86,20.34,21.91,22.41,20.09,18.02
2017-03-12T00:00,2017-03-12,0,20.44,21.11,21.34,21.66,19.5,19.89,21.56,21.64,19.37,17.12
2017-03-12T01:00,2017-03-12,1,20.12,20.71,21.45,21.49,19.26,19.85,21.28,21.36,18.69,16.58
2017-03-12T02:00,2017-03-12,2,19.82,20.39,21.44,21.37,18.97,19.47,21.06,21.62,17.95,16.09
2017-03-12T03:00,2017-03-12,3,19.46,19.89,21.38,21.32,18.39,19.22,20.55,21.68,17.65,15.44
2017-03-12T04:00,2017-03-12,4,19.11,19.51,21.58,21.25,17.43,19.07,19.96,21.37,17.11,15.23
2017-03-12T05:00,2017-03-12,5,18.73,18.75,21.55,21.0,17.28,18.6,19.53,21.31,16.94,14.92
2017-03-12T06:00,2017-03-12,6,19.35,19.87,21.1,21.04,18.15,18.81,20.02,22.01,17.31,16.24
2017-03-12T07:00,2017-03-12,7,19.88,20.56,21.36,21.43,18.68,19.26,20.37,22.47,18.02,16.8
2017-03-12T08:00,2017-03-12,8,20.79,21.61,21.93,22.17,19.78,19.71,21.51,23.15,19.06,17.67
2017-03-12T09:00,2017-03-12,9,22.2,22.91,23.21,23.49,20.7,20.88,23.07,24.15,20.69,19.83
2017-03-12T10:00,2017-03-12,10,23.66,24.31,24.48,24.71,22.19,22.01,24.62,25.46,22.54,21.61
2017-03-12T11:00,2017-03-12,11,24.96,25.53,25.6,26.01,23.7,23.48,25.97,26.89,23.78,23.02
2017-03-12T12:00,2017-03-12,12,25.87,26.47,26.04,27.17,24.73,24.59,26.74,27.74,24.63,23.98
2017-03-12T13:00,2017-03-12,13,26.42,26.68,26.7,27.85,24.35,25.38,27.34,28.09,25.84,24.97
2017-03-12T14:00,2017-03-12,14,26.68,26.87,27.15,27.68,25.05,25.76,27.61,28.22,26.09,25.36
2017-03-12T15:00,2017-03-12,15,26.55,27.02,26.61,27.42,25.41,25.55,27.57,27.82,25.81,24.97
2017-03-12T16:00,2017-03-12,16,26.21,26.7,26.44,27.09,24.94,25.29,27.21,26.99,25.58,24.6
2017-03-12T17:00,2017-03-12,17,25.39,25.95,25.5,26.2,24.15,24.58,26.22,26.26,24.96,23.58
2017-03-12T18:00,2017-03-12,18,23.4,24.16,23.32,23.92,22.58,22.16,24.54,25.03,22.33,21.56
2017-03-12T19:00,2017-03-12,19,22.16,22.76,22.63,22.86,21.28,21.33,23.01,23.96,20.88,20.26
2017-03-12T20:00,2017-03-12,20,21.32,21.77,22.29,21.99,20.44,20.37,22.16,23.52,20.07,19.35
2017-03-12T21:00,2017-03-12,21,20.78,20.78,21.99,21.52,20.12,20.88,21.29,23.38,19.75,18.68
2017-03-12T22:00,2017-03-12,22,20.22,20.21,21.72,20.64,19.63,20.5,21.04,21.79,19.21,18.34
2017-03-12T23:00,2017-03-12,23,19.61,19.42,21.42,20.41,19.05,19.54,20.38,21.39,18.82,17.36
2017-03-13T00:00,2017-03-13,0,19.02,18.64,21.21,20.34,18.29,19.24,20.2,21.0,17.96,16.17
2017-03-13T01:00,2017-03-13,1,18.68,18.3,20.95,19.77,18.21,18.61,19.94,20.92,17.67,15.73
2017-03-13T02:00,2017-03-13,2,18.43,18.63,20.76,19.38,17.52,18.28,19.85,20.79,16.43,15.4
2017-03-13T03:00,2017-03-13,3,18.2,18.67,20.71,19.04,17.19,18.2,19.43,20.39,15.87,15.04
2017-03-13T04:00,2017-03-13,4,17.76,17.87,20.78,18.7,17.19,17.81,19.13,20.14,15.16,14.76
2017-03-13T05:00,2017-03-13,5,17.4,17.25,20.87,18.69,16.58,17.59,18.4,20.64,14.73,14.42
2017-03-13T06:00,2017-03-13,6,17.52,17.99,20.79,19.29,15.88,18.17,18.13,20.74,14.21,14.01
2017-03-13T07:00,2017-03-13,7,18.42,18.67,21.06,19.93,17.3,19.15,18.94,20.99,16.19,15.05
2017-03-13T08:00,2017-03-13,8,20.74,21.21,21.93,21.58,20.3,20.71,21.14,22.61,19.61,17.87
2017-03-13T09:00,2017-03-13,9,22.74,23.36,23.2,23.4,22.48,22.11,23.18,24.14,22.17,20.09
2017-03-13T10:00,2017-03-13,10,24.24,24.83,25.26,24.95,23.85,23.45,24.7,25.46,23.55,21.61
2017-03-13T11:00,2017-03-13,11,25.3,25.78,26.66,25.89,24.73,24.61,25.74,26.32,24.67,22.89
2017-03-13T12:00,2017-03-13,12,26.09,26.49,27.7,26.52,25.45,25.48,26.47,26.88,25.58,23.94
2017-03-13T13:00,2017-03-13,13,26.59,26.96,28.36,26.9,25.92,25.92,26.96,27.18,26.19,24.56
2017-03-13T14:00,2017-03-13,14,26.77,27.17,28.46,27.08,26.06,25.9,27.18,27.26,26.45,24.78
2017-03-13T15:00,2017-03-13,15,26.69,27.1,28.32,26.97,25.96,25.66,27.18,27.13,26.47,24.67
2017-03-13T16:00,2017-03-13,16,26.3,26.73,27.69,26.6,25.63,25.15,26.92,26.73,26.16,24.26
2017-03-13T17:00,2017-03-13,17,25.38,25.94,26.34,25.79,24.71,24.01,26.23,25.83,25.15,23.2
2017-03-13T18:00,2017-03-13,18,23.04,23.63,23.18,23.58,23.39,21.05,24.55,23.24,22.93,20.35
2017-03-13T19:00,2017-03-13,19,21.38,22.03,22.39,22.02,19.79,19.89,23.28,21.61,21.03,18.58
2017-03-13T20:00,2017-03-13,20,20.31,21.05,21.44,21.35,19.06,18.83,21.87,21.17,19.24,17.38
2017-03-13T21:00,2017-03-13,21,19.17,19.11,20.33,19.73,18.59,18.29,21.06,21.27,18.54,16.42
2017-03-13T22:00,2017-03-13,22,18.28,18.08,19.1,18.36,18.12,17.45,20.77,20.47,17.6,15.77
2017-03-13T23:00,2017-03-13,23,17.53,17.23,18.38,17.81,17.37,16.92,19.76,19.97,16.92,14.96
2017-03-14T00:00,2017-03-14,0,17.02,17.04,17.49,17.76,16.37,16.92,18.97,18.91,16.12,14.38
2017-03-14T01:00,2017-03-14,1,16.55,16.67,16.89,17.48,15.79,16.07,18.57,18.4,15.51,13.98
2017-03-14T02:00,2017-03-14,2,16.25,16.46,16.68,17.34,15.08,16.14,17.9,18.22,15.17,13.59
2017-03-14T03:00,2017-03-14,3,15.59,15.74,16.32,16.69,14.78,14.28,17.14,18.17,14.53,13.09
2017-03-14T04:00,2017-03-14,4,15.21,15.11,16.06,16.03,14.47,14.97,16.62,17.78,14.41,12.72
2017-03-14T05:00,2017-03-14,5,14.82,14.78,15.9,15.52,13.91,13.87,16.32,17.34,14.31,12.28
2017-03-14T06:00,2017-03-14,6,14.88,14.79,15.82,15.5,14.32,13.85,16.29,17.82,14.28,12.37
2017-03-14T07:00,2017-03-14,7,16.69,17.29,17.53,17.23,15.69,15.97,17.91,19.67,15.28,13.84
2017-03-14T08:00,2017-03-14,8,19.73,20.2,20.88,20.29,18.93,19.2,20.43,21.76,18.67,17.33
2017-03-14T09:00,2017-03-14,9,22.43,22.71,23.9,23.02,21.84,21.78,22.97,23.66,21.72,20.3
2017-03-14T10:00,2017-03-14,10,24.46,24.8,25.93,25.06,23.91,23.64,24.98,25.36,23.8,22.42
2017-03-14T11:00,2017-03-14,11,25.77,26.23,27.13,26.44,25.32,24.86,26.26,26.59,24.94,23.71
2017-03-14T12:00,2017-03-14,12,26.49,27.04,27.66,27.04,25.96,25.56,27.03,27.31,25.69,24.45
2017-03-14T13:00,2017-03-14,13,26.88,27.38,27.9,27.31,26.28,26.05,27.51,27.71,26.18,24.96
2017-03-14T14:00,2017-03-14,14,27.06,27.56,27.96,27.37,26.42,26.26,27.74,27.91,26.43,25.29
2017-03-14T15:00,2017-03-14,15,26.99,27.52,27.65,27.16,26.3,26.16,27.72,27.83,26.47,25.39
2017-03-14T16:00,2017-03-14,16,26.59,27.14,26.8,26.68,25.88,25.73,27.44,27.46,26.15,25.11
2017-03-14T17:00,2017-03-14,17,25.54,26.17,24.95,25.63,24.66,24.63,26.77,26.58,25.17,24.14
2017-03-14T18:00,2017-03-14,18,22.77,23.18,22.02,22.2,21.6,22.67,25.23,24.06,22.43,21.11
2017-03-14T19:00,2017-03-14,19,21.36,21.42,21.16,21.11,20.67,20.6,24.18,22.92,20.99,19.38
2017-03-14T20:00,2017-03-14,20,20.27,20.18,20.21,20.27,20.16,19.37,23.11,22.18,19.63,18.03
2017-03-14T21:00,2017-03-14,21,19.4,19.05,19.61,19.56,19.12,19.2,22.52,22.19,18.08,17.2
2017-03-14T22:00,2017-03-14,22,18.69,18.3,18.86,19.6,17.57,18.17,21.67,21.84,17.35,16.53
2017-03-14T23:00,2017-03-14,23,18.03,17.61,18.13,19.16,16.8,17.31,20.7,21.76,16.72,15.96
2017-03-15T00:00,2017-03-15,0,17.33,17.05,17.47,18.17,15.36,16.92,19.85,20.29,16.72,15.26
2017-03-15T01:00,2017-03-15,1,17.0,16.87,16.96,17.08,15.93,16.16,19.26,19.37,17.16,14.79
2017-03-15T02:00,2017-03-15,2,16.6,16.19,16.49,16.91,16.62,15.49,18.98,19.19,16.51,14.42
2017-03-15T03:00,2017-03-15,3,15.93,15.57,16.17,16.33,15.96,14.96,17.62,18.11,15.74,14.18
2017-03-15T04:00,2017-03-15,4,15.53,15.28,16.15,15.86,15.56,14.44,17.1,17.49,15.25,13.72
2017-03-15T05:00,2017-03-15,5,15.14,15.06,16.0,15.21,15.35,14.18,17.08,17.42,14.55,12.51
2017-03-15T06:00,2017-03-15,6,14.69,15.02,15.22,14.78,14.2,13.72,16.26,17.07,13.92,12.34
2017-03-15T07:00,2017-03-15,7,16.64,16.92,17.27,16.94,15.92,15.66,18.07,19.42,15.58,14.55
2017-03-15T08:00,2017-03-15,8,19.91,20.38,20.67,20.15,19.18,18.67,20.75,21.57,19.42,17.98
2017-03-15T09:00,2017-03-15,9,22.79,23.37,23.78,23.03,21.75,21.44,23.33,23.53,22.65,21.07
2017-03-15T10:00,2017-03-15,10,24.9,25.47,26.13,25.16,23.8,23.61,25.28,25.24,24.74,23.36
2017-03-15T11:00,2017-03-15,11,26.19,26.7,27.34,26.47,25.2,24.99,26.56,26.46,26.01,24.8
2017-03-15T12:00,2017-03-15,12,27.03,27.53,28.04,27.22,26.11,25.83,27.49,27.25,26.89,25.72
2017-03-15T13:00,2017-03-15,13,27.51,27.99,28.38,27.62,26.67,26.28,28.12,27.76,27.38,26.26
2017-03-15T14:00,2017-03-15,14,27.73,28.22,28.37,27.72,27.04,26.48,28.43,27.99,27.63,26.49
2017-03-15T15:00,2017-03-15,15,27.65,28.18,27.96,27.46,27.04,26.41,28.46,27.93,27.59,26.52
2017-03-15T16:00,2017-03-15,16,27.2,27.81,26.95,26.96,26.62,25.97,28.2,27.54,27.22,26.07
2017-03-15T17:00,2017-03-15,17,26.05,26.65,25.11,25.76,25.69,24.68,27.29,26.53,26.22,24.99
2017-03-15T18:00,2017-03-15,18,23.14,23.68,22.24,22.81,23.61,20.77,24.67,24.69,22.9,21.96
2017-03-15T19:00,2017-03-15,19,21.27,21.55,21.2,20.38,20.4,19.77,22.77,23.52,21.26,20.54
2017-03-15T20:00,2017-03-15,20,20.28,20.37,20.15,19.4,19.95,18.76,22.16,22.66,20.29,19.17
2017-03-15T21:00,2017-03-15,21,19.51,19.5,19.2,19.23,19.35,18.31,21.63,21.96,19.07,18.09
2017-03-15T22:00,2017-03-15,22,18.85,18.93,18.26,18.98,18.33,18.45,20.94,21.42,17.71,17.49
2017-03-15T23:00,2017-03-15,23,18.16,18.0,17.48,18.09,17.48,18.68,20.39,21.79,17.0,16.54
2017-03-16T00:00,2017-03-16,0,17.36,17.31,16.61,17.15,16.82,17.53,19.25,21.06,16.18,16.08
2017-03-16T01:00,2017-03-16,1,16.82,16.56,16.06,16.31,16.52,16.56,19.05,20.85,15.67,15.97
2017-03-16T02:00,2017-03-16,2,16.18,15.94,15.74,15.69,15.56,15.22,18.33,19.44,16.04,15.0
2017-03-16T03:00,2017-03-16,3,15.92,15.61,15.69,15.46,14.58,15.04,18.21,17.86,16.37,15.09
2017-03-16T04:00,2017-03-16,4,15.72,15.69,15.59,14.89,14.31,15.46,17.58,17.49,16.07,14.74
2017-03-16T05:00,2017-03-16,5,15.72,16.45,15.09,14.6,14.99,14.52,17.07,17.96,15.2,14.95
2017-03-16T06:00,2017-03-16,6,14.98,15.29,14.5,15.06,13.92,14.28,16.88,17.28,14.13,13.54
2017-03-16T07:00,2017-03-16,7,16.71,16.53,16.88,16.6,16.3,16.5,18.3,19.35,16.03,15.39
2017-03-16T08:00,2017-03-16,8,20.15,20.21,20.32,20.16,19.49,19.38,21.34,21.81,20.07,18.83
2017-03-16T09:00,2017-03-16,9,23.1,23.16,23.63,23.14,22.35,21.86,24.07,24.2,23.38,21.9
2017-03-16T10:00,2017-03-16,10,25.17,25.33,25.72,25.17,24.48,23.88,26.0,25.92,25.42,24.15
2017-03-16T11:00,2017-03-16,11,26.53,26.83,26.97,26.46,25.89,25.32,27.25,27.04,26.61,25.61
2017-03-16T12:00,2017-03-16,12,27.37,27.75,27.68,27.25,26.75,26.34,28.03,27.75,27.39,26.51
2017-03-16T13:00,2017-03-16,13,27.89,28.33,28.05,27.68,27.31,26.97,28.54,28.2,27.88,27.03
2017-03-16T14:00,2017-03-16,14,28.11,28.59,28.06,27.83,27.58,27.23,28.79,28.41,28.12,27.3
2017-03-16T15:00,2017-03-16,15,28.02,28.48,27.75,27.61,27.52,27.21,28.82,28.41,28.11,27.27
2017-03-16T16:00,2017-03-16,16,27.61,28.07,27.04,27.14,27.13,26.65,28.57,28.14,27.79,26.93
2017-03-16T17:00,2017-03-16,17,26.48,26.8,25.34,26.07,26.03,25.29,27.76,27.3,26.84,25.95
2017-03-16T18:00,2017-03-16,18,23.26,23.01,22.32,22.84,22.49,21.47,25.71,25.16,23.89,22.62
2017-03-16T19:00,2017-03-16,19,21.74,21.46,21.55,21.26,20.58,19.88,24.08,23.25,22.83,20.72
2017-03-16T20:00,2017-03-16,20,20.83,20.63,20.9,20.21,20.22,18.62,23.15,22.43,22.05,19.24
2017-03-16T21:00,2017-03-16,21,20.13,19.7,19.9,19.92,19.62,17.94,22.05,22.04,21.03,19.37
2017-03-16T22:00,2017-03-16,22,19.34,18.86,18.82,19.7,18.56,17.97,20.99,20.08,19.77,19.39
2017-03-16T23:00,2017-03-16,23,18.63,18.26,17.89,18.88,17.62,17.6,19.6,19.71,19.12,19.14
2017-03-17T00:00,2017-03-17,0,18.36,18.59,16.91,18.71,18.61,17.13,18.86,18.97,18.13,18.58
2017-03-17T01:00,2017-03-17,1,17.97,18.75,15.86,17.86,17.07,16.53,18.64,19.64,18.37,17.34
2017-03-17T02:00,2017-03-17,2,17.29,17.57,15.16,16.88,17.86,15.76,18.65,19.5,17.51,16.51
2017-03-17T03:00,2017-03-17,3,17.02,17.96,15.22,15.81,17.89,14.74,18.42,19.3,17.23,15.38
2017-03-17T04:00,2017-03-17,4,16.04,15.96,15.38,15.14,16.12,14.36,18.29,17.99,16.23,15.29
2017-03-17T05:00,2017-03-17,5,15.74,15.35,16.52,14.56,15.66,14.27,17.72,17.77,15.92,15.19
2017-03-17T06:00,2017-03-17,6,15.6,15.31,14.24,14.64,14.8,14.44,18.13,18.86,15.52,15.61
2017-03-17T07:00,2017-03-17,7,17.68,17.82,16.78,16.99,16.97,16.44,19.77,20.65,17.6,16.5
2017-03-17T08:00,2017-03-17,8,21.15,21.73,21.15,20.9,20.22,19.63,22.01,21.74,21.45,20.04
2017-03-17T09:00,2017-03-17,9,24.07,24.81,24.32,24.1,23.14,22.49,24.31,23.57,24.68,22.97
2017-03-17T10:00,2017-03-17,10,26.19,26.96,26.15,26.24,25.35,24.6,26.27,25.76,26.94,25.06
2017-03-17T11:00,2017-03-17,11,27.63,28.31,27.37,27.61,27.01,26.1,27.73,27.46,28.5,26.49
2017-03-17T12:00,2017-03-17,12,28.57,29.09,27.98,28.46,28.16,27.04,29.07,28.58,29.54,27.45
2017-03-17T13:00,2017-03-17,13,29.16,29.64,28.11,28.96,28.88,27.64,30.01,29.35,30.14,28.02
2017-03-17T14:00,2017-03-17,14,29.42,29.96,28.14,29.17,29.27,27.91,30.57,29.81,30.19,28.14
2017-03-17T15:00,2017-03-17,15,29.19,29.94,27.99,29.18,28.99,27.85,30.65,29.85,29.02,27.64
2017-03-17T16:00,2017-03-17,16,28.53,29.28,27.19,28.71,28.06,27.43,29.37,29.4,28.94,26.68
2017-03-17T17:00,2017-03-17,17,27.04,27.25,25.31,27.23,26.54,26.25,28.48,28.13,28.11,25.26
2017-03-17T18:00,2017-03-17,18,24.52,24.36,22.1,23.96,24.12,23.5,26.16,25.71,26.66,23.68
2017-03-17T19:00,2017-03-17,19,22.83,22.88,21.36,23.44,22.03,21.67,24.98,24.46,23.14,21.09
2017-03-17T20:00,2017-03-17,20,22.05,22.25,20.54,22.44,20.75,20.41,24.18,23.43,22.52,20.86
2017-03-17T21:00,2017-03-17,21,21.44,21.77,19.7,21.72,20.41,19.49,23.42,22.87,22.0,20.22
2017-03-17T22:00,2017-03-17,22,20.98,21.32,21.16,21.29,19.68,19.03,22.86,22.58,20.61,19.45
2017-03-17T23:00,2017-03-17,23,20.43,21.13,19.21,20.92,19.0,18.56,22.45,22.21,19.84,18.98
2017-03-18T00:00,2017-03-18,0,19.97,20.13,18.64,20.65,18.13,18.37,22.25,22.37,19.88,18.74
2017-03-18T01:00,2017-03-18,1,19.52,19.46,18.23,20.31,17.76,17.85,21.95,22.6,19.48,18.12
2017-03-18T02:00,2017-03-18,2,19.54,19.89,17.8,20.37,17.87,17.56,21.58,22.41,19.5,18.03
2017-03-18T03:00,2017-03-18,3,19.27,19.9,17.12,20.39,17.63,17.0,21.42,21.97,19.19,17.2
2017-03-18T04:00,2017-03-18,4,19.1,19.87,17.26,19.68,17.59,17.18,21.67,21.8,18.64,16.72
2017-03-18T05:00,2017-03-18,5,18.85,18.89,17.27,20.36,17.55,17.1,21.93,21.7,18.27,16.41
2017-03-18T06:00,2017-03-18,6,19.64,19.95,18.64,21.34,18.03,17.59,22.25,23.03,18.5,17.08
2017-03-18T07:00,2017-03-18,7,20.75,20.78,20.83,22.52,18.73,18.26,23.41,24.13,19.92,18.16
2017-03-18T08:00,2017-03-18,8,22.47,22.28,23.35,23.46,20.67,19.56,24.98,25.75,22.6,19.86
2017-03-18T09:00,2017-03-18,9,24.22,24.02,25.47,24.02,23.12,21.44,26.16,26.7,25.09,22.22
2017-03-18T10:00,2017-03-18,10,25.61,25.58,26.64,25.05,24.86,22.7,26.44,27.34,26.93,24.61
2017-03-18T11:00,2017-03-18,11,26.3,26.04,27.24,25.36,25.67,24.19,26.19,27.77,28.2,26.14
2017-03-18T12:00,2017-03-18,12,26.49,26.16,28.31,24.75,26.57,25.45,25.2,25.39,29.35,26.96
2017-03-18T13:00,2017-03-18,13,26.27,26.31,27.9,22.69,27.38,26.04,25.3,23.8,29.39,26.9
2017-03-18T14:00,2017-03-18,14,26.13,26.61,27.35,22.58,27.65,25.99,26.87,23.4,27.38,26.11
2017-03-18T15:00,2017-03-18,15,25.36,25.66,26.66,22.96,23.99,25.08,27.09,23.76,26.38,25.31
2017-03-18T16:00,2017-03-18,16,24.89,24.25,26.26,22.94,23.47,22.49,27.59,24.22,27.1,25.19
2017-03-18T17:00,2017-03-18,17,23.73,22.59,25.43,21.58,22.61,20.75,26.94,24.11,26.24,23.97
2017-03-18T18:00,2017-03-18,18,22.67,21.86,23.6,21.75,21.76,19.87,26.17,23.0,23.98,22.2
2017-03-18T19:00,2017-03-18,19,21.48,21.05,22.97,20.96,20.58,19.27,24.38,22.04,21.89,20.32
2017-03-18T20:00,2017-03-18,20,20.89,20.66,22.26,20.48,20.03,18.48,23.51,21.93,20.95,19.72
2017-03-18T21:00,2017-03-18,21,20.45,20.43,22.43,19.95,19.26,18.13,22.64,22.0,20.35,18.85
2017-03-18T22:00,2017-03-18,22,19.99,20.14,20.71,19.65,18.67,18.24,22.33,21.86,19.8,18.33
2017-03-18T23:00,2017-03-18,23,19.79,20.02,20.73,19.58,18.32,18.07,22.15,21.91,19.31,17.9
2017-03-19T00:00,2017-03-19,0,19.56,19.59,20.58,19.32,18.04,18.21,22.27,21.86,19.06,17.5
2017-03-19T01:00,2017-03-19,1,19.31,19.14,20.43,19.07,17.79,18.3,22.55,21.56,18.53,17.26
2017-03-19T02:00,2017-03-19,2,19.27,19.18,20.23,19.13,17.84,18.27,22.79,21.7,18.13,17.06
2017-03-19T03:00,2017-03-19,3,19.49,19.88,20.83,19.38,18.06,18.19,22.85,21.49,17.88,16.81
2017-03-19T04:00,2017-03-19,4,19.85,20.43,21.0,20.16,18.46,18.24,22.62,21.93,18.66,16.6
2017-03-19T05:00,2017-03-19,5,19.92,20.36,20.87,20.65,18.76,18.11,22.27,22.19,19.19,16.46
2017-03-19T06:00,2017-03-19,6,19.92,20.26,20.36,20.82,18.41,17.95,22.7,21.84,19.49,16.71
2017-03-19T07:00,2017-03-19,7,20.42,20.75,20.91,21.46,18.68,18.32,22.88,22.47,20.07,17.44
2017-03-19T08:00,2017-03-19,8,21.66,22.08,22.69,23.0,19.65,19.15,23.52,23.84,21.11,18.87
2017-03-19T09:00,2017-03-19,9,23.02,23.18,25.13,24.4,20.92,20.66,24.74,25.14,22.47,20.12
2017-03-19T10:00,2017-03-19,10,24.57,24.61,27.02,25.53,22.54,22.39,26.41,26.33,24.35,21.69
2017-03-19T11:00,2017-03-19,11,26.0,26.15,28.02,26.82,23.94,24.04,27.91,27.54,26.14,22.83
2017-03-19T12:00,2017-03-19,12,27.1,27.31,28.6,27.86,25.35,25.09,29.09,28.48,27.52,23.8
2017-03-19T13:00,2017-03-19,13,27.82,28.18,28.84,28.64,26.47,25.68,29.9,29.24,27.99,24.46
2017-03-19T14:00,2017-03-19,14,28.14,28.6,28.84,29.1,27.11,26.2,30.17,29.46,27.67,25.08
2017-03-19T15:00,2017-03-19,15,27.78,28.43,28.42,29.08,27.32,26.43,28.55,28.79,27.03,24.93
2017-03-19T16:00,2017-03-19,16,26.98,27.67,27.39,28.5,26.92,26.31,27.04,27.17,26.02,24.57
2017-03-19T17:00,2017-03-19,17,26.04,26.81,26.11,27.17,26.25,25.48,26.51,25.74,24.86,24.02
2017-03-19T18:00,2017-03-19,18,24.42,24.65,24.02,24.58,24.6,23.31,26.68,25.57,23.83,22.34
2017-03-19T19:00,2017-03-19,19,23.35,23.84,23.14,23.68,23.0,21.45,25.77,24.16,22.72,21.21
2017-03-19T20:00,2017-03-19,20,22.7,23.11,22.63,22.85,22.31,21.79,24.77,23.72,21.88,20.75
2017-03-19T21:00,2017-03-19,21,22.31,23.2,21.8,22.34,21.8,21.33,23.83,23.05,21.54,20.39
2017-03-19T22:00,2017-03-19,22,21.76,22.45,22.33,22.06,20.96,21.16,22.75,22.82,20.55,19.97
2017-03-19T23:00,2017-03-19,23,21.23,21.61,21.94,21.51,19.59,20.86,22.48,23.19,20.3,19.56
2017-03-20T00:00,2017-03-20,0,20.55,20.82,20.71,21.17,19.25,19.7,21.68,23.14,19.74,18.97
2017-03-20T01:00,2017-03-20,1,20.09,20.35,20.23,21.3,19.25,18.89,21.0,22.63,18.77,18.57
2017-03-20T02:00,2017-03-20,2,19.68,19.89,20.27,20.91,18.79,18.31,20.75,22.12,17.95,18.44
2017-03-20T03:00,2017-03-20,3,19.39,19.61,20.65,20.55,18.24,17.96,20.35,21.83,17.68,18.02
2017-03-20T04:00,2017-03-20,4,19.06,19.34,20.67,20.25,17.7,17.68,19.76,21.3,17.37,17.63
2017-03-20T05:00,2017-03-20,5,18.82,18.95,20.61,19.99,17.64,17.52,19.32,21.18,17.48,17.18
2017-03-20T06:00,2017-03-20,6,18.93,18.9,21.25,20.26,17.75,17.81,19.62,20.7,17.59,17.12
2017-03-20T07:00,2017-03-20,7,19.47,19.21,21.65,20.71,18.58,19.04,19.93,20.77,18.44,17.92
2017-03-20T08:00,2017-03-20,8,20.01,19.53,22.04,20.7,19.28,19.96,20.35,20.73,19.56,19.2
2017-03-20T09:00,2017-03-20,9,20.51,19.58,22.05,20.48,19.95,21.01,20.89,20.93,20.69,20.95
2017-03-20T10:00,2017-03-20,10,21.38,20.39,22.54,20.33,20.8,21.04,22.49,20.92,22.7,22.34
2017-03-20T11:00,2017-03-20,11,22.4,21.76,23.39,20.22,21.61,21.0,24.2,21.33,24.24,23.72
2017-03-20T12:00,2017-03-20,12,23.0,22.6,22.82,20.64,22.14,20.86,25.36,22.22,24.98,24.47
2017-03-20T13:00,2017-03-20,13,23.48,23.32,22.23,21.39,23.17,20.59,25.84,22.63,25.55,25.0
2017-03-20T14:00,2017-03-20,14,23.82,23.55,22.32,22.39,23.75,20.61,26.07,23.29,25.94,24.97
2017-03-20T15:00,2017-03-20,15,24.02,23.8,22.46,23.11,24.22,21.0,25.96,23.37,25.96,24.74
2017-03-20T16:00,2017-03-20,16,23.81,23.8,22.23,22.53,24.11,20.95,25.9,23.09,25.83,24.03
2017-03-20T17:00,2017-03-20,17,23.14,23.37,22.25,22.12,23.26,20.53,25.36,22.79,25.26,21.48
2017-03-20T18:00,2017-03-20,18,21.05,20.47,20.72,20.26,20.22,18.06,23.24,21.73,23.01,21.36
2017-03-20T19:00,2017-03-20,19,20.05,19.43,20.13,19.87,19.04,17.18,22.02,20.98,21.8,19.82
2017-03-20T20:00,2017-03-20,20,19.53,19.07,19.81,19.35,18.31,17.31,21.19,20.36,20.89,19.25
2017-03-20T21:00,2017-03-20,21,18.97,18.45,19.69,19.24,17.56,17.05,20.28,20.12,19.98,18.52
2017-03-20T22:00,2017-03-20,22,18.49,17.88,19.73,19.28,16.82,16.56,19.67,19.65,19.34,17.76
2017-03-20T23:00,2017-03-20,23,18.03,17.25,19.76,18.89,16.67,15.99,19.13,19.03,18.64,17.57
2017-03-21T00:00,2017-03-21,0,17.72,16.77,19.91,18.69,16.22,16.17,18.9,18.5,18.11,17.3
2017-03-21T01:00,2017-03-21,1,17.48,16.47,20.1,18.52,15.94,15.93,18.7,18.25,17.63,17.04
2017-03-21T02:00,2017-03-21,2,17.25,16.22,20.28,18.18,15.81,15.57,18.37,18.48,17.22,16.75
2017-03-21T03:00,2017-03-21,3,16.86,15.78,20.28,17.49,15.75,14.62,17.97,18.17,16.74,16.68
2017-03-21T04:00,2017-03-21,4,16.58,15.45,20.19,17.2,15.49,14.73,17.64,17.34,16.49,16.49
2017-03-21T05:00,2017-03-21,5,16.44,15.28,19.86,16.87,15.19,14.82,17.55,17.55,16.37,16.47
2017-03-21T06:00,2017-03-21,6,16.07,15.35,17.88,15.62,15.41,14.57,17.61,17.62,15.81,16.3
2017-03-21T07:00,2017-03-21,7,17.73,17.43,19.66,17.96,16.67,15.94,18.79,19.43,17.26,17.13
2017-03-21T08:00,2017-03-21,8,19.75,19.67,21.7,20.25,18.93,17.89,20.72,21.06,19.15,18.62
2017-03-21T09:00,2017-03-21,9,21.77,21.81,23.44,22.42,21.04,20.02,22.7,22.84,21.03,20.57
2017-03-21T10:00,2017-03-21,10,23.46,23.49,24.9,23.98,22.65,21.89,24.47,24.45,22.94,22.23
2017-03-21T11:00,2017-03-21,11,24.9,25.09,26.25,25.22,24.01,23.24,25.88,25.85,24.58,23.54
2017-03-21T12:00,2017-03-21,12,25.91,26.02,27.13,26.38,24.9,24.32,27.03,26.9,25.7,24.44
2017-03-21T13:00,2017-03-21,13,26.46,26.56,27.34,26.95,25.23,24.88,27.71,27.4,26.53,24.95
2017-03-21T14:00,2017-03-21,14,26.59,26.86,26.71,26.61,25.87,25.16,27.98,27.2,26.79,25.2
2017-03-21T15:00,2017-03-21,15,26.71,26.73,26.45,26.6,26.31,25.27,28.21,27.06,27.3,25.82
2017-03-21T16:00,2017-03-21,16,26.64,26.73,26.27,26.22,26.04,25.32,28.24,26.82,27.5,25.76
2017-03-21T17:00,2017-03-21,17,26.16,26.28,25.4,25.69,25.55,24.79,27.87,26.34,27.17,25.26
2017-03-21T18:00,2017-03-21,18,24.0,23.98,22.65,24.27,23.29,21.98,26.05,25.05,24.51,23.45
2017-03-21T19:00,2017-03-21,19,22.62,22.47,21.3,22.8,22.26,22.1,24.55,22.86,23.06,21.81
2017-03-21T20:00,2017-03-21,20,21.95,22.09,20.76,22.09,22.54,20.42,23.6,21.9,22.27,20.9
2017-03-21T21:00,2017-03-21,21,21.07,21.14,20.56,20.64,20.86,19.27,23.05,21.55,21.77,19.98
2017-03-21T22:00,2017-03-21,22,20.33,20.47,19.18,20.06,19.47,19.35,22.3,21.45,20.92,19.18
2017-03-21T23:00,2017-03-21,23,19.89,20.13,18.97,19.72,19.08,18.72,21.68,20.82,20.24,18.85
2017-03-22T00:00,2017-03-22,0,19.32,19.49,18.81,19.38,18.33,17.47,20.82,20.53,19.51,18.68
2017-03-22T01:00,2017-03-22,1,18.76,18.92,18.19,18.87,17.7,17.07,20.11,19.99,18.84,18.37
2017-03-22T02:00,2017-03-22,2,18.28,18.11,17.75,18.34,17.44,16.94,19.73,19.72,18.43,18.08
2017-03-22T03:00,2017-03-22,3,18.08,18.18,17.15,17.5,16.94,16.65,19.62,21.04,18.07,17.78
2017-03-22T04:00,2017-03-22,4,17.74,17.67,16.89,16.92,16.61,16.16,19.81,20.01,18.14,17.59
2017-03-22T05:00,2017-03-22,5,17.64,17.47,16.81,17.24,16.68,16.01,19.41,19.38,18.38,17.3
2017-03-22T06:00,2017-03-22,6,17.6,17.35,16.25,17.24,16.97,15.88,19.6,19.42,18.04,17.74
2017-03-22T07:00,2017-03-22,7,19.5,19.54,18.69,18.97,18.7,18.07,21.28,20.58,19.95,19.23
2017-03-22T08:00,2017-03-22,8,22.03,22.36,21.92,21.78,21.12,20.73,23.38,22.64,22.47,20.8
2017-03-22T09:00,2017-03-22,9,24.26,24.68,24.62,24.37,23.05,23.07,25.46,24.88,24.7,22.34
2017-03-22T10:00,2017-03-22,10,25.88,26.2,26.47,26.17,24.55,24.75,27.02,26.4,26.29,23.99
2017-03-22T11:00,2017-03-22,11,26.87,26.96,27.54,27.19,25.98,26.01,28.17,27.47,27.17,24.92
2017-03-22T12:00,2017-03-22,12,27.45,27.32,28.22,27.86,26.95,26.98,29.02,28.12,27.4,25.46
2017-03-22T13:00,2017-03-22,13,27.84,27.74,28.47,28.27,27.23,27.41,29.55,28.58,27.92,25.63
2017-03-22T14:00,2017-03-22,14,28.02,27.96,28.34,28.54,27.37,27.7,29.5,28.63,28.11,26.02
2017-03-22T15:00,2017-03-22,15,27.96,27.84,28.25,28.54,27.28,27.66,29.5,28.73,27.96,26.11
2017-03-22T16:00,2017-03-22,16,27.65,27.55,27.68,28.26,27.02,27.4,29.3,28.46,27.52,25.87
2017-03-22T17:00,2017-03-22,17,26.94,27.02,26.38,27.35,26.17,26.59,28.73,27.59,26.78,25.49
2017-03-22T18:00,2017-03-22,18,24.99,25.17,23.82,25.38,24.94,23.93,26.86,25.48,24.99,23.61
2017-03-22T19:00,2017-03-22,19,23.86,24.14,22.73,23.91,24.01,22.96,25.64,24.08,23.91,22.47
2017-03-22T20:00,2017-03-22,20,23.22,23.56,21.48,23.43,23.17,22.57,24.77,23.24,23.5,22.08
2017-03-22T21:00,2017-03-22,21,22.59,22.89,21.26,22.53,22.8,21.71,24.0,22.62,22.84,21.59
2017-03-22T22:00,2017-03-22,22,22.17,22.46,21.42,22.05,22.26,21.34,23.39,22.25,22.31,21.15
2017-03-22T23:00,2017-03-22,23,21.62,22.02,19.94,21.73,21.96,20.45,22.9,21.88,21.86,20.59
2017-03-23T00:00,2017-03-23,0,21.03,21.31,19.49,21.0,21.57,20.01,22.5,21.13,21.24,20.07
2017-03-23T01:00,2017-03-23,1,20.5,20.78,18.73,20.47,20.88,19.43,22.11,20.84,20.48,19.87
2017-03-23T02:00,2017-03-23,2,20.03,20.16,18.44,19.67,20.66,18.97,21.75,20.93,20.01,19.45
2017-03-23T03:00,2017-03-23,3,19.71,19.81,18.21,19.38,19.87,18.57,21.42,20.57,19.94,19.17
2017-03-23T04:00,2017-03-23,4,19.51,19.6,18.06,18.81,19.72,18.65,21.28,20.61,19.73,18.97
2017-03-23T05:00,2017-03-23,5,19.46,19.59,17.71,18.98,19.7,18.43,21.65,20.22,19.59,18.78
2017-03-23T06:00,2017-03-23,6,19.77,19.82,17.35,18.91,20.12,17.98,22.9,21.32,19.97,19.2
2017-03-23T07:00,2017-03-23,7,21.37,21.43,19.84,20.6,21.32,20.06,23.64,22.36,21.64,21.0
2017-03-23T08:00,2017-03-23,8,23.45,23.79,22.96,23.09,22.95,22.38,24.54,23.72,23.8,22.79
2017-03-23T09:00,2017-03-23,9,25.39,25.82,25.6,25.68,24.16,24.43,26.11,25.4,25.5,24.43
2017-03-23T10:00,2017-03-23,10,26.9,27.25,27.48,27.36,25.38,25.86,27.67,26.92,26.96,25.91
2017-03-23T11:00,2017-03-23,11,27.98,28.2,28.76,28.37,26.1,26.94,29.11,28.23,28.21,26.83
2017-03-23T12:00,2017-03-23,12,28.72,28.88,29.47,28.89,26.82,27.55,30.06,29.2,29.09,27.61
2017-03-23T13:00,2017-03-23,13,29.13,29.42,29.71,29.34,27.44,27.88,30.27,29.71,29.39,27.9
2017-03-23T14:00,2017-03-23,14,29.12,29.43,29.55,29.35,27.91,28.08,30.14,29.35,29.06,28.12
2017-03-23T15:00,2017-03-23,15,29.01,29.13,29.36,29.5,27.97,28.0,30.25,29.19,28.86,28.1
2017-03-23T16:00,2017-03-23,16,28.65,28.71,28.43,29.16,27.7,27.73,30.17,28.3,28.65,27.99
2017-03-23T17:00,2017-03-23,17,27.96,28.08,26.97,28.47,26.94,27.12,29.59,27.52,28.13,27.51
2017-03-23T18:00,2017-03-23,18,26.47,26.87,24.67,26.68,25.64,25.15,28.5,26.74,26.48,25.91
2017-03-23T19:00,2017-03-23,19,25.36,25.91,23.43,25.42,24.73,23.97,27.37,25.31,25.51,24.55
2017-03-23T20:00,2017-03-23,20,24.73,25.4,22.15,24.94,24.74,23.55,26.41,24.52,24.8,23.98
2017-03-23T21:00,2017-03-23,21,24.28,24.85,22.47,24.54,24.43,23.1,25.58,24.02,24.34,23.43
2017-03-23T22:00,2017-03-23,22,23.79,24.27,22.73,23.86,24.21,22.25,24.82,23.44,23.87,23.11
2017-03-23T23:00,2017-03-23,23,23.15,23.69,21.84,22.56,23.76,22.45,24.21,22.86,23.35,22.36
2017-03-24T00:00,2017-03-24,0,22.52,23.12,20.46,22.0,22.9,22.08,23.63,22.33,22.82,21.9
2017-03-24T01:00,2017-03-24,1,22.04,22.4,19.78,21.79,22.2,21.7,23.26,21.81,22.51,21.64
2017-03-24T02:00,2017-03-24,2,21.64,21.75,19.49,21.11,21.54,21.49,22.85,21.93,22.5,21.46
2017-03-24T03:00,2017-03-24,3,21.31,21.29,19.26,20.67,21.49,21.06,22.59,21.37,22.25,21.33
2017-03-24T04:00,2017-03-24,4,21.15,21.34,19.0,20.29,21.66,20.82,22.34,21.46,21.93,20.93
2017-03-24T05:00,2017-03-24,5,21.14,21.4,18.41,20.36,21.81,20.79,22.3,22.3,21.72,20.79
2017-03-24T06:00,2017-03-24,6,21.31,21.53,19.51,20.91,20.97,20.4,23.35,22.12,21.55,20.67
2017-03-24T07:00,2017-03-24,7,22.71,22.87,21.54,22.54,22.44,22.24,24.2,23.17,22.95,21.86
2017-03-24T08:00,2017-03-24,8,24.51,24.82,24.54,24.44,24.05,24.16,25.47,24.32,24.51,23.4
2017-03-24T09:00,2017-03-24,9,26.36,26.74,26.72,26.7,25.94,25.86,27.0,26.3,26.12,24.94
2017-03-24T10:00,2017-03-24,10,27.81,28.32,28.52,28.35,27.25,26.96,28.28,28.02,27.59,25.91
2017-03-24T11:00,2017-03-24,11,28.78,29.26,29.92,29.5,27.7,27.88,29.04,29.3,28.45,27.0
2017-03-24T12:00,2017-03-24,12,29.54,30.21,30.35,30.39,28.6,28.27,30.04,30.21,28.72,27.81
2017-03-24T13:00,2017-03-24,13,30.03,30.67,29.99,31.05,29.14,28.58,30.97,30.76,29.46,28.18
2017-03-24T14:00,2017-03-24,14,30.13,30.49,29.67,31.19,29.67,28.71,31.69,30.87,29.89,27.95
2017-03-24T15:00,2017-03-24,15,30.03,30.31,29.08,30.9,30.0,29.04,32.04,30.71,30.04,27.38
2017-03-24T16:00,2017-03-24,16,29.76,30.41,28.21,30.38,29.14,28.93,31.78,30.21,29.75,27.34
2017-03-24T17:00,2017-03-24,17,29.09,29.97,26.85,29.62,28.3,28.3,31.11,28.85,29.5,26.65
2017-03-24T18:00,2017-03-24,18,27.09,27.72,24.54,27.04,26.57,26.21,29.23,26.77,27.74,25.71
2017-03-24T19:00,2017-03-24,19,25.85,26.43,23.5,26.03,25.68,25.25,27.71,25.73,26.16,24.36
2017-03-24T20:00,2017-03-24,20,25.17,25.94,22.81,25.29,24.95,24.0,26.8,25.09,25.48,23.83
2017-03-24T21:00,2017-03-24,21,24.58,25.4,21.96,24.71,24.36,23.34,26.07,24.7,24.92,23.38
2017-03-24T22:00,2017-03-24,22,24.16,25.21,22.11,24.02,24.01,22.7,25.4,24.39,24.23,22.82
2017-03-24T23:00,2017-03-24,23,23.69,24.71,21.71,23.51,23.44,22.28,25.1,24.22,23.5,22.46
2017-03-25T00:00,2017-03-25,0,23.28,24.12,21.69,23.1,22.84,22.35,24.77,24.06,22.91,22.02
2017-03-25T01:00,2017-03-25,1,23.01,23.64,21.58,22.91,22.83,21.98,24.66,23.9,22.73,21.65
2017-03-25T02:00,2017-03-25,2,22.76,23.35,21.57,22.6,22.36,21.81,24.67,23.76,22.29,21.32
2017-03-25T03:00,2017-03-25,3,22.66,23.33,22.08,22.4,21.54,21.59,24.75,23.74,22.32,20.89
2017-03-25T04:00,2017-03-25,4,22.66,23.42,22.17,22.36,21.32,21.44,24.84,24.04,22.37,20.57
2017-03-25T05:00,2017-03-25,5,22.77,23.92,21.89,22.86,21.0,20.86,24.75,24.22,22.59,20.35
2017-03-25T06:00,2017-03-25,6,22.91,24.21,21.67,23.7,20.86,20.4,24.91,24.55,22.72,20.11
2017-03-25T07:00,2017-03-25,7,23.63,24.92,22.63,24.44,20.92,21.01,25.68,25.2,24.1,20.36
2017-03-25T08:00,2017-03-25,8,24.53,25.35,24.55,25.82,21.47,21.95,27.02,26.28,25.08,20.64
2017-03-25T09:00,2017-03-25,9,25.62,26.21,26.47,27.0,22.42,23.58,28.59,27.51,24.97,22.19
2017-03-25T10:00,2017-03-25,10,26.61,26.59,27.54,27.51,24.24,24.56,30.35,28.98,25.67,24.01
2017-03-25T11:00,2017-03-25,11,27.79,28.25,28.66,28.75,25.87,25.3,31.81,29.89,26.37,24.32
2017-03-25T12:00,2017-03-25,12,28.73,29.42,28.75,29.82,26.47,26.26,32.42,30.56,28.42,24.57
2017-03-25T13:00,2017-03-25,13,28.97,29.82,29.61,30.36,24.98,26.59,31.63,30.29,29.99,24.45
2017-03-25T14:00,2017-03-25,14,28.25,29.13,29.48,30.35,23.1,25.46,30.12,29.57,28.78,24.83
2017-03-25T15:00,2017-03-25,15,27.85,28.9,28.67,29.38,24.21,23.46,29.89,29.51,27.74,25.37
2017-03-25T16:00,2017-03-25,16,27.07,26.97,27.67,28.33,24.3,23.16,29.1,29.22,27.57,26.11
2017-03-25T17:00,2017-03-25,17,26.11,25.28,26.8,26.63,24.74,23.04,28.01,28.2,27.15,25.83
2017-03-25T18:00,2017-03-25,18,25.54,25.79,24.83,24.94,24.58,23.2,27.63,26.78,25.99,25.04
2017-03-25T19:00,2017-03-25,19,24.46,24.76,23.59,24.13,23.31,21.95,26.39,25.6,24.86,24.21
2017-03-25T20:00,2017-03-25,20,23.97,24.41,23.42,23.78,22.4,21.83,25.85,24.89,24.15,23.38
2017-03-25T21:00,2017-03-25,21,23.41,23.91,22.19,23.21,22.08,21.42,25.28,24.45,23.65,22.83
2017-03-25T22:00,2017-03-25,22,22.95,23.35,21.78,22.53,21.63,21.24,24.97,24.03,23.29,22.39
2017-03-25T23:00,2017-03-25,23,22.54,22.99,21.39,22.14,21.32,20.77,24.63,23.44,22.79,21.88
2017-03-26T00:00,2017-03-26,0,22.23,22.62,20.98,21.95,21.25,20.62,24.42,23.51,22.35,21.19
2017-03-26T01:00,2017-03-26,1,21.94,22.26,20.8,21.69,20.83,20.44,24.25,23.52,22.16,20.58
2017-03-26T02:00,2017-03-26,2,21.63,21.95,20.81,21.23,20.81,19.82,24.04,23.21,21.96,20.0
2017-03-26T03:00,2017-03-26,3,21.47,21.77,20.3,21.14,20.81,19.89,23.87,23.1,21.87,19.78
2017-03-26T04:00,2017-03-26,4,21.44,21.68,20.48,21.06,20.86,19.79,23.81,23.34,21.82,19.67
2017-03-26T05:00,2017-03-26,5,21.45,21.74,20.3,21.1,20.82,19.95,23.96,23.37,21.71,19.58
2017-03-26T06:00,2017-03-26,6,21.46,21.37,20.22,21.03,20.59,19.69,24.45,23.51,21.97,20.23
2017-03-26T07:00,2017-03-26,7,22.42,22.37,21.22,22.18,21.35,20.55,25.09,24.78,23.01,21.06
2017-03-26T08:00,2017-03-26,8,24.1,24.31,23.99,24.47,22.5,22.13,26.4,26.51,24.37,21.7
2017-03-26T09:00,2017-03-26,9,25.89,26.6,26.23,26.79,24.13,24.05,27.86,27.81,25.71,22.45
2017-03-26T10:00,2017-03-26,10,27.21,28.0,27.76,28.37,25.78,25.53,29.02,28.96,26.67,23.38
2017-03-26T11:00,2017-03-26,11,28.1,28.54,28.88,29.3,26.79,26.97,30.01,29.66,27.41,24.69
2017-03-26T12:00,2017-03-26,12,28.58,28.84,29.15,29.91,27.29,27.84,30.3,30.2,27.77,25.68
2017-03-26T13:00,2017-03-26,13,28.68,29.0,29.18,30.05,27.59,28.41,30.37,30.09,27.13,26.25
2017-03-26T14:00,2017-03-26,14,28.52,29.07,29.35,29.68,26.69,28.95,29.66,30.04,26.87,26.1
2017-03-26T15:00,2017-03-26,15,27.85,27.24,28.94,29.33,27.04,26.8,29.32,30.1,27.37,26.04
2017-03-26T16:00,2017-03-26,16,27.54,26.98,28.38,28.97,25.72,26.5,29.16,29.1,27.67,26.01
2017-03-26T17:00,2017-03-26,17,26.98,26.89,27.23,27.79,24.92,26.17,28.7,28.19,27.19,25.49
2017-03-26T18:00,2017-03-26,18,26.24,26.73,25.51,26.87,24.8,25.89,27.79,27.25,25.92,24.36
2017-03-26T19:00,2017-03-26,19,25.09,25.27,24.45,26.01,23.68,24.84,26.66,26.23,24.85,23.37
2017-03-26T20:00,2017-03-26,20,24.52,24.67,23.74,25.38,23.25,24.26,26.19,25.48,24.29,22.97
2017-03-26T21:00,2017-03-26,21,24.04,24.25,22.96,25.31,22.33,23.54,25.6,24.95,24.01,22.43
2017-03-26T22:00,2017-03-26,22,23.58,24.05,22.34,24.6,21.94,22.74,24.92,24.46,23.5,22.15
2017-03-26T23:00,2017-03-26,23,23.12,23.55,21.64,24.31,21.72,21.94,24.59,24.17,22.84,21.92
2017-03-27T00:00,2017-03-27,0,22.74,23.09,21.6,23.76,21.41,21.43,24.34,23.92,22.51,21.39
2017-03-27T01:00,2017-03-27,1,22.53,23.4,21.23,23.21,21.04,20.79,24.08,23.73,22.26,20.89
2017-03-27T02:00,2017-03-27,2,22.26,23.31,20.58,22.66,21.22,20.29,23.88,23.24,22.1,20.49
2017-03-27T03:00,2017-03-27,3,21.94,22.56,20.66,22.49,21.43,19.84,23.75,22.9,21.79,20.28
2017-03-27T04:00,2017-03-27,4,21.82,22.35,20.63,22.42,21.32,19.72,23.58,22.79,21.75,20.25
2017-03-27T05:00,2017-03-27,5,21.75,22.32,20.63,22.09,21.19,19.71,23.5,22.96,21.57,20.3
2017-03-27T06:00,2017-03-27,6,22.7,23.18,22.14,23.39,21.51,21.22,24.65,24.03,22.03,21.08
2017-03-27T07:00,2017-03-27,7,23.92,24.56,23.28,24.57,22.69,22.01,25.57,25.18,23.58,22.2
2017-03-27T08:00,2017-03-27,8,25.29,25.97,25.0,25.96,23.99,22.8,26.67,26.48,25.27,23.48
2017-03-27T09:00,2017-03-27,9,26.74,27.3,26.73,27.59,25.5,23.67,27.87,27.89,26.94,25.2
2017-03-27T10:00,2017-03-27,10,27.94,28.34,28.26,28.84,26.82,24.84,28.88,28.71,28.18,26.77
2017-03-27T11:00,2017-03-27,11,28.43,28.77,29.28,29.03,26.86,26.54,29.25,29.13,28.01,27.77
2017-03-27T12:00,2017-03-27,12,28.67,28.85,29.58,29.41,26.95,27.12,29.67,29.32,27.8,28.49
2017-03-27T13:00,2017-03-27,13,28.79,28.06,29.59,29.25,28.02,27.77,30.74,29.35,28.21,29.11
2017-03-27T14:00,2017-03-27,14,28.98,28.6,29.47,28.76,27.94,28.4,31.38,29.54,28.47,28.79
2017-03-27T15:00,2017-03-27,15,28.33,27.42,28.71,27.68,26.84,28.52,31.13,29.58,28.71,28.09
2017-03-27T16:00,2017-03-27,16,28.08,27.35,27.81,27.21,26.93,28.4,30.58,29.41,28.55,27.99
2017-03-27T17:00,2017-03-27,17,27.59,27.09,26.84,26.68,26.76,27.18,29.9,28.7,28.18,27.73
2017-03-27T18:00,2017-03-27,18,26.84,26.98,25.44,27.09,26.01,26.63,28.73,27.23,26.78,25.97
2017-03-27T19:00,2017-03-27,19,25.79,26.12,24.15,26.11,25.06,25.42,27.52,26.31,25.73,24.66
2017-03-27T20:00,2017-03-27,20,25.14,25.47,23.15,25.32,24.41,24.87,26.77,25.77,25.21,24.32
2017-03-27T21:00,2017-03-27,21,24.71,25.11,22.72,24.78,24.07,24.09,26.24,25.3,24.86,23.97
2017-03-27T22:00,2017-03-27,22,24.39,24.86,22.61,24.31,23.76,23.55,25.79,24.97,24.54,23.81
2017-03-27T23:00,2017-03-27,23,24.1,24.57,22.24,24.02,23.57,23.25,25.48,24.63,24.24,23.58
2017-03-28T00:00,2017-03-28,0,23.84,24.36,21.92,23.75,23.39,23.02,25.11,24.42,24.03,23.21
2017-03-28T01:00,2017-03-28,1,23.54,24.07,21.88,23.34,23.23,22.54,24.8,24.25,23.67,22.76
2017-03-28T02:00,2017-03-28,2,23.23,23.63,21.89,23.03,23.24,22.44,24.57,24.06,23.05,22.43
2017-03-28T03:00,2017-03-28,3,22.86,23.05,21.28,22.95,22.59,22.16,24.27,23.96,22.78,22.25
2017-03-28T04:00,2017-03-28,4,22.72,23.01,21.15,23.02,22.02,21.74,24.16,23.97,22.57,22.12
2017-03-28T05:00,2017-03-28,5,22.68,23.06,21.28,23.11,21.54,21.57,24.14,24.04,22.59,21.74
2017-03-28T06:00,2017-03-28,6,23.07,23.57,22.34,23.72,21.63,21.48,24.96,24.47,22.67,21.53
2017-03-28T07:00,2017-03-28,7,24.14,24.74,23.8,25.09,22.33,22.03,25.69,25.68,23.96,22.26
2017-03-28T08:00,2017-03-28,8,25.08,25.69,25.38,26.4,22.53,22.6,26.9,27.07,24.22,23.3
2017-03-28T09:00,2017-03-28,9,26.01,26.49,27.16,27.48,23.28,22.73,28.27,28.27,24.66,24.36
2017-03-28T10:00,2017-03-28,10,26.92,27.1,28.71,28.47,23.81,23.44,29.37,29.19,25.64,25.55
2017-03-28T11:00,2017-03-28,11,27.88,28.09,29.65,29.31,25.24,24.3,29.58,29.89,27.31,26.34
2017-03-28T12:00,2017-03-28,12,28.66,29.03,30.22,29.06,26.22,25.92,30.13,30.14,28.73,27.15
2017-03-28T13:00,2017-03-28,13,28.93,29.1,29.94,29.63,26.08,27.04,31.08,29.94,28.92,27.45
2017-03-28T14:00,2017-03-28,14,28.77,28.68,29.18,28.73,26.12,27.3,31.47,29.93,29.55,27.32
2017-03-28T15:00,2017-03-28,15,28.23,27.08,28.53,28.99,25.69,27.3,31.21,29.91,29.13,27.48
2017-03-28T16:00,2017-03-28,16,27.84,26.99,27.75,28.86,25.71,27.22,30.12,29.04,28.3,27.36
2017-03-28T17:00,2017-03-28,17,27.21,26.88,26.98,28.21,25.59,25.36,28.68,28.18,27.65,26.97
2017-03-28T18:00,2017-03-28,18,26.58,26.97,25.55,27.22,24.61,25.98,27.93,27.11,26.9,25.5
2017-03-28T19:00,2017-03-28,19,25.68,26.06,24.73,26.18,23.7,24.62,27.34,26.41,25.9,24.72
2017-03-28T20:00,2017-03-28,20,25.16,25.56,24.13,25.57,23.6,23.83,26.68,26.02,25.34,24.26
2017-03-28T21:00,2017-03-28,21,24.89,25.45,23.7,25.19,23.56,23.62,26.31,25.79,24.88,23.93
2017-03-28T22:00,2017-03-28,22,24.56,25.17,23.49,24.83,23.3,23.32,25.85,25.56,24.41,23.55
2017-03-28T23:00,2017-03-28,23,24.26,24.82,23.26,24.46,23.15,22.96,25.59,25.25,24.08,23.37
2017-03-29T00:00,2017-03-29,0,23.95,24.54,22.77,24.3,22.85,22.46,25.31,24.95,23.78,23.0
2017-03-29T01:00,2017-03-29,1,23.58,24.24,22.43,24.11,22.41,22.16,25.04,24.92,22.88,22.6
2017-03-29T02:00,2017-03-29,2,23.31,23.96,22.25,24.02,21.83,22.02,24.81,24.87,22.4,22.35
2017-03-29T03:00,2017-03-29,3,23.2,23.76,22.71,24.05,21.69,21.86,24.65,24.75,22.11,22.1
2017-03-29T04:00,2017-03-29,4,23.14,23.62,22.94,24.07,21.51,21.7,24.62,24.89,22.05,21.96
2017-03-29T05:00,2017-03-29,5,23.14,23.6,23.11,24.19,21.51,21.58,24.74,24.88,22.0,21.79
2017-03-29T06:00,2017-03-29,6,23.52,24.22,23.62,24.56,21.4,21.46,25.45,25.41,22.19,21.93
2017-03-29T07:00,2017-03-29,7,24.07,24.8,24.51,25.26,21.78,22.1,26.1,26.26,22.4,22.11
2017-03-29T08:00,2017-03-29,8,24.82,25.63,25.96,26.14,22.11,23.14,27.01,27.4,22.53,22.4
2017-03-29T09:00,2017-03-29,9,25.61,26.25,27.84,27.13,22.3,23.29,28.4,28.21,23.07,23.09
2017-03-29T10:00,2017-03-29,10,26.15,26.59,28.7,27.7,22.4,22.97,29.63,29.11,23.66,23.8
2017-03-29T11:00,2017-03-29,11,26.24,25.96,29.44,27.33,22.69,22.8,30.4,29.7,24.22,24.27
2017-03-29T12:00,2017-03-29,12,26.33,25.73,29.3,26.42,23.24,23.14,30.83,29.59,25.0,24.9
2017-03-29T13:00,2017-03-29,13,26.66,25.91,29.43,25.99,23.84,24.95,31.02,29.83,25.78,25.12
2017-03-29T14:00,2017-03-29,14,26.47,25.67,29.15,26.45,23.89,24.87,29.6,29.02,26.06,25.19
2017-03-29T15:00,2017-03-29,15,26.37,25.94,28.66,26.36,23.64,24.26,28.93,28.67,26.22,25.3
2017-03-29T16:00,2017-03-29,16,26.18,26.04,28.46,26.12,23.39,23.47,28.55,27.96,25.88,25.54
2017-03-29T17:00,2017-03-29,17,25.93,25.89,27.56,26.49,23.04,22.81,28.41,27.61,25.52,25.2
2017-03-29T18:00,2017-03-29,18,25.47,24.54,26.69,25.61,23.83,22.99,28.39,27.21,26.16,24.81
2017-03-29T19:00,2017-03-29,19,24.88,24.13,26.12,25.04,23.36,22.41,27.45,26.84,25.27,24.19
2017-03-29T20:00,2017-03-29,20,24.54,24.08,25.81,24.46,22.95,22.15,26.87,26.53,24.74,23.84
2017-03-29T21:00,2017-03-29,21,24.36,24.2,25.63,24.45,22.63,21.99,26.4,26.28,24.32,23.37
2017-03-29T22:00,2017-03-29,22,24.07,23.81,25.33,24.47,22.32,21.91,26.0,26.11,23.91,22.99
2017-03-29T23:00,2017-03-29,23,23.83,23.63,25.2,24.32,21.99,21.79,25.87,25.96,23.45,22.59
2017-03-30T00:00,2017-03-30,0,23.74,23.88,25.15,23.9,21.9,21.63,25.71,25.96,23.08,22.36
2017-03-30T01:00,2017-03-30,1,23.77,24.23,25.13,24.1,21.8,21.48,25.57,25.9,22.96,22.03
2017-03-30T02:00,2017-03-30,2,23.8,24.13,25.06,24.91,21.71,21.39,25.38,25.81,22.98,22.0
2017-03-30T03:00,2017-03-30,3,23.73,24.09,25.01,25.0,21.68,21.3,25.25,25.79,22.87,21.7
2017-03-30T04:00,2017-03-30,4,23.66,24.05,24.86,25.21,21.77,21.19,25.08,25.78,22.85,21.29
2017-03-30T05:00,2017-03-30,5,23.62,24.11,24.66,25.08,21.65,21.0,24.94,25.76,23.05,21.2
2017-03-30T06:00,2017-03-30,6,23.9,24.7,24.55,25.28,21.62,21.42,25.28,25.83,23.14,21.51
2017-03-30T07:00,2017-03-30,7,24.65,25.45,25.58,26.2,21.72,22.22,26.49,26.91,23.53,22.03
2017-03-30T08:00,2017-03-30,8,25.59,26.34,27.0,27.49,22.29,22.48,28.22,28.18,23.97,22.62
2017-03-30T09:00,2017-03-30,9,26.63,27.55,28.51,28.61,23.01,22.67,29.7,29.31,25.02,23.01
2017-03-30T10:00,2017-03-30,10,27.56,28.71,29.76,29.53,22.95,22.87,31.2,30.21,26.17,23.49
2017-03-30T11:00,2017-03-30,11,28.47,30.06,30.03,30.38,23.44,22.9,32.66,30.9,27.46,23.75
2017-03-30T12:00,2017-03-30,12,29.07,30.95,30.17,31.01,23.86,23.38,33.87,31.25,27.54,24.31
2017-03-30T13:00,2017-03-30,13,29.51,31.43,30.07,31.07,24.12,23.27,34.45,31.72,28.76,24.89
2017-03-30T14:00,2017-03-30,14,29.26,30.14,29.65,31.27,24.3,24.29,34.46,31.35,28.95,25.17
2017-03-30T15:00,2017-03-30,15,28.87,28.69,29.06,30.64,25.03,24.4,34.14,30.96,29.6,25.42
2017-03-30T16:00,2017-03-30,16,28.43,28.57,28.75,28.62,26.13,24.53,32.94,30.09,29.28,25.28
2017-03-30T17:00,2017-03-30,17,27.82,28.37,27.69,27.75,25.91,24.28,31.6,29.17,28.51,24.88
2017-03-30T18:00,2017-03-30,18,27.33,28.58,26.78,27.85,25.78,23.22,29.88,27.84,27.7,24.42
2017-03-30T19:00,2017-03-30,19,26.2,27.01,26.25,27.19,25.03,22.68,28.61,26.91,25.8,23.74
2017-03-30T20:00,2017-03-30,20,25.53,25.91,25.87,26.6,24.52,22.61,27.95,26.51,24.97,23.36
2017-03-30T21:00,2017-03-30,21,25.22,25.62,25.69,26.45,24.11,22.56,27.3,26.47,24.51,22.95
2017-03-30T22:00,2017-03-30,22,24.94,25.47,25.49,26.22,23.64,22.42,26.73,26.26,24.25,22.53
2017-03-30T23:00,2017-03-30,23,24.75,25.32,25.37,26.1,23.52,22.33,26.35,26.21,23.99,22.23
2017-03-31T00:00,2017-03-31,0,24.57,25.08,25.16,26.18,23.28,22.24,26.05,26.1,23.75,22.03
2017-03-31T01:00,2017-03-31,1,24.42,24.92,24.9,26.08,23.11,22.19,25.85,26.21,23.58,21.84
2017-03-31T02:00,2017-03-31,2,24.34,24.94,24.72,25.93,22.91,22.05,25.68,26.1,23.65,21.74
2017-03-31T03:00,2017-03-31,3,24.32,24.98,24.84,25.84,22.66,21.82,25.62,26.07,23.68,21.76
2017-03-31T04:00,2017-03-31,4,24.32,25.13,25.0,25.75,22.4,21.66,25.64,25.88,23.69,21.7
2017-03-31T05:00,2017-03-31,5,24.31,25.12,25.11,25.65,21.87,21.62,25.74,25.88,23.92,21.72
2017-03-31T06:00,2017-03-31,6,24.64,25.52,24.88,25.73,22.49,21.89,26.29,26.08,24.5,21.94
2017-03-31T07:00,2017-03-31,7,25.36,26.35,26.12,26.54,22.64,21.95,27.02,26.85,25.19,22.68
2017-03-31T08:00,2017-03-31,8,26.21,27.2,27.39,27.78,22.65,22.25,28.12,28.1,26.03,23.29
2017-03-31T09:00,2017-03-31,9,27.18,28.21,29.01,29.22,22.82,22.76,29.38,29.17,26.71,23.98
2017-03-31T10:00,2017-03-31,10,28.06,29.02,30.25,30.2,23.31,23.0,30.71,30.19,27.36,25.04
2017-03-31T11:00,2017-03-31,11,28.81,29.78,30.64,30.65,23.94,23.54,32.07,30.76,27.99,26.27
2017-03-31T12:00,2017-03-31,12,29.49,30.72,31.08,31.01,23.78,25.03,33.05,30.91,28.37,27.15
2017-03-31T13:00,2017-03-31,13,29.66,31.17,30.71,31.13,24.03,25.37,33.8,30.95,27.71,27.49
2017-03-31T14:00,2017-03-31,14,29.78,31.76,30.39,31.16,24.25,24.54,34.11,30.76,27.91,27.27
2017-03-31T15:00,2017-03-31,15,29.52,31.34,29.83,31.17,24.88,23.82,33.98,30.53,27.42,27.09
2017-03-31T16:00,2017-03-31,16,28.92,30.21,28.99,30.4,25.11,23.73,33.41,29.6,27.31,26.94
2017-03-31T17:00,2017-03-31,17,28.18,28.88,28.26,29.78,25.08,23.34,32.0,28.78,27.2,26.78
2017-03-31T18:00,2017-03-31,18,27.29,27.93,26.99,28.23,24.53,23.52,30.17,27.85,26.98,26.38
2017-03-31T19:00,2017-03-31,19,26.21,26.92,26.36,27.14,23.43,22.95,28.58,27.06,25.67,25.07
2017-03-31T20:00,2017-03-31,20,25.75,26.61,25.98,26.8,22.94,22.86,27.62,26.57,24.98,24.59
2017-03-31T21:00,2017-03-31,21,25.38,26.22,25.76,26.4,22.6,22.45,27.08,26.23,24.45,24.51
2017-03-31T22:00,2017-03-31,22,25.08,25.88,25.6,26.0,22.53,22.3,26.85,25.99,24.05,24.13
2017-03-31T23:00,2017-03-31,23,24.84,25.69,25.18,25.58,22.55,22.24,26.7,25.89,23.72,23.69
2017-04-01T00:00,2017-04-01,0,24.75,25.7,24.96,25.39,22.67,22.0,26.51,25.94,23.59,23.57
2017-04-01T01:00,2017-04-01,1,24.66,25.69,24.68,25.51,22.74,22.12,26.24,26.02,23.37,23.19
2017-04-01T02:00,2017-04-01,2,24.58,25.71,24.53,25.48,22.76,22.4,26.08,25.89,23.11,22.94
2017-04-01T03:00,2017-04-01,3,24.54,25.62,24.69,25.34,22.63,22.81,26.04,25.88,23.01,22.77
2017-04-01T04:00,2017-04-01,4,24.41,25.51,24.57,25.37,22.34,22.7,25.9,25.86,22.78,22.57
2017-04-01T05:00,2017-04-01,5,24.38,25.43,24.68,25.41,22.4,22.58,25.73,25.82,22.87,22.47
2017-04-01T06:00,2017-04-01,6,24.43,25.4,24.81,25.31,22.77,22.59,25.94,25.83,22.72,22.72
2017-04-01T07:00,2017-04-01,7,25.34,26.23,25.86,26.28,23.12,23.13,27.07,26.77,24.21,23.37
2017-04-01T08:00,2017-04-01,8,26.48,27.35,27.57,27.6,23.28,23.71,28.46,28.02,25.97,24.0
2017-04-01T09:00,2017-04-01,9,27.73,28.64,28.91,29.02,23.6,24.68,29.79,29.11,27.74,25.04
2017-04-01T10:00,2017-04-01,10,28.93,29.89,29.98,29.98,25.06,26.07,30.84,30.15,29.4,25.92
2017-04-01T11:00,2017-04-01,11,29.75,30.8,30.07,30.87,25.4,26.68,31.94,30.6,31.06,26.4
2017-04-01T12:00,2017-04-01,12,30.28,31.74,30.34,31.34,24.76,25.91,32.75,31.12,32.49,26.41
2017-04-01T13:00,2017-04-01,13,30.57,32.59,29.89,31.44,24.2,25.09,33.36,30.89,33.42,26.63
2017-04-01T14:00,2017-04-01,14,30.77,32.99,29.9,31.99,24.84,24.39,33.44,30.55,33.62,26.73
2017-04-01T15:00,2017-04-01,15,30.26,32.37,29.33,31.55,24.69,24.93,31.7,30.2,33.1,26.74
2017-04-01T16:00,2017-04-01,16,28.98,30.11,28.65,30.93,24.24,24.86,29.93,29.67,30.63,26.86
2017-04-01T17:00,2017-04-01,17,27.6,28.3,27.98,28.79,23.24,24.12,28.01,28.97,29.3,26.31
2017-04-01T18:00,2017-04-01,18,27.54,28.52,27.06,28.98,24.92,25.59,28.06,28.24,27.85,25.61
2017-04-01T19:00,2017-04-01,19,26.68,27.84,26.34,28.19,24.14,24.64,27.76,27.3,26.06,24.65
2017-04-01T20:00,2017-04-01,20,26.04,27.4,26.1,27.49,23.36,23.47,27.22,26.62,24.98,24.19
2017-04-01T21:00,2017-04-01,21,25.49,26.77,25.88,26.74,22.65,22.45,26.75,26.26,24.88,23.51
2017-04-01T22:00,2017-04-01,22,24.93,26.13,25.48,26.19,22.48,21.53,26.21,26.05,24.26,22.75
2017-04-01T23:00,2017-04-01,23,24.48,25.53,25.29,25.77,21.7,21.19,26.0,25.91,24.0,22.03
2017-04-02T00:00,2017-04-02,0,24.17,25.17,25.29,25.44,21.18,20.86,25.76,25.64,23.91,21.4
2017-04-02T01:00,2017-04-02,1,24.02,25.19,24.95,25.38,21.09,20.77,25.44,25.54,23.65,21.06
2017-04-02T02:00,2017-04-02,2,23.81,24.81,24.88,25.39,21.2,20.71,25.25,25.47,23.12,20.92
2017-04-02T03:00,2017-04-02,3,23.8,24.88,24.7,25.58,20.92,20.83,25.08,25.37,23.12,20.92
2017-04-02T04:00,2017-04-02,4,23.87,24.96,24.73,25.55,20.95,20.84,24.95,25.6,23.37,21.07
2017-04-02T05:00,2017-04-02,5,23.94,24.91,24.78,25.67,21.14,20.45,24.89,25.61,23.89,21.25
2017-04-02T06:00,2017-04-02,6,24.18,25.07,24.44,25.4,21.44,21.06,25.46,25.83,24.52,21.66
2017-04-02T07:00,2017-04-02,7,24.97,25.85,25.6,26.35,21.25,22.17,26.74,27.04,25.18,21.96
2017-04-02T08:00,2017-04-02,8,25.99,26.95,27.16,27.87,21.88,22.86,27.98,28.25,25.94,22.22
2017-04-02T09:00,2017-04-02,9,27.19,28.04,28.69,29.09,24.35,22.98,29.25,29.35,27.52,22.79
2017-04-02T10:00,2017-04-02,10,28.34,29.34,29.63,30.08,26.52,23.52,30.39,29.87,29.13,23.36
2017-04-02T11:00,2017-04-02,11,29.32,30.36,30.66,30.48,27.21,25.75,31.54,29.89,30.72,23.83
2017-04-02T12:00,2017-04-02,12,29.93,31.02,31.23,30.39,26.65,26.84,32.56,30.35,32.12,24.41
2017-04-02T13:00,2017-04-02,13,30.23,31.49,30.92,30.58,26.74,25.29,33.17,30.41,33.18,25.15
2017-04-02T14:00,2017-04-02,14,30.38,31.4,30.53,30.45,27.78,24.16,33.47,30.49,33.94,25.99
2017-04-02T15:00,2017-04-02,15,30.25,31.48,30.06,30.54,27.92,24.19,32.8,29.92,33.14,26.71
2017-04-02T16:00,2017-04-02,16,29.25,30.89,29.28,29.79,26.57,24.14,29.8,29.3,31.32,26.59
2017-04-02T17:00,2017-04-02,17,27.9,29.2,28.27,28.89,25.57,23.82,28.24,28.57,28.18,26.37
2017-04-02T18:00,2017-04-02,18,27.75,29.22,26.7,28.29,25.37,23.77,29.12,27.77,29.99,24.46
2017-04-02T19:00,2017-04-02,19,26.64,28.22,26.14,27.48,23.83,22.68,28.02,27.15,27.95,23.35
2017-04-02T20:00,2017-04-02,20,25.96,27.27,26.03,26.92,23.55,21.74,27.31,26.84,27.01,22.76
2017-04-02T21:00,2017-04-02,21,25.5,26.65,25.66,26.64,23.72,21.44,26.84,26.47,26.54,21.9
2017-04-02T22:00,2017-04-02,22,25.17,26.29,25.59,26.25,24.21,20.89,26.48,26.48,26.37,20.75
2017-04-02T23:00,2017-04-02,23,24.87,26.06,25.34,26.19,23.4,20.56,26.38,26.47,25.73,20.4
2017-04-03T00:00,2017-04-03,0,24.5,26.15,25.23,26.17,21.0,20.14,26.42,26.59,24.43,20.05
2017-04-03T01:00,2017-04-03,1,24.16,25.95,25.21,26.18,19.19,19.84,26.35,26.5,23.51,20.04
2017-04-03T02:00,2017-04-03,2,24.08,25.65,25.0,26.23,19.51,19.95,26.24,26.41,23.66,19.87
2017-04-03T03:00,2017-04-03,3,24.01,25.45,24.72,26.22,20.08,19.81,26.07,26.4,23.55,19.93
2017-04-03T04:00,2017-04-03,4,23.93,25.4,24.57,26.06,19.96,19.9,25.87,26.39,23.47,19.95
2017-04-03T05:00,2017-04-03,5,23.87,25.47,24.29,26.06,19.7,19.69,25.6,26.34,23.41,20.07
2017-04-03T06:00,2017-04-03,6,24.18,26.07,23.26,26.13,19.83,19.9,26.33,26.7,24.04,20.33
2017-04-03T07:00,2017-04-03,7,24.91,26.49,24.07,26.71,20.16,20.51,27.37,27.42,25.42,21.33
2017-04-03T08:00,2017-04-03,8,25.66,26.93,25.88,27.27,20.71,20.01,28.79,28.37,26.25,22.27
2017-04-03T09:00,2017-04-03,9,26.7,26.92,28.42,27.91,23.47,20.83,30.4,29.56,27.4,23.41
2017-04-03T10:00,2017-04-03,10,27.76,27.93,29.93,28.58,24.25,21.74,31.82,30.12,28.94,24.19
2017-04-03T11:00,2017-04-03,11,28.64,28.87,30.6,29.13,24.66,22.13,33.01,30.68,30.71,24.99
2017-04-03T12:00,2017-04-03,12,29.06,29.57,30.74,27.93,24.43,22.46,34.12,31.19,31.71,25.84
2017-04-03T13:00,2017-04-03,13,29.32,30.38,30.14,27.38,24.54,22.32,34.7,31.44,31.98,26.28
2017-04-03T14:00,2017-04-03,14,29.02,29.77,29.27,27.26,24.2,21.65,35.17,31.44,31.64,26.42
2017-04-03T15:00,2017-04-03,15,28.15,30.29,28.22,27.27,24.07,21.74,30.46,31.08,28.6,26.21
2017-04-03T16:00,2017-04-03,16,26.68,26.83,27.25,27.28,23.37,21.69,29.17,30.28,27.16,25.69
2017-04-03T17:00,2017-04-03,17,25.69,24.46,26.83,26.13,22.6,21.2,29.29,29.16,27.01,25.48
2017-04-03T18:00,2017-04-03,18,25.3,24.22,27.4,24.94,20.93,20.93,29.46,28.08,27.36,24.66
2017-04-03T19:00,2017-04-03,19,24.47,23.57,26.59,24.33,20.73,20.92,28.19,27.33,25.45,23.79
2017-04-03T20:00,2017-04-03,20,24.1,23.36,25.99,24.57,21.12,20.81,27.57,26.72,24.11,23.25
2017-04-03T21:00,2017-04-03,21,23.85,23.5,25.26,25.0,21.22,20.83,27.13,26.31,22.79,22.71
2017-04-03T22:00,2017-04-03,22,23.73,23.66,25.41,25.19,21.28,20.71,26.61,26.16,22.16,22.24
2017-04-03T23:00,2017-04-03,23,23.74,24.12,25.11,25.39,21.41,20.6,26.18,26.06,21.86,21.92
2017-04-04T00:00,2017-04-04,0,23.66,24.25,24.96,25.42,21.43,20.36,25.78,26.01,21.88,21.53
2017-04-04T01:00,2017-04-04,1,23.56,24.23,24.79,25.33,21.41,20.1,25.59,25.96,21.95,21.16
2017-04-04T02:00,2017-04-04,2,23.54,24.27,24.79,25.29,21.26,19.99,25.47,25.92,22.14,20.96
2017-04-04T03:00,2017-04-04,3,23.45,24.27,24.71,25.38,20.62,19.79,25.43,25.89,22.06,20.83
2017-04-04T04:00,2017-04-04,4,23.37,24.19,24.56,25.48,20.61,19.74,25.31,26.01,21.98,20.47
2017-04-04T05:00,2017-04-04,5,23.44,24.36,24.45,25.61,20.57,19.85,25.27,26.15,22.31,20.22
2017-04-04T06:00,2017-04-04,6,22.9,23.44,23.65,24.49,19.95,19.61,25.32,26.2,22.46,19.68
2017-04-04T07:00,2017-04-04,7,23.57,24.31,24.89,25.08,20.23,20.01,26.69,26.99,22.49,19.9
2017-04-04T08:00,2017-04-04,8,24.46,25.73,25.05,25.65,20.87,20.15,28.58,28.43,22.77,20.36
2017-04-04T09:00,2017-04-04,9,25.32,26.97,25.98,25.59,21.42,20.78,30.21,29.42,23.47,20.95
2017-04-04T10:00,2017-04-04,10,26.41,28.25,29.51,25.86,21.55,21.84,31.38,30.16,24.4,21.51
2017-04-04T11:00,2017-04-04,11,27.01,28.9,30.61,25.61,21.58,22.43,32.39,30.57,25.67,21.84
2017-04-04T12:00,2017-04-04,12,27.47,28.72,30.77,27.09,21.74,22.27,33.0,30.79,26.94,22.74
2017-04-04T13:00,2017-04-04,13,27.51,27.85,30.5,27.86,21.98,22.51,33.58,30.69,27.28,23.4
2017-04-04T14:00,2017-04-04,14,27.21,26.98,29.97,27.12,22.02,22.76,33.73,30.48,27.09,24.03
2017-04-04T15:00,2017-04-04,15,26.26,24.79,29.46,26.35,22.52,21.96,33.26,30.2,25.69,24.25
2017-04-04T16:00,2017-04-04,16,26.01,25.42,28.67,26.44,22.29,22.04,30.9,29.57,25.39,24.02
2017-04-04T17:00,2017-04-04,17,25.38,24.91,27.72,26.31,22.37,21.65,28.76,28.77,24.68,23.79
2017-04-04T18:00,2017-04-04,18,24.44,24.97,25.73,23.58,21.13,20.68,27.74,27.98,24.25,22.82
2017-04-04T19:00,2017-04-04,19,23.67,24.05,23.59,23.61,20.58,20.0,26.97,27.02,23.46,22.45
2017-04-04T20:00,2017-04-04,20,23.5,23.69,23.84,24.18,20.55,19.78,26.6,26.73,22.98,22.19
2017-04-04T21:00,2017-04-04,21,22.95,22.09,23.86,24.48,20.51,19.8,26.23,26.62,22.35,21.92
2017-04-04T22:00,2017-04-04,22,22.84,22.14,24.53,24.66,20.29,19.69,25.93,26.45,21.94,21.1
2017-04-04T23:00,2017-04-04,23,22.5,21.58,24.49,24.15,20.01,19.8,25.73,26.37,21.72,20.52
2017-04-05T00:00,2017-04-05,0,22.24,21.08,24.2,23.96,19.82,19.83,25.62,26.35,21.58,20.13
2017-04-05T01:00,2017-04-05,1,22.12,21.24,24.1,23.03,19.99,19.69,25.55,26.25,21.56,19.86
2017-04-05T02:00,2017-04-05,2,21.94,21.32,23.31,22.54,19.83,19.34,25.49,26.35,21.21,19.81
2017-04-05T03:00,2017-04-05,3,21.76,21.35,22.25,22.08,19.61,19.31,25.54,26.31,21.03,19.74
2017-04-05T04:00,2017-04-05,4,21.75,21.32,22.26,21.85,19.7,19.41,25.59,26.17,21.1,19.84
2017-04-05T05:00,2017-04-05,5,21.81,21.37,22.18,21.97,19.78,19.61,25.7,26.23,21.05,19.91
2017-04-05T06:00,2017-04-05,6,21.92,21.65,22.08,22.67,20.3,19.62,25.89,23.85,21.05,20.23
2017-04-05T07:00,2017-04-05,7,22.44,22.0,23.26,23.25,21.11,20.09,25.86,23.63,21.86,21.05
2017-04-05T08:00,2017-04-05,8,23.26,22.81,24.9,24.47,21.71,20.61,25.46,24.59,22.89,22.01
2017-04-05T09:00,2017-04-05,9,24.25,23.35,27.13,25.87,22.33,21.42,25.63,26.88,23.98,23.13
2017-04-05T10:00,2017-04-05,10,25.36,24.28,28.83,27.34,22.59,22.17,27.24,28.92,24.75,24.08
2017-04-05T11:00,2017-04-05,11,26.37,25.83,29.84,28.67,22.74,22.47,29.0,29.97,24.67,24.88
2017-04-05T12:00,2017-04-05,12,27.02,26.74,29.93,29.36,22.82,23.27,30.45,30.44,24.5,25.85
2017-04-05T13:00,2017-04-05,13,27.39,27.8,29.72,29.57,22.7,24.02,30.45,30.74,24.27,26.31
2017-04-05T14:00,2017-04-05,14,27.29,27.19,29.99,29.65,22.43,24.23,30.05,30.78,24.8,26.45
2017-04-05T15:00,2017-04-05,15,26.65,25.43,29.33,28.99,22.31,24.21,28.93,30.46,25.58,26.58
2017-04-05T16:00,2017-04-05,16,25.96,25.06,28.6,27.17,22.4,23.35,27.54,29.58,25.19,26.36
2017-04-05T17:00,2017-04-05,17,25.35,24.65,27.41,26.42,22.35,22.56,26.98,28.62,24.49,25.85
2017-04-05T18:00,2017-04-05,18,24.61,24.06,25.8,24.57,22.09,21.7,27.32,27.12,24.44,24.89
2017-04-05T19:00,2017-04-05,19,24.11,23.52,25.45,24.15,21.84,21.58,26.66,26.6,23.8,24.16
2017-04-05T20:00,2017-04-05,20,23.76,23.32,25.21,24.15,21.55,21.35,26.24,26.22,23.09,23.41
2017-04-05T21:00,2017-04-05,21,23.59,23.24,24.7,24.48,21.18,21.28,26.13,26.19,22.53,23.14
2017-04-05T22:00,2017-04-05,22,23.43,23.19,24.55,24.47,21.13,21.06,25.81,26.12,22.24,22.71
2017-04-05T23:00,2017-04-05,23,23.32,23.19,24.26,24.59,21.09,21.07,25.68,25.9,22.03,22.27
2017-04-06T00:00,2017-04-06,0,23.21,23.27,23.77,24.47,20.92,21.06,25.71,25.62,21.95,21.89
2017-04-06T01:00,2017-04-06,1,23.18,23.55,23.51,24.14,20.93,20.98,25.77,25.39,21.84,21.71
2017-04-06T02:00,2017-04-06,2,23.23,23.93,23.51,24.07,20.91,20.99,25.79,25.43,21.62,21.47
2017-04-06T03:00,2017-04-06,3,23.18,24.08,22.66,24.19,20.89,20.89,25.75,25.37,21.61,21.32
2017-04-06T04:00,2017-04-06,4,23.08,24.03,22.19,24.39,20.8,20.88,25.62,25.4,21.55,20.94
2017-04-06T05:00,2017-04-06,5,23.04,23.82,22.06,24.6,20.91,21.01,25.56,25.21,21.64,20.78
2017-04-06T06:00,2017-04-06,6,22.67,23.25,21.64,23.41,20.57,20.61,25.27,24.64,21.84,21.32
2017-04-06T07:00,2017-04-06,7,23.54,24.14,23.75,24.47,21.0,20.94,25.96,26.03,22.16,22.09
2017-04-06T08:00,2017-04-06,8,24.68,25.2,26.17,26.04,21.64,21.89,27.08,27.84,22.35,23.19
2017-04-06T09:00,2017-04-06,9,25.69,25.98,27.83,27.63,22.67,22.71,28.23,28.79,22.41,24.77
2017-04-06T10:00,2017-04-06,10,26.51,26.69,29.23,28.53,23.62,23.51,29.06,29.14,22.99,25.74
2017-04-06T11:00,2017-04-06,11,27.41,27.66,29.96,28.65,24.44,24.88,30.34,29.65,24.07,26.82
2017-04-06T12:00,2017-04-06,12,28.34,28.87,29.66,29.63,25.26,26.17,31.39,30.35,25.05,27.78
2017-04-06T13:00,2017-04-06,13,28.91,29.47,29.79,30.12,25.82,26.87,31.8,31.05,25.97,28.29
2017-04-06T14:00,2017-04-06,14,29.19,29.96,29.85,30.29,26.17,27.38,31.56,31.15,26.45,28.52
2017-04-06T15:00,2017-04-06,15,28.94,29.03,29.88,30.06,26.61,27.6,31.5,30.72,26.52,28.5
2017-04-06T16:00,2017-04-06,16,28.37,28.27,29.19,28.58,26.55,27.5,30.97,29.72,26.55,28.33
2017-04-06T17:00,2017-04-06,17,27.92,27.91,28.23,27.89,26.53,27.15,30.18,28.89,26.55,27.97
2017-04-06T18:00,2017-04-06,18,26.64,26.86,26.62,26.77,25.48,25.42,28.21,27.92,26.42,25.51
2017-04-06T19:00,2017-04-06,19,25.66,25.81,25.67,25.82,24.3,24.34,27.55,26.81,25.52,24.48
2017-04-06T20:00,2017-04-06,20,25.16,25.12,25.32,25.23,24.02,23.85,27.08,26.8,24.98,24.06
2017-04-06T21:00,2017-04-06,21,24.81,24.71,24.99,25.01,23.58,23.52,26.88,26.6,24.56,23.68
2017-04-06T22:00,2017-04-06,22,24.55,24.59,24.54,24.69,23.06,22.88,26.81,26.42,24.39,23.3
2017-04-06T23:00,2017-04-06,23,24.44,24.66,24.1,24.76,22.47,22.2,26.63,26.42,24.48,23.32
2017-04-07T00:00,2017-04-07,0,24.41,24.9,23.78,24.7,22.7,21.95,26.4,26.33,24.32,23.17
2017-04-07T01:00,2017-04-07,1,24.36,24.86,23.58,24.98,22.77,21.83,26.39,26.3,24.11,22.97
2017-04-07T02:00,2017-04-07,2,24.24,24.63,24.03,24.75,22.48,22.09,26.18,26.26,24.0,22.69
2017-04-07T03:00,2017-04-07,3,24.05,24.38,23.77,24.58,22.33,22.19,26.12,26.14,23.77,22.4
2017-04-07T04:00,2017-04-07,4,23.97,24.28,23.69,24.44,22.29,22.02,26.02,26.08,23.7,22.45
2017-04-07T05:00,2017-04-07,5,23.94,24.32,23.65,24.48,22.27,21.83,25.98,25.95,23.72,22.27
2017-04-07T06:00,2017-04-07,6,24.2,24.62,24.1,24.54,22.37,21.91,26.24,25.7,24.1,22.84
2017-04-07T07:00,2017-04-07,7,25.27,25.79,25.57,25.7,23.45,23.39,27.08,26.89,24.98,23.39
2017-04-07T08:00,2017-04-07,8,26.42,26.88,27.37,26.97,24.29,24.48,28.18,28.18,26.32,24.06
2017-04-07T09:00,2017-04-07,9,27.58,28.11,28.98,28.1,24.6,24.94,29.35,29.48,28.07,24.96
2017-04-07T10:00,2017-04-07,10,28.67,29.23,29.92,29.32,25.26,25.49,30.56,30.26,29.49,26.18
2017-04-07T11:00,2017-04-07,11,29.56,30.3,30.81,29.91,26.22,26.56,31.23,30.96,30.51,27.02
2017-04-07T12:00,2017-04-07,12,30.3,31.07,30.54,30.52,27.59,27.08,32.21,31.44,31.55,27.9
2017-04-07T13:00,2017-04-07,13,30.78,31.51,30.61,30.83,28.21,27.6,32.85,31.77,32.27,28.51
2017-04-07T14:00,2017-04-07,14,31.14,31.82,30.91,31.06,29.37,27.89,32.95,32.04,32.71,28.82
2017-04-07T15:00,2017-04-07,15,31.29,31.96,30.71,31.07,29.93,28.37,32.93,31.88,32.86,29.33
2017-04-07T16:00,2017-04-07,16,30.98,31.56,29.86,30.94,29.23,27.76,32.89,31.5,32.73,29.5
2017-04-07T17:00,2017-04-07,17,30.29,30.92,28.77,30.29,28.74,27.19,32.06,30.66,31.9,29.1
2017-04-07T18:00,2017-04-07,18,28.89,29.4,27.29,28.75,27.41,26.33,30.58,29.27,30.42,28.06
2017-04-07T19:00,2017-04-07,19,27.69,28.27,26.19,27.57,26.51,25.41,29.47,27.95,29.0,26.33
2017-04-07T20:00,2017-04-07,20,27.02,27.66,25.51,26.9,25.99,24.91,28.67,27.1,28.04,25.86
2017-04-07T21:00,2017-04-07,21,26.64,27.4,25.25,26.39,25.9,24.48,28.23,26.5,27.61,25.34
2017-04-07T22:00,2017-04-07,22,26.31,27.34,24.48,25.97,25.55,24.28,27.73,26.08,27.08,25.12
2017-04-07T23:00,2017-04-07,23,25.99,27.05,24.6,25.52,25.14,24.2,27.16,25.81,26.79,24.67
2017-04-08T00:00,2017-04-08,0,25.55,26.39,24.15,25.27,24.73,23.94,26.68,25.65,26.31,24.41
2017-04-08T01:00,2017-04-08,1,25.13,25.78,23.8,25.01,24.23,23.68,26.42,25.56,25.69,24.05
2017-04-08T02:00,2017-04-08,2,24.84,25.36,23.79,24.69,23.83,23.43,26.19,25.54,25.39,23.79
2017-04-08T03:00,2017-04-08,3,24.56,24.8,23.71,24.41,23.65,23.29,25.92,25.5,25.14,23.66
2017-04-08T04:00,2017-04-08,4,24.54,24.81,23.86,24.07,23.69,23.35,25.98,25.52,25.05,23.71
2017-04-08T05:00,2017-04-08,5,24.68,25.14,23.94,24.22,23.62,23.39,26.26,25.56,24.92,23.8
2017-04-08T06:00,2017-04-08,6,24.92,25.43,24.56,24.83,23.71,23.3,26.82,26.2,24.83,23.43
2017-04-08T07:00,2017-04-08,7,26.27,26.78,25.82,26.38,24.83,24.41,27.52,27.29,26.78,25.0
2017-04-08T08:00,2017-04-08,8,27.49,28.04,27.07,27.73,25.55,25.51,28.44,28.5,28.11,26.58
2017-04-08T09:00,2017-04-08,9,28.68,29.01,28.88,29.02,26.41,26.48,29.54,29.63,29.42,28.08
2017-04-08T10:00,2017-04-08,10,29.71,29.78,30.47,29.91,27.59,27.43,30.53,30.56,30.49,29.45
2017-04-08T11:00,2017-04-08,11,30.48,30.25,31.6,30.62,28.9,28.15,31.48,31.0,31.33,30.39
2017-04-08T12:00,2017-04-08,12,31.21,31.1,31.74,31.06,29.98,28.74,32.38,31.4,32.02,31.45
2017-04-08T13:00,2017-04-08,13,31.7,31.28,32.05,31.35,30.72,29.74,32.94,31.64,32.65,32.53
2017-04-08T14:00,2017-04-08,14,32.04,31.64,31.6,31.4,31.09,29.84,33.68,31.73,33.27,33.26
2017-04-08T15:00,2017-04-08,15,32.18,31.72,31.05,31.32,31.38,30.59,34.01,31.84,33.56,33.57
2017-04-08T16:00,2017-04-08,16,31.94,31.85,30.58,31.15,31.13,30.12,33.78,31.7,33.2,32.7
2017-04-08T17:00,2017-04-08,17,31.06,31.51,29.45,30.54,30.62,29.64,32.77,30.84,31.85,30.42
2017-04-08T18:00,2017-04-08,18,29.53,29.86,28.01,29.24,28.8,28.25,31.24,29.53,30.39,28.85
2017-04-08T19:00,2017-04-08,19,28.11,28.8,26.74,27.8,27.2,26.68,29.78,28.06,28.61,27.13
2017-04-08T20:00,2017-04-08,20,27.51,28.31,26.13,26.93,26.09,26.09,28.96,27.24,28.33,26.87
2017-04-08T21:00,2017-04-08,21,26.97,27.64,25.45,26.44,26.06,25.78,28.29,26.65,27.87,26.21
2017-04-08T22:00,2017-04-08,22,26.54,27.34,25.3,26.23,25.62,25.49,27.6,26.2,27.09,25.6
2017-04-08T23:00,2017-04-08,23,26.22,27.1,25.22,25.91,25.29,24.95,27.14,25.93,26.76,25.15
2017-04-09T00:00,2017-04-09,0,25.81,26.66,24.66,25.74,25.06,24.75,26.77,25.61,26.24,24.5
2017-04-09T01:00,2017-04-09,1,25.52,26.26,24.7,25.38,24.9,24.44,26.42,25.4,25.92,24.22
2017-04-09T02:00,2017-04-09,2,25.2,25.82,24.33,25.05,24.72,23.87,26.13,25.22,25.76,24.1
2017-04-09T03:00,2017-04-09,3,24.97,25.47,24.52,24.84,24.91,23.4,25.9,25.2,25.54,23.46
2017-04-09T04:00,2017-04-09,4,24.82,25.31,24.8,24.73,24.88,23.12,25.74,25.17,25.23,23.16
2017-04-09T05:00,2017-04-09,5,24.68,25.17,25.1,24.66,24.68,22.89,25.9,25.28,24.96,22.36
2017-04-09T06:00,2017-04-09,6,24.55,25.17,25.28,24.8,23.29,22.52,25.81,25.45,24.76,22.32
2017-04-09T07:00,2017-04-09,7,26.13,26.71,26.83,26.49,24.44,22.89,27.2,27.11,26.47,24.93
2017-04-09T08:00,2017-04-09,8,27.6,28.17,28.13,27.87,26.11,23.55,28.75,28.31,28.24,26.8
2017-04-09T09:00,2017-04-09,9,28.89,29.19,29.44,28.55,27.89,24.65,30.03,29.58,29.96,28.7
2017-04-09T10:00,2017-04-09,10,30.05,29.98,30.66,29.42,29.35,26.0,31.03,30.69,31.6,30.39
2017-04-09T11:00,2017-04-09,11,30.92,30.49,31.06,30.33,30.37,27.04,32.06,31.01,32.87,31.94
2017-04-09T12:00,2017-04-09,12,31.3,30.67,31.34,30.67,28.84,27.67,32.51,31.65,33.96,33.16
2017-04-09T13:00,2017-04-09,13,31.72,31.11,31.42,31.09,29.15,27.86,32.83,32.16,34.53,33.93
2017-04-09T14:00,2017-04-09,14,32.03,31.55,31.1,31.09,30.04,28.62,33.38,32.45,34.48,34.24
2017-04-09T15:00,2017-04-09,15,32.11,31.77,31.0,31.37,30.35,29.27,33.36,32.07,34.12,34.18
2017-04-09T16:00,2017-04-09,16,31.72,31.34,30.25,30.89,30.1,29.21,33.62,31.74,33.71,33.32
2017-04-09T17:00,2017-04-09,17,30.76,30.56,29.44,30.25,29.27,28.47,32.98,30.72,32.23,31.48
2017-04-09T18:00,2017-04-09,18,29.15,29.57,27.88,28.96,28.24,27.04,31.08,29.63,30.05,28.01
2017-04-09T19:00,2017-04-09,19,27.86,28.56,26.8,27.9,27.15,25.77,29.79,28.28,28.05,26.28
2017-04-09T20:00,2017-04-09,20,27.22,28.19,26.31,27.33,26.81,25.01,29.01,27.5,27.24,25.06
2017-04-09T21:00,2017-04-09,21,26.69,27.87,25.9,26.98,26.21,24.39,28.29,26.82,26.39,24.48
2017-04-09T22:00,2017-04-09,22,26.24,27.51,25.53,26.41,25.78,24.34,27.57,26.38,25.63,24.16
2017-04-09T23:00,2017-04-09,23,25.76,27.11,25.48,25.84,25.58,24.08,26.84,26.01,24.83,23.45
2017-04-10T00:00,2017-04-10,0,25.2,26.47,24.98,25.41,25.0,23.91,26.27,25.7,24.15,22.67
2017-04-10T01:00,2017-04-10,1,24.78,25.84,24.79,25.03,24.23,23.98,25.97,25.47,23.7,22.34
2017-04-10T02:00,2017-04-10,2,24.42,25.33,24.67,24.68,23.9,23.73,25.62,25.31,23.42,21.86
2017-04-10T03:00,2017-04-10,3,24.08,25.04,24.66,24.47,23.8,22.91,25.42,25.23,22.8,21.14
2017-04-10T04:00,2017-04-10,4,23.81,24.85,24.61,24.28,23.51,22.98,25.24,25.17,22.35,20.26
2017-04-10T05:00,2017-04-10,5,23.65,24.61,24.68,23.97,23.29,23.51,25.4,25.51,22.06,19.43
2017-04-10T06:00,2017-04-10,6,24.31,25.56,25.46,25.33,24.16,22.16,26.55,26.1,22.96,18.91
2017-04-10T07:00,2017-04-10,7,25.6,26.64,26.44,26.47,25.66,23.51,27.24,27.11,24.55,21.34
2017-04-10T08:00,2017-04-10,8,26.95,27.54,28.12,27.55,26.51,24.69,28.17,28.29,26.54,24.11
2017-04-10T09:00,2017-04-10,9,28.49,28.74,29.34,28.78,27.92,25.37,29.68,29.73,29.04,26.72
2017-04-10T10:00,2017-04-10,10,29.97,29.96,30.24,30.04,29.19,26.71,31.24,31.1,31.34,28.81
2017-04-10T11:00,2017-04-10,11,31.2,31.09,30.89,30.96,30.26,28.31,32.72,32.14,32.98,30.37
2017-04-10T12:00,2017-04-10,12,32.21,32.01,31.85,31.83,31.2,29.82,33.83,32.86,34.02,31.53
2017-04-10T13:00,2017-04-10,13,32.88,32.71,32.22,32.43,31.95,30.94,34.54,33.42,34.56,32.3
2017-04-10T14:00,2017-04-10,14,33.19,33.09,31.96,32.73,32.37,31.54,34.93,33.62,34.83,32.72
2017-04-10T15:00,2017-04-10,15,33.12,33.02,31.67,32.74,32.41,31.73,34.92,33.12,34.73,32.7
2017-04-10T16:00,2017-04-10,16,32.63,32.52,30.97,32.26,32.08,31.42,34.49,32.26,34.31,32.15
2017-04-10T17:00,2017-04-10,17,31.45,31.47,29.92,31.26,31.08,30.27,33.26,31.01,32.9,30.53
2017-04-10T18:00,2017-04-10,18,28.76,28.95,28.09,28.64,28.05,28.24,30.67,29.91,29.15,26.8
2017-04-10T19:00,2017-04-10,19,27.05,27.71,26.82,26.96,25.86,25.54,28.78,28.81,27.5,24.24
2017-04-10T20:00,2017-04-10,20,26.42,27.31,26.24,26.28,25.41,24.66,28.0,27.95,26.75,23.54
2017-04-10T21:00,2017-04-10,21,25.71,26.88,25.72,25.87,24.79,23.64,27.38,27.22,25.28,22.46
2017-04-10T22:00,2017-04-10,22,25.1,26.33,25.48,25.55,24.29,22.98,27.08,26.73,23.83,21.65
2017-04-10T23:00,2017-04-10,23,24.61,25.9,24.72,25.25,23.92,22.79,26.7,26.31,22.96,21.07
2017-04-11T00:00,2017-04-11,0,24.16,25.5,24.65,25.06,22.53,22.87,26.42,25.98,21.86,20.73
2017-04-11T01:00,2017-04-11,1,23.76,25.33,24.73,24.83,21.72,22.64,26.04,25.75,21.42,19.33
2017-04-11T02:00,2017-04-11,2,23.61,25.11,24.47,24.68,21.32,22.82,25.72,25.61,21.55,19.2
2017-04-11T03:00,2017-04-11,3,23.33,24.8,25.01,24.43,21.14,22.12,25.6,25.45,21.35,18.14
2017-04-11T04:00,2017-04-11,4,23.18,24.9,25.14,24.39,20.79,21.99,25.6,25.47,20.81,17.38
2017-04-11T05:00,2017-04-11,5,23.16,25.06,25.22,24.41,20.53,22.01,25.96,26.07,20.21,16.93
2017-04-11T06:00,2017-04-11,6,23.59,25.21,25.46,25.47,20.48,22.95,26.55,26.13,20.58,17.63
2017-04-11T07:00,2017-04-11,7,25.22,26.68,26.94,26.51,22.96,24.95,27.4,27.07,22.93,19.95
2017-04-11T08:00,2017-04-11,8,26.96,28.0,27.95,27.7,25.09,26.77,28.32,28.5,25.71,23.4
2017-04-11T09:00,2017-04-11,9,28.66,29.35,29.15,28.93,26.84,27.86,29.8,30.0,28.49,26.37
2017-04-11T10:00,2017-04-11,10,30.26,30.72,30.39,30.19,28.45,28.86,31.66,30.96,30.97,28.62
2017-04-11T11:00,2017-04-11,11,31.53,31.87,31.24,31.12,29.71,29.75,33.23,32.26,32.68,30.37
2017-04-11T12:00,2017-04-11,12,32.44,32.71,31.96,32.03,30.68,30.51,34.17,33.28,33.59,31.55
2017-04-11T13:00,2017-04-11,13,33.01,33.3,32.27,32.54,31.36,31.06,34.75,34.1,34.02,32.25
2017-04-11T14:00,2017-04-11,14,33.27,33.53,32.52,32.64,31.58,31.51,35.13,34.66,34.18,32.56
2017-04-11T15:00,2017-04-11,15,33.16,33.34,32.25,32.43,31.7,31.52,35.15,34.64,34.09,32.46
2017-04-11T16:00,2017-04-11,16,32.66,32.87,31.29,31.85,31.45,31.26,34.74,33.9,33.7,31.85
2017-04-11T17:00,2017-04-11,17,31.56,31.9,29.91,31.04,30.52,30.35,33.61,32.36,32.62,30.44
2017-04-11T18:00,2017-04-11,18,28.81,29.26,27.87,29.17,27.53,27.71,30.73,30.2,28.22,27.68
2017-04-11T19:00,2017-04-11,19,26.78,26.55,26.14,28.11,25.21,26.43,29.3,28.86,25.67,25.35
2017-04-11T20:00,2017-04-11,20,25.62,25.71,25.35,27.16,24.12,24.88,27.98,27.85,24.22,23.46
2017-04-11T21:00,2017-04-11,21,24.67,24.67,24.74,26.12,23.41,24.31,27.75,27.13,23.08,21.53
2017-04-11T22:00,2017-04-11,22,24.19,24.33,24.47,25.82,22.83,23.68,26.96,26.51,22.55,20.93
2017-04-11T23:00,2017-04-11,23,23.58,24.08,24.32,25.51,22.17,23.06,25.11,26.01,21.48,20.47
2017-04-12T00:00,2017-04-12,0,23.07,23.67,23.73,25.1,21.27,22.49,24.35,25.62,21.05,20.04
2017-04-12T01:00,2017-04-12,1,22.86,23.41,23.88,24.9,20.8,22.34,24.47,25.17,20.9,19.54
2017-04-12T02:00,2017-04-12,2,22.55,23.21,24.0,24.64,20.3,21.81,23.93,24.62,20.51,19.25
2017-04-12T03:00,2017-04-12,3,22.22,22.87,24.27,23.86,19.96,21.2,23.74,24.46,20.18,19.01
2017-04-12T04:00,2017-04-12,4,21.98,22.54,24.54,23.16,20.13,21.01,23.71,24.52,19.81,18.52
2017-04-12T05:00,2017-04-12,5,21.86,22.2,24.55,23.41,19.98,21.02,23.71,24.86,19.43,18.33
2017-04-12T06:00,2017-04-12,6,22.53,23.49,24.71,23.93,21.12,21.52,24.01,24.99,19.66,18.92
2017-04-12T07:00,2017-04-12,7,24.19,24.64,25.92,25.12,23.22,23.85,25.25,25.79,22.65,21.39
2017-04-12T08:00,2017-04-12,8,26.06,25.98,27.78,26.6,25.37,26.11,26.91,27.13,25.37,24.12
2017-04-12T09:00,2017-04-12,9,27.99,27.71,29.95,27.9,27.35,28.09,28.77,28.99,27.88,26.48
2017-04-12T10:00,2017-04-12,10,29.78,29.39,31.65,29.53,28.88,29.59,30.8,30.92,29.92,28.51
2017-04-12T11:00,2017-04-12,11,31.2,30.79,32.88,30.71,29.96,30.64,32.67,32.67,31.57,30.02
2017-04-12T12:00,2017-04-12,12,32.27,31.88,33.05,31.82,31.01,31.42,34.15,34.0,32.83,31.13
2017-04-12T13:00,2017-04-12,13,32.95,32.59,32.94,32.64,31.68,31.97,35.09,34.8,33.63,31.83
2017-04-12T14:00,2017-04-12,14,33.24,33.06,32.35,33.15,32.11,31.99,35.49,34.97,33.97,32.08
2017-04-12T15:00,2017-04-12,15,33.23,33.12,32.08,33.27,32.1,31.71,35.54,34.84,33.98,32.1
2017-04-12T16:00,2017-04-12,16,32.84,32.77,31.38,32.94,31.75,31.32,35.28,34.04,33.69,31.7
2017-04-12T17:00,2017-04-12,17,31.8,31.72,30.33,31.86,31.12,29.92,34.3,32.75,32.6,30.82
2017-04-12T18:00,2017-04-12,18,29.6,30.22,28.2,29.5,28.91,27.92,31.32,30.07,29.9,28.44
2017-04-12T19:00,2017-04-12,19,27.85,28.05,26.75,28.26,27.39,26.08,29.89,28.64,28.1,26.38
2017-04-12T20:00,2017-04-12,20,26.59,26.55,25.28,27.16,25.22,25.4,29.04,27.6,27.21,25.07
2017-04-12T21:00,2017-04-12,21,25.64,25.81,24.47,25.16,24.29,24.72,28.04,26.83,26.42,24.23
2017-04-12T22:00,2017-04-12,22,24.91,25.13,23.55,24.49,23.62,24.18,27.13,25.95,25.72,23.52
2017-04-12T23:00,2017-04-12,23,24.36,24.85,22.98,23.81,23.06,23.48,26.39,25.27,25.21,22.84
2017-04-13T00:00,2017-04-13,0,23.78,24.33,22.5,23.58,22.68,22.17,25.58,24.56,24.67,22.19
2017-04-13T01:00,2017-04-13,1,23.35,24.06,22.07,23.41,22.04,21.68,24.69,24.26,24.12,21.69
2017-04-13T02:00,2017-04-13,2,22.84,23.65,21.9,22.57,21.41,21.18,24.19,23.78,23.63,21.09
2017-04-13T03:00,2017-04-13,3,22.49,23.28,21.77,22.17,21.12,21.1,23.57,23.66,23.34,20.58
2017-04-13T04:00,2017-04-13,4,22.1,22.7,20.92,21.89,20.79,20.5,23.26,23.77,23.11,20.43
2017-04-13T05:00,2017-04-13,5,21.96,22.49,20.32,21.85,21.07,20.22,23.21,23.56,23.01,20.43
2017-04-13T06:00,2017-04-13,6,22.57,23.12,21.6,22.41,22.06,20.99,23.97,23.77,23.02,20.91
2017-04-13T07:00,2017-04-13,7,25.1,25.79,24.64,25.53,24.26,23.84,25.54,25.39,25.55,23.49
2017-04-13T08:00,2017-04-13,8,27.42,28.0,27.86,28.21,26.3,26.05,27.14,27.1,27.96,26.14
2017-04-13T09:00,2017-04-13,9,29.49,29.77,30.9,30.37,28.28,28.12,29.08,29.47,30.14,28.05
2017-04-13T10:00,2017-04-13,10,31.2,31.16,33.02,31.86,29.95,29.78,31.23,31.62,32.0,29.69
2017-04-13T11:00,2017-04-13,11,32.41,32.13,33.96,32.87,31.21,30.97,33.03,33.05,33.25,31.21
2017-04-13T12:00,2017-04-13,12,33.14,32.82,33.59,33.65,31.97,31.9,34.37,34.0,33.79,32.19
2017-04-13T13:00,2017-04-13,13,33.5,33.26,33.04,34.12,31.76,32.43,35.18,34.44,34.38,32.48
2017-04-13T14:00,2017-04-13,14,33.42,33.4,33.19,34.08,31.62,32.61,35.27,34.18,33.85,31.99
2017-04-13T15:00,2017-04-13,15,32.92,33.09,32.65,33.8,31.09,32.24,34.68,33.96,33.43,30.52
2017-04-13T16:00,2017-04-13,16,32.09,32.49,31.76,33.32,29.45,31.28,32.85,33.32,32.59,30.32
2017-04-13T17:00,2017-04-13,17,30.88,31.32,30.13,32.27,28.33,29.99,31.26,32.36,31.34,29.48
2017-04-13T18:00,2017-04-13,18,29.33,29.27,28.34,30.02,28.16,29.48,30.13,30.48,30.01,28.05
2017-04-13T19:00,2017-04-13,19,27.99,28.13,26.96,28.53,26.4,28.82,29.02,28.52,28.48,26.57
2017-04-13T20:00,2017-04-13,20,27.04,27.25,26.75,27.8,25.64,27.46,27.8,27.37,26.83,25.87
2017-04-13T21:00,2017-04-13,21,26.22,26.56,25.8,26.12,24.83,26.32,27.4,26.0,26.51,25.28
2017-04-13T22:00,2017-04-13,22,25.48,25.38,24.61,26.12,24.66,24.98,26.52,24.97,26.14,25.08
2017-04-13T23:00,2017-04-13,23,24.89,24.95,24.24,25.17,24.24,24.27,25.66,24.24,25.38,24.79
2017-04-14T00:00,2017-04-14,0,24.2,24.31,23.47,24.32,23.68,23.4,24.84,23.68,24.72,24.3
2017-04-14T01:00,2017-04-14,1,23.54,23.46,22.91,23.6,23.09,22.75,24.34,23.32,24.12,23.62
2017-04-14T02:00,2017-04-14,2,23.17,23.12,22.64,23.5,22.67,22.22,23.74,23.12,23.81,22.96
2017-04-14T03:00,2017-04-14,3,23.08,23.06,23.17,22.92,22.65,22.11,24.01,22.71,23.83,22.53
2017-04-14T04:00,2017-04-14,4,22.68,22.89,22.29,22.26,22.2,21.67,23.52,22.35,23.47,22.3
2017-04-14T05:00,2017-04-14,5,22.23,21.93,21.62,22.1,21.86,21.16,23.66,22.73,22.77,22.21
2017-04-14T06:00,2017-04-14,6,22.33,21.58,21.85,22.41,22.7,21.8,24.01,23.06,22.51,22.37
2017-04-14T07:00,2017-04-14,7,24.64,24.34,24.04,25.42,24.82,24.4,25.15,24.05,24.85,24.56
2017-04-14T08:00,2017-04-14,8,26.99,26.91,26.96,28.33,26.66,26.58,27.06,25.51,27.11,26.74
2017-04-14T09:00,2017-04-14,9,29.22,29.11,30.02,30.43,28.35,28.53,29.32,28.3,29.32,28.83
2017-04-14T10:00,2017-04-14,10,31.1,30.93,32.12,31.98,29.91,30.2,31.56,30.98,31.31,30.47
2017-04-14T11:00,2017-04-14,11,32.48,32.26,33.39,33.09,31.16,31.36,33.37,32.83,32.88,31.72
2017-04-14T12:00,2017-04-14,12,33.34,33.08,33.8,33.87,32.19,32.17,34.58,33.78,33.94,32.41
2017-04-14T13:00,2017-04-14,13,33.65,33.46,32.95,34.22,32.31,32.62,35.22,34.26,34.67,32.61
2017-04-14T14:00,2017-04-14,14,33.72,33.59,32.58,34.33,32.58,32.39,35.32,34.38,35.05,32.4
2017-04-14T15:00,2017-04-14,15,33.33,33.54,31.5,34.18,32.2,31.03,35.13,33.76,34.86,31.74
2017-04-14T16:00,2017-04-14,16,32.51,33.0,30.58,33.14,31.57,29.89,34.4,32.85,33.85,30.82
2017-04-14T17:00,2017-04-14,17,31.3,31.69,29.22,32.14,30.32,29.15,33.0,31.47,32.23,30.2
2017-04-14T18:00,2017-04-14,18,29.24,29.02,27.82,29.74,28.0,27.93,31.0,29.7,30.39,28.68
2017-04-14T19:00,2017-04-14,19,27.81,28.0,26.5,28.09,26.27,27.22,29.29,27.84,28.82,26.87
2017-04-14T20:00,2017-04-14,20,27.21,27.8,25.85,27.4,25.76,26.37,28.19,26.51,28.25,26.31
2017-04-14T21:00,2017-04-14,21,26.59,27.53,25.45,26.89,25.21,25.05,27.19,25.62,27.3,25.76
2017-04-14T22:00,2017-04-14,22,25.85,26.48,24.9,26.1,25.0,24.13,26.2,25.03,26.77,25.41
2017-04-14T23:00,2017-04-14,23,25.12,25.43,24.42,25.1,24.56,23.29,25.36,24.64,26.36,25.03
2017-04-15T00:00,2017-04-15,0,24.29,24.28,24.12,23.67,23.94,22.68,24.66,24.26,25.6,24.56
2017-04-15T01:00,2017-04-15,1,23.81,23.59,24.02,22.96,23.7,22.42,24.2,24.2,24.86,24.27
2017-04-15T02:00,2017-04-15,2,23.32,22.87,24.0,22.78,22.92,22.31,23.84,23.99,24.09,23.67
2017-04-15T03:00,2017-04-15,3,22.91,22.33,24.04,22.46,22.32,22.34,23.73,23.92,23.39,22.85
2017-04-15T04:00,2017-04-15,4,22.66,22.11,24.03,22.59,21.61,22.2,23.58,23.97,22.76,22.31
2017-04-15T05:00,2017-04-15,5,22.44,22.03,23.98,22.68,20.91,21.84,23.53,24.25,22.26,21.59
2017-04-15T06:00,2017-04-15,6,23.37,22.66,24.77,24.59,22.28,22.94,24.48,25.53,22.43,22.57
2017-04-15T07:00,2017-04-15,7,25.34,25.09,25.91,26.3,24.14,25.01,26.31,27.15,24.65,24.36
2017-04-15T08:00,2017-04-15,8,27.11,26.94,27.88,27.9,25.81,26.34,28.03,28.66,26.73,26.15
2017-04-15T09:00,2017-04-15,9,28.66,28.37,29.84,29.32,27.33,27.59,29.77,29.66,28.45,27.92
2017-04-15T10:00,2017-04-15,10,30.03,29.89,31.34,30.4,28.57,28.86,31.11,30.92,30.09,29.08
2017-04-15T11:00,2017-04-15,11,31.12,31.01,32.22,31.5,29.67,29.82,32.23,32.33,31.4,29.85
2017-04-15T12:00,2017-04-15,12,31.76,31.55,32.36,32.32,30.32,30.77,32.92,33.21,32.73,29.79
2017-04-15T13:00,2017-04-15,13,32.15,32.06,32.08,32.85,30.76,31.25,33.43,33.2,33.34,29.97
2017-04-15T14:00,2017-04-15,14,32.01,31.86,31.73,33.06,30.34,31.19,33.33,33.01,33.52,29.48
2017-04-15T15:00,2017-04-15,15,31.61,32.2,31.22,32.87,29.36,30.01,33.32,32.8,33.09,27.49
2017-04-15T16:00,2017-04-15,16,30.77,32.1,30.08,32.2,29.09,28.83,33.09,31.76,30.76,25.85
2017-04-15T17:00,2017-04-15,17,29.61,31.35,28.86,30.95,27.34,28.46,32.12,30.53,28.25,25.16
2017-04-15T18:00,2017-04-15,18,27.63,29.15,27.56,28.99,26.22,27.88,29.99,28.98,24.48,23.71
2017-04-15T19:00,2017-04-15,19,26.54,28.09,26.59,27.84,24.97,26.49,28.3,27.96,23.77,22.9
2017-04-15T20:00,2017-04-15,20,25.44,26.07,26.39,26.92,24.05,25.87,27.12,27.37,23.08,22.15
2017-04-15T21:00,2017-04-15,21,24.71,24.56,26.36,25.83,23.75,25.49,26.49,27.06,22.83,21.8
2017-04-15T22:00,2017-04-15,22,24.12,23.99,26.14,25.11,22.66,23.81,25.76,26.93,22.65,21.5
2017-04-15T23:00,2017-04-15,23,23.83,23.66,25.88,25.0,22.36,23.57,25.3,26.44,22.49,21.22
2017-04-16T00:00,2017-04-16,0,23.67,23.82,25.16,24.86,22.04,22.8,25.34,26.04,22.37,21.02
2017-04-16T01:00,2017-04-16,1,23.29,23.18,24.61,24.44,21.83,22.07,25.17,26.14,22.26,20.79
2017-04-16T02:00,2017-04-16,2,23.05,23.14,24.45,23.99,21.49,21.29,24.92,25.42,22.13,20.73
2017-04-16T03:00,2017-04-16,3,22.88,23.12,24.02,23.62,21.17,21.39,24.53,25.6,21.98,20.62
2017-04-16T04:00,2017-04-16,4,22.64,22.71,23.52,23.44,20.82,21.34,24.34,25.4,22.01,20.52
2017-04-16T05:00,2017-04-16,5,22.53,22.61,23.27,23.33,20.63,21.12,24.43,25.05,21.98,20.41
2017-04-16T06:00,2017-04-16,6,22.58,22.71,23.86,23.67,20.81,20.57,24.57,25.49,21.51,20.23
2017-04-16T07:00,2017-04-16,7,23.88,24.04,26.07,24.83,21.9,21.88,25.72,27.09,22.62,21.21
2017-04-16T08:00,2017-04-16,8,25.13,24.73,28.16,25.96,23.42,23.42,26.9,28.37,23.95,23.0
2017-04-16T09:00,2017-04-16,9,26.45,25.55,29.7,27.27,25.05,25.33,28.2,29.74,25.29,24.78
2017-04-16T10:00,2017-04-16,10,27.76,26.74,31.23,28.92,26.7,26.68,28.71,30.72,26.87,26.21
2017-04-16T11:00,2017-04-16,11,28.67,27.7,31.98,30.23,27.43,27.8,29.26,31.81,27.44,27.34
2017-04-16T12:00,2017-04-16,12,29.2,28.62,32.9,30.8,27.41,28.81,28.94,32.63,27.71,27.61
2017-04-16T13:00,2017-04-16,13,29.48,29.31,32.78,30.51,27.88,29.5,30.63,32.79,26.73,27.51
2017-04-16T14:00,2017-04-16,14,29.45,29.34,32.42,29.88,28.39,29.8,30.85,30.96,26.96,28.07
2017-04-16T15:00,2017-04-16,15,29.29,28.83,31.64,29.07,28.7,29.91,30.85,31.95,27.41,28.04
2017-04-16T16:00,2017-04-16,16,29.2,28.6,31.38,28.76,28.74,29.58,30.91,31.82,27.91,28.01
2017-04-16T17:00,2017-04-16,17,28.58,28.33,30.09,28.81,28.36,28.91,28.59,30.24,27.78,27.73
2017-04-16T18:00,2017-04-16,18,27.46,27.23,28.38,28.24,26.64,26.69,28.78,29.64,26.52,26.11
2017-04-16T19:00,2017-04-16,19,26.16,25.79,27.18,27.06,25.04,25.37,27.72,28.45,25.31,24.76
2017-04-16T20:00,2017-04-16,20,25.58,25.18,26.59,26.4,24.58,25.11,27.02,27.78,24.69,24.34
2017-04-16T21:00,2017-04-16,21,25.13,24.86,26.31,25.81,23.46,24.23,26.72,27.28,24.3,24.09
2017-04-16T22:00,2017-04-16,22,24.67,24.33,26.04,25.01,23.07,23.92,26.11,27.19,23.89,23.76
2017-04-16T23:00,2017-04-16,23,24.22,23.76,25.66,24.54,23.05,23.43,25.62,26.75,23.57,23.22
2017-04-17T00:00,2017-04-17,0,23.68,23.31,24.94,24.08,21.96,22.62,25.31,26.38,23.15,22.65
2017-04-17T01:00,2017-04-17,1,23.14,22.92,24.46,23.73,21.34,21.88,24.93,25.82,22.19,21.94
2017-04-17T02:00,2017-04-17,2,22.7,22.53,23.88,23.35,20.6,21.48,24.73,25.37,21.78,21.32
2017-04-17T03:00,2017-04-17,3,22.22,21.96,23.34,22.95,20.29,21.31,24.28,25.0,21.19,20.8
2017-04-17T04:00,2017-04-17,4,21.8,21.5,22.74,22.54,19.88,21.07,23.75,24.68,20.94,20.32
2017-04-17T05:00,2017-04-17,5,21.48,21.16,22.33,22.15,19.71,20.94,23.39,24.28,20.71,19.93
2017-04-17T06:00,2017-04-17,6,22.1,21.98,22.57,22.63,20.55,22.03,24.12,24.58,21.12,20.33
2017-04-17T07:00,2017-04-17,7,24.05,24.21,24.51,24.7,22.63,23.96,25.72,26.24,22.89,22.07
2017-04-17T08:00,2017-04-17,8,26.18,26.61,26.69,26.82,24.94,25.94,27.48,28.25,24.88,24.12
2017-04-17T09:00,2017-04-17,9,28.18,28.55,28.98,28.74,27.05,27.75,29.3,30.32,27.0,26.18
2017-04-17T10:00,2017-04-17,10,29.8,29.88,30.98,30.34,28.79,29.34,30.88,31.9,28.9,27.91
2017-04-17T11:00,2017-04-17,11,31.03,30.85,32.7,31.57,29.88,30.4,32.07,33.16,30.51,29.23
2017-04-17T12:00,2017-04-17,12,31.91,31.67,33.6,32.15,30.7,31.15,33.09,34.04,31.67,30.25
2017-04-17T13:00,2017-04-17,13,32.34,32.24,32.44,32.57,31.2,31.65,33.65,34.62,32.36,30.93
2017-04-17T14:00,2017-04-17,14,32.66,32.57,32.84,32.73,31.42,32.06,34.1,34.63,32.76,31.29
2017-04-17T15:00,2017-04-17,15,32.61,32.64,32.75,32.56,31.34,31.63,34.19,34.02,32.87,31.38
2017-04-17T16:00,2017-04-17,16,32.26,32.42,31.72,32.25,31.13,30.89,34.04,33.62,32.59,31.05
2017-04-17T17:00,2017-04-17,17,31.48,31.56,30.82,31.42,30.58,29.85,33.49,33.08,31.78,30.29
2017-04-17T18:00,2017-04-17,18,29.05,29.18,28.69,28.83,27.37,27.67,31.45,30.43,28.9,28.31
2017-04-17T19:00,2017-04-17,19,27.4,27.07,27.56,27.74,25.55,26.11,29.94,29.63,27.26,26.29
2017-04-17T20:00,2017-04-17,20,26.6,26.13,27.09,27.09,25.11,25.42,29.03,28.43,26.38,25.54
2017-04-17T21:00,2017-04-17,21,25.78,25.26,26.59,26.0,24.06,24.43,28.63,27.65,25.44,24.83
2017-04-17T22:00,2017-04-17,22,25.17,24.9,25.73,25.11,23.82,23.86,27.77,27.08,24.7,24.23
2017-04-17T23:00,2017-04-17,23,24.85,24.62,25.4,24.55,24.52,23.53,27.1,26.74,24.21,23.91
2017-04-18T00:00,2017-04-18,0,24.39,24.13,25.02,24.44,24.44,22.96,26.66,26.38,23.74,22.78
2017-04-18T01:00,2017-04-18,1,24.01,24.22,24.49,24.12,23.07,22.25,26.35,26.21,23.61,21.73
2017-04-18T02:00,2017-04-18,2,23.74,24.51,22.92,23.94,21.95,22.02,26.08,26.02,23.46,21.28
2017-04-18T03:00,2017-04-18,3,23.61,24.55,22.74,24.08,21.58,21.92,25.88,25.87,23.36,20.71
2017-04-18T04:00,2017-04-18,4,23.45,24.38,22.7,23.9,21.65,21.16,25.61,25.64,23.14,20.9
2017-04-18T05:00,2017-04-18,5,23.28,24.23,22.6,23.73,20.9,20.98,25.37,25.41,23.35,20.73
2017-04-18T06:00,2017-04-18,6,23.83,24.51,22.98,24.39,22.84,22.4,25.27,25.37,23.79,21.5
2017-04-18T07:00,2017-04-18,7,25.86,26.53,25.17,26.5,24.73,24.69,27.04,27.54,25.6,23.77
2017-04-18T08:00,2017-04-18,8,27.52,27.99,27.33,28.12,26.46,26.65,28.56,29.19,27.04,25.76
2017-04-18T09:00,2017-04-18,9,29.0,29.32,29.36,29.33,27.81,28.15,30.05,30.64,28.35,27.75
2017-04-18T10:00,2017-04-18,10,30.1,30.34,30.36,30.35,28.51,29.19,31.27,31.82,29.47,29.32
2017-04-18T11:00,2017-04-18,11,30.83,30.97,30.06,31.03,28.98,29.9,32.31,32.88,30.61,30.41
2017-04-18T12:00,2017-04-18,12,31.4,31.51,30.26,31.72,29.21,30.25,33.2,33.9,31.45,30.79
2017-04-18T13:00,2017-04-18,13,31.84,31.85,30.89,32.26,29.2,30.63,34.1,34.17,32.28,30.73
2017-04-18T14:00,2017-04-18,14,31.75,31.57,30.52,32.41,29.33,30.71,33.67,33.62,32.57,30.89
2017-04-18T15:00,2017-04-18,15,31.62,31.58,30.75,31.98,29.52,29.57,34.1,33.23,32.0,31.04
2017-04-18T16:00,2017-04-18,16,31.03,30.9,30.08,31.11,28.85,29.27,33.68,32.54,31.35,30.88
2017-04-18T17:00,2017-04-18,17,30.34,30.42,29.11,30.55,27.78,28.83,32.75,31.33,30.65,30.33
2017-04-18T18:00,2017-04-18,18,29.18,29.6,28.02,29.19,27.44,27.27,31.1,29.65,29.74,28.59
2017-04-18T19:00,2017-04-18,19,28.06,28.35,27.04,28.24,26.3,26.59,30.06,28.58,28.44,27.36
2017-04-18T20:00,2017-04-18,20,27.42,27.7,26.44,27.63,25.82,25.85,29.35,27.91,27.7,26.84
2017-04-18T21:00,2017-04-18,21,27.12,27.98,25.95,27.12,25.67,25.05,28.6,27.56,27.34,26.26
2017-04-18T22:00,2017-04-18,22,26.81,27.61,25.75,26.73,25.44,25.29,28.05,27.26,27.05,25.91
2017-04-18T23:00,2017-04-18,23,26.44,27.05,25.26,26.37,25.39,24.6,27.57,27.03,26.99,25.7
2017-04-19T00:00,2017-04-19,0,26.15,26.45,25.03,25.96,25.26,25.18,27.19,26.81,26.93,25.4
2017-04-19T01:00,2017-04-19,1,25.85,25.98,25.1,25.56,25.07,25.04,26.92,26.51,26.78,24.96
2017-04-19T02:00,2017-04-19,2,25.53,25.63,24.88,25.3,24.97,24.32,26.84,26.41,26.46,24.31
2017-04-19T03:00,2017-04-19,3,25.06,25.43,24.41,25.13,24.46,23.45,26.81,26.38,25.05,23.51
2017-04-19T04:00,2017-04-19,4,24.75,25.28,24.25,24.94,24.03,22.82,26.79,26.36,24.54,22.69
2017-04-19T05:00,2017-04-19,5,24.53,25.31,24.02,24.71,23.01,22.32,26.77,26.5,24.34,22.11
2017-04-19T06:00,2017-04-19,6,25.03,25.09,24.53,25.23,24.31,22.74,26.4,26.3,25.73,24.14
2017-04-19T07:00,2017-04-19,7,25.83,25.52,25.89,26.49,25.47,23.83,27.23,27.59,26.44,24.34
2017-04-19T08:00,2017-04-19,8,26.4,26.01,27.45,28.13,24.55,25.0,27.82,28.46,26.6,24.06
2017-04-19T09:00,2017-04-19,9,27.27,26.24,28.87,29.71,24.98,25.66,29.92,29.86,27.36,24.41
2017-04-19T10:00,2017-04-19,10,27.94,27.0,30.2,30.12,24.9,26.26,31.71,31.1,27.08,24.81
2017-04-19T11:00,2017-04-19,11,28.19,27.86,31.7,28.88,25.09,26.35,32.3,31.27,26.58,24.95
2017-04-19T12:00,2017-04-19,12,28.59,28.51,31.83,29.18,26.52,26.43,31.91,30.48,27.26,25.6
2017-04-19T13:00,2017-04-19,13,27.99,27.63,31.73,28.51,26.51,27.1,30.24,28.78,26.91,25.5
2017-04-19T14:00,2017-04-19,14,28.08,28.13,31.28,28.69,26.71,26.56,29.67,28.34,28.2,24.73
2017-04-19T15:00,2017-04-19,15,27.83,28.27,30.11,28.74,26.32,25.92,29.45,27.14,28.17,24.49
2017-04-19T16:00,2017-04-19,16,27.11,27.92,29.34,28.35,24.64,25.53,28.8,27.58,25.89,24.04
2017-04-19T17:00,2017-04-19,17,26.4,27.25,28.51,27.93,23.36,24.54,27.74,27.04,25.36,23.68
2017-04-19T18:00,2017-04-19,18,26.11,25.84,26.93,27.4,24.41,24.27,28.7,27.77,25.06,24.79
2017-04-19T19:00,2017-04-19,19,25.42,24.91,26.4,26.47,23.41,23.84,27.96,27.94,24.46,24.38
2017-04-19T20:00,2017-04-19,20,24.96,24.36,26.24,25.78,23.13,23.38,27.16,27.88,24.07,24.09
2017-04-19T21:00,2017-04-19,21,24.6,23.88,26.28,24.91,23.01,23.18,26.66,27.94,24.08,23.58
2017-04-19T22:00,2017-04-19,22,24.47,24.2,25.85,24.26,22.61,22.86,26.75,27.89,23.99,23.05
2017-04-19T23:00,2017-04-19,23,24.3,24.53,25.14,23.73,22.36,22.51,26.62,27.67,23.78,22.63
2017-04-20T00:00,2017-04-20,0,23.98,24.26,25.11,23.83,22.19,22.34,26.58,26.6,22.72,22.32
2017-04-20T01:00,2017-04-20,1,23.85,23.89,25.08,24.16,22.21,22.19,26.91,25.29,22.76,22.08
2017-04-20T02:00,2017-04-20,2,23.58,23.22,24.89,24.18,21.98,22.01,26.68,24.92,22.81,21.96
2017-04-20T03:00,2017-04-20,3,23.29,22.77,24.99,24.15,21.71,21.83,26.03,24.75,22.36,21.83
2017-04-20T04:00,2017-04-20,4,23.18,22.69,24.3,24.02,21.64,21.8,26.41,24.77,22.1,21.73
2017-04-20T05:00,2017-04-20,5,23.06,22.48,24.07,23.84,21.68,21.82,26.53,25.0,21.68,21.74
2017-04-20T06:00,2017-04-20,6,22.63,22.68,23.03,23.0,21.59,21.81,23.66,24.3,22.21,21.55
2017-04-20T07:00,2017-04-20,7,23.79,24.12,24.63,24.43,22.14,22.3,25.19,25.67,23.18,21.96
2017-04-20T08:00,2017-04-20,8,25.19,25.67,26.71,26.35,22.76,23.03,27.33,27.36,24.18,22.38
2017-04-20T09:00,2017-04-20,9,26.47,27.04,28.93,27.88,22.95,23.95,29.36,28.78,25.4,22.7
2017-04-20T10:00,2017-04-20,10,27.26,28.0,30.53,28.37,22.89,24.77,30.31,29.17,26.37,23.15
2017-04-20T11:00,2017-04-20,11,27.71,28.69,30.79,29.11,23.5,25.14,30.77,29.84,26.61,22.84
2017-04-20T12:00,2017-04-20,12,27.86,28.72,30.17,28.74,24.43,25.03,31.25,30.21,27.17,23.23
2017-04-20T13:00,2017-04-20,13,27.76,28.03,30.02,27.33,25.6,25.37,32.08,30.1,27.42,23.61
2017-04-20T14:00,2017-04-20,14,27.61,27.11,29.18,26.25,26.02,25.34,32.63,30.32,28.45,24.27
2017-04-20T15:00,2017-04-20,15,27.04,25.7,26.6,25.61,26.34,26.06,32.87,29.64,28.28,24.81
2017-04-20T16:00,2017-04-20,16,26.67,25.23,26.09,25.83,26.17,25.35,32.07,28.92,27.59,25.25
2017-04-20T17:00,2017-04-20,17,25.88,24.91,24.88,25.97,25.62,24.57,29.22,27.06,26.56,25.24
2017-04-20T18:00,2017-04-20,18,26.16,26.61,26.35,25.92,24.87,25.56,27.79,27.36,26.02,24.31
2017-04-20T19:00,2017-04-20,19,25.17,25.69,25.06,25.07,23.64,24.59,25.95,26.76,25.21,23.86
2017-04-20T20:00,2017-04-20,20,24.81,25.26,25.05,24.68,23.8,24.16,25.67,25.93,24.73,23.36
2017-04-20T21:00,2017-04-20,21,24.37,24.5,24.8,24.25,23.68,23.61,25.63,25.33,24.62,22.75
2017-04-20T22:00,2017-04-20,22,24.14,24.32,24.65,23.94,23.0,23.05,25.83,25.34,24.25,22.53
2017-04-20T23:00,2017-04-20,23,24.12,24.35,24.5,24.1,22.65,22.7,26.06,25.67,24.14,22.39
2017-04-21T00:00,2017-04-21,0,24.16,24.54,24.18,24.05,22.55,22.59,26.35,26.17,23.94,22.38
2017-04-21T01:00,2017-04-21,1,24.07,24.32,24.06,24.21,22.4,22.45,26.69,26.43,23.51,22.23
2017-04-21T02:00,2017-04-21,2,23.78,23.63,23.79,23.89,22.1,22.42,26.85,26.54,23.25,22.2
2017-04-21T03:00,2017-04-21,3,23.55,23.14,23.82,23.38,21.94,22.26,26.95,26.74,22.94,22.16
2017-04-21T04:00,2017-04-21,4,23.3,22.77,23.74,22.76,21.87,22.11,27.05,26.78,22.47,22.04
2017-04-21T05:00,2017-04-21,5,23.11,22.47,23.91,22.38,21.75,22.02,27.11,26.61,22.05,21.94
2017-04-21T06:00,2017-04-21,6,23.16,22.58,23.48,22.82,22.35,22.38,26.89,25.4,22.14,22.06
2017-04-21T07:00,2017-04-21,7,23.61,23.3,24.4,23.31,22.76,22.42,26.57,24.99,22.88,22.62
2017-04-21T08:00,2017-04-21,8,24.13,24.05,25.82,24.16,23.16,22.43,26.06,24.5,23.92,22.79
2017-04-21T09:00,2017-04-21,9,24.97,25.19,26.7,25.09,23.25,22.97,26.34,24.96,25.49,23.37
2017-04-21T10:00,2017-04-21,10,25.81,26.72,27.04,25.47,23.45,23.59,27.33,26.38,25.81,24.12
2017-04-21T11:00,2017-04-21,11,26.52,27.37,27.0,26.98,23.69,23.91,29.32,27.97,25.65,24.5
2017-04-21T12:00,2017-04-21,12,26.86,26.65,28.69,28.73,23.76,23.91,31.09,28.27,25.07,25.0
2017-04-21T13:00,2017-04-21,13,26.81,25.92,29.4,28.97,23.46,23.86,31.34,29.28,24.4,25.79
2017-04-21T14:00,2017-04-21,14,26.71,26.18,29.48,28.09,23.41,23.62,30.59,29.83,24.3,25.82
2017-04-21T15:00,2017-04-21,15,26.43,25.91,29.17,27.42,23.39,23.24,28.97,29.93,24.86,26.07
2017-04-21T16:00,2017-04-21,16,25.96,25.4,28.33,26.73,23.3,23.11,27.77,29.76,24.97,25.63
2017-04-21T17:00,2017-04-21,17,25.5,25.27,26.44,25.92,22.96,23.12,27.61,28.27,25.2,24.97
2017-04-21T18:00,2017-04-21,18,25.36,24.78,24.25,26.42,23.42,23.15,29.51,27.94,24.94,24.26
2017-04-21T19:00,2017-04-21,19,24.61,24.09,23.66,25.41,23.18,22.99,27.34,27.46,24.41,23.85
2017-04-21T20:00,2017-04-21,20,24.08,23.84,23.58,24.39,22.77,22.86,26.09,26.37,23.96,23.32
2017-04-21T21:00,2017-04-21,21,23.71,23.46,23.25,23.89,22.9,22.72,25.46,25.61,23.56,23.1
2017-04-21T22:00,2017-04-21,22,23.66,23.48,23.22,23.78,22.81,22.65,25.77,25.4,23.34,22.89
2017-04-21T23:00,2017-04-21,23,23.71,23.61,23.41,23.86,22.46,22.63,26.01,25.49,23.29,22.9
2017-04-22T00:00,2017-04-22,0,23.83,23.94,23.36,23.95,22.26,22.61,26.13,25.55,23.25,23.12
2017-04-22T01:00,2017-04-22,1,23.98,24.19,23.36,24.34,22.23,22.51,26.56,26.02,23.21,22.96
2017-04-22T02:00,2017-04-22,2,24.11,24.47,23.6,24.66,22.19,22.46,26.75,26.34,23.12,22.72
2017-04-22T03:00,2017-04-22,3,24.16,24.76,23.64,24.76,22.1,22.39,26.9,26.55,22.9,22.44
2017-04-22T04:00,2017-04-22,4,24.22,24.94,23.79,25.0,22.04,22.29,26.93,26.69,22.74,22.31
2017-04-22T05:00,2017-04-22,5,24.25,25.04,24.0,25.02,21.94,22.11,27.04,26.74,22.75,22.2
2017-04-22T06:00,2017-04-22,6,23.81,24.02,23.86,24.77,22.0,22.04,27.17,26.67,21.97,21.82
2017-04-22T07:00,2017-04-22,7,24.02,23.91,24.65,25.2,22.13,22.22,27.64,27.35,21.9,21.99
2017-04-22T08:00,2017-04-22,8,24.55,24.37,26.27,25.93,22.44,22.42,28.28,28.28,22.03,22.15
2017-04-22T09:00,2017-04-22,9,25.02,24.73,27.71,26.8,22.26,23.04,28.33,29.23,22.42,22.27
2017-04-22T10:00,2017-04-22,10,25.45,25.06,29.59,26.4,22.44,23.98,28.74,29.5,23.01,22.51
2017-04-22T11:00,2017-04-22,11,25.56,25.02,29.84,26.15,22.43,24.13,28.31,29.92,23.66,23.15
2017-04-22T12:00,2017-04-22,12,25.83,25.33,29.42,26.5,22.53,23.87,28.63,30.12,24.13,23.96
2017-04-22T13:00,2017-04-22,13,26.21,26.26,29.75,26.6,22.61,23.7,29.58,29.75,23.92,24.4
2017-04-22T14:00,2017-04-22,14,26.07,25.98,29.5,26.07,22.75,23.77,29.55,28.22,24.39,24.65
2017-04-22T15:00,2017-04-22,15,25.58,25.14,27.91,26.27,22.81,23.85,28.36,27.59,24.65,24.35
2017-04-22T16:00,2017-04-22,16,25.32,24.76,27.24,26.18,22.94,23.77,27.1,27.96,24.74,24.43
2017-04-22T17:00,2017-04-22,17,25.25,24.89,26.89,25.78,22.95,23.68,26.31,27.57,25.12,24.79
2017-04-22T18:00,2017-04-22,18,24.63,24.38,25.49,25.17,23.16,22.56,25.87,25.53,24.8,24.38
2017-04-22T19:00,2017-04-22,19,24.28,23.96,25.68,24.95,22.54,22.54,25.44,25.92,24.16,23.67
2017-04-22T20:00,2017-04-22,20,24.06,23.72,25.36,24.82,22.31,22.42,25.55,26.25,23.69,23.06
2017-04-22T21:00,2017-04-22,21,23.98,23.82,25.08,25.1,22.22,22.26,25.47,26.63,23.29,22.46
2017-04-22T22:00,2017-04-22,22,23.97,23.84,24.95,25.43,22.17,22.13,25.57,26.7,23.14,22.21
2017-04-22T23:00,2017-04-22,23,23.81,23.34,24.82,25.54,22.26,22.17,25.63,26.72,22.84,22.14
2017-04-23T00:00,2017-04-23,0,23.57,22.88,24.86,25.1,22.14,22.32,25.5,26.92,22.56,21.9
2017-04-23T01:00,2017-04-23,1,23.29,22.44,24.75,24.82,21.97,22.09,25.1,26.92,22.35,21.64
2017-04-23T02:00,2017-04-23,2,22.97,22.25,24.48,23.83,21.85,21.78,24.89,26.8,22.16,21.22
2017-04-23T03:00,2017-04-23,3,22.73,22.01,23.96,23.01,21.71,21.74,24.8,26.57,22.16,21.16
2017-04-23T04:00,2017-04-23,4,22.67,22.07,23.84,22.72,21.75,21.69,24.6,26.76,22.12,21.03
2017-04-23T05:00,2017-04-23,5,22.52,22.02,23.58,22.58,21.76,21.77,24.3,26.44,21.98,20.68
2017-04-23T06:00,2017-04-23,6,22.59,21.98,23.27,23.84,21.33,21.16,24.51,25.92,21.53,21.55
2017-04-23T07:00,2017-04-23,7,23.33,22.48,24.16,25.19,22.03,21.34,25.14,26.79,22.34,22.43
2017-04-23T08:00,2017-04-23,8,24.37,23.47,25.77,26.04,23.46,21.9,26.28,27.68,23.35,23.45
2017-04-23T09:00,2017-04-23,9,25.42,24.42,26.84,26.87,24.48,22.66,28.04,28.27,24.36,24.68
2017-04-23T10:00,2017-04-23,10,26.29,25.43,27.5,26.09,25.21,23.26,30.03,29.43,25.51,25.94
2017-04-23T11:00,2017-04-23,11,26.9,25.91,28.21,26.13,25.87,23.93,31.1,29.23,26.36,27.08
2017-04-23T12:00,2017-04-23,12,27.34,26.29,28.14,26.04,26.58,24.72,31.9,28.51,27.47,27.73
2017-04-23T13:00,2017-04-23,13,27.46,26.11,28.28,25.74,27.7,24.75,31.73,28.15,28.24,28.14
2017-04-23T14:00,2017-04-23,14,27.2,25.26,27.17,25.61,27.81,25.05,31.1,28.88,28.78,28.24
2017-04-23T15:00,2017-04-23,15,26.78,24.55,27.86,25.25,27.64,24.95,29.36,28.13,28.87,28.2
2017-04-23T16:00,2017-04-23,16,26.32,24.68,26.58,25.1,27.19,24.88,27.0,27.84,28.23,28.28
2017-04-23T17:00,2017-04-23,17,26.07,24.87,26.08,25.31,25.96,24.6,26.2,27.73,27.75,28.06
2017-04-23T18:00,2017-04-23,18,26.24,25.84,26.66,26.36,25.97,24.37,27.3,26.71,26.83,26.16
2017-04-23T19:00,2017-04-23,19,25.35,24.7,26.12,25.33,25.11,23.71,26.64,26.19,25.76,25.42
2017-04-23T20:00,2017-04-23,20,25.04,24.52,25.93,25.1,24.67,23.42,26.45,26.06,25.11,24.8
2017-04-23T21:00,2017-04-23,21,24.84,24.53,25.88,25.25,24.0,23.04,26.26,26.21,24.68,24.15
2017-04-23T22:00,2017-04-23,22,24.73,24.72,25.51,25.01,23.7,22.69,26.34,26.3,24.4,23.8
2017-04-23T23:00,2017-04-23,23,24.56,24.74,25.12,24.56,23.18,22.53,26.29,26.56,24.13,23.64
2017-04-24T00:00,2017-04-24,0,24.45,24.76,24.63,24.41,23.08,22.25,26.49,26.8,23.91,23.28
2017-04-24T01:00,2017-04-24,1,24.38,24.67,24.35,24.62,22.72,22.12,26.68,26.96,23.69,23.08
2017-04-24T02:00,2017-04-24,2,24.22,24.28,24.21,24.81,22.43,21.93,26.77,26.93,23.65,22.82
2017-04-24T03:00,2017-04-24,3,23.76,23.2,23.42,24.31,22.18,21.91,26.97,27.05,23.42,22.55
2017-04-24T04:00,2017-04-24,4,23.48,23.03,22.67,23.62,21.94,21.73,27.03,27.12,23.07,22.27
2017-04-24T05:00,2017-04-24,5,23.3,22.87,22.65,23.02,21.88,21.57,27.01,27.22,22.78,22.12
2017-04-24T06:00,2017-04-24,6,23.34,23.07,23.27,23.27,21.81,21.34,26.41,25.93,23.19,22.23
2017-04-24T07:00,2017-04-24,7,23.83,23.11,24.24,24.54,21.95,21.68,27.07,26.79,23.54,22.79
2017-04-24T08:00,2017-04-24,8,24.7,23.38,26.28,25.61,22.12,22.07,28.2,27.89,24.65,24.12
2017-04-24T09:00,2017-04-24,9,25.66,23.7,28.1,26.78,23.16,22.31,29.68,28.56,25.96,25.42
2017-04-24T10:00,2017-04-24,10,26.16,24.33,28.76,27.22,24.37,22.22,29.15,29.64,26.4,26.23
2017-04-24T11:00,2017-04-24,11,26.74,25.6,29.07,26.87,24.79,22.74,29.69,29.74,26.91,26.81
2017-04-24T12:00,2017-04-24,12,27.37,27.14,29.35,27.43,23.94,23.28,30.27,28.2,27.97,27.31
2017-04-24T13:00,2017-04-24,13,27.52,27.78,28.6,26.66,24.57,23.68,30.16,27.52,28.56,27.62
2017-04-24T14:00,2017-04-24,14,27.76,28.82,27.47,26.81,24.64,23.42,30.03,27.96,29.01,27.52
2017-04-24T15:00,2017-04-24,15,28.15,29.3,26.4,28.19,25.04,23.2,30.0,28.97,29.96,27.5
2017-04-24T16:00,2017-04-24,16,28.36,29.39,27.14,28.53,24.72,23.07,30.27,29.43,30.46,27.5
2017-04-24T17:00,2017-04-24,17,27.86,28.87,26.77,28.28,23.99,22.67,29.32,29.07,29.85,27.24
2017-04-24T18:00,2017-04-24,18,26.84,27.21,26.8,25.7,24.68,23.52,28.99,27.89,27.93,26.86
2017-04-24T19:00,2017-04-24,19,26.38,26.91,26.25,25.46,24.45,23.15,28.4,27.67,27.26,25.85
2017-04-24T20:00,2017-04-24,20,26.08,26.57,25.97,25.5,23.99,23.02,28.15,27.55,26.74,25.32
2017-04-24T21:00,2017-04-24,21,25.89,26.49,25.91,25.69,23.47,22.8,27.93,27.49,26.22,24.95
2017-04-24T22:00,2017-04-24,22,25.73,26.36,25.71,25.95,23.27,22.55,27.7,27.46,25.96,24.51
2017-04-24T23:00,2017-04-24,23,25.69,26.45,25.53,26.17,23.27,22.32,27.47,27.56,26.04,24.06
2017-04-25T00:00,2017-04-25,0,25.73,26.71,25.38,26.4,23.36,22.28,27.36,27.51,26.07,23.69
2017-04-25T01:00,2017-04-25,1,25.73,26.78,25.43,26.52,23.32,22.22,27.19,27.39,26.02,23.68
2017-04-25T02:00,2017-04-25,2,25.74,26.85,25.4,26.49,23.39,22.27,27.05,27.29,26.07,23.66
2017-04-25T03:00,2017-04-25,3,25.74,26.87,25.04,26.53,24.0,22.39,26.86,27.21,25.99,23.65
2017-04-25T04:00,2017-04-25,4,25.73,26.79,24.94,26.45,24.71,22.4,26.69,27.09,25.85,23.84
2017-04-25T05:00,2017-04-25,5,25.68,26.61,24.99,26.45,25.03,22.35,26.55,26.93,25.72,23.94
2017-04-25T06:00,2017-04-25,6,25.45,26.58,24.34,26.28,23.77,21.75,27.08,27.11,25.91,22.99
2017-04-25T07:00,2017-04-25,7,26.32,27.26,25.16,27.17,25.03,22.59,28.09,27.95,27.09,23.6
2017-04-25T08:00,2017-04-25,8,27.43,28.41,26.38,28.11,26.41,23.55,29.24,29.17,28.17,24.58
2017-04-25T09:00,2017-04-25,9,28.77,29.76,28.03,29.38,28.25,24.33,30.47,30.04,29.62,25.93
2017-04-25T10:00,2017-04-25,10,29.93,30.9,28.73,30.17,29.86,24.99,31.67,30.81,31.17,27.68
2017-04-25T11:00,2017-04-25,11,30.86,31.76,29.6,30.82,30.6,25.74,32.8,31.1,32.54,29.04
2017-04-25T12:00,2017-04-25,12,31.56,32.58,30.14,30.76,31.46,26.09,33.58,31.05,33.59,30.37
2017-04-25T13:00,2017-04-25,13,32.14,33.2,30.33,31.08,32.23,25.95,34.16,31.09,34.33,31.88
2017-04-25T14:00,2017-04-25,14,32.4,33.45,29.97,31.54,32.64,26.39,34.34,30.8,34.52,32.68
2017-04-25T15:00,2017-04-25,15,32.23,33.35,29.23,31.25,32.6,27.02,33.48,30.68,34.48,32.85
2017-04-25T16:00,2017-04-25,16,31.57,32.94,28.68,30.64,31.47,27.04,31.28,30.25,33.84,32.73
2017-04-25T17:00,2017-04-25,17,30.48,31.81,28.25,29.92,30.32,25.58,30.08,29.53,32.43,31.37
2017-04-25T18:00,2017-04-25,18,29.26,30.36,28.25,28.99,26.27,25.42,30.72,28.86,30.83,29.02
2017-04-25T19:00,2017-04-25,19,28.01,29.24,27.46,28.16,25.35,23.5,29.8,28.19,28.64,27.2
2017-04-25T20:00,2017-04-25,20,27.23,28.37,27.35,27.82,23.93,22.99,28.81,27.78,27.45,26.48
2017-04-25T21:00,2017-04-25,21,26.7,27.73,27.0,27.64,23.17,23.17,28.18,27.69,26.48,25.8
2017-04-25T22:00,2017-04-25,22,26.23,26.76,26.85,27.54,23.15,23.27,27.6,27.57,25.98,25.16
2017-04-25T23:00,2017-04-25,23,26.08,26.56,26.63,27.57,23.32,23.67,27.26,27.25,25.75,24.78
2017-04-26T00:00,2017-04-26,0,25.92,26.47,26.46,27.52,23.41,23.47,26.99,27.04,25.48,24.52
2017-04-26T01:00,2017-04-26,1,25.86,26.53,26.42,27.29,23.59,23.18,26.75,27.15,25.55,24.2
2017-04-26T02:00,2017-04-26,2,25.83,26.54,26.37,27.14,24.23,23.35,26.51,27.1,25.57,23.8
2017-04-26T03:00,2017-04-26,3,25.79,26.53,26.29,26.99,24.82,23.17,26.25,26.99,25.49,23.72
2017-04-26T04:00,2017-04-26,4,25.71,26.36,26.31,26.96,25.34,23.03,26.07,26.77,25.45,23.51
2017-04-26T05:00,2017-04-26,5,25.66,26.35,25.96,26.87,25.73,22.92,25.98,26.63,25.24,23.61
2017-04-26T06:00,2017-04-26,6,26.2,26.95,26.43,27.12,26.26,22.6,26.66,27.11,25.78,24.87
2017-04-26T07:00,2017-04-26,7,27.18,27.8,26.71,27.97,26.89,23.01,28.2,28.04,27.24,26.36
2017-04-26T08:00,2017-04-26,8,28.28,29.03,27.78,28.89,28.15,23.02,29.52,29.11,28.55,27.5
2017-04-26T09:00,2017-04-26,9,29.37,30.13,28.55,29.94,29.02,22.73,31.0,29.89,30.17,29.06
2017-04-26T10:00,2017-04-26,10,30.45,31.21,29.67,30.66,29.55,23.5,32.32,30.63,31.83,30.41
2017-04-26T11:00,2017-04-26,11,31.57,32.23,30.13,31.17,31.12,25.59,33.5,31.0,33.35,31.86
2017-04-26T12:00,2017-04-26,12,32.51,33.06,30.42,31.56,32.63,27.34,34.38,31.37,34.78,33.11
2017-04-26T13:00,2017-04-26,13,33.06,33.73,30.46,31.77,33.5,28.13,34.73,31.3,35.61,33.97
2017-04-26T14:00,2017-04-26,14,33.2,34.04,30.51,31.62,33.51,28.53,34.61,31.63,35.49,34.47
2017-04-26T15:00,2017-04-26,15,32.88,33.63,30.34,31.35,31.62,29.6,34.02,31.33,35.44,34.42
2017-04-26T16:00,2017-04-26,16,32.04,31.97,29.74,30.74,31.1,29.93,33.09,30.89,34.9,33.72
2017-04-26T17:00,2017-04-26,17,31.03,30.85,28.96,30.03,30.52,28.71,32.25,30.02,33.85,32.16
2017-04-26T18:00,2017-04-26,18,29.39,29.5,28.11,28.94,27.55,27.5,30.97,29.13,31.06,29.79
2017-04-26T19:00,2017-04-26,19,28.1,28.35,27.13,28.13,26.22,26.38,29.71,28.26,29.43,27.4
2017-04-26T20:00,2017-04-26,20,27.61,28.1,26.71,27.57,25.83,25.87,28.93,27.65,28.27,27.35
2017-04-26T21:00,2017-04-26,21,27.19,28.02,26.58,27.14,25.69,25.36,28.36,27.24,27.35,26.43
2017-04-26T22:00,2017-04-26,22,26.68,27.46,26.42,26.71,25.4,25.18,27.86,27.0,27.02,25.0
2017-04-26T23:00,2017-04-26,23,26.38,26.96,26.16,26.39,25.42,24.71,27.52,26.9,27.06,24.54
2017-04-27T00:00,2017-04-27,0,26.13,26.61,25.92,26.16,25.38,24.54,27.23,26.9,26.93,24.14
2017-04-27T01:00,2017-04-27,1,26.06,26.65,25.74,26.18,25.49,24.29,27.1,26.75,26.64,24.12
2017-04-27T02:00,2017-04-27,2,26.01,26.73,25.5,26.48,25.42,24.06,26.94,26.61,26.28,24.19
2017-04-27T03:00,2017-04-27,3,25.85,26.69,25.47,26.4,25.4,23.77,26.73,26.39,25.95,23.72
2017-04-27T04:00,2017-04-27,4,25.76,26.7,25.62,26.36,25.38,23.4,26.66,26.39,25.61,23.48
2017-04-27T05:00,2017-04-27,5,25.61,26.61,25.68,26.29,25.39,23.39,26.4,26.26,25.32,22.99
2017-04-27T06:00,2017-04-27,6,26.07,26.81,25.65,26.39,25.73,23.89,27.19,26.89,25.93,24.36
2017-04-27T07:00,2017-04-27,7,27.07,27.62,26.63,27.58,26.29,24.38,28.06,27.83,27.2,26.17
2017-04-27T08:00,2017-04-27,8,28.17,28.69,27.92,28.82,27.31,25.01,29.19,28.88,28.15,27.55
2017-04-27T09:00,2017-04-27,9,29.3,29.7,29.12,29.79,28.43,25.75,30.28,30.01,29.43,29.18
2017-04-27T10:00,2017-04-27,10,30.32,30.34,30.24,30.75,29.59,26.4,31.51,30.87,30.97,30.63
2017-04-27T11:00,2017-04-27,11,31.35,31.43,31.03,31.41,30.9,26.76,32.67,31.6,32.33,31.93
2017-04-27T12:00,2017-04-27,12,32.24,32.48,31.7,32.0,32.02,27.58,33.46,31.96,33.38,33.05
2017-04-27T13:00,2017-04-27,13,32.75,32.94,31.66,32.32,32.47,28.43,33.95,32.5,34.06,33.96
2017-04-27T14:00,2017-04-27,14,32.89,33.23,31.23,32.27,32.82,29.36,34.19,32.44,33.65,34.39
2017-04-27T15:00,2017-04-27,15,32.71,33.43,30.52,32.11,33.05,29.93,34.1,32.11,32.61,33.84
2017-04-27T16:00,2017-04-27,16,31.94,33.11,29.84,31.57,31.73,29.8,31.97,31.18,31.94,32.93
2017-04-27T17:00,2017-04-27,17,30.82,32.13,29.13,30.53,30.75,29.05,29.59,30.14,30.85,31.87
2017-04-27T18:00,2017-04-27,18,29.33,30.19,28.0,29.26,28.86,27.53,28.56,29.23,30.52,29.18
2017-04-27T19:00,2017-04-27,19,28.4,29.48,26.65,28.23,28.03,26.11,28.15,28.14,28.9,28.73
2017-04-27T20:00,2017-04-27,20,27.65,28.73,26.33,27.58,27.48,25.47,28.27,27.49,27.96,26.67
2017-04-27T21:00,2017-04-27,21,27.0,27.88,25.98,27.11,27.11,24.89,28.0,27.08,27.37,25.26
2017-04-27T22:00,2017-04-27,22,26.59,27.32,25.74,26.69,26.08,24.73,27.79,26.79,27.07,24.97
2017-04-27T23:00,2017-04-27,23,26.13,26.84,25.59,26.21,24.59,24.31,27.43,26.6,26.73,24.65
2017-04-28T00:00,2017-04-28,0,25.64,26.28,25.55,25.88,22.99,23.73,27.09,26.37,26.22,24.34
2017-04-28T01:00,2017-04-28,1,25.3,25.69,25.24,25.47,23.2,23.32,26.85,26.23,25.84,24.24
2017-04-28T02:00,2017-04-28,2,25.14,25.43,25.42,25.21,23.03,23.3,26.72,26.29,25.54,24.11
2017-04-28T03:00,2017-04-28,3,25.14,25.35,25.45,25.36,23.4,23.36,26.65,26.34,25.54,23.81
2017-04-28T04:00,2017-04-28,4,25.28,25.69,25.53,25.7,23.55,23.49,26.7,26.49,25.57,23.52
2017-04-28T05:00,2017-04-28,5,25.41,25.86,25.29,25.8,24.07,23.7,26.71,26.49,25.66,23.72
2017-04-28T06:00,2017-04-28,6,25.98,26.37,26.12,26.44,24.59,23.94,27.28,26.98,25.96,24.78
2017-04-28T07:00,2017-04-28,7,27.0,27.38,27.02,27.32,25.21,24.92,28.21,27.96,27.4,26.04
2017-04-28T08:00,2017-04-28,8,28.05,28.62,28.13,28.56,25.81,25.48,29.36,29.05,28.35,26.98
2017-04-28T09:00,2017-04-28,9,29.03,29.64,28.85,29.54,26.75,26.26,30.44,29.9,29.61,27.89
2017-04-28T10:00,2017-04-28,10,30.09,30.89,29.71,30.43,28.1,26.01,31.67,30.76,30.95,28.99
2017-04-28T11:00,2017-04-28,11,31.06,31.52,30.62,31.29,29.19,27.26,32.74,31.62,32.38,30.16
2017-04-28T12:00,2017-04-28,12,31.77,31.99,31.04,31.63,29.92,28.52,33.69,32.02,33.46,31.27
2017-04-28T13:00,2017-04-28,13,32.17,32.59,31.02,31.65,30.56,27.86,34.39,32.21,33.89,32.18
2017-04-28T14:00,2017-04-28,14,32.2,32.82,30.82,31.44,30.98,27.28,34.72,31.74,33.52,32.73
2017-04-28T15:00,2017-04-28,15,31.83,33.01,30.62,30.71,30.05,28.25,33.97,31.46,33.17,31.03
2017-04-28T16:00,2017-04-28,16,31.28,32.41,29.8,30.65,28.45,28.64,32.58,31.08,32.98,30.79
2017-04-28T17:00,2017-04-28,17,30.1,30.56,28.85,30.06,28.03,28.48,30.18,30.14,32.23,29.93
2017-04-28T18:00,2017-04-28,18,28.31,28.74,27.92,27.71,27.86,27.4,28.53,29.49,29.83,26.51
2017-04-28T19:00,2017-04-28,19,27.2,27.6,26.79,26.82,26.56,25.84,27.77,28.36,28.17,25.92
2017-04-28T20:00,2017-04-28,20,26.57,26.99,25.56,26.64,25.98,24.9,27.17,27.87,27.28,25.59
2017-04-28T21:00,2017-04-28,21,26.18,26.58,24.98,26.39,25.37,24.77,26.89,27.3,26.84,25.31
2017-04-28T22:00,2017-04-28,22,25.78,26.11,24.96,25.99,24.95,24.32,26.56,26.8,26.32,24.91
2017-04-28T23:00,2017-04-28,23,25.53,25.92,25.14,25.6,24.72,23.9,26.43,26.52,25.96,24.42
2017-04-29T00:00,2017-04-29,0,25.27,25.7,24.65,25.27,24.62,23.75,26.35,26.36,25.66,23.95
2017-04-29T01:00,2017-04-29,1,25.05,25.48,24.48,25.05,24.53,23.74,26.29,26.23,25.24,23.51
2017-04-29T02:00,2017-04-29,2,24.84,25.33,24.38,24.94,24.18,23.54,26.31,26.19,24.72,23.05
2017-04-29T03:00,2017-04-29,3,24.74,25.31,24.04,25.02,23.99,23.26,26.24,26.4,24.62,22.71
2017-04-29T04:00,2017-04-29,4,24.73,25.49,23.98,25.57,23.45,23.09,26.2,26.57,24.46,22.25
2017-04-29T05:00,2017-04-29,5,24.67,25.76,24.55,25.86,21.72,22.42,26.14,26.38,24.48,21.97
2017-04-29T06:00,2017-04-29,6,25.25,25.97,25.28,26.13,23.19,22.96,26.94,26.94,25.67,22.24
2017-04-29T07:00,2017-04-29,7,26.09,26.82,26.85,27.06,22.2,24.17,27.89,27.91,26.97,22.72
2017-04-29T08:00,2017-04-29,8,27.25,27.77,28.38,28.27,24.87,26.13,28.96,29.11,27.8,22.92
2017-04-29T09:00,2017-04-29,9,28.51,28.88,29.79,29.55,27.51,27.98,30.06,30.25,28.87,23.5
2017-04-29T10:00,2017-04-29,10,29.65,30.23,30.61,30.48,29.41,29.35,31.0,31.23,29.96,24.28
2017-04-29T11:00,2017-04-29,11,30.56,31.09,31.2,31.13,30.03,29.99,32.27,31.97,31.17,25.55
2017-04-29T12:00,2017-04-29,12,31.39,31.61,31.84,31.85,30.74,30.81,33.17,32.11,32.2,27.61
2017-04-29T13:00,2017-04-29,13,31.91,32.2,31.94,32.25,31.27,31.18,33.77,32.48,33.04,28.17
2017-04-29T14:00,2017-04-29,14,31.86,32.51,31.52,32.2,30.49,31.02,33.97,32.36,33.28,27.54
2017-04-29T15:00,2017-04-29,15,31.32,32.55,30.81,32.0,26.08,29.58,33.86,31.84,32.85,28.0
2017-04-29T16:00,2017-04-29,16,30.93,32.17,30.04,31.56,27.47,29.11,33.18,31.17,31.94,27.79
2017-04-29T17:00,2017-04-29,17,29.81,31.08,28.91,29.95,27.56,28.72,30.85,30.09,30.27,27.66
2017-04-29T18:00,2017-04-29,18,29.1,30.15,27.92,29.15,27.51,29.0,30.77,28.77,30.38,25.43
2017-04-29T19:00,2017-04-29,19,27.6,28.62,26.71,27.94,26.27,27.7,29.19,27.72,27.32,24.87
2017-04-29T20:00,2017-04-29,20,26.4,26.51,26.09,27.11,25.89,26.19,28.25,27.14,25.79,24.47
2017-04-29T21:00,2017-04-29,21,25.69,25.09,25.62,25.87,26.2,26.93,27.4,26.75,25.3,24.09
2017-04-29T22:00,2017-04-29,22,25.32,24.88,24.67,26.02,25.69,25.57,27.3,26.17,24.95,23.74
2017-04-29T23:00,2017-04-29,23,25.2,25.24,24.36,26.02,24.85,24.68,27.1,26.16,24.76,23.55
2017-04-30T00:00,2017-04-30,0,25.02,25.3,24.63,25.64,24.18,23.94,26.95,26.31,24.61,23.07
2017-04-30T01:00,2017-04-30,1,24.76,25.02,24.91,25.28,23.83,23.67,26.68,26.33,24.48,22.33
2017-04-30T02:00,2017-04-30,2,24.51,24.76,25.01,24.93,23.54,23.61,26.44,26.04,24.37,21.61
2017-04-30T03:00,2017-04-30,3,24.32,24.62,25.09,24.38,23.38,22.89,26.42,26.0,24.32,21.45
2017-04-30T04:00,2017-04-30,4,24.17,24.49,24.69,24.41,23.47,21.92,26.31,25.98,24.3,21.36
2017-04-30T05:00,2017-04-30,5,24.11,24.42,24.6,24.26,23.17,21.82,26.25,25.95,24.48,21.28
2017-04-30T06:00,2017-04-30,6,24.83,25.11,24.78,25.06,23.83,23.63,26.88,26.54,25.2,21.96
2017-04-30T07:00,2017-04-30,7,26.25,26.62,26.75,26.9,25.0,25.44,28.05,28.13,26.34,22.67
2017-04-30T08:00,2017-04-30,8,27.73,28.39,28.47,28.48,26.3,27.12,29.47,29.45,27.52,23.59
2017-04-30T09:00,2017-04-30,9,28.92,29.61,29.89,29.53,28.13,28.01,30.69,30.51,28.7,24.43
2017-04-30T10:00,2017-04-30,10,29.89,30.69,30.59,30.39,29.16,29.14,31.73,31.27,29.92,25.07
2017-04-30T11:00,2017-04-30,11,30.7,31.43,31.26,31.27,29.96,30.09,32.62,31.95,30.88,25.84
2017-04-30T12:00,2017-04-30,12,31.34,32.03,31.73,31.86,30.55,30.62,33.4,32.53,31.74,26.49
2017-04-30T13:00,2017-04-30,13,31.79,32.58,31.51,32.13,30.91,31.09,34.12,32.82,32.39,27.08
2017-04-30T14:00,2017-04-30,14,31.93,32.99,31.15,32.22,30.51,30.8,34.41,32.59,32.88,27.29
2017-04-30T15:00,2017-04-30,15,31.87,32.94,30.71,32.19,30.57,30.1,34.21,31.91,33.21,27.79
2017-04-30T16:00,2017-04-30,16,31.49,32.76,30.24,31.63,29.67,29.62,33.54,31.12,33.08,27.87
2017-04-30T17:00,2017-04-30,17,30.6,31.91,29.16,30.61,28.81,29.26,31.72,30.0,32.3,27.66
2017-04-30T18:00,2017-04-30,18,29.36,30.3,27.8,29.11,29.31,29.33,28.87,28.91,30.47,27.96
2017-04-30T19:00,2017-04-30,19,27.72,29.11,26.38,28.05,26.4,27.44,28.15,27.69,26.87,26.56
2017-04-30T20:00,2017-04-30,20,26.8,28.09,25.66,27.2,24.52,26.96,27.74,27.0,25.82,25.56
2017-04-30T21:00,2017-04-30,21,26.1,27.02,25.35,26.53,24.18,25.43,27.47,26.79,25.39,24.67
2017-04-30T22:00,2017-04-30,22,25.49,26.15,24.95,25.85,23.7,24.05,27.12,26.88,24.9,24.33
2017-04-30T23:00,2017-04-30,23,25.14,25.87,24.29,25.65,23.52,23.57,26.66,26.85,24.48,23.84
2017-05-01T00:00,2017-05-01,0,24.81,25.55,23.9,25.24,22.85,23.3,26.64,26.65,24.22,23.35
2017-05-01T01:00,2017-05-01,1,24.69,25.52,24.16,25.04,22.58,23.31,26.53,26.6,23.97,22.91
2017-05-01T02:00,2017-05-01,2,24.45,25.04,23.84,25.23,22.68,22.63,26.53,26.38,23.89,22.51
2017-05-01T03:00,2017-05-01,3,24.22,24.61,23.5,25.12,22.56,22.52,26.45,26.45,23.89,22.04
2017-05-01T04:00,2017-05-01,4,24.23,24.72,24.09,24.81,22.3,22.52,26.35,26.36,23.87,22.02
2017-05-01T05:00,2017-05-01,5,24.15,24.69,24.03,24.73,21.75,22.34,26.33,26.14,23.94,22.01
2017-05-01T06:00,2017-05-01,6,23.95,24.4,24.36,24.76,22.55,22.43,25.56,25.82,22.97,22.05
2017-05-01T07:00,2017-05-01,7,25.32,25.58,26.63,26.08,23.91,24.08,26.94,27.41,24.48,22.83
2017-05-01T08:00,2017-05-01,8,26.98,27.38,28.49,27.63,25.48,25.76,28.56,29.04,26.3,23.94
2017-05-01T09:00,2017-05-01,9,28.59,29.06,30.13,29.04,26.79,27.49,30.27,30.33,28.12,25.56
2017-05-01T10:00,2017-05-01,10,29.73,30.02,31.63,30.39,27.66,28.5,31.49,31.31,29.13,27.0
2017-05-01T11:00,2017-05-01,11,30.54,30.64,32.62,31.15,28.62,29.84,32.15,32.15,29.83,28.07
2017-05-01T12:00,2017-05-01,12,30.93,31.01,32.46,31.21,29.29,30.23,32.5,31.73,30.76,28.94
2017-05-01T13:00,2017-05-01,13,31.31,31.55,31.74,31.51,30.16,30.41,32.38,32.35,31.49,29.64
2017-05-01T14:00,2017-05-01,14,31.29,31.39,31.22,31.53,30.2,30.63,32.37,32.36,31.44,30.14
2017-05-01T15:00,2017-05-01,15,31.14,31.61,30.4,31.54,29.79,29.82,32.31,31.89,31.13,30.32
2017-05-01T16:00,2017-05-01,16,30.72,31.17,29.83,31.35,29.14,29.82,31.97,31.3,30.23,30.28
2017-05-01T17:00,2017-05-01,17,29.43,30.42,28.91,30.63,27.52,28.82,29.31,30.42,27.33,29.76
2017-05-01T18:00,2017-05-01,18,29.09,30.48,27.84,29.61,28.38,29.02,29.25,29.61,27.55,27.84
2017-05-01T19:00,2017-05-01,19,27.4,28.58,26.35,28.3,26.82,27.46,28.03,28.27,25.23,25.98
2017-05-01T20:00,2017-05-01,20,26.55,27.79,25.52,27.47,25.2,26.16,27.14,27.49,24.71,25.43
2017-05-01T21:00,2017-05-01,21,25.65,26.34,24.98,27.04,24.73,24.2,26.43,27.03,24.35,24.46
2017-05-01T22:00,2017-05-01,22,24.97,25.31,24.9,26.35,23.88,23.96,25.39,26.61,24.11,23.74
2017-05-01T23:00,2017-05-01,23,24.48,24.81,24.37,25.82,23.35,23.73,24.59,26.44,23.79,23.16
2017-05-02T00:00,2017-05-02,0,23.93,24.17,24.44,24.82,22.98,23.42,23.71,25.93,23.46,22.58
2017-05-02T01:00,2017-05-02,1,23.63,23.86,24.07,24.41,23.01,23.18,23.95,24.48,23.23,22.24
2017-05-02T02:00,2017-05-02,2,23.51,23.81,24.11,24.15,22.82,22.85,24.11,24.19,23.06,21.95
2017-05-02T03:00,2017-05-02,3,23.48,23.92,24.68,23.88,22.56,22.33,24.18,23.97,22.99,21.9
2017-05-02T04:00,2017-05-02,4,23.38,23.94,24.66,23.8,21.94,21.97,24.07,24.05,22.9,21.87
2017-05-02T05:00,2017-05-02,5,23.23,23.72,24.42,23.83,21.57,21.65,24.12,24.07,22.83,21.61
2017-05-02T06:00,2017-05-02,6,23.36,23.27,24.59,23.46,21.66,22.16,24.88,25.85,23.02,21.97
2017-05-02T07:00,2017-05-02,7,24.76,24.5,26.49,24.92,23.07,23.61,26.02,27.15,24.36,23.74
2017-05-02T08:00,2017-05-02,8,26.46,26.01,28.59,26.84,24.71,25.42,27.64,28.83,25.93,25.61
2017-05-02T09:00,2017-05-02,9,28.09,27.5,30.47,28.72,26.42,27.19,28.92,30.15,27.72,27.23
2017-05-02T10:00,2017-05-02,10,29.47,28.96,31.56,30.14,28.17,28.47,30.16,31.07,29.24,28.66
2017-05-02T11:00,2017-05-02,11,30.53,30.12,32.3,31.06,29.68,29.62,31.23,31.85,30.12,29.82
2017-05-02T12:00,2017-05-02,12,31.14,30.74,32.52,31.51,30.24,30.34,32.05,32.27,30.94,30.49
2017-05-02T13:00,2017-05-02,13,31.35,31.12,32.36,31.24,30.49,30.83,32.4,31.17,31.42,31.17
2017-05-02T14:00,2017-05-02,14,31.5,31.33,32.22,31.49,30.32,30.8,32.93,30.18,31.8,31.55
2017-05-02T15:00,2017-05-02,15,31.16,30.73,31.48,31.01,29.21,30.35,32.75,31.26,31.88,31.57
2017-05-02T16:00,2017-05-02,16,30.75,30.44,30.76,29.75,29.09,28.64,32.58,31.65,31.87,31.51
2017-05-02T17:00,2017-05-02,17,30.03,29.37,29.96,29.02,28.91,28.16,32.03,31.16,31.29,30.82
2017-05-02T18:00,2017-05-02,18,28.86,28.6,28.1,28.84,28.0,27.98,30.43,29.95,29.39,28.54
2017-05-02T19:00,2017-05-02,19,27.31,26.89,26.49,27.16,27.54,26.29,29.12,28.31,27.87,26.73
2017-05-02T20:00,2017-05-02,20,26.29,25.93,25.73,25.97,26.19,25.4,28.14,27.39,26.8,25.64
2017-05-02T21:00,2017-05-02,21,25.77,25.75,25.22,25.17,25.01,24.55,27.57,27.03,26.31,25.18
2017-05-02T22:00,2017-05-02,22,25.35,25.33,24.93,25.11,24.47,24.3,27.1,26.38,25.73,24.58
2017-05-02T23:00,2017-05-02,23,25.12,25.11,24.69,25.45,23.77,24.29,26.77,26.02,25.35,24.16
2017-05-03T00:00,2017-05-03,0,24.83,24.99,24.93,24.5,23.32,24.49,26.54,25.72,24.96,23.64
2017-05-03T01:00,2017-05-03,1,24.47,24.62,24.09,24.17,23.39,23.97,26.31,25.5,24.61,23.24
2017-05-03T02:00,2017-05-03,2,24.26,24.79,23.53,23.96,23.14,22.59,26.01,25.4,24.51,23.0
2017-05-03T03:00,2017-05-03,3,24.1,24.66,23.04,23.79,23.06,22.55,25.7,25.19,24.55,22.9
2017-05-03T04:00,2017-05-03,4,23.9,24.52,22.49,23.51,22.95,22.41,25.42,25.01,24.45,22.76
2017-05-03T05:00,2017-05-03,5,23.85,24.47,22.97,23.21,22.96,22.52,25.22,24.62,24.33,22.82
2017-05-03T06:00,2017-05-03,6,24.7,25.24,23.89,24.68,24.17,23.79,25.71,25.84,24.64,23.44
2017-05-03T07:00,2017-05-03,7,26.64,27.19,26.3,26.87,25.81,25.82,27.42,27.5,26.54,25.25
2017-05-03T08:00,2017-05-03,8,28.3,28.74,28.64,28.63,27.01,27.67,29.01,29.04,28.28,26.76
2017-05-03T09:00,2017-05-03,9,29.59,30.04,30.16,30.1,27.42,28.98,30.52,30.45,29.87,27.58
2017-05-03T10:00,2017-05-03,10,30.55,30.91,31.32,30.96,29.12,29.85,31.76,31.56,31.25,27.4
2017-05-03T11:00,2017-05-03,11,31.19,31.51,32.01,31.51,30.5,30.62,32.6,32.31,32.2,27.02
2017-05-03T12:00,2017-05-03,12,31.69,31.85,32.13,31.97,31.42,31.19,33.34,32.69,32.24,28.24
2017-05-03T13:00,2017-05-03,13,31.52,31.16,32.09,32.21,30.23,31.64,33.67,33.22,31.24,29.3
2017-05-03T14:00,2017-05-03,14,30.78,30.41,31.87,31.11,28.65,31.34,33.61,33.16,29.0,29.6
2017-05-03T15:00,2017-05-03,15,30.32,29.8,31.43,31.64,28.5,30.32,32.67,33.03,28.52,28.88
2017-05-03T16:00,2017-05-03,16,29.97,30.09,30.66,31.22,28.67,29.74,30.83,32.46,28.62,28.17
2017-05-03T17:00,2017-05-03,17,29.37,29.9,29.84,30.7,28.39,29.15,28.89,31.36,28.5,27.41
2017-05-03T18:00,2017-05-03,18,29.33,29.48,28.71,30.05,28.34,28.81,31.06,30.75,29.11,27.43
2017-05-03T19:00,2017-05-03,19,28.0,28.19,27.3,29.15,27.01,27.27,29.63,29.15,27.55,26.22
2017-05-03T20:00,2017-05-03,20,27.35,27.44,26.4,28.37,26.09,27.57,29.08,28.17,26.98,25.74
2017-05-03T21:00,2017-05-03,21,26.66,26.86,26.08,27.01,25.79,25.58,28.44,27.51,26.61,25.31
2017-05-03T22:00,2017-05-03,22,26.29,26.59,25.6,26.72,25.34,25.46,27.92,26.83,26.33,24.84
2017-05-03T23:00,2017-05-03,23,25.85,26.19,25.63,25.72,24.87,25.05,27.45,26.29,25.94,24.58
2017-05-04T00:00,2017-05-04,0,25.54,25.82,25.77,25.35,24.6,24.78,26.93,25.96,25.51,24.35
2017-05-04T01:00,2017-05-04,1,25.18,25.55,25.73,25.05,24.43,24.23,26.34,25.7,25.02,23.8
2017-05-04T02:00,2017-05-04,2,24.83,25.45,25.41,24.73,24.12,23.98,25.85,25.45,24.74,22.69
2017-05-04T03:00,2017-05-04,3,24.53,25.32,24.23,24.49,23.86,23.9,25.51,25.23,24.61,22.24
2017-05-04T04:00,2017-05-04,4,24.29,25.08,24.37,24.49,23.26,23.35,25.32,25.17,24.06,22.04
2017-05-04T05:00,2017-05-04,5,23.9,24.56,24.08,24.4,22.55,23.01,25.24,25.19,23.31,21.71
2017-05-04T06:00,2017-05-04,6,24.48,24.94,24.94,24.76,23.76,23.98,25.71,25.48,24.26,21.92
2017-05-04T07:00,2017-05-04,7,26.16,26.8,26.76,26.65,25.25,26.03,27.43,27.41,25.58,22.93
2017-05-04T08:00,2017-05-04,8,27.7,28.32,28.27,28.28,26.63,28.04,28.94,28.89,27.19,24.22
2017-05-04T09:00,2017-05-04,9,29.23,29.68,30.2,29.72,28.84,29.81,30.28,30.1,29.13,25.27
2017-05-04T10:00,2017-05-04,10,30.43,30.88,31.55,30.77,30.64,31.17,31.37,31.42,30.73,25.57
2017-05-04T11:00,2017-05-04,11,31.19,31.64,32.22,31.63,31.26,31.74,32.7,32.67,31.74,25.31
2017-05-04T12:00,2017-05-04,12,31.72,32.52,32.14,32.2,30.43,31.79,33.88,33.5,32.28,25.84
2017-05-04T13:00,2017-05-04,13,31.97,32.97,32.08,32.51,28.08,31.95,34.62,34.07,32.52,26.98
2017-05-04T14:00,2017-05-04,14,31.82,32.95,31.85,32.74,26.66,30.54,35.04,34.11,32.38,27.19
2017-05-04T15:00,2017-05-04,15,31.59,32.69,31.3,32.53,28.21,28.82,35.12,33.79,31.42,27.62
2017-05-04T16:00,2017-05-04,16,31.08,31.92,30.5,32.27,28.93,28.7,34.2,33.05,30.24,27.87
2017-05-04T17:00,2017-05-04,17,30.31,31.0,29.38,31.71,28.48,28.99,32.47,31.9,29.6,27.68
2017-05-04T18:00,2017-05-04,18,29.47,30.17,28.1,29.63,27.45,28.17,32.15,30.63,29.69,27.23
2017-05-04T19:00,2017-05-04,19,27.86,28.52,26.71,28.18,26.14,26.72,30.56,29.09,27.74,25.4
2017-05-04T20:00,2017-05-04,20,27.08,27.99,26.05,27.37,25.47,25.78,29.01,28.18,27.21,24.52
2017-05-04T21:00,2017-05-04,21,26.54,27.55,25.39,27.02,25.19,25.5,28.1,27.27,27.02,23.4
2017-05-04T22:00,2017-05-04,22,26.13,27.52,24.77,26.52,24.57,25.01,27.69,26.66,26.56,22.6
2017-05-04T23:00,2017-05-04,23,25.61,27.09,24.61,26.12,23.25,24.94,27.44,26.25,25.38,22.19
2017-05-05T00:00,2017-05-05,0,24.93,25.89,24.06,25.63,23.27,24.96,27.07,25.79,24.08,21.92
2017-05-05T01:00,2017-05-05,1,24.13,24.09,23.36,24.95,23.08,25.13,26.68,25.55,23.22,21.75
2017-05-05T02:00,2017-05-05,2,23.92,23.92,23.15,24.82,22.92,24.81,26.26,25.35,23.06,21.51
2017-05-05T03:00,2017-05-05,3,23.64,23.71,23.09,24.58,21.98,24.05,26.04,25.0,22.98,21.35
2017-05-05T04:00,2017-05-05,4,23.49,23.68,22.89,24.47,21.42,23.13,25.98,25.14,22.97,21.26
2017-05-05T05:00,2017-05-05,5,23.47,23.51,23.69,24.44,21.38,22.65,25.95,25.7,22.91,21.06
2017-05-05T06:00,2017-05-05,6,24.67,25.29,24.73,25.28,23.37,24.38,26.85,26.54,23.14,22.02
2017-05-05T07:00,2017-05-05,7,26.13,27.04,26.53,27.05,23.03,25.83,28.28,28.06,24.92,23.05
2017-05-05T08:00,2017-05-05,8,27.26,28.09,28.6,28.23,23.38,25.42,29.17,29.41,27.09,24.04
2017-05-05T09:00,2017-05-05,9,28.09,28.7,29.64,29.5,24.81,24.49,30.48,30.62,28.32,24.29
2017-05-05T10:00,2017-05-05,10,29.3,29.7,30.48,30.52,27.2,25.23,32.15,31.78,29.94,25.08
2017-05-05T11:00,2017-05-05,11,30.47,31.03,31.22,31.37,28.18,27.42,33.49,32.66,30.79,26.43
2017-05-05T12:00,2017-05-05,12,31.3,31.89,31.3,31.83,29.36,29.03,34.5,33.42,31.7,27.14
2017-05-05T13:00,2017-05-05,13,31.88,32.25,31.59,32.14,30.77,29.7,35.13,33.68,33.04,27.47
2017-05-05T14:00,2017-05-05,14,32.22,32.71,31.1,32.44,31.04,30.47,35.47,33.61,33.42,28.14
2017-05-05T15:00,2017-05-05,15,32.11,32.89,30.63,32.21,31.35,30.41,35.25,33.03,32.45,28.7
2017-05-05T16:00,2017-05-05,16,31.68,32.48,30.22,31.75,31.07,29.73,34.43,32.3,31.95,29.01
2017-05-05T17:00,2017-05-05,17,30.65,31.45,29.32,30.81,29.63,28.1,31.88,31.18,32.03,28.7
2017-05-05T18:00,2017-05-05,18,29.86,30.94,27.96,30.07,28.72,26.43,32.16,30.2,30.86,27.66
2017-05-05T19:00,2017-05-05,19,28.37,29.77,26.5,29.03,24.74,25.95,30.84,28.99,28.93,26.18
2017-05-05T20:00,2017-05-05,20,27.54,29.13,25.86,27.96,23.43,24.9,30.05,28.14,28.21,25.25
2017-05-05T21:00,2017-05-05,21,26.55,27.63,25.31,27.31,22.91,23.8,29.11,27.67,27.13,24.36
2017-05-05T22:00,2017-05-05,22,25.8,26.78,25.24,26.81,21.89,23.81,28.22,27.37,25.58,23.62
2017-05-05T23:00,2017-05-05,23,25.05,25.41,24.86,26.3,21.63,23.84,27.8,27.22,24.25,23.08
2017-05-06T00:00,2017-05-06,0,24.75,25.43,24.42,25.79,21.7,23.73,27.46,27.08,23.44,22.47
2017-05-06T01:00,2017-05-06,1,24.65,25.31,24.46,25.6,21.73,23.73,27.29,27.01,23.26,22.38
2017-05-06T02:00,2017-05-06,2,24.53,25.12,24.3,25.53,21.94,23.7,27.22,26.73,23.3,22.01
2017-05-06T03:00,2017-05-06,3,24.56,25.18,24.3,25.57,22.19,23.5,27.3,26.82,23.42,21.76
2017-05-06T04:00,2017-05-06,4,24.64,25.24,24.81,25.69,22.42,23.21,27.44,26.88,23.39,21.69
2017-05-06T05:00,2017-05-06,5,24.68,25.4,24.5,25.83,22.34,23.12,27.44,27.05,23.47,21.71
2017-05-06T06:00,2017-05-06,6,25.34,25.95,25.17,26.56,23.83,23.66,27.76,27.72,24.35,22.09
2017-05-06T07:00,2017-05-06,7,26.73,27.56,26.84,27.77,25.55,25.44,28.79,28.77,26.19,22.44
2017-05-06T08:00,2017-05-06,8,27.86,28.66,28.47,29.14,26.47,27.1,29.85,30.09,27.62,22.42
2017-05-06T09:00,2017-05-06,9,28.95,29.94,29.97,30.2,27.47,28.29,31.24,31.13,28.23,23.04
2017-05-06T10:00,2017-05-06,10,29.51,30.31,30.81,30.9,26.8,28.65,32.29,32.37,28.79,23.77
2017-05-06T11:00,2017-05-06,11,30.09,30.58,31.2,31.58,27.33,28.08,33.39,32.89,29.93,24.82
2017-05-06T12:00,2017-05-06,12,30.58,30.34,31.92,31.56,28.74,28.14,34.14,33.39,30.93,26.41
2017-05-06T13:00,2017-05-06,13,30.53,28.98,32.03,30.73,28.98,28.73,34.98,33.82,32.11,27.21
2017-05-06T14:00,2017-05-06,14,30.38,28.58,31.7,28.97,29.33,28.72,35.29,33.86,32.86,27.6
2017-05-06T15:00,2017-05-06,15,30.62,30.04,31.02,28.79,29.07,28.37,35.41,33.15,32.63,27.82
2017-05-06T16:00,2017-05-06,16,30.25,29.86,30.1,29.09,28.93,28.37,34.61,32.06,31.74,27.73
2017-05-06T17:00,2017-05-06,17,29.36,29.44,29.28,29.35,27.19,27.96,32.13,31.16,29.74,27.43
2017-05-06T18:00,2017-05-06,18,28.77,28.95,28.35,29.24,26.04,27.35,31.7,30.06,29.01,26.97
2017-05-06T19:00,2017-05-06,19,27.47,28.27,27.25,28.27,24.55,26.17,30.24,28.94,25.82,25.92
2017-05-06T20:00,2017-05-06,20,26.77,27.83,26.19,27.69,24.63,26.4,28.96,28.21,24.7,24.67
2017-05-06T21:00,2017-05-06,21,26.33,27.59,25.79,27.16,24.54,25.36,28.64,27.74,24.2,23.91
2017-05-06T22:00,2017-05-06,22,25.99,27.35,25.64,26.71,24.26,25.58,28.06,27.42,23.95,23.02
2017-05-06T23:00,2017-05-06,23,25.69,27.1,25.16,26.32,24.0,25.45,27.65,26.86,23.65,22.89
2017-05-07T00:00,2017-05-07,0,25.13,26.03,24.48,26.03,23.68,25.32,27.23,26.89,23.1,22.53
2017-05-07T01:00,2017-05-07,1,24.73,25.35,24.39,25.67,23.53,24.63,27.0,27.05,22.71,22.13
2017-05-07T02:00,2017-05-07,2,24.61,25.46,24.53,25.35,23.18,23.74,26.92,27.0,22.68,21.9
2017-05-07T03:00,2017-05-07,3,24.53,25.2,24.64,25.57,22.57,23.06,27.13,27.1,22.98,21.72
2017-05-07T04:00,2017-05-07,4,24.4,24.62,24.55,25.75,22.58,22.64,27.35,27.2,23.09,21.66
2017-05-07T05:00,2017-05-07,5,24.51,25.28,24.38,25.34,22.55,22.4,27.18,27.65,23.26,21.51
2017-05-07T06:00,2017-05-07,6,24.32,24.71,24.49,24.5,22.29,22.03,27.36,27.68,23.38,22.14
2017-05-07T07:00,2017-05-07,7,25.25,25.36,26.49,25.32,23.27,22.88,28.29,28.91,24.13,23.08
2017-05-07T08:00,2017-05-07,8,26.38,26.26,28.2,27.19,23.59,24.32,29.45,30.24,25.09,23.96
2017-05-07T09:00,2017-05-07,9,27.85,27.45,30.03,29.21,25.56,26.81,30.86,31.12,26.1,25.17
2017-05-07T10:00,2017-05-07,10,29.24,29.29,31.49,30.51,27.07,28.43,32.07,31.58,26.84,26.67
2017-05-07T11:00,2017-05-07,11,30.35,30.62,32.13,30.92,28.54,29.31,33.25,32.74,28.0,28.1
2017-05-07T12:00,2017-05-07,12,30.91,30.86,32.6,31.37,29.6,29.67,34.34,32.68,29.0,28.74
2017-05-07T13:00,2017-05-07,13,31.3,31.63,32.34,31.55,29.76,29.97,35.1,32.73,29.53,28.78
2017-05-07T14:00,2017-05-07,14,31.52,32.08,31.84,31.06,28.84,29.95,35.4,33.23,30.79,29.25
2017-05-07T15:00,2017-05-07,15,31.41,31.74,31.13,31.18,28.28,29.46,35.48,32.74,31.47,29.62
2017-05-07T16:00,2017-05-07,16,30.56,29.61,30.38,30.24,28.3,29.24,34.9,32.74,31.49,29.33
2017-05-07T17:00,2017-05-07,17,29.32,27.31,29.62,28.29,27.92,29.03,33.93,31.46,30.94,28.89
2017-05-07T18:00,2017-05-07,18,29.24,29.15,28.61,29.11,27.97,28.07,31.99,30.36,29.89,27.63
2017-05-07T19:00,2017-05-07,19,27.92,27.92,27.66,28.03,26.69,26.06,30.51,29.24,28.01,26.62
2017-05-07T20:00,2017-05-07,20,27.31,27.55,27.16,27.69,25.6,25.32,29.68,28.5,27.04,26.18
2017-05-07T21:00,2017-05-07,21,26.91,27.3,26.57,27.31,25.47,24.93,29.12,27.99,26.42,25.79
2017-05-07T22:00,2017-05-07,22,26.51,26.88,25.99,26.89,25.14,24.94,28.51,27.55,26.12,25.43
2017-05-07T23:00,2017-05-07,23,26.2,26.68,25.27,26.43,24.93,25.33,27.91,27.23,25.71,25.2
2017-05-08T00:00,2017-05-08,0,25.89,26.4,24.97,26.08,24.97,24.87,27.37,27.0,25.4,24.85
2017-05-08T01:00,2017-05-08,1,25.59,26.14,24.21,25.79,24.87,24.6,26.98,26.82,25.2,24.61
2017-05-08T02:00,2017-05-08,2,25.42,26.17,24.11,25.53,24.64,24.2,26.68,26.71,24.98,24.35
2017-05-08T03:00,2017-05-08,3,25.32,26.25,24.12,25.34,24.22,24.29,26.54,26.6,24.8,24.01
2017-05-08T04:00,2017-05-08,4,25.3,26.28,23.87,25.42,24.05,24.41,26.52,26.56,24.79,23.96
2017-05-08T05:00,2017-05-08,5,25.13,26.09,23.87,25.27,23.43,24.35,26.43,26.34,24.65,23.81
2017-05-08T06:00,2017-05-08,6,25.54,26.2,24.97,25.84,24.71,24.46,27.04,27.06,25.28,23.23
2017-05-08T07:00,2017-05-08,7,26.85,27.78,26.89,27.53,24.11,25.36,28.56,28.78,26.99,23.71
2017-05-08T08:00,2017-05-08,8,27.73,28.54,28.35,29.15,22.48,25.65,30.07,30.34,28.0,24.58
2017-05-08T09:00,2017-05-08,9,28.65,29.14,29.65,30.06,23.91,24.81,31.36,31.71,28.79,26.29
2017-05-08T10:00,2017-05-08,10,29.63,29.65,30.97,30.93,25.85,25.28,32.33,32.91,30.05,27.57
2017-05-08T11:00,2017-05-08,11,30.57,30.46,31.78,31.43,28.03,27.41,33.07,33.77,30.57,28.55
2017-05-08T12:00,2017-05-08,12,31.45,31.39,32.09,31.96,29.43,29.28,34.02,34.17,31.59,29.16
2017-05-08T13:00,2017-05-08,13,31.92,31.94,32.06,32.37,29.96,30.23,34.83,34.6,31.65,29.68
2017-05-08T14:00,2017-05-08,14,31.96,31.99,32.11,32.15,30.07,30.57,35.33,34.82,31.15,29.83
2017-05-08T15:00,2017-05-08,15,31.7,31.63,31.76,31.85,29.76,30.24,35.44,34.44,30.89,29.66
2017-05-08T16:00,2017-05-08,16,30.53,29.66,31.15,31.58,27.47,29.84,34.26,33.33,29.77,29.35
2017-05-08T17:00,2017-05-08,17,29.39,28.17,30.02,30.69,26.76,29.6,31.55,32.13,29.15,28.91
2017-05-08T18:00,2017-05-08,18,28.75,29.1,28.53,29.92,27.21,28.14,30.91,30.58,26.41,27.75
2017-05-08T19:00,2017-05-08,19,27.55,27.97,27.29,28.74,25.95,26.78,28.64,29.53,26.27,26.37
2017-05-08T20:00,2017-05-08,20,26.86,27.32,26.64,27.97,25.18,25.86,27.82,28.78,25.81,25.72
2017-05-08T21:00,2017-05-08,21,26.75,27.37,26.44,27.67,25.21,25.89,27.99,28.28,25.52,25.36
2017-05-08T22:00,2017-05-08,22,26.25,26.7,25.57,27.34,25.09,25.27,27.56,27.95,25.07,25.05
2017-05-08T23:00,2017-05-08,23,25.9,26.21,25.57,26.75,24.78,24.99,27.21,27.48,24.92,24.74
2017-05-09T00:00,2017-05-09,0,25.61,25.94,25.3,26.05,24.42,25.03,26.83,27.17,24.82,24.59
2017-05-09T01:00,2017-05-09,1,25.3,25.58,24.65,25.83,24.11,24.58,26.69,26.88,24.68,24.26
2017-05-09T02:00,2017-05-09,2,25.04,25.25,24.52,25.21,24.18,24.31,26.6,26.62,24.53,24.01
2017-05-09T03:00,2017-05-09,3,24.87,25.05,24.47,24.85,24.27,23.91,26.52,26.47,24.34,23.85
2017-05-09T04:00,2017-05-09,4,24.76,25.04,24.2,24.71,24.04,24.12,26.48,26.32,24.24,23.5
2017-05-09T05:00,2017-05-09,5,24.69,25.11,24.24,24.65,23.84,24.02,26.37,26.16,24.16,23.16
2017-05-09T06:00,2017-05-09,6,25.44,26.53,25.68,25.86,23.07,24.68,27.5,27.41,23.87,22.81
2017-05-09T07:00,2017-05-09,7,26.54,27.62,27.6,27.53,24.13,24.41,28.9,28.95,24.89,23.15
2017-05-09T08:00,2017-05-09,8,27.32,28.25,29.17,29.14,25.06,24.35,30.27,30.09,24.97,23.2
2017-05-09T09:00,2017-05-09,9,27.92,28.76,30.74,30.25,25.2,25.95,31.36,30.92,23.94,23.69
2017-05-09T10:00,2017-05-09,10,28.16,27.7,31.94,31.07,24.56,27.96,31.83,31.88,24.37,24.47
2017-05-09T11:00,2017-05-09,11,27.76,25.26,32.46,31.35,24.51,28.56,31.11,32.61,25.24,25.11
2017-05-09T12:00,2017-05-09,12,27.36,25.16,32.9,27.78,26.14,26.92,29.8,32.27,26.24,25.42
2017-05-09T13:00,2017-05-09,13,27.56,26.25,32.41,26.15,27.74,27.16,29.08,30.58,27.05,26.16
2017-05-09T14:00,2017-05-09,14,27.87,27.39,31.22,26.08,28.61,28.24,28.0,27.47,28.06,27.5
2017-05-09T15:00,2017-05-09,15,28.03,27.79,29.86,26.65,29.08,28.8,27.19,25.95,28.96,28.33
2017-05-09T16:00,2017-05-09,16,28.22,27.75,29.37,27.1,29.32,28.88,27.85,26.72,29.23,28.55
2017-05-09T17:00,2017-05-09,17,28.26,27.84,29.16,27.19,29.04,28.52,28.18,27.43,29.22,28.46
2017-05-09T18:00,2017-05-09,18,25.9,25.48,26.43,25.37,25.32,25.89,26.3,25.74,26.8,26.14
2017-05-09T19:00,2017-05-09,19,25.26,24.82,26.01,24.92,24.34,25.0,26.41,25.7,25.74,25.0
2017-05-09T20:00,2017-05-09,20,24.85,24.33,25.66,24.65,23.64,24.79,26.32,25.91,25.0,24.43
2017-05-09T21:00,2017-05-09,21,24.45,24.12,25.54,24.18,22.78,23.98,26.17,25.81,24.44,23.8
2017-05-09T22:00,2017-05-09,22,24.27,24.02,25.29,23.91,22.74,23.51,26.11,25.65,23.98,23.81
2017-05-09T23:00,2017-05-09,23,24.04,23.91,24.66,23.66,22.35,23.63,25.89,25.56,23.69,23.52
2017-05-10T00:00,2017-05-10,0,23.74,23.51,24.46,23.28,21.97,22.94,25.58,25.58,23.51,23.51
2017-05-10T01:00,2017-05-10,1,23.66,23.35,24.59,23.23,22.16,22.7,25.53,25.76,23.34,23.23
2017-05-10T02:00,2017-05-10,2,23.65,23.18,24.5,23.42,22.27,22.74,25.5,25.87,23.45,23.15
2017-05-10T03:00,2017-05-10,3,23.72,23.34,24.66,23.72,22.27,22.82,25.49,25.88,23.49,22.9
2017-05-10T04:00,2017-05-10,4,23.7,23.32,24.53,23.51,22.48,22.88,25.57,25.71,23.61,22.76
2017-05-10T05:00,2017-05-10,5,23.66,23.31,24.2,23.5,22.66,23.01,25.68,25.5,23.35,22.76
2017-05-10T06:00,2017-05-10,6,23.97,23.76,24.62,24.02,23.13,23.44,25.63,25.78,23.48,22.83
2017-05-10T07:00,2017-05-10,7,25.17,25.02,26.09,25.26,23.81,24.62,26.94,27.24,24.49,23.97
2017-05-10T08:00,2017-05-10,8,26.86,26.7,27.9,27.16,25.73,26.36,28.52,28.87,26.34,25.12
2017-05-10T09:00,2017-05-10,9,28.47,28.46,29.66,28.79,27.58,27.88,30.07,30.1,27.99,26.23
2017-05-10T10:00,2017-05-10,10,29.66,29.73,31.25,29.88,29.2,29.34,31.0,30.68,29.05,27.31
2017-05-10T11:00,2017-05-10,11,30.33,30.36,32.63,30.43,30.1,30.39,31.52,31.34,29.58,27.52
2017-05-10T12:00,2017-05-10,12,30.78,30.97,33.11,31.13,30.52,31.09,31.8,31.69,30.0,27.43
2017-05-10T13:00,2017-05-10,13,31.07,31.12,32.55,31.63,30.78,31.69,32.09,32.33,30.29,28.14
2017-05-10T14:00,2017-05-10,14,30.8,30.02,32.5,31.92,29.66,31.81,31.87,32.17,30.59,28.81
2017-05-10T15:00,2017-05-10,15,30.31,29.54,32.64,31.82,27.95,31.44,30.88,30.36,30.11,29.31
2017-05-10T16:00,2017-05-10,16,29.87,29.12,32.12,31.31,27.23,30.59,30.35,30.79,29.39,29.34
2017-05-10T17:00,2017-05-10,17,29.01,27.92,30.62,30.2,26.75,29.52,30.3,30.66,28.5,28.85
2017-05-10T18:00,2017-05-10,18,28.98,29.15,29.39,29.86,27.13,28.84,29.87,30.62,28.47,27.46
2017-05-10T19:00,2017-05-10,19,27.47,27.43,27.89,28.46,25.69,27.04,28.85,29.15,27.05,25.9
2017-05-10T20:00,2017-05-10,20,26.82,27.01,26.81,27.98,25.07,26.55,28.21,28.44,26.31,24.82
2017-05-10T21:00,2017-05-10,21,26.42,26.47,26.41,27.52,24.93,26.28,27.82,28.14,25.8,24.58
2017-05-10T22:00,2017-05-10,22,25.98,26.1,25.91,27.17,24.6,25.23,27.4,27.66,25.35,24.26
2017-05-10T23:00,2017-05-10,23,25.78,25.7,26.66,26.65,24.54,25.49,27.18,27.28,25.08,24.01
2017-05-11T00:00,2017-05-11,0,25.43,25.48,25.79,25.77,24.35,24.86,27.0,27.06,24.95,23.89
2017-05-11T01:00,2017-05-11,1,25.23,25.41,25.14,25.52,24.22,24.42,26.79,26.87,24.74,23.83
2017-05-11T02:00,2017-05-11,2,25.01,25.25,24.58,25.42,23.97,24.24,26.64,26.67,24.5,23.6
2017-05-11T03:00,2017-05-11,3,24.89,25.38,24.28,25.3,23.71,23.95,26.43,26.48,24.21,23.47
2017-05-11T04:00,2017-05-11,4,24.56,25.03,24.17,25.22,22.79,23.68,26.25,26.25,23.72,23.16
2017-05-11T05:00,2017-05-11,5,24.13,23.95,24.36,24.91,22.26,23.37,26.03,26.06,23.58,23.04
2017-05-11T06:00,2017-05-11,6,25.69,26.41,25.83,26.39,24.29,24.8,26.83,27.07,24.99,23.45
2017-05-11T07:00,2017-05-11,7,27.12,27.46,27.97,28.11,25.47,27.01,28.41,28.6,26.2,24.68
2017-05-11T08:00,2017-05-11,8,28.06,27.72,29.65,29.2,25.35,28.65,29.79,29.98,27.74,25.51
2017-05-11T09:00,2017-05-11,9,28.99,28.45,30.98,30.18,26.2,29.35,30.86,31.29,29.01,26.09
2017-05-11T10:00,2017-05-11,10,29.72,29.66,31.78,30.87,26.97,29.98,31.76,32.1,28.74,26.52
2017-05-11T11:00,2017-05-11,11,30.23,30.65,32.31,31.58,27.91,30.62,32.37,32.95,27.26,27.23
2017-05-11T12:00,2017-05-11,12,30.45,30.41,32.62,32.22,28.97,30.21,32.82,33.72,27.14,27.76
2017-05-11T13:00,2017-05-11,13,30.87,30.28,33.04,32.89,29.58,29.98,32.9,34.3,28.43,28.78
2017-05-11T14:00,2017-05-11,14,31.03,30.52,32.26,32.05,30.35,30.32,31.89,34.73,29.89,29.67
2017-05-11T15:00,2017-05-11,15,31.16,30.7,31.88,31.95,30.81,29.99,31.64,34.69,30.74,30.0
2017-05-11T16:00,2017-05-11,16,31.01,30.6,31.39,31.59,30.85,29.45,31.66,34.31,30.75,30.15
2017-05-11T17:00,2017-05-11,17,30.51,30.16,30.9,30.97,29.28,29.37,31.5,33.4,30.55,29.6
2017-05-11T18:00,2017-05-11,18,30.01,30.22,29.73,30.84,28.82,29.95,31.49,31.37,29.43,28.08
2017-05-11T19:00,2017-05-11,19,28.76,29.06,28.16,29.39,27.46,28.27,30.57,30.48,28.25,26.87
2017-05-11T20:00,2017-05-11,20,27.92,28.13,27.33,28.11,26.59,27.47,29.96,29.47,27.76,26.21
2017-05-11T21:00,2017-05-11,21,27.45,27.35,27.26,27.61,26.35,26.84,29.62,28.99,27.5,25.76
2017-05-11T22:00,2017-05-11,22,27.06,27.0,26.53,27.18,26.21,26.58,29.38,28.58,27.04,25.32
2017-05-11T23:00,2017-05-11,23,26.77,27.04,26.28,26.86,25.91,26.05,28.9,28.29,26.48,24.81
2017-05-12T00:00,2017-05-12,0,26.39,26.92,25.75,26.68,25.57,25.81,28.16,28.03,25.74,24.25
2017-05-12T01:00,2017-05-12,1,25.97,26.51,25.88,26.47,25.0,25.47,27.62,27.65,24.78,23.93
2017-05-12T02:00,2017-05-12,2,25.66,26.07,25.85,26.07,24.95,25.06,27.27,27.35,24.45,23.74
2017-05-12T03:00,2017-05-12,3,25.54,25.97,26.36,25.4,25.09,24.94,27.1,27.06,24.36,23.66
2017-05-12T04:00,2017-05-12,4,25.33,25.72,26.12,25.45,24.65,24.82,26.88,26.79,24.22,23.34
2017-05-12T05:00,2017-05-12,5,25.14,25.63,25.39,25.27,24.51,24.59,26.67,26.65,24.13,23.19
2017-05-12T06:00,2017-05-12,6,25.34,25.72,26.27,26.25,24.05,25.35,26.38,26.86,23.78,23.53
2017-05-12T07:00,2017-05-12,7,26.76,27.26,27.96,27.73,25.71,26.71,27.64,28.01,25.36,24.31
2017-05-12T08:00,2017-05-12,8,28.19,28.68,29.41,29.22,27.54,28.59,28.86,29.26,27.0,25.15
2017-05-12T09:00,2017-05-12,9,29.68,29.99,31.27,30.63,29.12,30.05,30.09,30.88,28.7,26.77
2017-05-12T10:00,2017-05-12,10,30.93,31.11,32.75,31.69,30.16,31.02,31.32,32.25,30.19,28.41
2017-05-12T11:00,2017-05-12,11,31.88,32.0,33.93,32.48,31.15,31.63,32.41,33.39,30.83,29.84
2017-05-12T12:00,2017-05-12,12,32.54,32.44,34.49,33.2,31.86,32.28,33.4,34.21,31.45,30.65
2017-05-12T13:00,2017-05-12,13,32.83,32.55,34.53,33.66,32.04,32.39,33.95,34.82,31.86,31.05
2017-05-12T14:00,2017-05-12,14,32.9,32.46,34.3,34.01,31.89,31.9,34.43,35.3,32.17,31.07
2017-05-12T15:00,2017-05-12,15,32.69,32.57,33.93,33.54,31.11,31.5,34.39,35.12,32.09,30.65
2017-05-12T16:00,2017-05-12,16,32.25,32.27,33.44,33.14,29.6,31.14,34.24,34.21,32.11,29.9
2017-05-12T17:00,2017-05-12,17,31.39,31.5,32.1,32.47,28.29,30.68,33.85,32.97,30.86,29.29
2017-05-12T18:00,2017-05-12,18,30.58,30.64,30.13,31.24,29.73,29.61,32.22,31.79,30.7,28.83
2017-05-12T19:00,2017-05-12,19,28.97,29.09,28.69,29.81,27.73,27.93,30.32,30.75,28.9,27.28
2017-05-12T20:00,2017-05-12,20,28.23,28.44,28.24,28.45,26.9,27.44,29.64,30.08,28.22,26.54
2017-05-12T21:00,2017-05-12,21,27.83,28.24,27.8,28.16,26.48,27.32,29.03,29.33,27.5,26.1
2017-05-12T22:00,2017-05-12,22,27.35,27.77,27.48,27.93,25.98,26.1,28.62,28.68,26.92,25.79
2017-05-12T23:00,2017-05-12,23,26.88,26.86,27.03,27.38,26.31,25.56,28.45,28.26,26.61,25.5
2017-05-13T00:00,2017-05-13,0,26.58,26.55,26.7,27.16,25.81,25.36,28.2,27.95,26.26,25.27
2017-05-13T01:00,2017-05-13,1,26.32,26.35,26.33,26.97,25.46,25.25,27.84,27.62,26.03,24.89
2017-05-13T02:00,2017-05-13,2,26.06,26.11,26.16,26.62,25.16,25.57,27.46,27.39,25.72,24.42
2017-05-13T03:00,2017-05-13,3,25.8,25.9,25.99,26.4,24.77,24.82,27.14,27.24,25.49,24.3
2017-05-13T04:00,2017-05-13,4,25.52,25.3,25.96,26.2,24.61,24.83,26.88,27.13,25.18,24.22
2017-05-13T05:00,2017-05-13,5,25.26,24.99,25.77,26.02,24.42,24.77,26.64,26.99,24.67,23.98
2017-05-13T06:00,2017-05-13,6,26.3,26.57,26.64,26.83,25.26,25.93,27.38,27.55,25.46,24.89
2017-05-13T07:00,2017-05-13,7,27.66,27.49,28.75,28.46,26.41,27.54,28.69,29.12,26.99,26.28
2017-05-13T08:00,2017-05-13,8,28.98,28.66,30.27,29.84,27.47,28.6,29.94,30.52,28.63,27.73
2017-05-13T09:00,2017-05-13,9,30.08,29.52,31.69,30.98,28.98,28.88,31.26,31.75,29.88,28.93
2017-05-13T10:00,2017-05-13,10,30.77,30.05,32.76,31.2,30.15,28.5,32.43,32.91,30.51,29.91
2017-05-13T11:00,2017-05-13,11,31.45,30.87,33.19,31.27,30.93,29.82,33.18,33.83,31.09,30.61
2017-05-13T12:00,2017-05-13,12,31.92,31.52,33.41,31.51,31.47,30.99,33.18,34.21,31.4,31.26
2017-05-13T13:00,2017-05-13,13,32.02,32.08,32.58,31.98,32.0,31.86,32.92,34.13,30.59,31.23
2017-05-13T14:00,2017-05-13,14,31.53,31.82,32.38,31.48,30.47,30.33,32.92,32.04,30.61,31.11
2017-05-13T15:00,2017-05-13,15,31.13,31.62,32.33,30.17,30.13,29.76,33.03,32.22,30.43,29.91
2017-05-13T16:00,2017-05-13,16,30.57,29.69,31.67,30.42,30.62,29.67,32.74,32.68,30.55,29.35
2017-05-13T17:00,2017-05-13,17,30.24,29.2,30.7,30.27,30.37,29.63,32.38,32.21,30.48,29.34
2017-05-13T18:00,2017-05-13,18,29.53,29.32,29.9,30.68,28.33,29.22,30.07,31.47,29.42,28.11
2017-05-13T19:00,2017-05-13,19,28.42,28.27,28.86,29.35,27.07,27.93,29.54,30.0,28.19,26.92
2017-05-13T20:00,2017-05-13,20,27.87,27.75,28.48,28.81,26.36,27.12,29.04,29.5,27.58,26.45
2017-05-13T21:00,2017-05-13,21,27.5,27.39,28.23,28.63,26.21,26.74,28.48,29.06,27.03,26.06
2017-05-13T22:00,2017-05-13,22,27.22,27.16,27.97,28.14,26.22,26.34,28.18,28.76,26.65,25.87
2017-05-13T23:00,2017-05-13,23,26.98,27.1,27.71,27.78,26.11,25.98,27.91,28.42,26.25,25.58
2017-05-14T00:00,2017-05-14,0,26.66,26.85,27.14,27.41,25.77,25.82,27.58,28.17,25.89,25.29
2017-05-14T01:00,2017-05-14,1,26.35,26.57,26.76,27.11,25.19,25.58,27.37,27.97,25.63,24.91
2017-05-14T02:00,2017-05-14,2,25.99,26.16,26.41,26.79,24.84,25.16,27.12,27.83,25.31,24.32
2017-05-14T03:00,2017-05-14,3,25.55,25.51,26.17,26.25,24.43,24.62,26.89,27.52,25.13,23.84
2017-05-14T04:00,2017-05-14,4,25.19,24.97,25.74,25.83,24.09,24.3,26.68,27.24,24.91,23.65
2017-05-14T05:00,2017-05-14,5,24.98,24.6,25.76,25.71,23.79,24.03,26.61,27.06,24.76,23.42
2017-05-14T06:00,2017-05-14,6,25.44,25.35,26.14,26.17,23.52,24.34,27.13,28.19,24.92,23.78
2017-05-14T07:00,2017-05-14,7,26.19,25.65,27.62,27.12,24.05,24.46,28.27,29.26,25.92,24.56
2017-05-14T08:00,2017-05-14,8,27.11,25.99,29.16,28.34,25.11,24.99,29.64,30.67,27.17,25.25
2017-05-14T09:00,2017-05-14,9,28.4,27.72,30.4,29.82,26.64,25.84,30.88,31.68,28.16,25.84
2017-05-14T10:00,2017-05-14,10,29.39,29.33,30.72,30.29,28.07,25.95,32.08,32.91,29.04,26.37
2017-05-14T11:00,2017-05-14,11,30.29,30.68,31.85,31.51,28.39,26.11,32.99,33.2,29.44,27.45
2017-05-14T12:00,2017-05-14,12,30.73,31.13,31.77,32.26,29.15,26.16,33.18,33.33,29.6,28.64
2017-05-14T13:00,2017-05-14,13,31.02,31.34,31.93,32.05,29.35,27.64,33.35,32.31,30.43,29.31
2017-05-14T14:00,2017-05-14,14,30.75,30.3,32.04,30.42,29.81,28.8,33.26,32.67,30.76,29.59
2017-05-14T15:00,2017-05-14,15,30.47,29.88,31.08,29.6,30.11,29.3,33.24,32.59,31.1,28.8
2017-05-14T16:00,2017-05-14,16,30.27,29.86,30.53,29.39,30.3,29.09,33.04,31.43,31.22,28.28
2017-05-14T17:00,2017-05-14,17,29.73,29.15,29.76,29.18,29.5,28.91,32.39,30.98,31.02,27.63
2017-05-14T18:00,2017-05-14,18,29.44,29.36,29.54,29.3,28.82,27.98,31.44,30.84,30.06,27.61
2017-05-14T19:00,2017-05-14,19,28.37,28.36,28.68,28.46,27.37,26.7,30.25,29.96,28.74,26.67
2017-05-14T20:00,2017-05-14,20,27.81,27.87,28.43,28.11,26.91,26.16,29.06,29.43,27.99,26.17
2017-05-14T21:00,2017-05-14,21,27.43,27.62,28.25,27.92,26.04,25.64,28.6,29.17,27.26,25.92
2017-05-14T22:00,2017-05-14,22,26.92,26.69,27.96,27.89,25.3,25.3,28.33,28.95,26.6,25.6
2017-05-14T23:00,2017-05-14,23,26.63,26.46,27.58,27.7,24.95,24.9,28.17,28.83,26.07,25.33
2017-05-15T00:00,2017-05-15,0,26.32,26.18,27.45,27.17,24.65,24.43,28.06,28.79,25.59,25.04
2017-05-15T01:00,2017-05-15,1,25.93,25.61,26.91,26.82,24.11,24.28,27.95,28.6,25.0,24.94
2017-05-15T02:00,2017-05-15,2,25.67,25.38,26.72,26.37,23.81,24.41,27.81,28.37,24.54,24.6
2017-05-15T03:00,2017-05-15,3,25.41,25.1,26.21,26.13,23.74,24.27,27.71,28.25,24.15,24.29
2017-05-15T04:00,2017-05-15,4,25.23,24.89,26.2,26.08,23.42,24.18,27.59,28.17,23.81,24.01
2017-05-15T05:00,2017-05-15,5,25.02,24.52,26.14,25.86,23.49,24.08,27.44,28.14,23.62,23.74
2017-05-15T06:00,2017-05-15,6,25.22,24.34,26.8,26.33,23.66,24.06,27.64,28.74,24.06,23.87
2017-05-15T07:00,2017-05-15,7,25.96,24.89,28.14,26.64,24.78,24.22,27.89,30.05,25.32,24.78
2017-05-15T08:00,2017-05-15,8,26.86,26.12,29.35,26.39,26.04,24.56,28.88,30.95,26.75,25.29
2017-05-15T09:00,2017-05-15,9,27.73,27.28,29.91,25.95,27.25,24.81,30.0,31.58,28.31,26.33
2017-05-15T10:00,2017-05-15,10,28.42,28.33,29.58,26.04,27.41,25.17,30.99,30.98,29.65,27.85
2017-05-15T11:00,2017-05-15,11,29.04,28.76,30.72,26.45,27.68,25.93,32.19,29.57,30.24,29.42
2017-05-15T12:00,2017-05-15,12,29.43,28.89,29.87,27.33,28.8,26.54,32.65,29.11,30.84,30.41
2017-05-15T13:00,2017-05-15,13,29.89,29.34,28.86,28.58,29.58,26.89,32.82,29.51,31.66,30.88
2017-05-15T14:00,2017-05-15,14,30.34,29.65,30.36,29.45,30.03,27.51,32.23,30.8,31.94,31.14
2017-05-15T15:00,2017-05-15,15,30.32,29.45,30.38,30.05,30.39,27.35,31.09,31.79,31.94,31.24
2017-05-15T16:00,2017-05-15,16,30.28,29.42,30.19,29.88,30.44,27.57,31.59,31.81,31.71,30.85
2017-05-15T17:00,2017-05-15,17,29.94,29.43,29.73,29.51,29.75,26.92,31.24,31.34,31.28,30.39
2017-05-15T18:00,2017-05-15,18,29.43,29.57,28.89,29.01,29.27,27.42,31.12,30.35,29.61,28.93
2017-05-15T19:00,2017-05-15,19,28.22,28.43,28.44,28.3,28.33,26.36,30.04,29.64,27.39,26.94
2017-05-15T20:00,2017-05-15,20,27.42,27.43,28.03,27.94,27.02,25.94,29.14,29.18,26.5,26.0
2017-05-15T21:00,2017-05-15,21,26.88,26.79,27.69,27.81,26.03,25.6,28.38,28.91,25.76,25.58
2017-05-15T22:00,2017-05-15,22,26.56,26.55,27.39,27.82,25.16,24.98,28.47,28.88,25.04,25.15
2017-05-15T23:00,2017-05-15,23,26.35,26.55,27.21,27.68,24.63,24.4,28.36,28.88,24.5,24.88
2017-05-16T00:00,2017-05-16,0,26.14,26.5,26.84,27.57,24.11,24.08,27.91,28.76,24.33,24.76
2017-05-16T01:00,2017-05-16,1,25.81,25.93,26.62,27.12,23.79,23.84,27.81,28.73,24.16,24.45
2017-05-16T02:00,2017-05-16,2,25.6,25.73,26.24,26.49,23.5,23.64,27.84,28.75,24.16,24.28
2017-05-16T03:00,2017-05-16,3,25.51,25.76,26.18,26.45,23.33,23.52,27.77,28.6,23.92,24.09
2017-05-16T04:00,2017-05-16,4,25.46,25.63,26.27,26.79,23.27,23.49,27.42,28.5,23.84,23.98
2017-05-16T05:00,2017-05-16,5,25.41,25.65,26.19,26.95,23.18,23.56,26.97,28.51,23.78,23.93
2017-05-16T06:00,2017-05-16,6,25.02,25.0,25.99,26.01,22.58,22.89,27.01,27.9,24.08,23.86
2017-05-16T07:00,2017-05-16,7,25.94,26.22,27.35,26.82,23.39,23.23,28.03,28.93,24.88,24.18
2017-05-16T08:00,2017-05-16,8,27.1,27.45,29.22,28.16,24.68,23.85,29.23,30.3,25.45,25.21
2017-05-16T09:00,2017-05-16,9,27.63,26.94,30.14,28.55,25.2,24.31,30.2,31.08,26.99,26.52
2017-05-16T10:00,2017-05-16,10,28.54,27.85,30.72,28.83,26.32,25.15,31.31,31.89,28.27,27.71
2017-05-16T11:00,2017-05-16,11,29.45,29.04,32.22,28.16,27.94,26.47,32.08,32.21,29.3,28.73
2017-05-16T12:00,2017-05-16,12,30.26,29.91,30.92,29.76,29.01,27.4,32.75,33.11,30.45,29.66
2017-05-16T13:00,2017-05-16,13,30.64,30.43,30.71,29.84,29.36,28.39,32.67,33.04,31.23,30.34
2017-05-16T14:00,2017-05-16,14,30.65,30.54,31.07,28.94,30.03,27.63,32.66,32.55,31.51,30.86
2017-05-16T15:00,2017-05-16,15,30.38,29.6,30.76,28.88,30.47,28.52,32.37,31.5,31.43,31.09
2017-05-16T16:00,2017-05-16,16,29.97,29.15,29.8,28.01,30.33,28.58,32.04,30.72,31.34,30.94
2017-05-16T17:00,2017-05-16,17,29.46,28.64,28.32,27.58,29.94,28.51,31.8,30.26,31.04,30.19
2017-05-16T18:00,2017-05-16,18,28.53,28.17,28.51,27.46,28.43,27.89,30.36,29.18,28.75,28.66
2017-05-16T19:00,2017-05-16,19,27.4,26.77,27.57,26.41,27.83,26.4,29.39,28.51,27.73,27.34
2017-05-16T20:00,2017-05-16,20,26.74,26.37,26.85,25.86,26.84,25.47,28.73,28.02,26.9,26.41
2017-05-16T21:00,2017-05-16,21,26.22,25.8,26.44,25.41,25.6,24.62,28.35,27.83,26.43,26.21
2017-05-16T22:00,2017-05-16,22,25.8,25.35,25.82,25.19,24.9,24.46,28.04,27.73,26.04,25.52
2017-05-16T23:00,2017-05-16,23,25.47,25.07,25.47,24.89,24.29,24.0,27.79,27.28,25.75,25.33
2017-05-17T00:00,2017-05-17,0,25.29,25.07,25.17,24.67,24.1,23.67,27.57,26.86,25.46,25.15
2017-05-17T01:00,2017-05-17,1,25.09,24.96,25.07,24.41,23.64,23.44,27.25,26.79,25.24,25.03
2017-05-17T02:00,2017-05-17,2,24.88,24.79,24.9,24.27,23.34,23.28,26.71,26.49,25.12,24.88
2017-05-17T03:00,2017-05-17,3,24.66,24.63,24.82,24.19,23.2,23.01,26.25,26.14,24.81,24.69
2017-05-17T04:00,2017-05-17,4,24.49,24.44,24.66,24.1,22.99,22.72,26.06,25.76,24.79,24.47
2017-05-17T05:00,2017-05-17,5,24.23,24.13,24.36,23.98,22.89,22.76,25.66,25.64,24.43,24.14
2017-05-17T06:00,2017-05-17,6,25.23,25.15,25.32,25.01,24.45,24.38,26.38,26.81,25.18,24.8
2017-05-17T07:00,2017-05-17,7,26.32,26.08,26.59,25.59,26.14,26.42,27.25,27.1,26.58,25.96
2017-05-17T08:00,2017-05-17,8,27.48,27.32,28.28,26.25,27.85,28.09,28.02,26.8,28.08,27.07
2017-05-17T09:00,2017-05-17,9,28.68,28.6,29.01,27.71,29.3,29.39,28.71,27.95,29.38,28.29
2017-05-17T10:00,2017-05-17,10,29.68,29.69,29.17,28.98,30.22,30.07,29.97,29.64,30.26,29.24
2017-05-17T11:00,2017-05-17,11,30.57,30.45,30.4,30.01,30.93,30.7,31.15,30.63,31.09,30.03
2017-05-17T12:00,2017-05-17,12,31.3,31.07,31.54,30.91,31.44,31.12,32.29,31.5,31.69,30.57
2017-05-17T13:00,2017-05-17,13,31.64,31.26,31.66,31.18,31.81,31.38,32.83,32.14,32.23,31.04
2017-05-17T14:00,2017-05-17,14,31.84,31.59,31.16,31.23,31.99,31.77,33.05,32.07,32.6,31.39
2017-05-17T15:00,2017-05-17,15,31.76,31.84,30.85,30.35,31.93,31.37,33.0,32.02,32.77,31.46
2017-05-17T16:00,2017-05-17,16,31.52,31.75,29.91,30.36,31.65,31.35,32.92,31.01,32.44,31.27
2017-05-17T17:00,2017-05-17,17,31.09,31.12,29.85,30.33,31.2,30.85,32.45,30.66,32.0,30.74
2017-05-17T18:00,2017-05-17,18,29.86,30.12,28.96,29.43,30.59,29.63,31.34,28.46,29.73,29.45
2017-05-17T19:00,2017-05-17,19,28.68,28.87,28.19,28.47,28.35,28.61,29.92,28.16,28.69,28.08
2017-05-17T20:00,2017-05-17,20,28.17,28.38,27.78,27.89,28.07,28.0,29.01,28.12,28.19,27.63
2017-05-17T21:00,2017-05-17,21,27.68,28.09,27.6,27.5,27.51,27.23,28.42,27.92,27.42,26.74
2017-05-17T22:00,2017-05-17,22,27.37,27.82,27.25,27.32,27.33,26.78,28.27,27.55,27.0,26.23
2017-05-17T23:00,2017-05-17,23,27.19,27.7,27.11,27.25,26.64,26.48,28.14,27.23,26.82,26.15
2017-05-18T00:00,2017-05-18,0,26.87,27.29,26.65,26.99,26.08,26.13,27.85,27.23,26.8,25.79
2017-05-18T01:00,2017-05-18,1,26.52,26.99,26.18,26.49,25.5,25.55,27.57,27.38,26.48,25.52
2017-05-18T02:00,2017-05-18,2,26.15,26.64,25.68,25.95,24.82,24.71,27.5,27.52,26.34,25.03
2017-05-18T03:00,2017-05-18,3,25.92,26.41,25.49,25.74,24.19,24.52,27.65,27.71,26.03,24.56
2017-05-18T04:00,2017-05-18,4,25.67,25.92,25.46,25.48,24.0,24.21,27.64,27.66,25.74,24.4
2017-05-18T05:00,2017-05-18,5,25.42,25.66,25.07,24.89,24.01,24.24,27.51,27.39,25.47,24.26
2017-05-18T06:00,2017-05-18,6,25.82,26.04,25.81,25.62,25.19,25.02,26.9,27.2,25.52,24.97
2017-05-18T07:00,2017-05-18,7,26.93,27.12,27.06,26.93,26.22,26.01,27.78,28.14,26.87,26.0
2017-05-18T08:00,2017-05-18,8,28.23,28.25,28.72,28.04,27.67,27.32,29.34,28.96,28.52,27.16
2017-05-18T09:00,2017-05-18,9,29.39,29.18,30.26,28.77,29.28,28.07,30.82,29.36,30.04,28.61
2017-05-18T10:00,2017-05-18,10,30.39,30.22,31.47,29.49,30.23,28.81,31.9,30.38,31.03,29.8
2017-05-18T11:00,2017-05-18,11,31.17,31.25,31.58,30.17,31.09,29.26,32.99,31.51,31.78,30.32
2017-05-18T12:00,2017-05-18,12,31.89,32.08,31.4,31.06,31.75,30.35,33.93,32.35,32.54,30.72
2017-05-18T13:00,2017-05-18,13,32.37,32.5,31.55,31.78,32.05,30.95,34.74,33.03,32.96,31.03
2017-05-18T14:00,2017-05-18,14,32.57,32.62,31.68,31.6,32.25,31.48,35.12,33.52,33.2,31.33
2017-05-18T15:00,2017-05-18,15,32.66,32.72,31.53,31.83,32.39,31.67,35.19,33.25,33.35,31.44
2017-05-18T16:00,2017-05-18,16,32.52,32.63,31.15,31.94,32.26,31.37,34.94,32.84,33.15,31.5
2017-05-18T17:00,2017-05-18,17,32.05,32.3,30.4,31.54,31.96,29.93,34.61,31.99,32.76,31.35
2017-05-18T18:00,2017-05-18,18,30.67,30.72,29.68,30.29,30.82,29.4,32.03,30.06,31.17,30.87
2017-05-18T19:00,2017-05-18,19,29.25,29.26,28.46,29.09,28.56,27.81,30.96,29.4,29.93,28.83
2017-05-18T20:00,2017-05-18,20,28.6,28.97,28.04,28.46,28.08,27.11,29.76,28.92,28.91,27.83
2017-05-18T21:00,2017-05-18,21,28.18,28.69,27.59,28.06,27.91,26.74,28.98,28.8,28.29,27.34
2017-05-18T22:00,2017-05-18,22,27.86,28.55,27.18,27.73,27.31,26.38,28.61,28.71,27.78,27.02
2017-05-18T23:00,2017-05-18,23,27.58,28.41,27.03,27.66,26.35,26.31,28.46,28.63,27.07,26.62
2017-05-19T00:00,2017-05-19,0,27.08,28.06,26.94,27.49,25.19,25.51,28.28,28.35,26.17,25.76
2017-05-19T01:00,2017-05-19,1,26.57,27.31,26.83,27.31,24.55,24.81,28.18,28.1,25.32,25.19
2017-05-19T02:00,2017-05-19,2,26.08,26.49,26.6,27.0,23.95,24.38,28.04,28.05,24.99,24.41
2017-05-19T03:00,2017-05-19,3,25.58,25.36,26.41,26.73,23.61,24.06,27.89,27.95,24.65,24.09
2017-05-19T04:00,2017-05-19,4,25.45,25.23,26.26,26.44,23.5,23.96,27.83,27.94,24.55,23.92
2017-05-19T05:00,2017-05-19,5,25.15,24.83,26.2,25.27,23.5,23.87,27.76,27.95,24.32,23.78
2017-05-19T06:00,2017-05-19,6,26.72,27.39,26.7,27.77,24.6,24.62,28.54,28.62,25.74,24.98
2017-05-19T07:00,2017-05-19,7,27.93,28.38,28.79,29.3,25.67,25.13,29.97,30.12,26.88,25.99
2017-05-19T08:00,2017-05-19,8,28.96,29.06,30.88,30.39,26.23,25.64,31.18,31.18,28.07,27.29
2017-05-19T09:00,2017-05-19,9,29.82,29.57,32.62,30.78,26.65,25.75,32.34,32.04,29.42,28.74
2017-05-19T10:00,2017-05-19,10,30.52,29.91,33.8,30.01,27.81,25.86,33.59,32.71,31.07,30.06
2017-05-19T11:00,2017-05-19,11,31.19,31.11,32.64,29.79,29.34,25.85,34.72,33.14,32.32,30.66
2017-05-19T12:00,2017-05-19,12,31.99,32.18,32.73,30.09,30.34,26.7,35.66,34.33,33.23,31.22
2017-05-19T13:00,2017-05-19,13,32.39,32.61,32.42,30.75,30.95,27.44,36.41,33.0,33.81,31.84
2017-05-19T14:00,2017-05-19,14,32.65,32.89,32.45,31.06,30.98,27.93,36.62,32.72,34.33,32.22
2017-05-19T15:00,2017-05-19,15,32.56,31.94,32.56,31.68,30.99,28.51,36.4,33.54,34.32,32.4
2017-05-19T16:00,2017-05-19,16,32.15,31.65,31.88,31.71,30.87,28.63,35.31,32.94,33.27,32.34
2017-05-19T17:00,2017-05-19,17,31.45,31.44,31.01,31.55,30.42,28.48,33.07,31.97,32.98,30.64
2017-05-19T18:00,2017-05-19,18,30.34,29.79,29.87,29.56,29.77,28.59,32.77,31.01,31.51,30.38
2017-05-19T19:00,2017-05-19,19,29.19,28.94,29.19,28.75,28.34,27.25,31.25,29.99,30.01,28.74
2017-05-19T20:00,2017-05-19,20,28.62,28.58,28.63,28.35,27.64,26.5,30.45,29.09,29.34,28.11
2017-05-19T21:00,2017-05-19,21,28.16,28.18,28.27,28.05,27.09,26.11,29.86,28.58,28.83,27.48
2017-05-19T22:00,2017-05-19,22,27.78,27.84,28.06,27.69,26.69,25.71,29.38,28.15,28.46,26.98
2017-05-19T23:00,2017-05-19,23,27.51,27.72,27.78,27.4,26.4,25.47,28.9,27.83,28.13,26.67
2017-05-20T00:00,2017-05-20,0,27.23,27.57,27.7,27.14,26.05,25.14,28.39,27.67,27.89,26.07
2017-05-20T01:00,2017-05-20,1,26.84,27.27,27.36,26.97,25.69,24.86,27.88,27.59,27.72,24.78
2017-05-20T02:00,2017-05-20,2,26.57,26.96,27.33,26.82,25.32,24.67,27.62,27.62,27.24,24.36
2017-05-20T03:00,2017-05-20,3,26.26,26.5,27.0,26.68,25.21,24.18,27.54,27.68,26.72,24.04
2017-05-20T04:00,2017-05-20,4,25.97,26.09,26.48,26.57,24.88,23.9,27.42,27.87,26.4,23.7
2017-05-20T05:00,2017-05-20,5,25.78,25.86,26.24,26.54,24.39,23.76,27.36,27.99,25.94,23.66
2017-05-20T06:00,2017-05-20,6,26.51,26.79,26.51,27.1,25.94,25.02,27.85,28.48,26.61,23.99
2017-05-20T07:00,2017-05-20,7,27.97,28.5,28.0,28.92,27.11,25.49,29.47,29.84,28.1,25.05
2017-05-20T08:00,2017-05-20,8,29.37,29.81,30.1,30.22,28.49,26.19,30.94,31.08,29.64,26.57
2017-05-20T09:00,2017-05-20,9,30.61,30.78,31.86,31.33,29.75,27.14,32.29,32.19,30.91,28.33
2017-05-20T10:00,2017-05-20,10,31.69,31.81,32.87,32.2,30.72,28.49,33.4,33.19,32.1,29.59
2017-05-20T11:00,2017-05-20,11,32.53,32.81,32.52,33.16,31.42,29.36,34.49,33.78,33.14,30.6
2017-05-20T12:00,2017-05-20,12,33.24,33.52,33.32,33.53,32.49,30.03,35.58,34.09,33.86,31.19
2017-05-20T13:00,2017-05-20,13,33.66,34.05,33.61,33.67,32.8,30.9,36.29,34.23,34.29,31.34
2017-05-20T14:00,2017-05-20,14,33.76,34.17,33.34,33.56,32.22,31.42,36.43,33.9,34.81,31.83
2017-05-20T15:00,2017-05-20,15,33.7,34.36,32.35,33.55,31.93,30.92,36.42,33.78,34.8,32.25
2017-05-20T16:00,2017-05-20,16,33.03,34.02,31.43,33.0,31.48,30.17,35.61,32.95,33.27,31.91
2017-05-20T17:00,2017-05-20,17,32.02,33.4,30.83,32.24,31.01,30.08,32.87,32.35,31.48,30.74
2017-05-20T18:00,2017-05-20,18,30.92,31.11,29.84,30.78,30.04,29.42,32.67,31.3,31.76,30.12
2017-05-20T19:00,2017-05-20,19,29.78,30.11,28.88,29.83,28.78,28.01,31.47,30.29,30.29,28.85
2017-05-20T20:00,2017-05-20,20,29.15,29.57,28.41,29.31,28.14,27.64,30.6,29.52,29.52,28.11
2017-05-20T21:00,2017-05-20,21,28.75,29.38,27.86,28.88,27.61,27.06,30.21,29.02,29.1,27.58
2017-05-20T22:00,2017-05-20,22,28.37,29.16,27.46,28.46,27.33,26.65,29.73,28.64,28.68,26.92
2017-05-20T23:00,2017-05-20,23,28.04,28.84,27.28,28.18,26.92,26.55,29.27,28.4,28.36,26.34
2017-05-21T00:00,2017-05-21,0,27.58,28.23,27.16,27.86,26.2,25.87,28.9,28.24,28.16,25.59
2017-05-21T01:00,2017-05-21,1,27.21,27.83,26.99,27.63,25.77,25.26,28.65,28.09,27.81,24.94
2017-05-21T02:00,2017-05-21,2,26.88,27.5,26.83,27.47,24.72,24.94,28.48,28.11,27.47,24.48
2017-05-21T03:00,2017-05-21,3,26.63,27.3,26.61,27.24,24.05,24.55,28.41,28.11,27.19,24.19
2017-05-21T04:00,2017-05-21,4,26.49,27.19,26.6,27.24,23.66,24.15,28.32,28.34,26.87,24.05
2017-05-21T05:00,2017-05-21,5,26.31,26.93,26.56,27.15,23.25,24.13,28.09,28.28,26.49,24.06
2017-05-21T06:00,2017-05-21,6,26.74,27.46,27.41,27.41,24.3,24.66,28.48,28.83,26.47,24.07
2017-05-21T07:00,2017-05-21,7,28.08,28.67,29.15,29.0,25.82,25.84,30.03,30.13,27.77,25.05
2017-05-21T08:00,2017-05-21,8,29.56,29.99,30.98,30.5,27.62,27.07,31.36,31.41,29.32,26.7
2017-05-21T09:00,2017-05-21,9,30.9,31.2,32.31,31.68,29.15,28.23,32.66,32.54,31.0,28.35
2017-05-21T10:00,2017-05-21,10,32.03,32.26,33.29,32.49,30.32,29.37,33.91,33.44,32.28,29.92
2017-05-21T11:00,2017-05-21,11,32.84,33.07,33.57,33.12,31.11,30.21,35.11,33.98,33.43,30.66
2017-05-21T12:00,2017-05-21,12,33.6,33.82,32.94,33.84,31.89,31.38,36.22,34.71,34.44,31.69
2017-05-21T13:00,2017-05-21,13,34.12,34.38,33.14,33.97,32.76,31.67,37.04,35.02,35.04,32.49
2017-05-21T14:00,2017-05-21,14,34.44,34.74,33.26,33.95,33.27,31.84,37.52,34.95,35.38,33.14
2017-05-21T15:00,2017-05-21,15,34.46,34.85,32.72,33.98,33.58,31.83,37.4,34.94,35.37,33.37
2017-05-21T16:00,2017-05-21,16,33.98,34.56,32.04,33.68,33.45,30.88,36.79,34.23,34.51,33.13
2017-05-21T17:00,2017-05-21,17,33.13,34.11,31.41,32.75,33.01,30.23,35.7,33.05,33.56,31.25
2017-05-21T18:00,2017-05-21,18,31.56,32.04,30.27,31.11,31.04,30.31,33.44,31.78,32.5,29.93
2017-05-21T19:00,2017-05-21,19,30.23,30.71,29.16,29.97,29.49,29.02,32.23,30.61,30.83,28.55
2017-05-21T20:00,2017-05-21,20,29.48,30.17,28.73,29.29,29.04,27.65,31.1,29.69,30.09,27.58
2017-05-21T21:00,2017-05-21,21,28.94,29.67,28.31,28.78,28.57,27.4,30.16,29.1,29.64,26.82
2017-05-21T22:00,2017-05-21,22,28.48,29.28,27.73,28.42,27.86,27.12,29.74,28.68,29.03,26.36
2017-05-21T23:00,2017-05-21,23,28.08,28.9,27.52,28.13,27.53,26.82,29.44,28.37,28.5,25.57
2017-05-22T00:00,2017-05-22,0,27.74,28.65,27.36,27.88,26.93,26.48,29.03,28.1,28.03,25.12
2017-05-22T01:00,2017-05-22,1,27.38,28.32,27.0,27.66,26.08,26.31,28.61,27.85,27.73,24.62
2017-05-22T02:00,2017-05-22,2,27.06,27.9,26.73,27.56,25.68,25.57,28.35,27.79,27.65,24.11
2017-05-22T03:00,2017-05-22,3,26.78,27.5,26.75,27.34,25.34,25.35,28.12,28.08,27.25,23.67
2017-05-22T04:00,2017-05-22,4,26.49,27.2,26.84,27.02,24.57,25.02,27.97,28.15,26.76,23.39
2017-05-22T05:00,2017-05-22,5,26.18,26.86,26.79,26.96,23.71,24.62,27.78,28.11,26.12,23.24
2017-05-22T06:00,2017-05-22,6,27.04,27.69,27.62,27.8,24.92,25.16,28.65,28.82,27.21,23.95
2017-05-22T07:00,2017-05-22,7,28.4,29.16,29.04,29.33,26.26,25.6,30.11,30.13,28.72,25.18
2017-05-22T08:00,2017-05-22,8,29.67,30.3,30.27,30.66,27.47,26.89,31.5,31.26,30.43,26.17
2017-05-22T09:00,2017-05-22,9,30.72,31.3,31.59,31.53,28.49,27.95,32.59,32.34,31.44,27.4
2017-05-22T10:00,2017-05-22,10,31.7,32.3,32.23,32.15,30.22,29.05,33.59,33.29,32.36,28.48
2017-05-22T11:00,2017-05-22,11,32.56,33.14,33.44,32.82,31.56,30.29,34.5,34.02,33.16,28.77
2017-05-22T12:00,2017-05-22,12,33.23,34.0,33.83,33.45,31.85,30.81,35.47,34.51,33.83,29.38
2017-05-22T13:00,2017-05-22,13,33.58,34.24,33.71,33.7,32.55,30.84,36.36,34.7,34.47,29.67
2017-05-22T14:00,2017-05-22,14,33.93,34.53,33.5,33.8,33.13,31.36,36.9,34.96,35.03,30.19
2017-05-22T15:00,2017-05-22,15,33.98,34.57,33.22,33.78,32.38,31.54,37.24,34.9,35.32,30.64
2017-05-22T16:00,2017-05-22,16,33.73,34.61,32.29,33.49,31.39,31.23,36.93,34.15,35.39,30.7
2017-05-22T17:00,2017-05-22,17,33.06,34.18,31.54,32.75,30.4,30.57,36.0,33.16,34.65,30.35
2017-05-22T18:00,2017-05-22,18,31.49,31.45,30.32,31.51,30.16,29.76,34.5,32.03,33.35,29.06
2017-05-22T19:00,2017-05-22,19,30.14,30.36,28.67,30.25,29.16,28.6,32.98,30.61,31.32,27.84
2017-05-22T20:00,2017-05-22,20,29.4,29.77,28.22,29.51,28.56,28.04,31.97,29.69,30.18,27.08
2017-05-22T21:00,2017-05-22,21,28.93,29.67,27.59,28.99,28.22,27.76,31.04,29.03,29.19,26.76
2017-05-22T22:00,2017-05-22,22,28.57,29.53,27.27,28.51,27.9,27.39,30.44,28.58,28.67,26.41
2017-05-22T23:00,2017-05-22,23,28.22,29.18,26.93,28.17,27.38,26.87,29.95,28.32,28.48,26.19
2017-05-23T00:00,2017-05-23,0,27.86,28.72,26.54,27.92,26.98,26.53,29.41,28.4,28.21,25.83
2017-05-23T01:00,2017-05-23,1,27.52,28.22,26.29,27.67,26.59,26.29,28.98,28.55,27.96,25.41
2017-05-23T02:00,2017-05-23,2,27.24,27.91,26.02,27.59,25.99,25.91,28.66,28.67,27.65,25.19
2017-05-23T03:00,2017-05-23,3,27.02,27.55,26.45,27.49,25.68,25.71,28.33,28.36,27.38,24.97
2017-05-23T04:00,2017-05-23,4,26.76,27.15,26.58,27.22,25.46,25.29,28.11,28.13,27.12,24.74
2017-05-23T05:00,2017-05-23,5,26.72,27.19,26.71,27.15,25.41,25.28,28.01,28.01,26.89,24.71
2017-05-23T06:00,2017-05-23,6,26.98,27.49,27.14,27.96,25.35,25.41,28.57,28.45,26.49,24.8
2017-05-23T07:00,2017-05-23,7,28.42,28.99,29.18,29.45,26.78,26.76,29.87,29.9,27.88,25.84
2017-05-23T08:00,2017-05-23,8,29.78,30.08,31.12,30.63,28.42,28.06,31.32,31.25,29.53,27.0
2017-05-23T09:00,2017-05-23,9,30.94,31.31,32.56,31.45,29.64,29.01,32.36,32.48,30.7,28.32
2017-05-23T10:00,2017-05-23,10,31.86,32.23,33.74,32.12,30.98,29.53,33.29,33.25,31.79,29.09
2017-05-23T11:00,2017-05-23,11,32.59,33.0,34.25,32.41,31.86,30.22,34.32,33.95,32.71,29.85
2017-05-23T12:00,2017-05-23,12,33.28,33.61,34.41,32.54,32.62,31.29,35.44,34.8,33.8,30.49
2017-05-23T13:00,2017-05-23,13,33.74,33.98,34.28,33.0,32.96,31.7,36.25,35.36,34.39,31.22
2017-05-23T14:00,2017-05-23,14,34.02,34.13,34.23,33.44,33.25,31.27,36.92,35.51,34.84,31.79
2017-05-23T15:00,2017-05-23,15,34.16,34.34,33.34,33.58,33.67,31.19,37.0,35.42,35.22,32.51
2017-05-23T16:00,2017-05-23,16,34.05,34.2,32.53,33.45,33.5,31.19,36.95,35.21,35.25,32.78
2017-05-23T17:00,2017-05-23,17,33.58,33.77,31.78,32.83,33.06,31.19,36.49,33.95,34.76,32.72
2017-05-23T18:00,2017-05-23,18,31.85,32.23,30.77,31.47,30.81,30.1,33.94,32.06,32.81,30.66
2017-05-23T19:00,2017-05-23,19,30.48,30.88,29.47,30.1,29.61,28.73,32.62,30.79,31.54,28.86
2017-05-23T20:00,2017-05-23,20,29.67,30.12,28.98,29.39,28.76,27.99,31.63,29.96,30.39,28.09
2017-05-23T21:00,2017-05-23,21,29.12,29.59,28.62,29.02,28.16,27.49,31.04,29.31,29.48,27.65
2017-05-23T22:00,2017-05-23,22,28.69,29.24,28.18,28.66,27.7,27.17,30.58,28.87,28.86,27.16
2017-05-23T23:00,2017-05-23,23,28.3,29.03,27.71,28.3,27.5,26.9,29.97,28.51,28.13,26.79
2017-05-24T00:00,2017-05-24,0,28.02,28.87,27.48,27.88,27.31,26.69,29.49,28.21,27.79,26.43
2017-05-24T01:00,2017-05-24,1,27.65,28.67,26.95,27.58,26.89,26.68,29.08,27.89,27.31,25.7
2017-05-24T02:00,2017-05-24,2,27.28,28.27,26.95,27.34,26.03,26.77,28.68,27.64,26.83,25.04
2017-05-24T03:00,2017-05-24,3,26.92,27.78,27.04,27.13,25.3,26.43,28.41,27.52,26.26,24.79
2017-05-24T04:00,2017-05-24,4,26.56,27.17,27.0,26.83,24.88,25.95,28.37,27.53,25.72,24.54
2017-05-24T05:00,2017-05-24,5,26.37,26.94,26.96,26.65,24.76,25.25,28.43,27.45,25.4,24.5
2017-05-24T06:00,2017-05-24,6,27.3,28.11,27.82,27.53,25.92,25.63,28.98,28.56,26.79,24.82
2017-05-24T07:00,2017-05-24,7,28.39,29.22,29.21,29.04,26.69,26.5,30.01,29.89,27.61,25.78
2017-05-24T08:00,2017-05-24,8,29.53,30.29,30.71,30.25,27.44,27.66,31.06,31.4,28.49,27.16
2017-05-24T09:00,2017-05-24,9,30.53,31.0,32.27,31.33,27.42,28.44,32.03,32.51,29.92,28.71
2017-05-24T10:00,2017-05-24,10,31.55,31.8,33.14,32.26,28.12,29.02,33.3,33.43,31.46,30.25
2017-05-24T11:00,2017-05-24,11,32.26,32.35,33.98,32.92,27.61,29.44,34.14,34.23,32.55,31.68
2017-05-24T12:00,2017-05-24,12,32.66,32.11,34.02,33.46,29.28,29.81,34.73,34.93,33.33,32.22
2017-05-24T13:00,2017-05-24,13,32.81,31.59,33.6,32.87,30.8,31.12,35.57,35.27,33.86,32.38
2017-05-24T14:00,2017-05-24,14,32.7,30.51,33.87,32.3,31.71,31.96,36.21,35.69,33.41,33.01
2017-05-24T15:00,2017-05-24,15,32.83,30.81,33.44,32.19,31.99,31.97,36.37,34.96,34.18,33.11
2017-05-24T16:00,2017-05-24,16,32.93,31.4,33.18,32.33,31.82,32.09,36.37,34.5,34.05,33.07
2017-05-24T17:00,2017-05-24,17,32.55,31.31,32.26,32.13,31.68,31.78,35.06,34.25,33.64,32.83
2017-05-24T18:00,2017-05-24,18,31.69,31.93,31.08,31.44,31.21,30.14,33.77,32.19,31.26,31.35
2017-05-24T19:00,2017-05-24,19,30.37,30.74,29.48,30.15,29.65,28.93,32.51,31.14,30.09,29.54
2017-05-24T20:00,2017-05-24,20,29.67,30.05,29.1,29.65,28.82,28.82,31.5,30.26,29.27,28.67
2017-05-24T21:00,2017-05-24,21,29.25,29.78,28.63,29.32,28.54,27.87,30.83,29.73,28.87,28.26
2017-05-24T22:00,2017-05-24,22,28.85,29.55,28.22,28.96,27.88,27.58,30.42,29.36,28.47,27.57
2017-05-24T23:00,2017-05-24,23,28.59,29.54,27.97,28.65,27.14,27.5,30.01,29.12,28.07,27.2
2017-05-25T00:00,2017-05-25,0,28.26,29.25,27.61,28.43,26.64,27.23,29.66,28.94,27.84,26.6
2017-05-25T01:00,2017-05-25,1,27.82,28.7,27.76,28.2,26.03,26.79,29.27,28.77,27.19,25.92
2017-05-25T02:00,2017-05-25,2,27.33,28.26,27.71,27.91,25.45,26.0,28.96,28.47,26.19,25.24
2017-05-25T03:00,2017-05-25,3,26.97,27.75,27.51,27.43,24.96,25.57,28.63,28.3,26.04,24.99
2017-05-25T04:00,2017-05-25,4,26.62,27.35,27.25,26.98,24.62,25.07,28.24,28.05,25.92,24.66
2017-05-25T05:00,2017-05-25,5,26.31,26.83,26.8,26.84,24.49,24.58,28.01,27.95,25.73,24.53
2017-05-25T06:00,2017-05-25,6,27.23,27.85,27.59,27.76,25.91,25.82,28.49,28.72,27.12,24.68
2017-05-25T07:00,2017-05-25,7,28.61,29.31,29.55,29.24,27.34,26.53,30.02,30.12,28.65,25.33
2017-05-25T08:00,2017-05-25,8,29.85,30.49,31.37,30.61,28.78,27.32,31.32,31.39,30.16,25.84
2017-05-25T09:00,2017-05-25,9,30.92,31.5,33.12,31.65,29.35,28.08,32.61,32.78,31.67,26.15
2017-05-25T10:00,2017-05-25,10,31.74,32.43,34.55,32.51,27.83,29.13,34.02,34.09,32.13,27.29
2017-05-25T11:00,2017-05-25,11,32.49,33.06,35.54,33.32,28.96,30.14,35.3,34.8,31.64,28.58
2017-05-25T12:00,2017-05-25,12,32.91,33.0,35.21,34.03,30.53,31.23,35.47,34.98,32.25,29.38
2017-05-25T13:00,2017-05-25,13,33.24,33.31,34.78,34.35,31.56,31.72,35.8,34.81,32.31,30.37
2017-05-25T14:00,2017-05-25,14,33.44,33.41,34.02,34.31,32.04,32.24,36.01,35.33,32.84,30.96
2017-05-25T15:00,2017-05-25,15,33.58,33.74,33.76,34.33,32.18,32.23,36.09,35.25,33.18,31.1
2017-05-25T16:00,2017-05-25,16,33.33,33.59,32.9,33.79,31.67,32.18,35.93,34.93,33.3,30.96
2017-05-25T17:00,2017-05-25,17,32.64,32.94,31.52,33.1,31.03,31.93,35.15,34.0,32.92,30.3
2017-05-25T18:00,2017-05-25,18,31.34,31.73,30.71,31.78,30.28,30.73,33.45,32.49,31.14,28.98
2017-05-25T19:00,2017-05-25,19,30.08,30.27,29.78,30.65,29.05,29.48,32.01,31.09,30.03,27.85
2017-05-25T20:00,2017-05-25,20,29.51,29.84,29.47,30.4,28.59,28.83,31.01,30.21,29.27,27.19
2017-05-25T21:00,2017-05-25,21,29.04,29.46,29.1,29.6,28.02,28.73,30.37,29.68,28.7,26.87
2017-05-25T22:00,2017-05-25,22,28.66,29.3,28.63,29.15,27.26,28.38,29.92,29.26,28.24,26.56
2017-05-25T23:00,2017-05-25,23,28.28,29.05,28.25,28.8,26.69,27.67,29.49,28.91,27.86,26.24
2017-05-26T00:00,2017-05-26,0,27.89,28.65,27.6,28.38,26.28,27.45,29.03,28.58,27.61,25.82
2017-05-26T01:00,2017-05-26,1,27.46,28.28,27.13,27.91,26.14,27.0,28.66,28.19,27.16,25.13
2017-05-26T02:00,2017-05-26,2,27.08,27.95,26.71,27.55,25.98,26.49,28.34,27.95,26.6,24.59
2017-05-26T03:00,2017-05-26,3,26.67,27.64,26.38,27.2,25.09,25.91,28.07,27.78,25.85,24.34
2017-05-26T04:00,2017-05-26,4,26.28,27.15,25.92,26.88,24.53,25.5,27.76,27.38,25.58,24.17
2017-05-26T05:00,2017-05-26,5,25.82,26.4,25.48,26.28,24.49,24.77,27.62,27.03,25.23,23.9
2017-05-26T06:00,2017-05-26,6,26.38,27.06,26.76,27.12,24.56,25.02,28.13,28.0,25.58,23.93
2017-05-26T07:00,2017-05-26,7,27.88,28.51,29.3,28.73,25.69,26.09,29.7,29.81,27.16,24.85
2017-05-26T08:00,2017-05-26,8,29.28,29.88,31.14,30.1,27.14,27.69,31.09,31.31,28.6,25.75
2017-05-26T09:00,2017-05-26,9,30.51,30.98,32.5,31.16,29.15,28.8,32.28,32.59,29.73,27.1
2017-05-26T10:00,2017-05-26,10,31.64,31.99,33.85,32.26,30.51,29.69,33.51,33.93,30.58,28.46
2017-05-26T11:00,2017-05-26,11,32.5,32.77,34.9,33.19,31.13,30.55,34.68,35.35,31.14,29.17
2017-05-26T12:00,2017-05-26,12,33.14,33.37,35.14,33.87,31.59,31.48,35.88,36.21,31.41,29.91
2017-05-26T13:00,2017-05-26,13,33.42,33.63,34.89,34.25,32.07,32.15,36.44,36.58,31.27,30.38
2017-05-26T14:00,2017-05-26,14,33.45,33.79,34.7,34.61,32.55,32.63,35.61,36.5,30.87,30.69
2017-05-26T15:00,2017-05-26,15,33.26,33.71,34.17,34.53,32.56,32.78,35.27,35.24,30.68,30.73
2017-05-26T16:00,2017-05-26,16,32.78,33.05,33.25,34.12,30.71,32.7,35.26,34.75,30.99,30.21
2017-05-26T17:00,2017-05-26,17,32.28,32.72,32.27,33.15,30.88,32.42,34.78,33.97,30.63,29.64
2017-05-26T18:00,2017-05-26,18,28.97,28.9,30.96,30.89,26.86,29.07,31.7,32.15,25.83,26.07
2017-05-26T19:00,2017-05-26,19,28.19,28.13,29.78,29.84,26.72,28.34,30.06,31.17,25.64,25.66
2017-05-26T20:00,2017-05-26,20,27.7,27.64,29.37,29.36,26.26,27.92,28.76,30.54,25.63,25.4
2017-05-26T21:00,2017-05-26,21,27.3,27.14,29.03,28.76,25.85,27.65,28.23,29.93,25.64,25.1
2017-05-26T22:00,2017-05-26,22,27.04,26.7,28.7,28.49,25.72,27.04,28.1,29.64,25.6,25.09
2017-05-26T23:00,2017-05-26,23,26.82,26.48,28.19,28.21,25.61,26.75,27.94,29.37,25.5,24.93
2017-05-27T00:00,2017-05-27,0,26.64,26.43,27.89,27.92,25.58,26.6,27.81,28.87,25.26,24.78
2017-05-27T01:00,2017-05-27,1,26.44,26.53,27.44,27.88,25.35,26.03,27.73,28.69,24.8,24.26
2017-05-27T02:00,2017-05-27,2,26.22,26.51,27.39,27.45,24.67,25.75,27.72,28.49,24.46,23.92
2017-05-27T03:00,2017-05-27,3,25.93,26.26,27.11,27.24,24.15,25.24,27.59,28.12,24.14,23.59
2017-05-27T04:00,2017-05-27,4,25.69,25.8,27.27,27.16,24.03,24.84,27.48,27.79,23.89,23.41
2017-05-27T05:00,2017-05-27,5,25.39,25.31,26.69,26.62,24.14,24.58,27.17,27.56,23.91,23.35
2017-05-27T06:00,2017-05-27,6,25.79,26.17,27.3,26.99,24.34,25.58,26.61,27.23,24.18,23.72
2017-05-27T07:00,2017-05-27,7,27.08,27.33,29.24,28.44,25.98,27.32,27.51,28.77,25.1,24.81
2017-05-27T08:00,2017-05-27,8,28.47,28.64,31.18,29.85,27.43,29.04,28.44,30.5,26.24,26.28
2017-05-27T09:00,2017-05-27,9,29.78,29.58,32.98,31.15,28.63,30.29,29.75,32.0,27.67,27.98
2017-05-27T10:00,2017-05-27,10,30.82,29.71,34.48,32.25,29.55,31.37,31.52,33.41,29.18,29.45
2017-05-27T11:00,2017-05-27,11,31.66,30.26,35.7,32.84,30.14,31.68,32.87,34.61,30.32,30.55
2017-05-27T12:00,2017-05-27,12,32.24,30.6,35.64,33.47,30.47,32.02,33.94,35.56,31.42,31.24
2017-05-27T13:00,2017-05-27,13,32.79,31.46,36.04,34.05,30.55,31.05,34.73,36.26,32.23,31.76
2017-05-27T14:00,2017-05-27,14,33.07,32.13,35.12,34.29,31.27,30.72,34.99,36.49,32.71,31.94
2017-05-27T15:00,2017-05-27,15,33.29,32.51,35.05,34.44,31.88,31.52,35.05,35.92,32.98,31.89
2017-05-27T16:00,2017-05-27,16,33.11,32.55,34.53,34.08,31.95,31.69,34.9,35.23,32.85,31.45
2017-05-27T17:00,2017-05-27,17,32.51,32.27,32.4,33.64,31.77,31.56,34.4,33.58,32.46,30.67
2017-05-27T18:00,2017-05-27,18,31.16,31.26,31.57,32.16,30.47,31.21,32.62,32.35,30.82,28.19
2017-05-27T19:00,2017-05-27,19,29.79,29.5,30.47,31.08,28.63,29.99,31.41,31.4,29.66,26.9
2017-05-27T20:00,2017-05-27,20,28.91,28.86,29.92,29.52,28.06,28.97,30.63,30.66,28.23,26.2
2017-05-27T21:00,2017-05-27,21,28.35,28.27,29.13,28.96,27.53,28.52,30.05,30.22,27.52,25.98
2017-05-27T22:00,2017-05-27,22,27.95,27.66,28.75,29.13,27.24,27.87,29.54,29.74,26.98,25.86
2017-05-27T23:00,2017-05-27,23,27.66,27.59,28.51,28.59,26.85,27.5,29.03,29.18,26.51,25.98
2017-05-28T00:00,2017-05-28,0,27.32,27.23,28.21,28.1,26.29,27.22,28.76,28.82,26.22,25.77
2017-05-28T01:00,2017-05-28,1,26.95,27.03,27.85,27.78,25.52,26.2,28.4,28.54,25.99,25.43
2017-05-28T02:00,2017-05-28,2,26.61,26.83,27.51,27.31,25.3,25.14,28.1,28.19,25.72,25.09
2017-05-28T03:00,2017-05-28,3,26.38,26.62,27.42,27.21,25.19,24.82,27.88,27.8,25.42,24.74
2017-05-28T04:00,2017-05-28,4,26.04,26.25,27.16,26.77,25.11,24.65,27.54,27.65,24.93,24.28
2017-05-28T05:00,2017-05-28,5,25.81,26.06,26.77,26.49,24.97,24.52,27.32,27.58,24.5,24.09
2017-05-28T06:00,2017-05-28,6,26.74,26.97,27.19,26.81,26.23,26.04,28.34,28.26,25.69,25.28
2017-05-28T07:00,2017-05-28,7,28.15,28.48,28.35,28.36,27.93,27.68,29.6,29.29,26.94,26.71
2017-05-28T08:00,2017-05-28,8,29.6,29.93,29.62,29.85,29.3,29.2,30.73,30.8,28.69,28.18
2017-05-28T09:00,2017-05-28,9,30.97,31.25,30.57,31.27,30.71,30.68,32.03,32.04,30.41,29.61
2017-05-28T10:00,2017-05-28,10,32.09,32.23,32.31,32.25,31.85,32.0,33.21,32.97,31.69,30.52
2017-05-28T11:00,2017-05-28,11,32.96,32.9,33.67,33.14,32.46,32.99,34.16,33.97,32.55,31.36
2017-05-28T12:00,2017-05-28,12,33.38,33.44,32.86,33.6,33.11,33.82,34.48,34.23,33.15,31.96
2017-05-28T13:00,2017-05-28,13,33.25,33.44,32.93,33.46,33.24,34.11,33.84,33.01,33.43,31.59
2017-05-28T14:00,2017-05-28,14,33.15,33.39,33.81,33.6,32.43,33.69,33.48,32.97,33.18,31.42
2017-05-28T15:00,2017-05-28,15,32.5,32.9,34.86,33.28,30.47,32.94,32.34,33.11,32.46,29.74
2017-05-28T16:00,2017-05-28,16,31.83,31.64,32.92,32.97,31.02,32.22,32.57,32.84,31.29,29.82
2017-05-28T17:00,2017-05-28,17,31.38,31.01,32.11,32.1,30.99,31.84,32.51,32.76,30.63,29.91
2017-05-28T18:00,2017-05-28,18,30.95,30.88,31.67,31.53,30.43,31.66,31.76,32.39,29.71,29.67
2017-05-28T19:00,2017-05-28,19,29.85,29.69,30.41,30.3,29.43,30.32,31.04,31.71,28.59,28.62
2017-05-28T20:00,2017-05-28,20,29.05,28.78,29.21,29.85,28.56,29.81,30.4,31.07,28.01,27.33
2017-05-28T21:00,2017-05-28,21,28.52,28.3,28.41,29.25,28.05,29.05,30.01,30.55,27.47,27.01
2017-05-28T22:00,2017-05-28,22,28.16,28.07,27.55,28.78,27.88,28.32,29.79,30.24,27.17,26.65
2017-05-28T23:00,2017-05-28,23,27.88,27.79,27.6,28.45,27.52,28.05,29.44,29.95,26.74,26.51
2017-05-29T00:00,2017-05-29,0,27.63,27.48,27.66,28.19,27.14,27.99,29.14,29.55,26.47,26.31
2017-05-29T01:00,2017-05-29,1,27.42,27.39,27.44,27.92,26.75,27.69,28.88,29.4,26.35,25.95
2017-05-29T02:00,2017-05-29,2,27.23,27.24,27.2,27.71,26.65,27.62,28.68,29.08,26.12,25.73
2017-05-29T03:00,2017-05-29,3,27.06,27.06,27.04,27.55,26.54,27.38,28.55,28.74,25.95,25.58
2017-05-29T04:00,2017-05-29,4,26.88,26.87,26.87,27.32,26.45,27.06,28.35,28.44,25.9,25.42
2017-05-29T05:00,2017-05-29,5,26.72,26.75,26.8,26.92,26.56,26.67,28.2,28.3,25.76,25.31
2017-05-29T06:00,2017-05-29,6,26.85,27.02,25.93,26.73,27.12,27.05,27.66,28.04,26.26,26.23
2017-05-29T07:00,2017-05-29,7,28.17,28.5,27.16,27.65,28.28,28.81,28.71,28.89,27.74,27.86
2017-05-29T08:00,2017-05-29,8,29.6,30.03,28.54,28.75,29.74,30.39,30.14,29.93,29.3,29.32
2017-05-29T09:00,2017-05-29,9,30.9,31.49,29.01,30.36,31.19,31.61,31.43,30.79,30.74,30.56
2017-05-29T10:00,2017-05-29,10,31.88,32.45,30.04,31.16,32.49,32.71,32.42,31.28,31.87,31.51
2017-05-29T11:00,2017-05-29,11,32.43,32.89,29.88,31.93,33.28,33.15,33.09,31.26,32.8,32.29
2017-05-29T12:00,2017-05-29,12,32.68,32.91,29.58,32.53,33.26,33.54,32.93,32.09,33.41,32.98
2017-05-29T13:00,2017-05-29,13,32.8,32.68,29.48,33.15,32.95,33.17,33.6,32.92,33.66,33.14
2017-05-29T14:00,2017-05-29,14,32.51,32.76,29.15,32.13,32.98,32.61,33.91,32.44,33.23,32.38
2017-05-29T15:00,2017-05-29,15,31.55,31.67,27.96,31.15,32.07,30.84,33.72,30.41,32.67,31.71
2017-05-29T16:00,2017-05-29,16,30.82,30.45,27.47,30.41,31.94,30.2,33.33,29.22,32.25,31.19
2017-05-29T17:00,2017-05-29,17,30.29,29.95,27.1,29.73,31.38,29.87,32.58,27.94,31.72,31.13
2017-05-29T18:00,2017-05-29,18,28.84,28.14,25.49,28.09,29.68,28.56,30.79,27.13,30.91,30.3
2017-05-29T19:00,2017-05-29,19,28.13,27.66,25.1,27.63,28.74,27.73,29.89,26.74,29.67,29.28
2017-05-29T20:00,2017-05-29,20,27.66,27.37,24.9,26.82,28.17,27.42,29.07,26.52,29.13,28.83
2017-05-29T21:00,2017-05-29,21,27.24,27.16,24.94,25.83,27.47,26.5,28.63,26.29,28.69,28.63
2017-05-29T22:00,2017-05-29,22,26.87,26.77,24.76,25.42,26.98,26.0,28.12,26.06,28.35,28.36
2017-05-29T23:00,2017-05-29,23,26.6,26.43,24.8,25.31,26.62,25.72,27.61,26.09,28.0,28.08
2017-05-30T00:00,2017-05-30,0,26.34,26.13,24.83,25.42,25.88,25.52,27.15,26.13,27.57,27.85
2017-05-30T01:00,2017-05-30,1,26.19,26.01,24.91,25.39,25.51,25.48,26.94,26.04,27.2,27.69
2017-05-30T02:00,2017-05-30,2,26.13,25.94,25.13,25.37,25.55,25.55,26.88,26.09,26.93,27.41
2017-05-30T03:00,2017-05-30,3,25.99,25.81,25.03,25.31,25.5,25.53,26.8,26.19,26.61,27.03
2017-05-30T04:00,2017-05-30,4,25.77,25.49,24.8,25.08,25.29,25.83,26.7,26.23,26.28,26.59
2017-05-30T05:00,2017-05-30,5,25.58,25.33,24.64,24.94,25.18,25.73,26.53,25.99,26.03,26.15
2017-05-30T06:00,2017-05-30,6,25.08,24.93,24.35,24.82,24.87,25.96,25.6,25.05,25.36,25.07
2017-05-30T07:00,2017-05-30,7,25.6,25.41,24.78,25.83,25.55,26.94,25.99,25.2,25.75,25.33
2017-05-30T08:00,2017-05-30,8,26.19,26.16,25.1,26.47,26.31,28.41,26.38,25.55,25.85,25.81
2017-05-30T09:00,2017-05-30,9,27.04,27.22,25.53,27.36,27.39,30.25,27.09,26.12,26.32,26.35
2017-05-30T10:00,2017-05-30,10,28.01,29.13,25.32,27.69,28.27,32.04,28.52,26.25,26.99,26.55
2017-05-30T11:00,2017-05-30,11,28.36,29.78,25.41,27.24,30.48,31.25,29.2,26.66,27.19,26.37
2017-05-30T12:00,2017-05-30,12,28.57,29.9,26.19,27.15,32.33,29.94,29.67,26.8,27.56,26.1
2017-05-30T13:00,2017-05-30,13,28.27,28.8,26.05,26.96,31.79,28.67,29.13,27.02,28.91,26.43
2017-05-30T14:00,2017-05-30,14,28.08,28.13,26.43,26.87,30.36,26.71,29.36,28.05,29.59,26.81
2017-05-30T15:00,2017-05-30,15,27.95,27.84,26.46,26.83,28.94,26.08,29.35,28.68,29.72,27.36
2017-05-30T16:00,2017-05-30,16,27.82,27.69,26.56,26.5,28.32,25.71,29.21,28.83,29.45,27.73
2017-05-30T17:00,2017-05-30,17,27.63,27.64,26.23,26.8,27.82,25.6,29.0,28.83,28.8,27.42
2017-05-30T18:00,2017-05-30,18,27.2,27.26,26.36,26.27,27.43,25.34,30.02,28.07,27.7,25.9
2017-05-30T19:00,2017-05-30,19,26.9,27.09,26.28,26.35,27.29,25.26,28.92,27.54,27.22,25.58
2017-05-30T20:00,2017-05-30,20,26.64,26.84,25.92,26.38,26.86,25.41,28.38,27.27,26.83,25.31
2017-05-30T21:00,2017-05-30,21,26.46,26.7,25.91,26.31,26.2,25.57,28.2,27.35,26.34,25.14
2017-05-30T22:00,2017-05-30,22,26.27,26.55,26.01,26.26,25.65,25.49,28.05,27.29,25.81,24.9
2017-05-30T23:00,2017-05-30,23,26.07,26.34,26.08,26.21,25.27,25.54,27.63,27.37,25.41,24.63
2017-05-31T00:00,2017-05-31,0,25.92,26.3,25.88,26.22,24.83,25.24,27.46,27.35,25.01,24.56
2017-05-31T01:00,2017-05-31,1,25.81,26.31,25.59,26.24,24.59,25.43,27.21,27.2,24.74,24.4
2017-05-31T02:00,2017-05-31,2,25.68,26.23,25.54,26.14,24.65,25.3,27.08,27.03,24.48,24.11
2017-05-31T03:00,2017-05-31,3,25.62,26.23,25.37,26.16,24.84,25.09,27.0,26.92,24.31,23.97
2017-05-31T04:00,2017-05-31,4,25.56,26.19,25.25,26.06,24.85,24.95,26.83,27.05,24.22,23.96
2017-05-31T05:00,2017-05-31,5,25.39,26.13,24.63,26.09,24.58,24.62,26.76,27.04,24.01,23.73
2017-05-31T06:00,2017-05-31,6,25.77,26.51,25.01,26.21,25.03,24.78,27.16,27.88,24.4,24.26
2017-05-31T07:00,2017-05-31,7,26.95,27.95,25.28,27.25,26.0,25.32,28.44,29.47,25.8,25.63
2017-05-31T08:00,2017-05-31,8,27.97,29.21,25.31,27.69,26.48,26.17,29.89,30.84,27.04,27.06
2017-05-31T09:00,2017-05-31,9,28.73,30.14,25.39,27.3,26.73,26.22,31.5,31.7,28.4,28.43
2017-05-31T10:00,2017-05-31,10,29.48,31.02,25.73,26.86,27.27,26.17,33.1,31.9,29.95,29.63
2017-05-31T11:00,2017-05-31,11,29.92,30.88,25.97,26.98,28.87,26.12,33.96,32.32,31.36,30.06
2017-05-31T12:00,2017-05-31,12,30.01,30.17,26.46,26.94,29.92,26.47,33.76,32.01,32.45,30.56
2017-05-31T13:00,2017-05-31,13,29.84,29.48,27.33,26.97,29.06,26.57,33.43,31.13,32.7,31.04
2017-05-31T14:00,2017-05-31,14,29.55,28.31,28.06,26.54,28.92,26.53,33.33,30.51,32.68,31.73
2017-05-31T15:00,2017-05-31,15,29.44,28.42,27.98,26.42,29.13,26.38,32.69,30.24,32.11,31.95
2017-05-31T16:00,2017-05-31,16,29.08,28.37,26.89,26.54,28.89,26.35,31.47,29.36,31.71,31.77
2017-05-31T17:00,2017-05-31,17,28.63,27.78,26.7,26.75,28.89,26.35,29.91,29.06,31.19,31.25
2017-05-31T18:00,2017-05-31,18,29.57,30.12,26.21,28.46,29.65,27.67,31.14,29.02,30.68,30.71
2017-05-31T19:00,2017-05-31,19,28.57,29.16,25.78,27.74,28.28,26.83,30.11,28.46,29.33,29.12
2017-05-31T20:00,2017-05-31,20,28.17,28.83,25.5,27.37,27.85,26.32,29.72,28.18,28.87,28.57
2017-05-31T21:00,2017-05-31,21,27.82,28.35,25.57,27.29,27.3,25.96,29.5,28.24,28.39,27.82
2017-05-31T22:00,2017-05-31,22,27.58,28.12,25.49,27.27,26.36,25.59,29.52,28.37,28.23,27.23
2017-05-31T23:00,2017-05-31,23,27.26,27.77,25.39,27.52,25.62,25.01,29.43,28.34,27.37,26.91
2017-06-01T00:00,2017-06-01,0,27.02,27.6,25.52,27.41,25.29,24.76,29.33,28.33,26.76,26.29
2017-06-01T01:00,2017-06-01,1,26.81,27.42,25.57,27.39,25.0,24.69,29.16,28.27,26.18,25.82
2017-06-01T02:00,2017-06-01,2,26.57,27.21,25.59,27.11,24.66,24.72,29.08,28.11,25.7,25.34
2017-06-01T03:00,2017-06-01,3,26.31,26.81,25.48,26.85,24.52,24.61,28.99,27.76,25.41,25.0
2017-06-01T04:00,2017-06-01,4,26.06,26.34,25.5,26.79,24.38,24.46,28.78,27.94,24.91,24.81
2017-06-01T05:00,2017-06-01,5,25.94,26.12,25.69,26.68,24.32,24.42,28.35,27.91,24.86,24.75
2017-06-01T06:00,2017-06-01,6,25.65,25.17,26.0,25.51,24.62,24.52,27.34,27.97,25.46,25.5
2017-06-01T07:00,2017-06-01,7,25.94,25.01,26.73,26.01,24.78,24.76,27.91,28.79,25.48,26.25
2017-06-01T08:00,2017-06-01,8,26.29,25.07,27.77,26.23,24.77,25.07,28.88,29.63,25.17,27.14
2017-06-01T09:00,2017-06-01,9,26.92,25.8,29.28,26.45,24.9,25.1,30.03,30.16,25.51,27.86
2017-06-01T10:00,2017-06-01,10,27.56,26.62,30.64,27.36,25.18,25.2,30.42,30.69,26.01,28.17
2017-06-01T11:00,2017-06-01,11,27.94,26.98,29.26,28.1,26.18,25.22,30.66,30.72,26.83,29.22
2017-06-01T12:00,2017-06-01,12,28.25,26.84,29.66,28.27,27.69,25.39,30.09,29.8,28.1,30.46
2017-06-01T13:00,2017-06-01,13,28.44,27.03,29.25,28.13,28.27,25.88,29.1,29.83,29.23,31.23
2017-06-01T14:00,2017-06-01,14,28.68,27.4,29.32,27.77,28.48,26.11,29.21,30.01,30.05,31.46
2017-06-01T15:00,2017-06-01,15,28.68,27.42,28.45,27.86,27.88,26.28,29.45,30.02,30.45,31.6
2017-06-01T16:00,2017-06-01,16,28.48,27.2,27.78,28.56,27.31,25.8,28.94,29.66,30.47,31.41
2017-06-01T17:00,2017-06-01,17,28.15,27.0,27.67,28.06,27.55,25.49,28.33,29.27,30.08,30.71
2017-06-01T18:00,2017-06-01,18,28.1,27.05,27.63,27.76,27.2,25.51,29.58,29.49,29.58,29.84
2017-06-01T19:00,2017-06-01,19,27.66,27.01,26.85,27.36,26.97,25.23,29.44,29.14,28.56,28.74
2017-06-01T20:00,2017-06-01,20,27.42,27.19,26.38,27.11,26.84,25.08,29.37,29.02,27.87,27.71
2017-06-01T21:00,2017-06-01,21,27.26,27.63,26.01,26.72,26.54,25.17,29.01,29.04,27.34,26.99
2017-06-01T22:00,2017-06-01,22,27.1,27.84,26.13,26.45,25.81,24.93,28.64,28.85,27.16,26.45
2017-06-01T23:00,2017-06-01,23,26.87,27.76,25.83,26.3,25.13,24.52,28.5,28.7,27.0,26.07
2017-06-02T00:00,2017-06-02,0,26.66,27.4,25.9,26.2,24.62,24.38,28.74,28.49,26.66,25.75
2017-06-02T01:00,2017-06-02,1,26.4,26.81,25.65,26.12,24.34,24.17,28.87,28.46,26.3,25.71
2017-06-02T02:00,2017-06-02,2,26.25,26.47,25.28,26.24,24.27,24.14,28.9,28.55,26.09,25.57
2017-06-02T03:00,2017-06-02,3,26.19,26.37,25.32,26.21,24.39,24.17,28.78,28.43,26.11,25.31
2017-06-02T04:00,2017-06-02,4,26.18,26.47,25.38,25.97,24.4,24.2,28.76,28.45,26.15,25.04
2017-06-02T05:00,2017-06-02,5,26.15,26.59,25.25,25.61,24.34,24.55,28.76,28.31,26.22,24.78
2017-06-02T06:00,2017-06-02,6,25.84,26.23,25.37,25.58,24.7,23.89,27.28,27.24,26.08,25.09
2017-06-02T07:00,2017-06-02,7,26.41,26.62,26.32,25.74,25.67,24.37,28.15,27.74,26.6,25.82
2017-06-02T08:00,2017-06-02,8,27.04,26.99,26.97,26.05,26.83,25.22,29.28,28.32,27.45,26.27
2017-06-02T09:00,2017-06-02,9,27.65,27.39,27.33,26.39,28.13,25.86,30.06,28.7,28.24,27.17
2017-06-02T10:00,2017-06-02,10,28.38,28.2,27.39,26.79,27.89,26.84,31.01,29.85,29.3,28.21
2017-06-02T11:00,2017-06-02,11,29.26,29.4,27.46,27.53,28.79,26.61,32.39,30.16,30.69,28.96
2017-06-02T12:00,2017-06-02,12,30.18,30.86,28.33,28.97,30.5,27.03,32.23,29.18,31.5,29.98
2017-06-02T13:00,2017-06-02,13,30.57,31.67,28.61,29.56,30.59,28.33,32.23,28.99,31.45,29.99
2017-06-02T14:00,2017-06-02,14,30.35,30.35,28.82,29.54,30.12,29.11,32.22,29.74,31.67,30.33
2017-06-02T15:00,2017-06-02,15,30.32,29.95,28.37,29.42,29.45,29.26,32.34,30.59,32.36,30.61
2017-06-02T16:00,2017-06-02,16,30.19,29.99,27.48,29.44,29.23,27.77,32.55,30.93,32.39,30.56
2017-06-02T17:00,2017-06-02,17,29.91,29.94,27.1,29.07,29.17,27.42,32.19,30.79,32.33,29.57
2017-06-02T18:00,2017-06-02,18,28.61,28.74,27.48,27.76,28.02,27.09,30.0,28.7,30.12,28.35
2017-06-02T19:00,2017-06-02,19,27.94,28.29,26.84,27.18,27.09,26.08,29.43,28.39,29.1,27.46
2017-06-02T20:00,2017-06-02,20,27.55,27.93,26.65,27.13,26.26,25.79,29.23,28.39,28.31,26.78
2017-06-02T21:00,2017-06-02,21,27.26,27.68,26.49,27.12,25.78,25.39,29.05,28.43,27.8,26.13
2017-06-02T22:00,2017-06-02,22,26.99,27.44,26.36,27.03,25.55,25.18,28.98,28.35,27.25,25.47
2017-06-02T23:00,2017-06-02,23,26.81,27.31,26.04,27.01,25.5,25.0,28.88,28.39,26.95,24.89
2017-06-03T00:00,2017-06-03,0,26.7,27.29,25.87,26.9,25.41,24.92,28.74,28.3,26.87,24.57
2017-06-03T01:00,2017-06-03,1,26.59,27.27,25.32,26.74,25.2,25.22,28.66,28.19,26.79,24.35
2017-06-03T02:00,2017-06-03,2,26.53,27.17,25.54,26.71,25.01,25.36,28.59,28.21,26.72,24.09
2017-06-03T03:00,2017-06-03,3,26.46,27.2,25.39,26.78,24.98,25.2,28.57,28.2,26.5,23.84
2017-06-03T04:00,2017-06-03,4,26.37,27.26,25.11,26.74,24.55,25.12,28.55,28.29,26.24,23.74
2017-06-03T05:00,2017-06-03,5,26.37,27.36,25.34,26.62,24.34,24.83,28.61,28.34,26.19,23.66
2017-06-03T06:00,2017-06-03,6,26.64,27.56,25.68,27.02,24.92,24.52,28.49,28.59,26.79,24.16
2017-06-03T07:00,2017-06-03,7,27.48,28.25,26.41,27.83,24.88,24.97,29.68,29.47,28.17,25.31
2017-06-03T08:00,2017-06-03,8,28.49,29.48,27.08,28.87,25.15,25.41,30.93,30.5,29.62,26.19
2017-06-03T09:00,2017-06-03,9,29.61,31.0,27.77,30.48,25.73,25.6,31.99,31.25,30.99,27.0
2017-06-03T10:00,2017-06-03,10,30.49,31.55,28.95,31.32,26.79,26.17,32.93,31.75,32.42,28.04
2017-06-03T11:00,2017-06-03,11,31.31,32.56,29.66,31.35,28.24,25.98,33.76,32.35,33.52,29.37
2017-06-03T12:00,2017-06-03,12,31.96,33.3,28.77,31.54,30.14,26.24,34.42,32.64,34.72,30.39
2017-06-03T13:00,2017-06-03,13,32.54,33.73,29.2,32.13,29.5,27.66,35.04,32.91,35.42,31.83
2017-06-03T14:00,2017-06-03,14,32.61,33.76,29.45,31.83,28.31,28.11,35.11,32.62,35.76,32.79
2017-06-03T15:00,2017-06-03,15,32.46,33.89,29.7,31.49,28.48,27.94,34.92,32.74,34.48,32.78
2017-06-03T16:00,2017-06-03,16,32.15,33.56,29.16,31.48,29.69,27.89,34.3,32.32,33.9,31.9
2017-06-03T17:00,2017-06-03,17,31.46,32.81,28.9,31.13,29.63,27.17,32.9,31.44,33.24,30.9
2017-06-03T18:00,2017-06-03,18,30.33,31.63,28.72,30.63,28.07,26.65,32.49,30.72,30.23,29.65
2017-06-03T19:00,2017-06-03,19,29.27,30.51,27.97,30.0,26.72,25.78,31.64,30.01,28.96,27.98
2017-06-03T20:00,2017-06-03,20,28.52,29.24,27.57,29.43,25.87,25.39,30.9,29.57,28.45,27.39
2017-06-03T21:00,2017-06-03,21,27.98,28.45,27.34,28.96,25.27,24.9,30.37,29.37,27.91,27.05
2017-06-03T22:00,2017-06-03,22,27.56,27.94,26.89,28.53,24.61,24.62,29.92,29.44,27.53,26.62
2017-06-03T23:00,2017-06-03,23,27.08,27.14,26.22,28.32,24.33,24.75,29.66,29.31,26.77,26.26
2017-06-04T00:00,2017-06-04,0,26.8,26.82,26.32,27.73,24.13,24.52,29.43,29.13,26.55,25.85
2017-06-04T01:00,2017-06-04,1,26.53,26.76,26.14,26.69,23.82,24.23,29.26,29.01,26.74,25.16
2017-06-04T02:00,2017-06-04,2,26.37,26.8,25.98,26.03,23.85,23.81,29.12,28.94,27.0,24.51
2017-06-04T03:00,2017-06-04,3,26.36,27.12,26.08,25.85,23.62,23.68,29.03,28.9,27.05,23.99
2017-06-04T04:00,2017-06-04,4,26.36,27.3,25.74,26.04,23.41,23.71,28.98,28.9,27.16,23.66
2017-06-04T05:00,2017-06-04,5,26.35,27.14,25.87,26.27,23.51,23.63,28.98,28.87,27.14,23.65
2017-06-04T06:00,2017-06-04,6,26.67,27.38,25.66,25.81,23.71,24.43,29.49,29.27,28.47,23.83
2017-06-04T07:00,2017-06-04,7,26.77,27.24,25.68,26.21,24.07,24.19,30.38,30.2,27.8,23.96
2017-06-04T08:00,2017-06-04,8,27.04,26.8,25.71,26.95,24.49,24.06,31.45,31.15,28.46,24.21
2017-06-04T09:00,2017-06-04,9,27.95,27.57,26.42,28.16,25.14,24.13,32.46,31.91,30.13,25.12
2017-06-04T10:00,2017-06-04,10,29.03,29.03,27.9,29.17,25.91,24.93,33.5,32.25,31.06,26.02
2017-06-04T11:00,2017-06-04,11,29.64,30.56,28.61,28.1,26.26,25.16,34.06,32.93,30.93,27.39
2017-06-04T12:00,2017-06-04,12,30.34,31.56,29.45,27.68,26.46,24.85,35.07,33.0,32.27,28.78
2017-06-04T13:00,2017-06-04,13,30.43,30.63,30.18,27.91,26.05,25.43,35.69,32.74,33.05,29.64
2017-06-04T14:00,2017-06-04,14,29.85,29.37,27.27,27.59,25.82,26.02,35.67,32.76,33.01,29.85
2017-06-04T15:00,2017-06-04,15,29.02,27.36,26.59,27.5,26.27,26.69,35.65,32.19,30.75,29.98
2017-06-04T16:00,2017-06-04,16,28.83,27.28,26.91,27.9,26.69,27.31,35.49,31.86,29.35,28.96
2017-06-04T17:00,2017-06-04,17,28.3,27.38,26.36,27.66,27.04,27.36,33.78,30.86,27.91,27.97
2017-06-04T18:00,2017-06-04,18,28.7,29.27,27.22,28.14,25.88,25.33,32.16,29.76,30.03,27.56
2017-06-04T19:00,2017-06-04,19,27.98,28.51,26.33,27.49,25.63,24.74,31.22,29.27,29.23,26.84
2017-06-04T20:00,2017-06-04,20,27.6,28.12,26.21,27.14,25.24,24.58,30.59,28.96,28.72,26.47
2017-06-04T21:00,2017-06-04,21,27.41,27.92,26.03,27.02,25.2,24.64,30.25,28.87,28.48,26.07
2017-06-04T22:00,2017-06-04,22,27.28,27.85,25.66,27.1,25.28,24.49,29.92,28.77,28.22,26.0
2017-06-04T23:00,2017-06-04,23,27.16,27.76,25.42,27.0,25.55,24.72,29.45,28.69,28.27,25.45
2017-06-05T00:00,2017-06-05,0,27.07,27.63,25.49,26.9,25.67,25.03,29.01,28.66,28.13,25.36
2017-06-05T01:00,2017-06-05,1,26.83,27.48,25.39,26.89,25.57,24.71,28.89,28.58,27.34,24.86
2017-06-05T02:00,2017-06-05,2,26.57,27.18,25.35,27.09,25.15,24.67,28.71,28.21,26.82,24.31
2017-06-05T03:00,2017-06-05,3,26.38,27.1,25.27,26.97,24.52,24.41,28.68,27.23,26.88,24.02
2017-06-05T04:00,2017-06-05,4,26.1,26.72,25.15,26.84,23.24,24.16,28.74,27.08,26.68,23.84
2017-06-05T05:00,2017-06-05,5,25.93,26.31,25.21,26.66,23.27,24.06,28.7,27.17,26.5,23.71
2017-06-05T06:00,2017-06-05,6,26.38,27.14,25.87,27.2,23.97,25.17,28.86,26.87,26.58,23.43
2017-06-05T07:00,2017-06-05,7,26.96,27.78,27.55,28.24,24.84,26.66,29.56,28.09,24.93,23.76
2017-06-05T08:00,2017-06-05,8,27.98,28.85,29.1,29.57,25.61,27.56,30.56,29.7,25.71,24.19
2017-06-05T09:00,2017-06-05,9,29.17,30.35,30.24,30.77,26.15,28.73,31.78,31.19,27.25,24.48
2017-06-05T10:00,2017-06-05,10,30.09,31.09,31.09,31.55,27.63,30.13,32.54,31.9,28.98,24.67
2017-06-05T11:00,2017-06-05,11,30.8,31.8,31.81,31.47,29.71,31.05,33.01,32.15,29.98,25.25
2017-06-05T12:00,2017-06-05,12,30.79,31.49,30.94,30.65,30.67,31.08,33.97,32.47,29.39,26.41
2017-06-05T13:00,2017-06-05,13,30.86,31.34,30.38,30.62,31.14,30.87,34.55,32.79,29.33,27.09
2017-06-05T14:00,2017-06-05,14,30.69,30.91,30.24,30.06,29.74,30.77,34.43,32.48,30.27,27.56
2017-06-05T15:00,2017-06-05,15,30.57,30.11,30.54,30.92,29.1,29.82,34.32,32.23,30.69,28.08
2017-06-05T16:00,2017-06-05,16,30.39,30.15,30.52,30.26,28.7,28.92,34.02,31.76,30.38,28.82
2017-06-05T17:00,2017-06-05,17,29.96,29.75,30.04,29.6,28.88,28.83,33.57,31.16,29.34,28.76
2017-06-05T18:00,2017-06-05,18,27.39,26.52,28.53,27.39,27.93,27.52,28.12,27.92,26.61,28.16
2017-06-05T19:00,2017-06-05,19,26.75,26.07,27.76,26.42,27.16,26.87,27.74,27.36,26.19,27.04
2017-06-05T20:00,2017-06-05,20,26.52,26.13,27.27,26.27,26.68,26.36,27.46,27.19,25.92,26.57
2017-06-05T21:00,2017-06-05,21,26.32,26.04,27.13,25.98,26.25,26.05,27.39,26.93,25.72,26.31
2017-06-05T22:00,2017-06-05,22,26.1,25.84,26.51,25.9,25.85,25.93,27.37,27.02,25.45,25.94
2017-06-05T23:00,2017-06-05,23,25.96,25.79,26.43,25.68,25.7,25.63,27.3,27.22,25.13,25.74
2017-06-06T00:00,2017-06-06,0,25.93,25.78,26.36,25.88,25.49,25.21,27.28,27.39,25.12,25.56
2017-06-06T01:00,2017-06-06,1,25.82,25.58,25.9,25.99,25.01,24.94,27.26,27.58,25.14,25.7
2017-06-06T02:00,2017-06-06,2,25.79,25.57,25.73,25.96,24.77,24.81,27.31,27.66,25.15,25.77
2017-06-06T03:00,2017-06-06,3,25.8,25.64,25.34,25.92,24.62,24.86,27.47,27.71,25.25,25.78
2017-06-06T04:00,2017-06-06,4,25.79,25.77,25.12,25.73,24.89,24.77,27.48,27.57,25.38,25.61
2017-06-06T05:00,2017-06-06,5,25.79,25.92,25.11,25.7,24.95,24.65,27.49,27.33,25.56,25.19
2017-06-06T06:00,2017-06-06,6,26.44,26.47,25.83,26.69,25.85,25.89,27.8,27.89,25.81,25.93
2017-06-06T07:00,2017-06-06,7,27.66,27.72,27.47,28.17,27.07,27.47,28.76,28.63,26.88,26.87
2017-06-06T08:00,2017-06-06,8,28.98,29.04,29.07,29.37,28.73,29.13,30.17,29.64,28.26,27.73
2017-06-06T09:00,2017-06-06,9,30.08,29.97,30.3,29.72,29.77,30.68,31.41,30.55,29.78,29.16
2017-06-06T10:00,2017-06-06,10,30.82,30.99,29.02,29.91,30.61,31.66,32.58,31.38,30.84,30.36
2017-06-06T11:00,2017-06-06,11,31.58,31.8,29.05,30.6,31.67,32.59,33.49,32.41,31.67,30.95
2017-06-06T12:00,2017-06-06,12,32.07,31.93,29.92,30.8,32.4,32.99,34.34,32.83,32.2,31.9
2017-06-06T13:00,2017-06-06,13,32.62,32.38,30.9,31.7,32.81,33.35,34.86,32.72,32.75,32.57
2017-06-06T14:00,2017-06-06,14,32.88,32.51,31.46,32.06,33.05,33.6,34.93,32.71,33.25,32.91
2017-06-06T15:00,2017-06-06,15,32.78,32.4,31.68,32.13,33.05,33.13,34.35,31.93,33.52,32.98
2017-06-06T16:00,2017-06-06,16,32.54,32.17,31.26,31.87,33.05,32.68,34.13,31.49,33.41,32.77
2017-06-06T17:00,2017-06-06,17,31.99,31.8,30.64,31.34,32.21,31.82,33.38,31.0,32.98,32.19
2017-06-06T18:00,2017-06-06,18,31.73,31.94,29.63,31.6,31.94,32.1,32.04,30.93,32.41,31.98
2017-06-06T19:00,2017-06-06,19,30.02,30.03,28.4,30.37,29.96,30.07,30.64,29.63,30.26,30.2
2017-06-06T20:00,2017-06-06,20,29.25,29.48,27.69,28.77,29.13,29.19,30.15,29.09,29.73,29.23
2017-06-06T21:00,2017-06-06,21,28.66,28.63,27.46,28.33,28.8,28.29,29.64,28.64,28.89,28.93
2017-06-06T22:00,2017-06-06,22,28.22,28.22,27.06,27.88,28.33,27.91,29.44,28.32,28.41,28.18
2017-06-06T23:00,2017-06-06,23,27.91,27.97,26.68,27.69,27.83,27.72,28.95,28.06,27.97,28.02
2017-06-07T00:00,2017-06-07,0,27.61,27.76,26.5,27.42,27.39,27.25,28.65,27.84,27.58,27.55
2017-06-07T01:00,2017-06-07,1,27.3,27.46,26.07,26.99,26.88,27.21,28.45,27.6,27.27,27.33
2017-06-07T02:00,2017-06-07,2,27.09,27.23,25.88,26.77,26.77,26.93,28.26,27.36,27.06,27.11
2017-06-07T03:00,2017-06-07,3,26.92,27.15,25.6,26.59,26.67,26.49,28.06,27.36,26.88,26.9
2017-06-07T04:00,2017-06-07,4,26.66,26.93,25.5,26.21,26.37,26.13,27.78,27.24,26.64,26.54
2017-06-07T05:00,2017-06-07,5,26.46,26.62,25.52,26.2,25.89,25.89,27.51,27.06,26.48,26.43
2017-06-07T06:00,2017-06-07,6,27.4,27.51,26.5,27.05,27.26,27.39,28.09,27.6,27.45,27.5
2017-06-07T07:00,2017-06-07,7,29.15,29.35,28.26,28.8,29.16,29.52,29.41,28.86,29.29,29.27
2017-06-07T08:00,2017-06-07,8,30.69,30.92,30.04,30.36,30.77,31.0,30.61,30.28,30.87,30.83
2017-06-07T09:00,2017-06-07,9,32.05,32.27,31.5,31.8,32.29,32.31,31.81,31.6,32.2,32.15
2017-06-07T10:00,2017-06-07,10,33.03,33.22,32.61,32.93,33.02,33.25,32.91,32.61,33.2,33.0
2017-06-07T11:00,2017-06-07,11,33.79,33.89,33.57,33.69,33.69,34.07,33.86,33.34,33.99,33.61
2017-06-07T12:00,2017-06-07,12,34.27,34.28,33.86,34.33,34.27,34.83,34.38,33.82,34.41,34.12
2017-06-07T13:00,2017-06-07,13,34.51,34.51,33.28,34.73,34.63,35.36,34.86,34.05,34.58,34.4
2017-06-07T14:00,2017-06-07,14,34.51,34.67,32.69,34.94,35.05,35.66,34.58,33.74,34.3,34.52
2017-06-07T15:00,2017-06-07,15,34.32,34.6,32.19,34.8,35.03,35.58,34.26,33.08,34.41,34.07
2017-06-07T16:00,2017-06-07,16,34.01,34.41,31.12,34.38,34.78,35.42,34.18,32.29,34.27,33.89
2017-06-07T17:00,2017-06-07,17,33.43,33.79,30.12,33.55,34.39,34.87,33.76,31.92,33.98,33.29
2017-06-07T18:00,2017-06-07,18,31.87,32.25,29.31,31.44,32.49,32.48,32.77,31.02,32.57,31.34
2017-06-07T19:00,2017-06-07,19,30.53,30.73,28.26,30.59,30.92,30.63,31.56,29.92,31.26,29.84
2017-06-07T20:00,2017-06-07,20,29.71,29.76,27.36,29.58,29.93,29.83,30.83,29.44,30.78,29.16
2017-06-07T21:00,2017-06-07,21,29.25,29.36,27.03,29.25,29.24,29.37,30.29,28.95,30.13,28.73
2017-06-07T22:00,2017-06-07,22,28.79,29.07,26.47,28.85,28.77,28.88,29.68,28.57,29.28,28.45
2017-06-07T23:00,2017-06-07,23,28.36,28.72,25.99,28.45,28.4,28.47,29.13,28.17,28.66,28.08
2017-06-08T00:00,2017-06-08,0,27.99,28.22,25.84,28.06,28.2,27.9,28.76,27.89,28.35,27.79
2017-06-08T01:00,2017-06-08,1,27.71,28.02,25.73,27.72,27.87,27.53,28.44,27.66,28.02,27.43
2017-06-08T02:00,2017-06-08,2,27.52,27.8,25.56,27.41,28.15,27.0,28.16,27.42,27.85,27.41
2017-06-08T03:00,2017-06-08,3,27.24,27.57,25.4,27.14,27.53,26.52,27.81,27.33,27.62,27.2
2017-06-08T04:00,2017-06-08,4,26.99,27.33,25.36,26.62,27.16,26.31,27.51,27.07,27.46,27.03
2017-06-08T05:00,2017-06-08,5,26.76,27.06,25.22,26.3,26.9,26.12,27.22,26.94,27.33,26.81
2017-06-08T06:00,2017-06-08,6,27.3,27.51,25.32,26.48,27.52,26.69,28.17,27.4,27.87,27.87
2017-06-08T07:00,2017-06-08,7,28.46,28.69,26.26,27.54,28.66,27.81,29.15,28.2,29.27,29.48
2017-06-08T08:00,2017-06-08,8,29.73,30.04,27.25,28.87,30.02,29.13,30.25,28.81,30.63,30.96
2017-06-08T09:00,2017-06-08,9,30.92,31.15,28.48,30.14,31.26,30.27,31.52,29.9,31.95,32.07
2017-06-08T10:00,2017-06-08,10,31.78,31.91,29.67,31.09,32.05,31.29,32.31,30.89,32.95,32.59
2017-06-08T11:00,2017-06-08,11,32.12,31.54,30.74,31.94,32.72,32.22,33.13,31.34,33.2,32.51
2017-06-08T12:00,2017-06-08,12,32.41,31.8,31.38,32.11,33.3,33.16,33.51,31.57,33.38,32.24
2017-06-08T13:00,2017-06-08,13,32.09,32.53,29.93,32.34,33.54,33.66,32.13,29.54,32.07,31.67
2017-06-08T14:00,2017-06-08,14,32.08,33.09,30.43,31.71,33.01,34.27,31.91,29.58,32.13,30.63
2017-06-08T15:00,2017-06-08,15,31.7,32.27,30.18,31.15,32.71,34.39,31.66,30.0,31.42,30.92
2017-06-08T16:00,2017-06-08,16,31.3,31.62,29.18,30.75,32.66,34.09,31.11,29.76,31.25,31.15
2017-06-08T17:00,2017-06-08,17,30.87,31.17,28.76,30.27,31.99,33.37,30.51,29.57,30.94,31.07
2017-06-08T18:00,2017-06-08,18,30.53,30.99,28.59,30.39,31.37,31.9,30.7,28.78,31.01,29.8
2017-06-08T19:00,2017-06-08,19,29.52,30.01,27.82,29.51,30.21,30.16,29.81,28.2,29.74,28.85
2017-06-08T20:00,2017-06-08,20,28.97,29.45,27.42,28.9,29.65,29.73,29.28,27.96,29.25,28.01
2017-06-08T21:00,2017-06-08,21,28.58,29.02,27.24,28.51,29.01,29.57,28.9,27.82,28.61,27.75
2017-06-08T22:00,2017-06-08,22,28.28,28.74,27.02,28.24,28.57,28.83,28.63,27.76,28.22,27.54
2017-06-08T23:00,2017-06-08,23,27.98,28.49,26.7,27.88,28.05,28.48,28.33,27.52,27.9,27.45
2017-06-09T00:00,2017-06-09,0,27.61,27.96,26.26,27.5,27.93,28.3,28.08,27.26,27.71,26.86
2017-06-09T01:00,2017-06-09,1,27.31,27.59,26.18,27.24,27.67,27.55,27.83,27.19,27.55,26.43
2017-06-09T02:00,2017-06-09,2,27.06,27.28,25.9,26.77,27.35,27.09,27.68,27.0,27.45,26.43
2017-06-09T03:00,2017-06-09,3,26.81,26.92,25.84,26.49,26.91,26.58,27.61,26.93,27.29,26.27
2017-06-09T04:00,2017-06-09,4,26.59,26.62,25.83,26.35,26.3,26.33,27.4,27.05,27.02,26.19
2017-06-09T05:00,2017-06-09,5,26.37,26.45,25.64,26.21,26.13,26.0,27.19,27.12,26.74,25.72
2017-06-09T06:00,2017-06-09,6,26.84,26.95,25.84,25.97,26.63,26.27,27.65,27.74,27.44,26.81
2017-06-09T07:00,2017-06-09,7,28.04,27.99,27.32,27.11,27.99,27.05,28.65,28.67,28.95,28.5
2017-06-09T08:00,2017-06-09,8,29.31,29.18,28.65,28.71,29.36,28.23,29.7,29.49,30.22,29.91
2017-06-09T09:00,2017-06-09,9,30.47,30.25,29.75,30.27,30.56,29.87,30.6,30.3,31.33,31.12
2017-06-09T10:00,2017-06-09,10,31.47,31.28,31.04,31.28,31.34,30.94,31.54,30.99,32.23,32.31
2017-06-09T11:00,2017-06-09,11,31.99,32.08,31.86,31.79,32.07,31.57,31.93,31.07,32.63,32.1
2017-06-09T12:00,2017-06-09,12,32.05,32.63,30.85,32.03,32.32,32.39,32.06,29.46,32.64,31.84
2017-06-09T13:00,2017-06-09,13,32.03,32.58,30.79,31.69,32.55,33.31,32.06,29.52,32.52,31.5
2017-06-09T14:00,2017-06-09,14,31.79,31.43,30.07,31.46,32.54,33.75,32.62,30.31,32.45,31.84
2017-06-09T15:00,2017-06-09,15,31.78,31.89,29.78,30.85,32.26,33.68,32.28,30.83,32.28,32.01
2017-06-09T16:00,2017-06-09,16,31.39,31.53,28.9,30.78,31.46,33.78,31.62,30.78,31.51,32.06
2017-06-09T17:00,2017-06-09,17,30.83,30.98,28.6,30.4,30.07,33.02,31.34,30.36,30.67,31.74
2017-06-09T18:00,2017-06-09,18,30.58,30.66,29.55,30.34,30.87,31.84,30.55,30.06,30.15,31.23
2017-06-09T19:00,2017-06-09,19,29.43,29.42,28.48,29.39,29.56,30.14,29.75,29.21,29.26,29.71
2017-06-09T20:00,2017-06-09,20,28.96,28.86,28.7,29.01,29.05,29.31,29.42,28.86,28.7,28.93
2017-06-09T21:00,2017-06-09,21,28.48,28.54,27.66,28.35,28.36,28.89,29.11,28.58,28.24,28.58
2017-06-09T22:00,2017-06-09,22,28.26,28.24,27.47,28.18,28.23,28.63,28.86,28.48,28.14,28.19
2017-06-09T23:00,2017-06-09,23,27.99,28.08,27.11,27.89,27.89,28.24,28.64,28.24,27.83,27.9
2017-06-10T00:00,2017-06-10,0,27.69,27.83,26.88,27.47,27.77,27.54,28.41,27.83,27.68,27.53
2017-06-10T01:00,2017-06-10,1,27.4,27.61,26.5,27.2,27.46,26.62,28.16,27.68,27.5,27.17
2017-06-10T02:00,2017-06-10,2,27.14,27.27,26.39,27.13,27.33,26.03,27.85,27.59,27.32,26.84
2017-06-10T03:00,2017-06-10,3,26.93,27.1,26.18,26.92,27.6,25.65,27.45,27.24,27.17,26.44
2017-06-10T04:00,2017-06-10,4,26.72,27.02,26.25,26.59,26.65,25.5,27.29,27.08,27.08,26.15
2017-06-10T05:00,2017-06-10,5,26.48,26.86,26.02,25.85,26.24,25.26,27.16,26.8,27.11,25.97
2017-06-10T06:00,2017-06-10,6,27.27,27.51,26.84,27.46,27.76,26.28,27.62,27.48,27.54,26.28
2017-06-10T07:00,2017-06-10,7,28.68,29.15,28.37,28.97,29.04,27.54,28.87,28.53,29.01,27.35
2017-06-10T08:00,2017-06-10,8,29.92,30.39,29.78,30.17,30.17,29.14,30.04,29.35,30.31,28.6
2017-06-10T09:00,2017-06-10,9,30.98,31.38,30.74,31.17,31.01,30.54,31.06,30.27,31.34,30.06
2017-06-10T10:00,2017-06-10,10,31.83,32.07,31.76,31.89,31.88,31.83,31.85,31.09,32.09,31.19
2017-06-10T11:00,2017-06-10,11,31.87,31.27,32.15,31.41,32.68,32.72,31.97,31.5,32.46,32.02
2017-06-10T12:00,2017-06-10,12,31.76,30.78,32.92,31.1,32.41,33.48,31.93,31.98,32.13,31.8
2017-06-10T13:00,2017-06-10,13,31.84,31.5,30.46,31.4,32.47,33.92,32.4,32.39,31.97,31.55
2017-06-10T14:00,2017-06-10,14,31.84,31.96,30.94,31.94,31.03,34.17,32.58,32.25,30.87,31.36
2017-06-10T15:00,2017-06-10,15,31.84,32.16,30.15,32.29,31.19,33.99,32.9,32.21,31.06,30.66
2017-06-10T16:00,2017-06-10,16,31.77,32.15,30.03,31.94,31.62,33.32,32.66,31.62,31.33,30.79
2017-06-10T17:00,2017-06-10,17,31.33,32.0,29.25,31.05,31.49,32.49,31.77,30.21,31.35,30.84
2017-06-10T18:00,2017-06-10,18,30.94,31.39,28.51,29.96,31.67,31.86,31.26,29.95,31.55,31.2
2017-06-10T19:00,2017-06-10,19,29.71,30.01,28.04,28.91,30.24,30.54,30.25,29.15,30.07,29.6
2017-06-10T20:00,2017-06-10,20,29.03,29.18,27.55,28.08,29.73,29.21,29.59,28.81,29.69,29.09
2017-06-10T21:00,2017-06-10,21,28.57,28.6,27.17,27.77,29.14,28.67,29.18,28.59,29.16,28.78
2017-06-10T22:00,2017-06-10,22,28.19,28.12,26.73,27.24,29.0,28.05,28.95,28.19,28.89,28.54
2017-06-10T23:00,2017-06-10,23,27.67,27.29,26.35,26.84,28.54,27.17,28.62,27.95,28.51,28.24
2017-06-11T00:00,2017-06-11,0,27.22,26.65,26.16,26.39,28.25,26.2,28.39,27.58,28.17,27.9
2017-06-11T01:00,2017-06-11,1,26.73,26.24,25.98,26.05,26.97,25.67,28.01,26.98,27.55,27.51
2017-06-11T02:00,2017-06-11,2,26.5,25.96,25.83,25.91,26.63,25.57,27.62,26.75,27.24,27.47
2017-06-11T03:00,2017-06-11,3,26.28,25.85,25.64,25.7,26.1,25.48,27.15,26.48,26.97,27.41
2017-06-11T04:00,2017-06-11,4,26.08,25.65,25.64,25.67,25.88,25.41,26.69,26.18,26.72,27.21
2017-06-11T05:00,2017-06-11,5,25.99,25.49,25.59,25.65,25.78,25.34,26.57,26.23,26.57,27.15
2017-06-11T06:00,2017-06-11,6,26.56,26.17,26.05,26.32,26.55,25.88,26.72,26.16,27.32,27.8
2017-06-11T07:00,2017-06-11,7,27.33,26.89,27.09,26.95,26.99,26.31,27.41,26.75,28.44,28.9
2017-06-11T08:00,2017-06-11,8,27.95,27.28,27.19,27.96,27.54,26.91,28.15,27.3,29.37,29.73
2017-06-11T09:00,2017-06-11,9,28.76,28.23,27.48,28.84,28.09,27.9,28.99,28.15,30.11,30.62
2017-06-11T10:00,2017-06-11,10,29.48,29.33,28.08,29.68,29.02,28.8,29.13,27.95,31.01,30.93
2017-06-11T11:00,2017-06-11,11,29.94,30.49,27.91,29.31,28.74,30.45,28.93,28.65,31.6,31.16
2017-06-11T12:00,2017-06-11,12,30.25,30.83,28.95,28.63,30.17,31.92,29.38,28.13,31.69,30.93
2017-06-11T13:00,2017-06-11,13,30.04,29.26,28.79,27.97,32.1,32.41,30.03,27.67,31.73,31.69
2017-06-11T14:00,2017-06-11,14,29.43,27.91,27.87,27.41,32.55,31.79,28.79,27.85,31.94,31.63
2017-06-11T15:00,2017-06-11,15,28.62,27.39,27.63,27.6,30.44,30.2,27.97,27.14,30.07,31.13
2017-06-11T16:00,2017-06-11,16,28.12,27.42,27.49,27.46,28.68,29.29,27.2,27.4,29.0,30.35
2017-06-11T17:00,2017-06-11,17,27.8,27.37,26.92,27.17,28.01,29.01,26.9,27.4,28.14,30.12
2017-06-11T18:00,2017-06-11,18,27.75,27.16,26.78,27.09,27.49,27.42,27.5,27.54,29.09,29.94
2017-06-11T19:00,2017-06-11,19,27.36,26.79,26.84,27.16,27.02,26.73,27.32,27.39,28.32,29.07
2017-06-11T20:00,2017-06-11,20,27.12,26.66,26.96,27.15,26.62,26.45,27.14,26.94,27.66,28.58
2017-06-11T21:00,2017-06-11,21,26.91,26.47,27.03,27.07,26.56,26.27,26.75,27.0,27.29,28.05
2017-06-11T22:00,2017-06-11,22,26.72,26.51,26.89,26.57,26.52,26.19,26.46,26.95,27.0,27.61
2017-06-11T23:00,2017-06-11,23,26.56,26.45,26.57,26.47,26.44,26.21,26.23,26.67,26.74,27.34
2017-06-12T00:00,2017-06-12,0,26.42,26.34,26.38,26.38,26.29,26.3,26.07,26.66,26.56,26.97
2017-06-12T01:00,2017-06-12,1,26.3,26.2,25.97,26.31,26.27,26.39,26.08,26.6,26.35,26.74
2017-06-12T02:00,2017-06-12,2,26.13,26.05,25.57,25.99,26.33,26.29,26.02,26.41,26.31,26.43
2017-06-12T03:00,2017-06-12,3,26.04,25.82,25.53,25.94,26.5,26.51,26.05,26.18,26.13,26.31
2017-06-12T04:00,2017-06-12,4,25.99,25.7,25.97,25.88,26.22,26.92,25.98,25.9,26.01,26.15
2017-06-12T05:00,2017-06-12,5,25.95,25.65,26.31,25.74,26.08,26.57,26.08,25.85,26.05,26.01
2017-06-12T06:00,2017-06-12,6,25.67,25.31,25.74,25.44,25.7,26.39,25.78,24.98,26.0,26.23
2017-06-12T07:00,2017-06-12,7,25.91,25.6,25.75,25.3,25.89,26.31,26.05,25.37,26.38,26.88
2017-06-12T08:00,2017-06-12,8,26.1,25.66,26.11,25.57,26.0,26.51,26.26,25.55,26.39,27.43
2017-06-12T09:00,2017-06-12,9,26.32,25.77,25.9,25.68,26.11,27.05,26.43,25.66,26.69,28.25
2017-06-12T10:00,2017-06-12,10,26.61,25.91,26.44,26.08,26.71,27.23,26.49,25.87,27.07,28.61
2017-06-12T11:00,2017-06-12,11,26.84,25.97,26.6,26.57,26.81,26.88,26.74,25.99,27.75,29.03
2017-06-12T12:00,2017-06-12,12,26.94,25.93,26.99,26.3,27.1,26.99,26.79,26.06,28.33,29.05
2017-06-12T13:00,2017-06-12,13,26.91,26.11,26.86,26.08,27.26,26.96,27.03,26.13,27.82,28.87
2017-06-12T14:00,2017-06-12,14,26.94,26.13,26.66,26.29,27.24,27.3,27.27,26.59,27.8,28.35
2017-06-12T15:00,2017-06-12,15,26.94,26.37,26.82,26.02,26.98,27.04,27.25,26.77,27.75,28.28
2017-06-12T16:00,2017-06-12,16,26.79,26.26,26.44,25.98,26.52,26.91,27.26,26.72,27.68,27.97
2017-06-12T17:00,2017-06-12,17,26.63,26.11,26.5,26.08,26.4,26.28,27.16,26.73,27.45,27.56
2017-06-12T18:00,2017-06-12,18,26.19,25.73,26.37,25.73,26.17,25.98,27.27,26.45,26.4,26.43
2017-06-12T19:00,2017-06-12,19,26.03,25.64,26.42,25.84,25.91,25.68,26.95,26.24,26.04,26.14
2017-06-12T20:00,2017-06-12,20,25.94,25.51,26.62,25.94,25.94,25.49,26.79,26.01,25.93,25.9
2017-06-12T21:00,2017-06-12,21,25.87,25.54,26.3,25.95,25.7,25.46,26.74,26.1,25.78,25.74
2017-06-12T22:00,2017-06-12,22,25.78,25.5,26.26,25.81,25.44,25.39,26.68,26.17,25.66,25.61
2017-06-12T23:00,2017-06-12,23,25.68,25.56,25.92,25.71,25.22,25.07,26.61,26.21,25.59,25.32
2017-06-13T00:00,2017-06-13,0,25.6,25.37,25.68,25.61,25.21,25.29,26.56,26.47,25.44,25.36
2017-06-13T01:00,2017-06-13,1,25.52,25.27,25.7,25.55,25.1,25.0,26.43,26.79,25.39,25.22
2017-06-13T02:00,2017-06-13,2,25.47,25.14,26.03,25.44,24.99,25.12,26.35,26.8,25.29,25.1
2017-06-13T03:00,2017-06-13,3,25.39,25.04,25.97,25.4,24.8,25.02,26.27,26.73,25.19,25.09
2017-06-13T04:00,2017-06-13,4,25.28,24.95,26.03,25.24,24.81,24.92,25.9,26.58,25.07,25.0
2017-06-13T05:00,2017-06-13,5,25.19,24.88,26.26,25.12,24.69,24.97,25.87,26.17,24.9,24.85
2017-06-13T06:00,2017-06-13,6,25.07,24.71,25.68,25.36,24.37,24.47,25.82,25.47,25.08,25.12
2017-06-13T07:00,2017-06-13,7,25.94,25.74,25.91,25.94,24.84,24.78,26.96,25.93,26.5,26.34
2017-06-13T08:00,2017-06-13,8,26.88,27.0,26.2,26.37,25.29,25.2,27.97,26.73,27.84,27.74
2017-06-13T09:00,2017-06-13,9,27.92,28.3,26.3,27.09,26.29,25.26,29.34,28.17,29.16,28.99
2017-06-13T10:00,2017-06-13,10,29.05,29.7,27.01,28.29,27.43,25.67,30.42,29.41,30.28,30.16
2017-06-13T11:00,2017-06-13,11,29.88,30.49,27.45,29.28,28.37,26.19,31.4,30.53,31.26,30.89
2017-06-13T12:00,2017-06-13,12,30.59,31.34,28.62,30.0,29.3,26.72,31.43,30.98,32.14,31.47
2017-06-13T13:00,2017-06-13,13,30.85,31.5,27.77,30.22,29.41,27.68,32.44,30.42,32.86,31.7
2017-06-13T14:00,2017-06-13,14,30.83,31.05,27.51,29.8,29.69,27.37,33.04,30.7,33.23,32.09
2017-06-13T15:00,2017-06-13,15,30.82,31.29,26.67,29.75,29.87,27.39,33.48,30.48,33.05,31.9
2017-06-13T16:00,2017-06-13,16,30.74,31.49,26.9,30.06,30.03,27.23,33.16,29.58,32.67,31.36
2017-06-13T17:00,2017-06-13,17,30.23,31.11,26.89,29.22,29.76,27.2,32.6,29.04,31.92,30.37
2017-06-13T18:00,2017-06-13,18,30.19,31.34,25.94,29.49,30.19,28.23,32.21,30.26,30.9,29.83
2017-06-13T19:00,2017-06-13,19,29.19,30.15,25.81,28.38,28.5,27.47,31.13,29.51,30.06,28.8
2017-06-13T20:00,2017-06-13,20,28.71,29.54,25.77,27.94,28.26,26.8,30.57,29.16,29.64,28.11
2017-06-13T21:00,2017-06-13,21,28.38,29.11,25.6,27.77,27.83,26.37,30.17,28.99,29.48,27.66
2017-06-13T22:00,2017-06-13,22,28.11,28.72,25.46,27.69,27.61,26.15,29.75,28.84,29.26,27.4
2017-06-13T23:00,2017-06-13,23,27.74,28.19,25.3,27.78,27.35,25.93,29.38,28.76,28.32,27.08
2017-06-14T00:00,2017-06-14,0,27.35,27.77,25.18,27.82,26.48,25.61,29.16,28.79,27.32,26.63
2017-06-14T01:00,2017-06-14,1,26.9,27.36,25.0,27.55,25.85,25.26,28.8,28.73,26.28,26.13
2017-06-14T02:00,2017-06-14,2,26.6,27.34,24.68,27.07,25.59,24.94,28.65,28.58,25.62,25.53
2017-06-14T03:00,2017-06-14,3,26.47,27.35,24.46,26.97,25.2,24.71,28.51,28.44,25.74,25.05
2017-06-14T04:00,2017-06-14,4,26.41,27.42,24.26,26.78,24.87,24.58,28.4,28.33,25.97,24.88
2017-06-14T05:00,2017-06-14,5,26.35,27.35,24.23,26.57,24.62,24.46,28.34,28.08,26.31,24.81
2017-06-14T06:00,2017-06-14,6,26.68,27.77,24.59,26.93,24.67,24.78,28.57,28.17,27.02,24.84
2017-06-14T07:00,2017-06-14,7,27.36,28.67,25.07,27.66,24.8,25.13,29.59,28.41,27.88,25.3
2017-06-14T08:00,2017-06-14,8,27.76,29.32,25.28,27.66,25.0,25.23,30.34,27.91,28.63,25.71
2017-06-14T09:00,2017-06-14,9,27.99,29.03,25.91,28.19,25.36,25.3,30.78,27.97,29.14,26.24
2017-06-14T10:00,2017-06-14,10,28.06,27.75,26.03,29.01,25.42,25.85,31.08,29.57,29.69,26.93
2017-06-14T11:00,2017-06-14,11,28.65,28.33,27.23,30.51,25.86,26.57,31.03,30.64,29.53,27.37
2017-06-14T12:00,2017-06-14,12,29.06,29.47,27.22,31.12,26.12,27.11,31.29,31.34,28.61,27.58
2017-06-14T13:00,2017-06-14,13,29.35,30.03,27.71,30.29,26.71,28.2,32.11,30.35,28.84,27.76
2017-06-14T14:00,2017-06-14,14,29.26,30.15,26.67,28.49,27.61,29.02,32.27,29.4,29.47,27.92
2017-06-14T15:00,2017-06-14,15,29.15,30.33,26.1,27.36,28.17,28.23,31.97,28.17,30.38,28.12
2017-06-14T16:00,2017-06-14,16,28.74,28.89,25.87,27.67,28.6,28.04,30.82,27.75,30.55,28.7
2017-06-14T17:00,2017-06-14,17,28.39,28.23,25.71,27.78,28.71,28.14,29.8,27.87,29.82,28.74
2017-06-14T18:00,2017-06-14,18,28.78,28.27,26.09,28.32,28.68,28.47,30.3,28.37,30.52,29.66
2017-06-14T19:00,2017-06-14,19,28.11,28.04,25.3,27.73,27.69,27.31,29.6,27.99,29.48,28.74
2017-06-14T20:00,2017-06-14,20,27.67,27.73,24.98,27.26,27.21,26.88,29.24,27.83,28.67,28.11
2017-06-14T21:00,2017-06-14,21,27.38,27.57,24.79,27.13,26.93,26.45,28.98,27.85,28.16,27.38
2017-06-14T22:00,2017-06-14,22,27.14,27.45,24.58,27.01,26.83,26.11,28.65,27.81,27.56,27.1
2017-06-14T23:00,2017-06-14,23,26.97,27.33,24.59,26.82,26.54,25.91,28.5,27.63,27.49,26.57
2017-06-15T00:00,2017-06-15,0,26.85,27.23,24.74,26.81,26.62,25.95,28.11,27.1,27.36,26.31
2017-06-15T01:00,2017-06-15,1,26.59,27.06,24.74,26.43,26.38,26.0,27.63,26.4,27.21,25.9
2017-06-15T02:00,2017-06-15,2,26.42,26.91,24.5,26.2,26.24,25.89,27.4,26.51,27.14,25.59
2017-06-15T03:00,2017-06-15,3,26.27,26.73,24.28,26.17,26.1,25.84,27.21,26.26,27.06,25.3
2017-06-15T04:00,2017-06-15,4,26.17,26.69,24.35,26.04,25.81,25.86,27.0,26.13,26.9,25.19
2017-06-15T05:00,2017-06-15,5,26.09,26.45,24.26,26.05,25.92,25.73,27.06,26.05,26.84,25.23
2017-06-15T06:00,2017-06-15,6,26.2,26.59,24.75,25.9,25.57,25.83,27.15,26.06,27.16,25.42
2017-06-15T07:00,2017-06-15,7,26.98,27.37,25.61,26.84,26.25,26.99,27.86,26.8,27.78,26.07
2017-06-15T08:00,2017-06-15,8,27.93,28.58,26.12,27.77,27.44,28.02,28.83,27.72,28.59,26.58
2017-06-15T09:00,2017-06-15,9,28.83,29.66,26.86,28.19,28.97,28.82,29.63,28.07,29.87,27.31
2017-06-15T10:00,2017-06-15,10,29.4,29.86,26.56,28.39,30.4,29.83,30.56,28.52,30.86,28.24
2017-06-15T11:00,2017-06-15,11,30.12,30.45,27.05,29.12,31.16,30.69,31.34,29.58,31.76,28.86
2017-06-15T12:00,2017-06-15,12,30.68,31.04,27.59,29.96,31.68,31.53,31.67,28.52,32.5,29.81
2017-06-15T13:00,2017-06-15,13,30.89,31.25,28.08,30.06,32.12,31.93,31.87,28.2,32.29,30.44
2017-06-15T14:00,2017-06-15,14,30.55,31.36,26.58,29.85,31.45,32.26,31.35,28.37,31.03,30.45
2017-06-15T15:00,2017-06-15,15,29.94,30.46,26.22,29.18,30.31,32.2,30.95,28.11,30.96,29.49
2017-06-15T16:00,2017-06-15,16,29.43,29.9,25.48,28.62,30.89,30.72,30.29,27.37,31.0,28.8
2017-06-15T17:00,2017-06-15,17,28.95,29.51,25.19,28.24,29.88,28.94,30.14,27.37,30.2,28.8
2017-06-15T18:00,2017-06-15,18,28.75,28.86,25.99,27.78,29.12,28.89,30.2,27.99,29.84,29.07
2017-06-15T19:00,2017-06-15,19,28.12,28.27,25.61,27.32,28.35,28.25,29.45,27.64,29.16,28.04
2017-06-15T20:00,2017-06-15,20,27.65,27.82,25.24,26.94,27.94,27.57,28.85,27.12,28.76,27.58
2017-06-15T21:00,2017-06-15,21,27.26,27.43,25.06,26.72,27.6,27.06,28.22,26.79,28.28,27.12
2017-06-15T22:00,2017-06-15,22,27.01,27.3,25.08,26.47,27.12,26.92,27.83,26.63,27.9,26.73
2017-06-15T23:00,2017-06-15,23,26.79,27.25,25.07,26.18,26.95,26.69,27.52,26.34,27.55,26.27
2017-06-16T00:00,2017-06-16,0,26.58,27.09,24.97,25.92,26.8,26.26,27.21,26.34,27.22,26.09
2017-06-16T01:00,2017-06-16,1,26.33,26.77,24.85,25.66,26.72,25.95,26.99,26.29,27.01,25.64
2017-06-16T02:00,2017-06-16,2,26.07,26.4,24.71,25.4,26.59,25.69,26.77,26.04,26.89,25.31
2017-06-16T03:00,2017-06-16,3,25.85,25.92,24.64,25.61,26.19,25.66,26.51,25.91,26.57,25.22
2017-06-16T04:00,2017-06-16,4,25.63,25.52,24.64,25.55,25.97,25.58,26.27,25.81,26.19,25.16
2017-06-16T05:00,2017-06-16,5,25.51,25.36,24.64,25.84,25.8,25.5,25.96,25.61,25.85,25.11
2017-06-16T06:00,2017-06-16,6,25.63,25.76,24.14,25.79,25.49,25.58,26.27,26.02,26.03,25.12
2017-06-16T07:00,2017-06-16,7,25.74,25.84,24.48,25.65,25.6,25.9,26.32,26.35,25.85,25.55
2017-06-16T08:00,2017-06-16,8,25.94,25.9,24.8,25.79,25.71,26.03,26.52,26.77,26.03,26.06
2017-06-16T09:00,2017-06-16,9,26.36,26.35,25.02,26.03,25.72,26.09,27.11,27.1,26.64,26.97
2017-06-16T10:00,2017-06-16,10,26.83,26.61,25.81,26.51,25.67,26.52,27.64,27.37,27.32,27.9
2017-06-16T11:00,2017-06-16,11,27.2,27.15,26.41,26.78,25.73,27.0,28.26,27.55,27.75,27.68
2017-06-16T12:00,2017-06-16,12,27.58,28.04,27.33,26.69,25.71,26.5,28.85,28.83,28.21,26.98
2017-06-16T13:00,2017-06-16,13,27.92,28.37,27.23,26.6,25.66,26.89,29.56,29.26,28.89,27.6
2017-06-16T14:00,2017-06-16,14,28.29,28.83,26.43,27.25,26.77,27.1,30.85,29.12,29.2,27.3
2017-06-16T15:00,2017-06-16,15,28.41,29.08,26.47,27.56,27.76,27.08,29.99,28.89,29.19,27.74
2017-06-16T16:00,2017-06-16,16,28.16,28.61,26.63,27.6,27.77,26.58,28.95,29.01,29.2,27.72
2017-06-16T17:00,2017-06-16,17,27.88,27.94,26.47,27.67,27.53,26.26,28.67,28.88,28.99,27.78
2017-06-16T18:00,2017-06-16,18,27.93,28.55,26.28,27.7,27.86,26.57,29.03,27.58,28.46,27.31
2017-06-16T19:00,2017-06-16,19,27.44,27.94,25.67,27.39,27.55,26.44,28.45,27.63,27.65,26.79
2017-06-16T20:00,2017-06-16,20,27.17,27.64,25.58,27.15,27.23,26.27,28.07,27.62,27.3,26.45
2017-06-16T21:00,2017-06-16,21,27.01,27.53,25.58,27.03,26.92,26.14,27.86,27.65,27.05,26.17
2017-06-16T22:00,2017-06-16,22,26.81,27.37,25.42,26.93,26.38,25.92,27.74,27.6,26.7,26.0
2017-06-16T23:00,2017-06-16,23,26.62,27.08,25.35,27.01,26.21,25.76,27.63,27.5,26.39,25.65
2017-06-17T00:00,2017-06-17,0,26.45,26.87,25.13,27.01,25.94,25.58,27.5,27.43,26.12,25.49
2017-06-17T01:00,2017-06-17,1,26.28,26.75,25.13,26.76,25.43,25.33,27.46,27.22,26.08,25.25
2017-06-17T02:00,2017-06-17,2,26.16,26.64,25.13,26.59,25.24,25.17,27.44,27.27,25.79,25.11
2017-06-17T03:00,2017-06-17,3,25.98,26.43,24.95,26.31,25.24,25.32,27.3,27.1,25.52,24.81
2017-06-17T04:00,2017-06-17,4,25.73,25.95,24.77,25.96,25.13,25.33,27.16,27.0,25.37,24.67
2017-06-17T05:00,2017-06-17,5,25.58,25.81,24.64,25.83,25.0,25.19,26.98,26.84,25.15,24.51
2017-06-17T06:00,2017-06-17,6,25.91,26.07,25.13,26.07,25.29,25.45,26.94,27.02,25.98,24.96
2017-06-17T07:00,2017-06-17,7,26.47,26.14,25.44,27.12,25.68,25.96,27.49,27.87,26.89,26.01
2017-06-17T08:00,2017-06-17,8,27.06,26.28,25.37,28.17,26.74,26.3,28.34,28.8,27.57,27.06
2017-06-17T09:00,2017-06-17,9,27.81,26.56,26.07,29.1,28.07,27.04,29.12,29.93,28.22,28.36
2017-06-17T10:00,2017-06-17,10,28.46,27.12,27.01,28.9,29.37,27.76,29.79,30.85,28.79,29.39
2017-06-17T11:00,2017-06-17,11,28.89,27.81,27.67,29.51,30.11,27.43,29.89,30.87,28.78,30.07
2017-06-17T12:00,2017-06-17,12,29.4,29.01,28.24,29.81,29.96,26.73,30.18,29.7,29.72,30.88
2017-06-17T13:00,2017-06-17,13,29.89,30.13,29.2,28.7,30.94,26.9,29.94,30.17,30.97,30.82
2017-06-17T14:00,2017-06-17,14,29.84,30.21,29.01,28.31,30.35,27.75,30.17,29.98,31.08,30.38
2017-06-17T15:00,2017-06-17,15,29.6,29.27,28.79,29.28,29.9,28.38,29.66,29.39,31.22,30.17
2017-06-17T16:00,2017-06-17,16,29.21,28.36,27.94,29.94,30.04,28.59,29.74,28.9,30.0,30.14
2017-06-17T17:00,2017-06-17,17,28.81,28.2,27.51,28.82,28.43,28.36,29.69,29.05,29.6,30.02
2017-06-17T18:00,2017-06-17,18,29.01,28.72,27.2,28.8,28.16,26.78,30.88,29.51,30.01,30.12
2017-06-17T19:00,2017-06-17,19,28.16,28.01,26.46,28.14,27.64,26.23,29.75,28.97,28.84,28.72
2017-06-17T20:00,2017-06-17,20,27.77,27.73,25.96,27.79,27.26,25.99,28.93,28.73,28.46,28.29
2017-06-17T21:00,2017-06-17,21,27.48,27.51,25.69,27.73,26.92,25.9,28.3,28.78,28.0,27.88
2017-06-17T22:00,2017-06-17,22,27.3,27.41,25.6,27.52,26.51,25.88,28.13,28.7,27.66,27.62
2017-06-17T23:00,2017-06-17,23,27.1,27.22,25.36,27.48,26.16,25.78,28.04,28.59,27.38,27.18
2017-06-18T00:00,2017-06-18,0,26.93,27.15,25.02,27.26,26.08,25.54,28.0,28.45,27.21,26.81
2017-06-18T01:00,2017-06-18,1,26.76,27.15,24.6,26.87,25.95,25.22,28.07,28.3,27.02,26.49
2017-06-18T02:00,2017-06-18,2,26.55,27.02,24.41,26.63,25.47,25.0,28.1,28.2,26.84,25.99
2017-06-18T03:00,2017-06-18,3,26.36,26.91,24.12,26.15,25.28,24.79,28.07,28.1,26.72,25.69
2017-06-18T04:00,2017-06-18,4,26.17,26.7,23.95,25.92,25.06,24.65,28.03,28.06,26.62,25.21
2017-06-18T05:00,2017-06-18,5,26.01,26.29,24.18,25.77,24.87,24.52,28.02,28.06,26.51,25.07
2017-06-18T06:00,2017-06-18,6,26.43,26.96,24.7,26.11,25.83,24.79,27.63,28.12,26.66,25.92
2017-06-18T07:00,2017-06-18,7,27.46,28.38,25.02,27.24,25.99,24.95,28.98,29.23,28.12,26.74
2017-06-18T08:00,2017-06-18,8,28.23,29.5,25.11,27.81,26.26,25.08,30.07,30.07,29.36,27.22
2017-06-18T09:00,2017-06-18,9,28.82,30.3,26.01,27.59,26.35,25.3,30.42,30.88,30.51,28.01
2017-06-18T10:00,2017-06-18,10,29.15,29.96,26.85,27.75,26.53,25.54,30.84,31.15,31.39,29.23
2017-06-18T11:00,2017-06-18,11,29.28,29.27,28.02,28.12,26.53,25.89,31.28,30.31,31.95,30.07
2017-06-18T12:00,2017-06-18,12,29.46,28.53,29.53,28.22,26.93,26.09,31.77,28.91,32.99,30.92
2017-06-18T13:00,2017-06-18,13,29.26,28.18,29.01,27.7,27.64,26.27,31.61,28.21,33.31,30.46
2017-06-18T14:00,2017-06-18,14,29.28,28.19,27.51,28.03,27.83,26.14,32.29,28.75,32.83,30.97
2017-06-18T15:00,2017-06-18,15,29.28,27.99,27.73,28.26,27.82,26.18,32.71,29.25,32.67,30.58
2017-06-18T16:00,2017-06-18,16,29.21,28.55,27.09,28.74,28.55,26.36,32.46,29.8,30.74,30.02
2017-06-18T17:00,2017-06-18,17,29.15,29.0,26.66,28.78,28.88,26.25,32.07,29.76,29.95,29.77
2017-06-18T18:00,2017-06-18,18,28.78,27.59,27.07,29.3,28.6,26.47,31.98,30.17,28.95,30.06
2017-06-18T19:00,2017-06-18,19,27.92,27.13,26.47,28.59,27.43,25.88,30.41,29.42,27.63,29.02
2017-06-18T20:00,2017-06-18,20,27.53,27.04,26.33,28.13,26.75,25.62,29.55,29.04,27.27,28.28
2017-06-18T21:00,2017-06-18,21,27.2,26.88,26.09,27.89,26.29,25.3,29.21,28.92,26.79,27.53
2017-06-18T22:00,2017-06-18,22,26.92,26.68,25.84,27.65,25.65,25.28,29.03,28.84,26.44,26.92
2017-06-18T23:00,2017-06-18,23,26.69,26.95,25.76,27.12,25.47,25.51,28.33,28.54,26.11,25.99
2017-06-19T00:00,2017-06-19,0,26.64,27.19,25.37,27.08,25.23,25.92,27.92,28.5,26.09,25.53
2017-06-19T01:00,2017-06-19,1,26.48,27.29,24.87,26.82,25.07,26.02,27.54,28.35,25.82,25.26
2017-06-19T02:00,2017-06-19,2,26.39,27.31,24.76,26.68,25.08,26.0,27.3,28.19,25.65,25.21
2017-06-19T03:00,2017-06-19,3,26.18,26.92,24.39,26.52,25.04,25.69,27.08,28.2,25.65,25.15
2017-06-19T04:00,2017-06-19,4,26.02,26.59,24.24,26.25,24.97,25.48,27.07,27.85,25.77,25.11
2017-06-19T05:00,2017-06-19,5,25.81,26.43,24.03,25.82,24.83,25.18,26.98,26.5,25.9,25.05
2017-06-19T06:00,2017-06-19,6,26.3,26.44,24.52,25.97,25.84,25.59,28.48,27.79,26.52,25.3
2017-06-19T07:00,2017-06-19,7,26.59,26.57,24.85,26.09,25.81,25.53,29.0,28.03,27.54,25.52
2017-06-19T08:00,2017-06-19,8,26.86,26.86,25.23,26.06,26.03,25.43,29.44,27.78,28.44,25.58
2017-06-19T09:00,2017-06-19,9,27.29,27.31,25.96,26.11,25.91,25.66,30.4,28.0,29.2,25.93
2017-06-19T10:00,2017-06-19,10,27.68,27.61,26.43,26.35,25.96,25.9,31.56,28.49,29.16,26.65
2017-06-19T11:00,2017-06-19,11,28.12,28.13,26.68,27.04,25.97,26.38,32.52,29.08,29.03,27.13
2017-06-19T12:00,2017-06-19,12,28.43,28.55,27.02,27.57,25.86,26.57,33.07,30.05,28.45,27.68
2017-06-19T13:00,2017-06-19,13,28.37,27.97,26.74,27.97,26.1,26.62,33.12,30.76,28.22,27.95
2017-06-19T14:00,2017-06-19,14,28.25,27.47,26.89,27.77,26.71,26.67,33.28,29.04,28.56,28.09
2017-06-19T15:00,2017-06-19,15,28.12,27.05,27.1,27.54,27.33,27.29,31.98,28.18,29.14,28.25
2017-06-19T16:00,2017-06-19,16,28.0,27.59,26.86,27.2,27.63,27.38,30.04,28.21,29.02,28.16
2017-06-19T17:00,2017-06-19,17,27.73,27.4,26.42,27.0,27.88,27.07,28.73,28.57,28.81,28.05
2017-06-19T18:00,2017-06-19,18,27.32,27.32,25.58,26.93,26.97,26.84,27.47,27.54,28.4,28.17
2017-06-19T19:00,2017-06-19,19,26.84,26.8,25.09,26.37,26.7,26.45,27.35,26.94,27.95,27.41
2017-06-19T20:00,2017-06-19,20,26.59,26.62,24.82,26.06,26.52,26.21,27.32,26.7,27.45,26.99
2017-06-19T21:00,2017-06-19,21,26.39,26.49,24.71,25.85,26.39,26.09,27.21,26.41,27.11,26.66
2017-06-19T22:00,2017-06-19,22,26.22,26.3,24.7,25.64,26.38,25.88,26.93,26.34,26.9,26.45
2017-06-19T23:00,2017-06-19,23,26.01,26.13,24.52,25.49,26.18,25.79,26.34,26.43,26.76,26.09
2017-06-20T00:00,2017-06-20,0,25.84,25.97,24.3,25.41,25.98,25.69,26.24,26.28,26.41,25.92
2017-06-20T01:00,2017-06-20,1,25.64,25.64,24.12,25.32,25.77,25.48,26.27,25.84,26.16,25.82
2017-06-20T02:00,2017-06-20,2,25.6,25.5,24.5,25.22,25.62,25.33,26.48,25.93,25.93,25.89
2017-06-20T03:00,2017-06-20,3,25.54,25.47,24.2,25.19,25.65,25.13,26.74,26.17,25.71,25.68
2017-06-20T04:00,2017-06-20,4,25.5,25.42,24.07,25.14,25.55,24.88,26.84,26.38,25.7,25.56
2017-06-20T05:00,2017-06-20,5,25.42,25.16,24.13,25.07,25.42,24.57,27.06,26.69,25.73,25.36
2017-06-20T06:00,2017-06-20,6,24.94,24.96,23.72,24.74,24.48,24.46,26.07,25.93,25.28,24.7
2017-06-20T07:00,2017-06-20,7,25.12,25.12,23.92,24.86,24.87,24.71,26.24,26.0,25.34,24.93
2017-06-20T08:00,2017-06-20,8,25.36,25.38,24.36,24.88,25.02,24.96,26.58,26.15,25.65,25.2
2017-06-20T09:00,2017-06-20,9,25.79,25.88,25.03,25.06,25.22,25.3,27.0,26.47,26.1,25.81
2017-06-20T10:00,2017-06-20,10,26.3,26.25,25.28,25.31,25.56,25.5,27.71,27.26,26.96,26.66
2017-06-20T11:00,2017-06-20,11,26.71,26.56,25.37,25.61,25.71,25.65,28.01,27.87,27.8,27.6
2017-06-20T12:00,2017-06-20,12,27.1,26.9,25.88,25.98,26.08,25.77,28.19,28.43,28.23,28.35
2017-06-20T13:00,2017-06-20,13,27.43,27.2,25.67,26.44,26.56,26.7,27.92,28.46,28.74,29.02
2017-06-20T14:00,2017-06-20,14,27.63,27.33,25.66,26.1,27.5,26.98,27.81,28.88,29.19,29.58
2017-06-20T15:00,2017-06-20,15,27.58,27.18,25.46,25.92,28.16,26.65,27.61,27.72,29.73,29.78
2017-06-20T16:00,2017-06-20,16,27.36,26.87,25.2,25.74,27.79,26.43,27.44,26.92,29.67,29.94
2017-06-20T17:00,2017-06-20,17,26.99,26.46,24.64,25.73,26.97,25.93,27.24,26.59,29.45,29.39
2017-06-20T18:00,2017-06-20,18,27.08,27.18,25.82,26.63,27.18,27.16,27.63,26.68,28.1,26.68
2017-06-20T19:00,2017-06-20,19,26.46,26.58,25.44,26.22,26.5,26.49,27.04,26.38,27.03,26.03
2017-06-20T20:00,2017-06-20,20,26.13,26.12,25.2,25.73,26.21,26.14,26.9,26.2,26.54,25.93
2017-06-20T21:00,2017-06-20,21,25.9,25.92,24.86,25.68,25.89,25.87,26.75,26.15,26.06,25.73
2017-06-20T22:00,2017-06-20,22,25.74,25.74,24.79,25.59,25.76,25.6,26.52,26.11,25.94,25.56
2017-06-20T23:00,2017-06-20,23,25.65,25.8,24.54,25.44,25.51,25.45,26.43,25.97,25.88,25.4
2017-06-21T00:00,2017-06-21,0,25.48,25.66,24.4,25.18,25.33,25.1,26.28,25.87,25.71,25.24
2017-06-21T01:00,2017-06-21,1,25.3,25.49,24.22,25.05,25.04,24.8,26.12,25.68,25.56,25.09
2017-06-21T02:00,2017-06-21,2,25.12,25.28,24.17,24.79,24.82,24.63,25.96,25.63,25.3,24.99
2017-06-21T03:00,2017-06-21,3,25.01,25.14,24.08,24.7,24.67,24.69,25.88,25.74,25.08,24.84
2017-06-21T04:00,2017-06-21,4,24.9,24.9,24.08,24.62,24.71,24.68,25.88,25.73,24.93,24.64
2017-06-21T05:00,2017-06-21,5,24.87,24.89,24.35,24.58,24.92,24.64,25.7,25.53,24.86,24.53
2017-06-21T06:00,2017-06-21,6,25.3,25.62,24.18,25.19,25.05,24.82,26.19,26.22,25.33,24.58
2017-06-21T07:00,2017-06-21,7,26.16,26.75,24.3,26.03,25.76,25.34,27.14,27.03,26.56,25.18
2017-06-21T08:00,2017-06-21,8,27.1,27.81,24.88,26.65,26.9,25.87,28.34,27.07,27.94,26.27
2017-06-21T09:00,2017-06-21,9,27.95,28.63,25.43,27.41,27.81,27.07,29.21,27.57,29.05,27.14
2017-06-21T10:00,2017-06-21,10,28.59,29.53,25.2,28.4,28.62,28.04,29.33,27.83,29.67,27.82
2017-06-21T11:00,2017-06-21,11,29.13,30.1,25.33,28.93,29.81,29.02,29.43,28.38,30.25,28.26
2017-06-21T12:00,2017-06-21,12,29.56,30.44,25.77,29.58,30.81,30.11,29.59,28.88,30.33,28.5
2017-06-21T13:00,2017-06-21,13,29.69,30.25,27.04,29.9,31.04,30.81,29.19,28.75,29.95,29.18
2017-06-21T14:00,2017-06-21,14,29.44,29.84,27.65,29.53,29.86,30.29,28.59,28.2,30.15,29.62
2017-06-21T15:00,2017-06-21,15,29.01,29.07,27.88,28.35,29.74,30.48,28.58,28.04,29.89,28.94
2017-06-21T16:00,2017-06-21,16,28.59,29.1,26.56,27.67,28.91,28.89,28.46,28.14,29.35,28.99
2017-06-21T17:00,2017-06-21,17,28.21,28.64,26.51,27.56,28.21,28.15,28.49,28.08,28.73,28.41
2017-06-21T18:00,2017-06-21,18,27.73,27.4,25.84,26.68,28.21,27.52,29.15,28.1,28.62,28.4
2017-06-21T19:00,2017-06-21,19,26.92,26.78,25.38,26.11,26.88,26.88,28.0,27.26,27.57,27.49
2017-06-21T20:00,2017-06-21,20,26.51,26.59,24.91,25.97,26.3,26.2,27.35,26.75,27.05,26.97
2017-06-21T21:00,2017-06-21,21,26.34,26.51,24.68,25.99,26.16,26.01,27.09,26.81,26.58,26.67
2017-06-21T22:00,2017-06-21,22,26.12,26.36,24.47,25.97,25.87,25.67,26.95,26.79,26.25,26.13
2017-06-21T23:00,2017-06-21,23,25.98,26.2,24.32,25.82,25.69,25.36,26.92,26.81,26.1,26.05
2017-06-22T00:00,2017-06-22,0,25.82,25.94,24.39,25.75,25.64,24.96,26.89,26.76,25.94,25.73
2017-06-22T01:00,2017-06-22,1,25.72,25.83,24.43,25.74,25.39,24.89,26.89,26.63,25.79,25.48
2017-06-22T02:00,2017-06-22,2,25.58,25.75,24.18,25.73,25.17,24.72,26.76,26.58,25.64,25.2
2017-06-22T03:00,2017-06-22,3,25.41,25.55,24.11,25.6,24.99,24.54,26.65,26.15,25.43,25.03
2017-06-22T04:00,2017-06-22,4,25.27,25.42,23.97,25.48,24.8,24.39,26.47,26.13,25.3,24.91
2017-06-22T05:00,2017-06-22,5,25.14,25.12,24.07,25.27,24.66,24.39,26.28,26.09,25.32,24.84
2017-06-22T06:00,2017-06-22,6,25.52,25.62,24.24,25.66,24.87,24.53,26.88,26.57,25.69,25.09
2017-06-22T07:00,2017-06-22,7,26.26,26.26,24.87,26.49,25.23,25.14,27.98,27.26,26.85,25.6
2017-06-22T08:00,2017-06-22,8,27.08,27.24,25.42,27.48,25.79,25.62,29.06,28.06,27.81,25.99
2017-06-22T09:00,2017-06-22,9,27.98,28.56,25.41,28.35,26.71,26.23,30.16,28.77,28.73,26.7
2017-06-22T10:00,2017-06-22,10,28.86,29.38,26.78,29.59,26.61,26.46,31.13,30.06,29.84,27.44
2017-06-22T11:00,2017-06-22,11,29.62,30.32,27.4,30.5,26.67,26.87,32.06,30.74,30.75,28.08
2017-06-22T12:00,2017-06-22,12,29.99,30.86,28.96,30.03,27.62,27.77,32.0,30.36,30.63,28.64
2017-06-22T13:00,2017-06-22,13,29.47,29.75,27.78,29.73,28.91,27.49,30.58,29.61,30.54,28.99
2017-06-22T14:00,2017-06-22,14,29.31,29.33,28.64,30.05,28.81,28.11,29.78,30.04,29.43,29.07
2017-06-22T15:00,2017-06-22,15,29.06,28.51,28.64,29.59,28.75,28.08,29.62,30.05,29.69,29.19
2017-06-22T16:00,2017-06-22,16,28.82,28.89,27.82,29.2,28.02,28.15,29.41,29.73,29.19,28.52
2017-06-22T17:00,2017-06-22,17,28.77,29.37,27.54,28.97,27.51,28.32,29.0,29.51,28.99,28.25
2017-06-22T18:00,2017-06-22,18,28.69,29.04,27.52,28.63,28.2,28.85,29.37,28.96,28.73,28.17
2017-06-22T19:00,2017-06-22,19,27.83,28.1,26.56,27.86,27.25,27.45,28.58,27.95,28.15,27.55
2017-06-22T20:00,2017-06-22,20,27.36,27.57,26.25,27.39,26.81,27.09,28.13,27.47,27.69,26.99
2017-06-22T21:00,2017-06-22,21,27.05,27.3,26.06,27.01,26.56,26.59,27.81,27.22,27.32,26.72
2017-06-22T22:00,2017-06-22,22,26.81,27.07,25.77,26.73,26.43,26.22,27.59,27.05,27.07,26.47
2017-06-22T23:00,2017-06-22,23,26.59,26.82,25.62,26.48,26.17,25.83,27.37,26.91,26.89,26.34
2017-06-23T00:00,2017-06-23,0,26.36,26.52,25.47,26.33,25.86,25.55,27.22,26.77,26.72,26.08
2017-06-23T01:00,2017-06-23,1,26.14,26.24,25.48,26.24,25.61,25.14,27.13,26.61,26.52,25.65
2017-06-23T02:00,2017-06-23,2,25.88,25.97,25.3,26.11,25.35,24.87,26.9,26.2,26.29,25.2
2017-06-23T03:00,2017-06-23,3,25.59,25.75,25.03,26.02,24.98,24.7,26.28,26.03,25.76,25.02
2017-06-23T04:00,2017-06-23,4,25.38,25.58,24.96,25.93,24.58,24.7,25.91,25.76,25.3,24.92
2017-06-23T05:00,2017-06-23,5,25.27,25.58,24.71,25.75,24.59,24.58,25.73,25.66,25.08,24.86
2017-06-23T06:00,2017-06-23,6,25.75,25.98,25.03,26.14,25.22,25.34,26.45,25.98,25.66,25.19
2017-06-23T07:00,2017-06-23,7,26.8,27.33,26.16,27.3,26.33,26.67,27.35,26.87,26.27,25.82
2017-06-23T08:00,2017-06-23,8,27.8,28.36,27.25,28.35,27.42,28.0,28.08,28.0,27.35,26.51
2017-06-23T09:00,2017-06-23,9,28.81,29.46,28.24,29.06,28.78,28.86,28.82,29.33,28.7,27.13
2017-06-23T10:00,2017-06-23,10,29.81,30.51,29.27,30.03,29.9,29.87,29.82,30.31,29.91,27.71
2017-06-23T11:00,2017-06-23,11,30.5,31.28,30.21,30.21,30.86,30.65,30.23,30.76,30.83,28.47
2017-06-23T12:00,2017-06-23,12,30.95,31.85,30.29,30.89,31.22,31.53,30.54,30.58,31.16,29.07
2017-06-23T13:00,2017-06-23,13,30.57,31.05,27.98,31.11,31.91,31.35,30.45,29.94,30.34,30.07
2017-06-23T14:00,2017-06-23,14,30.72,31.37,27.75,31.3,31.67,31.2,29.96,30.34,30.83,30.63
2017-06-23T15:00,2017-06-23,15,30.46,30.64,28.51,31.01,30.97,31.16,30.1,30.13,30.32,30.81
2017-06-23T16:00,2017-06-23,16,30.08,30.64,28.14,29.99,30.33,31.08,29.82,29.84,29.61,30.43
2017-06-23T17:00,2017-06-23,17,29.5,30.25,27.63,29.35,29.75,29.99,29.03,29.45,29.22,29.59
2017-06-23T18:00,2017-06-23,18,29.46,30.22,26.69,29.76,30.73,30.7,28.59,29.23,28.87,29.4
2017-06-23T19:00,2017-06-23,19,28.37,28.91,26.38,28.61,28.91,29.0,28.03,28.38,27.98,28.34
2017-06-23T20:00,2017-06-23,20,27.84,28.26,26.23,27.96,28.29,28.23,27.75,27.85,27.54,27.74
2017-06-23T21:00,2017-06-23,21,27.53,27.85,26.08,27.44,28.33,27.99,27.45,27.47,27.43,27.38
2017-06-23T22:00,2017-06-23,22,27.28,27.62,25.88,26.96,27.94,28.0,27.32,27.23,27.12,27.15
2017-06-23T23:00,2017-06-23,23,26.98,27.39,25.55,26.6,27.31,27.59,27.17,27.05,26.79,26.84
2017-06-24T00:00,2017-06-24,0,26.71,27.02,25.29,26.36,27.1,27.27,26.82,26.81,26.69,26.69
2017-06-24T01:00,2017-06-24,1,26.56,26.77,25.34,26.18,26.96,27.06,26.74,26.64,26.6,26.53
2017-06-24T02:00,2017-06-24,2,26.26,26.28,25.21,26.0,26.75,26.39,26.44,26.46,26.46,26.35
2017-06-24T03:00,2017-06-24,3,26.06,26.02,25.32,25.9,26.38,26.1,26.36,26.32,26.25,26.01
2017-06-24T04:00,2017-06-24,4,25.87,25.84,25.28,25.76,26.08,25.62,26.18,26.27,26.15,25.65
2017-06-24T05:00,2017-06-24,5,25.67,25.68,25.15,25.65,25.84,25.35,26.06,26.06,25.97,25.26
2017-06-24T06:00,2017-06-24,6,26.3,26.55,25.52,26.12,26.23,25.88,26.8,26.61,26.62,25.77
2017-06-24T07:00,2017-06-24,7,27.28,27.51,26.69,27.14,26.57,26.63,27.78,27.6,27.88,26.84
2017-06-24T08:00,2017-06-24,8,28.2,28.34,27.51,28.02,27.38,27.31,28.84,28.51,29.03,27.95
2017-06-24T09:00,2017-06-24,9,29.2,29.4,28.72,28.56,28.78,27.77,29.85,28.99,30.08,29.45
2017-06-24T10:00,2017-06-24,10,29.98,30.27,28.93,28.61,30.02,28.62,30.83,29.89,30.91,30.56
2017-06-24T11:00,2017-06-24,11,30.29,30.69,29.89,28.7,30.66,29.36,30.91,29.46,30.7,31.05
2017-06-24T12:00,2017-06-24,12,30.41,29.94,30.47,29.99,30.63,30.28,31.13,29.53,31.05,30.91
2017-06-24T13:00,2017-06-24,13,30.74,30.21,30.95,29.63,31.16,31.47,31.24,30.4,31.51,31.18
2017-06-24T14:00,2017-06-24,14,30.86,30.5,30.22,30.39,31.73,31.31,31.08,30.53,31.42,31.26
2017-06-24T15:00,2017-06-24,15,30.82,30.85,28.84,30.62,30.74,30.92,31.02,30.73,31.66,31.44
2017-06-24T16:00,2017-06-24,16,30.54,30.93,28.34,30.5,30.32,29.38,30.92,30.34,31.22,31.2
2017-06-24T17:00,2017-06-24,17,30.0,30.42,28.29,29.68,30.01,29.33,30.55,29.57,30.56,30.07
2017-06-24T18:00,2017-06-24,18,30.16,30.36,27.8,29.71,31.0,31.38,29.45,29.13,31.27,30.59
2017-06-24T19:00,2017-06-24,19,29.17,29.35,27.3,28.88,29.81,29.85,28.86,28.43,30.03,29.3
2017-06-24T20:00,2017-06-24,20,28.71,29.05,26.9,28.29,29.02,29.63,28.43,28.02,29.39,28.82
2017-06-24T21:00,2017-06-24,21,28.26,28.45,26.71,27.92,28.59,28.96,28.07,27.75,28.91,28.44
2017-06-24T22:00,2017-06-24,22,27.94,28.15,26.44,27.7,28.27,28.31,27.82,27.6,28.45,28.11
2017-06-24T23:00,2017-06-24,23,27.63,27.84,26.21,27.37,28.05,27.68,27.64,27.53,28.06,27.72
2017-06-25T00:00,2017-06-25,0,27.35,27.58,26.07,27.09,27.76,27.08,27.42,27.44,27.73,27.41
2017-06-25T01:00,2017-06-25,1,27.05,27.25,25.9,26.86,27.3,26.51,27.17,27.26,27.57,27.04
2017-06-25T02:00,2017-06-25,2,26.82,26.94,25.72,26.58,27.04,26.19,27.02,27.12,27.42,26.8
2017-06-25T03:00,2017-06-25,3,26.6,26.7,25.54,26.46,26.72,26.11,26.8,26.93,27.21,26.53
2017-06-25T04:00,2017-06-25,4,26.37,26.46,25.46,26.27,26.39,25.92,26.63,26.67,26.93,26.17
2017-06-25T05:00,2017-06-25,5,26.23,26.3,25.34,26.26,25.98,25.88,26.51,26.68,26.71,26.01
2017-06-25T06:00,2017-06-25,6,26.47,26.58,25.66,26.39,26.56,26.45,26.68,26.62,26.85,26.17
2017-06-25T07:00,2017-06-25,7,27.37,27.34,26.86,27.3,27.34,27.7,27.55,27.3,27.8,27.11
2017-06-25T08:00,2017-06-25,8,28.34,28.31,28.15,28.5,28.15,28.94,28.42,27.69,28.62,28.06
2017-06-25T09:00,2017-06-25,9,29.37,29.51,29.36,29.67,28.9,29.76,29.16,28.31,29.55,29.37
2017-06-25T10:00,2017-06-25,10,30.29,30.44,30.32,30.58,30.2,30.71,29.89,28.89,30.22,30.61
2017-06-25T11:00,2017-06-25,11,30.96,31.33,30.97,31.2,31.21,31.65,30.43,29.69,30.22,31.22
2017-06-25T12:00,2017-06-25,12,30.94,31.7,31.54,30.9,32.25,32.35,29.45,29.22,30.23,29.95
2017-06-25T13:00,2017-06-25,13,30.92,31.28,31.0,30.67,32.64,32.62,29.25,29.37,30.95,30.43
2017-06-25T14:00,2017-06-25,14,30.98,31.18,30.54,30.53,32.55,32.82,29.39,29.18,31.39,31.14
2017-06-25T15:00,2017-06-25,15,30.65,30.41,29.72,30.27,32.25,32.85,29.65,29.61,30.66,31.44
2017-06-25T16:00,2017-06-25,16,30.39,30.35,29.79,30.05,31.27,32.27,29.79,29.66,30.57,30.29
2017-06-25T17:00,2017-06-25,17,29.9,30.06,29.1,29.6,30.83,31.2,29.78,29.39,30.08,29.19
2017-06-25T18:00,2017-06-25,18,29.79,30.02,28.75,29.48,30.65,30.97,29.47,28.88,29.97,29.62
2017-06-25T19:00,2017-06-25,19,29.01,29.18,28.07,28.59,29.5,29.9,28.89,28.32,29.4,28.87
2017-06-25T20:00,2017-06-25,20,28.51,28.61,27.67,28.13,28.99,29.34,28.46,27.81,28.94,28.36
2017-06-25T21:00,2017-06-25,21,28.17,28.22,27.29,27.78,28.66,28.87,28.16,27.54,28.68,28.19
2017-06-25T22:00,2017-06-25,22,27.89,27.87,27.05,27.52,28.49,28.37,27.84,27.24,28.42,28.02
2017-06-25T23:00,2017-06-25,23,27.63,27.56,26.79,27.38,28.15,28.01,27.58,27.14,28.13,27.92
2017-06-26T00:00,2017-06-26,0,27.37,27.29,26.74,27.14,27.81,27.53,27.35,26.83,27.85,27.67
2017-06-26T01:00,2017-06-26,1,27.1,27.0,26.54,27.1,27.28,27.23,27.02,26.62,27.54,27.41
2017-06-26T02:00,2017-06-26,2,26.85,26.84,26.21,26.8,26.97,26.73,26.83,26.65,27.19,27.17
2017-06-26T03:00,2017-06-26,3,26.57,26.54,26.04,26.63,26.62,26.34,26.55,26.49,26.81,26.89
2017-06-26T04:00,2017-06-26,4,26.4,26.49,25.86,26.53,26.48,26.08,26.37,26.48,26.5,26.43
2017-06-26T05:00,2017-06-26,5,26.31,26.46,25.8,26.55,26.41,25.89,26.3,26.53,26.34,26.17
2017-06-26T06:00,2017-06-26,6,26.86,27.09,26.41,27.01,26.97,26.19,26.84,26.94,26.98,26.64
2017-06-26T07:00,2017-06-26,7,27.8,27.93,27.55,27.78,27.94,27.12,27.85,27.86,28.0,27.72
2017-06-26T08:00,2017-06-26,8,28.71,28.82,28.38,28.59,28.63,28.73,28.68,28.7,28.74,28.86
2017-06-26T09:00,2017-06-26,9,29.6,29.67,29.54,29.4,29.66,29.98,29.69,29.16,29.29,29.92
2017-06-26T10:00,2017-06-26,10,30.43,30.47,30.13,30.18,30.64,30.91,30.49,29.79,30.27,30.89
2017-06-26T11:00,2017-06-26,11,31.08,31.25,30.77,30.92,31.4,31.32,30.4,30.2,31.17,31.72
2017-06-26T12:00,2017-06-26,12,31.2,31.31,30.57,31.06,30.79,31.41,30.62,30.38,31.74,32.17
2017-06-26T13:00,2017-06-26,13,31.26,31.43,30.11,31.34,31.66,30.02,30.85,30.13,31.79,32.52
2017-06-26T14:00,2017-06-26,14,31.3,31.58,28.88,31.29,32.24,30.29,30.78,30.39,32.12,32.55
2017-06-26T15:00,2017-06-26,15,31.12,31.28,28.49,31.14,31.71,31.0,30.66,29.78,32.2,32.34
2017-06-26T16:00,2017-06-26,16,30.79,31.01,28.06,30.38,31.51,30.83,30.72,29.48,31.86,31.83
2017-06-26T17:00,2017-06-26,17,30.25,30.66,27.32,29.68,30.74,29.85,30.18,29.03,31.39,31.45
2017-06-26T18:00,2017-06-26,18,30.02,30.55,28.12,29.59,30.7,30.84,29.86,29.07,30.44,29.8
2017-06-26T19:00,2017-06-26,19,29.19,29.64,27.47,28.66,29.94,29.69,29.12,28.36,29.92,28.85
2017-06-26T20:00,2017-06-26,20,28.75,29.09,27.31,28.11,29.39,29.43,28.76,28.03,29.5,28.37
2017-06-26T21:00,2017-06-26,21,28.42,28.62,27.15,27.74,29.11,29.09,28.34,27.92,29.23,28.19
2017-06-26T22:00,2017-06-26,22,28.11,28.16,26.84,27.58,28.84,28.23,28.08,27.85,29.02,28.09
2017-06-26T23:00,2017-06-26,23,27.82,27.8,26.49,27.44,28.45,27.69,27.9,27.78,28.7,27.93
2017-06-27T00:00,2017-06-27,0,27.53,27.44,26.29,27.28,27.94,27.25,27.69,27.73,28.34,27.72
2017-06-27T01:00,2017-06-27,1,27.24,27.22,25.95,27.08,27.47,27.05,27.38,27.41,27.91,27.41
2017-06-27T02:00,2017-06-27,2,27.0,27.06,25.57,26.9,27.07,26.87,27.19,27.24,27.52,27.18
2017-06-27T03:00,2017-06-27,3,26.77,26.9,25.32,26.74,26.73,26.59,26.99,26.93,27.21,26.94
2017-06-27T04:00,2017-06-27,4,26.57,26.79,25.31,26.49,26.5,26.08,26.86,26.74,26.95,26.58
2017-06-27T05:00,2017-06-27,5,26.44,26.69,25.34,26.34,26.42,25.87,26.71,26.57,26.82,26.36
2017-06-27T06:00,2017-06-27,6,26.62,26.85,25.74,26.55,26.68,26.24,26.72,26.63,26.99,26.5
2017-06-27T07:00,2017-06-27,7,27.6,27.84,27.01,27.57,27.54,27.56,27.63,27.48,27.95,27.23
2017-06-27T08:00,2017-06-27,8,28.48,28.72,28.12,28.56,28.29,28.35,28.54,28.36,28.54,28.22
2017-06-27T09:00,2017-06-27,9,29.49,29.74,29.32,29.46,29.29,29.07,29.52,29.09,29.63,29.43
2017-06-27T10:00,2017-06-27,10,30.34,30.59,30.16,30.11,30.0,29.96,30.47,30.0,30.7,30.18
2017-06-27T11:00,2017-06-27,11,31.04,31.3,30.63,30.82,31.01,30.89,31.16,30.31,31.25,31.07
2017-06-27T12:00,2017-06-27,12,31.45,31.75,30.88,31.23,31.48,31.5,31.04,30.47,31.95,31.66
2017-06-27T13:00,2017-06-27,13,31.68,31.79,30.56,31.44,31.82,31.93,31.63,30.73,32.35,32.05
2017-06-27T14:00,2017-06-27,14,31.67,31.9,29.47,31.43,31.87,31.94,31.88,30.67,32.35,32.33
2017-06-27T15:00,2017-06-27,15,31.41,31.61,28.35,31.01,32.02,31.61,31.75,30.38,32.33,32.37
2017-06-27T16:00,2017-06-27,16,31.1,31.27,28.43,30.6,31.74,31.34,31.31,29.81,32.03,32.18
2017-06-27T17:00,2017-06-27,17,30.54,30.7,28.12,29.81,31.25,31.08,30.49,29.29,31.43,31.67
2017-06-27T18:00,2017-06-27,18,30.11,30.33,28.07,29.54,30.95,30.49,30.05,29.25,30.78,30.68
2017-06-27T19:00,2017-06-27,19,29.18,29.52,27.26,28.55,29.65,29.1,29.34,28.44,29.98,29.59
2017-06-27T20:00,2017-06-27,20,28.68,28.98,26.9,28.01,29.08,28.59,28.86,28.0,29.49,29.08
2017-06-27T21:00,2017-06-27,21,28.31,28.53,26.6,27.65,28.86,28.19,28.45,27.77,29.13,28.75
2017-06-27T22:00,2017-06-27,22,27.98,28.07,26.39,27.36,28.47,28.01,28.11,27.61,28.83,28.44
2017-06-27T23:00,2017-06-27,23,27.73,27.7,26.26,27.18,28.24,27.84,27.83,27.54,28.54,28.19
2017-06-28T00:00,2017-06-28,0,27.45,27.41,26.05,27.03,27.89,27.37,27.54,27.42,28.23,27.94
2017-06-28T01:00,2017-06-28,1,27.15,27.09,25.82,26.85,27.53,26.81,27.25,27.28,27.88,27.64
2017-06-28T02:00,2017-06-28,2,26.88,26.87,25.5,26.64,27.19,26.3,27.05,27.1,27.49,27.4
2017-06-28T03:00,2017-06-28,3,26.65,26.75,25.33,26.45,26.89,25.94,26.84,26.93,27.15,27.01
2017-06-28T04:00,2017-06-28,4,26.44,26.61,25.14,26.35,26.59,25.86,26.72,26.67,26.8,26.63
2017-06-28T05:00,2017-06-28,5,26.27,26.46,25.17,26.21,26.36,25.77,26.53,26.61,26.55,26.23
2017-06-28T06:00,2017-06-28,6,26.63,26.93,25.83,26.7,26.45,25.87,26.96,26.93,27.27,25.79
2017-06-28T07:00,2017-06-28,7,27.45,27.78,27.02,27.4,27.16,26.38,27.86,27.75,28.2,26.47
2017-06-28T08:00,2017-06-28,8,28.32,28.69,28.17,28.36,27.75,26.77,28.8,28.61,29.14,27.24
2017-06-28T09:00,2017-06-28,9,29.28,29.73,29.37,29.23,28.53,27.59,29.81,29.18,30.04,28.37
2017-06-28T10:00,2017-06-28,10,30.08,30.53,30.17,30.03,29.45,28.81,30.42,29.11,30.85,29.46
2017-06-28T11:00,2017-06-28,11,30.48,30.79,31.24,30.64,30.86,29.08,29.74,29.46,31.31,29.83
2017-06-28T12:00,2017-06-28,12,30.51,31.15,30.38,31.24,29.25,29.61,29.06,29.03,31.9,30.21
2017-06-28T13:00,2017-06-28,13,29.72,29.92,28.71,29.66,28.75,28.86,28.83,29.12,31.07,30.94
2017-06-28T14:00,2017-06-28,14,29.43,28.99,28.49,29.44,30.43,28.79,29.36,29.77,29.93,30.34
2017-06-28T15:00,2017-06-28,15,29.49,29.5,28.31,29.24,29.22,28.87,30.06,29.97,29.72,30.14
2017-06-28T16:00,2017-06-28,16,29.53,29.72,28.32,29.19,28.6,28.86,30.05,29.68,30.28,30.04
2017-06-28T17:00,2017-06-28,17,29.32,29.47,28.03,29.0,28.82,28.18,29.82,29.12,30.1,30.15
2017-06-28T18:00,2017-06-28,18,29.3,29.54,28.31,29.36,28.85,29.64,29.28,28.72,29.58,29.5
2017-06-28T19:00,2017-06-28,19,28.51,28.71,27.5,28.55,28.06,28.7,28.66,28.11,28.91,28.59
2017-06-28T20:00,2017-06-28,20,28.1,28.32,27.11,28.1,27.65,28.05,28.33,27.77,28.51,28.1
2017-06-28T21:00,2017-06-28,21,27.81,28.07,26.75,27.75,27.54,27.69,28.01,27.61,28.25,27.76
2017-06-28T22:00,2017-06-28,22,27.59,27.75,26.49,27.47,27.44,27.51,27.74,27.53,28.05,27.7
2017-06-28T23:00,2017-06-28,23,27.35,27.42,26.2,27.25,27.36,27.11,27.54,27.45,27.84,27.51
2017-06-29T00:00,2017-06-29,0,27.14,27.18,26.0,27.06,27.21,26.8,27.33,27.42,27.61,27.35
2017-06-29T01:00,2017-06-29,1,26.93,26.93,25.79,26.97,26.98,26.41,27.11,27.33,27.35,27.17
2017-06-29T02:00,2017-06-29,2,26.69,26.75,25.68,26.78,26.68,26.06,26.93,27.07,27.02,26.86
2017-06-29T03:00,2017-06-29,3,26.5,26.6,25.5,26.57,26.34,25.73,26.78,27.0,26.75,26.68
2017-06-29T04:00,2017-06-29,4,26.3,26.42,25.17,26.42,26.16,25.58,26.66,26.88,26.48,26.47
2017-06-29T05:00,2017-06-29,5,26.16,26.32,24.97,26.35,25.94,25.45,26.55,26.76,26.31,26.18
2017-06-29T06:00,2017-06-29,6,26.71,26.86,25.8,26.76,26.7,26.36,26.91,27.22,26.91,26.5
2017-06-29T07:00,2017-06-29,7,27.73,27.83,27.07,27.77,27.85,27.51,27.91,28.16,27.92,27.4
2017-06-29T08:00,2017-06-29,8,28.71,28.84,28.17,28.72,28.62,28.43,28.86,28.93,28.97,28.48
2017-06-29T09:00,2017-06-29,9,29.65,29.83,29.2,29.68,29.6,29.16,29.84,29.62,29.78,29.54
2017-06-29T10:00,2017-06-29,10,30.37,30.6,29.94,30.18,30.37,29.85,30.6,30.12,30.48,30.45
2017-06-29T11:00,2017-06-29,11,30.84,30.92,30.33,30.32,31.01,30.53,31.21,30.27,31.22,31.2
2017-06-29T12:00,2017-06-29,12,31.16,30.99,30.75,30.66,31.28,31.03,31.56,30.3,31.74,31.81
2017-06-29T13:00,2017-06-29,13,31.41,31.41,30.61,30.99,31.76,31.54,31.29,30.18,32.02,32.23
2017-06-29T14:00,2017-06-29,14,31.13,31.29,29.86,30.6,31.23,31.65,30.58,29.64,32.27,31.91
2017-06-29T15:00,2017-06-29,15,30.88,30.8,29.35,30.41,30.85,31.64,30.53,29.62,31.99,32.04
2017-06-29T16:00,2017-06-29,16,30.45,30.07,28.68,29.87,30.93,31.41,30.34,29.94,31.69,31.47
2017-06-29T17:00,2017-06-29,17,29.84,29.6,28.09,29.37,29.76,30.39,30.14,29.66,30.8,30.74
2017-06-29T18:00,2017-06-29,18,29.42,29.25,28.05,29.37,29.35,30.02,29.69,28.84,29.9,30.2
2017-06-29T19:00,2017-06-29,19,28.74,28.74,27.49,28.74,28.62,28.76,29.02,28.26,29.2,29.28
2017-06-29T20:00,2017-06-29,20,28.35,28.41,27.24,28.23,28.34,28.36,28.61,27.94,28.81,28.62
2017-06-29T21:00,2017-06-29,21,28.04,28.16,26.87,27.87,28.14,27.71,28.29,27.81,28.54,28.27
2017-06-29T22:00,2017-06-29,22,27.71,27.88,26.61,27.53,27.57,27.02,28.0,27.74,28.26,27.96
2017-06-29T23:00,2017-06-29,23,27.44,27.59,26.35,27.35,27.03,26.75,27.77,27.64,28.05,27.63
2017-06-30T00:00,2017-06-30,0,27.08,27.12,26.16,27.03,26.52,26.53,27.53,27.41,27.66,27.22
2017-06-30T01:00,2017-06-30,1,26.82,26.96,26.06,26.93,26.16,26.43,27.22,27.23,27.12,26.71
2017-06-30T02:00,2017-06-30,2,26.59,26.78,26.08,26.72,25.9,26.2,26.98,26.84,26.85,26.26
2017-06-30T03:00,2017-06-30,3,26.4,26.53,26.07,26.72,25.71,26.0,26.84,26.69,26.61,25.92
2017-06-30T04:00,2017-06-30,4,26.29,26.53,26.14,26.42,25.64,25.85,26.65,26.63,26.42,25.71
2017-06-30T05:00,2017-06-30,5,26.21,26.55,25.91,26.41,25.8,25.83,26.49,26.53,26.15,25.55
2017-06-30T06:00,2017-06-30,6,26.45,26.68,25.71,26.12,26.23,26.38,27.02,26.81,26.76,25.94
2017-06-30T07:00,2017-06-30,7,27.15,27.56,26.15,26.73,26.84,27.21,27.82,27.56,27.41,26.32
2017-06-30T08:00,2017-06-30,8,28.02,28.52,26.74,27.75,27.76,27.85,28.88,28.63,28.38,26.76
2017-06-30T09:00,2017-06-30,9,28.9,29.39,27.58,28.6,29.15,28.31,29.75,29.56,29.48,27.3
2017-06-30T10:00,2017-06-30,10,29.61,29.94,27.88,29.43,29.47,29.49,30.66,30.47,30.56,27.88
2017-06-30T11:00,2017-06-30,11,30.25,30.48,28.64,30.18,30.48,29.05,30.93,30.78,31.7,28.99
2017-06-30T12:00,2017-06-30,12,30.64,30.92,29.33,30.36,30.84,28.85,31.48,30.26,32.25,29.73
2017-06-30T13:00,2017-06-30,13,30.91,31.22,29.15,30.17,31.56,30.77,31.18,30.26,32.56,30.15
2017-06-30T14:00,2017-06-30,14,30.46,30.48,28.32,29.93,31.55,30.07,30.24,29.75,32.76,30.13
2017-06-30T15:00,2017-06-30,15,30.14,30.31,28.31,28.97,32.0,28.51,30.15,29.65,32.19,30.06
2017-06-30T16:00,2017-06-30,16,29.5,29.4,27.95,29.06,30.12,28.44,30.13,29.36,31.03,29.4
2017-06-30T17:00,2017-06-30,17,28.93,28.98,27.47,28.81,28.71,28.43,29.61,28.38,30.4,28.47
2017-06-30T18:00,2017-06-30,18,29.22,29.44,26.95,28.5,29.81,28.94,29.3,27.9,31.13,29.41
2017-06-30T19:00,2017-06-30,19,28.47,28.79,26.28,27.91,28.46,28.05,28.77,27.54,30.05,28.68
2017-06-30T20:00,2017-06-30,20,27.95,28.27,26.06,27.5,27.02,27.48,28.34,27.54,29.44,28.2
2017-06-30T21:00,2017-06-30,21,27.69,27.95,25.94,27.32,26.84,27.3,28.11,27.63,28.97,27.78
2017-06-30T22:00,2017-06-30,22,27.34,27.55,25.8,26.92,26.72,26.88,27.81,27.28,28.54,27.42
2017-06-30T23:00,2017-06-30,23,26.98,27.2,25.81,26.56,26.63,26.78,27.12,26.73,28.09,26.94
2017-07-01T00:00,2017-07-01,0,26.71,26.89,25.72,26.26,26.53,26.75,27.0,26.65,27.52,26.41
2017-07-01T01:00,2017-07-01,1,26.4,26.48,25.6,26.21,26.24,26.64,26.75,26.44,26.92,26.03
2017-07-01T02:00,2017-07-01,2,26.23,26.32,25.48,26.21,25.94,26.38,26.55,26.41,26.61,25.88
2017-07-01T03:00,2017-07-01,3,26.13,26.17,25.54,26.15,25.79,26.33,26.45,26.41,26.43,25.75
2017-07-01T04:00,2017-07-01,4,26.03,26.15,25.42,26.11,25.72,26.22,26.36,26.24,26.19,25.57
2017-07-01T05:00,2017-07-01,5,25.96,26.07,25.51,26.0,25.75,26.17,26.22,26.12,26.11,25.51
2017-07-01T06:00,2017-07-01,6,26.1,26.23,25.63,26.16,25.73,26.33,26.49,26.61,25.95,25.67
2017-07-01T07:00,2017-07-01,7,26.62,26.87,26.17,26.8,26.03,26.52,27.2,27.09,26.54,25.88
2017-07-01T08:00,2017-07-01,8,27.18,27.6,26.82,27.52,26.56,26.7,27.89,27.7,26.87,26.09
2017-07-01T09:00,2017-07-01,9,28.02,28.77,27.18,28.41,27.6,27.43,29.03,28.66,27.48,26.31
2017-07-01T10:00,2017-07-01,10,29.11,29.97,28.57,29.24,28.84,28.33,30.18,29.55,28.85,26.86
2017-07-01T11:00,2017-07-01,11,30.01,30.93,29.13,30.19,30.07,29.2,30.57,30.37,30.17,27.72
2017-07-01T12:00,2017-07-01,12,30.42,31.4,27.74,30.55,31.07,29.79,30.87,30.3,31.05,28.74
2017-07-01T13:00,2017-07-01,13,30.65,31.56,28.12,30.89,31.56,29.49,30.63,30.13,31.6,29.35
2017-07-01T14:00,2017-07-01,14,30.61,31.25,28.42,31.01,31.58,29.75,30.49,30.59,31.52,29.22
2017-07-01T15:00,2017-07-01,15,30.08,30.66,28.05,30.21,30.05,29.67,30.69,30.18,30.07,29.72
2017-07-01T16:00,2017-07-01,16,29.44,29.86,27.04,29.54,29.11,29.37,30.57,29.78,29.88,28.58
2017-07-01T17:00,2017-07-01,17,29.03,29.71,26.83,29.05,28.14,27.93,30.01,29.52,29.91,28.09
2017-07-01T18:00,2017-07-01,18,28.54,29.3,26.66,28.13,28.31,28.19,29.46,28.28,28.93,27.67
2017-07-01T19:00,2017-07-01,19,28.08,28.73,26.39,27.74,28.05,27.87,28.92,27.92,28.37,27.17
2017-07-01T20:00,2017-07-01,20,27.75,28.25,26.22,27.5,27.75,27.54,28.48,27.83,28.1,26.93
2017-07-01T21:00,2017-07-01,21,27.49,27.9,25.98,27.43,27.58,27.37,28.08,27.72,27.7,26.76
2017-07-01T22:00,2017-07-01,22,27.27,27.64,25.88,27.28,27.31,27.17,27.86,27.71,27.32,26.55
2017-07-01T23:00,2017-07-01,23,26.99,27.1,25.83,26.89,27.14,27.29,27.67,27.46,27.16,26.37
2017-07-02T00:00,2017-07-02,0,26.79,26.95,25.89,26.49,26.76,26.98,27.39,27.29,26.99,26.25
2017-07-02T01:00,2017-07-02,1,26.65,26.96,25.92,26.29,26.36,26.67,27.16,27.04,26.84,26.11
2017-07-02T02:00,2017-07-02,2,26.49,26.65,25.85,26.16,26.15,26.4,27.03,26.87,26.8,26.16
2017-07-02T03:00,2017-07-02,3,26.39,26.55,25.75,26.11,26.11,26.26,26.81,26.88,26.62,26.14
2017-07-02T04:00,2017-07-02,4,26.39,26.56,25.83,26.22,26.2,26.34,26.71,26.71,26.58,26.04
2017-07-02T05:00,2017-07-02,5,26.34,26.5,25.78,26.13,26.19,26.34,26.62,26.63,26.56,25.99
2017-07-02T06:00,2017-07-02,6,26.15,26.37,25.35,25.97,25.65,26.05,26.68,26.47,26.51,25.75
2017-07-02T07:00,2017-07-02,7,26.73,27.12,25.95,26.35,25.96,26.83,27.27,27.25,27.09,26.06
2017-07-02T08:00,2017-07-02,8,27.25,27.84,26.08,26.78,26.4,27.29,28.05,27.97,27.51,26.32
2017-07-02T09:00,2017-07-02,9,28.02,28.93,26.53,27.12,27.26,27.86,29.05,29.08,28.37,26.5
2017-07-02T10:00,2017-07-02,10,28.87,29.88,27.52,27.85,28.48,28.29,30.09,29.53,29.43,26.87
2017-07-02T11:00,2017-07-02,11,29.71,30.54,28.68,29.31,29.88,29.55,30.27,30.01,30.11,27.61
2017-07-02T12:00,2017-07-02,12,29.98,30.74,27.96,30.05,30.39,29.64,30.77,30.5,30.19,28.2
2017-07-02T13:00,2017-07-02,13,30.18,31.36,28.29,30.71,30.74,28.65,29.73,31.04,29.94,28.95
2017-07-02T14:00,2017-07-02,14,30.28,31.61,28.14,30.97,30.65,28.95,29.46,31.04,29.6,29.62
2017-07-02T15:00,2017-07-02,15,30.09,31.11,28.56,30.37,31.05,29.67,29.09,29.93,29.87,29.32
2017-07-02T16:00,2017-07-02,16,29.29,30.04,27.79,29.59,30.6,29.46,28.54,28.45,29.15,28.52
2017-07-02T17:00,2017-07-02,17,28.68,29.18,27.39,28.93,29.63,28.7,28.45,28.21,28.3,28.39
2017-07-02T18:00,2017-07-02,18,27.97,28.42,26.2,27.71,28.47,28.11,27.79,27.18,28.4,28.18
2017-07-02T19:00,2017-07-02,19,27.44,27.67,25.93,26.99,28.0,27.65,27.45,27.15,27.83,27.69
2017-07-02T20:00,2017-07-02,20,27.01,27.05,25.95,26.61,27.18,27.28,27.05,27.02,27.43,27.34
2017-07-02T21:00,2017-07-02,21,26.71,26.78,25.54,26.3,27.06,26.95,26.78,27.03,27.03,26.96
2017-07-02T22:00,2017-07-02,22,26.47,26.42,25.21,26.08,26.88,26.82,26.73,26.99,26.68,26.79
2017-07-02T23:00,2017-07-02,23,26.32,26.24,25.29,25.74,26.68,26.81,26.73,26.84,26.51,26.56
2017-07-03T00:00,2017-07-03,0,26.15,26.03,25.29,25.62,26.4,26.56,26.6,26.67,26.29,26.42
2017-07-03T01:00,2017-07-03,1,25.96,25.83,25.2,25.71,25.98,26.16,26.37,26.4,26.14,26.2
2017-07-03T02:00,2017-07-03,2,25.84,25.85,25.24,25.76,25.7,25.81,26.14,26.25,25.92,25.89
2017-07-03T03:00,2017-07-03,3,25.75,25.74,25.3,25.82,25.54,25.56,26.14,26.14,25.73,25.74
2017-07-03T04:00,2017-07-03,4,25.69,25.69,25.37,25.82,25.44,25.26,26.21,26.22,25.61,25.6
2017-07-03T05:00,2017-07-03,5,25.69,25.61,25.61,25.91,25.37,25.28,26.21,26.36,25.54,25.49
2017-07-03T06:00,2017-07-03,6,25.88,25.73,25.88,26.01,25.57,25.45,26.4,26.41,25.81,25.94
2017-07-03T07:00,2017-07-03,7,26.13,25.93,25.88,26.11,25.69,25.89,26.83,26.83,25.99,26.46
2017-07-03T08:00,2017-07-03,8,26.58,26.49,26.55,26.38,25.86,26.4,27.26,27.6,26.2,26.86
2017-07-03T09:00,2017-07-03,9,26.98,26.96,26.9,26.87,25.94,27.2,27.58,28.0,26.42,27.29
2017-07-03T10:00,2017-07-03,10,27.3,27.23,26.8,27.52,26.02,27.53,28.0,28.46,26.8,27.62
2017-07-03T11:00,2017-07-03,11,27.63,27.94,26.37,28.6,26.3,27.6,28.01,28.23,27.21,27.56
2017-07-03T12:00,2017-07-03,12,27.86,28.39,26.83,28.55,26.37,27.21,28.53,28.14,27.85,27.22
2017-07-03T13:00,2017-07-03,13,27.93,28.24,26.44,28.14,26.46,26.73,29.11,28.87,28.66,27.36
2017-07-03T14:00,2017-07-03,14,27.98,28.09,26.58,27.82,26.75,26.95,28.79,28.58,29.45,27.66
2017-07-03T15:00,2017-07-03,15,28.1,28.17,26.46,27.79,27.14,26.79,29.23,28.22,29.43,28.34
2017-07-03T16:00,2017-07-03,16,28.06,28.26,26.46,27.82,26.99,27.27,28.63,27.88,29.48,28.19
2017-07-03T17:00,2017-07-03,17,27.54,27.58,25.96,27.75,26.94,27.1,27.68,27.97,28.43,27.81
2017-07-03T18:00,2017-07-03,18,27.58,27.48,25.77,27.0,27.59,27.51,28.2,27.5,28.49,28.32
2017-07-03T19:00,2017-07-03,19,27.1,27.19,25.89,26.49,26.9,26.71,27.8,27.32,27.74,27.35
2017-07-03T20:00,2017-07-03,20,26.93,27.04,25.83,26.39,26.69,26.55,27.71,27.21,27.5,26.98
2017-07-03T21:00,2017-07-03,21,26.8,27.02,25.6,26.34,26.54,26.24,27.51,27.2,27.3,26.72
2017-07-03T22:00,2017-07-03,22,26.64,26.89,25.5,26.3,26.18,26.17,27.41,27.37,26.97,26.4
2017-07-03T23:00,2017-07-03,23,26.46,26.71,25.36,26.11,26.03,25.99,27.33,27.35,26.59,26.2
2017-07-04T00:00,2017-07-04,0,26.25,26.49,25.28,25.83,25.75,25.78,27.18,27.13,26.3,26.03
2017-07-04T01:00,2017-07-04,1,26.09,26.26,25.28,25.86,25.4,25.52,27.16,26.85,26.13,25.89
2017-07-04T02:00,2017-07-04,2,25.95,26.06,25.5,25.9,25.17,25.22,27.07,26.41,25.99,25.72
2017-07-04T03:00,2017-07-04,3,25.84,25.84,25.62,25.97,25.16,25.1,26.94,26.31,25.79,25.56
2017-07-04T04:00,2017-07-04,4,25.7,25.61,25.56,25.81,25.12,25.06,26.79,26.28,25.58,25.53
2017-07-04T05:00,2017-07-04,5,25.65,25.47,25.56,25.76,25.02,25.17,26.59,26.33,25.65,25.5
2017-07-04T06:00,2017-07-04,6,25.71,25.78,25.8,25.68,25.16,25.16,26.62,26.06,25.5,25.43
2017-07-04T07:00,2017-07-04,7,26.06,25.88,26.22,26.34,25.29,25.44,27.41,26.46,25.86,25.64
2017-07-04T08:00,2017-07-04,8,26.59,26.36,26.57,26.98,25.63,25.99,28.14,27.29,26.4,26.1
2017-07-04T09:00,2017-07-04,9,27.24,27.13,26.59,27.94,26.41,26.38,28.77,28.15,27.12,26.52
2017-07-04T10:00,2017-07-04,10,27.99,28.31,26.48,28.61,27.31,26.91,29.38,28.65,28.34,26.71
2017-07-04T11:00,2017-07-04,11,28.41,28.78,26.59,28.22,27.97,27.79,29.9,28.94,29.38,26.95
2017-07-04T12:00,2017-07-04,12,28.67,29.35,26.7,27.93,28.19,28.46,30.33,28.53,29.51,27.21
2017-07-04T13:00,2017-07-04,13,28.57,28.49,27.15,28.97,28.68,28.05,29.33,29.3,29.33,27.67
2017-07-04T14:00,2017-07-04,14,28.91,29.13,27.19,29.91,29.2,27.96,29.42,30.12,28.55,28.32
2017-07-04T15:00,2017-07-04,15,28.68,29.29,26.48,28.8,28.07,28.17,28.92,30.08,28.74,28.41
2017-07-04T16:00,2017-07-04,16,28.35,29.02,26.66,28.08,27.9,28.4,28.73,28.05,28.3,28.4
2017-07-04T17:00,2017-07-04,17,27.89,28.47,26.64,27.38,27.89,26.91,28.42,27.72,27.99,28.03
2017-07-04T18:00,2017-07-04,18,27.48,27.8,25.63,26.9,27.28,26.99,27.97,28.48,28.09,27.55
2017-07-04T19:00,2017-07-04,19,26.97,27.21,25.34,26.61,26.6,26.49,27.57,27.53,27.6,27.01
2017-07-04T20:00,2017-07-04,20,26.71,26.96,25.21,26.38,26.13,26.46,27.37,27.36,27.29,26.57
2017-07-04T21:00,2017-07-04,21,26.56,26.81,25.12,26.28,26.21,26.12,27.28,27.23,27.0,26.31
2017-07-04T22:00,2017-07-04,22,26.45,26.82,24.88,26.37,26.11,26.04,27.14,26.94,26.7,26.17
2017-07-04T23:00,2017-07-04,23,26.31,26.62,24.97,26.06,25.97,25.86,27.07,26.76,26.63,26.05
2017-07-05T00:00,2017-07-05,0,26.1,26.37,25.02,25.79,25.75,25.62,26.95,26.2,26.48,25.84
2017-07-05T01:00,2017-07-05,1,25.84,25.77,24.89,25.55,25.67,25.42,26.91,25.91,26.4,25.67
2017-07-05T02:00,2017-07-05,2,25.72,25.64,24.98,25.5,25.42,25.31,26.63,25.93,26.26,25.53
2017-07-05T03:00,2017-07-05,3,25.6,25.51,24.9,25.39,25.34,25.15,26.37,26.06,26.12,25.43
2017-07-05T04:00,2017-07-05,4,25.48,25.42,24.55,25.31,25.26,25.07,26.21,26.02,26.03,25.38
2017-07-05T05:00,2017-07-05,5,25.41,25.44,24.42,25.28,25.17,24.94,25.96,25.87,25.93,25.36
2017-07-05T06:00,2017-07-05,6,25.6,25.62,24.81,25.23,25.43,25.17,26.47,25.75,26.03,25.56
2017-07-05T07:00,2017-07-05,7,26.12,26.37,25.0,25.69,25.65,25.69,26.9,25.81,26.83,26.01
2017-07-05T08:00,2017-07-05,8,26.66,26.98,25.13,26.07,25.86,26.1,27.69,26.36,27.83,26.43
2017-07-05T09:00,2017-07-05,9,27.31,27.72,25.64,26.87,26.06,26.48,28.44,26.75,28.89,26.84
2017-07-05T10:00,2017-07-05,10,28.02,28.67,26.23,27.27,26.52,26.77,28.97,27.7,29.91,27.5
2017-07-05T11:00,2017-07-05,11,28.52,29.04,26.52,27.95,27.26,27.03,29.37,28.35,30.21,28.55
2017-07-05T12:00,2017-07-05,12,28.91,29.74,26.57,28.97,27.62,27.03,29.46,29.21,29.38,29.43
2017-07-05T13:00,2017-07-05,13,29.01,29.68,26.59,29.56,27.97,27.38,29.12,29.15,29.46,29.64
2017-07-05T14:00,2017-07-05,14,28.92,29.98,26.4,29.18,27.94,26.99,29.07,28.58,29.42,29.3
2017-07-05T15:00,2017-07-05,15,28.7,29.54,26.1,28.32,28.6,26.81,29.18,27.82,29.7,29.18
2017-07-05T16:00,2017-07-05,16,28.11,28.14,25.91,27.33,28.66,26.75,29.15,27.96,29.4,28.64
2017-07-05T17:00,2017-07-05,17,27.64,27.75,25.8,26.93,28.24,26.51,28.35,27.65,28.36,28.4
2017-07-05T18:00,2017-07-05,18,27.65,27.81,25.88,27.09,28.42,27.66,27.98,27.38,28.26,27.86
2017-07-05T19:00,2017-07-05,19,27.09,27.13,25.54,26.69,27.64,26.92,27.6,27.11,27.39,27.51
2017-07-05T20:00,2017-07-05,20,26.8,26.71,25.48,26.63,27.19,26.6,27.45,27.01,27.03,27.07
2017-07-05T21:00,2017-07-05,21,26.65,26.71,25.26,26.42,26.82,26.49,27.19,26.88,26.85,26.93
2017-07-05T22:00,2017-07-05,22,26.54,26.68,25.3,26.42,26.42,26.29,27.04,26.77,26.67,26.79
2017-07-05T23:00,2017-07-05,23,26.39,26.58,25.26,26.28,26.09,26.17,26.86,26.66,26.54,26.53
2017-07-06T00:00,2017-07-06,0,26.27,26.45,25.23,26.04,26.17,26.02,26.79,26.65,26.43,26.26
2017-07-06T01:00,2017-07-06,1,26.14,26.24,25.13,25.93,26.19,25.84,26.71,26.56,26.33,26.06
2017-07-06T02:00,2017-07-06,2,26.01,26.19,24.99,25.85,25.81,25.77,26.56,26.28,26.24,25.91
2017-07-06T03:00,2017-07-06,3,25.89,26.09,24.95,25.78,25.76,25.7,26.43,25.79,26.04,25.79
2017-07-06T04:00,2017-07-06,4,25.79,25.91,24.84,25.69,25.88,25.7,26.31,25.72,25.85,25.75
2017-07-06T05:00,2017-07-06,5,25.67,25.72,24.82,25.63,25.85,25.58,26.1,25.7,25.78,25.65
2017-07-06T06:00,2017-07-06,6,25.86,25.92,24.9,25.75,25.91,25.97,26.2,26.04,26.07,25.79
2017-07-06T07:00,2017-07-06,7,26.53,26.56,25.99,26.5,26.4,27.02,26.87,26.59,26.74,26.11
2017-07-06T08:00,2017-07-06,8,27.21,27.04,27.1,27.26,26.76,28.05,27.82,27.0,27.42,26.76
2017-07-06T09:00,2017-07-06,9,27.94,27.57,28.06,27.66,27.47,29.07,29.01,27.8,28.22,27.36
2017-07-06T10:00,2017-07-06,10,28.52,28.29,28.5,27.39,28.57,29.87,29.61,28.18,28.99,28.0
2017-07-06T11:00,2017-07-06,11,29.18,28.99,29.52,28.06,28.93,30.72,29.98,28.21,29.57,29.1
2017-07-06T12:00,2017-07-06,12,29.67,29.62,30.2,28.58,29.64,30.96,30.29,28.26,30.14,29.39
2017-07-06T13:00,2017-07-06,13,29.56,29.64,27.87,29.42,30.56,31.39,29.46,28.33,29.92,29.29
2017-07-06T14:00,2017-07-06,14,29.58,30.12,27.56,29.8,29.9,31.43,28.95,27.92,30.25,28.89
2017-07-06T15:00,2017-07-06,15,29.3,29.83,27.06,29.35,29.29,31.69,29.21,28.2,29.24,28.91
2017-07-06T16:00,2017-07-06,16,28.95,29.47,27.1,28.67,28.58,31.4,29.07,28.13,29.01,28.32
2017-07-06T17:00,2017-07-06,17,28.39,28.39,26.44,28.75,28.72,30.42,28.7,28.01,28.21,28.1
2017-07-06T18:00,2017-07-06,18,28.79,29.2,26.44,29.23,29.63,29.98,28.51,27.8,28.93,28.37
2017-07-06T19:00,2017-07-06,19,27.95,28.2,25.9,28.2,28.49,29.01,27.79,27.39,28.17,27.81
2017-07-06T20:00,2017-07-06,20,27.55,27.74,25.66,27.67,27.98,28.64,27.49,27.07,27.72,27.54
2017-07-06T21:00,2017-07-06,21,27.26,27.49,25.35,27.26,27.6,28.1,27.33,26.94,27.44,27.32
2017-07-06T22:00,2017-07-06,22,27.06,27.32,25.19,27.03,27.32,27.81,27.16,26.91,27.19,27.08
2017-07-06T23:00,2017-07-06,23,26.85,27.0,25.28,26.79,27.28,27.4,27.13,26.68,26.81,26.99
2017-07-07T00:00,2017-07-07,0,26.53,26.6,25.03,26.48,27.0,27.22,26.9,26.25,26.37,26.85
2017-07-07T01:00,2017-07-07,1,26.18,26.06,25.05,25.94,26.63,26.91,26.59,25.96,26.21,26.6
2017-07-07T02:00,2017-07-07,2,26.06,26.04,25.05,25.89,26.37,26.69,26.26,26.0,26.03,26.35
2017-07-07T03:00,2017-07-07,3,25.84,25.81,25.07,25.77,25.88,26.4,25.85,25.84,25.89,26.16
2017-07-07T04:00,2017-07-07,4,25.69,25.66,24.99,25.62,25.74,26.12,25.7,25.6,25.84,25.94
2017-07-07T05:00,2017-07-07,5,25.6,25.6,24.89,25.43,25.68,26.11,25.51,25.63,25.76,25.81
2017-07-07T06:00,2017-07-07,6,25.83,25.52,25.29,25.6,25.92,26.17,26.72,25.85,25.89,26.08
2017-07-07T07:00,2017-07-07,7,26.36,25.93,25.91,26.27,26.2,26.7,27.14,26.26,26.53,26.9
2017-07-07T08:00,2017-07-07,8,27.0,26.44,26.81,26.76,26.48,27.28,27.79,26.95,27.41,27.84
2017-07-07T09:00,2017-07-07,9,27.72,26.84,28.2,27.4,27.01,27.69,28.45,27.5,28.56,28.85
2017-07-07T10:00,2017-07-07,10,28.26,27.19,29.14,27.57,27.29,28.0,29.3,28.55,29.14,29.66
2017-07-07T11:00,2017-07-07,11,28.7,27.8,28.97,28.18,27.27,27.49,29.91,29.4,29.68,30.39
2017-07-07T12:00,2017-07-07,12,28.84,27.86,28.45,28.83,27.62,27.67,30.3,28.7,30.0,30.47
2017-07-07T13:00,2017-07-07,13,29.33,28.99,29.07,29.45,28.3,28.03,29.49,28.33,30.74,30.56
2017-07-07T14:00,2017-07-07,14,29.76,29.87,29.22,29.58,28.74,28.94,29.49,28.49,31.34,30.5
2017-07-07T15:00,2017-07-07,15,29.52,29.31,29.11,28.42,29.56,29.16,29.74,27.85,31.43,30.29
2017-07-07T16:00,2017-07-07,16,29.46,29.39,28.61,28.65,29.08,28.68,29.65,28.07,31.16,30.57
2017-07-07T17:00,2017-07-07,17,29.05,28.76,27.94,28.29,28.87,28.83,29.77,28.06,30.38,30.08
2017-07-07T18:00,2017-07-07,18,28.62,28.74,27.7,28.33,28.67,29.15,28.84,27.96,28.78,28.97
2017-07-07T19:00,2017-07-07,19,28.01,28.05,26.97,27.78,28.02,28.4,28.31,27.46,28.39,28.33
2017-07-07T20:00,2017-07-07,20,27.66,27.67,26.56,27.51,27.64,28.18,27.99,27.17,28.05,27.85
2017-07-07T21:00,2017-07-07,21,27.33,27.24,26.37,27.26,27.28,27.55,27.75,27.07,27.84,27.35
2017-07-07T22:00,2017-07-07,22,27.04,26.85,26.22,27.17,26.61,27.17,27.55,27.18,27.71,26.9
2017-07-07T23:00,2017-07-07,23,26.8,26.76,25.96,26.76,26.24,26.99,27.38,27.04,27.33,26.57
2017-07-08T00:00,2017-07-08,0,26.48,26.4,25.73,26.45,26.16,26.84,27.17,26.92,26.51,26.35
2017-07-08T01:00,2017-07-08,1,26.26,26.2,25.4,26.27,26.04,26.54,27.04,26.61,26.23,26.12
2017-07-08T02:00,2017-07-08,2,26.09,26.08,25.28,26.0,25.84,26.44,26.77,26.57,26.12,25.83
2017-07-08T03:00,2017-07-08,3,25.93,25.92,25.21,25.92,25.77,26.42,26.5,26.56,25.75,25.68
2017-07-08T04:00,2017-07-08,4,25.85,25.98,25.14,25.88,25.56,26.19,26.26,26.33,25.65,25.62
2017-07-08T05:00,2017-07-08,5,25.8,25.93,25.11,25.85,25.58,26.02,26.07,26.4,25.64,25.59
2017-07-08T06:00,2017-07-08,6,26.14,26.14,25.34,25.98,26.04,26.38,26.6,26.61,26.28,26.04
2017-07-08T07:00,2017-07-08,7,27.04,27.17,26.2,26.74,26.97,27.36,27.27,27.47,27.17,26.91
2017-07-08T08:00,2017-07-08,8,27.86,28.02,27.25,27.62,27.84,27.8,27.98,28.22,28.03,27.7
2017-07-08T09:00,2017-07-08,9,28.71,29.17,28.28,28.18,28.78,28.18,28.85,28.99,29.09,28.0
2017-07-08T10:00,2017-07-08,10,29.4,29.6,28.94,28.76,29.28,28.86,29.99,29.89,30.06,28.74
2017-07-08T11:00,2017-07-08,11,30.06,29.85,29.8,29.62,29.38,30.15,30.56,30.45,30.99,29.92
2017-07-08T12:00,2017-07-08,12,30.39,30.61,29.5,30.14,29.21,30.11,30.88,30.05,31.38,30.32
2017-07-08T13:00,2017-07-08,13,30.75,31.28,30.3,30.13,29.9,30.36,31.04,30.2,31.55,30.39
2017-07-08T14:00,2017-07-08,14,30.82,31.19,29.56,30.4,30.97,29.93,31.4,30.16,31.51,30.77
2017-07-08T15:00,2017-07-08,15,30.39,30.98,29.08,29.98,29.96,29.89,31.4,30.35,30.29,30.16
2017-07-08T16:00,2017-07-08,16,29.94,30.5,28.74,29.78,29.32,29.53,30.84,29.98,29.86,29.47
2017-07-08T17:00,2017-07-08,17,29.5,30.26,28.19,29.39,28.93,29.19,30.08,29.35,29.6,28.7
2017-07-08T18:00,2017-07-08,18,29.08,29.7,27.43,28.8,29.17,28.86,29.39,29.12,29.22,28.69
2017-07-08T19:00,2017-07-08,19,28.51,29.05,26.93,28.18,28.59,28.11,28.93,28.34,28.88,28.17
2017-07-08T20:00,2017-07-08,20,28.09,28.72,26.46,27.72,28.16,27.58,28.58,27.96,28.57,27.49
2017-07-08T21:00,2017-07-08,21,27.74,28.42,26.32,27.4,27.63,27.19,28.23,27.76,28.17,26.94
2017-07-08T22:00,2017-07-08,22,27.5,28.14,26.12,27.2,27.28,26.93,28.0,27.72,27.96,26.66
2017-07-08T23:00,2017-07-08,23,27.28,27.79,26.1,27.04,27.09,26.74,27.77,27.59,27.76,26.44
2017-07-09T00:00,2017-07-09,0,26.98,27.38,25.77,26.82,26.92,26.47,27.47,27.29,27.52,26.18
2017-07-09T01:00,2017-07-09,1,26.78,27.21,25.63,26.59,26.64,26.54,27.25,26.97,27.2,26.01
2017-07-09T02:00,2017-07-09,2,26.58,26.78,25.55,26.46,26.66,26.48,26.96,26.72,27.06,26.03
2017-07-09T03:00,2017-07-09,3,26.45,26.61,25.62,26.24,26.58,26.31,26.82,26.4,26.93,26.06
2017-07-09T04:00,2017-07-09,4,26.34,26.48,25.63,26.07,26.41,26.33,26.69,26.18,26.82,26.03
2017-07-09T05:00,2017-07-09,5,26.3,26.39,25.7,26.01,26.34,26.33,26.61,26.24,26.7,26.07
2017-07-09T06:00,2017-07-09,6,26.53,26.71,25.94,26.11,26.58,26.7,26.82,26.43,27.01,26.1
2017-07-09T07:00,2017-07-09,7,27.25,27.49,26.34,26.83,27.29,27.32,27.72,27.4,27.73,26.65
2017-07-09T08:00,2017-07-09,8,27.95,28.21,27.05,27.53,28.05,27.83,28.59,28.27,28.41,27.12
2017-07-09T09:00,2017-07-09,9,28.77,29.07,27.94,28.51,28.68,28.36,29.51,29.08,29.27,27.75
2017-07-09T10:00,2017-07-09,10,29.43,29.89,28.56,28.96,28.76,28.64,30.24,29.73,29.95,28.93
2017-07-09T11:00,2017-07-09,11,30.02,30.45,29.24,29.36,28.81,29.42,31.14,29.82,30.48,29.94
2017-07-09T12:00,2017-07-09,12,30.44,30.85,28.9,29.56,30.01,29.91,31.57,29.98,31.04,30.71
2017-07-09T13:00,2017-07-09,13,30.02,30.36,28.91,29.62,30.03,29.91,30.99,29.77,29.95,29.76
2017-07-09T14:00,2017-07-09,14,29.73,30.22,28.66,29.53,30.17,28.51,30.3,29.45,30.56,28.63
2017-07-09T15:00,2017-07-09,15,29.6,30.3,28.44,29.5,29.31,28.42,30.09,29.38,30.0,29.01
2017-07-09T16:00,2017-07-09,16,28.97,29.32,28.02,29.07,28.58,28.36,29.36,28.8,29.17,28.88
2017-07-09T17:00,2017-07-09,17,28.54,28.8,27.54,28.66,28.03,27.81,29.17,28.48,28.8,28.51
2017-07-09T18:00,2017-07-09,18,28.55,28.91,27.51,28.36,28.45,28.0,29.04,28.59,29.03,28.0
2017-07-09T19:00,2017-07-09,19,28.05,28.49,26.95,27.88,27.97,27.33,28.57,28.1,28.51,27.43
2017-07-09T20:00,2017-07-09,20,27.74,28.18,26.82,27.54,27.57,26.99,28.29,27.91,28.27,26.95
2017-07-09T21:00,2017-07-09,21,27.51,27.9,26.62,27.3,27.33,26.68,28.02,27.78,28.1,26.73
2017-07-09T22:00,2017-07-09,22,27.28,27.65,26.5,27.12,26.88,26.48,27.72,27.54,27.97,26.58
2017-07-09T23:00,2017-07-09,23,26.99,27.25,26.19,26.94,26.26,26.49,27.5,27.21,27.7,26.38
2017-07-10T00:00,2017-07-10,0,26.73,26.85,26.05,26.73,26.43,26.28,27.15,26.96,27.46,26.01
2017-07-10T01:00,2017-07-10,1,26.44,26.49,25.86,26.54,26.0,26.09,26.97,26.56,27.23,25.66
2017-07-10T02:00,2017-07-10,2,26.26,26.28,25.69,26.43,26.03,25.91,26.77,26.27,26.97,25.56
2017-07-10T03:00,2017-07-10,3,26.08,26.13,25.61,26.22,25.82,25.71,26.54,26.14,26.69,25.42
2017-07-10T04:00,2017-07-10,4,25.88,25.85,25.33,26.19,25.56,25.55,26.27,25.8,26.51,25.41
2017-07-10T05:00,2017-07-10,5,25.79,25.76,25.35,25.78,25.56,25.44,26.24,25.9,26.35,25.46
2017-07-10T06:00,2017-07-10,6,25.84,25.79,25.57,25.67,25.56,25.29,26.69,26.01,26.3,25.41
2017-07-10T07:00,2017-07-10,7,26.45,26.59,26.19,26.18,25.78,25.65,27.55,26.73,26.89,25.78
2017-07-10T08:00,2017-07-10,8,27.07,27.32,26.93,26.79,26.12,26.35,28.24,27.74,27.41,26.11
2017-07-10T09:00,2017-07-10,9,28.01,28.63,28.04,27.75,26.77,26.79,29.33,28.76,27.99,26.67
2017-07-10T10:00,2017-07-10,10,28.47,29.06,28.98,28.32,27.25,27.11,29.55,29.32,28.46,26.92
2017-07-10T11:00,2017-07-10,11,28.76,29.65,28.11,28.65,28.6,27.41,28.91,28.93,29.05,27.57
2017-07-10T12:00,2017-07-10,12,29.01,29.51,27.61,28.92,29.51,28.41,29.34,29.22,29.34,28.2
2017-07-10T13:00,2017-07-10,13,29.3,29.7,28.03,29.42,28.93,28.75,29.53,29.52,29.41,29.33
2017-07-10T14:00,2017-07-10,14,29.08,29.39,27.36,29.65,27.95,28.22,29.39,29.81,29.22,29.49
2017-07-10T15:00,2017-07-10,15,28.99,29.35,27.53,29.34,28.88,27.93,28.98,29.06,29.5,28.95
2017-07-10T16:00,2017-07-10,16,28.45,29.17,26.7,28.34,29.29,27.77,28.47,27.59,28.82,27.93
2017-07-10T17:00,2017-07-10,17,27.87,28.15,26.8,27.57,28.75,27.81,27.97,27.48,27.95,27.73
2017-07-10T18:00,2017-07-10,18,27.55,27.7,26.42,27.52,27.81,27.38,28.47,27.16,27.47,27.41
2017-07-10T19:00,2017-07-10,19,27.17,27.39,26.13,27.15,27.17,26.83,27.9,27.2,27.08,27.01
2017-07-10T20:00,2017-07-10,20,26.9,27.16,26.01,26.97,26.71,26.45,27.41,27.24,26.8,26.7
2017-07-10T21:00,2017-07-10,21,26.67,26.95,25.84,26.81,26.4,26.08,27.06,27.22,26.65,26.41
2017-07-10T22:00,2017-07-10,22,26.52,26.78,25.62,26.66,26.33,25.89,27.01,26.71,26.61,26.22
2017-07-10T23:00,2017-07-10,23,26.36,26.67,25.51,26.5,26.0,25.72,26.76,26.73,26.47,26.01
2017-07-11T00:00,2017-07-11,0,26.05,26.26,25.46,26.28,25.58,25.42,26.43,26.27,26.24,25.73
2017-07-11T01:00,2017-07-11,1,25.82,26.04,25.15,26.08,25.57,25.31,26.1,26.0,25.92,25.48
2017-07-11T02:00,2017-07-11,2,25.64,25.85,24.87,25.78,25.45,25.38,25.89,25.99,25.7,25.34
2017-07-11T03:00,2017-07-11,3,25.44,25.57,24.87,25.57,25.19,25.3,25.76,25.85,25.47,25.14
2017-07-11T04:00,2017-07-11,4,25.27,25.35,24.49,25.31,25.09,25.25,25.66,25.7,25.37,25.01
2017-07-11T05:00,2017-07-11,5,25.17,25.24,24.34,25.16,25.03,25.12,25.61,25.49,25.38,24.94
2017-07-11T06:00,2017-07-11,6,25.22,25.33,24.23,25.21,25.02,24.83,25.85,25.66,25.5,24.97
2017-07-11T07:00,2017-07-11,7,25.61,25.6,24.88,25.29,25.3,25.64,26.55,26.25,26.08,24.95
2017-07-11T08:00,2017-07-11,8,25.9,25.68,25.1,25.37,25.46,26.97,27.2,26.86,26.33,25.04
2017-07-11T09:00,2017-07-11,9,26.16,25.82,25.97,25.54,25.61,27.86,27.54,26.9,26.38,25.13
2017-07-11T10:00,2017-07-11,10,26.58,26.33,27.39,25.58,26.06,27.87,27.91,27.43,26.77,25.17
2017-07-11T11:00,2017-07-11,11,26.81,26.54,27.36,25.66,26.81,28.1,28.3,27.64,27.06,25.32
2017-07-11T12:00,2017-07-11,12,27.09,26.89,27.14,26.46,26.93,28.44,28.27,27.29,27.71,25.46
2017-07-11T13:00,2017-07-11,13,27.24,26.95,26.8,26.96,26.03,28.61,28.49,27.36,28.59,25.72
2017-07-11T14:00,2017-07-11,14,27.38,27.28,26.67,27.43,26.15,27.7,28.76,27.86,28.01,26.45
2017-07-11T15:00,2017-07-11,15,27.37,27.66,26.13,27.02,26.18,27.33,28.33,28.03,27.65,27.21
2017-07-11T16:00,2017-07-11,16,27.28,27.74,26.21,27.26,26.1,26.62,27.97,27.82,27.14,27.48
2017-07-11T17:00,2017-07-11,17,26.92,27.08,26.13,27.36,26.03,26.36,27.05,27.4,26.94,27.28
2017-07-11T18:00,2017-07-11,18,26.95,27.4,25.97,26.77,26.84,26.61,27.21,27.17,26.84,26.77
2017-07-11T19:00,2017-07-11,19,26.42,26.71,25.68,26.5,26.52,26.08,26.68,26.49,26.41,26.05
2017-07-11T20:00,2017-07-11,20,26.17,26.49,25.68,26.3,25.94,25.83,26.43,26.36,26.12,25.69
2017-07-11T21:00,2017-07-11,21,25.95,26.03,25.7,26.22,25.47,25.75,26.38,26.34,25.92,25.54
2017-07-11T22:00,2017-07-11,22,25.82,25.9,25.45,26.08,25.19,25.56,26.32,26.39,25.86,25.39
2017-07-11T23:00,2017-07-11,23,25.73,25.87,25.24,26.02,25.1,25.49,26.26,26.44,25.6,25.29
2017-07-12T00:00,2017-07-12,0,25.57,25.6,25.15,26.04,24.94,25.31,26.17,26.5,25.31,25.16
2017-07-12T01:00,2017-07-12,1,25.38,25.34,24.98,25.87,24.67,25.11,26.01,26.38,25.11,25.12
2017-07-12T02:00,2017-07-12,2,25.24,25.41,24.84,25.65,24.62,24.99,25.68,25.65,24.99,24.92
2017-07-12T03:00,2017-07-12,3,25.13,25.32,24.83,25.4,24.59,24.91,25.46,25.62,24.88,24.83
2017-07-12T04:00,2017-07-12,4,24.98,25.11,24.82,25.12,24.48,24.81,25.42,25.6,24.71,24.63
2017-07-12T05:00,2017-07-12,5,24.87,24.92,24.66,25.06,24.45,24.78,25.29,25.57,24.62,24.52
2017-07-12T06:00,2017-07-12,6,24.76,24.8,24.76,24.91,24.28,24.72,25.22,25.46,24.6,24.17
2017-07-12T07:00,2017-07-12,7,25.21,25.27,25.52,25.37,24.64,25.22,25.53,26.27,24.99,24.4
2017-07-12T08:00,2017-07-12,8,25.66,25.74,26.25,25.76,24.83,25.61,26.08,27.07,25.29,24.74
2017-07-12T09:00,2017-07-12,9,26.21,26.33,27.08,26.44,25.13,26.11,26.43,27.91,25.78,25.13
2017-07-12T10:00,2017-07-12,10,26.82,27.27,28.24,27.03,25.48,26.86,26.41,28.03,26.27,25.63
2017-07-12T11:00,2017-07-12,11,27.42,28.5,28.65,27.4,25.97,27.34,26.62,27.74,26.55,26.41
2017-07-12T12:00,2017-07-12,12,27.63,28.38,27.92,27.68,26.8,27.94,26.96,28.52,27.07,26.71
2017-07-12T13:00,2017-07-12,13,27.93,28.64,27.26,28.35,27.86,28.19,27.34,28.99,27.13,27.06
2017-07-12T14:00,2017-07-12,14,27.82,27.72,28.02,28.11,27.96,26.96,27.93,28.47,27.57,27.89
2017-07-12T15:00,2017-07-12,15,28.07,28.25,26.76,28.31,28.8,27.67,27.98,28.48,27.75,28.4
2017-07-12T16:00,2017-07-12,16,27.87,28.05,27.04,27.66,28.08,27.48,27.59,28.5,27.55,28.7
2017-07-12T17:00,2017-07-12,17,27.4,27.08,26.97,27.19,27.58,27.49,27.22,28.17,27.29,28.58
2017-07-12T18:00,2017-07-12,18,27.3,27.26,26.74,27.34,27.77,28.88,26.97,27.12,26.78,27.52
2017-07-12T19:00,2017-07-12,19,26.53,26.49,26.11,26.74,26.48,27.3,26.57,26.81,26.25,26.36
2017-07-12T20:00,2017-07-12,20,26.28,26.35,25.83,26.41,26.18,26.79,26.44,26.6,26.03,26.0
2017-07-12T21:00,2017-07-12,21,26.11,26.14,25.59,26.23,26.14,26.43,26.32,26.45,25.95,25.83
2017-07-12T22:00,2017-07-12,22,26.01,26.03,25.44,25.98,26.2,26.44,26.28,26.32,25.87,25.77
2017-07-12T23:00,2017-07-12,23,25.9,25.9,25.29,25.84,26.1,26.49,26.16,26.19,25.76,25.66
2017-07-13T00:00,2017-07-13,0,25.72,25.77,25.18,25.68,25.9,25.95,25.98,25.95,25.62,25.5
2017-07-13T01:00,2017-07-13,1,25.53,25.69,24.82,25.23,25.72,25.49,25.89,25.86,25.55,25.39
2017-07-13T02:00,2017-07-13,2,25.26,25.32,24.58,24.81,25.56,25.11,25.68,25.74,25.34,25.33
2017-07-13T03:00,2017-07-13,3,25.11,25.1,24.51,24.75,25.41,24.88,25.57,25.62,25.12,25.16
2017-07-13T04:00,2017-07-13,4,24.97,24.97,24.24,24.88,24.83,24.7,25.47,25.71,25.02,25.0
2017-07-13T05:00,2017-07-13,5,24.87,24.83,24.29,24.93,24.82,24.66,25.27,25.32,24.93,24.82
2017-07-13T06:00,2017-07-13,6,24.97,24.86,24.84,24.85,24.92,24.72,25.22,25.38,24.95,25.28
2017-07-13T07:00,2017-07-13,7,25.73,25.54,25.32,25.36,25.86,25.23,25.87,26.1,25.94,26.61
2017-07-13T08:00,2017-07-13,8,26.55,26.37,26.04,25.89,26.49,26.11,26.66,26.9,26.8,27.88
2017-07-13T09:00,2017-07-13,9,27.46,27.51,26.72,26.8,26.63,26.19,27.88,27.98,27.83,28.92
2017-07-13T10:00,2017-07-13,10,28.28,28.3,28.25,27.71,26.75,26.52,28.89,28.86,28.6,29.84
2017-07-13T11:00,2017-07-13,11,29.06,29.06,29.27,28.75,27.44,26.78,29.77,29.41,29.39,30.59
2017-07-13T12:00,2017-07-13,12,29.6,29.72,29.96,29.52,27.91,27.56,29.67,28.98,30.38,30.95
2017-07-13T13:00,2017-07-13,13,29.61,30.21,29.31,29.7,27.77,27.77,28.87,28.75,30.98,30.26
2017-07-13T14:00,2017-07-13,14,29.5,30.09,28.41,29.73,28.76,28.29,28.52,28.31,30.76,30.1
2017-07-13T15:00,2017-07-13,15,29.25,29.39,27.72,29.78,28.86,28.57,28.82,28.16,30.06,30.3
2017-07-13T16:00,2017-07-13,16,28.99,29.11,27.22,29.04,28.57,28.87,29.27,28.39,29.2,30.26
2017-07-13T17:00,2017-07-13,17,28.64,28.61,26.74,28.33,28.54,28.69,28.98,28.17,29.01,30.13
2017-07-13T18:00,2017-07-13,18,28.25,28.1,27.05,27.83,28.31,28.78,28.2,27.56,28.7,29.55
2017-07-13T19:00,2017-07-13,19,27.49,27.45,26.41,27.28,27.14,27.5,27.66,27.14,28.03,28.35
2017-07-13T20:00,2017-07-13,20,27.11,27.11,26.03,26.98,26.69,27.06,27.3,27.02,27.56,27.78
2017-07-13T21:00,2017-07-13,21,26.83,26.83,25.86,26.75,26.22,26.73,27.01,26.94,27.29,27.45
2017-07-13T22:00,2017-07-13,22,26.57,26.56,25.76,26.51,26.03,26.41,26.76,26.85,26.92,27.07
2017-07-13T23:00,2017-07-13,23,26.36,26.48,25.5,26.16,25.91,26.18,26.52,26.61,26.72,26.67
2017-07-14T00:00,2017-07-14,0,26.06,26.21,25.32,25.82,25.68,25.83,26.18,26.38,26.42,26.23
2017-07-14T01:00,2017-07-14,1,25.76,25.92,25.23,25.4,25.49,25.1,26.03,26.1,26.2,25.83
2017-07-14T02:00,2017-07-14,2,25.56,25.71,25.08,25.28,25.33,24.98,25.79,25.72,25.93,25.67
2017-07-14T03:00,2017-07-14,3,25.43,25.52,24.96,25.24,25.27,24.84,25.6,25.68,25.8,25.54
2017-07-14T04:00,2017-07-14,4,25.29,25.42,24.82,25.18,25.12,24.67,25.5,25.38,25.65,25.31
2017-07-14T05:00,2017-07-14,5,25.18,25.24,24.74,25.14,24.94,24.58,25.38,25.43,25.52,25.28
2017-07-14T06:00,2017-07-14,6,25.42,25.32,25.09,25.14,25.06,25.09,25.77,25.77,25.91,25.57
2017-07-14T07:00,2017-07-14,7,26.21,26.21,25.92,26.03,25.73,25.45,26.63,26.53,26.73,26.27
2017-07-14T08:00,2017-07-14,8,26.97,26.94,27.0,26.87,26.42,25.73,27.7,27.03,27.51,26.96
2017-07-14T09:00,2017-07-14,9,27.87,27.88,27.66,27.55,27.53,26.31,28.62,27.55,28.67,28.07
2017-07-14T10:00,2017-07-14,10,28.46,28.4,28.37,27.76,28.09,26.54,29.64,28.21,29.33,28.86
2017-07-14T11:00,2017-07-14,11,29.07,28.9,29.28,28.5,28.06,27.09,30.29,28.93,30.01,29.69
2017-07-14T12:00,2017-07-14,12,29.48,29.06,29.54,28.8,28.54,28.06,30.76,28.99,30.57,30.58
2017-07-14T13:00,2017-07-14,13,29.92,29.73,28.16,29.42,29.64,28.83,30.83,29.2,31.21,31.21
2017-07-14T14:00,2017-07-14,14,30.3,30.08,28.44,30.09,30.08,29.75,30.57,29.74,31.59,31.6
2017-07-14T15:00,2017-07-14,15,30.41,30.4,28.01,30.01,30.23,30.51,30.59,29.43,31.76,31.6
2017-07-14T16:00,2017-07-14,16,30.21,30.22,27.88,29.57,30.46,30.63,30.34,29.33,31.27,31.4
2017-07-14T17:00,2017-07-14,17,29.68,29.56,27.55,28.82,30.07,30.3,29.9,28.85,30.78,30.9
2017-07-14T18:00,2017-07-14,18,29.5,29.56,27.73,29.13,30.08,29.87,29.26,28.46,30.33,30.4
2017-07-14T19:00,2017-07-14,19,28.47,28.61,26.78,28.24,28.59,28.52,28.56,27.81,29.19,29.0
2017-07-14T20:00,2017-07-14,20,27.88,28.02,26.44,27.58,27.84,27.77,28.03,27.4,28.56,28.44
2017-07-14T21:00,2017-07-14,21,27.48,27.62,26.11,27.29,27.54,26.95,27.62,27.24,28.19,27.92
2017-07-14T22:00,2017-07-14,22,27.2,27.29,25.88,27.0,27.25,26.52,27.48,27.09,27.86,27.66
2017-07-14T23:00,2017-07-14,23,26.95,26.96,25.77,26.67,27.14,26.48,27.18,26.83,27.59,27.39
2017-07-15T00:00,2017-07-15,0,26.73,26.71,25.72,26.48,27.12,26.32,26.94,26.7,27.29,27.03
2017-07-15T01:00,2017-07-15,1,26.47,26.47,25.48,26.27,26.86,26.01,26.73,26.43,26.99,26.63
2017-07-15T02:00,2017-07-15,2,26.22,26.25,25.17,26.11,26.46,25.79,26.43,26.34,26.67,26.45
2017-07-15T03:00,2017-07-15,3,25.98,26.03,24.98,25.93,26.13,25.44,26.17,26.02,26.39,26.29
2017-07-15T04:00,2017-07-15,4,25.73,25.85,24.73,25.66,25.87,25.01,26.01,25.5,26.11,26.09
2017-07-15T05:00,2017-07-15,5,25.58,25.75,24.58,25.48,25.63,24.87,25.81,25.5,25.9,25.93
2017-07-15T06:00,2017-07-15,6,25.9,25.9,25.18,25.88,26.13,25.11,26.14,25.97,26.2,26.19
2017-07-15T07:00,2017-07-15,7,26.86,26.89,26.52,26.85,26.83,25.96,26.97,26.99,27.17,27.13
2017-07-15T08:00,2017-07-15,8,27.92,27.91,27.66,28.11,27.26,27.19,27.98,28.09,28.41,28.1
2017-07-15T09:00,2017-07-15,9,28.93,28.68,28.77,29.02,28.5,28.69,29.12,28.92,29.46,29.25
2017-07-15T10:00,2017-07-15,10,29.97,29.59,29.79,29.96,29.96,30.17,29.99,29.7,30.38,30.62
2017-07-15T11:00,2017-07-15,11,30.83,30.65,30.5,30.9,30.99,31.09,30.76,30.3,30.9,31.42
2017-07-15T12:00,2017-07-15,12,31.36,31.37,30.85,31.48,31.36,31.72,31.22,30.53,31.4,31.94
2017-07-15T13:00,2017-07-15,13,31.69,31.71,30.87,31.79,32.07,32.29,31.34,30.61,31.83,32.27
2017-07-15T14:00,2017-07-15,14,31.85,31.93,30.6,31.8,32.55,32.56,31.44,30.63,32.21,32.4
2017-07-15T15:00,2017-07-15,15,31.7,31.93,29.53,31.57,32.61,32.68,30.94,30.48,32.22,32.58
2017-07-15T16:00,2017-07-15,16,31.4,31.61,29.15,31.05,32.32,32.78,30.52,30.19,31.96,32.36
2017-07-15T17:00,2017-07-15,17,30.93,31.13,28.4,30.27,32.04,32.64,30.13,29.74,31.58,31.98
2017-07-15T18:00,2017-07-15,18,30.58,30.94,28.19,30.09,31.46,31.79,29.68,29.33,31.3,31.47
2017-07-15T19:00,2017-07-15,19,29.23,29.42,27.5,28.95,29.67,30.34,28.67,28.44,29.7,29.86
2017-07-15T20:00,2017-07-15,20,28.63,28.86,26.96,28.4,29.2,29.29,28.26,27.84,28.89,29.26
2017-07-15T21:00,2017-07-15,21,28.19,28.34,26.85,27.91,28.85,28.63,27.99,27.51,28.38,28.75
2017-07-15T22:00,2017-07-15,22,27.83,27.98,26.46,27.53,28.24,28.38,27.63,27.34,28.21,28.24
2017-07-15T23:00,2017-07-15,23,27.49,27.66,26.05,27.25,27.89,27.55,27.42,27.19,27.95,27.88
2017-07-16T00:00,2017-07-16,0,27.16,27.34,25.78,26.91,27.65,26.76,27.13,26.94,27.6,27.62
2017-07-16T01:00,2017-07-16,1,26.87,27.01,25.45,26.59,27.56,26.06,26.95,26.86,27.26,27.48
2017-07-16T02:00,2017-07-16,2,26.57,26.63,25.38,26.38,26.86,25.83,26.7,26.75,26.93,27.21
2017-07-16T03:00,2017-07-16,3,26.36,26.43,25.39,26.27,26.43,25.4,26.46,26.65,26.67,27.01
2017-07-16T04:00,2017-07-16,4,26.19,26.29,25.36,26.08,25.96,25.29,26.27,26.48,26.51,26.83
2017-07-16T05:00,2017-07-16,5,26.08,26.2,25.25,25.85,25.73,25.22,26.17,26.38,26.53,26.74
2017-07-16T06:00,2017-07-16,6,26.45,26.66,25.47,26.33,26.24,25.37,26.51,26.67,26.79,27.13
2017-07-16T07:00,2017-07-16,7,27.63,27.78,27.08,27.41,27.29,26.57,27.54,27.57,28.09,28.42
2017-07-16T08:00,2017-07-16,8,28.74,28.87,28.42,28.65,28.53,28.07,28.55,28.39,29.04,29.38
2017-07-16T09:00,2017-07-16,9,29.89,30.03,29.62,29.87,29.85,29.76,29.63,29.28,30.27,30.01
2017-07-16T10:00,2017-07-16,10,30.91,31.1,30.62,30.75,30.85,31.2,30.57,30.09,31.34,30.98
2017-07-16T11:00,2017-07-16,11,31.63,31.68,31.62,31.47,31.5,32.08,31.25,30.52,31.99,32.01
2017-07-16T12:00,2017-07-16,12,32.2,32.31,31.95,32.08,32.14,32.83,31.71,30.97,32.62,32.58
2017-07-16T13:00,2017-07-16,13,32.38,31.71,32.16,32.6,32.77,33.87,32.05,31.03,33.06,33.04
2017-07-16T14:00,2017-07-16,14,32.09,31.96,31.73,32.54,33.25,34.19,31.37,31.06,30.99,32.62
2017-07-16T15:00,2017-07-16,15,31.86,32.14,30.6,32.35,33.57,34.45,30.99,30.51,30.22,32.21
2017-07-16T16:00,2017-07-16,16,31.04,30.8,29.42,30.87,33.09,34.3,30.51,30.28,30.87,30.69
2017-07-16T17:00,2017-07-16,17,30.52,30.52,28.5,29.98,31.53,33.68,30.14,29.83,30.95,30.22
2017-07-16T18:00,2017-07-16,18,31.16,31.51,29.15,30.74,31.92,31.62,31.21,30.21,31.95,31.06
2017-07-16T19:00,2017-07-16,19,29.68,29.8,28.2,29.38,30.04,30.34,29.82,28.98,30.47,29.5
2017-07-16T20:00,2017-07-16,20,29.0,29.08,27.63,28.78,29.3,30.0,29.18,28.41,29.41,28.94
2017-07-16T21:00,2017-07-16,21,28.64,28.66,27.41,28.52,29.37,29.34,28.73,28.18,28.88,28.68
2017-07-16T22:00,2017-07-16,22,28.35,28.44,27.04,28.02,29.35,29.04,28.5,28.06,28.47,28.24
2017-07-16T23:00,2017-07-16,23,27.98,28.05,26.79,27.47,28.77,28.33,28.23,28.01,28.22,27.96
2017-07-17T00:00,2017-07-17,0,27.61,27.43,26.67,27.1,28.3,27.75,28.0,27.9,27.95,27.89
2017-07-17T01:00,2017-07-17,1,27.28,27.21,26.53,26.66,27.99,27.09,27.66,27.94,27.46,27.42
2017-07-17T02:00,2017-07-17,2,27.09,27.08,26.09,26.56,27.55,26.76,27.48,27.86,27.32,27.35
2017-07-17T03:00,2017-07-17,3,26.86,26.92,25.78,26.36,27.14,26.43,27.34,27.7,26.92,27.16
2017-07-17T04:00,2017-07-17,4,26.66,26.68,25.54,26.2,26.87,26.28,27.25,27.51,26.75,27.02
2017-07-17T05:00,2017-07-17,5,26.6,26.63,25.9,26.28,26.56,26.08,27.18,27.34,26.51,26.89
2017-07-17T06:00,2017-07-17,6,27.17,27.11,26.29,26.88,27.7,27.35,27.13,27.46,27.23,27.72
2017-07-17T07:00,2017-07-17,7,28.45,28.32,27.55,28.12,29.37,28.99,27.79,28.08,28.94,29.21
2017-07-17T08:00,2017-07-17,8,29.46,29.26,28.98,29.12,30.91,30.6,27.97,28.9,30.37,29.7
2017-07-17T09:00,2017-07-17,9,30.61,30.34,30.29,30.4,32.22,32.11,28.65,29.85,31.6,30.89
2017-07-17T10:00,2017-07-17,10,31.64,31.48,31.34,31.55,32.79,33.15,29.55,30.42,32.56,32.3
2017-07-17T11:00,2017-07-17,11,32.4,32.38,31.83,32.35,33.43,34.08,30.22,31.03,33.06,33.31
2017-07-17T12:00,2017-07-17,12,32.6,32.92,31.83,32.74,33.74,34.82,31.16,31.01,32.07,32.92
2017-07-17T13:00,2017-07-17,13,32.5,33.32,30.79,33.0,33.77,35.27,31.8,31.69,30.79,31.65
2017-07-17T14:00,2017-07-17,14,32.36,33.46,30.06,32.48,33.95,35.29,31.45,31.29,31.21,31.1
2017-07-17T15:00,2017-07-17,15,31.94,32.79,29.39,31.29,33.78,35.18,30.98,30.97,32.1,30.48
2017-07-17T16:00,2017-07-17,16,31.25,31.22,29.06,30.62,33.48,34.79,30.42,30.43,31.81,30.57
2017-07-17T17:00,2017-07-17,17,30.63,30.5,28.61,30.07,32.11,33.96,30.13,29.82,30.88,30.67
2017-07-17T18:00,2017-07-17,18,31.33,31.88,29.17,30.91,32.63,32.93,30.95,30.11,31.35,31.18
2017-07-17T19:00,2017-07-17,19,30.16,30.63,28.17,29.67,31.72,31.56,29.84,29.09,30.11,30.02
2017-07-17T20:00,2017-07-17,20,29.48,29.69,27.92,29.18,30.5,30.81,29.33,28.65,29.57,29.48
2017-07-17T21:00,2017-07-17,21,29.11,29.42,27.69,28.56,29.85,30.27,28.91,28.4,29.2,29.23
2017-07-17T22:00,2017-07-17,22,28.78,28.98,27.51,28.07,29.46,30.31,28.52,28.21,28.84,29.11
2017-07-17T23:00,2017-07-17,23,28.32,28.14,27.32,28.01,29.01,29.44,28.23,28.05,28.41,28.9
2017-07-18T00:00,2017-07-18,0,27.83,27.42,27.08,27.57,28.62,28.73,27.96,27.85,27.69,28.71
2017-07-18T01:00,2017-07-18,1,27.49,27.28,26.79,27.5,27.85,27.83,27.71,27.76,27.02,28.33
2017-07-18T02:00,2017-07-18,2,27.29,27.15,26.49,27.32,27.5,27.11,27.5,27.68,26.96,28.17
2017-07-18T03:00,2017-07-18,3,27.12,27.04,26.21,27.09,27.19,26.75,27.37,27.57,26.87,28.06
2017-07-18T04:00,2017-07-18,4,26.91,26.97,26.11,26.84,26.69,26.37,27.26,27.33,26.73,27.63
2017-07-18T05:00,2017-07-18,5,26.77,26.8,26.03,26.55,26.46,26.18,27.19,27.21,26.77,27.49
2017-07-18T06:00,2017-07-18,6,27.23,27.17,26.76,27.08,27.62,27.04,27.32,27.28,27.1,27.81
2017-07-18T07:00,2017-07-18,7,28.38,28.38,27.62,28.41,28.81,28.03,28.05,27.84,28.55,29.32
2017-07-18T08:00,2017-07-18,8,29.59,29.71,28.73,29.41,30.14,29.4,28.89,28.53,29.96,30.81
2017-07-18T09:00,2017-07-18,9,30.76,30.83,29.46,30.33,31.53,30.9,29.92,29.77,31.35,32.19
2017-07-18T10:00,2017-07-18,10,31.75,31.62,30.51,30.97,32.82,32.26,31.03,30.59,32.49,33.32
2017-07-18T11:00,2017-07-18,11,32.51,32.21,30.95,31.7,33.58,33.68,31.96,31.15,33.3,34.28
2017-07-18T12:00,2017-07-18,12,32.88,32.64,31.15,31.77,34.37,34.52,32.28,31.12,33.37,35.01
2017-07-18T13:00,2017-07-18,13,32.82,32.68,29.7,31.02,34.45,34.97,32.46,31.26,33.7,35.37
2017-07-18T14:00,2017-07-18,14,32.49,32.2,28.85,30.58,33.96,34.48,32.43,31.05,33.78,35.27
2017-07-18T15:00,2017-07-18,15,31.74,31.13,27.83,30.14,33.13,33.25,31.96,30.63,32.89,35.29
2017-07-18T16:00,2017-07-18,16,30.98,30.73,28.05,29.12,32.19,32.24,31.09,29.69,31.19,34.78
2017-07-18T17:00,2017-07-18,17,30.49,30.4,27.63,28.73,31.62,31.28,30.2,29.06,31.12,34.02
2017-07-18T18:00,2017-07-18,18,30.31,30.13,27.49,29.28,31.43,30.77,30.51,29.21,31.67,31.86
2017-07-18T19:00,2017-07-18,19,29.42,29.55,26.97,28.53,30.27,29.85,29.7,28.42,30.31,30.41
2017-07-18T20:00,2017-07-18,20,28.88,28.97,26.56,27.96,29.94,28.91,29.16,27.94,29.94,29.7
2017-07-18T21:00,2017-07-18,21,28.47,28.55,26.3,27.58,29.26,28.32,28.74,27.62,29.61,29.4
2017-07-18T22:00,2017-07-18,22,27.99,28.11,26.05,27.42,28.22,27.53,28.37,27.35,29.01,28.8
2017-07-18T23:00,2017-07-18,23,27.54,27.69,25.86,27.19,27.13,27.04,27.96,27.01,28.52,28.21
2017-07-19T00:00,2017-07-19,0,27.16,27.41,25.75,26.92,26.88,26.75,27.47,26.79,28.04,27.21
2017-07-19T01:00,2017-07-19,1,26.89,27.18,25.61,26.56,26.56,26.59,27.14,26.52,27.72,26.9
2017-07-19T02:00,2017-07-19,2,26.66,26.84,25.52,26.46,26.3,26.37,26.84,26.46,27.42,26.78
2017-07-19T03:00,2017-07-19,3,26.41,26.46,25.63,26.12,26.19,26.13,26.63,26.27,27.14,26.54
2017-07-19T04:00,2017-07-19,4,26.22,26.32,25.25,25.88,26.06,25.89,26.55,25.97,26.98,26.31
2017-07-19T05:00,2017-07-19,5,26.1,26.27,25.15,25.89,25.84,25.62,26.31,26.11,26.74,26.18
2017-07-19T06:00,2017-07-19,6,26.03,25.93,24.69,25.87,25.88,25.89,26.39,26.2,26.82,26.36
2017-07-19T07:00,2017-07-19,7,26.53,26.46,25.31,26.23,26.2,26.28,26.99,26.76,27.36,26.9
2017-07-19T08:00,2017-07-19,8,27.19,27.27,25.84,26.72,26.84,26.48,28.03,27.34,28.01,27.44
2017-07-19T09:00,2017-07-19,9,27.92,28.23,27.19,27.27,27.26,26.4,28.57,28.05,28.93,28.0
2017-07-19T10:00,2017-07-19,10,28.11,28.66,26.87,27.49,26.71,26.42,29.02,28.07,29.53,27.86
2017-07-19T11:00,2017-07-19,11,28.1,28.43,26.87,27.56,26.33,26.76,28.92,28.75,29.68,27.97
2017-07-19T12:00,2017-07-19,12,28.26,28.44,27.3,27.91,27.19,27.48,28.64,28.83,29.29,28.29
2017-07-19T13:00,2017-07-19,13,28.69,29.17,27.24,28.51,29.12,28.87,28.56,27.94,28.37,29.27
2017-07-19T14:00,2017-07-19,14,28.96,29.52,27.44,28.74,29.73,29.29,28.13,27.45,28.83,30.06
2017-07-19T15:00,2017-07-19,15,28.77,29.51,26.91,28.14,29.23,28.34,27.75,27.61,29.54,29.79
2017-07-19T16:00,2017-07-19,16,28.24,28.7,26.52,27.57,28.26,27.69,27.52,27.43,29.74,28.94
2017-07-19T17:00,2017-07-19,17,27.81,28.15,25.97,27.23,27.67,27.4,27.53,26.85,29.23,28.53
2017-07-19T18:00,2017-07-19,18,27.02,26.69,25.59,26.11,27.39,26.94,27.21,26.6,28.43,28.2
2017-07-19T19:00,2017-07-19,19,26.71,26.32,25.34,26.12,27.22,26.87,27.02,26.31,27.85,27.56
2017-07-19T20:00,2017-07-19,20,26.49,26.29,25.18,26.1,26.73,26.34,26.9,26.41,27.36,27.07
2017-07-19T21:00,2017-07-19,21,26.37,26.22,25.2,26.14,26.49,26.11,26.77,26.47,27.02,26.81
2017-07-19T22:00,2017-07-19,22,26.3,26.18,25.3,26.1,26.29,25.97,26.75,26.42,26.83,26.69
2017-07-19T23:00,2017-07-19,23,26.13,26.01,25.09,26.08,25.87,25.93,26.42,26.36,26.6,26.63
2017-07-20T00:00,2017-07-20,0,25.87,25.73,24.79,25.72,25.76,25.78,26.16,26.25,26.24,26.43
2017-07-20T01:00,2017-07-20,1,25.7,25.65,24.62,25.79,25.53,25.72,26.02,25.84,25.78,26.23
2017-07-20T02:00,2017-07-20,2,25.5,25.42,24.47,25.61,25.23,25.51,25.95,25.95,25.42,25.95
2017-07-20T03:00,2017-07-20,3,25.37,25.55,24.15,25.37,25.0,25.42,25.85,25.75,25.23,25.55
2017-07-20T04:00,2017-07-20,4,25.19,25.28,24.05,25.18,25.01,25.2,25.67,25.77,25.22,25.18
2017-07-20T05:00,2017-07-20,5,25.19,25.39,24.03,25.14,24.79,25.11,25.73,25.7,25.28,25.09
2017-07-20T06:00,2017-07-20,6,25.28,25.22,24.24,25.17,25.17,25.22,25.76,25.72,25.38,25.68
2017-07-20T07:00,2017-07-20,7,25.75,25.84,24.39,25.49,25.43,25.87,26.01,26.28,26.02,26.17
2017-07-20T08:00,2017-07-20,8,26.25,26.42,25.03,26.09,26.09,26.46,26.07,26.57,26.55,26.6
2017-07-20T09:00,2017-07-20,9,26.77,26.75,25.89,26.56,26.72,27.36,26.1,27.05,27.43,27.15
2017-07-20T10:00,2017-07-20,10,27.41,27.32,26.67,26.76,27.53,27.72,26.84,27.75,28.41,27.92
2017-07-20T11:00,2017-07-20,11,27.77,27.29,27.29,27.05,28.34,27.42,27.7,28.17,28.49,29.02
2017-07-20T12:00,2017-07-20,12,27.76,27.2,27.12,27.1,27.77,27.46,28.3,28.12,27.98,29.62
2017-07-20T13:00,2017-07-20,13,27.92,27.92,27.27,27.14,27.33,27.29,28.4,28.24,27.5,30.0
2017-07-20T14:00,2017-07-20,14,28.09,28.15,27.14,28.03,27.77,27.42,28.61,28.14,27.57,29.5
2017-07-20T15:00,2017-07-20,15,28.04,28.15,27.52,28.18,27.06,27.41,28.13,27.85,28.08,29.12
2017-07-20T16:00,2017-07-20,16,27.77,28.23,26.55,27.14,26.68,27.15,28.27,28.0,27.84,28.73
2017-07-20T17:00,2017-07-20,17,27.45,27.73,26.14,26.89,26.36,26.37,28.37,27.63,28.12,28.04
2017-07-20T18:00,2017-07-20,18,27.24,27.7,25.46,26.4,26.79,26.48,27.78,26.92,28.38,27.51
2017-07-20T19:00,2017-07-20,19,26.85,27.2,25.35,26.33,26.29,26.09,27.45,26.81,27.69,27.07
2017-07-20T20:00,2017-07-20,20,26.67,26.97,25.34,26.3,26.26,26.04,27.21,26.96,27.21,26.75
2017-07-20T21:00,2017-07-20,21,26.52,26.84,25.23,26.41,25.92,26.03,27.03,26.95,26.82,26.53
2017-07-20T22:00,2017-07-20,22,26.33,26.68,25.25,26.36,25.71,25.95,26.9,26.8,26.27,26.21
2017-07-20T23:00,2017-07-20,23,26.14,26.44,25.17,26.09,25.68,25.96,26.75,26.46,25.98,26.04
2017-07-21T00:00,2017-07-21,0,25.91,26.11,25.05,25.59,25.68,25.85,26.61,26.33,25.73,25.9
2017-07-21T01:00,2017-07-21,1,25.58,25.44,24.94,25.44,25.72,25.65,26.19,26.16,25.53,25.63
2017-07-21T02:00,2017-07-21,2,25.4,25.18,24.88,25.34,25.69,25.63,25.9,25.95,25.45,25.25
2017-07-21T03:00,2017-07-21,3,25.29,25.1,24.6,25.26,25.52,25.55,25.67,25.69,25.42,25.26
2017-07-21T04:00,2017-07-21,4,25.2,25.08,24.54,25.19,25.32,25.39,25.48,25.67,25.37,25.12
2017-07-21T05:00,2017-07-21,5,25.2,25.26,24.44,25.07,25.29,25.23,25.43,25.63,25.35,25.08
2017-07-21T06:00,2017-07-21,6,25.17,25.14,24.42,25.23,25.01,25.1,25.56,25.65,25.27,25.23
2017-07-21T07:00,2017-07-21,7,25.64,25.68,24.82,25.94,25.19,25.75,26.03,26.16,25.61,25.45
2017-07-21T08:00,2017-07-21,8,26.08,26.18,25.47,26.62,25.58,26.09,26.68,26.2,25.85,25.67
2017-07-21T09:00,2017-07-21,9,26.7,26.74,26.53,27.03,25.78,26.81,27.48,27.16,26.26,26.43
2017-07-21T10:00,2017-07-21,10,27.38,27.46,27.25,27.82,25.93,27.84,27.92,28.07,26.86,27.21
2017-07-21T11:00,2017-07-21,11,27.76,27.7,28.66,28.13,26.09,28.68,28.18,27.68,27.62,27.17
2017-07-21T12:00,2017-07-21,12,28.29,27.95,29.48,29.33,26.6,29.86,28.56,27.76,28.4,27.16
2017-07-21T13:00,2017-07-21,13,28.68,28.66,29.08,29.78,27.45,30.17,28.97,27.14,28.92,27.38
2017-07-21T14:00,2017-07-21,14,29.24,29.75,28.88,29.77,28.05,30.18,29.46,27.26,29.77,28.09
2017-07-21T15:00,2017-07-21,15,29.1,29.36,28.3,29.05,29.13,29.06,29.02,27.67,29.91,29.03
2017-07-21T16:00,2017-07-21,16,28.9,28.7,27.94,28.83,29.9,29.18,28.77,27.78,29.66,29.25
2017-07-21T17:00,2017-07-21,17,28.43,28.42,26.78,28.6,27.57,28.63,28.6,27.86,29.33,29.14
2017-07-21T18:00,2017-07-21,18,27.89,28.01,26.57,27.24,28.09,29.31,27.85,27.96,27.96,28.25
2017-07-21T19:00,2017-07-21,19,27.18,27.33,26.1,26.72,27.71,28.01,27.28,27.33,26.93,27.39
2017-07-21T20:00,2017-07-21,20,26.87,26.87,25.9,26.68,27.37,27.86,26.99,27.08,26.64,26.89
2017-07-21T21:00,2017-07-21,21,26.64,26.65,25.51,26.6,27.26,27.47,26.83,26.52,26.39,26.72
2017-07-21T22:00,2017-07-21,22,26.35,26.26,25.43,26.43,26.66,26.97,26.65,26.34,26.1,26.58
2017-07-21T23:00,2017-07-21,23,26.16,26.09,25.3,26.14,26.38,26.85,26.49,26.02,25.83,26.57
2017-07-22T00:00,2017-07-22,0,25.94,25.86,25.28,25.89,26.21,26.52,26.2,25.84,25.64,26.32
2017-07-22T01:00,2017-07-22,1,25.76,25.75,25.14,25.74,25.94,26.25,25.92,25.6,25.5,26.12
2017-07-22T02:00,2017-07-22,2,25.62,25.55,24.98,25.66,25.85,25.92,25.73,25.54,25.42,26.04
2017-07-22T03:00,2017-07-22,3,25.53,25.48,24.81,25.37,25.79,26.23,25.64,25.44,25.35,25.92
2017-07-22T04:00,2017-07-22,4,25.51,25.43,24.96,25.39,25.73,26.27,25.62,25.37,25.32,25.81
2017-07-22T05:00,2017-07-22,5,25.44,25.3,25.03,25.39,25.66,25.72,25.5,25.41,25.34,25.91
2017-07-22T06:00,2017-07-22,6,25.5,25.46,24.86,25.21,25.57,25.93,25.62,25.6,25.4,26.03
2017-07-22T07:00,2017-07-22,7,26.08,25.94,25.24,25.52,26.36,27.32,26.03,26.32,26.05,26.71
2017-07-22T08:00,2017-07-22,8,26.62,26.39,25.72,25.96,27.04,28.71,26.33,26.43,26.59,27.49
2017-07-22T09:00,2017-07-22,9,27.59,26.98,26.76,27.6,28.99,29.64,26.58,27.01,27.65,28.75
2017-07-22T10:00,2017-07-22,10,28.38,27.4,27.24,28.44,30.22,30.91,27.31,27.31,28.81,29.96
2017-07-22T11:00,2017-07-22,11,29.18,28.5,27.82,28.55,31.07,31.91,27.99,27.31,29.86,31.0
2017-07-22T12:00,2017-07-22,12,29.99,30.18,27.19,29.58,32.16,32.61,28.29,27.83,30.18,31.64
2017-07-22T13:00,2017-07-22,13,29.96,29.48,27.0,30.44,32.68,33.09,28.37,26.84,30.4,31.81
2017-07-22T14:00,2017-07-22,14,29.98,29.78,26.84,29.29,32.88,33.22,28.1,27.33,31.07,31.66
2017-07-22T15:00,2017-07-22,15,30.06,30.84,27.17,29.26,30.31,31.86,28.28,27.86,31.49,31.19
2017-07-22T16:00,2017-07-22,16,29.79,30.76,26.91,28.84,30.28,29.79,28.63,27.99,31.31,30.72
2017-07-22T17:00,2017-07-22,17,29.1,29.47,26.74,28.22,30.09,28.51,28.63,27.43,30.8,30.1
2017-07-22T18:00,2017-07-22,18,29.01,29.19,27.06,28.66,30.11,29.53,27.21,26.98,30.5,30.52
2017-07-22T19:00,2017-07-22,19,27.79,27.83,26.45,27.57,28.44,28.65,26.59,26.31,28.67,28.94
2017-07-22T20:00,2017-07-22,20,27.22,27.14,26.17,27.14,27.32,27.84,26.31,26.04,27.96,28.52
2017-07-22T21:00,2017-07-22,21,26.85,26.91,26.0,26.75,26.71,27.21,26.17,25.98,27.25,28.02
2017-07-22T22:00,2017-07-22,22,26.54,26.7,25.85,26.44,26.02,26.67,25.97,25.96,26.68,27.82
2017-07-22T23:00,2017-07-22,23,26.28,26.35,25.6,26.28,25.85,26.5,25.81,25.76,26.35,27.52
2017-07-23T00:00,2017-07-23,0,26.06,26.12,25.34,25.94,25.75,26.53,25.65,25.61,26.14,27.13
2017-07-23T01:00,2017-07-23,1,25.8,25.89,25.04,25.73,25.66,26.31,25.54,25.46,25.85,26.44
2017-07-23T02:00,2017-07-23,2,25.62,25.65,24.94,25.65,25.61,26.02,25.43,25.42,25.71,25.98
2017-07-23T03:00,2017-07-23,3,25.6,25.69,24.74,25.63,25.74,25.85,25.43,25.57,25.66,25.84
2017-07-23T04:00,2017-07-23,4,25.54,25.74,24.45,25.47,25.8,25.72,25.29,25.55,25.7,25.73
2017-07-23T05:00,2017-07-23,5,25.52,25.67,24.64,25.44,25.87,25.68,25.18,25.55,25.66,25.75
2017-07-23T06:00,2017-07-23,6,25.71,25.82,24.77,25.66,26.16,26.09,25.29,25.64,25.86,25.91
2017-07-23T07:00,2017-07-23,7,26.19,26.42,25.21,25.79,27.02,26.79,25.54,25.66,26.41,26.6
2017-07-23T08:00,2017-07-23,8,26.76,27.09,25.41,26.54,27.58,27.34,25.77,25.99,26.97,27.42
2017-07-23T09:00,2017-07-23,9,27.28,27.11,25.64,27.72,28.18,28.04,25.99,26.17,28.0,28.46
2017-07-23T10:00,2017-07-23,10,27.81,27.62,25.81,28.16,28.37,29.1,26.3,26.62,28.85,29.27
2017-07-23T11:00,2017-07-23,11,28.11,27.99,25.41,27.7,28.8,30.66,26.28,26.79,29.16,30.27
2017-07-23T12:00,2017-07-23,12,28.47,28.46,25.84,27.64,29.72,31.95,26.52,26.86,29.39,30.21
2017-07-23T13:00,2017-07-23,13,28.41,28.47,25.23,26.92,31.16,30.99,26.76,26.54,29.36,30.42
2017-07-23T14:00,2017-07-23,14,28.2,27.91,25.87,26.81,30.25,29.67,27.05,26.32,29.66,30.47
2017-07-23T15:00,2017-07-23,15,28.06,27.87,26.05,26.68,29.38,28.31,27.17,26.52,29.69,30.37
2017-07-23T16:00,2017-07-23,16,27.54,27.25,25.64,26.61,27.84,28.14,26.55,26.38,29.38,29.7
2017-07-23T17:00,2017-07-23,17,27.06,26.65,25.52,26.44,27.52,27.69,26.34,26.17,28.67,28.63
2017-07-23T18:00,2017-07-23,18,26.63,26.4,25.16,26.08,27.79,26.47,26.11,26.15,27.46,28.11
2017-07-23T19:00,2017-07-23,19,26.29,26.14,25.1,25.85,27.29,26.02,25.82,25.82,26.87,27.6
2017-07-23T20:00,2017-07-23,20,26.07,25.89,25.2,25.75,27.0,25.79,25.82,25.77,26.27,27.28
2017-07-23T21:00,2017-07-23,21,26.02,25.82,25.55,25.79,26.53,25.62,25.79,25.9,26.15,27.19
2017-07-23T22:00,2017-07-23,22,25.93,25.66,25.81,25.78,26.09,25.39,26.0,26.13,25.97,26.92
2017-07-23T23:00,2017-07-23,23,25.8,25.55,25.43,25.71,25.86,25.19,26.08,26.32,25.8,26.61
2017-07-24T00:00,2017-07-24,0,25.73,25.51,25.32,25.79,25.59,25.05,26.1,26.51,25.65,26.4
2017-07-24T01:00,2017-07-24,1,25.58,25.45,24.72,25.81,25.05,24.86,26.16,26.44,25.58,26.11
2017-07-24T02:00,2017-07-24,2,25.39,25.49,24.05,25.8,24.79,24.79,25.93,25.89,25.38,25.8
2017-07-24T03:00,2017-07-24,3,25.27,25.44,23.6,25.67,24.51,24.66,25.68,25.97,25.47,25.66
2017-07-24T04:00,2017-07-24,4,25.26,25.64,23.46,25.63,24.43,24.63,25.62,25.8,25.42,25.43
2017-07-24T05:00,2017-07-24,5,25.13,25.57,23.19,25.26,24.28,24.6,25.63,26.14,25.29,25.1
2017-07-24T06:00,2017-07-24,6,24.7,24.63,23.58,24.59,24.66,24.59,25.52,25.23,24.9,24.69
2017-07-24T07:00,2017-07-24,7,24.87,24.69,23.89,24.62,24.9,25.31,25.64,25.54,24.93,24.93
2017-07-24T08:00,2017-07-24,8,25.0,24.71,23.72,24.63,24.9,26.13,25.85,25.99,24.91,25.26
2017-07-24T09:00,2017-07-24,9,25.13,24.82,23.84,24.71,24.84,26.29,26.08,26.17,24.86,25.67
2017-07-24T10:00,2017-07-24,10,25.32,25.1,24.14,24.83,24.83,26.14,26.2,26.21,24.94,26.26
2017-07-24T11:00,2017-07-24,11,25.61,25.48,24.73,25.03,24.96,26.12,26.26,26.39,25.26,26.81
2017-07-24T12:00,2017-07-24,12,25.7,25.81,24.63,25.1,24.89,25.72,26.37,26.33,25.24,27.01
2017-07-24T13:00,2017-07-24,13,25.68,25.82,24.68,25.16,24.77,25.59,26.45,26.37,25.12,26.95
2017-07-24T14:00,2017-07-24,14,25.74,25.86,24.76,25.18,24.89,25.78,26.47,26.74,25.21,26.77
2017-07-24T15:00,2017-07-24,15,25.72,25.79,24.71,25.16,24.94,26.08,26.2,26.49,25.65,26.52
2017-07-24T16:00,2017-07-24,16,25.73,25.86,24.58,24.97,24.82,26.07,26.33,26.49,25.93,26.37
2017-07-24T17:00,2017-07-24,17,25.66,25.84,24.31,25.06,25.02,25.82,26.27,26.13,25.98,26.09
2017-07-24T18:00,2017-07-24,18,25.7,25.78,24.74,25.41,25.22,26.03,26.01,25.92,25.81,26.2
2017-07-24T19:00,2017-07-24,19,25.5,25.63,24.39,25.28,25.12,25.8,25.87,25.9,25.49,25.8
2017-07-24T20:00,2017-07-24,20,25.46,25.62,24.35,25.24,25.18,25.73,25.86,25.9,25.43,25.61
2017-07-24T21:00,2017-07-24,21,25.45,25.61,24.1,25.39,25.08,25.68,25.98,26.16,25.35,25.57
2017-07-24T22:00,2017-07-24,22,25.4,25.56,23.94,25.55,24.8,25.27,25.99,26.5,25.29,25.47
2017-07-24T23:00,2017-07-24,23,25.38,25.65,23.93,25.54,24.6,25.17,25.91,26.45,25.35,25.26
2017-07-25T00:00,2017-07-25,0,25.31,25.71,23.94,25.44,24.52,25.01,25.76,26.28,25.15,25.21
2017-07-25T01:00,2017-07-25,1,25.23,25.42,23.98,25.52,24.5,24.99,25.69,26.27,25.07,25.27
2017-07-25T02:00,2017-07-25,2,25.09,25.23,23.96,25.14,24.32,25.0,25.56,26.21,24.99,25.23
2017-07-25T03:00,2017-07-25,3,25.01,25.09,23.66,25.17,24.57,24.91,25.5,26.16,24.86,25.17
2017-07-25T04:00,2017-07-25,4,24.94,25.02,23.38,25.14,24.52,24.65,25.55,25.91,24.84,25.21
2017-07-25T05:00,2017-07-25,5,24.97,25.26,23.39,25.22,24.38,24.63,25.55,25.6,24.76,25.18
2017-07-25T06:00,2017-07-25,6,24.74,24.82,23.62,24.69,24.11,24.57,25.37,25.22,24.92,24.91
2017-07-25T07:00,2017-07-25,7,24.97,24.97,23.99,24.79,24.2,24.83,25.56,25.54,25.35,25.24
2017-07-25T08:00,2017-07-25,8,25.14,25.01,24.45,24.89,24.36,25.15,25.91,25.79,25.35,25.45
2017-07-25T09:00,2017-07-25,9,25.38,25.23,24.83,25.07,24.42,25.87,26.42,25.79,25.59,25.42
2017-07-25T10:00,2017-07-25,10,25.58,25.3,25.58,25.1,24.7,26.33,26.79,25.83,25.7,25.48
2017-07-25T11:00,2017-07-25,11,25.82,25.7,25.98,25.42,24.81,26.16,26.88,25.75,25.8,25.93
2017-07-25T12:00,2017-07-25,12,26.12,26.28,25.89,25.89,24.97,26.46,26.69,25.9,25.91,26.56
2017-07-25T13:00,2017-07-25,13,26.27,26.21,26.5,25.9,24.93,26.81,26.57,25.71,26.2,27.36
2017-07-25T14:00,2017-07-25,14,26.3,26.11,26.19,26.05,25.09,27.69,26.47,25.43,26.38,27.36
2017-07-25T15:00,2017-07-25,15,26.25,26.08,26.39,26.2,25.27,27.65,26.31,25.62,26.11,26.93
2017-07-25T16:00,2017-07-25,16,26.08,25.99,25.76,26.21,25.38,27.38,26.19,25.87,25.75,26.51
2017-07-25T17:00,2017-07-25,17,25.99,25.78,25.25,25.93,25.65,27.55,26.18,26.0,26.14,26.04
2017-07-25T18:00,2017-07-25,18,25.75,25.71,25.08,25.5,25.37,26.91,25.91,25.73,25.96,25.79
2017-07-25T19:00,2017-07-25,19,25.55,25.48,24.71,25.37,25.24,26.58,25.78,25.67,25.73,25.66
2017-07-25T20:00,2017-07-25,20,25.44,25.32,24.69,25.37,25.23,26.12,25.78,25.79,25.52,25.46
2017-07-25T21:00,2017-07-25,21,25.38,25.35,24.53,25.35,25.15,25.9,25.81,25.94,25.39,25.32
2017-07-25T22:00,2017-07-25,22,25.37,25.36,24.5,25.33,24.99,25.8,25.88,26.06,25.3,25.36
2017-07-25T23:00,2017-07-25,23,25.35,25.36,24.39,25.39,25.0,25.62,25.95,26.16,25.23,25.28
2017-07-26T00:00,2017-07-26,0,25.25,25.32,24.32,25.17,24.67,25.42,25.98,26.21,25.08,25.13
2017-07-26T01:00,2017-07-26,1,25.08,25.13,24.12,24.87,24.71,25.3,25.93,25.79,24.99,24.93
2017-07-26T02:00,2017-07-26,2,24.9,24.91,24.03,24.8,24.53,25.08,25.81,25.28,24.82,24.84
2017-07-26T03:00,2017-07-26,3,24.79,24.7,24.04,24.76,24.66,25.02,25.49,25.27,24.71,24.75
2017-07-26T04:00,2017-07-26,4,24.66,24.63,24.02,24.61,24.37,24.88,25.13,25.12,24.69,24.63
2017-07-26T05:00,2017-07-26,5,24.62,24.67,24.05,24.45,24.26,24.81,25.16,25.22,24.64,24.4
2017-07-26T06:00,2017-07-26,6,24.76,24.7,24.08,24.6,24.64,24.95,25.11,25.3,24.94,24.76
2017-07-26T07:00,2017-07-26,7,25.38,25.48,24.79,25.21,25.07,25.67,25.73,26.04,25.46,25.05
2017-07-26T08:00,2017-07-26,8,26.08,26.35,25.55,25.97,25.31,26.35,26.82,26.94,26.03,25.2
2017-07-26T09:00,2017-07-26,9,26.74,26.96,26.11,26.87,25.49,26.95,27.95,27.74,26.61,25.72
2017-07-26T10:00,2017-07-26,10,27.45,27.59,26.76,27.58,25.97,27.73,28.88,28.1,27.64,26.3
2017-07-26T11:00,2017-07-26,11,28.0,28.32,27.94,27.91,26.65,28.49,29.08,27.57,28.05,27.05
2017-07-26T12:00,2017-07-26,12,28.72,29.01,28.85,28.96,27.89,29.03,29.22,28.32,28.63,27.8
2017-07-26T13:00,2017-07-26,13,29.28,30.05,28.1,30.1,28.72,28.19,28.79,29.42,29.63,28.41
2017-07-26T14:00,2017-07-26,14,28.95,28.53,27.68,30.03,28.42,27.84,28.44,29.57,30.58,29.16
2017-07-26T15:00,2017-07-26,15,28.91,29.08,28.02,28.48,28.68,28.15,28.01,28.88,30.09,29.87
2017-07-26T16:00,2017-07-26,16,28.48,28.98,27.14,27.58,28.73,28.37,27.44,28.93,28.61,29.86
2017-07-26T17:00,2017-07-26,17,27.9,28.03,26.79,26.99,28.6,27.81,27.59,28.17,27.71,29.48
2017-07-26T18:00,2017-07-26,18,27.63,27.65,26.78,27.48,28.16,28.04,27.27,27.26,27.3,28.69
2017-07-26T19:00,2017-07-26,19,26.98,26.98,26.1,26.91,27.16,27.2,26.9,26.72,26.88,27.79
2017-07-26T20:00,2017-07-26,20,26.57,26.59,25.72,26.52,26.74,26.61,26.7,26.45,26.49,27.16
2017-07-26T21:00,2017-07-26,21,26.35,26.38,25.44,26.29,26.35,26.56,26.55,26.36,26.32,26.77
2017-07-26T22:00,2017-07-26,22,26.15,26.17,25.27,26.16,26.08,26.33,26.4,26.25,26.09,26.47
2017-07-26T23:00,2017-07-26,23,26.0,26.01,25.11,26.04,25.93,25.89,26.32,26.28,26.04,26.23
2017-07-27T00:00,2017-07-27,0,25.8,25.82,24.91,25.87,25.76,25.15,26.19,26.21,25.95,26.0
2017-07-27T01:00,2017-07-27,1,25.63,25.69,24.8,25.6,25.38,25.17,26.04,26.18,25.8,25.77
2017-07-27T02:00,2017-07-27,2,25.43,25.55,24.62,25.32,25.08,24.89,25.92,25.81,25.62,25.57
2017-07-27T03:00,2017-07-27,3,25.25,25.41,24.45,25.14,24.7,24.87,25.68,25.76,25.45,25.28
2017-07-27T04:00,2017-07-27,4,25.1,25.36,24.3,25.03,24.48,24.75,25.48,25.38,25.39,24.98
2017-07-27T05:00,2017-07-27,5,25.01,25.29,24.29,24.95,24.42,24.67,25.42,25.22,25.15,24.92
2017-07-27T06:00,2017-07-27,6,25.13,25.29,24.4,25.21,24.63,24.96,25.54,25.32,25.09,25.19
2017-07-27T07:00,2017-07-27,7,26.2,26.52,25.16,26.54,25.52,26.04,26.68,26.54,25.87,26.15
2017-07-27T08:00,2017-07-27,8,27.22,27.56,26.11,27.74,26.31,26.78,27.79,27.91,26.81,27.14
2017-07-27T09:00,2017-07-27,9,28.33,28.79,27.44,28.94,26.9,27.72,28.69,29.15,27.96,28.24
2017-07-27T10:00,2017-07-27,10,29.4,29.82,28.74,29.96,28.18,29.13,29.68,29.97,28.96,29.21
2017-07-27T11:00,2017-07-27,11,30.21,30.69,29.53,30.41,29.46,30.06,30.45,30.14,29.92,30.07
2017-07-27T12:00,2017-07-27,12,30.15,29.8,30.01,29.52,30.16,30.55,30.55,29.35,31.04,30.59
2017-07-27T13:00,2017-07-27,13,30.12,30.16,29.17,28.92,30.82,30.99,30.15,27.88,31.23,30.92
2017-07-27T14:00,2017-07-27,14,30.14,30.37,28.92,29.78,31.1,31.49,29.38,29.1,29.85,31.06
2017-07-27T15:00,2017-07-27,15,30.08,30.1,28.82,30.29,31.0,30.79,29.12,29.63,29.68,31.42
2017-07-27T16:00,2017-07-27,16,30.02,29.97,28.4,30.19,30.93,30.9,29.19,29.36,30.02,31.25
2017-07-27T17:00,2017-07-27,17,29.67,29.42,28.04,29.87,30.35,30.29,29.26,28.89,30.19,30.72
2017-07-27T18:00,2017-07-27,18,29.34,29.28,27.68,29.26,30.12,29.96,28.98,28.81,29.56,30.33
2017-07-27T19:00,2017-07-27,19,28.06,28.03,26.65,28.11,28.65,28.57,27.96,27.92,28.12,28.53
2017-07-27T20:00,2017-07-27,20,27.45,27.4,26.29,27.52,27.52,27.94,27.43,27.4,27.62,27.87
2017-07-27T21:00,2017-07-27,21,27.06,27.03,25.91,27.07,27.13,27.66,27.17,27.08,27.11,27.47
2017-07-27T22:00,2017-07-27,22,26.87,26.94,25.62,26.7,26.9,27.5,26.97,26.94,27.01,27.14
2017-07-27T23:00,2017-07-27,23,26.73,26.91,25.45,26.5,26.86,27.13,26.78,26.84,26.91,26.88
2017-07-28T00:00,2017-07-28,0,26.58,26.85,25.2,26.3,26.78,26.87,26.67,26.72,26.73,26.62
2017-07-28T01:00,2017-07-28,1,26.4,26.67,25.06,26.11,26.47,26.63,26.56,26.56,26.55,26.5
2017-07-28T02:00,2017-07-28,2,26.16,26.4,24.79,25.93,26.17,26.26,26.39,26.45,26.33,26.22
2017-07-28T03:00,2017-07-28,3,25.93,26.16,24.68,25.78,25.89,25.66,26.23,26.28,26.17,25.93
2017-07-28T04:00,2017-07-28,4,25.66,25.9,24.35,25.57,25.54,25.19,26.05,26.09,25.98,25.59
2017-07-28T05:00,2017-07-28,5,25.44,25.77,24.31,25.35,24.94,25.0,25.78,25.67,25.69,25.46
2017-07-28T06:00,2017-07-28,6,25.8,26.18,25.09,25.93,24.98,25.09,26.01,25.12,26.02,26.18
2017-07-28T07:00,2017-07-28,7,26.87,27.49,26.49,27.07,25.54,25.73,26.64,26.2,26.97,27.49
2017-07-28T08:00,2017-07-28,8,28.01,28.55,27.93,28.42,27.29,26.64,27.78,27.31,27.71,28.6
2017-07-28T09:00,2017-07-28,9,29.08,29.47,28.68,29.58,28.9,27.88,28.87,28.41,28.87,29.52
2017-07-28T10:00,2017-07-28,10,30.06,30.23,29.88,30.15,29.99,29.08,30.1,29.79,30.02,30.47
2017-07-28T11:00,2017-07-28,11,30.82,30.98,30.5,31.01,30.68,29.99,30.91,30.56,30.8,31.11
2017-07-28T12:00,2017-07-28,12,30.96,31.16,28.62,31.32,31.21,30.89,30.71,30.84,31.4,31.56
2017-07-28T13:00,2017-07-28,13,30.74,30.85,29.89,31.33,31.03,31.66,29.96,30.03,31.25,30.28
2017-07-28T14:00,2017-07-28,14,30.5,30.82,29.58,30.2,31.49,32.29,29.92,29.83,30.67,29.66
2017-07-28T15:00,2017-07-28,15,30.39,30.28,29.33,30.4,30.85,31.9,30.17,30.11,30.51,30.51
2017-07-28T16:00,2017-07-28,16,30.22,30.4,28.96,30.58,29.86,31.16,30.46,30.2,29.73,30.39
2017-07-28T17:00,2017-07-28,17,29.74,30.08,28.28,30.25,29.26,29.96,30.04,29.85,29.59,29.47
2017-07-28T18:00,2017-07-28,18,30.22,30.64,28.24,30.42,30.07,30.61,30.19,29.2,30.87,30.13
2017-07-28T19:00,2017-07-28,19,28.89,29.11,27.3,29.01,28.67,29.52,28.96,28.1,29.37,28.96
2017-07-28T20:00,2017-07-28,20,28.29,28.42,26.87,28.25,28.19,28.66,28.45,27.75,28.74,28.55
2017-07-28T21:00,2017-07-28,21,27.89,28.0,26.46,27.78,27.97,28.26,28.07,27.59,28.24,28.17
2017-07-28T22:00,2017-07-28,22,27.56,27.62,26.13,27.45,27.97,27.69,27.74,27.32,27.92,27.82
2017-07-28T23:00,2017-07-28,23,27.34,27.62,25.81,27.21,27.59,27.31,27.45,27.11,27.59,27.51
2017-07-29T00:00,2017-07-29,0,27.13,27.51,25.64,26.94,27.32,26.76,27.17,26.82,27.44,27.38
2017-07-29T01:00,2017-07-29,1,26.91,27.32,25.62,26.74,27.16,26.18,26.89,26.67,27.35,26.98
2017-07-29T02:00,2017-07-29,2,26.66,27.1,25.43,26.54,26.72,25.87,26.73,26.63,27.16,26.46
2017-07-29T03:00,2017-07-29,3,26.41,26.84,25.38,26.39,26.32,25.45,26.65,26.58,26.88,26.0
2017-07-29T04:00,2017-07-29,4,26.18,26.55,25.42,26.13,25.84,25.16,26.58,26.57,26.65,25.63
2017-07-29T05:00,2017-07-29,5,25.96,26.39,25.23,25.82,25.17,25.0,26.48,26.48,26.38,25.44
2017-07-29T06:00,2017-07-29,6,26.35,26.64,25.88,26.2,25.68,25.57,26.76,26.77,26.78,26.03
2017-07-29T07:00,2017-07-29,7,27.32,27.73,26.89,27.04,26.11,26.37,28.11,28.04,27.76,26.66
2017-07-29T08:00,2017-07-29,8,28.09,28.34,27.83,27.88,27.14,27.09,29.17,29.02,28.36,27.31
2017-07-29T09:00,2017-07-29,9,28.92,28.99,28.88,28.91,28.47,27.8,29.97,29.92,29.1,28.06
2017-07-29T10:00,2017-07-29,10,29.67,29.74,28.62,29.96,29.19,28.77,30.79,30.34,30.05,29.0
2017-07-29T11:00,2017-07-29,11,30.08,30.14,28.18,30.27,29.97,29.95,30.79,29.28,30.88,30.22
2017-07-29T12:00,2017-07-29,12,30.5,30.69,28.64,30.63,31.19,29.94,30.06,29.88,31.2,31.17
2017-07-29T13:00,2017-07-29,13,30.44,31.04,28.6,29.89,30.75,30.97,29.97,29.92,30.55,31.02
2017-07-29T14:00,2017-07-29,14,30.11,30.49,29.08,29.28,30.01,30.13,30.45,29.81,30.07,30.84
2017-07-29T15:00,2017-07-29,15,30.15,30.81,28.61,29.7,29.63,30.17,30.9,29.98,30.07,30.04
2017-07-29T16:00,2017-07-29,16,30.15,30.49,28.38,30.25,30.0,30.04,30.92,30.28,30.18,29.84
2017-07-29T17:00,2017-07-29,17,29.96,30.26,28.15,30.02,30.11,29.42,30.75,29.98,30.32,29.64
2017-07-29T18:00,2017-07-29,18,29.52,30.25,27.83,29.3,29.46,29.73,30.2,29.4,29.74,28.31
2017-07-29T19:00,2017-07-29,19,28.44,28.89,26.75,28.34,28.56,28.51,29.07,28.42,28.75,27.58
2017-07-29T20:00,2017-07-29,20,27.98,28.51,26.43,27.84,27.65,28.01,28.72,27.95,28.14,27.28
2017-07-29T21:00,2017-07-29,21,27.61,28.21,26.12,27.5,27.36,27.31,28.33,27.52,27.75,26.92
2017-07-29T22:00,2017-07-29,22,27.28,27.77,25.83,27.26,27.26,26.64,28.03,27.22,27.42,26.76
2017-07-29T23:00,2017-07-29,23,26.96,27.48,25.68,26.98,26.78,25.82,27.65,26.86,27.16,26.55
2017-07-30T00:00,2017-07-30,0,26.71,27.17,25.4,26.73,26.44,25.53,27.37,26.69,27.06,26.41
2017-07-30T01:00,2017-07-30,1,26.37,26.69,25.2,26.24,25.78,25.29,27.11,26.52,26.87,26.36
2017-07-30T02:00,2017-07-30,2,26.13,26.29,24.94,26.02,25.35,25.21,26.92,26.39,26.73,26.26
2017-07-30T03:00,2017-07-30,3,25.89,25.83,24.71,25.89,25.17,25.16,26.8,26.18,26.57,26.16
2017-07-30T04:00,2017-07-30,4,25.68,25.49,24.55,25.64,25.0,25.11,26.65,26.14,26.31,26.04
2017-07-30T05:00,2017-07-30,5,25.53,25.4,24.39,25.48,24.88,25.02,26.52,25.97,25.97,25.94
2017-07-30T06:00,2017-07-30,6,26.15,26.34,24.92,26.23,25.59,25.66,26.98,26.66,26.3,25.98
2017-07-30T07:00,2017-07-30,7,27.22,27.32,26.47,27.55,26.24,26.71,28.16,27.95,27.25,26.87
2017-07-30T08:00,2017-07-30,8,28.25,28.18,28.05,28.61,27.17,27.75,29.29,29.0,28.16,27.96
2017-07-30T09:00,2017-07-30,9,29.28,29.28,29.06,29.64,28.31,28.54,30.18,29.99,29.13,29.09
2017-07-30T10:00,2017-07-30,10,30.11,30.43,29.44,30.59,29.38,29.17,30.99,30.55,29.7,29.8
2017-07-30T11:00,2017-07-30,11,30.8,31.04,29.93,31.28,30.58,30.49,31.75,30.75,30.54,30.07
2017-07-30T12:00,2017-07-30,12,30.98,31.73,29.56,30.16,31.1,30.99,32.14,29.91,31.48,29.85
2017-07-30T13:00,2017-07-30,13,31.33,32.0,29.86,30.97,31.01,30.91,32.57,30.44,32.06,30.04
2017-07-30T14:00,2017-07-30,14,30.97,31.67,29.12,30.36,30.9,30.38,32.48,30.93,30.75,30.52
2017-07-30T15:00,2017-07-30,15,30.65,31.33,28.71,30.35,31.6,29.91,31.21,30.62,30.03,30.8
2017-07-30T16:00,2017-07-30,16,30.43,30.98,28.76,30.68,31.03,30.32,30.64,30.14,29.38,30.9
2017-07-30T17:00,2017-07-30,17,29.99,30.6,28.25,30.05,30.24,30.53,29.91,29.93,29.46,30.01
2017-07-30T18:00,2017-07-30,18,29.49,29.82,28.07,29.65,29.46,30.36,29.38,29.29,29.28,29.56
2017-07-30T19:00,2017-07-30,19,28.36,28.55,27.12,28.44,28.25,28.84,28.6,28.37,28.11,28.55
2017-07-30T20:00,2017-07-30,20,27.87,28.11,26.71,27.79,27.7,28.38,28.24,27.95,27.71,27.85
2017-07-30T21:00,2017-07-30,21,27.5,27.69,26.46,27.45,27.34,27.97,27.99,27.65,27.41,27.19
2017-07-30T22:00,2017-07-30,22,27.24,27.5,26.31,27.16,26.96,27.5,27.72,27.42,27.25,26.87
2017-07-30T23:00,2017-07-30,23,27.06,27.45,26.05,26.92,26.87,26.69,27.56,27.29,27.06,26.78
2017-07-31T00:00,2017-07-31,0,26.82,27.15,25.79,26.68,26.78,26.26,27.31,27.04,26.9,26.65
2017-07-31T01:00,2017-07-31,1,26.56,26.94,25.42,26.35,26.5,25.9,27.07,26.81,26.67,26.45
2017-07-31T02:00,2017-07-31,2,26.3,26.7,25.28,26.08,25.99,25.8,26.82,26.54,26.4,26.12
2017-07-31T03:00,2017-07-31,3,25.98,26.29,25.09,25.82,25.53,25.56,26.45,26.48,26.02,25.92
2017-07-31T04:00,2017-07-31,4,25.72,26.13,24.84,25.73,25.14,25.41,26.05,26.25,25.63,25.48
2017-07-31T05:00,2017-07-31,5,25.52,25.72,24.87,25.58,25.02,25.35,25.77,26.2,25.46,25.34
2017-07-31T06:00,2017-07-31,6,26.2,26.41,25.47,26.04,25.64,25.78,26.9,26.62,26.47,25.87
2017-07-31T07:00,2017-07-31,7,27.38,27.75,26.57,27.29,26.87,26.61,27.98,27.66,27.65,26.99
2017-07-31T08:00,2017-07-31,8,28.63,29.15,27.69,28.65,28.29,27.35,29.0,28.76,28.98,28.24
2017-07-31T09:00,2017-07-31,9,29.83,30.46,28.88,29.75,29.41,28.71,30.06,29.83,30.19,29.41
2017-07-31T10:00,2017-07-31,10,30.78,31.46,29.7,30.6,29.95,30.1,30.88,30.64,31.35,30.4
2017-07-31T11:00,2017-07-31,11,31.2,31.25,30.45,31.1,30.94,30.41,31.67,31.06,31.85,31.31
2017-07-31T12:00,2017-07-31,12,31.37,31.22,30.97,30.96,30.71,31.29,31.95,31.3,32.1,31.63
2017-07-31T13:00,2017-07-31,13,31.3,31.96,29.95,30.99,30.79,30.91,31.05,31.3,31.45,31.73
2017-07-31T14:00,2017-07-31,14,31.46,32.34,30.54,31.45,31.11,31.63,30.23,30.69,31.8,31.31
2017-07-31T15:00,2017-07-31,15,31.44,31.97,30.06,31.29,31.69,31.93,30.74,30.42,32.29,31.08
2017-07-31T16:00,2017-07-31,16,31.18,31.43,29.46,31.11,31.83,31.85,31.17,29.94,31.82,31.05
2017-07-31T17:00,2017-07-31,17,30.67,30.96,28.75,30.14,31.65,30.83,30.68,29.66,31.26,31.11
2017-07-31T18:00,2017-07-31,18,30.27,30.59,28.51,29.81,30.35,30.13,30.52,29.69,30.86,30.75
2017-07-31T19:00,2017-07-31,19,29.14,29.33,27.73,28.87,29.03,28.9,29.6,28.84,29.66,29.43
2017-07-31T20:00,2017-07-31,20,28.7,28.95,27.31,28.41,28.51,28.61,29.12,28.46,29.1,28.91
2017-07-31T21:00,2017-07-31,21,28.36,28.59,27.12,28.03,28.24,28.3,28.77,28.18,28.79,28.43
2017-07-31T22:00,2017-07-31,22,28.03,28.34,26.8,27.78,28.02,27.84,28.42,27.88,28.2,28.08
2017-07-31T23:00,2017-07-31,23,27.66,28.18,26.46,27.46,27.6,27.23,28.13,27.58,27.58,27.54
2017-08-01T00:00,2017-08-01,0,27.32,28.03,26.09,27.28,26.95,26.78,27.81,27.34,27.05,27.01
2017-08-01T01:00,2017-08-01,1,27.02,27.63,25.89,27.03,26.42,26.49,27.64,27.13,26.91,26.55
2017-08-01T02:00,2017-08-01,2,26.71,27.19,25.71,26.77,26.05,26.19,27.47,26.83,26.71,26.15
2017-08-01T03:00,2017-08-01,3,26.34,26.62,25.35,26.39,25.78,26.0,27.2,26.65,26.45,25.84
2017-08-01T04:00,2017-08-01,4,26.11,26.2,25.19,26.14,25.76,25.87,27.05,26.52,26.18,25.74
2017-08-01T05:00,2017-08-01,5,25.99,26.13,24.97,26.01,25.65,25.85,26.91,26.33,25.99,25.66
2017-08-01T06:00,2017-08-01,6,26.45,26.8,25.1,26.57,25.98,25.68,27.34,27.02,26.56,26.01
2017-08-01T07:00,2017-08-01,7,27.29,27.66,25.69,27.37,27.08,25.89,28.49,28.15,27.54,26.61
2017-08-01T08:00,2017-08-01,8,28.25,28.74,26.71,28.29,28.06,26.19,29.43,29.18,28.63,27.47
2017-08-01T09:00,2017-08-01,9,29.27,29.78,28.14,29.33,29.12,26.88,30.24,30.04,29.85,28.36
2017-08-01T10:00,2017-08-01,10,29.83,29.83,29.46,30.03,28.93,28.02,30.69,30.43,30.77,29.42
2017-08-01T11:00,2017-08-01,11,30.12,30.6,29.05,30.44,30.12,29.14,30.03,29.63,30.64,29.8
2017-08-01T12:00,2017-08-01,12,30.28,31.09,29.2,30.21,30.01,29.19,30.14,30.1,30.29,30.28
2017-08-01T13:00,2017-08-01,13,30.28,30.45,29.22,30.51,29.95,30.57,30.22,30.31,29.98,30.85
2017-08-01T14:00,2017-08-01,14,30.43,30.64,28.71,30.18,30.01,30.7,30.87,30.7,30.58,30.89
2017-08-01T15:00,2017-08-01,15,30.57,30.79,29.07,29.96,30.59,30.51,31.11,30.75,31.27,30.48
2017-08-01T16:00,2017-08-01,16,30.35,31.0,28.75,30.04,30.5,30.36,30.25,30.03,30.6,30.22
2017-08-01T17:00,2017-08-01,17,29.85,30.4,28.53,29.72,29.61,30.13,29.95,29.76,29.77,29.7
2017-08-01T18:00,2017-08-01,18,29.33,29.85,27.71,29.4,28.65,29.0,29.93,29.47,29.61,28.85
2017-08-01T19:00,2017-08-01,19,28.46,28.67,27.05,28.7,28.12,28.3,29.26,28.73,28.67,27.92
2017-08-01T20:00,2017-08-01,20,28.06,28.33,26.75,28.28,27.7,27.82,28.92,28.44,28.23,27.33
2017-08-01T21:00,2017-08-01,21,27.72,28.03,26.61,28.01,27.19,27.11,28.69,28.34,27.94,26.73
2017-08-01T22:00,2017-08-01,22,27.48,27.85,26.55,27.89,26.55,26.5,28.44,28.18,27.79,26.4
2017-08-01T23:00,2017-08-01,23,27.23,27.58,26.29,27.59,26.07,26.3,28.26,28.0,27.65,26.19
2017-08-02T00:00,2017-08-02,0,27.0,27.26,26.0,27.37,25.8,26.12,28.1,27.79,27.46,26.02
2017-08-02T01:00,2017-08-02,1,26.62,26.95,25.81,26.57,25.58,25.84,27.93,27.27,26.89,25.77
2017-08-02T02:00,2017-08-02,2,26.23,26.41,25.6,25.93,25.53,25.62,27.67,26.38,26.51,25.64
2017-08-02T03:00,2017-08-02,3,26.01,26.0,25.59,25.85,25.47,25.64,27.36,26.39,26.12,25.52
2017-08-02T04:00,2017-08-02,4,25.84,25.65,25.52,25.93,25.45,25.56,27.17,26.26,25.73,25.45
2017-08-02T05:00,2017-08-02,5,25.71,25.6,25.35,25.89,25.4,25.46,26.62,26.28,25.56,25.43
2017-08-02T06:00,2017-08-02,6,26.2,25.9,25.73,26.17,25.74,25.9,27.84,27.04,26.16,25.85
2017-08-02T07:00,2017-08-02,7,26.87,26.39,26.55,27.26,26.25,26.3,28.46,27.91,26.72,26.7
2017-08-02T08:00,2017-08-02,8,27.77,27.54,26.87,28.43,27.37,26.62,29.0,29.21,27.62,27.54
2017-08-02T09:00,2017-08-02,9,28.79,28.76,28.21,29.43,28.19,27.29,29.49,30.17,28.96,28.37
2017-08-02T10:00,2017-08-02,10,29.77,29.77,29.36,30.52,28.8,28.73,30.39,31.1,30.03,28.93
2017-08-02T11:00,2017-08-02,11,30.34,30.48,29.5,30.9,29.62,29.87,30.95,30.91,30.62,29.57
2017-08-02T12:00,2017-08-02,12,30.09,29.83,28.98,29.59,30.31,29.47,30.6,30.02,31.16,30.73
2017-08-02T13:00,2017-08-02,13,30.59,30.6,30.13,30.58,30.54,29.82,30.28,30.35,31.47,30.84
2017-08-02T14:00,2017-08-02,14,30.6,30.68,29.47,31.02,29.72,29.55,30.26,29.82,31.99,31.3
2017-08-02T15:00,2017-08-02,15,30.13,30.27,29.11,30.19,29.76,29.61,30.17,30.13,30.29,30.92
2017-08-02T16:00,2017-08-02,16,30.11,30.24,29.0,30.47,30.15,29.96,30.22,30.15,29.83,30.48
2017-08-02T17:00,2017-08-02,17,29.69,29.49,28.57,29.85,30.47,29.82,30.15,29.39,29.86,29.79
2017-08-02T18:00,2017-08-02,18,28.3,28.02,27.71,28.29,28.12,27.92,28.8,28.07,28.99,28.71
2017-08-02T19:00,2017-08-02,19,27.65,27.66,26.96,27.64,27.36,27.08,28.23,27.65,28.14,27.59
2017-08-02T20:00,2017-08-02,20,27.34,27.59,26.23,27.35,26.95,26.78,27.98,27.41,27.68,27.1
2017-08-02T21:00,2017-08-02,21,27.16,27.41,26.2,27.16,26.6,26.73,27.79,27.38,27.45,26.84
2017-08-02T22:00,2017-08-02,22,26.95,27.23,25.88,26.98,26.33,26.47,27.65,27.39,27.29,26.48
2017-08-02T23:00,2017-08-02,23,26.78,27.16,25.56,26.89,26.06,26.24,27.56,27.31,26.93,26.3
2017-08-03T00:00,2017-08-03,0,26.59,26.96,25.42,26.66,25.79,26.06,27.44,26.96,26.65,26.26
2017-08-03T01:00,2017-08-03,1,26.29,26.49,25.45,26.19,25.69,25.87,27.25,26.51,26.48,26.0
2017-08-03T02:00,2017-08-03,2,26.06,26.13,25.42,25.9,25.53,25.76,27.13,26.17,26.15,25.9
2017-08-03T03:00,2017-08-03,3,25.86,25.85,25.11,25.77,25.42,25.63,26.99,25.83,25.96,25.78
2017-08-03T04:00,2017-08-03,4,25.72,25.67,25.02,25.61,25.39,25.59,26.64,25.84,25.82,25.76
2017-08-03T05:00,2017-08-03,5,25.66,25.55,24.95,25.67,25.4,25.57,26.42,25.8,25.77,25.78
2017-08-03T06:00,2017-08-03,6,25.96,25.98,25.13,25.89,25.85,26.11,26.66,26.52,25.85,25.79
2017-08-03T07:00,2017-08-03,7,26.67,26.67,25.72,26.83,26.56,26.58,27.28,27.0,26.8,26.41
2017-08-03T08:00,2017-08-03,8,27.61,27.73,26.73,27.58,27.68,27.43,28.06,27.26,28.07,27.26
2017-08-03T09:00,2017-08-03,9,28.63,29.02,27.86,28.65,28.72,28.46,28.73,28.18,28.96,28.05
2017-08-03T10:00,2017-08-03,10,29.49,29.67,28.66,30.01,29.21,29.59,29.64,29.34,29.7,28.93
2017-08-03T11:00,2017-08-03,11,30.34,30.41,29.89,30.75,30.12,30.61,30.15,29.92,30.57,30.19
2017-08-03T12:00,2017-08-03,12,30.78,30.8,29.57,30.97,30.74,31.33,30.67,29.67,31.57,30.92
2017-08-03T13:00,2017-08-03,13,30.64,30.83,29.05,30.08,30.38,30.86,31.02,30.32,31.72,30.67
2017-08-03T14:00,2017-08-03,14,30.37,30.84,28.76,29.85,31.0,30.27,30.88,29.85,30.16,30.63
2017-08-03T15:00,2017-08-03,15,30.11,30.63,28.36,29.99,31.21,30.65,30.01,30.15,30.09,29.32
2017-08-03T16:00,2017-08-03,16,29.86,30.06,28.48,30.45,29.37,30.36,29.63,30.33,30.24,29.39
2017-08-03T17:00,2017-08-03,17,29.58,29.68,28.19,30.12,29.4,29.66,29.24,29.95,30.21,29.36
2017-08-03T18:00,2017-08-03,18,29.43,29.56,28.01,29.29,30.04,29.59,28.77,29.4,30.13,29.73
2017-08-03T19:00,2017-08-03,19,28.56,28.74,27.49,28.56,28.96,28.83,28.16,28.6,28.74,28.66
2017-08-03T20:00,2017-08-03,20,28.02,28.05,27.08,28.29,28.33,28.24,27.86,28.28,27.94,28.15
2017-08-03T21:00,2017-08-03,21,27.62,27.56,26.76,27.92,27.7,27.81,27.74,27.99,27.52,27.76
2017-08-03T22:00,2017-08-03,22,27.18,27.07,26.5,27.35,26.89,27.33,27.47,27.62,27.32,27.27
2017-08-03T23:00,2017-08-03,23,26.85,26.81,26.16,26.73,26.37,27.18,27.31,27.14,27.01,26.92
2017-08-04T00:00,2017-08-04,0,26.52,26.5,25.86,26.28,26.24,26.85,27.09,26.42,26.83,26.44
2017-08-04T01:00,2017-08-04,1,26.29,26.23,25.64,26.14,25.93,26.56,27.0,26.23,26.58,26.21
2017-08-04T02:00,2017-08-04,2,26.09,26.09,25.3,25.96,25.81,26.42,26.69,26.11,26.4,25.91
2017-08-04T03:00,2017-08-04,3,25.95,25.91,25.19,25.85,25.66,26.25,26.52,26.04,26.26,25.77
2017-08-04T04:00,2017-08-04,4,25.85,25.81,25.18,25.84,25.73,26.13,26.44,25.77,26.08,25.63
2017-08-04T05:00,2017-08-04,5,25.77,25.79,25.1,25.79,25.67,26.0,26.21,25.73,25.92,25.55
2017-08-04T06:00,2017-08-04,6,26.02,26.1,25.23,25.93,25.99,26.33,26.4,25.86,26.24,25.83
2017-08-04T07:00,2017-08-04,7,26.61,26.54,26.09,26.54,26.38,26.68,26.92,26.51,27.03,26.69
2017-08-04T08:00,2017-08-04,8,27.54,27.65,27.15,27.78,27.33,27.0,27.65,27.39,27.71,27.52
2017-08-04T09:00,2017-08-04,9,28.57,28.86,27.68,28.96,28.08,28.19,28.93,28.52,28.48,28.49
2017-08-04T10:00,2017-08-04,10,29.34,29.56,28.41,29.79,28.37,29.37,29.95,29.49,29.17,29.17
2017-08-04T11:00,2017-08-04,11,30.05,30.36,29.15,30.23,29.68,30.39,30.25,29.58,29.92,29.98
2017-08-04T12:00,2017-08-04,12,30.49,30.99,27.71,30.52,30.54,31.46,30.69,29.84,30.69,30.69
2017-08-04T13:00,2017-08-04,13,30.55,30.55,27.78,30.11,30.94,31.89,30.93,30.15,31.14,31.24
2017-08-04T14:00,2017-08-04,14,30.47,30.3,27.71,30.21,31.43,32.27,30.0,29.2,31.33,31.67
2017-08-04T15:00,2017-08-04,15,30.51,31.05,28.08,30.92,31.62,31.51,29.51,29.19,29.8,31.69
2017-08-04T16:00,2017-08-04,16,30.44,31.12,28.37,30.58,31.78,31.68,29.23,29.47,29.65,31.09
2017-08-04T17:00,2017-08-04,17,30.0,30.52,27.99,29.8,31.25,31.48,29.31,29.19,29.86,29.91
2017-08-04T18:00,2017-08-04,18,29.73,30.09,27.9,29.62,29.86,31.72,29.93,29.06,29.2,29.83
2017-08-04T19:00,2017-08-04,19,28.65,28.79,27.25,28.64,29.01,29.82,28.9,28.35,28.33,28.67
2017-08-04T20:00,2017-08-04,20,28.31,28.53,26.72,28.3,28.89,29.73,28.37,28.05,27.92,28.27
2017-08-04T21:00,2017-08-04,21,27.98,28.21,26.45,28.04,28.5,29.13,27.89,27.7,27.79,27.91
2017-08-04T22:00,2017-08-04,22,27.63,27.88,26.3,27.68,27.85,28.71,27.74,27.41,27.38,27.45
2017-08-04T23:00,2017-08-04,23,27.42,27.7,26.2,27.42,27.49,28.22,27.6,27.24,27.27,27.25
2017-08-05T00:00,2017-08-05,0,27.13,27.52,25.87,27.05,27.2,27.54,27.22,27.0,27.05,27.01
2017-08-05T01:00,2017-08-05,1,26.93,27.38,25.73,26.86,26.97,26.99,26.93,26.7,26.94,26.81
2017-08-05T02:00,2017-08-05,2,26.7,27.1,25.55,26.6,26.81,26.72,26.63,26.44,26.82,26.66
2017-08-05T03:00,2017-08-05,3,26.42,26.55,25.4,26.38,26.34,26.49,26.51,26.26,26.76,26.53
2017-08-05T04:00,2017-08-05,4,26.24,26.15,25.41,26.2,26.38,26.31,26.39,26.18,26.65,26.43
2017-08-05T05:00,2017-08-05,5,26.23,26.23,25.4,26.2,26.52,26.32,26.31,26.25,26.43,26.31
2017-08-05T06:00,2017-08-05,6,26.57,26.68,25.55,26.35,26.87,26.87,26.73,26.51,26.89,26.41
2017-08-05T07:00,2017-08-05,7,27.4,27.45,26.5,27.51,27.64,27.54,27.29,27.34,27.75,27.32
2017-08-05T08:00,2017-08-05,8,28.15,28.09,27.77,28.24,28.46,28.13,27.84,27.9,28.29,28.56
2017-08-05T09:00,2017-08-05,9,29.05,29.16,29.13,29.18,29.17,28.2,28.6,28.63,28.85,29.97
2017-08-05T10:00,2017-08-05,10,29.81,30.14,29.76,29.81,29.84,28.54,29.55,29.33,29.39,30.85
2017-08-05T11:00,2017-08-05,11,30.1,29.74,30.19,29.65,30.43,29.55,30.58,30.04,29.85,31.45
2017-08-05T12:00,2017-08-05,12,30.25,30.0,29.2,29.97,31.27,29.77,31.0,30.48,29.97,31.1
2017-08-05T13:00,2017-08-05,13,30.4,31.11,28.84,30.67,29.65,30.47,30.18,30.36,30.76,29.89
2017-08-05T14:00,2017-08-05,14,30.64,31.54,28.74,30.76,30.18,31.52,29.48,30.09,31.54,29.9
2017-08-05T15:00,2017-08-05,15,30.67,31.5,28.65,30.53,30.55,32.01,29.63,30.3,31.06,30.33
2017-08-05T16:00,2017-08-05,16,30.1,30.46,28.3,29.85,30.84,30.83,29.89,29.97,29.72,30.62
2017-08-05T17:00,2017-08-05,17,29.35,29.65,27.75,29.33,29.16,29.02,29.94,29.47,28.99,30.04
2017-08-05T18:00,2017-08-05,18,29.82,30.1,27.83,29.76,30.56,30.38,29.72,29.45,30.04,29.89
2017-08-05T19:00,2017-08-05,19,29.01,29.29,27.11,28.92,29.77,29.55,28.94,28.66,29.34,28.89
2017-08-05T20:00,2017-08-05,20,28.57,28.93,26.76,28.39,29.29,29.21,28.5,28.33,28.64,28.46
2017-08-05T21:00,2017-08-05,21,28.29,28.67,26.56,28.03,28.94,28.98,28.26,27.99,28.29,28.25
2017-08-05T22:00,2017-08-05,22,27.97,28.33,26.42,27.65,28.54,28.03,27.98,27.98,28.12,28.04
2017-08-05T23:00,2017-08-05,23,27.59,27.91,26.32,27.23,27.61,27.32,27.49,27.9,27.92,27.87
2017-08-06T00:00,2017-08-06,0,27.29,27.45,26.26,26.79,27.4,26.97,27.16,27.53,27.78,27.82
2017-08-06T01:00,2017-08-06,1,27.0,27.07,25.93,26.41,27.09,26.74,26.82,27.04,27.64,27.83
2017-08-06T02:00,2017-08-06,2,26.75,26.85,25.77,26.14,26.85,26.35,26.59,26.74,27.4,27.55
2017-08-06T03:00,2017-08-06,3,26.54,26.59,25.64,25.97,26.58,26.23,26.41,26.61,27.2,27.26
2017-08-06T04:00,2017-08-06,4,26.44,26.53,25.47,26.03,26.51,26.04,26.37,26.51,26.96,27.06
2017-08-06T05:00,2017-08-06,5,26.32,26.41,25.3,25.97,26.3,25.95,26.32,26.48,26.87,26.88
2017-08-06T06:00,2017-08-06,6,26.59,26.61,25.48,26.3,26.77,26.51,26.65,26.67,27.14,26.9
2017-08-06T07:00,2017-08-06,7,27.42,27.59,26.37,27.45,27.27,27.09,27.33,27.53,27.88,27.59
2017-08-06T08:00,2017-08-06,8,28.23,28.4,27.42,28.51,28.37,27.49,27.92,28.52,28.41,28.42
2017-08-06T09:00,2017-08-06,9,29.22,29.39,28.73,29.4,29.41,28.65,28.87,29.62,29.22,29.36
2017-08-06T10:00,2017-08-06,10,30.15,30.49,29.61,29.95,30.36,29.17,30.07,30.4,30.22,30.26
2017-08-06T11:00,2017-08-06,11,30.79,31.06,30.25,30.58,31.4,30.24,30.59,29.72,31.05,31.15
2017-08-06T12:00,2017-08-06,12,31.25,31.73,29.91,30.96,31.39,30.95,31.13,29.72,31.75,31.85
2017-08-06T13:00,2017-08-06,13,31.05,31.21,29.65,29.78,31.17,30.6,31.16,30.46,32.29,32.09
2017-08-06T14:00,2017-08-06,14,30.76,31.14,28.34,29.75,30.85,29.37,31.14,30.24,31.97,32.2
2017-08-06T15:00,2017-08-06,15,30.45,30.78,28.13,29.37,30.73,30.01,30.91,29.43,31.5,31.63
2017-08-06T16:00,2017-08-06,16,29.87,30.08,27.7,29.08,30.52,29.67,30.27,28.88,30.88,30.58
2017-08-06T17:00,2017-08-06,17,29.48,29.6,27.29,28.71,30.36,29.56,29.9,28.94,30.44,29.88
2017-08-06T18:00,2017-08-06,18,28.85,29.02,27.07,28.26,29.17,28.42,29.05,28.53,29.73,29.52
2017-08-06T19:00,2017-08-06,19,28.28,28.47,26.6,27.7,28.6,27.72,28.58,28.16,29.1,28.71
2017-08-06T20:00,2017-08-06,20,27.97,28.13,26.3,27.49,28.19,27.56,28.34,27.95,28.69,28.35
2017-08-06T21:00,2017-08-06,21,27.76,27.84,26.22,27.4,27.98,27.32,28.15,27.88,28.34,28.14
2017-08-06T22:00,2017-08-06,22,27.56,27.61,26.1,27.35,27.81,27.07,27.95,27.74,28.03,27.94
2017-08-06T23:00,2017-08-06,23,27.38,27.49,25.97,27.27,27.43,26.66,27.87,27.57,27.81,27.71
2017-08-07T00:00,2017-08-07,0,27.1,27.28,25.74,26.71,26.8,26.59,27.68,27.34,27.57,27.45
2017-08-07T01:00,2017-08-07,1,26.77,26.92,25.57,26.04,26.58,26.49,27.43,26.93,27.35,27.05
2017-08-07T02:00,2017-08-07,2,26.5,26.48,25.51,25.71,26.56,26.29,27.24,26.67,27.17,26.66
2017-08-07T03:00,2017-08-07,3,26.26,26.12,25.39,25.59,26.33,26.38,26.97,26.39,26.96,26.39
2017-08-07T04:00,2017-08-07,4,26.06,26.01,25.33,25.63,25.97,26.17,26.67,26.13,26.38,26.22
2017-08-07T05:00,2017-08-07,5,25.96,25.96,25.35,25.67,25.87,26.15,26.63,26.06,26.07,25.92
2017-08-07T06:00,2017-08-07,6,26.03,25.99,25.25,25.74,26.06,26.32,26.57,25.94,26.12,26.29
2017-08-07T07:00,2017-08-07,7,26.49,26.54,25.98,26.17,26.61,26.83,26.44,26.13,26.61,26.98
2017-08-07T08:00,2017-08-07,8,26.83,26.93,26.87,26.48,27.03,27.27,26.33,26.24,26.79,27.39
2017-08-07T09:00,2017-08-07,9,27.27,27.21,27.89,26.75,27.61,27.77,26.58,26.53,27.33,27.96
2017-08-07T10:00,2017-08-07,10,27.73,27.28,28.89,27.25,28.45,28.15,26.82,26.91,28.0,28.74
2017-08-07T11:00,2017-08-07,11,28.29,28.02,29.44,27.7,28.21,28.5,27.23,27.07,28.8,29.71
2017-08-07T12:00,2017-08-07,12,28.89,28.65,29.62,28.59,28.36,29.53,27.6,27.7,29.46,30.47
2017-08-07T13:00,2017-08-07,13,29.13,29.32,28.36,28.72,29.88,28.84,28.25,28.2,29.82,29.96
2017-08-07T14:00,2017-08-07,14,29.66,29.75,27.81,29.56,30.55,30.2,29.15,28.99,30.2,30.28
2017-08-07T15:00,2017-08-07,15,29.97,30.24,28.13,29.54,30.63,29.74,29.94,29.22,30.65,30.59
2017-08-07T16:00,2017-08-07,16,29.82,30.19,28.22,29.54,29.87,28.28,29.85,29.01,30.89,30.58
2017-08-07T17:00,2017-08-07,17,29.54,29.84,28.01,29.17,29.51,28.43,29.47,28.69,30.58,30.45
2017-08-07T18:00,2017-08-07,18,28.97,29.21,27.99,28.62,29.13,28.61,28.82,28.02,29.73,29.41
2017-08-07T19:00,2017-08-07,19,28.2,28.46,27.19,27.95,28.34,27.68,28.11,27.56,28.9,28.48
2017-08-07T20:00,2017-08-07,20,27.82,28.01,26.94,27.58,27.95,27.41,27.7,27.32,28.46,28.12
2017-08-07T21:00,2017-08-07,21,27.58,27.73,26.83,27.33,27.66,27.28,27.52,27.2,28.08,27.91
2017-08-07T22:00,2017-08-07,22,27.36,27.49,26.7,27.12,27.43,26.84,27.28,27.01,27.89,27.79
2017-08-07T23:00,2017-08-07,23,27.12,27.21,26.4,26.97,27.01,26.76,27.05,26.66,27.68,27.6
2017-08-08T00:00,2017-08-08,0,26.9,26.9,26.23,26.69,26.89,26.71,26.85,26.49,27.46,27.39
2017-08-08T01:00,2017-08-08,1,26.66,26.63,26.05,26.45,26.65,26.59,26.58,26.37,27.12,27.19
2017-08-08T02:00,2017-08-08,2,26.41,26.44,25.76,26.24,26.5,26.11,26.36,26.04,26.82,26.94
2017-08-08T03:00,2017-08-08,3,26.19,26.28,25.59,25.97,26.14,26.0,26.22,25.79,26.55,26.64
2017-08-08T04:00,2017-08-08,4,26.06,26.26,25.33,25.75,26.05,25.87,26.12,25.79,26.36,26.37
2017-08-08T05:00,2017-08-08,5,25.94,26.1,25.03,25.75,25.98,25.78,26.08,25.79,26.23,26.21
2017-08-08T06:00,2017-08-08,6,25.97,26.05,25.03,25.75,26.16,25.63,26.22,25.84,26.26,26.33
2017-08-08T07:00,2017-08-08,7,26.88,27.01,25.81,26.72,26.9,26.39,27.07,26.77,27.44,27.1
2017-08-08T08:00,2017-08-08,8,27.85,28.14,26.83,27.72,27.62,27.18,28.02,27.79,28.46,27.81
2017-08-08T09:00,2017-08-08,9,28.92,29.19,27.96,28.62,28.84,28.1,28.99,28.98,29.76,28.81
2017-08-08T10:00,2017-08-08,10,29.89,30.1,29.06,29.67,30.01,28.8,29.92,29.78,30.69,29.93
2017-08-08T11:00,2017-08-08,11,30.66,30.82,29.78,30.24,30.72,30.12,30.81,30.21,31.49,30.81
2017-08-08T12:00,2017-08-08,12,30.62,31.37,28.87,30.02,30.42,29.51,30.85,29.44,30.99,31.6
2017-08-08T13:00,2017-08-08,13,30.84,31.44,28.76,29.55,31.0,30.62,31.16,29.34,32.06,31.47
2017-08-08T14:00,2017-08-08,14,30.39,30.29,28.63,29.59,30.77,29.48,30.57,29.3,32.02,31.75
2017-08-08T15:00,2017-08-08,15,30.13,29.79,28.66,29.26,30.74,29.47,30.32,29.13,32.25,30.99
2017-08-08T16:00,2017-08-08,16,29.79,30.09,27.61,28.8,29.95,28.36,30.21,29.34,31.39,30.59
2017-08-08T17:00,2017-08-08,17,29.41,29.98,27.06,28.52,29.49,28.23,30.0,28.99,30.4,30.03
2017-08-08T18:00,2017-08-08,18,29.07,29.73,27.08,28.6,29.14,28.68,29.5,28.63,29.57,28.9
2017-08-08T19:00,2017-08-08,19,28.46,29.04,26.62,28.13,28.75,27.73,28.89,28.17,28.97,28.25
2017-08-08T20:00,2017-08-08,20,28.07,28.49,26.43,27.74,28.48,27.38,28.51,27.96,28.49,27.96
2017-08-08T21:00,2017-08-08,21,27.74,28.12,26.18,27.54,27.78,27.22,28.29,27.8,27.95,27.75
2017-08-08T22:00,2017-08-08,22,27.48,27.9,26.01,27.29,26.91,26.96,28.06,27.72,27.79,27.4
2017-08-08T23:00,2017-08-08,23,27.24,27.64,25.82,27.04,26.65,26.75,27.87,27.63,27.62,27.03
2017-08-09T00:00,2017-08-09,0,27.02,27.36,25.75,26.92,26.17,26.5,27.66,27.62,27.47,26.75
2017-08-09T01:00,2017-08-09,1,26.77,27.09,25.54,26.45,26.02,26.36,27.41,27.41,27.26,26.54
2017-08-09T02:00,2017-08-09,2,26.54,26.83,25.31,26.26,25.91,26.09,27.21,27.09,27.03,26.26
2017-08-09T03:00,2017-08-09,3,26.27,26.41,25.19,25.95,25.78,26.14,26.99,26.67,26.77,26.04
2017-08-09T04:00,2017-08-09,4,26.18,26.27,25.24,25.86,25.87,26.11,26.87,26.47,26.63,26.0
2017-08-09T05:00,2017-08-09,5,26.05,26.06,25.1,25.77,25.76,25.97,26.67,26.23,26.56,26.06
2017-08-09T06:00,2017-08-09,6,26.08,26.27,24.87,25.71,25.87,26.02,26.58,26.41,26.68,25.82
2017-08-09T07:00,2017-08-09,7,26.87,27.13,25.38,26.5,26.61,26.82,27.43,27.14,27.52,26.54
2017-08-09T08:00,2017-08-09,8,27.6,27.97,25.68,27.16,27.39,27.64,28.45,27.98,28.28,26.94
2017-08-09T09:00,2017-08-09,9,28.49,29.17,26.91,28.2,28.42,28.47,28.91,28.1,29.09,27.46
2017-08-09T10:00,2017-08-09,10,29.44,30.34,28.43,29.45,29.2,29.1,29.79,28.13,29.97,28.04
2017-08-09T11:00,2017-08-09,11,30.05,30.63,29.16,29.66,29.85,29.46,30.64,29.53,30.8,29.06
2017-08-09T12:00,2017-08-09,12,30.22,30.16,28.26,29.81,30.65,30.34,31.4,30.44,31.37,29.39
2017-08-09T13:00,2017-08-09,13,30.5,30.58,28.65,29.82,29.8,31.37,31.73,30.88,31.28,30.15
2017-08-09T14:00,2017-08-09,14,30.57,31.08,28.08,29.57,30.22,31.49,31.9,29.7,31.2,30.44
2017-08-09T15:00,2017-08-09,15,30.13,31.11,27.84,29.35,29.37,29.28,30.59,29.46,31.07,30.15
2017-08-09T16:00,2017-08-09,16,29.28,29.43,27.44,28.8,29.51,28.54,29.59,28.94,30.26,29.94
2017-08-09T17:00,2017-08-09,17,28.78,28.74,26.85,28.53,29.47,28.73,29.15,28.49,29.48,29.25
2017-08-09T18:00,2017-08-09,18,28.21,28.29,26.82,27.64,28.37,28.21,28.51,27.96,29.09,28.44
2017-08-09T19:00,2017-08-09,19,27.73,28.12,25.96,27.34,27.32,27.81,28.22,27.73,28.76,27.13
2017-08-09T20:00,2017-08-09,20,27.48,27.97,25.84,27.14,27.03,27.32,27.97,27.46,28.47,26.73
2017-08-09T21:00,2017-08-09,21,27.29,27.83,25.68,26.83,26.79,26.98,27.84,27.31,28.24,26.61
2017-08-09T22:00,2017-08-09,22,27.16,27.67,25.21,26.76,27.0,26.74,27.74,27.4,28.04,26.5
2017-08-09T23:00,2017-08-09,23,27.05,27.51,25.03,26.76,27.04,26.58,27.62,27.44,27.85,26.45
2017-08-10T00:00,2017-08-10,0,26.92,27.3,24.69,26.54,26.94,26.61,27.55,27.42,27.66,26.53
2017-08-10T01:00,2017-08-10,1,26.75,27.17,24.52,26.23,26.8,26.41,27.38,26.88,27.58,26.59
2017-08-10T02:00,2017-08-10,2,26.65,27.05,24.43,26.15,26.69,26.28,27.24,26.6,27.52,26.57
2017-08-10T03:00,2017-08-10,3,26.53,26.77,24.36,26.04,26.64,26.2,27.17,26.6,27.42,26.58
2017-08-10T04:00,2017-08-10,4,26.28,26.27,24.05,25.94,26.29,26.08,27.12,26.36,27.33,26.51
2017-08-10T05:00,2017-08-10,5,26.16,26.28,23.99,25.67,25.88,25.89,26.91,26.17,27.23,26.46
2017-08-10T06:00,2017-08-10,6,25.93,26.06,23.87,25.59,25.43,25.28,27.09,26.35,26.89,25.87
2017-08-10T07:00,2017-08-10,7,26.45,26.99,24.24,26.42,25.9,25.37,27.69,27.15,26.93,25.8
2017-08-10T08:00,2017-08-10,8,26.94,27.58,24.87,27.07,26.07,25.54,28.31,27.84,27.35,25.95
2017-08-10T09:00,2017-08-10,9,27.44,27.66,25.49,28.21,26.75,25.9,28.93,28.77,27.96,26.25
2017-08-10T10:00,2017-08-10,10,27.99,28.27,26.11,28.55,27.53,26.64,29.04,29.3,28.88,26.59
2017-08-10T11:00,2017-08-10,11,28.46,28.92,26.71,28.32,28.92,27.44,29.21,28.27,29.55,27.21
2017-08-10T12:00,2017-08-10,12,29.06,29.5,28.27,28.55,29.28,28.6,29.23,28.86,30.23,27.84
2017-08-10T13:00,2017-08-10,13,28.79,29.35,27.34,27.95,28.6,28.39,29.32,28.63,30.03,27.9
2017-08-10T14:00,2017-08-10,14,28.82,29.02,27.78,28.68,29.24,29.04,29.89,28.32,28.96,27.91
2017-08-10T15:00,2017-08-10,15,28.64,29.57,26.99,29.08,28.21,28.94,29.74,28.64,27.82,27.03
2017-08-10T16:00,2017-08-10,16,28.23,29.44,26.7,28.27,27.76,28.04,28.81,28.58,27.58,26.76
2017-08-10T17:00,2017-08-10,17,27.57,27.94,26.32,28.0,26.9,27.66,28.14,28.33,27.45,26.74
2017-08-10T18:00,2017-08-10,18,27.69,27.81,26.02,27.59,27.44,27.24,28.7,28.46,28.41,27.01
2017-08-10T19:00,2017-08-10,19,27.41,27.81,25.7,27.25,26.92,26.98,28.49,27.98,27.88,26.65
2017-08-10T20:00,2017-08-10,20,27.27,27.83,25.53,26.86,26.64,26.69,28.42,27.96,27.63,26.55
2017-08-10T21:00,2017-08-10,21,27.2,27.7,25.43,26.97,26.59,26.59,28.4,27.95,27.48,26.45
2017-08-10T22:00,2017-08-10,22,27.04,27.57,24.98,26.67,26.51,26.36,28.34,27.94,27.49,26.25
2017-08-10T23:00,2017-08-10,23,26.91,27.52,24.92,26.34,26.37,26.1,28.29,27.58,27.43,26.15
2017-08-11T00:00,2017-08-11,0,26.75,27.4,24.76,26.03,26.37,25.79,28.22,27.38,27.29,25.9
2017-08-11T01:00,2017-08-11,1,26.67,27.39,24.69,26.14,26.15,25.31,28.15,27.26,27.13,25.84
2017-08-11T02:00,2017-08-11,2,26.46,27.16,24.58,26.17,25.91,25.23,27.92,26.93,26.72,25.69
2017-08-11T03:00,2017-08-11,3,26.1,26.5,24.12,25.84,25.64,25.02,27.62,26.98,26.48,25.55
2017-08-11T04:00,2017-08-11,4,25.94,26.27,24.33,25.51,25.41,24.95,27.34,26.66,26.37,25.54
2017-08-11T05:00,2017-08-11,5,25.84,26.15,24.39,25.63,25.48,24.81,26.88,26.48,26.23,25.5
2017-08-11T06:00,2017-08-11,6,25.67,25.8,24.48,25.69,25.25,24.7,26.83,26.19,26.08,25.29
2017-08-11T07:00,2017-08-11,7,25.93,26.13,24.73,26.2,25.3,24.78,27.03,26.75,26.19,25.44
2017-08-11T08:00,2017-08-11,8,26.26,26.33,25.39,26.83,25.39,25.02,27.57,27.49,26.25,25.57
2017-08-11T09:00,2017-08-11,9,26.68,26.73,26.31,27.44,25.67,25.28,28.02,28.4,26.37,25.71
2017-08-11T10:00,2017-08-11,10,27.21,27.32,27.48,28.32,25.83,25.63,28.64,28.95,26.54,25.87
2017-08-11T11:00,2017-08-11,11,27.54,27.8,26.94,28.91,25.99,25.93,29.45,29.12,26.72,26.14
2017-08-11T12:00,2017-08-11,12,27.68,28.67,26.95,28.1,26.25,26.15,29.28,28.48,26.89,26.15
2017-08-11T13:00,2017-08-11,13,27.64,28.38,26.42,27.95,26.56,26.46,29.46,28.27,27.28,26.18
2017-08-11T14:00,2017-08-11,14,27.53,27.73,26.79,27.94,26.73,26.61,28.79,28.59,27.68,26.31
2017-08-11T15:00,2017-08-11,15,27.33,27.42,26.74,27.29,26.96,26.65,28.4,28.26,27.64,26.36
2017-08-11T16:00,2017-08-11,16,27.11,27.15,26.12,27.38,26.62,26.33,28.3,27.62,27.38,26.58
2017-08-11T17:00,2017-08-11,17,26.88,26.8,26.12,26.93,26.6,26.43,28.18,27.5,26.87,26.46
2017-08-11T18:00,2017-08-11,18,27.33,27.81,26.04,27.55,26.75,26.46,28.83,28.11,27.01,26.27
2017-08-11T19:00,2017-08-11,19,27.01,27.42,25.59,27.17,26.59,26.13,28.42,28.0,26.76,26.16
2017-08-11T20:00,2017-08-11,20,26.92,27.38,25.45,27.12,26.42,25.9,28.21,28.01,26.7,26.06
2017-08-11T21:00,2017-08-11,21,26.83,27.37,25.15,26.77,26.34,25.71,28.23,28.11,26.64,26.06
2017-08-11T22:00,2017-08-11,22,26.78,27.4,25.06,26.63,26.28,25.5,28.23,28.07,26.58,25.98
2017-08-11T23:00,2017-08-11,23,26.68,27.33,24.9,26.41,26.13,25.27,28.1,28.06,26.62,25.95
2017-08-12T00:00,2017-08-12,0,26.56,27.22,24.72,26.3,25.91,25.02,27.96,28.08,26.51,25.88
2017-08-12T01:00,2017-08-12,1,26.48,27.15,24.44,26.28,25.94,24.89,27.87,28.05,26.45,25.8
2017-08-12T02:00,2017-08-12,2,26.38,26.96,24.38,26.37,25.77,24.77,27.77,27.95,26.46,25.71
2017-08-12T03:00,2017-08-12,3,26.25,26.82,24.28,26.1,25.59,24.74,27.7,27.8,26.3,25.61
2017-08-12T04:00,2017-08-12,4,26.15,26.59,24.38,25.92,25.89,24.77,27.59,27.38,26.16,25.64
2017-08-12T05:00,2017-08-12,5,26.12,26.68,24.25,25.79,25.76,24.82,27.56,27.1,26.13,25.66
2017-08-12T06:00,2017-08-12,6,25.84,26.21,24.08,25.87,25.26,24.74,27.18,26.44,26.27,25.25
2017-08-12T07:00,2017-08-12,7,26.06,26.27,24.65,26.22,25.49,24.87,27.44,26.91,26.49,25.33
2017-08-12T08:00,2017-08-12,8,26.31,26.58,25.03,26.61,25.96,24.81,27.58,27.54,26.5,25.41
2017-08-12T09:00,2017-08-12,9,26.62,27.14,25.2,27.16,26.13,24.94,27.55,27.93,26.62,25.64
2017-08-12T10:00,2017-08-12,10,26.98,27.44,26.53,27.69,26.34,25.02,27.89,28.14,26.73,25.77
2017-08-12T11:00,2017-08-12,11,27.23,27.99,27.11,27.59,26.32,25.18,28.16,28.29,26.83,25.85
2017-08-12T12:00,2017-08-12,12,27.34,27.92,27.43,27.28,26.77,25.47,28.47,28.72,27.02,25.91
2017-08-12T13:00,2017-08-12,13,27.29,27.55,27.46,27.7,27.06,25.63,28.43,27.56,27.2,26.04
2017-08-12T14:00,2017-08-12,14,27.47,27.52,27.28,28.37,27.16,26.4,28.56,28.11,27.42,25.99
2017-08-12T15:00,2017-08-12,15,27.4,27.99,26.98,28.0,26.83,26.79,28.05,27.92,26.84,26.01
2017-08-12T16:00,2017-08-12,16,27.23,27.72,26.36,27.7,26.97,27.3,27.8,27.47,26.71,26.2
2017-08-12T17:00,2017-08-12,17,26.81,27.06,25.74,26.99,26.86,26.67,27.34,27.37,26.74,26.13
2017-08-12T18:00,2017-08-12,18,26.22,26.1,25.61,26.1,26.18,26.12,26.73,26.48,26.65,26.06
2017-08-12T19:00,2017-08-12,19,25.99,25.91,25.44,25.94,25.62,25.91,26.5,26.4,26.3,25.88
2017-08-12T20:00,2017-08-12,20,25.91,25.89,25.38,25.86,25.53,25.75,26.46,26.39,26.07,25.81
2017-08-12T21:00,2017-08-12,21,25.84,25.84,25.36,25.85,25.46,25.61,26.44,26.34,25.94,25.69
2017-08-12T22:00,2017-08-12,22,25.76,25.86,25.11,25.76,25.39,25.39,26.35,26.21,25.86,25.58
2017-08-12T23:00,2017-08-12,23,25.69,25.86,24.91,25.65,25.3,25.19,26.36,26.27,25.75,25.51
2017-08-13T00:00,2017-08-13,0,25.59,25.82,24.5,25.55,25.2,24.97,26.3,26.11,25.75,25.45
2017-08-13T01:00,2017-08-13,1,25.52,25.83,24.35,25.45,25.24,24.88,26.04,25.97,25.65,25.42
2017-08-13T02:00,2017-08-13,2,25.44,25.59,24.19,25.43,25.32,24.8,26.04,25.93,25.66,25.41
2017-08-13T03:00,2017-08-13,3,25.4,25.54,24.22,25.41,25.36,24.68,26.0,25.87,25.62,25.33
2017-08-13T04:00,2017-08-13,4,25.31,25.33,24.12,25.38,25.43,24.74,25.81,25.72,25.67,25.26
2017-08-13T05:00,2017-08-13,5,25.23,25.13,24.12,25.22,25.52,24.65,25.73,25.75,25.69,25.24
2017-08-13T06:00,2017-08-13,6,25.15,25.12,24.12,25.29,25.08,24.69,25.87,25.7,25.38,24.93
2017-08-13T07:00,2017-08-13,7,25.45,25.45,24.28,25.68,25.22,24.86,26.5,25.98,25.58,25.15
2017-08-13T08:00,2017-08-13,8,25.84,25.83,24.81,26.24,25.34,25.07,27.21,26.57,25.9,25.22
2017-08-13T09:00,2017-08-13,9,26.47,26.76,25.43,26.97,25.93,25.42,27.83,27.56,26.24,25.33
2017-08-13T10:00,2017-08-13,10,27.08,27.41,26.03,27.82,26.3,25.92,28.76,28.93,26.6,25.45
2017-08-13T11:00,2017-08-13,11,27.73,28.78,26.79,27.3,26.53,26.23,29.63,29.34,27.47,25.59
2017-08-13T12:00,2017-08-13,12,28.09,29.25,26.62,28.07,27.32,27.02,29.93,28.45,27.91,25.71
2017-08-13T13:00,2017-08-13,13,28.22,29.1,26.57,28.9,28.04,27.57,29.13,27.68,28.57,26.05
2017-08-13T14:00,2017-08-13,14,28.21,28.91,26.47,28.75,28.91,27.41,28.48,28.52,28.65,26.32
2017-08-13T15:00,2017-08-13,15,27.91,28.55,26.29,27.67,28.35,27.38,27.8,28.67,28.65,26.68
2017-08-13T16:00,2017-08-13,16,27.63,28.07,25.97,27.32,27.29,27.6,27.97,28.46,28.19,26.96
2017-08-13T17:00,2017-08-13,17,27.42,27.92,25.68,27.08,27.11,27.23,27.78,28.04,27.85,27.09
2017-08-13T18:00,2017-08-13,18,26.82,27.16,25.43,26.75,26.56,26.27,27.05,26.79,27.33,26.91
2017-08-13T19:00,2017-08-13,19,26.45,26.81,25.35,26.27,26.25,26.12,26.72,26.53,26.64,26.39
2017-08-13T20:00,2017-08-13,20,26.24,26.57,25.17,26.09,26.07,25.88,26.56,26.4,26.43,26.11
2017-08-13T21:00,2017-08-13,21,26.11,26.45,25.05,26.06,25.86,25.75,26.48,26.34,26.28,25.89
2017-08-13T22:00,2017-08-13,22,25.98,26.31,24.93,25.98,25.51,25.58,26.39,26.35,26.15,25.7
2017-08-13T23:00,2017-08-13,23,25.84,26.15,24.81,25.93,25.21,25.5,26.24,26.22,26.04,25.57
2017-08-14T00:00,2017-08-14,0,25.7,26.05,24.72,25.63,25.07,25.41,26.22,26.02,25.9,25.35
2017-08-14T01:00,2017-08-14,1,25.54,25.71,24.65,25.46,25.13,25.28,26.12,25.96,25.85,25.16
2017-08-14T02:00,2017-08-14,2,25.35,25.51,24.61,25.2,25.08,25.32,25.9,25.34,25.57,25.1
2017-08-14T03:00,2017-08-14,3,25.23,25.32,24.6,25.15,25.17,25.17,25.71,25.15,25.43,24.95
2017-08-14T04:00,2017-08-14,4,25.18,25.38,24.6,25.1,25.18,24.98,25.51,25.04,25.37,24.83
2017-08-14T05:00,2017-08-14,5,25.09,25.23,24.59,25.07,25.26,24.91,25.33,24.89,25.24,24.81
2017-08-14T06:00,2017-08-14,6,25.07,25.11,24.4,24.98,25.15,25.03,25.35,25.11,25.45,24.84
2017-08-14T07:00,2017-08-14,7,25.59,25.74,24.78,25.45,25.82,25.95,25.76,25.34,25.89,25.26
2017-08-14T08:00,2017-08-14,8,26.09,26.22,25.65,25.77,26.1,26.87,26.31,25.49,26.27,25.86
2017-08-14T09:00,2017-08-14,9,26.66,26.98,26.44,25.99,26.57,27.65,26.58,25.77,26.91,26.42
2017-08-14T10:00,2017-08-14,10,27.02,27.18,26.11,26.34,27.1,28.18,26.95,26.04,27.71,27.13
2017-08-14T11:00,2017-08-14,11,27.6,27.73,26.39,26.6,28.13,28.1,27.66,26.75,28.44,28.08
2017-08-14T12:00,2017-08-14,12,28.18,28.27,26.36,27.25,28.46,29.01,28.39,27.68,28.95,28.88
2017-08-14T13:00,2017-08-14,13,28.8,29.04,26.5,27.99,28.76,28.9,29.23,28.42,29.66,29.67
2017-08-14T14:00,2017-08-14,14,29.24,29.2,26.76,28.32,29.5,28.82,30.13,29.09,30.47,30.23
2017-08-14T15:00,2017-08-14,15,29.03,29.31,26.61,28.18,29.47,28.91,29.75,27.29,30.16,29.82
2017-08-14T16:00,2017-08-14,16,28.71,29.08,26.62,28.16,28.94,27.9,28.78,27.95,29.88,29.37
2017-08-14T17:00,2017-08-14,17,28.24,28.69,26.59,27.74,28.53,27.85,28.2,28.03,28.4,28.99
2017-08-14T18:00,2017-08-14,18,28.06,28.32,26.49,27.38,28.4,27.82,27.82,28.07,28.85,28.61
2017-08-14T19:00,2017-08-14,19,27.24,27.36,25.77,26.81,27.39,27.11,27.21,27.35,27.78,27.87
2017-08-14T20:00,2017-08-14,20,26.93,27.07,25.41,26.47,27.39,26.69,26.93,27.12,27.42,27.43
2017-08-14T21:00,2017-08-14,21,26.66,26.88,25.14,26.33,26.79,26.39,26.79,27.05,27.05,26.94
2017-08-14T22:00,2017-08-14,22,26.46,26.66,25.25,26.2,26.45,26.04,26.64,27.03,26.84,26.51
2017-08-14T23:00,2017-08-14,23,26.25,26.56,25.03,26.15,25.91,25.63,26.52,26.94,26.6,26.14
2017-08-15T00:00,2017-08-15,0,25.99,26.33,24.84,26.03,25.67,25.35,26.17,26.67,26.25,25.78
2017-08-15T01:00,2017-08-15,1,25.74,26.13,24.73,25.61,25.54,25.11,26.05,26.31,25.89,25.49
2017-08-15T02:00,2017-08-15,2,25.49,25.84,24.47,25.26,25.4,24.91,25.96,25.92,25.61,25.23
2017-08-15T03:00,2017-08-15,3,25.27,25.42,24.3,25.11,25.19,24.83,25.91,25.91,25.41,25.02
2017-08-15T04:00,2017-08-15,4,25.11,25.18,24.26,25.06,24.87,24.78,25.78,25.63,25.31,24.87
2017-08-15T05:00,2017-08-15,5,25.03,25.16,24.21,24.98,24.87,24.78,25.57,25.39,25.12,24.81
2017-08-15T06:00,2017-08-15,6,25.32,25.51,24.4,25.02,25.04,25.11,25.86,26.05,25.44,25.16
2017-08-15T07:00,2017-08-15,7,26.11,26.52,24.68,25.72,25.92,25.57,26.73,26.83,26.28,25.9
2017-08-15T08:00,2017-08-15,8,26.86,27.34,25.07,26.48,26.77,26.07,27.61,27.5,27.2,26.57
2017-08-15T09:00,2017-08-15,9,27.56,27.89,25.73,27.56,27.4,26.78,28.49,27.93,27.86,27.34
2017-08-15T10:00,2017-08-15,10,28.39,28.8,27.27,28.59,28.1,27.51,29.31,27.48,28.61,28.08
2017-08-15T11:00,2017-08-15,11,28.81,28.46,28.09,28.78,29.15,28.44,29.63,28.29,29.44,29.02
2017-08-15T12:00,2017-08-15,12,29.11,29.36,27.24,27.95,29.49,29.32,29.51,29.52,29.75,29.5
2017-08-15T13:00,2017-08-15,13,29.35,29.76,27.85,28.69,29.0,28.53,29.36,30.32,30.56,29.13
2017-08-15T14:00,2017-08-15,14,29.38,29.23,27.86,29.1,29.7,29.18,29.48,30.17,30.37,29.52
2017-08-15T15:00,2017-08-15,15,29.31,29.15,27.31,29.2,30.02,29.58,29.43,28.76,30.31,29.75
2017-08-15T16:00,2017-08-15,16,29.24,29.58,27.34,28.25,29.41,29.09,29.39,28.53,30.35,29.93
2017-08-15T17:00,2017-08-15,17,28.68,28.92,26.42,27.69,28.5,27.26,29.32,28.46,30.05,29.93
2017-08-15T18:00,2017-08-15,18,28.38,28.53,26.09,27.6,28.4,26.85,28.71,28.43,29.91,29.52
2017-08-15T19:00,2017-08-15,19,27.56,27.63,25.8,27.08,27.61,26.35,28.05,27.86,28.63,28.13
2017-08-15T20:00,2017-08-15,20,27.22,27.43,25.34,26.8,27.17,26.14,27.83,27.58,28.0,27.62
2017-08-15T21:00,2017-08-15,21,26.94,27.27,25.28,26.7,26.87,25.88,27.58,27.38,27.33,27.14
2017-08-15T22:00,2017-08-15,22,26.7,27.15,24.96,26.62,26.48,25.68,27.27,27.25,26.91,26.76
2017-08-15T23:00,2017-08-15,23,26.44,26.95,24.63,26.16,26.11,25.39,27.1,27.2,26.57,26.58
2017-08-16T00:00,2017-08-16,0,26.19,26.77,24.58,25.65,25.55,25.21,26.96,27.02,26.43,26.21
2017-08-16T01:00,2017-08-16,1,25.92,26.52,24.35,25.23,25.23,25.09,26.8,26.54,26.28,25.84
2017-08-16T02:00,2017-08-16,2,25.7,26.19,24.23,25.02,25.1,25.0,26.69,25.87,26.17,25.66
2017-08-16T03:00,2017-08-16,3,25.57,25.96,24.18,24.99,25.04,24.91,26.6,25.87,26.04,25.4
2017-08-16T04:00,2017-08-16,4,25.37,25.51,24.16,25.02,24.79,24.77,26.47,25.86,25.9,25.19
2017-08-16T05:00,2017-08-16,5,25.27,25.42,24.15,25.05,24.68,24.77,26.24,25.78,25.71,25.03
2017-08-16T06:00,2017-08-16,6,25.67,26.02,24.15,25.15,25.15,24.97,26.84,25.85,26.23,25.45
2017-08-16T07:00,2017-08-16,7,26.3,26.46,24.67,25.75,25.98,25.36,27.64,26.06,27.19,26.37
2017-08-16T08:00,2017-08-16,8,27.04,27.07,25.2,26.1,27.07,26.11,28.48,26.48,28.41,27.32
2017-08-16T09:00,2017-08-16,9,27.7,27.46,26.42,26.29,27.94,26.69,29.13,26.6,29.6,28.28
2017-08-16T10:00,2017-08-16,10,28.28,27.9,27.81,27.58,28.31,27.0,29.39,27.29,29.79,28.88
2017-08-16T11:00,2017-08-16,11,28.66,28.61,29.1,28.36,27.97,27.65,29.58,27.8,28.88,29.14
2017-08-16T12:00,2017-08-16,12,28.74,29.03,27.09,28.75,28.37,28.7,30.0,27.94,28.32,29.29
2017-08-16T13:00,2017-08-16,13,29.15,29.78,27.96,29.36,28.59,29.08,29.5,28.15,28.41,29.71
2017-08-16T14:00,2017-08-16,14,29.34,29.95,27.84,29.4,29.93,29.81,28.91,28.56,28.71,29.77
2017-08-16T15:00,2017-08-16,15,29.09,29.19,27.61,29.18,29.51,29.14,28.82,28.83,29.51,29.51
2017-08-16T16:00,2017-08-16,16,28.76,28.77,27.26,28.53,28.75,28.84,28.85,28.71,29.44,29.33
2017-08-16T17:00,2017-08-16,17,28.46,28.47,27.02,28.46,28.16,28.9,28.49,28.53,28.74,29.1
2017-08-16T18:00,2017-08-16,18,28.05,28.38,26.0,27.99,28.03,28.45,28.54,27.44,27.84,28.72
2017-08-16T19:00,2017-08-16,19,27.27,27.26,25.57,27.19,27.49,27.49,27.87,26.93,27.44,27.87
2017-08-16T20:00,2017-08-16,20,26.91,26.8,25.33,26.87,27.3,27.14,27.46,26.7,27.17,27.38
2017-08-16T21:00,2017-08-16,21,26.65,26.59,25.21,26.6,26.71,26.9,27.34,26.6,26.75,27.05
2017-08-16T22:00,2017-08-16,22,26.42,26.47,25.05,26.41,26.11,26.54,27.17,26.51,26.48,26.66
2017-08-16T23:00,2017-08-16,23,26.15,26.28,25.01,26.04,25.86,26.25,26.87,26.2,26.11,26.33
2017-08-17T00:00,2017-08-17,0,25.87,25.9,24.9,25.68,25.69,26.02,26.63,25.77,25.89,26.03
2017-08-17T01:00,2017-08-17,1,25.6,25.59,24.78,25.32,25.43,25.79,26.26,25.63,25.69,25.83
2017-08-17T02:00,2017-08-17,2,25.48,25.46,24.75,25.39,25.39,25.65,25.9,25.45,25.57,25.69
2017-08-17T03:00,2017-08-17,3,25.36,25.43,24.6,25.26,25.33,25.54,25.51,25.39,25.44,25.59
2017-08-17T04:00,2017-08-17,4,25.34,25.41,24.67,25.14,25.5,25.53,25.39,25.37,25.4,25.54
2017-08-17T05:00,2017-08-17,5,25.31,25.45,24.45,25.08,25.5,25.5,25.38,25.31,25.36,25.51
2017-08-17T06:00,2017-08-17,6,25.55,25.53,24.55,25.37,25.54,25.72,26.11,25.62,25.75,25.66
2017-08-17T07:00,2017-08-17,7,26.5,26.5,25.85,26.4,26.32,26.63,26.9,26.7,26.58,26.58
2017-08-17T08:00,2017-08-17,8,27.52,27.47,27.34,27.47,27.14,27.73,27.83,27.88,27.48,27.56
2017-08-17T09:00,2017-08-17,9,28.73,28.64,28.69,28.72,28.27,29.17,28.73,28.89,28.95,28.71
2017-08-17T10:00,2017-08-17,10,29.85,29.79,29.7,29.76,29.62,30.41,29.77,29.8,30.17,29.75
2017-08-17T11:00,2017-08-17,11,30.67,30.71,30.27,30.61,30.47,31.33,30.77,30.14,30.72,30.78
2017-08-17T12:00,2017-08-17,12,31.16,31.46,30.42,30.44,31.44,32.06,31.34,29.4,31.41,31.46
2017-08-17T13:00,2017-08-17,13,31.51,31.91,30.61,31.14,32.0,32.47,30.42,29.69,32.02,32.09
2017-08-17T14:00,2017-08-17,14,31.42,31.57,30.24,31.32,32.23,32.83,29.81,30.47,31.92,32.16
2017-08-17T15:00,2017-08-17,15,31.14,31.18,29.44,30.89,31.87,32.95,29.98,30.53,31.79,31.76
2017-08-17T16:00,2017-08-17,16,30.8,30.86,28.54,30.23,31.92,32.62,30.06,30.29,31.48,31.36
2017-08-17T17:00,2017-08-17,17,30.28,30.48,27.79,29.71,31.28,31.73,29.91,29.5,30.93,30.74
2017-08-17T18:00,2017-08-17,18,29.66,29.99,27.83,29.23,30.13,31.08,29.62,28.98,30.11,29.39
2017-08-17T19:00,2017-08-17,19,28.54,28.71,27.0,28.39,29.12,29.38,28.65,28.06,28.88,28.28
2017-08-17T20:00,2017-08-17,20,28.04,28.33,26.46,27.93,28.18,28.82,28.19,27.59,28.31,27.85
2017-08-17T21:00,2017-08-17,21,27.7,28.03,26.1,27.49,27.92,28.11,27.87,27.36,28.03,27.62
2017-08-17T22:00,2017-08-17,22,27.42,27.73,25.95,27.21,27.5,27.53,27.56,27.07,27.85,27.43
2017-08-17T23:00,2017-08-17,23,27.18,27.43,25.92,26.92,27.3,26.97,27.28,26.97,27.72,27.28
2017-08-18T00:00,2017-08-18,0,26.9,27.08,25.79,26.69,26.87,26.47,27.0,26.8,27.5,27.16
2017-08-18T01:00,2017-08-18,1,26.62,26.7,25.57,26.49,26.47,26.1,26.73,26.67,27.29,26.92
2017-08-18T02:00,2017-08-18,2,26.36,26.41,25.46,26.31,25.89,25.88,26.43,26.52,27.01,26.7
2017-08-18T03:00,2017-08-18,3,26.18,26.26,25.3,26.2,25.54,25.8,26.2,26.48,26.79,26.48
2017-08-18T04:00,2017-08-18,4,26.06,26.18,25.29,26.05,25.43,25.71,26.02,26.4,26.54,26.39
2017-08-18T05:00,2017-08-18,5,25.92,26.02,25.17,25.96,25.29,25.64,25.9,26.33,26.3,26.19
2017-08-18T06:00,2017-08-18,6,26.13,26.24,25.08,26.11,25.87,26.04,26.2,26.59,26.46,26.22
2017-08-18T07:00,2017-08-18,7,27.06,27.17,26.39,27.01,26.85,26.4,27.08,27.53,27.52,27.11
2017-08-18T08:00,2017-08-18,8,27.95,28.01,27.74,28.04,27.65,26.53,28.07,28.31,28.52,28.01
2017-08-18T09:00,2017-08-18,9,28.78,28.82,28.93,29.16,28.35,26.63,28.91,28.59,29.47,28.95
2017-08-18T10:00,2017-08-18,10,29.51,29.74,29.89,29.72,29.42,26.89,29.64,28.88,30.17,29.56
2017-08-18T11:00,2017-08-18,11,30.04,30.27,30.37,30.28,29.8,27.41,30.32,29.13,30.84,30.02
2017-08-18T12:00,2017-08-18,12,30.37,30.47,30.47,30.48,29.86,28.64,30.4,29.25,31.39,30.8
2017-08-18T13:00,2017-08-18,13,30.75,30.72,30.57,30.92,30.35,29.66,30.34,29.9,31.68,31.53
2017-08-18T14:00,2017-08-18,14,30.62,30.51,29.17,31.0,30.61,30.17,30.27,30.2,31.43,31.58
2017-08-18T15:00,2017-08-18,15,30.47,30.38,29.01,30.42,30.8,30.32,30.29,30.19,31.12,31.32
2017-08-18T16:00,2017-08-18,16,30.03,29.99,28.81,30.06,30.62,30.23,30.01,29.59,30.66,30.0
2017-08-18T17:00,2017-08-18,17,29.38,29.13,28.38,29.36,30.26,29.92,29.33,28.8,30.09,29.42
2017-08-18T18:00,2017-08-18,18,28.82,29.16,28.1,29.07,29.24,29.02,28.41,28.39,29.41,27.75
2017-08-18T19:00,2017-08-18,19,28.04,28.26,27.35,28.21,28.16,27.9,27.97,27.86,28.82,27.13
2017-08-18T20:00,2017-08-18,20,27.73,27.86,27.3,27.84,27.73,27.72,27.79,27.63,28.49,26.7
2017-08-18T21:00,2017-08-18,21,27.47,27.7,26.95,27.49,27.37,27.22,27.64,27.47,28.15,26.49
2017-08-18T22:00,2017-08-18,22,27.25,27.51,26.77,27.23,27.17,26.87,27.4,27.31,27.91,26.31
2017-08-18T23:00,2017-08-18,23,26.96,27.16,26.1,27.04,26.92,26.63,27.19,27.29,27.6,26.16
2017-08-19T00:00,2017-08-19,0,26.8,26.97,25.85,26.93,26.87,26.49,26.97,27.22,27.38,26.09
2017-08-19T01:00,2017-08-19,1,26.63,26.76,25.53,26.74,26.78,26.49,26.78,27.12,27.17,25.99
2017-08-19T02:00,2017-08-19,2,26.47,26.62,25.47,26.64,26.63,26.18,26.52,27.07,26.92,25.86
2017-08-19T03:00,2017-08-19,3,26.3,26.51,25.45,26.52,26.37,25.93,26.25,26.61,26.71,25.76
2017-08-19T04:00,2017-08-19,4,26.17,26.4,25.3,26.37,26.19,25.7,26.22,26.5,26.55,25.7
2017-08-19T05:00,2017-08-19,5,26.05,26.31,25.03,26.24,26.03,25.58,26.14,26.27,26.43,25.66
2017-08-19T06:00,2017-08-19,6,26.19,26.47,25.44,26.16,26.17,25.92,26.25,26.35,26.49,25.81
2017-08-19T07:00,2017-08-19,7,27.02,27.36,26.54,27.02,26.61,26.46,27.04,27.17,27.4,26.66
2017-08-19T08:00,2017-08-19,8,27.88,28.36,27.31,27.69,27.17,27.15,28.01,28.1,28.28,27.53
2017-08-19T09:00,2017-08-19,9,28.81,29.2,28.39,28.38,28.07,28.6,28.93,28.95,29.21,28.63
2017-08-19T10:00,2017-08-19,10,29.64,29.69,29.2,29.34,28.99,30.2,29.83,29.1,30.0,29.94
2017-08-19T11:00,2017-08-19,11,30.39,30.42,30.6,30.57,29.8,31.21,29.76,29.24,30.6,30.79
2017-08-19T12:00,2017-08-19,12,30.87,31.06,31.18,31.22,30.97,31.92,28.96,29.1,31.43,31.21
2017-08-19T13:00,2017-08-19,13,31.17,31.39,30.96,31.64,31.6,32.37,29.11,29.13,32.0,31.36
2017-08-19T14:00,2017-08-19,14,31.06,31.61,29.74,31.42,32.1,31.64,29.69,30.01,31.1,31.08
2017-08-19T15:00,2017-08-19,15,30.61,31.14,29.56,30.93,31.85,30.03,29.63,30.02,30.41,30.72
2017-08-19T16:00,2017-08-19,16,30.16,30.62,28.98,30.64,30.66,30.59,29.0,29.47,30.18,30.29
2017-08-19T17:00,2017-08-19,17,29.65,30.04,28.26,29.93,30.34,30.46,28.78,29.2,29.89,29.24
2017-08-19T18:00,2017-08-19,18,29.39,30.03,28.02,29.4,30.33,29.89,28.25,28.06,29.98,29.01
2017-08-19T19:00,2017-08-19,19,28.45,28.99,27.48,28.66,28.8,28.74,27.69,27.6,28.92,27.84
2017-08-19T20:00,2017-08-19,20,28.06,28.58,27.0,28.21,28.42,28.21,27.34,27.4,28.47,27.64
2017-08-19T21:00,2017-08-19,21,27.74,28.1,26.72,27.77,28.62,27.92,27.07,27.2,28.04,27.52
2017-08-19T22:00,2017-08-19,22,27.46,27.73,26.51,27.53,28.14,27.58,26.85,27.04,27.77,27.37
2017-08-19T23:00,2017-08-19,23,27.23,27.43,26.33,27.29,27.8,27.37,26.7,26.79,27.59,27.23
2017-08-20T00:00,2017-08-20,0,26.96,27.16,25.99,27.12,27.5,26.64,26.52,26.55,27.33,27.13
2017-08-20T01:00,2017-08-20,1,26.67,26.84,25.74,26.86,27.2,25.95,26.37,26.46,26.99,26.9
2017-08-20T02:00,2017-08-20,2,26.38,26.61,25.4,26.56,26.65,25.61,26.15,26.22,26.65,26.69
2017-08-20T03:00,2017-08-20,3,26.2,26.49,25.27,26.36,26.48,25.39,26.0,26.11,26.37,26.39
2017-08-20T04:00,2017-08-20,4,26.01,26.25,25.02,26.2,26.4,25.21,25.85,25.99,26.14,26.24
2017-08-20T05:00,2017-08-20,5,25.87,26.13,24.76,26.05,26.19,25.16,25.8,25.89,25.93,26.07
2017-08-20T06:00,2017-08-20,6,26.14,26.38,25.18,26.19,26.37,25.72,26.01,26.06,26.28,26.38
2017-08-20T07:00,2017-08-20,7,27.22,27.41,26.6,27.33,27.59,26.54,26.88,26.98,27.39,27.53
2017-08-20T08:00,2017-08-20,8,28.31,28.43,28.09,28.45,28.58,27.56,27.87,28.09,28.51,28.62
2017-08-20T09:00,2017-08-20,9,29.33,29.55,29.35,29.35,29.43,28.46,29.04,29.08,29.45,29.5
2017-08-20T10:00,2017-08-20,10,30.28,30.52,30.29,30.45,30.29,29.53,30.01,29.94,30.45,30.22
2017-08-20T11:00,2017-08-20,11,31.02,31.25,31.11,31.16,31.06,30.54,30.73,30.44,31.12,30.92
2017-08-20T12:00,2017-08-20,12,31.45,31.69,31.28,31.53,31.64,31.23,31.28,30.56,31.75,31.17
2017-08-20T13:00,2017-08-20,13,31.58,31.99,31.1,31.66,31.85,31.79,30.73,30.79,32.03,31.28
2017-08-20T14:00,2017-08-20,14,31.41,31.81,29.96,31.58,31.71,32.33,30.71,30.41,32.04,31.05
2017-08-20T15:00,2017-08-20,15,31.04,31.35,29.64,31.4,30.69,32.33,30.34,30.57,31.42,30.89
2017-08-20T16:00,2017-08-20,16,30.52,30.97,28.89,30.97,30.55,30.92,29.86,29.96,31.01,30.3
2017-08-20T17:00,2017-08-20,17,29.87,29.96,28.26,30.21,30.14,30.4,29.49,29.55,30.41,29.95
2017-08-20T18:00,2017-08-20,18,29.58,29.62,28.06,29.5,30.59,29.99,28.99,29.05,30.12,30.03
2017-08-20T19:00,2017-08-20,19,28.5,28.47,27.29,28.56,29.28,28.86,28.01,28.07,28.9,28.94
2017-08-20T20:00,2017-08-20,20,27.99,28.0,26.89,27.96,28.34,28.38,27.72,27.76,28.3,28.38
2017-08-20T21:00,2017-08-20,21,27.58,27.57,26.55,27.56,27.85,28.01,27.44,27.34,27.8,27.98
2017-08-20T22:00,2017-08-20,22,27.24,27.19,26.18,27.3,27.72,27.69,27.11,26.97,27.38,27.66
2017-08-20T23:00,2017-08-20,23,26.98,26.98,25.96,27.0,27.46,27.29,26.84,26.68,27.04,27.46
2017-08-21T00:00,2017-08-21,0,26.71,26.8,25.74,26.81,27.28,26.35,26.63,26.45,26.74,27.2
2017-08-21T01:00,2017-08-21,1,26.47,26.64,25.51,26.51,26.92,25.73,26.4,26.41,26.45,27.05
2017-08-21T02:00,2017-08-21,2,26.21,26.31,25.31,26.24,26.54,25.4,26.24,26.3,26.22,26.78
2017-08-21T03:00,2017-08-21,3,25.95,26.13,24.49,26.14,26.11,25.13,26.03,26.07,26.03,26.63
2017-08-21T04:00,2017-08-21,4,25.77,25.96,24.56,25.87,25.95,24.92,25.82,25.99,25.92,26.22
2017-08-21T05:00,2017-08-21,5,25.65,25.81,24.57,25.67,25.69,24.87,25.69,26.22,25.81,26.01
2017-08-21T06:00,2017-08-21,6,26.14,26.4,25.12,26.11,25.74,25.17,26.28,26.59,26.42,26.58
2017-08-21T07:00,2017-08-21,7,27.37,27.79,26.37,27.42,26.69,26.14,27.49,27.77,27.68,27.58
2017-08-21T08:00,2017-08-21,8,28.52,28.97,27.82,28.72,28.0,27.11,28.61,28.57,28.8,28.53
2017-08-21T09:00,2017-08-21,9,29.56,29.92,29.13,29.83,29.05,28.19,29.64,29.4,29.91,29.53
2017-08-21T10:00,2017-08-21,10,30.5,30.7,30.4,30.68,30.15,29.52,30.5,30.19,30.77,30.55
2017-08-21T11:00,2017-08-21,11,31.22,31.3,30.82,31.3,31.18,30.72,31.18,30.83,31.58,31.43
2017-08-21T12:00,2017-08-21,12,31.37,31.84,29.38,31.93,32.02,31.24,31.79,31.29,31.37,30.42
2017-08-21T13:00,2017-08-21,13,31.48,32.32,29.5,31.32,32.66,32.05,32.07,30.98,31.25,29.86
2017-08-21T14:00,2017-08-21,14,31.15,32.17,29.54,30.74,30.14,32.45,31.78,29.52,31.73,29.74
2017-08-21T15:00,2017-08-21,15,30.74,31.79,29.1,29.97,29.96,32.08,30.26,29.3,31.53,30.29
2017-08-21T16:00,2017-08-21,16,30.22,30.73,28.42,30.18,30.23,30.16,29.58,29.36,31.04,30.55
2017-08-21T17:00,2017-08-21,17,29.67,30.15,27.56,29.45,30.27,29.15,29.24,29.38,30.14,30.29
2017-08-21T18:00,2017-08-21,18,29.88,30.17,28.22,30.01,30.21,30.52,29.75,29.28,30.16,29.77
2017-08-21T19:00,2017-08-21,19,28.85,29.1,27.58,29.01,28.94,29.44,28.78,28.34,29.07,28.65
2017-08-21T20:00,2017-08-21,20,28.37,28.57,26.91,28.51,28.62,28.91,28.23,28.03,28.54,28.51
2017-08-21T21:00,2017-08-21,21,27.91,28.18,25.91,28.1,28.31,28.3,27.91,27.79,28.21,27.79
2017-08-21T22:00,2017-08-21,22,27.56,28.01,24.96,27.66,27.85,27.93,27.73,27.62,27.86,27.43
2017-08-21T23:00,2017-08-21,23,27.28,27.81,24.69,27.27,27.6,27.47,27.52,27.45,27.57,27.03
2017-08-22T00:00,2017-08-22,0,26.98,27.68,24.8,26.32,27.41,26.44,27.35,27.28,27.29,26.84
2017-08-22T01:00,2017-08-22,1,26.65,27.35,24.66,25.3,27.58,25.49,27.17,27.02,27.08,26.8
2017-08-22T02:00,2017-08-22,2,26.34,26.77,24.62,25.07,26.96,25.29,26.94,26.88,26.96,26.65
2017-08-22T03:00,2017-08-22,3,26.02,26.26,24.59,24.92,25.75,25.13,26.8,26.33,26.89,26.56
2017-08-22T04:00,2017-08-22,4,25.83,25.84,24.49,24.78,25.65,25.09,26.7,25.99,26.74,26.58
2017-08-22T05:00,2017-08-22,5,25.61,25.53,24.49,24.72,25.26,24.99,26.62,25.45,26.6,26.27
2017-08-22T06:00,2017-08-22,6,26.02,26.09,24.74,25.18,25.54,25.37,26.94,26.37,26.98,26.35
2017-08-22T07:00,2017-08-22,7,26.76,26.95,25.08,26.05,26.31,26.27,27.76,26.82,27.64,26.97
2017-08-22T08:00,2017-08-22,8,27.43,27.61,25.5,26.45,27.64,27.83,28.67,27.56,27.97,27.31
2017-08-22T09:00,2017-08-22,9,28.34,28.52,27.07,27.49,28.98,28.95,28.97,28.36,28.64,27.98
2017-08-22T10:00,2017-08-22,10,29.22,29.31,27.93,29.13,29.6,29.98,29.65,29.21,28.99,29.18
2017-08-22T11:00,2017-08-22,11,30.12,30.64,28.68,29.67,30.54,31.03,29.5,30.03,30.14,30.22
2017-08-22T12:00,2017-08-22,12,30.68,31.36,27.86,30.25,31.38,31.71,30.41,29.39,31.01,31.07
2017-08-22T13:00,2017-08-22,13,31.11,31.89,28.72,30.83,32.0,32.01,30.66,29.48,31.52,30.95
2017-08-22T14:00,2017-08-22,14,30.78,31.1,28.98,30.57,31.13,32.5,30.73,29.78,31.26,30.3
2017-08-22T15:00,2017-08-22,15,30.12,30.47,27.6,29.99,30.82,32.57,30.46,28.43,30.13,29.88
2017-08-22T16:00,2017-08-22,16,29.76,30.13,27.05,28.79,30.67,31.6,30.14,28.21,30.38,30.02
2017-08-22T17:00,2017-08-22,17,29.45,29.93,26.57,28.09,30.39,30.54,29.61,28.07,30.39,30.14
2017-08-22T18:00,2017-08-22,18,28.93,29.18,26.38,28.23,29.69,30.18,29.23,28.03,29.59,29.2
2017-08-22T19:00,2017-08-22,19,28.06,28.26,26.13,27.45,28.3,29.21,28.31,27.57,28.67,28.17
2017-08-22T20:00,2017-08-22,20,27.68,27.94,25.83,26.99,28.09,28.6,27.98,27.32,28.14,27.77
2017-08-22T21:00,2017-08-22,21,27.31,27.47,25.79,26.68,27.6,28.21,27.64,27.04,27.71,27.35
2017-08-22T22:00,2017-08-22,22,26.91,26.97,25.46,26.07,27.39,27.11,27.4,27.01,27.52,27.15
2017-08-22T23:00,2017-08-22,23,26.56,26.55,25.29,25.7,27.31,26.29,27.26,26.73,27.19,26.69
2017-08-23T00:00,2017-08-23,0,26.23,26.02,25.24,25.43,26.89,25.72,27.09,26.37,26.86,26.62
2017-08-23T01:00,2017-08-23,1,25.9,25.65,25.17,25.28,26.19,25.43,26.7,25.91,26.58,26.31
2017-08-23T02:00,2017-08-23,2,25.71,25.53,24.99,25.06,26.04,25.37,26.16,25.76,26.47,26.13
2017-08-23T03:00,2017-08-23,3,25.53,25.37,24.88,24.94,25.82,25.25,25.98,25.51,26.23,25.87
2017-08-23T04:00,2017-08-23,4,25.32,24.97,24.73,24.83,25.51,25.13,25.87,25.4,26.09,25.71
2017-08-23T05:00,2017-08-23,5,25.19,24.86,24.71,24.83,25.23,25.14,25.79,25.2,25.84,25.49
2017-08-23T06:00,2017-08-23,6,25.66,25.53,24.91,25.16,25.68,25.41,25.98,25.71,26.36,26.14
2017-08-23T07:00,2017-08-23,7,26.51,26.32,25.96,26.16,26.05,25.99,26.65,26.35,27.14,27.7
2017-08-23T08:00,2017-08-23,8,27.4,27.27,26.83,27.24,26.37,26.95,27.34,27.14,27.95,28.98
2017-08-23T09:00,2017-08-23,9,28.24,28.0,27.93,28.29,26.97,28.41,27.98,28.15,28.44,29.88
2017-08-23T10:00,2017-08-23,10,28.61,28.61,28.66,28.44,27.79,29.3,28.44,27.73,28.38,29.8
2017-08-23T11:00,2017-08-23,11,28.96,28.62,29.38,28.55,29.09,30.2,29.28,28.38,28.71,29.38
2017-08-23T12:00,2017-08-23,12,29.24,28.69,29.55,29.16,30.6,31.06,29.02,27.63,29.04,29.71
2017-08-23T13:00,2017-08-23,13,29.42,29.21,27.75,28.89,31.32,31.75,28.4,28.0,29.73,30.46
2017-08-23T14:00,2017-08-23,14,29.88,30.18,27.95,29.64,30.39,32.06,29.06,28.64,30.31,30.1
2017-08-23T15:00,2017-08-23,15,29.93,30.6,28.63,29.67,29.39,31.0,29.07,29.59,30.04,30.18
2017-08-23T16:00,2017-08-23,16,29.78,30.61,28.53,29.34,29.23,30.35,29.24,29.7,29.69,29.85
2017-08-23T17:00,2017-08-23,17,29.47,30.21,27.92,29.14,29.61,30.04,28.99,29.3,29.34,29.44
2017-08-23T18:00,2017-08-23,18,29.68,29.99,27.77,29.18,30.18,30.32,29.09,29.09,30.28,30.38
2017-08-23T19:00,2017-08-23,19,28.6,28.78,27.25,28.4,29.18,29.18,28.01,28.06,28.88,29.19
2017-08-23T20:00,2017-08-23,20,28.16,28.35,26.91,28.01,28.49,28.81,27.7,27.62,28.45,28.61
2017-08-23T21:00,2017-08-23,21,27.91,28.23,26.87,27.74,28.23,28.52,27.43,27.39,27.97,28.17
2017-08-23T22:00,2017-08-23,22,27.57,27.85,26.64,27.45,27.74,27.74,27.2,27.23,27.66,27.94
2017-08-23T23:00,2017-08-23,23,27.26,27.64,26.17,27.18,27.39,26.75,27.03,26.87,27.47,27.69
2017-08-24T00:00,2017-08-24,0,26.97,27.35,25.78,26.81,27.02,26.11,26.8,26.76,27.37,27.47
2017-08-24T01:00,2017-08-24,1,26.69,27.13,25.49,26.51,26.76,25.64,26.59,26.6,27.13,27.03
2017-08-24T02:00,2017-08-24,2,26.41,26.84,25.19,26.22,26.17,25.5,26.43,26.28,26.85,26.84
2017-08-24T03:00,2017-08-24,3,26.18,26.58,24.96,25.89,25.93,25.41,26.16,26.09,26.63,26.66
2017-08-24T04:00,2017-08-24,4,26.0,26.35,24.69,25.77,25.77,25.31,26.1,25.95,26.39,26.5
2017-08-24T05:00,2017-08-24,5,25.87,26.23,24.7,25.62,25.59,25.28,25.96,25.9,26.1,26.35
2017-08-24T06:00,2017-08-24,6,26.06,26.36,24.9,25.85,25.61,25.45,26.19,25.93,26.5,26.55
2017-08-24T07:00,2017-08-24,7,26.91,27.17,25.77,26.61,26.14,25.9,27.14,26.84,27.67,27.6
2017-08-24T08:00,2017-08-24,8,27.69,28.15,26.92,27.46,26.96,26.18,28.06,27.78,28.2,27.8
2017-08-24T09:00,2017-08-24,9,28.71,29.26,28.02,28.37,28.39,26.78,28.93,28.54,29.3,28.83
2017-08-24T10:00,2017-08-24,10,29.6,30.15,28.57,28.85,29.23,28.15,29.87,29.47,30.25,30.08
2017-08-24T11:00,2017-08-24,11,29.69,29.23,29.33,29.57,30.22,28.77,30.08,28.6,30.4,30.83
2017-08-24T12:00,2017-08-24,12,30.0,29.12,30.72,30.27,30.91,29.99,29.21,28.39,30.72,31.51
2017-08-24T13:00,2017-08-24,13,30.18,29.97,30.22,30.08,30.64,31.05,28.52,29.38,30.22,32.03
2017-08-24T14:00,2017-08-24,14,30.35,30.7,30.04,30.53,30.41,31.49,29.26,30.34,29.47,30.85
2017-08-24T15:00,2017-08-24,15,30.48,31.01,29.59,30.76,30.07,31.57,30.21,30.45,30.22,29.7
2017-08-24T16:00,2017-08-24,16,30.3,30.7,29.1,29.8,30.27,31.73,30.24,29.78,30.53,29.95
2017-08-24T17:00,2017-08-24,17,29.86,30.14,28.3,29.24,30.17,31.01,29.63,29.35,30.38,30.03
2017-08-24T18:00,2017-08-24,18,29.13,29.07,27.23,29.04,29.21,29.96,29.36,28.85,29.39,29.91
2017-08-24T19:00,2017-08-24,19,28.32,28.4,26.87,28.2,28.42,28.6,28.63,28.11,28.53,28.71
2017-08-24T20:00,2017-08-24,20,27.89,27.97,26.46,27.76,27.99,28.08,28.21,27.77,28.12,28.22
2017-08-24T21:00,2017-08-24,21,27.64,27.79,26.2,27.47,27.67,28.1,27.9,27.65,27.8,27.85
2017-08-24T22:00,2017-08-24,22,27.38,27.46,26.03,27.34,27.45,27.77,27.68,27.39,27.51,27.54
2017-08-24T23:00,2017-08-24,23,27.12,27.18,25.92,27.06,27.24,27.38,27.42,27.25,27.29,27.19
2017-08-25T00:00,2017-08-25,0,26.87,26.91,25.72,26.74,27.16,26.95,27.15,27.04,27.04,27.01
2017-08-25T01:00,2017-08-25,1,26.59,26.67,25.48,26.38,26.81,26.42,26.92,26.71,26.85,26.8
2017-08-25T02:00,2017-08-25,2,26.33,26.38,25.25,26.07,26.41,26.22,26.62,26.48,26.62,26.68
2017-08-25T03:00,2017-08-25,3,25.94,25.65,25.11,25.65,26.01,26.04,26.42,26.33,26.38,26.38
2017-08-25T04:00,2017-08-25,4,25.77,25.49,24.96,25.57,25.86,25.83,26.19,26.16,26.19,26.15
2017-08-25T05:00,2017-08-25,5,25.63,25.39,24.77,25.49,25.74,25.74,25.92,26.06,26.04,25.91
2017-08-25T06:00,2017-08-25,6,25.78,25.49,24.92,25.6,25.65,25.81,26.31,26.07,26.27,26.25
2017-08-25T07:00,2017-08-25,7,26.77,26.66,25.74,26.52,26.62,26.29,27.05,26.95,27.59,27.25
2017-08-25T08:00,2017-08-25,8,27.83,27.98,26.73,27.49,27.83,26.81,27.97,27.69,28.68,28.25
2017-08-25T09:00,2017-08-25,9,28.92,29.28,27.64,28.54,29.07,27.57,28.9,28.69,29.69,29.47
2017-08-25T10:00,2017-08-25,10,29.86,30.12,28.47,29.55,30.13,28.63,29.88,29.78,30.58,30.47
2017-08-25T11:00,2017-08-25,11,30.56,30.73,29.16,30.18,30.93,29.2,30.7,30.17,31.42,31.37
2017-08-25T12:00,2017-08-25,12,31.14,31.38,29.85,30.7,31.59,29.02,31.31,30.69,32.07,32.04
2017-08-25T13:00,2017-08-25,13,31.16,31.36,29.95,30.06,31.83,29.3,31.55,29.37,32.48,32.56
2017-08-25T14:00,2017-08-25,14,31.14,31.13,30.15,29.86,32.18,29.56,30.93,29.99,32.62,32.79
2017-08-25T15:00,2017-08-25,15,30.94,31.02,29.31,29.98,32.02,29.56,30.41,29.86,32.26,32.77
2017-08-25T16:00,2017-08-25,16,30.52,30.74,28.15,30.02,31.53,29.57,29.81,29.35,31.53,32.51
2017-08-25T17:00,2017-08-25,17,29.86,29.98,27.63,29.12,31.11,29.14,29.5,29.17,30.4,31.89
2017-08-25T18:00,2017-08-25,18,29.5,29.64,27.5,28.8,30.22,29.93,29.41,28.63,29.93,30.81
2017-08-25T19:00,2017-08-25,19,28.72,28.82,26.95,28.28,29.36,28.83,28.77,28.18,29.2,29.52
2017-08-25T20:00,2017-08-25,20,28.3,28.35,26.67,27.96,28.78,28.42,28.33,27.97,28.74,29.05
2017-08-25T21:00,2017-08-25,21,27.96,27.97,26.47,27.62,28.38,27.91,28.03,27.68,28.42,28.78
2017-08-25T22:00,2017-08-25,22,27.67,27.72,26.32,27.3,28.02,27.44,27.68,27.49,28.23,28.4
2017-08-25T23:00,2017-08-25,23,27.33,27.45,25.99,26.97,27.52,26.74,27.42,27.16,27.93,28.0
2017-08-26T00:00,2017-08-26,0,26.99,27.21,25.7,26.33,27.15,26.29,27.09,26.92,27.63,27.77
2017-08-26T01:00,2017-08-26,1,26.64,26.86,25.45,25.93,26.72,26.07,26.9,26.47,27.31,27.18
2017-08-26T02:00,2017-08-26,2,26.29,26.52,24.9,25.7,26.32,25.99,26.68,26.05,26.91,26.65
2017-08-26T03:00,2017-08-26,3,26.02,26.22,24.72,25.49,26.35,25.66,26.36,26.0,26.57,26.14
2017-08-26T04:00,2017-08-26,4,25.87,26.03,24.68,25.42,26.07,25.5,26.22,25.95,26.4,25.97
2017-08-26T05:00,2017-08-26,5,25.65,25.85,24.63,25.25,24.85,25.5,26.03,25.92,26.32,25.75
2017-08-26T06:00,2017-08-26,6,25.92,26.11,24.59,25.62,25.36,25.62,26.33,26.02,26.57,26.23
2017-08-26T07:00,2017-08-26,7,26.65,26.78,24.75,26.19,25.67,26.16,27.37,26.63,27.88,27.2
2017-08-26T08:00,2017-08-26,8,27.4,27.46,24.98,27.19,26.27,26.32,28.37,27.21,28.96,28.26
2017-08-26T09:00,2017-08-26,9,28.4,28.88,25.05,28.07,27.9,26.91,29.21,28.24,29.6,29.4
2017-08-26T10:00,2017-08-26,10,29.31,30.02,25.38,28.71,29.65,27.13,30.08,28.91,30.55,30.5
2017-08-26T11:00,2017-08-26,11,29.91,30.66,25.69,28.86,30.49,27.61,30.77,29.65,31.29,31.27
2017-08-26T12:00,2017-08-26,12,30.13,30.99,25.84,28.5,30.87,28.22,31.19,28.81,31.45,31.99
2017-08-26T13:00,2017-08-26,13,30.07,30.9,26.17,28.51,31.13,28.98,30.41,27.6,31.28,32.37
2017-08-26T14:00,2017-08-26,14,29.94,30.41,26.51,28.61,30.61,29.13,29.86,27.27,31.78,32.4
2017-08-26T15:00,2017-08-26,15,29.44,29.42,26.48,28.46,30.51,29.15,29.42,27.89,30.86,31.54
2017-08-26T16:00,2017-08-26,16,28.95,29.1,26.33,28.36,29.87,28.63,29.27,28.24,29.75,30.01
2017-08-26T17:00,2017-08-26,17,28.43,28.83,26.17,28.06,28.54,27.6,29.19,27.93,28.82,29.11
2017-08-26T18:00,2017-08-26,18,28.29,28.48,25.67,27.68,28.45,27.38,29.16,28.03,29.08,29.37
2017-08-26T19:00,2017-08-26,19,27.72,27.97,25.44,27.26,27.76,26.75,28.5,27.66,28.4,28.45
2017-08-26T20:00,2017-08-26,20,27.38,27.66,25.26,26.95,27.3,26.19,28.14,27.37,28.07,28.08
2017-08-26T21:00,2017-08-26,21,27.16,27.51,25.26,26.64,26.97,25.96,27.75,27.23,27.87,27.8
2017-08-26T22:00,2017-08-26,22,26.88,27.17,25.07,26.21,26.68,25.9,27.36,26.95,27.72,27.6
2017-08-26T23:00,2017-08-26,23,26.5,26.57,24.93,25.81,26.27,25.75,27.17,26.44,27.55,27.14
2017-08-27T00:00,2017-08-27,0,26.12,26.01,24.8,25.61,25.83,25.64,26.6,25.97,27.39,26.65
2017-08-27T01:00,2017-08-27,1,25.82,25.69,24.7,25.58,25.76,25.43,26.18,25.79,26.7,26.23
2017-08-27T02:00,2017-08-27,2,25.62,25.46,24.67,25.45,25.61,25.15,25.87,25.61,26.48,25.99
2017-08-27T03:00,2017-08-27,3,25.5,25.38,24.57,25.48,25.49,25.02,25.68,25.68,26.25,25.76
2017-08-27T04:00,2017-08-27,4,25.41,25.41,24.36,25.55,25.28,24.91,25.54,25.63,26.03,25.55
2017-08-27T05:00,2017-08-27,5,25.33,25.48,24.25,25.32,25.18,24.78,25.49,25.62,25.7,25.51
2017-08-27T06:00,2017-08-27,6,25.41,25.44,24.52,25.35,25.26,24.98,25.75,25.94,25.78,25.4
2017-08-27T07:00,2017-08-27,7,25.86,25.97,25.48,25.88,25.61,25.48,26.36,26.19,25.91,25.59
2017-08-27T08:00,2017-08-27,8,26.39,26.54,26.29,26.76,25.9,26.36,27.04,26.69,26.11,25.59
2017-08-27T09:00,2017-08-27,9,27.17,27.34,27.81,27.98,26.38,27.7,27.74,26.91,26.76,25.6
2017-08-27T10:00,2017-08-27,10,27.91,27.96,28.95,28.4,27.37,28.98,28.27,27.53,27.94,25.93
2017-08-27T11:00,2017-08-27,11,28.8,29.28,29.93,29.25,28.34,30.3,28.93,28.14,28.23,26.42
2017-08-27T12:00,2017-08-27,12,29.29,29.01,30.86,30.42,29.42,31.48,29.11,29.13,28.33,27.42
2017-08-27T13:00,2017-08-27,13,29.61,29.4,30.66,30.79,30.51,32.4,28.65,28.63,28.5,28.34
2017-08-27T14:00,2017-08-27,14,29.9,30.26,30.2,30.95,31.15,32.8,28.15,28.54,27.91,29.64
2017-08-27T15:00,2017-08-27,15,29.7,29.39,29.36,30.33,31.63,32.77,28.07,28.86,28.57,30.12
2017-08-27T16:00,2017-08-27,16,29.23,28.7,27.95,29.16,31.02,32.52,27.59,29.08,29.2,30.05
2017-08-27T17:00,2017-08-27,17,28.73,28.23,27.47,28.77,30.52,30.96,27.45,28.46,28.61,29.9
2017-08-27T18:00,2017-08-27,18,28.95,29.21,28.13,29.14,30.12,30.47,28.03,28.31,28.09,29.17
2017-08-27T19:00,2017-08-27,19,28.17,28.44,27.07,28.51,29.17,29.27,27.51,27.81,27.59,28.08
2017-08-27T20:00,2017-08-27,20,27.85,28.2,26.94,28.19,28.42,28.57,27.33,27.55,27.29,27.76
2017-08-27T21:00,2017-08-27,21,27.6,27.96,26.95,27.8,28.16,27.65,27.21,27.36,27.22,27.52
2017-08-27T22:00,2017-08-27,22,27.35,27.72,26.63,27.6,27.94,26.89,27.11,27.14,27.11,27.25
2017-08-27T23:00,2017-08-27,23,27.12,27.48,26.27,27.46,27.62,26.58,26.85,26.8,27.04,26.99
2017-08-28T00:00,2017-08-28,0,26.92,27.33,26.06,27.09,27.41,26.01,26.66,26.6,27.03,26.91
2017-08-28T01:00,2017-08-28,1,26.71,27.14,25.67,26.87,26.95,25.67,26.54,26.59,26.9,26.83
2017-08-28T02:00,2017-08-28,2,26.51,26.91,25.45,26.61,26.31,25.41,26.47,26.62,26.76,26.8
2017-08-28T03:00,2017-08-28,3,26.34,26.73,25.22,26.35,26.06,25.26,26.26,26.48,26.63,26.75
2017-08-28T04:00,2017-08-28,4,26.17,26.44,25.18,26.27,25.85,25.14,26.16,26.22,26.48,26.65
2017-08-28T05:00,2017-08-28,5,26.02,26.3,24.86,26.15,25.74,25.09,26.04,26.0,26.35,26.44
2017-08-28T06:00,2017-08-28,6,26.18,26.47,25.25,26.26,25.72,25.35,26.1,26.25,26.53,26.56
2017-08-28T07:00,2017-08-28,7,26.99,27.2,26.46,27.12,26.47,26.49,26.65,26.8,27.34,27.43
2017-08-28T08:00,2017-08-28,8,27.88,28.05,27.78,28.06,27.63,27.97,27.25,27.41,27.94,28.21
2017-08-28T09:00,2017-08-28,9,28.81,28.88,28.96,29.11,29.02,29.33,28.14,27.79,28.54,29.19
2017-08-28T10:00,2017-08-28,10,29.54,29.88,30.03,29.32,30.14,29.78,28.79,28.1,29.06,30.02
2017-08-28T11:00,2017-08-28,11,29.81,29.24,30.69,29.5,31.23,30.62,29.63,28.76,29.41,30.6
2017-08-28T12:00,2017-08-28,12,30.13,29.48,31.05,30.33,30.57,31.61,29.72,28.66,30.09,30.84
2017-08-28T13:00,2017-08-28,13,29.91,30.51,28.66,29.61,29.69,31.19,29.37,28.77,30.39,29.62
2017-08-28T14:00,2017-08-28,14,29.92,30.42,28.8,29.49,30.44,31.66,29.15,29.74,29.78,29.55
2017-08-28T15:00,2017-08-28,15,29.59,29.82,29.01,29.77,29.76,30.31,29.4,29.88,29.45,28.88
2017-08-28T16:00,2017-08-28,16,29.33,29.59,28.96,29.52,29.79,29.51,29.43,29.29,29.37,28.15
2017-08-28T17:00,2017-08-28,17,29.01,29.4,28.72,29.12,29.19,28.34,29.09,28.68,29.32,28.16
2017-08-28T18:00,2017-08-28,18,28.62,28.98,27.99,28.76,28.75,29.55,28.33,28.43,28.19,28.23
2017-08-28T19:00,2017-08-28,19,27.99,28.29,27.02,28.18,28.27,28.61,27.85,28.06,27.67,27.63
2017-08-28T20:00,2017-08-28,20,27.63,27.87,26.83,27.78,27.68,28.1,27.63,27.76,27.44,27.25
2017-08-28T21:00,2017-08-28,21,27.45,27.72,26.76,27.61,27.37,27.83,27.45,27.49,27.33,27.02
2017-08-28T22:00,2017-08-28,22,27.24,27.54,26.36,27.43,27.14,27.45,27.25,27.36,27.31,26.78
2017-08-28T23:00,2017-08-28,23,27.03,27.28,26.08,27.23,26.97,27.1,27.01,27.22,27.2,26.62
2017-08-29T00:00,2017-08-29,0,26.85,27.01,25.89,27.0,26.92,26.8,26.93,27.08,27.06,26.55
2017-08-29T01:00,2017-08-29,1,26.65,26.85,25.63,26.73,26.71,26.29,26.79,27.1,26.81,26.44
2017-08-29T02:00,2017-08-29,2,26.42,26.59,25.38,26.59,26.54,25.9,26.52,26.57,26.67,26.37
2017-08-29T03:00,2017-08-29,3,26.19,26.45,25.21,26.17,26.29,25.44,26.39,26.19,26.41,26.27
2017-08-29T04:00,2017-08-29,4,25.99,26.35,25.06,26.06,26.09,25.28,26.03,25.54,26.22,26.07
2017-08-29T05:00,2017-08-29,5,25.8,26.12,24.75,25.68,25.97,25.05,25.82,25.65,26.13,26.01
2017-08-29T06:00,2017-08-29,6,25.77,25.69,25.36,25.73,25.58,25.33,25.74,25.73,26.39,26.12
2017-08-29T07:00,2017-08-29,7,26.72,26.76,26.41,26.73,26.36,25.95,26.54,26.76,27.22,27.17
2017-08-29T08:00,2017-08-29,8,27.75,27.81,27.88,27.9,27.5,27.09,27.25,27.54,27.97,28.24
2017-08-29T09:00,2017-08-29,9,28.81,28.91,28.97,29.05,28.54,28.44,28.31,28.32,28.79,29.35
2017-08-29T10:00,2017-08-29,10,29.7,29.85,29.91,29.54,29.71,29.52,28.94,29.11,29.98,30.17
2017-08-29T11:00,2017-08-29,11,30.26,30.91,28.69,29.97,30.54,30.52,29.43,29.13,30.84,30.57
2017-08-29T12:00,2017-08-29,12,30.22,30.03,29.95,30.3,30.41,31.22,28.78,29.11,31.09,31.11
2017-08-29T13:00,2017-08-29,13,29.72,29.22,30.04,29.88,30.35,31.77,28.39,27.77,29.55,31.43
2017-08-29T14:00,2017-08-29,14,29.77,29.75,29.5,29.65,30.33,31.09,28.86,28.37,29.39,31.03
2017-08-29T15:00,2017-08-29,15,29.45,29.79,28.71,28.87,29.75,31.04,28.57,28.27,29.68,29.8
2017-08-29T16:00,2017-08-29,16,28.81,29.0,27.11,27.92,29.73,29.66,28.22,27.4,29.53,29.98
2017-08-29T17:00,2017-08-29,17,28.47,28.42,26.44,27.41,29.52,29.29,28.29,27.41,29.22,30.02
2017-08-29T18:00,2017-08-29,18,28.8,28.81,27.67,28.64,29.34,30.04,27.91,27.97,28.82,29.99
2017-08-29T19:00,2017-08-29,19,27.97,27.95,27.16,27.83,28.39,29.12,27.2,27.39,27.91,28.93
2017-08-29T20:00,2017-08-29,20,27.45,27.42,26.76,27.33,27.84,28.55,26.86,27.04,27.39,28.15
2017-08-29T21:00,2017-08-29,21,27.03,27.0,26.21,26.97,27.42,27.99,26.6,26.8,26.93,27.65
2017-08-29T22:00,2017-08-29,22,26.72,26.63,25.91,26.67,27.17,27.58,26.37,26.63,26.62,27.35
2017-08-29T23:00,2017-08-29,23,26.5,26.4,25.82,26.41,26.86,27.2,26.25,26.55,26.36,27.06
2017-08-30T00:00,2017-08-30,0,26.32,26.24,25.75,26.19,26.67,26.68,26.15,26.49,26.17,26.9
2017-08-30T01:00,2017-08-30,1,26.15,26.19,25.44,26.03,26.39,26.34,26.0,26.39,26.01,26.63
2017-08-30T02:00,2017-08-30,2,26.04,26.16,25.41,25.98,26.14,26.18,25.9,26.17,25.9,26.41
2017-08-30T03:00,2017-08-30,3,25.9,26.0,25.36,25.82,25.89,26.07,25.84,26.04,25.79,26.12
2017-08-30T04:00,2017-08-30,4,25.73,25.82,25.13,25.66,25.77,25.88,25.78,26.09,25.57,25.88
2017-08-30T05:00,2017-08-30,5,25.59,25.7,25.11,25.64,25.51,25.44,25.72,25.94,25.44,25.67
2017-08-30T06:00,2017-08-30,6,25.85,26.0,25.31,25.99,25.84,25.46,26.0,26.01,25.72,25.93
2017-08-30T07:00,2017-08-30,7,27.0,27.34,26.36,27.19,26.63,25.96,27.28,27.02,27.13,26.93
2017-08-30T08:00,2017-08-30,8,28.08,28.45,27.6,28.32,27.36,26.53,28.36,28.17,28.5,27.92
2017-08-30T09:00,2017-08-30,9,28.97,29.31,28.52,29.34,28.31,27.55,28.99,29.34,29.43,28.66
2017-08-30T10:00,2017-08-30,10,29.59,30.13,27.01,29.67,29.36,28.49,29.89,29.93,30.37,29.61
2017-08-30T11:00,2017-08-30,11,30.16,30.94,27.56,30.49,30.14,29.42,29.7,29.27,30.97,30.33
2017-08-30T12:00,2017-08-30,12,29.99,30.29,28.55,29.17,30.99,29.86,28.9,28.01,31.51,31.02
2017-08-30T13:00,2017-08-30,13,29.8,29.98,27.66,28.53,31.47,30.5,28.57,28.27,31.16,31.28
2017-08-30T14:00,2017-08-30,14,29.31,28.99,27.39,28.8,29.78,30.61,28.82,29.29,29.69,31.17
2017-08-30T15:00,2017-08-30,15,29.13,28.9,27.71,29.31,29.37,30.03,29.19,29.61,28.79,29.94
2017-08-30T16:00,2017-08-30,16,29.01,29.08,27.8,28.69,29.39,28.86,29.33,29.27,29.21,29.35
2017-08-30T17:00,2017-08-30,17,28.99,29.22,27.51,28.55,29.36,28.83,29.19,28.79,29.39,29.37
2017-08-30T18:00,2017-08-30,18,28.81,29.16,27.02,28.46,29.05,28.26,29.18,28.32,29.28,29.22
2017-08-30T19:00,2017-08-30,19,28.04,28.29,26.45,27.77,28.28,27.64,28.41,27.65,28.46,28.4
2017-08-30T20:00,2017-08-30,20,27.74,28.04,26.09,27.41,27.99,27.33,28.03,27.48,28.12,28.13
2017-08-30T21:00,2017-08-30,21,27.5,27.78,25.93,27.21,27.63,27.12,27.83,27.3,27.81,27.93
2017-08-30T22:00,2017-08-30,22,27.27,27.51,25.85,27.07,27.31,26.64,27.61,27.24,27.58,27.7
2017-08-30T23:00,2017-08-30,23,27.1,27.34,25.64,26.87,27.13,26.28,27.51,27.23,27.47,27.54
2017-08-31T00:00,2017-08-31,0,26.86,27.1,25.37,26.69,26.68,25.95,27.32,27.14,27.29,27.25
2017-08-31T01:00,2017-08-31,1,26.61,26.83,25.22,26.44,26.19,25.79,27.12,27.04,27.14,26.82
2017-08-31T02:00,2017-08-31,2,26.36,26.71,24.88,26.28,25.68,25.39,26.88,26.83,26.88,26.45
2017-08-31T03:00,2017-08-31,3,26.08,26.47,24.6,25.98,25.38,25.23,26.58,26.62,26.66,26.0
2017-08-31T04:00,2017-08-31,4,25.77,26.19,24.47,25.34,25.15,25.14,26.31,25.96,26.47,25.54
2017-08-31T05:00,2017-08-31,5,25.56,26.0,24.4,24.93,24.93,24.97,26.27,25.63,26.18,25.42
2017-08-31T06:00,2017-08-31,6,25.83,26.41,24.45,25.07,25.04,25.23,26.71,25.8,26.55,25.56
2017-08-31T07:00,2017-08-31,7,26.65,27.28,24.83,25.9,25.91,25.84,27.85,26.7,27.69,25.95
2017-08-31T08:00,2017-08-31,8,27.47,28.08,25.39,26.8,26.77,26.53,28.79,27.75,28.72,26.48
2017-08-31T09:00,2017-08-31,9,28.27,28.49,26.07,27.87,28.07,27.48,29.66,28.69,29.51,27.48
2017-08-31T10:00,2017-08-31,10,28.93,28.93,26.38,28.87,29.01,28.49,29.7,29.12,30.38,28.71
2017-08-31T11:00,2017-08-31,11,29.52,29.82,26.85,29.42,30.14,29.57,28.97,28.24,31.42,29.57
2017-08-31T12:00,2017-08-31,12,29.64,30.1,27.82,28.55,30.99,30.58,28.69,27.17,30.98,30.28
2017-08-31T13:00,2017-08-31,13,29.31,29.22,27.58,28.24,31.13,31.04,28.93,27.55,30.05,30.19
2017-08-31T14:00,2017-08-31,14,29.14,29.26,27.29,28.24,28.37,30.33,29.53,28.67,29.69,30.34
2017-08-31T15:00,2017-08-31,15,29.47,29.92,27.34,29.58,28.82,28.09,29.95,29.3,29.99,30.27
2017-08-31T16:00,2017-08-31,16,29.32,29.63,27.4,28.94,29.47,28.13,29.35,29.24,29.94,30.44
2017-08-31T17:00,2017-08-31,17,29.0,29.39,27.14,28.53,29.37,28.33,28.8,28.56,29.91,29.52
2017-08-31T18:00,2017-08-31,18,28.36,28.67,25.83,28.14,28.03,27.8,28.96,28.34,29.3,28.78
2017-08-31T19:00,2017-08-31,19,27.76,28.05,25.55,27.47,27.65,27.44,28.22,27.81,28.52,28.02
2017-08-31T20:00,2017-08-31,20,27.47,27.81,25.33,27.18,27.34,27.16,27.87,27.47,28.14,27.71
2017-08-31T21:00,2017-08-31,21,27.25,27.55,25.23,27.08,27.16,26.81,27.7,27.3,27.84,27.45
2017-08-31T22:00,2017-08-31,22,26.99,27.38,24.84,26.75,26.9,26.27,27.45,27.16,27.53,27.35
2017-08-31T23:00,2017-08-31,23,26.67,27.14,24.66,26.55,26.45,25.74,27.16,27.06,26.98,26.89
2017-09-01T00:00,2017-09-01,0,26.32,26.84,24.54,26.16,25.85,25.53,26.84,26.67,26.72,26.27
2017-09-01T01:00,2017-09-01,1,25.99,26.54,24.33,25.63,25.47,25.33,26.58,26.44,26.41,25.73
2017-09-01T02:00,2017-09-01,2,25.61,25.96,24.25,25.11,25.24,25.19,26.3,26.13,26.05,25.46
2017-09-01T03:00,2017-09-01,3,25.23,25.12,24.06,24.93,25.08,25.05,26.07,25.7,25.67,25.39
2017-09-01T04:00,2017-09-01,4,25.13,25.05,24.09,24.91,24.92,24.95,25.71,25.61,25.56,25.35
2017-09-01T05:00,2017-09-01,5,25.02,25.01,23.97,24.88,24.95,24.85,25.22,25.38,25.49,25.29
2017-09-01T06:00,2017-09-01,6,25.46,25.63,24.29,25.1,25.25,25.25,26.14,25.52,25.98,25.35
2017-09-01T07:00,2017-09-01,7,26.03,26.38,24.61,25.54,26.06,25.84,26.32,25.78,26.73,25.98
2017-09-01T08:00,2017-09-01,8,26.64,27.29,25.11,25.89,27.21,26.29,26.49,25.97,27.23,26.67
2017-09-01T09:00,2017-09-01,9,27.33,28.19,25.65,26.29,28.33,27.16,26.62,26.02,28.03,27.67
2017-09-01T10:00,2017-09-01,10,27.71,27.96,26.53,26.35,29.18,27.81,26.98,26.14,29.0,28.48
2017-09-01T11:00,2017-09-01,11,27.97,27.96,26.46,26.81,29.41,28.06,27.6,26.82,28.79,29.43
2017-09-01T12:00,2017-09-01,12,28.11,28.27,26.48,27.13,29.1,28.55,27.45,27.06,28.31,30.11
2017-09-01T13:00,2017-09-01,13,28.37,28.97,27.11,27.85,28.26,27.48,28.03,27.02,29.35,28.97
2017-09-01T14:00,2017-09-01,14,28.59,29.64,26.59,27.95,28.82,28.08,28.38,26.74,29.12,28.99
2017-09-01T15:00,2017-09-01,15,28.47,28.62,26.08,27.89,28.74,29.09,28.73,26.98,29.31,29.58
2017-09-01T16:00,2017-09-01,16,28.0,28.38,26.05,27.45,28.86,28.22,28.34,26.68,28.22,28.59
2017-09-01T17:00,2017-09-01,17,27.58,28.28,25.92,26.99,27.56,26.83,27.61,26.81,28.04,28.11
2017-09-01T18:00,2017-09-01,18,27.35,27.86,25.44,27.09,27.62,26.85,27.02,26.62,27.8,28.2
2017-09-01T19:00,2017-09-01,19,26.91,27.44,25.26,26.64,27.17,26.66,26.54,26.48,27.18,27.45
2017-09-01T20:00,2017-09-01,20,26.51,27.18,25.03,26.29,26.58,26.18,26.14,26.3,26.62,26.75
2017-09-01T21:00,2017-09-01,21,26.18,26.7,24.97,26.03,26.17,26.01,25.97,26.24,26.2,26.28
2017-09-01T22:00,2017-09-01,22,25.87,26.12,24.67,25.95,25.83,25.93,25.92,26.16,25.86,25.84
2017-09-01T23:00,2017-09-01,23,25.65,25.77,24.57,25.68,25.67,25.7,25.79,26.05,25.79,25.65
2017-09-02T00:00,2017-09-02,0,25.55,25.73,24.52,25.51,25.52,25.56,25.78,25.81,25.56,25.6
2017-09-02T01:00,2017-09-02,1,25.46,25.74,24.35,25.32,25.38,25.46,25.72,25.66,25.44,25.46
2017-09-02T02:00,2017-09-02,2,25.39,25.73,24.23,25.25,25.24,25.41,25.67,25.54,25.35,25.41
2017-09-02T03:00,2017-09-02,3,25.4,25.75,24.29,25.26,25.17,25.25,25.7,25.44,25.41,25.44
2017-09-02T04:00,2017-09-02,4,25.35,25.71,24.3,25.22,25.19,25.11,25.74,25.3,25.34,25.35
2017-09-02T05:00,2017-09-02,5,25.26,25.53,24.42,25.1,25.07,25.05,25.56,25.25,25.34,25.29
2017-09-02T06:00,2017-09-02,6,25.32,25.4,24.44,25.23,25.36,25.3,25.76,25.55,25.45,25.22
2017-09-02T07:00,2017-09-02,7,25.83,25.9,24.87,25.74,25.73,26.03,26.48,25.87,26.01,25.59
2017-09-02T08:00,2017-09-02,8,26.32,26.4,25.15,26.19,26.27,27.13,27.08,26.1,26.42,25.96
2017-09-02T09:00,2017-09-02,9,26.96,26.88,26.1,26.69,26.72,28.0,27.79,26.51,27.11,26.86
2017-09-02T10:00,2017-09-02,10,27.55,27.3,26.96,27.33,27.32,28.65,28.37,27.2,27.58,27.64
2017-09-02T11:00,2017-09-02,11,27.88,27.59,27.04,27.73,27.46,28.71,28.46,27.97,28.22,28.25
2017-09-02T12:00,2017-09-02,12,28.43,28.77,27.82,27.81,28.39,29.28,28.15,28.62,28.33,28.48
2017-09-02T13:00,2017-09-02,13,28.81,29.45,27.62,28.62,29.09,28.84,28.0,28.85,28.76,28.95
2017-09-02T14:00,2017-09-02,14,28.55,28.99,27.17,28.5,28.63,29.13,28.25,28.21,28.81,28.35
2017-09-02T15:00,2017-09-02,15,28.59,28.92,27.52,28.43,28.77,28.52,28.84,28.3,28.45,28.8
2017-09-02T16:00,2017-09-02,16,27.97,28.14,26.29,27.83,28.21,27.88,28.48,28.14,28.13,28.14
2017-09-02T17:00,2017-09-02,17,27.67,28.07,25.8,27.58,27.97,26.93,27.94,28.11,27.93,27.72
2017-09-02T18:00,2017-09-02,18,27.05,27.47,25.66,27.06,26.94,26.73,27.6,27.6,26.93,26.68
2017-09-02T19:00,2017-09-02,19,26.54,26.64,25.28,26.55,26.36,26.35,27.25,27.13,26.62,26.4
2017-09-02T20:00,2017-09-02,20,26.34,26.42,25.07,26.44,26.15,25.97,27.02,26.94,26.49,26.23
2017-09-02T21:00,2017-09-02,21,26.2,26.35,24.93,26.15,26.12,25.65,26.87,26.73,26.42,26.07
2017-09-02T22:00,2017-09-02,22,26.01,26.23,24.61,25.97,25.75,25.52,26.7,26.54,26.35,25.75
2017-09-02T23:00,2017-09-02,23,25.81,25.88,24.59,25.8,25.61,25.47,26.49,26.27,26.2,25.63
2017-09-03T00:00,2017-09-03,0,25.62,25.69,24.54,25.41,25.47,25.27,26.28,26.14,25.99,25.5
2017-09-03T01:00,2017-09-03,1,25.49,25.66,24.58,25.27,25.03,25.13,26.13,25.99,25.78,25.34
2017-09-03T02:00,2017-09-03,2,25.35,25.49,24.42,25.08,24.96,24.98,26.07,25.93,25.62,25.23
2017-09-03T03:00,2017-09-03,3,25.21,25.3,24.21,24.92,24.8,24.9,25.96,25.85,25.6,25.09
2017-09-03T04:00,2017-09-03,4,25.16,25.21,24.32,24.85,24.74,24.82,25.95,25.75,25.5,25.03
2017-09-03T05:00,2017-09-03,5,25.06,25.05,24.32,24.69,24.72,24.72,25.99,25.8,25.24,25.0
2017-09-03T06:00,2017-09-03,6,25.21,25.27,24.27,24.91,24.92,24.64,26.25,26.06,25.48,24.85
2017-09-03T07:00,2017-09-03,7,25.78,25.74,24.8,25.58,25.36,25.09,27.04,26.6,26.32,25.29
2017-09-03T08:00,2017-09-03,8,26.63,26.78,25.37,26.66,26.07,25.27,28.1,27.32,27.18,26.04
2017-09-03T09:00,2017-09-03,9,27.67,28.01,26.26,27.69,27.11,25.6,29.22,27.88,28.47,26.96
2017-09-03T10:00,2017-09-03,10,28.63,29.04,27.07,28.33,28.52,25.9,30.2,28.9,29.68,28.06
2017-09-03T11:00,2017-09-03,11,29.41,30.19,27.07,29.18,29.34,26.33,30.72,28.73,30.64,29.18
2017-09-03T12:00,2017-09-03,12,29.75,30.51,27.81,29.82,29.98,27.08,30.73,28.19,31.17,29.01
2017-09-03T13:00,2017-09-03,13,29.47,29.8,27.45,29.44,29.91,27.91,30.83,28.36,30.66,28.8
2017-09-03T14:00,2017-09-03,14,29.36,30.11,28.18,29.36,28.45,28.71,30.42,29.3,29.52,28.2
2017-09-03T15:00,2017-09-03,15,28.99,29.62,27.85,29.51,27.81,27.99,29.88,29.72,28.99,27.87
2017-09-03T16:00,2017-09-03,16,28.96,29.45,28.16,28.91,27.65,28.43,29.87,30.04,29.12,27.96
2017-09-03T17:00,2017-09-03,17,28.37,28.58,27.67,28.01,27.57,27.01,29.43,29.89,28.95,27.74
2017-09-03T18:00,2017-09-03,18,28.04,28.25,27.1,27.9,27.64,26.35,29.25,28.87,28.53,27.53
2017-09-03T19:00,2017-09-03,19,27.37,27.6,25.51,27.62,27.13,26.2,28.3,28.19,27.84,27.01
2017-09-03T20:00,2017-09-03,20,27.04,27.28,25.42,27.3,26.74,26.03,27.84,27.81,27.41,26.64
2017-09-03T21:00,2017-09-03,21,26.84,27.04,25.51,27.11,26.4,25.79,27.61,27.63,27.27,26.4
2017-09-03T22:00,2017-09-03,22,26.75,27.0,25.43,27.0,26.25,25.7,27.55,27.51,27.09,26.27
2017-09-03T23:00,2017-09-03,23,26.58,26.86,25.11,26.85,26.05,25.54,27.32,27.39,26.94,26.18
2017-09-04T00:00,2017-09-04,0,26.41,26.7,25.01,26.48,25.82,25.46,27.14,27.31,26.82,26.03
2017-09-04T01:00,2017-09-04,1,26.24,26.6,24.9,26.11,25.63,25.21,26.99,27.13,26.63,25.89
2017-09-04T02:00,2017-09-04,2,26.07,26.42,24.8,25.67,25.58,25.08,26.89,27.02,26.49,25.78
2017-09-04T03:00,2017-09-04,3,25.91,26.36,24.81,25.23,25.44,24.89,26.72,26.92,26.32,25.61
2017-09-04T04:00,2017-09-04,4,25.72,26.19,24.47,24.84,25.27,24.75,26.64,26.81,26.16,25.41
2017-09-04T05:00,2017-09-04,5,25.56,26.03,24.45,24.62,25.2,24.66,26.52,26.48,25.94,25.23
2017-09-04T06:00,2017-09-04,6,25.72,26.19,24.54,25.04,25.02,24.85,26.59,26.59,26.22,25.37
2017-09-04T07:00,2017-09-04,7,26.66,27.33,25.46,25.64,25.49,25.11,27.88,27.72,27.53,26.07
2017-09-04T08:00,2017-09-04,8,27.69,28.23,26.84,26.72,26.06,25.45,29.12,28.87,28.93,27.12
2017-09-04T09:00,2017-09-04,9,28.88,29.34,28.07,27.98,27.42,26.29,30.18,29.86,30.47,28.34
2017-09-04T10:00,2017-09-04,10,30.07,30.51,29.34,29.27,29.1,26.91,31.17,30.83,31.8,29.63
2017-09-04T11:00,2017-09-04,11,30.91,31.64,28.49,30.26,30.16,28.14,31.72,31.71,32.61,30.78
2017-09-04T12:00,2017-09-04,12,31.36,32.15,29.4,30.54,31.36,28.94,31.93,30.09,32.89,31.64
2017-09-04T13:00,2017-09-04,13,31.26,31.45,28.46,31.25,32.13,29.32,32.06,30.17,32.86,31.56
2017-09-04T14:00,2017-09-04,14,30.77,30.38,28.84,30.58,30.23,30.48,31.7,30.06,32.99,30.9
2017-09-04T15:00,2017-09-04,15,30.6,30.35,29.01,29.74,30.36,30.72,30.66,29.71,32.73,31.51
2017-09-04T16:00,2017-09-04,16,30.27,30.34,28.76,29.0,30.26,29.71,30.32,29.66,32.08,31.26
2017-09-04T17:00,2017-09-04,17,29.82,29.81,28.56,28.45,29.94,28.54,30.28,29.57,31.44,30.88
2017-09-04T18:00,2017-09-04,18,28.95,28.97,27.58,28.04,28.41,28.07,29.58,28.69,30.38,29.81
2017-09-04T19:00,2017-09-04,19,28.24,28.4,26.94,27.64,27.75,27.36,28.79,28.13,29.29,28.77
2017-09-04T20:00,2017-09-04,20,27.84,28.05,26.51,27.37,27.52,26.7,28.53,28.06,28.63,28.06
2017-09-04T21:00,2017-09-04,21,27.54,27.75,26.21,27.2,27.41,26.47,28.24,27.88,28.21,27.58
2017-09-04T22:00,2017-09-04,22,27.33,27.58,26.06,27.08,27.27,26.25,27.95,27.66,27.88,27.29
2017-09-04T23:00,2017-09-04,23,27.11,27.4,25.85,26.9,26.95,25.92,27.73,27.49,27.69,26.97
2017-09-05T00:00,2017-09-05,0,26.91,27.24,25.61,26.76,26.64,25.72,27.52,27.45,27.46,26.67
2017-09-05T01:00,2017-09-05,1,26.68,27.01,25.4,26.68,26.29,25.42,27.34,27.36,27.17,26.38
2017-09-05T02:00,2017-09-05,2,26.49,26.81,25.27,26.58,26.02,25.21,27.19,27.28,26.91,26.09
2017-09-05T03:00,2017-09-05,3,26.34,26.67,25.07,26.52,25.87,24.92,27.1,27.18,26.68,25.89
2017-09-05T04:00,2017-09-05,4,26.18,26.56,24.87,26.36,25.72,24.8,27.05,27.12,26.5,25.57
2017-09-05T05:00,2017-09-05,5,26.05,26.41,24.8,26.26,25.5,24.67,26.95,26.97,26.27,25.52
2017-09-05T06:00,2017-09-05,6,26.19,26.54,25.02,26.31,25.35,25.19,27.12,26.93,26.5,25.63
2017-09-05T07:00,2017-09-05,7,27.47,28.08,26.46,27.74,25.85,26.09,28.41,28.15,27.81,26.71
2017-09-05T08:00,2017-09-05,8,28.71,29.51,27.98,28.98,26.72,26.99,29.59,29.16,29.11,27.81
2017-09-05T09:00,2017-09-05,9,29.77,30.57,29.09,30.03,28.18,27.38,30.68,30.1,30.35,28.89
2017-09-05T10:00,2017-09-05,10,30.75,31.52,30.09,31.0,29.46,28.03,31.65,31.07,31.41,29.84
2017-09-05T11:00,2017-09-05,11,31.4,32.01,29.99,31.77,30.33,28.99,32.43,31.81,32.3,30.58
2017-09-05T12:00,2017-09-05,12,31.65,32.41,30.69,30.5,31.18,29.56,32.32,31.52,32.93,31.35
2017-09-05T13:00,2017-09-05,13,31.49,32.24,29.97,30.7,31.53,30.57,31.76,29.66,32.33,31.98
2017-09-05T14:00,2017-09-05,14,31.2,31.55,30.17,30.7,31.42,30.82,30.92,29.99,31.91,31.87
2017-09-05T15:00,2017-09-05,15,30.92,30.79,29.87,30.63,30.65,30.65,31.23,30.02,31.67,32.08
2017-09-05T16:00,2017-09-05,16,30.73,30.64,29.19,30.55,30.41,30.58,31.06,30.13,31.77,31.5
2017-09-05T17:00,2017-09-05,17,30.16,30.32,28.6,29.8,29.9,29.69,30.38,29.56,31.2,30.81
2017-09-05T18:00,2017-09-05,18,29.42,29.4,27.98,29.17,29.16,29.03,29.65,29.51,30.21,30.13
2017-09-05T19:00,2017-09-05,19,28.61,28.65,27.35,28.45,28.34,28.27,28.79,28.83,29.29,29.04
2017-09-05T20:00,2017-09-05,20,28.21,28.38,26.89,28.03,27.98,27.48,28.51,28.52,28.86,28.46
2017-09-05T21:00,2017-09-05,21,27.9,28.14,26.61,27.74,27.67,26.99,28.26,28.28,28.54,27.96
2017-09-05T22:00,2017-09-05,22,27.63,27.93,26.36,27.5,27.34,26.62,28.06,28.04,28.2,27.55
2017-09-05T23:00,2017-09-05,23,27.37,27.65,26.22,27.34,27.15,26.03,27.85,27.92,27.9,27.27
2017-09-06T00:00,2017-09-06,0,27.14,27.5,25.97,27.23,26.77,25.53,27.7,27.69,27.61,26.9
2017-09-06T01:00,2017-09-06,1,26.88,27.27,25.69,27.0,26.39,25.31,27.55,27.55,27.31,26.54
2017-09-06T02:00,2017-09-06,2,26.68,27.06,25.63,26.77,26.12,25.21,27.42,27.36,27.07,26.18
2017-09-06T03:00,2017-09-06,3,26.44,26.83,25.4,26.41,25.92,25.04,27.27,27.27,26.8,25.87
2017-09-06T04:00,2017-09-06,4,26.2,26.58,25.14,26.18,25.3,24.92,27.21,27.09,26.55,25.64
2017-09-06T05:00,2017-09-06,5,26.03,26.5,25.0,25.85,25.13,24.85,27.03,26.67,26.3,25.54
2017-09-06T06:00,2017-09-06,6,26.18,26.6,25.26,26.09,25.15,25.06,27.07,27.09,26.45,25.69
2017-09-06T07:00,2017-09-06,7,27.29,27.78,26.31,27.12,25.92,25.58,28.37,28.16,27.96,26.78
2017-09-06T08:00,2017-09-06,8,28.33,28.48,27.87,28.04,27.18,26.32,29.57,28.82,29.44,27.95
2017-09-06T09:00,2017-09-06,9,29.41,29.66,29.08,28.98,28.35,27.18,30.55,29.88,30.52,28.95
2017-09-06T10:00,2017-09-06,10,29.97,29.77,30.16,30.04,28.73,28.08,31.26,30.4,30.76,29.89
2017-09-06T11:00,2017-09-06,11,30.27,29.71,30.33,30.28,29.43,28.81,31.37,30.43,31.51,30.6
2017-09-06T12:00,2017-09-06,12,30.48,30.56,29.27,29.7,30.21,29.71,31.03,30.41,31.2,31.45
2017-09-06T13:00,2017-09-06,13,30.63,30.71,28.83,30.28,30.72,30.74,30.9,30.53,30.58,31.93
2017-09-06T14:00,2017-09-06,14,30.46,30.06,29.03,29.7,31.35,31.09,30.37,30.16,31.36,31.69
2017-09-06T15:00,2017-09-06,15,30.39,30.11,29.15,29.3,30.4,30.86,30.78,30.29,31.31,31.57
2017-09-06T16:00,2017-09-06,16,30.14,29.93,28.85,29.47,30.25,30.01,30.65,29.98,30.89,31.19
2017-09-06T17:00,2017-09-06,17,29.59,29.63,28.37,29.15,29.72,28.28,29.78,29.58,30.23,30.76
2017-09-06T18:00,2017-09-06,18,29.41,29.7,27.73,29.3,29.11,28.28,29.87,29.33,30.11,29.8
2017-09-06T19:00,2017-09-06,19,28.59,28.8,27.3,28.47,28.26,27.63,29.11,28.78,29.17,28.78
2017-09-06T20:00,2017-09-06,20,28.17,28.36,26.92,28.0,27.97,27.24,28.77,28.44,28.69,28.25
2017-09-06T21:00,2017-09-06,21,27.93,28.13,26.59,27.72,27.7,27.05,28.57,28.24,28.39,28.08
2017-09-06T22:00,2017-09-06,22,27.69,27.94,26.34,27.49,27.36,26.75,28.27,27.95,28.16,27.93
2017-09-06T23:00,2017-09-06,23,27.47,27.76,26.03,27.27,27.09,26.49,28.02,27.73,27.97,27.76
2017-09-07T00:00,2017-09-07,0,27.2,27.47,25.86,27.03,26.86,26.03,27.84,27.55,27.72,27.34
2017-09-07T01:00,2017-09-07,1,26.9,27.24,25.64,26.79,26.33,25.7,27.6,27.34,27.44,26.73
2017-09-07T02:00,2017-09-07,2,26.64,27.02,25.38,26.66,25.86,25.42,27.47,27.1,27.25,26.23
2017-09-07T03:00,2017-09-07,3,26.35,26.82,25.22,26.41,25.51,25.17,27.25,26.81,27.03,25.41
2017-09-07T04:00,2017-09-07,4,26.14,26.66,24.89,26.31,25.09,25.05,27.09,26.77,26.73,25.06
2017-09-07T05:00,2017-09-07,5,25.96,26.37,24.77,26.02,24.89,25.11,26.94,26.7,26.46,25.09
2017-09-07T06:00,2017-09-07,6,26.09,26.49,25.33,26.31,25.0,25.08,26.93,26.83,26.4,25.21
2017-09-07T07:00,2017-09-07,7,27.22,27.78,26.42,27.75,25.83,25.69,28.08,28.06,27.63,25.98
2017-09-07T08:00,2017-09-07,8,28.29,29.04,27.63,28.87,26.84,26.14,29.4,29.07,28.76,26.6
2017-09-07T09:00,2017-09-07,9,29.34,30.19,28.71,29.95,27.67,26.72,30.42,29.99,29.9,27.78
2017-09-07T10:00,2017-09-07,10,30.25,30.98,29.95,30.98,28.5,27.17,31.32,30.73,31.0,28.84
2017-09-07T11:00,2017-09-07,11,30.6,31.12,29.84,30.6,29.63,28.12,31.9,30.56,31.56,29.75
2017-09-07T12:00,2017-09-07,12,30.79,31.41,28.94,30.74,31.15,29.43,31.82,30.13,31.42,29.95
2017-09-07T13:00,2017-09-07,13,30.96,31.55,29.41,30.97,30.53,30.59,31.67,30.83,30.76,30.8
2017-09-07T14:00,2017-09-07,14,30.84,31.29,29.52,30.77,30.3,30.45,31.45,31.14,30.96,30.59
2017-09-07T15:00,2017-09-07,15,30.82,31.54,29.21,30.7,29.83,30.94,31.05,30.56,31.44,30.24
2017-09-07T16:00,2017-09-07,16,30.41,30.82,28.82,30.61,30.39,29.81,30.48,29.87,31.31,30.03
2017-09-07T17:00,2017-09-07,17,29.84,30.26,28.19,29.81,30.4,28.99,29.5,29.6,30.78,29.63
2017-09-07T18:00,2017-09-07,18,29.19,29.46,27.8,29.11,29.05,28.62,29.64,29.25,29.97,28.77
2017-09-07T19:00,2017-09-07,19,28.46,28.77,27.24,28.53,28.24,27.91,28.97,28.69,29.0,27.81
2017-09-07T20:00,2017-09-07,20,28.13,28.51,26.87,28.16,27.97,27.58,28.55,28.38,28.63,27.48
2017-09-07T21:00,2017-09-07,21,27.87,28.22,26.43,27.97,27.77,27.2,28.29,28.15,28.32,27.42
2017-09-07T22:00,2017-09-07,22,27.6,28.02,26.14,27.65,27.41,26.78,28.02,27.94,28.0,27.26
2017-09-07T23:00,2017-09-07,23,27.37,27.8,25.86,27.45,27.13,26.31,27.81,27.78,27.75,27.09
2017-09-08T00:00,2017-09-08,0,27.12,27.61,25.7,27.09,26.61,25.89,27.64,27.61,27.6,26.86
2017-09-08T01:00,2017-09-08,1,26.91,27.48,25.25,26.88,26.45,25.54,27.48,27.49,27.38,26.55
2017-09-08T02:00,2017-09-08,2,26.65,27.2,24.91,26.62,25.75,25.27,27.43,27.36,27.19,26.43
2017-09-08T03:00,2017-09-08,3,26.38,26.94,24.82,26.1,25.52,25.12,27.24,27.02,26.99,26.01
2017-09-08T04:00,2017-09-08,4,26.13,26.8,24.54,25.51,25.19,25.01,27.06,26.64,26.78,25.78
2017-09-08T05:00,2017-09-08,5,25.84,26.35,24.48,25.15,25.03,24.91,26.78,26.42,26.52,25.53
2017-09-08T06:00,2017-09-08,6,25.97,26.4,24.39,25.52,25.29,25.28,27.04,26.61,26.6,25.38
2017-09-08T07:00,2017-09-08,7,26.78,27.27,24.82,26.6,26.05,25.69,28.08,27.42,27.69,25.75
2017-09-08T08:00,2017-09-08,8,27.49,27.68,25.63,27.69,26.38,26.21,29.11,28.27,28.72,26.36
2017-09-08T09:00,2017-09-08,9,28.42,28.8,26.13,28.88,27.21,26.78,30.1,29.06,29.36,27.55
2017-09-08T10:00,2017-09-08,10,29.26,29.7,26.8,29.57,28.13,27.3,31.02,29.9,30.2,28.63
2017-09-08T11:00,2017-09-08,11,29.88,30.58,27.3,29.11,28.99,28.32,31.66,30.29,30.89,29.42
2017-09-08T12:00,2017-09-08,12,29.7,29.76,27.47,29.2,30.8,29.05,30.72,29.95,30.0,30.02
2017-09-08T13:00,2017-09-08,13,29.91,30.39,27.94,29.46,29.81,29.22,30.38,30.38,29.71,30.77
2017-09-08T14:00,2017-09-08,14,30.02,30.42,28.03,30.17,29.69,29.23,30.42,30.76,30.05,30.33
2017-09-08T15:00,2017-09-08,15,29.73,30.29,27.75,29.11,29.93,28.91,29.94,30.08,30.49,29.66
2017-09-08T16:00,2017-09-08,16,29.31,29.52,28.0,29.04,28.97,28.5,29.63,29.22,30.38,29.39
2017-09-08T17:00,2017-09-08,17,28.8,29.25,27.49,28.17,28.86,28.13,29.05,28.55,29.77,28.57
2017-09-08T18:00,2017-09-08,18,28.52,28.82,26.81,28.15,28.61,27.73,28.95,28.2,29.52,28.55
2017-09-08T19:00,2017-09-08,19,27.99,28.3,26.07,27.83,27.98,27.12,28.43,27.93,28.95,27.97
2017-09-08T20:00,2017-09-08,20,27.72,28.1,25.85,27.43,27.61,26.69,28.09,27.77,28.68,27.79
2017-09-08T21:00,2017-09-08,21,27.47,27.8,25.76,27.28,27.18,26.35,27.93,27.72,28.33,27.5
2017-09-08T22:00,2017-09-08,22,27.2,27.59,25.58,27.09,26.75,25.77,27.82,27.68,27.93,27.16
2017-09-08T23:00,2017-09-08,23,26.97,27.42,25.36,26.89,26.34,25.58,27.76,27.58,27.65,26.62
2017-09-09T00:00,2017-09-09,0,26.68,27.13,24.86,26.73,25.76,25.38,27.64,27.45,27.35,26.26
2017-09-09T01:00,2017-09-09,1,26.38,26.97,24.35,26.26,25.41,25.21,27.45,27.0,27.12,25.75
2017-09-09T02:00,2017-09-09,2,26.11,26.83,24.53,25.49,25.29,24.93,27.23,26.44,26.84,25.4
2017-09-09T03:00,2017-09-09,3,25.96,26.65,24.66,25.26,25.33,24.73,26.91,26.34,26.64,25.24
2017-09-09T04:00,2017-09-09,4,25.79,26.51,24.31,25.23,25.09,24.68,26.72,26.08,26.56,24.98
2017-09-09T05:00,2017-09-09,5,25.69,26.29,24.14,25.35,24.97,24.7,26.68,26.22,26.38,24.87
2017-09-09T06:00,2017-09-09,6,25.56,25.8,24.32,25.32,25.0,24.94,26.98,26.29,25.89,24.79
2017-09-09T07:00,2017-09-09,7,26.08,26.3,24.65,26.11,25.04,25.21,27.92,27.07,26.58,24.96
2017-09-09T08:00,2017-09-09,8,26.64,26.71,25.2,27.14,25.21,25.39,29.02,27.81,27.2,25.17
2017-09-09T09:00,2017-09-09,9,27.53,27.97,26.18,28.22,25.37,26.23,30.12,28.59,27.78,25.6
2017-09-09T10:00,2017-09-09,10,28.32,29.06,27.67,28.93,25.48,27.2,30.46,28.47,28.47,26.54
2017-09-09T11:00,2017-09-09,11,28.74,29.31,29.18,28.48,26.49,27.95,30.43,28.39,29.23,27.22
2017-09-09T12:00,2017-09-09,12,28.81,29.38,28.12,28.35,27.03,28.09,29.57,28.51,29.78,28.44
2017-09-09T13:00,2017-09-09,13,28.96,29.2,27.42,29.12,27.81,27.26,29.61,28.56,30.28,29.36
2017-09-09T14:00,2017-09-09,14,29.01,28.88,27.26,28.82,29.42,27.8,29.67,29.02,29.81,29.86
2017-09-09T15:00,2017-09-09,15,28.94,28.84,26.95,28.52,29.76,27.34,29.7,29.05,29.79,29.91
2017-09-09T16:00,2017-09-09,16,28.57,28.49,26.8,28.54,28.28,27.13,29.31,28.81,29.26,29.63
2017-09-09T17:00,2017-09-09,17,28.18,28.26,26.41,28.04,27.66,26.79,28.74,28.25,28.95,29.32
2017-09-09T18:00,2017-09-09,18,27.7,27.78,25.89,27.42,26.96,26.49,28.94,27.69,28.9,27.91
2017-09-09T19:00,2017-09-09,19,27.37,27.72,25.53,27.14,26.59,26.25,28.42,27.51,28.14,27.41
2017-09-09T20:00,2017-09-09,20,27.12,27.58,25.25,26.89,26.39,26.09,28.17,27.43,27.72,26.94
2017-09-09T21:00,2017-09-09,21,26.9,27.41,25.06,26.75,26.08,25.97,28.08,27.45,27.46,26.27
2017-09-09T22:00,2017-09-09,22,26.79,27.27,25.05,26.73,25.96,25.81,27.95,27.5,27.36,26.07
2017-09-09T23:00,2017-09-09,23,26.61,27.05,24.97,26.56,25.58,25.68,27.88,27.43,27.25,25.73
2017-09-10T00:00,2017-09-10,0,26.36,26.93,24.66,25.76,25.21,25.51,27.82,27.3,26.98,25.56
2017-09-10T01:00,2017-09-10,1,26.11,26.71,24.68,25.38,25.05,25.33,27.69,26.71,26.58,25.34
2017-09-10T02:00,2017-09-10,2,25.86,26.37,24.52,25.4,24.79,25.23,27.56,26.03,26.23,25.08
2017-09-10T03:00,2017-09-10,3,25.67,26.07,24.5,25.49,24.67,24.99,27.34,25.97,25.9,24.85
2017-09-10T04:00,2017-09-10,4,25.44,25.57,24.31,25.43,24.61,24.8,27.24,26.07,25.48,24.85
2017-09-10T05:00,2017-09-10,5,25.27,25.31,24.09,25.33,24.53,24.7,27.15,26.1,25.14,24.76
2017-09-10T06:00,2017-09-10,6,25.38,25.26,24.19,25.3,24.69,24.88,27.13,25.64,25.82,25.13
2017-09-10T07:00,2017-09-10,7,25.77,25.46,24.53,25.59,24.87,25.09,27.82,26.57,26.58,25.42
2017-09-10T08:00,2017-09-10,8,26.17,25.54,25.0,26.13,24.92,25.13,28.42,27.59,27.62,25.63
2017-09-10T09:00,2017-09-10,9,26.64,25.84,25.16,26.78,25.05,25.19,29.09,28.69,28.66,25.86
2017-09-10T10:00,2017-09-10,10,27.01,26.28,25.96,27.63,25.44,25.29,29.2,29.33,28.55,25.96
2017-09-10T11:00,2017-09-10,11,27.51,27.49,26.91,28.87,25.65,25.85,29.07,29.52,27.89,25.81
2017-09-10T12:00,2017-09-10,12,27.88,28.46,27.7,29.14,25.72,26.58,28.88,28.41,27.91,26.15
2017-09-10T13:00,2017-09-10,13,28.29,29.16,28.65,28.44,26.55,27.46,28.92,28.27,28.15,26.87
2017-09-10T14:00,2017-09-10,14,28.19,28.55,28.08,27.5,27.89,27.18,28.92,28.86,28.58,27.46
2017-09-10T15:00,2017-09-10,15,28.23,28.36,27.09,28.31,28.27,27.31,28.49,29.25,28.86,27.7
2017-09-10T16:00,2017-09-10,16,27.97,28.26,26.96,27.8,27.66,26.72,28.29,28.15,28.83,27.79
2017-09-10T17:00,2017-09-10,17,27.55,27.87,26.92,27.23,27.43,26.62,27.94,26.96,27.83,27.81
2017-09-10T18:00,2017-09-10,18,27.11,27.1,26.11,26.75,25.98,25.92,28.67,27.49,27.68,27.49
2017-09-10T19:00,2017-09-10,19,26.78,26.92,25.75,26.59,25.61,25.56,28.18,27.08,27.23,27.01
2017-09-10T20:00,2017-09-10,20,26.51,26.66,25.54,26.33,25.47,25.31,27.88,26.95,26.76,26.69
2017-09-10T21:00,2017-09-10,21,26.28,26.56,25.32,26.21,25.04,25.15,27.61,26.86,26.44,26.17
2017-09-10T22:00,2017-09-10,22,26.05,26.32,25.09,26.15,24.77,25.08,27.4,26.76,26.21,25.6
2017-09-10T23:00,2017-09-10,23,25.88,26.19,24.95,25.95,24.66,25.02,27.21,26.71,25.98,25.21
2017-09-11T00:00,2017-09-11,0,25.72,26.08,24.91,25.8,24.51,24.87,27.1,26.76,25.67,24.88
2017-09-11T01:00,2017-09-11,1,25.58,25.98,24.78,25.7,24.33,24.69,26.98,26.71,25.41,24.71
2017-09-11T02:00,2017-09-11,2,25.4,25.78,24.6,25.58,24.23,24.52,26.76,26.3,25.19,24.64
2017-09-11T03:00,2017-09-11,3,24.99,25.01,24.58,24.97,24.11,24.44,26.31,25.87,25.01,24.46
2017-09-11T04:00,2017-09-11,4,24.8,24.79,24.39,24.78,24.01,24.34,25.97,25.61,24.92,24.3
2017-09-11T05:00,2017-09-11,5,24.68,24.71,24.26,24.66,23.91,24.28,25.63,25.42,24.82,24.24
2017-09-11T06:00,2017-09-11,6,24.81,25.0,23.97,24.43,24.06,24.32,25.76,26.03,24.93,24.52
2017-09-11T07:00,2017-09-11,7,25.31,25.17,24.67,25.21,24.62,24.6,26.41,26.88,25.56,24.96
2017-09-11T08:00,2017-09-11,8,25.84,25.42,25.28,25.93,25.18,24.81,27.25,27.52,26.39,25.42
2017-09-11T09:00,2017-09-11,9,26.56,25.74,26.59,26.64,25.73,24.98,28.44,28.27,27.57,26.17
2017-09-11T10:00,2017-09-11,10,27.39,26.9,27.46,27.16,26.42,25.22,29.11,28.7,28.59,27.12
2017-09-11T11:00,2017-09-11,11,27.95,27.9,27.93,27.13,26.84,25.26,29.62,28.97,29.39,27.62
2017-09-11T12:00,2017-09-11,12,28.38,28.49,28.26,27.55,28.2,25.75,29.25,28.54,29.74,28.39
2017-09-11T13:00,2017-09-11,13,28.43,28.65,28.11,27.62,28.47,26.36,28.92,28.09,29.21,29.13
2017-09-11T14:00,2017-09-11,14,28.87,29.13,28.42,28.45,28.57,27.32,29.1,28.1,29.43,29.76
2017-09-11T15:00,2017-09-11,15,28.75,28.85,28.15,28.12,28.8,27.79,28.53,28.64,29.45,29.7
2017-09-11T16:00,2017-09-11,16,28.46,28.57,27.51,27.77,28.89,27.87,28.34,28.07,29.2,29.29
2017-09-11T17:00,2017-09-11,17,27.71,27.65,26.26,27.54,28.39,27.86,27.89,26.95,28.09,28.39
2017-09-11T18:00,2017-09-11,18,27.08,27.31,25.49,26.53,26.96,26.49,27.74,26.72,28.03,27.29
2017-09-11T19:00,2017-09-11,19,26.58,26.81,25.16,25.91,26.52,26.12,27.25,26.43,27.36,26.71
2017-09-11T20:00,2017-09-11,20,26.33,26.51,24.9,25.69,26.26,25.99,26.98,26.38,27.06,26.48
2017-09-11T21:00,2017-09-11,21,26.03,26.12,24.87,25.41,25.96,25.62,26.78,26.1,26.75,26.13
2017-09-11T22:00,2017-09-11,22,25.82,25.87,24.74,25.29,25.92,25.48,26.6,26.01,26.42,25.74
2017-09-11T23:00,2017-09-11,23,25.65,25.75,24.57,25.17,25.66,25.17,26.55,25.95,26.21,25.36
2017-09-12T00:00,2017-09-12,0,25.48,25.59,24.44,25.05,25.24,25.08,26.55,25.85,25.92,25.11
2017-09-12T01:00,2017-09-12,1,25.24,25.26,24.3,24.75,25.11,24.85,26.51,25.67,25.63,24.9
2017-09-12T02:00,2017-09-12,2,24.96,24.85,24.27,24.52,24.86,24.68,26.36,25.19,25.17,24.78
2017-09-12T03:00,2017-09-12,3,24.8,24.72,24.16,24.4,24.79,24.58,25.96,25.06,24.95,24.58
2017-09-12T04:00,2017-09-12,4,24.65,24.61,24.07,24.35,24.64,24.56,25.43,25.03,24.77,24.49
2017-09-12T05:00,2017-09-12,5,24.55,24.47,23.97,24.32,24.56,24.47,25.24,24.89,24.72,24.5
2017-09-12T06:00,2017-09-12,6,24.58,24.59,23.86,24.21,24.57,24.52,25.07,24.78,24.96,24.55
2017-09-12T07:00,2017-09-12,7,25.14,25.26,24.12,24.87,25.39,25.08,25.38,24.99,25.59,25.14
2017-09-12T08:00,2017-09-12,8,25.92,26.31,24.31,25.88,26.32,25.76,26.04,25.36,26.28,25.8
2017-09-12T09:00,2017-09-12,9,26.7,27.35,24.6,26.52,27.21,26.65,26.75,26.05,27.05,26.45
2017-09-12T10:00,2017-09-12,10,27.55,28.46,25.01,27.31,28.04,27.56,27.7,27.07,27.8,26.93
2017-09-12T11:00,2017-09-12,11,28.18,29.04,24.98,28.16,28.87,28.41,28.59,27.83,28.33,27.56
2017-09-12T12:00,2017-09-12,12,28.9,29.82,25.42,28.54,29.77,29.31,29.37,28.55,28.97,28.52
2017-09-12T13:00,2017-09-12,13,29.35,30.49,25.72,28.26,29.4,30.18,30.05,29.52,29.46,29.1
2017-09-12T14:00,2017-09-12,14,29.53,30.24,26.39,28.45,29.48,30.15,30.43,29.18,30.07,29.7
2017-09-12T15:00,2017-09-12,15,29.55,30.03,26.42,28.89,29.76,29.64,29.88,29.2,30.6,29.94
2017-09-12T16:00,2017-09-12,16,29.14,29.26,26.8,28.9,29.48,28.06,29.47,28.52,30.39,29.96
2017-09-12T17:00,2017-09-12,17,28.62,28.95,26.68,28.41,28.39,27.9,28.77,28.26,29.22,29.53
2017-09-12T18:00,2017-09-12,18,27.83,28.11,25.79,27.26,27.93,27.68,28.25,27.29,28.68,28.26
2017-09-12T19:00,2017-09-12,19,27.25,27.55,25.27,26.92,27.35,26.99,27.7,27.03,27.85,27.5
2017-09-12T20:00,2017-09-12,20,26.88,27.16,25.22,26.46,26.89,26.75,27.33,26.73,27.43,27.08
2017-09-12T21:00,2017-09-12,21,26.57,26.8,25.23,25.94,26.53,26.36,27.07,26.6,27.09,26.75
2017-09-12T22:00,2017-09-12,22,26.24,26.57,25.01,25.39,26.08,25.97,26.87,26.3,26.71,26.41
2017-09-12T23:00,2017-09-12,23,25.94,26.33,24.62,25.1,25.57,25.77,26.65,26.05,26.42,26.03
2017-09-13T00:00,2017-09-13,0,25.64,25.98,24.28,24.81,25.22,25.58,26.46,25.66,26.13,25.73
2017-09-13T01:00,2017-09-13,1,25.38,25.61,24.19,24.68,25.01,25.31,26.07,25.5,25.86,25.54
2017-09-13T02:00,2017-09-13,2,25.15,25.21,24.04,24.5,24.81,25.18,25.9,25.31,25.71,25.31
2017-09-13T03:00,2017-09-13,3,24.99,25.01,23.98,24.51,24.6,25.03,25.76,25.11,25.5,25.13
2017-09-13T04:00,2017-09-13,4,24.85,24.91,24.03,24.47,24.42,24.85,25.4,25.06,25.3,24.89
2017-09-13T05:00,2017-09-13,5,24.77,24.86,23.88,24.49,24.38,24.75,25.2,24.98,25.23,24.78
2017-09-13T06:00,2017-09-13,6,24.89,24.93,23.83,24.56,24.7,24.73,25.54,25.17,25.33,24.95
2017-09-13T07:00,2017-09-13,7,25.74,25.93,24.54,25.35,25.61,25.2,26.38,25.58,26.29,25.84
2017-09-13T08:00,2017-09-13,8,26.62,27.19,25.15,26.03,26.47,25.55,27.3,26.13,27.35,26.51
2017-09-13T09:00,2017-09-13,9,27.6,28.34,26.29,26.59,27.26,26.47,28.32,26.85,28.65,27.31
2017-09-13T10:00,2017-09-13,10,28.47,29.13,27.61,27.11,28.22,27.77,28.98,27.53,29.6,28.25
2017-09-13T11:00,2017-09-13,11,28.77,28.91,28.27,27.64,29.45,28.71,29.44,27.49,29.11,29.21
2017-09-13T12:00,2017-09-13,12,29.01,28.54,26.57,28.36,30.46,29.22,30.0,27.97,29.98,30.13
2017-09-13T13:00,2017-09-13,13,29.24,29.26,27.52,28.99,29.09,29.74,29.92,28.97,30.19,28.94
2017-09-13T14:00,2017-09-13,14,29.46,30.13,27.47,29.18,29.29,29.09,29.78,29.51,30.03,29.03
2017-09-13T15:00,2017-09-13,15,29.41,30.03,27.11,29.34,29.24,29.06,29.79,29.06,30.02,29.17
2017-09-13T16:00,2017-09-13,16,29.16,29.92,26.99,28.64,29.22,28.38,29.47,28.95,29.53,29.39
2017-09-13T17:00,2017-09-13,17,28.58,28.9,26.8,27.67,28.74,27.91,29.11,28.64,29.18,29.24
2017-09-13T18:00,2017-09-13,18,28.11,28.55,26.4,27.73,27.73,27.1,28.49,27.7,29.09,28.36
2017-09-13T19:00,2017-09-13,19,27.57,27.98,26.05,27.3,27.34,26.33,28.0,27.15,28.35,27.86
2017-09-13T20:00,2017-09-13,20,27.18,27.45,25.84,26.99,27.02,26.03,27.75,26.89,27.93,27.34
2017-09-13T21:00,2017-09-13,21,26.79,26.92,25.66,26.71,26.17,25.74,27.57,26.61,27.44,27.13
2017-09-13T22:00,2017-09-13,22,26.43,26.57,25.4,26.44,25.78,25.43,27.3,26.48,26.71,26.73
2017-09-13T23:00,2017-09-13,23,26.12,26.34,25.25,26.22,25.41,25.2,27.0,26.2,26.15,26.26
2017-09-14T00:00,2017-09-14,0,25.78,25.95,25.04,25.89,25.02,25.05,26.78,26.0,25.79,25.68
2017-09-14T01:00,2017-09-14,1,25.52,25.55,24.85,25.64,24.85,24.91,26.6,25.74,25.64,25.38
2017-09-14T02:00,2017-09-14,2,25.28,25.24,24.62,25.23,24.67,24.74,26.39,25.78,25.51,25.09
2017-09-14T03:00,2017-09-14,3,25.05,24.94,24.57,24.87,24.44,24.53,26.18,25.54,25.39,24.92
2017-09-14T04:00,2017-09-14,4,24.93,24.81,24.33,24.78,24.45,24.44,26.03,25.48,25.29,24.73
2017-09-14T05:00,2017-09-14,5,24.92,24.92,24.23,24.73,24.45,24.35,26.02,25.38,25.19,24.7
2017-09-14T06:00,2017-09-14,6,25.25,25.24,24.69,25.25,24.62,24.94,26.24,25.81,25.37,24.89
2017-09-14T07:00,2017-09-14,7,26.17,26.42,25.56,26.17,25.58,25.35,27.32,26.8,25.94,25.68
2017-09-14T08:00,2017-09-14,8,27.25,27.76,26.49,27.19,26.78,25.79,28.49,27.78,26.9,26.79
2017-09-14T09:00,2017-09-14,9,28.43,29.05,27.71,28.25,27.42,26.55,29.63,28.88,28.51,27.96
2017-09-14T10:00,2017-09-14,10,29.31,30.06,28.81,29.21,27.94,27.09,30.55,29.61,29.55,28.66
2017-09-14T11:00,2017-09-14,11,30.1,31.0,29.84,30.14,29.11,27.82,31.11,30.45,29.97,29.1
2017-09-14T12:00,2017-09-14,12,30.41,31.51,27.94,30.53,30.4,28.85,31.46,30.96,29.79,29.8
2017-09-14T13:00,2017-09-14,13,30.42,30.82,28.88,30.26,30.92,29.96,31.27,30.86,29.94,30.23
2017-09-14T14:00,2017-09-14,14,30.18,30.29,29.1,30.4,30.65,29.53,30.89,30.62,29.81,30.08
2017-09-14T15:00,2017-09-14,15,30.19,30.57,28.9,30.29,30.02,29.79,30.97,29.93,30.06,30.05
2017-09-14T16:00,2017-09-14,16,30.12,30.69,28.77,29.72,30.09,29.96,30.6,29.54,30.26,29.98
2017-09-14T17:00,2017-09-14,17,29.64,30.23,28.14,28.89,29.66,29.57,29.95,29.26,29.99,29.64
2017-09-14T18:00,2017-09-14,18,28.5,28.77,27.31,28.18,27.95,27.97,29.57,28.35,28.73,28.6
2017-09-14T19:00,2017-09-14,19,27.86,28.04,26.94,27.67,27.46,27.44,28.72,27.88,27.96,27.88
2017-09-14T20:00,2017-09-14,20,27.45,27.69,26.57,27.27,27.42,26.83,28.25,27.54,27.36,27.37
2017-09-14T21:00,2017-09-14,21,27.16,27.42,26.27,26.94,27.16,26.51,27.98,27.31,27.08,27.04
2017-09-14T22:00,2017-09-14,22,26.89,27.17,26.0,26.73,26.77,26.35,27.74,27.06,26.78,26.67
2017-09-14T23:00,2017-09-14,23,26.71,27.04,25.78,26.47,26.49,26.55,27.51,26.7,26.67,26.42
2017-09-15T00:00,2017-09-15,0,26.53,26.81,25.54,26.18,26.4,26.6,27.16,26.44,26.71,26.28
2017-09-15T01:00,2017-09-15,1,26.29,26.59,25.18,25.95,26.26,26.05,26.82,26.18,26.61,26.11
2017-09-15T02:00,2017-09-15,2,26.1,26.39,25.08,25.74,26.07,25.72,26.63,26.18,26.44,25.87
2017-09-15T03:00,2017-09-15,3,25.87,26.12,24.89,25.61,25.9,25.3,26.43,25.91,26.19,25.67
2017-09-15T04:00,2017-09-15,4,25.67,25.92,24.63,25.45,25.68,25.1,26.23,25.87,26.02,25.37
2017-09-15T05:00,2017-09-15,5,25.55,25.73,24.72,25.34,25.49,24.92,26.22,25.91,25.79,25.26
2017-09-15T06:00,2017-09-15,6,25.73,26.0,24.74,25.44,25.7,25.32,26.42,25.87,25.99,25.36
2017-09-15T07:00,2017-09-15,7,27.0,27.39,26.49,26.78,26.74,26.71,27.44,27.04,27.38,26.06
2017-09-15T08:00,2017-09-15,8,28.29,28.68,28.13,28.25,27.97,28.11,28.63,28.27,28.69,27.0
2017-09-15T09:00,2017-09-15,9,29.52,29.85,29.53,29.62,29.31,29.36,29.72,29.53,29.86,28.22
2017-09-15T10:00,2017-09-15,10,30.47,30.79,30.47,30.58,30.36,30.42,30.62,30.34,30.63,29.37
2017-09-15T11:00,2017-09-15,11,31.22,31.56,31.11,31.38,31.04,31.38,31.23,30.95,31.3,30.31
2017-09-15T12:00,2017-09-15,12,31.69,32.08,31.28,31.77,31.59,32.0,31.63,31.33,31.84,30.92
2017-09-15T13:00,2017-09-15,13,31.61,32.23,30.29,31.97,31.64,32.57,30.81,31.55,31.32,31.25
2017-09-15T14:00,2017-09-15,14,31.41,31.86,30.07,31.93,31.58,32.63,30.72,31.62,30.73,31.19
2017-09-15T15:00,2017-09-15,15,31.27,31.55,30.24,31.62,31.34,32.68,31.25,31.47,30.32,31.11
2017-09-15T16:00,2017-09-15,16,31.02,31.26,29.55,31.24,31.41,32.46,30.82,31.09,30.43,31.01
2017-09-15T17:00,2017-09-15,17,30.47,30.93,28.62,30.32,30.55,31.76,30.18,30.08,30.34,30.67
2017-09-15T18:00,2017-09-15,18,29.54,29.58,28.07,29.83,30.03,30.37,29.89,29.5,29.52,29.11
2017-09-15T19:00,2017-09-15,19,28.77,28.66,27.54,29.19,29.11,29.49,29.09,28.72,29.02,28.33
2017-09-15T20:00,2017-09-15,20,28.21,27.97,27.12,28.28,28.34,29.1,28.69,28.35,28.57,27.93
2017-09-15T21:00,2017-09-15,21,27.86,27.53,26.89,27.91,27.93,28.97,28.39,27.97,28.13,27.73
2017-09-15T22:00,2017-09-15,22,27.55,27.25,26.56,27.88,27.54,28.21,28.05,27.62,27.92,27.3
2017-09-15T23:00,2017-09-15,23,27.33,27.12,26.3,27.71,27.14,28.17,27.7,27.34,27.6,27.15
2017-09-16T00:00,2017-09-16,0,27.05,26.96,26.1,27.37,27.06,27.39,27.55,27.06,27.09,26.88
2017-09-16T01:00,2017-09-16,1,26.83,26.82,25.56,27.1,26.77,27.23,27.31,26.76,27.01,26.68
2017-09-16T02:00,2017-09-16,2,26.58,26.53,25.34,26.91,26.63,26.85,27.06,26.56,26.75,26.43
2017-09-16T03:00,2017-09-16,3,26.38,26.31,25.04,26.7,26.49,26.76,26.85,26.5,26.47,26.3
2017-09-16T04:00,2017-09-16,4,26.18,26.22,24.65,26.43,26.36,26.45,26.67,26.35,26.23,26.04
2017-09-16T05:00,2017-09-16,5,26.09,26.1,24.69,26.29,26.47,26.37,26.47,26.2,26.23,25.92
2017-09-16T06:00,2017-09-16,6,26.32,26.25,25.05,26.69,26.56,26.63,26.71,26.49,26.5,26.02
2017-09-16T07:00,2017-09-16,7,27.99,28.2,26.13,28.2,28.27,28.27,28.19,27.91,28.23,27.92
2017-09-16T08:00,2017-09-16,8,29.62,30.13,27.84,29.51,29.86,29.84,29.54,29.32,29.84,29.55
2017-09-16T09:00,2017-09-16,9,30.89,31.38,29.48,30.57,31.14,31.22,30.78,30.55,31.06,30.82
2017-09-16T10:00,2017-09-16,10,31.85,32.25,30.86,31.42,32.24,32.24,31.71,31.51,31.91,31.84
2017-09-16T11:00,2017-09-16,11,32.57,32.94,31.96,32.12,32.82,32.93,32.39,32.17,32.65,32.51
2017-09-16T12:00,2017-09-16,12,33.11,33.37,32.5,32.95,33.36,33.66,32.95,32.52,33.16,33.0
2017-09-16T13:00,2017-09-16,13,33.4,33.58,32.79,33.42,33.74,34.12,33.08,32.75,33.49,33.27
2017-09-16T14:00,2017-09-16,14,33.6,33.78,33.02,33.61,33.94,34.49,33.15,32.93,33.7,33.48
2017-09-16T15:00,2017-09-16,15,33.56,33.81,32.6,33.76,33.94,34.56,33.0,32.77,33.65,33.47
2017-09-16T16:00,2017-09-16,16,33.24,33.65,31.85,33.37,33.79,34.4,32.56,31.78,33.39,33.28
2017-09-16T17:00,2017-09-16,17,32.61,33.27,30.57,32.61,33.38,33.8,31.7,30.65,32.94,32.76
2017-09-16T18:00,2017-09-16,18,31.03,30.89,29.63,31.22,30.94,31.84,31.26,30.35,31.34,31.6
2017-09-16T19:00,2017-09-16,19,30.17,30.1,29.02,30.51,30.34,30.76,30.16,29.8,30.48,30.2
2017-09-16T20:00,2017-09-16,20,29.73,29.66,28.94,30.15,29.65,30.31,29.75,29.44,29.95,29.62
2017-09-16T21:00,2017-09-16,21,29.42,29.37,28.55,29.74,29.3,29.88,29.59,29.04,29.56,29.59
2017-09-16T22:00,2017-09-16,22,28.99,29.06,27.58,29.37,29.15,29.5,29.04,28.64,29.16,28.99
2017-09-16T23:00,2017-09-16,23,28.57,28.67,26.81,28.75,28.76,28.99,28.77,28.34,28.69,28.87
2017-09-17T00:00,2017-09-17,0,28.15,28.35,26.27,27.78,28.53,28.55,28.47,28.12,28.4,28.46
2017-09-17T01:00,2017-09-17,1,27.82,28.04,25.91,26.88,28.23,28.35,28.27,27.96,28.18,28.22
2017-09-17T02:00,2017-09-17,2,27.48,27.91,25.71,25.9,27.95,27.54,28.1,27.67,28.0,27.89
2017-09-17T03:00,2017-09-17,3,27.21,27.42,25.68,25.63,27.82,27.21,27.99,27.11,27.85,27.72
2017-09-17T04:00,2017-09-17,4,26.9,27.13,25.4,25.53,27.59,27.04,27.54,26.56,27.44,27.4
2017-09-17T05:00,2017-09-17,5,26.67,26.79,25.51,25.49,27.3,26.48,27.03,26.59,27.13,27.44
2017-09-17T06:00,2017-09-17,6,26.75,26.83,25.45,25.59,27.53,26.84,27.17,26.12,27.44,27.38
2017-09-17T07:00,2017-09-17,7,27.84,27.97,25.85,26.65,29.07,28.14,27.95,26.42,28.65,29.14
2017-09-17T08:00,2017-09-17,8,28.92,29.01,26.36,27.66,30.32,29.62,28.61,27.27,29.91,30.76
2017-09-17T09:00,2017-09-17,9,30.06,30.47,26.3,28.53,31.63,30.98,29.47,28.55,31.15,32.18
2017-09-17T10:00,2017-09-17,10,30.99,31.93,26.23,28.02,32.85,32.39,30.47,29.26,32.43,33.25
2017-09-17T11:00,2017-09-17,11,31.49,32.24,27.26,27.57,33.8,32.07,31.34,29.36,33.69,34.07
2017-09-17T12:00,2017-09-17,12,31.65,31.34,28.01,28.28,34.49,32.13,32.12,29.33,34.3,34.5
2017-09-17T13:00,2017-09-17,13,31.24,30.26,26.56,29.05,33.68,31.18,32.03,28.61,34.85,34.71
2017-09-17T14:00,2017-09-17,14,30.95,30.32,26.1,28.93,31.73,30.48,31.35,28.81,34.87,34.63
2017-09-17T15:00,2017-09-17,15,30.63,30.46,25.77,28.64,30.53,30.55,30.14,28.84,34.2,34.58
2017-09-17T16:00,2017-09-17,16,30.01,30.12,26.06,27.32,29.98,30.46,29.67,27.98,32.68,33.92
2017-09-17T17:00,2017-09-17,17,29.17,29.24,26.29,26.81,29.78,29.91,29.34,27.36,30.35,32.43
2017-09-17T18:00,2017-09-17,18,27.65,27.73,26.31,26.98,27.93,28.2,28.3,27.14,28.32,27.51
2017-09-17T19:00,2017-09-17,19,27.32,27.4,26.03,26.89,27.48,27.81,27.89,26.96,27.77,27.27
2017-09-17T20:00,2017-09-17,20,27.03,27.11,25.71,26.81,27.3,27.0,27.37,26.78,27.51,27.15
2017-09-17T21:00,2017-09-17,21,26.79,27.03,25.58,26.63,26.89,26.31,26.91,26.47,27.32,26.94
2017-09-17T22:00,2017-09-17,22,26.54,26.85,25.39,26.43,26.74,25.88,26.55,26.18,27.12,26.62
2017-09-17T23:00,2017-09-17,23,26.24,26.33,25.31,26.21,26.5,25.69,26.2,25.96,26.92,26.32
2017-09-18T00:00,2017-09-18,0,25.98,25.91,25.2,26.04,26.12,25.55,25.98,26.0,26.62,26.17
2017-09-18T01:00,2017-09-18,1,25.72,25.72,25.07,25.91,25.68,25.39,25.76,25.76,25.99,25.89
2017-09-18T02:00,2017-09-18,2,25.51,25.48,25.03,25.67,25.28,25.2,25.62,25.84,25.7,25.69
2017-09-18T03:00,2017-09-18,3,25.4,25.43,24.96,25.51,25.19,25.1,25.48,25.88,25.47,25.48
2017-09-18T04:00,2017-09-18,4,25.33,25.42,24.65,25.38,25.18,25.17,25.52,25.85,25.32,25.32
2017-09-18T05:00,2017-09-18,5,25.29,25.41,24.52,25.23,25.15,25.16,25.49,25.83,25.36,25.29
2017-09-18T06:00,2017-09-18,6,25.57,25.6,24.87,25.56,25.21,25.52,26.07,26.16,25.48,25.6
2017-09-18T07:00,2017-09-18,7,26.16,26.29,25.84,26.33,26.01,26.48,26.17,26.5,25.9,25.87
2017-09-18T08:00,2017-09-18,8,27.0,27.3,27.1,27.01,27.01,27.86,26.68,26.94,26.67,26.37
2017-09-18T09:00,2017-09-18,9,27.99,28.42,28.39,28.26,28.51,28.25,27.34,27.36,27.63,27.09
2017-09-18T10:00,2017-09-18,10,28.91,29.17,29.51,29.79,29.98,28.56,28.23,28.34,28.46,27.75
2017-09-18T11:00,2017-09-18,11,29.79,30.28,29.72,31.07,30.75,29.06,29.14,29.07,29.12,28.74
2017-09-18T12:00,2017-09-18,12,30.15,30.82,29.74,31.42,30.19,29.73,28.57,29.31,29.86,29.95
2017-09-18T13:00,2017-09-18,13,30.23,31.14,29.52,30.86,30.44,30.21,28.79,28.15,30.11,30.27
2017-09-18T14:00,2017-09-18,14,29.88,30.26,28.12,29.92,30.58,31.65,28.52,28.5,30.26,30.34
2017-09-18T15:00,2017-09-18,15,29.37,29.48,27.01,29.5,30.86,32.23,28.42,28.0,29.18,29.86
2017-09-18T16:00,2017-09-18,16,28.87,29.04,26.96,28.03,30.54,31.7,28.08,27.86,28.46,29.71
2017-09-18T17:00,2017-09-18,17,28.34,28.81,26.24,27.34,29.9,30.17,27.81,26.72,28.12,29.29
2017-09-18T18:00,2017-09-18,18,28.45,28.93,26.83,28.32,29.21,28.63,27.96,27.23,28.9,28.61
2017-09-18T19:00,2017-09-18,19,27.89,28.22,26.59,28.01,28.65,28.0,27.36,26.85,28.16,28.12
2017-09-18T20:00,2017-09-18,20,27.5,27.58,26.34,27.61,28.29,27.51,27.01,26.91,28.03,27.7
2017-09-18T21:00,2017-09-18,21,27.18,27.22,26.01,27.28,27.71,27.08,26.92,26.66,27.72,27.49
2017-09-18T22:00,2017-09-18,22,27.01,27.11,25.76,27.04,27.5,27.19,26.74,26.73,27.37,27.3
2017-09-18T23:00,2017-09-18,23,26.8,26.96,25.42,26.64,27.46,26.61,26.6,26.65,27.18,27.14
2017-09-19T00:00,2017-09-19,0,26.49,26.64,25.12,26.31,27.22,26.23,26.3,26.28,26.75,27.01
2017-09-19T01:00,2017-09-19,1,26.23,26.26,24.91,26.2,26.74,25.94,26.15,26.03,26.52,26.95
2017-09-19T02:00,2017-09-19,2,25.97,25.9,24.88,25.8,26.23,25.74,26.06,25.74,26.33,26.83
2017-09-19T03:00,2017-09-19,3,25.76,25.65,24.7,25.59,25.93,25.5,25.93,25.42,26.19,26.6
2017-09-19T04:00,2017-09-19,4,25.59,25.44,24.67,25.53,25.66,25.28,25.61,25.25,26.1,26.46
2017-09-19T05:00,2017-09-19,5,25.45,25.37,24.58,25.4,25.31,25.18,25.44,25.2,25.94,26.31
2017-09-19T06:00,2017-09-19,6,25.16,24.9,24.39,24.84,25.15,25.16,25.3,25.54,25.43,26.16
2017-09-19T07:00,2017-09-19,7,25.57,25.31,25.1,25.31,25.42,25.53,25.53,25.88,25.63,26.84
2017-09-19T08:00,2017-09-19,8,26.02,25.53,25.91,25.93,25.69,25.82,26.04,26.38,26.09,27.58
2017-09-19T09:00,2017-09-19,9,26.67,26.24,26.55,27.26,26.12,26.07,26.4,27.1,26.47,28.29
2017-09-19T10:00,2017-09-19,10,27.32,27.12,27.47,28.05,26.08,26.4,26.89,27.9,26.94,28.9
2017-09-19T11:00,2017-09-19,11,27.82,28.22,27.58,27.89,26.02,27.26,27.42,28.18,27.38,29.32
2017-09-19T12:00,2017-09-19,12,28.17,28.76,27.25,27.44,26.34,28.65,28.11,29.06,27.86,29.18
2017-09-19T13:00,2017-09-19,13,28.27,28.14,26.49,27.92,27.86,29.68,28.8,29.25,28.53,28.47
2017-09-19T14:00,2017-09-19,14,28.36,28.33,26.38,27.46,28.55,29.66,28.65,29.53,28.97,28.46
2017-09-19T15:00,2017-09-19,15,28.11,28.18,26.8,27.35,27.79,27.88,28.9,28.72,28.71,28.35
2017-09-19T16:00,2017-09-19,16,27.72,27.51,26.8,27.2,27.24,27.71,28.55,28.33,28.1,28.32
2017-09-19T17:00,2017-09-19,17,27.29,27.22,26.08,26.88,26.85,27.29,27.43,28.08,27.9,27.97
2017-09-19T18:00,2017-09-19,18,26.58,26.05,26.23,26.04,26.51,26.9,26.55,26.67,27.18,27.93
2017-09-19T19:00,2017-09-19,19,26.31,25.78,26.14,25.78,26.43,26.59,26.39,26.54,26.63,27.51
2017-09-19T20:00,2017-09-19,20,26.16,25.73,25.98,25.8,26.0,26.53,26.25,26.47,26.33,27.2
2017-09-19T21:00,2017-09-19,21,26.08,25.73,25.98,25.86,25.72,26.59,26.22,26.43,26.16,26.77
2017-09-19T22:00,2017-09-19,22,26.0,25.69,25.97,25.91,25.54,26.48,26.19,26.37,26.03,26.51
2017-09-19T23:00,2017-09-19,23,25.85,25.61,25.81,25.83,25.45,26.04,26.14,26.39,25.87,26.08
2017-09-20T00:00,2017-09-20,0,25.7,25.55,25.83,25.65,25.5,25.73,25.98,26.22,25.72,25.59
2017-09-20T01:00,2017-09-20,1,25.53,25.49,25.41,25.45,25.39,25.51,25.87,25.97,25.52,25.37
2017-09-20T02:00,2017-09-20,2,25.31,25.38,25.04,25.12,25.29,25.18,25.6,25.74,25.28,25.14
2017-09-20T03:00,2017-09-20,3,25.08,25.15,24.93,24.81,24.97,24.92,25.31,25.61,25.13,24.96
2017-09-20T04:00,2017-09-20,4,25.01,25.06,24.81,24.77,24.84,24.92,25.38,25.68,24.93,24.88
2017-09-20T05:00,2017-09-20,5,24.97,24.91,24.73,24.91,24.76,24.97,25.4,25.79,24.82,24.86
2017-09-20T06:00,2017-09-20,6,24.92,24.69,24.86,25.02,24.74,24.79,25.41,25.7,24.98,24.62
2017-09-20T07:00,2017-09-20,7,25.3,25.04,25.46,25.57,24.89,25.37,25.79,26.05,25.31,24.9
2017-09-20T08:00,2017-09-20,8,25.72,25.57,26.48,25.79,25.06,26.01,26.25,26.54,25.43,25.03
2017-09-20T09:00,2017-09-20,9,26.34,26.15,27.24,26.55,25.37,26.47,27.41,27.5,25.96,25.2
2017-09-20T10:00,2017-09-20,10,27.07,26.93,28.03,27.72,25.5,26.75,28.51,28.37,26.59,25.69
2017-09-20T11:00,2017-09-20,11,27.6,27.63,27.46,27.93,26.18,27.26,29.66,29.22,27.02,26.25
2017-09-20T12:00,2017-09-20,12,28.15,28.42,26.93,28.12,27.16,28.13,30.09,30.31,27.79,26.45
2017-09-20T13:00,2017-09-20,13,28.39,28.81,27.24,28.33,27.79,27.91,29.86,29.12,28.66,26.86
2017-09-20T14:00,2017-09-20,14,28.18,28.36,27.19,28.64,27.35,27.47,29.46,28.43,28.72,27.0
2017-09-20T15:00,2017-09-20,15,28.12,28.86,27.24,28.14,27.74,27.05,28.26,28.56,28.33,27.21
2017-09-20T16:00,2017-09-20,16,27.61,28.13,27.2,27.49,27.18,27.28,27.91,27.91,27.46,26.98
2017-09-20T17:00,2017-09-20,17,26.98,26.79,26.84,27.2,26.84,27.1,27.85,27.29,27.01,26.25
2017-09-20T18:00,2017-09-20,18,27.05,27.51,26.75,27.4,26.22,26.86,27.55,27.61,26.75,25.97
2017-09-20T19:00,2017-09-20,19,26.75,27.18,26.22,27.05,26.08,26.5,27.16,27.29,26.54,25.86
2017-09-20T20:00,2017-09-20,20,26.54,26.9,25.93,26.74,26.02,26.25,26.95,27.3,26.41,25.78
2017-09-20T21:00,2017-09-20,21,26.4,26.68,25.65,26.53,26.01,26.02,26.86,27.23,26.38,25.73
2017-09-20T22:00,2017-09-20,22,26.21,26.44,25.42,26.33,25.71,25.83,26.7,27.17,26.29,25.64
2017-09-20T23:00,2017-09-20,23,26.07,26.22,25.32,26.3,25.46,25.58,26.66,27.18,26.17,25.52
2017-09-21T00:00,2017-09-21,0,25.92,26.07,25.21,25.95,25.29,25.52,26.49,27.05,26.14,25.39
2017-09-21T01:00,2017-09-21,1,25.74,25.81,25.2,25.88,25.24,25.33,26.19,26.71,25.93,25.28
2017-09-21T02:00,2017-09-21,2,25.44,25.61,24.64,25.46,24.92,25.03,25.88,26.07,25.76,25.07
2017-09-21T03:00,2017-09-21,3,25.26,25.54,24.75,25.01,24.77,24.92,25.63,25.82,25.47,24.93
2017-09-21T04:00,2017-09-21,4,25.14,25.33,24.69,24.94,24.77,24.76,25.46,25.69,25.37,24.85
2017-09-21T05:00,2017-09-21,5,24.99,25.12,24.72,24.84,24.69,24.53,25.32,25.68,25.14,24.66
2017-09-21T06:00,2017-09-21,6,25.38,25.58,24.85,25.11,24.98,24.88,25.97,26.13,25.6,24.94
2017-09-21T07:00,2017-09-21,7,26.32,26.58,26.15,26.48,25.6,25.97,26.87,27.14,26.37,25.33
2017-09-21T08:00,2017-09-21,8,27.4,27.89,27.52,27.91,26.11,27.16,27.98,27.67,27.28,25.93
2017-09-21T09:00,2017-09-21,9,28.37,28.91,28.87,28.79,26.92,28.31,28.99,28.29,28.33,26.63
2017-09-21T10:00,2017-09-21,10,29.18,29.6,29.62,29.37,28.23,29.55,29.52,29.05,29.37,27.5
2017-09-21T11:00,2017-09-21,11,29.29,29.7,29.54,28.85,28.99,29.87,29.31,29.62,29.21,28.28
2017-09-21T12:00,2017-09-21,12,29.19,29.27,28.82,28.95,29.93,29.44,29.05,29.9,28.84,29.06
2017-09-21T13:00,2017-09-21,13,28.88,28.92,27.92,29.1,29.05,29.49,29.72,28.1,28.52,28.77
2017-09-21T14:00,2017-09-21,14,28.93,29.31,27.44,28.39,28.78,28.83,29.78,28.64,28.84,29.34
2017-09-21T15:00,2017-09-21,15,29.04,29.18,27.66,28.53,29.14,29.09,29.87,29.26,29.42,28.87
2017-09-21T16:00,2017-09-21,16,28.68,28.44,27.67,28.51,29.0,28.03,29.6,29.21,28.76,29.16
2017-09-21T17:00,2017-09-21,17,28.37,28.26,27.58,28.21,28.31,27.52,29.03,28.67,28.64,28.91
2017-09-21T18:00,2017-09-21,18,27.24,27.26,26.36,27.11,26.8,27.06,27.84,28.12,27.34,27.31
2017-09-21T19:00,2017-09-21,19,26.87,26.81,26.26,26.86,26.4,26.65,27.49,27.74,26.91,26.83
2017-09-21T20:00,2017-09-21,20,26.51,26.36,26.08,26.52,26.12,26.29,27.18,27.47,26.56,26.41
2017-09-21T21:00,2017-09-21,21,26.28,26.15,25.9,26.28,25.92,26.14,26.96,27.21,26.34,26.01
2017-09-21T22:00,2017-09-21,22,26.15,26.05,25.69,26.14,25.77,26.01,26.85,26.96,26.18,25.95
2017-09-21T23:00,2017-09-21,23,26.01,25.93,25.35,26.0,25.73,25.85,26.77,26.74,26.08,25.84
2017-09-22T00:00,2017-09-22,0,25.91,25.91,25.35,25.76,25.61,25.67,26.59,26.58,26.01,25.74
2017-09-22T01:00,2017-09-22,1,25.74,25.81,25.03,25.54,25.33,25.67,26.4,26.38,25.86,25.56
2017-09-22T02:00,2017-09-22,2,25.59,25.72,24.72,25.38,25.27,25.44,26.26,26.28,25.69,25.4
2017-09-22T03:00,2017-09-22,3,25.45,25.67,24.53,25.14,25.01,25.04,26.26,26.3,25.58,25.12
2017-09-22T04:00,2017-09-22,4,25.29,25.54,24.36,25.01,24.63,24.93,26.13,26.38,25.4,24.85
2017-09-22T05:00,2017-09-22,5,25.15,25.34,24.41,24.96,24.46,24.86,25.97,26.28,25.25,24.6
2017-09-22T06:00,2017-09-22,6,25.2,25.3,24.37,24.95,24.86,25.16,26.08,26.2,25.16,24.78
2017-09-22T07:00,2017-09-22,7,26.56,26.93,25.98,26.67,25.62,26.08,27.36,27.64,26.47,25.64
2017-09-22T08:00,2017-09-22,8,27.84,28.22,27.67,28.27,26.41,26.89,28.53,28.99,28.05,26.6
2017-09-22T09:00,2017-09-22,9,29.0,29.4,28.93,29.48,27.46,27.64,29.54,30.02,29.43,27.85
2017-09-22T10:00,2017-09-22,10,29.91,30.17,29.54,30.35,28.74,28.95,30.47,30.73,30.47,28.78
2017-09-22T11:00,2017-09-22,11,30.7,30.91,30.3,31.07,29.79,30.05,31.15,31.46,31.26,29.61
2017-09-22T12:00,2017-09-22,12,31.03,31.47,30.49,31.39,30.55,30.77,29.87,31.74,31.44,30.72
2017-09-22T13:00,2017-09-22,13,31.12,31.55,30.76,31.37,30.89,31.01,29.65,31.54,31.43,31.17
2017-09-22T14:00,2017-09-22,14,30.56,30.96,29.27,30.85,30.09,30.89,30.09,30.67,30.5,30.83
2017-09-22T15:00,2017-09-22,15,30.03,30.5,29.07,29.39,29.3,30.98,29.87,30.8,30.31,29.67
2017-09-22T16:00,2017-09-22,16,29.76,29.87,28.06,29.59,29.34,30.81,29.48,30.26,30.46,29.84
2017-09-22T17:00,2017-09-22,17,29.23,29.35,27.7,28.98,29.29,29.64,28.86,29.07,30.06,29.63
2017-09-22T18:00,2017-09-22,18,28.69,28.87,27.54,28.74,28.56,28.76,28.62,28.76,28.84,28.96
2017-09-22T19:00,2017-09-22,19,28.18,28.35,27.17,28.26,28.16,28.4,28.2,28.44,28.3,28.04
2017-09-22T20:00,2017-09-22,20,27.78,27.91,26.63,27.82,27.88,28.12,27.9,28.05,27.96,27.61
2017-09-22T21:00,2017-09-22,21,27.36,27.52,26.23,27.38,27.52,27.42,27.6,27.72,27.54,27.01
2017-09-22T22:00,2017-09-22,22,27.04,27.09,25.93,27.06,27.12,27.13,27.37,27.4,27.34,26.75
2017-09-22T23:00,2017-09-22,23,26.79,26.78,25.65,26.75,26.78,26.94,27.2,27.22,27.07,26.73
2017-09-23T00:00,2017-09-23,0,26.58,26.61,25.42,26.54,26.52,26.77,27.01,26.97,26.83,26.51
2017-09-23T01:00,2017-09-23,1,26.35,26.47,24.95,26.31,26.22,26.47,26.81,26.67,26.62,26.32
2017-09-23T02:00,2017-09-23,2,26.16,26.29,24.85,26.06,26.06,26.24,26.65,26.38,26.47,26.04
2017-09-23T03:00,2017-09-23,3,25.98,26.13,25.09,25.89,25.83,26.01,26.51,26.22,26.27,25.45
2017-09-23T04:00,2017-09-23,4,25.76,25.97,24.63,25.7,25.6,25.79,26.39,26.16,26.03,25.07
2017-09-23T05:00,2017-09-23,5,25.62,25.81,24.79,25.55,25.41,25.65,26.19,26.12,25.92,24.86
2017-09-23T06:00,2017-09-23,6,25.84,25.97,24.92,25.96,25.72,25.71,26.4,26.51,26.01,25.14
2017-09-23T07:00,2017-09-23,7,27.2,27.61,26.79,27.52,26.88,26.82,27.7,27.94,27.27,25.61
2017-09-23T08:00,2017-09-23,8,28.51,29.09,28.42,28.98,28.02,27.88,29.01,29.11,28.83,26.16
2017-09-23T09:00,2017-09-23,9,29.59,30.22,29.47,30.32,28.81,29.01,30.15,30.1,29.99,26.86
2017-09-23T10:00,2017-09-23,10,30.54,31.21,30.24,31.24,30.05,30.26,31.04,30.98,30.75,27.84
2017-09-23T11:00,2017-09-23,11,31.28,31.87,31.0,31.83,30.66,31.1,31.73,31.65,31.55,28.99
2017-09-23T12:00,2017-09-23,12,31.82,32.29,31.53,32.21,31.6,31.44,32.2,32.06,32.1,29.94
2017-09-23T13:00,2017-09-23,13,32.1,32.64,31.37,32.49,31.94,31.96,32.42,32.18,32.0,30.78
2017-09-23T14:00,2017-09-23,14,32.03,32.47,30.87,32.03,32.03,32.31,32.42,32.14,32.04,31.2
2017-09-23T15:00,2017-09-23,15,31.62,31.76,30.32,32.04,31.93,32.18,31.96,31.75,31.78,30.63
2017-09-23T16:00,2017-09-23,16,30.95,31.56,29.49,31.41,30.55,31.0,30.76,31.2,31.15,30.13
2017-09-23T17:00,2017-09-23,17,30.18,30.9,28.82,30.24,29.44,30.5,29.87,30.03,30.44,29.72
2017-09-23T18:00,2017-09-23,18,29.57,30.4,28.6,29.88,29.03,29.17,29.72,29.47,29.53,28.47
2017-09-23T19:00,2017-09-23,19,28.89,29.41,28.2,29.2,28.11,28.76,29.21,29.05,29.0,27.87
2017-09-23T20:00,2017-09-23,20,28.44,28.79,27.88,28.89,27.73,28.27,28.84,28.56,28.59,27.45
2017-09-23T21:00,2017-09-23,21,28.1,28.31,27.56,28.53,27.46,27.96,28.63,28.2,28.19,27.32
2017-09-23T22:00,2017-09-23,22,27.77,27.95,27.28,28.21,27.09,27.9,28.32,27.98,27.75,26.97
2017-09-23T23:00,2017-09-23,23,27.52,27.79,26.9,27.82,27.08,27.47,28.09,27.82,27.49,26.63
2017-09-24T00:00,2017-09-24,0,27.29,27.48,26.66,27.51,27.04,27.44,27.92,27.58,27.25,26.36
2017-09-24T01:00,2017-09-24,1,27.07,27.19,26.46,27.26,26.82,27.22,27.72,27.37,27.08,26.32
2017-09-24T02:00,2017-09-24,2,26.87,27.08,26.25,27.07,26.6,26.7,27.46,27.23,26.87,26.08
2017-09-24T03:00,2017-09-24,3,26.67,27.13,25.39,26.98,26.48,25.95,27.24,27.13,26.81,25.73
2017-09-24T04:00,2017-09-24,4,26.41,27.08,24.78,26.77,26.24,25.25,27.02,27.06,26.54,25.38
2017-09-24T05:00,2017-09-24,5,26.16,26.78,24.39,26.43,25.88,25.09,26.78,26.93,26.38,25.29
2017-09-24T06:00,2017-09-24,6,26.49,26.94,25.13,26.89,26.52,26.0,26.88,27.09,26.63,25.39
2017-09-24T07:00,2017-09-24,7,27.73,28.5,26.22,28.25,27.63,26.81,28.07,28.22,27.81,26.34
2017-09-24T08:00,2017-09-24,8,28.96,29.75,27.83,29.34,28.73,28.13,29.26,29.28,29.06,27.48
2017-09-24T09:00,2017-09-24,9,30.15,30.95,29.18,30.23,29.83,29.24,30.49,30.43,30.41,28.75
2017-09-24T10:00,2017-09-24,10,31.13,31.96,30.21,31.02,30.69,30.21,31.57,31.38,31.5,29.71
2017-09-24T11:00,2017-09-24,11,31.8,32.57,30.91,31.66,30.85,31.01,32.39,32.12,32.41,30.41
2017-09-24T12:00,2017-09-24,12,32.15,32.86,30.94,32.15,30.82,31.48,32.86,32.42,32.7,31.15
2017-09-24T13:00,2017-09-24,13,32.32,32.95,31.2,32.34,31.23,32.16,33.14,32.57,32.73,31.02
2017-09-24T14:00,2017-09-24,14,32.19,32.91,30.77,32.41,31.29,32.21,33.19,32.6,32.2,30.65
2017-09-24T15:00,2017-09-24,15,31.86,32.45,30.11,32.02,31.74,32.06,33.04,32.34,31.39,30.62
2017-09-24T16:00,2017-09-24,16,31.37,31.75,29.67,30.99,31.53,31.82,32.7,31.96,30.93,30.64
2017-09-24T17:00,2017-09-24,17,30.72,31.0,28.99,30.1,31.07,30.82,31.93,31.17,30.72,30.28
2017-09-24T18:00,2017-09-24,18,29.61,30.11,28.11,29.7,29.57,29.43,30.34,29.83,29.55,28.79
2017-09-24T19:00,2017-09-24,19,29.01,29.28,27.75,29.13,28.86,28.88,29.85,29.44,29.13,28.12
2017-09-24T20:00,2017-09-24,20,28.55,28.69,27.44,28.61,28.51,28.42,29.56,29.06,28.64,27.68
2017-09-24T21:00,2017-09-24,21,28.27,28.42,27.24,28.4,28.68,28.07,29.12,28.67,28.17,27.45
2017-09-24T22:00,2017-09-24,22,27.91,28.11,26.94,28.14,28.14,27.65,28.64,28.3,27.78,27.08
2017-09-24T23:00,2017-09-24,23,27.64,27.93,26.86,27.95,27.46,27.05,28.35,28.02,27.47,26.97
2017-09-25T00:00,2017-09-25,0,27.38,27.69,26.46,27.65,27.08,26.56,28.18,27.76,27.34,26.76
2017-09-25T01:00,2017-09-25,1,26.94,27.38,25.09,27.39,26.69,25.92,27.82,27.66,26.96,26.35
2017-09-25T02:00,2017-09-25,2,26.64,27.15,24.85,26.86,26.63,25.58,27.45,27.48,26.68,25.91
2017-09-25T03:00,2017-09-25,3,26.26,26.71,24.75,26.06,26.12,25.55,27.14,27.23,26.46,25.43
2017-09-25T04:00,2017-09-25,4,25.85,26.07,24.53,25.54,25.61,25.38,26.75,26.99,26.28,25.13
2017-09-25T05:00,2017-09-25,5,25.63,25.72,24.33,25.43,25.45,25.32,26.54,26.81,25.97,25.07
2017-09-25T06:00,2017-09-25,6,26.06,26.51,24.73,25.46,25.96,25.7,27.01,26.94,26.21,25.39
2017-09-25T07:00,2017-09-25,7,26.94,27.39,25.69,26.31,26.7,26.51,27.96,27.68,27.26,26.15
2017-09-25T08:00,2017-09-25,8,27.87,28.28,26.36,27.19,27.73,27.69,28.98,28.31,28.36,27.08
2017-09-25T09:00,2017-09-25,9,28.79,28.91,27.6,28.21,28.82,28.52,29.89,28.94,29.56,28.13
2017-09-25T10:00,2017-09-25,10,29.59,29.59,29.03,29.29,29.51,29.17,30.58,29.75,30.29,28.84
2017-09-25T11:00,2017-09-25,11,30.26,30.22,30.0,29.97,30.45,29.69,31.13,30.69,31.06,29.06
2017-09-25T12:00,2017-09-25,12,30.64,30.84,30.73,30.73,30.0,29.97,31.32,31.32,30.44,30.06
2017-09-25T13:00,2017-09-25,13,30.77,31.46,30.78,31.26,29.68,30.7,31.4,31.58,29.15,30.11
2017-09-25T14:00,2017-09-25,14,30.93,31.76,30.25,31.34,29.72,31.22,31.25,31.67,29.77,30.16
2017-09-25T15:00,2017-09-25,15,30.82,31.24,30.29,30.88,30.21,31.27,31.15,31.29,30.3,30.25
2017-09-25T16:00,2017-09-25,16,30.4,30.63,29.57,30.51,30.27,30.79,30.15,30.43,30.54,30.25
2017-09-25T17:00,2017-09-25,17,29.99,30.32,28.97,29.96,29.96,30.54,29.71,29.22,30.39,29.92
2017-09-25T18:00,2017-09-25,18,29.91,30.28,28.73,29.97,29.53,30.12,30.05,29.41,30.38,29.58
2017-09-25T19:00,2017-09-25,19,28.99,29.11,27.94,29.31,28.83,28.94,29.38,28.94,29.5,28.37
2017-09-25T20:00,2017-09-25,20,28.55,28.64,27.65,28.8,28.38,28.65,28.99,28.62,28.87,27.97
2017-09-25T21:00,2017-09-25,21,28.11,28.06,27.23,28.42,28.07,28.14,28.74,28.29,28.45,27.47
2017-09-25T22:00,2017-09-25,22,27.81,27.77,26.95,28.03,27.83,27.69,28.43,28.04,28.27,27.11
2017-09-25T23:00,2017-09-25,23,27.62,27.64,26.84,27.74,27.88,27.53,28.22,27.84,27.87,26.92
2017-09-26T00:00,2017-09-26,0,27.4,27.4,26.8,27.49,27.81,27.19,28.04,27.7,27.44,26.73
2017-09-26T01:00,2017-09-26,1,27.13,27.18,26.63,27.16,27.56,26.93,27.77,27.53,26.95,26.54
2017-09-26T02:00,2017-09-26,2,26.86,27.23,25.75,26.96,26.92,26.75,27.61,27.44,26.3,26.31
2017-09-26T03:00,2017-09-26,3,26.54,27.03,25.46,26.55,26.35,26.53,27.3,27.23,25.94,25.87
2017-09-26T04:00,2017-09-26,4,26.21,26.59,25.15,26.13,26.08,26.34,27.02,26.8,25.71,25.66
2017-09-26T05:00,2017-09-26,5,26.01,26.4,24.87,25.69,25.89,26.34,26.79,26.48,25.65,25.53
2017-09-26T06:00,2017-09-26,6,26.15,26.46,25.17,25.66,26.11,26.54,26.99,26.56,26.06,25.52
2017-09-26T07:00,2017-09-26,7,27.07,27.36,25.58,26.38,27.4,27.67,27.88,27.18,27.14,26.69
2017-09-26T08:00,2017-09-26,8,28.0,28.29,25.92,27.17,28.73,28.6,28.68,27.92,28.26,27.96
2017-09-26T09:00,2017-09-26,9,29.13,29.47,26.68,28.35,29.97,29.72,29.59,28.81,29.59,29.33
2017-09-26T10:00,2017-09-26,10,30.16,30.56,27.67,29.16,30.77,30.86,30.5,29.54,30.83,30.58
2017-09-26T11:00,2017-09-26,11,30.92,31.26,28.86,30.0,31.42,31.07,31.16,30.17,31.77,31.44
2017-09-26T12:00,2017-09-26,12,31.48,31.71,29.83,30.81,31.09,31.8,31.61,30.86,32.55,32.04
2017-09-26T13:00,2017-09-26,13,31.41,31.27,30.11,31.42,31.61,31.38,31.57,31.13,31.73,32.26
2017-09-26T14:00,2017-09-26,14,31.31,31.53,30.23,31.72,31.29,30.92,31.78,31.45,31.24,30.91
2017-09-26T15:00,2017-09-26,15,31.19,31.88,30.34,31.44,31.32,31.17,31.44,31.44,30.58,30.12
2017-09-26T16:00,2017-09-26,16,30.88,31.54,29.88,30.75,31.28,31.34,30.73,30.87,30.62,30.05
2017-09-26T17:00,2017-09-26,17,30.41,30.98,29.38,30.14,30.9,30.91,30.1,29.85,30.55,29.88
2017-09-26T18:00,2017-09-26,18,29.48,29.72,27.61,29.05,30.33,29.05,30.02,29.79,30.23,28.91
2017-09-26T19:00,2017-09-26,19,28.84,29.0,27.29,28.6,29.44,28.52,29.4,28.83,29.54,28.36
2017-09-26T20:00,2017-09-26,20,28.4,28.59,26.95,28.16,29.06,27.99,28.94,28.56,28.88,27.93
2017-09-26T21:00,2017-09-26,21,28.01,28.19,26.77,27.7,28.5,27.6,28.58,28.19,28.42,27.66
2017-09-26T22:00,2017-09-26,22,27.72,27.88,26.66,27.5,28.19,27.32,28.34,27.92,27.86,27.46
2017-09-26T23:00,2017-09-26,23,27.43,27.63,26.66,27.19,27.72,27.07,27.96,27.62,27.51,27.12
2017-09-27T00:00,2017-09-27,0,27.14,27.48,26.31,26.96,26.96,26.81,27.57,27.33,27.09,26.97
2017-09-27T01:00,2017-09-27,1,26.82,27.04,26.08,26.72,26.8,26.58,27.29,27.31,26.57,26.65
2017-09-27T02:00,2017-09-27,2,26.49,26.57,25.87,26.35,26.52,26.35,27.11,27.02,26.25,26.4
2017-09-27T03:00,2017-09-27,3,26.25,26.23,25.64,25.98,26.38,26.27,26.89,26.94,26.0,26.3
2017-09-27T04:00,2017-09-27,4,25.92,25.84,25.48,25.63,25.88,26.11,26.39,26.52,25.8,26.03
2017-09-27T05:00,2017-09-27,5,25.7,25.65,25.02,25.6,25.69,26.0,26.01,26.23,25.71,25.73
2017-09-27T06:00,2017-09-27,6,26.1,26.37,25.09,25.94,26.14,26.2,26.75,26.06,26.13,25.63
2017-09-27T07:00,2017-09-27,7,26.94,27.35,25.34,26.19,27.59,27.64,27.01,26.49,27.26,26.92
2017-09-27T08:00,2017-09-27,8,27.81,28.27,25.87,26.59,28.99,29.1,27.22,27.07,28.44,28.18
2017-09-27T09:00,2017-09-27,9,28.74,28.76,27.1,27.85,30.22,30.18,27.85,27.22,29.71,29.61
2017-09-27T10:00,2017-09-27,10,29.68,29.65,28.15,28.94,30.99,30.81,28.82,27.36,30.87,30.84
2017-09-27T11:00,2017-09-27,11,30.16,29.77,29.13,29.23,31.75,30.39,29.35,27.72,31.97,31.76
2017-09-27T12:00,2017-09-27,12,30.63,30.26,29.18,30.07,32.44,29.42,30.06,28.81,32.34,32.37
2017-09-27T13:00,2017-09-27,13,30.77,30.76,29.52,30.13,30.91,29.87,30.15,29.48,32.13,32.68
2017-09-27T14:00,2017-09-27,14,30.74,31.11,28.77,30.18,29.38,30.18,30.31,29.41,32.21,32.78
2017-09-27T15:00,2017-09-27,15,30.31,31.02,28.09,29.64,29.32,30.2,29.17,28.85,31.06,32.8
2017-09-27T16:00,2017-09-27,16,29.77,30.56,27.71,28.75,29.83,29.64,28.57,27.96,30.05,32.42
2017-09-27T17:00,2017-09-27,17,28.78,28.56,27.35,28.02,29.47,29.21,27.99,27.8,29.2,31.38
2017-09-27T18:00,2017-09-27,18,28.38,28.69,26.82,27.76,28.27,28.72,28.16,27.82,28.51,29.76
2017-09-27T19:00,2017-09-27,19,27.99,28.16,26.73,27.49,27.92,28.44,27.8,27.56,28.29,28.99
2017-09-27T20:00,2017-09-27,20,27.64,27.83,26.43,27.23,27.79,27.92,27.41,27.37,27.86,28.4
2017-09-27T21:00,2017-09-27,21,27.3,27.43,26.3,26.97,27.35,27.58,27.04,26.99,27.64,27.96
2017-09-27T22:00,2017-09-27,22,26.91,26.93,25.77,26.58,27.02,27.18,26.8,26.76,27.46,27.47
2017-09-27T23:00,2017-09-27,23,26.6,26.54,25.54,26.37,26.27,26.99,26.57,26.65,27.25,27.11
2017-09-28T00:00,2017-09-28,0,26.39,26.08,25.59,26.13,26.22,26.5,26.45,26.74,27.23,26.95
2017-09-28T01:00,2017-09-28,1,26.16,25.95,25.29,25.85,26.01,26.1,26.59,26.32,26.84,26.54
2017-09-28T02:00,2017-09-28,2,25.99,25.88,25.21,25.65,25.89,25.67,26.25,26.18,26.7,26.36
2017-09-28T03:00,2017-09-28,3,25.76,25.71,24.6,25.5,25.79,25.63,26.1,26.04,26.2,26.2
2017-09-28T04:00,2017-09-28,4,25.53,25.44,24.56,25.27,25.55,25.54,25.96,25.82,25.61,26.1
2017-09-28T05:00,2017-09-28,5,25.3,25.27,24.41,25.1,25.52,25.35,25.39,25.38,25.38,25.94
2017-09-28T06:00,2017-09-28,6,25.8,25.89,25.09,25.57,25.81,25.51,25.94,26.09,26.06,25.97
2017-09-28T07:00,2017-09-28,7,26.65,26.94,25.64,26.34,26.31,26.38,26.88,26.74,26.88,26.93
2017-09-28T08:00,2017-09-28,8,27.53,28.02,26.11,27.55,26.73,27.47,27.72,27.31,27.69,27.76
2017-09-28T09:00,2017-09-28,9,28.49,29.22,26.51,28.31,28.05,28.43,28.76,27.64,28.66,28.7
2017-09-28T10:00,2017-09-28,10,29.44,30.2,27.19,28.84,29.3,29.79,29.52,28.45,29.85,29.83
2017-09-28T11:00,2017-09-28,11,29.82,29.59,27.57,29.19,30.26,31.33,30.04,29.08,30.67,30.85
2017-09-28T12:00,2017-09-28,12,29.9,28.9,27.65,28.94,30.91,32.06,30.29,29.52,31.28,31.5
2017-09-28T13:00,2017-09-28,13,29.79,28.76,27.9,29.07,31.5,32.18,29.3,28.83,31.02,31.58
2017-09-28T14:00,2017-09-28,14,29.73,29.73,27.55,29.3,31.55,31.41,28.97,28.02,29.71,31.27
2017-09-28T15:00,2017-09-28,15,29.15,29.6,27.5,29.18,30.99,30.16,28.17,27.88,28.68,29.51
2017-09-28T16:00,2017-09-28,16,28.59,28.68,27.61,28.12,28.47,30.05,27.92,27.57,29.01,29.56
2017-09-28T17:00,2017-09-28,17,27.84,27.62,26.66,26.76,27.53,29.47,27.41,27.18,28.9,29.31
2017-09-28T18:00,2017-09-28,18,27.42,27.3,25.72,26.71,28.25,28.68,27.23,26.42,27.89,28.66
2017-09-28T19:00,2017-09-28,19,27.08,26.81,25.47,26.45,27.91,28.44,26.91,26.38,27.59,28.23
2017-09-28T20:00,2017-09-28,20,26.71,26.61,25.01,25.74,27.48,27.46,26.9,26.18,27.28,27.86
2017-09-28T21:00,2017-09-28,21,26.39,26.26,25.15,25.57,26.7,27.01,26.76,25.99,26.82,27.33
2017-09-28T22:00,2017-09-28,22,26.09,25.94,25.24,25.44,25.94,26.7,26.59,25.91,26.22,27.06
2017-09-28T23:00,2017-09-28,23,25.83,25.63,25.1,25.27,25.7,26.6,26.46,25.93,25.69,26.63
2017-09-29T00:00,2017-09-29,0,25.54,25.38,24.75,25.13,25.52,26.03,26.27,25.9,25.34,26.06
2017-09-29T01:00,2017-09-29,1,25.36,25.16,24.83,25.13,25.43,25.79,26.08,25.9,25.03,25.65
2017-09-29T02:00,2017-09-29,2,25.17,24.93,24.62,25.02,25.35,25.47,25.93,25.83,24.9,25.25
2017-09-29T03:00,2017-09-29,3,25.06,24.94,24.35,24.91,25.19,25.34,25.78,25.62,24.85,25.05
2017-09-29T04:00,2017-09-29,4,24.98,24.92,24.18,24.86,25.09,25.1,25.74,25.58,24.75,24.91
2017-09-29T05:00,2017-09-29,5,24.84,24.85,24.09,24.88,24.87,24.96,25.45,25.24,24.63,24.73
2017-09-29T06:00,2017-09-29,6,25.16,25.12,24.23,25.29,24.87,25.11,25.79,25.78,25.15,25.11
2017-09-29T07:00,2017-09-29,7,25.45,25.36,24.63,25.74,25.14,25.44,26.04,26.31,25.26,25.39
2017-09-29T08:00,2017-09-29,8,25.83,25.61,25.05,26.66,24.94,25.62,26.36,27.38,25.55,25.81
2017-09-29T09:00,2017-09-29,9,26.42,26.04,26.29,27.73,25.01,26.07,26.81,28.46,26.03,26.28
2017-09-29T10:00,2017-09-29,10,26.98,26.48,27.76,28.11,25.27,26.66,27.51,29.14,26.62,26.49
2017-09-29T11:00,2017-09-29,11,27.51,27.08,29.04,28.07,26.09,27.23,28.31,28.9,27.11,26.86
2017-09-29T12:00,2017-09-29,12,27.9,27.96,29.97,28.39,26.72,27.3,28.24,27.86,27.26,27.21
2017-09-29T13:00,2017-09-29,13,28.19,28.56,28.49,28.17,27.29,28.66,28.43,27.91,27.76,27.71
2017-09-29T14:00,2017-09-29,14,27.92,28.21,27.65,27.89,26.85,28.43,28.02,28.35,27.71,27.77
2017-09-29T15:00,2017-09-29,15,27.61,27.53,27.52,28.03,26.54,27.28,27.8,28.69,27.91,27.29
2017-09-29T16:00,2017-09-29,16,27.18,27.18,25.79,28.03,26.57,26.44,27.56,28.18,27.75,26.65
2017-09-29T17:00,2017-09-29,17,26.86,26.84,26.18,27.56,26.65,26.47,26.77,27.48,27.44,26.13
2017-09-29T18:00,2017-09-29,18,26.43,26.39,26.05,27.29,25.98,26.1,26.93,27.61,26.13,25.63
2017-09-29T19:00,2017-09-29,19,26.24,26.37,25.83,26.95,25.74,25.82,26.71,27.26,25.86,25.49
2017-09-29T20:00,2017-09-29,20,26.06,26.2,25.72,26.79,25.58,25.59,26.65,26.85,25.61,25.31
2017-09-29T21:00,2017-09-29,21,25.83,26.09,25.4,26.37,24.99,25.31,26.54,26.72,25.45,25.09
2017-09-29T22:00,2017-09-29,22,25.59,25.88,25.32,25.82,24.77,24.92,26.42,26.52,25.23,24.95
2017-09-29T23:00,2017-09-29,23,25.4,25.7,25.18,25.31,24.69,24.84,26.31,26.13,25.07,24.84
2017-09-30T00:00,2017-09-30,0,25.14,25.19,24.81,25.26,24.53,24.73,26.1,26.08,24.87,24.73
2017-09-30T01:00,2017-09-30,1,24.98,24.92,24.8,25.21,24.36,24.62,25.94,26.0,24.68,24.55
2017-09-30T02:00,2017-09-30,2,24.89,24.93,24.73,25.08,24.26,24.38,25.76,25.92,24.56,24.45
2017-09-30T03:00,2017-09-30,3,24.8,24.81,24.76,25.09,24.26,24.22,25.47,25.84,24.52,24.29
2017-09-30T04:00,2017-09-30,4,24.7,24.85,24.61,25.06,24.18,24.06,25.24,25.63,24.39,24.13
2017-09-30T05:00,2017-09-30,5,24.52,24.59,24.27,24.77,24.11,23.95,25.0,25.32,24.4,24.11
2017-09-30T06:00,2017-09-30,6,24.77,24.78,24.44,24.99,24.3,24.12,25.42,25.69,24.65,24.47
2017-09-30T07:00,2017-09-30,7,25.46,25.61,25.85,25.79,24.73,24.67,26.07,26.29,25.2,24.6
2017-09-30T08:00,2017-09-30,8,26.36,26.91,26.95,26.9,25.37,25.51,26.95,27.11,25.83,24.69
2017-09-30T09:00,2017-09-30,9,27.35,28.04,28.58,28.16,25.86,26.49,28.07,27.93,26.5,25.19
2017-09-30T10:00,2017-09-30,10,28.2,29.04,29.12,29.25,26.34,27.23,29.0,28.86,27.63,25.6
2017-09-30T11:00,2017-09-30,11,28.56,29.21,30.16,28.65,26.77,27.65,29.73,29.5,28.32,25.94
2017-09-30T12:00,2017-09-30,12,28.44,28.68,28.76,28.24,27.73,27.91,29.62,29.25,29.09,26.26
2017-09-30T13:00,2017-09-30,13,28.36,28.92,29.22,28.01,27.14,28.09,27.94,28.37,29.57,26.68
2017-09-30T14:00,2017-09-30,14,28.09,28.12,28.2,28.21,27.18,28.26,27.38,28.03,29.45,27.46
2017-09-30T15:00,2017-09-30,15,27.51,27.44,27.5,27.92,26.88,27.7,27.23,27.83,27.79,27.38
2017-09-30T16:00,2017-09-30,16,27.13,26.92,27.21,26.98,27.08,27.3,27.37,27.99,27.28,26.8
2017-09-30T17:00,2017-09-30,17,26.82,26.73,26.78,26.79,26.74,26.8,27.19,27.78,26.89,26.25
2017-09-30T18:00,2017-09-30,18,26.43,26.58,26.28,26.64,25.84,25.99,27.03,27.42,26.37,25.57
2017-09-30T19:00,2017-09-30,19,26.28,26.5,26.2,26.5,25.6,25.84,26.83,26.94,26.2,25.46
2017-09-30T20:00,2017-09-30,20,26.1,26.37,25.94,26.26,25.57,25.61,26.7,26.59,25.98,25.31
2017-09-30T21:00,2017-09-30,21,25.92,26.14,25.67,26.07,25.5,25.44,26.53,26.4,25.89,25.18
2017-09-30T22:00,2017-09-30,22,25.75,25.97,25.56,25.95,25.33,25.28,26.31,26.13,25.77,24.96
2017-09-30T23:00,2017-09-30,23,25.62,25.93,25.54,25.87,24.95,25.02,26.04,25.96,25.69,24.81
2017-10-01T00:00,2017-10-01,0,25.43,25.72,25.2,25.8,24.43,24.83,25.84,25.95,25.58,24.64
2017-10-01T01:00,2017-10-01,1,25.23,25.56,25.05,25.6,24.3,24.65,25.64,25.94,25.14,24.5
2017-10-01T02:00,2017-10-01,2,25.02,25.32,24.86,25.42,24.11,24.45,25.5,25.79,24.78,24.29
2017-10-01T03:00,2017-10-01,3,24.82,24.95,24.29,25.24,24.02,24.39,25.46,25.82,24.75,24.17
2017-10-01T04:00,2017-10-01,4,24.61,24.66,24.36,24.72,23.9,24.31,25.2,25.64,24.58,24.12
2017-10-01T05:00,2017-10-01,5,24.44,24.54,24.06,24.52,23.85,24.27,25.13,24.94,24.39,23.98
2017-10-01T06:00,2017-10-01,6,24.66,24.85,24.13,25.09,23.99,24.38,25.23,25.33,24.6,23.88
2017-10-01T07:00,2017-10-01,7,25.39,25.55,25.6,26.21,24.5,25.32,25.85,26.15,24.97,24.22
2017-10-01T08:00,2017-10-01,8,26.4,26.78,27.01,27.54,25.23,26.48,26.87,27.29,25.51,24.48
2017-10-01T09:00,2017-10-01,9,27.56,28.06,28.82,28.62,26.3,27.59,27.92,28.49,26.42,25.43
2017-10-01T10:00,2017-10-01,10,28.56,29.11,30.04,29.64,27.12,28.64,28.88,29.55,27.28,26.39
2017-10-01T11:00,2017-10-01,11,29.4,30.24,30.74,30.23,27.84,29.58,29.51,30.07,28.36,27.02
2017-10-01T12:00,2017-10-01,12,28.84,28.4,30.9,29.24,28.54,30.35,28.32,27.97,29.22,27.64
2017-10-01T13:00,2017-10-01,13,28.81,28.6,29.28,29.16,29.26,30.35,28.25,28.85,28.78,27.87
2017-10-01T14:00,2017-10-01,14,28.45,28.13,29.74,28.53,29.14,29.34,28.05,29.25,27.59,28.09
2017-10-01T15:00,2017-10-01,15,28.19,28.23,29.51,28.67,27.35,28.72,28.03,28.61,27.17,27.87
2017-10-01T16:00,2017-10-01,16,27.9,28.2,28.4,28.2,26.58,28.21,28.19,27.88,27.3,27.52
2017-10-01T17:00,2017-10-01,17,27.62,27.98,27.93,27.73,26.52,27.99,27.88,27.53,27.2,27.16
2017-10-01T18:00,2017-10-01,18,26.71,26.92,27.6,26.76,25.93,26.68,27.04,27.25,26.19,25.97
2017-10-01T19:00,2017-10-01,19,26.46,26.7,26.75,26.57,25.73,26.37,26.83,26.83,26.12,25.87
2017-10-01T20:00,2017-10-01,20,26.17,26.39,26.2,26.31,25.58,26.11,26.56,26.58,25.95,25.53
2017-10-01T21:00,2017-10-01,21,25.96,26.18,26.06,26.02,25.47,25.8,26.31,26.28,25.84,25.27
2017-10-01T22:00,2017-10-01,22,25.71,25.86,25.83,25.78,25.3,25.49,26.14,26.19,25.7,24.91
2017-10-01T23:00,2017-10-01,23,25.51,25.69,25.62,25.63,24.99,25.22,25.91,26.08,25.56,24.61
2017-10-02T00:00,2017-10-02,0,25.31,25.44,25.38,25.6,24.91,24.95,25.76,26.02,25.18,24.48
2017-10-02T01:00,2017-10-02,1,25.14,25.31,25.17,25.49,24.41,24.92,25.63,25.96,24.88,24.29
2017-10-02T02:00,2017-10-02,2,25.0,25.17,25.05,25.29,24.19,24.85,25.42,25.92,24.81,24.19
2017-10-02T03:00,2017-10-02,3,24.85,25.02,24.85,25.08,24.17,24.77,25.2,25.74,24.64,24.17
2017-10-02T04:00,2017-10-02,4,24.65,24.8,24.57,24.79,24.14,24.54,24.9,25.42,24.51,24.09
2017-10-02T05:00,2017-10-02,5,24.56,24.74,24.77,24.41,24.05,24.37,24.92,25.2,24.41,24.03
2017-10-02T06:00,2017-10-02,6,24.68,24.84,24.69,24.76,24.19,24.45,25.1,25.48,24.4,24.14
2017-10-02T07:00,2017-10-02,7,25.55,25.97,26.24,25.77,25.08,25.44,25.63,26.09,25.02,24.36
2017-10-02T08:00,2017-10-02,8,26.67,27.32,27.88,27.18,26.36,26.68,26.31,27.18,25.78,24.76
2017-10-02T09:00,2017-10-02,9,27.77,28.38,29.29,28.76,27.82,28.32,27.3,28.1,26.4,25.43
2017-10-02T10:00,2017-10-02,10,28.7,29.31,30.15,29.86,28.78,29.35,28.77,29.02,26.89,26.03
2017-10-02T11:00,2017-10-02,11,29.57,30.3,30.36,30.67,29.6,30.23,29.81,29.85,28.3,26.48
2017-10-02T12:00,2017-10-02,12,30.02,30.91,29.36,31.14,30.2,30.87,30.34,30.27,29.18,26.79
2017-10-02T13:00,2017-10-02,13,30.38,31.44,29.93,31.38,30.66,31.32,30.16,29.5,29.79,27.42
2017-10-02T14:00,2017-10-02,14,29.82,30.1,30.07,30.61,30.66,31.43,29.94,28.98,29.22,27.41
2017-10-02T15:00,2017-10-02,15,29.22,29.52,29.23,29.27,29.43,31.15,29.02,29.23,28.73,27.73
2017-10-02T16:00,2017-10-02,16,28.73,29.12,28.36,29.13,28.76,30.64,27.66,29.08,28.11,27.93
2017-10-02T17:00,2017-10-02,17,28.09,28.46,27.63,28.79,28.24,29.23,27.46,28.65,26.96,27.51
2017-10-02T18:00,2017-10-02,18,27.21,27.48,27.54,27.85,26.77,27.84,27.45,27.9,26.37,25.81
2017-10-02T19:00,2017-10-02,19,26.82,26.97,27.24,27.42,26.55,27.66,26.97,27.37,26.14,25.45
2017-10-02T20:00,2017-10-02,20,26.53,26.7,26.77,27.35,26.05,27.31,26.54,27.06,25.95,25.2
2017-10-02T21:00,2017-10-02,21,26.12,26.19,26.46,26.65,25.65,26.85,26.23,26.77,25.67,25.0
2017-10-02T22:00,2017-10-02,22,25.78,25.85,25.5,26.3,25.46,26.5,25.93,26.49,25.49,24.77
2017-10-02T23:00,2017-10-02,23,25.56,25.55,25.35,26.05,25.3,26.15,25.82,26.36,25.29,24.63
2017-10-03T00:00,2017-10-03,0,25.42,25.44,25.26,25.87,25.19,25.98,25.74,25.99,25.13,24.51
2017-10-03T01:00,2017-10-03,1,25.27,25.36,24.97,25.5,25.26,25.87,25.66,25.99,24.91,24.33
2017-10-03T02:00,2017-10-03,2,25.14,25.29,24.71,25.45,25.08,25.66,25.56,25.83,24.72,24.11
2017-10-03T03:00,2017-10-03,3,25.0,25.15,24.58,25.34,25.11,25.49,25.44,25.65,24.48,24.03
2017-10-03T04:00,2017-10-03,4,24.85,25.06,24.33,25.17,24.58,25.18,25.2,25.83,24.37,23.98
2017-10-03T05:00,2017-10-03,5,24.76,25.01,24.15,25.01,24.35,25.03,25.24,25.83,24.3,23.94
2017-10-03T06:00,2017-10-03,6,24.84,24.96,24.44,25.15,24.57,24.96,25.37,25.9,24.44,23.96
2017-10-03T07:00,2017-10-03,7,26.08,26.62,26.01,26.42,25.78,26.28,26.53,26.82,25.38,24.44
2017-10-03T08:00,2017-10-03,8,27.37,28.13,27.45,27.92,26.8,27.72,27.71,27.92,26.56,25.19
2017-10-03T09:00,2017-10-03,9,28.53,29.37,28.84,29.11,27.95,28.99,28.8,28.8,27.65,26.18
2017-10-03T10:00,2017-10-03,10,29.5,30.33,29.82,30.03,29.0,30.05,29.67,29.5,28.7,27.23
2017-10-03T11:00,2017-10-03,11,30.26,31.15,30.29,30.79,29.84,30.92,30.21,30.32,29.65,27.92
2017-10-03T12:00,2017-10-03,12,30.74,31.62,30.28,31.35,30.58,31.47,30.2,30.35,30.57,28.8
2017-10-03T13:00,2017-10-03,13,30.52,31.56,28.82,30.82,31.11,32.06,28.97,28.58,31.15,29.34
2017-10-03T14:00,2017-10-03,14,30.02,30.61,28.21,30.55,30.34,31.62,29.26,28.17,30.14,29.74
2017-10-03T15:00,2017-10-03,15,29.26,28.99,28.05,28.45,29.4,30.77,29.56,28.81,29.84,30.0
2017-10-03T16:00,2017-10-03,16,28.71,28.68,27.51,27.95,28.57,28.39,29.27,28.95,29.19,29.64
2017-10-03T17:00,2017-10-03,17,28.21,28.42,27.14,27.69,28.2,27.87,27.96,28.33,28.57,29.09
2017-10-03T18:00,2017-10-03,18,27.92,28.48,27.18,28.12,27.27,28.34,28.3,28.38,27.73,26.63
2017-10-03T19:00,2017-10-03,19,27.53,28.03,27.07,27.6,27.01,27.89,27.79,27.88,27.53,26.23
2017-10-03T20:00,2017-10-03,20,27.05,27.54,26.61,27.33,26.44,27.41,27.18,27.17,26.96,25.96
2017-10-03T21:00,2017-10-03,21,26.72,27.12,26.44,26.79,26.25,27.2,26.86,26.97,26.58,25.76
2017-10-03T22:00,2017-10-03,22,26.46,26.81,26.24,26.35,25.99,27.28,26.66,26.62,26.34,25.55
2017-10-03T23:00,2017-10-03,23,26.23,26.56,25.97,26.31,25.81,26.94,26.41,26.22,26.15,25.29
2017-10-04T00:00,2017-10-04,0,25.93,26.2,25.54,26.02,25.61,26.42,26.16,26.01,25.94,25.04
2017-10-04T01:00,2017-10-04,1,25.73,25.81,25.53,26.13,25.22,26.19,26.1,26.0,25.72,24.76
2017-10-04T02:00,2017-10-04,2,25.49,25.52,25.32,25.8,25.41,26.11,25.78,25.8,25.37,24.55
2017-10-04T03:00,2017-10-04,3,25.32,25.34,25.02,25.67,25.34,26.11,25.5,25.77,25.13,24.41
2017-10-04T04:00,2017-10-04,4,25.19,25.28,24.78,25.59,25.28,25.69,25.32,25.73,25.02,24.27
2017-10-04T05:00,2017-10-04,5,25.05,25.1,24.55,25.51,24.99,25.57,25.31,25.58,24.8,24.24
2017-10-04T06:00,2017-10-04,6,25.21,25.24,24.79,25.53,25.1,25.8,25.54,25.46,25.04,24.56
2017-10-04T07:00,2017-10-04,7,26.76,26.86,26.02,27.23,26.66,27.51,27.03,27.15,26.56,25.9
2017-10-04T08:00,2017-10-04,8,28.41,28.8,27.58,28.82,28.37,29.11,28.45,28.64,28.1,27.41
2017-10-04T09:00,2017-10-04,9,29.84,30.3,28.96,30.2,29.92,30.55,29.71,29.76,29.64,28.88
2017-10-04T10:00,2017-10-04,10,30.93,31.42,30.1,31.21,31.01,31.65,30.71,30.47,30.83,30.12
2017-10-04T11:00,2017-10-04,11,31.66,32.13,30.87,31.9,31.83,32.36,31.45,31.03,31.6,30.9
2017-10-04T12:00,2017-10-04,12,32.12,32.6,31.5,32.17,32.16,32.84,31.93,31.54,32.03,31.43
2017-10-04T13:00,2017-10-04,13,32.33,32.79,31.43,32.31,32.44,33.17,32.16,31.86,32.3,31.71
2017-10-04T14:00,2017-10-04,14,32.3,32.7,30.95,32.07,32.64,33.26,32.26,31.96,32.47,31.8
2017-10-04T15:00,2017-10-04,15,31.93,31.98,29.23,32.13,32.62,33.34,32.17,31.99,32.43,31.46
2017-10-04T16:00,2017-10-04,16,31.5,31.62,29.16,31.43,32.26,32.93,31.84,30.85,32.12,30.94
2017-10-04T17:00,2017-10-04,17,30.7,31.04,28.9,30.1,31.44,32.3,30.99,29.39,31.28,30.09
2017-10-04T18:00,2017-10-04,18,29.22,29.6,28.0,29.3,29.29,29.77,29.82,28.92,29.41,28.05
2017-10-04T19:00,2017-10-04,19,28.71,28.97,27.71,28.96,28.75,29.18,29.28,28.52,28.76,27.65
2017-10-04T20:00,2017-10-04,20,28.27,28.44,27.38,28.52,28.34,28.65,28.92,28.15,28.37,27.24
2017-10-04T21:00,2017-10-04,21,27.94,28.11,27.26,28.25,27.97,28.16,28.72,27.88,27.97,26.81
2017-10-04T22:00,2017-10-04,22,27.59,27.85,26.91,27.77,27.62,27.76,28.18,27.62,27.63,26.46
2017-10-04T23:00,2017-10-04,23,27.29,27.55,26.66,27.57,27.13,27.63,27.77,27.45,27.31,26.14
2017-10-05T00:00,2017-10-05,0,27.0,27.24,26.35,27.42,26.58,27.36,27.51,27.32,26.96,25.88
2017-10-05T01:00,2017-10-05,1,26.8,26.97,26.6,27.34,26.33,27.09,27.16,27.28,26.61,25.66
2017-10-05T02:00,2017-10-05,2,26.54,26.62,26.02,27.2,26.07,26.84,27.01,27.25,26.33,25.52
2017-10-05T03:00,2017-10-05,3,26.32,26.33,25.88,26.94,25.66,26.82,26.88,27.1,26.12,25.4
2017-10-05T04:00,2017-10-05,4,26.09,26.01,25.79,26.62,25.52,26.53,26.7,26.93,25.88,25.26
2017-10-05T05:00,2017-10-05,5,25.9,25.76,25.72,26.45,25.37,26.2,26.49,26.73,25.72,25.13
2017-10-05T06:00,2017-10-05,6,25.95,25.89,25.45,26.52,25.46,26.19,26.38,26.61,25.79,25.44
2017-10-05T07:00,2017-10-05,7,27.34,27.45,26.7,27.74,26.94,28.24,27.39,27.75,27.06,26.93
2017-10-05T08:00,2017-10-05,8,29.0,29.3,28.22,29.31,28.92,30.13,28.75,29.21,28.5,28.58
2017-10-05T09:00,2017-10-05,9,30.4,30.99,27.7,30.9,30.8,31.66,30.22,30.43,29.97,30.03
2017-10-05T10:00,2017-10-05,10,31.47,32.32,27.62,31.84,32.32,32.97,31.38,30.32,31.38,31.23
2017-10-05T11:00,2017-10-05,11,32.17,33.13,28.3,31.71,33.29,33.93,32.08,30.26,32.47,32.2
2017-10-05T12:00,2017-10-05,12,32.57,33.56,29.43,31.92,33.91,34.54,31.93,29.4,33.04,32.8
2017-10-05T13:00,2017-10-05,13,32.8,33.67,30.59,32.31,34.21,34.95,31.27,29.54,33.33,33.16
2017-10-05T14:00,2017-10-05,14,32.73,33.54,30.02,32.16,34.23,34.78,31.26,30.11,33.4,33.19
2017-10-05T15:00,2017-10-05,15,32.4,33.16,29.12,31.62,34.12,34.5,30.73,30.02,33.37,33.15
2017-10-05T16:00,2017-10-05,16,31.64,31.79,28.38,31.02,33.36,33.98,30.34,29.57,32.86,32.86
2017-10-05T17:00,2017-10-05,17,30.55,30.11,27.86,29.28,32.58,32.66,29.84,29.05,32.12,32.13
2017-10-05T18:00,2017-10-05,18,29.07,29.27,27.39,28.76,29.48,29.33,28.68,28.26,29.96,29.59
2017-10-05T19:00,2017-10-05,19,28.58,28.86,27.03,28.38,28.74,29.21,28.28,27.99,29.21,28.71
2017-10-05T20:00,2017-10-05,20,28.22,28.52,26.78,27.91,28.33,28.93,28.05,27.63,28.88,28.11
2017-10-05T21:00,2017-10-05,21,27.81,28.16,26.47,27.48,28.02,28.83,27.68,27.25,28.18,27.53
2017-10-05T22:00,2017-10-05,22,27.43,27.73,26.15,27.19,27.58,28.06,27.3,27.01,27.86,27.33
2017-10-05T23:00,2017-10-05,23,27.17,27.41,26.04,27.02,27.33,27.55,27.12,26.76,27.45,27.2
2017-10-06T00:00,2017-10-06,0,26.92,27.18,25.89,26.91,26.95,27.16,26.8,26.68,27.28,26.74
2017-10-06T01:00,2017-10-06,1,26.65,26.93,25.64,26.55,26.76,26.93,26.49,26.65,26.91,26.48
2017-10-06T02:00,2017-10-06,2,26.35,26.63,25.28,26.05,26.43,26.83,26.49,26.41,26.49,26.12
2017-10-06T03:00,2017-10-06,3,26.05,26.21,24.97,25.8,26.12,26.41,26.44,26.19,26.31,25.75
2017-10-06T04:00,2017-10-06,4,25.77,25.75,24.92,25.28,26.35,26.2,26.15,25.91,26.07,25.59
2017-10-06T05:00,2017-10-06,5,25.52,25.58,24.6,25.21,25.79,26.11,25.66,25.48,25.85,25.41
2017-10-06T06:00,2017-10-06,6,25.75,25.58,25.09,25.77,25.69,25.61,26.07,26.13,26.02,26.02
2017-10-06T07:00,2017-10-06,7,27.03,26.96,26.26,26.82,27.23,26.8,27.19,27.25,27.35,27.42
2017-10-06T08:00,2017-10-06,8,28.43,28.4,27.66,28.02,28.65,28.1,28.39,28.4,28.89,29.12
2017-10-06T09:00,2017-10-06,9,29.83,29.82,29.07,29.3,29.96,29.47,29.69,29.5,30.52,30.68
2017-10-06T10:00,2017-10-06,10,30.97,31.18,29.92,30.55,31.21,30.69,30.71,29.89,31.67,31.82
2017-10-06T11:00,2017-10-06,11,31.74,32.0,30.79,31.5,32.12,31.75,31.27,30.01,32.37,32.48
2017-10-06T12:00,2017-10-06,12,31.95,32.54,29.54,31.98,32.77,32.62,30.83,29.41,32.69,32.95
2017-10-06T13:00,2017-10-06,13,31.92,32.73,29.0,32.19,33.0,33.22,29.78,28.73,32.64,33.26
2017-10-06T14:00,2017-10-06,14,31.6,32.55,28.58,31.61,33.02,33.48,29.6,28.72,31.24,33.34
2017-10-06T15:00,2017-10-06,15,30.92,31.46,27.69,30.29,32.98,33.49,29.59,28.34,30.36,33.15
2017-10-06T16:00,2017-10-06,16,30.09,30.16,26.47,28.74,32.68,32.94,29.48,27.92,30.17,32.33
2017-10-06T17:00,2017-10-06,17,29.34,29.25,26.22,28.0,31.52,31.88,28.85,27.76,29.89,31.12
2017-10-06T18:00,2017-10-06,18,28.91,29.51,26.14,28.31,30.03,30.08,28.74,27.79,28.98,29.4
2017-10-06T19:00,2017-10-06,19,28.38,28.85,25.99,28.05,29.14,29.32,28.36,27.51,28.42,28.71
2017-10-06T20:00,2017-10-06,20,27.91,28.35,25.75,27.6,28.63,28.61,28.03,27.23,27.98,28.06
2017-10-06T21:00,2017-10-06,21,27.6,28.07,25.53,27.24,28.61,28.16,27.75,26.96,27.57,27.6
2017-10-06T22:00,2017-10-06,22,27.22,27.77,25.26,27.06,28.0,27.25,27.33,26.66,27.18,27.24
2017-10-06T23:00,2017-10-06,23,26.89,27.42,25.22,26.81,27.03,26.26,27.08,26.46,26.98,27.2
2017-10-07T00:00,2017-10-07,0,26.65,27.09,25.14,26.55,26.66,25.71,26.86,26.3,26.8,27.26
2017-10-07T01:00,2017-10-07,1,26.22,26.48,24.85,26.01,26.06,25.39,26.59,25.93,26.59,26.86
2017-10-07T02:00,2017-10-07,2,25.88,25.98,24.82,25.66,25.56,25.08,26.38,25.87,26.28,26.49
2017-10-07T03:00,2017-10-07,3,25.66,25.8,24.77,25.51,25.0,25.0,26.11,25.66,26.04,26.24
2017-10-07T04:00,2017-10-07,4,25.49,25.61,24.7,25.33,24.96,25.01,25.86,25.58,25.73,25.98
2017-10-07T05:00,2017-10-07,5,25.33,25.39,24.59,25.16,25.06,25.0,25.72,25.46,25.55,25.68
2017-10-07T06:00,2017-10-07,6,25.09,24.78,24.33,24.99,25.29,24.78,25.29,25.41,25.42,25.91
2017-10-07T07:00,2017-10-07,7,25.59,25.28,25.13,25.45,25.46,25.15,25.49,26.01,25.93,26.79
2017-10-07T08:00,2017-10-07,8,26.15,25.73,26.17,25.89,25.66,25.61,25.86,26.38,26.61,27.79
2017-10-07T09:00,2017-10-07,9,26.76,26.23,27.02,26.12,26.46,26.57,26.4,26.78,27.09,28.9
2017-10-07T10:00,2017-10-07,10,27.57,27.05,27.5,26.97,27.46,27.64,27.07,27.61,28.16,29.45
2017-10-07T11:00,2017-10-07,11,28.31,27.6,28.31,28.16,27.89,28.43,27.87,28.33,29.3,29.77
2017-10-07T12:00,2017-10-07,12,28.85,28.56,28.44,28.91,28.24,29.44,28.55,28.1,29.56,29.83
2017-10-07T13:00,2017-10-07,13,28.91,29.24,26.26,28.45,28.82,30.07,28.9,28.08,29.58,29.67
2017-10-07T14:00,2017-10-07,14,28.83,29.27,26.2,27.89,29.44,30.29,28.79,27.79,29.79,28.99
2017-10-07T15:00,2017-10-07,15,28.17,28.07,26.3,27.6,29.29,29.65,28.04,27.33,28.54,28.98
2017-10-07T16:00,2017-10-07,16,27.54,27.07,26.28,27.31,28.62,28.2,27.05,27.54,28.12,28.61
2017-10-07T17:00,2017-10-07,17,26.99,26.62,25.44,26.7,27.87,27.2,26.67,27.23,27.78,28.02
2017-10-07T18:00,2017-10-07,18,26.89,26.8,25.47,26.76,27.61,27.73,26.65,26.53,27.23,27.41
2017-10-07T19:00,2017-10-07,19,26.63,26.44,25.37,26.56,27.65,27.55,26.42,26.44,26.8,27.05
2017-10-07T20:00,2017-10-07,20,26.3,26.22,25.13,26.24,26.86,27.07,26.18,26.11,26.45,26.7
2017-10-07T21:00,2017-10-07,21,26.09,26.08,24.96,25.99,26.54,26.79,26.05,25.82,26.2,26.43
2017-10-07T22:00,2017-10-07,22,25.91,25.95,24.93,25.77,26.29,26.37,25.76,25.86,26.01,26.25
2017-10-07T23:00,2017-10-07,23,25.74,25.85,24.85,25.63,25.98,26.08,25.65,25.69,25.81,25.95
2017-10-08T00:00,2017-10-08,0,25.54,25.59,24.65,25.54,25.72,25.77,25.53,25.24,25.7,25.83
2017-10-08T01:00,2017-10-08,1,25.34,25.39,24.38,25.27,25.58,25.48,25.31,25.24,25.53,25.63
2017-10-08T02:00,2017-10-08,2,25.15,25.18,24.2,25.0,25.49,25.27,25.17,25.13,25.37,25.39
2017-10-08T03:00,2017-10-08,3,24.98,25.0,23.9,24.93,25.27,25.0,25.08,25.03,25.21,25.27
2017-10-08T04:00,2017-10-08,4,24.85,24.85,23.86,24.84,25.04,24.88,25.05,24.94,25.05,25.03
2017-10-08T05:00,2017-10-08,5,24.75,24.73,23.82,24.7,24.89,24.78,25.05,24.98,24.89,24.89
2017-10-08T06:00,2017-10-08,6,24.93,25.05,24.15,24.92,24.79,24.9,25.12,25.1,25.08,24.91
2017-10-08T07:00,2017-10-08,7,25.76,25.9,25.12,25.75,25.88,25.66,25.59,25.44,26.21,25.75
2017-10-08T08:00,2017-10-08,8,26.71,26.89,26.3,26.84,27.03,26.56,26.19,25.64,27.3,26.75
2017-10-08T09:00,2017-10-08,9,27.58,27.82,27.04,27.61,27.99,27.64,26.77,25.53,28.4,27.93
2017-10-08T10:00,2017-10-08,10,28.16,28.3,27.84,27.86,28.75,28.83,26.9,25.69,29.23,28.92
2017-10-08T11:00,2017-10-08,11,28.5,28.79,27.86,27.96,29.11,29.66,26.67,25.88,29.61,29.67
2017-10-08T12:00,2017-10-08,12,28.72,29.29,27.71,27.34,29.33,30.37,26.6,25.63,30.1,30.34
2017-10-08T13:00,2017-10-08,13,28.48,28.34,26.8,27.17,30.31,30.95,26.79,25.85,30.27,29.77
2017-10-08T14:00,2017-10-08,14,28.18,28.15,26.84,27.09,29.67,31.04,26.82,25.98,29.2,28.98
2017-10-08T15:00,2017-10-08,15,27.85,28.0,26.36,26.94,29.3,30.18,27.03,26.22,28.36,28.25
2017-10-08T16:00,2017-10-08,16,27.26,27.62,25.82,26.78,28.05,27.59,27.02,26.31,27.23,28.09
2017-10-08T17:00,2017-10-08,17,26.83,27.08,25.53,26.13,27.34,27.01,26.78,26.18,27.06,27.7
2017-10-08T18:00,2017-10-08,18,26.39,26.36,25.11,25.79,26.89,27.07,26.27,25.81,27.06,26.98
2017-10-08T19:00,2017-10-08,19,26.21,26.23,24.92,25.74,26.59,26.95,26.09,25.8,26.75,26.69
2017-10-08T20:00,2017-10-08,20,26.01,26.06,24.8,25.7,26.32,26.51,25.98,25.53,26.47,26.39
2017-10-08T21:00,2017-10-08,21,25.86,25.87,24.91,25.58,26.21,26.01,25.91,25.46,26.31,26.19
2017-10-08T22:00,2017-10-08,22,25.73,25.73,24.84,25.55,26.05,25.78,25.81,25.37,26.12,26.07
2017-10-08T23:00,2017-10-08,23,25.57,25.6,24.72,25.44,25.8,25.47,25.54,25.53,25.91,25.91
2017-10-09T00:00,2017-10-09,0,25.41,25.5,24.56,25.38,25.67,25.22,25.34,25.3,25.72,25.64
2017-10-09T01:00,2017-10-09,1,25.23,25.35,24.3,25.14,25.46,25.04,25.23,25.17,25.52,25.44
2017-10-09T02:00,2017-10-09,2,25.09,25.22,24.05,24.93,25.34,24.98,25.08,25.17,25.4,25.29
2017-10-09T03:00,2017-10-09,3,24.99,25.13,24.02,24.91,25.15,24.88,24.91,25.18,25.28,25.1
2017-10-09T04:00,2017-10-09,4,24.89,25.03,23.92,24.88,24.96,24.81,24.86,25.19,25.13,24.93
2017-10-09T05:00,2017-10-09,5,24.83,25.06,23.68,24.88,24.79,24.74,24.86,25.23,25.07,24.72
2017-10-09T06:00,2017-10-09,6,24.93,25.02,23.37,24.83,24.98,24.5,25.35,25.57,25.4,24.99
2017-10-09T07:00,2017-10-09,7,25.47,25.34,24.95,25.57,25.77,25.43,25.33,25.56,25.82,25.63
2017-10-09T08:00,2017-10-09,8,26.14,25.73,26.59,26.64,26.49,26.51,25.5,25.81,26.55,26.09
2017-10-09T09:00,2017-10-09,9,26.87,26.46,28.32,27.48,27.51,27.48,25.41,26.06,27.3,26.64
2017-10-09T10:00,2017-10-09,10,27.65,27.57,29.44,28.24,28.24,28.3,25.51,26.5,27.56,27.76
2017-10-09T11:00,2017-10-09,11,27.9,27.7,29.7,28.1,28.91,28.52,25.65,26.82,27.79,28.6
2017-10-09T12:00,2017-10-09,12,28.16,27.78,30.01,27.9,29.48,29.11,25.77,27.36,27.95,29.51
2017-10-09T13:00,2017-10-09,13,28.4,27.87,29.27,28.19,30.29,30.32,26.0,27.88,28.05,29.87
2017-10-09T14:00,2017-10-09,14,28.54,28.54,28.16,28.29,30.0,31.23,26.13,27.08,28.18,30.0
2017-10-09T15:00,2017-10-09,15,28.15,27.73,27.6,28.35,29.2,30.94,26.32,27.16,28.35,29.03
2017-10-09T16:00,2017-10-09,16,27.82,27.66,27.15,27.21,28.75,30.48,26.51,27.22,28.12,28.39
2017-10-09T17:00,2017-10-09,17,27.37,27.17,26.78,26.67,28.11,29.3,26.56,27.06,27.55,28.09
2017-10-09T18:00,2017-10-09,18,26.48,26.38,25.87,26.76,26.55,27.97,26.24,26.73,25.79,26.88
2017-10-09T19:00,2017-10-09,19,26.37,26.27,25.78,26.49,26.56,27.6,26.05,26.39,25.98,26.83
2017-10-09T20:00,2017-10-09,20,26.15,26.11,25.4,26.22,26.29,27.05,25.85,26.1,25.99,26.59
2017-10-09T21:00,2017-10-09,21,25.98,26.0,25.14,26.02,26.02,26.81,25.66,25.95,25.86,26.42
2017-10-09T22:00,2017-10-09,22,25.79,25.85,24.85,25.81,25.71,26.33,25.62,25.95,25.73,26.26
2017-10-09T23:00,2017-10-09,23,25.63,25.67,24.52,25.59,25.65,26.02,25.41,26.0,25.71,26.14
2017-10-10T00:00,2017-10-10,0,25.47,25.47,24.34,25.38,25.52,25.75,25.34,26.08,25.56,25.95
2017-10-10T01:00,2017-10-10,1,25.29,25.26,24.24,25.09,25.29,25.52,25.33,25.96,25.42,25.68
2017-10-10T02:00,2017-10-10,2,25.11,25.06,23.86,24.95,25.02,25.29,25.31,25.85,25.32,25.54
2017-10-10T03:00,2017-10-10,3,24.97,24.93,23.58,24.76,24.93,25.11,25.17,25.8,25.3,25.38
2017-10-10T04:00,2017-10-10,4,24.83,24.77,23.35,24.55,24.86,24.91,25.17,25.57,25.2,25.2
2017-10-10T05:00,2017-10-10,5,24.69,24.62,23.25,24.3,24.71,24.91,25.15,25.37,25.1,25.03
2017-10-10T06:00,2017-10-10,6,24.69,24.69,23.26,24.32,24.73,24.84,24.9,25.3,25.12,25.15
2017-10-10T07:00,2017-10-10,7,25.79,25.94,25.46,26.02,25.73,26.27,25.49,26.8,25.35,25.41
2017-10-10T08:00,2017-10-10,8,27.13,27.53,27.55,27.82,27.22,27.9,26.46,28.08,25.91,26.0
2017-10-10T09:00,2017-10-10,9,28.41,29.05,29.12,29.34,28.61,29.48,27.42,29.06,27.03,26.6
2017-10-10T10:00,2017-10-10,10,29.52,30.31,30.26,30.51,29.85,30.73,28.59,29.66,28.32,27.05
2017-10-10T11:00,2017-10-10,11,30.14,30.98,31.09,31.28,30.74,31.67,28.12,29.47,29.31,27.87
2017-10-10T12:00,2017-10-10,12,30.35,31.14,31.09,31.28,31.26,32.12,27.68,29.14,29.9,28.78
2017-10-10T13:00,2017-10-10,13,30.45,30.93,30.8,31.14,31.49,32.43,28.31,29.25,29.93,29.57
2017-10-10T14:00,2017-10-10,14,29.94,30.01,30.29,30.29,31.33,32.02,28.58,29.47,28.73,29.84
2017-10-10T15:00,2017-10-10,15,29.59,29.57,29.8,30.21,30.81,31.04,28.56,29.21,28.13,29.99
2017-10-10T16:00,2017-10-10,16,29.23,29.39,29.23,29.66,29.43,30.58,28.35,29.05,28.2,29.53
2017-10-10T17:00,2017-10-10,17,28.62,28.88,28.39,29.05,28.22,29.77,27.99,28.55,28.01,28.6
2017-10-10T18:00,2017-10-10,18,27.63,27.78,27.12,28.09,28.14,29.03,26.89,27.42,27.03,27.47
2017-10-10T19:00,2017-10-10,19,27.31,27.29,27.01,27.8,28.02,28.55,26.61,27.18,26.68,27.23
2017-10-10T20:00,2017-10-10,20,26.77,26.62,26.5,27.32,27.17,28.01,26.29,26.54,26.22,26.88
2017-10-10T21:00,2017-10-10,21,26.45,26.41,26.19,26.68,26.96,27.74,26.03,26.19,25.94,26.5
2017-10-10T22:00,2017-10-10,22,26.08,26.07,25.74,26.2,26.56,26.88,25.74,26.06,25.7,26.12
2017-10-10T23:00,2017-10-10,23,25.8,25.72,25.2,25.78,26.65,26.53,25.47,25.9,25.58,25.95
2017-10-11T00:00,2017-10-11,0,25.54,25.4,24.91,25.61,26.51,26.19,25.19,25.63,25.32,25.76
2017-10-11T01:00,2017-10-11,1,25.34,25.14,24.79,25.46,26.24,26.13,24.95,25.66,25.09,25.57
2017-10-11T02:00,2017-10-11,2,25.15,24.98,24.64,25.19,26.04,26.05,24.78,25.24,24.85,25.43
2017-10-11T03:00,2017-10-11,3,24.88,24.65,24.67,24.87,25.61,25.61,24.61,24.98,24.7,25.13
2017-10-11T04:00,2017-10-11,4,24.74,24.52,24.68,24.72,24.99,25.44,24.62,24.8,24.47,25.13
2017-10-11T05:00,2017-10-11,5,24.56,24.36,24.56,24.72,24.69,25.13,24.45,24.5,24.23,24.98
2017-10-11T06:00,2017-10-11,6,24.57,24.3,24.84,24.51,24.94,25.11,24.29,24.46,24.43,25.02
2017-10-11T07:00,2017-10-11,7,26.01,25.82,26.35,26.17,26.45,26.87,25.68,25.51,25.76,26.04
2017-10-11T08:00,2017-10-11,8,27.83,27.96,28.09,28.11,28.28,28.51,27.31,27.13,27.52,27.49
2017-10-11T09:00,2017-10-11,9,29.36,29.61,29.56,29.66,29.72,29.98,28.75,28.73,28.98,28.94
2017-10-11T10:00,2017-10-11,10,30.52,30.8,30.73,30.75,30.85,31.19,29.89,29.91,30.17,30.11
2017-10-11T11:00,2017-10-11,11,31.33,31.65,31.45,31.44,31.55,32.08,30.79,30.79,31.05,30.82
2017-10-11T12:00,2017-10-11,12,31.82,32.13,31.57,31.86,32.08,32.47,31.43,31.36,31.62,31.45
2017-10-11T13:00,2017-10-11,13,32.04,32.29,31.56,32.0,32.26,32.82,31.77,31.78,31.94,31.7
2017-10-11T14:00,2017-10-11,14,32.05,32.42,30.87,31.82,32.22,32.74,31.9,31.96,32.13,31.84
2017-10-11T15:00,2017-10-11,15,31.84,32.21,30.33,31.64,31.91,32.6,31.66,31.94,32.09,31.62
2017-10-11T16:00,2017-10-11,16,31.32,31.74,29.38,31.2,31.47,32.06,31.04,31.26,31.73,31.16
2017-10-11T17:00,2017-10-11,17,30.44,30.84,28.59,30.48,30.58,31.25,29.98,30.06,30.89,30.38
2017-10-11T18:00,2017-10-11,18,28.8,28.91,27.89,28.74,28.97,29.86,28.76,28.72,28.81,28.57
2017-10-11T19:00,2017-10-11,19,28.33,28.3,27.71,28.68,28.47,29.24,28.09,28.21,28.43,27.96
2017-10-11T20:00,2017-10-11,20,27.72,27.75,27.29,27.77,28.12,28.69,27.61,27.58,27.65,27.28
2017-10-11T21:00,2017-10-11,21,27.28,27.36,26.83,27.29,27.66,28.21,27.23,27.29,26.98,26.94
2017-10-11T22:00,2017-10-11,22,26.94,27.05,26.38,26.87,27.25,27.81,26.94,27.02,26.64,26.77
2017-10-11T23:00,2017-10-11,23,26.59,26.59,25.89,26.77,26.91,27.39,26.69,26.7,26.37,26.33
2017-10-12T00:00,2017-10-12,0,26.37,26.35,25.69,26.53,26.59,27.35,26.43,26.44,25.99,26.35
2017-10-12T01:00,2017-10-12,1,26.1,26.24,25.06,26.56,26.37,26.87,26.19,26.3,25.73,25.64
2017-10-12T02:00,2017-10-12,2,25.92,26.15,24.8,26.52,26.09,26.51,25.97,26.15,25.59,25.2
2017-10-12T03:00,2017-10-12,3,25.7,26.05,24.49,26.14,25.89,26.24,25.76,25.99,25.38,24.96
2017-10-12T04:00,2017-10-12,4,25.54,25.96,24.27,25.83,25.76,26.05,25.61,25.83,25.23,24.83
2017-10-12T05:00,2017-10-12,5,25.34,25.73,24.21,25.62,25.51,25.79,25.46,25.75,24.99,24.65
2017-10-12T06:00,2017-10-12,6,25.52,25.8,24.29,25.93,25.8,25.75,25.48,25.89,25.32,25.06
2017-10-12T07:00,2017-10-12,7,26.84,27.24,24.74,27.25,27.23,27.1,26.8,27.01,26.78,26.6
2017-10-12T08:00,2017-10-12,8,28.31,28.75,25.92,28.46,28.75,28.54,28.23,28.31,28.39,28.4
2017-10-12T09:00,2017-10-12,9,29.65,30.21,27.18,29.68,30.18,29.57,29.51,29.61,29.76,29.9
2017-10-12T10:00,2017-10-12,10,30.66,31.2,28.26,30.58,31.17,30.66,30.57,30.67,30.73,30.88
2017-10-12T11:00,2017-10-12,11,31.27,31.92,28.86,31.13,31.65,31.24,31.27,31.26,31.26,31.47
2017-10-12T12:00,2017-10-12,12,31.68,32.27,29.35,31.63,31.95,31.8,31.7,31.68,31.62,31.91
2017-10-12T13:00,2017-10-12,13,31.77,32.41,29.88,30.82,32.02,31.83,31.97,31.83,31.84,32.21
2017-10-12T14:00,2017-10-12,14,31.43,32.27,28.78,30.78,32.12,30.34,31.79,31.68,31.34,31.96
2017-10-12T15:00,2017-10-12,15,30.93,31.86,28.72,30.87,31.18,29.39,31.35,31.25,30.82,30.72
2017-10-12T16:00,2017-10-12,16,30.15,30.95,28.24,30.13,30.32,28.89,30.68,30.59,30.13,29.53
2017-10-12T17:00,2017-10-12,17,29.24,29.86,27.74,29.0,29.44,28.15,29.47,29.58,29.67,28.78
2017-10-12T18:00,2017-10-12,18,28.44,28.67,26.68,28.25,28.83,28.49,28.63,28.69,28.7,28.59
2017-10-12T19:00,2017-10-12,19,28.12,28.3,26.72,27.96,28.3,28.27,28.29,28.25,28.46,28.07
2017-10-12T20:00,2017-10-12,20,27.73,27.97,26.48,27.62,27.91,27.51,27.96,27.85,28.09,27.52
2017-10-12T21:00,2017-10-12,21,27.43,27.72,26.06,27.37,27.45,27.11,27.69,27.51,27.81,27.29
2017-10-12T22:00,2017-10-12,22,27.12,27.39,25.87,27.16,27.19,26.69,27.4,27.25,27.45,26.87
2017-10-12T23:00,2017-10-12,23,26.86,27.17,25.4,27.05,26.94,26.2,27.2,27.05,27.06,26.67
2017-10-13T00:00,2017-10-13,0,26.6,27.04,24.71,26.86,26.68,25.8,27.01,26.8,26.8,26.44
2017-10-13T01:00,2017-10-13,1,26.39,26.82,24.69,26.72,26.37,25.53,26.8,26.61,26.51,26.18
2017-10-13T02:00,2017-10-13,2,26.13,26.58,24.44,26.5,25.79,25.19,26.58,26.47,26.24,25.96
2017-10-13T03:00,2017-10-13,3,25.86,26.19,24.22,26.26,25.35,25.03,26.36,26.35,26.17,25.65
2017-10-13T04:00,2017-10-13,4,25.55,25.84,24.13,25.62,25.07,24.83,26.14,26.26,25.94,25.2
2017-10-13T05:00,2017-10-13,5,25.24,25.49,23.9,24.67,24.85,24.6,26.02,26.09,25.81,25.11
2017-10-13T06:00,2017-10-13,6,25.38,25.77,23.98,25.03,24.72,24.63,26.13,25.88,26.0,25.09
2017-10-13T07:00,2017-10-13,7,26.33,26.88,25.19,25.94,25.31,25.09,27.19,27.35,26.81,25.81
2017-10-13T08:00,2017-10-13,8,27.37,27.97,26.25,27.26,26.02,25.76,28.39,28.55,27.92,26.5
2017-10-13T09:00,2017-10-13,9,28.39,29.17,27.48,28.59,26.7,26.66,29.31,29.65,28.68,27.3
2017-10-13T10:00,2017-10-13,10,29.33,30.12,28.58,29.7,27.62,27.46,30.16,30.44,29.65,28.11
2017-10-13T11:00,2017-10-13,11,30.09,30.85,29.54,30.49,28.85,28.39,30.74,31.02,30.03,29.04
2017-10-13T12:00,2017-10-13,12,30.58,31.36,29.91,30.97,29.79,29.36,31.15,31.3,30.35,29.36
2017-10-13T13:00,2017-10-13,13,30.67,31.21,29.95,31.05,29.83,29.91,31.48,31.39,30.4,29.63
2017-10-13T14:00,2017-10-13,14,30.45,31.26,28.83,30.84,29.23,29.75,31.27,31.22,30.56,29.2
2017-10-13T15:00,2017-10-13,15,30.03,30.78,29.12,30.51,28.89,29.55,30.22,30.76,30.15,28.7
2017-10-13T16:00,2017-10-13,16,29.18,29.88,28.92,29.85,28.45,27.69,28.99,29.88,28.84,28.57
2017-10-13T17:00,2017-10-13,17,28.29,28.5,27.92,28.86,27.65,27.01,28.51,28.84,28.22,28.21
2017-10-13T18:00,2017-10-13,18,27.96,28.24,26.89,28.3,27.71,27.41,28.72,28.41,27.88,27.3
2017-10-13T19:00,2017-10-13,19,27.74,28.02,26.62,28.21,27.52,27.13,28.5,28.08,27.66,27.12
2017-10-13T20:00,2017-10-13,20,27.35,27.69,26.31,27.77,27.14,26.65,28.15,27.6,27.34,26.49
2017-10-13T21:00,2017-10-13,21,27.03,27.51,25.95,27.32,26.8,26.13,27.87,27.27,27.09,26.06
2017-10-13T22:00,2017-10-13,22,26.73,27.32,25.49,27.0,26.33,25.75,27.63,26.91,26.94,25.59
2017-10-13T23:00,2017-10-13,23,26.48,27.1,25.36,26.67,25.99,25.45,27.36,26.57,26.85,25.23
2017-10-14T00:00,2017-10-14,0,26.21,26.89,25.1,26.37,25.52,25.21,27.09,26.3,26.54,25.01
2017-10-14T01:00,2017-10-14,1,25.96,26.73,24.94,26.07,25.18,24.95,26.83,26.11,26.08,24.79
2017-10-14T02:00,2017-10-14,2,25.75,26.53,24.78,25.86,24.92,24.85,26.58,26.03,25.68,24.66
2017-10-14T03:00,2017-10-14,3,25.48,26.18,24.49,25.67,24.69,24.59,26.36,25.99,25.24,24.47
2017-10-14T04:00,2017-10-14,4,25.29,25.87,24.27,25.43,24.71,24.52,26.21,25.92,25.01,24.44
2017-10-14T05:00,2017-10-14,5,25.22,25.78,24.28,25.22,24.88,24.43,26.12,25.77,24.99,24.35
2017-10-14T06:00,2017-10-14,6,25.23,25.76,24.36,25.33,24.92,24.29,26.01,25.75,25.04,24.4
2017-10-14T07:00,2017-10-14,7,26.16,26.72,25.73,26.83,25.16,24.98,26.94,27.16,25.77,24.95
2017-10-14T08:00,2017-10-14,8,27.13,27.67,27.35,28.2,25.26,25.42,28.08,28.36,26.75,25.56
2017-10-14T09:00,2017-10-14,9,28.1,28.68,28.72,29.24,25.81,25.79,29.24,29.45,28.11,26.06
2017-10-14T10:00,2017-10-14,10,29.03,29.85,29.47,30.06,26.61,26.32,30.09,30.28,29.25,26.9
2017-10-14T11:00,2017-10-14,11,29.77,30.53,30.13,30.76,28.16,27.0,30.72,30.96,29.94,27.52
2017-10-14T12:00,2017-10-14,12,30.1,30.77,30.5,31.12,29.11,27.4,30.44,31.37,29.97,28.46
2017-10-14T13:00,2017-10-14,13,30.0,30.45,30.25,31.19,28.86,28.59,29.68,31.42,29.43,29.31
2017-10-14T14:00,2017-10-14,14,29.8,29.81,30.07,31.21,28.26,28.83,29.36,31.3,29.23,29.98
2017-10-14T15:00,2017-10-14,15,29.49,29.47,29.78,30.98,28.1,28.05,29.12,30.86,29.29,29.46
2017-10-14T16:00,2017-10-14,16,29.09,29.36,29.13,30.38,27.91,27.58,28.76,30.2,28.85,28.72
2017-10-14T17:00,2017-10-14,17,28.41,28.81,28.04,29.35,27.27,27.35,28.23,29.12,28.17,28.19
2017-10-14T18:00,2017-10-14,18,27.68,27.9,27.27,28.0,27.33,26.68,28.07,28.49,27.75,27.08
2017-10-14T19:00,2017-10-14,19,27.42,27.73,26.9,27.75,26.76,26.53,27.72,28.17,27.54,26.83
2017-10-14T20:00,2017-10-14,20,27.0,27.28,26.57,27.31,26.39,26.06,27.37,27.69,27.13,26.48
2017-10-14T21:00,2017-10-14,21,26.71,26.91,26.18,27.03,26.28,25.68,27.18,27.36,26.81,26.26
2017-10-14T22:00,2017-10-14,22,26.44,26.74,25.67,26.81,25.99,25.41,26.97,27.02,26.48,25.94
2017-10-14T23:00,2017-10-14,23,26.2,26.52,25.38,26.51,25.78,25.27,26.77,26.7,26.24,25.67
2017-10-15T00:00,2017-10-15,0,25.95,26.27,25.17,26.29,25.4,25.12,26.5,26.48,26.01,25.41
2017-10-15T01:00,2017-10-15,1,25.69,25.98,25.03,26.06,25.11,24.89,26.23,26.17,25.79,25.08
2017-10-15T02:00,2017-10-15,2,25.45,25.78,24.74,25.7,24.63,24.81,25.99,25.92,25.57,24.91
2017-10-15T03:00,2017-10-15,3,25.22,25.54,24.44,25.52,24.15,24.65,25.72,25.68,25.45,24.77
2017-10-15T04:00,2017-10-15,4,24.98,25.25,24.32,25.31,23.97,24.55,25.46,25.34,25.26,24.39
2017-10-15T05:00,2017-10-15,5,24.8,24.84,24.18,25.61,23.86,24.33,25.16,25.48,25.02,24.24
2017-10-15T06:00,2017-10-15,6,24.85,25.11,24.08,25.23,24.12,24.47,25.38,25.22,24.93,24.34
2017-10-15T07:00,2017-10-15,7,26.28,26.44,25.74,26.92,25.06,25.48,26.83,27.07,26.51,25.7
2017-10-15T08:00,2017-10-15,8,27.64,27.75,27.62,28.15,26.2,26.6,28.15,28.38,27.99,27.18
2017-10-15T09:00,2017-10-15,9,28.93,29.05,28.96,29.41,27.53,27.83,29.43,29.51,29.27,28.52
2017-10-15T10:00,2017-10-15,10,29.9,30.07,29.69,30.23,28.67,28.65,30.5,30.37,30.25,29.63
2017-10-15T11:00,2017-10-15,11,30.64,30.87,30.28,30.78,29.64,29.61,31.22,31.04,30.99,30.35
2017-10-15T12:00,2017-10-15,12,31.11,31.41,30.64,31.16,30.27,30.18,31.7,31.29,31.46,30.75
2017-10-15T13:00,2017-10-15,13,31.35,31.62,30.77,31.42,30.63,30.62,31.88,31.51,31.77,30.95
2017-10-15T14:00,2017-10-15,14,31.41,31.75,30.63,31.21,30.95,30.88,31.99,31.68,31.58,31.12
2017-10-15T15:00,2017-10-15,15,30.89,30.43,30.36,30.8,30.68,30.92,31.86,31.56,31.12,31.16
2017-10-15T16:00,2017-10-15,16,30.33,29.46,29.8,30.25,30.43,30.52,31.43,31.1,30.85,30.71
2017-10-15T17:00,2017-10-15,17,29.46,28.87,28.77,29.57,29.19,29.77,30.67,30.1,29.72,29.54
2017-10-15T18:00,2017-10-15,18,28.18,28.26,27.31,28.78,27.29,28.47,28.92,29.02,27.91,27.53
2017-10-15T19:00,2017-10-15,19,27.54,27.39,27.03,28.17,26.91,27.58,28.26,28.36,27.34,27.11
2017-10-15T20:00,2017-10-15,20,27.04,27.0,27.05,27.26,26.27,26.96,27.72,27.99,26.78,26.57
2017-10-15T21:00,2017-10-15,21,26.54,26.43,27.15,26.81,26.02,26.54,27.25,27.5,25.87,25.93
2017-10-15T22:00,2017-10-15,22,26.09,25.95,26.4,26.61,25.87,26.41,26.82,27.08,25.53,24.93
2017-10-15T23:00,2017-10-15,23,25.72,25.78,25.49,26.28,25.8,25.82,26.49,26.7,25.17,24.29
2017-10-16T00:00,2017-10-16,0,25.5,25.75,25.23,25.87,25.39,25.71,26.27,26.46,24.97,23.93
2017-10-16T01:00,2017-10-16,1,25.3,25.68,25.04,25.73,24.98,25.74,26.07,26.2,24.62,23.56
2017-10-16T02:00,2017-10-16,2,25.11,25.48,24.91,25.59,24.79,25.55,25.84,26.04,24.28,23.5
2017-10-16T03:00,2017-10-16,3,24.94,25.36,24.92,25.55,24.66,25.08,25.4,25.79,24.2,23.27
2017-10-16T04:00,2017-10-16,4,24.59,24.69,25.01,25.37,23.99,24.91,25.03,25.47,24.03,23.05
2017-10-16T05:00,2017-10-16,5,24.45,24.69,24.74,25.23,24.01,24.74,24.87,25.37,23.62,22.89
2017-10-16T06:00,2017-10-16,6,24.68,24.84,24.65,25.14,24.27,24.75,25.24,25.78,24.07,23.6
2017-10-16T07:00,2017-10-16,7,26.23,26.53,26.25,26.72,25.56,26.34,26.67,27.21,25.9,24.71
2017-10-16T08:00,2017-10-16,8,27.84,28.33,27.97,28.38,27.12,27.84,28.12,28.63,27.64,25.93
2017-10-16T09:00,2017-10-16,9,29.31,29.75,29.38,29.65,28.89,29.26,29.62,29.92,29.33,27.38
2017-10-16T10:00,2017-10-16,10,30.3,30.6,30.3,30.52,29.93,30.23,30.78,30.82,30.63,28.45
2017-10-16T11:00,2017-10-16,11,31.02,31.39,31.13,31.08,30.65,30.99,31.44,31.21,31.37,29.26
2017-10-16T12:00,2017-10-16,12,31.51,31.84,31.54,31.56,31.15,31.55,31.93,31.54,31.82,30.01
2017-10-16T13:00,2017-10-16,13,31.79,32.06,31.69,31.82,31.36,31.98,32.22,31.77,32.05,30.6
2017-10-16T14:00,2017-10-16,14,31.8,32.05,31.42,31.71,31.33,32.13,32.33,31.86,32.0,30.85
2017-10-16T15:00,2017-10-16,15,31.57,31.86,30.7,31.48,31.18,32.07,32.25,31.68,31.63,30.8
2017-10-16T16:00,2017-10-16,16,31.1,31.39,29.79,31.09,30.84,31.59,31.93,30.9,31.09,30.54
2017-10-16T17:00,2017-10-16,17,30.02,30.14,28.72,30.13,29.6,30.41,31.06,30.12,30.11,29.49
2017-10-16T18:00,2017-10-16,18,28.28,27.81,28.03,28.73,27.17,28.46,29.56,29.9,28.09,27.94
2017-10-16T19:00,2017-10-16,19,27.75,27.25,27.74,28.53,26.72,28.3,29.18,29.41,27.27,26.8
2017-10-16T20:00,2017-10-16,20,27.06,26.59,27.42,27.99,26.09,27.65,28.49,28.58,26.21,26.01
2017-10-16T21:00,2017-10-16,21,26.6,25.91,27.13,27.53,25.67,27.24,28.39,28.19,25.74,25.47
2017-10-16T22:00,2017-10-16,22,26.15,25.57,26.91,27.06,25.37,26.93,27.58,28.12,25.03,24.87
2017-10-16T23:00,2017-10-16,23,25.76,25.32,26.53,26.64,25.07,26.72,26.8,27.33,24.74,24.43
2017-10-17T00:00,2017-10-17,0,25.45,25.17,26.15,26.51,24.77,26.47,25.79,26.89,24.47,24.25
2017-10-17T01:00,2017-10-17,1,25.21,25.0,25.76,26.45,24.29,26.14,25.4,26.64,24.22,24.15
2017-10-17T02:00,2017-10-17,2,24.96,24.85,25.18,26.26,23.98,25.67,25.01,26.72,24.04,23.96
2017-10-17T03:00,2017-10-17,3,24.71,24.45,24.86,25.92,23.59,25.6,24.93,26.54,23.9,23.85
2017-10-17T04:00,2017-10-17,4,24.42,24.01,24.71,25.66,23.3,25.16,24.82,26.37,23.58,23.76
2017-10-17T05:00,2017-10-17,5,24.09,23.46,24.56,25.38,23.02,24.93,24.44,26.16,23.18,23.71
2017-10-17T06:00,2017-10-17,6,24.31,23.79,24.89,25.45,23.43,25.29,24.89,26.29,22.94,23.87
2017-10-17T07:00,2017-10-17,7,26.01,25.91,26.03,26.88,25.12,26.79,26.36,27.5,25.1,25.29
2017-10-17T08:00,2017-10-17,8,27.68,28.08,27.25,28.3,26.91,28.1,27.93,28.52,26.92,26.8
2017-10-17T09:00,2017-10-17,9,29.21,29.9,28.51,29.4,28.81,29.58,29.51,29.43,28.53,28.25
2017-10-17T10:00,2017-10-17,10,30.38,31.06,29.69,30.27,30.36,30.8,30.67,30.23,29.86,29.45
2017-10-17T11:00,2017-10-17,11,31.18,31.72,30.55,31.08,31.31,31.75,31.42,30.78,30.78,30.44
2017-10-17T12:00,2017-10-17,12,31.7,32.06,31.1,31.73,31.81,32.42,31.84,31.05,31.49,31.19
2017-10-17T13:00,2017-10-17,13,31.91,32.26,30.53,32.08,32.09,32.8,32.07,30.94,31.94,31.58
2017-10-17T14:00,2017-10-17,14,31.77,32.36,28.59,32.12,32.26,32.97,32.05,29.79,32.08,31.67
2017-10-17T15:00,2017-10-17,15,31.61,32.33,28.92,31.39,32.15,32.87,31.73,29.22,32.09,31.57
2017-10-17T16:00,2017-10-17,16,31.07,31.96,28.65,29.82,31.83,31.9,31.16,28.97,31.8,31.27
2017-10-17T17:00,2017-10-17,17,30.28,31.2,28.1,29.05,30.98,30.3,30.34,28.71,31.04,30.4
2017-10-17T18:00,2017-10-17,18,28.92,29.18,27.66,28.71,28.81,29.65,29.3,28.29,29.0,28.95
2017-10-17T19:00,2017-10-17,19,28.23,28.51,27.62,28.21,28.29,29.27,28.35,27.84,28.0,27.7
2017-10-17T20:00,2017-10-17,20,27.72,27.98,27.24,27.82,27.73,28.5,27.83,27.73,27.45,26.98
2017-10-17T21:00,2017-10-17,21,27.31,27.42,26.76,27.41,27.36,28.35,27.53,27.62,27.04,26.59
2017-10-17T22:00,2017-10-17,22,26.82,27.1,25.5,26.79,27.14,27.51,27.27,27.47,26.39,26.22
2017-10-17T23:00,2017-10-17,23,26.42,26.63,25.18,26.14,26.72,27.07,26.91,27.2,26.09,26.03
2017-10-18T00:00,2017-10-18,0,26.02,26.0,24.87,25.54,26.44,26.68,26.67,27.15,25.84,25.74
2017-10-18T01:00,2017-10-18,1,25.7,25.72,24.58,25.1,25.82,25.98,26.87,26.57,25.65,25.33
2017-10-18T02:00,2017-10-18,2,25.38,25.41,24.58,24.78,25.33,25.25,26.57,26.24,25.49,24.98
2017-10-18T03:00,2017-10-18,3,25.14,25.18,24.55,24.57,25.15,24.9,26.41,25.38,25.29,24.69
2017-10-18T04:00,2017-10-18,4,24.9,24.87,24.34,24.44,24.89,24.62,26.08,25.38,25.17,24.36
2017-10-18T05:00,2017-10-18,5,24.85,24.83,24.35,24.47,24.78,24.79,25.79,25.51,25.09,24.2
2017-10-18T06:00,2017-10-18,6,25.16,25.3,24.79,24.78,25.02,24.9,26.02,25.95,25.3,24.34
2017-10-18T07:00,2017-10-18,7,26.04,26.09,25.54,25.53,25.83,25.56,26.7,26.63,26.64,25.64
2017-10-18T08:00,2017-10-18,8,27.18,27.09,26.87,26.46,26.98,26.75,27.59,27.33,28.04,27.44
2017-10-18T09:00,2017-10-18,9,28.51,28.58,28.31,27.6,28.14,28.0,28.71,28.14,29.4,29.08
2017-10-18T10:00,2017-10-18,10,29.66,29.83,29.28,28.7,29.65,29.39,29.66,28.52,30.53,30.39
2017-10-18T11:00,2017-10-18,11,30.47,30.6,30.0,29.58,30.66,30.81,30.3,28.36,31.39,31.33
2017-10-18T12:00,2017-10-18,12,30.62,30.05,30.7,30.32,31.59,31.24,29.85,28.74,31.48,32.04
2017-10-18T13:00,2017-10-18,13,30.71,30.94,29.63,30.57,31.92,31.98,28.64,28.74,30.83,32.48
2017-10-18T14:00,2017-10-18,14,30.23,30.18,28.48,30.58,32.06,32.28,28.6,28.69,29.42,32.24
2017-10-18T15:00,2017-10-18,15,29.75,29.47,27.9,30.1,31.44,32.05,28.97,28.35,28.94,31.38
2017-10-18T16:00,2017-10-18,16,29.33,29.21,27.77,29.41,30.06,31.76,28.55,27.55,29.01,30.85
2017-10-18T17:00,2017-10-18,17,28.62,28.65,27.46,28.34,29.09,30.68,27.8,26.78,28.64,29.9
2017-10-18T18:00,2017-10-18,18,27.73,27.86,26.9,27.29,27.7,29.04,27.56,26.83,27.76,28.39
2017-10-18T19:00,2017-10-18,19,27.6,27.76,26.79,27.23,27.98,28.49,27.35,26.77,27.56,28.16
2017-10-18T20:00,2017-10-18,20,27.28,27.4,26.28,27.08,27.79,28.32,27.0,26.81,27.24,27.55
2017-10-18T21:00,2017-10-18,21,27.01,27.19,26.03,26.91,27.05,27.89,26.84,26.83,26.9,27.22
2017-10-18T22:00,2017-10-18,22,26.73,27.01,25.76,26.53,26.79,27.39,26.64,26.78,26.64,26.7
2017-10-18T23:00,2017-10-18,23,26.36,26.69,25.47,26.13,26.48,26.02,26.44,26.56,26.38,26.39
2017-10-19T00:00,2017-10-19,0,26.05,26.4,25.2,25.79,25.7,25.65,26.2,26.41,26.37,25.94
2017-10-19T01:00,2017-10-19,1,25.84,26.01,25.1,25.76,25.49,25.35,26.18,26.14,26.16,25.8
2017-10-19T02:00,2017-10-19,2,25.53,25.68,25.03,25.48,25.11,25.06,25.91,25.81,25.72,25.47
2017-10-19T03:00,2017-10-19,3,25.36,25.38,24.9,25.22,25.16,25.13,25.91,25.5,25.5,25.37
2017-10-19T04:00,2017-10-19,4,25.18,25.16,25.05,25.1,24.96,25.05,25.64,25.37,25.21,25.06
2017-10-19T05:00,2017-10-19,5,25.05,24.9,24.91,24.93,24.83,25.13,25.6,25.28,25.18,24.92
2017-10-19T06:00,2017-10-19,6,25.25,25.29,25.07,25.22,24.93,24.6,25.83,25.54,25.42,25.09
2017-10-19T07:00,2017-10-19,7,25.7,25.42,25.92,25.31,25.51,24.92,26.28,25.92,26.19,26.07
2017-10-19T08:00,2017-10-19,8,26.33,25.54,27.16,25.76,26.39,25.29,26.91,26.54,27.18,27.26
2017-10-19T09:00,2017-10-19,9,27.04,25.94,28.06,26.61,27.4,25.78,27.63,27.12,28.09,28.22
2017-10-19T10:00,2017-10-19,10,27.57,26.11,29.1,27.3,27.91,26.21,27.81,27.8,28.79,29.2
2017-10-19T11:00,2017-10-19,11,27.81,26.08,30.05,28.21,28.18,26.43,27.33,28.64,28.45,29.92
2017-10-19T12:00,2017-10-19,12,27.89,26.25,30.35,28.48,28.13,26.59,27.37,28.48,27.76,30.51
2017-10-19T13:00,2017-10-19,13,28.19,26.83,30.33,29.05,28.04,27.26,27.78,28.44,27.48,30.85
2017-10-19T14:00,2017-10-19,14,28.29,27.53,29.33,29.44,28.14,27.9,28.24,28.11,27.84,29.17
2017-10-19T15:00,2017-10-19,15,28.19,27.74,28.84,29.45,28.43,28.23,27.79,26.91,28.02,28.51
2017-10-19T16:00,2017-10-19,16,27.71,27.54,26.73,28.3,28.18,28.16,27.12,26.99,28.03,28.28
2017-10-19T17:00,2017-10-19,17,27.09,26.94,26.42,27.14,27.49,27.67,26.44,26.5,27.54,27.77
2017-10-19T18:00,2017-10-19,18,26.81,26.73,26.33,26.77,26.76,26.97,26.87,26.72,26.75,27.46
2017-10-19T19:00,2017-10-19,19,26.72,26.66,26.54,26.62,26.67,26.87,26.7,26.46,26.69,27.27
2017-10-19T20:00,2017-10-19,20,26.48,26.39,26.21,26.28,26.45,26.64,26.59,26.43,26.54,26.9
2017-10-19T21:00,2017-10-19,21,26.31,26.36,25.96,26.03,26.09,26.26,26.54,26.44,26.39,26.62
2017-10-19T22:00,2017-10-19,22,26.14,26.29,25.7,25.97,25.84,26.06,26.23,26.32,26.22,26.27
2017-10-19T23:00,2017-10-19,23,25.89,25.93,25.61,25.87,25.86,25.75,25.62,25.9,26.14,26.1
2017-10-20T00:00,2017-10-20,0,25.64,25.51,25.49,25.57,25.89,25.35,25.45,25.8,25.82,26.06
2017-10-20T01:00,2017-10-20,1,25.41,25.19,25.11,25.39,25.7,25.04,25.32,25.83,25.46,26.02
2017-10-20T02:00,2017-10-20,2,25.22,25.07,24.77,25.25,25.41,24.7,25.3,25.65,25.22,25.83
2017-10-20T03:00,2017-10-20,3,25.09,24.94,24.83,25.22,25.01,24.55,25.28,25.55,25.0,25.59
2017-10-20T04:00,2017-10-20,4,25.01,25.0,24.74,25.21,24.75,24.38,25.23,25.52,24.78,25.36
2017-10-20T05:00,2017-10-20,5,24.96,25.05,24.72,25.2,24.7,24.22,25.2,25.47,24.73,25.11
2017-10-20T06:00,2017-10-20,6,24.82,24.76,24.54,24.82,24.54,24.16,25.18,25.66,24.71,25.15
2017-10-20T07:00,2017-10-20,7,25.02,24.93,25.08,24.99,24.71,24.51,25.18,25.6,24.84,25.46
2017-10-20T08:00,2017-10-20,8,25.15,24.89,25.46,25.07,24.86,24.58,25.37,25.74,25.11,25.75
2017-10-20T09:00,2017-10-20,9,25.29,24.95,25.69,25.26,25.05,24.87,25.5,25.87,25.28,25.85
2017-10-20T10:00,2017-10-20,10,25.46,25.14,25.88,25.68,25.01,25.24,25.66,26.12,25.36,25.73
2017-10-20T11:00,2017-10-20,11,25.54,25.31,26.16,25.55,25.26,25.37,25.8,26.25,25.22,25.65
2017-10-20T12:00,2017-10-20,12,25.51,25.24,26.23,25.43,25.07,25.81,25.88,25.96,25.08,25.72
2017-10-20T13:00,2017-10-20,13,25.45,25.33,26.05,25.49,24.67,25.83,25.77,26.12,24.81,25.57
2017-10-20T14:00,2017-10-20,14,25.37,25.23,26.34,25.58,24.48,25.61,25.84,26.04,24.72,25.12
2017-10-20T15:00,2017-10-20,15,25.37,25.25,26.5,25.66,24.49,25.35,25.93,26.12,24.69,24.96
2017-10-20T16:00,2017-10-20,16,25.25,25.3,26.41,25.3,24.47,25.07,25.8,26.19,24.54,24.63
2017-10-20T17:00,2017-10-20,17,25.08,25.09,25.94,25.29,24.4,24.83,25.57,26.05,24.45,24.44
2017-10-20T18:00,2017-10-20,18,24.85,24.76,26.05,25.41,23.88,24.18,25.52,25.97,24.12,24.15
2017-10-20T19:00,2017-10-20,19,24.65,24.54,25.87,25.27,23.59,23.78,25.3,26.1,23.91,24.02
2017-10-20T20:00,2017-10-20,20,24.54,24.44,25.67,25.15,23.25,23.61,25.38,26.31,23.76,23.87
2017-10-20T21:00,2017-10-20,21,24.52,24.51,25.69,25.01,23.05,23.58,25.47,26.45,23.65,23.73
2017-10-20T22:00,2017-10-20,22,24.56,24.68,25.46,25.12,23.02,23.54,25.5,26.88,23.59,23.63
2017-10-20T23:00,2017-10-20,23,24.52,24.64,25.35,25.1,23.06,23.57,25.5,26.85,23.41,23.65
2017-10-21T00:00,2017-10-21,0,24.45,24.55,25.38,25.19,23.08,23.53,25.21,26.51,23.35,23.64
2017-10-21T01:00,2017-10-21,1,24.38,24.53,25.23,25.19,23.08,23.53,25.09,26.06,23.39,23.46
2017-10-21T02:00,2017-10-21,2,24.27,24.39,25.15,25.03,23.13,23.49,25.16,25.46,23.35,23.3
2017-10-21T03:00,2017-10-21,3,24.28,24.51,25.03,24.94,23.04,23.35,25.15,25.34,23.57,23.18
2017-10-21T04:00,2017-10-21,4,24.26,24.53,24.96,24.81,23.01,23.25,25.27,25.47,23.59,23.01
2017-10-21T05:00,2017-10-21,5,24.31,24.62,24.96,24.91,23.08,23.28,25.19,25.51,23.78,22.91
2017-10-21T06:00,2017-10-21,6,23.83,24.25,24.47,24.41,22.33,22.93,24.59,25.45,22.84,22.78
2017-10-21T07:00,2017-10-21,7,23.88,24.18,24.63,24.32,22.52,23.16,24.73,25.46,22.97,22.81
2017-10-21T08:00,2017-10-21,8,23.97,24.12,24.91,24.32,22.78,23.2,24.92,25.54,23.19,22.9
2017-10-21T09:00,2017-10-21,9,24.15,24.26,25.24,24.52,22.81,23.21,25.26,25.96,23.33,22.99
2017-10-21T10:00,2017-10-21,10,24.22,24.22,25.52,24.76,22.84,23.31,25.56,26.09,23.22,22.98
2017-10-21T11:00,2017-10-21,11,24.38,24.46,26.23,25.09,22.28,22.9,25.99,26.19,23.02,23.27
2017-10-21T12:00,2017-10-21,12,24.49,24.57,26.42,25.55,21.43,22.85,26.17,26.29,23.05,23.8
2017-10-21T13:00,2017-10-21,13,24.59,24.61,26.48,25.65,21.83,23.01,26.03,26.08,22.93,24.45
2017-10-21T14:00,2017-10-21,14,24.72,24.75,26.12,25.62,22.66,23.39,25.56,26.22,23.29,24.86
2017-10-21T15:00,2017-10-21,15,24.82,24.95,25.76,25.65,22.56,23.34,25.17,26.42,23.88,25.25
2017-10-21T16:00,2017-10-21,16,24.84,24.94,25.43,25.63,22.74,23.68,25.0,26.43,24.22,25.21
2017-10-21T17:00,2017-10-21,17,24.58,24.59,25.35,25.64,22.71,23.72,24.21,26.32,24.25,24.49
2017-10-21T18:00,2017-10-21,18,24.36,24.69,25.27,25.66,22.45,22.38,24.56,26.27,23.78,23.39
2017-10-21T19:00,2017-10-21,19,24.0,23.6,25.28,25.79,22.11,22.43,24.39,25.89,23.83,23.11
2017-10-21T20:00,2017-10-21,20,23.73,23.34,25.45,25.07,21.97,22.36,24.45,25.04,23.59,22.75
2017-10-21T21:00,2017-10-21,21,23.48,23.35,25.53,24.0,21.72,22.54,24.28,24.7,22.91,22.68
2017-10-21T22:00,2017-10-21,22,23.34,23.33,25.49,23.77,21.86,22.76,23.97,24.39,22.45,22.42
2017-10-21T23:00,2017-10-21,23,23.21,23.22,25.5,23.8,21.97,22.82,23.64,24.17,22.07,22.21
2017-10-22T00:00,2017-10-22,0,23.07,23.24,25.15,23.77,21.91,22.66,23.35,23.99,21.74,22.05
2017-10-22T01:00,2017-10-22,1,22.88,23.07,24.82,23.7,22.08,22.53,22.97,23.78,21.46,21.82
2017-10-22T02:00,2017-10-22,2,22.61,22.58,24.49,23.51,22.19,22.61,22.58,23.56,21.24,21.63
2017-10-22T03:00,2017-10-22,3,22.25,21.93,24.21,23.06,22.15,22.59,22.26,23.15,21.08,21.32
2017-10-22T04:00,2017-10-22,4,21.94,21.51,23.82,22.54,21.72,22.53,22.03,22.8,20.94,21.29
2017-10-22T05:00,2017-10-22,5,21.7,21.23,23.25,22.22,21.33,22.41,21.77,22.56,20.81,21.36
2017-10-22T06:00,2017-10-22,6,21.67,21.17,23.73,22.26,21.2,22.48,21.5,22.19,20.73,21.48
2017-10-22T07:00,2017-10-22,7,22.54,21.96,24.99,22.99,22.19,22.88,22.35,23.09,21.87,22.33
2017-10-22T08:00,2017-10-22,8,23.68,23.25,25.96,23.76,23.51,23.16,23.63,23.95,23.46,23.5
2017-10-22T09:00,2017-10-22,9,24.98,24.89,26.54,24.7,25.32,23.46,25.05,25.3,24.92,24.79
2017-10-22T10:00,2017-10-22,10,26.25,26.43,27.19,25.59,26.85,24.0,26.51,26.68,26.53,25.98
2017-10-22T11:00,2017-10-22,11,27.21,27.64,27.61,26.44,27.41,24.36,27.7,28.01,27.65,26.92
2017-10-22T12:00,2017-10-22,12,27.81,28.04,28.15,27.23,27.91,24.73,28.61,28.77,28.35,27.53
2017-10-22T13:00,2017-10-22,13,28.04,27.99,28.21,27.53,27.67,24.77,29.29,29.22,29.1,27.88
2017-10-22T14:00,2017-10-22,14,28.18,28.14,28.01,27.4,27.8,25.1,29.54,29.8,29.44,27.85
2017-10-22T15:00,2017-10-22,15,28.19,28.38,27.77,27.35,27.91,25.44,29.5,29.71,29.15,27.7
2017-10-22T16:00,2017-10-22,16,27.89,28.12,27.44,27.47,27.65,25.43,29.04,29.13,28.6,27.23
2017-10-22T17:00,2017-10-22,17,26.92,27.21,27.02,26.44,26.06,24.73,28.08,27.82,27.49,26.3
2017-10-22T18:00,2017-10-22,18,25.52,25.71,26.06,25.24,24.95,23.97,26.98,25.89,25.61,24.51
2017-10-22T19:00,2017-10-22,19,24.83,25.17,24.88,24.07,24.51,23.73,26.07,25.83,24.83,23.96
2017-10-22T20:00,2017-10-22,20,24.04,23.92,24.27,23.49,24.0,23.41,25.24,25.1,24.07,23.4
2017-10-22T21:00,2017-10-22,21,23.51,23.26,23.52,23.07,23.79,22.84,24.49,24.59,23.67,23.09
2017-10-22T22:00,2017-10-22,22,23.1,22.83,22.92,22.86,23.0,22.55,24.12,24.43,23.16,22.82
2017-10-22T23:00,2017-10-22,23,22.85,22.56,22.48,22.58,22.91,22.41,24.02,24.13,22.75,22.73
2017-10-23T00:00,2017-10-23,0,22.57,22.37,22.26,22.23,22.59,22.17,23.63,23.91,22.22,22.6
2017-10-23T01:00,2017-10-23,1,22.32,22.34,21.95,21.77,22.39,21.95,23.34,23.51,21.74,22.37
2017-10-23T02:00,2017-10-23,2,22.08,22.06,21.67,21.44,22.24,21.86,23.21,23.3,21.51,22.04
2017-10-23T03:00,2017-10-23,3,21.86,21.78,21.41,21.49,22.05,22.01,22.81,23.07,21.24,21.77
2017-10-23T04:00,2017-10-23,4,21.73,21.62,21.25,21.5,21.83,21.92,22.53,22.92,21.37,21.48
2017-10-23T05:00,2017-10-23,5,21.73,21.63,21.1,21.51,21.69,21.79,22.69,23.16,21.48,21.33
2017-10-23T06:00,2017-10-23,6,22.01,22.2,20.9,21.76,21.97,21.9,22.72,23.01,21.86,21.67
2017-10-23T07:00,2017-10-23,7,23.44,23.91,22.84,23.26,23.01,22.89,24.14,24.4,23.28,22.6
2017-10-23T08:00,2017-10-23,8,25.1,25.71,25.08,24.96,24.46,23.89,25.82,25.83,25.13,23.76
2017-10-23T09:00,2017-10-23,9,26.71,27.42,26.86,26.49,26.08,25.03,27.51,27.38,26.94,25.14
2017-10-23T10:00,2017-10-23,10,27.99,28.77,27.75,27.77,27.56,26.01,28.94,28.6,28.32,26.3
2017-10-23T11:00,2017-10-23,11,28.86,29.59,28.11,28.61,28.44,27.04,29.93,29.54,29.3,27.4
2017-10-23T12:00,2017-10-23,12,29.47,30.2,28.31,29.21,29.08,27.62,30.68,30.29,29.96,28.07
2017-10-23T13:00,2017-10-23,13,29.85,30.55,28.65,29.56,29.32,28.1,31.13,30.81,30.31,28.53
2017-10-23T14:00,2017-10-23,14,30.0,30.6,28.87,29.61,29.35,28.62,31.45,30.87,30.53,28.6
2017-10-23T15:00,2017-10-23,15,29.82,30.41,28.83,29.37,29.13,28.69,31.36,30.37,30.49,28.24
2017-10-23T16:00,2017-10-23,16,29.28,29.75,28.24,28.93,28.76,28.36,30.71,29.66,29.99,27.73
2017-10-23T17:00,2017-10-23,17,27.73,28.12,26.76,27.44,27.31,26.92,28.94,28.15,28.26,26.61
2017-10-23T18:00,2017-10-23,18,25.89,26.1,25.1,25.62,25.58,25.07,27.17,26.67,25.99,25.24
2017-10-23T19:00,2017-10-23,19,25.34,25.62,24.32,25.13,25.15,24.65,26.48,26.39,25.37,24.5
2017-10-23T20:00,2017-10-23,20,24.82,25.07,24.5,24.75,24.48,24.09,25.55,26.07,24.97,23.68
2017-10-23T21:00,2017-10-23,21,24.32,24.58,24.45,24.42,23.99,23.63,25.05,25.7,23.74,23.3
2017-10-23T22:00,2017-10-23,22,23.87,24.22,23.09,24.27,23.66,23.28,24.75,25.33,23.08,22.97
2017-10-23T23:00,2017-10-23,23,23.6,23.95,22.92,24.12,23.33,22.84,24.71,25.08,22.61,22.57
2017-10-24T00:00,2017-10-24,0,23.36,23.69,22.57,23.97,22.93,22.56,24.65,24.88,22.48,22.15
2017-10-24T01:00,2017-10-24,1,23.2,23.62,22.35,23.83,22.6,22.33,24.59,24.69,22.39,21.85
2017-10-24T02:00,2017-10-24,2,23.09,23.61,22.13,23.58,22.29,22.14,24.58,24.46,22.44,21.73
2017-10-24T03:00,2017-10-24,3,23.01,23.62,21.77,23.36,22.11,21.96,24.62,24.32,22.5,21.62
2017-10-24T04:00,2017-10-24,4,22.95,23.75,21.45,23.13,21.97,21.68,24.71,24.12,22.53,21.5
2017-10-24T05:00,2017-10-24,5,22.92,23.99,21.03,22.85,21.87,21.6,24.79,23.75,22.53,21.45
2017-10-24T06:00,2017-10-24,6,23.14,24.28,21.2,23.29,22.09,21.87,24.87,24.38,22.36,21.68
2017-10-24T07:00,2017-10-24,7,24.49,25.37,23.14,24.85,23.47,23.0,26.1,25.82,23.92,22.94
2017-10-24T08:00,2017-10-24,8,25.74,26.12,25.6,26.18,24.74,23.98,27.01,26.9,25.64,24.44
2017-10-24T09:00,2017-10-24,9,27.03,27.27,27.32,27.4,25.92,25.23,28.2,28.0,27.09,25.96
2017-10-24T10:00,2017-10-24,10,28.2,28.52,28.24,28.58,26.98,26.29,29.45,28.95,28.38,27.15
2017-10-24T11:00,2017-10-24,11,29.03,29.56,28.87,29.46,27.43,27.14,30.32,29.73,29.1,27.86
2017-10-24T12:00,2017-10-24,12,29.53,30.12,29.32,30.03,27.84,27.93,30.79,30.19,29.31,28.47
2017-10-24T13:00,2017-10-24,13,29.8,30.29,29.38,30.33,28.45,28.59,30.98,30.52,29.57,28.76
2017-10-24T14:00,2017-10-24,14,29.75,30.24,29.46,30.34,27.74,28.98,30.15,30.56,29.88,28.95
2017-10-24T15:00,2017-10-24,15,29.1,28.76,28.85,29.93,27.05,29.04,29.55,30.23,29.89,28.81
2017-10-24T16:00,2017-10-24,16,28.15,27.39,28.09,28.99,25.69,28.55,28.25,29.24,29.38,28.57
2017-10-24T17:00,2017-10-24,17,26.86,26.28,26.56,27.45,25.04,26.7,27.36,26.82,28.03,27.45
2017-10-24T18:00,2017-10-24,18,25.55,25.02,24.67,25.4,24.45,25.4,26.68,26.33,26.62,25.87
2017-10-24T19:00,2017-10-24,19,25.32,24.96,24.77,25.44,23.99,25.33,26.52,26.25,26.0,25.02
2017-10-24T20:00,2017-10-24,20,24.89,24.61,24.34,25.0,23.86,24.27,26.19,26.0,25.47,24.47
2017-10-24T21:00,2017-10-24,21,24.53,24.5,23.4,24.49,23.63,23.67,25.95,25.77,25.04,24.09
2017-10-24T22:00,2017-10-24,22,24.35,24.37,24.5,24.15,23.3,23.4,25.65,25.47,24.66,23.46
2017-10-24T23:00,2017-10-24,23,24.16,24.32,24.25,23.98,23.07,23.58,25.21,25.29,24.32,23.18
2017-10-25T00:00,2017-10-25,0,23.87,24.23,22.78,24.02,22.88,23.29,24.89,24.91,24.11,22.85
2017-10-25T01:00,2017-10-25,1,23.58,24.0,21.89,23.87,22.58,23.2,24.71,24.37,23.85,22.63
2017-10-25T02:00,2017-10-25,2,23.35,23.76,21.49,23.72,22.56,22.87,24.59,23.99,23.55,22.44
2017-10-25T03:00,2017-10-25,3,23.22,23.48,21.65,23.66,22.52,22.72,24.56,23.82,23.3,22.34
2017-10-25T04:00,2017-10-25,4,23.16,23.55,21.58,23.61,22.36,22.49,24.48,23.95,23.07,22.25
2017-10-25T05:00,2017-10-25,5,23.0,23.47,21.52,23.08,22.25,22.31,24.28,24.19,22.86,22.11
2017-10-25T06:00,2017-10-25,6,23.1,23.31,22.33,23.03,21.75,22.5,24.52,23.72,23.34,22.61
2017-10-25T07:00,2017-10-25,7,24.17,24.66,23.79,24.32,23.34,23.47,25.31,24.24,23.96,23.1
2017-10-25T08:00,2017-10-25,8,25.41,26.11,25.29,25.81,24.68,24.97,26.08,25.05,25.19,23.85
2017-10-25T09:00,2017-10-25,9,26.73,27.38,26.75,27.11,26.14,26.45,27.27,26.5,26.74,24.75
2017-10-25T10:00,2017-10-25,10,28.02,28.77,28.13,28.37,27.06,27.77,28.43,27.83,28.23,25.9
2017-10-25T11:00,2017-10-25,11,28.97,29.72,29.22,29.18,28.0,28.69,29.28,28.84,29.29,26.85
2017-10-25T12:00,2017-10-25,12,29.62,30.28,29.91,29.72,28.82,29.46,29.76,29.63,29.99,27.64
2017-10-25T13:00,2017-10-25,13,30.05,30.69,30.18,30.08,29.4,30.03,30.17,29.94,30.42,28.25
2017-10-25T14:00,2017-10-25,14,30.19,30.82,30.11,30.26,29.62,30.26,30.37,29.88,30.49,28.58
2017-10-25T15:00,2017-10-25,15,30.01,30.61,29.68,30.27,29.58,30.26,29.97,29.36,30.28,28.64
2017-10-25T16:00,2017-10-25,16,29.34,29.92,29.01,29.72,29.16,29.77,29.59,27.93,29.12,28.3
2017-10-25T17:00,2017-10-25,17,27.73,28.06,27.48,28.06,27.72,28.16,28.35,26.88,27.48,26.59
2017-10-25T18:00,2017-10-25,18,26.09,26.43,25.4,26.27,26.14,26.69,26.3,26.35,26.15,24.71
2017-10-25T19:00,2017-10-25,19,25.53,25.89,25.37,25.67,25.8,25.42,26.07,25.93,25.19,24.09
2017-10-25T20:00,2017-10-25,20,24.99,25.17,24.93,25.66,25.14,24.35,25.71,25.42,24.9,23.24
2017-10-25T21:00,2017-10-25,21,24.35,24.89,23.83,24.76,24.49,23.46,25.38,25.18,23.72,22.63
2017-10-25T22:00,2017-10-25,22,23.87,24.07,23.66,24.46,23.4,23.15,24.91,25.13,23.53,22.31
2017-10-25T23:00,2017-10-25,23,23.42,23.6,22.96,24.11,22.07,22.8,24.94,24.58,23.12,22.09
2017-10-26T00:00,2017-10-26,0,23.01,23.1,22.6,23.45,21.75,22.11,24.88,24.31,22.7,21.91
2017-10-26T01:00,2017-10-26,1,22.7,22.67,22.81,23.21,20.93,21.82,24.85,24.14,22.19,21.63
2017-10-26T02:00,2017-10-26,2,22.48,22.4,22.58,23.04,20.39,21.62,24.55,24.07,22.15,21.44
2017-10-26T03:00,2017-10-26,3,22.38,22.58,22.25,22.79,20.22,21.34,24.51,23.72,22.08,21.21
2017-10-26T04:00,2017-10-26,4,22.39,23.07,22.09,22.69,19.77,21.1,24.48,23.77,21.83,21.02
2017-10-26T05:00,2017-10-26,5,22.25,22.95,22.01,22.59,19.44,20.84,24.34,23.69,21.64,20.96
2017-10-26T06:00,2017-10-26,6,22.19,22.44,22.44,22.46,19.94,21.24,23.99,23.89,21.67,21.19
2017-10-26T07:00,2017-10-26,7,23.36,23.75,23.3,23.86,20.96,22.72,24.98,25.05,22.78,22.07
2017-10-26T08:00,2017-10-26,8,24.89,25.39,24.93,25.47,22.86,24.67,26.14,26.39,24.52,22.9
2017-10-26T09:00,2017-10-26,9,26.52,27.04,26.56,27.01,25.29,26.52,27.52,27.54,26.58,23.86
2017-10-26T10:00,2017-10-26,10,27.86,28.36,27.92,28.32,27.17,27.98,28.55,28.38,28.03,25.2
2017-10-26T11:00,2017-10-26,11,28.83,29.29,29.07,29.27,28.5,29.08,29.32,29.16,28.88,26.31
2017-10-26T12:00,2017-10-26,12,29.53,29.96,29.93,30.02,29.33,29.8,29.86,29.63,29.44,27.21
2017-10-26T13:00,2017-10-26,13,29.9,30.35,30.36,30.36,29.66,30.24,30.21,29.92,29.69,27.72
2017-10-26T14:00,2017-10-26,14,29.94,30.4,30.35,30.34,29.74,30.43,30.24,29.97,29.51,27.95
2017-10-26T15:00,2017-10-26,15,29.62,29.98,29.99,29.99,29.43,30.24,30.0,29.81,29.08,27.89
2017-10-26T16:00,2017-10-26,16,28.92,29.14,29.17,29.15,28.72,29.43,29.42,29.31,28.45,27.52
2017-10-26T17:00,2017-10-26,17,27.03,26.91,27.09,27.03,27.26,26.37,28.21,27.87,26.86,26.08
2017-10-26T18:00,2017-10-26,18,25.05,24.61,25.5,25.55,24.01,24.31,26.84,26.02,25.04,24.18
2017-10-26T19:00,2017-10-26,19,24.56,24.06,25.32,25.08,23.73,24.12,26.11,25.59,24.25,23.73
2017-10-26T20:00,2017-10-26,20,23.8,23.32,24.74,24.22,23.27,23.28,25.14,25.07,23.36,23.01
2017-10-26T21:00,2017-10-26,21,23.11,22.74,24.04,23.4,22.78,22.09,24.39,24.62,22.59,22.42
2017-10-26T22:00,2017-10-26,22,22.48,22.17,23.45,22.59,22.18,21.67,23.65,24.21,21.73,21.93
2017-10-26T23:00,2017-10-26,23,21.99,21.59,22.94,21.99,21.53,21.39,23.22,23.67,21.24,21.74
2017-10-27T00:00,2017-10-27,0,21.54,20.94,22.45,21.61,21.12,20.71,22.77,22.91,21.31,21.43
2017-10-27T01:00,2017-10-27,1,21.13,20.61,22.08,21.18,20.58,20.66,22.35,22.27,20.75,20.96
2017-10-27T02:00,2017-10-27,2,20.76,20.42,21.71,20.98,20.12,19.79,21.85,21.86,20.3,20.59
2017-10-27T03:00,2017-10-27,3,20.39,20.2,21.32,20.47,19.81,19.33,21.23,21.7,19.7,20.39
2017-10-27T04:00,2017-10-27,4,20.08,19.94,20.74,19.96,19.66,19.14,21.0,21.57,19.28,20.11
2017-10-27T05:00,2017-10-27,5,19.84,19.63,20.25,19.51,19.55,19.07,20.81,21.53,19.21,20.0
2017-10-27T06:00,2017-10-27,6,19.79,19.54,20.28,19.32,19.05,18.82,21.07,21.46,19.33,20.09
2017-10-27T07:00,2017-10-27,7,21.51,21.55,22.19,21.47,20.0,20.58,22.18,23.17,21.11,21.54
2017-10-27T08:00,2017-10-27,8,23.43,23.62,24.33,23.58,21.66,22.79,23.74,24.74,22.9,23.34
2017-10-27T09:00,2017-10-27,9,25.43,25.64,26.33,25.58,24.02,25.02,25.48,26.16,25.16,25.18
2017-10-27T10:00,2017-10-27,10,27.02,27.15,28.0,27.27,25.91,26.89,27.04,27.4,26.78,26.52
2017-10-27T11:00,2017-10-27,11,28.07,28.19,29.21,28.39,27.21,28.15,28.12,28.37,27.68,27.28
2017-10-27T12:00,2017-10-27,12,28.72,28.82,29.94,29.13,28.06,28.9,28.85,29.01,28.16,27.77
2017-10-27T13:00,2017-10-27,13,29.05,29.15,30.17,29.51,28.52,29.41,29.29,29.36,28.27,28.06
2017-10-27T14:00,2017-10-27,14,29.11,29.16,30.02,29.54,28.78,29.53,29.48,29.46,28.27,28.18
2017-10-27T15:00,2017-10-27,15,28.82,28.91,29.49,29.14,28.64,29.45,29.33,29.12,27.69,28.13
2017-10-27T16:00,2017-10-27,16,28.13,28.21,28.32,28.15,28.0,28.84,28.7,28.39,27.26,27.7
2017-10-27T17:00,2017-10-27,17,26.04,25.9,26.05,25.49,25.9,26.56,26.8,26.13,25.87,26.21
2017-10-27T18:00,2017-10-27,18,24.31,24.12,24.42,23.61,23.52,23.95,25.49,24.59,24.44,24.76
2017-10-27T19:00,2017-10-27,19,23.67,23.48,23.94,22.98,22.97,23.46,24.74,23.95,23.9,23.85
2017-10-27T20:00,2017-10-27,20,23.06,22.92,23.1,22.25,22.17,23.3,24.14,23.04,23.4,23.33
2017-10-27T21:00,2017-10-27,21,22.54,22.21,22.47,21.77,21.33,22.96,23.97,22.6,22.85,23.04
2017-10-27T22:00,2017-10-27,22,22.07,21.78,22.16,21.13,20.89,21.23,24.03,22.82,22.38,22.45
2017-10-27T23:00,2017-10-27,23,21.55,21.31,21.78,20.57,20.25,20.61,23.54,21.79,22.15,21.72
2017-10-28T00:00,2017-10-28,0,21.11,20.89,21.3,20.15,19.77,20.17,23.37,21.29,21.61,21.22
2017-10-28T01:00,2017-10-28,1,20.77,20.53,20.94,19.84,19.63,19.61,22.6,21.6,21.41,20.83
2017-10-28T02:00,2017-10-28,2,20.53,20.41,20.55,19.58,19.56,19.56,21.86,21.66,21.12,20.52
2017-10-28T03:00,2017-10-28,3,20.22,20.52,20.18,19.02,19.52,18.89,21.23,21.44,20.42,20.29
2017-10-28T04:00,2017-10-28,4,19.84,20.26,19.98,18.65,18.49,18.18,20.91,21.36,19.92,20.0
2017-10-28T05:00,2017-10-28,5,19.68,20.31,19.47,18.24,17.9,18.07,20.84,21.41,19.86,19.83
2017-10-28T06:00,2017-10-28,6,19.51,19.82,19.03,18.12,18.06,18.16,20.75,20.35,20.06,20.21
2017-10-28T07:00,2017-10-28,7,21.22,21.36,21.59,20.62,18.8,20.22,22.55,22.73,21.11,21.59
2017-10-28T08:00,2017-10-28,8,23.34,23.5,23.9,23.3,20.59,22.89,24.43,24.53,22.94,23.46
2017-10-28T09:00,2017-10-28,9,25.39,25.53,25.89,25.52,23.12,25.34,26.12,26.28,25.21,25.18
2017-10-28T10:00,2017-10-28,10,26.93,26.97,27.54,27.03,25.25,27.21,27.33,27.47,26.87,26.61
2017-10-28T11:00,2017-10-28,11,27.94,27.9,28.72,27.99,26.87,28.42,28.18,28.37,27.85,27.4
2017-10-28T12:00,2017-10-28,12,28.55,28.44,29.34,28.61,27.84,29.2,28.66,28.9,28.5,27.97
2017-10-28T13:00,2017-10-28,13,28.87,28.77,29.43,28.96,28.43,29.67,28.83,29.14,28.92,28.21
2017-10-28T14:00,2017-10-28,14,28.92,28.84,29.47,29.03,28.62,29.75,28.83,29.13,28.94,28.22
2017-10-28T15:00,2017-10-28,15,28.68,28.58,29.01,28.72,28.53,29.58,28.6,28.81,28.74,28.13
2017-10-28T16:00,2017-10-28,16,28.13,28.02,28.2,28.15,28.04,29.03,28.06,28.23,28.28,27.69
2017-10-28T17:00,2017-10-28,17,26.23,26.16,25.71,26.07,26.3,26.8,26.89,26.41,26.28,25.79
2017-10-28T18:00,2017-10-28,18,24.48,24.39,23.91,24.14,24.8,24.79,25.5,24.76,24.66,23.71
2017-10-28T19:00,2017-10-28,19,24.0,23.71,23.74,23.94,24.09,24.08,25.14,24.48,24.18,23.26
2017-10-28T20:00,2017-10-28,20,23.41,22.94,23.3,23.33,22.61,23.41,24.81,25.05,23.94,22.42
2017-10-28T21:00,2017-10-28,21,22.86,22.28,23.2,22.9,21.49,22.95,24.32,24.96,23.35,21.75
2017-10-28T22:00,2017-10-28,22,22.24,21.5,22.95,22.32,21.31,22.92,23.55,24.38,22.21,21.24
2017-10-28T23:00,2017-10-28,23,21.59,20.57,22.51,21.97,20.23,22.54,23.11,24.07,21.3,20.86
2017-10-29T00:00,2017-10-29,0,21.29,20.11,22.08,21.89,20.38,22.25,22.95,23.58,20.91,20.58
2017-10-29T01:00,2017-10-29,1,21.0,19.82,22.19,21.34,20.1,21.82,22.4,23.64,20.59,20.48
2017-10-29T02:00,2017-10-29,2,20.63,19.39,22.38,20.64,19.51,21.27,22.05,22.71,20.53,20.33
2017-10-29T03:00,2017-10-29,3,20.22,19.02,22.12,20.43,18.78,20.61,22.03,22.2,19.63,20.14
2017-10-29T04:00,2017-10-29,4,20.0,18.81,21.95,19.87,19.03,20.5,21.7,22.43,19.2,19.95
2017-10-29T05:00,2017-10-29,5,19.89,19.13,21.82,19.41,18.54,20.88,21.43,22.0,18.77,19.78
2017-10-29T06:00,2017-10-29,6,19.81,18.61,21.96,19.71,18.48,20.71,21.23,21.46,18.97,20.31
2017-10-29T07:00,2017-10-29,7,21.39,20.4,22.76,21.86,20.32,22.43,22.23,23.33,20.61,21.42
2017-10-29T08:00,2017-10-29,8,23.55,23.39,23.49,23.98,22.65,24.47,24.19,25.01,22.71,23.15
2017-10-29T09:00,2017-10-29,9,25.5,25.78,24.46,25.88,24.97,26.27,26.05,26.4,24.82,24.8
2017-10-29T10:00,2017-10-29,10,26.79,27.22,24.41,27.03,26.72,27.82,27.39,27.36,26.48,26.13
2017-10-29T11:00,2017-10-29,11,27.62,28.12,24.56,27.78,27.86,28.61,28.19,27.75,27.58,27.21
2017-10-29T12:00,2017-10-29,12,28.04,28.66,24.53,27.77,28.49,28.84,28.67,27.85,28.31,27.85
2017-10-29T13:00,2017-10-29,13,28.02,28.95,23.7,27.24,28.74,28.14,28.92,27.63,28.69,27.87
2017-10-29T14:00,2017-10-29,14,27.93,28.93,23.69,27.01,28.7,26.84,28.97,27.38,28.87,28.05
2017-10-29T15:00,2017-10-29,15,27.62,28.84,23.94,26.51,27.98,25.79,28.8,26.98,28.78,27.43
2017-10-29T16:00,2017-10-29,16,27.03,28.31,23.34,25.2,27.75,25.09,28.48,26.39,28.35,26.8
2017-10-29T17:00,2017-10-29,17,25.33,26.05,22.2,23.93,25.69,24.11,26.92,25.17,26.48,25.23
2017-10-29T18:00,2017-10-29,18,24.36,24.97,21.49,23.99,24.32,23.87,25.88,24.85,24.84,23.51
2017-10-29T19:00,2017-10-29,19,23.7,24.13,21.34,23.46,23.83,23.34,24.88,24.44,23.57,23.43
2017-10-29T20:00,2017-10-29,20,23.04,23.19,21.25,22.7,23.46,22.66,24.61,23.99,22.9,22.53
2017-10-29T21:00,2017-10-29,21,22.58,22.95,21.15,21.92,22.93,22.32,24.08,23.5,21.99,22.12
2017-10-29T22:00,2017-10-29,22,22.24,22.53,21.01,21.37,22.59,22.02,23.2,23.48,22.17,21.79
2017-10-29T23:00,2017-10-29,23,21.81,22.06,21.24,21.0,22.01,21.65,22.78,22.83,21.37,21.53
2017-10-30T00:00,2017-10-30,0,21.64,21.93,21.2,20.86,21.55,21.48,22.52,22.76,21.2,21.31
2017-10-30T01:00,2017-10-30,1,21.4,21.52,21.06,20.62,21.26,21.31,22.23,23.2,21.01,21.08
2017-10-30T02:00,2017-10-30,2,21.24,21.48,21.19,20.71,20.95,21.2,22.13,22.89,20.35,20.73
2017-10-30T03:00,2017-10-30,3,21.0,21.31,21.04,20.59,20.75,21.03,21.87,22.72,19.88,20.32
2017-10-30T04:00,2017-10-30,4,20.81,21.04,20.72,20.4,20.54,20.89,21.6,22.67,20.0,20.03
2017-10-30T05:00,2017-10-30,5,20.71,20.94,20.59,20.46,20.24,20.81,21.55,22.7,20.0,19.64
2017-10-30T06:00,2017-10-30,6,20.92,21.25,21.21,20.28,20.29,20.76,21.58,22.68,20.47,20.05
2017-10-30T07:00,2017-10-30,7,21.53,21.84,21.4,20.88,21.06,21.35,22.41,23.06,21.18,20.76
2017-10-30T08:00,2017-10-30,8,22.36,22.47,22.32,21.58,21.89,21.91,23.45,23.63,22.38,21.79
2017-10-30T09:00,2017-10-30,9,23.27,23.36,23.23,21.94,22.47,22.62,24.54,24.03,23.87,23.14
2017-10-30T10:00,2017-10-30,10,24.07,24.27,24.12,22.52,23.03,23.18,25.48,23.98,25.11,23.94
2017-10-30T11:00,2017-10-30,11,24.49,24.58,24.85,22.99,23.16,23.14,26.06,24.01,25.94,24.42
2017-10-30T12:00,2017-10-30,12,24.8,24.82,25.33,23.11,23.79,23.06,26.56,24.42,26.58,24.41
2017-10-30T13:00,2017-10-30,13,25.07,25.45,25.2,23.06,24.19,23.3,26.82,24.34,26.93,24.42
2017-10-30T14:00,2017-10-30,14,25.11,25.78,24.98,23.02,24.74,23.19,26.66,24.32,27.01,23.94
2017-10-30T15:00,2017-10-30,15,24.97,25.65,24.81,22.89,24.89,22.99,26.49,24.65,26.83,23.49
2017-10-30T16:00,2017-10-30,16,24.47,25.31,24.3,22.56,24.35,22.98,25.86,24.41,25.71,22.82
2017-10-30T17:00,2017-10-30,17,23.4,24.04,23.37,21.83,23.19,22.36,24.89,23.47,23.96,22.15
2017-10-30T18:00,2017-10-30,18,21.98,22.22,21.79,21.06,21.49,21.22,23.4,21.97,22.85,20.93
2017-10-30T19:00,2017-10-30,19,21.59,21.32,21.64,20.91,21.35,21.22,23.03,21.51,22.43,20.95
2017-10-30T20:00,2017-10-30,20,21.24,20.88,21.78,20.49,20.98,20.83,22.56,21.63,21.96,20.62
2017-10-30T21:00,2017-10-30,21,20.88,20.49,21.65,20.33,20.65,20.37,21.96,21.11,21.58,20.32
2017-10-30T22:00,2017-10-30,22,20.53,19.97,21.66,20.02,20.44,19.76,21.53,21.05,21.2,20.1
2017-10-30T23:00,2017-10-30,23,20.21,19.5,21.51,19.9,20.16,19.32,21.13,20.98,20.81,19.9
2017-10-31T00:00,2017-10-31,0,19.95,19.16,21.38,19.85,19.61,18.86,20.82,21.01,20.51,19.81
2017-10-31T01:00,2017-10-31,1,19.69,18.97,21.03,19.67,19.02,18.63,20.38,20.96,20.21,19.6
2017-10-31T02:00,2017-10-31,2,19.41,18.74,20.64,19.44,18.68,18.42,20.07,20.76,19.95,19.27
2017-10-31T03:00,2017-10-31,3,19.21,18.55,20.43,19.2,18.55,18.12,19.87,20.56,19.7,19.15
2017-10-31T04:00,2017-10-31,4,19.07,18.44,20.44,18.9,18.36,18.01,19.73,20.31,19.52,19.05
2017-10-31T05:00,2017-10-31,5,18.9,18.37,20.37,18.54,18.06,17.93,19.59,19.97,19.29,18.98
2017-10-31T06:00,2017-10-31,6,18.68,18.35,20.34,17.55,18.15,18.12,19.62,19.39,18.98,18.55
2017-10-31T07:00,2017-10-31,7,19.68,19.27,21.33,19.08,19.04,19.79,20.42,20.67,19.62,19.28
2017-10-31T08:00,2017-10-31,8,21.24,20.87,22.8,20.83,20.99,21.69,21.85,22.09,20.76,20.75
2017-10-31T09:00,2017-10-31,9,22.92,22.61,24.26,22.81,22.81,23.55,23.49,23.58,22.42,22.1
2017-10-31T10:00,2017-10-31,10,24.4,24.18,25.56,24.54,24.23,25.18,24.81,24.92,23.96,23.35
2017-10-31T11:00,2017-10-31,11,25.51,25.46,26.37,25.78,25.36,26.31,25.7,26.0,24.91,24.47
2017-10-31T12:00,2017-10-31,12,26.22,26.32,26.69,26.54,26.1,27.05,26.35,26.72,25.57,25.14
2017-10-31T13:00,2017-10-31,13,26.6,26.84,26.18,27.1,26.52,27.37,26.74,27.18,25.97,25.61
2017-10-31T14:00,2017-10-31,14,26.84,27.04,26.76,27.33,26.66,27.54,26.92,27.4,26.28,25.84
2017-10-31T15:00,2017-10-31,15,26.71,26.97,25.92,27.24,26.66,27.35,26.84,27.29,26.21,25.85
2017-10-31T16:00,2017-10-31,16,26.3,26.56,25.32,26.82,26.4,26.96,26.46,26.77,25.79,25.47
2017-10-31T17:00,2017-10-31,17,24.66,24.87,24.11,25.11,24.77,25.37,25.14,25.11,23.92,23.69
2017-10-31T18:00,2017-10-31,18,23.19,23.28,22.58,22.72,22.82,24.69,24.06,24.22,22.85,22.28
2017-10-31T19:00,2017-10-31,19,22.46,22.32,21.98,22.12,22.5,23.28,23.43,23.51,22.21,21.76
2017-10-31T20:00,2017-10-31,20,21.85,21.52,21.3,22.24,21.65,22.68,22.66,22.73,21.64,21.24
2017-10-31T21:00,2017-10-31,21,21.34,21.08,20.9,21.95,21.22,21.85,21.95,22.0,21.09,20.77
2017-10-31T22:00,2017-10-31,22,20.85,20.54,20.78,20.82,20.7,21.76,21.84,21.26,20.57,20.36
2017-10-31T23:00,2017-10-31,23,20.39,20.16,20.43,20.19,19.94,21.59,21.6,20.86,19.87,19.9
2017-11-01T00:00,2017-11-01,0,19.93,19.69,20.12,19.78,19.5,20.79,21.06,20.68,19.27,19.53
2017-11-01T01:00,2017-11-01,1,19.63,19.28,20.0,19.56,19.38,20.36,20.65,20.48,19.0,19.23
2017-11-01T02:00,2017-11-01,2,19.35,19.05,20.24,18.95,18.88,20.04,20.22,20.31,18.79,19.0
2017-11-01T03:00,2017-11-01,3,19.22,18.93,20.5,18.69,18.63,19.89,20.04,20.09,18.68,18.85
2017-11-01T04:00,2017-11-01,4,19.04,18.83,20.35,18.49,18.43,19.52,19.89,19.99,18.47,18.62
2017-11-01T05:00,2017-11-01,5,18.87,18.6,20.53,18.55,18.12,19.1,19.65,19.83,18.27,18.41
2017-11-01T06:00,2017-11-01,6,19.12,18.89,20.59,18.97,18.58,18.97,19.85,20.36,18.37,18.63
2017-11-01T07:00,2017-11-01,7,20.41,20.41,21.8,19.72,20.03,20.46,21.0,21.83,19.63,19.87
2017-11-01T08:00,2017-11-01,8,22.22,22.48,23.13,21.01,21.92,22.35,22.78,23.53,21.68,21.69
2017-11-01T09:00,2017-11-01,9,24.11,24.43,24.21,23.5,23.8,24.33,24.5,25.05,23.78,23.46
2017-11-01T10:00,2017-11-01,10,25.63,26.0,24.91,25.59,25.47,25.93,25.78,26.24,25.44,24.91
2017-11-01T11:00,2017-11-01,11,26.69,27.0,25.95,26.97,26.59,27.09,26.69,26.98,26.54,26.02
2017-11-01T12:00,2017-11-01,12,27.31,27.53,26.39,27.74,27.24,27.86,27.27,27.53,27.22,26.75
2017-11-01T13:00,2017-11-01,13,27.68,27.8,27.01,28.18,27.56,28.31,27.67,27.8,27.57,27.15
2017-11-01T14:00,2017-11-01,14,27.8,27.92,26.93,28.33,27.63,28.59,27.76,27.88,27.7,27.28
2017-11-01T15:00,2017-11-01,15,27.72,27.87,26.88,28.25,27.51,28.57,27.68,27.76,27.62,27.13
2017-11-01T16:00,2017-11-01,16,27.27,27.39,26.45,27.73,27.17,28.23,27.19,27.24,27.25,26.7
2017-11-01T17:00,2017-11-01,17,25.32,25.13,24.95,25.39,25.13,26.36,25.58,25.43,25.54,24.91
2017-11-01T18:00,2017-11-01,18,23.55,23.15,23.13,23.95,22.99,24.27,23.86,24.36,23.49,23.74
2017-11-01T19:00,2017-11-01,19,23.07,22.76,23.02,23.55,22.5,23.52,23.57,23.45,22.7,23.2
2017-11-01T20:00,2017-11-01,20,22.26,21.86,22.46,22.95,21.65,22.67,22.53,22.84,21.66,22.62
2017-11-01T21:00,2017-11-01,21,21.63,21.29,22.22,22.3,20.84,22.1,22.01,22.61,20.94,21.41
2017-11-01T22:00,2017-11-01,22,21.09,20.84,21.84,21.72,20.32,20.93,21.35,22.23,20.39,21.02
2017-11-01T23:00,2017-11-01,23,20.73,20.4,21.54,21.24,20.25,20.33,21.04,21.76,20.17,20.72
2017-11-02T00:00,2017-11-02,0,20.43,20.06,21.5,20.97,19.95,20.71,20.65,21.39,19.61,20.31
2017-11-02T01:00,2017-11-02,1,20.09,19.82,21.14,20.72,19.47,20.08,20.23,21.38,19.36,19.67
2017-11-02T02:00,2017-11-02,2,19.78,19.44,21.02,20.59,19.23,19.02,19.92,21.3,19.15,19.42
2017-11-02T03:00,2017-11-02,3,19.57,19.13,21.23,20.38,18.82,18.82,19.72,21.18,18.97,19.2
2017-11-02T04:00,2017-11-02,4,19.37,18.81,21.07,20.25,18.28,18.91,19.52,21.09,18.84,19.09
2017-11-02T05:00,2017-11-02,5,19.13,18.5,21.12,20.1,17.82,18.59,19.33,20.92,18.68,18.7
2017-11-02T06:00,2017-11-02,6,19.32,18.75,21.22,20.18,17.82,18.48,20.01,21.31,18.84,18.71
2017-11-02T07:00,2017-11-02,7,20.77,20.5,22.18,21.65,19.28,20.22,21.21,22.52,20.29,19.99
2017-11-02T08:00,2017-11-02,8,22.92,23.01,23.98,23.62,21.28,22.57,23.09,24.13,22.42,22.23
2017-11-02T09:00,2017-11-02,9,24.96,25.24,25.42,25.55,23.84,24.86,24.89,25.6,24.51,24.36
2017-11-02T10:00,2017-11-02,10,26.54,26.86,26.59,27.03,25.98,26.71,26.29,26.82,26.2,25.95
2017-11-02T11:00,2017-11-02,11,27.6,27.88,27.55,28.07,27.36,27.93,27.2,27.71,27.34,27.03
2017-11-02T12:00,2017-11-02,12,28.29,28.56,28.14,28.73,28.08,28.74,27.88,28.17,28.14,27.71
2017-11-02T13:00,2017-11-02,13,28.7,28.98,28.49,29.08,28.54,29.21,28.31,28.4,28.61,28.12
2017-11-02T14:00,2017-11-02,14,28.83,29.17,28.51,29.04,28.66,29.42,28.5,28.59,28.77,28.22
2017-11-02T15:00,2017-11-02,15,28.62,28.99,27.73,28.75,28.52,29.25,28.44,28.53,28.68,28.04
2017-11-02T16:00,2017-11-02,16,27.96,28.31,27.0,28.14,27.74,28.45,27.93,27.97,28.12,27.36
2017-11-02T17:00,2017-11-02,17,25.76,25.88,25.79,26.1,24.67,25.68,25.89,26.17,26.13,25.1
2017-11-02T18:00,2017-11-02,18,23.98,23.85,24.5,24.49,22.76,23.66,24.22,24.76,24.33,23.33
2017-11-02T19:00,2017-11-02,19,23.5,23.51,24.14,24.47,22.19,23.05,23.48,24.35,23.1,23.11
2017-11-02T20:00,2017-11-02,20,22.68,22.53,23.45,23.72,21.53,22.39,22.73,23.6,22.09,22.45
2017-11-02T21:00,2017-11-02,21,21.98,21.71,22.89,23.1,20.91,21.76,22.14,23.05,21.6,21.27
2017-11-02T22:00,2017-11-02,22,21.4,21.13,22.26,22.43,20.35,21.16,21.48,22.52,21.07,20.89
2017-11-02T23:00,2017-11-02,23,21.05,20.79,22.67,21.81,20.05,20.7,21.03,22.24,20.47,20.59
2017-11-03T00:00,2017-11-03,0,20.59,20.27,21.7,21.34,20.06,20.25,20.61,22.02,20.07,20.13
2017-11-03T01:00,2017-11-03,1,20.24,19.76,21.58,20.96,19.43,20.23,20.33,21.79,19.64,19.94
2017-11-03T02:00,2017-11-03,2,19.94,19.31,21.08,20.85,19.09,20.05,20.2,21.66,19.37,19.69
2017-11-03T03:00,2017-11-03,3,19.71,18.97,20.85,20.66,18.87,19.72,19.98,21.5,19.32,19.48
2017-11-03T04:00,2017-11-03,4,19.49,18.77,20.53,20.34,18.61,19.12,19.74,21.45,19.35,19.28
2017-11-03T05:00,2017-11-03,5,19.37,18.7,20.52,20.07,18.8,18.72,19.49,21.39,19.25,19.16
2017-11-03T06:00,2017-11-03,6,19.42,18.63,21.13,20.19,18.58,18.65,19.73,21.4,19.07,19.3
2017-11-03T07:00,2017-11-03,7,20.99,20.56,22.8,21.67,19.5,20.84,21.23,22.67,20.41,20.58
2017-11-03T08:00,2017-11-03,8,23.12,23.06,24.56,23.8,20.82,23.57,23.39,24.49,22.37,22.62
2017-11-03T09:00,2017-11-03,9,25.22,25.47,26.12,25.84,23.4,25.93,25.36,26.13,24.26,24.5
2017-11-03T10:00,2017-11-03,10,26.94,27.36,27.43,27.43,26.12,27.66,26.82,27.35,25.95,26.15
2017-11-03T11:00,2017-11-03,11,28.2,28.62,28.45,28.58,27.94,29.03,27.89,28.23,27.37,27.46
2017-11-03T12:00,2017-11-03,12,29.04,29.38,29.22,29.38,28.96,29.93,28.63,28.79,28.41,28.4
2017-11-03T13:00,2017-11-03,13,29.54,29.85,29.62,29.84,29.56,30.42,29.1,29.14,29.12,28.93
2017-11-03T14:00,2017-11-03,14,29.74,30.01,29.83,30.01,29.75,30.57,29.31,29.34,29.45,29.08
2017-11-03T15:00,2017-11-03,15,29.55,29.85,29.25,29.77,29.64,30.48,29.24,29.18,29.42,28.79
2017-11-03T16:00,2017-11-03,16,28.84,29.07,28.55,29.01,29.02,29.72,28.64,28.64,28.78,27.99
2017-11-03T17:00,2017-11-03,17,26.46,26.47,27.64,26.6,26.37,26.09,26.37,26.6,26.46,25.61
2017-11-03T18:00,2017-11-03,18,24.56,24.58,26.33,24.69,23.57,25.07,24.66,24.37,24.28,23.65
2017-11-03T19:00,2017-11-03,19,24.06,24.01,25.55,24.51,22.94,24.05,23.92,24.16,24.17,23.21
2017-11-03T20:00,2017-11-03,20,23.26,23.3,24.59,23.93,22.44,23.74,23.19,23.53,22.33,22.6
2017-11-03T21:00,2017-11-03,21,22.61,22.7,23.39,23.48,21.67,23.49,22.51,22.96,21.52,22.05
2017-11-03T22:00,2017-11-03,22,22.08,22.25,22.37,22.96,21.18,23.24,22.05,22.59,20.91,21.42
2017-11-03T23:00,2017-11-03,23,21.59,21.75,21.87,22.48,20.69,22.76,21.56,22.27,20.37,20.99
2017-11-04T00:00,2017-11-04,0,21.16,21.23,21.5,22.04,20.57,22.12,21.03,22.11,19.73,20.82
2017-11-04T01:00,2017-11-04,1,20.84,20.87,21.22,21.59,20.48,21.94,20.54,22.01,19.31,20.64
2017-11-04T02:00,2017-11-04,2,20.55,20.48,21.17,21.08,20.33,21.67,20.23,21.68,19.09,20.49
2017-11-04T03:00,2017-11-04,3,20.4,20.33,21.07,20.73,20.09,21.47,20.0,21.62,19.22,20.33
2017-11-04T04:00,2017-11-04,4,20.33,20.19,21.47,20.51,19.83,21.38,19.96,21.59,19.2,20.24
2017-11-04T05:00,2017-11-04,5,20.25,20.13,21.45,20.23,19.47,21.28,20.02,21.57,19.22,20.21
2017-11-04T06:00,2017-11-04,6,20.38,20.31,21.37,20.36,19.26,21.51,20.43,21.8,19.34,20.24
2017-11-04T07:00,2017-11-04,7,21.74,21.79,22.43,21.87,21.22,23.06,21.68,23.08,20.52,21.22
2017-11-04T08:00,2017-11-04,8,23.92,24.05,24.55,24.07,23.77,25.39,23.67,24.7,22.77,23.27
2017-11-04T09:00,2017-11-04,9,26.01,25.98,26.65,26.24,26.08,27.31,25.71,26.29,25.4,25.32
2017-11-04T10:00,2017-11-04,10,27.78,27.69,28.45,28.12,27.96,28.85,27.3,27.6,27.56,27.08
2017-11-04T11:00,2017-11-04,11,29.07,29.06,29.7,29.47,29.28,29.88,28.51,28.6,28.99,28.42
2017-11-04T12:00,2017-11-04,12,29.93,30.01,30.38,30.34,30.21,30.42,29.3,29.3,29.96,29.31
2017-11-04T13:00,2017-11-04,13,30.38,30.53,30.82,30.81,30.66,30.66,29.79,29.67,30.44,29.72
2017-11-04T14:00,2017-11-04,14,30.47,30.71,30.5,30.95,30.67,30.64,29.94,29.78,30.59,29.79
2017-11-04T15:00,2017-11-04,15,30.15,30.5,29.71,30.79,30.23,30.11,29.73,29.49,30.32,29.4
2017-11-04T16:00,2017-11-04,16,29.41,29.8,29.11,30.38,29.23,29.02,29.25,28.89,29.29,28.56
2017-11-04T17:00,2017-11-04,17,27.24,27.28,27.63,28.12,26.7,26.78,27.65,27.75,26.9,26.19
2017-11-04T18:00,2017-11-04,18,25.56,25.41,25.8,26.19,25.34,25.04,26.68,25.93,25.0,24.85
2017-11-04T19:00,2017-11-04,19,25.26,25.52,25.74,25.71,24.86,25.08,25.68,25.77,24.69,24.12
2017-11-04T20:00,2017-11-04,20,24.51,24.55,24.95,25.11,23.71,24.38,25.0,25.28,24.19,23.48
2017-11-04T21:00,2017-11-04,21,23.93,23.91,24.3,24.41,23.16,24.04,24.68,24.7,23.66,22.79
2017-11-04T22:00,2017-11-04,22,23.52,23.45,23.92,23.9,22.88,23.47,24.58,24.23,23.21,22.33
2017-11-04T23:00,2017-11-04,23,23.15,23.24,23.34,23.53,22.46,23.13,24.27,23.65,22.8,21.86
2017-11-05T00:00,2017-11-05,0,22.81,22.87,23.14,23.33,21.76,22.82,24.01,23.33,22.38,21.53
2017-11-05T01:00,2017-11-05,1,22.5,22.64,23.14,22.99,21.07,22.4,23.5,23.13,22.07,21.3
2017-11-05T02:00,2017-11-05,2,22.22,22.47,22.49,22.69,20.63,22.04,23.11,22.99,21.89,21.13
2017-11-05T03:00,2017-11-05,3,21.96,22.26,22.24,22.14,20.57,21.73,22.85,22.83,21.63,20.91
2017-11-05T04:00,2017-11-05,4,21.69,22.18,21.9,21.66,20.08,21.43,22.64,22.42,21.25,20.72
2017-11-05T05:00,2017-11-05,5,21.36,21.79,21.53,21.42,19.75,21.1,22.3,22.22,20.9,20.54
2017-11-05T06:00,2017-11-05,6,21.04,21.23,21.13,21.05,19.76,20.71,22.18,22.72,20.54,20.14
2017-11-05T07:00,2017-11-05,7,22.38,22.6,23.38,22.47,21.3,22.22,23.23,24.1,21.4,21.16
2017-11-05T08:00,2017-11-05,8,24.42,24.66,25.4,24.54,23.82,24.58,24.88,25.91,23.3,23.25
2017-11-05T09:00,2017-11-05,9,26.46,26.6,27.36,26.62,26.3,26.8,26.64,27.7,25.5,25.35
2017-11-05T10:00,2017-11-05,10,28.18,28.25,28.87,28.39,28.19,28.52,28.2,29.15,27.63,27.11
2017-11-05T11:00,2017-11-05,11,29.45,29.54,29.86,29.68,29.51,29.73,29.39,30.03,29.21,28.43
2017-11-05T12:00,2017-11-05,12,30.27,30.42,30.43,30.54,30.32,30.52,30.14,30.51,30.22,29.29
2017-11-05T13:00,2017-11-05,13,30.63,30.85,30.49,30.98,30.63,30.98,30.56,30.39,30.69,29.7
2017-11-05T14:00,2017-11-05,14,30.59,31.02,30.1,30.28,30.82,30.95,30.44,30.4,30.83,29.86
2017-11-05T15:00,2017-11-05,15,30.21,30.8,29.34,29.62,30.37,30.45,30.05,30.0,30.58,29.6
2017-11-05T16:00,2017-11-05,16,29.26,29.55,28.4,28.75,29.33,29.41,29.66,29.12,29.78,28.67
2017-11-05T17:00,2017-11-05,17,26.96,26.92,27.0,26.33,26.23,27.85,27.94,27.34,27.17,26.29
2017-11-05T18:00,2017-11-05,18,25.47,25.73,25.43,25.04,25.15,24.98,26.72,26.07,25.2,24.62
2017-11-05T19:00,2017-11-05,19,24.89,25.23,25.35,24.18,24.59,23.9,25.88,25.64,24.79,23.99
2017-11-05T20:00,2017-11-05,20,24.07,24.36,24.5,23.44,23.31,23.41,25.15,25.11,23.99,23.12
2017-11-05T21:00,2017-11-05,21,23.46,23.77,23.62,23.04,22.55,22.73,24.64,24.79,23.39,22.36
2017-11-05T22:00,2017-11-05,22,22.95,23.26,22.98,22.59,22.16,22.45,23.95,23.89,22.97,21.88
2017-11-05T23:00,2017-11-05,23,22.49,22.78,22.49,22.13,21.8,22.25,23.43,23.57,22.49,21.25
2017-11-06T00:00,2017-11-06,0,21.97,22.21,22.19,21.65,21.02,21.7,23.01,23.1,21.87,20.85
2017-11-06T01:00,2017-11-06,1,21.48,21.48,21.75,21.08,20.4,21.73,22.64,22.84,21.39,20.52
2017-11-06T02:00,2017-11-06,2,20.98,20.67,21.4,20.7,20.18,21.03,22.07,22.78,20.97,20.25
2017-11-06T03:00,2017-11-06,3,20.58,20.16,21.05,20.3,19.86,20.39,21.66,22.65,20.63,20.0
2017-11-06T04:00,2017-11-06,4,20.3,19.86,20.8,20.08,19.41,20.05,21.49,22.45,20.34,19.69
2017-11-06T05:00,2017-11-06,5,20.06,19.43,20.68,19.96,19.02,20.06,21.22,22.16,20.1,19.68
2017-11-06T06:00,2017-11-06,6,19.96,19.31,20.39,19.97,18.84,19.67,21.49,22.19,19.85,19.67
2017-11-06T07:00,2017-11-06,7,21.57,21.32,22.64,21.56,20.23,21.33,22.54,23.38,21.05,21.15
2017-11-06T08:00,2017-11-06,8,23.83,23.93,24.8,23.98,22.62,23.82,24.28,25.04,23.12,23.28
2017-11-06T09:00,2017-11-06,9,26.1,26.43,26.8,26.35,25.32,26.22,26.17,26.81,25.3,25.36
2017-11-06T10:00,2017-11-06,10,27.96,28.43,28.46,28.21,27.52,28.13,27.85,28.32,27.18,27.07
2017-11-06T11:00,2017-11-06,11,29.3,29.78,29.67,29.5,29.06,29.63,29.11,29.47,28.66,28.3
2017-11-06T12:00,2017-11-06,12,30.15,30.59,30.45,30.38,30.05,30.58,29.93,30.21,29.7,29.08
2017-11-06T13:00,2017-11-06,13,30.58,30.99,30.73,30.83,30.54,31.01,30.38,30.68,30.18,29.51
2017-11-06T14:00,2017-11-06,14,30.7,31.14,30.73,30.89,30.62,31.13,30.57,30.78,30.38,29.62
2017-11-06T15:00,2017-11-06,15,30.42,30.84,30.4,30.46,30.36,30.86,30.31,30.5,30.16,29.42
2017-11-06T16:00,2017-11-06,16,29.48,29.83,29.41,29.37,29.33,30.05,29.52,29.63,29.29,28.6
2017-11-06T17:00,2017-11-06,17,26.78,26.88,27.05,26.48,26.23,27.36,27.22,27.2,26.79,25.95
2017-11-06T18:00,2017-11-06,18,24.93,25.01,24.75,24.88,24.5,25.21,25.55,25.46,24.95,24.16
2017-11-06T19:00,2017-11-06,19,24.47,24.66,24.29,24.6,24.27,24.23,25.16,25.09,24.41,23.27
2017-11-06T20:00,2017-11-06,20,23.7,23.95,23.57,23.82,23.79,23.36,24.4,24.39,23.55,22.26
2017-11-06T21:00,2017-11-06,21,22.94,23.13,22.79,23.17,23.1,22.87,23.51,23.74,22.72,21.45
2017-11-06T22:00,2017-11-06,22,22.24,22.29,22.24,22.58,22.15,22.39,22.85,23.16,21.97,20.93
2017-11-06T23:00,2017-11-06,23,21.57,21.5,21.63,21.74,21.39,22.14,22.26,22.53,21.24,20.49
2017-11-07T00:00,2017-11-07,0,20.97,20.79,20.62,21.05,20.84,21.96,21.7,22.0,20.69,20.14
2017-11-07T01:00,2017-11-07,1,20.46,20.34,20.07,20.34,20.09,21.2,21.29,21.59,20.23,19.83
2017-11-07T02:00,2017-11-07,2,20.07,20.09,19.7,19.64,19.74,20.56,20.99,21.28,19.83,19.39
2017-11-07T03:00,2017-11-07,3,19.71,19.73,19.1,19.33,19.71,20.15,20.75,21.03,19.49,18.85
2017-11-07T04:00,2017-11-07,4,19.44,19.51,18.51,18.97,19.51,19.91,20.57,21.04,19.26,18.43
2017-11-07T05:00,2017-11-07,5,19.3,19.35,18.59,18.88,19.19,19.71,20.4,21.07,18.98,18.32
2017-11-07T06:00,2017-11-07,6,19.46,19.47,18.26,19.49,19.1,19.45,20.72,21.39,19.25,18.57
2017-11-07T07:00,2017-11-07,7,21.25,21.36,20.52,21.45,20.41,21.43,21.87,22.83,21.13,20.45
2017-11-07T08:00,2017-11-07,8,23.49,23.6,23.23,23.91,22.69,23.71,23.71,24.75,23.33,22.71
2017-11-07T09:00,2017-11-07,9,25.74,26.02,25.32,26.19,25.24,26.01,25.69,26.56,25.53,24.88
2017-11-07T10:00,2017-11-07,10,27.59,28.04,27.19,28.0,27.31,27.86,27.35,28.11,27.34,26.59
2017-11-07T11:00,2017-11-07,11,28.97,29.56,28.58,29.26,28.81,29.28,28.6,29.31,28.71,27.86
2017-11-07T12:00,2017-11-07,12,29.86,30.51,29.47,30.04,29.77,30.31,29.48,30.05,29.61,28.66
2017-11-07T13:00,2017-11-07,13,30.32,30.94,29.91,30.47,30.26,30.92,30.02,30.47,30.04,29.11
2017-11-07T14:00,2017-11-07,14,30.45,31.04,29.97,30.58,30.48,31.1,30.19,30.57,30.15,29.27
2017-11-07T15:00,2017-11-07,15,30.18,30.76,29.66,30.24,30.3,30.86,29.97,30.34,29.83,29.05
2017-11-07T16:00,2017-11-07,16,29.25,29.8,28.73,29.19,29.45,29.62,29.13,29.61,28.93,28.25
2017-11-07T17:00,2017-11-07,17,26.58,26.95,26.03,26.04,26.08,28.69,26.64,27.3,26.26,25.65
2017-11-07T18:00,2017-11-07,18,24.84,25.16,24.46,25.02,24.12,26.35,24.71,25.82,24.21,24.02
2017-11-07T19:00,2017-11-07,19,24.17,24.47,23.72,24.16,24.01,25.27,24.09,24.91,23.65,23.45
2017-11-07T20:00,2017-11-07,20,23.34,23.55,22.96,23.62,23.39,23.83,23.51,24.05,22.79,22.57
2017-11-07T21:00,2017-11-07,21,22.58,22.95,21.79,22.85,22.82,22.4,22.87,23.36,22.07,21.77
2017-11-07T22:00,2017-11-07,22,22.03,22.44,21.1,22.09,22.07,22.45,22.39,22.85,21.47,21.2
2017-11-07T23:00,2017-11-07,23,21.54,21.96,21.11,21.38,21.13,21.71,22.09,22.44,21.08,20.72
2017-11-08T00:00,2017-11-08,0,21.14,21.55,21.25,20.48,20.67,21.22,21.86,22.0,20.69,20.39
2017-11-08T01:00,2017-11-08,1,20.83,21.12,21.37,20.18,20.3,20.86,21.54,21.54,20.38,20.15
2017-11-08T02:00,2017-11-08,2,20.46,20.76,21.0,19.64,19.93,20.12,21.22,21.35,20.15,19.92
2017-11-08T03:00,2017-11-08,3,20.04,20.3,20.21,19.22,19.52,19.25,20.85,21.25,19.94,19.69
2017-11-08T04:00,2017-11-08,4,19.75,19.85,20.3,18.82,19.24,18.93,20.53,21.21,19.71,19.43
2017-11-08T05:00,2017-11-08,5,19.53,19.68,20.1,18.64,19.18,18.38,20.26,21.12,19.51,19.18
2017-11-08T06:00,2017-11-08,6,19.15,19.16,19.88,18.06,18.52,18.05,20.24,20.97,19.15,18.83
2017-11-08T07:00,2017-11-08,7,20.63,20.79,21.37,20.02,19.58,19.7,21.42,22.51,20.55,19.98
2017-11-08T08:00,2017-11-08,8,22.86,23.07,23.04,22.77,21.52,22.2,23.47,24.43,22.84,22.28
2017-11-08T09:00,2017-11-08,9,25.25,25.59,25.26,25.43,24.09,24.91,25.58,26.36,25.05,24.49
2017-11-08T10:00,2017-11-08,10,27.21,27.65,27.28,27.39,26.67,27.14,27.22,27.93,26.87,26.24
2017-11-08T11:00,2017-11-08,11,28.55,29.01,28.69,28.68,28.35,28.77,28.29,29.02,28.18,27.54
2017-11-08T12:00,2017-11-08,12,29.44,29.89,29.46,29.53,29.45,29.87,29.06,29.65,29.13,28.5
2017-11-08T13:00,2017-11-08,13,29.9,30.33,29.8,30.03,29.92,30.42,29.53,29.99,29.64,29.05
2017-11-08T14:00,2017-11-08,14,30.06,30.48,29.82,30.19,30.06,30.55,29.71,30.13,29.85,29.25
2017-11-08T15:00,2017-11-08,15,29.86,30.28,29.4,29.98,29.93,30.31,29.54,29.94,29.76,29.1
2017-11-08T16:00,2017-11-08,16,29.09,29.46,28.18,29.15,29.23,29.6,28.87,29.24,29.21,28.36
2017-11-08T17:00,2017-11-08,17,26.5,26.34,25.94,26.12,27.19,27.9,26.26,26.95,27.2,25.58
2017-11-08T18:00,2017-11-08,18,24.68,24.51,24.16,24.39,25.61,25.07,24.62,24.9,25.54,23.85
2017-11-08T19:00,2017-11-08,19,23.71,23.55,23.37,23.52,23.64,24.11,23.92,24.19,24.27,23.22
2017-11-08T20:00,2017-11-08,20,22.72,22.56,22.72,22.77,21.82,23.45,23.23,23.41,22.61,22.46
2017-11-08T21:00,2017-11-08,21,22.15,21.93,21.62,22.2,21.41,23.86,22.67,22.99,21.98,21.71
2017-11-08T22:00,2017-11-08,22,21.46,21.14,21.26,21.22,20.97,22.96,22.19,22.26,21.42,20.96
2017-11-08T23:00,2017-11-08,23,21.03,20.52,21.56,20.88,20.52,22.29,21.83,21.6,21.01,20.61
2017-11-09T00:00,2017-11-09,0,20.53,20.04,21.27,20.64,19.8,21.23,21.51,21.21,20.46,19.91
2017-11-09T01:00,2017-11-09,1,20.14,19.59,21.11,20.86,19.48,19.67,21.16,20.75,20.09,19.45
2017-11-09T02:00,2017-11-09,2,19.69,19.12,20.16,20.2,19.32,19.13,20.87,20.37,19.85,19.06
2017-11-09T03:00,2017-11-09,3,19.31,18.81,19.51,19.71,19.22,18.53,20.57,20.27,19.29,18.75
2017-11-09T04:00,2017-11-09,4,19.04,18.6,19.51,19.45,18.97,17.78,20.36,20.29,18.77,18.55
2017-11-09T05:00,2017-11-09,5,18.92,18.7,19.22,18.82,18.9,18.04,20.17,20.21,18.59,18.35
2017-11-09T06:00,2017-11-09,6,18.69,18.52,19.71,18.28,18.13,17.54,19.79,20.05,18.67,18.09
2017-11-09T07:00,2017-11-09,7,20.24,20.11,21.54,19.66,19.75,19.56,21.28,21.49,20.0,19.5
2017-11-09T08:00,2017-11-09,8,22.67,23.03,23.43,22.23,21.7,22.45,23.3,23.68,22.14,21.88
2017-11-09T09:00,2017-11-09,9,25.17,25.88,25.47,25.17,23.95,25.21,25.46,25.9,24.55,24.04
2017-11-09T10:00,2017-11-09,10,27.13,27.83,27.4,27.37,26.08,27.24,27.23,27.66,26.5,25.9
2017-11-09T11:00,2017-11-09,11,28.42,29.04,28.65,28.65,27.71,28.73,28.42,28.71,27.82,27.29
2017-11-09T12:00,2017-11-09,12,29.2,29.67,29.45,29.41,28.77,29.68,29.02,29.32,28.69,28.3
2017-11-09T13:00,2017-11-09,13,29.62,30.0,29.86,29.8,29.32,30.21,29.37,29.62,29.19,28.83
2017-11-09T14:00,2017-11-09,14,29.69,30.06,29.7,29.87,29.43,30.35,29.5,29.68,29.32,28.98
2017-11-09T15:00,2017-11-09,15,29.51,29.84,29.36,29.69,29.3,30.26,29.33,29.48,29.18,28.85
2017-11-09T16:00,2017-11-09,16,28.78,29.12,28.3,28.81,28.6,29.42,28.7,28.83,28.54,28.29
2017-11-09T17:00,2017-11-09,17,26.21,26.29,25.63,25.42,26.62,26.28,26.66,26.97,26.1,26.26
2017-11-09T18:00,2017-11-09,18,24.62,24.12,23.47,24.83,24.71,24.45,25.74,25.09,25.12,24.66
2017-11-09T19:00,2017-11-09,19,23.58,23.35,22.72,23.2,22.88,23.33,24.9,24.45,23.98,23.64
2017-11-09T20:00,2017-11-09,20,22.54,22.23,21.94,21.99,21.8,22.65,23.93,23.77,23.05,22.21
2017-11-09T21:00,2017-11-09,21,22.03,21.46,21.51,21.27,20.91,22.71,23.41,24.02,22.78,21.77
2017-11-09T22:00,2017-11-09,22,21.31,20.68,20.63,20.69,20.75,22.89,22.37,22.87,21.72,21.18
2017-11-09T23:00,2017-11-09,23,20.76,20.28,20.09,20.32,20.58,21.68,21.85,21.74,20.98,20.69
2017-11-10T00:00,2017-11-10,0,20.23,19.94,20.03,19.84,20.13,20.78,21.31,20.79,19.8,20.4
2017-11-10T01:00,2017-11-10,1,19.83,19.7,19.68,19.49,19.52,19.77,20.73,20.92,19.32,20.05
2017-11-10T02:00,2017-11-10,2,19.43,19.28,19.17,19.14,19.27,19.52,20.22,20.12,19.0,19.79
2017-11-10T03:00,2017-11-10,3,19.18,19.0,18.79,18.92,18.96,19.29,20.01,20.04,18.83,19.47
2017-11-10T04:00,2017-11-10,4,18.87,18.55,18.83,18.65,18.54,18.86,19.87,19.79,18.57,19.08
2017-11-10T05:00,2017-11-10,5,18.62,18.3,18.83,18.42,18.24,18.4,19.63,19.94,18.23,18.68
2017-11-10T06:00,2017-11-10,6,18.54,18.24,18.19,18.26,17.93,17.9,19.91,20.16,18.33,18.73
2017-11-10T07:00,2017-11-10,7,20.29,20.34,20.63,20.25,19.35,19.72,21.09,21.69,20.0,19.8
2017-11-10T08:00,2017-11-10,8,22.79,23.13,23.39,22.88,21.53,21.99,23.16,23.76,22.69,21.98
2017-11-10T09:00,2017-11-10,9,25.23,25.7,25.64,25.3,24.16,24.63,25.32,25.79,25.16,24.5
2017-11-10T10:00,2017-11-10,10,27.11,27.55,27.4,27.19,26.48,26.86,27.02,27.35,26.97,26.35
2017-11-10T11:00,2017-11-10,11,28.33,28.65,28.64,28.42,28.07,28.51,28.07,28.35,28.2,27.62
2017-11-10T12:00,2017-11-10,12,29.12,29.37,29.46,29.23,29.01,29.65,28.66,28.99,29.0,28.53
2017-11-10T13:00,2017-11-10,13,29.61,29.82,30.0,29.76,29.55,30.35,29.05,29.35,29.48,29.05
2017-11-10T14:00,2017-11-10,14,29.79,30.05,30.06,29.89,29.73,30.6,29.23,29.5,29.68,29.13
2017-11-10T15:00,2017-11-10,15,29.62,29.88,29.78,29.73,29.61,30.41,29.15,29.3,29.55,28.89
2017-11-10T16:00,2017-11-10,16,28.96,29.25,28.69,29.08,29.13,29.64,28.62,28.68,29.05,28.1
2017-11-10T17:00,2017-11-10,17,26.92,27.4,26.08,26.55,26.75,27.6,27.24,27.24,27.48,25.29
2017-11-10T18:00,2017-11-10,18,24.61,24.78,24.07,24.15,24.08,25.28,25.34,25.03,25.22,23.37
2017-11-10T19:00,2017-11-10,19,23.51,23.32,23.4,22.89,22.82,24.13,24.55,24.21,24.06,22.81
2017-11-10T20:00,2017-11-10,20,22.53,21.96,22.43,22.13,21.8,23.35,23.44,23.55,23.39,22.09
2017-11-10T21:00,2017-11-10,21,21.72,20.88,21.96,21.54,21.13,22.24,22.91,22.73,22.31,21.56
2017-11-10T22:00,2017-11-10,22,21.1,20.42,21.3,21.32,20.8,21.89,22.09,21.6,21.08,20.94
2017-11-10T23:00,2017-11-10,23,20.65,20.01,21.14,20.94,20.65,21.94,21.37,21.27,20.17,20.26
2017-11-11T00:00,2017-11-11,0,20.32,19.69,20.84,20.68,20.27,21.84,20.76,20.99,19.95,19.8
2017-11-11T01:00,2017-11-11,1,19.89,19.3,20.63,20.41,19.81,20.56,20.53,20.61,19.32,19.52
2017-11-11T02:00,2017-11-11,2,19.61,19.03,20.46,20.09,19.13,20.06,20.39,20.51,19.17,19.18
2017-11-11T03:00,2017-11-11,3,19.44,18.95,20.59,19.95,18.72,19.79,20.28,20.61,18.75,18.87
2017-11-11T04:00,2017-11-11,4,19.17,18.56,20.62,19.72,18.42,19.55,19.99,20.31,18.41,18.67
2017-11-11T05:00,2017-11-11,5,18.89,18.1,20.59,19.42,18.23,19.34,19.66,20.11,18.28,18.39
2017-11-11T06:00,2017-11-11,6,18.75,17.9,20.51,19.38,17.68,18.72,19.9,20.25,18.01,18.53
2017-11-11T07:00,2017-11-11,7,20.24,19.87,21.79,20.9,19.08,20.44,20.9,21.54,19.39,19.53
2017-11-11T08:00,2017-11-11,8,22.73,22.85,24.01,23.44,21.77,23.01,22.91,23.7,21.61,21.73
2017-11-11T09:00,2017-11-11,9,25.23,25.7,26.2,25.77,24.35,25.73,25.2,25.77,24.08,24.06
2017-11-11T10:00,2017-11-11,10,27.22,27.83,27.95,27.62,26.64,27.68,27.09,27.46,26.24,25.93
2017-11-11T11:00,2017-11-11,11,28.53,29.0,29.23,28.83,28.32,29.05,28.22,28.6,27.85,27.33
2017-11-11T12:00,2017-11-11,12,29.37,29.73,30.01,29.65,29.33,29.97,28.9,29.31,28.91,28.3
2017-11-11T13:00,2017-11-11,13,29.83,30.14,30.4,30.16,29.8,30.53,29.29,29.69,29.49,28.84
2017-11-11T14:00,2017-11-11,14,29.97,30.25,30.49,30.24,29.96,30.73,29.44,29.81,29.69,28.97
2017-11-11T15:00,2017-11-11,15,29.75,30.04,29.97,29.91,29.81,30.58,29.36,29.62,29.56,28.76
2017-11-11T16:00,2017-11-11,16,28.91,29.18,28.83,28.9,29.02,29.8,28.77,28.81,28.89,27.9
2017-11-11T17:00,2017-11-11,17,26.21,26.11,26.36,26.1,25.67,27.12,26.43,26.91,26.57,25.3
2017-11-11T18:00,2017-11-11,18,24.28,23.7,24.61,23.86,23.56,24.83,25.3,25.37,24.65,24.13
2017-11-11T19:00,2017-11-11,19,23.48,22.87,24.33,23.08,23.2,24.37,24.04,24.61,23.48,23.23
2017-11-11T20:00,2017-11-11,20,22.64,22.07,23.66,22.41,22.21,23.94,23.24,23.56,22.21,22.39
2017-11-11T21:00,2017-11-11,21,21.94,21.39,22.98,22.07,21.35,22.86,22.81,23.35,21.24,21.38
2017-11-11T22:00,2017-11-11,22,21.4,20.87,22.34,21.64,20.71,22.07,22.21,23.12,21.1,20.42
2017-11-11T23:00,2017-11-11,23,21.0,20.39,22.07,21.3,20.29,21.77,21.55,22.54,21.19,19.76
2017-11-12T00:00,2017-11-12,0,20.54,19.88,21.73,20.88,19.89,22.06,21.26,22.27,20.14,19.17
2017-11-12T01:00,2017-11-12,1,20.16,19.52,21.36,20.55,19.71,21.51,21.23,21.97,19.57,18.48
2017-11-12T02:00,2017-11-12,2,19.84,19.26,21.12,20.07,19.32,20.73,21.05,22.1,19.25,18.11
2017-11-12T03:00,2017-11-12,3,19.61,19.18,20.98,19.92,19.12,20.0,20.92,21.74,18.85,17.78
2017-11-12T04:00,2017-11-12,4,19.32,19.04,20.64,19.65,18.67,19.74,20.76,21.51,18.4,17.27
2017-11-12T05:00,2017-11-12,5,19.16,19.0,20.36,19.52,18.53,19.28,20.63,21.53,18.17,16.99
2017-11-12T06:00,2017-11-12,6,19.02,18.58,20.53,19.07,18.47,19.44,20.64,21.16,18.26,17.08
2017-11-12T07:00,2017-11-12,7,20.4,20.18,21.92,20.72,19.88,20.95,21.37,22.21,19.57,18.41
2017-11-12T08:00,2017-11-12,8,22.82,22.95,24.2,23.33,22.18,23.26,23.15,24.13,21.98,20.95
2017-11-12T09:00,2017-11-12,9,25.23,25.55,26.37,25.81,24.57,25.78,25.19,26.07,24.48,23.39
2017-11-12T10:00,2017-11-12,10,27.12,27.5,28.15,27.65,26.55,27.81,26.99,27.56,26.53,25.27
2017-11-12T11:00,2017-11-12,11,28.4,28.76,29.41,28.9,27.96,29.13,28.25,28.68,27.82,26.64
2017-11-12T12:00,2017-11-12,12,29.22,29.59,30.26,29.72,28.85,29.98,29.02,29.45,28.59,27.49
2017-11-12T13:00,2017-11-12,13,29.68,30.07,30.59,30.19,29.4,30.48,29.43,29.92,28.99,28.03
2017-11-12T14:00,2017-11-12,14,29.84,30.29,30.45,30.31,29.62,30.63,29.61,30.12,29.11,28.26
2017-11-12T15:00,2017-11-12,15,29.66,30.15,29.91,30.11,29.5,30.47,29.53,29.93,28.92,28.1
2017-11-12T16:00,2017-11-12,16,28.87,29.32,28.75,29.19,28.81,29.59,28.94,29.32,28.23,27.43
2017-11-12T17:00,2017-11-12,17,26.25,26.48,26.49,26.39,26.19,26.17,26.51,27.28,25.84,25.05
2017-11-12T18:00,2017-11-12,18,24.18,24.15,24.58,24.44,23.83,24.44,24.55,25.29,23.34,23.74
2017-11-12T19:00,2017-11-12,19,23.71,23.83,24.16,23.83,23.59,24.36,24.18,24.89,22.82,22.53
2017-11-12T20:00,2017-11-12,20,23.01,23.16,23.35,23.19,23.05,23.7,23.44,24.19,22.12,21.64
2017-11-12T21:00,2017-11-12,21,22.46,22.83,22.71,22.66,22.44,22.73,22.93,23.67,21.4,21.04
2017-11-12T22:00,2017-11-12,22,22.05,22.59,22.28,22.12,21.66,22.28,22.65,23.37,20.83,20.67
2017-11-12T23:00,2017-11-12,23,21.69,22.3,22.36,21.97,21.24,21.71,22.29,23.15,20.2,19.91
2017-11-13T00:00,2017-11-13,0,21.33,21.84,22.22,21.66,20.87,21.1,22.02,22.91,19.82,19.62
2017-11-13T01:00,2017-11-13,1,20.99,21.36,21.97,21.31,20.65,21.14,21.67,22.71,19.58,19.08
2017-11-13T02:00,2017-11-13,2,20.7,20.89,22.02,21.21,20.32,21.02,21.46,22.58,19.03,18.85
2017-11-13T03:00,2017-11-13,3,20.32,20.3,21.68,21.08,20.18,20.22,21.16,22.49,18.64,18.51
2017-11-13T04:00,2017-11-13,4,19.97,19.74,21.33,20.92,19.69,20.19,20.79,22.37,18.36,18.23
2017-11-13T05:00,2017-11-13,5,19.76,19.58,21.16,21.05,19.25,19.77,20.41,22.29,18.14,17.88
2017-11-13T06:00,2017-11-13,6,19.9,19.6,21.3,21.43,19.15,20.14,20.57,22.51,18.06,18.31
2017-11-13T07:00,2017-11-13,7,20.96,20.79,22.6,22.16,20.23,21.77,21.21,23.05,19.24,19.34
2017-11-13T08:00,2017-11-13,8,23.02,23.08,24.84,23.86,22.2,24.05,22.8,24.56,21.7,21.37
2017-11-13T09:00,2017-11-13,9,25.22,25.42,26.95,25.93,24.35,26.15,24.71,26.38,24.24,23.56
2017-11-13T10:00,2017-11-13,10,26.94,27.18,28.66,27.58,26.17,27.92,26.36,27.89,26.11,25.23
2017-11-13T11:00,2017-11-13,11,28.18,28.38,29.89,28.85,27.64,29.2,27.67,28.95,27.26,26.49
2017-11-13T12:00,2017-11-13,12,29.0,29.23,30.53,29.73,28.45,30.08,28.46,29.71,28.0,27.38
2017-11-13T13:00,2017-11-13,13,29.48,29.75,30.66,30.26,28.91,30.65,28.95,30.19,28.5,27.9
2017-11-13T14:00,2017-11-13,14,29.62,29.93,30.37,30.42,29.08,30.85,29.11,30.32,28.71,28.1
2017-11-13T15:00,2017-11-13,15,29.38,29.67,29.96,30.18,28.94,30.66,28.97,30.11,28.44,27.93
2017-11-13T16:00,2017-11-13,16,28.59,28.79,29.0,29.31,28.23,29.77,28.25,29.41,27.76,27.3
2017-11-13T17:00,2017-11-13,17,25.99,25.79,26.77,26.53,25.56,27.77,25.66,27.07,25.42,24.89
2017-11-13T18:00,2017-11-13,18,24.3,24.05,25.12,24.96,23.92,26.26,24.15,25.59,23.46,23.01
2017-11-13T19:00,2017-11-13,19,23.9,23.6,24.89,24.75,23.68,24.76,23.77,25.33,23.3,22.65
2017-11-13T20:00,2017-11-13,20,23.29,22.98,24.25,24.12,23.05,23.72,23.45,24.66,22.81,21.89
2017-11-13T21:00,2017-11-13,21,22.64,22.47,23.77,23.5,22.35,22.86,22.72,24.23,22.09,21.0
2017-11-13T22:00,2017-11-13,22,21.98,21.89,23.35,22.83,21.71,22.08,21.93,23.75,20.97,20.59
2017-11-13T23:00,2017-11-13,23,21.4,21.19,22.95,22.17,21.17,21.53,21.46,23.22,20.29,20.25
2017-11-14T00:00,2017-11-14,0,20.87,20.71,22.56,21.77,20.63,20.78,21.06,22.79,19.23,19.81
2017-11-14T01:00,2017-11-14,1,20.51,20.39,22.25,21.45,20.11,20.53,20.75,22.56,18.64,19.52
2017-11-14T02:00,2017-11-14,2,20.21,19.99,21.99,21.24,19.62,20.18,20.57,22.4,18.43,19.24
2017-11-14T03:00,2017-11-14,3,19.88,19.51,21.74,21.04,19.17,19.57,20.39,22.23,18.2,18.9
2017-11-14T04:00,2017-11-14,4,19.65,19.52,21.87,20.92,18.73,19.19,20.26,22.09,17.5,18.33
2017-11-14T05:00,2017-11-14,5,19.51,19.41,22.07,20.85,18.73,18.83,20.08,21.95,17.2,18.02
2017-11-14T06:00,2017-11-14,6,19.66,19.42,22.05,20.91,18.84,19.07,20.33,21.97,17.78,18.19
2017-11-14T07:00,2017-11-14,7,20.87,20.8,23.5,22.04,20.33,20.76,21.23,22.84,18.85,19.04
2017-11-14T08:00,2017-11-14,8,22.96,23.21,25.75,24.1,22.36,23.06,22.92,24.43,20.77,21.02
2017-11-14T09:00,2017-11-14,9,25.16,25.55,27.66,26.14,24.61,25.77,24.88,26.2,23.02,23.29
2017-11-14T10:00,2017-11-14,10,27.04,27.43,29.27,27.94,26.65,27.92,26.54,27.73,25.1,25.32
2017-11-14T11:00,2017-11-14,11,28.42,28.8,30.44,29.27,28.19,29.44,27.69,28.91,26.72,26.83
2017-11-14T12:00,2017-11-14,12,29.39,29.81,31.06,30.26,29.26,30.37,28.6,29.77,27.85,27.85
2017-11-14T13:00,2017-11-14,13,29.95,30.41,31.21,30.86,29.88,30.98,29.12,30.16,28.55,28.49
2017-11-14T14:00,2017-11-14,14,30.14,30.65,30.95,30.99,30.16,31.04,29.38,30.41,28.92,28.67
2017-11-14T15:00,2017-11-14,15,29.92,30.52,29.98,30.78,29.98,30.61,29.35,30.34,28.94,28.4
2017-11-14T16:00,2017-11-14,16,29.23,29.79,29.01,29.96,29.33,29.75,29.0,29.84,28.59,27.4
2017-11-14T17:00,2017-11-14,17,27.12,27.25,27.23,27.47,27.09,27.57,27.25,28.88,27.39,24.68
2017-11-14T18:00,2017-11-14,18,25.43,25.97,26.11,26.08,24.35,25.57,25.72,27.13,24.86,22.91
2017-11-14T19:00,2017-11-14,19,24.88,25.48,26.15,25.71,23.63,24.67,25.37,26.56,23.64,22.41
2017-11-14T20:00,2017-11-14,20,24.36,24.98,26.24,25.3,23.12,23.97,24.96,26.13,22.76,21.7
2017-11-14T21:00,2017-11-14,21,23.93,24.2,26.28,24.85,22.96,23.71,24.51,25.89,22.59,21.06
2017-11-14T22:00,2017-11-14,22,23.48,23.96,25.26,24.46,22.65,23.28,24.25,25.33,21.86,20.51
2017-11-14T23:00,2017-11-14,23,23.08,23.77,25.24,23.8,22.34,22.3,23.87,24.76,21.48,19.99
2017-11-15T00:00,2017-11-15,0,22.82,23.64,25.02,23.5,21.74,22.17,23.57,24.42,21.33,19.49
2017-11-15T01:00,2017-11-15,1,22.48,23.25,24.74,23.26,21.14,22.1,23.22,24.01,21.09,19.08
2017-11-15T02:00,2017-11-15,2,22.22,22.99,24.54,23.06,21.13,21.39,22.98,23.76,20.98,18.61
2017-11-15T03:00,2017-11-15,3,21.97,22.67,23.66,22.79,21.27,21.42,22.74,23.82,20.7,18.46
2017-11-15T04:00,2017-11-15,4,21.79,22.57,23.28,22.52,21.36,21.18,22.63,23.77,20.51,18.06
2017-11-15T05:00,2017-11-15,5,21.7,22.46,23.1,22.48,21.26,20.94,22.46,23.72,20.75,17.79
2017-11-15T06:00,2017-11-15,6,21.49,22.19,23.09,22.67,20.66,21.02,22.22,23.4,20.09,17.85
2017-11-15T07:00,2017-11-15,7,22.2,22.85,24.25,23.25,21.34,22.21,22.51,23.96,20.8,18.68
2017-11-15T08:00,2017-11-15,8,23.41,24.05,26.01,24.55,22.44,23.61,23.16,24.92,21.49,20.66
2017-11-15T09:00,2017-11-15,9,24.61,25.3,27.61,25.93,23.22,25.01,23.93,25.91,22.34,22.4
2017-11-15T10:00,2017-11-15,10,25.63,26.28,28.58,27.05,24.1,25.97,24.39,26.72,23.31,24.24
2017-11-15T11:00,2017-11-15,11,26.41,27.23,29.24,27.97,24.69,27.66,24.66,26.76,23.86,25.23
2017-11-15T12:00,2017-11-15,12,26.64,27.32,29.53,28.1,25.0,28.43,24.92,26.78,24.15,25.49
2017-11-15T13:00,2017-11-15,13,26.59,27.1,29.33,27.94,25.53,28.31,24.84,26.59,24.35,25.61
2017-11-15T14:00,2017-11-15,14,26.27,26.58,28.36,27.49,25.8,28.21,24.74,25.9,24.32,25.5
2017-11-15T15:00,2017-11-15,15,25.74,25.79,27.64,26.89,25.46,27.65,24.5,25.34,23.98,25.24
2017-11-15T16:00,2017-11-15,16,25.04,24.96,27.23,26.01,24.77,26.45,24.05,24.8,23.44,24.67
2017-11-15T17:00,2017-11-15,17,24.21,24.05,26.54,24.87,23.96,25.16,23.62,24.19,23.05,23.53
2017-11-15T18:00,2017-11-15,18,23.14,22.89,25.3,23.43,22.83,24.45,22.94,23.64,22.13,22.25
2017-11-15T19:00,2017-11-15,19,22.89,22.6,24.97,22.87,22.72,24.08,22.74,23.29,22.06,22.26
2017-11-15T20:00,2017-11-15,20,22.55,22.33,24.43,22.47,22.22,23.43,22.51,23.01,21.93,21.85
2017-11-15T21:00,2017-11-15,21,22.27,22.14,24.08,22.2,21.9,22.8,22.26,22.86,21.7,21.53
2017-11-15T22:00,2017-11-15,22,21.99,21.87,23.78,21.96,21.73,22.39,22.01,22.75,21.57,20.94
2017-11-15T23:00,2017-11-15,23,21.79,21.59,23.74,21.8,21.54,21.94,21.91,22.51,21.53,20.66
2017-11-16T00:00,2017-11-16,0,21.61,21.33,23.53,21.64,21.46,21.67,21.76,22.31,21.46,20.42
2017-11-16T01:00,2017-11-16,1,21.42,21.09,23.31,21.39,21.32,21.6,21.51,22.26,21.26,20.35
2017-11-16T02:00,2017-11-16,2,21.21,20.8,22.99,21.15,21.08,21.66,21.38,22.14,21.03,20.22
2017-11-16T03:00,2017-11-16,3,21.04,20.67,22.54,21.07,20.99,21.49,21.21,21.94,20.84,20.11
2017-11-16T04:00,2017-11-16,4,20.94,20.68,22.26,21.0,20.77,21.26,21.09,21.78,20.84,19.88
2017-11-16T05:00,2017-11-16,5,20.89,20.66,22.16,21.04,20.97,21.24,21.0,21.74,20.86,19.49
2017-11-16T06:00,2017-11-16,6,20.61,20.45,21.75,20.84,20.5,20.85,20.83,21.64,20.43,19.21
2017-11-16T07:00,2017-11-16,7,21.05,20.83,22.49,21.36,20.88,21.26,21.03,22.0,20.8,19.94
2017-11-16T08:00,2017-11-16,8,21.76,21.5,24.06,22.44,21.09,22.23,21.45,22.5,21.09,20.72
2017-11-16T09:00,2017-11-16,9,22.66,22.28,25.65,23.59,21.88,23.62,21.82,23.16,21.7,21.85
2017-11-16T10:00,2017-11-16,10,23.39,22.98,27.25,24.31,22.4,24.8,22.28,23.68,22.05,22.7
2017-11-16T11:00,2017-11-16,11,23.94,23.44,28.07,24.83,22.75,25.29,23.02,24.35,22.53,23.24
2017-11-16T12:00,2017-11-16,12,24.45,24.07,28.6,25.67,23.06,25.65,23.21,25.14,23.11,23.39
2017-11-16T13:00,2017-11-16,13,24.68,24.2,28.87,26.23,23.08,26.1,23.25,25.1,23.59,23.56
2017-11-16T14:00,2017-11-16,14,24.62,24.09,28.71,26.09,23.1,26.03,23.25,24.96,23.67,23.51
2017-11-16T15:00,2017-11-16,15,24.36,23.87,27.61,25.78,22.91,25.53,23.4,24.92,23.61,23.26
2017-11-16T16:00,2017-11-16,16,23.97,23.5,27.02,25.32,22.62,24.63,23.23,24.74,23.23,22.93
2017-11-16T17:00,2017-11-16,17,23.36,22.97,25.98,24.62,22.28,23.84,22.84,24.19,22.59,22.24
2017-11-16T18:00,2017-11-16,18,22.39,21.64,24.97,23.45,21.49,22.89,21.97,23.31,21.6,22.24
2017-11-16T19:00,2017-11-16,19,22.33,21.61,24.7,23.18,21.4,22.83,21.95,23.4,21.74,22.19
2017-11-16T20:00,2017-11-16,20,22.13,21.41,24.48,23.06,21.45,22.64,21.78,23.32,21.54,21.63
2017-11-16T21:00,2017-11-16,21,21.93,21.2,24.35,22.89,21.27,22.45,21.7,23.21,21.24,21.23
2017-11-16T22:00,2017-11-16,22,21.76,21.1,24.03,22.76,21.18,22.34,21.62,23.21,20.92,20.92
2017-11-16T23:00,2017-11-16,23,21.61,21.0,23.74,22.66,21.08,22.28,21.49,22.97,20.69,20.73
2017-11-17T00:00,2017-11-17,0,21.54,20.96,23.88,22.48,20.91,22.21,21.38,22.93,20.66,20.6
2017-11-17T01:00,2017-11-17,1,21.43,20.97,23.45,22.26,20.88,22.05,21.27,22.8,20.59,20.42
2017-11-17T02:00,2017-11-17,2,21.3,20.86,23.25,22.18,20.92,22.08,21.11,22.68,20.5,20.0
2017-11-17T03:00,2017-11-17,3,21.17,20.85,22.94,22.09,20.65,21.96,21.06,22.59,20.22,19.89
2017-11-17T04:00,2017-11-17,4,21.06,20.8,22.9,22.04,20.38,21.88,21.03,22.48,20.02,19.56
2017-11-17T05:00,2017-11-17,5,21.02,20.86,22.98,22.05,20.18,21.7,20.99,22.39,19.99,19.35
2017-11-17T06:00,2017-11-17,6,20.65,20.64,22.48,21.57,20.28,21.08,20.86,22.44,19.2,18.68
2017-11-17T07:00,2017-11-17,7,21.34,21.28,23.25,22.09,21.06,21.76,21.27,22.87,20.09,19.77
2017-11-17T08:00,2017-11-17,8,22.34,22.06,24.51,23.14,22.23,23.17,21.89,23.42,21.31,21.08
2017-11-17T09:00,2017-11-17,9,23.72,23.31,26.44,24.46,23.46,24.51,22.92,24.09,22.92,23.01
2017-11-17T10:00,2017-11-17,10,25.16,24.8,27.54,25.75,25.17,25.96,24.14,25.42,24.4,24.75
2017-11-17T11:00,2017-11-17,11,26.3,26.19,27.18,26.73,26.45,26.98,25.56,26.77,25.68,26.12
2017-11-17T12:00,2017-11-17,12,27.18,26.92,27.74,27.72,27.38,27.51,26.54,27.85,26.9,27.03
2017-11-17T13:00,2017-11-17,13,27.85,27.66,28.39,28.74,28.16,27.84,26.91,27.95,27.81,27.58
2017-11-17T14:00,2017-11-17,14,27.87,27.96,28.38,28.77,28.43,27.76,26.56,26.42,27.92,27.88
2017-11-17T15:00,2017-11-17,15,27.64,27.87,27.95,28.26,28.22,27.63,26.57,25.66,27.7,27.73
2017-11-17T16:00,2017-11-17,16,27.21,27.53,27.76,27.63,27.76,27.31,26.09,25.11,27.25,27.18
2017-11-17T17:00,2017-11-17,17,26.04,26.29,26.88,26.34,26.55,26.15,25.1,24.68,25.99,25.67
2017-11-17T18:00,2017-11-17,18,24.04,23.74,24.63,24.19,24.29,23.99,23.98,24.07,23.85,24.31
2017-11-17T19:00,2017-11-17,19,23.94,23.71,24.44,24.44,24.1,24.15,23.93,24.38,23.53,23.53
2017-11-17T20:00,2017-11-17,20,23.59,23.45,24.13,24.22,23.24,23.88,23.64,24.14,23.38,22.82
2017-11-17T21:00,2017-11-17,21,23.25,23.29,23.9,23.81,23.49,23.2,23.36,23.82,22.91,21.86
2017-11-17T22:00,2017-11-17,22,22.97,22.93,23.84,23.48,22.8,23.15,23.23,23.65,22.55,21.64
2017-11-17T23:00,2017-11-17,23,22.72,22.9,23.77,23.21,22.56,22.95,22.78,23.58,22.05,21.15
2017-11-18T00:00,2017-11-18,0,22.38,22.34,24.07,22.86,22.06,22.57,22.46,23.2,21.78,20.88
2017-11-18T01:00,2017-11-18,1,22.15,22.15,23.49,22.85,21.65,22.44,22.44,22.97,21.61,20.32
2017-11-18T02:00,2017-11-18,2,21.93,21.98,22.94,22.74,21.86,21.63,22.3,22.76,21.38,20.13
2017-11-18T03:00,2017-11-18,3,21.77,21.85,22.79,22.51,21.58,21.62,22.38,23.09,21.03,19.73
2017-11-18T04:00,2017-11-18,4,21.71,21.89,22.65,22.5,21.33,21.6,22.38,23.14,20.78,19.55
2017-11-18T05:00,2017-11-18,5,21.61,21.8,22.45,22.58,21.17,21.66,22.38,23.09,20.61,19.29
2017-11-18T06:00,2017-11-18,6,21.55,21.74,22.21,22.15,21.22,21.61,22.09,22.72,21.0,19.5
2017-11-18T07:00,2017-11-18,7,22.47,22.72,23.43,23.0,22.28,22.7,22.74,23.48,21.82,20.42
2017-11-18T08:00,2017-11-18,8,24.04,24.33,25.16,24.45,23.9,24.23,23.93,24.75,23.49,22.35
2017-11-18T09:00,2017-11-18,9,25.78,26.05,26.88,26.18,25.68,26.01,25.36,26.13,25.32,24.45
2017-11-18T10:00,2017-11-18,10,27.17,27.38,28.25,27.57,27.09,27.41,26.71,27.5,26.6,26.13
2017-11-18T11:00,2017-11-18,11,28.19,28.38,29.23,28.66,28.01,28.42,27.84,28.4,27.51,27.36
2017-11-18T12:00,2017-11-18,12,28.87,29.03,29.81,29.29,28.71,29.16,28.45,28.96,28.32,28.18
2017-11-18T13:00,2017-11-18,13,29.24,29.41,29.92,29.59,29.13,29.51,28.79,29.28,28.91,28.57
2017-11-18T14:00,2017-11-18,14,29.3,29.47,29.8,29.66,29.24,29.49,28.9,29.38,29.05,28.61
2017-11-18T15:00,2017-11-18,15,29.08,29.19,29.3,29.43,29.05,29.33,28.71,29.33,28.95,28.48
2017-11-18T16:00,2017-11-18,16,28.37,28.43,28.32,28.78,28.27,28.64,28.19,28.87,28.0,28.08
2017-11-18T17:00,2017-11-18,17,26.6,26.63,26.59,26.82,26.43,26.98,26.75,27.24,26.62,25.69
2017-11-18T18:00,2017-11-18,18,25.27,25.31,25.55,25.6,25.15,25.29,25.27,26.11,25.1,24.42
2017-11-18T19:00,2017-11-18,19,25.07,25.15,25.38,25.49,25.05,25.12,25.13,25.82,24.83,23.96
2017-11-18T20:00,2017-11-18,20,24.47,24.52,24.87,24.95,24.64,24.39,24.59,25.2,24.27,23.08
2017-11-18T21:00,2017-11-18,21,23.94,23.8,24.37,24.49,24.35,23.93,24.07,24.86,23.77,22.67
2017-11-18T22:00,2017-11-18,22,23.49,23.39,24.05,24.14,23.58,23.45,23.56,24.4,23.34,22.15
2017-11-18T23:00,2017-11-18,23,23.18,23.07,23.81,23.77,23.19,23.6,23.21,24.0,22.95,21.78
2017-11-19T00:00,2017-11-19,0,22.8,22.75,23.41,23.37,22.66,23.38,23.05,23.57,22.58,21.1
2017-11-19T01:00,2017-11-19,1,22.51,22.58,23.1,23.03,22.35,23.0,22.87,23.34,22.24,20.6
2017-11-19T02:00,2017-11-19,2,22.28,22.46,22.81,22.76,22.06,22.51,22.7,23.13,21.96,20.38
2017-11-19T03:00,2017-11-19,3,22.05,22.31,22.54,22.51,21.91,21.97,22.5,23.05,21.6,20.16
2017-11-19T04:00,2017-11-19,4,21.85,22.17,22.39,22.25,21.57,21.73,22.34,22.85,21.39,19.95
2017-11-19T05:00,2017-11-19,5,21.7,22.0,22.4,22.22,21.34,21.66,22.21,22.69,21.08,19.79
2017-11-19T06:00,2017-11-19,6,21.73,22.19,22.15,22.22,21.62,21.87,22.55,22.67,21.4,18.73
2017-11-19T07:00,2017-11-19,7,22.83,23.35,23.34,23.29,22.59,23.19,23.45,23.79,22.31,19.93
2017-11-19T08:00,2017-11-19,8,24.44,24.81,25.09,25.13,23.97,24.83,24.62,25.23,23.91,22.32
2017-11-19T09:00,2017-11-19,9,26.07,26.16,27.0,26.87,25.24,26.19,25.94,26.72,25.86,24.7
2017-11-19T10:00,2017-11-19,10,27.45,27.46,28.41,28.09,26.96,27.35,27.12,27.82,27.49,26.41
2017-11-19T11:00,2017-11-19,11,28.46,28.45,29.47,28.9,28.18,28.41,28.04,28.71,28.56,27.56
2017-11-19T12:00,2017-11-19,12,29.0,28.94,30.0,29.22,28.96,29.05,28.52,29.17,29.18,28.26
2017-11-19T13:00,2017-11-19,13,29.32,29.38,30.12,29.33,29.33,29.39,28.94,29.27,29.45,28.71
2017-11-19T14:00,2017-11-19,14,29.34,29.49,29.81,29.35,29.43,29.33,28.95,29.13,29.54,28.81
2017-11-19T15:00,2017-11-19,15,28.97,29.01,29.11,29.03,29.1,28.9,28.6,28.83,29.35,28.66
2017-11-19T16:00,2017-11-19,16,28.27,28.32,28.2,28.39,28.23,27.9,28.15,28.25,28.74,27.91
2017-11-19T17:00,2017-11-19,17,26.47,26.57,26.77,26.97,25.87,26.33,26.88,26.96,26.16,25.61
2017-11-19T18:00,2017-11-19,18,25.16,25.17,25.81,25.68,24.51,25.68,25.88,25.95,24.29,23.98
2017-11-19T19:00,2017-11-19,19,24.67,24.61,25.75,25.35,23.99,25.26,25.22,25.69,23.65,23.37
2017-11-19T20:00,2017-11-19,20,24.05,23.91,25.29,24.93,23.38,24.51,24.68,25.18,22.92,22.66
2017-11-19T21:00,2017-11-19,21,23.45,23.13,24.98,24.62,22.77,24.09,24.02,24.81,22.3,21.84
2017-11-19T22:00,2017-11-19,22,22.93,22.45,24.58,24.15,22.36,23.88,23.53,24.49,21.93,21.02
2017-11-19T23:00,2017-11-19,23,22.33,21.72,24.11,23.54,21.78,22.94,23.06,24.11,21.44,20.5
2017-11-20T00:00,2017-11-20,0,21.83,21.03,23.76,22.95,21.25,22.3,22.58,23.73,21.09,20.29
2017-11-20T01:00,2017-11-20,1,21.35,20.56,23.37,22.37,20.61,21.79,21.99,23.32,20.58,20.08
2017-11-20T02:00,2017-11-20,2,20.94,20.21,23.01,21.69,20.09,21.67,21.42,22.83,20.1,19.92
2017-11-20T03:00,2017-11-20,3,20.57,19.69,22.75,20.91,19.71,20.94,21.17,22.35,20.27,19.93
2017-11-20T04:00,2017-11-20,4,20.28,19.63,22.61,20.42,19.36,20.81,20.77,22.07,19.72,19.52
2017-11-20T05:00,2017-11-20,5,19.96,19.38,22.41,20.18,19.1,20.62,20.61,21.87,19.33,18.44
2017-11-20T06:00,2017-11-20,6,19.65,19.03,21.83,20.13,18.55,20.24,20.51,21.66,18.97,18.23
2017-11-20T07:00,2017-11-20,7,20.84,20.38,22.73,21.44,19.97,21.28,21.46,22.65,20.07,19.49
2017-11-20T08:00,2017-11-20,8,23.11,22.98,24.42,23.63,22.56,22.8,23.4,24.38,22.77,21.82
2017-11-20T09:00,2017-11-20,9,25.35,25.51,26.02,25.68,24.99,24.61,25.53,26.12,25.36,24.15
2017-11-20T10:00,2017-11-20,10,27.06,27.35,27.38,27.23,26.81,26.58,27.2,27.43,27.21,25.85
2017-11-20T11:00,2017-11-20,11,28.14,28.45,28.3,28.19,27.96,27.77,28.29,28.23,28.37,27.07
2017-11-20T12:00,2017-11-20,12,28.81,29.06,28.91,28.83,28.63,28.56,28.92,28.76,29.07,28.01
2017-11-20T13:00,2017-11-20,13,29.16,29.37,29.27,29.12,28.87,28.95,29.25,29.04,29.5,28.53
2017-11-20T14:00,2017-11-20,14,29.25,29.39,29.36,29.13,28.94,29.14,29.36,29.04,29.68,28.76
2017-11-20T15:00,2017-11-20,15,28.96,29.1,28.82,28.76,28.75,28.93,29.15,28.66,29.42,28.52
2017-11-20T16:00,2017-11-20,16,28.04,28.15,27.75,27.82,27.86,28.04,28.41,27.79,28.42,27.64
2017-11-20T17:00,2017-11-20,17,25.51,25.67,25.21,25.04,26.58,25.13,25.98,25.55,25.55,24.8
2017-11-20T18:00,2017-11-20,18,24.2,24.6,24.23,23.68,23.78,23.83,25.48,24.24,24.07,23.13
2017-11-20T19:00,2017-11-20,19,23.45,23.71,23.83,22.79,23.35,23.33,25.07,23.53,22.98,22.26
2017-11-20T20:00,2017-11-20,20,22.68,22.99,23.06,22.14,22.0,22.63,24.25,23.0,21.86,21.92
2017-11-20T21:00,2017-11-20,21,22.18,22.43,22.41,21.74,22.04,21.76,23.9,22.5,21.19,21.45
2017-11-20T22:00,2017-11-20,22,21.44,21.46,21.81,21.37,20.9,21.21,22.51,22.06,20.97,20.88
2017-11-20T23:00,2017-11-20,23,20.92,20.71,21.31,20.96,20.6,20.87,21.92,21.65,20.65,20.32
2017-11-21T00:00,2017-11-21,0,20.57,20.18,20.92,20.42,20.66,20.73,21.29,21.5,20.57,20.1
2017-11-21T01:00,2017-11-21,1,20.29,19.85,20.63,20.13,19.93,21.13,20.97,21.13,20.37,19.87
2017-11-21T02:00,2017-11-21,2,20.0,19.59,20.34,19.9,19.36,20.45,20.73,21.0,20.25,19.45
2017-11-21T03:00,2017-11-21,3,19.76,19.3,20.17,19.78,19.27,19.6,20.85,20.92,20.06,18.99
2017-11-21T04:00,2017-11-21,4,19.56,18.9,20.11,19.65,19.04,19.22,20.95,21.14,19.92,18.66
2017-11-21T05:00,2017-11-21,5,19.33,18.58,19.99,19.46,18.8,19.08,20.9,21.06,19.66,18.27
2017-11-21T06:00,2017-11-21,6,19.16,18.65,19.7,19.4,18.79,18.97,20.74,21.08,18.98,17.79
2017-11-21T07:00,2017-11-21,7,20.18,19.99,20.87,20.7,20.1,19.92,21.14,21.92,19.71,18.42
2017-11-21T08:00,2017-11-21,8,22.29,22.53,23.04,22.95,22.23,22.06,22.64,23.75,21.68,20.08
2017-11-21T09:00,2017-11-21,9,24.27,24.68,25.12,25.14,23.94,24.2,24.29,25.57,23.57,21.93
2017-11-21T10:00,2017-11-21,10,25.83,26.26,26.74,26.85,25.3,26.0,25.75,26.9,25.05,23.55
2017-11-21T11:00,2017-11-21,11,26.93,27.35,27.81,27.87,26.35,27.22,26.87,27.79,26.19,24.81
2017-11-21T12:00,2017-11-21,12,27.7,28.11,28.44,28.47,27.19,28.09,27.66,28.4,27.04,25.78
2017-11-21T13:00,2017-11-21,13,28.12,28.44,28.82,28.8,27.7,28.51,28.06,28.69,27.58,26.42
2017-11-21T14:00,2017-11-21,14,28.21,28.48,28.89,28.77,27.83,28.66,28.12,28.71,27.72,26.72
2017-11-21T15:00,2017-11-21,15,27.93,28.12,28.58,28.48,27.58,28.49,27.78,28.43,27.45,26.65
2017-11-21T16:00,2017-11-21,16,26.96,27.02,27.6,27.6,26.51,27.63,26.81,27.58,26.44,25.92
2017-11-21T17:00,2017-11-21,17,23.96,23.78,25.0,24.42,23.2,24.61,24.03,24.74,23.48,23.21
2017-11-21T18:00,2017-11-21,18,22.46,22.08,23.6,22.88,22.06,23.86,22.66,23.07,21.78,21.73
2017-11-21T19:00,2017-11-21,19,22.15,21.81,23.61,22.57,21.86,23.18,22.32,22.69,21.36,21.45
2017-11-21T20:00,2017-11-21,20,21.45,21.06,22.89,22.1,21.4,22.08,21.53,22.12,20.65,20.68
2017-11-21T21:00,2017-11-21,21,20.84,20.44,22.34,21.59,20.82,21.49,20.85,21.6,20.01,19.98
2017-11-21T22:00,2017-11-21,22,20.34,19.88,21.9,21.22,20.27,20.96,20.55,21.3,19.36,19.31
2017-11-21T23:00,2017-11-21,23,19.85,19.51,21.45,20.87,19.78,20.3,20.05,20.91,18.68,18.7
2017-11-22T00:00,2017-11-22,0,19.35,19.2,20.95,20.42,19.2,19.68,19.42,20.48,17.95,18.09
2017-11-22T01:00,2017-11-22,1,18.88,18.85,20.55,19.9,18.61,19.43,19.0,19.92,17.31,17.44
2017-11-22T02:00,2017-11-22,2,18.41,18.32,20.25,19.42,17.97,19.51,18.52,19.51,16.77,16.83
2017-11-22T03:00,2017-11-22,3,17.83,17.61,20.06,18.84,17.48,18.6,17.84,19.0,16.36,16.29
2017-11-22T04:00,2017-11-22,4,17.29,16.99,19.82,18.27,17.09,17.4,17.26,18.62,16.0,15.82
2017-11-22T05:00,2017-11-22,5,16.84,16.38,19.53,17.85,16.72,17.24,16.75,18.26,15.61,15.32
2017-11-22T06:00,2017-11-22,6,16.4,15.83,18.75,17.2,16.34,17.05,16.55,17.97,15.18,15.14
2017-11-22T07:00,2017-11-22,7,17.38,17.0,19.69,18.3,17.36,18.9,16.97,18.72,15.93,15.87
2017-11-22T08:00,2017-11-22,8,19.58,19.47,21.56,20.5,19.7,21.17,18.76,20.51,18.16,18.09
2017-11-22T09:00,2017-11-22,9,21.76,21.82,23.49,22.62,21.88,23.4,20.68,22.3,20.36,20.58
2017-11-22T10:00,2017-11-22,10,23.66,23.76,25.14,24.41,23.78,25.36,22.4,23.89,22.4,22.77
2017-11-22T11:00,2017-11-22,11,25.15,25.31,26.31,25.75,25.32,26.75,23.84,25.1,24.17,24.47
2017-11-22T12:00,2017-11-22,12,26.18,26.37,27.06,26.62,26.44,27.53,24.94,25.92,25.46,25.63
2017-11-22T13:00,2017-11-22,13,26.7,26.86,27.44,27.05,27.01,27.94,25.57,26.32,26.19,26.24
2017-11-22T14:00,2017-11-22,14,26.86,26.99,27.49,27.13,27.21,28.08,25.79,26.37,26.47,26.46
2017-11-22T15:00,2017-11-22,15,26.58,26.7,27.14,26.85,26.88,27.82,25.55,26.05,26.24,26.22
2017-11-22T16:00,2017-11-22,16,25.5,25.51,26.05,25.79,25.69,26.68,24.57,25.08,25.19,25.37
2017-11-22T17:00,2017-11-22,17,22.33,21.99,23.63,22.71,22.33,23.65,21.42,22.29,21.82,22.4
2017-11-22T18:00,2017-11-22,18,20.96,20.32,22.0,21.36,21.37,22.64,20.69,20.65,20.52,20.93
2017-11-22T19:00,2017-11-22,19,20.5,20.02,21.98,20.69,21.08,22.44,19.69,19.9,20.03,20.39
2017-11-22T20:00,2017-11-22,20,19.78,19.2,21.47,20.01,20.4,21.68,19.05,19.18,19.2,19.7
2017-11-22T21:00,2017-11-22,21,19.2,18.81,20.85,19.66,19.71,20.93,17.92,18.99,18.48,19.12
2017-11-22T22:00,2017-11-22,22,18.74,18.49,19.87,19.46,19.24,20.48,17.44,18.87,17.88,18.42
2017-11-22T23:00,2017-11-22,23,18.23,17.99,19.37,18.86,18.87,19.88,17.22,18.18,17.34,17.75
2017-11-23T00:00,2017-11-23,0,17.61,17.29,19.03,18.1,18.47,18.95,16.76,17.6,16.77,17.09
2017-11-23T01:00,2017-11-23,1,17.17,16.81,18.7,17.67,18.1,18.36,16.39,17.44,16.33,16.55
2017-11-23T02:00,2017-11-23,2,16.85,16.65,18.18,17.13,17.8,18.28,16.21,16.9,15.92,16.06
2017-11-23T03:00,2017-11-23,3,16.5,16.55,17.85,16.4,17.53,17.65,15.87,16.58,15.49,15.68
2017-11-23T04:00,2017-11-23,4,16.22,16.35,17.68,16.14,17.22,17.05,15.48,16.6,15.1,15.37
2017-11-23T05:00,2017-11-23,5,15.94,16.01,17.3,16.06,16.86,16.81,15.08,16.56,14.84,15.14
2017-11-23T06:00,2017-11-23,6,15.73,15.76,16.98,16.02,16.64,16.12,15.05,16.41,14.63,15.02
2017-11-23T07:00,2017-11-23,7,16.65,16.72,17.98,17.35,17.39,17.62,15.73,17.2,15.4,15.62
2017-11-23T08:00,2017-11-23,8,18.82,19.02,20.15,19.55,19.24,19.96,17.75,19.25,17.64,17.64
2017-11-23T09:00,2017-11-23,9,21.11,21.32,22.45,21.66,21.28,22.43,19.94,21.45,20.02,20.18
2017-11-23T10:00,2017-11-23,10,23.09,23.21,24.29,23.55,23.18,24.48,21.84,23.33,22.16,22.55
2017-11-23T11:00,2017-11-23,11,24.66,24.71,25.61,25.04,24.85,26.0,23.36,24.72,23.98,24.38
2017-11-23T12:00,2017-11-23,12,25.68,25.77,26.35,25.88,26.1,26.68,24.49,25.52,25.22,25.51
2017-11-23T13:00,2017-11-23,13,26.22,26.38,26.77,26.26,26.67,26.93,25.12,25.9,25.92,26.14
2017-11-23T14:00,2017-11-23,14,26.4,26.59,26.85,26.37,26.83,26.9,25.4,26.0,26.23,26.39
2017-11-23T15:00,2017-11-23,15,26.23,26.45,26.56,26.11,26.71,26.76,25.25,25.72,26.11,26.26
2017-11-23T16:00,2017-11-23,16,25.4,25.61,25.6,25.29,26.07,25.9,24.41,24.92,25.22,25.48
2017-11-23T17:00,2017-11-23,17,22.5,22.59,22.46,22.69,24.09,23.53,21.26,22.25,21.67,22.66
2017-11-23T18:00,2017-11-23,18,21.06,21.26,21.41,21.42,21.78,21.59,19.81,20.85,20.22,21.39
2017-11-23T19:00,2017-11-23,19,20.64,20.62,21.01,21.32,21.66,21.2,19.17,20.52,19.92,20.93
2017-11-23T20:00,2017-11-23,20,19.93,19.68,20.36,21.03,20.97,20.59,18.4,19.98,19.21,20.2
2017-11-23T21:00,2017-11-23,21,19.17,19.2,19.84,19.77,20.45,19.15,17.83,18.99,18.44,19.32
2017-11-23T22:00,2017-11-23,22,18.69,18.89,19.59,18.88,20.06,18.81,17.42,18.62,17.79,18.53
2017-11-23T23:00,2017-11-23,23,18.32,18.48,19.56,18.39,19.83,18.53,17.09,18.7,17.28,17.88
2017-11-24T00:00,2017-11-24,0,17.97,18.14,19.44,18.08,19.45,18.41,16.84,18.32,16.82,17.26
2017-11-24T01:00,2017-11-24,1,17.7,18.08,19.09,17.76,19.13,18.34,16.8,17.86,16.28,16.63
2017-11-24T02:00,2017-11-24,2,17.47,17.84,19.29,17.54,18.6,18.96,16.41,17.7,15.79,16.16
2017-11-24T03:00,2017-11-24,3,17.15,17.4,19.38,17.37,18.17,18.73,16.03,17.44,15.43,15.71
2017-11-24T04:00,2017-11-24,4,16.81,17.01,19.31,17.21,17.63,18.38,15.69,17.23,15.06,15.21
2017-11-24T05:00,2017-11-24,5,16.46,16.67,19.2,17.02,16.96,17.98,15.31,17.05,14.55,14.81
2017-11-24T06:00,2017-11-24,6,16.26,16.69,19.07,16.59,16.68,17.15,15.42,16.91,14.24,14.56
2017-11-24T07:00,2017-11-24,7,17.15,17.36,19.8,17.96,17.63,17.81,16.06,17.85,15.39,15.61
2017-11-24T08:00,2017-11-24,8,19.25,19.37,21.44,20.1,19.74,20.2,18.1,19.8,17.74,17.93
2017-11-24T09:00,2017-11-24,9,21.59,21.69,23.39,22.22,21.92,22.59,20.35,21.91,20.47,20.74
2017-11-24T10:00,2017-11-24,10,23.6,23.67,24.88,24.1,23.85,24.61,22.33,23.74,22.82,23.15
2017-11-24T11:00,2017-11-24,11,25.15,25.3,26.11,25.58,25.33,25.84,23.89,25.16,24.63,24.82
2017-11-24T12:00,2017-11-24,12,26.1,26.29,26.84,26.44,26.3,26.44,24.95,26.03,25.79,25.87
2017-11-24T13:00,2017-11-24,13,26.57,26.71,27.21,26.78,26.81,26.78,25.53,26.48,26.45,26.4
2017-11-24T14:00,2017-11-24,14,26.72,26.89,27.05,26.91,26.96,26.89,25.82,26.62,26.7,26.56
2017-11-24T15:00,2017-11-24,15,26.48,26.6,26.76,26.62,26.72,26.73,25.59,26.39,26.5,26.4
2017-11-24T16:00,2017-11-24,16,25.54,25.61,25.59,25.68,25.91,26.06,24.63,25.53,25.47,25.6
2017-11-24T17:00,2017-11-24,17,22.5,22.46,22.79,22.59,23.02,23.66,21.35,22.79,22.12,22.65
2017-11-24T18:00,2017-11-24,18,21.03,20.88,21.36,21.19,21.94,23.12,19.77,21.24,20.37,20.9
2017-11-24T19:00,2017-11-24,19,20.51,20.2,21.33,20.93,21.74,22.33,19.16,20.51,19.8,20.37
2017-11-24T20:00,2017-11-24,20,19.61,19.25,20.54,19.73,20.76,21.38,18.48,19.42,18.94,19.7
2017-11-24T21:00,2017-11-24,21,18.91,18.53,19.9,18.94,20.03,20.86,17.99,18.74,18.34,18.69
2017-11-24T22:00,2017-11-24,22,18.48,18.23,19.72,18.52,19.68,20.44,17.41,18.05,17.95,17.91
2017-11-24T23:00,2017-11-24,23,18.05,17.95,19.64,18.22,19.24,19.83,16.78,17.48,17.35,17.25
2017-11-25T00:00,2017-11-25,0,17.66,17.64,19.34,17.98,18.95,18.99,16.43,17.35,16.72,16.7
2017-11-25T01:00,2017-11-25,1,17.3,17.31,18.94,17.72,18.51,18.56,16.03,17.28,16.17,16.39
2017-11-25T02:00,2017-11-25,2,16.92,17.01,18.71,17.27,18.06,17.88,15.71,16.97,15.66,16.06
2017-11-25T03:00,2017-11-25,3,16.54,16.62,18.45,16.81,17.61,17.62,15.34,16.55,15.28,15.72
2017-11-25T04:00,2017-11-25,4,16.17,16.17,17.95,16.49,17.23,17.31,15.04,16.21,14.97,15.41
2017-11-25T05:00,2017-11-25,5,15.84,15.81,17.41,16.12,16.93,17.38,14.75,16.01,14.58,15.1
2017-11-25T06:00,2017-11-25,6,15.42,15.53,16.53,15.78,16.3,16.33,14.87,16.06,14.09,14.46
2017-11-25T07:00,2017-11-25,7,16.53,16.54,18.09,17.39,17.06,17.54,15.69,17.24,15.17,15.34
2017-11-25T08:00,2017-11-25,8,18.95,19.04,20.61,19.79,19.38,19.79,17.99,19.49,17.64,17.85
2017-11-25T09:00,2017-11-25,9,21.47,21.57,23.15,22.15,21.72,22.22,20.39,21.88,20.32,20.65
2017-11-25T10:00,2017-11-25,10,23.65,23.75,25.16,24.16,23.8,24.31,22.49,23.84,22.78,23.19
2017-11-25T11:00,2017-11-25,11,25.27,25.42,26.42,25.69,25.27,25.76,24.16,25.29,24.67,25.04
2017-11-25T12:00,2017-11-25,12,26.23,26.4,27.1,26.52,26.18,26.54,25.23,26.13,25.85,26.11
2017-11-25T13:00,2017-11-25,13,26.65,26.85,27.32,26.86,26.65,26.86,25.75,26.51,26.4,26.53
2017-11-25T14:00,2017-11-25,14,26.79,26.99,27.3,27.0,26.8,26.98,25.96,26.63,26.61,26.65
2017-11-25T15:00,2017-11-25,15,26.59,26.8,26.89,26.77,26.68,26.84,25.77,26.37,26.44,26.45
2017-11-25T16:00,2017-11-25,16,25.71,25.87,25.68,25.79,25.97,26.11,24.96,25.54,25.52,25.9
2017-11-25T17:00,2017-11-25,17,22.85,22.66,22.27,22.72,24.36,23.73,21.83,22.65,22.23,24.2
2017-11-25T18:00,2017-11-25,18,21.18,20.95,21.04,20.9,20.95,23.15,20.59,21.2,20.97,21.94
2017-11-25T19:00,2017-11-25,19,20.63,20.35,20.84,20.83,20.51,23.2,19.77,20.45,19.74,21.38
2017-11-25T20:00,2017-11-25,20,19.9,19.56,19.94,20.78,19.97,21.94,18.98,20.12,18.87,20.44
2017-11-25T21:00,2017-11-25,21,19.0,18.69,19.15,19.36,19.76,20.61,18.48,19.38,17.76,19.53
2017-11-25T22:00,2017-11-25,22,18.35,18.04,18.46,18.41,19.01,20.16,17.95,19.11,17.04,18.86
2017-11-25T23:00,2017-11-25,23,17.87,17.69,18.05,18.08,18.38,19.18,17.52,18.47,16.57,18.31
2017-11-26T00:00,2017-11-26,0,17.32,17.03,17.78,17.77,18.04,17.67,16.92,17.62,16.33,17.86
2017-11-26T01:00,2017-11-26,1,16.91,16.59,17.41,17.24,17.86,16.96,16.67,17.07,15.99,17.45
2017-11-26T02:00,2017-11-26,2,16.6,16.22,16.93,16.89,17.57,17.06,16.35,16.72,15.75,17.19
2017-11-26T03:00,2017-11-26,3,16.37,15.93,16.59,16.62,17.46,16.63,16.12,16.58,15.73,16.97
2017-11-26T04:00,2017-11-26,4,16.11,15.85,16.3,16.31,16.85,16.48,15.49,16.44,15.66,16.68
2017-11-26T05:00,2017-11-26,5,15.9,15.72,15.91,16.25,16.61,16.21,14.92,16.37,15.46,16.51
2017-11-26T06:00,2017-11-26,6,15.56,15.43,15.34,15.87,16.26,15.93,14.99,16.11,14.95,16.04
2017-11-26T07:00,2017-11-26,7,16.54,16.4,16.52,17.25,17.16,16.69,15.63,17.07,15.94,16.92
2017-11-26T08:00,2017-11-26,8,19.06,19.08,19.5,19.78,19.37,19.47,18.11,19.41,18.38,18.89
2017-11-26T09:00,2017-11-26,9,21.62,21.83,22.32,22.14,21.72,22.06,20.71,21.88,21.05,21.03
2017-11-26T10:00,2017-11-26,10,23.75,24.03,24.51,24.17,23.72,24.05,22.92,23.93,23.3,23.05
2017-11-26T11:00,2017-11-26,11,25.14,25.37,25.78,25.38,25.03,25.37,24.49,25.25,24.89,24.57
2017-11-26T12:00,2017-11-26,12,25.93,26.03,26.48,25.99,25.87,26.21,25.39,25.94,25.94,25.58
2017-11-26T13:00,2017-11-26,13,26.28,26.38,26.79,26.27,26.14,26.54,25.76,26.22,26.41,25.98
2017-11-26T14:00,2017-11-26,14,26.4,26.52,26.83,26.35,26.22,26.58,25.93,26.3,26.63,26.08
2017-11-26T15:00,2017-11-26,15,26.19,26.31,26.35,26.1,26.0,26.41,25.79,26.1,26.51,25.96
2017-11-26T16:00,2017-11-26,16,25.45,25.51,24.92,25.26,25.5,25.78,25.25,25.51,25.78,25.49
2017-11-26T17:00,2017-11-26,17,23.1,23.29,22.55,22.07,24.14,22.99,23.35,23.7,22.65,23.48
2017-11-26T18:00,2017-11-26,18,21.01,20.94,20.56,20.7,22.12,21.16,20.68,20.78,20.97,21.49
2017-11-26T19:00,2017-11-26,19,20.3,20.3,20.14,20.08,21.34,20.62,19.22,19.92,20.36,20.94
2017-11-26T20:00,2017-11-26,20,19.46,19.3,19.14,19.25,20.63,20.06,18.62,19.23,19.42,20.17
2017-11-26T21:00,2017-11-26,21,18.93,18.96,18.54,18.47,19.81,19.48,18.26,18.78,18.82,19.59
2017-11-26T22:00,2017-11-26,22,18.44,18.63,17.83,17.93,19.68,18.84,17.65,18.3,18.22,19.06
2017-11-26T23:00,2017-11-26,23,18.04,18.28,17.38,17.61,19.35,18.45,17.12,18.0,17.68,18.64
2017-11-27T00:00,2017-11-27,0,17.7,17.95,16.94,17.44,18.58,18.4,16.81,17.89,17.3,18.2
2017-11-27T01:00,2017-11-27,1,17.29,17.57,16.41,17.19,18.08,17.94,16.6,17.5,16.71,17.71
2017-11-27T02:00,2017-11-27,2,16.97,17.28,16.3,16.9,17.82,17.38,16.33,16.99,16.35,17.32
2017-11-27T03:00,2017-11-27,3,16.66,17.09,15.98,16.53,17.67,16.81,15.99,16.51,16.04,16.92
2017-11-27T04:00,2017-11-27,4,16.31,16.77,15.79,16.3,17.31,16.4,15.54,16.17,15.65,16.44
2017-11-27T05:00,2017-11-27,5,16.0,16.36,15.51,16.63,16.98,16.11,15.07,15.85,15.22,15.93
2017-11-27T06:00,2017-11-27,6,15.91,16.19,15.41,16.84,16.59,15.95,15.0,16.03,15.14,15.82
2017-11-27T07:00,2017-11-27,7,16.97,17.29,17.01,17.6,17.51,16.9,16.19,17.54,16.16,16.46
2017-11-27T08:00,2017-11-27,8,19.43,19.84,20.0,20.11,19.54,19.17,18.56,19.85,18.75,18.73
2017-11-27T09:00,2017-11-27,9,21.99,22.47,22.62,22.46,21.78,21.62,21.17,22.21,21.56,21.33
2017-11-27T10:00,2017-11-27,10,24.05,24.52,24.46,24.43,23.76,23.6,23.41,24.12,23.74,23.56
2017-11-27T11:00,2017-11-27,11,25.44,25.8,25.67,25.75,25.11,24.99,24.9,25.53,25.24,25.2
2017-11-27T12:00,2017-11-27,12,26.26,26.55,26.32,26.55,25.96,25.96,25.82,26.34,26.09,26.1
2017-11-27T13:00,2017-11-27,13,26.68,26.99,26.69,26.99,26.28,26.5,26.25,26.71,26.55,26.46
2017-11-27T14:00,2017-11-27,14,26.8,27.12,26.72,27.08,26.46,26.76,26.4,26.85,26.73,26.51
2017-11-27T15:00,2017-11-27,15,26.62,26.91,26.38,26.85,26.41,26.61,26.27,26.67,26.59,26.3
2017-11-27T16:00,2017-11-27,16,25.82,26.07,25.18,26.09,25.75,25.92,25.57,25.98,25.83,25.57
2017-11-27T17:00,2017-11-27,17,23.15,23.09,23.4,23.53,22.79,24.0,22.87,24.01,22.68,22.78
2017-11-27T18:00,2017-11-27,18,21.32,21.52,20.67,21.54,21.17,22.8,20.8,21.48,20.94,21.1
2017-11-27T19:00,2017-11-27,19,20.53,20.53,19.91,20.8,20.55,21.78,19.51,20.56,20.5,20.99
2017-11-27T20:00,2017-11-27,20,19.79,19.89,19.17,19.95,19.77,21.07,18.76,19.64,19.48,20.5
2017-11-27T21:00,2017-11-27,21,19.11,18.96,18.86,19.3,19.05,20.75,18.19,19.01,18.64,20.05
2017-11-27T22:00,2017-11-27,22,18.59,18.32,18.28,18.74,18.67,21.12,17.69,18.4,17.94,19.51
2017-11-27T23:00,2017-11-27,23,17.93,17.68,17.47,18.04,18.56,20.17,17.25,17.99,17.01,18.66
2017-11-28T00:00,2017-11-28,0,17.45,17.01,17.32,17.66,18.03,19.55,16.91,17.61,16.64,18.07
2017-11-28T01:00,2017-11-28,1,17.08,16.69,16.8,17.41,17.52,18.98,16.9,17.13,16.27,17.51
2017-11-28T02:00,2017-11-28,2,16.86,16.64,16.9,17.11,17.06,19.09,16.83,16.78,15.55,17.18
2017-11-28T03:00,2017-11-28,3,16.53,16.24,16.83,16.96,16.55,18.63,16.59,16.72,15.18,16.65
2017-11-28T04:00,2017-11-28,4,16.04,15.33,16.54,16.66,16.53,18.21,16.02,16.38,14.8,16.34
2017-11-28T05:00,2017-11-28,5,15.82,15.23,16.26,16.64,16.46,17.97,15.18,16.05,14.52,16.29
2017-11-28T06:00,2017-11-28,6,15.77,15.23,15.79,17.35,16.36,17.62,15.12,16.31,14.51,15.63
2017-11-28T07:00,2017-11-28,7,16.49,16.12,16.92,17.74,17.07,18.24,15.98,17.16,15.07,15.99
2017-11-28T08:00,2017-11-28,8,18.85,18.37,19.44,20.16,19.37,19.93,18.37,19.85,17.71,18.36
2017-11-28T09:00,2017-11-28,9,21.47,21.29,22.27,22.5,21.71,21.9,20.91,22.42,20.57,20.81
2017-11-28T10:00,2017-11-28,10,23.58,23.69,24.28,24.36,23.6,23.64,23.09,24.37,22.86,22.75
2017-11-28T11:00,2017-11-28,11,24.94,25.31,25.33,25.44,24.87,24.61,24.62,25.57,24.37,24.03
2017-11-28T12:00,2017-11-28,12,25.68,26.09,25.87,26.01,25.53,25.26,25.57,26.29,25.25,24.75
2017-11-28T13:00,2017-11-28,13,26.03,26.42,26.15,26.31,25.73,25.57,26.09,26.65,25.69,25.11
2017-11-28T14:00,2017-11-28,14,26.13,26.46,26.11,26.43,25.76,25.7,26.26,26.83,25.88,25.26
2017-11-28T15:00,2017-11-28,15,25.92,26.2,25.65,26.14,25.65,25.66,26.09,26.6,25.74,25.2
2017-11-28T16:00,2017-11-28,16,25.06,25.15,24.41,25.36,24.8,25.02,25.27,25.75,24.98,24.72
2017-11-28T17:00,2017-11-28,17,22.46,21.94,22.24,22.97,21.9,23.6,22.69,23.55,21.87,22.91
2017-11-28T18:00,2017-11-28,18,20.97,20.37,20.47,21.4,20.82,21.88,20.97,21.96,20.57,21.86
2017-11-28T19:00,2017-11-28,19,20.07,19.48,19.72,20.29,20.16,21.49,20.37,20.75,19.99,20.04
2017-11-28T20:00,2017-11-28,20,19.21,18.68,19.05,18.92,19.72,20.69,19.71,19.67,18.61,19.65
2017-11-28T21:00,2017-11-28,21,18.57,18.13,17.97,18.58,18.56,19.65,18.98,19.52,17.75,19.5
2017-11-28T22:00,2017-11-28,22,17.97,17.41,16.99,18.44,18.24,19.06,18.46,18.71,17.11,18.86
2017-11-28T23:00,2017-11-28,23,17.42,16.55,16.62,18.0,17.74,18.49,18.03,18.07,16.68,18.68
2017-11-29T00:00,2017-11-29,0,17.16,16.29,16.37,17.99,17.24,18.65,17.68,17.64,16.4,18.19
2017-11-29T01:00,2017-11-29,1,16.83,16.12,16.22,17.34,16.66,18.09,17.78,17.18,15.88,17.84
2017-11-29T02:00,2017-11-29,2,16.56,16.04,15.98,17.18,16.61,17.34,17.71,16.29,15.39,17.45
2017-11-29T03:00,2017-11-29,3,16.05,15.42,15.34,16.55,16.37,17.0,16.75,16.06,15.02,17.28
2017-11-29T04:00,2017-11-29,4,15.79,15.21,15.31,15.86,16.93,16.94,15.89,16.19,14.72,17.02
2017-11-29T05:00,2017-11-29,5,15.52,15.07,15.1,15.4,16.56,16.67,15.03,16.22,14.55,16.89
2017-11-29T06:00,2017-11-29,6,15.28,15.0,14.6,15.21,14.8,16.22,15.25,16.29,14.21,17.13
2017-11-29T07:00,2017-11-29,7,16.46,16.26,16.26,16.57,16.13,17.78,16.2,17.42,15.3,17.57
2017-11-29T08:00,2017-11-29,8,18.93,19.22,18.88,19.09,18.67,19.92,18.54,19.85,17.74,18.86
2017-11-29T09:00,2017-11-29,9,21.55,22.23,21.74,21.73,21.27,22.22,21.21,22.26,20.54,20.4
2017-11-29T10:00,2017-11-29,10,23.65,24.31,24.04,24.0,23.32,23.99,23.37,24.11,22.98,22.07
2017-11-29T11:00,2017-11-29,11,25.05,25.6,25.36,25.5,24.72,25.25,24.8,25.45,24.67,23.52
2017-11-29T12:00,2017-11-29,12,25.84,26.26,26.07,26.3,25.62,26.01,25.58,26.17,25.63,24.4
2017-11-29T13:00,2017-11-29,13,26.25,26.63,26.51,26.67,26.15,26.47,26.01,26.56,25.97,24.91
2017-11-29T14:00,2017-11-29,14,26.33,26.68,26.6,26.7,26.23,26.63,26.14,26.63,26.04,25.06
2017-11-29T15:00,2017-11-29,15,26.14,26.49,26.35,26.5,25.99,26.56,25.91,26.39,25.83,24.95
2017-11-29T16:00,2017-11-29,16,25.23,25.47,25.15,25.52,25.02,25.88,24.95,25.6,25.06,24.34
2017-11-29T17:00,2017-11-29,17,22.21,22.1,22.16,22.1,21.67,24.22,21.52,22.71,22.15,22.21
2017-11-29T18:00,2017-11-29,18,20.75,20.33,21.98,20.81,20.19,22.66,19.92,20.85,21.13,20.3
2017-11-29T19:00,2017-11-29,19,20.07,19.81,20.22,20.0,19.76,22.08,19.45,20.2,20.3,19.87
2017-11-29T20:00,2017-11-29,20,19.14,18.81,18.8,19.37,18.92,21.51,18.79,19.34,18.86,19.16
2017-11-29T21:00,2017-11-29,21,18.29,17.91,17.85,18.78,18.47,19.82,18.1,18.51,18.07,18.25
2017-11-29T22:00,2017-11-29,22,17.68,17.21,17.04,18.26,18.13,19.51,17.26,17.95,17.55,17.72
2017-11-29T23:00,2017-11-29,23,17.22,16.63,16.67,17.53,17.69,19.46,16.82,17.57,17.13,17.38
2017-11-30T00:00,2017-11-30,0,16.75,16.24,16.44,16.98,17.22,17.95,16.47,17.12,16.73,17.02
2017-11-30T01:00,2017-11-30,1,16.34,15.95,16.12,16.69,16.67,16.8,16.0,16.95,16.31,16.66
2017-11-30T02:00,2017-11-30,2,16.09,15.72,15.97,16.75,16.1,16.52,15.72,16.85,15.84,16.32
2017-11-30T03:00,2017-11-30,3,15.82,15.6,15.86,16.43,15.67,16.24,15.35,16.63,15.44,15.98
2017-11-30T04:00,2017-11-30,4,15.59,15.45,15.7,16.0,15.5,16.05,15.08,16.32,15.21,15.77
2017-11-30T05:00,2017-11-30,5,15.3,15.14,15.4,15.61,15.44,15.74,14.76,15.99,14.92,15.54
2017-11-30T06:00,2017-11-30,6,14.93,14.77,14.59,15.1,15.22,15.17,14.96,15.68,14.68,14.9
2017-11-30T07:00,2017-11-30,7,15.92,15.81,15.97,16.53,15.93,16.29,15.65,16.83,15.55,15.44
2017-11-30T08:00,2017-11-30,8,18.45,18.48,18.73,19.2,17.96,18.91,17.91,19.34,17.95,18.01
2017-11-30T09:00,2017-11-30,9,21.17,21.31,21.7,21.77,20.42,21.68,20.48,21.74,20.72,20.88
2017-11-30T10:00,2017-11-30,10,23.35,23.52,23.86,23.89,22.58,23.79,22.75,23.72,23.0,22.95
2017-11-30T11:00,2017-11-30,11,24.7,24.84,25.13,25.18,24.18,25.16,24.25,25.02,24.36,24.2
2017-11-30T12:00,2017-11-30,12,25.52,25.65,25.92,25.92,25.33,25.98,25.05,25.63,25.2,25.08
2017-11-30T13:00,2017-11-30,13,25.95,26.03,26.31,26.28,25.94,26.42,25.49,25.99,25.66,25.61
2017-11-30T14:00,2017-11-30,14,26.11,26.15,26.37,26.36,26.19,26.64,25.65,26.09,25.9,25.82
2017-11-30T15:00,2017-11-30,15,25.93,25.94,26.06,26.13,26.06,26.62,25.47,25.83,25.84,25.67
2017-11-30T16:00,2017-11-30,16,25.09,25.08,24.8,25.23,25.27,25.95,24.6,24.99,25.09,25.01
2017-11-30T17:00,2017-11-30,17,22.08,22.13,21.89,21.9,22.1,23.67,21.23,22.06,21.86,22.42
2017-11-30T18:00,2017-11-30,18,20.63,20.59,20.19,20.59,20.22,21.53,19.87,20.65,20.79,21.42
2017-11-30T19:00,2017-11-30,19,19.91,19.61,19.47,20.19,19.93,21.41,19.5,20.35,19.9,19.95
2017-11-30T20:00,2017-11-30,20,19.08,18.64,18.55,19.31,19.57,21.34,18.83,19.28,18.94,18.85
2017-11-30T21:00,2017-11-30,21,18.34,17.86,17.89,18.56,18.6,20.29,18.35,18.49,18.33,18.17
2017-11-30T22:00,2017-11-30,22,17.78,17.33,17.06,18.0,17.76,20.32,17.87,17.81,17.82,17.49
2017-11-30T23:00,2017-11-30,23,17.22,16.51,16.65,17.35,17.21,19.62,17.42,17.45,17.49,17.19
2017-12-01T00:00,2017-12-01,0,16.79,16.03,16.4,17.08,16.8,18.87,17.1,16.98,16.99,16.76
2017-12-01T01:00,2017-12-01,1,16.34,15.68,15.75,16.45,16.48,17.94,16.77,16.51,16.58,16.42
2017-12-01T02:00,2017-12-01,2,15.96,15.32,15.25,16.1,15.87,17.16,16.61,16.48,16.25,16.06
2017-12-01T03:00,2017-12-01,3,15.74,15.14,15.2,15.93,15.49,17.02,16.45,16.47,15.95,15.53
2017-12-01T04:00,2017-12-01,4,15.45,14.98,14.87,15.71,15.19,16.32,16.25,16.11,15.56,15.2
2017-12-01T05:00,2017-12-01,5,15.12,14.68,14.83,15.23,14.89,15.42,15.96,15.87,15.26,14.88
2017-12-01T06:00,2017-12-01,6,14.77,14.23,15.17,14.68,14.54,14.77,15.85,15.72,14.88,14.41
2017-12-01T07:00,2017-12-01,7,15.72,15.27,16.35,15.87,15.3,16.14,16.27,16.65,15.59,15.3
2017-12-01T08:00,2017-12-01,8,18.05,17.92,17.77,18.43,17.4,18.43,18.28,18.92,17.9,17.89
2017-12-01T09:00,2017-12-01,9,20.81,20.88,20.33,21.35,20.23,21.36,20.59,21.36,20.57,20.69
2017-12-01T10:00,2017-12-01,10,23.18,23.33,23.04,23.72,22.9,23.72,22.69,23.42,22.87,22.94
2017-12-01T11:00,2017-12-01,11,24.83,25.02,25.1,25.15,24.71,25.29,24.22,24.83,24.5,24.53
2017-12-01T12:00,2017-12-01,12,25.8,25.94,26.13,26.02,25.85,26.29,25.17,25.65,25.6,25.53
2017-12-01T13:00,2017-12-01,13,26.34,26.43,26.66,26.57,26.49,26.91,25.7,26.1,26.2,26.1
2017-12-01T14:00,2017-12-01,14,26.56,26.65,26.83,26.77,26.69,27.12,25.95,26.29,26.43,26.33
2017-12-01T15:00,2017-12-01,15,26.45,26.6,26.49,26.63,26.57,27.05,25.87,26.17,26.38,26.22
2017-12-01T16:00,2017-12-01,16,25.66,25.9,25.06,25.71,25.74,26.34,25.2,25.51,25.75,25.46
2017-12-01T17:00,2017-12-01,17,22.86,23.03,21.67,22.41,22.05,24.62,22.39,23.14,23.67,22.73
2017-12-01T18:00,2017-12-01,18,20.73,20.58,19.68,20.76,20.35,21.37,20.94,21.32,21.02,20.92
2017-12-01T19:00,2017-12-01,19,20.14,19.84,20.57,19.98,19.73,20.82,20.31,20.41,20.44,19.96
2017-12-01T20:00,2017-12-01,20,19.4,18.94,20.27,19.19,18.95,20.21,19.65,19.91,19.6,19.13
2017-12-01T21:00,2017-12-01,21,18.59,18.07,17.78,18.76,18.16,20.42,19.01,20.48,18.23,18.54
2017-12-01T22:00,2017-12-01,22,17.96,17.41,16.25,18.53,17.26,19.86,18.81,19.78,17.49,18.11
2017-12-01T23:00,2017-12-01,23,17.46,16.99,15.78,17.9,16.77,18.67,18.69,19.24,17.05,17.54
2017-12-02T00:00,2017-12-02,0,16.89,16.51,15.49,17.72,16.42,17.11,17.93,17.95,16.67,16.93
2017-12-02T01:00,2017-12-02,1,16.4,15.89,15.15,17.6,16.35,16.42,17.08,16.98,16.3,16.48
2017-12-02T02:00,2017-12-02,2,15.99,15.55,14.89,16.94,16.23,16.29,16.46,16.27,15.85,16.14
2017-12-02T03:00,2017-12-02,3,15.51,15.26,14.57,16.05,15.78,15.37,15.96,15.79,15.54,15.54
2017-12-02T04:00,2017-12-02,4,15.17,14.95,14.68,15.34,15.32,15.05,15.65,15.94,15.06,15.16
2017-12-02T05:00,2017-12-02,5,14.98,14.71,14.7,15.1,14.93,14.88,15.46,16.08,14.81,14.97
2017-12-02T06:00,2017-12-02,6,14.73,14.28,14.67,14.76,14.53,14.7,15.4,15.97,14.48,15.0
2017-12-02T07:00,2017-12-02,7,15.7,15.56,16.3,15.42,15.24,15.77,16.0,17.17,15.29,15.57
2017-12-02T08:00,2017-12-02,8,18.21,18.44,18.61,17.86,17.49,18.1,18.24,19.63,17.68,18.14
2017-12-02T09:00,2017-12-02,9,21.22,21.71,21.89,21.18,20.49,21.13,20.92,22.08,20.35,20.91
2017-12-02T10:00,2017-12-02,10,23.67,24.15,24.54,23.93,23.28,23.65,23.16,24.18,22.73,23.12
2017-12-02T11:00,2017-12-02,11,25.3,25.62,26.25,25.48,25.18,25.37,24.78,25.62,24.59,24.72
2017-12-02T12:00,2017-12-02,12,26.22,26.37,27.25,26.27,26.23,26.44,25.67,26.33,25.81,25.79
2017-12-02T13:00,2017-12-02,13,26.72,26.8,27.67,26.77,26.73,26.98,26.17,26.67,26.44,26.45
2017-12-02T14:00,2017-12-02,14,26.89,26.96,27.61,26.96,26.93,27.16,26.37,26.81,26.72,26.67
2017-12-02T15:00,2017-12-02,15,26.71,26.79,27.05,26.78,26.78,27.0,26.31,26.64,26.6,26.47
2017-12-02T16:00,2017-12-02,16,25.91,26.01,25.36,26.03,26.16,26.13,25.73,25.91,26.01,25.73
2017-12-02T17:00,2017-12-02,17,23.97,24.28,22.13,23.92,24.65,24.04,23.95,24.23,24.03,24.0
2017-12-02T18:00,2017-12-02,18,21.93,21.15,19.73,22.53,21.76,21.49,22.47,22.57,23.28,23.01
2017-12-02T19:00,2017-12-02,19,20.72,19.94,19.31,20.34,20.04,20.35,21.66,21.68,22.13,21.92
2017-12-02T20:00,2017-12-02,20,19.58,18.53,18.45,19.17,18.75,20.18,20.75,21.23,20.57,20.67
2017-12-02T21:00,2017-12-02,21,18.54,17.49,17.08,18.29,17.6,20.01,19.38,20.36,19.42,19.6
2017-12-02T22:00,2017-12-02,22,17.75,16.89,16.22,17.55,16.82,19.71,18.32,20.17,17.97,18.71
2017-12-02T23:00,2017-12-02,23,17.34,16.51,15.73,17.27,16.82,19.5,17.5,19.83,17.65,17.96
2017-12-03T00:00,2017-12-03,0,16.77,15.85,15.27,16.72,16.48,18.81,17.24,18.03,17.12,17.74
2017-12-03T01:00,2017-12-03,1,16.3,15.75,14.99,16.77,16.69,16.91,16.7,17.15,15.87,17.24
2017-12-03T02:00,2017-12-03,2,15.76,15.19,14.53,16.87,16.46,15.77,16.13,16.59,15.29,16.21
2017-12-03T03:00,2017-12-03,3,15.2,14.77,14.43,15.84,15.28,15.2,15.55,15.64,15.37,15.37
2017-12-03T04:00,2017-12-03,4,14.8,14.63,14.14,15.3,14.87,14.39,15.17,15.63,14.67,14.78
2017-12-03T05:00,2017-12-03,5,14.49,14.26,13.91,14.64,14.5,14.32,15.02,15.46,14.41,14.51
2017-12-03T06:00,2017-12-03,6,14.37,14.04,13.55,14.27,14.02,13.97,15.31,15.95,14.44,14.63
2017-12-03T07:00,2017-12-03,7,15.44,15.03,15.76,15.29,15.01,15.12,16.11,17.0,15.44,15.46
2017-12-03T08:00,2017-12-03,8,18.11,18.1,18.35,18.2,17.82,17.53,18.32,19.46,17.98,17.68
2017-12-03T09:00,2017-12-03,9,21.08,21.32,21.41,21.42,20.71,20.43,21.02,21.88,20.79,20.45
2017-12-03T10:00,2017-12-03,10,23.4,23.63,23.92,23.79,23.09,22.98,23.14,23.78,23.06,22.87
2017-12-03T11:00,2017-12-03,11,24.98,25.13,25.67,25.3,24.73,24.73,24.62,25.17,24.73,24.53
2017-12-03T12:00,2017-12-03,12,25.82,25.85,26.55,26.03,25.68,25.61,25.51,25.91,25.75,25.5
2017-12-03T13:00,2017-12-03,13,26.23,26.2,26.82,26.45,26.21,26.09,25.88,26.28,26.22,26.01
2017-12-03T14:00,2017-12-03,14,26.35,26.32,26.81,26.54,26.36,26.29,26.01,26.38,26.33,26.24
2017-12-03T15:00,2017-12-03,15,26.15,26.13,26.35,26.23,26.16,26.19,25.87,26.15,26.2,26.12
2017-12-03T16:00,2017-12-03,16,25.25,25.21,24.6,25.17,25.52,25.37,25.13,25.37,25.48,25.52
2017-12-03T17:00,2017-12-03,17,22.48,22.39,20.94,21.72,23.38,23.12,22.66,22.78,22.5,23.43
2017-12-03T18:00,2017-12-03,18,21.17,20.74,19.58,20.25,21.58,20.48,22.07,21.46,22.36,22.28
2017-12-03T19:00,2017-12-03,19,20.31,19.54,18.7,19.67,20.45,20.26,21.02,20.48,22.07,21.4
2017-12-03T20:00,2017-12-03,20,19.26,18.55,17.61,18.89,18.59,20.11,19.98,19.36,20.79,20.2
2017-12-03T21:00,2017-12-03,21,18.55,17.77,16.73,18.41,17.77,19.42,19.33,18.95,19.97,19.47
2017-12-03T22:00,2017-12-03,22,17.91,17.29,16.08,17.99,17.6,18.51,19.1,18.38,18.59,18.44
2017-12-03T23:00,2017-12-03,23,17.49,17.29,15.35,17.02,17.19,18.65,18.84,18.0,17.7,17.86
2017-12-04T00:00,2017-12-04,0,16.81,16.37,15.01,16.71,16.57,16.88,18.2,17.33,17.38,17.24
2017-12-04T01:00,2017-12-04,1,16.14,15.67,14.42,16.47,16.27,16.16,17.25,16.34,16.69,16.41
2017-12-04T02:00,2017-12-04,2,15.76,15.19,14.22,15.74,16.02,16.33,16.65,15.8,16.5,16.16
2017-12-04T03:00,2017-12-04,3,15.4,14.74,14.1,15.21,15.76,15.28,16.48,15.88,16.24,15.8
2017-12-04T04:00,2017-12-04,4,15.08,14.4,13.96,14.73,15.52,14.96,16.35,15.55,15.88,15.39
2017-12-04T05:00,2017-12-04,5,14.73,14.18,13.7,14.28,15.41,13.79,16.18,15.21,15.45,15.05
2017-12-04T06:00,2017-12-04,6,14.3,13.74,13.5,13.72,14.4,13.51,15.83,14.99,14.99,14.73
2017-12-04T07:00,2017-12-04,7,15.22,14.82,15.31,14.61,15.19,14.6,16.53,16.33,15.53,14.99
2017-12-04T08:00,2017-12-04,8,17.8,17.78,17.56,17.54,17.41,17.28,18.59,19.08,17.95,17.3
2017-12-04T09:00,2017-12-04,9,20.74,21.04,20.67,20.81,20.14,20.41,20.92,21.59,20.69,20.03
2017-12-04T10:00,2017-12-04,10,23.09,23.36,23.38,23.28,22.28,22.96,22.92,23.6,23.0,22.57
2017-12-04T11:00,2017-12-04,11,24.64,24.77,24.96,24.81,24.14,24.59,24.44,24.92,24.64,24.28
2017-12-04T12:00,2017-12-04,12,25.53,25.64,25.71,25.61,25.24,25.5,25.42,25.6,25.6,25.28
2017-12-04T13:00,2017-12-04,13,25.99,26.06,26.12,26.03,25.84,26.05,25.87,25.91,26.07,25.82
2017-12-04T14:00,2017-12-04,14,26.16,26.22,26.22,26.12,26.11,26.33,25.99,26.06,26.23,26.06
2017-12-04T15:00,2017-12-04,15,26.0,26.07,25.89,25.9,25.99,26.27,25.86,25.88,26.09,25.92
2017-12-04T16:00,2017-12-04,16,25.13,25.23,24.34,24.72,25.32,25.61,25.14,25.1,25.43,25.18
2017-12-04T17:00,2017-12-04,17,22.19,22.57,20.56,20.98,23.18,22.24,22.12,22.27,22.71,22.54
2017-12-04T18:00,2017-12-04,18,20.55,20.89,18.71,19.3,21.39,20.39,20.88,20.99,21.21,20.73
2017-12-04T19:00,2017-12-04,19,19.67,19.63,18.16,18.54,20.92,19.76,20.12,20.3,20.04,20.12
2017-12-04T20:00,2017-12-04,20,19.05,18.93,17.11,17.95,20.43,19.1,19.89,19.56,19.61,19.41
2017-12-04T21:00,2017-12-04,21,18.37,18.38,15.91,17.69,18.13,19.13,19.2,19.52,18.56,19.09
2017-12-04T22:00,2017-12-04,22,17.92,17.85,15.09,17.24,17.95,19.05,18.63,19.29,18.16,18.66
2017-12-04T23:00,2017-12-04,23,17.55,17.75,14.58,17.04,17.46,18.49,18.42,18.67,17.54,17.96
2017-12-05T00:00,2017-12-05,0,17.07,17.34,14.38,17.15,17.35,16.39,17.86,17.81,17.07,17.47
2017-12-05T01:00,2017-12-05,1,16.53,16.58,13.69,16.65,17.44,15.83,17.41,17.82,16.63,16.63
2017-12-05T02:00,2017-12-05,2,16.05,16.13,13.36,16.22,17.48,15.21,17.15,16.44,16.14,15.94
2017-12-05T03:00,2017-12-05,3,15.68,15.64,13.07,15.85,17.08,15.22,16.55,16.2,15.77,15.7
2017-12-05T04:00,2017-12-05,4,15.28,15.33,12.82,15.36,16.86,14.18,15.93,15.88,15.46,15.42
2017-12-05T05:00,2017-12-05,5,14.86,15.05,12.85,13.69,16.34,14.24,15.71,15.29,15.34,14.98
2017-12-05T06:00,2017-12-05,6,14.29,14.01,13.38,12.92,14.57,13.7,15.59,15.09,15.01,14.83
2017-12-05T07:00,2017-12-05,7,14.97,14.34,15.22,13.84,15.23,14.9,16.09,15.98,15.55,15.17
2017-12-05T08:00,2017-12-05,8,17.43,16.94,17.09,17.16,17.25,17.68,18.14,18.57,17.7,17.63
2017-12-05T09:00,2017-12-05,9,20.33,20.15,19.44,20.7,20.17,20.62,20.67,21.15,20.21,20.37
2017-12-05T10:00,2017-12-05,10,22.91,23.08,22.68,23.25,22.8,23.01,22.86,23.35,22.52,22.6
2017-12-05T11:00,2017-12-05,11,24.58,24.74,24.94,24.68,24.46,24.76,24.44,24.83,24.25,24.17
2017-12-05T12:00,2017-12-05,12,25.52,25.58,25.95,25.44,25.49,25.84,25.41,25.58,25.34,25.17
2017-12-05T13:00,2017-12-05,13,25.99,26.0,26.37,25.88,26.02,26.43,25.83,25.96,25.9,25.76
2017-12-05T14:00,2017-12-05,14,26.15,26.16,26.34,26.05,26.15,26.65,26.0,26.04,26.11,26.01
2017-12-05T15:00,2017-12-05,15,25.98,26.01,25.78,25.81,26.03,26.5,25.95,25.86,26.03,25.86
2017-12-05T16:00,2017-12-05,16,25.13,25.16,24.26,24.87,25.43,25.53,25.2,25.07,25.41,25.19
2017-12-05T17:00,2017-12-05,17,22.43,22.75,20.8,21.35,23.13,24.08,22.12,22.43,22.58,22.68
2017-12-05T18:00,2017-12-05,18,20.55,20.63,18.94,20.03,21.55,21.55,20.44,20.42,20.33,21.36
2017-12-05T19:00,2017-12-05,19,19.92,20.41,18.14,18.93,20.74,20.99,19.74,19.64,19.7,20.49
2017-12-05T20:00,2017-12-05,20,19.22,19.87,17.49,17.85,20.06,20.69,19.33,18.67,19.27,19.05
2017-12-05T21:00,2017-12-05,21,18.8,19.33,16.69,18.09,19.6,20.13,19.31,19.66,18.37,18.07
2017-12-05T22:00,2017-12-05,22,18.38,18.82,15.71,19.06,17.29,19.18,18.86,20.05,18.34,17.6
2017-12-05T23:00,2017-12-05,23,17.74,17.8,15.0,18.22,17.23,18.62,18.53,19.0,17.95,17.3
2017-12-06T00:00,2017-12-06,0,17.05,17.07,14.64,16.9,18.19,17.18,18.13,17.63,17.09,16.72
2017-12-06T01:00,2017-12-06,1,16.38,16.79,14.32,15.31,18.1,15.41,17.75,17.07,15.95,16.35
2017-12-06T02:00,2017-12-06,2,15.73,16.22,14.13,14.64,17.53,14.4,16.89,16.23,15.46,15.42
2017-12-06T03:00,2017-12-06,3,14.99,14.9,13.9,13.89,16.64,13.9,16.24,15.55,15.14,15.11
2017-12-06T04:00,2017-12-06,4,14.56,14.35,13.57,13.29,15.8,13.78,15.73,15.62,14.86,14.83
2017-12-06T05:00,2017-12-06,5,14.23,14.04,13.27,12.86,14.79,13.54,15.53,15.61,14.54,14.63
2017-12-06T06:00,2017-12-06,6,13.87,13.71,13.27,12.42,13.84,13.6,15.28,14.96,14.24,14.15
2017-12-06T07:00,2017-12-06,7,14.77,14.62,14.92,13.51,14.61,14.54,15.93,16.06,14.98,14.6
2017-12-06T08:00,2017-12-06,8,17.09,16.9,16.65,16.58,16.93,16.89,17.84,18.35,17.21,17.14
2017-12-06T09:00,2017-12-06,9,20.14,20.26,19.37,20.36,19.8,19.96,20.34,20.84,20.09,20.02
2017-12-06T10:00,2017-12-06,10,22.66,22.85,22.44,23.02,22.33,22.7,22.49,22.87,22.53,22.35
2017-12-06T11:00,2017-12-06,11,24.31,24.37,24.71,24.55,24.13,24.46,24.07,24.27,24.18,23.98
2017-12-06T12:00,2017-12-06,12,25.29,25.26,26.0,25.42,25.17,25.56,25.07,25.12,25.2,24.94
2017-12-06T13:00,2017-12-06,13,25.82,25.76,26.65,25.9,25.71,26.08,25.6,25.55,25.79,25.54
2017-12-06T14:00,2017-12-06,14,26.0,25.94,26.79,26.04,25.89,26.17,25.83,25.66,26.04,25.73
2017-12-06T15:00,2017-12-06,15,25.87,25.79,26.41,25.94,25.77,26.03,25.81,25.59,25.96,25.63
2017-12-06T16:00,2017-12-06,16,25.12,25.08,24.79,25.1,24.95,25.17,25.28,24.94,25.42,25.16
2017-12-06T17:00,2017-12-06,17,23.14,23.14,21.35,22.9,23.4,22.74,23.4,23.11,23.9,23.78
2017-12-06T18:00,2017-12-06,18,21.46,21.5,19.58,21.23,21.75,21.97,21.97,20.78,21.66,22.24
2017-12-06T19:00,2017-12-06,19,20.63,20.29,18.47,20.69,22.02,21.06,21.25,19.86,20.71,21.62
2017-12-06T20:00,2017-12-06,20,19.98,19.95,17.46,19.7,20.7,20.96,20.71,19.3,20.29,20.49
2017-12-06T21:00,2017-12-06,21,18.78,18.28,16.87,18.32,19.24,18.99,20.42,19.56,19.56,18.69
2017-12-06T22:00,2017-12-06,22,17.96,17.64,16.4,17.34,18.68,17.27,19.81,19.22,18.21,17.86
2017-12-06T23:00,2017-12-06,23,17.3,17.34,16.34,15.85,17.0,17.36,19.08,17.77,17.48,17.5
2017-12-07T00:00,2017-12-07,0,16.92,17.04,15.87,15.64,16.51,17.03,18.45,16.55,17.56,16.96
2017-12-07T01:00,2017-12-07,1,16.57,16.55,15.45,15.23,17.35,16.06,17.91,16.19,17.19,16.88
2017-12-07T02:00,2017-12-07,2,16.02,15.82,15.25,14.76,17.23,15.09,17.18,15.82,16.66,16.52
2017-12-07T03:00,2017-12-07,3,15.6,15.26,15.12,14.18,16.95,14.92,16.68,16.12,16.2,15.89
2017-12-07T04:00,2017-12-07,4,15.29,15.15,15.26,14.08,15.26,14.63,16.32,15.68,15.72,15.72
2017-12-07T05:00,2017-12-07,5,15.04,15.11,14.83,13.89,14.8,14.31,15.87,15.52,15.43,15.37
2017-12-07T06:00,2017-12-07,6,14.56,14.4,14.18,13.2,14.53,13.97,15.85,15.31,14.89,15.09
2017-12-07T07:00,2017-12-07,7,15.39,15.29,15.51,14.21,15.25,15.16,16.51,16.36,15.5,15.38
2017-12-07T08:00,2017-12-07,8,17.98,17.88,18.38,17.26,17.85,17.77,18.89,18.78,17.85,17.79
2017-12-07T09:00,2017-12-07,9,20.88,20.97,21.26,20.61,20.81,20.58,21.29,21.07,20.73,20.57
2017-12-07T10:00,2017-12-07,10,23.25,23.34,24.06,23.19,23.0,23.02,23.19,23.3,23.14,22.93
2017-12-07T11:00,2017-12-07,11,24.83,24.8,26.13,24.92,24.56,24.85,24.52,24.72,24.66,24.49
2017-12-07T12:00,2017-12-07,12,25.81,25.69,27.31,26.0,25.58,26.03,25.39,25.65,25.6,25.45
2017-12-07T13:00,2017-12-07,13,26.38,26.28,27.89,26.61,26.18,26.71,25.94,26.06,26.17,26.02
2017-12-07T14:00,2017-12-07,14,26.57,26.5,27.81,26.78,26.48,26.95,26.11,26.13,26.41,26.22
2017-12-07T15:00,2017-12-07,15,26.41,26.36,27.43,26.48,26.39,26.78,26.1,26.02,26.34,26.08
2017-12-07T16:00,2017-12-07,16,25.62,25.52,26.0,25.55,25.8,26.02,25.52,25.17,25.72,25.46
2017-12-07T17:00,2017-12-07,17,24.0,24.32,23.71,23.21,24.37,24.72,24.24,23.53,23.59,24.08
2017-12-07T18:00,2017-12-07,18,22.61,22.72,22.03,21.58,22.61,22.66,22.88,22.61,23.12,23.09
2017-12-07T19:00,2017-12-07,19,21.24,20.71,21.56,20.35,21.96,22.05,21.27,21.78,21.59,21.64
2017-12-07T20:00,2017-12-07,20,20.25,19.86,20.89,19.95,20.73,19.93,20.79,20.74,20.56,19.75
2017-12-07T21:00,2017-12-07,21,19.6,19.2,20.55,19.85,19.92,18.69,20.23,20.76,19.52,18.76
2017-12-07T22:00,2017-12-07,22,18.86,18.37,20.13,19.69,17.98,18.12,19.81,20.09,18.74,17.76
2017-12-07T23:00,2017-12-07,23,18.5,18.03,19.65,19.27,17.74,17.49,19.63,19.7,18.55,17.21
2017-12-08T00:00,2017-12-08,0,18.25,17.58,19.66,18.96,17.2,17.22,19.79,19.86,18.39,16.9
2017-12-08T01:00,2017-12-08,1,18.13,17.58,20.03,18.6,17.18,16.66,19.68,20.09,17.9,16.73
2017-12-08T02:00,2017-12-08,2,18.15,17.77,19.91,18.82,17.96,16.34,19.57,20.31,17.38,16.55
2017-12-08T03:00,2017-12-08,3,18.09,18.22,20.08,18.7,17.31,15.99,19.41,20.24,16.94,16.22
2017-12-08T04:00,2017-12-08,4,17.99,18.09,20.05,18.8,17.22,16.09,19.18,19.91,16.96,15.93
2017-12-08T05:00,2017-12-08,5,17.73,18.1,19.5,18.94,16.09,15.59,19.01,19.47,16.57,15.7
2017-12-08T06:00,2017-12-08,6,18.13,18.53,19.86,19.11,16.95,16.76,19.52,19.92,16.84,15.47
2017-12-08T07:00,2017-12-08,7,18.68,19.3,20.16,19.75,17.51,17.26,19.74,20.46,17.45,15.89
2017-12-08T08:00,2017-12-08,8,20.0,20.45,20.66,20.64,18.97,19.27,20.77,21.43,19.15,18.21
2017-12-08T09:00,2017-12-08,9,21.72,22.14,21.71,22.13,21.37,20.6,21.98,22.22,21.43,20.93
2017-12-08T10:00,2017-12-08,10,23.23,23.65,22.5,23.38,23.35,22.67,22.97,22.56,23.42,23.2
2017-12-08T11:00,2017-12-08,11,24.3,24.94,22.6,24.13,24.98,23.79,23.57,22.74,25.0,24.79
2017-12-08T12:00,2017-12-08,12,24.84,25.42,22.77,24.64,26.03,24.44,23.63,22.74,25.89,25.81
2017-12-08T13:00,2017-12-08,13,24.8,25.01,22.94,24.37,26.24,24.98,23.26,22.11,26.25,26.4
2017-12-08T14:00,2017-12-08,14,24.4,24.2,22.66,23.65,25.86,24.63,22.74,21.56,26.5,26.64
2017-12-08T15:00,2017-12-08,15,23.67,23.37,22.32,22.3,25.2,23.89,21.85,20.57,26.04,26.52
2017-12-08T16:00,2017-12-08,16,22.64,22.38,21.88,20.34,24.19,22.86,21.28,19.7,24.83,25.6
2017-12-08T17:00,2017-12-08,17,21.43,21.13,21.34,19.78,22.43,21.78,20.52,18.86,23.6,22.91
2017-12-08T18:00,2017-12-08,18,21.51,21.53,20.47,21.77,21.59,21.44,21.41,20.43,22.91,21.02
2017-12-08T19:00,2017-12-08,19,21.17,21.45,20.37,21.59,21.33,21.75,20.85,20.12,21.82,20.28
2017-12-08T20:00,2017-12-08,20,20.75,21.04,20.31,21.14,20.85,21.19,20.62,19.69,21.23,19.68
2017-12-08T21:00,2017-12-08,21,20.58,20.81,20.4,20.88,20.91,21.06,20.54,19.45,21.24,19.11
2017-12-08T22:00,2017-12-08,22,20.35,20.89,20.56,20.55,20.12,20.62,20.37,19.34,20.91,18.46
2017-12-08T23:00,2017-12-08,23,20.14,20.76,20.59,20.07,19.65,20.41,20.27,19.44,20.69,18.04
2017-12-09T00:00,2017-12-09,0,19.92,20.39,20.61,19.68,19.7,20.28,20.01,19.41,20.47,17.83
2017-12-09T01:00,2017-12-09,1,19.79,20.12,20.59,19.54,19.63,20.36,19.91,19.39,20.37,17.71
2017-12-09T02:00,2017-12-09,2,19.7,19.92,20.8,19.35,19.98,20.42,19.69,19.44,20.05,17.75
2017-12-09T03:00,2017-12-09,3,19.54,19.51,20.97,19.37,20.05,20.37,19.51,19.45,19.81,17.52
2017-12-09T04:00,2017-12-09,4,19.49,19.4,21.18,19.52,19.97,20.34,19.35,19.51,19.76,17.31
2017-12-09T05:00,2017-12-09,5,19.42,19.32,21.3,19.52,19.94,20.34,19.26,19.67,19.65,16.87
2017-12-09T06:00,2017-12-09,6,19.1,19.12,21.27,19.11,19.47,19.58,19.27,19.31,19.22,16.35
2017-12-09T07:00,2017-12-09,7,19.4,19.36,21.71,19.32,19.68,19.94,19.48,19.67,19.35,16.98
2017-12-09T08:00,2017-12-09,8,20.01,19.66,22.69,19.74,20.06,20.24,19.79,20.22,20.14,18.82
2017-12-09T09:00,2017-12-09,9,20.74,19.91,24.0,20.17,20.58,20.46,20.16,21.1,21.17,21.08
2017-12-09T10:00,2017-12-09,10,21.44,20.45,24.42,20.73,20.95,20.74,20.54,21.85,22.2,22.94
2017-12-09T11:00,2017-12-09,11,22.01,20.7,24.68,21.64,21.53,21.1,20.65,22.46,23.05,24.52
2017-12-09T12:00,2017-12-09,12,22.42,21.1,25.02,22.3,21.44,20.98,20.98,23.27,23.21,25.59
2017-12-09T13:00,2017-12-09,13,22.67,21.39,25.17,23.06,21.49,20.74,21.17,24.17,22.85,26.13
2017-12-09T14:00,2017-12-09,14,22.83,21.82,25.02,23.42,21.2,20.86,21.5,24.3,22.6,26.3
2017-12-09T15:00,2017-12-09,15,22.79,21.92,24.96,23.62,20.99,20.93,21.7,24.42,21.91,26.07
2017-12-09T16:00,2017-12-09,16,22.41,21.76,24.58,23.32,20.57,20.64,21.61,24.12,21.24,25.08
2017-12-09T17:00,2017-12-09,17,21.86,21.32,23.86,22.79,20.23,20.38,21.78,23.95,20.87,22.9
2017-12-09T18:00,2017-12-09,18,21.05,20.81,21.77,22.23,19.96,20.2,21.43,22.08,19.97,21.42
2017-12-09T19:00,2017-12-09,19,21.04,20.92,21.55,22.09,20.1,20.24,21.26,22.21,20.05,21.28
2017-12-09T20:00,2017-12-09,20,20.92,20.87,21.58,21.78,20.08,20.15,21.11,22.34,19.93,20.88
2017-12-09T21:00,2017-12-09,21,20.88,20.83,21.82,21.6,20.12,20.01,21.05,22.33,20.02,20.62
2017-12-09T22:00,2017-12-09,22,20.86,20.88,21.82,21.49,20.09,19.88,21.12,22.46,20.05,20.37
2017-12-09T23:00,2017-12-09,23,20.85,20.84,22.06,21.34,20.11,19.93,21.19,22.46,20.05,20.23
2017-12-10T00:00,2017-12-10,0,20.84,20.81,22.01,21.16,20.12,20.02,21.27,22.48,20.06,20.21
2017-12-10T01:00,2017-12-10,1,20.73,20.77,21.6,21.01,20.01,19.92,21.36,22.31,20.05,19.97
2017-12-10T02:00,2017-12-10,2,20.64,20.67,21.34,20.93,19.88,19.88,21.34,22.03,20.04,19.93
2017-12-10T03:00,2017-12-10,3,20.55,20.54,21.29,20.86,19.86,19.47,21.39,21.99,20.07,19.8
2017-12-10T04:00,2017-12-10,4,20.55,20.48,21.47,20.8,19.91,19.7,21.33,22.03,20.12,19.63
2017-12-10T05:00,2017-12-10,5,20.59,20.47,21.83,20.76,19.84,19.95,21.23,22.22,20.17,19.62
2017-12-10T06:00,2017-12-10,6,20.16,19.95,21.43,20.1,19.76,19.34,20.95,21.79,19.91,19.19
2017-12-10T07:00,2017-12-10,7,20.4,20.14,22.13,20.47,19.94,19.57,21.02,22.24,20.08,19.25
2017-12-10T08:00,2017-12-10,8,20.87,20.54,23.16,20.84,20.41,19.98,21.19,22.87,20.4,19.97
2017-12-10T09:00,2017-12-10,9,21.52,21.07,24.29,21.49,21.23,20.36,21.52,23.33,20.97,21.11
2017-12-10T10:00,2017-12-10,10,22.24,21.42,25.3,22.29,22.43,20.7,22.1,24.0,21.84,22.36
2017-12-10T11:00,2017-12-10,11,22.92,21.61,26.39,22.88,22.96,20.89,23.14,25.0,22.83,23.57
2017-12-10T12:00,2017-12-10,12,23.37,21.7,26.86,23.27,22.98,21.44,23.88,25.76,23.31,24.74
2017-12-10T13:00,2017-12-10,13,23.62,21.83,27.42,23.26,23.01,21.67,24.15,26.38,23.56,25.3
2017-12-10T14:00,2017-12-10,14,23.47,21.68,27.26,23.15,22.45,21.72,23.73,25.53,23.57,25.74
2017-12-10T15:00,2017-12-10,15,23.26,21.64,26.55,22.68,22.3,21.35,23.51,25.07,23.5,25.78
2017-12-10T16:00,2017-12-10,16,22.95,21.43,26.06,22.54,21.91,21.06,23.18,24.63,23.31,25.27
2017-12-10T17:00,2017-12-10,17,22.31,21.12,24.84,22.39,21.48,20.73,22.46,24.12,22.52,23.54
2017-12-10T18:00,2017-12-10,18,22.33,21.77,24.79,22.99,21.21,20.57,22.9,24.32,21.97,21.79
2017-12-10T19:00,2017-12-10,19,22.33,21.82,24.8,23.18,21.22,20.65,22.79,24.32,21.78,21.73
2017-12-10T20:00,2017-12-10,20,22.14,21.67,24.65,23.37,21.04,20.59,22.58,24.18,21.42,21.08
2017-12-10T21:00,2017-12-10,21,21.99,21.62,24.33,23.41,20.95,20.61,22.38,24.11,21.13,20.58
2017-12-10T22:00,2017-12-10,22,21.82,21.59,24.16,23.44,20.85,20.54,22.08,23.94,20.76,20.08
2017-12-10T23:00,2017-12-10,23,21.7,21.5,23.96,23.51,20.43,20.53,21.79,23.75,20.59,20.12
2017-12-11T00:00,2017-12-11,0,21.57,21.38,23.52,23.53,20.48,20.6,21.48,23.51,20.72,19.69
2017-12-11T01:00,2017-12-11,1,21.38,21.06,23.59,23.4,20.57,20.52,21.24,23.26,20.73,19.22
2017-12-11T02:00,2017-12-11,2,21.31,21.02,23.51,23.23,20.54,20.66,21.13,22.89,20.69,19.19
2017-12-11T03:00,2017-12-11,3,21.24,21.0,23.22,23.1,20.59,20.64,21.05,22.58,20.64,19.23
2017-12-11T04:00,2017-12-11,4,21.11,20.96,23.01,22.91,20.39,20.53,20.88,22.25,20.51,19.15
2017-12-11T05:00,2017-12-11,5,20.96,20.89,22.79,22.64,20.27,20.65,20.82,21.95,20.24,18.95
2017-12-11T06:00,2017-12-11,6,21.04,20.92,22.85,22.92,20.34,20.31,20.85,22.1,20.54,18.96
2017-12-11T07:00,2017-12-11,7,21.16,20.93,22.97,22.84,20.74,20.66,21.11,22.05,20.68,19.18
2017-12-11T08:00,2017-12-11,8,21.71,21.37,23.57,23.0,21.37,21.09,21.7,22.34,21.33,20.42
2017-12-11T09:00,2017-12-11,9,22.56,22.3,23.79,23.13,22.7,21.38,22.58,22.92,22.69,21.95
2017-12-11T10:00,2017-12-11,10,23.56,23.42,24.19,23.22,24.06,21.96,23.42,23.87,24.22,23.66
2017-12-11T11:00,2017-12-11,11,24.49,24.48,24.27,24.03,24.86,22.69,24.2,24.73,25.55,25.06
2017-12-11T12:00,2017-12-11,12,25.4,25.41,25.0,24.81,26.0,23.34,25.12,25.46,26.65,26.05
2017-12-11T13:00,2017-12-11,13,25.87,25.97,25.22,25.35,26.5,23.34,25.59,25.68,27.27,26.66
2017-12-11T14:00,2017-12-11,14,26.05,26.16,25.58,25.49,26.61,23.34,25.74,25.71,27.46,26.97
2017-12-11T15:00,2017-12-11,15,25.98,26.21,25.33,25.3,26.5,23.32,25.72,25.55,27.36,26.92
2017-12-11T16:00,2017-12-11,16,25.61,25.85,25.07,25.08,26.02,23.16,25.46,25.03,26.81,26.32
2017-12-11T17:00,2017-12-11,17,24.29,24.59,23.89,24.31,24.45,22.58,24.52,24.41,24.76,23.94
2017-12-11T18:00,2017-12-11,18,22.99,23.27,23.21,23.31,22.93,22.01,23.09,23.43,22.3,22.91
2017-12-11T19:00,2017-12-11,19,22.63,22.77,23.14,23.2,22.58,22.13,22.75,23.05,21.92,22.09
2017-12-11T20:00,2017-12-11,20,22.06,22.01,22.99,22.61,21.92,21.99,22.54,22.89,21.04,21.27
2017-12-11T21:00,2017-12-11,21,21.52,21.19,22.76,22.01,21.17,21.84,22.17,22.86,20.66,20.51
2017-12-11T22:00,2017-12-11,22,21.07,20.57,22.55,21.65,21.26,21.8,21.42,22.42,20.12,19.93
2017-12-11T23:00,2017-12-11,23,20.7,20.12,22.23,21.26,21.14,21.63,20.9,22.02,19.74,19.63
2017-12-12T00:00,2017-12-12,0,20.38,19.68,22.31,20.87,20.95,21.52,20.53,21.75,19.34,19.27
2017-12-12T01:00,2017-12-12,1,20.05,19.45,21.93,20.49,20.6,21.35,20.03,21.28,19.06,18.88
2017-12-12T02:00,2017-12-12,2,19.73,19.29,21.23,20.02,20.27,21.23,19.85,20.85,18.74,18.43
2017-12-12T03:00,2017-12-12,3,19.49,19.16,20.97,19.82,20.01,21.14,19.61,20.65,18.41,17.87
2017-12-12T04:00,2017-12-12,4,19.29,18.85,21.19,19.64,19.68,21.1,19.44,20.44,18.07,17.76
2017-12-12T05:00,2017-12-12,5,18.96,18.57,20.52,19.25,19.08,20.89,19.25,20.16,17.72,17.54
2017-12-12T06:00,2017-12-12,6,18.53,18.08,20.33,19.16,18.58,20.69,18.65,19.63,17.02,17.22
2017-12-12T07:00,2017-12-12,7,19.05,18.58,20.76,19.75,19.26,21.21,19.24,19.94,17.79,17.34
2017-12-12T08:00,2017-12-12,8,20.42,20.06,22.0,20.45,20.25,21.87,20.68,20.82,19.95,19.3
2017-12-12T09:00,2017-12-12,9,22.35,22.32,23.53,22.09,22.03,22.8,22.39,22.15,22.4,21.73
2017-12-12T10:00,2017-12-12,10,24.23,24.34,24.94,24.0,23.87,24.08,24.34,24.09,24.43,23.76
2017-12-12T11:00,2017-12-12,11,25.55,25.69,25.81,25.33,25.22,25.01,25.77,25.55,25.77,25.35
2017-12-12T12:00,2017-12-12,12,26.4,26.57,26.29,26.13,26.18,25.72,26.64,26.4,26.66,26.4
2017-12-12T13:00,2017-12-12,13,26.87,26.94,26.62,26.44,26.82,26.18,27.19,26.78,27.26,27.13
2017-12-12T14:00,2017-12-12,14,27.03,27.16,26.36,26.56,26.99,26.52,27.47,26.88,27.42,27.3
2017-12-12T15:00,2017-12-12,15,26.85,26.93,26.07,26.48,26.85,26.39,27.37,26.76,27.28,27.06
2017-12-12T16:00,2017-12-12,16,26.15,26.17,25.37,25.86,26.01,25.73,26.83,26.35,26.4,26.35
2017-12-12T17:00,2017-12-12,17,24.12,24.29,23.64,24.12,23.37,23.98,25.45,24.89,23.71,23.43
2017-12-12T18:00,2017-12-12,18,22.82,22.85,22.9,23.03,21.84,22.91,24.38,24.07,22.19,21.57
2017-12-12T19:00,2017-12-12,19,21.97,22.04,22.56,21.8,21.37,22.0,22.76,23.52,21.4,20.93
2017-12-12T20:00,2017-12-12,20,21.19,21.42,21.45,21.21,20.51,21.4,22.0,22.31,20.41,20.25
2017-12-12T21:00,2017-12-12,21,20.35,20.06,20.59,20.58,19.81,20.83,21.4,21.53,19.78,19.66
2017-12-12T22:00,2017-12-12,22,19.74,19.27,19.98,19.94,19.07,20.53,20.74,21.58,19.31,18.99
2017-12-12T23:00,2017-12-12,23,19.42,19.26,19.72,19.3,18.87,20.19,20.4,20.89,18.92,18.41
2017-12-13T00:00,2017-12-13,0,19.1,19.12,19.48,19.06,18.97,19.53,19.79,20.32,18.4,18.07
2017-12-13T01:00,2017-12-13,1,18.74,18.62,19.06,18.78,18.58,19.25,19.77,20.38,17.82,17.73
2017-12-13T02:00,2017-12-13,2,18.38,18.26,18.88,18.98,17.63,18.32,19.25,20.34,17.49,17.33
2017-12-13T03:00,2017-12-13,3,18.21,18.34,18.53,18.72,17.46,17.89,19.19,20.09,17.24,16.96
2017-12-13T04:00,2017-12-13,4,18.0,18.22,18.19,18.14,17.71,18.34,18.73,19.17,17.13,16.77
2017-12-13T05:00,2017-12-13,5,17.74,17.99,18.17,17.41,17.83,18.42,18.69,18.88,16.59,16.39
2017-12-13T06:00,2017-12-13,6,17.46,17.73,18.21,17.04,17.05,18.19,18.54,18.54,16.52,15.91
2017-12-13T07:00,2017-12-13,7,17.82,18.13,18.81,17.49,17.22,18.57,18.94,18.4,17.16,15.89
2017-12-13T08:00,2017-12-13,8,19.32,19.49,20.52,18.86,18.54,19.36,20.28,19.12,19.07,18.35
2017-12-13T09:00,2017-12-13,9,21.41,21.74,22.69,20.93,20.49,20.71,22.1,20.94,21.33,20.84
2017-12-13T10:00,2017-12-13,10,23.66,24.06,24.68,23.55,22.96,22.68,24.04,23.16,23.73,22.9
2017-12-13T11:00,2017-12-13,11,25.31,25.62,25.96,25.39,24.6,24.43,25.61,25.15,25.51,24.48
2017-12-13T12:00,2017-12-13,12,26.26,26.46,26.67,26.27,25.65,25.34,26.7,26.28,26.53,25.63
2017-12-13T13:00,2017-12-13,13,26.78,26.84,27.07,26.79,26.3,25.91,27.28,26.83,27.1,26.36
2017-12-13T14:00,2017-12-13,14,26.97,26.99,27.16,26.92,26.53,26.01,27.52,26.96,27.35,26.74
2017-12-13T15:00,2017-12-13,15,26.87,26.93,26.77,26.7,26.49,25.94,27.44,26.9,27.33,26.76
2017-12-13T16:00,2017-12-13,16,26.23,26.43,25.71,25.98,25.87,25.42,26.95,26.4,26.54,26.04
2017-12-13T17:00,2017-12-13,17,23.95,24.27,23.21,23.84,24.39,23.63,24.94,25.0,23.37,22.86
2017-12-13T18:00,2017-12-13,18,22.43,22.65,21.93,22.43,22.91,23.02,23.49,22.84,21.39,21.47
2017-12-13T19:00,2017-12-13,19,21.82,22.06,21.4,22.54,22.07,21.12,22.97,22.69,20.78,20.59
2017-12-13T20:00,2017-12-13,20,20.96,20.79,20.68,21.78,21.12,19.83,22.63,22.23,20.12,19.95
2017-12-13T21:00,2017-12-13,21,20.39,20.47,20.09,21.19,20.43,19.28,21.97,21.18,19.38,19.36
2017-12-13T22:00,2017-12-13,22,19.63,19.61,19.64,20.26,19.93,18.74,20.93,20.49,18.68,18.66
2017-12-13T23:00,2017-12-13,23,19.0,19.1,19.23,19.27,19.48,17.96,20.16,19.53,18.3,17.9
2017-12-14T00:00,2017-12-14,0,18.66,18.8,18.99,18.82,19.17,17.61,19.59,19.28,18.15,17.52
2017-12-14T01:00,2017-12-14,1,18.18,18.18,18.7,17.86,18.49,17.46,18.99,19.21,17.9,17.36
2017-12-14T02:00,2017-12-14,2,17.78,18.01,18.43,17.42,17.69,17.15,18.24,18.88,17.47,16.84
2017-12-14T03:00,2017-12-14,3,17.37,17.7,18.13,17.16,17.18,17.09,17.64,18.18,16.97,16.25
2017-12-14T04:00,2017-12-14,4,17.04,17.17,17.97,16.88,16.68,16.86,17.41,18.2,16.56,16.09
2017-12-14T05:00,2017-12-14,5,16.8,16.81,17.73,16.75,16.44,16.65,17.39,18.13,16.21,15.88
2017-12-14T06:00,2017-12-14,6,16.59,16.53,17.35,16.73,16.26,16.67,17.55,17.95,15.96,15.18
2017-12-14T07:00,2017-12-14,7,17.16,17.01,18.17,17.53,16.83,17.46,17.74,18.42,16.76,15.62
2017-12-14T08:00,2017-12-14,8,18.84,18.47,20.52,19.22,18.15,19.18,19.13,19.67,19.01,17.33
2017-12-14T09:00,2017-12-14,9,20.98,20.44,23.14,21.51,20.15,21.39,21.21,21.27,21.56,19.26
2017-12-14T10:00,2017-12-14,10,23.22,23.01,25.16,23.83,22.43,23.23,23.36,23.29,23.68,21.3
2017-12-14T11:00,2017-12-14,11,24.91,24.97,26.57,25.37,24.17,24.58,25.18,25.02,25.2,22.98
2017-12-14T12:00,2017-12-14,12,25.97,26.04,27.48,26.27,25.28,25.38,26.37,26.2,26.21,24.33
2017-12-14T13:00,2017-12-14,13,26.56,26.64,27.84,26.66,25.95,25.73,26.98,26.79,26.83,25.29
2017-12-14T14:00,2017-12-14,14,26.77,26.9,27.75,26.73,26.19,25.92,27.25,26.96,27.02,25.8
2017-12-14T15:00,2017-12-14,15,26.61,26.73,27.26,26.49,26.17,25.83,27.18,26.83,26.82,25.77
2017-12-14T16:00,2017-12-14,16,25.76,25.91,25.96,25.69,25.35,25.27,26.51,26.28,25.74,24.89
2017-12-14T17:00,2017-12-14,17,23.16,23.61,23.07,23.32,22.15,22.69,24.19,24.62,22.58,21.73
2017-12-14T18:00,2017-12-14,18,21.13,20.89,21.64,21.07,20.15,22.24,22.82,22.74,20.48,19.6
2017-12-14T19:00,2017-12-14,19,20.72,20.69,21.28,20.4,19.65,21.6,22.56,22.13,19.96,19.19
2017-12-14T20:00,2017-12-14,20,19.89,19.62,20.59,19.83,18.87,20.25,22.49,21.5,18.86,18.27
2017-12-14T21:00,2017-12-14,21,19.16,18.8,20.0,19.0,18.32,19.43,21.94,21.0,18.01,17.59
2017-12-14T22:00,2017-12-14,22,18.58,18.13,19.41,18.48,18.11,18.63,21.08,20.67,17.54,17.05
2017-12-14T23:00,2017-12-14,23,18.15,17.52,18.95,18.44,17.45,18.5,20.58,20.15,17.28,16.56
2017-12-15T00:00,2017-12-15,0,17.66,16.96,18.52,18.3,16.53,18.68,19.84,19.24,17.08,15.86
2017-12-15T01:00,2017-12-15,1,17.09,16.57,18.06,17.33,16.08,17.96,18.56,18.83,16.62,15.69
2017-12-15T02:00,2017-12-15,2,16.68,16.14,17.75,16.99,15.75,17.44,18.27,18.19,16.25,15.09
2017-12-15T03:00,2017-12-15,3,16.26,15.74,17.4,16.51,15.8,16.52,17.79,17.77,15.9,14.57
2017-12-15T04:00,2017-12-15,4,16.0,15.58,17.2,16.33,15.8,16.15,17.42,17.35,15.57,14.17
2017-12-15T05:00,2017-12-15,5,15.75,15.52,16.84,16.0,15.22,16.05,17.0,17.2,15.15,14.02
2017-12-15T06:00,2017-12-15,6,15.27,15.15,15.61,15.45,14.46,16.28,16.54,16.83,14.45,13.91
2017-12-15T07:00,2017-12-15,7,15.74,15.39,16.98,16.15,14.86,16.73,16.9,17.57,14.95,13.95
2017-12-15T08:00,2017-12-15,8,17.7,17.5,19.6,18.09,16.32,18.0,18.73,18.72,17.3,15.89
2017-12-15T09:00,2017-12-15,9,20.13,20.32,22.12,20.76,18.03,19.97,20.94,20.6,19.71,18.32
2017-12-15T10:00,2017-12-15,10,22.3,22.57,23.94,23.14,20.43,21.83,22.98,22.95,21.69,20.63
2017-12-15T11:00,2017-12-15,11,23.83,24.04,25.01,24.66,22.54,23.29,24.4,24.63,23.2,22.44
2017-12-15T12:00,2017-12-15,12,24.74,24.87,25.48,25.25,23.96,24.26,25.28,25.43,24.3,23.66
2017-12-15T13:00,2017-12-15,13,25.23,25.36,25.77,25.46,24.6,24.78,25.74,25.86,24.95,24.39
2017-12-15T14:00,2017-12-15,14,25.38,25.49,25.72,25.5,24.84,25.0,25.92,25.89,25.25,24.67
2017-12-15T15:00,2017-12-15,15,25.2,25.26,25.41,25.24,24.77,24.91,25.72,25.7,25.15,24.6
2017-12-15T16:00,2017-12-15,16,24.34,24.31,24.35,24.4,24.12,24.14,24.9,24.9,24.16,23.93
2017-12-15T17:00,2017-12-15,17,21.44,21.26,21.42,22.25,21.04,21.5,22.0,22.03,20.87,20.99
2017-12-15T18:00,2017-12-15,18,19.68,19.22,19.63,20.53,20.46,21.1,20.56,19.86,18.46,18.9
2017-12-15T19:00,2017-12-15,19,18.83,18.33,19.33,18.96,19.58,20.56,19.32,19.29,17.89,18.26
2017-12-15T20:00,2017-12-15,20,17.85,17.11,18.67,17.99,17.99,19.14,18.92,18.8,17.15,17.24
2017-12-15T21:00,2017-12-15,21,17.38,16.56,18.01,17.75,17.01,19.52,18.44,18.51,16.33,17.04
2017-12-15T22:00,2017-12-15,22,16.84,15.87,17.45,17.5,16.53,18.63,18.01,18.16,15.66,16.68
2017-12-15T23:00,2017-12-15,23,16.25,15.21,17.04,16.79,16.23,18.24,17.4,17.57,14.98,16.06
2017-12-16T00:00,2017-12-16,0,15.86,15.18,16.49,16.05,16.09,17.44,16.81,17.24,14.52,15.56
2017-12-16T01:00,2017-12-16,1,15.33,14.74,15.88,15.31,15.31,16.42,16.1,17.09,14.26,15.28
2017-12-16T02:00,2017-12-16,2,14.88,14.15,15.51,15.07,14.56,16.26,15.55,16.7,14.01,14.72
2017-12-16T03:00,2017-12-16,3,14.49,13.72,15.19,14.62,14.32,15.52,15.36,16.11,13.63,14.45
2017-12-16T04:00,2017-12-16,4,14.1,13.35,14.7,14.14,13.8,15.22,14.94,15.79,13.17,14.37
2017-12-16T05:00,2017-12-16,5,13.86,13.03,14.12,14.07,13.7,15.17,14.41,15.75,12.84,14.43
2017-12-16T06:00,2017-12-16,6,13.5,12.65,13.48,13.37,13.51,14.72,14.44,15.87,12.72,13.75
2017-12-16T07:00,2017-12-16,7,14.04,13.28,14.33,14.12,14.21,15.56,14.7,15.84,13.11,14.0
2017-12-16T08:00,2017-12-16,8,16.26,15.45,17.19,16.55,15.62,16.91,17.19,18.17,15.47,16.3
2017-12-16T09:00,2017-12-16,9,18.95,18.51,20.04,19.38,18.17,18.86,19.59,20.22,18.23,18.84
2017-12-16T10:00,2017-12-16,10,21.34,21.15,22.26,21.76,20.89,20.92,21.51,22.1,20.66,21.48
2017-12-16T11:00,2017-12-16,11,22.99,22.85,23.65,23.21,22.8,22.47,22.86,23.55,22.56,23.42
2017-12-16T12:00,2017-12-16,12,24.0,23.86,24.53,24.05,23.95,23.63,23.75,24.29,23.75,24.54
2017-12-16T13:00,2017-12-16,13,24.52,24.37,25.0,24.44,24.53,24.33,24.28,24.67,24.39,25.08
2017-12-16T14:00,2017-12-16,14,24.74,24.6,25.05,24.58,24.77,24.67,24.58,24.72,24.71,25.25
2017-12-16T15:00,2017-12-16,15,24.63,24.48,24.75,24.38,24.76,24.74,24.5,24.46,24.69,25.16
2017-12-16T16:00,2017-12-16,16,23.92,23.72,23.81,23.57,24.26,24.32,23.77,23.56,24.07,24.64
2017-12-16T17:00,2017-12-16,17,21.2,20.84,20.87,20.74,22.44,21.3,20.95,20.72,21.93,21.64
2017-12-16T18:00,2017-12-16,18,19.4,18.45,19.28,19.03,20.16,20.7,19.28,18.92,19.42,21.3
2017-12-16T19:00,2017-12-16,19,18.81,18.16,18.63,18.23,18.83,20.79,18.67,18.5,18.66,20.5
2017-12-16T20:00,2017-12-16,20,17.89,17.38,17.61,17.42,17.89,20.12,17.8,17.79,17.45,19.16
2017-12-16T21:00,2017-12-16,21,17.23,16.74,16.85,17.0,17.22,19.58,17.23,17.27,16.9,17.89
2017-12-16T22:00,2017-12-16,22,16.71,16.27,16.05,16.68,16.81,18.11,16.94,16.79,16.49,17.42
2017-12-16T23:00,2017-12-16,23,16.26,15.79,15.98,16.21,16.63,16.76,16.68,16.28,16.17,16.85
2017-12-17T00:00,2017-12-17,0,15.9,15.3,15.99,15.71,16.54,16.31,16.22,15.8,15.96,16.53
2017-12-17T01:00,2017-12-17,1,15.61,15.08,15.64,15.33,16.33,15.91,15.82,15.59,15.73,16.2
2017-12-17T02:00,2017-12-17,2,15.33,14.86,15.23,15.11,16.09,15.23,15.52,15.21,15.49,16.1
2017-12-17T03:00,2017-12-17,3,15.07,14.61,14.77,15.31,15.51,15.0,15.14,15.25,15.29,15.57
2017-12-17T04:00,2017-12-17,4,14.84,14.35,14.56,15.21,15.3,14.79,14.82,15.27,14.95,15.27
2017-12-17T05:00,2017-12-17,5,14.62,14.11,14.85,14.98,14.7,14.71,14.51,15.2,14.62,14.99
2017-12-17T06:00,2017-12-17,6,14.32,13.71,15.14,14.08,14.61,15.09,14.44,15.04,14.0,14.68
2017-12-17T07:00,2017-12-17,7,14.88,14.44,15.73,14.74,15.37,15.7,14.51,15.59,14.43,15.16
2017-12-17T08:00,2017-12-17,8,16.58,16.29,17.19,16.48,16.1,16.85,16.32,17.76,16.32,17.1
2017-12-17T09:00,2017-12-17,9,18.64,18.63,19.07,18.42,17.2,18.01,18.42,19.87,18.66,19.51
2017-12-17T10:00,2017-12-17,10,20.76,21.0,21.18,20.69,19.13,19.59,20.4,21.64,20.82,21.65
2017-12-17T11:00,2017-12-17,11,22.59,22.8,23.3,22.55,21.37,21.64,22.08,23.01,22.6,23.26
2017-12-17T12:00,2017-12-17,12,23.8,23.9,24.75,23.67,23.15,23.06,23.25,23.76,23.83,24.42
2017-12-17T13:00,2017-12-17,13,24.46,24.54,25.38,24.18,24.1,23.95,23.93,24.13,24.62,24.98
2017-12-17T14:00,2017-12-17,14,24.74,24.85,25.57,24.42,24.53,24.24,24.25,24.37,24.97,25.06
2017-12-17T15:00,2017-12-17,15,24.66,24.78,25.31,24.29,24.52,24.16,24.26,24.19,24.95,24.93
2017-12-17T16:00,2017-12-17,16,24.03,24.09,24.35,23.59,24.07,23.63,23.72,23.68,24.33,24.48
2017-12-17T17:00,2017-12-17,17,21.49,21.31,21.44,20.49,22.12,21.42,21.07,21.16,22.16,22.57
2017-12-17T18:00,2017-12-17,18,19.88,19.52,19.35,18.98,20.44,20.22,19.63,19.58,20.82,20.93
2017-12-17T19:00,2017-12-17,19,19.32,18.96,18.96,18.52,19.9,20.01,19.13,19.27,19.87,20.18
2017-12-17T20:00,2017-12-17,20,18.71,18.49,18.29,17.72,19.08,19.65,18.56,18.89,19.26,19.26
2017-12-17T21:00,2017-12-17,21,18.01,17.52,17.6,17.2,17.98,19.52,18.11,18.27,18.6,18.67
2017-12-17T22:00,2017-12-17,22,17.45,16.99,17.01,16.63,17.29,18.74,17.71,18.16,17.93,18.0
2017-12-17T23:00,2017-12-17,23,17.12,17.07,16.67,16.01,16.52,17.98,17.26,17.69,17.68,17.66
2017-12-18T00:00,2017-12-18,0,16.66,16.7,16.27,15.44,16.04,17.23,16.94,16.77,17.34,17.2
2017-12-18T01:00,2017-12-18,1,16.13,15.78,15.86,14.99,15.94,15.61,16.75,16.23,17.11,17.15
2017-12-18T02:00,2017-12-18,2,15.75,15.33,15.5,14.46,16.14,14.93,16.58,15.89,16.74,16.64
2017-12-18T03:00,2017-12-18,3,15.37,14.95,15.15,13.98,15.37,14.94,16.28,15.8,16.4,16.16
2017-12-18T04:00,2017-12-18,4,15.09,14.8,14.63,13.88,14.98,14.27,16.05,15.81,15.98,15.74
2017-12-18T05:00,2017-12-18,5,14.92,14.8,14.34,13.84,14.94,14.24,15.69,15.52,15.62,15.43
2017-12-18T06:00,2017-12-18,6,14.81,14.88,13.96,13.62,15.15,14.47,15.14,16.17,15.17,15.19
2017-12-18T07:00,2017-12-18,7,15.37,15.49,15.22,14.39,15.57,15.12,15.28,16.61,15.54,15.54
2017-12-18T08:00,2017-12-18,8,16.51,16.19,17.8,15.88,16.24,16.0,16.62,17.27,16.88,16.53
2017-12-18T09:00,2017-12-18,9,18.02,17.38,20.2,17.84,17.24,17.62,18.37,18.13,18.56,17.91
2017-12-18T10:00,2017-12-18,10,19.92,19.08,22.69,20.09,19.12,19.6,20.14,19.42,20.29,20.05
2017-12-18T11:00,2017-12-18,11,21.81,21.08,24.58,21.92,21.42,21.7,21.66,20.72,21.89,22.29
2017-12-18T12:00,2017-12-18,12,23.26,22.83,25.7,23.17,23.06,23.38,22.85,21.83,23.18,23.81
2017-12-18T13:00,2017-12-18,13,24.05,23.61,26.17,23.84,24.01,24.46,23.44,22.79,24.11,24.69
2017-12-18T14:00,2017-12-18,14,24.31,23.87,26.14,24.16,24.41,25.03,23.54,23.15,24.36,24.91
2017-12-18T15:00,2017-12-18,15,24.25,23.86,25.64,24.09,24.39,25.14,23.5,23.19,24.37,24.85
2017-12-18T16:00,2017-12-18,16,23.69,23.31,24.36,23.45,23.99,24.61,23.15,22.74,23.9,24.35
2017-12-18T17:00,2017-12-18,17,21.76,21.21,21.63,20.18,22.62,23.47,22.11,20.6,22.41,22.8
2017-12-18T18:00,2017-12-18,18,19.72,19.15,19.53,18.87,18.91,21.0,20.59,19.23,19.95,21.2
2017-12-18T19:00,2017-12-18,19,18.93,18.46,18.93,18.17,18.1,19.85,20.09,18.72,19.1,19.73
2017-12-18T20:00,2017-12-18,20,18.18,17.65,18.76,17.3,17.72,18.52,19.37,18.06,18.39,18.84
2017-12-18T21:00,2017-12-18,21,17.61,16.95,18.89,16.84,17.19,17.86,18.91,17.55,17.47,18.16
2017-12-18T22:00,2017-12-18,22,17.0,16.3,16.8,16.52,16.82,17.94,18.42,17.27,16.85,17.66
2017-12-18T23:00,2017-12-18,23,16.62,16.0,15.86,15.83,16.64,17.77,17.75,17.01,16.91,17.25
2017-12-19T00:00,2017-12-19,0,16.27,15.76,15.72,15.21,16.4,16.95,17.23,16.58,16.72,16.98
2017-12-19T01:00,2017-12-19,1,15.92,15.55,15.39,14.75,16.18,16.15,16.82,16.06,16.51,16.56
2017-12-19T02:00,2017-12-19,2,15.64,15.21,14.99,14.57,15.8,16.2,16.64,15.64,16.3,16.21
2017-12-19T03:00,2017-12-19,3,15.32,14.95,14.75,14.43,15.27,15.75,16.32,15.33,16.04,15.66
2017-12-19T04:00,2017-12-19,4,15.0,14.58,14.44,14.19,14.84,15.26,16.17,14.92,15.72,15.35
2017-12-19T05:00,2017-12-19,5,14.67,14.12,14.58,14.09,14.62,15.13,15.79,14.3,15.14,15.02
2017-12-19T06:00,2017-12-19,6,14.52,14.25,15.2,13.71,15.14,15.12,15.13,13.92,14.25,14.72
2017-12-19T07:00,2017-12-19,7,15.36,15.34,15.92,14.77,16.05,16.07,15.73,14.98,14.87,15.09
2017-12-19T08:00,2017-12-19,8,16.58,16.4,17.44,15.9,16.89,17.51,16.69,16.72,16.26,16.52
2017-12-19T09:00,2017-12-19,9,18.22,17.98,19.06,17.46,18.37,19.72,18.04,18.47,17.77,18.51
2017-12-19T10:00,2017-12-19,10,20.25,20.2,20.9,19.54,20.42,21.99,19.72,20.05,19.62,20.82
2017-12-19T11:00,2017-12-19,11,22.15,22.17,23.05,21.56,22.46,23.95,21.32,21.48,21.43,22.72
2017-12-19T12:00,2017-12-19,12,23.49,23.46,24.66,23.13,23.82,25.11,22.39,22.42,23.02,24.0
2017-12-19T13:00,2017-12-19,13,24.14,23.91,25.56,24.03,24.68,25.71,22.82,23.11,23.8,24.62
2017-12-19T14:00,2017-12-19,14,24.44,24.19,25.86,24.45,25.19,25.94,23.12,23.49,24.02,24.76
2017-12-19T15:00,2017-12-19,15,24.4,24.19,25.5,24.52,25.22,25.82,23.11,23.54,23.99,24.71
2017-12-19T16:00,2017-12-19,16,23.9,23.81,24.37,24.1,24.7,25.09,22.69,23.04,23.59,24.21
2017-12-19T17:00,2017-12-19,17,22.11,21.97,21.87,21.81,23.63,22.96,20.93,21.09,22.07,23.16
2017-12-19T18:00,2017-12-19,18,20.21,19.77,19.31,20.16,22.02,21.9,19.86,19.82,19.86,20.76
2017-12-19T19:00,2017-12-19,19,19.14,18.4,18.59,19.17,19.74,20.83,19.17,18.56,19.45,19.88
2017-12-19T20:00,2017-12-19,20,18.19,17.53,18.08,18.19,19.26,19.18,18.49,17.11,18.45,18.54
2017-12-19T21:00,2017-12-19,21,17.58,16.68,17.5,17.54,18.48,18.49,17.95,17.49,18.37,17.54
2017-12-19T22:00,2017-12-19,22,17.04,16.13,16.8,17.01,17.37,17.67,17.88,17.5,17.73,17.05
2017-12-19T23:00,2017-12-19,23,16.53,15.86,16.48,16.26,16.72,17.28,17.53,15.83,17.04,16.77
2017-12-20T00:00,2017-12-20,0,16.09,15.45,16.21,16.04,16.54,17.22,16.57,15.12,16.34,16.36
2017-12-20T01:00,2017-12-20,1,15.85,15.38,15.96,16.34,16.04,16.76,15.89,14.83,16.02,16.02
2017-12-20T02:00,2017-12-20,2,15.54,15.27,15.94,15.45,15.49,16.22,15.49,14.53,15.88,15.8
2017-12-20T03:00,2017-12-20,3,15.33,15.11,15.68,15.03,15.19,15.77,15.33,14.32,15.96,15.56
2017-12-20T04:00,2017-12-20,4,15.18,14.93,16.0,15.01,15.03,15.63,14.6,14.14,15.94,15.43
2017-12-20T05:00,2017-12-20,5,15.08,14.73,16.09,15.09,14.62,15.42,14.91,13.87,15.76,15.25
2017-12-20T06:00,2017-12-20,6,14.83,14.81,16.2,14.91,14.66,15.39,13.75,13.89,14.77,15.1
2017-12-20T07:00,2017-12-20,7,15.37,15.44,16.93,15.71,15.28,16.04,14.16,14.13,15.16,15.31
2017-12-20T08:00,2017-12-20,8,16.57,16.22,17.95,16.46,16.56,17.62,15.82,15.18,16.6,17.25
2017-12-20T09:00,2017-12-20,9,18.21,17.36,19.4,17.49,18.91,19.83,17.95,16.88,18.49,19.35
2017-12-20T10:00,2017-12-20,10,20.2,19.01,21.17,18.96,21.46,22.25,20.16,19.67,20.67,21.45
2017-12-20T11:00,2017-12-20,11,22.12,21.02,22.95,20.87,23.45,24.26,21.64,21.77,22.72,23.32
2017-12-20T12:00,2017-12-20,12,23.58,22.87,24.47,22.6,24.72,25.53,22.4,23.0,24.13,24.6
2017-12-20T13:00,2017-12-20,13,24.45,24.01,25.57,23.97,25.42,26.18,22.87,23.72,24.57,25.29
2017-12-20T14:00,2017-12-20,14,24.84,24.57,25.86,24.55,25.72,26.46,23.18,24.1,24.73,25.6
2017-12-20T15:00,2017-12-20,15,24.84,24.64,25.66,24.67,25.71,26.37,23.24,24.09,24.67,25.55
2017-12-20T16:00,2017-12-20,16,24.33,24.13,24.86,24.18,25.13,25.78,22.98,23.78,24.19,24.9
2017-12-20T17:00,2017-12-20,17,22.34,22.23,22.02,21.45,23.4,23.61,22.14,22.64,21.91,22.83
2017-12-20T18:00,2017-12-20,18,20.62,19.49,20.33,19.56,21.9,22.92,20.55,21.22,21.48,21.35
2017-12-20T19:00,2017-12-20,19,19.73,18.61,20.17,18.7,21.21,20.7,19.73,20.44,20.53,20.41
2017-12-20T20:00,2017-12-20,20,18.72,17.51,19.45,18.27,20.2,18.98,19.0,19.24,19.6,18.94
2017-12-20T21:00,2017-12-20,21,18.11,16.89,18.84,17.69,19.65,18.62,18.79,18.84,18.46,18.21
2017-12-20T22:00,2017-12-20,22,17.61,16.41,18.2,17.11,18.98,19.68,17.85,18.84,17.81,17.36
2017-12-20T23:00,2017-12-20,23,17.18,16.17,17.68,16.75,18.99,19.04,16.73,18.85,17.34,16.79
2017-12-21T00:00,2017-12-21,0,16.61,15.82,17.34,16.67,17.15,17.27,16.34,18.31,16.43,16.81
2017-12-21T01:00,2017-12-21,1,16.2,15.36,17.0,16.7,16.17,16.87,16.0,17.42,16.02,16.54
2017-12-21T02:00,2017-12-21,2,15.82,15.14,16.6,16.67,16.08,16.49,15.64,15.88,15.53,15.9
2017-12-21T03:00,2017-12-21,3,15.5,14.95,16.77,15.7,15.94,16.25,15.27,15.42,15.13,15.58
2017-12-21T04:00,2017-12-21,4,15.19,14.84,16.59,15.51,15.49,16.09,14.81,15.34,14.35,15.09
2017-12-21T05:00,2017-12-21,5,15.1,15.07,16.58,15.5,14.79,15.85,14.54,15.58,14.13,14.77
2017-12-21T06:00,2017-12-21,6,15.06,15.08,16.72,15.62,14.77,15.36,13.9,15.33,14.2,15.15
2017-12-21T07:00,2017-12-21,7,15.43,15.4,17.32,16.0,15.46,16.2,13.92,15.65,14.56,15.28
2017-12-21T08:00,2017-12-21,8,16.46,16.32,18.35,16.63,16.65,17.66,14.98,16.31,15.5,16.94
2017-12-21T09:00,2017-12-21,9,17.85,17.53,19.81,17.7,17.96,19.39,16.51,17.23,16.95,18.91
2017-12-21T10:00,2017-12-21,10,19.87,19.46,21.74,19.18,20.17,21.26,18.79,19.19,19.3,21.2
2017-12-21T11:00,2017-12-21,11,22.01,21.65,23.36,21.22,22.6,23.09,20.85,21.48,21.91,23.22
2017-12-21T12:00,2017-12-21,12,23.61,23.45,24.61,23.05,24.26,24.52,22.13,23.19,23.52,24.66
2017-12-21T13:00,2017-12-21,13,24.48,24.39,25.56,24.19,25.12,25.28,22.82,24.0,24.31,25.37
2017-12-21T14:00,2017-12-21,14,24.87,24.83,25.82,24.72,25.45,25.72,23.16,24.37,24.67,25.71
2017-12-21T15:00,2017-12-21,15,24.86,24.84,25.58,24.74,25.4,25.76,23.21,24.4,24.68,25.6
2017-12-21T16:00,2017-12-21,16,24.37,24.4,24.69,24.3,24.88,25.34,22.94,24.07,24.13,25.01
2017-12-21T17:00,2017-12-21,17,22.31,22.64,22.05,21.62,23.67,23.3,21.34,22.19,21.25,23.12
2017-12-21T18:00,2017-12-21,18,20.5,20.26,20.75,20.65,21.07,21.37,19.36,20.37,19.85,21.79
2017-12-21T19:00,2017-12-21,19,19.51,19.22,20.0,19.85,20.03,19.74,18.55,19.53,19.08,20.39
2017-12-21T20:00,2017-12-21,20,18.62,18.53,19.3,18.84,18.78,19.01,17.49,19.13,17.92,19.35
2017-12-21T21:00,2017-12-21,21,17.92,17.9,18.72,17.81,18.05,18.67,16.78,18.57,17.13,18.66
2017-12-21T22:00,2017-12-21,22,17.37,16.89,18.63,17.3,17.4,19.38,16.5,17.59,16.67,17.91
2017-12-21T23:00,2017-12-21,23,16.93,16.55,18.02,17.02,16.86,18.57,16.37,17.01,16.15,17.35
2017-12-22T00:00,2017-12-22,0,16.52,16.17,17.02,16.58,16.79,17.4,16.58,16.74,15.82,16.82
2017-12-22T01:00,2017-12-22,1,16.18,15.78,16.8,16.19,16.44,17.17,16.47,16.43,15.33,16.49
2017-12-22T02:00,2017-12-22,2,15.83,15.49,16.19,16.05,16.16,16.0,16.21,16.34,15.03,16.14
2017-12-22T03:00,2017-12-22,3,15.54,15.22,15.94,15.8,15.75,15.4,15.81,16.39,14.77,15.84
2017-12-22T04:00,2017-12-22,4,15.33,15.03,16.04,15.4,15.52,15.3,15.46,16.37,14.65,15.49
2017-12-22T05:00,2017-12-22,5,15.27,15.02,16.11,16.3,15.21,15.08,15.05,15.89,14.53,15.04
2017-12-22T06:00,2017-12-22,6,14.87,14.68,15.97,14.73,14.65,14.53,14.95,15.81,14.49,14.84
2017-12-22T07:00,2017-12-22,7,15.13,14.92,16.49,15.32,15.29,15.48,14.55,15.77,14.61,14.83
2017-12-22T08:00,2017-12-22,8,16.55,16.19,17.78,16.86,16.55,16.69,15.62,16.8,16.47,16.91
2017-12-22T09:00,2017-12-22,9,18.63,18.17,19.6,18.83,18.23,18.53,17.47,18.53,19.33,19.53
2017-12-22T10:00,2017-12-22,10,21.05,20.73,21.94,21.34,20.81,20.86,19.76,20.55,21.8,21.83
2017-12-22T11:00,2017-12-22,11,22.93,22.91,23.76,23.13,22.86,22.79,21.54,22.11,23.39,23.52
2017-12-22T12:00,2017-12-22,12,24.02,24.0,25.02,24.15,24.09,24.03,22.62,23.12,24.33,24.58
2017-12-22T13:00,2017-12-22,13,24.6,24.59,25.63,24.75,24.76,24.66,23.21,23.61,24.93,25.07
2017-12-22T14:00,2017-12-22,14,24.85,24.86,25.73,25.05,25.07,24.92,23.48,23.85,25.13,25.32
2017-12-22T15:00,2017-12-22,15,24.71,24.68,25.25,24.92,24.93,24.84,23.52,23.81,25.05,25.15
2017-12-22T16:00,2017-12-22,16,24.06,23.9,24.17,24.28,24.41,24.32,23.25,23.31,24.53,24.35
2017-12-22T17:00,2017-12-22,17,22.08,21.58,21.64,22.73,23.29,22.19,22.07,21.25,22.24,22.28
2017-12-22T18:00,2017-12-22,18,21.05,20.64,19.96,21.27,21.97,22.1,20.68,19.83,21.85,21.5
2017-12-22T19:00,2017-12-22,19,20.34,20.34,19.19,19.7,21.1,21.96,19.8,19.26,20.92,20.81
2017-12-22T20:00,2017-12-22,20,19.49,19.14,18.92,19.17,20.08,19.51,19.54,18.52,20.28,20.31
2017-12-22T21:00,2017-12-22,21,18.96,18.89,18.09,18.66,19.26,18.58,19.11,18.05,19.4,20.04
2017-12-22T22:00,2017-12-22,22,18.46,18.5,17.94,18.26,18.33,18.35,18.26,17.87,18.54,19.56
2017-12-22T23:00,2017-12-22,23,17.81,17.71,17.42,17.6,17.24,18.27,17.98,17.51,17.82,18.73
2017-12-23T00:00,2017-12-23,0,17.6,17.97,17.0,16.89,17.6,17.93,17.33,17.02,17.85,17.98
2017-12-23T01:00,2017-12-23,1,17.31,17.6,16.43,16.67,18.2,17.43,17.33,16.48,17.45,17.55
2017-12-23T02:00,2017-12-23,2,16.72,16.35,16.11,16.74,17.85,17.25,16.82,16.42,16.75,17.04
2017-12-23T03:00,2017-12-23,3,16.26,16.12,15.9,16.18,17.57,16.72,15.91,15.79,16.18,16.48
2017-12-23T04:00,2017-12-23,4,16.19,16.27,16.22,16.58,17.26,15.85,16.15,15.43,15.77,15.97
2017-12-23T05:00,2017-12-23,5,15.73,15.87,15.37,15.64,16.58,15.66,15.7,15.5,15.42,15.74
2017-12-23T06:00,2017-12-23,6,14.66,14.2,14.91,14.55,15.12,14.53,14.65,14.95,14.79,15.28
2017-12-23T07:00,2017-12-23,7,14.89,14.69,15.43,14.92,14.81,15.16,14.7,15.35,14.56,15.13
2017-12-23T08:00,2017-12-23,8,16.91,16.94,17.13,16.87,17.05,16.85,16.62,17.9,16.66,16.7
2017-12-23T09:00,2017-12-23,9,19.45,19.68,19.68,19.56,19.53,19.25,19.13,20.29,19.15,18.88
2017-12-23T10:00,2017-12-23,10,21.74,22.09,22.04,22.15,21.61,21.54,21.55,22.23,21.22,20.94
2017-12-23T11:00,2017-12-23,11,23.31,23.6,23.91,23.76,23.04,23.1,23.12,23.6,22.77,22.55
2017-12-23T12:00,2017-12-23,12,24.29,24.48,25.07,24.65,24.05,24.11,24.1,24.45,23.87,23.66
2017-12-23T13:00,2017-12-23,13,24.85,25.05,25.66,25.15,24.56,24.69,24.74,24.85,24.54,24.2
2017-12-23T14:00,2017-12-23,14,25.05,25.36,25.8,25.26,24.69,24.94,25.05,24.99,24.7,24.21
2017-12-23T15:00,2017-12-23,15,24.89,25.19,25.5,25.04,24.58,24.81,25.01,24.86,24.64,23.96
2017-12-23T16:00,2017-12-23,16,24.17,24.29,24.6,24.26,23.94,24.09,24.39,24.22,24.12,23.41
2017-12-23T17:00,2017-12-23,17,21.54,21.09,21.58,21.37,21.47,21.64,22.02,21.64,22.0,21.76
2017-12-23T18:00,2017-12-23,18,20.18,19.61,20.28,19.77,20.09,20.02,20.84,20.54,20.51,20.97
2017-12-23T19:00,2017-12-23,19,19.61,19.02,20.12,19.28,19.93,19.56,19.95,19.58,19.53,20.63
2017-12-23T20:00,2017-12-23,20,18.9,18.49,19.54,18.67,18.98,18.26,19.15,18.94,18.81,19.89
2017-12-23T21:00,2017-12-23,21,18.28,17.79,18.82,18.42,18.23,17.74,18.36,18.28,18.26,19.24
2017-12-23T22:00,2017-12-23,22,17.75,17.38,18.35,17.8,17.81,17.97,17.19,17.64,17.77,18.61
2017-12-23T23:00,2017-12-23,23,17.33,16.97,17.95,17.46,17.24,17.35,17.13,17.29,17.2,18.02
2017-12-24T00:00,2017-12-24,0,16.88,16.51,17.5,17.12,16.76,17.13,17.0,17.11,16.63,17.0
2017-12-24T01:00,2017-12-24,1,16.44,16.17,16.93,16.89,16.33,16.3,16.62,16.9,16.19,16.29
2017-12-24T02:00,2017-12-24,2,15.99,15.67,16.56,16.32,15.92,16.18,16.12,16.42,15.76,15.84
2017-12-24T03:00,2017-12-24,3,15.46,15.07,16.2,15.62,15.49,15.58,15.6,16.22,15.27,15.32
2017-12-24T04:00,2017-12-24,4,15.01,14.52,15.78,15.28,14.83,15.28,15.15,15.99,14.79,14.93
2017-12-24T05:00,2017-12-24,5,14.7,14.28,15.02,15.08,14.9,15.05,14.74,15.69,14.37,14.52
2017-12-24T06:00,2017-12-24,6,14.1,13.65,14.37,14.57,14.06,14.14,14.5,15.32,13.46,14.2
2017-12-24T07:00,2017-12-24,7,14.75,14.63,15.22,15.15,14.89,15.03,14.73,15.87,13.89,14.42
2017-12-24T08:00,2017-12-24,8,16.79,16.87,17.67,17.27,16.34,16.52,16.8,18.2,15.86,16.17
2017-12-24T09:00,2017-12-24,9,19.24,19.55,20.26,19.73,18.28,18.88,19.03,20.29,18.47,18.56
2017-12-24T10:00,2017-12-24,10,21.57,21.89,22.51,21.93,20.62,21.33,21.15,22.17,21.1,21.08
2017-12-24T11:00,2017-12-24,11,23.24,23.43,24.14,23.49,22.64,23.12,22.74,23.54,22.99,22.86
2017-12-24T12:00,2017-12-24,12,24.24,24.34,25.23,24.36,23.99,24.2,23.72,24.3,24.03,23.99
2017-12-24T13:00,2017-12-24,13,24.78,24.84,25.74,24.79,24.74,24.89,24.23,24.68,24.58,24.68
2017-12-24T14:00,2017-12-24,14,24.98,25.01,25.88,24.91,25.04,25.16,24.42,24.84,24.8,24.89
2017-12-24T15:00,2017-12-24,15,24.84,24.84,25.55,24.71,24.98,25.18,24.28,24.64,24.75,24.84
2017-12-24T16:00,2017-12-24,16,24.13,24.08,24.63,23.88,24.39,24.64,23.57,23.9,24.12,24.33
2017-12-24T17:00,2017-12-24,17,21.38,21.07,21.67,21.13,21.86,22.02,20.85,21.2,21.47,22.0
2017-12-24T18:00,2017-12-24,18,19.52,19.03,19.92,19.72,20.0,20.11,18.95,19.15,19.92,19.78
2017-12-24T19:00,2017-12-24,19,18.89,18.48,19.53,18.78,18.96,19.91,18.15,18.68,19.12,19.41
2017-12-24T20:00,2017-12-24,20,18.13,17.6,18.61,18.43,18.19,19.53,17.52,17.89,17.98,18.76
2017-12-24T21:00,2017-12-24,21,17.44,16.75,17.95,17.84,17.64,18.93,17.05,17.31,17.26,17.97
2017-12-24T22:00,2017-12-24,22,16.88,16.1,17.53,17.3,17.08,17.99,16.53,16.71,16.96,17.35
2017-12-24T23:00,2017-12-24,23,16.53,15.63,16.96,17.38,16.58,17.87,16.31,16.26,16.66,16.86
2017-12-25T00:00,2017-12-25,0,15.98,15.26,16.14,16.43,16.38,16.24,16.03,16.12,16.27,16.33
2017-12-25T01:00,2017-12-25,1,15.51,14.78,15.56,15.52,15.82,15.87,15.93,15.84,15.9,15.81
2017-12-25T02:00,2017-12-25,2,15.22,14.59,15.14,15.31,15.44,15.66,15.53,15.6,15.6,15.42
2017-12-25T03:00,2017-12-25,3,14.98,14.47,14.75,15.31,14.93,15.2,15.16,15.45,15.32,15.17
2017-12-25T04:00,2017-12-25,4,14.78,14.26,14.69,15.04,14.77,15.0,15.0,15.39,15.06,14.85
2017-12-25T05:00,2017-12-25,5,14.52,13.94,14.62,14.52,14.58,14.51,14.83,15.06,14.92,14.82
2017-12-25T06:00,2017-12-25,6,14.29,13.63,14.99,14.08,14.45,14.3,14.9,14.75,14.61,14.32
2017-12-25T07:00,2017-12-25,7,14.8,14.4,15.63,14.59,15.1,15.06,15.07,15.35,14.92,14.35
2017-12-25T08:00,2017-12-25,8,16.49,16.27,17.14,16.16,16.02,16.1,16.84,17.34,16.57,16.58
2017-12-25T09:00,2017-12-25,9,18.71,18.79,19.44,17.89,17.43,17.65,19.09,19.64,18.94,19.29
2017-12-25T10:00,2017-12-25,10,21.08,21.25,21.96,20.57,19.7,19.91,21.19,21.71,21.18,21.68
2017-12-25T11:00,2017-12-25,11,22.97,23.1,24.05,22.76,22.12,22.09,22.82,23.18,22.94,23.24
2017-12-25T12:00,2017-12-25,12,24.11,24.16,25.16,23.81,23.73,23.61,23.89,24.02,24.11,24.31
2017-12-25T13:00,2017-12-25,13,24.76,24.79,25.74,24.34,24.64,24.52,24.48,24.46,24.83,24.97
2017-12-25T14:00,2017-12-25,14,25.07,25.06,26.02,24.59,25.01,24.93,24.8,24.66,25.23,25.28
2017-12-25T15:00,2017-12-25,15,25.0,25.0,25.78,24.51,24.97,24.95,24.76,24.53,25.2,25.25
2017-12-25T16:00,2017-12-25,16,24.36,24.28,24.53,23.89,24.45,24.52,24.15,23.97,24.7,24.81
2017-12-25T17:00,2017-12-25,17,21.82,21.82,21.75,20.66,22.77,22.18,21.55,21.36,21.72,22.91
2017-12-25T18:00,2017-12-25,18,20.04,19.99,19.61,19.87,20.32,20.37,19.46,19.32,19.92,21.37
2017-12-25T19:00,2017-12-25,19,19.43,19.29,18.92,19.53,19.09,20.77,18.93,19.09,19.33,20.24
2017-12-25T20:00,2017-12-25,20,18.61,18.18,17.88,19.28,18.16,20.05,18.3,18.97,18.7,18.99
2017-12-25T21:00,2017-12-25,21,17.84,17.67,17.23,18.1,17.34,19.04,17.79,18.58,17.98,17.57
2017-12-25T22:00,2017-12-25,22,17.27,16.8,16.94,17.87,16.66,18.21,17.4,17.92,17.56,17.08
2017-12-25T23:00,2017-12-25,23,16.66,16.32,16.58,16.36,16.34,17.31,16.93,16.48,17.24,16.87
2017-12-26T00:00,2017-12-26,0,16.45,16.11,16.07,16.08,16.88,16.91,16.79,16.15,17.1,16.51
2017-12-26T01:00,2017-12-26,1,16.08,15.54,15.82,15.55,16.33,16.36,16.58,16.1,16.95,16.36
2017-12-26T02:00,2017-12-26,2,16.02,15.77,15.64,15.44,16.01,15.53,16.78,16.28,16.77,16.17
2017-12-26T03:00,2017-12-26,3,15.89,15.81,15.36,15.3,16.07,15.2,16.58,16.31,16.48,15.92
2017-12-26T04:00,2017-12-26,4,15.61,15.58,15.0,14.77,15.74,14.94,16.3,16.26,16.15,15.75
2017-12-26T05:00,2017-12-26,5,15.37,15.25,14.73,15.19,15.43,14.74,15.94,16.03,15.8,15.3
2017-12-26T06:00,2017-12-26,6,15.02,15.13,14.5,14.54,15.06,14.51,15.61,15.9,15.15,14.79
2017-12-26T07:00,2017-12-26,7,15.25,15.38,15.11,15.03,15.53,14.84,15.44,16.15,15.19,14.73
2017-12-26T08:00,2017-12-26,8,16.83,17.05,17.16,16.65,16.95,15.93,16.73,17.74,16.68,16.48
2017-12-26T09:00,2017-12-26,9,18.88,19.02,20.01,18.91,18.9,17.65,18.47,19.55,18.68,18.64
2017-12-26T10:00,2017-12-26,10,20.97,21.01,22.49,21.22,20.88,20.09,20.33,21.3,20.7,20.8
2017-12-26T11:00,2017-12-26,11,22.69,22.67,24.04,22.92,22.56,22.18,21.93,22.78,22.48,22.75
2017-12-26T12:00,2017-12-26,12,23.93,23.91,25.06,23.99,23.86,23.69,23.19,23.86,23.83,24.13
2017-12-26T13:00,2017-12-26,13,24.7,24.7,25.67,24.6,24.64,24.59,23.98,24.56,24.65,24.95
2017-12-26T14:00,2017-12-26,14,25.03,25.0,25.85,24.75,25.08,25.09,24.39,24.79,25.08,25.38
2017-12-26T15:00,2017-12-26,15,24.93,24.92,25.4,24.6,25.05,25.1,24.37,24.66,25.02,25.4
2017-12-26T16:00,2017-12-26,16,24.28,24.26,24.21,23.95,24.48,24.73,23.83,24.05,24.36,24.79
2017-12-26T17:00,2017-12-26,17,21.5,21.42,21.27,21.15,21.47,21.98,21.35,21.66,21.71,21.84
2017-12-26T18:00,2017-12-26,18,19.7,19.51,19.6,19.75,19.92,19.57,19.59,19.7,19.99,19.88
2017-12-26T19:00,2017-12-26,19,19.38,19.35,19.4,19.21,19.66,19.04,19.22,19.26,19.77,19.4
2017-12-26T20:00,2017-12-26,20,18.73,18.74,18.67,18.54,19.25,17.99,18.72,18.54,19.15,18.72
2017-12-26T21:00,2017-12-26,21,18.24,18.24,18.29,17.93,18.86,17.38,18.37,17.93,18.62,18.24
2017-12-26T22:00,2017-12-26,22,17.72,17.49,17.82,17.3,18.22,17.56,18.1,17.52,18.14,17.73
2017-12-26T23:00,2017-12-26,23,17.35,17.08,17.51,17.1,17.54,18.06,17.88,17.32,17.64,16.74
2017-12-27T00:00,2017-12-27,0,16.87,16.82,17.11,16.39,16.97,16.55,17.56,17.24,17.13,16.29
2017-12-27T01:00,2017-12-27,1,16.42,16.32,16.7,15.96,16.61,15.66,17.1,17.09,16.68,15.97
2017-12-27T02:00,2017-12-27,2,16.06,16.18,15.59,15.45,16.47,15.4,16.68,16.95,16.24,15.63
2017-12-27T03:00,2017-12-27,3,15.85,15.98,15.28,15.83,16.29,15.37,16.21,16.71,15.83,15.24
2017-12-27T04:00,2017-12-27,4,15.5,15.69,14.76,15.85,16.01,14.46,15.78,16.49,15.43,14.78
2017-12-27T05:00,2017-12-27,5,15.24,15.4,14.9,15.54,15.59,14.27,15.45,16.31,15.08,14.52
2017-12-27T06:00,2017-12-27,6,14.64,14.62,14.35,15.14,14.56,14.46,14.93,15.99,14.31,13.93
2017-12-27T07:00,2017-12-27,7,14.79,14.96,14.97,15.38,14.8,14.82,14.59,15.97,14.22,13.8
2017-12-27T08:00,2017-12-27,8,16.46,16.81,17.07,16.92,16.35,16.13,16.13,17.66,15.74,15.41
2017-12-27T09:00,2017-12-27,9,18.6,18.91,19.89,19.01,18.6,18.06,18.1,19.62,17.83,17.55
2017-12-27T10:00,2017-12-27,10,20.77,20.98,22.29,21.21,20.77,20.5,20.15,21.45,20.05,19.83
2017-12-27T11:00,2017-12-27,11,22.68,22.77,24.09,23.06,22.75,22.61,21.99,23.03,22.08,22.06
2017-12-27T12:00,2017-12-27,12,24.13,24.16,25.4,24.39,24.24,24.19,23.39,24.19,23.71,23.84
2017-12-27T13:00,2017-12-27,13,25.07,25.06,26.07,25.18,25.26,25.23,24.38,24.93,24.77,24.99
2017-12-27T14:00,2017-12-27,14,25.52,25.51,26.3,25.56,25.78,25.74,24.88,25.28,25.27,25.6
2017-12-27T15:00,2017-12-27,15,25.54,25.53,26.12,25.52,25.86,25.83,24.95,25.2,25.35,25.68
2017-12-27T16:00,2017-12-27,16,24.83,24.78,25.3,24.75,25.31,25.18,24.32,24.46,24.64,24.99
2017-12-27T17:00,2017-12-27,17,21.88,21.41,22.06,21.65,23.3,24.3,21.4,22.09,21.21,21.78
2017-12-27T18:00,2017-12-27,18,19.76,19.38,20.1,19.99,20.41,21.67,19.55,20.66,18.92,19.22
2017-12-27T19:00,2017-12-27,19,18.97,18.68,19.39,19.54,19.0,19.52,19.27,20.3,18.32,18.16
2017-12-27T20:00,2017-12-27,20,18.22,17.92,18.44,18.95,18.26,18.63,18.79,19.57,17.55,17.17
2017-12-27T21:00,2017-12-27,21,17.76,17.86,17.84,18.67,17.95,17.65,18.33,18.61,16.9,16.35
2017-12-27T22:00,2017-12-27,22,17.34,17.69,17.09,18.25,17.21,17.4,17.82,18.16,16.37,15.9
2017-12-27T23:00,2017-12-27,23,16.85,17.39,16.19,17.74,16.57,16.86,17.34,17.41,15.95,15.44
2017-12-28T00:00,2017-12-28,0,16.35,17.02,15.75,16.97,16.26,16.81,16.58,16.57,15.72,14.59
2017-12-28T01:00,2017-12-28,1,15.95,16.54,15.05,16.09,15.89,16.39,16.52,17.17,15.59,13.96
2017-12-28T02:00,2017-12-28,2,15.53,15.86,14.6,15.35,15.7,16.03,16.46,17.01,15.43,13.56
2017-12-28T03:00,2017-12-28,3,15.09,15.18,14.18,14.78,15.24,15.5,16.15,16.7,15.23,13.48
2017-12-28T04:00,2017-12-28,4,14.53,14.59,14.14,14.31,14.53,15.32,14.77,15.16,14.89,13.37
2017-12-28T05:00,2017-12-28,5,14.35,14.1,14.2,14.32,14.11,15.27,14.86,15.71,14.52,13.29
2017-12-28T06:00,2017-12-28,6,14.11,13.87,14.53,14.51,13.32,14.04,14.87,15.78,14.03,12.97
2017-12-28T07:00,2017-12-28,7,14.44,14.23,15.44,15.08,13.56,14.71,14.83,15.9,14.02,13.19
2017-12-28T08:00,2017-12-28,8,16.25,16.12,17.27,17.08,15.68,16.44,16.33,17.65,15.64,14.97
2017-12-28T09:00,2017-12-28,9,18.52,18.51,19.41,19.26,17.8,18.97,18.37,19.66,17.99,17.37
2017-12-28T10:00,2017-12-28,10,20.98,21.13,21.84,21.45,20.53,21.85,20.46,21.63,20.37,19.99
2017-12-28T11:00,2017-12-28,11,23.07,23.36,23.66,23.34,23.08,24.1,22.27,23.3,22.38,22.35
2017-12-28T12:00,2017-12-28,12,24.56,24.89,25.14,24.62,24.77,25.63,23.69,24.53,23.91,24.02
2017-12-28T13:00,2017-12-28,13,25.52,25.83,25.94,25.47,25.88,26.56,24.68,25.4,25.03,25.03
2017-12-28T14:00,2017-12-28,14,25.97,26.26,26.14,25.88,26.42,26.85,25.24,25.82,25.62,25.54
2017-12-28T15:00,2017-12-28,15,25.93,26.19,25.72,25.93,26.44,26.75,25.31,25.8,25.68,25.55
2017-12-28T16:00,2017-12-28,16,25.12,25.31,24.55,25.22,25.5,25.95,24.69,25.17,24.92,24.84
2017-12-28T17:00,2017-12-28,17,22.07,22.05,21.63,22.47,22.24,23.61,21.71,22.45,21.67,21.56
2017-12-28T18:00,2017-12-28,18,19.82,19.64,19.65,20.36,19.51,21.64,19.38,20.37,18.97,20.01
2017-12-28T19:00,2017-12-28,19,19.17,18.86,19.99,19.93,18.6,20.66,18.7,19.61,18.61,18.81
2017-12-28T20:00,2017-12-28,20,18.27,17.79,19.32,19.0,17.77,19.39,17.96,18.95,17.89,17.83
2017-12-28T21:00,2017-12-28,21,17.46,16.88,17.15,18.36,17.03,19.28,17.25,18.61,17.34,17.03
2017-12-28T22:00,2017-12-28,22,17.11,16.39,16.97,18.5,16.29,19.88,16.79,18.52,16.82,16.24
2017-12-28T23:00,2017-12-28,23,16.56,15.9,16.03,17.64,15.77,19.15,16.33,18.78,16.34,15.71
2017-12-29T00:00,2017-12-29,0,16.14,15.62,15.31,16.95,15.57,18.24,16.23,18.66,15.8,15.29
2017-12-29T01:00,2017-12-29,1,15.57,15.17,15.02,16.02,15.34,16.39,16.21,17.53,15.34,14.77
2017-12-29T02:00,2017-12-29,2,15.18,14.87,15.22,15.42,15.42,16.01,15.79,16.17,14.87,14.22
2017-12-29T03:00,2017-12-29,3,14.71,14.56,15.06,15.14,14.33,15.54,14.75,15.96,14.48,13.63
2017-12-29T04:00,2017-12-29,4,14.4,14.37,15.18,14.76,13.72,14.48,14.43,16.01,14.07,13.35
2017-12-29T05:00,2017-12-29,5,14.18,13.95,15.48,14.63,13.33,14.56,14.26,15.91,13.52,13.32
2017-12-29T06:00,2017-12-29,6,14.13,14.18,15.33,14.81,13.24,14.48,14.2,15.92,12.9,13.09
2017-12-29T07:00,2017-12-29,7,14.51,14.75,16.07,15.3,13.74,14.83,14.34,16.44,13.03,13.02
2017-12-29T08:00,2017-12-29,8,15.83,15.85,17.15,16.04,14.98,16.03,15.99,16.9,15.06,15.09
2017-12-29T09:00,2017-12-29,9,17.51,16.9,19.18,17.17,16.97,17.89,18.03,17.85,17.23,17.91
2017-12-29T10:00,2017-12-29,10,19.7,18.8,21.48,18.9,19.73,20.66,20.41,19.26,19.62,20.51
2017-12-29T11:00,2017-12-29,11,22.03,21.36,23.84,21.29,22.4,23.16,22.41,21.1,21.82,22.56
2017-12-29T12:00,2017-12-29,12,23.9,23.57,25.62,23.5,24.1,24.92,23.82,23.14,23.45,24.0
2017-12-29T13:00,2017-12-29,13,24.97,24.72,26.72,24.82,25.03,25.94,24.71,24.3,24.49,24.89
2017-12-29T14:00,2017-12-29,14,25.46,25.2,27.03,25.46,25.51,26.4,25.18,24.82,25.0,25.34
2017-12-29T15:00,2017-12-29,15,25.47,25.23,26.7,25.55,25.5,26.34,25.23,24.89,25.12,25.39
2017-12-29T16:00,2017-12-29,16,24.89,24.74,25.57,24.8,25.06,25.82,24.69,24.33,24.63,24.9
2017-12-29T17:00,2017-12-29,17,22.36,22.08,22.34,21.63,22.96,24.0,21.77,21.64,22.45,23.31
2017-12-29T18:00,2017-12-29,18,19.99,19.38,20.0,19.48,20.52,22.13,19.62,19.74,20.08,20.78
2017-12-29T19:00,2017-12-29,19,18.93,18.58,19.37,18.76,18.52,20.33,18.88,19.06,18.37,19.72
2017-12-29T20:00,2017-12-29,20,18.05,18.0,18.49,18.08,17.51,18.92,18.0,18.42,17.35,18.29
2017-12-29T21:00,2017-12-29,21,17.2,17.25,17.87,17.37,16.78,18.0,17.32,17.68,16.39,16.71
2017-12-29T22:00,2017-12-29,22,16.43,16.45,16.9,16.74,16.3,17.06,16.44,17.09,15.72,15.77
2017-12-29T23:00,2017-12-29,23,15.96,15.9,16.09,16.26,15.81,16.37,16.01,16.65,15.69,15.4
2017-12-30T00:00,2017-12-30,0,15.64,15.51,15.99,15.81,15.23,16.13,16.06,16.26,15.35,15.04
2017-12-30T01:00,2017-12-30,1,15.39,15.47,15.56,15.35,15.62,15.62,15.95,15.86,14.85,14.61
2017-12-30T02:00,2017-12-30,2,14.86,15.14,15.46,14.88,14.77,14.97,15.0,15.67,13.77,14.37
2017-12-30T03:00,2017-12-30,3,14.46,14.59,15.23,14.63,14.14,13.71,14.52,16.29,13.59,14.01
2017-12-30T04:00,2017-12-30,4,14.18,14.07,14.96,14.55,13.83,13.24,14.46,16.17,13.55,13.73
2017-12-30T05:00,2017-12-30,5,14.05,13.95,14.93,14.41,13.42,13.03,14.6,15.83,13.49,13.42
2017-12-30T06:00,2017-12-30,6,13.96,14.06,14.63,14.43,12.77,13.09,14.56,15.95,13.1,13.36
2017-12-30T07:00,2017-12-30,7,14.34,14.5,15.8,14.83,13.19,13.75,14.62,16.14,13.39,13.25
2017-12-30T08:00,2017-12-30,8,16.09,16.21,18.1,16.55,14.63,15.78,15.73,17.6,15.1,15.58
2017-12-30T09:00,2017-12-30,9,18.65,18.72,21.15,19.18,17.4,18.85,17.39,19.59,17.78,18.44
2017-12-30T10:00,2017-12-30,10,21.36,21.42,24.22,21.91,20.49,21.82,19.75,21.76,20.53,20.99
2017-12-30T11:00,2017-12-30,11,23.51,23.52,26.47,24.07,23.17,23.99,21.92,23.56,22.68,23.01
2017-12-30T12:00,2017-12-30,12,24.97,24.86,27.9,25.52,24.83,25.58,23.46,24.91,24.24,24.41
2017-12-30T13:00,2017-12-30,13,25.82,25.62,28.7,26.35,25.76,26.46,24.42,25.72,25.17,25.32
2017-12-30T14:00,2017-12-30,14,26.15,25.94,28.68,26.64,26.13,26.81,24.86,26.02,25.6,25.67
2017-12-30T15:00,2017-12-30,15,26.05,25.87,28.0,26.42,26.11,26.76,25.0,25.98,25.64,25.65
2017-12-30T16:00,2017-12-30,16,25.28,25.16,26.39,25.46,25.27,26.18,24.53,25.3,25.03,24.99
2017-12-30T17:00,2017-12-30,17,22.94,22.47,23.53,21.96,23.34,24.95,22.52,22.38,23.61,23.13
2017-12-30T18:00,2017-12-30,18,20.53,19.26,21.84,19.92,20.78,21.2,20.8,20.43,22.25,20.58
2017-12-30T19:00,2017-12-30,19,19.55,18.52,21.5,19.34,19.23,19.86,19.81,19.8,20.94,18.82
2017-12-30T20:00,2017-12-30,20,18.34,17.36,20.5,18.43,17.72,18.52,19.41,18.7,18.93,17.38
2017-12-30T21:00,2017-12-30,21,17.47,16.56,19.96,17.37,16.83,18.34,18.74,18.17,17.27,16.42
2017-12-30T22:00,2017-12-30,22,16.79,15.66,19.49,16.84,15.97,18.47,18.08,17.42,16.21,15.97
2017-12-30T23:00,2017-12-30,23,16.3,15.4,18.82,16.59,15.26,18.22,17.06,16.76,15.66,15.5
2017-12-31T00:00,2017-12-31,0,15.82,15.17,18.39,16.49,15.15,16.21,15.81,16.36,15.38,15.14
2017-12-31T01:00,2017-12-31,1,15.43,14.81,17.82,16.03,14.96,15.69,15.5,15.91,15.0,14.78
2017-12-31T02:00,2017-12-31,2,15.13,14.41,17.62,15.54,14.92,15.07,15.32,15.84,14.9,14.41
2017-12-31T03:00,2017-12-31,3,14.79,13.95,17.71,15.06,14.14,14.51,15.2,15.96,14.62,14.11
2017-12-31T04:00,2017-12-31,4,14.47,13.37,17.58,15.14,13.49,14.41,15.15,15.79,14.19,13.68
2017-12-31T05:00,2017-12-31,5,14.19,13.03,17.53,14.84,13.32,14.13,14.95,15.4,13.81,13.45
2017-12-31T06:00,2017-12-31,6,13.95,13.1,16.81,14.3,12.95,13.23,14.97,15.64,13.52,13.19
2017-12-31T07:00,2017-12-31,7,14.53,14.01,17.45,14.72,13.57,14.08,15.12,16.05,13.96,13.53
2017-12-31T08:00,2017-12-31,8,16.43,16.09,19.02,17.07,15.3,16.17,16.55,17.9,15.48,15.65
2017-12-31T09:00,2017-12-31,9,18.96,18.94,20.8,19.8,17.48,19.11,18.71,20.04,17.86,18.51
2017-12-31T10:00,2017-12-31,10,21.45,21.67,22.66,22.3,20.07,22.06,20.92,22.06,20.3,21.09
2017-12-31T11:00,2017-12-31,11,23.39,23.73,23.99,24.19,22.54,24.09,22.77,23.75,22.32,23.01
2017-12-31T12:00,2017-12-31,12,24.71,24.93,25.12,25.42,24.37,25.48,24.0,24.89,23.87,24.36
2017-12-31T13:00,2017-12-31,13,25.46,25.59,25.48,26.19,25.4,26.27,24.75,25.61,24.81,25.18
2017-12-31T14:00,2017-12-31,14,25.73,25.79,25.35,26.41,25.79,26.63,25.08,25.95,25.32,25.57
2017-12-31T15:00,2017-12-31,15,25.58,25.63,24.5,26.14,25.79,26.57,25.07,25.95,25.34,25.54
2017-12-31T16:00,2017-12-31,16,24.81,24.81,23.35,25.03,25.13,25.77,24.58,25.39,24.77,24.84
2017-12-31T17:00,2017-12-31,17,22.33,22.03,21.9,21.72,23.31,23.33,22.97,23.77,21.71,22.11
2017-12-31T18:00,2017-12-31,18,19.66,19.25,21.06,19.06,19.5,20.0,19.88,21.73,19.11,19.48
2017-12-31T19:00,2017-12-31,19,18.8,18.65,21.08,18.41,18.2,19.38,18.53,19.74,18.19,18.31
2017-12-31T20:00,2017-12-31,20,17.94,17.55,20.46,17.74,17.29,18.68,17.95,18.32,17.4,17.52
2017-12-31T21:00,2017-12-31,21,17.06,16.43,20.07,17.1,16.54,17.63,16.92,17.67,16.61,16.6
2017-12-31T22:00,2017-12-31,22,16.41,15.56,19.64,16.53,15.78,16.97,16.54,17.26,15.97,15.86
2017-12-31T23:00,2017-12-31,23,16.16,15.2,19.58,16.43,15.1,17.12,16.96,17.11,15.64,15.0
