datetime,date,time,generation,loadshed,demand
2026-01-01 00:00,2026-01-01,00:00,8270.25,0.0,8270.25
2026-01-01 01:00,2026-01-01,01:00,7718.04,0.0,7718.04
2026-01-01 02:00,2026-01-01,02:00,7244.76,0.0,7244.76
2026-01-01 03:00,2026-01-01,03:00,6888.95,0.0,6888.95
2026-01-01 04:00,2026-01-01,04:00,6626.96,0.0,6626.96
2026-01-01 05:00,2026-01-01,05:00,6599.78,0.0,6599.78
2026-01-01 06:00,2026-01-01,06:00,6944.56,0.0,6944.56
2026-01-01 07:00,2026-01-01,07:00,7677.61,0.0,7677.61
2026-01-01 08:00,2026-01-01,08:00,8638.99,0.0,8638.99
2026-01-01 09:00,2026-01-01,09:00,9459.43,0.0,9459.43
2026-01-01 10:00,2026-01-01,10:00,9112.21,0.0,9112.21
2026-01-01 11:00,2026-01-01,11:00,9294.54,0.0,9294.54
2026-01-01 12:00,2026-01-01,12:00,9683.67,0.0,9683.67
2026-01-01 13:00,2026-01-01,13:00,10330.39,0.0,10330.39
2026-01-01 14:00,2026-01-01,14:00,10157.11,0.0,10157.11
2026-01-01 15:00,2026-01-01,15:00,9243.48,0.0,9243.48
2026-01-01 16:00,2026-01-01,16:00,8849.51,0.0,8849.51
2026-01-01 17:00,2026-01-01,17:00,9344.22,0.0,9344.22
2026-01-01 18:00,2026-01-01,18:00,10592.22,0.0,10592.22
2026-01-01 19:00,2026-01-01,19:00,10563.07,0.0,10563.07
2026-01-01 19:30,2026-01-01,19:30,10552.07,0.0,10552.07
2026-01-01 20:00,2026-01-01,20:00,10478.39,0.0,10478.39
2026-01-01 21:00,2026-01-01,21:00,10260.0,0.0,10260.0
2026-01-01 22:00,2026-01-01,22:00,9891.0,0.0,9891.0
2026-01-01 23:00,2026-01-01,23:00,9305.0,0.0,9305.0
2026-01-02 00:00,2026-01-02,00:00,8854.0,0.0,8854.0
2026-01-02 01:00,2026-01-02,01:00,8112.0,0.0,8112.0
2026-01-02 02:00,2026-01-02,02:00,7683.5,0.0,7683.5
2026-01-02 03:00,2026-01-02,03:00,7436.5,0.0,7436.5
2026-01-02 04:00,2026-01-02,04:00,7267.5,0.0,7267.5
2026-01-02 05:00,2026-01-02,05:00,6976.5,0.0,6976.5
2026-01-02 06:00,2026-01-02,06:00,7240.5,0.0,7240.5
2026-01-02 07:00,2026-01-02,07:00,7317.71,0.0,7317.71
2026-01-02 08:00,2026-01-02,08:00,7997.12,0.0,7997.12
2026-01-02 09:00,2026-01-02,09:00,8603.14,0.0,8603.14
2026-01-02 10:00,2026-01-02,10:00,8794.62,0.0,8794.62
2026-01-02 11:00,2026-01-02,11:00,8940.57,0.0,8940.57
2026-01-02 12:00,2026-01-02,12:00,9664.78,0.0,9664.78
2026-01-02 13:00,2026-01-02,13:00,10693.14,0.0,10693.14
2026-01-02 14:00,2026-01-02,14:00,9192.32,0.0,9192.32
2026-01-02 15:00,2026-01-02,15:00,7870.56,0.0,7870.56
2026-01-02 16:00,2026-01-02,16:00,7641.04,0.0,7641.04
2026-01-02 17:00,2026-01-02,17:00,8001.71,0.0,8001.71
2026-01-02 18:00,2026-01-02,18:00,9470.35,0.0,9470.35
2026-01-02 19:00,2026-01-02,19:00,9561.09,0.0,9561.09
2026-01-02 19:30,2026-01-02,19:30,9533.58,0.0,9533.58
2026-01-02 20:00,2026-01-02,20:00,9605.14,0.0,9605.14
2026-01-02 21:00,2026-01-02,21:00,9563.05,0.0,9563.05
2026-01-02 22:00,2026-01-02,22:00,9324.3,0.0,9324.3
2026-01-02 23:00,2026-01-02,23:00,8725.53,0.0,8725.53
2026-01-03 00:00,2026-01-03,00:00,8210.56,0.0,8210.56
2026-01-03 01:00,2026-01-03,01:00,7653.55,0.0,7653.55
2026-01-03 02:00,2026-01-03,02:00,7282.82,0.0,7282.82
2026-01-03 03:00,2026-01-03,03:00,6945.32,0.0,6945.32
2026-01-03 04:00,2026-01-03,04:00,6727.05,0.0,6727.05
2026-01-03 05:00,2026-01-03,05:00,6686.32,0.0,6686.32
2026-01-03 06:00,2026-01-03,06:00,7193.38,0.0,7193.38
2026-01-03 07:00,2026-01-03,07:00,7521.68,0.0,7521.68
2026-01-03 08:00,2026-01-03,08:00,8301.51,0.0,8301.51
2026-01-03 09:00,2026-01-03,09:00,9013.39,0.0,9013.39
2026-01-03 10:00,2026-01-03,10:00,8932.1,0.0,8932.1
2026-01-03 11:00,2026-01-03,11:00,8864.96,0.0,8864.96
2026-01-03 12:00,2026-01-03,12:00,9522.76,0.0,9522.76
2026-01-03 13:00,2026-01-03,13:00,10019.09,0.0,10019.09
2026-01-03 14:00,2026-01-03,14:00,9652.85,0.0,9652.85
2026-01-03 15:00,2026-01-03,15:00,8984.42,0.0,8984.42
2026-01-03 16:00,2026-01-03,16:00,8865.26,0.0,8865.26
2026-01-03 17:00,2026-01-03,17:00,9316.94,0.0,9316.94
2026-01-03 18:00,2026-01-03,18:00,10626.9,0.0,10626.9
2026-01-03 19:00,2026-01-03,19:00,10736.5,0.0,10736.5
2026-01-03 19:30,2026-01-03,19:30,10806.5,0.0,10806.5
2026-01-03 20:00,2026-01-03,20:00,10671.5,0.0,10671.5
2026-01-03 21:00,2026-01-03,21:00,10500.5,0.0,10500.5
2026-01-03 22:00,2026-01-03,22:00,9929.1,0.0,9929.1
2026-01-03 23:00,2026-01-03,23:00,9279.83,0.0,9279.83
2026-01-04 00:00,2026-01-04,00:00,8788.24,0.0,8788.24
2026-01-04 01:00,2026-01-04,01:00,8120.47,0.0,8120.47
2026-01-04 02:00,2026-01-04,02:00,7670.41,0.0,7670.41
2026-01-04 03:00,2026-01-04,03:00,7413.26,0.0,7413.26
2026-01-04 04:00,2026-01-04,04:00,7265.63,0.0,7265.63
2026-01-04 05:00,2026-01-04,05:00,6985.13,0.0,6985.13
2026-01-04 06:00,2026-01-04,06:00,7614.56,0.0,7614.56
2026-01-04 07:00,2026-01-04,07:00,8277.89,0.0,8277.89
2026-01-04 08:00,2026-01-04,08:00,9310.08,0.0,9310.08
2026-01-04 09:00,2026-01-04,09:00,10067.54,0.0,10067.54
2026-01-04 10:00,2026-01-04,10:00,9815.03,0.0,9815.03
2026-01-04 11:00,2026-01-04,11:00,9653.21,0.0,9653.21
2026-01-04 12:00,2026-01-04,12:00,9994.65,0.0,9994.65
2026-01-04 13:00,2026-01-04,13:00,10471.68,0.0,10471.68
2026-01-04 14:00,2026-01-04,14:00,10350.68,0.0,10350.68
2026-01-04 15:00,2026-01-04,15:00,9574.24,0.0,9574.24
2026-01-04 16:00,2026-01-04,16:00,9363.03,0.0,9363.03
2026-01-04 17:00,2026-01-04,17:00,9626.76,0.0,9626.76
2026-01-04 18:00,2026-01-04,18:00,10898.87,0.0,10898.87
2026-01-04 19:00,2026-01-04,19:00,11000.55,0.0,11000.55
2026-01-04 19:30,2026-01-04,19:30,10874.77,0.0,10874.77
2026-01-04 20:00,2026-01-04,20:00,10852.94,0.0,10852.94
2026-01-04 21:00,2026-01-04,21:00,10594.5,0.0,10594.5
2026-01-04 22:00,2026-01-04,22:00,10042.0,0.0,10042.0
2026-01-04 23:00,2026-01-04,23:00,9141.0,0.0,9141.0
2026-01-05 00:00,2026-01-05,00:00,8924.0,0.0,8924.0
2026-01-05 01:00,2026-01-05,01:00,8288.0,0.0,8288.0
2026-01-05 02:00,2026-01-05,02:00,7863.0,0.0,7863.0
2026-01-05 03:00,2026-01-05,03:00,7515.0,0.0,7515.0
2026-01-05 04:00,2026-01-05,04:00,7218.0,0.0,7218.0
2026-01-05 05:00,2026-01-05,05:00,7203.0,0.0,7203.0
2026-01-05 06:00,2026-01-05,06:00,7772.0,0.0,7772.0
2026-01-05 07:00,2026-01-05,07:00,8299.21,0.0,8299.21
2026-01-05 08:00,2026-01-05,08:00,9405.05,0.0,9405.05
2026-01-05 09:00,2026-01-05,09:00,10017.53,0.0,10017.53
2026-01-05 10:00,2026-01-05,10:00,9702.61,0.0,9702.61
2026-01-05 11:00,2026-01-05,11:00,9863.67,0.0,9863.67
2026-01-05 12:00,2026-01-05,12:00,10297.08,0.0,10297.08
2026-01-05 13:00,2026-01-05,13:00,10739.08,0.0,10739.08
2026-01-05 14:00,2026-01-05,14:00,10295.61,0.0,10295.61
2026-01-05 15:00,2026-01-05,15:00,9810.66,0.0,9810.66
2026-01-05 16:00,2026-01-05,16:00,9508.93,0.0,9508.93
2026-01-05 17:00,2026-01-05,17:00,9983.59,0.0,9983.59
2026-01-05 18:00,2026-01-05,18:00,11058.0,0.0,11058.0
2026-01-05 19:00,2026-01-05,19:00,10978.9,0.0,10978.9
2026-01-05 19:30,2026-01-05,19:30,10993.0,0.0,10993.0
2026-01-05 20:00,2026-01-05,20:00,10932.2,0.0,10932.2
2026-01-05 21:00,2026-01-05,21:00,10682.84,0.0,10682.84
2026-01-05 22:00,2026-01-05,22:00,10040.17,0.0,10040.17
2026-01-05 23:00,2026-01-05,23:00,9411.84,0.0,9411.84
2026-01-06 00:00,2026-01-06,00:00,8883.8,0.0,8883.8
2026-01-06 01:00,2026-01-06,01:00,8156.12,0.0,8156.12
2026-01-06 02:00,2026-01-06,02:00,7706.19,0.0,7706.19
2026-01-06 03:00,2026-01-06,03:00,7418.93,0.0,7418.93
2026-01-06 04:00,2026-01-06,04:00,7320.9,0.0,7320.9
2026-01-06 05:00,2026-01-06,05:00,7255.55,0.0,7255.55
2026-01-06 06:00,2026-01-06,06:00,7731.5,0.0,7731.5
2026-01-06 07:00,2026-01-06,07:00,8400.78,0.0,8400.78
2026-01-06 08:00,2026-01-06,08:00,9516.24,0.0,9516.24
2026-01-06 09:00,2026-01-06,09:00,10157.47,0.0,10157.47
2026-01-06 10:00,2026-01-06,10:00,9909.98,0.0,9909.98
2026-01-06 11:00,2026-01-06,11:00,10068.76,0.0,10068.76
2026-01-06 12:00,2026-01-06,12:00,10551.06,0.0,10551.06
2026-01-06 13:00,2026-01-06,13:00,11066.31,0.0,11066.31
2026-01-06 14:00,2026-01-06,14:00,10403.95,0.0,10403.95
2026-01-06 15:00,2026-01-06,15:00,9771.12,0.0,9771.12
2026-01-06 16:00,2026-01-06,16:00,9521.46,0.0,9521.46
2026-01-06 17:00,2026-01-06,17:00,9684.91,0.0,9684.91
2026-01-06 18:00,2026-01-06,18:00,10778.62,0.0,10778.62
2026-01-06 19:00,2026-01-06,19:00,11123.27,0.0,11123.27
2026-01-06 19:30,2026-01-06,19:30,10997.42,0.0,10997.42
2026-01-06 20:00,2026-01-06,20:00,10947.06,0.0,10947.06
2026-01-06 21:00,2026-01-06,21:00,10668.11,0.0,10668.11
2026-01-06 22:00,2026-01-06,22:00,10164.06,0.0,10164.06
2026-01-06 23:00,2026-01-06,23:00,9477.89,0.0,9477.89
2026-01-07 00:00,2026-01-07,00:00,8803.67,0.0,8803.67
2026-01-07 01:00,2026-01-07,01:00,8097.29,0.0,8097.29
2026-01-07 02:00,2026-01-07,02:00,7751.43,0.0,7751.43
2026-01-07 03:00,2026-01-07,03:00,7438.74,0.0,7438.74
2026-01-07 04:00,2026-01-07,04:00,7231.17,0.0,7231.17
2026-01-07 05:00,2026-01-07,05:00,7120.57,0.0,7120.57
2026-01-07 06:00,2026-01-07,06:00,7524.0,0.0,7524.0
2026-01-07 07:00,2026-01-07,07:00,8393.45,0.0,8393.45
2026-01-07 08:00,2026-01-07,08:00,9398.52,0.0,9398.52
2026-01-07 09:00,2026-01-07,09:00,10053.08,0.0,10053.08
2026-01-07 10:00,2026-01-07,10:00,9935.86,0.0,9935.86
2026-01-07 11:00,2026-01-07,11:00,9845.74,0.0,9845.74
2026-01-07 12:00,2026-01-07,12:00,10359.07,0.0,10359.07
2026-01-07 13:00,2026-01-07,13:00,10772.62,0.0,10772.62
2026-01-07 14:00,2026-01-07,14:00,10606.49,0.0,10606.49
2026-01-07 15:00,2026-01-07,15:00,9915.04,0.0,9915.04
2026-01-07 16:00,2026-01-07,16:00,9395.68,0.0,9395.68
2026-01-07 17:00,2026-01-07,17:00,9606.71,0.0,9606.71
2026-01-07 18:00,2026-01-07,18:00,10804.4,0.0,10804.4
2026-01-07 19:00,2026-01-07,19:00,11209.54,0.0,11209.54
2026-01-07 19:30,2026-01-07,19:30,11164.07,0.0,11164.07
2026-01-07 20:00,2026-01-07,20:00,11114.61,0.0,11114.61
2026-01-07 21:00,2026-01-07,21:00,10897.0,0.0,10897.0
2026-01-07 22:00,2026-01-07,22:00,10315.0,0.0,10315.0
2026-01-07 23:00,2026-01-07,23:00,9712.0,0.0,9712.0
2026-01-08 00:00,2026-01-08,00:00,9087.0,0.0,9087.0
2026-01-08 01:00,2026-01-08,01:00,8435.0,0.0,8435.0
2026-01-08 02:00,2026-01-08,02:00,8110.0,0.0,8110.0
2026-01-08 03:00,2026-01-08,03:00,7794.0,0.0,7794.0
2026-01-08 04:00,2026-01-08,04:00,7458.0,0.0,7458.0
2026-01-08 05:00,2026-01-08,05:00,7383.0,0.0,7383.0
2026-01-08 06:00,2026-01-08,06:00,7891.0,0.0,7891.0
2026-01-08 07:00,2026-01-08,07:00,8533.89,0.0,8533.89
2026-01-08 08:00,2026-01-08,08:00,9668.27,0.0,9668.27
2026-01-08 09:00,2026-01-08,09:00,10238.47,0.0,10238.47
2026-01-08 10:00,2026-01-08,10:00,9984.85,0.0,9984.85
2026-01-08 11:00,2026-01-08,11:00,9940.29,0.0,9940.29
2026-01-08 12:00,2026-01-08,12:00,10353.14,0.0,10353.14
2026-01-08 13:00,2026-01-08,13:00,10879.31,0.0,10879.31
2026-01-08 14:00,2026-01-08,14:00,10553.69,0.0,10553.69
2026-01-08 15:00,2026-01-08,15:00,9960.15,0.0,9960.15
2026-01-08 16:00,2026-01-08,16:00,9690.78,0.0,9690.78
2026-01-08 17:00,2026-01-08,17:00,9906.07,0.0,9906.07
2026-01-08 18:00,2026-01-08,18:00,11023.0,0.0,11023.0
2026-01-08 19:00,2026-01-08,19:00,11311.4,0.0,11311.4
2026-01-08 19:30,2026-01-08,19:30,11164.4,0.0,11164.4
2026-01-08 20:00,2026-01-08,20:00,11084.3,0.0,11084.3
2026-01-08 21:00,2026-01-08,21:00,10879.69,0.0,10879.69
2026-01-08 22:00,2026-01-08,22:00,10592.3,0.0,10592.3
2026-01-08 23:00,2026-01-08,23:00,9647.52,0.0,9647.52
2026-01-09 00:00,2026-01-09,00:00,9281.99,0.0,9281.99
2026-01-09 01:00,2026-01-09,01:00,8628.85,0.0,8628.85
2026-01-09 02:00,2026-01-09,02:00,8142.46,0.0,8142.46
2026-01-09 03:00,2026-01-09,03:00,7762.63,0.0,7762.63
2026-01-09 04:00,2026-01-09,04:00,7555.26,0.0,7555.26
2026-01-09 05:00,2026-01-09,05:00,7436.93,0.0,7436.93
2026-01-09 06:00,2026-01-09,06:00,7808.94,0.0,7808.94
2026-01-09 07:00,2026-01-09,07:00,7877.4,0.0,7877.4
2026-01-09 08:00,2026-01-09,08:00,8576.61,0.0,8576.61
2026-01-09 09:00,2026-01-09,09:00,9089.76,0.0,9089.76
2026-01-09 10:00,2026-01-09,10:00,9039.05,0.0,9039.05
2026-01-09 11:00,2026-01-09,11:00,9168.64,0.0,9168.64
2026-01-09 12:00,2026-01-09,12:00,9699.26,0.0,9699.26
2026-01-09 13:00,2026-01-09,13:00,10865.01,0.0,10865.01
2026-01-09 14:00,2026-01-09,14:00,9270.38,0.0,9270.38
2026-01-09 15:00,2026-01-09,15:00,8163.86,0.0,8163.86
2026-01-09 16:00,2026-01-09,16:00,7870.22,0.0,7870.22
2026-01-09 17:00,2026-01-09,17:00,8053.73,0.0,8053.73
2026-01-09 18:00,2026-01-09,18:00,9588.76,0.0,9588.76
2026-01-09 19:00,2026-01-09,19:00,9875.87,0.0,9875.87
2026-01-09 19:30,2026-01-09,19:30,9897.93,0.0,9897.93
2026-01-09 20:00,2026-01-09,20:00,9894.8,0.0,9894.8
2026-01-09 21:00,2026-01-09,21:00,9879.26,0.0,9879.26
2026-01-09 22:00,2026-01-09,22:00,9617.89,0.0,9617.89
2026-01-09 23:00,2026-01-09,23:00,9115.73,0.0,9115.73
2026-01-10 00:00,2026-01-10,00:00,8604.8,0.0,8604.8
2026-01-10 01:00,2026-01-10,01:00,7932.65,0.0,7932.65
2026-01-10 02:00,2026-01-10,02:00,7470.44,0.0,7470.44
2026-01-10 03:00,2026-01-10,03:00,7235.77,0.0,7235.77
2026-01-10 04:00,2026-01-10,04:00,6988.98,0.0,6988.98
2026-01-10 05:00,2026-01-10,05:00,6846.08,0.0,6846.08
2026-01-10 06:00,2026-01-10,06:00,7523.57,0.0,7523.57
2026-01-10 07:00,2026-01-10,07:00,7936.07,0.0,7936.07
2026-01-10 08:00,2026-01-10,08:00,8972.78,0.0,8972.78
2026-01-10 09:00,2026-01-10,09:00,9176.91,0.0,9176.91
2026-01-10 10:00,2026-01-10,10:00,8970.07,0.0,8970.07
2026-01-10 11:00,2026-01-10,11:00,8994.93,0.0,8994.93
2026-01-10 12:00,2026-01-10,12:00,9471.25,0.0,9471.25
2026-01-10 13:00,2026-01-10,13:00,10030.96,0.0,10030.96
2026-01-10 14:00,2026-01-10,14:00,9784.47,0.0,9784.47
2026-01-10 15:00,2026-01-10,15:00,9300.89,0.0,9300.89
2026-01-10 16:00,2026-01-10,16:00,9033.95,0.0,9033.95
2026-01-10 17:00,2026-01-10,17:00,9345.96,0.0,9345.96
2026-01-10 18:00,2026-01-10,18:00,10695.7,0.0,10695.7
2026-01-10 19:00,2026-01-10,19:00,11048.8,0.0,11048.8
2026-01-10 19:30,2026-01-10,19:30,11120.0,0.0,11120.0
2026-01-10 20:00,2026-01-10,20:00,11095.0,0.0,11095.0
2026-01-10 21:00,2026-01-10,21:00,10851.6,0.0,10851.6
2026-01-10 22:00,2026-01-10,22:00,10392.0,0.0,10392.0
2026-01-10 23:00,2026-01-10,23:00,9655.3,0.0,9655.3
2026-01-11 00:00,2026-01-11,00:00,9190.0,0.0,9190.0
2026-01-11 01:00,2026-01-11,01:00,8560.0,0.0,8560.0
2026-01-11 02:00,2026-01-11,02:00,8020.0,0.0,8020.0
2026-01-11 03:00,2026-01-11,03:00,7751.0,0.0,7751.0
2026-01-11 04:00,2026-01-11,04:00,7582.0,0.0,7582.0
2026-01-11 05:00,2026-01-11,05:00,7521.0,0.0,7521.0
2026-01-11 06:00,2026-01-11,06:00,7920.0,0.0,7920.0
2026-01-11 07:00,2026-01-11,07:00,8726.66,0.0,8726.66
2026-01-11 08:00,2026-01-11,08:00,9845.55,0.0,9845.55
2026-01-11 09:00,2026-01-11,09:00,10396.79,0.0,10396.79
2026-01-11 10:00,2026-01-11,10:00,9981.98,0.0,9981.98
2026-01-11 11:00,2026-01-11,11:00,9970.05,0.0,9970.05
2026-01-11 12:00,2026-01-11,12:00,10487.28,0.0,10487.28
2026-01-11 13:00,2026-01-11,13:00,11073.39,0.0,11073.39
2026-01-11 14:00,2026-01-11,14:00,10573.2,0.0,10573.2
2026-01-11 15:00,2026-01-11,15:00,10080.0,0.0,10080.0
2026-01-11 16:00,2026-01-11,16:00,9716.58,0.0,9716.58
2026-01-11 17:00,2026-01-11,17:00,9814.67,0.0,9814.67
2026-01-11 18:00,2026-01-11,18:00,11126.21,0.0,11126.21
2026-01-11 19:00,2026-01-11,19:00,11379.07,0.0,11379.07
2026-01-11 19:30,2026-01-11,19:30,11073.05,0.0,11073.05
2026-01-11 20:00,2026-01-11,20:00,11031.64,0.0,11031.64
2026-01-11 21:00,2026-01-11,21:00,10953.1,0.0,10953.1
2026-01-11 22:00,2026-01-11,22:00,10354.17,0.0,10354.17
2026-01-11 23:00,2026-01-11,23:00,10047.69,0.0,10047.69
2026-01-12 00:00,2026-01-12,00:00,9477.18,0.0,9477.18
2026-01-12 01:00,2026-01-12,01:00,8816.23,0.0,8816.23
2026-01-12 02:00,2026-01-12,02:00,8323.45,0.0,8323.45
2026-01-12 03:00,2026-01-12,03:00,8005.96,0.0,8005.96
2026-01-12 04:00,2026-01-12,04:00,7710.8,0.0,7710.8
2026-01-12 05:00,2026-01-12,05:00,7644.04,0.0,7644.04
2026-01-12 06:00,2026-01-12,06:00,8025.25,0.0,8025.25
2026-01-12 07:00,2026-01-12,07:00,8839.61,0.0,8839.61
2026-01-12 08:00,2026-01-12,08:00,9868.27,0.0,9868.27
2026-01-12 09:00,2026-01-12,09:00,10203.51,0.0,10203.51
2026-01-12 10:00,2026-01-12,10:00,9899.7,0.0,9899.7
2026-01-12 11:00,2026-01-12,11:00,9950.15,0.0,9950.15
2026-01-12 12:00,2026-01-12,12:00,10496.66,0.0,10496.66
2026-01-12 13:00,2026-01-12,13:00,10774.62,0.0,10774.62
2026-01-12 14:00,2026-01-12,14:00,10525.2,0.0,10525.2
2026-01-12 15:00,2026-01-12,15:00,9922.54,0.0,9922.54
2026-01-12 16:00,2026-01-12,16:00,9464.24,0.0,9464.24
2026-01-12 17:00,2026-01-12,17:00,9998.26,0.0,9998.26
2026-01-12 18:00,2026-01-12,18:00,11108.9,0.0,11108.9
2026-01-12 19:00,2026-01-12,19:00,11430.48,0.0,11430.48
2026-01-12 19:30,2026-01-12,19:30,11336.31,0.0,11336.31
2026-01-12 20:00,2026-01-12,20:00,11209.72,0.0,11209.72
2026-01-12 21:00,2026-01-12,21:00,11039.4,0.0,11039.4
2026-01-12 22:00,2026-01-12,22:00,10492.4,0.0,10492.4
2026-01-12 23:00,2026-01-12,23:00,9828.0,0.0,9828.0
2026-01-13 00:00,2026-01-13,00:00,9274.0,0.0,9274.0
2026-01-13 01:00,2026-01-13,01:00,8694.0,0.0,8694.0
2026-01-13 02:00,2026-01-13,02:00,8316.0,0.0,8316.0
2026-01-13 03:00,2026-01-13,03:00,7983.0,0.0,7983.0
2026-01-13 04:00,2026-01-13,04:00,7660.0,0.0,7660.0
2026-01-13 05:00,2026-01-13,05:00,7721.0,0.0,7721.0
2026-01-13 06:00,2026-01-13,06:00,8037.0,0.0,8037.0
2026-01-13 07:00,2026-01-13,07:00,8940.18,0.0,8940.18
2026-01-13 08:00,2026-01-13,08:00,10037.05,0.0,10037.05
2026-01-13 09:00,2026-01-13,09:00,10414.36,0.0,10414.36
2026-01-13 10:00,2026-01-13,10:00,10039.6,0.0,10039.6
2026-01-13 11:00,2026-01-13,11:00,10021.99,0.0,10021.99
2026-01-13 12:00,2026-01-13,12:00,10458.54,0.0,10458.54
2026-01-13 13:00,2026-01-13,13:00,11006.83,0.0,11006.83
2026-01-13 14:00,2026-01-13,14:00,10520.38,0.0,10520.38
2026-01-13 15:00,2026-01-13,15:00,10032.16,0.0,10032.16
2026-01-13 16:00,2026-01-13,16:00,9841.07,0.0,9841.07
2026-01-13 17:00,2026-01-13,17:00,10129.09,0.0,10129.09
2026-01-13 18:00,2026-01-13,18:00,11115.0,0.0,11115.0
2026-01-13 19:00,2026-01-13,19:00,11531.7,0.0,11531.7
2026-01-13 19:30,2026-01-13,19:30,11325.7,0.0,11325.7
2026-01-13 20:00,2026-01-13,20:00,11256.5,0.0,11256.5
2026-01-13 21:00,2026-01-13,21:00,10915.56,0.0,10915.56
2026-01-13 22:00,2026-01-13,22:00,10589.66,0.0,10589.66
2026-01-13 23:00,2026-01-13,23:00,9826.96,0.0,9826.96
2026-01-14 00:00,2026-01-14,00:00,9350.93,0.0,9350.93
2026-01-14 01:00,2026-01-14,01:00,8766.57,0.0,8766.57
2026-01-14 02:00,2026-01-14,02:00,8241.52,0.0,8241.52
2026-01-14 03:00,2026-01-14,03:00,8006.61,0.0,8006.61
2026-01-14 04:00,2026-01-14,04:00,7763.51,0.0,7763.51
2026-01-14 05:00,2026-01-14,05:00,7780.81,0.0,7780.81
2026-01-14 06:00,2026-01-14,06:00,8175.18,0.0,8175.18
2026-01-14 07:00,2026-01-14,07:00,9069.2,0.0,9069.2
2026-01-14 08:00,2026-01-14,08:00,10226.39,36.0,10264.39
2026-01-14 09:00,2026-01-14,09:00,10483.31,39.0,10524.31
2026-01-14 10:00,2026-01-14,10:00,10259.5,89.0,10352.5
2026-01-14 11:00,2026-01-14,11:00,10184.3,58.0,10245.3
2026-01-14 12:00,2026-01-14,12:00,10668.45,61.0,10732.45
2026-01-14 13:00,2026-01-14,13:00,11163.57,67.0,11233.57
2026-01-14 14:00,2026-01-14,14:00,10658.7,0.0,10658.7
2026-01-14 15:00,2026-01-14,15:00,10254.29,0.0,10254.29
2026-01-14 16:00,2026-01-14,16:00,9953.81,0.0,9953.81
2026-01-14 17:00,2026-01-14,17:00,10063.96,0.0,10063.96
2026-01-14 18:00,2026-01-14,18:00,11196.51,0.0,11196.51
2026-01-14 19:00,2026-01-14,19:00,11624.56,0.0,11624.56
2026-01-14 19:30,2026-01-14,19:30,11386.84,0.0,11386.84
2026-01-14 20:00,2026-01-14,20:00,11281.79,0.0,11281.79
2026-01-14 21:00,2026-01-14,21:00,11099.5,0.0,11099.5
2026-01-14 22:00,2026-01-14,22:00,10574.4,0.0,10574.4
2026-01-14 23:00,2026-01-14,23:00,9960.0,0.0,9960.0
2026-01-15 00:00,2026-01-15,00:00,9487.0,0.0,9487.0
2026-01-15 01:00,2026-01-15,01:00,8825.0,0.0,8825.0
2026-01-15 02:00,2026-01-15,02:00,8455.0,0.0,8455.0
2026-01-15 03:00,2026-01-15,03:00,8046.0,0.0,8046.0
2026-01-15 04:00,2026-01-15,04:00,7946.0,0.0,7946.0
2026-01-15 05:00,2026-01-15,05:00,7738.0,0.0,7738.0
2026-01-15 06:00,2026-01-15,06:00,8222.0,0.0,8222.0
2026-01-15 07:00,2026-01-15,07:00,9022.43,0.0,9022.43
2026-01-15 08:00,2026-01-15,08:00,9989.62,0.0,9989.62
2026-01-15 09:00,2026-01-15,09:00,10614.79,0.0,10614.79
2026-01-15 10:00,2026-01-15,10:00,10173.57,0.0,10173.57
2026-01-15 11:00,2026-01-15,11:00,10200.47,0.0,10200.47
2026-01-15 12:00,2026-01-15,12:00,10647.58,0.0,10647.58
2026-01-15 13:00,2026-01-15,13:00,11065.92,0.0,11065.92
2026-01-15 14:00,2026-01-15,14:00,10661.92,0.0,10661.92
2026-01-15 15:00,2026-01-15,15:00,10379.0,0.0,10379.0
2026-01-15 16:00,2026-01-15,16:00,9926.31,0.0,9926.31
2026-01-15 17:00,2026-01-15,17:00,10234.4,0.0,10234.4
2026-01-15 18:00,2026-01-15,18:00,11196.1,28.0,11225.1
2026-01-15 19:00,2026-01-15,19:00,11608.6,26.0,11635.6
2026-01-15 19:30,2026-01-15,19:30,11206.6,0.0,11206.6
2026-01-15 20:00,2026-01-15,20:00,11155.4,0.0,11155.4
2026-01-15 21:00,2026-01-15,21:00,10973.2,0.0,10973.2
2026-01-15 22:00,2026-01-15,22:00,10445.05,0.0,10445.05
2026-01-15 23:00,2026-01-15,23:00,9894.53,0.0,9894.53
2026-01-16 00:00,2026-01-16,00:00,9509.83,0.0,9509.83
2026-01-16 01:00,2026-01-16,01:00,8929.61,0.0,8929.61
2026-01-16 02:00,2026-01-16,02:00,8448.46,0.0,8448.46
2026-01-16 03:00,2026-01-16,03:00,8145.03,0.0,8145.03
2026-01-16 04:00,2026-01-16,04:00,7782.34,0.0,7782.34
2026-01-16 05:00,2026-01-16,05:00,7697.64,0.0,7697.64
2026-01-16 06:00,2026-01-16,06:00,7955.81,0.0,7955.81
2026-01-16 07:00,2026-01-16,07:00,8171.43,0.0,8171.43
2026-01-16 08:00,2026-01-16,08:00,8986.63,0.0,8986.63
2026-01-16 09:00,2026-01-16,09:00,9296.72,0.0,9296.72
2026-01-16 10:00,2026-01-16,10:00,9073.9,0.0,9073.9
2026-01-16 11:00,2026-01-16,11:00,9081.9,0.0,9081.9
2026-01-16 12:00,2026-01-16,12:00,9774.45,0.0,9774.45
2026-01-16 13:00,2026-01-16,13:00,10986.36,0.0,10986.36
2026-01-16 14:00,2026-01-16,14:00,9320.43,0.0,9320.43
2026-01-16 15:00,2026-01-16,15:00,8376.37,0.0,8376.37
2026-01-16 16:00,2026-01-16,16:00,8000.53,0.0,8000.53
2026-01-16 17:00,2026-01-16,17:00,8440.61,0.0,8440.61
2026-01-16 18:00,2026-01-16,18:00,9724.58,0.0,9724.58
2026-01-16 19:00,2026-01-16,19:00,9953.23,0.0,9953.23
2026-01-16 19:30,2026-01-16,19:30,10026.79,0.0,10026.79
2026-01-16 20:00,2026-01-16,20:00,10026.38,0.0,10026.38
2026-01-16 21:00,2026-01-16,21:00,10013.0,0.0,10013.0
2026-01-16 22:00,2026-01-16,22:00,9701.3,0.0,9701.3
2026-01-16 23:00,2026-01-16,23:00,9196.0,0.0,9196.0
2026-01-17 00:00,2026-01-17,00:00,8836.0,0.0,8836.0
2026-01-17 01:00,2026-01-17,01:00,8373.0,0.0,8373.0
2026-01-17 02:00,2026-01-17,02:00,7770.0,0.0,7770.0
2026-01-17 03:00,2026-01-17,03:00,7564.0,0.0,7564.0
2026-01-17 04:00,2026-01-17,04:00,7286.0,0.0,7286.0
2026-01-17 05:00,2026-01-17,05:00,7313.0,0.0,7313.0
2026-01-17 06:00,2026-01-17,06:00,7657.0,0.0,7657.0
2026-01-17 07:00,2026-01-17,07:00,8383.36,0.0,8383.36
2026-01-17 08:00,2026-01-17,08:00,9340.04,0.0,9340.04
2026-01-17 09:00,2026-01-17,09:00,9452.77,0.0,9452.77
2026-01-17 10:00,2026-01-17,10:00,8731.71,0.0,8731.71
2026-01-17 11:00,2026-01-17,11:00,8998.65,0.0,8998.65
2026-01-17 12:00,2026-01-17,12:00,9662.54,0.0,9662.54
2026-01-17 13:00,2026-01-17,13:00,10234.35,0.0,10234.35
2026-01-17 14:00,2026-01-17,14:00,9851.02,0.0,9851.02
2026-01-17 15:00,2026-01-17,15:00,9521.52,0.0,9521.52
2026-01-17 16:00,2026-01-17,16:00,9066.81,0.0,9066.81
2026-01-17 17:00,2026-01-17,17:00,9376.87,0.0,9376.87
2026-01-17 18:00,2026-01-17,18:00,10736.17,0.0,10736.17
2026-01-17 19:00,2026-01-17,19:00,11276.54,0.0,11276.54
2026-01-17 19:30,2026-01-17,19:30,11360.99,0.0,11360.99
2026-01-17 20:00,2026-01-17,20:00,11177.68,0.0,11177.68
2026-01-17 21:00,2026-01-17,21:00,11223.23,0.0,11223.23
2026-01-17 22:00,2026-01-17,22:00,10599.33,0.0,10599.33
2026-01-17 23:00,2026-01-17,23:00,10056.15,0.0,10056.15
2026-01-18 00:00,2026-01-18,00:00,9548.18,0.0,9548.18
2026-01-18 01:00,2026-01-18,01:00,8835.34,0.0,8835.34
2026-01-18 02:00,2026-01-18,02:00,8380.61,0.0,8380.61
2026-01-18 03:00,2026-01-18,03:00,8064.99,0.0,8064.99
2026-01-18 04:00,2026-01-18,04:00,7835.78,0.0,7835.78
2026-01-18 05:00,2026-01-18,05:00,7907.09,0.0,7907.09
2026-01-18 06:00,2026-01-18,06:00,8311.28,0.0,8311.28
2026-01-18 07:00,2026-01-18,07:00,9014.02,0.0,9014.02
2026-01-18 08:00,2026-01-18,08:00,10308.13,0.0,10308.13
2026-01-18 09:00,2026-01-18,09:00,10636.88,0.0,10636.88
2026-01-18 10:00,2026-01-18,10:00,10241.82,0.0,10241.82
2026-01-18 11:00,2026-01-18,11:00,10366.48,0.0,10366.48
2026-01-18 12:00,2026-01-18,12:00,10799.57,0.0,10799.57
2026-01-18 13:00,2026-01-18,13:00,11157.48,0.0,11157.48
2026-01-18 14:00,2026-01-18,14:00,10753.98,0.0,10753.98
2026-01-18 15:00,2026-01-18,15:00,10314.05,0.0,10314.05
2026-01-18 16:00,2026-01-18,16:00,9992.18,0.0,9992.18
2026-01-18 17:00,2026-01-18,17:00,10128.07,0.0,10128.07
2026-01-18 18:00,2026-01-18,18:00,11020.1,0.0,11020.1
2026-01-18 19:00,2026-01-18,19:00,11290.3,0.0,11290.3
2026-01-18 19:30,2026-01-18,19:30,11410.3,0.0,11410.3
2026-01-18 20:00,2026-01-18,20:00,11433.7,0.0,11433.7
2026-01-18 21:00,2026-01-18,21:00,11213.76,0.0,11213.76
2026-01-18 22:00,2026-01-18,22:00,10784.24,0.0,10784.24
2026-01-18 23:00,2026-01-18,23:00,10148.98,0.0,10148.98
2026-01-19 00:00,2026-01-19,00:00,9632.6,0.0,9632.6
2026-01-19 01:00,2026-01-19,01:00,8892.45,0.0,8892.45
2026-01-19 02:00,2026-01-19,02:00,8464.87,0.0,8464.87
2026-01-19 03:00,2026-01-19,03:00,8254.85,0.0,8254.85
2026-01-19 04:00,2026-01-19,04:00,8055.58,0.0,8055.58
2026-01-19 05:00,2026-01-19,05:00,7911.76,0.0,7911.76
2026-01-19 06:00,2026-01-19,06:00,8243.75,0.0,8243.75
2026-01-19 07:00,2026-01-19,07:00,9075.08,0.0,9075.08
2026-01-19 08:00,2026-01-19,08:00,10177.24,26.0,10204.24
2026-01-19 09:00,2026-01-19,09:00,10667.24,0.0,10667.24
2026-01-19 10:00,2026-01-19,10:00,10361.98,0.0,10361.98
2026-01-19 11:00,2026-01-19,11:00,10370.05,0.0,10370.05
2026-01-19 12:00,2026-01-19,12:00,10957.77,10.0,10967.77
2026-01-19 13:00,2026-01-19,13:00,11104.7,246.0,11361.7
2026-01-19 14:00,2026-01-19,14:00,10700.49,0.0,10700.49
2026-01-19 15:00,2026-01-19,15:00,10333.64,0.0,10333.64
2026-01-19 16:00,2026-01-19,16:00,10191.22,0.0,10191.22
2026-01-19 17:00,2026-01-19,17:00,10423.13,0.0,10423.13
2026-01-19 18:00,2026-01-19,18:00,11078.6,0.0,11078.6
2026-01-19 19:00,2026-01-19,19:00,11418.3,0.0,11418.3
2026-01-19 19:30,2026-01-19,19:30,11399.3,0.0,11399.3
2026-01-19 20:00,2026-01-19,20:00,11324.6,0.0,11324.6
2026-01-19 21:00,2026-01-19,21:00,11345.2,0.0,11345.2
2026-01-19 22:00,2026-01-19,22:00,10957.0,0.0,10957.0
2026-01-19 23:00,2026-01-19,23:00,10164.1,0.0,10164.1
2026-01-20 00:00,2026-01-20,00:00,9601.0,0.0,9601.0
2026-01-20 01:00,2026-01-20,01:00,8990.5,0.0,8990.5
2026-01-20 02:00,2026-01-20,02:00,8533.0,0.0,8533.0
2026-01-20 03:00,2026-01-20,03:00,8229.0,0.0,8229.0
2026-01-20 04:00,2026-01-20,04:00,7983.0,0.0,7983.0
2026-01-20 05:00,2026-01-20,05:00,7911.0,0.0,7911.0
2026-01-20 06:00,2026-01-20,06:00,8214.0,0.0,8214.0
2026-01-20 07:00,2026-01-20,07:00,9189.75,0.0,9189.75
2026-01-20 08:00,2026-01-20,08:00,10341.62,0.0,10341.62
2026-01-20 09:00,2026-01-20,09:00,10711.21,0.0,10711.21
2026-01-20 10:00,2026-01-20,10:00,10238.77,0.0,10238.77
2026-01-20 11:00,2026-01-20,11:00,10350.17,0.0,10350.17
2026-01-20 12:00,2026-01-20,12:00,10278.11,0.0,10278.11
2026-01-20 13:00,2026-01-20,13:00,10767.55,418.0,11204.55
2026-01-20 14:00,2026-01-20,14:00,10643.33,392.0,11053.33
2026-01-20 15:00,2026-01-20,15:00,10271.12,347.0,10634.12
2026-01-20 16:00,2026-01-20,16:00,10178.47,0.0,10178.47
2026-01-20 17:00,2026-01-20,17:00,10141.73,0.0,10141.73
2026-01-20 18:00,2026-01-20,18:00,10668.3,480.0,11170.3
2026-01-20 19:00,2026-01-20,19:00,10809.0,612.0,11449.0
2026-01-20 19:30,2026-01-20,19:30,10932.0,542.0,11498.0
2026-01-20 20:00,2026-01-20,20:00,10913.5,465.0,11399.5
2026-01-20 21:00,2026-01-20,21:00,10838.36,394.0,11250.36
2026-01-20 22:00,2026-01-20,22:00,10716.75,128.0,10850.75
2026-01-20 23:00,2026-01-20,23:00,10268.09,0.0,10268.09
2026-01-21 00:00,2026-01-21,00:00,9755.28,0.0,9755.28
2026-01-21 01:00,2026-01-21,01:00,8999.77,0.0,8999.77
2026-01-21 02:00,2026-01-21,02:00,8563.68,0.0,8563.68
2026-01-21 03:00,2026-01-21,03:00,8177.82,0.0,8177.82
2026-01-21 04:00,2026-01-21,04:00,7997.45,0.0,7997.45
2026-01-21 05:00,2026-01-21,05:00,7915.19,0.0,7915.19
2026-01-21 06:00,2026-01-21,06:00,8218.47,0.0,8218.47
2026-01-21 07:00,2026-01-21,07:00,9161.11,59.0,9222.77
2026-01-21 08:00,2026-01-21,08:00,9895.62,294.0,10202.62
2026-01-21 09:00,2026-01-21,09:00,10091.97,393.0,10502.97
2026-01-21 10:00,2026-01-21,10:00,10001.5,336.0,10352.5
2026-01-21 11:00,2026-01-21,11:00,10276.02,361.0,10653.02
2026-01-21 12:00,2026-01-21,12:00,10710.19,396.0,11124.19
2026-01-21 13:00,2026-01-21,13:00,10793.9,458.0,11272.9
2026-01-21 14:00,2026-01-21,14:00,10565.92,465.0,11051.92
2026-01-21 15:00,2026-01-21,15:00,10331.68,451.0,10802.68
2026-01-21 16:00,2026-01-21,16:00,9998.36,435.0,10453.36
2026-01-21 17:00,2026-01-21,17:00,10253.75,476.0,10750.75
2026-01-21 18:00,2026-01-21,18:00,10495.05,884.0,11419.05
2026-01-21 19:00,2026-01-21,19:00,10532.38,925.0,11499.38
2026-01-21 19:30,2026-01-21,19:30,10570.21,937.0,11549.21
2026-01-21 20:00,2026-01-21,20:00,10566.4,863.0,11468.24
2026-01-21 21:00,2026-01-21,21:00,10548.8,785.0,11368.8
2026-01-21 22:00,2026-01-21,22:00,10505.2,568.0,11099.2
2026-01-21 23:00,2026-01-21,23:00,9967.0,414.0,10400.0
2026-01-22 00:00,2026-01-22,00:00,9454.0,378.0,9849.01
2026-01-22 01:00,2026-01-22,01:00,8947.0,242.0,9200.0
2026-01-22 02:00,2026-01-22,02:00,8586.0,0.0,8586.0
2026-01-22 03:00,2026-01-22,03:00,8421.0,0.0,8421.0
2026-01-22 04:00,2026-01-22,04:00,8178.0,0.0,8178.0
2026-01-22 05:00,2026-01-22,05:00,8032.0,0.0,8032.0
2026-01-22 06:00,2026-01-22,06:00,8398.0,0.0,8398.0
2026-01-22 07:00,2026-01-22,07:00,8942.72,392.0,9352.72
2026-01-22 08:00,2026-01-22,08:00,9117.08,514.0,9654.08
2026-01-22 09:00,2026-01-22,09:00,9606.85,569.0,10201.85
2026-01-22 10:00,2026-01-22,10:00,10072.99,76.0,10151.99
2026-01-22 11:00,2026-01-22,11:00,10671.43,0.0,10671.43
2026-01-22 12:00,2026-01-22,12:00,10836.13,303.0,11153.13
2026-01-22 13:00,2026-01-22,13:00,10885.58,400.0,11303.58
2026-01-22 14:00,2026-01-22,14:00,10498.86,530.0,11052.86
2026-01-22 15:00,2026-01-22,15:00,10261.01,519.0,10803.01
2026-01-22 16:00,2026-01-22,16:00,10154.27,286.0,10453.27
2026-01-22 17:00,2026-01-22,17:00,10399.07,242.0,10652.07
2026-01-22 18:00,2026-01-22,18:00,10989.0,393.0,11400.0
2026-01-22 19:00,2026-01-22,19:00,11168.7,317.0,11499.7
2026-01-22 19:30,2026-01-22,19:30,11351.7,190.0,11550.7
2026-01-22 20:00,2026-01-22,20:00,11259.2,182.0,11449.2
2026-01-22 21:00,2026-01-22,21:00,11139.69,154.0,11300.69
2026-01-22 22:00,2026-01-22,22:00,10715.44,0.0,10715.44
2026-01-22 23:00,2026-01-22,23:00,10074.17,0.0,10074.17
2026-01-23 00:00,2026-01-23,00:00,9613.69,0.0,9613.69
2026-01-23 01:00,2026-01-23,01:00,8929.38,0.0,8929.38
2026-01-23 02:00,2026-01-23,02:00,8662.03,0.0,8662.03
2026-01-23 03:00,2026-01-23,03:00,8354.91,0.0,8354.91
2026-01-23 04:00,2026-01-23,04:00,8095.27,0.0,8095.27
2026-01-23 05:00,2026-01-23,05:00,7942.68,0.0,7942.68
2026-01-23 06:00,2026-01-23,06:00,8218.15,0.0,8218.15
2026-01-23 07:00,2026-01-23,07:00,8555.11,0.0,8555.11
2026-01-23 08:00,2026-01-23,08:00,9222.13,0.0,9222.13
2026-01-23 09:00,2026-01-23,09:00,9303.16,0.0,9303.16
2026-01-23 10:00,2026-01-23,10:00,9247.83,0.0,9247.83
2026-01-23 11:00,2026-01-23,11:00,9409.7,0.0,9409.7
2026-01-23 12:00,2026-01-23,12:00,10167.95,0.0,10167.95
2026-01-23 13:00,2026-01-23,13:00,10732.34,117.0,10854.34
2026-01-23 14:00,2026-01-23,14:00,9369.22,0.0,9369.22
2026-01-23 15:00,2026-01-23,15:00,8613.41,0.0,8613.41
2026-01-23 16:00,2026-01-23,16:00,8250.88,0.0,8250.88
2026-01-23 17:00,2026-01-23,17:00,8428.63,0.0,8428.63
2026-01-23 18:00,2026-01-23,18:00,9504.6,0.0,9504.6
2026-01-23 19:00,2026-01-23,19:00,10164.3,0.0,10164.3
2026-01-23 19:30,2026-01-23,19:30,10074.3,0.0,10074.3
2026-01-23 20:00,2026-01-23,20:00,10099.3,0.0,10099.3
2026-01-23 21:00,2026-01-23,21:00,10069.55,0.0,10069.55
2026-01-23 22:00,2026-01-23,22:00,9715.39,0.0,9715.39
2026-01-23 23:00,2026-01-23,23:00,9338.11,0.0,9338.11
2026-01-24 00:00,2026-01-24,00:00,8892.7,0.0,8892.7
2026-01-24 01:00,2026-01-24,01:00,8357.86,0.0,8357.86
2026-01-24 02:00,2026-01-24,02:00,8026.91,0.0,8026.91
2026-01-24 03:00,2026-01-24,03:00,7613.7,0.0,7613.7
2026-01-24 04:00,2026-01-24,04:00,7474.71,0.0,7474.71
2026-01-24 05:00,2026-01-24,05:00,7419.38,0.0,7419.38
2026-01-24 06:00,2026-01-24,06:00,7858.17,0.0,7858.17
2026-01-24 07:00,2026-01-24,07:00,8523.97,0.0,8523.97
2026-01-24 08:00,2026-01-24,08:00,9436.03,46.0,9484.03
2026-01-24 09:00,2026-01-24,09:00,9519.13,0.0,9519.13
2026-01-24 10:00,2026-01-24,10:00,9547.78,0.0,9547.78
2026-01-24 11:00,2026-01-24,11:00,9753.09,0.0,9753.09
2026-01-24 12:00,2026-01-24,12:00,10272.22,0.0,10272.22
2026-01-24 13:00,2026-01-24,13:00,10585.41,55.0,10642.41
2026-01-24 14:00,2026-01-24,14:00,10250.17,0.0,10250.17
2026-01-24 15:00,2026-01-24,15:00,9987.65,0.0,9987.65
2026-01-24 16:00,2026-01-24,16:00,9620.05,0.0,9620.05
2026-01-24 17:00,2026-01-24,17:00,9918.6,0.0,9918.6
2026-01-24 18:00,2026-01-24,18:00,10874.4,264.0,11150.28
2026-01-24 19:00,2026-01-24,19:00,11219.8,268.0,11499.8
2026-01-24 19:30,2026-01-24,19:30,11271.0,266.0,11548.97
2026-01-24 20:00,2026-01-24,20:00,11342.7,151.0,11500.5
2026-01-24 21:00,2026-01-24,21:00,11186.0,157.0,11350.07
2026-01-24 22:00,2026-01-24,22:00,10757.0,32.0,10790.0
2026-01-24 23:00,2026-01-24,23:00,10249.5,23.0,10273.54
2026-01-25 00:00,2026-01-25,00:00,9509.5,144.0,9659.98
2026-01-25 01:00,2026-01-25,01:00,8868.5,141.0,9015.85
2026-01-25 02:00,2026-01-25,02:00,8579.5,37.0,8618.5
2026-01-25 03:00,2026-01-25,03:00,8294.5,25.0,8320.5
2026-01-25 04:00,2026-01-25,04:00,8096.5,23.0,8120.5
2026-01-25 05:00,2026-01-25,05:00,8008.5,31.0,8040.5
2026-01-25 06:00,2026-01-25,06:00,8395.5,33.0,8429.5
2026-01-25 07:00,2026-01-25,07:00,8904.0,305.0,9223.0
2026-01-25 08:00,2026-01-25,08:00,9580.59,404.0,10002.59
2026-01-25 09:00,2026-01-25,09:00,10124.81,384.0,10526.09
2026-01-25 10:00,2026-01-25,10:00,10342.44,250.0,10603.44
2026-01-25 11:00,2026-01-25,11:00,10527.83,265.0,10804.83
2026-01-25 12:00,2026-01-25,12:00,10679.94,501.0,11203.94
2026-01-25 13:00,2026-01-25,13:00,10859.37,616.0,11503.37
2026-01-25 14:00,2026-01-25,14:00,10606.58,494.0,11122.58
2026-01-25 15:00,2026-01-25,15:00,10344.45,393.0,10755.45
2026-01-25 16:00,2026-01-25,16:00,10153.29,287.0,10453.29
2026-01-25 17:00,2026-01-25,17:00,10479.88,261.0,10752.88
2026-01-25 18:00,2026-01-25,18:00,11000.53,478.0,11500.53
2026-01-25 19:00,2026-01-25,19:00,11186.91,491.0,11699.91
2026-01-25 19:30,2026-01-25,19:30,11149.61,431.0,11599.61
2026-01-25 20:00,2026-01-25,20:00,11142.82,294.0,11449.82
2026-01-25 21:00,2026-01-25,21:00,11160.39,181.0,11349.39
2026-01-25 22:00,2026-01-25,22:00,10714.23,130.0,10850.23
2026-01-25 23:00,2026-01-25,23:00,10117.92,22.0,10140.92
2026-01-26 00:00,2026-01-26,00:00,9634.05,0.0,9634.05
2026-01-26 01:00,2026-01-26,01:00,9028.16,0.0,9028.16
2026-01-26 02:00,2026-01-26,02:00,8600.05,0.0,8600.05
2026-01-26 03:00,2026-01-26,03:00,8361.82,0.0,8361.82
2026-01-26 04:00,2026-01-26,04:00,8035.84,0.0,8035.84
2026-01-26 05:00,2026-01-26,05:00,7984.37,0.0,7984.37
2026-01-26 06:00,2026-01-26,06:00,8391.2,0.0,8391.2
2026-01-26 07:00,2026-01-26,07:00,8917.13,235.0,9163.13
2026-01-26 08:00,2026-01-26,08:00,9580.03,310.0,9904.03
2026-01-26 09:00,2026-01-26,09:00,10021.03,460.0,10502.03
2026-01-26 10:00,2026-01-26,10:00,9956.17,475.0,10452.17
2026-01-26 11:00,2026-01-26,11:00,10141.87,584.0,10751.87
2026-01-26 12:00,2026-01-26,12:00,10237.36,875.0,11151.36
2026-01-26 13:00,2026-01-26,13:00,10291.35,1062.0,11401.35
2026-01-26 14:00,2026-01-26,14:00,10042.97,1012.0,11100.97
2026-01-26 15:00,2026-01-26,15:00,9881.72,834.0,10753.72
2026-01-26 16:00,2026-01-26,16:00,9978.12,551.0,10554.12
2026-01-26 17:00,2026-01-26,17:00,10054.76,477.0,10552.76
2026-01-26 18:00,2026-01-26,18:00,10746.2,816.0,11599.2
2026-01-26 19:00,2026-01-26,19:00,10959.19,709.0,11700.19
2026-01-26 19:30,2026-01-26,19:30,10945.04,673.0,11648.04
2026-01-26 20:00,2026-01-26,20:00,10870.4,650.0,11549.65
2026-01-26 21:00,2026-01-26,21:00,10896.5,529.0,11449.5
2026-01-26 22:00,2026-01-26,22:00,10669.5,30.0,10700.85
2026-01-26 23:00,2026-01-26,23:00,10225.5,0.0,10225.5
2026-01-27 00:00,2026-01-27,00:00,9648.5,0.0,9648.5
2026-01-27 01:00,2026-01-27,01:00,9074.5,0.0,9074.5
2026-01-27 02:00,2026-01-27,02:00,8739.5,0.0,8739.5
2026-01-27 03:00,2026-01-27,03:00,8256.5,0.0,8256.5
2026-01-27 04:00,2026-01-27,04:00,8144.5,0.0,8144.5
2026-01-27 05:00,2026-01-27,05:00,8020.5,0.0,8020.5
2026-01-27 06:00,2026-01-27,06:00,8537.5,0.0,8537.5
2026-01-27 07:00,2026-01-27,07:00,9373.98,47.0,9422.98
2026-01-27 08:00,2026-01-27,08:00,10265.3,114.0,10384.3
2026-01-27 09:00,2026-01-27,09:00,10662.87,86.0,10752.87
2026-01-27 10:00,2026-01-27,10:00,10569.72,33.0,10603.72
2026-01-27 11:00,2026-01-27,11:00,10865.86,0.0,10865.86
2026-01-27 12:00,2026-01-27,12:00,11046.28,199.0,11254.28
2026-01-27 13:00,2026-01-27,13:00,11109.87,281.0,11403.87
2026-01-27 14:00,2026-01-27,14:00,10972.6,80.0,11056.6
2026-01-27 15:00,2026-01-27,15:00,10748.9,33.0,10782.9
2026-01-27 16:00,2026-01-27,16:00,10445.22,26.0,10472.22
2026-01-27 17:00,2026-01-27,17:00,10542.12,59.0,10604.12
2026-01-27 18:00,2026-01-27,18:00,10975.06,446.0,11441.06
2026-01-27 19:00,2026-01-27,19:00,11060.66,469.0,11550.66
2026-01-27 19:30,2026-01-27,19:30,11154.97,426.0,11599.97
2026-01-27 20:00,2026-01-27,20:00,11089.28,413.0,11521.28
2026-01-27 21:00,2026-01-27,21:00,11154.17,322.0,11490.17
2026-01-27 22:00,2026-01-27,22:00,10921.08,47.0,10970.08
2026-01-27 23:00,2026-01-27,23:00,10337.09,32.0,10370.09
2026-01-28 00:00,2026-01-28,00:00,9689.96,0.0,9689.96
2026-01-28 01:00,2026-01-28,01:00,8968.21,0.0,8968.21
2026-01-28 02:00,2026-01-28,02:00,8742.93,0.0,8742.93
2026-01-28 03:00,2026-01-28,03:00,8366.2,0.0,8366.2
2026-01-28 04:00,2026-01-28,04:00,8202.72,0.0,8202.72
2026-01-28 05:00,2026-01-28,05:00,8034.27,0.0,8034.27
2026-01-28 06:00,2026-01-28,06:00,8428.12,117.0,8550.12
2026-01-28 07:00,2026-01-28,07:00,8916.2,256.0,9184.2
2026-01-28 08:00,2026-01-28,08:00,10004.54,305.0,10323.54
2026-01-28 09:00,2026-01-28,09:00,10389.46,301.0,10704.46
2026-01-28 10:00,2026-01-28,10:00,10519.11,98.0,10621.11
2026-01-28 11:00,2026-01-28,11:00,10657.12,283.0,10953.12
2026-01-28 12:00,2026-01-28,12:00,10751.14,529.0,11304.14
2026-01-28 13:00,2026-01-28,13:00,10732.2,643.0,11404.2
2026-01-28 14:00,2026-01-28,14:00,10544.22,497.0,11063.22
2026-01-28 15:00,2026-01-28,15:00,10404.29,477.0,10902.29
2026-01-28 16:00,2026-01-28,16:00,10298.63,259.0,10569.29
2026-01-28 17:00,2026-01-28,17:00,10562.29,181.0,10751.29
2026-01-28 18:00,2026-01-28,18:00,11007.0,471.0,11499.2
2026-01-28 19:00,2026-01-28,19:00,11025.0,501.0,11548.55
2026-01-28 19:30,2026-01-28,19:30,11159.0,498.0,11679.0
2026-01-28 20:00,2026-01-28,20:00,11126.0,481.0,11629.0
2026-01-28 21:00,2026-01-28,21:00,11106.47,368.0,11491.03
2026-01-28 22:00,2026-01-28,22:00,11009.72,39.0,11050.72
2026-01-28 23:00,2026-01-28,23:00,10504.93,0.0,10504.93
2026-01-29 00:00,2026-01-29,00:00,9791.28,0.0,9791.28
2026-01-29 01:00,2026-01-29,01:00,9086.68,61.0,9150.68
2026-01-29 02:00,2026-01-29,02:00,8727.41,60.0,8790.41
2026-01-29 03:00,2026-01-29,03:00,8544.12,53.0,8599.12
2026-01-29 04:00,2026-01-29,04:00,8274.83,49.0,8325.83
2026-01-29 05:00,2026-01-29,05:00,8151.55,47.0,8200.67
2026-01-29 06:00,2026-01-29,06:00,8559.01,68.0,8630.01
2026-01-29 07:00,2026-01-29,07:00,8902.3,336.0,9253.3
2026-01-29 08:00,2026-01-29,08:00,9652.99,640.0,10321.99
2026-01-29 09:00,2026-01-29,09:00,10119.58,558.0,10702.58
2026-01-29 10:00,2026-01-29,10:00,9724.65,860.0,10623.65
2026-01-29 11:00,2026-01-29,11:00,9968.6,941.0,10951.6
2026-01-29 12:00,2026-01-29,12:00,10155.9,1000.0,11200.9
2026-01-29 13:00,2026-01-29,13:00,10066.16,1086.0,11201.16
2026-01-29 14:00,2026-01-29,14:00,9893.95,1108.0,11051.95
2026-01-29 15:00,2026-01-29,15:00,9791.94,1063.0,10902.94
2026-01-29 16:00,2026-01-29,16:00,9714.09,851.0,10603.09
2026-01-29 17:00,2026-01-29,17:00,10034.62,829.0,10900.62
2026-01-29 18:00,2026-01-29,18:00,10806.35,759.0,11599.35
2026-01-29 19:00,2026-01-29,19:00,11504.39,284.0,11801.39
2026-01-29 19:30,2026-01-29,19:30,11455.32,249.0,11715.32
2026-01-29 20:00,2026-01-29,20:00,11471.25,126.0,11603.25
2026-01-29 21:00,2026-01-29,21:00,11405.46,92.0,11501.46
2026-01-29 22:00,2026-01-29,22:00,11131.59,39.0,11172.59
2026-01-29 23:00,2026-01-29,23:00,10567.67,32.0,10600.67
2026-01-30 00:00,2026-01-30,00:00,9931.57,0.0,9931.57
2026-01-30 01:00,2026-01-30,01:00,8729.23,125.0,8860.23
2026-01-30 02:00,2026-01-30,02:00,8661.02,133.0,8800.02
2026-01-30 03:00,2026-01-30,03:00,8565.83,43.0,8610.83
2026-01-30 04:00,2026-01-30,04:00,8269.3,44.0,8315.3
2026-01-30 05:00,2026-01-30,05:00,8228.58,21.0,8250.58
2026-01-30 06:00,2026-01-30,06:00,8537.05,36.0,8575.05
2026-01-30 07:00,2026-01-30,07:00,8884.98,70.0,8957.98
2026-01-30 08:00,2026-01-30,08:00,9636.2,45.0,9683.2
2026-01-30 09:00,2026-01-30,09:00,9623.34,77.0,9703.34
2026-01-30 10:00,2026-01-30,10:00,9759.37,33.0,9793.37
2026-01-30 11:00,2026-01-30,11:00,9871.74,28.0,9900.74
2026-01-30 12:00,2026-01-30,12:00,10722.21,0.0,10722.21
2026-01-30 13:00,2026-01-30,13:00,11046.09,123.0,11175.09
2026-01-30 14:00,2026-01-30,14:00,9460.61,0.0,9460.61
2026-01-30 15:00,2026-01-30,15:00,8861.95,0.0,8861.95
2026-01-30 16:00,2026-01-30,16:00,8572.53,0.0,8572.53
2026-01-30 17:00,2026-01-30,17:00,8757.11,0.0,8757.11
2026-01-30 18:00,2026-01-30,18:00,10031.0,18.0,10050.0
2026-01-30 19:00,2026-01-30,19:00,10541.4,0.0,10541.4
2026-01-30 19:30,2026-01-30,19:30,10360.4,0.0,10360.4
2026-01-30 20:00,2026-01-30,20:00,10350.9,0.0,10350.9
2026-01-30 21:00,2026-01-30,21:00,10392.0,0.0,10392.0
2026-01-30 22:00,2026-01-30,22:00,10027.0,0.0,10027.0
2026-01-30 23:00,2026-01-30,23:00,9576.0,0.0,9576.0
2026-01-31 00:00,2026-01-31,00:00,9116.0,0.0,9116.0
2026-01-31 01:00,2026-01-31,01:00,8526.0,0.0,8526.0
2026-01-31 02:00,2026-01-31,02:00,8167.0,0.0,8167.0
2026-01-31 03:00,2026-01-31,03:00,7867.0,0.0,7867.0
2026-01-31 04:00,2026-01-31,04:00,7631.0,0.0,7631.0
2026-01-31 05:00,2026-01-31,05:00,7599.0,0.0,7599.0
2026-01-31 06:00,2026-01-31,06:00,8016.0,0.0,8016.0
2026-01-31 07:00,2026-01-31,07:00,8728.43,42.0,8772.32
2026-01-31 08:00,2026-01-31,08:00,9522.83,29.0,9552.83
2026-01-31 09:00,2026-01-31,09:00,9638.04,20.0,9659.04
2026-01-31 10:00,2026-01-31,10:00,9593.41,39.0,9634.41
2026-01-31 11:00,2026-01-31,11:00,9901.69,41.0,9944.69
2026-01-31 12:00,2026-01-31,12:00,10202.18,69.0,10274.18
2026-01-31 13:00,2026-01-31,13:00,10968.26,72.0,11043.26
2026-01-31 14:00,2026-01-31,14:00,10492.48,49.0,10543.48
2026-01-31 15:00,2026-01-31,15:00,10179.92,51.0,10232.92
2026-01-31 16:00,2026-01-31,16:00,9857.46,53.0,9912.46
2026-01-31 17:00,2026-01-31,17:00,9886.31,54.0,9942.31
2026-01-31 18:00,2026-01-31,18:00,11373.33,55.0,11430.33
2026-01-31 19:00,2026-01-31,19:00,11900.14,77.0,11980.14
2026-01-31 19:30,2026-01-31,19:30,11722.04,75.0,11800.04
2026-01-31 20:00,2026-01-31,20:00,11527.9,60.0,11590.9
2026-01-31 21:00,2026-01-31,21:00,11299.4,39.0,11340.4
2026-01-31 22:00,2026-01-31,22:00,10819.7,0.0,10819.7
2026-01-31 23:00,2026-01-31,23:00,10313.0,0.0,10313.0
2026-02-01 00:00,2026-02-01,00:00,9650.0,0.0,9650.0
2026-02-01 01:00,2026-02-01,01:00,9096.0,23.0,9120.0
2026-02-01 02:00,2026-02-01,02:00,8591.0,17.0,8608.77
2026-02-01 03:00,2026-02-01,03:00,8361.0,0.0,8361.0
2026-02-01 04:00,2026-02-01,04:00,8130.0,0.0,8130.0
2026-02-01 05:00,2026-02-01,05:00,8063.0,0.0,8063.0
2026-02-01 06:00,2026-02-01,06:00,8373.0,0.0,8373.0
2026-02-01 07:00,2026-02-01,07:00,9352.2,48.0,9402.2
2026-02-01 08:00,2026-02-01,08:00,10309.71,41.0,10352.71
2026-02-01 09:00,2026-02-01,09:00,10784.05,38.0,10824.05
2026-02-01 10:00,2026-02-01,10:00,10939.17,19.0,10959.17
2026-02-01 11:00,2026-02-01,11:00,11015.87,12.0,11028.87
2026-02-01 12:00,2026-02-01,12:00,11413.88,19.0,11433.88
2026-02-01 13:00,2026-02-01,13:00,11706.22,78.0,11788.22
2026-02-01 14:00,2026-02-01,14:00,11389.11,0.0,11389.11
2026-02-01 15:00,2026-02-01,15:00,10855.16,0.0,10855.16
2026-02-01 16:00,2026-02-01,16:00,10441.19,0.0,10441.19
2026-02-01 17:00,2026-02-01,17:00,10460.93,0.0,10460.93
2026-02-01 18:00,2026-02-01,18:00,11468.4,31.0,11500.4
2026-02-01 19:00,2026-02-01,19:00,11875.1,24.0,11900.1
2026-02-01 19:30,2026-02-01,19:30,11555.4,0.0,11555.4
2026-02-01 20:00,2026-02-01,20:00,11502.2,0.0,11502.2
2026-02-01 21:00,2026-02-01,21:00,11381.3,0.0,11381.3
2026-02-01 22:00,2026-02-01,22:00,10854.7,0.0,10854.7
2026-02-01 23:00,2026-02-01,23:00,10199.0,0.0,10199.0
2026-02-02 00:00,2026-02-02,00:00,9611.0,0.0,9611.0
2026-02-02 01:00,2026-02-02,01:00,8976.5,0.0,8976.5
2026-02-02 02:00,2026-02-02,02:00,8641.5,0.0,8641.5
2026-02-02 03:00,2026-02-02,03:00,8270.5,0.0,8270.5
2026-02-02 04:00,2026-02-02,04:00,8213.5,0.0,8213.5
2026-02-02 05:00,2026-02-02,05:00,8181.5,0.0,8181.5
2026-02-02 06:00,2026-02-02,06:00,8484.5,25.0,8510.5
2026-02-02 07:00,2026-02-02,07:00,9306.12,101.0,9412.12
2026-02-02 08:00,2026-02-02,08:00,10346.5,40.0,10388.5
2026-02-02 09:00,2026-02-02,09:00,10909.5,52.0,10963.5
2026-02-02 10:00,2026-02-02,10:00,10768.59,33.0,10802.59
2026-02-02 11:00,2026-02-02,11:00,10997.44,17.0,11015.44
2026-02-02 12:00,2026-02-02,12:00,11378.14,14.0,11393.14
2026-02-02 13:00,2026-02-02,13:00,11494.63,152.0,11653.63
2026-02-02 14:00,2026-02-02,14:00,11239.05,33.0,11273.05
2026-02-02 15:00,2026-02-02,15:00,10990.84,32.0,11024.28
2026-02-02 16:00,2026-02-02,16:00,10506.9,26.0,10533.9
2026-02-02 17:00,2026-02-02,17:00,10733.94,47.0,10782.94
2026-02-02 18:00,2026-02-02,18:00,11664.91,74.0,11741.91
2026-02-02 19:00,2026-02-02,19:00,12032.08,37.0,12071.08
2026-02-02 19:30,2026-02-02,19:30,11921.18,38.0,11961.18
2026-02-02 20:00,2026-02-02,20:00,11848.95,40.0,11890.95
2026-02-02 21:00,2026-02-02,21:00,11627.07,32.0,11660.07
2026-02-02 22:00,2026-02-02,22:00,11018.75,21.0,11040.75
2026-02-02 23:00,2026-02-02,23:00,10366.38,0.0,10366.38
2026-02-03 00:00,2026-02-03,00:00,9714.86,0.0,9714.86
2026-02-03 01:00,2026-02-03,01:00,9169.14,0.0,9169.14
2026-02-03 02:00,2026-02-03,02:00,8813.48,0.0,8813.48
2026-02-03 03:00,2026-02-03,03:00,8426.48,0.0,8426.48
2026-02-03 04:00,2026-02-03,04:00,8337.6,0.0,8337.6
2026-02-03 05:00,2026-02-03,05:00,8329.54,0.0,8329.54
2026-02-03 06:00,2026-02-03,06:00,8542.29,0.0,8542.29
2026-02-03 07:00,2026-02-03,07:00,8908.24,215.0,9132.92
2026-02-03 08:00,2026-02-03,08:00,9969.97,194.0,10172.97
2026-02-03 09:00,2026-02-03,09:00,10605.83,254.0,10870.83
2026-02-03 10:00,2026-02-03,10:00,10690.89,127.0,10823.89
2026-02-03 11:00,2026-02-03,11:00,10825.84,265.0,11102.84
2026-02-03 12:00,2026-02-03,12:00,11069.32,368.0,11454.32
2026-02-03 13:00,2026-02-03,13:00,11012.34,470.0,11503.34
2026-02-03 14:00,2026-02-03,14:00,11096.53,0.0,11096.53
2026-02-03 15:00,2026-02-03,15:00,11046.1,0.0,11046.1
2026-02-03 16:00,2026-02-03,16:00,10733.08,0.0,10733.08
2026-02-03 17:00,2026-02-03,17:00,10675.64,0.0,10675.64
2026-02-03 18:00,2026-02-03,18:00,11233.55,0.0,11233.55
2026-02-03 19:00,2026-02-03,19:00,11371.01,0.0,11371.01
2026-02-03 19:30,2026-02-03,19:30,10969.31,0.0,10969.31
2026-02-03 20:00,2026-02-03,20:00,10795.74,0.0,10795.74
2026-02-03 21:00,2026-02-03,21:00,10222.45,0.0,10222.45
2026-02-03 22:00,2026-02-03,22:00,9835.63,0.0,9835.63
2026-02-03 23:00,2026-02-03,23:00,9330.21,0.0,9330.21
2026-02-04 00:00,2026-02-04,00:00,8878.5,0.0,8878.5
2026-02-04 01:00,2026-02-04,01:00,8231.3,0.0,8231.3
2026-02-04 02:00,2026-02-04,02:00,7845.54,0.0,7845.54
2026-02-04 03:00,2026-02-04,03:00,7543.42,0.0,7543.42
2026-02-04 04:00,2026-02-04,04:00,7547.66,0.0,7547.66
2026-02-04 05:00,2026-02-04,05:00,7494.44,0.0,7494.44
2026-02-04 06:00,2026-02-04,06:00,7380.6,0.0,7380.6
2026-02-04 07:00,2026-02-04,07:00,7641.04,0.0,7641.04
2026-02-04 08:00,2026-02-04,08:00,8640.94,0.0,8640.94
2026-02-04 09:00,2026-02-04,09:00,9051.99,0.0,9051.99
2026-02-04 10:00,2026-02-04,10:00,9163.83,0.0,9163.83
2026-02-04 11:00,2026-02-04,11:00,9310.25,0.0,9310.25
2026-02-04 12:00,2026-02-04,12:00,9759.47,0.0,9759.47
2026-02-04 13:00,2026-02-04,13:00,10435.91,0.0,10435.91
2026-02-04 14:00,2026-02-04,14:00,10300.36,0.0,10300.36
2026-02-04 15:00,2026-02-04,15:00,9511.29,0.0,9511.29
2026-02-04 16:00,2026-02-04,16:00,9104.22,0.0,9104.22
2026-02-04 17:00,2026-02-04,17:00,9467.14,0.0,9467.14
2026-02-04 18:00,2026-02-04,18:00,10179.72,0.0,10179.72
2026-02-04 19:00,2026-02-04,19:00,10544.01,0.0,10544.01
2026-02-04 19:30,2026-02-04,19:30,10468.67,0.0,10468.67
2026-02-04 20:00,2026-02-04,20:00,10425.78,0.0,10425.78
2026-02-04 21:00,2026-02-04,21:00,10491.42,0.0,10491.42
2026-02-04 22:00,2026-02-04,22:00,10236.56,0.0,10236.56
2026-02-04 23:00,2026-02-04,23:00,9811.83,0.0,9811.83
2026-02-05 00:00,2026-02-05,00:00,9291.26,0.0,9291.26
2026-02-05 01:00,2026-02-05,01:00,8798.55,0.0,8798.55
2026-02-05 02:00,2026-02-05,02:00,8350.62,0.0,8350.62
2026-02-05 03:00,2026-02-05,03:00,8070.44,0.0,8070.44
2026-02-05 04:00,2026-02-05,04:00,7842.8,0.0,7842.8
2026-02-05 05:00,2026-02-05,05:00,7796.31,0.0,7796.31
2026-02-05 06:00,2026-02-05,06:00,8230.37,0.0,8230.37
2026-02-05 07:00,2026-02-05,07:00,9318.76,0.0,9318.76
2026-02-05 08:00,2026-02-05,08:00,10451.47,0.0,10451.47
2026-02-05 09:00,2026-02-05,09:00,10917.22,0.0,10917.22
2026-02-05 10:00,2026-02-05,10:00,10748.51,0.0,10748.51
2026-02-05 11:00,2026-02-05,11:00,10805.13,0.0,10805.13
2026-02-05 12:00,2026-02-05,12:00,11281.89,0.0,11281.89
2026-02-05 13:00,2026-02-05,13:00,11576.43,0.0,11576.43
2026-02-05 14:00,2026-02-05,14:00,11205.03,0.0,11205.03
2026-02-05 15:00,2026-02-05,15:00,10617.45,0.0,10617.45
2026-02-05 16:00,2026-02-05,16:00,10375.5,0.0,10375.5
2026-02-05 17:00,2026-02-05,17:00,10456.84,0.0,10456.84
2026-02-05 18:00,2026-02-05,18:00,11278.9,0.0,11278.9
2026-02-05 19:00,2026-02-05,19:00,11930.8,0.0,11930.8
2026-02-05 19:30,2026-02-05,19:30,11728.0,0.0,11728.0
2026-02-05 20:00,2026-02-05,20:00,11522.0,0.0,11522.0
2026-02-05 21:00,2026-02-05,21:00,11284.3,0.0,11284.3
2026-02-05 22:00,2026-02-05,22:00,10969.8,0.0,10969.8
2026-02-05 23:00,2026-02-05,23:00,10388.1,0.0,10388.1
2026-02-06 00:00,2026-02-06,00:00,9850.0,0.0,9850.0
2026-02-06 01:00,2026-02-06,01:00,9207.0,0.0,9207.0
2026-02-06 02:00,2026-02-06,02:00,8835.0,0.0,8835.0
2026-02-06 03:00,2026-02-06,03:00,8400.0,0.0,8400.0
2026-02-06 04:00,2026-02-06,04:00,8157.0,0.0,8157.0
2026-02-06 05:00,2026-02-06,05:00,8086.0,0.0,8086.0
2026-02-06 06:00,2026-02-06,06:00,8402.0,0.0,8402.0
2026-02-06 07:00,2026-02-06,07:00,8867.93,0.0,8867.93
2026-02-06 08:00,2026-02-06,08:00,9627.49,0.0,9627.49
2026-02-06 09:00,2026-02-06,09:00,10078.92,0.0,10078.92
2026-02-06 10:00,2026-02-06,10:00,9967.75,0.0,9967.75
2026-02-06 11:00,2026-02-06,11:00,10074.08,0.0,10074.08
2026-02-06 12:00,2026-02-06,12:00,10859.35,0.0,10859.35
2026-02-06 13:00,2026-02-06,13:00,11451.84,0.0,11451.84
2026-02-06 14:00,2026-02-06,14:00,9719.44,0.0,9719.44
2026-02-06 15:00,2026-02-06,15:00,9092.13,0.0,9092.13
2026-02-06 16:00,2026-02-06,16:00,8949.16,0.0,8949.16
2026-02-06 17:00,2026-02-06,17:00,9036.08,0.0,9036.08
2026-02-06 18:00,2026-02-06,18:00,9924.45,0.0,9924.45
2026-02-06 19:00,2026-02-06,19:00,10669.52,0.0,10669.52
2026-02-06 19:30,2026-02-06,19:30,10531.0,0.0,10531.0
2026-02-06 20:00,2026-02-06,20:00,10553.35,0.0,10553.35
2026-02-06 21:00,2026-02-06,21:00,10434.91,0.0,10434.91
2026-02-06 22:00,2026-02-06,22:00,10122.98,0.0,10122.98
2026-02-06 23:00,2026-02-06,23:00,9561.62,0.0,9561.62
2026-02-07 00:00,2026-02-07,00:00,9050.24,0.0,9050.24
2026-02-07 01:00,2026-02-07,01:00,8591.24,0.0,8591.24
2026-02-07 02:00,2026-02-07,02:00,8103.35,0.0,8103.35
2026-02-07 03:00,2026-02-07,03:00,7781.76,0.0,7781.76
2026-02-07 04:00,2026-02-07,04:00,7662.06,0.0,7662.06
2026-02-07 05:00,2026-02-07,05:00,7571.19,0.0,7571.19
2026-02-07 06:00,2026-02-07,06:00,8071.47,0.0,8071.47
2026-02-07 07:00,2026-02-07,07:00,8888.66,0.0,8888.66
2026-02-07 08:00,2026-02-07,08:00,9951.02,0.0,9951.02
2026-02-07 09:00,2026-02-07,09:00,10379.61,0.0,10379.61
2026-02-07 10:00,2026-02-07,10:00,10414.13,0.0,10414.13
2026-02-07 11:00,2026-02-07,11:00,10365.35,0.0,10365.35
2026-02-07 12:00,2026-02-07,12:00,10869.6,0.0,10869.6
2026-02-07 13:00,2026-02-07,13:00,11275.64,0.0,11275.64
2026-02-07 14:00,2026-02-07,14:00,11004.25,0.0,11004.25
2026-02-07 15:00,2026-02-07,15:00,10595.23,0.0,10595.23
2026-02-07 16:00,2026-02-07,16:00,10052.05,0.0,10052.05
2026-02-07 17:00,2026-02-07,17:00,10233.12,0.0,10233.12
2026-02-07 18:00,2026-02-07,18:00,11143.3,0.0,11143.3
2026-02-07 19:00,2026-02-07,19:00,11969.0,0.0,11969.0
2026-02-07 19:30,2026-02-07,19:30,11811.0,0.0,11811.0
2026-02-07 20:00,2026-02-07,20:00,11544.9,0.0,11544.9
2026-02-07 21:00,2026-02-07,21:00,11389.0,0.0,11389.0
2026-02-07 22:00,2026-02-07,22:00,10870.0,0.0,10870.0
2026-02-07 23:00,2026-02-07,23:00,10168.0,0.0,10168.0
2026-02-08 00:00,2026-02-08,00:00,9704.0,0.0,9704.0
2026-02-08 01:00,2026-02-08,01:00,9175.0,0.0,9175.0
2026-02-08 02:00,2026-02-08,02:00,8578.0,0.0,8578.0
2026-02-08 03:00,2026-02-08,03:00,8308.0,0.0,8308.0
2026-02-08 04:00,2026-02-08,04:00,8045.0,0.0,8045.0
2026-02-08 05:00,2026-02-08,05:00,7997.0,0.0,7997.0
2026-02-08 06:00,2026-02-08,06:00,8508.0,0.0,8508.0
2026-02-08 07:00,2026-02-08,07:00,9465.76,0.0,9465.76
2026-02-08 08:00,2026-02-08,08:00,10588.91,0.0,10588.91
2026-02-08 09:00,2026-02-08,09:00,11043.2,0.0,11043.2
2026-02-08 10:00,2026-02-08,10:00,10926.68,0.0,10926.68
2026-02-08 11:00,2026-02-08,11:00,10985.89,0.0,10985.89
2026-02-08 12:00,2026-02-08,12:00,11425.06,0.0,11425.06
2026-02-08 13:00,2026-02-08,13:00,11812.95,0.0,11812.95
2026-02-08 14:00,2026-02-08,14:00,11290.24,0.0,11290.24
2026-02-08 15:00,2026-02-08,15:00,10817.8,0.0,10817.8
2026-02-08 16:00,2026-02-08,16:00,10494.52,0.0,10494.52
2026-02-08 17:00,2026-02-08,17:00,10400.83,0.0,10400.83
2026-02-08 18:00,2026-02-08,18:00,11235.5,0.0,11235.5
2026-02-08 19:00,2026-02-08,19:00,12017.85,0.0,12017.85
2026-02-08 19:30,2026-02-08,19:30,11696.5,0.0,11696.5
2026-02-08 20:00,2026-02-08,20:00,11505.64,0.0,11505.64
2026-02-08 21:00,2026-02-08,21:00,11379.93,0.0,11379.93
2026-02-08 22:00,2026-02-08,22:00,10883.44,0.0,10883.44
2026-02-08 23:00,2026-02-08,23:00,10306.12,0.0,10306.12
2026-02-09 00:00,2026-02-09,00:00,9707.6,0.0,9707.6
2026-02-09 01:00,2026-02-09,01:00,9070.09,0.0,9070.09
2026-02-09 02:00,2026-02-09,02:00,8743.74,0.0,8743.74
2026-02-09 03:00,2026-02-09,03:00,8312.63,0.0,8312.63
2026-02-09 04:00,2026-02-09,04:00,8048.25,0.0,8048.25
2026-02-09 05:00,2026-02-09,05:00,7948.92,0.0,7948.92
2026-02-09 06:00,2026-02-09,06:00,8312.62,0.0,8312.62
2026-02-09 07:00,2026-02-09,07:00,9492.98,0.0,9492.98
2026-02-09 08:00,2026-02-09,08:00,10563.98,38.0,10603.98
2026-02-09 09:00,2026-02-09,09:00,10812.22,0.0,10812.22
2026-02-09 10:00,2026-02-09,10:00,10693.11,0.0,10693.11
2026-02-09 11:00,2026-02-09,11:00,10832.06,0.0,10832.06
2026-02-09 12:00,2026-02-09,12:00,11338.27,0.0,11338.27
2026-02-09 13:00,2026-02-09,13:00,11783.96,0.0,11783.96
2026-02-09 14:00,2026-02-09,14:00,11340.37,0.0,11340.37
2026-02-09 15:00,2026-02-09,15:00,10893.91,0.0,10893.91
2026-02-09 16:00,2026-02-09,16:00,10333.61,0.0,10333.61
2026-02-09 17:00,2026-02-09,17:00,10458.48,0.0,10458.48
2026-02-09 18:00,2026-02-09,18:00,11115.89,33.0,11149.89
2026-02-09 19:00,2026-02-09,19:00,11746.52,29.0,11776.52
2026-02-09 19:30,2026-02-09,19:30,11465.97,24.0,11490.97
2026-02-09 20:00,2026-02-09,20:00,11329.38,0.0,11329.38
2026-02-09 21:00,2026-02-09,21:00,11252.42,0.0,11252.42
2026-02-09 22:00,2026-02-09,22:00,10945.92,0.0,10945.92
2026-02-09 23:00,2026-02-09,23:00,10265.74,0.0,10265.74
2026-02-10 00:00,2026-02-10,00:00,9683.21,0.0,9683.21
2026-02-10 01:00,2026-02-10,01:00,9076.17,0.0,9076.17
2026-02-10 02:00,2026-02-10,02:00,8499.51,0.0,8499.51
2026-02-10 03:00,2026-02-10,03:00,8107.34,0.0,8107.34
2026-02-10 04:00,2026-02-10,04:00,8063.45,0.0,8063.45
2026-02-10 05:00,2026-02-10,05:00,7869.37,0.0,7869.37
2026-02-10 06:00,2026-02-10,06:00,8196.1,0.0,8196.1
2026-02-10 07:00,2026-02-10,07:00,9119.92,0.0,9119.92
2026-02-10 08:00,2026-02-10,08:00,9988.57,0.0,9988.57
2026-02-10 09:00,2026-02-10,09:00,10076.15,0.0,10076.15
2026-02-10 10:00,2026-02-10,10:00,10074.25,0.0,10074.25
2026-02-10 11:00,2026-02-10,11:00,10105.54,0.0,10105.54
2026-02-10 12:00,2026-02-10,12:00,10584.07,0.0,10584.07
2026-02-10 13:00,2026-02-10,13:00,11050.17,0.0,11050.17
2026-02-10 14:00,2026-02-10,14:00,10870.51,0.0,10870.51
2026-02-10 15:00,2026-02-10,15:00,9992.3,0.0,9992.3
2026-02-10 16:00,2026-02-10,16:00,9504.11,0.0,9504.11
2026-02-10 17:00,2026-02-10,17:00,9550.84,0.0,9550.84
2026-02-10 18:00,2026-02-10,18:00,10184.18,0.0,10184.18
2026-02-10 19:00,2026-02-10,19:00,10766.23,0.0,10766.23
2026-02-10 19:30,2026-02-10,19:30,10635.67,0.0,10635.67
2026-02-10 20:00,2026-02-10,20:00,10599.78,0.0,10599.78
2026-02-10 21:00,2026-02-10,21:00,10347.05,0.0,10347.05
2026-02-10 22:00,2026-02-10,22:00,9983.96,0.0,9983.96
2026-02-10 23:00,2026-02-10,23:00,9419.9,0.0,9419.9
2026-02-11 00:00,2026-02-11,00:00,8941.59,0.0,8941.59
2026-02-11 01:00,2026-02-11,01:00,8402.38,0.0,8402.38
2026-02-11 02:00,2026-02-11,02:00,7994.54,0.0,7994.54
2026-02-11 03:00,2026-02-11,03:00,7669.11,0.0,7669.11
2026-02-11 04:00,2026-02-11,04:00,7339.81,0.0,7339.81
2026-02-11 05:00,2026-02-11,05:00,7195.46,0.0,7195.46
2026-02-11 06:00,2026-02-11,06:00,7404.53,0.0,7404.53
2026-02-11 07:00,2026-02-11,07:00,7835.89,0.0,7835.89
2026-02-11 08:00,2026-02-11,08:00,8920.06,0.0,8920.06
2026-02-11 09:00,2026-02-11,09:00,9112.0,0.0,9112.0
2026-02-11 10:00,2026-02-11,10:00,8908.66,0.0,8908.66
2026-02-11 11:00,2026-02-11,11:00,8965.55,0.0,8965.55
2026-02-11 12:00,2026-02-11,12:00,9562.87,0.0,9562.87
2026-02-11 13:00,2026-02-11,13:00,10167.0,0.0,10167.0
2026-02-11 14:00,2026-02-11,14:00,9964.49,0.0,9964.49
2026-02-11 15:00,2026-02-11,15:00,8856.26,0.0,8856.26
2026-02-11 16:00,2026-02-11,16:00,8070.28,0.0,8070.28
2026-02-11 17:00,2026-02-11,17:00,8110.69,0.0,8110.69
2026-02-11 18:00,2026-02-11,18:00,8878.72,0.0,8878.72
2026-02-11 19:00,2026-02-11,19:00,9533.39,0.0,9533.39
2026-02-11 19:30,2026-02-11,19:30,9275.1,0.0,9275.1
2026-02-11 20:00,2026-02-11,20:00,9180.95,0.0,9180.95
2026-02-11 21:00,2026-02-11,21:00,9034.39,0.0,9034.39
2026-02-11 22:00,2026-02-11,22:00,8628.33,0.0,8628.33
2026-02-11 23:00,2026-02-11,23:00,7950.07,0.0,7950.07
2026-02-12 00:00,2026-02-12,00:00,7432.31,0.0,7432.31
2026-02-12 01:00,2026-02-12,01:00,6521.61,0.0,6521.61
2026-02-12 02:00,2026-02-12,02:00,6317.84,0.0,6317.84
2026-02-12 03:00,2026-02-12,03:00,6273.8,0.0,6273.8
2026-02-12 04:00,2026-02-12,04:00,6080.03,0.0,6080.03
2026-02-12 05:00,2026-02-12,05:00,6014.37,0.0,6014.37
2026-02-12 06:00,2026-02-12,06:00,6194.73,0.0,6194.73
2026-02-12 07:00,2026-02-12,07:00,6722.65,0.0,6722.65
2026-02-12 08:00,2026-02-12,08:00,7658.14,0.0,7658.14
2026-02-12 09:00,2026-02-12,09:00,7265.55,0.0,7265.55
2026-02-12 10:00,2026-02-12,10:00,6848.99,0.0,6848.99
2026-02-12 11:00,2026-02-12,11:00,6796.7,0.0,6796.7
2026-02-12 12:00,2026-02-12,12:00,7182.98,0.0,7182.98
2026-02-12 13:00,2026-02-12,13:00,7780.23,0.0,7780.23
2026-02-12 14:00,2026-02-12,14:00,7567.59,0.0,7567.59
2026-02-12 15:00,2026-02-12,15:00,6515.29,0.0,6515.29
2026-02-12 16:00,2026-02-12,16:00,5872.31,0.0,5872.31
2026-02-12 17:00,2026-02-12,17:00,6111.59,0.0,6111.59
2026-02-12 18:00,2026-02-12,18:00,7597.5,0.0,7597.5
2026-02-12 19:00,2026-02-12,19:00,8261.0,0.0,8261.0
2026-02-12 19:30,2026-02-12,19:30,8141.0,0.0,8141.0
2026-02-12 20:00,2026-02-12,20:00,8135.0,0.0,8135.0
2026-02-12 21:00,2026-02-12,21:00,8142.0,0.0,8142.0
2026-02-12 22:00,2026-02-12,22:00,7861.0,0.0,7861.0
2026-02-12 23:00,2026-02-12,23:00,7303.0,0.0,7303.0
2026-02-13 00:00,2026-02-13,00:00,6736.0,0.0,6736.0
2026-02-13 01:00,2026-02-13,01:00,6179.0,0.0,6179.0
2026-02-13 02:00,2026-02-13,02:00,5999.0,0.0,5999.0
2026-02-13 03:00,2026-02-13,03:00,5846.0,0.0,5846.0
2026-02-13 04:00,2026-02-13,04:00,5615.0,0.0,5615.0
2026-02-13 05:00,2026-02-13,05:00,5563.0,0.0,5563.0
2026-02-13 06:00,2026-02-13,06:00,5929.0,0.0,5929.0
2026-02-13 07:00,2026-02-13,07:00,6589.19,0.0,6589.19
2026-02-13 08:00,2026-02-13,08:00,8038.89,0.0,8038.89
2026-02-13 09:00,2026-02-13,09:00,8665.56,0.0,8665.56
2026-02-13 10:00,2026-02-13,10:00,8566.51,0.0,8566.51
2026-02-13 11:00,2026-02-13,11:00,8706.37,0.0,8706.37
2026-02-13 12:00,2026-02-13,12:00,9620.03,0.0,9620.03
2026-02-13 13:00,2026-02-13,13:00,10388.37,0.0,10388.37
2026-02-13 14:00,2026-02-13,14:00,8905.49,0.0,8905.49
2026-02-13 15:00,2026-02-13,15:00,7967.53,0.0,7967.53
2026-02-13 16:00,2026-02-13,16:00,7572.43,0.0,7572.43
2026-02-13 17:00,2026-02-13,17:00,7764.74,0.0,7764.74
2026-02-13 18:00,2026-02-13,18:00,9082.97,0.0,9082.97
2026-02-13 19:00,2026-02-13,19:00,9773.57,0.0,9773.57
2026-02-13 19:30,2026-02-13,19:30,9698.78,0.0,9698.78
2026-02-13 20:00,2026-02-13,20:00,9565.87,0.0,9565.87
2026-02-13 21:00,2026-02-13,21:00,9429.33,0.0,9429.33
2026-02-13 22:00,2026-02-13,22:00,9240.85,0.0,9240.85
2026-02-13 23:00,2026-02-13,23:00,8676.07,0.0,8676.07
2026-02-14 00:00,2026-02-14,00:00,8138.23,0.0,8138.23
2026-02-14 01:00,2026-02-14,01:00,7462.87,0.0,7462.87
2026-02-14 02:00,2026-02-14,02:00,7202.24,0.0,7202.24
2026-02-14 03:00,2026-02-14,03:00,6915.62,0.0,6915.62
2026-02-14 04:00,2026-02-14,04:00,6719.06,0.0,6719.06
2026-02-14 05:00,2026-02-14,05:00,6733.24,0.0,6733.24
2026-02-14 06:00,2026-02-14,06:00,7162.88,0.0,7162.88
2026-02-14 07:00,2026-02-14,07:00,8223.69,0.0,8223.69
2026-02-14 08:00,2026-02-14,08:00,9536.89,0.0,9536.89
2026-02-14 09:00,2026-02-14,09:00,10187.53,0.0,10187.53
2026-02-14 10:00,2026-02-14,10:00,10372.5,0.0,10372.5
2026-02-14 11:00,2026-02-14,11:00,10568.75,0.0,10568.75
2026-02-14 12:00,2026-02-14,12:00,11013.85,0.0,11013.85
2026-02-14 13:00,2026-02-14,13:00,11530.89,0.0,11530.89
2026-02-14 14:00,2026-02-14,14:00,11116.23,0.0,11116.23
2026-02-14 15:00,2026-02-14,15:00,10506.27,0.0,10506.27
2026-02-14 16:00,2026-02-14,16:00,10140.61,0.0,10140.61
2026-02-14 17:00,2026-02-14,17:00,10098.08,0.0,10098.08
2026-02-14 18:00,2026-02-14,18:00,10868.8,0.0,10868.8
2026-02-14 19:00,2026-02-14,19:00,11725.77,0.0,11725.77
2026-02-14 19:30,2026-02-14,19:30,11106.13,0.0,11106.13
2026-02-14 20:00,2026-02-14,20:00,11093.14,0.0,11093.14
2026-02-14 21:00,2026-02-14,21:00,10856.33,0.0,10856.33
2026-02-14 22:00,2026-02-14,22:00,10671.45,0.0,10671.45
2026-02-14 23:00,2026-02-14,23:00,9952.11,0.0,9952.11
2026-02-15 00:00,2026-02-15,00:00,9294.6,0.0,9294.6
2026-02-15 01:00,2026-02-15,01:00,8666.28,0.0,8666.28
2026-02-15 02:00,2026-02-15,02:00,8339.26,0.0,8339.26
2026-02-15 03:00,2026-02-15,03:00,8052.68,0.0,8052.68
2026-02-15 04:00,2026-02-15,04:00,7759.89,0.0,7759.89
2026-02-15 05:00,2026-02-15,05:00,7691.81,0.0,7691.81
2026-02-15 06:00,2026-02-15,06:00,8112.73,0.0,8112.73
2026-02-15 07:00,2026-02-15,07:00,9157.91,0.0,9157.91
2026-02-15 08:00,2026-02-15,08:00,10338.5,53.0,10393.5
2026-02-15 09:00,2026-02-15,09:00,10354.42,74.0,10431.42
2026-02-15 10:00,2026-02-15,10:00,10837.81,62.0,10902.81
2026-02-15 11:00,2026-02-15,11:00,11087.99,43.0,11132.99
2026-02-15 12:00,2026-02-15,12:00,11645.75,46.0,11693.75
2026-02-15 13:00,2026-02-15,13:00,11982.06,50.0,12034.31
2026-02-15 14:00,2026-02-15,14:00,11625.42,46.0,11673.42
2026-02-15 15:00,2026-02-15,15:00,11071.39,32.0,11104.39
2026-02-15 16:00,2026-02-15,16:00,10796.31,25.0,10822.31
2026-02-15 17:00,2026-02-15,17:00,10645.76,27.0,10673.76
2026-02-15 18:00,2026-02-15,18:00,11417.51,60.0,11480.51
2026-02-15 19:00,2026-02-15,19:00,12211.0,66.0,12280.0
2026-02-15 19:30,2026-02-15,19:30,11877.0,60.0,11940.0
2026-02-15 20:00,2026-02-15,20:00,11788.0,45.0,11835.0
2026-02-15 21:00,2026-02-15,21:00,11488.8,40.0,11530.8
2026-02-15 22:00,2026-02-15,22:00,11065.2,24.0,11090.2
2026-02-15 23:00,2026-02-15,23:00,10408.6,21.0,10430.6
2026-02-16 00:00,2026-02-16,00:00,9820.0,0.0,9820.0
2026-02-16 01:00,2026-02-16,01:00,9238.0,0.0,9238.0
2026-02-16 02:00,2026-02-16,02:00,8853.0,0.0,8853.0
2026-02-16 03:00,2026-02-16,03:00,8459.0,0.0,8459.0
2026-02-16 04:00,2026-02-16,04:00,8214.0,0.0,8214.0
2026-02-16 05:00,2026-02-16,05:00,8152.0,0.0,8152.0
2026-02-16 06:00,2026-02-16,06:00,8644.0,0.0,8644.0
2026-02-16 07:00,2026-02-16,07:00,9521.02,125.0,9652.02
2026-02-16 08:00,2026-02-16,08:00,10650.22,107.0,10762.22
2026-02-16 09:00,2026-02-16,09:00,11008.22,101.0,11114.22
2026-02-16 10:00,2026-02-16,10:00,10967.43,92.0,11063.43
2026-02-16 11:00,2026-02-16,11:00,11155.93,84.0,11243.93
2026-02-16 12:00,2026-02-16,12:00,11779.44,91.0,11874.44
2026-02-16 13:00,2026-02-16,13:00,11864.44,134.0,12004.44
2026-02-16 14:00,2026-02-16,14:00,11433.48,135.0,11574.48
2026-02-16 15:00,2026-02-16,15:00,11003.69,117.0,11125.69
2026-02-16 16:00,2026-02-16,16:00,10877.74,74.0,10954.74
2026-02-16 17:00,2026-02-16,17:00,10983.02,39.0,11024.02
2026-02-16 18:00,2026-02-16,18:00,11540.87,86.0,11630.87
2026-02-16 19:00,2026-02-16,19:00,12419.31,77.0,12499.31
2026-02-16 19:30,2026-02-16,19:30,12189.48,58.0,12250.48
2026-02-16 20:00,2026-02-16,20:00,11902.35,46.0,11950.35
2026-02-16 21:00,2026-02-16,21:00,11693.18,45.0,11740.18
2026-02-16 22:00,2026-02-16,22:00,11268.87,40.0,11310.87
2026-02-16 23:00,2026-02-16,23:00,10653.59,35.0,10690.59
2026-02-17 00:00,2026-02-17,00:00,10096.65,32.0,10130.09
2026-02-17 01:00,2026-02-17,01:00,9407.5,27.0,9435.5
2026-02-17 02:00,2026-02-17,02:00,8986.16,0.0,8986.16
2026-02-17 03:00,2026-02-17,03:00,8585.61,0.0,8585.61
2026-02-17 04:00,2026-02-17,04:00,8429.86,0.0,8429.86
2026-02-17 05:00,2026-02-17,05:00,8341.35,0.0,8341.35
2026-02-17 06:00,2026-02-17,06:00,8715.84,0.0,8715.84
2026-02-17 07:00,2026-02-17,07:00,9678.43,119.0,9802.79
2026-02-17 08:00,2026-02-17,08:00,10781.22,87.0,10872.22
2026-02-17 09:00,2026-02-17,09:00,11182.33,67.0,11252.33
2026-02-17 10:00,2026-02-17,10:00,11129.85,60.0,11192.85
2026-02-17 11:00,2026-02-17,11:00,11267.93,72.0,11342.93
2026-02-17 12:00,2026-02-17,12:00,11765.26,56.0,11824.26
2026-02-17 13:00,2026-02-17,13:00,12130.31,71.0,12204.51
2026-02-17 14:00,2026-02-17,14:00,11886.6,73.0,11962.6
2026-02-17 15:00,2026-02-17,15:00,11515.18,66.0,11584.18
2026-02-17 16:00,2026-02-17,16:00,11149.85,61.0,11213.85
2026-02-17 17:00,2026-02-17,17:00,11126.26,55.0,11183.26
2026-02-17 18:00,2026-02-17,18:00,11693.2,74.0,11770.2
2026-02-17 19:00,2026-02-17,19:00,12494.9,87.0,12585.9
2026-02-17 19:30,2026-02-17,19:30,12237.9,79.0,12320.9
2026-02-17 20:00,2026-02-17,20:00,12027.2,70.0,12100.2
2026-02-17 21:00,2026-02-17,21:00,11910.2,67.0,11980.2
2026-02-17 22:00,2026-02-17,22:00,11419.2,58.0,11480.2
2026-02-17 23:00,2026-02-17,23:00,10766.0,52.0,10820.0
2026-02-18 00:00,2026-02-18,00:00,10193.0,35.0,10230.0
2026-02-18 01:00,2026-02-18,01:00,9580.0,33.0,9614.0
2026-02-18 02:00,2026-02-18,02:00,9194.0,25.0,9220.0
2026-02-18 03:00,2026-02-18,03:00,9068.0,0.0,9068.0
2026-02-18 04:00,2026-02-18,04:00,8615.0,0.0,8615.0
2026-02-18 05:00,2026-02-18,05:00,8392.0,0.0,8392.0
2026-02-18 06:00,2026-02-18,06:00,8918.0,61.0,8982.0
2026-02-18 07:00,2026-02-18,07:00,9767.78,81.0,9852.43
2026-02-18 08:00,2026-02-18,08:00,10930.76,77.0,11010.76
2026-02-18 09:00,2026-02-18,09:00,11336.2,64.0,11403.2
2026-02-18 10:00,2026-02-18,10:00,11305.34,66.0,11374.34
2026-02-18 11:00,2026-02-18,11:00,11471.38,59.0,11533.38
2026-02-18 12:00,2026-02-18,12:00,11870.07,71.0,11944.07
2026-02-18 13:00,2026-02-18,13:00,12247.3,73.0,12323.3
2026-02-18 14:00,2026-02-18,14:00,12134.39,76.0,12213.39
2026-02-18 15:00,2026-02-18,15:00,11898.32,62.0,11963.32
2026-02-18 16:00,2026-02-18,16:00,11250.39,69.0,11322.39
2026-02-18 17:00,2026-02-18,17:00,11157.81,64.0,11224.81
2026-02-18 18:00,2026-02-18,18:00,12097.26,60.0,12160.26
2026-02-18 19:00,2026-02-18,19:00,12935.25,63.0,13001.25
2026-02-18 19:30,2026-02-18,19:30,12766.66,52.0,12820.66
2026-02-18 20:00,2026-02-18,20:00,12608.76,0.0,12608.76
2026-02-18 21:00,2026-02-18,21:00,12171.28,0.0,12171.28
2026-02-18 22:00,2026-02-18,22:00,11946.25,0.0,11946.25
2026-02-18 23:00,2026-02-18,23:00,11348.48,40.0,11390.48
2026-02-19 00:00,2026-02-19,00:00,10584.64,0.0,10584.64
2026-02-19 01:00,2026-02-19,01:00,9797.77,0.0,9797.77
2026-02-19 02:00,2026-02-19,02:00,9521.92,0.0,9521.92
2026-02-19 03:00,2026-02-19,03:00,10190.65,57.0,10250.65
2026-02-19 04:00,2026-02-19,04:00,10703.21,35.0,10740.21
2026-02-19 05:00,2026-02-19,05:00,9369.25,0.0,9369.25
2026-02-19 06:00,2026-02-19,06:00,8501.47,0.0,8501.47
2026-02-19 07:00,2026-02-19,07:00,8721.29,0.0,8721.29
2026-02-19 08:00,2026-02-19,08:00,9386.98,0.0,9386.98
2026-02-19 09:00,2026-02-19,09:00,10500.28,22.0,10523.28
2026-02-19 10:00,2026-02-19,10:00,11033.03,34.0,11069.03
2026-02-19 11:00,2026-02-19,11:00,11458.26,34.0,11494.26
2026-02-19 12:00,2026-02-19,12:00,11897.93,34.0,11933.93
2026-02-19 13:00,2026-02-19,13:00,12371.99,48.0,12421.99
2026-02-19 14:00,2026-02-19,14:00,12434.77,84.0,12522.77
2026-02-19 15:00,2026-02-19,15:00,11968.05,62.0,12032.84
2026-02-19 16:00,2026-02-19,16:00,11886.6,64.0,11953.6
2026-02-19 17:00,2026-02-19,17:00,12151.15,69.0,12223.15
2026-02-19 18:00,2026-02-19,18:00,11145.36,63.0,11211.36
2026-02-19 19:00,2026-02-19,19:00,11654.02,54.0,11710.02
2026-02-19 19:30,2026-02-19,19:30,11786.58,52.0,11840.58
2026-02-19 20:00,2026-02-19,20:00,11686.31,33.0,11720.31
2026-02-19 21:00,2026-02-19,21:00,11607.6,0.0,11607.6
2026-02-19 22:00,2026-02-19,22:00,11518.61,0.0,11518.61
2026-02-19 23:00,2026-02-19,23:00,10942.35,32.0,10975.35
2026-02-20 00:00,2026-02-20,00:00,10240.39,0.0,10240.39
2026-02-20 01:00,2026-02-20,01:00,9742.79,0.0,9742.79
2026-02-20 02:00,2026-02-20,02:00,9418.08,0.0,9418.08
2026-02-20 03:00,2026-02-20,03:00,9723.88,0.0,9723.88
2026-02-20 04:00,2026-02-20,04:00,10667.85,0.0,10667.85
2026-02-20 05:00,2026-02-20,05:00,9616.24,0.0,9616.24
2026-02-20 06:00,2026-02-20,06:00,8588.31,0.0,8588.31
2026-02-20 07:00,2026-02-20,07:00,8415.4,0.0,8415.4
2026-02-20 08:00,2026-02-20,08:00,8814.7,0.0,8814.7
2026-02-20 09:00,2026-02-20,09:00,9421.71,0.0,9421.71
2026-02-20 10:00,2026-02-20,10:00,9806.52,0.0,9806.52
2026-02-20 11:00,2026-02-20,11:00,10197.62,0.0,10197.62
2026-02-20 12:00,2026-02-20,12:00,10881.4,0.0,10881.4
2026-02-20 13:00,2026-02-20,13:00,11500.39,52.0,11554.39
2026-02-20 14:00,2026-02-20,14:00,10207.47,30.0,10238.47
2026-02-20 15:00,2026-02-20,15:00,10451.25,30.0,10482.25
2026-02-20 16:00,2026-02-20,16:00,10813.24,20.0,10834.24
2026-02-20 17:00,2026-02-20,17:00,11108.89,29.0,11138.89
2026-02-20 18:00,2026-02-20,18:00,10473.0,0.0,10473.0
2026-02-20 19:00,2026-02-20,19:00,11037.5,0.0,11037.5
2026-02-20 19:30,2026-02-20,19:30,11217.5,0.0,11217.5
2026-02-20 20:00,2026-02-20,20:00,11182.5,0.0,11182.5
2026-02-20 21:00,2026-02-20,21:00,11264.5,0.0,11264.5
2026-02-20 22:00,2026-02-20,22:00,11140.5,0.0,11140.5
2026-02-20 23:00,2026-02-20,23:00,10467.5,0.0,10467.5
2026-02-21 00:00,2026-02-21,00:00,9972.5,0.0,9972.5
2026-02-21 01:00,2026-02-21,01:00,9418.5,0.0,9418.5
2026-02-21 02:00,2026-02-21,02:00,9126.5,0.0,9126.5
2026-02-21 03:00,2026-02-21,03:00,9346.5,0.0,9346.5
2026-02-21 04:00,2026-02-21,04:00,10487.5,0.0,10487.5
2026-02-21 05:00,2026-02-21,05:00,9505.5,0.0,9505.5
2026-02-21 06:00,2026-02-21,06:00,8277.5,0.0,8277.5
2026-02-21 07:00,2026-02-21,07:00,8171.76,0.0,8171.76
2026-02-21 08:00,2026-02-21,08:00,8658.6,0.0,8658.6
2026-02-21 09:00,2026-02-21,09:00,9331.0,0.0,9331.0
2026-02-21 10:00,2026-02-21,10:00,9947.72,25.0,9973.72
2026-02-21 11:00,2026-02-21,11:00,10180.91,13.0,10194.91
2026-02-21 12:00,2026-02-21,12:00,10629.48,0.0,10629.48
2026-02-21 13:00,2026-02-21,13:00,11296.25,0.0,11296.25
2026-02-21 14:00,2026-02-21,14:00,11327.72,21.0,11349.72
2026-02-21 15:00,2026-02-21,15:00,10883.35,19.0,10903.35
2026-02-21 16:00,2026-02-21,16:00,10838.86,19.0,10858.86
2026-02-21 17:00,2026-02-21,17:00,11250.77,0.0,11250.77
2026-02-21 18:00,2026-02-21,18:00,10793.99,0.0,10793.99
2026-02-21 19:00,2026-02-21,19:00,11373.72,0.0,11373.72
2026-02-21 19:30,2026-02-21,19:30,11371.97,0.0,11371.97
2026-02-21 20:00,2026-02-21,20:00,11338.31,0.0,11338.31
2026-02-21 21:00,2026-02-21,21:00,11309.96,0.0,11309.96
2026-02-21 22:00,2026-02-21,22:00,11209.54,0.0,11209.54
2026-02-21 23:00,2026-02-21,23:00,10627.99,0.0,10627.99
2026-02-22 00:00,2026-02-22,00:00,9936.95,0.0,9936.95
2026-02-22 01:00,2026-02-22,01:00,9544.08,0.0,9544.08
2026-02-22 02:00,2026-02-22,02:00,9160.07,0.0,9160.07
2026-02-22 03:00,2026-02-22,03:00,9463.82,0.0,9463.82
2026-02-22 04:00,2026-02-22,04:00,10520.7,0.0,10520.7
2026-02-22 05:00,2026-02-22,05:00,9272.6,0.0,9272.6
2026-02-22 06:00,2026-02-22,06:00,8468.56,0.0,8468.56
2026-02-22 07:00,2026-02-22,07:00,8751.53,0.0,8751.53
2026-02-22 08:00,2026-02-22,08:00,9729.97,0.0,9729.97
2026-02-22 09:00,2026-02-22,09:00,10532.67,0.0,10532.67
2026-02-22 10:00,2026-02-22,10:00,11035.12,0.0,11035.12
2026-02-22 11:00,2026-02-22,11:00,11306.51,0.0,11306.51
2026-02-22 12:00,2026-02-22,12:00,11715.4,0.0,11715.4
2026-02-22 13:00,2026-02-22,13:00,12216.49,0.0,12216.49
2026-02-22 14:00,2026-02-22,14:00,12281.37,0.0,12281.37
2026-02-22 15:00,2026-02-22,15:00,11938.93,0.0,11938.93
2026-02-22 16:00,2026-02-22,16:00,11956.06,0.0,11956.06
2026-02-22 17:00,2026-02-22,17:00,12095.73,0.0,12095.73
2026-02-22 18:00,2026-02-22,18:00,11748.55,0.0,11748.55
2026-02-22 19:00,2026-02-22,19:00,11981.63,0.0,11981.63
2026-02-22 19:30,2026-02-22,19:30,12069.74,0.0,12069.74
2026-02-22 20:00,2026-02-22,20:00,11919.99,0.0,11919.99
2026-02-22 21:00,2026-02-22,21:00,12038.37,0.0,12038.37
2026-02-22 22:00,2026-02-22,22:00,11876.78,0.0,11876.78
2026-02-22 23:00,2026-02-22,23:00,11402.42,0.0,11402.42
2026-02-23 00:00,2026-02-23,00:00,10819.16,0.0,10819.16
2026-02-23 01:00,2026-02-23,01:00,10236.0,0.0,10236.0
2026-02-23 02:00,2026-02-23,02:00,9896.0,0.0,9896.0
2026-02-23 03:00,2026-02-23,03:00,10164.0,0.0,10164.0
2026-02-23 04:00,2026-02-23,04:00,10992.0,0.0,10992.0
2026-02-23 05:00,2026-02-23,05:00,9800.0,0.0,9800.0
2026-02-23 06:00,2026-02-23,06:00,8932.0,0.0,8932.0
2026-02-23 07:00,2026-02-23,07:00,9134.78,0.0,9134.78
2026-02-23 08:00,2026-02-23,08:00,9909.79,0.0,9909.79
2026-02-23 09:00,2026-02-23,09:00,10659.13,0.0,10659.13
2026-02-23 10:00,2026-02-23,10:00,11029.41,15.0,11045.09
2026-02-23 11:00,2026-02-23,11:00,11377.71,10.0,11387.71
2026-02-23 12:00,2026-02-23,12:00,11549.55,10.0,11559.55
2026-02-23 13:00,2026-02-23,13:00,12233.87,15.0,12249.87
2026-02-23 14:00,2026-02-23,14:00,12502.02,0.0,12502.02
2026-02-23 15:00,2026-02-23,15:00,12044.51,0.0,12044.51
2026-02-23 16:00,2026-02-23,16:00,12029.92,47.0,12078.92
2026-02-23 17:00,2026-02-23,17:00,12239.97,60.0,12302.97
2026-02-23 18:00,2026-02-23,18:00,11734.3,0.0,11734.3
2026-02-23 19:00,2026-02-23,19:00,12106.0,0.0,12106.0
2026-02-23 19:30,2026-02-23,19:30,12156.0,0.0,12156.0
2026-02-23 20:00,2026-02-23,20:00,12138.0,0.0,12138.0
2026-02-23 21:00,2026-02-23,21:00,12113.0,0.0,12113.0
2026-02-23 22:00,2026-02-23,22:00,11911.5,0.0,11911.5
2026-02-23 23:00,2026-02-23,23:00,11408.0,0.0,11408.0
2026-02-24 00:00,2026-02-24,00:00,10811.0,0.0,10811.0
2026-02-24 01:00,2026-02-24,01:00,10372.0,0.0,10372.0
2026-02-24 02:00,2026-02-24,02:00,9998.0,0.0,9998.0
2026-02-24 03:00,2026-02-24,03:00,10173.0,0.0,10173.0
2026-02-24 04:00,2026-02-24,04:00,11120.0,0.0,11120.0
2026-02-24 05:00,2026-02-24,05:00,10094.0,0.0,10094.0
2026-02-24 06:00,2026-02-24,06:00,9127.0,0.0,9127.0
2026-02-24 07:00,2026-02-24,07:00,9157.38,0.0,9157.38
2026-02-24 08:00,2026-02-24,08:00,9755.56,0.0,9755.56
2026-02-24 09:00,2026-02-24,09:00,10603.91,39.0,10644.67
2026-02-24 10:00,2026-02-24,10:00,11124.88,49.0,11175.88
2026-02-24 11:00,2026-02-24,11:00,11481.24,0.0,11481.24
2026-02-24 12:00,2026-02-24,12:00,11763.91,0.0,11763.91
2026-02-24 13:00,2026-02-24,13:00,12167.45,0.0,12167.45
2026-02-24 14:00,2026-02-24,14:00,12515.21,0.0,12515.21
2026-02-24 15:00,2026-02-24,15:00,12143.82,15.0,12159.82
2026-02-24 16:00,2026-02-24,16:00,12073.12,10.0,12083.57
2026-02-24 17:00,2026-02-24,17:00,12345.47,22.0,12368.47
2026-02-24 18:00,2026-02-24,18:00,11622.3,0.0,11622.3
2026-02-24 19:00,2026-02-24,19:00,12053.38,0.0,12053.38
2026-02-24 19:30,2026-02-24,19:30,12180.63,0.0,12180.63
2026-02-24 20:00,2026-02-24,20:00,12141.89,0.0,12141.89
2026-02-24 21:00,2026-02-24,21:00,12115.45,0.0,12115.45
2026-02-24 22:00,2026-02-24,22:00,11950.58,0.0,11950.58
2026-02-24 23:00,2026-02-24,23:00,11446.58,0.0,11446.58
2026-02-25 00:00,2026-02-25,00:00,10878.43,0.0,10878.43
2026-02-25 01:00,2026-02-25,01:00,10342.96,0.0,10342.96
2026-02-25 02:00,2026-02-25,02:00,10057.94,0.0,10057.94
2026-02-25 03:00,2026-02-25,03:00,10083.11,0.0,10083.11
2026-02-25 04:00,2026-02-25,04:00,11021.13,0.0,11021.13
2026-02-25 05:00,2026-02-25,05:00,10122.76,0.0,10122.76
2026-02-25 06:00,2026-02-25,06:00,9125.32,0.0,9125.32
2026-02-25 07:00,2026-02-25,07:00,9215.0,0.0,9215.0
2026-02-25 08:00,2026-02-25,08:00,9948.66,0.0,9948.66
2026-02-25 09:00,2026-02-25,09:00,10836.38,20.0,10857.38
2026-02-25 10:00,2026-02-25,10:00,11345.75,12.0,11358.75
2026-02-25 11:00,2026-02-25,11:00,11572.48,20.0,11593.48
2026-02-25 12:00,2026-02-25,12:00,12038.82,24.0,12063.82
2026-02-25 13:00,2026-02-25,13:00,12449.62,34.0,12485.62
2026-02-25 14:00,2026-02-25,14:00,12655.6,32.0,12688.6
2026-02-25 15:00,2026-02-25,15:00,12421.28,32.0,12454.28
2026-02-25 16:00,2026-02-25,16:00,12394.05,0.0,12394.05
2026-02-25 17:00,2026-02-25,17:00,12618.45,0.0,12618.45
2026-02-25 18:00,2026-02-25,18:00,12175.52,0.0,12175.52
2026-02-25 19:00,2026-02-25,19:00,12315.66,0.0,12315.66
2026-02-25 19:30,2026-02-25,19:30,12435.84,0.0,12435.84
2026-02-25 20:00,2026-02-25,20:00,12364.3,0.0,12364.3
2026-02-25 21:00,2026-02-25,21:00,12363.48,0.0,12363.48
2026-02-25 22:00,2026-02-25,22:00,12221.16,0.0,12221.16
2026-02-25 23:00,2026-02-25,23:00,11638.9,0.0,11638.9
2026-02-26 00:00,2026-02-26,00:00,11062.46,0.0,11062.46
2026-02-26 01:00,2026-02-26,01:00,10614.95,0.0,10614.95
2026-02-26 02:00,2026-02-26,02:00,10179.48,0.0,10179.48
2026-02-26 03:00,2026-02-26,03:00,10351.94,0.0,10351.94
2026-02-26 04:00,2026-02-26,04:00,11242.4,0.0,11242.4
2026-02-26 05:00,2026-02-26,05:00,10298.62,0.0,10298.62
2026-02-26 06:00,2026-02-26,06:00,9281.7,0.0,9281.7
2026-02-26 07:00,2026-02-26,07:00,9395.67,0.0,9395.67
2026-02-26 08:00,2026-02-26,08:00,10209.68,0.0,10209.68
2026-02-26 09:00,2026-02-26,09:00,10946.09,0.0,10946.09
2026-02-26 10:00,2026-02-26,10:00,11511.87,0.0,11511.87
2026-02-26 11:00,2026-02-26,11:00,11745.38,0.0,11745.38
2026-02-26 12:00,2026-02-26,12:00,12121.94,0.0,12121.94
2026-02-26 13:00,2026-02-26,13:00,12578.49,0.0,12578.49
2026-02-26 14:00,2026-02-26,14:00,12573.35,0.0,12573.35
2026-02-26 15:00,2026-02-26,15:00,12264.78,0.0,12264.78
2026-02-26 16:00,2026-02-26,16:00,12098.38,0.0,12098.38
2026-02-26 17:00,2026-02-26,17:00,12511.47,0.0,12511.47
2026-02-26 18:00,2026-02-26,18:00,11882.37,0.0,11882.37
2026-02-26 19:00,2026-02-26,19:00,12252.34,0.0,12252.34
2026-02-26 19:30,2026-02-26,19:30,12244.8,0.0,12244.8
2026-02-26 20:00,2026-02-26,20:00,12155.63,0.0,12155.63
2026-02-26 21:00,2026-02-26,21:00,12169.69,0.0,12169.69
2026-02-26 22:00,2026-02-26,22:00,12162.91,0.0,12162.91
2026-02-26 23:00,2026-02-26,23:00,11544.18,0.0,11544.18
2026-02-27 00:00,2026-02-27,00:00,11076.69,0.0,11076.69
2026-02-27 01:00,2026-02-27,01:00,10549.61,0.0,10549.61
2026-02-27 02:00,2026-02-27,02:00,10202.66,0.0,10202.66
2026-02-27 03:00,2026-02-27,03:00,10352.57,0.0,10352.57
2026-02-27 04:00,2026-02-27,04:00,11305.25,0.0,11305.25
2026-02-27 05:00,2026-02-27,05:00,10093.53,0.0,10093.53
2026-02-27 06:00,2026-02-27,06:00,9025.41,0.0,9025.41
2026-02-27 07:00,2026-02-27,07:00,8775.4,0.0,8775.4
2026-02-27 08:00,2026-02-27,08:00,9162.15,0.0,9162.15
2026-02-27 09:00,2026-02-27,09:00,9740.71,0.0,9740.71
2026-02-27 10:00,2026-02-27,10:00,10191.18,0.0,10191.18
2026-02-27 11:00,2026-02-27,11:00,10533.71,0.0,10533.71
2026-02-27 12:00,2026-02-27,12:00,11010.64,0.0,11010.64
2026-02-27 13:00,2026-02-27,13:00,11429.3,0.0,11429.3
2026-02-27 14:00,2026-02-27,14:00,10281.0,0.0,10281.0
2026-02-27 15:00,2026-02-27,15:00,10513.09,0.0,10513.09
2026-02-27 16:00,2026-02-27,16:00,10636.1,0.0,10636.1
2026-02-27 17:00,2026-02-27,17:00,11004.0,0.0,11004.0
2026-02-27 18:00,2026-02-27,18:00,10834.47,0.0,10834.47
2026-02-27 19:00,2026-02-27,19:00,11216.8,0.0,11216.8
2026-02-27 19:30,2026-02-27,19:30,11145.8,0.0,11145.8
2026-02-27 20:00,2026-02-27,20:00,11270.2,0.0,11270.2
2026-02-27 21:00,2026-02-27,21:00,11340.2,0.0,11340.2
2026-02-27 22:00,2026-02-27,22:00,11287.2,0.0,11287.2
2026-02-27 23:00,2026-02-27,23:00,10833.2,0.0,10833.2
2026-02-28 00:00,2026-02-28,00:00,10366.5,0.0,10366.5
2026-02-28 01:00,2026-02-28,01:00,9775.5,0.0,9775.5
2026-02-28 02:00,2026-02-28,02:00,9506.5,0.0,9506.5
2026-02-28 03:00,2026-02-28,03:00,9642.5,0.0,9642.5
2026-02-28 04:00,2026-02-28,04:00,10616.5,0.0,10616.5
2026-02-28 05:00,2026-02-28,05:00,9607.5,0.0,9607.5
2026-02-28 06:00,2026-02-28,06:00,8617.5,0.0,8617.5
2026-02-28 07:00,2026-02-28,07:00,8861.02,0.0,8861.02
2026-02-28 08:00,2026-02-28,08:00,9559.99,0.0,9559.99
2026-02-28 09:00,2026-02-28,09:00,10385.14,0.0,10385.14
2026-02-28 10:00,2026-02-28,10:00,10596.5,0.0,10596.5
2026-02-28 11:00,2026-02-28,11:00,11006.58,0.0,11006.58
2026-02-28 12:00,2026-02-28,12:00,11372.42,0.0,11372.42
2026-02-28 13:00,2026-02-28,13:00,11657.15,0.0,11657.15
2026-02-28 14:00,2026-02-28,14:00,11901.3,0.0,11901.3
2026-02-28 15:00,2026-02-28,15:00,11763.37,0.0,11763.37
2026-02-28 16:00,2026-02-28,16:00,11892.45,0.0,11892.45
2026-02-28 17:00,2026-02-28,17:00,12139.7,0.0,12139.7
2026-02-28 18:00,2026-02-28,18:00,11952.11,0.0,11952.11
2026-02-28 19:00,2026-02-28,19:00,12255.06,0.0,12255.06
2026-02-28 19:30,2026-02-28,19:30,12280.58,0.0,12280.58
2026-02-28 20:00,2026-02-28,20:00,12257.36,0.0,12257.36
2026-02-28 21:00,2026-02-28,21:00,12156.23,0.0,12156.23
2026-02-28 22:00,2026-02-28,22:00,12121.75,0.0,12121.75
2026-02-28 23:00,2026-02-28,23:00,11492.97,0.0,11492.97
2026-03-01 00:00,2026-03-01,00:00,11102.41,0.0,11102.41
2026-03-01 01:00,2026-03-01,01:00,10341.02,0.0,10341.02
2026-03-01 02:00,2026-03-01,02:00,10107.96,0.0,10107.96
2026-03-01 03:00,2026-03-01,03:00,10213.08,0.0,10213.08
2026-03-01 04:00,2026-03-01,04:00,10994.11,0.0,10994.11
2026-03-01 05:00,2026-03-01,05:00,10131.57,0.0,10131.57
2026-03-01 06:00,2026-03-01,06:00,9023.35,0.0,9023.35
2026-03-01 07:00,2026-03-01,07:00,8998.93,0.0,8998.93
2026-03-01 08:00,2026-03-01,08:00,9801.75,0.0,9801.75
2026-03-01 09:00,2026-03-01,09:00,10793.83,0.0,10793.83
2026-03-01 10:00,2026-03-01,10:00,11414.0,0.0,11414.0
2026-03-01 11:00,2026-03-01,11:00,11668.4,0.0,11668.4
2026-03-01 12:00,2026-03-01,12:00,12060.25,0.0,12060.25
2026-03-01 13:00,2026-03-01,13:00,12501.92,0.0,12501.92
2026-03-01 14:00,2026-03-01,14:00,12828.89,0.0,12828.89
2026-03-01 15:00,2026-03-01,15:00,12484.29,0.0,12484.29
2026-03-01 16:00,2026-03-01,16:00,12515.5,0.0,12515.5
2026-03-01 17:00,2026-03-01,17:00,12644.58,0.0,12644.58
2026-03-01 18:00,2026-03-01,18:00,12342.76,0.0,12342.76
2026-03-01 19:00,2026-03-01,19:00,12633.59,0.0,12633.59
2026-03-01 19:30,2026-03-01,19:30,12760.03,0.0,12760.03
2026-03-01 20:00,2026-03-01,20:00,12682.73,0.0,12682.73
2026-03-01 21:00,2026-03-01,21:00,12733.17,0.0,12733.17
2026-03-01 22:00,2026-03-01,22:00,12757.39,0.0,12757.39
2026-03-01 23:00,2026-03-01,23:00,12129.16,0.0,12129.16
2026-03-02 00:00,2026-03-02,00:00,11761.19,0.0,11761.19
2026-03-02 01:00,2026-03-02,01:00,11156.43,0.0,11156.43
2026-03-02 02:00,2026-03-02,02:00,10710.26,0.0,10710.26
2026-03-02 03:00,2026-03-02,03:00,10831.96,0.0,10831.96
2026-03-02 04:00,2026-03-02,04:00,11654.83,0.0,11654.83
2026-03-02 05:00,2026-03-02,05:00,10753.75,0.0,10753.75
2026-03-02 06:00,2026-03-02,06:00,9870.23,0.0,9870.23
2026-03-02 07:00,2026-03-02,07:00,10123.2,0.0,10123.2
2026-03-02 08:00,2026-03-02,08:00,10624.02,0.0,10624.02
2026-03-02 09:00,2026-03-02,09:00,11418.65,0.0,11418.65
2026-03-02 10:00,2026-03-02,10:00,11750.0,0.0,11750.0
2026-03-02 11:00,2026-03-02,11:00,12113.23,0.0,12113.23
2026-03-02 12:00,2026-03-02,12:00,12529.17,0.0,12529.17
2026-03-02 13:00,2026-03-02,13:00,13006.27,0.0,13006.27
2026-03-02 14:00,2026-03-02,14:00,13169.37,0.0,13169.37
2026-03-02 15:00,2026-03-02,15:00,12902.29,0.0,12902.29
2026-03-02 16:00,2026-03-02,16:00,12457.55,0.0,12457.55
2026-03-02 17:00,2026-03-02,17:00,12586.23,0.0,12586.23
2026-03-02 18:00,2026-03-02,18:00,12370.47,0.0,12370.47
2026-03-02 19:00,2026-03-02,19:00,12662.7,22.0,12685.7
2026-03-02 19:30,2026-03-02,19:30,12666.0,19.0,12686.0
2026-03-02 20:00,2026-03-02,20:00,12806.0,15.0,12822.0
2026-03-02 21:00,2026-03-02,21:00,12921.0,0.0,12921.0
2026-03-02 22:00,2026-03-02,22:00,12726.0,0.0,12726.0
2026-03-02 23:00,2026-03-02,23:00,12411.0,0.0,12411.0
2026-03-03 00:00,2026-03-03,00:00,11917.0,0.0,11917.0
2026-03-03 01:00,2026-03-03,01:00,11378.0,0.0,11378.0
2026-03-03 02:00,2026-03-03,02:00,10815.0,0.0,10815.0
2026-03-03 03:00,2026-03-03,03:00,10908.0,0.0,10908.0
2026-03-03 04:00,2026-03-03,04:00,11693.0,0.0,11693.0
2026-03-03 05:00,2026-03-03,05:00,10511.0,0.0,10511.0
2026-03-03 06:00,2026-03-03,06:00,9508.0,0.0,9508.0
2026-03-03 07:00,2026-03-03,07:00,9616.57,0.0,9616.57
2026-03-03 08:00,2026-03-03,08:00,10322.79,0.0,10322.79
2026-03-03 09:00,2026-03-03,09:00,11147.56,0.0,11147.56
2026-03-03 10:00,2026-03-03,10:00,11715.66,0.0,11715.66
2026-03-03 11:00,2026-03-03,11:00,11943.73,0.0,11943.73
2026-03-03 12:00,2026-03-03,12:00,12436.75,0.0,12436.75
2026-03-03 13:00,2026-03-03,13:00,12737.59,0.0,12737.59
2026-03-03 14:00,2026-03-03,14:00,12873.17,11.0,12884.17
2026-03-03 15:00,2026-03-03,15:00,12624.1,10.0,12634.55
2026-03-03 16:00,2026-03-03,16:00,12600.19,0.0,12600.19
2026-03-03 17:00,2026-03-03,17:00,12700.76,10.0,12710.76
2026-03-03 18:00,2026-03-03,18:00,12401.58,0.0,12401.58
2026-03-03 19:00,2026-03-03,19:00,12802.17,0.0,12802.17
2026-03-03 19:30,2026-03-03,19:30,12957.59,10.0,12967.59
2026-03-03 20:00,2026-03-03,20:00,12864.11,10.0,12874.11
2026-03-03 21:00,2026-03-03,21:00,12832.17,0.0,12832.17
2026-03-03 22:00,2026-03-03,22:00,12636.26,0.0,12636.26
2026-03-03 23:00,2026-03-03,23:00,12015.62,0.0,12015.62
2026-03-04 00:00,2026-03-04,00:00,11737.37,0.0,11737.37
2026-03-04 01:00,2026-03-04,01:00,11109.09,0.0,11109.09
2026-03-04 02:00,2026-03-04,02:00,10691.92,0.0,10691.92
2026-03-04 03:00,2026-03-04,03:00,10875.02,0.0,10875.02
2026-03-04 04:00,2026-03-04,04:00,11653.11,0.0,11653.11
2026-03-04 05:00,2026-03-04,05:00,10583.07,0.0,10583.07
2026-03-04 06:00,2026-03-04,06:00,9493.64,0.0,9493.64
2026-03-04 07:00,2026-03-04,07:00,9731.64,0.0,9731.64
2026-03-04 08:00,2026-03-04,08:00,10315.51,0.0,10315.51
2026-03-04 09:00,2026-03-04,09:00,11206.63,0.0,11206.63
2026-03-04 10:00,2026-03-04,10:00,11685.8,0.0,11685.8
2026-03-04 11:00,2026-03-04,11:00,11992.01,0.0,11992.01
2026-03-04 12:00,2026-03-04,12:00,12364.74,0.0,12364.74
2026-03-04 13:00,2026-03-04,13:00,12618.34,0.0,12618.34
2026-03-04 14:00,2026-03-04,14:00,12732.71,30.0,12763.71
2026-03-04 15:00,2026-03-04,15:00,12734.17,38.0,12774.17
2026-03-04 16:00,2026-03-04,16:00,12617.02,31.0,12649.02
2026-03-04 17:00,2026-03-04,17:00,12883.96,39.0,12924.96
2026-03-04 18:00,2026-03-04,18:00,12738.38,22.0,12761.38
2026-03-04 19:00,2026-03-04,19:00,12629.18,11.0,12640.68
2026-03-04 19:30,2026-03-04,19:30,12725.56,14.0,12740.56
2026-03-04 20:00,2026-03-04,20:00,12746.17,18.0,12764.98
2026-03-04 21:00,2026-03-04,21:00,12757.4,17.0,12775.4
2026-03-04 22:00,2026-03-04,22:00,12622.57,0.0,12622.57
2026-03-04 23:00,2026-03-04,23:00,12029.17,0.0,12029.17
2026-03-05 00:00,2026-03-05,00:00,11652.14,0.0,11652.14
2026-03-05 01:00,2026-03-05,01:00,11097.94,0.0,11097.94
2026-03-05 02:00,2026-03-05,02:00,10772.99,0.0,10772.99
2026-03-05 03:00,2026-03-05,03:00,10898.36,0.0,10898.36
2026-03-05 04:00,2026-03-05,04:00,11614.14,0.0,11614.14
2026-03-05 05:00,2026-03-05,05:00,10583.72,0.0,10583.72
2026-03-05 06:00,2026-03-05,06:00,9632.0,0.0,9632.0
2026-03-05 07:00,2026-03-05,07:00,9780.48,0.0,9780.48
2026-03-05 08:00,2026-03-05,08:00,10403.59,0.0,10403.59
2026-03-05 09:00,2026-03-05,09:00,11183.3,34.0,11219.3
2026-03-05 10:00,2026-03-05,10:00,11684.01,96.0,11784.01
2026-03-05 11:00,2026-03-05,11:00,12008.75,105.0,12118.75
2026-03-05 12:00,2026-03-05,12:00,12226.63,217.0,12453.63
2026-03-05 13:00,2026-03-05,13:00,12488.21,263.0,12763.21
2026-03-05 14:00,2026-03-05,14:00,12655.2,239.0,12905.2
2026-03-05 15:00,2026-03-05,15:00,12610.9,299.0,12922.9
2026-03-05 16:00,2026-03-05,16:00,12173.35,267.0,12452.35
2026-03-05 17:00,2026-03-05,17:00,12847.45,15.0,12863.45
2026-03-05 18:00,2026-03-05,18:00,12812.7,0.0,12812.7
2026-03-05 19:00,2026-03-05,19:00,13056.0,0.0,13056.0
2026-03-05 19:30,2026-03-05,19:30,13081.0,0.0,13081.0
2026-03-05 20:00,2026-03-05,20:00,13104.3,0.0,13104.3
2026-03-05 21:00,2026-03-05,21:00,13057.6,0.0,13057.6
2026-03-05 22:00,2026-03-05,22:00,13009.3,0.0,13009.3
2026-03-05 23:00,2026-03-05,23:00,12514.8,0.0,12514.8
2026-03-06 00:00,2026-03-06,00:00,12112.0,0.0,12112.0
2026-03-06 01:00,2026-03-06,01:00,11449.5,0.0,11449.5
2026-03-06 02:00,2026-03-06,02:00,11037.5,0.0,11037.5
2026-03-06 03:00,2026-03-06,03:00,11248.5,0.0,11248.5
2026-03-06 04:00,2026-03-06,04:00,11819.5,0.0,11819.5
2026-03-06 05:00,2026-03-06,05:00,10793.0,0.0,10793.0
2026-03-06 06:00,2026-03-06,06:00,9687.5,0.0,9687.5
2026-03-06 07:00,2026-03-06,07:00,9518.92,0.0,9518.92
2026-03-06 08:00,2026-03-06,08:00,9879.9,0.0,9879.9
2026-03-06 09:00,2026-03-06,09:00,10436.02,0.0,10436.02
2026-03-06 10:00,2026-03-06,10:00,10708.16,0.0,10708.16
2026-03-06 11:00,2026-03-06,11:00,11028.95,0.0,11028.95
2026-03-06 12:00,2026-03-06,12:00,11475.99,0.0,11475.99
2026-03-06 13:00,2026-03-06,13:00,12179.39,0.0,12179.39
2026-03-06 14:00,2026-03-06,14:00,11291.81,0.0,11291.81
2026-03-06 15:00,2026-03-06,15:00,11573.55,10.0,11583.55
2026-03-06 16:00,2026-03-06,16:00,11615.52,29.0,11645.52
2026-03-06 17:00,2026-03-06,17:00,11936.78,26.0,11963.78
2026-03-06 18:00,2026-03-06,18:00,12154.86,0.0,12154.86
2026-03-06 19:00,2026-03-06,19:00,12380.2,0.0,12380.2
2026-03-06 19:30,2026-03-06,19:30,12419.2,0.0,12419.2
2026-03-06 20:00,2026-03-06,20:00,12458.9,0.0,12458.9
2026-03-06 21:00,2026-03-06,21:00,12749.4,0.0,12749.4
2026-03-06 22:00,2026-03-06,22:00,12475.0,0.0,12475.0
2026-03-06 23:00,2026-03-06,23:00,12130.4,0.0,12130.4
2026-03-07 00:00,2026-03-07,00:00,11666.0,0.0,11666.0
2026-03-07 01:00,2026-03-07,01:00,11084.0,0.0,11084.0
2026-03-07 02:00,2026-03-07,02:00,10741.0,0.0,10741.0
2026-03-07 03:00,2026-03-07,03:00,10772.0,0.0,10772.0
2026-03-07 04:00,2026-03-07,04:00,11559.0,0.0,11559.0
2026-03-07 05:00,2026-03-07,05:00,10502.0,0.0,10502.0
2026-03-07 06:00,2026-03-07,06:00,9594.0,0.0,9594.0
2026-03-07 07:00,2026-03-07,07:00,9751.39,0.0,9751.39
2026-03-07 08:00,2026-03-07,08:00,10433.92,0.0,10433.92
2026-03-07 09:00,2026-03-07,09:00,11016.77,60.0,11079.77
2026-03-07 10:00,2026-03-07,10:00,11049.17,101.0,11155.17
2026-03-07 11:00,2026-03-07,11:00,11382.67,77.0,11462.67
2026-03-07 12:00,2026-03-07,12:00,11734.42,161.0,11902.42
2026-03-07 13:00,2026-03-07,13:00,12153.87,192.0,12354.87
2026-03-07 14:00,2026-03-07,14:00,12384.86,181.0,12573.86
2026-03-07 15:00,2026-03-07,15:00,12357.23,188.0,12553.23
2026-03-07 16:00,2026-03-07,16:00,12475.21,142.0,12623.21
2026-03-07 17:00,2026-03-07,17:00,13263.75,0.0,13263.75
2026-03-07 18:00,2026-03-07,18:00,13208.81,59.0,13270.81
2026-03-07 19:00,2026-03-07,19:00,13381.56,0.0,13381.56
2026-03-07 19:30,2026-03-07,19:30,13579.74,0.0,13579.74
2026-03-07 20:00,2026-03-07,20:00,13605.12,0.0,13605.12
2026-03-07 21:00,2026-03-07,21:00,13746.98,0.0,13746.98
2026-03-07 22:00,2026-03-07,22:00,13436.52,0.0,13436.52
2026-03-07 23:00,2026-03-07,23:00,13093.97,0.0,13093.97
2026-03-08 00:00,2026-03-08,00:00,12602.92,0.0,12602.92
2026-03-08 01:00,2026-03-08,01:00,11846.0,0.0,11846.0
2026-03-08 02:00,2026-03-08,02:00,11512.2,0.0,11512.2
2026-03-08 03:00,2026-03-08,03:00,11609.98,0.0,11609.98
2026-03-08 04:00,2026-03-08,04:00,12308.05,0.0,12308.05
2026-03-08 05:00,2026-03-08,05:00,11257.17,0.0,11257.17
2026-03-08 06:00,2026-03-08,06:00,10381.83,0.0,10381.83
2026-03-08 07:00,2026-03-08,07:00,10480.74,0.0,10480.74
2026-03-08 08:00,2026-03-08,08:00,11045.89,0.0,11045.89
2026-03-08 09:00,2026-03-08,09:00,11755.61,47.0,11804.61
2026-03-08 10:00,2026-03-08,10:00,12026.74,294.0,12333.74
2026-03-08 11:00,2026-03-08,11:00,12234.48,296.0,12543.48
2026-03-08 12:00,2026-03-08,12:00,12624.34,267.0,12903.34
2026-03-08 13:00,2026-03-08,13:00,13060.71,328.0,13403.71
2026-03-08 14:00,2026-03-08,14:00,13188.52,254.0,13453.52
2026-03-08 15:00,2026-03-08,15:00,13183.01,240.0,13434.01
2026-03-08 16:00,2026-03-08,16:00,13183.65,40.0,13225.65
2026-03-08 17:00,2026-03-08,17:00,13505.69,0.0,13505.69
2026-03-08 18:00,2026-03-08,18:00,13362.77,0.0,13362.77
2026-03-08 19:00,2026-03-08,19:00,13639.81,0.0,13639.81
2026-03-08 19:30,2026-03-08,19:30,13893.98,0.0,13893.98
2026-03-08 20:00,2026-03-08,20:00,13631.88,0.0,13631.88
2026-03-08 21:00,2026-03-08,21:00,13910.45,0.0,13910.45
2026-03-08 22:00,2026-03-08,22:00,13689.26,0.0,13689.26
2026-03-08 23:00,2026-03-08,23:00,13135.15,0.0,13135.15
2026-03-09 00:00,2026-03-09,00:00,12745.87,0.0,12745.87
2026-03-09 01:00,2026-03-09,01:00,12097.03,0.0,12097.03
2026-03-09 02:00,2026-03-09,02:00,11781.45,0.0,11781.45
2026-03-09 03:00,2026-03-09,03:00,11871.37,0.0,11871.37
2026-03-09 04:00,2026-03-09,04:00,12405.19,0.0,12405.19
2026-03-09 05:00,2026-03-09,05:00,11394.68,0.0,11394.68
2026-03-09 06:00,2026-03-09,06:00,10440.87,0.0,10440.87
2026-03-09 07:00,2026-03-09,07:00,10500.81,0.0,10500.81
2026-03-09 08:00,2026-03-09,08:00,11022.34,0.0,11022.34
2026-03-09 09:00,2026-03-09,09:00,11734.33,0.0,11734.33
2026-03-09 10:00,2026-03-09,10:00,12104.92,0.0,12104.92
2026-03-09 11:00,2026-03-09,11:00,12390.32,0.0,12390.32
2026-03-09 12:00,2026-03-09,12:00,12641.8,90.0,12735.8
2026-03-09 13:00,2026-03-09,13:00,12887.72,255.0,13153.72
2026-03-09 14:00,2026-03-09,14:00,13027.95,217.0,13254.95
2026-03-09 15:00,2026-03-09,15:00,12916.61,198.0,13123.61
2026-03-09 16:00,2026-03-09,16:00,12794.41,106.0,12905.41
2026-03-09 17:00,2026-03-09,17:00,13293.14,50.0,13345.14
2026-03-09 18:00,2026-03-09,18:00,13263.94,0.0,13263.94
2026-03-09 19:00,2026-03-09,19:00,13570.68,0.0,13570.68
2026-03-09 19:30,2026-03-09,19:30,13903.98,0.0,13903.98
2026-03-09 20:00,2026-03-09,20:00,13888.46,0.0,13888.46
2026-03-09 21:00,2026-03-09,21:00,13917.31,0.0,13917.31
2026-03-09 22:00,2026-03-09,22:00,13732.23,18.0,13751.23
2026-03-09 23:00,2026-03-09,23:00,13187.23,0.0,13187.23
2026-03-10 00:00,2026-03-10,00:00,12830.37,0.0,12830.37
2026-03-10 01:00,2026-03-10,01:00,12305.02,0.0,12305.02
2026-03-10 02:00,2026-03-10,02:00,12007.28,0.0,12007.28
2026-03-10 03:00,2026-03-10,03:00,11905.78,0.0,11905.78
2026-03-10 04:00,2026-03-10,04:00,12628.44,0.0,12628.44
2026-03-10 05:00,2026-03-10,05:00,11358.44,0.0,11358.44
2026-03-10 06:00,2026-03-10,06:00,10446.75,0.0,10446.75
2026-03-10 07:00,2026-03-10,07:00,10610.36,0.0,10610.36
2026-03-10 08:00,2026-03-10,08:00,11304.75,0.0,11304.75
2026-03-10 09:00,2026-03-10,09:00,11831.32,68.0,11902.32
2026-03-10 10:00,2026-03-10,10:00,12173.17,249.0,12433.17
2026-03-10 11:00,2026-03-10,11:00,12602.72,287.0,12902.72
2026-03-10 12:00,2026-03-10,12:00,12846.29,294.0,13153.29
2026-03-10 13:00,2026-03-10,13:00,12970.84,317.0,13301.84
2026-03-10 14:00,2026-03-10,14:00,13234.69,305.0,13553.69
2026-03-10 15:00,2026-03-10,15:00,13310.75,281.0,13604.75
2026-03-10 16:00,2026-03-10,16:00,13484.11,66.0,13553.08
2026-03-10 17:00,2026-03-10,17:00,14017.5,44.0,14063.5
2026-03-10 18:00,2026-03-10,18:00,13875.45,24.0,13900.45
2026-03-10 19:00,2026-03-10,19:00,14354.8,0.0,14354.8
2026-03-10 19:30,2026-03-10,19:30,14565.3,0.0,14565.3
2026-03-10 20:00,2026-03-10,20:00,14447.3,0.0,14447.3
2026-03-10 21:00,2026-03-10,21:00,14551.1,0.0,14551.1
2026-03-10 22:00,2026-03-10,22:00,14250.0,49.0,14301.0
2026-03-10 23:00,2026-03-10,23:00,13788.5,40.0,13830.5
2026-03-11 00:00,2026-03-11,00:00,13372.5,0.0,13372.5
2026-03-11 01:00,2026-03-11,01:00,12913.7,0.0,12913.7
2026-03-11 02:00,2026-03-11,02:00,12366.5,0.0,12366.5
2026-03-11 03:00,2026-03-11,03:00,12570.1,0.0,12570.1
2026-03-11 04:00,2026-03-11,04:00,12871.6,0.0,12871.6
2026-03-11 05:00,2026-03-11,05:00,11783.4,0.0,11783.4
2026-03-11 06:00,2026-03-11,06:00,10953.5,0.0,10953.5
2026-03-11 07:00,2026-03-11,07:00,10933.81,38.0,10973.52
2026-03-11 08:00,2026-03-11,08:00,11456.37,53.0,11511.37
2026-03-11 09:00,2026-03-11,09:00,12249.57,71.0,12323.57
2026-03-11 10:00,2026-03-11,10:00,12660.76,316.0,12990.76
2026-03-11 11:00,2026-03-11,11:00,13077.95,206.0,13292.95
2026-03-11 12:00,2026-03-11,12:00,13333.42,278.0,13624.42
2026-03-11 13:00,2026-03-11,13:00,13619.66,320.0,13953.66
2026-03-11 14:00,2026-03-11,14:00,13822.07,496.0,14340.07
2026-03-11 15:00,2026-03-11,15:00,13581.53,499.0,14102.53
2026-03-11 16:00,2026-03-11,16:00,13664.81,467.0,14152.81
2026-03-11 17:00,2026-03-11,17:00,13977.91,197.0,14183.91
2026-03-11 18:00,2026-03-11,18:00,14155.64,111.0,14271.64
2026-03-11 19:00,2026-03-11,19:00,14567.25,99.0,14670.25
2026-03-11 19:30,2026-03-11,19:30,14785.74,139.0,14930.74
2026-03-11 20:00,2026-03-11,20:00,14780.96,125.0,14911.96
2026-03-11 21:00,2026-03-11,21:00,14856.09,100.0,14960.09
2026-03-11 22:00,2026-03-11,22:00,14740.22,116.0,14861.22
2026-03-11 23:00,2026-03-11,23:00,14256.53,90.0,14350.53
2026-03-12 00:00,2026-03-12,00:00,13870.04,57.0,13929.61
2026-03-12 01:00,2026-03-12,01:00,13228.86,54.0,13285.29
2026-03-12 02:00,2026-03-12,02:00,12825.58,33.0,12860.07
2026-03-12 03:00,2026-03-12,03:00,12780.69,33.0,12814.69
2026-03-12 04:00,2026-03-12,04:00,13033.07,22.0,13056.07
2026-03-12 05:00,2026-03-12,05:00,11914.32,0.0,11914.32
2026-03-12 06:00,2026-03-12,06:00,10917.96,0.0,10917.96
2026-03-12 07:00,2026-03-12,07:00,10836.59,0.0,10836.59
2026-03-12 08:00,2026-03-12,08:00,11052.97,0.0,11052.97
2026-03-12 09:00,2026-03-12,09:00,11607.35,0.0,11607.35
2026-03-12 10:00,2026-03-12,10:00,11716.51,83.0,11803.51
2026-03-12 11:00,2026-03-12,11:00,11817.69,148.0,11972.69
2026-03-12 12:00,2026-03-12,12:00,12258.15,215.0,12483.15
2026-03-12 13:00,2026-03-12,13:00,12580.82,262.0,12854.82
2026-03-12 14:00,2026-03-12,14:00,12677.4,408.0,13103.4
2026-03-12 15:00,2026-03-12,15:00,12788.41,491.0,13301.41
2026-03-12 16:00,2026-03-12,16:00,12913.22,422.0,13354.22
2026-03-12 17:00,2026-03-12,17:00,13481.48,78.0,13563.48
2026-03-12 18:00,2026-03-12,18:00,13626.32,73.0,13702.32
2026-03-12 19:00,2026-03-12,19:00,13927.55,42.0,13971.55
2026-03-12 19:30,2026-03-12,19:30,13921.09,38.0,13961.09
2026-03-12 20:00,2026-03-12,20:00,14051.92,33.0,14085.92
2026-03-12 21:00,2026-03-12,21:00,14100.59,34.0,14136.59
2026-03-12 22:00,2026-03-12,22:00,14106.52,43.0,14151.52
2026-03-12 23:00,2026-03-12,23:00,13779.84,59.0,13841.84
2026-03-13 00:00,2026-03-13,00:00,13382.32,28.0,13411.58
2026-03-13 01:00,2026-03-13,01:00,12743.31,0.0,12743.31
2026-03-13 02:00,2026-03-13,02:00,12266.03,0.0,12266.03
2026-03-13 03:00,2026-03-13,03:00,12463.99,0.0,12463.99
2026-03-13 04:00,2026-03-13,04:00,12625.09,0.0,12625.09
2026-03-13 05:00,2026-03-13,05:00,11525.93,0.0,11525.93
2026-03-13 06:00,2026-03-13,06:00,10470.39,0.0,10470.39
2026-03-13 07:00,2026-03-13,07:00,10191.38,0.0,10191.38
2026-03-13 08:00,2026-03-13,08:00,10139.19,0.0,10139.19
2026-03-13 09:00,2026-03-13,09:00,10476.76,0.0,10476.76
2026-03-13 10:00,2026-03-13,10:00,10766.41,0.0,10766.41
2026-03-13 11:00,2026-03-13,11:00,10650.7,0.0,10650.7
2026-03-13 12:00,2026-03-13,12:00,11000.61,0.0,11000.61
2026-03-13 13:00,2026-03-13,13:00,11476.93,0.0,11476.93
2026-03-13 14:00,2026-03-13,14:00,10858.92,0.0,10858.92
2026-03-13 15:00,2026-03-13,15:00,10796.62,196.0,11001.62
2026-03-13 16:00,2026-03-13,16:00,11315.48,65.0,11383.48
2026-03-13 17:00,2026-03-13,17:00,12007.71,44.0,12053.71
2026-03-13 18:00,2026-03-13,18:00,12241.1,0.0,12241.1
2026-03-13 19:00,2026-03-13,19:00,12353.0,0.0,12353.0
2026-03-13 19:30,2026-03-13,19:30,11870.0,0.0,11870.0
2026-03-13 20:00,2026-03-13,20:00,11202.0,0.0,11202.0
2026-03-13 21:00,2026-03-13,21:00,10839.5,0.0,10839.5
2026-03-13 22:00,2026-03-13,22:00,11389.5,0.0,11389.5
2026-03-13 23:00,2026-03-13,23:00,11863.0,0.0,11863.0
2026-03-14 00:00,2026-03-14,00:00,11926.5,0.0,11926.5
2026-03-14 01:00,2026-03-14,01:00,11771.0,0.0,11771.0
2026-03-14 02:00,2026-03-14,02:00,11427.0,0.0,11427.0
2026-03-14 03:00,2026-03-14,03:00,11376.0,0.0,11376.0
2026-03-14 04:00,2026-03-14,04:00,11889.5,0.0,11889.5
2026-03-14 05:00,2026-03-14,05:00,11099.0,0.0,11099.0
2026-03-14 06:00,2026-03-14,06:00,10326.0,0.0,10326.0
2026-03-14 07:00,2026-03-14,07:00,10305.77,0.0,10305.77
2026-03-14 08:00,2026-03-14,08:00,10590.83,0.0,10590.83
2026-03-14 09:00,2026-03-14,09:00,10883.88,0.0,10883.88
2026-03-14 10:00,2026-03-14,10:00,11062.24,0.0,11062.24
2026-03-14 11:00,2026-03-14,11:00,11133.11,0.0,11133.11
2026-03-14 12:00,2026-03-14,12:00,11805.15,0.0,11805.15
2026-03-14 13:00,2026-03-14,13:00,12169.09,176.0,12353.09
2026-03-14 14:00,2026-03-14,14:00,12505.68,285.0,12803.68
2026-03-14 15:00,2026-03-14,15:00,12665.51,437.0,13122.51
2026-03-14 16:00,2026-03-14,16:00,12550.81,481.0,13053.46
2026-03-14 17:00,2026-03-14,17:00,13293.07,117.0,13415.07
2026-03-14 18:00,2026-03-14,18:00,13848.17,71.0,13922.17
2026-03-14 19:00,2026-03-14,19:00,14310.64,39.0,14351.64
2026-03-14 19:30,2026-03-14,19:30,14540.6,20.0,14561.6
2026-03-14 20:00,2026-03-14,20:00,14533.07,0.0,14533.07
2026-03-14 21:00,2026-03-14,21:00,14344.64,0.0,14344.64
2026-03-14 22:00,2026-03-14,22:00,13933.58,41.0,13976.58
2026-03-14 23:00,2026-03-14,23:00,13312.27,38.0,13352.27
2026-03-15 00:00,2026-03-15,00:00,12825.3,43.0,12870.24
2026-03-15 01:00,2026-03-15,01:00,12488.57,46.0,12536.57
2026-03-15 02:00,2026-03-15,02:00,12287.35,43.0,12332.35
2026-03-15 03:00,2026-03-15,03:00,12234.36,45.0,12281.36
2026-03-15 04:00,2026-03-15,04:00,12607.39,42.0,12651.39
2026-03-15 05:00,2026-03-15,05:00,11386.77,0.0,11386.77
2026-03-15 06:00,2026-03-15,06:00,10626.97,0.0,10626.97
2026-03-15 07:00,2026-03-15,07:00,10720.59,0.0,10720.59
2026-03-15 08:00,2026-03-15,08:00,11100.2,42.0,11144.2
2026-03-15 09:00,2026-03-15,09:00,11494.05,57.0,11554.05
2026-03-15 10:00,2026-03-15,10:00,11813.33,134.0,11953.33
2026-03-15 11:00,2026-03-15,11:00,11975.42,171.0,12154.42
2026-03-15 12:00,2026-03-15,12:00,12036.3,305.0,12355.3
2026-03-15 13:00,2026-03-15,13:00,12467.64,321.0,12802.64
2026-03-15 14:00,2026-03-15,14:00,12680.68,253.0,12944.68
2026-03-15 15:00,2026-03-15,15:00,12782.35,237.0,13030.35
2026-03-15 16:00,2026-03-15,16:00,12926.04,218.0,13154.04
2026-03-15 17:00,2026-03-15,17:00,13343.59,31.0,13375.59
2026-03-15 18:00,2026-03-15,18:00,13629.36,0.0,13629.36
2026-03-15 19:00,2026-03-15,19:00,14028.45,0.0,14028.45
2026-03-15 19:30,2026-03-15,19:30,14128.14,21.0,14150.14
2026-03-15 20:00,2026-03-15,20:00,14068.74,22.0,14091.74
2026-03-15 21:00,2026-03-15,21:00,13613.15,23.0,13637.15
2026-03-15 22:00,2026-03-15,22:00,12373.51,94.0,12471.51
2026-03-15 23:00,2026-03-15,23:00,10960.9,96.0,11060.9
2026-03-16 00:00,2026-03-16,00:00,10149.31,107.0,10261.13
2026-03-16 01:00,2026-03-16,01:00,9824.65,101.0,9930.65
2026-03-16 02:00,2026-03-16,02:00,9853.55,102.0,9960.55
2026-03-16 03:00,2026-03-16,03:00,10080.06,96.0,10180.06
2026-03-16 04:00,2026-03-16,04:00,10414.07,101.0,10520.07
2026-03-16 05:00,2026-03-16,05:00,9502.71,0.0,9502.71
2026-03-16 06:00,2026-03-16,06:00,9041.98,0.0,9041.98
2026-03-16 07:00,2026-03-16,07:00,9072.57,0.0,9072.57
2026-03-16 08:00,2026-03-16,08:00,9722.59,0.0,9722.59
2026-03-16 09:00,2026-03-16,09:00,10460.71,0.0,10460.71
2026-03-16 10:00,2026-03-16,10:00,10906.8,35.0,10943.8
2026-03-16 11:00,2026-03-16,11:00,11228.59,265.0,11505.59
2026-03-16 12:00,2026-03-16,12:00,11578.0,369.0,11964.0
2026-03-16 13:00,2026-03-16,13:00,12001.4,384.0,12402.4
2026-03-16 14:00,2026-03-16,14:00,12297.67,388.0,12702.67
2026-03-16 15:00,2026-03-16,15:00,12579.26,453.0,13052.26
2026-03-16 16:00,2026-03-16,16:00,12572.4,316.0,12902.4
2026-03-16 17:00,2026-03-16,17:00,12777.57,129.0,12912.57
2026-03-16 18:00,2026-03-16,18:00,13089.25,107.0,13201.25
2026-03-16 19:00,2026-03-16,19:00,13417.4,79.0,13500.4
2026-03-16 19:30,2026-03-16,19:30,13804.4,73.0,13880.4
2026-03-16 20:00,2026-03-16,20:00,13735.5,72.0,13810.5
2026-03-16 21:00,2026-03-16,21:00,13559.8,68.0,13630.8
2026-03-16 22:00,2026-03-16,22:00,13475.0,73.0,13551.0
2026-03-16 23:00,2026-03-16,23:00,12836.0,61.0,12900.0
2026-03-17 00:00,2026-03-17,00:00,11867.0,0.0,11867.0
2026-03-17 01:00,2026-03-17,01:00,11222.0,0.0,11222.0
2026-03-17 02:00,2026-03-17,02:00,10399.0,0.0,10399.0
2026-03-17 03:00,2026-03-17,03:00,10083.5,0.0,10083.5
2026-03-17 04:00,2026-03-17,04:00,10266.5,0.0,10266.5
2026-03-17 05:00,2026-03-17,05:00,9284.5,0.0,9284.5
2026-03-17 06:00,2026-03-17,06:00,7395.0,0.0,7395.0
2026-03-17 07:00,2026-03-17,07:00,8412.27,0.0,8412.27
2026-03-17 08:00,2026-03-17,08:00,9234.34,0.0,9234.34
2026-03-17 09:00,2026-03-17,09:00,9928.29,0.0,9928.29
2026-03-17 10:00,2026-03-17,10:00,10345.41,0.0,10345.41
2026-03-17 11:00,2026-03-17,11:00,10734.99,0.0,10734.99
2026-03-17 12:00,2026-03-17,12:00,11284.47,0.0,11284.47
2026-03-17 13:00,2026-03-17,13:00,11755.23,0.0,11755.23
2026-03-17 14:00,2026-03-17,14:00,12265.73,0.0,12265.73
2026-03-17 15:00,2026-03-17,15:00,12348.52,0.0,12348.52
2026-03-17 16:00,2026-03-17,16:00,12337.26,0.0,12337.26
2026-03-17 17:00,2026-03-17,17:00,12556.12,0.0,12556.12
2026-03-17 18:00,2026-03-17,18:00,12982.1,0.0,12982.1
2026-03-17 19:00,2026-03-17,19:00,13444.7,0.0,13444.7
2026-03-17 19:30,2026-03-17,19:30,13399.0,0.0,13399.0
2026-03-17 20:00,2026-03-17,20:00,13276.5,0.0,13276.5
2026-03-17 21:00,2026-03-17,21:00,13456.7,0.0,13456.7
2026-03-17 22:00,2026-03-17,22:00,13494.2,0.0,13494.2
2026-03-17 23:00,2026-03-17,23:00,13091.2,0.0,13091.2
2026-03-18 00:00,2026-03-18,00:00,12740.2,0.0,12740.2
2026-03-18 01:00,2026-03-18,01:00,12201.0,0.0,12201.0
2026-03-18 02:00,2026-03-18,02:00,11801.0,0.0,11801.0
2026-03-18 03:00,2026-03-18,03:00,11940.0,0.0,11940.0
2026-03-18 04:00,2026-03-18,04:00,12134.0,0.0,12134.0
2026-03-18 05:00,2026-03-18,05:00,10933.0,0.0,10933.0
2026-03-18 06:00,2026-03-18,06:00,9996.0,0.0,9996.0
2026-03-18 07:00,2026-03-18,07:00,10005.34,0.0,10005.34
2026-03-18 08:00,2026-03-18,08:00,10252.3,0.0,10252.3
2026-03-18 09:00,2026-03-18,09:00,10735.28,0.0,10735.28
2026-03-18 10:00,2026-03-18,10:00,11125.39,0.0,11125.39
2026-03-18 11:00,2026-03-18,11:00,11190.68,0.0,11190.68
2026-03-18 12:00,2026-03-18,12:00,11702.81,0.0,11702.81
2026-03-18 13:00,2026-03-18,13:00,11904.68,0.0,11904.68
2026-03-18 14:00,2026-03-18,14:00,12223.1,0.0,12223.1
2026-03-18 15:00,2026-03-18,15:00,12122.67,0.0,12122.67
2026-03-18 16:00,2026-03-18,16:00,11928.24,0.0,11928.24
2026-03-18 17:00,2026-03-18,17:00,11801.14,0.0,11801.14
2026-03-18 18:00,2026-03-18,18:00,11495.64,0.0,11495.64
2026-03-18 19:00,2026-03-18,19:00,10598.52,0.0,10598.52
2026-03-18 19:30,2026-03-18,19:30,10131.04,0.0,10131.04
2026-03-18 20:00,2026-03-18,20:00,9550.59,0.0,9550.59
2026-03-18 21:00,2026-03-18,21:00,9487.29,0.0,9487.29
2026-03-18 22:00,2026-03-18,22:00,9080.63,0.0,9080.63
2026-03-18 23:00,2026-03-18,23:00,8668.87,0.0,8668.87
2026-03-19 00:00,2026-03-19,00:00,7939.23,0.0,7939.23
2026-03-19 01:00,2026-03-19,01:00,7430.53,0.0,7430.53
2026-03-19 02:00,2026-03-19,02:00,7292.53,0.0,7292.53
2026-03-19 03:00,2026-03-19,03:00,7703.17,0.0,7703.17
2026-03-19 04:00,2026-03-19,04:00,8360.32,0.0,8360.32
2026-03-19 05:00,2026-03-19,05:00,7538.81,0.0,7538.81
2026-03-19 06:00,2026-03-19,06:00,6794.5,0.0,6794.5
2026-03-19 07:00,2026-03-19,07:00,6669.15,0.0,6669.15
2026-03-19 08:00,2026-03-19,08:00,7085.29,0.0,7085.29
2026-03-19 09:00,2026-03-19,09:00,7513.51,0.0,7513.51
2026-03-19 10:00,2026-03-19,10:00,7951.21,0.0,7951.21
2026-03-19 11:00,2026-03-19,11:00,8355.04,0.0,8355.04
2026-03-19 12:00,2026-03-19,12:00,9012.51,0.0,9012.51
2026-03-19 13:00,2026-03-19,13:00,9709.71,0.0,9709.71
2026-03-19 14:00,2026-03-19,14:00,10337.86,0.0,10337.86
2026-03-19 15:00,2026-03-19,15:00,10287.47,0.0,10287.47
2026-03-19 16:00,2026-03-19,16:00,10314.61,0.0,10314.61
2026-03-19 17:00,2026-03-19,17:00,10563.12,0.0,10563.12
2026-03-19 18:00,2026-03-19,18:00,11345.96,0.0,11345.96
2026-03-19 19:00,2026-03-19,19:00,11588.52,0.0,11588.52
2026-03-19 19:30,2026-03-19,19:30,11404.51,0.0,11404.51
2026-03-19 20:00,2026-03-19,20:00,11390.27,0.0,11390.27
2026-03-19 21:00,2026-03-19,21:00,11630.91,0.0,11630.91
2026-03-19 22:00,2026-03-19,22:00,11551.51,0.0,11551.51
2026-03-19 23:00,2026-03-19,23:00,11386.52,0.0,11386.52
2026-03-20 00:00,2026-03-20,00:00,10907.75,0.0,10907.75
2026-03-20 01:00,2026-03-20,01:00,10544.84,0.0,10544.84
2026-03-20 02:00,2026-03-20,02:00,10253.7,0.0,10253.7
2026-03-20 03:00,2026-03-20,03:00,10346.86,0.0,10346.86
2026-03-20 04:00,2026-03-20,04:00,10609.04,0.0,10609.04
2026-03-20 05:00,2026-03-20,05:00,9324.04,0.0,9324.04
2026-03-20 06:00,2026-03-20,06:00,8334.14,0.0,8334.14
2026-03-20 07:00,2026-03-20,07:00,7854.72,0.0,7854.72
2026-03-20 08:00,2026-03-20,08:00,7935.79,0.0,7935.79
2026-03-20 09:00,2026-03-20,09:00,7934.87,0.0,7934.87
2026-03-20 10:00,2026-03-20,10:00,7886.14,0.0,7886.14
2026-03-20 11:00,2026-03-20,11:00,7500.21,0.0,7500.21
2026-03-20 12:00,2026-03-20,12:00,7477.12,0.0,7477.12
2026-03-20 13:00,2026-03-20,13:00,8434.42,0.0,8434.42
2026-03-20 14:00,2026-03-20,14:00,7768.89,0.0,7768.89
2026-03-20 15:00,2026-03-20,15:00,7140.62,0.0,7140.62
2026-03-20 16:00,2026-03-20,16:00,7159.66,0.0,7159.66
2026-03-20 17:00,2026-03-20,17:00,7615.55,0.0,7615.55
2026-03-20 18:00,2026-03-20,18:00,8472.57,0.0,8472.57
2026-03-20 19:00,2026-03-20,19:00,8423.0,0.0,8423.0
2026-03-20 19:30,2026-03-20,19:30,8378.0,0.0,8378.0
2026-03-20 20:00,2026-03-20,20:00,8518.0,0.0,8518.0
2026-03-20 21:00,2026-03-20,21:00,8758.0,0.0,8758.0
2026-03-20 22:00,2026-03-20,22:00,8785.0,0.0,8785.0
2026-03-20 23:00,2026-03-20,23:00,8452.0,0.0,8452.0
2026-03-21 00:00,2026-03-21,00:00,7765.0,0.0,7765.0
2026-03-21 01:00,2026-03-21,01:00,6936.0,0.0,6936.0
2026-03-21 02:00,2026-03-21,02:00,6347.0,0.0,6347.0
2026-03-21 03:00,2026-03-21,03:00,6186.0,0.0,6186.0
2026-03-21 04:00,2026-03-21,04:00,6114.0,0.0,6114.0
2026-03-21 05:00,2026-03-21,05:00,6138.0,0.0,6138.0
2026-03-21 06:00,2026-03-21,06:00,6788.0,0.0,6788.0
2026-03-21 07:00,2026-03-21,07:00,8418.1,0.0,8418.1
2026-03-21 08:00,2026-03-21,08:00,8975.63,0.0,8975.63
2026-03-21 09:00,2026-03-21,09:00,8045.26,0.0,8045.26
2026-03-21 10:00,2026-03-21,10:00,7266.43,0.0,7266.43
2026-03-21 11:00,2026-03-21,11:00,6761.81,0.0,6761.81
2026-03-21 12:00,2026-03-21,12:00,6611.74,0.0,6611.74
2026-03-21 13:00,2026-03-21,13:00,6666.21,0.0,6666.21
2026-03-21 14:00,2026-03-21,14:00,6528.79,0.0,6528.79
2026-03-21 15:00,2026-03-21,15:00,6188.47,0.0,6188.47
2026-03-21 16:00,2026-03-21,16:00,6041.45,0.0,6041.45
2026-03-21 17:00,2026-03-21,17:00,6164.26,0.0,6164.26
2026-03-21 18:00,2026-03-21,18:00,7034.1,0.0,7034.1
2026-03-21 19:00,2026-03-21,19:00,7990.86,0.0,7990.86
2026-03-21 19:30,2026-03-21,19:30,8048.15,0.0,8048.15
2026-03-21 20:00,2026-03-21,20:00,7988.8,0.0,7988.8
2026-03-21 21:00,2026-03-21,21:00,8067.71,0.0,8067.71
2026-03-21 22:00,2026-03-21,22:00,7901.61,0.0,7901.61
2026-03-21 23:00,2026-03-21,23:00,7615.65,0.0,7615.65
2026-03-22 00:00,2026-03-22,00:00,7247.65,0.0,7247.65
2026-03-22 01:00,2026-03-22,01:00,6844.06,0.0,6844.06
2026-03-22 02:00,2026-03-22,02:00,6508.26,0.0,6508.26
2026-03-22 03:00,2026-03-22,03:00,6309.35,0.0,6309.35
2026-03-22 04:00,2026-03-22,04:00,6070.77,0.0,6070.77
2026-03-22 05:00,2026-03-22,05:00,6008.51,0.0,6008.51
2026-03-22 06:00,2026-03-22,06:00,5964.82,0.0,5964.82
2026-03-22 07:00,2026-03-22,07:00,6458.19,0.0,6458.19
2026-03-22 08:00,2026-03-22,08:00,6989.88,0.0,6989.88
2026-03-22 09:00,2026-03-22,09:00,7128.84,0.0,7128.84
2026-03-22 10:00,2026-03-22,10:00,6823.63,0.0,6823.63
2026-03-22 11:00,2026-03-22,11:00,6722.57,0.0,6722.57
2026-03-22 12:00,2026-03-22,12:00,7080.16,0.0,7080.16
2026-03-22 13:00,2026-03-22,13:00,7579.78,0.0,7579.78
2026-03-22 14:00,2026-03-22,14:00,7833.86,0.0,7833.86
2026-03-22 15:00,2026-03-22,15:00,7345.84,0.0,7345.84
2026-03-22 16:00,2026-03-22,16:00,6810.42,0.0,6810.42
2026-03-22 17:00,2026-03-22,17:00,6725.07,0.0,6725.07
2026-03-22 18:00,2026-03-22,18:00,7272.53,0.0,7272.53
2026-03-22 19:00,2026-03-22,19:00,8736.16,0.0,8736.16
2026-03-22 19:30,2026-03-22,19:30,8788.74,0.0,8788.74
2026-03-22 20:00,2026-03-22,20:00,8733.39,0.0,8733.39
2026-03-22 21:00,2026-03-22,21:00,8728.94,0.0,8728.94
2026-03-22 22:00,2026-03-22,22:00,8715.7,0.0,8715.7
2026-03-22 23:00,2026-03-22,23:00,8439.48,0.0,8439.48
2026-03-23 00:00,2026-03-23,00:00,8153.1,0.0,8153.1
2026-03-23 01:00,2026-03-23,01:00,7714.23,0.0,7714.23
2026-03-23 02:00,2026-03-23,02:00,7270.85,0.0,7270.85
2026-03-23 03:00,2026-03-23,03:00,7041.9,0.0,7041.9
2026-03-23 04:00,2026-03-23,04:00,6747.99,0.0,6747.99
2026-03-23 05:00,2026-03-23,05:00,6635.83,0.0,6635.83
2026-03-23 06:00,2026-03-23,06:00,6619.01,0.0,6619.01
2026-03-23 07:00,2026-03-23,07:00,7062.59,0.0,7062.59
2026-03-23 08:00,2026-03-23,08:00,7560.1,0.0,7560.1
2026-03-23 09:00,2026-03-23,09:00,7499.6,0.0,7499.6
2026-03-23 10:00,2026-03-23,10:00,7327.92,0.0,7327.92
2026-03-23 11:00,2026-03-23,11:00,7528.69,0.0,7528.69
2026-03-23 12:00,2026-03-23,12:00,8047.35,0.0,8047.35
2026-03-23 13:00,2026-03-23,13:00,8733.47,0.0,8733.47
2026-03-23 14:00,2026-03-23,14:00,8820.2,0.0,8820.2
2026-03-23 15:00,2026-03-23,15:00,8360.08,0.0,8360.08
2026-03-23 16:00,2026-03-23,16:00,7732.82,0.0,7732.82
2026-03-23 17:00,2026-03-23,17:00,7602.94,0.0,7602.94
2026-03-23 18:00,2026-03-23,18:00,8296.44,0.0,8296.44
2026-03-23 19:00,2026-03-23,19:00,9720.34,0.0,9720.34
2026-03-23 19:30,2026-03-23,19:30,9782.5,0.0,9782.5
2026-03-23 20:00,2026-03-23,20:00,9676.77,0.0,9676.77
2026-03-23 21:00,2026-03-23,21:00,9595.44,0.0,9595.44
2026-03-23 22:00,2026-03-23,22:00,9459.18,0.0,9459.18
2026-03-23 23:00,2026-03-23,23:00,9062.22,0.0,9062.22
2026-03-24 00:00,2026-03-24,00:00,8810.38,0.0,8810.38
2026-03-24 01:00,2026-03-24,01:00,8408.74,0.0,8408.74
2026-03-24 02:00,2026-03-24,02:00,8010.29,0.0,8010.29
2026-03-24 03:00,2026-03-24,03:00,7766.02,0.0,7766.02
2026-03-24 04:00,2026-03-24,04:00,7521.19,0.0,7521.19
2026-03-24 05:00,2026-03-24,05:00,7460.55,0.0,7460.55
2026-03-24 06:00,2026-03-24,06:00,7382.78,0.0,7382.78
2026-03-24 07:00,2026-03-24,07:00,7848.59,0.0,7848.59
2026-03-24 08:00,2026-03-24,08:00,8436.18,0.0,8436.18
2026-03-24 09:00,2026-03-24,09:00,8631.22,0.0,8631.22
2026-03-24 10:00,2026-03-24,10:00,8718.12,0.0,8718.12
2026-03-24 11:00,2026-03-24,11:00,8844.6,0.0,8844.6
2026-03-24 12:00,2026-03-24,12:00,9271.17,0.0,9271.17
2026-03-24 13:00,2026-03-24,13:00,10048.6,0.0,10048.6
2026-03-24 14:00,2026-03-24,14:00,10259.32,0.0,10259.32
2026-03-24 15:00,2026-03-24,15:00,9965.93,0.0,9965.93
2026-03-24 16:00,2026-03-24,16:00,9309.11,0.0,9309.11
2026-03-24 17:00,2026-03-24,17:00,9123.06,0.0,9123.06
2026-03-24 18:00,2026-03-24,18:00,9238.69,0.0,9238.69
2026-03-24 19:00,2026-03-24,19:00,10590.0,0.0,10590.0
2026-03-24 19:30,2026-03-24,19:30,10464.0,0.0,10464.0
2026-03-24 20:00,2026-03-24,20:00,10350.0,0.0,10350.0
2026-03-24 21:00,2026-03-24,21:00,10330.0,0.0,10330.0
2026-03-24 22:00,2026-03-24,22:00,10233.0,0.0,10233.0
2026-03-24 23:00,2026-03-24,23:00,10135.0,0.0,10135.0
2026-03-25 00:00,2026-03-25,00:00,9876.0,0.0,9876.0
2026-03-25 01:00,2026-03-25,01:00,9417.0,0.0,9417.0
2026-03-25 02:00,2026-03-25,02:00,8902.0,0.0,8902.0
2026-03-25 03:00,2026-03-25,03:00,8610.0,0.0,8610.0
2026-03-25 04:00,2026-03-25,04:00,8440.0,0.0,8440.0
2026-03-25 05:00,2026-03-25,05:00,8197.0,0.0,8197.0
2026-03-25 06:00,2026-03-25,06:00,8112.01,0.0,8112.01
2026-03-25 07:00,2026-03-25,07:00,8605.75,0.0,8605.75
2026-03-25 08:00,2026-03-25,08:00,9031.54,0.0,9031.54
2026-03-25 09:00,2026-03-25,09:00,9229.23,0.0,9229.23
2026-03-25 10:00,2026-03-25,10:00,9404.78,0.0,9404.78
2026-03-25 11:00,2026-03-25,11:00,9718.07,0.0,9718.07
2026-03-25 12:00,2026-03-25,12:00,10112.17,0.0,10112.17
2026-03-25 13:00,2026-03-25,13:00,11058.61,0.0,11058.61
2026-03-25 14:00,2026-03-25,14:00,11281.92,0.0,11281.92
2026-03-25 15:00,2026-03-25,15:00,10997.6,0.0,10997.6
2026-03-25 16:00,2026-03-25,16:00,10425.25,0.0,10425.25
2026-03-25 17:00,2026-03-25,17:00,9998.3,0.0,9998.3
2026-03-25 18:00,2026-03-25,18:00,9925.32,0.0,9925.32
2026-03-25 19:00,2026-03-25,19:00,10950.74,0.0,10950.74
2026-03-25 19:30,2026-03-25,19:30,10579.07,0.0,10579.07
2026-03-25 20:00,2026-03-25,20:00,10408.07,0.0,10408.07
2026-03-25 21:00,2026-03-25,21:00,10358.62,0.0,10358.62
2026-03-25 22:00,2026-03-25,22:00,10217.57,0.0,10217.57
2026-03-25 23:00,2026-03-25,23:00,10232.75,0.0,10232.75
2026-03-26 00:00,2026-03-26,00:00,10135.72,0.0,10135.72
2026-03-26 01:00,2026-03-26,01:00,9833.06,0.0,9833.06
2026-03-26 02:00,2026-03-26,02:00,9552.64,0.0,9552.64
2026-03-26 03:00,2026-03-26,03:00,9213.8,0.0,9213.8
2026-03-26 04:00,2026-03-26,04:00,9009.94,0.0,9009.94
2026-03-26 05:00,2026-03-26,05:00,8799.05,0.0,8799.05
2026-03-26 06:00,2026-03-26,06:00,8443.27,0.0,8443.27
2026-03-26 07:00,2026-03-26,07:00,8777.03,0.0,8777.03
2026-03-26 08:00,2026-03-26,08:00,8994.81,0.0,8994.81
2026-03-26 09:00,2026-03-26,09:00,9095.22,0.0,9095.22
2026-03-26 10:00,2026-03-26,10:00,9240.78,0.0,9240.78
2026-03-26 11:00,2026-03-26,11:00,9645.08,0.0,9645.08
2026-03-26 12:00,2026-03-26,12:00,10282.32,0.0,10282.32
2026-03-26 13:00,2026-03-26,13:00,11059.77,0.0,11059.77
2026-03-26 14:00,2026-03-26,14:00,11250.77,0.0,11250.77
2026-03-26 15:00,2026-03-26,15:00,10971.36,0.0,10971.36
2026-03-26 16:00,2026-03-26,16:00,10587.75,0.0,10587.75
2026-03-26 17:00,2026-03-26,17:00,10334.69,0.0,10334.69
2026-03-26 18:00,2026-03-26,18:00,10608.79,0.0,10608.79
2026-03-26 19:00,2026-03-26,19:00,11719.45,0.0,11719.45
2026-03-26 19:30,2026-03-26,19:30,12142.31,0.0,12142.31
2026-03-26 20:00,2026-03-26,20:00,12121.01,0.0,12121.01
2026-03-26 21:00,2026-03-26,21:00,12077.24,0.0,12077.24
2026-03-26 22:00,2026-03-26,22:00,11882.24,0.0,11882.24
2026-03-26 23:00,2026-03-26,23:00,11480.91,0.0,11480.91
2026-03-27 00:00,2026-03-27,00:00,11178.84,0.0,11178.84
2026-03-27 01:00,2026-03-27,01:00,10929.82,0.0,10929.82
2026-03-27 02:00,2026-03-27,02:00,10393.66,0.0,10393.66
2026-03-27 03:00,2026-03-27,03:00,9939.07,0.0,9939.07
2026-03-27 04:00,2026-03-27,04:00,9555.07,0.0,9555.07
2026-03-27 05:00,2026-03-27,05:00,9145.9,0.0,9145.9
2026-03-27 06:00,2026-03-27,06:00,9064.07,0.0,9064.07
2026-03-27 07:00,2026-03-27,07:00,9387.8,0.0,9387.8
2026-03-27 08:00,2026-03-27,08:00,9810.42,0.0,9810.42
2026-03-27 09:00,2026-03-27,09:00,9873.14,0.0,9873.14
2026-03-27 10:00,2026-03-27,10:00,9981.58,0.0,9981.58
2026-03-27 11:00,2026-03-27,11:00,10260.62,0.0,10260.62
2026-03-27 12:00,2026-03-27,12:00,11055.38,0.0,11055.38
2026-03-27 13:00,2026-03-27,13:00,11976.51,0.0,11976.51
2026-03-27 14:00,2026-03-27,14:00,11482.74,0.0,11482.74
2026-03-27 15:00,2026-03-27,15:00,11287.4,0.0,11287.4
2026-03-27 16:00,2026-03-27,16:00,10884.42,0.0,10884.42
2026-03-27 17:00,2026-03-27,17:00,10541.98,0.0,10541.98
2026-03-27 18:00,2026-03-27,18:00,10767.5,0.0,10767.5
2026-03-27 19:00,2026-03-27,19:00,12542.2,0.0,12542.2
2026-03-27 19:30,2026-03-27,19:30,12729.5,0.0,12729.5
2026-03-27 20:00,2026-03-27,20:00,12597.5,0.0,12597.5
2026-03-27 21:00,2026-03-27,21:00,12671.3,0.0,12671.3
2026-03-27 22:00,2026-03-27,22:00,12478.1,0.0,12478.1
2026-03-27 23:00,2026-03-27,23:00,12206.0,0.0,12206.0
2026-03-28 00:00,2026-03-28,00:00,12032.0,0.0,12032.0
2026-03-28 01:00,2026-03-28,01:00,11446.0,0.0,11446.0
2026-03-28 02:00,2026-03-28,02:00,10685.0,0.0,10685.0
2026-03-28 03:00,2026-03-28,03:00,9363.0,0.0,9363.0
2026-03-28 04:00,2026-03-28,04:00,8480.0,0.0,8480.0
2026-03-28 05:00,2026-03-28,05:00,7966.0,0.0,7966.0
2026-03-28 06:00,2026-03-28,06:00,7732.0,0.0,7732.0
2026-03-28 07:00,2026-03-28,07:00,7990.24,0.0,7990.24
2026-03-28 08:00,2026-03-28,08:00,8687.43,0.0,8687.43
2026-03-28 09:00,2026-03-28,09:00,9375.21,0.0,9375.21
2026-03-28 10:00,2026-03-28,10:00,9570.49,0.0,9570.49
2026-03-28 11:00,2026-03-28,11:00,9854.87,0.0,9854.87
2026-03-28 12:00,2026-03-28,12:00,10404.39,0.0,10404.39
2026-03-28 13:00,2026-03-28,13:00,10996.27,0.0,10996.27
2026-03-28 14:00,2026-03-28,14:00,11059.42,0.0,11059.42
2026-03-28 15:00,2026-03-28,15:00,11005.35,0.0,11005.35
2026-03-28 16:00,2026-03-28,16:00,10836.0,0.0,10836.0
2026-03-28 17:00,2026-03-28,17:00,10615.1,0.0,10615.1
2026-03-28 18:00,2026-03-28,18:00,10675.99,0.0,10675.99
2026-03-28 19:00,2026-03-28,19:00,12401.75,0.0,12401.75
2026-03-28 19:30,2026-03-28,19:30,12136.03,0.0,12136.03
2026-03-28 20:00,2026-03-28,20:00,12053.51,0.0,12053.51
2026-03-28 21:00,2026-03-28,21:00,12001.3,0.0,12001.3
2026-03-28 22:00,2026-03-28,22:00,11666.82,0.0,11666.82
2026-03-28 23:00,2026-03-28,23:00,11403.37,0.0,11403.37
2026-03-29 00:00,2026-03-29,00:00,11080.4,0.0,11080.4
2026-03-29 01:00,2026-03-29,01:00,10584.69,0.0,10584.69
2026-03-29 02:00,2026-03-29,02:00,10194.78,0.0,10194.78
2026-03-29 03:00,2026-03-29,03:00,9872.23,0.0,9872.23
2026-03-29 04:00,2026-03-29,04:00,9634.9,0.0,9634.9
2026-03-29 05:00,2026-03-29,05:00,9506.32,0.0,9506.32
2026-03-29 06:00,2026-03-29,06:00,9494.12,0.0,9494.12
2026-03-29 07:00,2026-03-29,07:00,10071.65,0.0,10071.65
2026-03-29 08:00,2026-03-29,08:00,10590.11,0.0,10590.11
2026-03-29 09:00,2026-03-29,09:00,10912.7,0.0,10912.7
2026-03-29 10:00,2026-03-29,10:00,11179.05,0.0,11179.05
2026-03-29 11:00,2026-03-29,11:00,11564.55,0.0,11564.55
2026-03-29 12:00,2026-03-29,12:00,12175.48,0.0,12175.48
2026-03-29 13:00,2026-03-29,13:00,12633.59,0.0,12633.59
2026-03-29 14:00,2026-03-29,14:00,12514.76,0.0,12514.76
2026-03-29 15:00,2026-03-29,15:00,12397.56,0.0,12397.56
2026-03-29 16:00,2026-03-29,16:00,12005.55,0.0,12005.55
2026-03-29 17:00,2026-03-29,17:00,11613.91,0.0,11613.91
2026-03-29 18:00,2026-03-29,18:00,11872.8,0.0,11872.8
2026-03-29 19:00,2026-03-29,19:00,13418.66,0.0,13418.66
2026-03-29 19:30,2026-03-29,19:30,12985.93,0.0,12985.93
2026-03-29 20:00,2026-03-29,20:00,12791.89,0.0,12791.89
2026-03-29 21:00,2026-03-29,21:00,12588.82,0.0,12588.82
2026-03-29 22:00,2026-03-29,22:00,12329.45,0.0,12329.45
2026-03-29 23:00,2026-03-29,23:00,12119.29,0.0,12119.29
2026-03-30 00:00,2026-03-30,00:00,11766.82,0.0,11766.82
2026-03-30 01:00,2026-03-30,01:00,11422.5,0.0,11422.5
2026-03-30 02:00,2026-03-30,02:00,10996.17,0.0,10996.17
2026-03-30 03:00,2026-03-30,03:00,10710.14,0.0,10710.14
2026-03-30 04:00,2026-03-30,04:00,10531.06,0.0,10531.06
2026-03-30 05:00,2026-03-30,05:00,10303.89,0.0,10303.89
2026-03-30 06:00,2026-03-30,06:00,10351.65,0.0,10351.65
2026-03-30 07:00,2026-03-30,07:00,10995.81,0.0,10995.81
2026-03-30 08:00,2026-03-30,08:00,11410.38,0.0,11410.38
2026-03-30 09:00,2026-03-30,09:00,11714.23,0.0,11714.23
2026-03-30 10:00,2026-03-30,10:00,11991.27,58.0,12052.27
2026-03-30 11:00,2026-03-30,11:00,12340.43,223.0,12573.43
2026-03-30 12:00,2026-03-30,12:00,12435.5,255.0,12701.5
2026-03-30 13:00,2026-03-30,13:00,13039.31,368.0,13424.31
2026-03-30 14:00,2026-03-30,14:00,12936.86,323.0,13274.4
2026-03-30 15:00,2026-03-30,15:00,12897.99,350.0,13263.99
2026-03-30 16:00,2026-03-30,16:00,12663.65,326.0,13004.65
2026-03-30 17:00,2026-03-30,17:00,12626.99,159.0,12792.99
2026-03-30 18:00,2026-03-30,18:00,12560.79,134.0,12700.79
2026-03-30 19:00,2026-03-30,19:00,12852.0,108.0,12965.0
2026-03-30 19:30,2026-03-30,19:30,13035.0,100.0,13139.0
2026-03-30 20:00,2026-03-30,20:00,13023.2,202.0,13234.2
2026-03-30 21:00,2026-03-30,21:00,13031.2,324.0,13370.2
2026-03-30 22:00,2026-03-30,22:00,12736.2,300.0,13050.2
2026-03-30 23:00,2026-03-30,23:00,12760.0,201.0,12970.0
2026-03-31 00:00,2026-03-31,00:00,12514.0,0.0,12514.0
2026-03-31 01:00,2026-03-31,01:00,11964.5,0.0,11964.5
2026-03-31 02:00,2026-03-31,02:00,11424.8,0.0,11424.8
2026-03-31 03:00,2026-03-31,03:00,11145.3,0.0,11145.3
2026-03-31 04:00,2026-03-31,04:00,10834.5,0.0,10834.5
2026-03-31 05:00,2026-03-31,05:00,10588.0,0.0,10588.0
2026-03-31 06:00,2026-03-31,06:00,10570.0,0.0,10570.0
2026-03-31 07:00,2026-03-31,07:00,10966.49,121.0,11092.49
2026-03-31 08:00,2026-03-31,08:00,11402.04,211.0,11622.04
2026-03-31 09:00,2026-03-31,09:00,11826.72,217.0,12053.72
2026-03-31 10:00,2026-03-31,10:00,11841.92,162.0,12010.92
2026-03-31 11:00,2026-03-31,11:00,12183.78,191.0,12383.78
2026-03-31 12:00,2026-03-31,12:00,12570.15,321.0,12905.15
2026-03-31 13:00,2026-03-31,13:00,12606.17,379.0,13002.17
2026-03-31 14:00,2026-03-31,14:00,12288.39,378.0,12683.39
2026-03-31 15:00,2026-03-31,15:00,12356.76,332.0,12703.76
2026-03-31 16:00,2026-03-31,16:00,12394.18,152.0,12553.18
2026-03-31 17:00,2026-03-31,17:00,12054.04,162.0,12223.04
2026-03-31 18:00,2026-03-31,18:00,12406.83,234.0,12651.83
2026-03-31 19:00,2026-03-31,19:00,13622.38,361.0,13999.38
2026-03-31 19:30,2026-03-31,19:30,13839.85,39.0,13880.85
2026-03-31 20:00,2026-03-31,20:00,13832.41,0.0,13832.41
2026-03-31 21:00,2026-03-31,21:00,13719.65,0.0,13719.65
2026-03-31 22:00,2026-03-31,22:00,13408.3,0.0,13408.3
2026-03-31 23:00,2026-03-31,23:00,12936.14,0.0,12936.14
2026-04-01 00:00,2026-04-01,00:00,12589.76,0.0,12589.76
2026-04-01 01:00,2026-04-01,01:00,12032.61,0.0,12032.61
2026-04-01 02:00,2026-04-01,02:00,11628.83,0.0,11628.83
2026-04-01 03:00,2026-04-01,03:00,11311.79,0.0,11311.79
2026-04-01 04:00,2026-04-01,04:00,10994.48,0.0,10994.48
2026-04-01 05:00,2026-04-01,05:00,10823.64,0.0,10823.64
2026-04-01 06:00,2026-04-01,06:00,10771.09,0.0,10771.09
2026-04-01 07:00,2026-04-01,07:00,11409.27,0.0,11409.27
2026-04-01 08:00,2026-04-01,08:00,11778.72,0.0,11778.72
2026-04-01 09:00,2026-04-01,09:00,11892.74,0.0,11892.74
2026-04-01 10:00,2026-04-01,10:00,12368.62,0.0,12368.62
2026-04-01 11:00,2026-04-01,11:00,12742.05,0.0,12742.05
2026-04-01 12:00,2026-04-01,12:00,13353.99,0.0,13353.99
2026-04-01 13:00,2026-04-01,13:00,13888.79,0.0,13888.79
2026-04-01 14:00,2026-04-01,14:00,13970.93,0.0,13970.93
2026-04-01 15:00,2026-04-01,15:00,14123.53,0.0,14123.53
2026-04-01 16:00,2026-04-01,16:00,13913.5,0.0,13913.5
2026-04-01 17:00,2026-04-01,17:00,13426.22,45.0,13473.22
2026-04-01 18:00,2026-04-01,18:00,13359.46,0.0,13359.46
2026-04-01 19:00,2026-04-01,19:00,14218.9,0.0,14218.9
2026-04-01 19:30,2026-04-01,19:30,14036.56,0.0,14036.56
2026-04-01 20:00,2026-04-01,20:00,13859.0,0.0,13859.0
2026-04-01 21:00,2026-04-01,21:00,12995.0,0.0,12995.0
2026-04-01 22:00,2026-04-01,22:00,13261.0,0.0,13261.0
2026-04-01 23:00,2026-04-01,23:00,13468.0,0.0,13468.0
2026-04-02 00:00,2026-04-02,00:00,13335.0,0.0,13335.0
2026-04-02 01:00,2026-04-02,01:00,12574.0,0.0,12574.0
2026-04-02 02:00,2026-04-02,02:00,12150.0,0.0,12150.0
2026-04-02 03:00,2026-04-02,03:00,11736.0,0.0,11736.0
2026-04-02 04:00,2026-04-02,04:00,11495.0,0.0,11495.0
2026-04-02 05:00,2026-04-02,05:00,11257.0,0.0,11257.0
2026-04-02 06:00,2026-04-02,06:00,11316.4,0.0,11316.4
2026-04-02 07:00,2026-04-02,07:00,11758.58,0.0,11758.58
2026-04-02 08:00,2026-04-02,08:00,12208.52,0.0,12208.52
2026-04-02 09:00,2026-04-02,09:00,12559.74,0.0,12559.74
2026-04-02 10:00,2026-04-02,10:00,12918.71,0.0,12918.71
2026-04-02 11:00,2026-04-02,11:00,13297.35,0.0,13297.35
2026-04-02 12:00,2026-04-02,12:00,13961.81,0.0,13961.81
2026-04-02 13:00,2026-04-02,13:00,14505.42,0.0,14505.42
2026-04-02 14:00,2026-04-02,14:00,14425.64,0.0,14425.64
2026-04-02 15:00,2026-04-02,15:00,14459.64,377.0,14853.64
2026-04-02 16:00,2026-04-02,16:00,14118.31,397.0,14533.31
2026-04-02 17:00,2026-04-02,17:00,13914.71,325.0,14254.71
2026-04-02 18:00,2026-04-02,18:00,14065.3,55.0,14122.3
2026-04-02 19:00,2026-04-02,19:00,14743.91,436.0,15199.91
2026-04-02 19:30,2026-04-02,19:30,14865.76,512.0,15400.76
2026-04-02 20:00,2026-04-02,20:00,14820.35,526.0,15370.35
2026-04-02 21:00,2026-04-02,21:00,14798.41,480.0,15300.41
2026-04-02 22:00,2026-04-02,22:00,14422.29,553.0,15000.29
2026-04-02 23:00,2026-04-02,23:00,14302.34,524.0,14850.34
2026-04-03 00:00,2026-04-03,00:00,14028.44,452.0,14500.78
2026-04-03 01:00,2026-04-03,01:00,13882.7,127.0,14015.7
2026-04-03 02:00,2026-04-03,02:00,13607.7,51.0,13661.0
2026-04-03 03:00,2026-04-03,03:00,13184.2,25.0,13210.33
2026-04-03 04:00,2026-04-03,04:00,12863.2,0.0,12863.2
2026-04-03 05:00,2026-04-03,05:00,12683.0,0.0,12683.0
2026-04-03 06:00,2026-04-03,06:00,12181.86,0.0,12181.86
2026-04-03 07:00,2026-04-03,07:00,12072.66,0.0,12072.66
2026-04-03 08:00,2026-04-03,08:00,12219.38,48.0,12269.38
2026-04-03 09:00,2026-04-03,09:00,12189.44,29.0,12219.44
2026-04-03 10:00,2026-04-03,10:00,12345.94,47.0,12394.94
2026-04-03 11:00,2026-04-03,11:00,12689.55,44.0,12735.55
2026-04-03 12:00,2026-04-03,12:00,13369.18,62.0,13433.97
2026-04-03 13:00,2026-04-03,13:00,13940.23,81.0,14024.88
2026-04-03 14:00,2026-04-03,14:00,13521.15,78.0,13603.15
2026-04-03 15:00,2026-04-03,15:00,13067.33,494.0,13583.33
2026-04-03 16:00,2026-04-03,16:00,12870.78,481.0,13373.78
2026-04-03 17:00,2026-04-03,17:00,12751.6,289.0,13053.6
2026-04-03 18:00,2026-04-03,18:00,12909.3,165.0,13081.3
2026-04-03 19:00,2026-04-03,19:00,13597.44,768.0,14400.44
2026-04-03 19:30,2026-04-03,19:30,13915.93,655.0,14599.93
2026-04-03 20:00,2026-04-03,20:00,14238.19,585.0,14849.19
2026-04-03 21:00,2026-04-03,21:00,14370.95,544.0,14938.95
2026-04-03 22:00,2026-04-03,22:00,14360.67,517.0,14900.67
2026-04-03 23:00,2026-04-03,23:00,14374.54,503.0,14900.54
2026-04-04 00:00,2026-04-04,00:00,13996.55,659.0,14685.21
2026-04-04 01:00,2026-04-04,01:00,13755.65,569.0,14350.65
2026-04-04 02:00,2026-04-04,02:00,13668.55,460.0,14149.55
2026-04-04 03:00,2026-04-04,03:00,13221.25,410.0,13649.25
2026-04-04 04:00,2026-04-04,04:00,13069.11,364.0,13449.11
2026-04-04 05:00,2026-04-04,05:00,12664.06,322.0,13000.06
2026-04-04 06:00,2026-04-04,06:00,12612.58,305.0,12931.58
2026-04-04 07:00,2026-04-04,07:00,12725.92,409.0,13152.92
2026-04-04 08:00,2026-04-04,08:00,12670.31,434.0,13124.31
2026-04-04 09:00,2026-04-04,09:00,12734.03,450.0,13204.03
2026-04-04 10:00,2026-04-04,10:00,12613.63,393.0,13024.63
2026-04-04 11:00,2026-04-04,11:00,12832.11,471.0,13324.11
2026-04-04 12:00,2026-04-04,12:00,13335.2,562.0,13922.2
2026-04-04 13:00,2026-04-04,13:00,13562.93,632.0,14222.93
2026-04-04 14:00,2026-04-04,14:00,13682.36,594.0,14303.36
2026-04-04 15:00,2026-04-04,15:00,13653.58,669.0,14352.58
2026-04-04 16:00,2026-04-04,16:00,13644.36,680.0,14355.36
2026-04-04 17:00,2026-04-04,17:00,13870.95,413.0,14302.95
2026-04-04 18:00,2026-04-04,18:00,14029.87,452.0,14501.87
2026-04-04 19:00,2026-04-04,19:00,14662.2,753.0,15449.2
2026-04-04 19:30,2026-04-04,19:30,14791.7,725.0,15549.7
2026-04-04 20:00,2026-04-04,20:00,14939.9,727.0,15699.9
2026-04-04 21:00,2026-04-04,21:00,14811.7,849.0,15698.7
2026-04-04 22:00,2026-04-04,22:00,14623.7,838.0,15499.7
2026-04-04 23:00,2026-04-04,23:00,14374.7,961.0,15378.7
2026-04-05 00:00,2026-04-05,00:00,13969.5,1080.0,15098.5
2026-04-05 01:00,2026-04-05,01:00,13674.5,1075.0,14797.5
2026-04-05 02:00,2026-04-05,02:00,13742.7,915.0,14698.7
2026-04-05 03:00,2026-04-05,03:00,13704.5,789.0,14529.5
2026-04-05 04:00,2026-04-05,04:00,13724.7,588.0,14338.7
2026-04-05 05:00,2026-04-05,05:00,13562.5,514.0,14099.5
2026-04-05 06:00,2026-04-05,06:00,13458.95,519.0,14000.95
2026-04-05 07:00,2026-04-05,07:00,13603.18,449.0,14072.18
2026-04-05 08:00,2026-04-05,08:00,13651.31,405.0,14074.31
2026-04-05 09:00,2026-04-05,09:00,13665.91,400.0,14083.91
2026-04-05 10:00,2026-04-05,10:00,13337.87,495.0,13855.15
2026-04-05 11:00,2026-04-05,11:00,12974.37,602.0,13603.37
2026-04-05 12:00,2026-04-05,12:00,12899.4,607.0,13533.4
2026-04-05 13:00,2026-04-05,13:00,12420.0,511.0,12954.0
2026-04-05 14:00,2026-04-05,14:00,12333.34,526.0,12883.34
2026-04-05 15:00,2026-04-05,15:00,12546.99,485.0,13053.99
2026-04-05 16:00,2026-04-05,16:00,12554.15,765.0,13353.15
2026-04-05 17:00,2026-04-05,17:00,12769.3,462.0,13252.3
2026-04-05 18:00,2026-04-05,18:00,13107.7,378.0,13502.7
2026-04-05 19:00,2026-04-05,19:00,13541.33,821.0,14399.33
2026-04-05 19:30,2026-04-05,19:30,13722.68,791.0,14549.68
2026-04-05 20:00,2026-04-05,20:00,13737.33,777.0,14549.33
2026-04-05 21:00,2026-04-05,21:00,13829.22,737.0,14599.22
2026-04-05 22:00,2026-04-05,22:00,13540.42,775.0,14350.42
2026-04-05 23:00,2026-04-05,23:00,13468.5,699.0,14198.5
2026-04-06 00:00,2026-04-06,00:00,13384.5,493.0,13899.69
2026-04-06 01:00,2026-04-06,01:00,13176.5,405.0,13599.5
2026-04-06 02:00,2026-04-06,02:00,12685.0,396.0,13099.0
2026-04-06 03:00,2026-04-06,03:00,12364.0,416.0,12799.0
2026-04-06 04:00,2026-04-06,04:00,11990.0,392.0,12400.0
2026-04-06 05:00,2026-04-06,05:00,11783.0,350.0,12149.0
2026-04-06 06:00,2026-04-06,06:00,11709.39,327.0,12051.39
2026-04-06 07:00,2026-04-06,07:00,12026.84,360.0,12403.04
2026-04-06 08:00,2026-04-06,08:00,12069.15,300.0,12383.15
2026-04-06 09:00,2026-04-06,09:00,12473.84,315.0,12802.84
2026-04-06 10:00,2026-04-06,10:00,12081.28,741.0,12855.28
2026-04-06 11:00,2026-04-06,11:00,12628.73,741.0,13402.73
2026-04-06 12:00,2026-04-06,12:00,13152.29,719.0,13903.29
2026-04-06 13:00,2026-04-06,13:00,13128.29,884.0,14052.29
2026-04-06 14:00,2026-04-06,14:00,13180.92,881.0,14101.92
2026-04-06 15:00,2026-04-06,15:00,13297.25,964.0,14304.25
2026-04-06 16:00,2026-04-06,16:00,13135.0,925.0,14102.0
2026-04-06 17:00,2026-04-06,17:00,13099.86,863.0,14001.86
2026-04-06 18:00,2026-04-06,18:00,13298.8,817.0,14152.8
2026-04-06 19:00,2026-04-06,19:00,13585.35,1066.0,14699.35
2026-04-06 19:30,2026-04-06,19:30,13616.89,1083.0,14748.89
2026-04-06 20:00,2026-04-06,20:00,13677.19,1073.0,14798.19
2026-04-06 21:00,2026-04-06,21:00,13847.95,996.0,14888.95
2026-04-06 22:00,2026-04-06,22:00,13790.82,965.0,14798.82
2026-04-06 23:00,2026-04-06,23:00,13394.98,770.0,14199.98
2026-04-07 00:00,2026-04-07,00:00,12492.57,485.0,12999.57
2026-04-07 01:00,2026-04-07,01:00,10201.95,0.0,10201.95
2026-04-07 02:00,2026-04-07,02:00,9498.08,0.0,9498.08
2026-04-07 03:00,2026-04-07,03:00,9322.17,0.0,9322.17
2026-04-07 04:00,2026-04-07,04:00,9236.89,0.0,9236.89
2026-04-07 05:00,2026-04-07,05:00,9309.24,0.0,9309.24
2026-04-07 06:00,2026-04-07,06:00,9467.76,0.0,9467.76
2026-04-07 07:00,2026-04-07,07:00,9895.39,104.0,10004.39
2026-04-07 08:00,2026-04-07,08:00,10465.06,114.0,10584.06
2026-04-07 09:00,2026-04-07,09:00,11208.07,186.0,11402.07
2026-04-07 10:00,2026-04-07,10:00,11592.81,393.0,12003.81
2026-04-07 11:00,2026-04-07,11:00,11955.64,381.0,12353.64
2026-04-07 12:00,2026-04-07,12:00,12761.9,327.0,13103.9
2026-04-07 13:00,2026-04-07,13:00,13544.72,191.0,13744.72
2026-04-07 14:00,2026-04-07,14:00,13281.1,168.0,13457.1
2026-04-07 15:00,2026-04-07,15:00,13066.74,754.0,13854.74
2026-04-07 16:00,2026-04-07,16:00,12764.32,708.0,13504.32
2026-04-07 17:00,2026-04-07,17:00,12489.52,350.0,12855.52
2026-04-07 18:00,2026-04-07,18:00,12571.28,220.0,12801.28
2026-04-07 19:00,2026-04-07,19:00,13305.4,301.0,13620.4
2026-04-07 19:30,2026-04-07,19:30,13077.5,89.0,13170.5
2026-04-07 20:00,2026-04-07,20:00,11981.5,18.0,12000.5
2026-04-07 21:00,2026-04-07,21:00,9569.8,25.0,9595.93
2026-04-07 22:00,2026-04-07,22:00,9811.9,56.0,9870.42
2026-04-07 23:00,2026-04-07,23:00,9817.01,46.0,9865.08
2026-04-08 00:00,2026-04-08,00:00,10111.32,39.0,10152.08
2026-04-08 01:00,2026-04-08,01:00,10324.0,34.0,10360.0
2026-04-08 02:00,2026-04-08,02:00,10413.0,31.0,10445.0
2026-04-08 03:00,2026-04-08,03:00,10153.0,21.0,10175.0
2026-04-08 04:00,2026-04-08,04:00,9985.0,0.0,9985.0
2026-04-08 05:00,2026-04-08,05:00,9777.0,0.0,9777.0
2026-04-08 06:00,2026-04-08,06:00,9870.13,21.0,9892.13
2026-04-08 07:00,2026-04-08,07:00,10621.18,70.0,10694.18
2026-04-08 08:00,2026-04-08,08:00,10985.96,55.0,11043.44
2026-04-08 09:00,2026-04-08,09:00,11380.18,0.0,11380.18
2026-04-08 10:00,2026-04-08,10:00,11547.95,167.0,11722.95
2026-04-08 11:00,2026-04-08,11:00,11895.01,202.0,12106.1
2026-04-08 12:00,2026-04-08,12:00,12430.4,223.0,12663.44
2026-04-08 13:00,2026-04-08,13:00,12942.83,212.0,13164.37
2026-04-08 14:00,2026-04-08,14:00,13046.57,104.0,13155.57
2026-04-08 15:00,2026-04-08,15:00,13051.52,414.0,13484.52
2026-04-08 16:00,2026-04-08,16:00,13063.37,421.0,13503.37
2026-04-08 17:00,2026-04-08,17:00,12973.04,106.0,13084.04
2026-04-08 18:00,2026-04-08,18:00,12826.22,140.0,12972.22
2026-04-08 19:00,2026-04-08,19:00,13245.5,702.0,13979.5
2026-04-08 19:30,2026-04-08,19:30,13177.5,786.0,13998.5
2026-04-08 20:00,2026-04-08,20:00,13355.5,711.0,14098.5
2026-04-08 21:00,2026-04-08,21:00,13281.0,124.0,13411.0
2026-04-08 22:00,2026-04-08,22:00,12654.5,92.0,12750.5
2026-04-08 23:00,2026-04-08,23:00,12028.0,0.0,12028.0
2026-04-09 00:00,2026-04-09,00:00,10374.0,0.0,10374.0
2026-04-09 01:00,2026-04-09,01:00,10802.0,27.0,10830.0
2026-04-09 02:00,2026-04-09,02:00,11005.0,29.0,11035.0
2026-04-09 03:00,2026-04-09,03:00,10857.0,32.0,10890.0
2026-04-09 04:00,2026-04-09,04:00,10453.0,0.0,10453.0
2026-04-09 05:00,2026-04-09,05:00,9989.0,0.0,9989.0
2026-04-09 06:00,2026-04-09,06:00,9892.66,0.0,9892.66
2026-04-09 07:00,2026-04-09,07:00,10178.4,23.0,10202.4
2026-04-09 08:00,2026-04-09,08:00,10419.42,53.0,10474.42
2026-04-09 09:00,2026-04-09,09:00,10828.44,71.0,10902.44
2026-04-09 10:00,2026-04-09,10:00,11226.78,73.0,11302.78
2026-04-09 11:00,2026-04-09,11:00,11627.86,73.0,11703.86
2026-04-09 12:00,2026-04-09,12:00,12016.13,180.0,12204.13
2026-04-09 13:00,2026-04-09,13:00,12242.96,248.0,12501.96
2026-04-09 14:00,2026-04-09,14:00,12119.52,81.0,12204.52
2026-04-09 15:00,2026-04-09,15:00,11900.11,90.0,11994.11
2026-04-09 16:00,2026-04-09,16:00,11611.95,78.0,11693.95
2026-04-09 17:00,2026-04-09,17:00,11554.11,55.0,11611.11
2026-04-09 18:00,2026-04-09,18:00,11858.45,90.0,11952.45
2026-04-09 19:00,2026-04-09,19:00,13003.0,140.0,13149.0
2026-04-09 19:30,2026-04-09,19:30,12912.0,141.0,13059.0
2026-04-09 20:00,2026-04-09,20:00,12609.5,125.0,12740.13
2026-04-09 21:00,2026-04-09,21:00,12306.5,99.0,12409.5
2026-04-09 22:00,2026-04-09,22:00,11955.0,62.0,12020.0
2026-04-09 23:00,2026-04-09,23:00,11448.0,50.0,11500.0
2026-04-10 00:00,2026-04-10,00:00,11124.0,44.0,11170.0
2026-04-10 01:00,2026-04-10,01:00,10703.36,0.0,10703.36
2026-04-10 02:00,2026-04-10,02:00,10043.24,0.0,10043.24
2026-04-10 03:00,2026-04-10,03:00,9528.32,0.0,9528.32
2026-04-10 04:00,2026-04-10,04:00,9117.74,0.0,9117.74
2026-04-10 05:00,2026-04-10,05:00,8864.28,0.0,8864.28
2026-04-10 06:00,2026-04-10,06:00,8845.52,0.0,8845.52
2026-04-10 07:00,2026-04-10,07:00,9218.89,0.0,9218.89
2026-04-10 08:00,2026-04-10,08:00,9574.49,0.0,9574.49
2026-04-10 09:00,2026-04-10,09:00,9823.12,0.0,9823.12
2026-04-10 10:00,2026-04-10,10:00,9994.68,0.0,9994.68
2026-04-10 11:00,2026-04-10,11:00,10332.19,0.0,10332.19
2026-04-10 12:00,2026-04-10,12:00,11212.51,0.0,11212.51
2026-04-10 13:00,2026-04-10,13:00,11981.27,156.0,12144.27
2026-04-10 14:00,2026-04-10,14:00,11248.37,0.0,11248.37
2026-04-10 15:00,2026-04-10,15:00,10864.9,76.0,10943.9
2026-04-10 16:00,2026-04-10,16:00,10540.65,117.0,10662.65
2026-04-10 17:00,2026-04-10,17:00,10432.52,106.0,10543.52
2026-04-10 18:00,2026-04-10,18:00,10640.71,0.0,10640.71
2026-04-10 19:00,2026-04-10,19:00,12127.41,51.0,12180.41
2026-04-10 19:30,2026-04-10,19:30,12714.59,35.0,12751.17
2026-04-10 20:00,2026-04-10,20:00,12408.57,0.0,12408.57
2026-04-10 21:00,2026-04-10,21:00,12464.41,0.0,12464.41
2026-04-10 22:00,2026-04-10,22:00,12368.91,0.0,12368.91
2026-04-10 23:00,2026-04-10,23:00,12077.29,0.0,12077.29
2026-04-11 00:00,2026-04-11,00:00,11604.95,0.0,11604.95
2026-04-11 01:00,2026-04-11,01:00,11163.25,0.0,11163.25
2026-04-11 02:00,2026-04-11,02:00,10693.11,0.0,10693.11
2026-04-11 03:00,2026-04-11,03:00,10277.7,0.0,10277.7
2026-04-11 04:00,2026-04-11,04:00,10095.34,0.0,10095.34
2026-04-11 05:00,2026-04-11,05:00,9732.18,0.0,9732.18
2026-04-11 06:00,2026-04-11,06:00,9952.54,0.0,9952.54
2026-04-11 07:00,2026-04-11,07:00,10619.95,42.0,10663.95
2026-04-11 08:00,2026-04-11,08:00,10993.3,68.0,11064.3
2026-04-11 09:00,2026-04-11,09:00,11214.7,85.0,11303.7
2026-04-11 10:00,2026-04-11,10:00,11358.82,76.0,11437.82
2026-04-11 11:00,2026-04-11,11:00,11802.71,93.0,11899.71
2026-04-11 12:00,2026-04-11,12:00,12419.55,223.0,12652.55
2026-04-11 13:00,2026-04-11,13:00,12694.13,296.0,13003.13
2026-04-11 14:00,2026-04-11,14:00,12629.85,299.0,12942.31
2026-04-11 15:00,2026-04-11,15:00,12706.88,381.0,13104.88
2026-04-11 16:00,2026-04-11,16:00,12635.44,400.0,13053.44
2026-04-11 17:00,2026-04-11,17:00,12740.43,167.0,12915.43
2026-04-11 18:00,2026-04-11,18:00,13269.89,79.0,13352.89
2026-04-11 19:00,2026-04-11,19:00,13700.5,525.0,14249.5
2026-04-11 19:30,2026-04-11,19:30,13826.5,453.0,14299.5
2026-04-11 20:00,2026-04-11,20:00,13843.5,456.0,14320.5
2026-04-11 21:00,2026-04-11,21:00,13926.3,406.0,14350.57
2026-04-11 22:00,2026-04-11,22:00,13960.0,278.0,14251.0
2026-04-11 23:00,2026-04-11,23:00,13713.5,226.0,13949.5
2026-04-12 00:00,2026-04-12,00:00,13319.5,316.0,13649.5
2026-04-12 01:00,2026-04-12,01:00,12762.0,141.0,12909.0
2026-04-12 02:00,2026-04-12,02:00,12302.0,132.0,12440.0
2026-04-12 03:00,2026-04-12,03:00,11989.0,106.0,12100.0
2026-04-12 04:00,2026-04-12,04:00,11561.0,104.0,11670.0
2026-04-12 05:00,2026-04-12,05:00,11526.0,71.0,11600.0
2026-04-12 06:00,2026-04-12,06:00,11631.4,96.0,11731.4
2026-04-12 07:00,2026-04-12,07:00,12017.21,196.0,12222.21
2026-04-12 08:00,2026-04-12,08:00,12237.92,256.0,12505.92
2026-04-12 09:00,2026-04-12,09:00,12629.09,281.0,12923.09
2026-04-12 10:00,2026-04-12,10:00,13068.97,302.0,13384.97
2026-04-12 11:00,2026-04-12,11:00,13281.16,319.0,13614.16
2026-04-12 12:00,2026-04-12,12:00,13644.57,411.0,14073.57
2026-04-12 13:00,2026-04-12,13:00,13861.75,499.0,14383.21
2026-04-12 14:00,2026-04-12,14:00,13775.78,649.0,14453.78
2026-04-12 15:00,2026-04-12,15:00,13906.16,667.0,14603.16
2026-04-12 16:00,2026-04-12,16:00,13558.56,617.0,14203.33
2026-04-12 17:00,2026-04-12,17:00,13413.01,566.0,14004.01
2026-04-12 18:00,2026-04-12,18:00,13682.96,354.0,14052.96
2026-04-12 19:00,2026-04-12,19:00,13848.4,1053.0,14948.4
2026-04-12 19:30,2026-04-12,19:30,13973.43,982.0,14999.43
2026-04-12 20:00,2026-04-12,20:00,14048.36,958.0,15049.36
2026-04-12 21:00,2026-04-12,21:00,14147.66,910.0,15098.66
2026-04-12 22:00,2026-04-12,22:00,14190.36,851.0,15079.36
2026-04-12 23:00,2026-04-12,23:00,13941.7,917.0,14899.7
2026-04-13 00:00,2026-04-13,00:00,13736.76,874.0,14650.09
2026-04-13 01:00,2026-04-13,01:00,13308.76,757.0,14099.76
2026-04-13 02:00,2026-04-13,02:00,13178.93,595.0,13800.93
2026-04-13 03:00,2026-04-13,03:00,13096.17,387.0,13500.17
2026-04-13 04:00,2026-04-13,04:00,12925.17,149.0,13081.17
2026-04-13 05:00,2026-04-13,05:00,12758.88,78.0,12840.88
2026-04-13 06:00,2026-04-13,06:00,12783.16,105.0,12892.89
2026-04-13 07:00,2026-04-13,07:00,13025.6,142.0,13173.99
2026-04-13 08:00,2026-04-13,08:00,12971.43,270.0,13253.58
2026-04-13 09:00,2026-04-13,09:00,13329.93,358.0,13703.93
2026-04-13 10:00,2026-04-13,10:00,13173.11,652.0,13854.11
2026-04-13 11:00,2026-04-13,11:00,13421.87,841.0,14300.87
2026-04-13 12:00,2026-04-13,12:00,13536.02,879.0,14455.02
2026-04-13 13:00,2026-04-13,13:00,13649.45,912.0,14602.45
2026-04-13 14:00,2026-04-13,14:00,13449.34,1103.0,14602.34
2026-04-13 15:00,2026-04-13,15:00,13526.95,1174.0,14753.95
2026-04-13 16:00,2026-04-13,16:00,13337.13,1211.0,14602.13
2026-04-13 17:00,2026-04-13,17:00,12859.39,1391.0,14313.39
2026-04-13 18:00,2026-04-13,18:00,13071.62,1319.0,14449.62
2026-04-13 19:00,2026-04-13,19:00,13822.62,1364.0,15247.62
2026-04-13 19:30,2026-04-13,19:30,13725.65,1466.0,15257.65
2026-04-13 20:00,2026-04-13,20:00,14194.05,1058.0,15300.05
2026-04-13 21:00,2026-04-13,21:00,14196.33,1008.0,15249.69
2026-04-13 22:00,2026-04-13,22:00,13862.62,1183.0,15098.62
2026-04-13 23:00,2026-04-13,23:00,13442.29,1155.0,14649.29
2026-04-14 00:00,2026-04-14,00:00,12840.34,1252.0,14148.68
2026-04-14 01:00,2026-04-14,01:00,12441.07,1203.0,13698.07
2026-04-14 02:00,2026-04-14,02:00,12272.48,887.0,13199.48
2026-04-14 03:00,2026-04-14,03:00,12313.12,657.0,13000.12
2026-04-14 04:00,2026-04-14,04:00,12228.21,595.0,12850.21
2026-04-14 05:00,2026-04-14,05:00,12158.45,375.0,12550.45
2026-04-14 06:00,2026-04-14,06:00,12163.31,162.0,12332.31
2026-04-14 07:00,2026-04-14,07:00,12270.04,275.0,12557.42
2026-04-14 08:00,2026-04-14,08:00,12059.83,330.0,12404.83
2026-04-14 09:00,2026-04-14,09:00,12267.51,274.0,12553.51
2026-04-14 10:00,2026-04-14,10:00,12624.75,219.0,12853.75
2026-04-14 11:00,2026-04-14,11:00,12800.18,434.0,13254.18
2026-04-14 12:00,2026-04-14,12:00,13047.89,580.0,13653.89
2026-04-14 13:00,2026-04-14,13:00,13044.91,774.0,13853.91
2026-04-14 14:00,2026-04-14,14:00,12907.98,951.0,13901.98
2026-04-14 15:00,2026-04-14,15:00,12905.04,1001.0,13951.04
2026-04-14 16:00,2026-04-14,16:00,12878.72,885.0,13803.72
2026-04-14 17:00,2026-04-14,17:00,12863.18,584.0,13473.18
2026-04-14 18:00,2026-04-14,18:00,12865.59,465.0,13351.59
2026-04-14 19:00,2026-04-14,19:00,13981.5,687.0,14699.5
2026-04-14 19:30,2026-04-14,19:30,13949.0,765.0,14748.0
2026-04-14 20:00,2026-04-14,20:00,14080.0,688.0,14799.0
2026-04-14 21:00,2026-04-14,21:00,14068.0,651.0,14748.3
2026-04-14 22:00,2026-04-14,22:00,13964.5,703.0,14699.5
2026-04-14 23:00,2026-04-14,23:00,13558.5,852.0,14448.84
2026-04-15 00:00,2026-04-15,00:00,13175.5,971.0,14190.5
2026-04-15 01:00,2026-04-15,01:00,12732.5,924.0,13698.5
2026-04-15 02:00,2026-04-15,02:00,12584.5,779.0,13398.5
2026-04-15 03:00,2026-04-15,03:00,12496.5,720.0,13248.5
2026-04-15 04:00,2026-04-15,04:00,12514.5,655.0,13198.5
2026-04-15 05:00,2026-04-15,05:00,12493.5,580.0,13099.5
2026-04-15 06:00,2026-04-15,06:00,12717.77,511.0,13251.77
2026-04-15 07:00,2026-04-15,07:00,12330.89,547.0,12902.89
2026-04-15 08:00,2026-04-15,08:00,12718.42,605.0,13350.42
2026-04-15 09:00,2026-04-15,09:00,12918.77,845.0,13801.77
2026-04-15 10:00,2026-04-15,10:00,12993.17,871.0,13903.17
2026-04-15 11:00,2026-04-15,11:00,12944.15,1060.0,14052.15
2026-04-15 12:00,2026-04-15,12:00,13049.46,1294.0,14401.46
2026-04-15 13:00,2026-04-15,13:00,13117.72,1373.0,14552.72
2026-04-15 14:00,2026-04-15,14:00,12794.41,1700.0,14570.41
2026-04-15 15:00,2026-04-15,15:00,12674.38,1843.0,14600.38
2026-04-15 16:00,2026-04-15,16:00,12700.15,1800.0,14581.15
2026-04-15 17:00,2026-04-15,17:00,12781.87,1693.0,14550.87
2026-04-15 18:00,2026-04-15,18:00,12718.86,1608.0,14398.86
2026-04-15 19:00,2026-04-15,19:00,13584.88,1592.0,15248.88
2026-04-15 19:30,2026-04-15,19:30,13498.09,1722.0,15297.09
2026-04-15 20:00,2026-04-15,20:00,13688.56,1587.0,15346.56
2026-04-15 21:00,2026-04-15,21:00,13849.14,1482.0,15398.14
2026-04-15 22:00,2026-04-15,22:00,13699.4,1339.0,15098.4
2026-04-15 23:00,2026-04-15,23:00,13452.14,906.0,14399.14
2026-04-16 00:00,2026-04-16,00:00,12829.39,690.0,13550.44
2026-04-16 01:00,2026-04-16,01:00,12463.33,418.0,12900.33
2026-04-16 02:00,2026-04-16,02:00,12265.86,893.0,13198.86
2026-04-16 03:00,2026-04-16,03:00,12061.41,993.0,13099.41
2026-04-16 04:00,2026-04-16,04:00,12042.92,915.0,12998.92
2026-04-16 05:00,2026-04-16,05:00,11985.99,874.0,12898.99
2026-04-16 06:00,2026-04-16,06:00,11974.87,791.0,12801.87
2026-04-16 07:00,2026-04-16,07:00,11922.52,1033.0,13001.52
2026-04-16 08:00,2026-04-16,08:00,11947.52,1056.0,13051.52
2026-04-16 09:00,2026-04-16,09:00,12003.95,1241.0,13300.95
2026-04-16 10:00,2026-04-16,10:00,12017.55,1516.0,13601.55
2026-04-16 11:00,2026-04-16,11:00,12223.2,1603.0,13898.2
2026-04-16 12:00,2026-04-16,12:00,12421.65,1751.0,14251.65
2026-04-16 13:00,2026-04-16,13:00,12327.46,1935.0,14349.46
2026-04-16 14:00,2026-04-16,14:00,12381.02,1912.0,14379.02
2026-04-16 15:00,2026-04-16,15:00,12436.12,1878.0,14399.12
2026-04-16 16:00,2026-04-16,16:00,12565.02,1681.0,14322.02
2026-04-16 17:00,2026-04-16,17:00,13151.59,986.0,14181.59
2026-04-16 18:00,2026-04-16,18:00,13582.27,687.0,14300.27
2026-04-16 19:00,2026-04-16,19:00,14495.5,721.0,15248.5
2026-04-16 19:30,2026-04-16,19:30,14776.7,510.0,15309.7
2026-04-16 20:00,2026-04-16,20:00,14817.0,529.0,15370.0
2026-04-16 21:00,2026-04-16,21:00,14847.2,481.0,15350.2
2026-04-16 22:00,2026-04-16,22:00,14892.0,419.0,15330.0
2026-04-16 23:00,2026-04-16,23:00,14083.5,876.0,14998.5
2026-04-17 00:00,2026-04-17,00:00,13427.5,1025.0,14498.5
2026-04-17 01:00,2026-04-17,01:00,12758.5,1234.0,14048.5
2026-04-17 02:00,2026-04-17,02:00,12611.5,1231.0,13897.5
2026-04-17 03:00,2026-04-17,03:00,12634.5,1114.0,13798.5
2026-04-17 04:00,2026-04-17,04:00,12531.5,1069.0,13648.5
2026-04-17 05:00,2026-04-17,05:00,12592.5,533.0,13149.5
2026-04-17 06:00,2026-04-17,06:00,12614.21,496.0,13132.21
2026-04-17 07:00,2026-04-17,07:00,12554.5,478.0,13054.5
2026-04-17 08:00,2026-04-17,08:00,12780.38,406.0,13204.38
2026-04-17 09:00,2026-04-17,09:00,12834.84,497.0,13353.84
2026-04-17 10:00,2026-04-17,10:00,12906.57,495.0,13423.57
2026-04-17 11:00,2026-04-17,11:00,13036.13,524.0,13584.13
2026-04-17 12:00,2026-04-17,12:00,13298.34,827.0,14162.56
2026-04-17 13:00,2026-04-17,13:00,13450.89,862.0,14351.89
2026-04-17 14:00,2026-04-17,14:00,13311.14,777.0,14123.14
2026-04-17 15:00,2026-04-17,15:00,13071.99,862.0,13972.99
2026-04-17 16:00,2026-04-17,16:00,13121.17,623.0,13772.17
2026-04-17 17:00,2026-04-17,17:00,13083.2,518.0,13624.2
2026-04-17 18:00,2026-04-17,18:00,13390.04,270.0,13672.04
2026-04-17 19:00,2026-04-17,19:00,13932.87,877.0,14848.87
2026-04-17 19:30,2026-04-17,19:30,14054.67,903.0,14998.67
2026-04-17 20:00,2026-04-17,20:00,14317.04,940.0,15299.04
2026-04-17 21:00,2026-04-17,21:00,14285.87,902.0,15228.87
2026-04-17 22:00,2026-04-17,22:00,14561.64,753.0,15348.64
2026-04-17 23:00,2026-04-17,23:00,14430.64,926.0,15398.64
2026-04-18 00:00,2026-04-18,00:00,13604.34,1106.0,14760.11
2026-04-18 01:00,2026-04-18,01:00,13115.52,1036.0,14198.52
2026-04-18 02:00,2026-04-18,02:00,13167.0,844.0,14049.0
2026-04-18 03:00,2026-04-18,03:00,13263.15,562.0,13850.15
2026-04-18 04:00,2026-04-18,04:00,13274.77,168.0,13450.77
2026-04-18 05:00,2026-04-18,05:00,13218.37,127.0,13351.37
2026-04-18 06:00,2026-04-18,06:00,13217.79,118.0,13340.79
2026-04-18 07:00,2026-04-18,07:00,13339.77,128.0,13473.77
2026-04-18 08:00,2026-04-18,08:00,13331.31,142.0,13479.7
2026-04-18 09:00,2026-04-18,09:00,13504.81,74.0,13581.81
2026-04-18 10:00,2026-04-18,10:00,13425.04,141.0,13572.04
2026-04-18 11:00,2026-04-18,11:00,13732.59,451.0,14203.59
2026-04-18 12:00,2026-04-18,12:00,13686.98,733.0,14452.98
2026-04-18 13:00,2026-04-18,13:00,13751.15,814.0,14602.15
2026-04-18 14:00,2026-04-18,14:00,13714.05,898.0,14652.05
2026-04-18 15:00,2026-04-18,15:00,13586.44,953.0,14582.44
2026-04-18 16:00,2026-04-18,16:00,13396.37,914.0,14351.37
2026-04-18 17:00,2026-04-18,17:00,13439.24,682.0,14152.24
2026-04-18 18:00,2026-04-18,18:00,13596.38,770.0,14401.38
2026-04-18 19:00,2026-04-18,19:00,14411.12,1255.0,15722.12
2026-04-18 19:30,2026-04-18,19:30,14699.0,890.0,15629.05
2026-04-18 20:00,2026-04-18,20:00,14767.85,643.0,15439.85
2026-04-18 21:00,2026-04-18,21:00,14404.04,360.0,14780.04
2026-04-18 22:00,2026-04-18,22:00,13702.39,209.0,13920.39
2026-04-18 23:00,2026-04-18,23:00,13409.76,679.0,14119.76
2026-04-19 00:00,2026-04-19,00:00,12951.04,572.0,13549.04
2026-04-19 01:00,2026-04-19,01:00,12468.3,317.0,12799.3
2026-04-19 02:00,2026-04-19,02:00,12275.13,138.0,12419.13
2026-04-19 03:00,2026-04-19,03:00,11964.31,130.0,12100.31
2026-04-19 04:00,2026-04-19,04:00,11892.77,122.0,12019.77
2026-04-19 05:00,2026-04-19,05:00,11718.48,117.0,11840.48
2026-04-19 06:00,2026-04-19,06:00,11692.64,105.0,11802.64
2026-04-19 07:00,2026-04-19,07:00,12227.08,121.0,12353.08
2026-04-19 08:00,2026-04-19,08:00,12338.1,110.0,12453.1
2026-04-19 09:00,2026-04-19,09:00,12615.72,132.0,12753.72
2026-04-19 10:00,2026-04-19,10:00,12951.74,192.0,13152.74
2026-04-19 11:00,2026-04-19,11:00,13270.3,510.0,13803.3
2026-04-19 12:00,2026-04-19,12:00,13777.26,647.0,14453.26
2026-04-19 13:00,2026-04-19,13:00,13853.8,860.0,14752.8
2026-04-19 14:00,2026-04-19,14:00,13744.56,1204.0,15002.74
2026-04-19 15:00,2026-04-19,15:00,13750.05,1293.0,15101.05
2026-04-19 16:00,2026-04-19,16:00,13744.07,1203.0,15001.07
2026-04-19 17:00,2026-04-19,17:00,13671.57,1080.0,14800.57
2026-04-19 18:00,2026-04-19,18:00,14200.48,747.0,14981.48
2026-04-19 19:00,2026-04-19,19:00,14381.5,1451.0,15897.5
2026-04-19 19:30,2026-04-19,19:30,14713.5,1325.0,16098.5
2026-04-19 20:00,2026-04-19,20:00,14822.5,1220.0,16097.5
2026-04-19 21:00,2026-04-19,21:00,15049.5,1147.0,16248.5
2026-04-19 22:00,2026-04-19,22:00,14813.5,1363.0,16237.5
2026-04-19 23:00,2026-04-19,23:00,14378.5,1730.0,16186.5
2026-04-20 00:00,2026-04-20,00:00,13685.5,1829.0,15596.81
2026-04-20 01:00,2026-04-20,01:00,13198.5,1912.0,15196.5
2026-04-20 02:00,2026-04-20,02:00,13226.5,1837.0,15146.5
2026-04-20 03:00,2026-04-20,03:00,13209.5,1596.0,14877.5
2026-04-20 04:00,2026-04-20,04:00,13210.5,1471.0,14747.5
2026-04-20 05:00,2026-04-20,05:00,13200.5,1337.0,14597.5
2026-04-20 06:00,2026-04-20,06:00,13170.66,1240.0,14466.46
2026-04-20 07:00,2026-04-20,07:00,13160.02,1189.0,14403.02
2026-04-20 08:00,2026-04-20,08:00,12990.46,1112.0,14152.46
2026-04-20 09:00,2026-04-20,09:00,13261.63,948.0,14252.63
2026-04-20 10:00,2026-04-20,10:00,13448.05,913.0,14402.05
2026-04-20 11:00,2026-04-20,11:00,13571.8,938.0,14551.8
2026-04-20 12:00,2026-04-20,12:00,13919.08,989.0,14953.08
2026-04-20 13:00,2026-04-20,13:00,14036.03,1164.0,15252.03
2026-04-20 14:00,2026-04-20,14:00,14001.51,1246.0,15303.51
2026-04-20 15:00,2026-04-20,15:00,13866.3,1402.0,15331.3
2026-04-20 16:00,2026-04-20,16:00,13851.35,1415.0,15330.35
2026-04-20 17:00,2026-04-20,17:00,13632.97,1339.0,15031.97
2026-04-20 18:00,2026-04-20,18:00,13910.24,1358.0,15329.24
2026-04-20 19:00,2026-04-20,19:00,14414.0,1840.0,16337.0
2026-04-20 19:30,2026-04-20,19:30,14915.0,1371.0,16348.0
2026-04-20 20:00,2026-04-20,20:00,15134.0,1210.0,16398.0
2026-04-20 21:00,2026-04-20,21:00,15199.0,1196.0,16448.82
2026-04-20 22:00,2026-04-20,22:00,15011.0,1326.0,16396.67
2026-04-20 23:00,2026-04-20,23:00,14554.0,1573.0,16198.0
2026-04-21 00:00,2026-04-21,00:00,13961.5,1855.0,15899.98
2026-04-21 01:00,2026-04-21,01:00,13457.0,1856.0,15397.0
2026-04-21 02:00,2026-04-21,02:00,13409.0,1710.0,15196.0
2026-04-21 03:00,2026-04-21,03:00,13445.0,1581.0,15097.0
2026-04-21 04:00,2026-04-21,04:00,13415.0,1514.0,14997.0
2026-04-21 05:00,2026-04-21,05:00,13367.0,1464.0,14897.0
2026-04-21 06:00,2026-04-21,06:00,13406.66,1333.0,14799.66
2026-04-21 07:00,2026-04-21,07:00,13344.4,1298.0,14700.4
2026-04-21 08:00,2026-04-21,08:00,13335.12,1164.0,14551.12
2026-04-21 09:00,2026-04-21,09:00,13559.45,1045.0,14651.45
2026-04-21 10:00,2026-04-21,10:00,13786.9,1211.0,15051.9
2026-04-21 11:00,2026-04-21,11:00,13833.45,1376.0,15271.45
2026-04-21 12:00,2026-04-21,12:00,14073.9,1462.0,15601.9
2026-04-21 13:00,2026-04-21,13:00,14054.42,1510.0,15632.42
2026-04-21 14:00,2026-04-21,14:00,13716.6,1737.0,15531.6
2026-04-21 15:00,2026-04-21,15:00,13414.12,2044.0,15550.12
2026-04-21 16:00,2026-04-21,16:00,13151.26,2095.0,15340.26
2026-04-21 17:00,2026-04-21,17:00,13088.36,2069.0,15250.36
2026-04-21 18:00,2026-04-21,18:00,13220.42,1989.0,15299.42
2026-04-21 19:00,2026-04-21,19:00,13958.1,2047.0,16097.1
2026-04-21 19:30,2026-04-21,19:30,14266.33,1943.0,16296.33
2026-04-21 20:00,2026-04-21,20:00,14322.73,1984.0,16395.73
2026-04-21 21:00,2026-04-21,21:00,14623.58,1840.0,16546.58
2026-04-21 22:00,2026-04-21,22:00,14523.25,1889.0,16497.25
2026-04-21 23:00,2026-04-21,23:00,14044.11,1964.0,16096.11
2026-04-22 00:00,2026-04-22,00:00,13431.38,2168.0,15697.38
2026-04-22 01:00,2026-04-22,01:00,12669.11,2370.0,15146.11
2026-04-22 02:00,2026-04-22,02:00,12367.23,2468.0,14946.23
2026-04-22 03:00,2026-04-22,03:00,12316.95,2420.0,14845.95
2026-04-22 04:00,2026-04-22,04:00,12326.91,2267.0,14695.91
2026-04-22 05:00,2026-04-22,05:00,12346.79,2210.0,14655.79
2026-04-22 06:00,2026-04-22,06:00,12338.66,2163.0,14598.66
2026-04-22 07:00,2026-04-22,07:00,12406.52,2098.0,14598.52
2026-04-22 08:00,2026-04-22,08:00,12375.08,2070.0,14538.23
2026-04-22 09:00,2026-04-22,09:00,12372.94,2178.0,14648.94
2026-04-22 10:00,2026-04-22,10:00,12769.7,2211.0,15079.7
2026-04-22 11:00,2026-04-22,11:00,13116.11,2233.0,15449.11
2026-04-22 12:00,2026-04-22,12:00,13043.75,2493.0,15648.75
2026-04-22 13:00,2026-04-22,13:00,13112.98,2467.0,15690.98
2026-04-22 14:00,2026-04-22,14:00,13127.56,2432.0,15668.56
2026-04-22 15:00,2026-04-22,15:00,13110.88,2495.0,15717.88
2026-04-22 16:00,2026-04-22,16:00,13059.1,2496.0,15667.1
2026-04-22 17:00,2026-04-22,17:00,13130.28,2314.0,15548.28
2026-04-22 18:00,2026-04-22,18:00,13383.07,2168.0,15649.07
2026-04-22 19:00,2026-04-22,19:00,14179.69,2264.0,16545.69
2026-04-22 19:30,2026-04-22,19:30,14192.01,2205.0,16496.01
2026-04-22 20:00,2026-04-22,20:00,14467.04,2086.0,16647.04
2026-04-22 21:00,2026-04-22,21:00,14217.36,1895.0,16197.36
2026-04-22 22:00,2026-04-22,22:00,14126.35,1218.0,15399.35
2026-04-22 23:00,2026-04-22,23:00,13963.33,1469.0,15498.33
2026-04-23 00:00,2026-04-23,00:00,13261.0,1934.0,15282.03
2026-04-23 01:00,2026-04-23,01:00,12736.49,1971.0,14796.49
2026-04-23 02:00,2026-04-23,02:00,12521.2,1985.0,14595.2
2026-04-23 03:00,2026-04-23,03:00,12597.81,1817.0,14496.81
2026-04-23 04:00,2026-04-23,04:00,12522.81,1793.0,14396.81
2026-04-23 05:00,2026-04-23,05:00,12736.72,1589.0,14397.72
2026-04-23 06:00,2026-04-23,06:00,12593.95,1583.0,14248.19
2026-04-23 07:00,2026-04-23,07:00,12596.03,1441.0,14102.03
2026-04-23 08:00,2026-04-23,08:00,12701.21,1627.0,14401.43
2026-04-23 09:00,2026-04-23,09:00,12935.79,1641.0,14650.79
2026-04-23 10:00,2026-04-23,10:00,13462.77,1509.0,15039.77
2026-04-23 11:00,2026-04-23,11:00,13948.71,1628.0,15649.71
2026-04-23 12:00,2026-04-23,12:00,14194.78,1635.0,15903.36
2026-04-23 13:00,2026-04-23,13:00,14181.69,1646.0,15901.69
2026-04-23 14:00,2026-04-23,14:00,13644.46,2112.0,15851.46
2026-04-23 15:00,2026-04-23,15:00,13408.6,2401.0,15917.6
2026-04-23 16:00,2026-04-23,16:00,13374.39,2387.0,15868.39
2026-04-23 17:00,2026-04-23,17:00,13227.51,2352.0,15685.51
2026-04-23 18:00,2026-04-23,18:00,13418.44,2202.0,15719.44
2026-04-23 19:00,2026-04-23,19:00,14150.98,2483.0,16745.98
2026-04-23 19:30,2026-04-23,19:30,14338.38,2352.0,16796.38
2026-04-23 20:00,2026-04-23,20:00,14485.74,2249.0,16835.74
2026-04-23 21:00,2026-04-23,21:00,14726.43,2076.0,16895.43
2026-04-23 22:00,2026-04-23,22:00,14660.95,2091.0,16845.95
2026-04-23 23:00,2026-04-23,23:00,14297.93,2343.0,16745.93
2026-04-24 00:00,2026-04-24,00:00,13819.57,2560.0,16494.77
2026-04-24 01:00,2026-04-24,01:00,13146.22,2726.0,15995.22
2026-04-24 02:00,2026-04-24,02:00,12993.52,2728.0,15844.52
2026-04-24 03:00,2026-04-24,03:00,13047.74,2610.0,15774.74
2026-04-24 04:00,2026-04-24,04:00,13070.39,2512.0,15695.39
2026-04-24 05:00,2026-04-24,05:00,12913.42,2374.0,15394.42
2026-04-24 06:00,2026-04-24,06:00,12321.39,2273.0,14696.39
2026-04-24 07:00,2026-04-24,07:00,12325.39,2127.0,14548.39
2026-04-24 08:00,2026-04-24,08:00,12413.2,1758.0,14250.2
2026-04-24 09:00,2026-04-24,09:00,12509.7,1522.0,14099.7
2026-04-24 10:00,2026-04-24,10:00,12933.71,1098.0,14080.71
2026-04-24 11:00,2026-04-24,11:00,12861.88,1356.0,14278.88
2026-04-24 12:00,2026-04-24,12:00,12952.68,1672.0,14699.68
2026-04-24 13:00,2026-04-24,13:00,13157.79,1853.0,15093.79
2026-04-24 14:00,2026-04-24,14:00,12947.05,1774.0,14801.05
2026-04-24 15:00,2026-04-24,15:00,13093.1,1585.0,14749.1
2026-04-24 16:00,2026-04-24,16:00,12892.49,1730.0,14700.49
2026-04-24 17:00,2026-04-24,17:00,12932.89,1643.0,14649.89
2026-04-24 18:00,2026-04-24,18:00,13188.07,1447.0,14700.07
2026-04-24 19:00,2026-04-24,19:00,14050.5,1766.0,15895.5
2026-04-24 19:30,2026-04-24,19:30,14137.5,1779.0,15996.5
2026-04-24 20:00,2026-04-24,20:00,14196.5,1818.0,16096.5
2026-04-24 21:00,2026-04-24,21:00,14062.5,1946.0,16096.5
2026-04-24 22:00,2026-04-24,22:00,14097.1,1895.0,16077.1
2026-04-24 23:00,2026-04-24,23:00,13930.2,2026.0,16047.2
2026-04-25 00:00,2026-04-25,00:00,13397.0,2438.0,15945.0
2026-04-25 01:00,2026-04-25,01:00,12952.0,2720.0,15794.0
2026-04-25 02:00,2026-04-25,02:00,12616.0,2754.0,15494.0
2026-04-25 03:00,2026-04-25,03:00,12750.0,2531.0,15395.0
2026-04-25 04:00,2026-04-25,04:00,12680.0,2502.0,15295.0
2026-04-25 05:00,2026-04-25,05:00,12912.0,2252.0,15265.0
2026-04-25 06:00,2026-04-25,06:00,12506.05,2192.0,14796.69
2026-04-25 07:00,2026-04-25,07:00,12312.35,1998.0,14400.35
2026-04-25 08:00,2026-04-25,08:00,12295.05,1917.0,14298.05
2026-04-25 09:00,2026-04-25,09:00,12367.74,1942.0,14396.74
2026-04-25 10:00,2026-04-25,10:00,12543.48,1920.0,14549.48
2026-04-25 11:00,2026-04-25,11:00,12774.33,2034.0,14900.33
2026-04-25 12:00,2026-04-25,12:00,12683.45,2217.0,15000.45
2026-04-25 13:00,2026-04-25,13:00,12758.68,2287.0,15148.6
2026-04-25 14:00,2026-04-25,14:00,12813.85,2090.0,14997.85
2026-04-25 15:00,2026-04-25,15:00,12833.14,2215.0,15148.14
2026-04-25 16:00,2026-04-25,16:00,12912.26,2337.0,15354.43
2026-04-25 17:00,2026-04-25,17:00,12965.74,2326.0,15396.41
2026-04-25 18:00,2026-04-25,18:00,13433.55,2030.0,15554.9
2026-04-25 19:00,2026-04-25,19:00,14075.0,2385.0,16567.33
2026-04-25 19:30,2026-04-25,19:30,14596.0,2018.0,16704.81
2026-04-25 20:00,2026-04-25,20:00,14602.0,1902.0,16589.59
2026-04-25 21:00,2026-04-25,21:00,14712.0,1965.0,16765.0
2026-04-25 22:00,2026-04-25,22:00,14655.0,1857.0,16596.0
2026-04-25 23:00,2026-04-25,23:00,14147.0,1961.0,16196.0
2026-04-26 00:00,2026-04-26,00:00,13447.0,1865.0,15395.93
2026-04-26 01:00,2026-04-26,01:00,12885.0,1399.0,14347.0
2026-04-26 02:00,2026-04-26,02:00,12909.0,708.0,13649.0
2026-04-26 03:00,2026-04-26,03:00,12802.0,170.0,12980.0
2026-04-26 04:00,2026-04-26,04:00,12476.0,138.0,12620.0
2026-04-26 05:00,2026-04-26,05:00,12388.0,40.0,12430.0
2026-04-26 06:00,2026-04-26,06:00,12207.35,91.0,12302.35
2026-04-26 07:00,2026-04-26,07:00,12340.38,145.0,12492.38
2026-04-26 08:00,2026-04-26,08:00,12214.99,209.0,12432.99
2026-04-26 09:00,2026-04-26,09:00,12423.41,334.0,12772.41
2026-04-26 10:00,2026-04-26,10:00,12976.2,416.0,13411.2
2026-04-26 11:00,2026-04-26,11:00,13494.02,459.0,13974.02
2026-04-26 12:00,2026-04-26,12:00,13749.33,511.0,14283.33
2026-04-26 13:00,2026-04-26,13:00,13747.17,932.0,14721.17
2026-04-26 14:00,2026-04-26,14:00,13300.52,1006.0,14351.52
2026-04-26 15:00,2026-04-26,15:00,13112.28,755.0,13901.28
2026-04-26 16:00,2026-04-26,16:00,12460.52,231.0,12701.52
2026-04-26 17:00,2026-04-26,17:00,10772.69,142.0,10920.69
2026-04-26 18:00,2026-04-26,18:00,9074.67,66.0,9143.67
2026-04-26 19:00,2026-04-26,19:00,10598.87,98.0,10700.87
2026-04-26 19:30,2026-04-26,19:30,11060.42,0.0,11060.42
2026-04-26 20:00,2026-04-26,20:00,11162.47,0.0,11162.47
2026-04-26 21:00,2026-04-26,21:00,11478.91,0.0,11478.91
2026-04-26 22:00,2026-04-26,22:00,11715.38,30.0,11746.38
2026-04-26 23:00,2026-04-26,23:00,11999.31,31.0,12031.31
2026-04-27 00:00,2026-04-27,00:00,11963.27,27.0,11991.49
2026-04-27 01:00,2026-04-27,01:00,11620.17,0.0,11620.17
2026-04-27 02:00,2026-04-27,02:00,11170.13,0.0,11170.13
2026-04-27 03:00,2026-04-27,03:00,10510.32,0.0,10510.32
2026-04-27 04:00,2026-04-27,04:00,9426.97,0.0,9426.97
2026-04-27 05:00,2026-04-27,05:00,8337.14,0.0,8337.14
2026-04-27 06:00,2026-04-27,06:00,7333.42,0.0,7333.42
2026-04-27 07:00,2026-04-27,07:00,7456.88,0.0,7456.88
2026-04-27 08:00,2026-04-27,08:00,8033.6,0.0,8033.6
2026-04-27 09:00,2026-04-27,09:00,8948.99,0.0,8948.99
2026-04-27 10:00,2026-04-27,10:00,9575.73,0.0,9575.73
2026-04-27 11:00,2026-04-27,11:00,10209.08,0.0,10209.08
2026-04-27 12:00,2026-04-27,12:00,10958.7,0.0,10958.7
2026-04-27 13:00,2026-04-27,13:00,11189.48,0.0,11189.48
2026-04-27 14:00,2026-04-27,14:00,11086.36,0.0,11086.36
2026-04-27 15:00,2026-04-27,15:00,11288.63,23.0,11312.63
2026-04-27 16:00,2026-04-27,16:00,11364.38,22.0,11387.38
2026-04-27 17:00,2026-04-27,17:00,11426.58,64.0,11493.58
2026-04-27 18:00,2026-04-27,18:00,11814.24,59.0,11876.24
2026-04-27 19:00,2026-04-27,19:00,13161.64,66.0,13230.64
2026-04-27 19:30,2026-04-27,19:30,13137.0,32.0,13170.0
2026-04-27 20:00,2026-04-27,20:00,13083.16,0.0,13083.16
2026-04-27 21:00,2026-04-27,21:00,13195.81,0.0,13195.81
2026-04-27 22:00,2026-04-27,22:00,12865.81,0.0,12865.81
2026-04-27 23:00,2026-04-27,23:00,12765.82,0.0,12765.82
2026-04-28 00:00,2026-04-28,00:00,12555.85,0.0,12555.85
2026-04-28 01:00,2026-04-28,01:00,12043.98,0.0,12043.98
2026-04-28 02:00,2026-04-28,02:00,11664.34,0.0,11664.34
2026-04-28 03:00,2026-04-28,03:00,11254.54,0.0,11254.54
2026-04-28 04:00,2026-04-28,04:00,10682.68,0.0,10682.68
2026-04-28 05:00,2026-04-28,05:00,10738.72,0.0,10738.72
2026-04-28 06:00,2026-04-28,06:00,10606.95,0.0,10606.95
2026-04-28 07:00,2026-04-28,07:00,10993.94,0.0,10993.94
2026-04-28 08:00,2026-04-28,08:00,10943.31,48.0,10993.31
2026-04-28 09:00,2026-04-28,09:00,10919.49,32.0,10952.49
2026-04-28 10:00,2026-04-28,10:00,10882.12,36.0,10920.12
2026-04-28 11:00,2026-04-28,11:00,10719.08,0.0,10719.08
2026-04-28 12:00,2026-04-28,12:00,10979.26,0.0,10979.26
2026-04-28 13:00,2026-04-28,13:00,10527.62,0.0,10527.62
2026-04-28 14:00,2026-04-28,14:00,10173.44,0.0,10173.44
2026-04-28 15:00,2026-04-28,15:00,10367.06,0.0,10367.06
2026-04-28 16:00,2026-04-28,16:00,10174.94,0.0,10174.94
2026-04-28 17:00,2026-04-28,17:00,10247.69,0.0,10247.69
2026-04-28 18:00,2026-04-28,18:00,10530.18,0.0,10530.18
2026-04-28 19:00,2026-04-28,19:00,11613.5,0.0,11613.5
2026-04-28 19:30,2026-04-28,19:30,11838.3,0.0,11838.3
2026-04-28 20:00,2026-04-28,20:00,11709.4,0.0,11709.4
2026-04-28 21:00,2026-04-28,21:00,11774.2,0.0,11774.2
2026-04-28 22:00,2026-04-28,22:00,11463.0,0.0,11463.0
2026-04-28 23:00,2026-04-28,23:00,11421.0,0.0,11421.0
2026-04-29 00:00,2026-04-29,00:00,10977.0,0.0,10977.0
2026-04-29 01:00,2026-04-29,01:00,10587.5,0.0,10587.5
2026-04-29 02:00,2026-04-29,02:00,9862.5,0.0,9862.5
2026-04-29 03:00,2026-04-29,03:00,9375.0,0.0,9375.0
2026-04-29 04:00,2026-04-29,04:00,8627.0,0.0,8627.0
2026-04-29 05:00,2026-04-29,05:00,8340.0,0.0,8340.0
2026-04-29 06:00,2026-04-29,06:00,8033.96,0.0,8033.96
2026-04-29 07:00,2026-04-29,07:00,7319.46,0.0,7319.46
2026-04-29 08:00,2026-04-29,08:00,7093.7,0.0,7093.7
2026-04-29 09:00,2026-04-29,09:00,7715.6,0.0,7715.6
2026-04-29 10:00,2026-04-29,10:00,8183.15,0.0,8183.15
2026-04-29 11:00,2026-04-29,11:00,8859.58,0.0,8859.58
2026-04-29 12:00,2026-04-29,12:00,9654.35,0.0,9654.35
2026-04-29 13:00,2026-04-29,13:00,9528.34,0.0,9528.34
2026-04-29 14:00,2026-04-29,14:00,9564.5,0.0,9564.5
2026-04-29 15:00,2026-04-29,15:00,9555.79,0.0,9555.79
2026-04-29 16:00,2026-04-29,16:00,9320.53,0.0,9320.53
2026-04-29 17:00,2026-04-29,17:00,9422.3,0.0,9422.3
2026-04-29 18:00,2026-04-29,18:00,9903.38,0.0,9903.38
2026-04-29 19:00,2026-04-29,19:00,11384.0,0.0,11384.0
2026-04-29 19:30,2026-04-29,19:30,11143.0,0.0,11143.0
2026-04-29 20:00,2026-04-29,20:00,11055.0,0.0,11055.0
2026-04-29 21:00,2026-04-29,21:00,10922.0,0.0,10922.0
2026-04-29 22:00,2026-04-29,22:00,9618.0,0.0,9618.0
2026-04-29 23:00,2026-04-29,23:00,8935.0,0.0,8935.0
2026-04-30 00:00,2026-04-30,00:00,8230.2,0.0,8230.2
2026-04-30 01:00,2026-04-30,01:00,7780.5,0.0,7780.5
2026-04-30 02:00,2026-04-30,02:00,7690.5,0.0,7690.5
2026-04-30 03:00,2026-04-30,03:00,7531.5,0.0,7531.5
2026-04-30 04:00,2026-04-30,04:00,7418.5,0.0,7418.5
2026-04-30 05:00,2026-04-30,05:00,7462.5,0.0,7462.5
2026-04-30 06:00,2026-04-30,06:00,7834.48,0.0,7834.48
2026-04-30 07:00,2026-04-30,07:00,8500.11,0.0,8500.11
2026-04-30 08:00,2026-04-30,08:00,9250.61,0.0,9250.61
2026-04-30 09:00,2026-04-30,09:00,9880.18,0.0,9880.18
2026-04-30 10:00,2026-04-30,10:00,10395.67,0.0,10395.67
2026-04-30 11:00,2026-04-30,11:00,11045.9,0.0,11045.9
2026-04-30 12:00,2026-04-30,12:00,11689.02,0.0,11689.02
2026-04-30 13:00,2026-04-30,13:00,11842.44,0.0,11842.44
2026-04-30 14:00,2026-04-30,14:00,11615.48,0.0,11615.48
2026-04-30 15:00,2026-04-30,15:00,11515.9,0.0,11515.9
2026-04-30 16:00,2026-04-30,16:00,11382.37,0.0,11382.37
2026-04-30 17:00,2026-04-30,17:00,11209.48,0.0,11209.48
2026-04-30 18:00,2026-04-30,18:00,11225.32,0.0,11225.32
2026-04-30 19:00,2026-04-30,19:00,12621.85,0.0,12621.85
2026-04-30 19:30,2026-04-30,19:30,13055.55,0.0,13055.55
2026-04-30 20:00,2026-04-30,20:00,12596.24,0.0,12596.24
2026-04-30 21:00,2026-04-30,21:00,12516.78,0.0,12516.78
2026-04-30 22:00,2026-04-30,22:00,12049.76,0.0,12049.76
2026-04-30 23:00,2026-04-30,23:00,11366.91,0.0,11366.91
2026-05-01 00:00,2026-05-01,00:00,10983.53,0.0,10983.53
2026-05-01 01:00,2026-05-01,01:00,10301.84,0.0,10301.84
2026-05-01 02:00,2026-05-01,02:00,9935.88,0.0,9935.88
2026-05-01 03:00,2026-05-01,03:00,9204.98,0.0,9204.98
2026-05-01 04:00,2026-05-01,04:00,8708.67,0.0,8708.67
2026-05-01 05:00,2026-05-01,05:00,8610.16,0.0,8610.16
2026-05-01 06:00,2026-05-01,06:00,8080.56,0.0,8080.56
2026-05-01 07:00,2026-05-01,07:00,8145.06,0.0,8145.06
2026-05-01 08:00,2026-05-01,08:00,8367.82,0.0,8367.82
2026-05-01 09:00,2026-05-01,09:00,8352.06,0.0,8352.06
2026-05-01 10:00,2026-05-01,10:00,8287.13,0.0,8287.13
2026-05-01 11:00,2026-05-01,11:00,8598.53,0.0,8598.53
2026-05-01 12:00,2026-05-01,12:00,9226.33,0.0,9226.33
2026-05-01 13:00,2026-05-01,13:00,10160.97,0.0,10160.97
2026-05-01 14:00,2026-05-01,14:00,9415.1,0.0,9415.1
2026-05-01 15:00,2026-05-01,15:00,8801.18,0.0,8801.18
2026-05-01 16:00,2026-05-01,16:00,8246.63,0.0,8246.63
2026-05-01 17:00,2026-05-01,17:00,8221.06,0.0,8221.06
2026-05-01 18:00,2026-05-01,18:00,8661.71,0.0,8661.71
2026-05-01 19:00,2026-05-01,19:00,10787.5,0.0,10787.5
2026-05-01 19:30,2026-05-01,19:30,10790.5,0.0,10790.5
2026-05-01 20:00,2026-05-01,20:00,10663.0,0.0,10663.0
2026-05-01 21:00,2026-05-01,21:00,10697.0,0.0,10697.0
2026-05-01 22:00,2026-05-01,22:00,10649.0,0.0,10649.0
2026-05-01 23:00,2026-05-01,23:00,10451.0,0.0,10451.0
2026-05-02 00:00,2026-05-02,00:00,10234.0,0.0,10234.0
2026-05-02 01:00,2026-05-02,01:00,9540.0,0.0,9540.0
2026-05-02 02:00,2026-05-02,02:00,9239.0,0.0,9239.0
2026-05-02 03:00,2026-05-02,03:00,8873.0,0.0,8873.0
2026-05-02 04:00,2026-05-02,04:00,8505.0,0.0,8505.0
2026-05-02 05:00,2026-05-02,05:00,8208.0,0.0,8208.0
2026-05-02 06:00,2026-05-02,06:00,8254.76,0.0,8254.76
2026-05-02 07:00,2026-05-02,07:00,8836.73,0.0,8836.73
2026-05-02 08:00,2026-05-02,08:00,9221.82,0.0,9221.82
2026-05-02 09:00,2026-05-02,09:00,9485.76,0.0,9485.76
2026-05-02 10:00,2026-05-02,10:00,9669.25,0.0,9669.25
2026-05-02 11:00,2026-05-02,11:00,10111.8,0.0,10111.8
2026-05-02 12:00,2026-05-02,12:00,10754.59,0.0,10754.59
2026-05-02 13:00,2026-05-02,13:00,10808.24,0.0,10808.24
2026-05-02 14:00,2026-05-02,14:00,10181.79,0.0,10181.79
2026-05-02 15:00,2026-05-02,15:00,9498.86,0.0,9498.86
2026-05-02 16:00,2026-05-02,16:00,9269.06,0.0,9269.06
2026-05-02 17:00,2026-05-02,17:00,9458.73,0.0,9458.73
2026-05-02 18:00,2026-05-02,18:00,9876.53,0.0,9876.53
2026-05-02 19:00,2026-05-02,19:00,11321.86,0.0,11321.86
2026-05-02 19:30,2026-05-02,19:30,11401.16,0.0,11401.16
2026-05-02 20:00,2026-05-02,20:00,11435.13,0.0,11435.13
2026-05-02 21:00,2026-05-02,21:00,11275.7,0.0,11275.7
2026-05-02 22:00,2026-05-02,22:00,11166.56,0.0,11166.56
2026-05-02 23:00,2026-05-02,23:00,10798.34,0.0,10798.34
2026-05-03 00:00,2026-05-03,00:00,10579.79,0.0,10579.79
2026-05-03 01:00,2026-05-03,01:00,10108.57,0.0,10108.57
2026-05-03 02:00,2026-05-03,02:00,9706.68,0.0,9706.68
2026-05-03 03:00,2026-05-03,03:00,9355.59,0.0,9355.59
2026-05-03 04:00,2026-05-03,04:00,9038.63,0.0,9038.63
2026-05-03 05:00,2026-05-03,05:00,8931.74,0.0,8931.74
2026-05-03 06:00,2026-05-03,06:00,9280.63,0.0,9280.63
2026-05-03 07:00,2026-05-03,07:00,9937.77,0.0,9937.77
2026-05-03 08:00,2026-05-03,08:00,9984.71,0.0,9984.71
2026-05-03 09:00,2026-05-03,09:00,10367.4,0.0,10367.4
2026-05-03 10:00,2026-05-03,10:00,10845.86,0.0,10845.86
2026-05-03 11:00,2026-05-03,11:00,11547.02,0.0,11547.02
2026-05-03 12:00,2026-05-03,12:00,11965.97,0.0,11965.97
2026-05-03 13:00,2026-05-03,13:00,12075.79,0.0,12075.79
2026-05-03 14:00,2026-05-03,14:00,11720.82,0.0,11720.82
2026-05-03 15:00,2026-05-03,15:00,11748.12,0.0,11748.12
2026-05-03 16:00,2026-05-03,16:00,11473.26,0.0,11473.26
2026-05-03 17:00,2026-05-03,17:00,11426.47,0.0,11426.47
2026-05-03 18:00,2026-05-03,18:00,11453.24,0.0,11453.24
2026-05-03 19:00,2026-05-03,19:00,12743.3,0.0,12743.3
2026-05-03 19:30,2026-05-03,19:30,13192.2,0.0,13192.2
2026-05-03 20:00,2026-05-03,20:00,13084.8,0.0,13084.8
2026-05-03 21:00,2026-05-03,21:00,12945.4,0.0,12945.4
2026-05-03 22:00,2026-05-03,22:00,12755.0,0.0,12755.0
2026-05-03 23:00,2026-05-03,23:00,12317.0,0.0,12317.0
2026-05-04 00:00,2026-05-04,00:00,11927.0,0.0,11927.0
2026-05-04 01:00,2026-05-04,01:00,11563.0,0.0,11563.0
2026-05-04 02:00,2026-05-04,02:00,11001.0,0.0,11001.0
2026-05-04 03:00,2026-05-04,03:00,10597.0,0.0,10597.0
2026-05-04 04:00,2026-05-04,04:00,10178.0,0.0,10178.0
2026-05-04 05:00,2026-05-04,05:00,9809.0,0.0,9809.0
2026-05-04 06:00,2026-05-04,06:00,9816.59,0.0,9816.59
2026-05-04 07:00,2026-05-04,07:00,10178.26,0.0,10178.26
2026-05-04 08:00,2026-05-04,08:00,10432.69,0.0,10432.69
2026-05-04 09:00,2026-05-04,09:00,10944.15,0.0,10944.15
2026-05-04 10:00,2026-05-04,10:00,11200.43,0.0,11200.43
2026-05-04 11:00,2026-05-04,11:00,11493.59,0.0,11493.59
2026-05-04 12:00,2026-05-04,12:00,12185.25,0.0,12185.25
2026-05-04 13:00,2026-05-04,13:00,12512.34,0.0,12512.34
2026-05-04 14:00,2026-05-04,14:00,12434.11,0.0,12434.11
2026-05-04 15:00,2026-05-04,15:00,12371.32,0.0,12371.32
2026-05-04 16:00,2026-05-04,16:00,11988.99,0.0,11988.99
2026-05-04 17:00,2026-05-04,17:00,11865.66,0.0,11865.66
2026-05-04 18:00,2026-05-04,18:00,12000.81,0.0,12000.81
2026-05-04 19:00,2026-05-04,19:00,13627.0,0.0,13627.0
2026-05-04 19:30,2026-05-04,19:30,13888.26,0.0,13888.26
2026-05-04 20:00,2026-05-04,20:00,13580.61,0.0,13580.61
2026-05-04 21:00,2026-05-04,21:00,13448.37,0.0,13448.37
2026-05-04 22:00,2026-05-04,22:00,13170.31,0.0,13170.31
2026-05-04 23:00,2026-05-04,23:00,12709.4,0.0,12709.4
2026-05-05 00:00,2026-05-05,00:00,11767.39,0.0,11767.39
2026-05-05 01:00,2026-05-05,01:00,11178.37,0.0,11178.37
2026-05-05 02:00,2026-05-05,02:00,10810.65,0.0,10810.65
2026-05-05 03:00,2026-05-05,03:00,10468.46,0.0,10468.46
2026-05-05 04:00,2026-05-05,04:00,10241.85,0.0,10241.85
2026-05-05 05:00,2026-05-05,05:00,9920.3,0.0,9920.3
2026-05-05 06:00,2026-05-05,06:00,10312.77,0.0,10312.77
2026-05-05 07:00,2026-05-05,07:00,10800.83,0.0,10800.83
2026-05-05 08:00,2026-05-05,08:00,11115.05,0.0,11115.05
2026-05-05 09:00,2026-05-05,09:00,11461.23,0.0,11461.23
2026-05-05 10:00,2026-05-05,10:00,11976.33,0.0,11976.33
2026-05-05 11:00,2026-05-05,11:00,12772.37,0.0,12772.37
2026-05-05 12:00,2026-05-05,12:00,13289.02,0.0,13289.02
2026-05-05 13:00,2026-05-05,13:00,13665.47,0.0,13665.47
2026-05-05 14:00,2026-05-05,14:00,12976.26,0.0,12976.26
2026-05-05 15:00,2026-05-05,15:00,13339.16,0.0,13339.16
2026-05-05 16:00,2026-05-05,16:00,12866.19,0.0,12866.19
2026-05-05 17:00,2026-05-05,17:00,12688.06,0.0,12688.06
2026-05-05 18:00,2026-05-05,18:00,12580.78,0.0,12580.78
2026-05-05 19:00,2026-05-05,19:00,13991.83,95.0,14090.83
2026-05-05 19:30,2026-05-05,19:30,14490.35,124.0,14620.35
2026-05-05 20:00,2026-05-05,20:00,14186.58,109.0,14300.58
2026-05-05 21:00,2026-05-05,21:00,14130.88,125.0,14261.88
2026-05-05 22:00,2026-05-05,22:00,13938.86,136.0,14080.86
2026-05-05 23:00,2026-05-05,23:00,13686.72,138.0,13830.72
2026-05-06 00:00,2026-05-06,00:00,13335.15,120.0,13460.15
2026-05-06 01:00,2026-05-06,01:00,12804.53,82.0,12890.53
2026-05-06 02:00,2026-05-06,02:00,12346.93,80.0,12430.93
2026-05-06 03:00,2026-05-06,03:00,12037.89,79.0,12120.89
2026-05-06 04:00,2026-05-06,04:00,11686.02,71.0,11760.02
2026-05-06 05:00,2026-05-06,05:00,11469.83,44.0,11515.83
2026-05-06 06:00,2026-05-06,06:00,11477.63,44.0,11523.63
2026-05-06 07:00,2026-05-06,07:00,11811.87,50.0,11864.12
2026-05-06 08:00,2026-05-06,08:00,11793.79,0.0,11793.79
2026-05-06 09:00,2026-05-06,09:00,12295.28,0.0,12295.28
2026-05-06 10:00,2026-05-06,10:00,12627.32,0.0,12627.32
2026-05-06 11:00,2026-05-06,11:00,13042.39,25.0,13068.39
2026-05-06 12:00,2026-05-06,12:00,13260.94,30.0,13291.94
2026-05-06 13:00,2026-05-06,13:00,13312.51,45.0,13359.51
2026-05-06 14:00,2026-05-06,14:00,12976.89,0.0,12976.89
2026-05-06 15:00,2026-05-06,15:00,12774.6,32.0,12807.6
2026-05-06 16:00,2026-05-06,16:00,12298.25,0.0,12298.25
2026-05-06 17:00,2026-05-06,17:00,11637.16,0.0,11637.16
2026-05-06 18:00,2026-05-06,18:00,10524.74,0.0,10524.74
2026-05-06 19:00,2026-05-06,19:00,11170.0,0.0,11170.0
2026-05-06 19:30,2026-05-06,19:30,11400.0,0.0,11400.0
2026-05-06 20:00,2026-05-06,20:00,11454.0,0.0,11454.0
2026-05-06 21:00,2026-05-06,21:00,11938.0,0.0,11938.0
2026-05-06 22:00,2026-05-06,22:00,12009.0,0.0,12009.0
2026-05-06 23:00,2026-05-06,23:00,12207.0,0.0,12207.0
2026-05-07 00:00,2026-05-07,00:00,12119.0,0.0,12119.0
2026-05-07 01:00,2026-05-07,01:00,11665.5,0.0,11665.5
2026-05-07 02:00,2026-05-07,02:00,11258.5,0.0,11258.5
2026-05-07 03:00,2026-05-07,03:00,10967.5,0.0,10967.5
2026-05-07 04:00,2026-05-07,04:00,10651.5,0.0,10651.5
2026-05-07 05:00,2026-05-07,05:00,10508.5,0.0,10508.5
2026-05-07 06:00,2026-05-07,06:00,10677.16,0.0,10677.16
2026-05-07 07:00,2026-05-07,07:00,11051.2,0.0,11051.2
2026-05-07 08:00,2026-05-07,08:00,11206.84,0.0,11206.84
2026-05-07 09:00,2026-05-07,09:00,11438.14,0.0,11438.14
2026-05-07 10:00,2026-05-07,10:00,11939.01,0.0,11939.01
2026-05-07 11:00,2026-05-07,11:00,12336.89,0.0,12336.89
2026-05-07 12:00,2026-05-07,12:00,13171.98,0.0,13171.98
2026-05-07 13:00,2026-05-07,13:00,13308.5,0.0,13308.5
2026-05-07 14:00,2026-05-07,14:00,13153.99,0.0,13153.99
2026-05-07 15:00,2026-05-07,15:00,13299.17,35.0,13336.17
2026-05-07 16:00,2026-05-07,16:00,13229.09,16.0,13246.09
2026-05-07 17:00,2026-05-07,17:00,12730.41,33.0,12764.41
2026-05-07 18:00,2026-05-07,18:00,12661.37,0.0,12661.37
2026-05-07 19:00,2026-05-07,19:00,14103.05,175.0,14286.05
2026-05-07 19:30,2026-05-07,19:30,14451.57,175.0,14634.57
2026-05-07 20:00,2026-05-07,20:00,14367.49,156.0,14530.49
2026-05-07 21:00,2026-05-07,21:00,13743.7,112.0,13860.7
2026-05-07 22:00,2026-05-07,22:00,12943.9,112.0,13060.9
2026-05-07 23:00,2026-05-07,23:00,11977.82,46.0,12025.82
2026-05-08 00:00,2026-05-08,00:00,12317.2,70.0,12390.35
2026-05-08 01:00,2026-05-08,01:00,12383.58,59.0,12445.58
2026-05-08 02:00,2026-05-08,02:00,11994.92,58.0,12055.92
2026-05-08 03:00,2026-05-08,03:00,11643.2,45.0,11690.2
2026-05-08 04:00,2026-05-08,04:00,11370.63,33.0,11404.63
2026-05-08 05:00,2026-05-08,05:00,11051.26,18.0,11070.26
2026-05-08 06:00,2026-05-08,06:00,10610.74,0.0,10610.74
2026-05-08 07:00,2026-05-08,07:00,10924.32,0.0,10924.32
2026-05-08 08:00,2026-05-08,08:00,10816.21,0.0,10816.21
2026-05-08 09:00,2026-05-08,09:00,10803.7,0.0,10803.7
2026-05-08 10:00,2026-05-08,10:00,10988.91,0.0,10988.91
2026-05-08 11:00,2026-05-08,11:00,11586.1,0.0,11586.1
2026-05-08 12:00,2026-05-08,12:00,12165.0,0.0,12165.0
2026-05-08 13:00,2026-05-08,13:00,12577.31,0.0,12577.31
2026-05-08 14:00,2026-05-08,14:00,11987.14,0.0,11987.14
2026-05-08 15:00,2026-05-08,15:00,12302.63,0.0,12302.63
2026-05-08 16:00,2026-05-08,16:00,12097.01,0.0,12097.01
2026-05-08 17:00,2026-05-08,17:00,11719.62,0.0,11719.62
2026-05-08 18:00,2026-05-08,18:00,11470.28,0.0,11470.28
2026-05-08 19:00,2026-05-08,19:00,13444.79,73.0,13520.79
2026-05-08 19:30,2026-05-08,19:30,13854.86,77.0,13934.86
2026-05-08 20:00,2026-05-08,20:00,13793.65,73.0,13869.65
2026-05-08 21:00,2026-05-08,21:00,13986.97,0.0,13986.97
2026-05-08 22:00,2026-05-08,22:00,13872.95,0.0,13872.95
2026-05-08 23:00,2026-05-08,23:00,13825.41,0.0,13825.41
2026-05-09 00:00,2026-05-09,00:00,13442.06,0.0,13442.06
2026-05-09 01:00,2026-05-09,01:00,12795.3,0.0,12795.3
2026-05-09 02:00,2026-05-09,02:00,12051.42,0.0,12051.42
2026-05-09 03:00,2026-05-09,03:00,11588.34,0.0,11588.34
2026-05-09 04:00,2026-05-09,04:00,11356.59,0.0,11356.59
2026-05-09 05:00,2026-05-09,05:00,11162.9,0.0,11162.9
2026-05-09 06:00,2026-05-09,06:00,11068.08,0.0,11068.08
2026-05-09 07:00,2026-05-09,07:00,11320.39,0.0,11320.39
2026-05-09 08:00,2026-05-09,08:00,11184.07,0.0,11184.07
2026-05-09 09:00,2026-05-09,09:00,11022.18,0.0,11022.18
2026-05-09 10:00,2026-05-09,10:00,11251.04,0.0,11251.04
2026-05-09 11:00,2026-05-09,11:00,11995.37,0.0,11995.37
2026-05-09 12:00,2026-05-09,12:00,12601.97,39.0,12642.97
2026-05-09 13:00,2026-05-09,13:00,13108.23,33.0,13142.23
2026-05-09 14:00,2026-05-09,14:00,13161.45,0.0,13161.45
2026-05-09 15:00,2026-05-09,15:00,13400.5,0.0,13400.5
2026-05-09 16:00,2026-05-09,16:00,13385.55,0.0,13385.55
2026-05-09 17:00,2026-05-09,17:00,13210.79,0.0,13210.79
2026-05-09 18:00,2026-05-09,18:00,13162.92,53.0,13217.92
2026-05-09 19:00,2026-05-09,19:00,14763.0,121.0,14889.0
2026-05-09 19:30,2026-05-09,19:30,15288.0,121.0,15414.0
2026-05-09 20:00,2026-05-09,20:00,15141.0,123.0,15270.0
2026-05-09 21:00,2026-05-09,21:00,15254.5,120.0,15379.5
2026-05-09 22:00,2026-05-09,22:00,15158.5,107.0,15270.5
2026-05-09 23:00,2026-05-09,23:00,14984.0,111.0,15100.0
2026-05-10 00:00,2026-05-10,00:00,14640.0,96.0,14740.32
2026-05-10 01:00,2026-05-10,01:00,14110.0,134.0,14250.0
2026-05-10 02:00,2026-05-10,02:00,13742.0,113.0,13860.0
2026-05-10 03:00,2026-05-10,03:00,13183.0,83.0,13270.0
2026-05-10 04:00,2026-05-10,04:00,12724.0,73.0,12800.0
2026-05-10 05:00,2026-05-10,05:00,12427.0,51.0,12480.0
2026-05-10 06:00,2026-05-10,06:00,12246.51,63.0,12312.51
2026-05-10 07:00,2026-05-10,07:00,12497.87,73.0,12573.87
2026-05-10 08:00,2026-05-10,08:00,12491.45,94.0,12589.45
2026-05-10 09:00,2026-05-10,09:00,12776.53,84.0,12864.53
2026-05-10 10:00,2026-05-10,10:00,13189.06,48.0,13239.06
2026-05-10 11:00,2026-05-10,11:00,13430.12,45.0,13477.12
2026-05-10 12:00,2026-05-10,12:00,14167.08,45.0,14214.08
2026-05-10 13:00,2026-05-10,13:00,14192.28,45.0,14239.28
2026-05-10 14:00,2026-05-10,14:00,13145.68,95.0,13244.68
2026-05-10 15:00,2026-05-10,15:00,12577.85,0.0,12577.85
2026-05-10 16:00,2026-05-10,16:00,12104.9,0.0,12104.9
2026-05-10 17:00,2026-05-10,17:00,11872.32,0.0,11872.32
2026-05-10 18:00,2026-05-10,18:00,11886.86,0.0,11886.86
2026-05-10 19:00,2026-05-10,19:00,13568.3,69.0,13640.3
2026-05-10 19:30,2026-05-10,19:30,14163.66,45.0,14210.66
2026-05-10 20:00,2026-05-10,20:00,13855.43,43.0,13900.43
2026-05-10 21:00,2026-05-10,21:00,13653.58,21.0,13675.58
2026-05-10 22:00,2026-05-10,22:00,13503.56,0.0,13503.56
2026-05-10 23:00,2026-05-10,23:00,13379.28,0.0,13379.28
2026-05-11 00:00,2026-05-11,00:00,13140.62,0.0,13140.62
2026-05-11 01:00,2026-05-11,01:00,12656.3,0.0,12656.3
2026-05-11 02:00,2026-05-11,02:00,12294.72,0.0,12294.72
2026-05-11 03:00,2026-05-11,03:00,11904.01,0.0,11904.01
2026-05-11 04:00,2026-05-11,04:00,11610.41,0.0,11610.41
2026-05-11 05:00,2026-05-11,05:00,11332.09,0.0,11332.09
2026-05-11 06:00,2026-05-11,06:00,11431.75,0.0,11431.75
2026-05-11 07:00,2026-05-11,07:00,11839.88,0.0,11839.88
2026-05-11 08:00,2026-05-11,08:00,11848.91,0.0,11848.91
2026-05-11 09:00,2026-05-11,09:00,12340.69,0.0,12340.69
2026-05-11 10:00,2026-05-11,10:00,12755.09,0.0,12755.09
2026-05-11 11:00,2026-05-11,11:00,13321.56,27.0,13349.56
2026-05-11 12:00,2026-05-11,12:00,13848.62,30.0,13879.62
2026-05-11 13:00,2026-05-11,13:00,13791.22,46.0,13839.22
2026-05-11 14:00,2026-05-11,14:00,12759.02,44.0,12805.02
2026-05-11 15:00,2026-05-11,15:00,12668.71,34.0,12704.71
2026-05-11 16:00,2026-05-11,16:00,12612.77,67.0,12682.77
2026-05-11 17:00,2026-05-11,17:00,12593.89,48.0,12643.89
2026-05-11 18:00,2026-05-11,18:00,12542.14,66.0,12611.14
2026-05-11 19:00,2026-05-11,19:00,14101.0,114.0,14220.0
2026-05-11 19:30,2026-05-11,19:30,14611.0,133.0,14750.0
2026-05-11 20:00,2026-05-11,20:00,14554.0,120.0,14679.0
2026-05-11 21:00,2026-05-11,21:00,14360.0,115.0,14480.0
2026-05-11 22:00,2026-05-11,22:00,14096.0,90.0,14190.0
2026-05-11 23:00,2026-05-11,23:00,13926.0,90.0,14020.0
2026-05-12 00:00,2026-05-12,00:00,13638.0,78.0,13719.51
2026-05-12 01:00,2026-05-12,01:00,13118.0,50.0,13170.0
2026-05-12 02:00,2026-05-12,02:00,12744.0,53.0,12799.0
2026-05-12 03:00,2026-05-12,03:00,12241.0,47.0,12290.0
2026-05-12 04:00,2026-05-12,04:00,11917.0,41.0,11960.0
2026-05-12 05:00,2026-05-12,05:00,11686.0,42.0,11730.0
2026-05-12 06:00,2026-05-12,06:00,11530.09,60.0,11593.09
2026-05-12 07:00,2026-05-12,07:00,11969.3,53.0,12024.3
2026-05-12 08:00,2026-05-12,08:00,12067.63,0.0,12067.63
2026-05-12 09:00,2026-05-12,09:00,12418.39,0.0,12418.39
2026-05-12 10:00,2026-05-12,10:00,12952.75,0.0,12952.75
2026-05-12 11:00,2026-05-12,11:00,13372.05,0.0,13372.05
2026-05-12 12:00,2026-05-12,12:00,13818.43,0.0,13818.43
2026-05-12 13:00,2026-05-12,13:00,14181.21,0.0,14181.21
2026-05-12 14:00,2026-05-12,14:00,14221.63,0.0,14221.63
2026-05-12 15:00,2026-05-12,15:00,14360.28,62.0,14425.28
2026-05-12 16:00,2026-05-12,16:00,14085.06,72.0,14160.06
2026-05-12 17:00,2026-05-12,17:00,13803.43,42.0,13847.43
2026-05-12 18:00,2026-05-12,18:00,13542.23,67.0,13612.23
2026-05-12 19:00,2026-05-12,19:00,15342.54,152.0,15501.54
2026-05-12 19:30,2026-05-12,19:30,15766.53,223.0,15999.53
2026-05-12 20:00,2026-05-12,20:00,15606.02,195.0,15810.02
2026-05-12 21:00,2026-05-12,21:00,15541.45,180.0,15729.45
2026-05-12 22:00,2026-05-12,22:00,15230.88,172.0,15410.88
2026-05-12 23:00,2026-05-12,23:00,15160.02,202.0,15371.02
2026-05-13 00:00,2026-05-13,00:00,14740.23,163.0,14910.23
2026-05-13 01:00,2026-05-13,01:00,14357.64,122.0,14484.64
2026-05-13 02:00,2026-05-13,02:00,13822.97,89.0,13915.97
2026-05-13 03:00,2026-05-13,03:00,13463.51,74.0,13540.51
2026-05-13 04:00,2026-05-13,04:00,13006.99,42.0,13050.99
2026-05-13 05:00,2026-05-13,05:00,12852.22,22.0,12875.22
2026-05-13 06:00,2026-05-13,06:00,12385.88,15.0,12401.88
2026-05-13 07:00,2026-05-13,07:00,12475.95,33.0,12509.95
2026-05-13 08:00,2026-05-13,08:00,12495.33,0.0,12495.33
2026-05-13 09:00,2026-05-13,09:00,12726.12,0.0,12726.12
2026-05-13 10:00,2026-05-13,10:00,12902.39,0.0,12902.39
2026-05-13 11:00,2026-05-13,11:00,13142.21,0.0,13142.21
2026-05-13 12:00,2026-05-13,12:00,13508.39,84.0,13596.17
2026-05-13 13:00,2026-05-13,13:00,13546.07,85.0,13635.07
2026-05-13 14:00,2026-05-13,14:00,13188.59,29.0,13218.59
2026-05-13 15:00,2026-05-13,15:00,13067.06,119.0,13191.06
2026-05-13 16:00,2026-05-13,16:00,12453.36,135.0,12594.36
2026-05-13 17:00,2026-05-13,17:00,11737.14,83.0,11824.14
2026-05-13 18:00,2026-05-13,18:00,11686.12,82.0,11772.12
2026-05-13 19:00,2026-05-13,19:00,13301.61,133.0,13440.61
2026-05-13 19:30,2026-05-13,19:30,13749.23,144.0,13899.23
2026-05-13 20:00,2026-05-13,20:00,13316.81,142.0,13464.81
2026-05-13 21:00,2026-05-13,21:00,13325.05,111.0,13441.05
2026-05-13 22:00,2026-05-13,22:00,13131.91,95.0,13230.91
2026-05-13 23:00,2026-05-13,23:00,13169.77,59.0,13231.77
2026-05-14 00:00,2026-05-14,00:00,13088.05,17.0,13105.82
2026-05-14 01:00,2026-05-14,01:00,12786.68,55.0,12843.68
2026-05-14 02:00,2026-05-14,02:00,12351.4,47.0,12400.4
2026-05-14 03:00,2026-05-14,03:00,11901.76,37.0,11940.76
2026-05-14 04:00,2026-05-14,04:00,11484.9,25.0,11510.9
2026-05-14 05:00,2026-05-14,05:00,11078.95,0.0,11078.95
2026-05-14 06:00,2026-05-14,06:00,11046.03,0.0,11046.03
2026-05-14 07:00,2026-05-14,07:00,11544.98,0.0,11544.98
2026-05-14 08:00,2026-05-14,08:00,11833.48,0.0,11833.48
2026-05-14 09:00,2026-05-14,09:00,12354.38,0.0,12354.38
2026-05-14 10:00,2026-05-14,10:00,12664.7,67.0,12734.7
2026-05-14 11:00,2026-05-14,11:00,13303.56,97.0,13404.56
2026-05-14 12:00,2026-05-14,12:00,13756.92,113.0,13874.92
2026-05-14 13:00,2026-05-14,13:00,13879.26,92.0,13975.26
2026-05-14 14:00,2026-05-14,14:00,13680.88,80.0,13764.88
2026-05-14 15:00,2026-05-14,15:00,13547.35,121.0,13673.35
2026-05-14 16:00,2026-05-14,16:00,13723.85,152.0,13882.85
2026-05-14 17:00,2026-05-14,17:00,13606.99,93.0,13703.99
2026-05-14 18:00,2026-05-14,18:00,13268.47,90.0,13362.47
2026-05-14 19:00,2026-05-14,19:00,14961.24,180.0,15149.24
2026-05-14 19:30,2026-05-14,19:30,15534.65,187.0,15729.65
2026-05-14 20:00,2026-05-14,20:00,15406.31,167.0,15581.31
2026-05-14 21:00,2026-05-14,21:00,15226.82,158.0,15391.82
2026-05-14 22:00,2026-05-14,22:00,15050.92,153.0,15210.92
2026-05-14 23:00,2026-05-14,23:00,14878.46,117.0,15000.46
2026-05-15 00:00,2026-05-15,00:00,14797.71,117.0,14919.71
2026-05-15 01:00,2026-05-15,01:00,14331.2,104.0,14440.2
2026-05-15 02:00,2026-05-15,02:00,14038.05,107.0,14149.87
2026-05-15 03:00,2026-05-15,03:00,13670.91,96.0,13771.23
2026-05-15 04:00,2026-05-15,04:00,13318.75,69.0,13390.86
2026-05-15 05:00,2026-05-15,05:00,12691.54,42.0,12735.43
2026-05-15 06:00,2026-05-15,06:00,12174.17,41.0,12217.02
2026-05-15 07:00,2026-05-15,07:00,12168.46,68.0,12239.46
2026-05-15 08:00,2026-05-15,08:00,12015.4,81.0,12100.4
2026-05-15 09:00,2026-05-15,09:00,11860.8,85.0,11949.8
2026-05-15 10:00,2026-05-15,10:00,12101.25,69.0,12173.25
2026-05-15 11:00,2026-05-15,11:00,12295.46,54.0,12351.46
2026-05-15 12:00,2026-05-15,12:00,12921.82,58.0,12982.82
2026-05-15 13:00,2026-05-15,13:00,13914.19,26.0,13941.19
2026-05-15 14:00,2026-05-15,14:00,13210.3,0.0,13210.3
2026-05-15 15:00,2026-05-15,15:00,13094.65,0.0,13094.65
2026-05-15 16:00,2026-05-15,16:00,12511.27,0.0,12511.27
2026-05-15 17:00,2026-05-15,17:00,11909.7,0.0,11909.7
2026-05-15 18:00,2026-05-15,18:00,11725.05,0.0,11725.05
2026-05-15 19:00,2026-05-15,19:00,13632.5,17.0,13650.5
2026-05-15 19:30,2026-05-15,19:30,14237.5,46.0,14285.5
2026-05-15 20:00,2026-05-15,20:00,14142.5,51.0,14195.5
2026-05-15 21:00,2026-05-15,21:00,14544.5,53.0,14599.89
2026-05-15 22:00,2026-05-15,22:00,14504.5,53.0,14559.5
2026-05-15 23:00,2026-05-15,23:00,14231.0,42.0,14274.89
2026-05-16 00:00,2026-05-16,00:00,14098.0,35.0,14134.58
2026-05-16 01:00,2026-05-16,01:00,13650.0,24.0,13675.0
2026-05-16 02:00,2026-05-16,02:00,13221.0,0.0,13221.0
2026-05-16 03:00,2026-05-16,03:00,13023.0,0.0,13023.0
2026-05-16 04:00,2026-05-16,04:00,12718.0,0.0,12718.0
2026-05-16 05:00,2026-05-16,05:00,12446.0,0.0,12446.0
2026-05-16 06:00,2026-05-16,06:00,12211.4,0.0,12211.4
2026-05-16 07:00,2026-05-16,07:00,12456.85,0.0,12456.85
2026-05-16 08:00,2026-05-16,08:00,12340.28,0.0,12340.28
2026-05-16 09:00,2026-05-16,09:00,12316.85,0.0,12316.85
2026-05-16 10:00,2026-05-16,10:00,12417.45,0.0,12417.45
2026-05-16 11:00,2026-05-16,11:00,12766.51,36.0,12804.51
2026-05-16 12:00,2026-05-16,12:00,13333.91,38.0,13373.91
2026-05-16 13:00,2026-05-16,13:00,13801.61,97.0,13902.61
2026-05-16 14:00,2026-05-16,14:00,13967.21,102.0,14074.21
2026-05-16 15:00,2026-05-16,15:00,14276.74,117.0,14398.74
2026-05-16 16:00,2026-05-16,16:00,14375.45,132.0,14513.39
2026-05-16 17:00,2026-05-16,17:00,14435.37,114.0,14554.5
2026-05-16 18:00,2026-05-16,18:00,14347.85,128.0,14481.85
2026-05-16 19:00,2026-05-16,19:00,15488.5,241.0,15740.5
2026-05-16 19:30,2026-05-16,19:30,15962.0,418.0,16399.0
2026-05-16 20:00,2026-05-16,20:00,15810.0,516.0,16349.0
2026-05-16 21:00,2026-05-16,21:00,16412.2,199.0,16620.2
2026-05-16 22:00,2026-05-16,22:00,15808.2,470.0,16299.2
2026-05-16 23:00,2026-05-16,23:00,15229.2,144.0,15379.2
2026-05-17 00:00,2026-05-17,00:00,15195.2,121.0,15321.65
2026-05-17 01:00,2026-05-17,01:00,14111.0,66.0,14180.0
2026-05-17 02:00,2026-05-17,02:00,13190.0,67.0,13260.0
2026-05-17 03:00,2026-05-17,03:00,12530.0,57.0,12590.0
2026-05-17 04:00,2026-05-17,04:00,11832.0,46.0,11880.0
2026-05-17 05:00,2026-05-17,05:00,10628.0,40.0,10670.0
2026-05-17 06:00,2026-05-17,06:00,10323.6,0.0,10323.6
2026-05-17 07:00,2026-05-17,07:00,10837.04,0.0,10837.04
2026-05-17 08:00,2026-05-17,08:00,11000.92,0.0,11000.92
2026-05-17 09:00,2026-05-17,09:00,11482.48,40.0,11524.48
2026-05-17 10:00,2026-05-17,10:00,12282.01,52.0,12336.01
2026-05-17 11:00,2026-05-17,11:00,12898.69,91.0,12993.69
2026-05-17 12:00,2026-05-17,12:00,13852.34,90.0,13946.34
2026-05-17 13:00,2026-05-17,13:00,14327.07,112.0,14444.07
2026-05-17 14:00,2026-05-17,14:00,14504.3,80.0,14588.3
2026-05-17 15:00,2026-05-17,15:00,14664.65,81.0,14749.65
2026-05-17 16:00,2026-05-17,16:00,14472.24,155.0,14634.24
2026-05-17 17:00,2026-05-17,17:00,14487.27,159.0,14653.27
2026-05-17 18:00,2026-05-17,18:00,14439.59,180.0,14627.59
2026-05-17 19:00,2026-05-17,19:00,15445.52,626.0,16099.52
2026-05-17 19:30,2026-05-17,19:30,15705.27,377.0,16099.27
2026-05-17 20:00,2026-05-17,20:00,16151.68,286.0,16450.68
2026-05-17 21:00,2026-05-17,21:00,16200.93,267.0,16479.93
2026-05-17 22:00,2026-05-17,22:00,15871.29,190.0,16070.29
2026-05-17 23:00,2026-05-17,23:00,15645.59,148.0,15800.59
2026-05-18 00:00,2026-05-18,00:00,15277.76,108.0,15390.62
2026-05-18 01:00,2026-05-18,01:00,14471.61,90.0,14565.61
2026-05-18 02:00,2026-05-18,02:00,13815.84,68.0,13886.84
2026-05-18 03:00,2026-05-18,03:00,13060.09,58.0,13121.09
2026-05-18 04:00,2026-05-18,04:00,12480.29,57.0,12540.29
2026-05-18 05:00,2026-05-18,05:00,11960.65,20.0,11981.65
2026-05-18 06:00,2026-05-18,06:00,11515.59,58.0,11576.59
2026-05-18 07:00,2026-05-18,07:00,11648.4,24.0,11673.4
2026-05-18 08:00,2026-05-18,08:00,11895.46,28.0,11924.46
2026-05-18 09:00,2026-05-18,09:00,12123.2,48.0,12173.2
2026-05-18 10:00,2026-05-18,10:00,12562.23,78.0,12644.23
2026-05-18 11:00,2026-05-18,11:00,12857.38,93.0,12954.38
2026-05-18 12:00,2026-05-18,12:00,13590.47,90.0,13684.47
2026-05-18 13:00,2026-05-18,13:00,13706.75,83.0,13793.75
2026-05-18 14:00,2026-05-18,14:00,13981.8,59.0,14043.8
2026-05-18 15:00,2026-05-18,15:00,14123.15,96.0,14223.15
2026-05-18 16:00,2026-05-18,16:00,14161.31,138.0,14305.52
2026-05-18 17:00,2026-05-18,17:00,13825.3,122.0,13952.3
2026-05-18 18:00,2026-05-18,18:00,13584.65,136.0,13726.65
2026-05-18 19:00,2026-05-18,19:00,14670.82,291.0,14974.82
2026-05-18 19:30,2026-05-18,19:30,14476.6,290.0,14779.6
2026-05-18 20:00,2026-05-18,20:00,13784.76,302.0,14100.76
2026-05-18 21:00,2026-05-18,21:00,14051.94,247.0,14309.94
2026-05-18 22:00,2026-05-18,22:00,14081.8,209.0,14299.8
2026-05-18 23:00,2026-05-18,23:00,14410.62,134.0,14550.62
2026-05-19 00:00,2026-05-19,00:00,14263.51,119.0,14387.87
2026-05-19 01:00,2026-05-19,01:00,13891.71,142.0,14039.71
2026-05-19 02:00,2026-05-19,02:00,13335.72,119.0,13459.72
2026-05-19 03:00,2026-05-19,03:00,12935.84,110.0,13050.84
2026-05-19 04:00,2026-05-19,04:00,12615.26,101.0,12721.26
2026-05-19 05:00,2026-05-19,05:00,12439.78,96.0,12539.78
2026-05-19 06:00,2026-05-19,06:00,12264.98,94.0,12362.98
2026-05-19 07:00,2026-05-19,07:00,12556.55,93.0,12653.55
2026-05-19 08:00,2026-05-19,08:00,12710.63,109.0,12824.63
2026-05-19 09:00,2026-05-19,09:00,13177.95,120.0,13302.95
2026-05-19 10:00,2026-05-19,10:00,13509.77,118.0,13632.77
2026-05-19 11:00,2026-05-19,11:00,13888.44,110.0,14003.44
2026-05-19 12:00,2026-05-19,12:00,14381.46,50.0,14433.71
2026-05-19 13:00,2026-05-19,13:00,14638.44,72.0,14713.44
2026-05-19 14:00,2026-05-19,14:00,14894.31,114.0,15013.31
2026-05-19 15:00,2026-05-19,15:00,15102.35,116.0,15223.57
2026-05-19 16:00,2026-05-19,16:00,15213.11,136.0,15355.11
2026-05-19 17:00,2026-05-19,17:00,14927.15,206.0,15142.15
2026-05-19 18:00,2026-05-19,18:00,14656.74,168.0,14832.74
2026-05-19 19:00,2026-05-19,19:00,16231.0,257.0,16500.0
2026-05-19 19:30,2026-05-19,19:30,16558.0,279.0,16849.56
2026-05-19 20:00,2026-05-19,20:00,16676.0,305.0,16995.0
2026-05-19 21:00,2026-05-19,21:00,16621.0,314.0,16949.13
2026-05-19 22:00,2026-05-19,22:00,15897.0,605.0,16529.0
2026-05-19 23:00,2026-05-19,23:00,16227.0,452.0,16699.0
2026-05-20 00:00,2026-05-20,00:00,16395.0,322.0,16731.49
2026-05-20 01:00,2026-05-20,01:00,15968.0,288.0,16269.0
2026-05-20 02:00,2026-05-20,02:00,15380.36,239.0,15630.36
2026-05-20 03:00,2026-05-20,03:00,15066.36,223.0,15299.36
2026-05-20 04:00,2026-05-20,04:00,14613.0,217.0,14840.0
2026-05-20 05:00,2026-05-20,05:00,14299.0,173.0,14480.0
2026-05-20 06:00,2026-05-20,06:00,13986.36,139.0,14131.36
2026-05-20 07:00,2026-05-20,07:00,13915.45,121.0,14041.9
2026-05-20 08:00,2026-05-20,08:00,13897.95,92.0,13993.95
2026-05-20 09:00,2026-05-20,09:00,14135.31,194.0,14338.31
2026-05-20 10:00,2026-05-20,10:00,14579.23,113.0,14697.32
2026-05-20 11:00,2026-05-20,11:00,15026.13,175.0,15209.13
2026-05-20 12:00,2026-05-20,12:00,15418.78,301.0,15733.78
2026-05-20 13:00,2026-05-20,13:00,15354.79,507.0,15884.79
2026-05-20 14:00,2026-05-20,14:00,15495.56,438.0,15953.56
2026-05-20 15:00,2026-05-20,15:00,15613.89,525.0,16162.89
2026-05-20 16:00,2026-05-20,16:00,15148.66,608.0,15783.66
2026-05-20 17:00,2026-05-20,17:00,15186.65,676.0,15892.65
2026-05-20 18:00,2026-05-20,18:00,14933.94,647.0,15609.94
2026-05-20 19:00,2026-05-20,19:00,16217.36,625.0,16870.36
2026-05-20 19:30,2026-05-20,19:30,16921.69,535.0,17480.69
2026-05-20 20:00,2026-05-20,20:00,16860.18,593.0,17480.18
2026-05-20 21:00,2026-05-20,21:00,17200.79,392.0,17610.79
2026-05-20 22:00,2026-05-20,22:00,16975.18,445.0,17440.18
2026-05-20 23:00,2026-05-20,23:00,16698.97,823.0,17558.97
2026-05-21 00:00,2026-05-21,00:00,15911.57,1403.0,17377.71
2026-05-21 01:00,2026-05-21,01:00,15643.45,1296.0,16997.45
2026-05-21 02:00,2026-05-21,02:00,15548.96,1196.0,16798.96
2026-05-21 03:00,2026-05-21,03:00,15431.19,974.0,16449.19
2026-05-21 04:00,2026-05-21,04:00,15385.82,549.0,15959.82
2026-05-21 05:00,2026-05-21,05:00,14807.58,366.0,15189.58
2026-05-21 06:00,2026-05-21,06:00,14332.17,267.0,14611.17
2026-05-21 07:00,2026-05-21,07:00,13975.47,218.0,14203.28
2026-05-21 08:00,2026-05-21,08:00,13627.25,177.0,13812.25
2026-05-21 09:00,2026-05-21,09:00,13748.66,171.0,13927.66
2026-05-21 10:00,2026-05-21,10:00,13597.32,83.0,13684.32
2026-05-21 11:00,2026-05-21,11:00,13542.63,378.0,13937.63
2026-05-21 12:00,2026-05-21,12:00,13890.88,432.0,14341.88
2026-05-21 13:00,2026-05-21,13:00,14104.92,439.0,14563.92
2026-05-21 14:00,2026-05-21,14:00,14241.46,530.0,14795.31
2026-05-21 15:00,2026-05-21,15:00,14435.35,832.0,15304.35
2026-05-21 16:00,2026-05-21,16:00,14559.13,1008.0,15612.13
2026-05-21 17:00,2026-05-21,17:00,14358.63,1013.0,15417.63
2026-05-21 18:00,2026-05-21,18:00,14482.97,605.0,15114.97
2026-05-21 19:00,2026-05-21,19:00,15903.8,654.0,16586.8
2026-05-21 19:30,2026-05-21,19:30,16502.7,660.0,17192.7
2026-05-21 20:00,2026-05-21,20:00,16278.72,806.0,17120.72
2026-05-21 21:00,2026-05-21,21:00,16531.26,674.0,17235.26
2026-05-21 22:00,2026-05-21,22:00,16498.03,262.0,16772.03
2026-05-21 23:00,2026-05-21,23:00,16471.38,319.0,16804.38
2026-05-22 00:00,2026-05-22,00:00,16095.81,1053.0,17195.81
2026-05-22 01:00,2026-05-22,01:00,15176.78,1388.0,16626.78
2026-05-22 02:00,2026-05-22,02:00,15074.59,1285.0,16417.59
2026-05-22 03:00,2026-05-22,03:00,14888.07,1250.0,16194.07
2026-05-22 04:00,2026-05-22,04:00,14784.16,728.0,15545.16
2026-05-22 05:00,2026-05-22,05:00,14495.33,388.0,14900.33
2026-05-22 06:00,2026-05-22,06:00,13887.95,319.0,14220.95
2026-05-22 07:00,2026-05-22,07:00,13397.04,370.0,13784.04
2026-05-22 08:00,2026-05-22,08:00,13027.36,106.0,13138.36
2026-05-22 09:00,2026-05-22,09:00,13078.51,59.0,13140.51
2026-05-22 10:00,2026-05-22,10:00,13019.99,40.0,13061.99
2026-05-22 11:00,2026-05-22,11:00,12972.61,0.0,12972.61
2026-05-22 12:00,2026-05-22,12:00,12804.59,43.0,12849.59
2026-05-22 13:00,2026-05-22,13:00,13567.1,22.0,13590.1
2026-05-22 14:00,2026-05-22,14:00,13389.44,25.0,13415.44
2026-05-22 15:00,2026-05-22,15:00,13609.82,99.0,13712.82
2026-05-22 16:00,2026-05-22,16:00,13427.98,0.0,13427.98
2026-05-22 17:00,2026-05-22,17:00,13308.66,10.0,13318.66
2026-05-22 18:00,2026-05-22,18:00,13280.48,20.0,13301.48
2026-05-22 19:00,2026-05-22,19:00,14855.0,175.0,15038.0
2026-05-22 19:30,2026-05-22,19:30,15649.0,203.0,15861.0
2026-05-22 20:00,2026-05-22,20:00,15539.0,171.0,15718.0
2026-05-22 21:00,2026-05-22,21:00,15768.0,299.0,16080.0
2026-05-22 22:00,2026-05-22,22:00,15747.0,157.0,15911.0
2026-05-22 23:00,2026-05-22,23:00,15778.0,277.0,16067.0
2026-05-23 00:00,2026-05-23,00:00,15415.0,465.0,15900.93
2026-05-23 01:00,2026-05-23,01:00,14930.56,420.0,15369.56
2026-05-23 02:00,2026-05-23,02:00,14485.56,233.0,14728.56
2026-05-23 03:00,2026-05-23,03:00,14222.86,233.0,14465.86
2026-05-23 04:00,2026-05-23,04:00,13804.5,233.0,14047.5
2026-05-23 05:00,2026-05-23,05:00,13680.5,210.0,13899.5
2026-05-23 06:00,2026-05-23,06:00,13024.08,215.0,13249.08
2026-05-23 07:00,2026-05-23,07:00,12988.3,198.0,13195.3
2026-05-23 08:00,2026-05-23,08:00,13222.2,155.0,13384.2
2026-05-23 09:00,2026-05-23,09:00,13322.95,120.0,13447.95
2026-05-23 10:00,2026-05-23,10:00,13692.93,133.0,13831.93
2026-05-23 11:00,2026-05-23,11:00,13994.17,229.0,14233.17
2026-05-23 12:00,2026-05-23,12:00,14442.69,449.0,14911.69
2026-05-23 13:00,2026-05-23,13:00,14780.72,316.0,15110.94
2026-05-23 14:00,2026-05-23,14:00,15007.6,319.0,15340.6
2026-05-23 15:00,2026-05-23,15:00,15243.09,883.0,16166.09
2026-05-23 16:00,2026-05-23,16:00,14950.47,477.0,15448.47
2026-05-23 17:00,2026-05-23,17:00,14880.25,275.0,15167.25
2026-05-23 18:00,2026-05-23,18:00,14722.76,146.0,14875.76
2026-05-23 19:00,2026-05-23,19:00,16244.15,316.0,16574.15
2026-05-23 19:30,2026-05-23,19:30,16446.41,489.0,16957.41
2026-05-23 20:00,2026-05-23,20:00,16248.98,274.0,16534.98
2026-05-23 21:00,2026-05-23,21:00,16339.22,343.0,16697.22
2026-05-23 22:00,2026-05-23,22:00,15666.0,220.0,15896.0
2026-05-23 23:00,2026-05-23,23:00,15757.09,190.0,15956.09
2026-05-24 00:00,2026-05-24,00:00,15406.71,337.0,15758.88
2026-05-24 01:00,2026-05-24,01:00,15038.33,211.0,15258.33
2026-05-24 02:00,2026-05-24,02:00,14348.41,138.0,14492.62
2026-05-24 03:00,2026-05-24,03:00,13881.7,106.0,13992.47
2026-05-24 04:00,2026-05-24,04:00,13384.91,85.0,13473.74
2026-05-24 05:00,2026-05-24,05:00,12898.89,77.0,12979.36
2026-05-24 06:00,2026-05-24,06:00,12626.38,54.0,12682.81
2026-05-24 07:00,2026-05-24,07:00,12935.47,34.0,12971.47
2026-05-24 08:00,2026-05-24,08:00,13119.37,31.0,13151.37
2026-05-24 09:00,2026-05-24,09:00,13249.35,31.0,13281.35
2026-05-24 10:00,2026-05-24,10:00,13531.75,150.0,13688.5
2026-05-24 11:00,2026-05-24,11:00,13881.43,156.0,14044.43
2026-05-24 12:00,2026-05-24,12:00,14325.43,326.0,14666.1
2026-05-24 13:00,2026-05-24,13:00,14762.56,261.0,15035.31
2026-05-24 14:00,2026-05-24,14:00,14769.54,285.0,15067.37
2026-05-24 15:00,2026-05-24,15:00,15036.63,634.0,15699.63
2026-05-24 16:00,2026-05-24,16:00,14349.64,75.0,14427.64
2026-05-24 17:00,2026-05-24,17:00,12681.92,0.0,12681.92
2026-05-24 18:00,2026-05-24,18:00,12468.76,0.0,12468.76
2026-05-24 19:00,2026-05-24,19:00,14048.7,10.0,14058.7
2026-05-24 19:30,2026-05-24,19:30,14409.68,22.0,14432.68
2026-05-24 20:00,2026-05-24,20:00,14493.44,18.0,14512.25
2026-05-24 21:00,2026-05-24,21:00,14501.86,191.0,14701.86
2026-05-24 22:00,2026-05-24,22:00,14210.68,115.0,14330.86
2026-05-24 23:00,2026-05-24,23:00,13989.29,107.0,14101.11
2026-05-25 00:00,2026-05-25,00:00,14022.24,285.0,14320.24
2026-05-25 01:00,2026-05-25,01:00,13677.83,136.0,13819.83
2026-05-25 02:00,2026-05-25,02:00,13496.87,95.0,13595.87
2026-05-25 03:00,2026-05-25,03:00,13155.62,85.0,13244.45
2026-05-25 04:00,2026-05-25,04:00,12558.74,80.0,12642.34
2026-05-25 05:00,2026-05-25,05:00,12239.68,80.0,12323.68
2026-05-25 06:00,2026-05-25,06:00,11728.98,102.0,11835.57
2026-05-25 07:00,2026-05-25,07:00,11627.12,127.0,11760.12
2026-05-25 08:00,2026-05-25,08:00,11252.69,73.0,11328.69
2026-05-25 09:00,2026-05-25,09:00,11334.39,70.0,11407.39
2026-05-25 10:00,2026-05-25,10:00,11346.2,67.0,11416.22
2026-05-25 11:00,2026-05-25,11:00,11266.34,57.0,11326.34
2026-05-25 12:00,2026-05-25,12:00,10959.69,0.0,10959.69
2026-05-25 13:00,2026-05-25,13:00,11070.78,0.0,11070.78
2026-05-25 14:00,2026-05-25,14:00,11250.44,0.0,11250.44
2026-05-25 15:00,2026-05-25,15:00,11629.76,0.0,11629.76
2026-05-25 16:00,2026-05-25,16:00,11702.99,0.0,11702.99
2026-05-25 17:00,2026-05-25,17:00,11573.61,0.0,11573.61
2026-05-25 18:00,2026-05-25,18:00,11394.25,0.0,11394.25
2026-05-25 19:00,2026-05-25,19:00,12620.0,0.0,12620.0
2026-05-25 19:30,2026-05-25,19:30,13356.0,17.0,13374.0
2026-05-25 20:00,2026-05-25,20:00,13293.0,37.0,13332.0
2026-05-25 21:00,2026-05-25,21:00,13587.0,27.0,13615.0
2026-05-25 22:00,2026-05-25,22:00,13678.0,20.0,13699.0
2026-05-25 23:00,2026-05-25,23:00,13635.0,34.0,13671.0
2026-05-26 00:00,2026-05-26,00:00,13338.0,44.0,13383.98
2026-05-26 01:00,2026-05-26,01:00,12460.0,29.0,12490.0
2026-05-26 02:00,2026-05-26,02:00,11369.0,0.0,11369.0
2026-05-26 03:00,2026-05-26,03:00,10539.0,0.0,10539.0
2026-05-26 04:00,2026-05-26,04:00,9387.0,0.0,9387.0
2026-05-26 05:00,2026-05-26,05:00,8047.0,0.0,8047.0
2026-05-26 06:00,2026-05-26,06:00,7747.74,0.0,7747.74
2026-05-26 07:00,2026-05-26,07:00,8084.96,0.0,8084.96
2026-05-26 08:00,2026-05-26,08:00,8752.76,0.0,8752.76
2026-05-26 09:00,2026-05-26,09:00,9169.2,0.0,9169.2
2026-05-26 10:00,2026-05-26,10:00,8945.85,0.0,8945.85
2026-05-26 11:00,2026-05-26,11:00,9084.43,0.0,9084.43
2026-05-26 12:00,2026-05-26,12:00,8449.22,0.0,8449.22
2026-05-26 13:00,2026-05-26,13:00,7845.44,0.0,7845.44
2026-05-26 14:00,2026-05-26,14:00,8418.59,0.0,8418.59
2026-05-26 15:00,2026-05-26,15:00,8654.69,0.0,8654.69
2026-05-26 16:00,2026-05-26,16:00,8743.08,0.0,8743.08
2026-05-26 17:00,2026-05-26,17:00,8858.54,0.0,8858.54
2026-05-26 18:00,2026-05-26,18:00,9199.76,0.0,9199.76
2026-05-26 19:00,2026-05-26,19:00,10736.37,0.0,10736.37
2026-05-26 19:30,2026-05-26,19:30,11127.53,0.0,11127.53
2026-05-26 20:00,2026-05-26,20:00,11103.75,0.0,11103.75
2026-05-26 21:00,2026-05-26,21:00,11164.63,5.0,11169.63
2026-05-26 22:00,2026-05-26,22:00,11197.74,0.0,11197.74
2026-05-26 23:00,2026-05-26,23:00,11087.41,0.0,11087.41
2026-05-27 00:00,2026-05-27,00:00,10786.95,0.0,10786.95
2026-05-27 01:00,2026-05-27,01:00,10392.81,0.0,10392.81
2026-05-27 02:00,2026-05-27,02:00,10010.67,0.0,10010.67
2026-05-27 03:00,2026-05-27,03:00,9702.6,0.0,9702.6
2026-05-27 04:00,2026-05-27,04:00,9136.48,0.0,9136.48
2026-05-27 05:00,2026-05-27,05:00,8299.06,0.0,8299.06
2026-05-27 06:00,2026-05-27,06:00,7379.85,0.0,7379.85
2026-05-27 07:00,2026-05-27,07:00,6895.58,0.0,6895.58
2026-05-27 08:00,2026-05-27,08:00,6433.92,0.0,6433.92
2026-05-27 09:00,2026-05-27,09:00,5755.52,0.0,5755.52
2026-05-27 10:00,2026-05-27,10:00,5959.49,0.0,5959.49
2026-05-27 11:00,2026-05-27,11:00,6173.94,0.0,6173.94
2026-05-27 12:00,2026-05-27,12:00,6576.89,0.0,6576.89
2026-05-27 13:00,2026-05-27,13:00,7237.64,0.0,7237.64
2026-05-27 14:00,2026-05-27,14:00,7700.43,0.0,7700.43
2026-05-27 15:00,2026-05-27,15:00,7861.79,0.0,7861.79
2026-05-27 16:00,2026-05-27,16:00,7872.63,0.0,7872.63
2026-05-27 17:00,2026-05-27,17:00,7934.3,0.0,7934.3
2026-05-27 18:00,2026-05-27,18:00,8284.9,0.0,8284.9
2026-05-27 19:00,2026-05-27,19:00,9650.0,0.0,9650.0
2026-05-27 19:30,2026-05-27,19:30,9967.0,0.0,9967.0
2026-05-27 20:00,2026-05-27,20:00,9968.0,0.0,9968.0
2026-05-27 21:00,2026-05-27,21:00,9865.0,0.0,9865.0
2026-05-27 22:00,2026-05-27,22:00,9794.0,0.0,9794.0
2026-05-27 23:00,2026-05-27,23:00,9745.0,0.0,9745.0
2026-05-28 00:00,2026-05-28,00:00,9594.0,0.0,9594.0
2026-05-28 01:00,2026-05-28,01:00,9297.0,0.0,9297.0
2026-05-28 02:00,2026-05-28,02:00,9045.0,0.0,9045.0
2026-05-28 03:00,2026-05-28,03:00,8647.0,0.0,8647.0
2026-05-28 04:00,2026-05-28,04:00,8328.0,0.0,8328.0
2026-05-28 05:00,2026-05-28,05:00,8284.0,0.0,8284.0
2026-05-28 06:00,2026-05-28,06:00,8792.11,0.0,8792.11
2026-05-28 07:00,2026-05-28,07:00,9221.57,0.0,9221.57
2026-05-28 08:00,2026-05-28,08:00,8477.33,0.0,8477.33
2026-05-28 09:00,2026-05-28,09:00,7712.2,0.0,7712.2
2026-05-28 10:00,2026-05-28,10:00,7412.37,0.0,7412.37
2026-05-28 11:00,2026-05-28,11:00,7540.04,0.0,7540.04
2026-05-28 12:00,2026-05-28,12:00,7819.3,0.0,7819.3
2026-05-28 13:00,2026-05-28,13:00,8482.27,0.0,8482.27
2026-05-28 14:00,2026-05-28,14:00,9083.9,0.0,9083.9
2026-05-28 15:00,2026-05-28,15:00,9724.16,0.0,9724.16
2026-05-28 16:00,2026-05-28,16:00,9915.94,0.0,9915.94
2026-05-28 17:00,2026-05-28,17:00,10239.61,0.0,10239.61
2026-05-28 18:00,2026-05-28,18:00,10235.78,0.0,10235.78
2026-05-28 19:00,2026-05-28,19:00,11594.0,0.0,11594.0
2026-05-28 19:30,2026-05-28,19:30,12359.0,0.0,12359.0
2026-05-28 20:00,2026-05-28,20:00,12043.0,0.0,12043.0
2026-05-28 21:00,2026-05-28,21:00,12364.7,14.0,12379.7
2026-05-28 22:00,2026-05-28,22:00,12407.0,8.0,12415.0
2026-05-28 23:00,2026-05-28,23:00,12518.0,8.0,12526.0
2026-05-29 00:00,2026-05-29,00:00,12338.0,8.0,12346.36
2026-05-29 01:00,2026-05-29,01:00,11852.0,0.0,11852.0
2026-05-29 02:00,2026-05-29,02:00,11281.0,0.0,11281.0
2026-05-29 03:00,2026-05-29,03:00,10951.0,0.0,10951.0
2026-05-29 04:00,2026-05-29,04:00,10573.0,0.0,10573.0
2026-05-29 05:00,2026-05-29,05:00,10255.0,0.0,10255.0
2026-05-29 06:00,2026-05-29,06:00,9886.37,0.0,9886.37
2026-05-29 07:00,2026-05-29,07:00,10012.97,0.0,10012.97
2026-05-29 08:00,2026-05-29,08:00,10167.52,0.0,10167.52
2026-05-29 09:00,2026-05-29,09:00,10352.48,0.0,10352.48
2026-05-29 10:00,2026-05-29,10:00,10281.07,0.0,10281.07
2026-05-29 11:00,2026-05-29,11:00,10531.99,0.0,10531.99
2026-05-29 12:00,2026-05-29,12:00,11107.0,0.0,11107.0
2026-05-29 13:00,2026-05-29,13:00,12118.53,0.0,12118.53
2026-05-29 14:00,2026-05-29,14:00,11905.3,5.0,11910.3
2026-05-29 15:00,2026-05-29,15:00,11165.94,0.0,11165.94
2026-05-29 16:00,2026-05-29,16:00,9542.16,0.0,9542.16
2026-05-29 17:00,2026-05-29,17:00,7953.56,0.0,7953.56
2026-05-29 18:00,2026-05-29,18:00,7341.39,0.0,7341.39
2026-05-29 19:00,2026-05-29,19:00,8893.27,0.0,8893.27
2026-05-29 19:30,2026-05-29,19:30,9578.93,0.0,9578.93
2026-05-29 20:00,2026-05-29,20:00,9955.0,0.0,9955.0
2026-05-29 21:00,2026-05-29,21:00,10776.11,5.0,10781.11
2026-05-29 22:00,2026-05-29,22:00,11092.63,0.0,11092.63
2026-05-29 23:00,2026-05-29,23:00,11017.02,0.0,11017.02
2026-05-30 00:00,2026-05-30,00:00,11207.61,3.0,11210.75
2026-05-30 01:00,2026-05-30,01:00,11009.9,0.0,11009.9
2026-05-30 02:00,2026-05-30,02:00,10808.06,0.0,10808.06
2026-05-30 03:00,2026-05-30,03:00,10566.74,0.0,10566.74
2026-05-30 04:00,2026-05-30,04:00,10277.07,0.0,10277.07
2026-05-30 05:00,2026-05-30,05:00,9902.96,0.0,9902.96
2026-05-30 06:00,2026-05-30,06:00,9523.67,0.0,9523.67
2026-05-30 07:00,2026-05-30,07:00,9553.51,0.0,9553.51
2026-05-30 08:00,2026-05-30,08:00,9626.26,0.0,9626.26
2026-05-30 09:00,2026-05-30,09:00,9502.25,0.0,9502.25
2026-05-30 10:00,2026-05-30,10:00,9701.65,40.0,9743.65
2026-05-30 11:00,2026-05-30,11:00,9958.75,40.0,10000.75
2026-05-30 12:00,2026-05-30,12:00,10488.98,50.0,10540.98
2026-05-30 13:00,2026-05-30,13:00,11192.86,0.0,11192.86
2026-05-30 14:00,2026-05-30,14:00,11547.6,0.0,11547.6
2026-05-30 15:00,2026-05-30,15:00,11584.98,0.0,11584.98
2026-05-30 16:00,2026-05-30,16:00,10771.17,0.0,10771.17
2026-05-30 17:00,2026-05-30,17:00,11112.53,0.0,11112.53
2026-05-30 18:00,2026-05-30,18:00,10793.13,0.0,10793.13
2026-05-30 19:00,2026-05-30,19:00,11982.0,0.0,11982.0
2026-05-30 19:30,2026-05-30,19:30,13200.0,0.0,13200.0
2026-05-30 20:00,2026-05-30,20:00,13242.0,0.0,13242.0
2026-05-30 21:00,2026-05-30,21:00,13659.5,12.0,13672.5
2026-05-30 22:00,2026-05-30,22:00,13637.3,30.0,13668.3
2026-05-30 23:00,2026-05-30,23:00,13686.1,40.0,13728.1
2026-05-31 00:00,2026-05-31,00:00,13623.0,67.0,13693.02
2026-05-31 01:00,2026-05-31,01:00,13300.0,35.0,13337.0
2026-05-31 02:00,2026-05-31,02:00,12999.0,35.0,13036.0
2026-05-31 03:00,2026-05-31,03:00,12641.0,25.0,12667.0
2026-05-31 04:00,2026-05-31,04:00,12408.0,15.0,12424.0
2026-05-31 05:00,2026-05-31,05:00,12128.0,5.0,12133.0
2026-05-31 06:00,2026-05-31,06:00,11426.78,0.0,11426.78
2026-05-31 07:00,2026-05-31,07:00,11391.23,0.0,11391.23
2026-05-31 08:00,2026-05-31,08:00,11325.2,0.0,11325.2
2026-05-31 09:00,2026-05-31,09:00,11255.85,0.0,11255.85
2026-05-31 10:00,2026-05-31,10:00,11105.13,0.0,11105.13
2026-05-31 11:00,2026-05-31,11:00,11225.75,0.0,11225.75
2026-05-31 12:00,2026-05-31,12:00,11716.03,0.0,11716.03
2026-05-31 13:00,2026-05-31,13:00,12280.1,0.0,12280.1
2026-05-31 14:00,2026-05-31,14:00,12533.63,0.0,12533.63
2026-05-31 15:00,2026-05-31,15:00,12473.11,0.0,12473.11
2026-05-31 16:00,2026-05-31,16:00,12207.3,0.0,12207.3
2026-05-31 17:00,2026-05-31,17:00,11776.76,0.0,11776.76
2026-05-31 18:00,2026-05-31,18:00,11450.79,0.0,11450.79
2026-05-31 19:00,2026-05-31,19:00,13112.5,0.0,13112.5
2026-05-31 19:30,2026-05-31,19:30,13427.5,191.0,13627.5
2026-05-31 20:00,2026-05-31,20:00,13830.5,92.0,13926.5
2026-05-31 21:00,2026-05-31,21:00,14206.5,47.0,14255.5
2026-05-31 22:00,2026-05-31,22:00,14450.5,163.0,14620.5
2026-05-31 23:00,2026-05-31,23:00,14513.5,157.0,14677.5
2026-06-01 00:00,2026-06-01,00:00,14464.0,75.0,14542.38
2026-06-01 01:00,2026-06-01,01:00,14277.0,60.0,14340.0
2026-06-01 02:00,2026-06-01,02:00,13657.0,65.0,13725.0
2026-06-01 03:00,2026-06-01,03:00,13303.0,45.0,13350.0
2026-06-01 04:00,2026-06-01,04:00,12965.0,40.0,13007.0
2026-06-01 05:00,2026-06-01,05:00,12690.0,40.0,12732.0
2026-06-01 06:00,2026-06-01,06:00,12313.71,45.0,12360.71
2026-06-01 07:00,2026-06-01,07:00,12250.89,40.0,12292.89
2026-06-01 08:00,2026-06-01,08:00,12304.7,30.0,12335.7
2026-06-01 09:00,2026-06-01,09:00,12604.87,15.0,12620.87
2026-06-01 10:00,2026-06-01,10:00,12695.71,15.0,12711.39
2026-06-01 11:00,2026-06-01,11:00,12840.9,15.0,12856.58
2026-06-01 12:00,2026-06-01,12:00,13150.4,15.0,13166.08
2026-06-01 13:00,2026-06-01,13:00,13567.7,15.0,13583.38
2026-06-01 14:00,2026-06-01,14:00,13558.28,15.0,13574.28
2026-06-01 15:00,2026-06-01,15:00,13572.02,17.0,13589.79
2026-06-01 16:00,2026-06-01,16:00,13484.4,20.0,13505.3
2026-06-01 17:00,2026-06-01,17:00,13217.78,0.0,13217.78
2026-06-01 18:00,2026-06-01,18:00,12547.89,0.0,12547.89
2026-06-01 19:00,2026-06-01,19:00,14261.94,55.0,14318.94
2026-06-01 19:30,2026-06-01,19:30,14892.7,70.0,14965.7
2026-06-01 20:00,2026-06-01,20:00,14951.57,90.0,15045.57
2026-06-01 21:00,2026-06-01,21:00,15128.26,146.0,15281.26
2026-06-01 22:00,2026-06-01,22:00,15141.49,85.0,15230.49
2026-06-01 23:00,2026-06-01,23:00,15178.71,142.0,15326.71
2026-06-02 00:00,2026-06-02,00:00,15147.78,237.0,15395.45
2026-06-02 01:00,2026-06-02,01:00,15043.18,142.0,15191.57
2026-06-02 02:00,2026-06-02,02:00,14655.86,135.0,14796.86
2026-06-02 03:00,2026-06-02,03:00,14349.92,127.0,14482.64
2026-06-02 04:00,2026-06-02,04:00,13955.95,122.0,14083.44
2026-06-02 05:00,2026-06-02,05:00,13719.59,115.0,13839.77
2026-06-02 06:00,2026-06-02,06:00,13047.02,80.0,13130.62
2026-06-02 07:00,2026-06-02,07:00,13019.02,103.0,13126.66
2026-06-02 08:00,2026-06-02,08:00,12967.61,105.0,13077.34
2026-06-02 09:00,2026-06-02,09:00,13143.42,15.0,13159.1
2026-06-02 10:00,2026-06-02,10:00,13239.57,15.0,13255.25
2026-06-02 11:00,2026-06-02,11:00,13536.8,15.0,13552.48
2026-06-02 12:00,2026-06-02,12:00,13824.9,24.0,13849.9
2026-06-02 13:00,2026-06-02,13:00,14328.36,30.0,14359.71
2026-06-02 14:00,2026-06-02,14:00,14522.81,45.0,14569.81
2026-06-02 15:00,2026-06-02,15:00,14747.6,48.0,14797.6
2026-06-02 16:00,2026-06-02,16:00,14422.99,35.0,14459.57
2026-06-02 17:00,2026-06-02,17:00,14106.25,40.0,14148.25
2026-06-02 18:00,2026-06-02,18:00,13410.99,57.0,13470.99
2026-06-02 19:00,2026-06-02,19:00,14832.0,177.0,15017.0
2026-06-02 19:30,2026-06-02,19:30,15687.5,182.0,15877.5
2026-06-02 20:00,2026-06-02,20:00,15717.5,198.0,15924.5
2026-06-02 21:00,2026-06-02,21:00,15820.76,375.0,16212.76
2026-06-02 22:00,2026-06-02,22:00,15736.76,279.0,16028.76
2026-06-02 23:00,2026-06-02,23:00,15897.76,277.0,16186.76
2026-06-03 00:00,2026-06-03,00:00,15810.76,391.0,16219.36
2026-06-03 01:00,2026-06-03,01:00,15520.76,252.0,15783.76
2026-06-03 02:00,2026-06-03,02:00,15162.76,255.0,15428.76
2026-06-03 03:00,2026-06-03,03:00,14807.56,245.0,15063.56
2026-06-03 04:00,2026-06-03,04:00,14478.0,220.0,14708.0
2026-06-03 05:00,2026-06-03,05:00,14319.0,210.0,14538.0
2026-06-03 06:00,2026-06-03,06:00,13612.84,224.0,13846.84
2026-06-03 07:00,2026-06-03,07:00,13434.78,236.0,13681.78
2026-06-03 08:00,2026-06-03,08:00,13295.83,135.0,13436.83
2026-06-03 09:00,2026-06-03,09:00,13504.65,145.0,13656.65
2026-06-03 10:00,2026-06-03,10:00,13941.13,80.0,14025.13
2026-06-03 11:00,2026-06-03,11:00,14063.45,191.0,14263.45
2026-06-03 12:00,2026-06-03,12:00,14553.08,304.0,14871.08
2026-06-03 13:00,2026-06-03,13:00,15039.49,196.0,15244.49
2026-06-03 14:00,2026-06-03,14:00,15193.19,186.0,15387.56
2026-06-03 15:00,2026-06-03,15:00,15189.41,374.0,15580.41
2026-06-03 16:00,2026-06-03,16:00,15153.1,208.0,15370.1
2026-06-03 17:00,2026-06-03,17:00,14375.03,208.0,14592.03
2026-06-03 18:00,2026-06-03,18:00,13447.48,188.0,13643.48
2026-06-03 19:00,2026-06-03,19:00,14922.67,233.0,15165.67
2026-06-03 19:30,2026-06-03,19:30,15660.3,251.0,15922.3
2026-06-03 20:00,2026-06-03,20:00,15506.46,207.0,15722.46
2026-06-03 21:00,2026-06-03,21:00,15870.67,401.0,16289.67
2026-06-03 22:00,2026-06-03,22:00,15806.4,434.0,16260.4
2026-06-03 23:00,2026-06-03,23:00,15979.83,362.0,16357.83
2026-06-04 00:00,2026-06-04,00:00,16015.91,552.0,16592.75
2026-06-04 01:00,2026-06-04,01:00,15752.02,349.0,16116.73
2026-06-04 02:00,2026-06-04,02:00,15243.67,330.0,15588.67
2026-06-04 03:00,2026-06-04,03:00,14912.88,308.0,15234.88
2026-06-04 04:00,2026-06-04,04:00,14547.56,283.0,14843.56
2026-06-04 05:00,2026-06-04,05:00,14183.44,278.0,14474.44
2026-06-04 06:00,2026-06-04,06:00,13711.62,257.0,13980.62
2026-06-04 07:00,2026-06-04,07:00,13596.27,235.0,13842.27
2026-06-04 08:00,2026-06-04,08:00,13452.95,200.0,13661.95
2026-06-04 09:00,2026-06-04,09:00,13680.7,243.0,13934.7
2026-06-04 10:00,2026-06-04,10:00,13944.79,186.0,14138.79
2026-06-04 11:00,2026-06-04,11:00,14305.44,136.0,14447.44
2026-06-04 12:00,2026-06-04,12:00,14743.95,218.0,14971.95
2026-06-04 13:00,2026-06-04,13:00,14997.22,77.0,15077.22
2026-06-04 14:00,2026-06-04,14:00,15001.97,64.0,15068.97
2026-06-04 15:00,2026-06-04,15:00,15147.89,86.0,15237.89
2026-06-04 16:00,2026-06-04,16:00,14652.61,256.0,14920.13
2026-06-04 17:00,2026-06-04,17:00,13970.71,206.0,14185.71
2026-06-04 18:00,2026-06-04,18:00,12975.2,116.0,13096.2
2026-06-04 19:00,2026-06-04,19:00,14245.04,242.0,14497.93
2026-06-04 19:30,2026-06-04,19:30,14759.99,210.0,14978.99
2026-06-04 20:00,2026-06-04,20:00,14881.17,187.0,15076.17
2026-06-04 21:00,2026-06-04,21:00,14900.03,359.0,15275.03
2026-06-04 22:00,2026-06-04,22:00,14858.25,186.0,15052.25
2026-06-04 23:00,2026-06-04,23:00,15048.56,175.0,15231.44
2026-06-05 00:00,2026-06-05,00:00,15282.89,360.0,15659.09
2026-06-05 01:00,2026-06-05,01:00,15224.44,192.0,15425.08
2026-06-05 02:00,2026-06-05,02:00,15176.44,182.0,15366.63
2026-06-05 03:00,2026-06-05,03:00,14691.22,162.0,14860.51
2026-06-05 04:00,2026-06-05,04:00,14244.09,157.0,14408.16
2026-06-05 05:00,2026-06-05,05:00,13895.82,152.0,14054.66
2026-06-05 06:00,2026-06-05,06:00,13225.46,217.0,13452.23
2026-06-05 07:00,2026-06-05,07:00,12743.65,185.0,12936.65
2026-06-05 08:00,2026-06-05,08:00,12531.77,204.0,12744.95
2026-06-05 09:00,2026-06-05,09:00,12461.11,201.0,12671.11
2026-06-05 10:00,2026-06-05,10:00,12361.4,193.0,12563.4
2026-06-05 11:00,2026-06-05,11:00,12239.01,90.0,12333.01
2026-06-05 12:00,2026-06-05,12:00,12340.06,168.0,12516.06
2026-06-05 13:00,2026-06-05,13:00,12671.5,92.0,12767.5
2026-06-05 14:00,2026-06-05,14:00,12196.14,65.0,12264.14
2026-06-05 15:00,2026-06-05,15:00,12055.95,135.0,12196.95
2026-06-05 16:00,2026-06-05,16:00,11929.52,0.0,11929.52
2026-06-05 17:00,2026-06-05,17:00,11765.1,0.0,11765.1
2026-06-05 18:00,2026-06-05,18:00,11710.95,20.0,11731.95
2026-06-05 19:00,2026-06-05,19:00,13240.5,119.0,13364.5
2026-06-05 19:30,2026-06-05,19:30,13938.0,205.0,14152.23
2026-06-05 20:00,2026-06-05,20:00,13914.0,203.0,14126.14
2026-06-05 21:00,2026-06-05,21:00,14449.5,269.0,14730.5
2026-06-05 22:00,2026-06-05,22:00,14536.6,180.0,14724.6
2026-06-05 23:00,2026-06-05,23:00,14669.6,162.0,14838.6
2026-06-06 00:00,2026-06-06,00:00,14604.3,310.0,14928.3
2026-06-06 01:00,2026-06-06,01:00,14465.6,170.0,14643.6
2026-06-06 02:00,2026-06-06,02:00,13949.0,159.0,14115.0
2026-06-06 03:00,2026-06-06,03:00,13577.0,134.0,13717.0
2026-06-06 04:00,2026-06-06,04:00,13247.0,119.0,13371.0
2026-06-06 05:00,2026-06-06,05:00,13052.0,124.0,13182.0
2026-06-06 06:00,2026-06-06,06:00,12676.78,126.0,12808.78
2026-06-06 07:00,2026-06-06,07:00,12771.25,120.0,12896.25
2026-06-06 08:00,2026-06-06,08:00,12995.3,111.0,13111.3
2026-06-06 09:00,2026-06-06,09:00,13224.88,126.0,13356.88
2026-06-06 10:00,2026-06-06,10:00,13467.48,186.0,13661.48
2026-06-06 11:00,2026-06-06,11:00,13812.24,187.0,14007.24
2026-06-06 12:00,2026-06-06,12:00,13987.35,280.0,14280.35
2026-06-06 13:00,2026-06-06,13:00,14266.46,167.0,14441.46
2026-06-06 14:00,2026-06-06,14:00,13905.16,183.0,14096.4
2026-06-06 15:00,2026-06-06,15:00,14191.76,335.0,14541.76
2026-06-06 16:00,2026-06-06,16:00,13845.43,164.0,14016.81
2026-06-06 17:00,2026-06-06,17:00,13090.04,141.0,13237.04
2026-06-06 18:00,2026-06-06,18:00,12405.25,123.0,12534.25
2026-06-06 19:00,2026-06-06,19:00,13911.48,220.0,14141.48
2026-06-06 19:30,2026-06-06,19:30,14772.7,250.0,15033.7
2026-06-06 20:00,2026-06-06,20:00,14986.09,204.0,15199.27
2026-06-06 21:00,2026-06-06,21:00,15289.62,378.0,15684.62
2026-06-06 22:00,2026-06-06,22:00,15282.61,286.0,15581.61
2026-06-06 23:00,2026-06-06,23:00,15334.73,279.0,15626.29
2026-06-07 00:00,2026-06-07,00:00,15577.15,437.0,16033.82
2026-06-07 01:00,2026-06-07,01:00,14986.53,254.0,15251.96
2026-06-07 02:00,2026-06-07,02:00,14238.63,240.0,14489.63
2026-06-07 03:00,2026-06-07,03:00,13738.32,224.0,13972.32
2026-06-07 04:00,2026-06-07,04:00,13470.53,189.0,13668.53
2026-06-07 05:00,2026-06-07,05:00,13166.41,198.0,13373.41
2026-06-07 06:00,2026-06-07,06:00,13008.0,176.0,13192.0
2026-06-07 07:00,2026-06-07,07:00,13080.78,182.0,13270.78
2026-06-07 08:00,2026-06-07,08:00,13309.99,165.0,13481.99
2026-06-07 09:00,2026-06-07,09:00,13611.02,133.0,13750.02
2026-06-07 10:00,2026-06-07,10:00,13908.3,142.0,14056.69
2026-06-07 11:00,2026-06-07,11:00,14070.2,223.0,14303.2
2026-06-07 12:00,2026-06-07,12:00,14729.93,441.0,15190.93
2026-06-07 13:00,2026-06-07,13:00,15109.08,338.0,15462.08
2026-06-07 14:00,2026-06-07,14:00,15149.7,345.0,15510.7
2026-06-07 15:00,2026-06-07,15:00,15262.34,683.0,15976.34
2026-06-07 16:00,2026-06-07,16:00,14594.36,363.0,14973.36
2026-06-07 17:00,2026-06-07,17:00,14197.45,332.0,14544.45
2026-06-07 18:00,2026-06-07,18:00,13300.9,241.0,13552.9
2026-06-07 19:00,2026-06-07,19:00,14509.31,262.0,14783.31
2026-06-07 19:30,2026-06-07,19:30,15273.05,261.0,15546.05
2026-06-07 20:00,2026-06-07,20:00,15349.93,251.0,15611.93
2026-06-07 21:00,2026-06-07,21:00,15621.23,409.0,16048.23
2026-06-07 22:00,2026-06-07,22:00,15701.39,261.0,15974.39
2026-06-07 23:00,2026-06-07,23:00,15620.18,300.0,15934.18
2026-06-08 00:00,2026-06-08,00:00,15495.97,505.0,16023.97
2026-06-08 01:00,2026-06-08,01:00,15152.37,342.0,15509.37
2026-06-08 02:00,2026-06-08,02:00,14869.02,263.0,15144.02
2026-06-08 03:00,2026-06-08,03:00,14478.46,243.0,14732.46
2026-06-08 04:00,2026-06-08,04:00,14077.17,233.0,14320.17
2026-06-08 05:00,2026-06-08,05:00,13823.89,233.0,14066.89
2026-06-08 06:00,2026-06-08,06:00,13350.83,213.0,13573.42
2026-06-08 07:00,2026-06-08,07:00,13429.51,232.0,13671.51
2026-06-08 08:00,2026-06-08,08:00,13453.67,223.0,13686.67
2026-06-08 09:00,2026-06-08,09:00,13634.41,239.0,13884.41
2026-06-08 10:00,2026-06-08,10:00,13964.11,293.0,14270.11
2026-06-08 11:00,2026-06-08,11:00,14284.34,312.0,14610.34
2026-06-08 12:00,2026-06-08,12:00,14850.02,477.0,15348.02
2026-06-08 13:00,2026-06-08,13:00,14984.3,307.0,15305.3
2026-06-08 14:00,2026-06-08,14:00,15137.91,217.0,15364.91
2026-06-08 15:00,2026-06-08,15:00,15206.22,572.0,15804.22
2026-06-08 16:00,2026-06-08,16:00,15274.27,392.0,15684.27
2026-06-08 17:00,2026-06-08,17:00,14895.72,381.0,15293.72
2026-06-08 18:00,2026-06-08,18:00,14381.68,288.0,14682.68
2026-06-08 19:00,2026-06-08,19:00,15337.2,425.0,15781.2
2026-06-08 19:30,2026-06-08,19:30,15773.2,649.0,16451.2
2026-06-08 20:00,2026-06-08,20:00,15638.2,472.0,16131.2
2026-06-08 21:00,2026-06-08,21:00,15685.2,413.0,16117.2
2026-06-08 22:00,2026-06-08,22:00,15575.2,371.0,15963.2
2026-06-08 23:00,2026-06-08,23:00,15550.7,357.0,15923.7
2026-06-09 00:00,2026-06-09,00:00,15490.0,585.0,16101.33
2026-06-09 01:00,2026-06-09,01:00,15300.0,314.0,15628.13
2026-06-09 02:00,2026-06-09,02:00,14835.0,193.0,15036.69
2026-06-09 03:00,2026-06-09,03:00,14260.0,174.0,14441.83
2026-06-09 04:00,2026-06-09,04:00,13852.0,159.0,14018.16
2026-06-09 05:00,2026-06-09,05:00,13502.0,153.0,13661.89
2026-06-09 06:00,2026-06-09,06:00,13247.0,46.0,13295.07
2026-06-09 07:00,2026-06-09,07:00,13326.0,26.0,13353.17
2026-06-09 08:00,2026-06-09,08:00,13125.0,20.0,13145.9
2026-06-09 09:00,2026-06-09,09:00,13131.0,20.0,13151.9
2026-06-09 10:00,2026-06-09,10:00,13486.0,15.0,13501.68
2026-06-09 11:00,2026-06-09,11:00,13857.0,45.0,13904.03
2026-06-09 12:00,2026-06-09,12:00,14141.0,51.0,14194.3
2026-06-09 13:00,2026-06-09,13:00,14629.0,30.0,14660.35
2026-06-09 14:00,2026-06-09,14:00,14637.0,10.0,14647.45
2026-06-09 15:00,2026-06-09,15:00,14791.0,80.0,14874.6
2026-06-09 16:00,2026-06-09,16:00,14334.0,75.0,14412.38
2026-06-09 17:00,2026-06-09,17:00,13331.0,15.0,13346.68
2026-06-09 18:00,2026-06-09,18:00,13078.0,27.0,13106.22
2026-06-09 19:00,2026-06-09,19:00,14127.0,101.0,14232.55
2026-06-09 19:30,2026-06-09,19:30,14421.0,121.0,14547.45
2026-06-09 20:00,2026-06-09,20:00,14520.0,179.0,14707.06
2026-06-09 21:00,2026-06-09,21:00,14446.0,108.0,14558.86
2026-06-09 22:00,2026-06-09,22:00,14392.0,108.0,14504.86
2026-06-09 23:00,2026-06-09,23:00,14075.0,110.0,14189.95
2026-06-10 00:00,2026-06-10,00:00,14350.0,308.0,14671.86
2026-06-10 01:00,2026-06-10,01:00,14166.0,216.0,14391.72
2026-06-10 02:00,2026-06-10,02:00,13592.0,211.0,13812.5
2026-06-10 03:00,2026-06-10,03:00,13168.0,127.0,13300.72
2026-06-10 04:00,2026-06-10,04:00,12885.0,130.0,13020.85
2026-06-10 05:00,2026-06-10,05:00,12648.0,126.0,12779.67
2026-06-10 06:00,2026-06-10,06:00,12340.0,129.0,12474.81
2026-06-10 07:00,2026-06-10,07:00,12453.0,139.0,12598.26
2026-06-10 08:00,2026-06-10,08:00,12547.0,63.0,12612.84
2026-06-10 09:00,2026-06-10,09:00,12815.0,41.0,12857.85
2026-06-10 10:00,2026-06-10,10:00,13057.0,46.0,13105.07
2026-06-10 11:00,2026-06-10,11:00,13370.0,46.0,13418.07
2026-06-10 12:00,2026-06-10,12:00,13966.46,9.0,13975.46
2026-06-10 13:00,2026-06-10,13:00,14002.53,14.0,14017.53
2026-06-10 14:00,2026-06-10,14:00,13811.66,0.0,13811.66
2026-06-10 15:00,2026-06-10,15:00,13746.65,0.0,13746.65
2026-06-10 16:00,2026-06-10,16:00,13433.8,18.0,13452.8
2026-06-10 17:00,2026-06-10,17:00,13078.22,18.0,13097.22
2026-06-10 18:00,2026-06-10,18:00,12942.57,60.0,13005.57
2026-06-10 19:00,2026-06-10,19:00,14048.5,105.0,14158.5
2026-06-10 19:30,2026-06-10,19:30,14795.5,112.0,14912.5
2026-06-10 20:00,2026-06-10,20:00,14829.7,125.0,14960.7
2026-06-10 21:00,2026-06-10,21:00,15203.2,182.0,15393.2
2026-06-10 22:00,2026-06-10,22:00,15144.2,100.0,15248.2
2026-06-10 23:00,2026-06-10,23:00,15157.7,112.0,15274.7
2026-06-11 00:00,2026-06-11,00:00,14944.4,218.0,15172.21
2026-06-11 01:00,2026-06-11,01:00,14581.76,167.0,14756.76
2026-06-11 02:00,2026-06-11,02:00,14185.56,167.0,14360.56
2026-06-11 03:00,2026-06-11,03:00,13762.7,157.0,13926.7
2026-06-11 04:00,2026-06-11,04:00,13360.7,148.0,13515.7
2026-06-11 05:00,2026-06-11,05:00,13051.7,128.0,13185.7
2026-06-11 06:00,2026-06-11,06:00,12772.43,136.0,12914.55
2026-06-11 07:00,2026-06-11,07:00,12720.04,118.0,12843.04
2026-06-11 08:00,2026-06-11,08:00,12959.3,118.0,13082.3
2026-06-11 09:00,2026-06-11,09:00,13285.52,113.0,13403.61
2026-06-11 10:00,2026-06-11,10:00,13802.22,198.0,14009.22
2026-06-11 11:00,2026-06-11,11:00,14136.3,163.0,14306.3
2026-06-11 12:00,2026-06-11,12:00,14464.11,211.0,14684.11
2026-06-11 13:00,2026-06-11,13:00,14670.18,385.0,15072.51
2026-06-11 14:00,2026-06-11,14:00,14569.24,392.0,14978.88
2026-06-11 15:00,2026-06-11,15:00,14254.66,576.0,14856.66
2026-06-11 16:00,2026-06-11,16:00,13932.08,433.0,14384.08
2026-06-11 17:00,2026-06-11,17:00,13802.78,99.0,13905.78
2026-06-11 18:00,2026-06-11,18:00,13630.31,41.0,13673.31
2026-06-11 19:00,2026-06-11,19:00,14663.4,167.0,14838.4
2026-06-11 19:30,2026-06-11,19:30,15022.4,450.0,15492.4
2026-06-11 20:00,2026-06-11,20:00,15068.4,467.0,15556.4
2026-06-11 21:00,2026-06-11,21:00,14982.76,170.0,15160.41
2026-06-11 22:00,2026-06-11,22:00,14883.76,170.0,15061.76
2026-06-11 23:00,2026-06-11,23:00,14859.76,148.0,15014.76
2026-06-12 00:00,2026-06-12,00:00,14654.76,525.0,15203.39
2026-06-12 01:00,2026-06-12,01:00,14393.26,385.0,14795.59
2026-06-12 02:00,2026-06-12,02:00,14212.9,279.0,14504.46
2026-06-12 03:00,2026-06-12,03:00,13729.2,188.0,13925.66
2026-06-12 04:00,2026-06-12,04:00,13341.2,183.0,13532.44
2026-06-12 05:00,2026-06-12,05:00,12971.0,148.0,13125.66
2026-06-12 06:00,2026-06-12,06:00,12449.01,191.0,12648.61
2026-06-12 07:00,2026-06-12,07:00,12403.85,146.0,12556.85
2026-06-12 08:00,2026-06-12,08:00,12248.97,131.0,12385.97
2026-06-12 09:00,2026-06-12,09:00,12407.35,121.0,12533.8
2026-06-12 10:00,2026-06-12,10:00,12540.05,141.0,12687.05
2026-06-12 11:00,2026-06-12,11:00,12684.35,156.0,12847.35
2026-06-12 12:00,2026-06-12,12:00,13213.87,144.0,13363.87
2026-06-12 13:00,2026-06-12,13:00,14069.32,25.0,14095.32
2026-06-12 14:00,2026-06-12,14:00,13329.25,60.0,13392.25
2026-06-12 15:00,2026-06-12,15:00,13361.59,101.0,13467.59
2026-06-12 16:00,2026-06-12,16:00,12917.76,102.0,13024.76
2026-06-12 17:00,2026-06-12,17:00,12341.82,107.0,12453.82
2026-06-12 18:00,2026-06-12,18:00,12146.92,112.0,12263.92
2026-06-12 19:00,2026-06-12,19:00,13279.0,168.0,13455.0
2026-06-12 19:30,2026-06-12,19:30,14426.9,175.0,14609.9
2026-06-12 20:00,2026-06-12,20:00,14504.9,392.0,14914.9
2026-06-12 21:00,2026-06-12,21:00,15007.4,399.0,15424.4
2026-06-12 22:00,2026-06-12,22:00,14770.9,845.0,15653.9
2026-06-12 23:00,2026-06-12,23:00,14619.9,938.0,15599.9
2026-06-13 00:00,2026-06-13,00:00,14462.9,1347.0,15870.52
2026-06-13 01:00,2026-06-13,01:00,14259.32,1056.0,15362.84
2026-06-13 02:00,2026-06-13,02:00,14113.9,1012.0,15171.9
2026-06-13 03:00,2026-06-13,03:00,13884.9,929.0,14855.9
2026-06-13 04:00,2026-06-13,04:00,13670.4,508.0,14201.4
2026-06-13 05:00,2026-06-13,05:00,13345.2,152.0,13504.2
2026-06-13 06:00,2026-06-13,06:00,12690.61,143.0,12839.61
2026-06-13 07:00,2026-06-13,07:00,12871.54,188.0,13067.54
2026-06-13 08:00,2026-06-13,08:00,12741.2,178.0,12927.2
2026-06-13 09:00,2026-06-13,09:00,12947.14,142.0,13095.14
2026-06-13 10:00,2026-06-13,10:00,13109.92,73.0,13185.92
2026-06-13 11:00,2026-06-13,11:00,13388.89,134.0,13528.92
2026-06-13 12:00,2026-06-13,12:00,13863.2,289.0,14165.2
2026-06-13 13:00,2026-06-13,13:00,14164.45,401.0,14583.45
2026-06-13 14:00,2026-06-13,14:00,14146.6,425.0,14590.6
2026-06-13 15:00,2026-06-13,15:00,14161.97,463.0,14645.97
2026-06-13 16:00,2026-06-13,16:00,13987.02,372.0,14376.02
2026-06-13 17:00,2026-06-13,17:00,13711.05,175.0,13894.05
2026-06-13 18:00,2026-06-13,18:00,13585.18,126.0,13716.85
2026-06-13 19:00,2026-06-13,19:00,14520.7,1053.0,15620.7
2026-06-13 19:30,2026-06-13,19:30,14727.7,1249.0,16032.7
2026-06-13 20:00,2026-06-13,20:00,14914.7,1175.0,16142.7
2026-06-13 21:00,2026-06-13,21:00,15031.7,1516.0,16615.7
2026-06-13 22:00,2026-06-13,22:00,14888.7,1221.0,16164.7
2026-06-13 23:00,2026-06-13,23:00,14829.7,1672.0,16576.7
2026-06-14 00:00,2026-06-14,00:00,14466.2,1971.0,16526.2
2026-06-14 01:00,2026-06-14,01:00,14248.2,2072.0,16413.2
2026-06-14 02:00,2026-06-14,02:00,14148.2,1909.0,16143.2
2026-06-14 03:00,2026-06-14,03:00,14056.7,1452.0,15573.7
2026-06-14 04:00,2026-06-14,04:00,13974.7,1271.0,15302.7
2026-06-14 05:00,2026-06-14,05:00,13846.7,1196.0,15096.7
2026-06-14 06:00,2026-06-14,06:00,13664.79,996.0,14705.79
2026-06-14 07:00,2026-06-14,07:00,13740.2,223.0,13973.2
2026-06-14 08:00,2026-06-14,08:00,13731.87,205.0,13945.87
2026-06-14 09:00,2026-06-14,09:00,13800.66,592.0,14419.66
2026-06-14 10:00,2026-06-14,10:00,13785.64,779.0,14599.64
2026-06-14 11:00,2026-06-14,11:00,13971.79,936.0,14949.91
2026-06-14 12:00,2026-06-14,12:00,14136.76,1064.0,15248.76
2026-06-14 13:00,2026-06-14,13:00,14302.95,1163.0,15517.95
2026-06-14 14:00,2026-06-14,14:00,14267.46,1217.0,15539.46
2026-06-14 15:00,2026-06-14,15:00,14223.14,1379.0,15664.14
2026-06-14 16:00,2026-06-14,16:00,14086.46,1462.0,15614.46
2026-06-14 17:00,2026-06-14,17:00,13997.69,1072.0,15117.69
2026-06-14 18:00,2026-06-14,18:00,14222.82,381.0,14620.82
2026-06-14 19:00,2026-06-14,19:00,14813.62,1347.0,16221.62
2026-06-14 19:30,2026-06-14,19:30,14993.9,1945.0,17026.9
2026-06-14 20:00,2026-06-14,20:00,14897.9,1710.0,16684.9
2026-06-14 21:00,2026-06-14,21:00,15047.9,2050.0,17189.9
2026-06-14 22:00,2026-06-14,22:00,14956.9,1866.0,16906.9
2026-06-14 23:00,2026-06-14,23:00,14996.9,2172.0,17266.9
2026-06-15 00:00,2026-06-15,00:00,14561.9,2324.0,16990.48
2026-06-15 01:00,2026-06-15,01:00,14037.5,2347.0,16490.5
2026-06-15 02:00,2026-06-15,02:00,13932.5,2239.0,16272.5
2026-06-15 03:00,2026-06-15,03:00,13889.0,2098.0,16081.0
2026-06-15 04:00,2026-06-15,04:00,13868.0,1983.0,15940.0
2026-06-15 05:00,2026-06-15,05:00,13723.5,1704.0,15504.5
2026-06-15 06:00,2026-06-15,06:00,13578.76,265.0,13855.76
2026-06-15 07:00,2026-06-15,07:00,13567.49,202.0,13778.49
2026-06-15 08:00,2026-06-15,08:00,13630.64,158.0,13795.64
2026-06-15 09:00,2026-06-15,09:00,13756.5,311.0,14081.5
2026-06-15 10:00,2026-06-15,10:00,14069.1,371.0,14457.1
2026-06-15 11:00,2026-06-15,11:00,14247.86,608.0,14882.86
2026-06-15 12:00,2026-06-15,12:00,14236.55,1250.0,15542.8
2026-06-15 13:00,2026-06-15,13:00,14183.65,1565.0,15818.65
2026-06-15 14:00,2026-06-15,14:00,13960.96,1322.0,15341.96
2026-06-15 15:00,2026-06-15,15:00,13707.53,1373.0,15142.53
2026-06-15 16:00,2026-06-15,16:00,13709.08,999.0,14753.08
2026-06-15 17:00,2026-06-15,17:00,13460.5,712.0,14204.5
2026-06-15 18:00,2026-06-15,18:00,13597.95,675.0,14303.33
2026-06-15 19:00,2026-06-15,19:00,14418.3,1552.0,16040.14
2026-06-15 19:30,2026-06-15,19:30,14623.5,1666.0,16364.47
2026-06-15 20:00,2026-06-15,20:00,14722.5,1569.0,16362.11
2026-06-15 21:00,2026-06-15,21:00,15150.5,1703.0,16930.5
2026-06-15 22:00,2026-06-15,22:00,15019.5,1619.0,16711.5
2026-06-15 23:00,2026-06-15,23:00,14713.5,1888.0,16686.5
2026-06-16 00:00,2026-06-16,00:00,14201.5,2298.0,16602.91
2026-06-16 01:00,2026-06-16,01:00,13994.7,2164.0,16256.08
2026-06-16 02:00,2026-06-16,02:00,13919.7,2134.0,16149.73
2026-06-16 03:00,2026-06-16,03:00,13735.7,2065.0,15893.63
2026-06-16 04:00,2026-06-16,04:00,13665.7,2001.0,15756.75
2026-06-16 05:00,2026-06-16,05:00,13548.7,1903.0,15537.34
2026-06-16 06:00,2026-06-16,06:00,13462.97,1761.0,15302.97
2026-06-16 07:00,2026-06-16,07:00,13393.52,1626.0,15092.52
2026-06-16 08:00,2026-06-16,08:00,13338.71,1563.0,14971.71
2026-06-16 09:00,2026-06-16,09:00,13477.32,1722.0,15276.32
2026-06-16 10:00,2026-06-16,10:00,13395.17,2063.0,15551.17
2026-06-16 11:00,2026-06-16,11:00,13655.83,1862.0,15601.83
2026-06-16 12:00,2026-06-16,12:00,13630.2,2279.0,16012.2
2026-06-16 13:00,2026-06-16,13:00,13676.39,2384.0,16167.39
2026-06-16 14:00,2026-06-16,14:00,13672.79,2455.0,16237.79
2026-06-16 15:00,2026-06-16,15:00,13500.39,2761.0,16385.39
2026-06-16 16:00,2026-06-16,16:00,13320.45,2535.0,15969.45
2026-06-16 17:00,2026-06-16,17:00,13257.23,2455.0,15822.23
2026-06-16 18:00,2026-06-16,18:00,13389.17,2226.0,15715.17
2026-06-16 19:00,2026-06-16,19:00,14170.84,2497.0,16779.84
2026-06-16 19:30,2026-06-16,19:30,14449.17,2705.0,17276.17
2026-06-16 20:00,2026-06-16,20:00,14465.2,2611.0,17193.2
2026-06-16 21:00,2026-06-16,21:00,14579.39,2846.0,17553.39
2026-06-16 22:00,2026-06-16,22:00,14480.39,2587.0,17183.39
2026-06-16 23:00,2026-06-16,23:00,14450.26,2827.0,17404.26
2026-06-17 00:00,2026-06-17,00:00,13980.69,3275.0,17402.69
2026-06-17 01:00,2026-06-17,01:00,13722.32,3020.0,16878.22
2026-06-17 02:00,2026-06-17,02:00,13528.55,2928.0,16588.31
2026-06-17 03:00,2026-06-17,03:00,13548.55,2659.0,16327.21
2026-06-17 04:00,2026-06-17,04:00,13493.14,2542.0,16149.53
2026-06-17 05:00,2026-06-17,05:00,13538.37,2296.0,15937.69
2026-06-17 06:00,2026-06-17,06:00,13421.25,1873.0,15378.54
2026-06-17 07:00,2026-06-17,07:00,13631.42,1596.0,15299.42
2026-06-17 08:00,2026-06-17,08:00,13774.06,1453.0,15292.45
2026-06-17 09:00,2026-06-17,09:00,13859.76,1529.0,15457.76
2026-06-17 10:00,2026-06-17,10:00,13681.72,1653.0,15408.72
2026-06-17 11:00,2026-06-17,11:00,13818.68,1654.0,15546.68
2026-06-17 12:00,2026-06-17,12:00,13880.15,2084.0,16058.15
2026-06-17 13:00,2026-06-17,13:00,13847.02,2203.0,16149.02
2026-06-17 14:00,2026-06-17,14:00,13981.11,2185.0,16264.44
2026-06-17 15:00,2026-06-17,15:00,13779.7,2629.0,16527.01
2026-06-17 16:00,2026-06-17,16:00,13756.56,2540.0,16410.86
2026-06-17 17:00,2026-06-17,17:00,13638.73,2368.0,16113.29
2026-06-17 18:00,2026-06-17,18:00,13726.03,1429.0,15219.34
2026-06-17 19:00,2026-06-17,19:00,15027.34,1537.0,16633.51
2026-06-17 19:30,2026-06-17,19:30,15031.89,2056.0,17180.41
2026-06-17 20:00,2026-06-17,20:00,15378.51,1603.0,17053.65
2026-06-17 21:00,2026-06-17,21:00,15461.46,1787.0,17328.46
2026-06-17 22:00,2026-06-17,22:00,15400.28,1624.0,17097.28
2026-06-17 23:00,2026-06-17,23:00,15003.53,1859.0,16946.53
2026-06-18 00:00,2026-06-18,00:00,14607.18,2152.0,16856.18
2026-06-18 01:00,2026-06-18,01:00,14238.5,2116.0,16449.72
2026-06-18 02:00,2026-06-18,02:00,13969.84,2027.0,16088.06
2026-06-18 03:00,2026-06-18,03:00,13874.8,1931.0,15892.7
2026-06-18 04:00,2026-06-18,04:00,13747.18,446.0,14213.18
2026-06-18 05:00,2026-06-18,05:00,13577.87,167.0,13752.39
2026-06-18 06:00,2026-06-18,06:00,13277.6,166.0,13450.6
2026-06-18 07:00,2026-06-18,07:00,13272.28,113.0,13390.28
2026-06-18 08:00,2026-06-18,08:00,13413.13,0.0,13413.13
2026-06-18 09:00,2026-06-18,09:00,13642.12,0.0,13642.12
2026-06-18 10:00,2026-06-18,10:00,13850.7,0.0,13850.7
2026-06-18 11:00,2026-06-18,11:00,14101.96,24.0,14126.96
2026-06-18 12:00,2026-06-18,12:00,13886.27,445.0,14351.27
2026-06-18 13:00,2026-06-18,13:00,13689.86,13.0,13703.86
2026-06-18 14:00,2026-06-18,14:00,13406.58,35.0,13443.58
2026-06-18 15:00,2026-06-18,15:00,13035.05,73.0,13111.05
2026-06-18 16:00,2026-06-18,16:00,13026.29,55.0,13083.29
2026-06-18 17:00,2026-06-18,17:00,12801.92,45.0,12848.92
2026-06-18 18:00,2026-06-18,18:00,12913.09,30.0,12944.09
2026-06-18 19:00,2026-06-18,19:00,14226.28,60.0,14289.28
2026-06-18 19:30,2026-06-18,19:30,14783.7,66.0,14852.7
2026-06-18 20:00,2026-06-18,20:00,14680.89,80.0,14764.89
2026-06-18 21:00,2026-06-18,21:00,14749.79,72.0,14824.79
2026-06-18 22:00,2026-06-18,22:00,14548.07,74.0,14625.07
2026-06-18 23:00,2026-06-18,23:00,14444.58,75.0,14522.96
2026-06-19 00:00,2026-06-19,00:00,14449.13,150.0,14605.88
2026-06-19 01:00,2026-06-19,01:00,14306.23,131.0,14443.13
2026-06-19 02:00,2026-06-19,02:00,13626.6,127.0,13759.32
2026-06-19 03:00,2026-06-19,03:00,13183.89,113.0,13301.98
2026-06-19 04:00,2026-06-19,04:00,12846.92,92.0,12943.06
2026-06-19 05:00,2026-06-19,05:00,12641.58,88.0,12733.54
2026-06-19 06:00,2026-06-19,06:00,11960.31,79.0,12042.87
2026-06-19 07:00,2026-06-19,07:00,11954.63,47.0,12003.75
2026-06-19 08:00,2026-06-19,08:00,12034.57,30.0,12065.57
2026-06-19 09:00,2026-06-19,09:00,11911.85,30.0,11942.85
2026-06-19 10:00,2026-06-19,10:00,11665.13,0.0,11665.13
2026-06-19 11:00,2026-06-19,11:00,12035.93,0.0,12035.93
2026-06-19 12:00,2026-06-19,12:00,12701.44,0.0,12701.44
2026-06-19 13:00,2026-06-19,13:00,13448.7,0.0,13448.7
2026-06-19 14:00,2026-06-19,14:00,13018.56,0.0,13018.56
2026-06-19 15:00,2026-06-19,15:00,12930.12,0.0,12930.12
2026-06-19 16:00,2026-06-19,16:00,12576.99,0.0,12576.99
2026-06-19 17:00,2026-06-19,17:00,12164.86,0.0,12164.86
2026-06-19 18:00,2026-06-19,18:00,11961.95,0.0,11961.95
2026-06-19 19:00,2026-06-19,19:00,13225.01,0.0,13225.01
2026-06-19 19:30,2026-06-19,19:30,14492.37,45.0,14539.4
2026-06-19 20:00,2026-06-19,20:00,14431.75,50.0,14483.75
2026-06-19 21:00,2026-06-19,21:00,14958.07,95.0,15057.35
2026-06-19 22:00,2026-06-19,22:00,14932.57,80.0,15016.17
2026-06-19 23:00,2026-06-19,23:00,14998.98,90.0,15093.03
2026-06-20 00:00,2026-06-20,00:00,14973.63,163.0,15143.97
2026-06-20 01:00,2026-06-20,01:00,14740.53,176.0,14924.53
2026-06-20 02:00,2026-06-20,02:00,14354.81,159.0,14520.97
2026-06-20 03:00,2026-06-20,03:00,13947.38,136.0,14089.5
2026-06-20 04:00,2026-06-20,04:00,13491.05,93.0,13588.24
2026-06-20 05:00,2026-06-20,05:00,13171.83,98.0,13274.24
2026-06-20 06:00,2026-06-20,06:00,12917.26,55.0,12974.26
2026-06-20 07:00,2026-06-20,07:00,13251.1,90.0,13345.1
2026-06-20 08:00,2026-06-20,08:00,13430.34,72.0,13505.34
2026-06-20 09:00,2026-06-20,09:00,13285.29,102.0,13391.88
2026-06-20 10:00,2026-06-20,10:00,12931.7,125.0,13062.7
2026-06-20 11:00,2026-06-20,11:00,13341.7,120.0,13466.7
2026-06-20 12:00,2026-06-20,12:00,13823.66,77.0,13903.66
2026-06-20 13:00,2026-06-20,13:00,14100.05,151.0,14258.05
2026-06-20 14:00,2026-06-20,14:00,14008.84,307.0,14329.66
2026-06-20 15:00,2026-06-20,15:00,13909.11,1031.0,14986.51
2026-06-20 16:00,2026-06-20,16:00,13920.51,1040.0,15007.31
2026-06-20 17:00,2026-06-20,17:00,14134.46,988.0,15166.92
2026-06-20 18:00,2026-06-20,18:00,14016.97,850.0,14905.22
2026-06-20 19:00,2026-06-20,19:00,15383.79,1225.0,16663.92
2026-06-20 19:30,2026-06-20,19:30,15419.68,1736.0,17233.8
2026-06-20 20:00,2026-06-20,20:00,15398.92,1636.0,17108.54
2026-06-20 21:00,2026-06-20,21:00,15782.47,1882.0,17749.16
2026-06-20 22:00,2026-06-20,22:00,15011.62,2175.0,17284.5
2026-06-20 23:00,2026-06-20,23:00,14890.77,2283.0,17276.51
2026-06-21 00:00,2026-06-21,00:00,14280.08,2709.0,17110.99
2026-06-21 01:00,2026-06-21,01:00,14158.12,2519.0,16790.48
2026-06-21 02:00,2026-06-21,02:00,13964.28,2445.0,16519.31
2026-06-21 03:00,2026-06-21,03:00,14008.76,2261.0,16371.51
2026-06-21 04:00,2026-06-21,04:00,13946.97,2141.0,16184.32
2026-06-21 05:00,2026-06-21,05:00,13910.21,1948.0,15945.87
2026-06-21 06:00,2026-06-21,06:00,13628.13,751.0,14413.13
2026-06-21 07:00,2026-06-21,07:00,13877.08,390.0,14285.08
2026-06-21 08:00,2026-06-21,08:00,13937.51,319.0,14270.51
2026-06-21 09:00,2026-06-21,09:00,14066.19,560.0,14651.19
2026-06-21 10:00,2026-06-21,10:00,14052.81,1072.0,15172.81
2026-06-21 11:00,2026-06-21,11:00,14040.95,1355.0,15456.95
2026-06-21 12:00,2026-06-21,12:00,13951.43,1894.0,15930.43
2026-06-21 13:00,2026-06-21,13:00,14202.66,1858.0,16144.66
2026-06-21 14:00,2026-06-21,14:00,14035.34,1905.0,16026.34
2026-06-21 15:00,2026-06-21,15:00,13597.0,1901.0,15584.0
2026-06-21 16:00,2026-06-21,16:00,13366.17,1343.0,14769.17
2026-06-21 17:00,2026-06-21,17:00,12844.11,358.0,13218.11
2026-06-21 18:00,2026-06-21,18:00,12671.44,100.0,12775.44
2026-06-21 19:00,2026-06-21,19:00,13613.41,10.0,13623.41
2026-06-21 19:30,2026-06-21,19:30,14170.0,47.0,14219.0
2026-06-21 20:00,2026-06-21,20:00,14170.96,45.0,14217.96
2026-06-21 21:00,2026-06-21,21:00,14649.64,44.0,14695.64
2026-06-21 22:00,2026-06-21,22:00,14933.73,27.0,14961.73
2026-06-21 23:00,2026-06-21,23:00,15034.74,133.0,15173.74
2026-06-22 00:00,2026-06-22,00:00,14867.66,174.0,15049.49
2026-06-22 01:00,2026-06-22,01:00,14369.99,197.0,14575.86
2026-06-22 02:00,2026-06-22,02:00,13886.39,213.0,14108.98
2026-06-22 03:00,2026-06-22,03:00,13620.49,192.0,13821.13
2026-06-22 04:00,2026-06-22,04:00,13114.79,186.0,13309.16
2026-06-22 05:00,2026-06-22,05:00,12781.57,176.0,12965.49
2026-06-22 06:00,2026-06-22,06:00,12623.38,171.0,12802.08
2026-06-22 07:00,2026-06-22,07:00,12774.42,223.0,13007.42
2026-06-22 08:00,2026-06-22,08:00,12806.47,197.0,13012.47
2026-06-22 09:00,2026-06-22,09:00,13134.56,201.0,13344.56
2026-06-22 10:00,2026-06-22,10:00,13367.8,278.0,13658.8
2026-06-22 11:00,2026-06-22,11:00,13676.68,346.0,14038.68
2026-06-22 12:00,2026-06-22,12:00,14171.86,420.0,14610.86
2026-06-22 13:00,2026-06-22,13:00,14415.72,405.0,14838.72
2026-06-22 14:00,2026-06-22,14:00,14587.64,236.0,14834.64
2026-06-22 15:00,2026-06-22,15:00,14723.27,221.0,14954.27
2026-06-22 16:00,2026-06-22,16:00,14579.4,148.0,14734.4
2026-06-22 17:00,2026-06-22,17:00,14220.97,138.0,14364.97
2026-06-22 18:00,2026-06-22,18:00,14179.01,140.0,14325.01
2026-06-22 19:00,2026-06-22,19:00,15354.07,213.0,15577.07
2026-06-22 19:30,2026-06-22,19:30,15723.11,1082.0,16854.11
2026-06-22 20:00,2026-06-22,20:00,15846.44,414.0,16279.44
2026-06-22 21:00,2026-06-22,21:00,16154.41,496.0,16672.41
2026-06-22 22:00,2026-06-22,22:00,15718.99,636.0,16383.61
2026-06-22 23:00,2026-06-22,23:00,15554.84,1236.0,16846.46
2026-06-23 00:00,2026-06-23,00:00,15758.04,642.0,16428.93
2026-06-23 01:00,2026-06-23,01:00,15664.66,332.0,16011.6
2026-06-23 02:00,2026-06-23,02:00,14663.77,948.0,15654.43
2026-06-23 03:00,2026-06-23,03:00,14351.22,914.0,15306.22
2026-06-23 04:00,2026-06-23,04:00,14243.64,767.0,15045.64
2026-06-23 05:00,2026-06-23,05:00,14038.13,635.0,14702.13
2026-06-23 06:00,2026-06-23,06:00,13675.92,305.0,13994.92
2026-06-23 07:00,2026-06-23,07:00,13639.05,315.0,13968.05
2026-06-23 08:00,2026-06-23,08:00,13769.66,285.0,14067.66
2026-06-23 09:00,2026-06-23,09:00,13870.65,260.0,14142.65
2026-06-23 10:00,2026-06-23,10:00,14345.21,317.0,14676.21
2026-06-23 11:00,2026-06-23,11:00,14567.22,468.0,15056.22
2026-06-23 12:00,2026-06-23,12:00,14580.7,972.0,15596.7
2026-06-23 13:00,2026-06-23,13:00,14430.69,1324.0,15814.69
2026-06-23 14:00,2026-06-23,14:00,14211.43,1397.0,15671.43
2026-06-23 15:00,2026-06-23,15:00,14213.96,1821.0,16116.96
2026-06-23 16:00,2026-06-23,16:00,14138.56,1400.0,15601.56
2026-06-23 17:00,2026-06-23,17:00,13981.11,1161.0,15194.11
2026-06-23 18:00,2026-06-23,18:00,13949.3,982.0,14975.3
2026-06-23 19:00,2026-06-23,19:00,15175.9,1321.0,16555.9
2026-06-23 19:30,2026-06-23,19:30,15380.6,1534.0,16983.6
2026-06-23 20:00,2026-06-23,20:00,15272.66,1516.0,16856.66
2026-06-23 21:00,2026-06-23,21:00,15506.14,1997.0,17593.14
2026-06-23 22:00,2026-06-23,22:00,15498.15,1481.0,17046.15
2026-06-23 23:00,2026-06-23,23:00,15359.75,1631.0,17063.75
2026-06-24 00:00,2026-06-24,00:00,14548.3,2529.0,17191.3
2026-06-24 01:00,2026-06-24,01:00,14128.64,2461.0,16700.64
2026-06-24 02:00,2026-06-24,02:00,13941.78,2296.0,16340.78
2026-06-24 03:00,2026-06-24,03:00,13839.06,2182.0,16119.06
2026-06-24 04:00,2026-06-24,04:00,13773.64,1910.0,15769.64
2026-06-24 05:00,2026-06-24,05:00,13773.77,1115.0,14938.95
2026-06-24 06:00,2026-06-24,06:00,13478.64,443.0,13941.64
2026-06-24 07:00,2026-06-24,07:00,13753.59,295.0,14061.59
2026-06-24 08:00,2026-06-24,08:00,13820.09,272.0,14104.09
2026-06-24 09:00,2026-06-24,09:00,14049.82,339.0,14403.82
2026-06-24 10:00,2026-06-24,10:00,14215.82,381.0,14613.82
2026-06-24 11:00,2026-06-24,11:00,14350.49,545.0,14920.49
2026-06-24 12:00,2026-06-24,12:00,14441.07,1107.0,15598.07
2026-06-24 13:00,2026-06-24,13:00,14542.36,1214.0,15811.36
2026-06-24 14:00,2026-06-24,14:00,14315.95,1540.0,15924.95
2026-06-24 15:00,2026-06-24,15:00,14524.73,0.0,14524.73
2026-06-24 16:00,2026-06-24,16:00,14453.52,1477.0,15996.52
2026-06-24 17:00,2026-06-24,17:00,14197.74,1486.0,15750.74
2026-06-24 18:00,2026-06-24,18:00,14234.89,698.0,14963.89
2026-06-24 19:00,2026-06-24,19:00,15178.43,1381.0,16621.43
2026-06-24 19:30,2026-06-24,19:30,15177.96,1725.0,16980.96
2026-06-24 20:00,2026-06-24,20:00,15342.89,1405.0,16810.89
2026-06-24 21:00,2026-06-24,21:00,15700.01,1785.0,17565.01
2026-06-24 22:00,2026-06-24,22:00,15762.39,1171.0,16986.39
2026-06-24 23:00,2026-06-24,23:00,15615.83,1549.0,17234.83
2026-06-25 00:00,2026-06-25,00:00,15134.04,2264.0,17499.92
2026-06-25 01:00,2026-06-25,01:00,14835.22,1814.0,16730.85
2026-06-25 02:00,2026-06-25,02:00,14602.35,1759.0,16440.51
2026-06-25 03:00,2026-06-25,03:00,14572.31,1428.0,16064.57
2026-06-25 04:00,2026-06-25,04:00,14584.62,866.0,15489.59
2026-06-25 05:00,2026-06-25,05:00,14480.83,559.0,15064.99
2026-06-25 06:00,2026-06-25,06:00,14120.04,474.0,14615.04
2026-06-25 07:00,2026-06-25,07:00,13985.1,452.0,14457.1
2026-06-25 08:00,2026-06-25,08:00,13961.37,464.0,14446.37
2026-06-25 09:00,2026-06-25,09:00,14006.82,465.0,14492.82
2026-06-25 10:00,2026-06-25,10:00,14159.89,621.0,14808.89
2026-06-25 11:00,2026-06-25,11:00,14271.63,1025.0,15342.63
2026-06-25 12:00,2026-06-25,12:00,14318.96,1500.0,15886.96
2026-06-25 13:00,2026-06-25,13:00,14421.23,1546.0,16037.23
2026-06-25 14:00,2026-06-25,14:00,14354.12,1700.0,16130.12
2026-06-25 15:00,2026-06-25,15:00,14254.36,1956.0,16298.36
2026-06-25 16:00,2026-06-25,16:00,14103.83,1634.0,15811.83
2026-06-25 17:00,2026-06-25,17:00,13750.03,1513.0,15331.03
2026-06-25 18:00,2026-06-25,18:00,13757.13,1095.0,14901.13
2026-06-25 19:00,2026-06-25,19:00,15145.6,967.0,16156.6
2026-06-25 19:30,2026-06-25,19:30,15919.08,773.0,16727.08
2026-06-25 20:00,2026-06-25,20:00,16122.63,293.0,16428.63
2026-06-25 21:00,2026-06-25,21:00,16193.27,536.0,16753.27
2026-06-25 22:00,2026-06-25,22:00,15728.27,1063.0,16839.27
2026-06-25 23:00,2026-06-25,23:00,15248.75,1259.0,16564.75
2026-06-26 00:00,2026-06-26,00:00,14786.74,1891.0,16762.74
2026-06-26 01:00,2026-06-26,01:00,14228.8,1975.0,16292.8
2026-06-26 02:00,2026-06-26,02:00,14119.49,1947.0,16154.49
2026-06-26 03:00,2026-06-26,03:00,14038.1,1694.0,15808.1
2026-06-26 04:00,2026-06-26,04:00,13991.9,1265.0,15313.9
2026-06-26 05:00,2026-06-26,05:00,13682.47,1042.0,14771.47
2026-06-26 06:00,2026-06-26,06:00,12853.53,667.0,13550.53
2026-06-26 07:00,2026-06-26,07:00,12642.11,691.0,13364.11
2026-06-26 08:00,2026-06-26,08:00,12545.32,635.0,13209.32
2026-06-26 09:00,2026-06-26,09:00,12550.66,628.0,13206.66
2026-06-26 10:00,2026-06-26,10:00,12404.47,596.0,13027.47
2026-06-26 11:00,2026-06-26,11:00,12554.82,569.0,13149.82
2026-06-26 12:00,2026-06-26,12:00,13116.69,587.0,13729.69
2026-06-26 13:00,2026-06-26,13:00,14014.4,597.0,14638.4
2026-06-26 14:00,2026-06-26,14:00,13711.42,558.0,14294.42
2026-06-26 15:00,2026-06-26,15:00,13792.61,622.0,14442.6
2026-06-26 16:00,2026-06-26,16:00,13460.88,462.0,13943.67
2026-06-26 17:00,2026-06-26,17:00,13272.32,422.0,13713.31
2026-06-26 18:00,2026-06-26,18:00,12926.75,419.0,13364.61
2026-06-26 19:00,2026-06-26,19:00,14231.43,283.0,14527.17
2026-06-26 19:30,2026-06-26,19:30,15342.27,307.0,15663.27
2026-06-26 20:00,2026-06-26,20:00,15410.36,407.0,15835.36
2026-06-26 21:00,2026-06-26,21:00,15650.06,667.0,16347.06
2026-06-26 22:00,2026-06-26,22:00,15362.07,992.0,16399.07
2026-06-26 23:00,2026-06-26,23:00,15023.84,1806.0,16910.84
2026-06-27 00:00,2026-06-27,00:00,14749.76,2275.0,17127.14
2026-06-27 01:00,2026-06-27,01:00,14331.75,2284.0,16718.75
2026-06-27 02:00,2026-06-27,02:00,14156.73,2277.0,16535.73
2026-06-27 03:00,2026-06-27,03:00,13951.42,2156.0,16204.42
2026-06-27 04:00,2026-06-27,04:00,13893.95,2050.0,16035.95
2026-06-27 05:00,2026-06-27,05:00,13818.62,1989.0,15897.62
2026-06-27 06:00,2026-06-27,06:00,13469.79,1651.0,15195.09
2026-06-27 07:00,2026-06-27,07:00,13598.5,861.0,14498.5
2026-06-27 08:00,2026-06-27,08:00,13586.07,655.0,14270.55
2026-06-27 09:00,2026-06-27,09:00,13201.11,643.0,13873.05
2026-06-27 10:00,2026-06-27,10:00,13286.22,548.0,13858.88
2026-06-27 11:00,2026-06-27,11:00,13278.25,789.0,14102.76
2026-06-27 12:00,2026-06-27,12:00,13725.37,1058.0,14831.37
2026-06-27 13:00,2026-06-27,13:00,13791.69,1308.0,15158.69
2026-06-27 14:00,2026-06-27,14:00,13738.03,1739.0,15555.03
2026-06-27 15:00,2026-06-27,15:00,13955.67,2069.0,16117.67
2026-06-27 16:00,2026-06-27,16:00,13811.88,2054.0,15957.88
2026-06-27 17:00,2026-06-27,17:00,13940.96,2048.0,16080.96
2026-06-27 18:00,2026-06-27,18:00,13966.9,1808.0,15855.9
2026-06-27 19:00,2026-06-27,19:00,14964.92,2127.0,17187.64
2026-06-27 19:30,2026-06-27,19:30,15022.96,2630.0,17770.96
2026-06-27 20:00,2026-06-27,20:00,14922.19,2685.0,17728.19
2026-06-27 21:00,2026-06-27,21:00,15298.25,2874.0,18301.25
2026-06-27 22:00,2026-06-27,22:00,15348.44,2386.0,17841.44
2026-06-27 23:00,2026-06-27,23:00,15268.26,2450.0,17828.26
2026-06-28 00:00,2026-06-28,00:00,14714.36,3280.0,18141.96
2026-06-28 01:00,2026-06-28,01:00,13945.1,3324.0,17419.1
2026-06-28 02:00,2026-06-28,02:00,13740.07,3400.0,17293.07
2026-06-28 03:00,2026-06-28,03:00,13712.44,3342.0,17204.44
2026-06-28 04:00,2026-06-28,04:00,13714.9,3264.0,17125.9
2026-06-28 05:00,2026-06-28,05:00,13737.05,3078.0,16954.05
2026-06-28 06:00,2026-06-28,06:00,13720.15,2919.0,16770.15
2026-06-28 07:00,2026-06-28,07:00,13790.58,2721.0,16633.58
2026-06-28 08:00,2026-06-28,08:00,13766.52,2689.0,16576.52
2026-06-28 09:00,2026-06-28,09:00,14152.08,2635.0,16906.08
2026-06-28 10:00,2026-06-28,10:00,14255.26,2599.0,16971.26
2026-06-28 11:00,2026-06-28,11:00,14158.19,1907.0,16151.01
2026-06-28 12:00,2026-06-28,12:00,14398.75,2620.0,17136.65
2026-06-28 13:00,2026-06-28,13:00,14450.08,2351.0,16906.88
2026-06-28 14:00,2026-06-28,14:00,14640.85,2361.0,17108.1
2026-06-28 15:00,2026-06-28,15:00,14577.97,2888.0,17595.93
2026-06-28 16:00,2026-06-28,16:00,14410.68,2530.0,17054.53
2026-06-28 17:00,2026-06-28,17:00,14364.83,2378.0,16849.83
2026-06-28 18:00,2026-06-28,18:00,14274.87,1989.0,16353.87
2026-06-28 19:00,2026-06-28,19:00,15607.55,1977.0,17673.52
2026-06-28 19:30,2026-06-28,19:30,15775.23,2033.0,17899.23
2026-06-28 20:00,2026-06-28,20:00,15666.01,1983.0,17738.01
2026-06-28 21:00,2026-06-28,21:00,16038.59,2216.0,18354.59
2026-06-28 22:00,2026-06-28,22:00,15850.18,1799.0,17730.14
2026-06-28 23:00,2026-06-28,23:00,15725.99,2014.0,17830.62
2026-06-29 00:00,2026-06-29,00:00,15036.92,2799.0,17961.88
2026-06-29 01:00,2026-06-29,01:00,14432.56,2756.0,17312.58
2026-06-29 02:00,2026-06-29,02:00,14192.59,2828.0,17147.85
2026-06-29 03:00,2026-06-29,03:00,14068.36,2584.0,16768.64
2026-06-29 04:00,2026-06-29,04:00,14229.24,1263.0,15549.08
2026-06-29 05:00,2026-06-29,05:00,14213.52,1236.0,15505.14
2026-06-29 06:00,2026-06-29,06:00,13786.88,1060.0,14894.58
2026-06-29 07:00,2026-06-29,07:00,13577.73,630.0,14236.08
2026-06-29 08:00,2026-06-29,08:00,13732.52,753.0,14519.41
2026-06-29 09:00,2026-06-29,09:00,13960.18,726.0,14718.85
2026-06-29 10:00,2026-06-29,10:00,14122.2,616.0,14765.92
2026-06-29 11:00,2026-06-29,11:00,14254.77,488.0,14764.73
2026-06-29 12:00,2026-06-29,12:00,14669.72,339.0,15023.72
2026-06-29 13:00,2026-06-29,13:00,14500.25,339.0,14854.25
2026-06-29 14:00,2026-06-29,14:00,14363.22,163.0,14533.22
2026-06-29 15:00,2026-06-29,15:00,14100.7,201.0,14310.7
2026-06-29 16:00,2026-06-29,16:00,14454.63,158.0,14619.63
2026-06-29 17:00,2026-06-29,17:00,14268.46,152.0,14427.46
2026-06-29 18:00,2026-06-29,18:00,14221.5,105.0,14331.5
2026-06-29 19:00,2026-06-29,19:00,15661.83,108.0,15774.83
2026-06-29 19:30,2026-06-29,19:30,16082.14,267.0,16361.14
2026-06-29 20:00,2026-06-29,20:00,15879.06,376.0,16272.06
2026-06-29 21:00,2026-06-29,21:00,15913.88,549.0,16487.88
2026-06-29 22:00,2026-06-29,22:00,15821.11,542.0,16387.11
2026-06-29 23:00,2026-06-29,23:00,15990.53,598.0,16615.53
2026-06-30 00:00,2026-06-30,00:00,15822.61,415.0,16256.29
2026-06-30 01:00,2026-06-30,01:00,15665.14,334.0,16014.14
2026-06-30 02:00,2026-06-30,02:00,14977.15,433.0,15429.15
2026-06-30 03:00,2026-06-30,03:00,14595.42,402.0,15015.42
2026-06-30 04:00,2026-06-30,04:00,14266.3,370.0,14653.3
2026-06-30 05:00,2026-06-30,05:00,14047.18,350.0,14413.18
2026-06-30 06:00,2026-06-30,06:00,13657.97,266.0,13935.94
2026-06-30 07:00,2026-06-30,07:00,13767.53,197.0,13973.4
2026-06-30 08:00,2026-06-30,08:00,13970.36,175.0,14153.24
2026-06-30 09:00,2026-06-30,09:00,14075.57,165.0,14248.0
2026-06-30 10:00,2026-06-30,10:00,14401.19,115.0,14521.37
2026-06-30 11:00,2026-06-30,11:00,14472.93,271.0,14756.13
2026-06-30 12:00,2026-06-30,12:00,14920.0,438.0,15378.0
2026-06-30 13:00,2026-06-30,13:00,15146.61,369.0,15532.61
2026-06-30 14:00,2026-06-30,14:00,15049.87,369.0,15435.87
2026-06-30 15:00,2026-06-30,15:00,15094.48,482.0,15598.48
2026-06-30 16:00,2026-06-30,16:00,14703.98,281.0,14997.98
2026-06-30 17:00,2026-06-30,17:00,14424.23,226.0,14660.23
2026-06-30 18:00,2026-06-30,18:00,14145.65,158.0,14310.76
2026-06-30 19:00,2026-06-30,19:00,15376.04,260.0,15648.04
2026-06-30 19:30,2026-06-30,19:30,16152.14,549.0,16726.14
2026-06-30 20:00,2026-06-30,20:00,15914.72,404.0,16336.72
2026-06-30 21:00,2026-06-30,21:00,15809.17,299.0,16121.17
2026-06-30 22:00,2026-06-30,22:00,15708.11,257.0,15977.11
2026-06-30 23:00,2026-06-30,23:00,15824.33,251.0,16086.33
2026-07-01 00:00,2026-07-01,00:00,16048.68,420.0,16487.58
2026-07-01 01:00,2026-07-01,01:00,15869.8,443.0,16332.74
2026-07-01 02:00,2026-07-01,02:00,15344.45,476.0,15841.87
2026-07-01 03:00,2026-07-01,03:00,15076.41,455.0,15551.89
2026-07-01 04:00,2026-07-01,04:00,14487.5,438.0,14945.5
2026-07-01 05:00,2026-07-01,05:00,14216.64,380.0,14613.64
2026-07-01 06:00,2026-07-01,06:00,13871.37,219.0,14100.37
2026-07-01 07:00,2026-07-01,07:00,13837.3,189.0,14035.3
2026-07-01 08:00,2026-07-01,08:00,13917.46,20.0,13938.46
2026-07-01 09:00,2026-07-01,09:00,14015.72,164.0,14186.72
2026-07-01 10:00,2026-07-01,10:00,14195.11,299.0,14507.11
2026-07-01 11:00,2026-07-01,11:00,14337.25,279.0,14629.25
2026-07-01 12:00,2026-07-01,12:00,14658.25,351.0,15025.25
2026-07-01 13:00,2026-07-01,13:00,14747.58,322.0,15083.58
2026-07-01 14:00,2026-07-01,14:00,14810.64,364.0,15191.02
2026-07-01 15:00,2026-07-01,15:00,14860.11,504.0,15386.79
2026-07-01 16:00,2026-07-01,16:00,14791.79,509.0,15323.7
2026-07-01 17:00,2026-07-01,17:00,14415.99,453.0,14889.38
2026-07-01 18:00,2026-07-01,18:00,14000.98,432.0,14452.42
2026-07-01 19:00,2026-07-01,19:00,15143.96,399.0,15560.96
2026-07-01 19:30,2026-07-01,19:30,16280.2,498.0,16800.2
2026-07-01 20:00,2026-07-01,20:00,16160.56,393.0,16571.56
2026-07-01 21:00,2026-07-01,21:00,16323.7,490.0,16835.7
2026-07-01 22:00,2026-07-01,22:00,16281.32,323.0,16619.32
2026-07-01 23:00,2026-07-01,23:00,16300.4,378.0,16695.4
2026-07-02 00:00,2026-07-02,00:00,16275.0,532.0,16830.94
2026-07-02 01:00,2026-07-02,01:00,15824.06,387.0,16228.48
2026-07-02 02:00,2026-07-02,02:00,15121.49,505.0,15649.22
2026-07-02 03:00,2026-07-02,03:00,14796.47,479.0,15297.03
2026-07-02 04:00,2026-07-02,04:00,14435.31,280.0,14727.91
2026-07-02 05:00,2026-07-02,05:00,14301.04,230.0,14541.04
2026-07-02 06:00,2026-07-02,06:00,13852.4,170.0,14030.4
2026-07-02 07:00,2026-07-02,07:00,14013.26,146.0,14166.26
2026-07-02 08:00,2026-07-02,08:00,14061.33,148.0,14216.33
2026-07-02 09:00,2026-07-02,09:00,14169.71,196.0,14374.71
2026-07-02 10:00,2026-07-02,10:00,14443.28,195.0,14647.28
2026-07-02 11:00,2026-07-02,11:00,14949.75,230.0,15189.75
2026-07-02 12:00,2026-07-02,12:00,15327.46,318.0,15659.46
2026-07-02 13:00,2026-07-02,13:00,15596.59,347.0,15959.59
2026-07-02 14:00,2026-07-02,14:00,15511.15,379.0,15907.15
2026-07-02 15:00,2026-07-02,15:00,15500.64,570.0,16096.64
2026-07-02 16:00,2026-07-02,16:00,15157.45,469.0,15647.45
2026-07-02 17:00,2026-07-02,17:00,14903.61,399.0,15320.61
2026-07-02 18:00,2026-07-02,18:00,14643.05,257.0,14912.05
2026-07-02 19:00,2026-07-02,19:00,15512.29,310.0,15836.29
2026-07-02 19:30,2026-07-02,19:30,16512.04,361.0,16889.04
2026-07-02 20:00,2026-07-02,20:00,16589.02,402.0,17009.02
2026-07-02 21:00,2026-07-02,21:00,16716.67,494.0,17232.67
2026-07-02 22:00,2026-07-02,22:00,16457.11,437.0,16914.11
2026-07-02 23:00,2026-07-02,23:00,16389.6,631.0,17048.6
2026-07-03 00:00,2026-07-03,00:00,16108.87,790.0,16934.87
2026-07-03 01:00,2026-07-03,01:00,15826.75,784.0,16645.75
2026-07-03 02:00,2026-07-03,02:00,15687.41,728.0,16448.41
2026-07-03 03:00,2026-07-03,03:00,15388.28,586.0,16000.28
2026-07-03 04:00,2026-07-03,04:00,15065.69,467.0,15553.69
2026-07-03 05:00,2026-07-03,05:00,14783.6,442.0,15245.6
2026-07-03 06:00,2026-07-03,06:00,14097.49,337.0,14449.49
2026-07-03 07:00,2026-07-03,07:00,14006.45,295.0,14314.45
2026-07-03 08:00,2026-07-03,08:00,13581.37,355.0,13952.37
2026-07-03 09:00,2026-07-03,09:00,13246.33,317.0,13577.33
2026-07-03 10:00,2026-07-03,10:00,13165.71,317.0,13496.71
2026-07-03 11:00,2026-07-03,11:00,13496.77,281.0,13790.42
2026-07-03 12:00,2026-07-03,12:00,13980.55,249.0,14240.55
2026-07-03 13:00,2026-07-03,13:00,14524.53,250.0,14785.53
2026-07-03 14:00,2026-07-03,14:00,14302.81,141.0,14449.81
2026-07-03 15:00,2026-07-03,15:00,14491.98,108.0,14604.98
2026-07-03 16:00,2026-07-03,16:00,14189.89,132.0,14327.89
2026-07-03 17:00,2026-07-03,17:00,13765.17,102.0,13872.17
2026-07-03 18:00,2026-07-03,18:00,13246.06,72.0,13321.06
2026-07-03 19:00,2026-07-03,19:00,14146.83,146.0,14299.83
2026-07-03 19:30,2026-07-03,19:30,15913.25,155.0,16075.25
2026-07-03 20:00,2026-07-03,20:00,15905.09,187.0,16100.51
2026-07-03 21:00,2026-07-03,21:00,16359.45,281.0,16653.45
2026-07-03 22:00,2026-07-03,22:00,16308.3,264.0,16584.18
2026-07-03 23:00,2026-07-03,23:00,16114.68,545.0,16684.21
2026-07-04 00:00,2026-07-04,00:00,16254.65,663.0,16947.49
2026-07-04 01:00,2026-07-04,01:00,15986.72,416.0,16421.44
2026-07-04 02:00,2026-07-04,02:00,15662.36,356.0,16034.38
2026-07-04 03:00,2026-07-04,03:00,15297.99,310.0,15621.94
2026-07-04 04:00,2026-07-04,04:00,15266.44,114.0,15385.57
2026-07-04 05:00,2026-07-04,05:00,15080.2,114.0,15199.33
2026-07-04 06:00,2026-07-04,06:00,14369.82,109.0,14483.73
2026-07-04 07:00,2026-07-04,07:00,14370.5,166.0,14543.5
2026-07-04 08:00,2026-07-04,08:00,14031.99,395.0,14444.99
2026-07-04 09:00,2026-07-04,09:00,14221.7,412.0,14652.7
2026-07-04 10:00,2026-07-04,10:00,14488.91,400.0,14906.91
2026-07-04 11:00,2026-07-04,11:00,14959.67,415.0,15393.67
2026-07-04 12:00,2026-07-04,12:00,15213.62,730.0,15976.62
2026-07-04 13:00,2026-07-04,13:00,15434.78,617.0,16079.78
2026-07-04 14:00,2026-07-04,14:00,15555.09,610.0,16192.09
2026-07-04 15:00,2026-07-04,15:00,15464.16,1207.0,16725.16
2026-07-04 16:00,2026-07-04,16:00,14913.06,1539.0,16521.06
2026-07-04 17:00,2026-07-04,17:00,14919.54,1294.0,16271.54
2026-07-04 18:00,2026-07-04,18:00,14529.21,825.0,15391.21
2026-07-04 19:00,2026-07-04,19:00,15382.48,419.0,15820.48
2026-07-04 19:30,2026-07-04,19:30,16076.62,718.0,16826.62
2026-07-04 20:00,2026-07-04,20:00,15322.57,254.0,15587.57
2026-07-04 21:00,2026-07-04,21:00,15224.13,195.0,15428.13
2026-07-04 22:00,2026-07-04,22:00,15753.82,229.0,15992.82
2026-07-04 23:00,2026-07-04,23:00,15950.1,179.0,16137.1
2026-07-05 00:00,2026-07-05,00:00,15985.78,539.0,16549.04
2026-07-05 01:00,2026-07-05,01:00,16057.69,320.0,16391.69
2026-07-05 02:00,2026-07-05,02:00,15667.84,238.0,15916.84
2026-07-05 03:00,2026-07-05,03:00,15353.06,228.0,15591.06
2026-07-05 04:00,2026-07-05,04:00,15019.35,213.0,15242.35
2026-07-05 05:00,2026-07-05,05:00,14674.58,193.0,14876.58
2026-07-05 06:00,2026-07-05,06:00,14242.19,214.0,14465.82
2026-07-05 07:00,2026-07-05,07:00,14047.69,224.0,14281.69
2026-07-05 08:00,2026-07-05,08:00,13861.5,211.0,14081.5
2026-07-05 09:00,2026-07-05,09:00,13638.73,256.0,13906.73
2026-07-05 10:00,2026-07-05,10:00,13556.81,123.0,13685.81
2026-07-05 11:00,2026-07-05,11:00,13875.5,35.0,13912.5
2026-07-05 12:00,2026-07-05,12:00,14150.19,75.0,14228.19
2026-07-05 13:00,2026-07-05,13:00,14191.73,139.0,14336.73
2026-07-05 14:00,2026-07-05,14:00,14205.69,113.0,14323.69
2026-07-05 15:00,2026-07-05,15:00,14299.97,187.0,14494.97
2026-07-05 16:00,2026-07-05,16:00,14102.24,162.0,14271.24
2026-07-05 17:00,2026-07-05,17:00,13663.0,102.0,13770.0
2026-07-05 18:00,2026-07-05,18:00,13408.91,94.0,13507.14
2026-07-05 19:00,2026-07-05,19:00,14804.23,105.0,14914.23
2026-07-05 19:30,2026-07-05,19:30,15718.76,203.0,15930.76
2026-07-05 20:00,2026-07-05,20:00,15779.02,207.0,15995.02
2026-07-05 21:00,2026-07-05,21:00,15821.76,296.0,16130.76
2026-07-05 22:00,2026-07-05,22:00,15753.18,208.0,15970.18
2026-07-05 23:00,2026-07-05,23:00,15698.83,195.0,15902.83
2026-07-06 00:00,2026-07-06,00:00,15451.07,523.0,15997.61
2026-07-06 01:00,2026-07-06,01:00,15228.02,191.0,15428.02
2026-07-06 02:00,2026-07-06,02:00,14946.29,207.0,15162.61
2026-07-06 03:00,2026-07-06,03:00,14501.42,213.0,14724.42
2026-07-06 04:00,2026-07-06,04:00,14198.52,191.0,14398.52
2026-07-06 05:00,2026-07-06,05:00,13847.8,167.0,14022.8
2026-07-06 06:00,2026-07-06,06:00,13527.85,115.0,13648.03
2026-07-06 07:00,2026-07-06,07:00,13452.62,117.0,13574.62
2026-07-06 08:00,2026-07-06,08:00,13449.87,117.0,13571.87
2026-07-06 09:00,2026-07-06,09:00,13543.61,170.0,13721.61
2026-07-06 10:00,2026-07-06,10:00,13821.17,116.0,13942.17
2026-07-06 11:00,2026-07-06,11:00,14102.65,40.0,14144.65
2026-07-06 12:00,2026-07-06,12:00,14493.61,0.0,14493.61
2026-07-06 13:00,2026-07-06,13:00,14695.45,0.0,14695.45
2026-07-06 14:00,2026-07-06,14:00,14338.41,25.0,14364.54
2026-07-06 15:00,2026-07-06,15:00,14204.73,88.0,14296.69
2026-07-06 16:00,2026-07-06,16:00,14085.94,59.0,14147.6
2026-07-06 17:00,2026-07-06,17:00,13670.11,64.0,13736.99
2026-07-06 18:00,2026-07-06,18:00,13441.38,30.0,13472.73
2026-07-06 19:00,2026-07-06,19:00,14557.53,0.0,14557.53
2026-07-06 19:30,2026-07-06,19:30,15496.86,62.0,15561.65
2026-07-06 20:00,2026-07-06,20:00,15631.39,199.0,15839.39
2026-07-06 21:00,2026-07-06,21:00,15626.06,159.0,15792.06
2026-07-06 22:00,2026-07-06,22:00,15579.51,159.0,15745.67
2026-07-06 23:00,2026-07-06,23:00,15472.91,256.0,15740.43
2026-07-07 00:00,2026-07-07,00:00,15309.96,367.0,15693.48
2026-07-07 01:00,2026-07-07,01:00,14839.58,359.0,15214.74
2026-07-07 02:00,2026-07-07,02:00,14550.66,322.0,14887.15
2026-07-07 03:00,2026-07-07,03:00,14345.25,279.0,14636.81
2026-07-07 04:00,2026-07-07,04:00,13955.58,255.0,14222.06
2026-07-07 05:00,2026-07-07,05:00,13703.21,232.0,13945.65
2026-07-07 06:00,2026-07-07,06:00,13468.54,209.0,13686.95
2026-07-07 07:00,2026-07-07,07:00,13487.56,194.0,13690.56
2026-07-07 08:00,2026-07-07,08:00,13531.13,162.0,13700.13
2026-07-07 09:00,2026-07-07,09:00,13715.81,226.0,13951.81
2026-07-07 10:00,2026-07-07,10:00,13505.35,489.0,14016.35
2026-07-07 11:00,2026-07-07,11:00,13764.7,406.0,14188.7
2026-07-07 12:00,2026-07-07,12:00,13862.45,489.0,14373.45
2026-07-07 13:00,2026-07-07,13:00,13946.25,596.0,14569.25
2026-07-07 14:00,2026-07-07,14:00,13932.4,327.0,14274.4
2026-07-07 15:00,2026-07-07,15:00,13722.15,212.0,13944.15
2026-07-07 16:00,2026-07-07,16:00,13345.56,42.0,13389.56
2026-07-07 17:00,2026-07-07,17:00,13071.61,12.0,13084.61
2026-07-07 18:00,2026-07-07,18:00,13249.35,42.0,13293.35
2026-07-07 19:00,2026-07-07,19:00,14320.62,81.0,14405.62
2026-07-07 19:30,2026-07-07,19:30,15319.92,74.0,15396.92
2026-07-07 20:00,2026-07-07,20:00,15524.0,132.0,15662.0
2026-07-07 21:00,2026-07-07,21:00,15346.64,105.0,15456.64
2026-07-07 22:00,2026-07-07,22:00,15408.54,110.0,15523.54
2026-07-07 23:00,2026-07-07,23:00,15382.48,105.0,15492.48
2026-07-08 00:00,2026-07-08,00:00,15240.04,108.0,15353.04
2026-07-08 01:00,2026-07-08,01:00,14666.33,197.0,14872.33
2026-07-08 02:00,2026-07-08,02:00,14487.85,197.0,14693.85
2026-07-08 03:00,2026-07-08,03:00,13721.34,145.0,13872.87
2026-07-08 04:00,2026-07-08,04:00,13405.71,130.0,13541.56
2026-07-08 05:00,2026-07-08,05:00,13062.11,95.0,13161.11
2026-07-08 06:00,2026-07-08,06:00,12671.29,65.0,12739.22
2026-07-08 07:00,2026-07-08,07:00,12875.15,43.0,12920.09
2026-07-08 08:00,2026-07-08,08:00,12851.5,43.0,12896.44
2026-07-08 09:00,2026-07-08,09:00,12964.39,10.0,12974.84
2026-07-08 10:00,2026-07-08,10:00,13443.94,0.0,13443.94
2026-07-08 11:00,2026-07-08,11:00,13811.89,0.0,13811.89
2026-07-08 12:00,2026-07-08,12:00,14148.17,49.0,14199.17
2026-07-08 13:00,2026-07-08,13:00,14414.62,70.0,14487.62
2026-07-08 14:00,2026-07-08,14:00,14065.24,100.0,14169.24
2026-07-08 15:00,2026-07-08,15:00,14010.67,107.0,14122.67
2026-07-08 16:00,2026-07-08,16:00,13791.24,135.0,13932.24
2026-07-08 17:00,2026-07-08,17:00,13616.71,145.0,13768.24
2026-07-08 18:00,2026-07-08,18:00,13365.37,210.0,13584.37
2026-07-08 19:00,2026-07-08,19:00,14116.84,711.0,14859.84
2026-07-08 19:30,2026-07-08,19:30,14891.81,760.0,15685.81
2026-07-08 20:00,2026-07-08,20:00,15049.51,637.0,15715.51
2026-07-08 21:00,2026-07-08,21:00,15376.01,345.0,15737.01
2026-07-08 22:00,2026-07-08,22:00,15028.81,467.0,15516.81
2026-07-08 23:00,2026-07-08,23:00,14773.4,819.0,15629.4
2026-07-09 00:00,2026-07-09,00:00,14089.41,1332.0,15481.35
2026-07-09 01:00,2026-07-09,01:00,13614.96,1249.0,14919.96
2026-07-09 02:00,2026-07-09,02:00,13226.03,532.0,13782.03
2026-07-09 03:00,2026-07-09,03:00,12856.58,431.0,13306.58
2026-07-09 04:00,2026-07-09,04:00,12228.41,358.0,12602.41
2026-07-09 05:00,2026-07-09,05:00,11736.24,262.0,12010.24
2026-07-09 06:00,2026-07-09,06:00,11380.09,60.0,11443.09
2026-07-09 07:00,2026-07-09,07:00,11457.05,5.0,11462.05
2026-07-09 08:00,2026-07-09,08:00,11761.64,25.0,11787.64
2026-07-09 09:00,2026-07-09,09:00,12149.66,126.0,12281.33
2026-07-09 10:00,2026-07-09,10:00,12642.87,120.0,12768.27
2026-07-09 11:00,2026-07-09,11:00,13188.28,105.0,13298.01
2026-07-09 12:00,2026-07-09,12:00,13754.08,188.0,13950.08
2026-07-09 13:00,2026-07-09,13:00,13880.54,251.0,14142.54
2026-07-09 14:00,2026-07-09,14:00,13890.16,295.0,14198.16
2026-07-09 15:00,2026-07-09,15:00,13944.86,501.0,14468.86
2026-07-09 16:00,2026-07-09,16:00,13726.66,368.0,14111.66
2026-07-09 17:00,2026-07-09,17:00,13238.14,345.0,13599.14
2026-07-09 18:00,2026-07-09,18:00,13330.92,323.0,13668.92
2026-07-09 19:00,2026-07-09,19:00,14189.48,364.0,14569.48
2026-07-09 19:30,2026-07-09,19:30,15058.92,130.0,15194.92
2026-07-09 20:00,2026-07-09,20:00,15210.16,160.0,15377.16
2026-07-09 21:00,2026-07-09,21:00,15407.51,274.0,15693.51
2026-07-09 22:00,2026-07-09,22:00,14964.13,150.0,15120.88
2026-07-09 23:00,2026-07-09,23:00,14930.31,251.0,15192.61
2026-07-10 00:00,2026-07-10,00:00,14735.6,342.0,15092.99
2026-07-10 01:00,2026-07-10,01:00,14272.82,316.0,14603.04
2026-07-10 02:00,2026-07-10,02:00,14215.58,151.0,14373.38
2026-07-10 03:00,2026-07-10,03:00,13755.78,137.0,13898.95
2026-07-10 04:00,2026-07-10,04:00,13302.59,114.0,13421.72
2026-07-10 05:00,2026-07-10,05:00,12643.74,97.0,12745.11
2026-07-10 06:00,2026-07-10,06:00,11843.34,53.0,11898.73
2026-07-10 07:00,2026-07-10,07:00,11509.2,45.0,11556.23
2026-07-10 08:00,2026-07-10,08:00,11329.86,72.0,11405.1
2026-07-10 09:00,2026-07-10,09:00,11404.37,68.0,11475.43
2026-07-10 10:00,2026-07-10,10:00,11366.59,126.0,11498.26
2026-07-10 11:00,2026-07-10,11:00,11648.96,0.0,11648.96
2026-07-10 12:00,2026-07-10,12:00,12175.54,0.0,12175.54
2026-07-10 13:00,2026-07-10,13:00,12924.47,38.0,12964.47
2026-07-10 14:00,2026-07-10,14:00,12484.42,10.0,12494.87
2026-07-10 15:00,2026-07-10,15:00,12272.81,14.0,12287.81
2026-07-10 16:00,2026-07-10,16:00,11566.55,10.0,11576.55
2026-07-10 17:00,2026-07-10,17:00,11459.86,10.0,11469.86
2026-07-10 18:00,2026-07-10,18:00,11576.38,10.0,11586.83
2026-07-10 19:00,2026-07-10,19:00,12969.35,22.0,12992.34
2026-07-10 19:30,2026-07-10,19:30,14031.32,25.0,14057.32
2026-07-10 20:00,2026-07-10,20:00,14229.29,15.0,14244.97
2026-07-10 21:00,2026-07-10,21:00,14358.07,30.0,14389.07
2026-07-10 22:00,2026-07-10,22:00,14516.88,0.0,14516.88
2026-07-10 23:00,2026-07-10,23:00,14744.53,0.0,14744.53
2026-07-11 00:00,2026-07-11,00:00,14620.64,203.0,14832.78
2026-07-11 01:00,2026-07-11,01:00,14162.0,131.0,14298.9
2026-07-11 02:00,2026-07-11,02:00,13510.79,95.0,13610.07
2026-07-11 03:00,2026-07-11,03:00,13062.69,94.0,13160.92
2026-07-11 04:00,2026-07-11,04:00,12723.08,108.0,12835.94
2026-07-11 05:00,2026-07-11,05:00,12522.63,98.0,12625.04
2026-07-11 06:00,2026-07-11,06:00,12277.27,82.0,12362.96
2026-07-11 07:00,2026-07-11,07:00,12256.71,75.0,12334.71
2026-07-11 08:00,2026-07-11,08:00,12396.39,85.0,12485.39
2026-07-11 09:00,2026-07-11,09:00,12720.56,90.0,12814.56
2026-07-11 10:00,2026-07-11,10:00,13078.82,0.0,13078.82
2026-07-11 11:00,2026-07-11,11:00,13317.56,0.0,13317.56
2026-07-11 12:00,2026-07-11,12:00,13859.4,41.0,13902.4
2026-07-11 13:00,2026-07-11,13:00,14174.32,0.0,14174.32
2026-07-11 14:00,2026-07-11,14:00,13584.13,0.0,13584.13
2026-07-11 15:00,2026-07-11,15:00,13450.19,136.0,13592.19
2026-07-11 16:00,2026-07-11,16:00,13114.94,133.0,13253.94
2026-07-11 17:00,2026-07-11,17:00,12975.03,134.0,13115.06
2026-07-11 18:00,2026-07-11,18:00,13134.89,0.0,13134.89
2026-07-11 19:00,2026-07-11,19:00,14259.88,0.0,14259.88
2026-07-11 19:30,2026-07-11,19:30,15324.78,130.0,15460.78
2026-07-11 20:00,2026-07-11,20:00,15237.42,145.0,15389.42
2026-07-11 21:00,2026-07-11,21:00,15134.42,222.0,15366.42
2026-07-11 22:00,2026-07-11,22:00,14859.99,261.0,15132.74
2026-07-11 23:00,2026-07-11,23:00,14821.66,245.0,15077.69
2026-07-12 00:00,2026-07-12,00:00,14568.19,446.0,15034.19
2026-07-12 01:00,2026-07-12,01:00,13888.25,377.0,14282.22
2026-07-12 02:00,2026-07-12,02:00,13407.07,341.0,13763.42
2026-07-12 03:00,2026-07-12,03:00,12990.91,251.0,13253.21
2026-07-12 04:00,2026-07-12,04:00,12803.61,126.0,12935.28
2026-07-12 05:00,2026-07-12,05:00,12620.3,141.0,12767.65
2026-07-12 06:00,2026-07-12,06:00,12134.73,91.0,12229.83
2026-07-12 07:00,2026-07-12,07:00,12196.81,0.0,12196.81
2026-07-12 08:00,2026-07-12,08:00,12713.43,30.0,12744.43
2026-07-12 09:00,2026-07-12,09:00,13064.72,0.0,13064.72
2026-07-12 10:00,2026-07-12,10:00,13178.39,0.0,13178.39
2026-07-12 11:00,2026-07-12,11:00,13234.62,0.0,13234.62
2026-07-12 12:00,2026-07-12,12:00,13422.39,0.0,13422.39
2026-07-12 13:00,2026-07-12,13:00,13864.21,0.0,13864.21
2026-07-12 14:00,2026-07-12,14:00,13688.09,0.0,13688.09
2026-07-12 15:00,2026-07-12,15:00,13616.47,0.0,13616.47
2026-07-12 16:00,2026-07-12,16:00,13626.07,20.0,13646.97
2026-07-12 17:00,2026-07-12,17:00,13149.97,20.0,13170.87
2026-07-12 18:00,2026-07-12,18:00,13192.09,0.0,13192.09
2026-07-12 19:00,2026-07-12,19:00,14397.18,80.0,14480.78
2026-07-12 19:30,2026-07-12,19:30,15498.03,188.0,15694.49
2026-07-12 20:00,2026-07-12,20:00,15140.36,20.0,15161.26
2026-07-12 21:00,2026-07-12,21:00,15244.36,0.0,15244.36
2026-07-12 22:00,2026-07-12,22:00,14976.95,69.0,15049.06
2026-07-12 23:00,2026-07-12,23:00,14607.72,45.0,14654.75
2026-07-13 00:00,2026-07-13,00:00,14278.79,164.0,14450.17
2026-07-13 01:00,2026-07-13,01:00,13996.39,244.0,14251.39
2026-07-13 02:00,2026-07-13,02:00,13639.74,232.0,13881.74
2026-07-13 03:00,2026-07-13,03:00,13229.58,219.0,13458.58
2026-07-13 04:00,2026-07-13,04:00,12847.52,197.0,13053.52
2026-07-13 05:00,2026-07-13,05:00,12748.02,155.0,12910.02
2026-07-13 06:00,2026-07-13,06:00,12446.36,132.0,12584.36
2026-07-13 07:00,2026-07-13,07:00,12559.38,118.0,12682.38
2026-07-13 08:00,2026-07-13,08:00,12651.27,122.0,12778.27
2026-07-13 09:00,2026-07-13,09:00,12794.75,67.0,12864.75
2026-07-13 10:00,2026-07-13,10:00,12888.87,0.0,12888.87
2026-07-13 11:00,2026-07-13,11:00,13216.93,0.0,13216.93
2026-07-13 12:00,2026-07-13,12:00,13613.22,23.0,13637.22
2026-07-13 13:00,2026-07-13,13:00,13789.83,15.0,13805.83
2026-07-13 14:00,2026-07-13,14:00,13618.73,0.0,13618.73
2026-07-13 15:00,2026-07-13,15:00,13589.38,0.0,13589.38
2026-07-13 16:00,2026-07-13,16:00,13481.49,0.0,13481.49
2026-07-13 17:00,2026-07-13,17:00,13313.04,0.0,13313.04
2026-07-13 18:00,2026-07-13,18:00,13260.88,0.0,13260.88
2026-07-13 19:00,2026-07-13,19:00,14381.8,0.0,14381.8
2026-07-13 19:30,2026-07-13,19:30,15527.0,49.0,15578.0
2026-07-13 20:00,2026-07-13,20:00,15419.89,80.0,15503.89
2026-07-13 21:00,2026-07-13,21:00,15406.16,117.0,15528.16
2026-07-13 22:00,2026-07-13,22:00,15232.74,147.0,15386.74
2026-07-13 23:00,2026-07-13,23:00,14805.79,309.0,15128.79
2026-07-14 00:00,2026-07-14,00:00,14488.72,435.0,14943.3
2026-07-14 01:00,2026-07-14,01:00,14369.16,442.0,14831.05
2026-07-14 02:00,2026-07-14,02:00,13961.49,420.0,14400.39
2026-07-14 03:00,2026-07-14,03:00,13551.03,402.0,13971.03
2026-07-14 04:00,2026-07-14,04:00,13293.92,393.0,13704.92
2026-07-14 05:00,2026-07-14,05:00,13130.37,387.0,13534.37
2026-07-14 06:00,2026-07-14,06:00,12959.54,348.0,13323.54
2026-07-14 07:00,2026-07-14,07:00,12981.69,311.0,13306.69
2026-07-14 08:00,2026-07-14,08:00,12928.28,301.0,13243.28
2026-07-14 09:00,2026-07-14,09:00,13353.98,232.0,13595.98
2026-07-14 10:00,2026-07-14,10:00,13855.2,157.0,14019.2
2026-07-14 11:00,2026-07-14,11:00,14120.49,90.0,14214.54
2026-07-14 12:00,2026-07-14,12:00,14786.67,148.0,14941.67
2026-07-14 13:00,2026-07-14,13:00,14991.53,71.0,15065.53
2026-07-14 14:00,2026-07-14,14:00,14982.75,71.0,15056.95
2026-07-14 15:00,2026-07-14,15:00,14952.57,178.0,15138.57
2026-07-14 16:00,2026-07-14,16:00,15204.76,161.0,15373.01
2026-07-14 17:00,2026-07-14,17:00,14848.13,85.0,14936.96
2026-07-14 18:00,2026-07-14,18:00,14377.02,77.0,14457.49
2026-07-14 19:00,2026-07-14,19:00,15395.97,0.0,15395.97
2026-07-14 19:30,2026-07-14,19:30,16290.37,571.0,16887.07
2026-07-14 20:00,2026-07-14,20:00,16332.87,432.0,16783.87
2026-07-14 21:00,2026-07-14,21:00,16344.02,679.0,17054.02
2026-07-14 22:00,2026-07-14,22:00,16302.17,548.0,16875.17
2026-07-14 23:00,2026-07-14,23:00,16291.09,611.0,16929.59
2026-07-15 00:00,2026-07-15,00:00,15560.83,1669.0,17304.94
2026-07-15 01:00,2026-07-15,01:00,15531.75,1079.0,16659.75
2026-07-15 02:00,2026-07-15,02:00,15650.53,262.0,15924.53
2026-07-15 03:00,2026-07-15,03:00,15299.5,244.0,15554.5
2026-07-15 04:00,2026-07-15,04:00,14541.52,488.0,15051.52
2026-07-15 05:00,2026-07-15,05:00,14438.18,543.0,15005.18
2026-07-15 06:00,2026-07-15,06:00,14052.56,302.0,14368.56
2026-07-15 07:00,2026-07-15,07:00,13980.16,445.0,14445.16
2026-07-15 08:00,2026-07-15,08:00,13979.71,402.0,14399.8
2026-07-15 09:00,2026-07-15,09:00,14190.82,362.0,14569.11
2026-07-15 10:00,2026-07-15,10:00,14456.7,187.0,14652.12
2026-07-15 11:00,2026-07-15,11:00,14563.05,249.0,14823.26
2026-07-15 12:00,2026-07-15,12:00,14831.45,582.0,15439.45
2026-07-15 13:00,2026-07-15,13:00,14784.64,700.0,15516.64
2026-07-15 14:00,2026-07-15,14:00,14512.72,731.0,15276.72
2026-07-15 15:00,2026-07-15,15:00,14639.56,1072.0,15759.56
2026-07-15 16:00,2026-07-15,16:00,14439.82,856.0,15334.82
2026-07-15 17:00,2026-07-15,17:00,14355.58,911.0,15307.58
2026-07-15 18:00,2026-07-15,18:00,14061.43,485.0,14568.43
2026-07-15 19:00,2026-07-15,19:00,15032.81,835.0,15905.81
2026-07-15 19:30,2026-07-15,19:30,15599.54,1222.0,16876.54
2026-07-15 20:00,2026-07-15,20:00,15756.9,1216.0,17027.9
2026-07-15 21:00,2026-07-15,21:00,16029.58,1106.0,17185.58
2026-07-15 22:00,2026-07-15,22:00,16183.14,610.0,16820.14
2026-07-15 23:00,2026-07-15,23:00,16143.29,633.0,16804.29
2026-07-16 00:00,2026-07-16,00:00,16069.19,781.0,16885.34
2026-07-16 01:00,2026-07-16,01:00,15964.67,259.0,16235.67
2026-07-16 02:00,2026-07-16,02:00,15498.64,244.0,15753.64
2026-07-16 03:00,2026-07-16,03:00,15154.58,249.0,15414.79
2026-07-16 04:00,2026-07-16,04:00,14427.15,374.0,14818.15
2026-07-16 05:00,2026-07-16,05:00,14358.28,334.0,14707.31
2026-07-16 06:00,2026-07-16,06:00,13780.99,302.0,14096.99
2026-07-16 07:00,2026-07-16,07:00,13605.19,284.0,13902.19
2026-07-16 08:00,2026-07-16,08:00,13678.74,261.0,13951.74
2026-07-16 09:00,2026-07-16,09:00,13880.81,238.0,14129.81
2026-07-16 10:00,2026-07-16,10:00,14090.94,118.0,14213.94
2026-07-16 11:00,2026-07-16,11:00,14462.96,90.0,14556.96
2026-07-16 12:00,2026-07-16,12:00,14788.36,86.0,14878.23
2026-07-16 13:00,2026-07-16,13:00,15238.02,191.0,15438.02
2026-07-16 14:00,2026-07-16,14:00,14948.19,131.0,15085.09
2026-07-16 15:00,2026-07-16,15:00,15097.11,140.0,15243.41
2026-07-16 16:00,2026-07-16,16:00,14824.45,172.0,15004.19
2026-07-16 17:00,2026-07-16,17:00,14159.51,150.0,14316.26
2026-07-16 18:00,2026-07-16,18:00,14008.55,167.0,14183.07
2026-07-16 19:00,2026-07-16,19:00,15118.04,215.0,15342.72
2026-07-16 19:30,2026-07-16,19:30,16240.22,250.0,16501.47
2026-07-16 20:00,2026-07-16,20:00,16242.42,392.0,16652.06
2026-07-16 21:00,2026-07-16,21:00,16315.45,515.0,16853.45
2026-07-16 22:00,2026-07-16,22:00,15954.38,586.0,16566.75
2026-07-16 23:00,2026-07-16,23:00,15860.13,779.0,16674.19
2026-07-17 00:00,2026-07-17,00:00,15184.96,1604.0,16861.14
2026-07-17 01:00,2026-07-17,01:00,14812.61,1817.0,16711.61
2026-07-17 02:00,2026-07-17,02:00,14585.81,1742.0,16406.2
2026-07-17 03:00,2026-07-17,03:00,14524.57,1516.0,16108.57
2026-07-17 04:00,2026-07-17,04:00,14388.03,478.0,14888.03
2026-07-17 05:00,2026-07-17,05:00,14222.43,325.0,14562.43
2026-07-17 06:00,2026-07-17,06:00,13394.88,262.0,13668.88
2026-07-17 07:00,2026-07-17,07:00,12932.5,218.0,13160.5
2026-07-17 08:00,2026-07-17,08:00,12642.82,142.0,12790.82
2026-07-17 09:00,2026-07-17,09:00,12506.04,87.0,12597.04
2026-07-17 10:00,2026-07-17,10:00,12264.85,60.0,12327.55
2026-07-17 11:00,2026-07-17,11:00,12359.4,42.0,12403.4
2026-07-17 12:00,2026-07-17,12:00,12954.44,15.0,12970.44
2026-07-17 13:00,2026-07-17,13:00,13662.81,10.0,13672.81
2026-07-17 14:00,2026-07-17,14:00,13077.27,20.0,13098.27
2026-07-17 15:00,2026-07-17,15:00,12746.9,0.0,12746.9
2026-07-17 16:00,2026-07-17,16:00,12315.08,0.0,12315.08
2026-07-17 17:00,2026-07-17,17:00,12072.8,0.0,12072.8
2026-07-17 18:00,2026-07-17,18:00,11973.04,0.0,11973.04
2026-07-17 19:00,2026-07-17,19:00,13286.19,0.0,13286.19
2026-07-17 19:30,2026-07-17,19:30,14664.67,0.0,14664.67
2026-07-17 20:00,2026-07-17,20:00,14854.57,0.0,14854.57
2026-07-17 21:00,2026-07-17,21:00,15047.09,32.0,15080.09
2026-07-17 22:00,2026-07-17,22:00,15157.6,31.0,15189.6
2026-07-17 23:00,2026-07-17,23:00,15090.96,36.0,15128.96
2026-07-18 00:00,2026-07-18,00:00,15237.21,65.0,15305.14
2026-07-18 01:00,2026-07-18,01:00,14496.56,185.0,14689.56
2026-07-18 02:00,2026-07-18,02:00,14111.37,167.0,14286.37
2026-07-18 03:00,2026-07-18,03:00,13707.64,174.0,13889.64
2026-07-18 04:00,2026-07-18,04:00,13457.26,170.0,13635.26
2026-07-18 05:00,2026-07-18,05:00,13242.59,157.0,13406.59
2026-07-18 06:00,2026-07-18,06:00,12895.53,182.0,13085.53
2026-07-18 07:00,2026-07-18,07:00,12820.87,161.0,12988.87
2026-07-18 08:00,2026-07-18,08:00,12837.56,156.0,13000.56
2026-07-18 09:00,2026-07-18,09:00,13355.38,172.0,13535.38
2026-07-18 10:00,2026-07-18,10:00,13406.47,218.0,13634.47
2026-07-18 11:00,2026-07-18,11:00,13613.72,166.0,13786.72
2026-07-18 12:00,2026-07-18,12:00,14178.41,219.0,14407.41
2026-07-18 13:00,2026-07-18,13:00,14514.9,335.0,14864.9
2026-07-18 14:00,2026-07-18,14:00,14383.96,327.0,14725.96
2026-07-18 15:00,2026-07-18,15:00,14359.4,321.0,14694.4
2026-07-18 16:00,2026-07-18,16:00,14380.23,242.0,14633.23
2026-07-18 17:00,2026-07-18,17:00,13826.11,208.0,14043.11
2026-07-18 18:00,2026-07-18,18:00,13743.23,202.0,13954.23
2026-07-18 19:00,2026-07-18,19:00,15087.8,241.0,15339.8
2026-07-18 19:30,2026-07-18,19:30,15784.21,394.0,16196.21
2026-07-18 20:00,2026-07-18,20:00,15706.29,394.0,16118.29
2026-07-18 21:00,2026-07-18,21:00,15817.5,515.0,16355.5
2026-07-18 22:00,2026-07-18,22:00,15750.13,445.0,16215.13
2026-07-18 23:00,2026-07-18,23:00,15731.05,459.0,16211.05
2026-07-19 00:00,2026-07-19,00:00,15606.99,654.0,16290.42
2026-07-19 01:00,2026-07-19,01:00,15219.66,576.0,15821.66
2026-07-19 02:00,2026-07-19,02:00,14569.97,622.0,15219.97
2026-07-19 03:00,2026-07-19,03:00,14364.37,616.0,15008.37
2026-07-19 04:00,2026-07-19,04:00,14122.71,582.0,14730.71
2026-07-19 05:00,2026-07-19,05:00,13953.74,517.0,14493.74
2026-07-19 06:00,2026-07-19,06:00,13554.05,502.0,14079.05
2026-07-19 07:00,2026-07-19,07:00,13531.53,402.0,13951.53
2026-07-19 08:00,2026-07-19,08:00,13548.4,406.0,13972.4
2026-07-19 09:00,2026-07-19,09:00,13753.85,391.0,14162.85
2026-07-19 10:00,2026-07-19,10:00,13913.78,304.0,14231.78
2026-07-19 11:00,2026-07-19,11:00,14324.2,188.0,14520.2
2026-07-19 12:00,2026-07-19,12:00,14696.1,244.0,14951.1
2026-07-19 13:00,2026-07-19,13:00,14920.9,206.0,15135.9
2026-07-19 14:00,2026-07-19,14:00,14560.53,373.0,14950.32
2026-07-19 15:00,2026-07-19,15:00,14627.43,484.0,15133.43
2026-07-19 16:00,2026-07-19,16:00,14224.13,457.0,14702.13
2026-07-19 17:00,2026-07-19,17:00,13853.13,345.0,14214.13
2026-07-19 18:00,2026-07-19,18:00,13567.88,339.0,13921.88
2026-07-19 19:00,2026-07-19,19:00,14915.82,360.0,15291.82
2026-07-19 19:30,2026-07-19,19:30,15670.02,440.0,16130.02
2026-07-19 20:00,2026-07-19,20:00,15630.38,300.0,15944.38
2026-07-19 21:00,2026-07-19,21:00,15370.68,295.0,15678.68
2026-07-19 22:00,2026-07-19,22:00,15597.4,272.0,15881.4
2026-07-19 23:00,2026-07-19,23:00,15510.09,297.0,15820.09
2026-07-20 00:00,2026-07-20,00:00,15401.9,253.0,15666.29
2026-07-20 01:00,2026-07-20,01:00,15280.94,73.0,15357.23
2026-07-20 02:00,2026-07-20,02:00,14796.94,43.0,14841.88
2026-07-20 03:00,2026-07-20,03:00,14296.94,33.0,14331.43
2026-07-20 04:00,2026-07-20,04:00,14059.42,22.0,14082.41
2026-07-20 05:00,2026-07-20,05:00,13959.72,165.0,14131.72
2026-07-20 06:00,2026-07-20,06:00,13211.86,152.0,13370.86
2026-07-20 07:00,2026-07-20,07:00,13151.91,188.0,13347.91
2026-07-20 08:00,2026-07-20,08:00,13291.39,209.0,13509.8
2026-07-20 09:00,2026-07-20,09:00,13463.22,221.0,13694.17
2026-07-20 10:00,2026-07-20,10:00,13594.27,104.0,13702.95
2026-07-20 11:00,2026-07-20,11:00,13712.2,59.0,13773.86
2026-07-20 12:00,2026-07-20,12:00,13990.44,78.0,14071.95
2026-07-20 13:00,2026-07-20,13:00,14073.36,74.0,14150.36
2026-07-20 14:00,2026-07-20,14:00,13921.15,108.0,14034.01
2026-07-20 15:00,2026-07-20,15:00,13816.59,139.0,13961.59
2026-07-20 16:00,2026-07-20,16:00,13433.83,138.0,13577.83
2026-07-20 17:00,2026-07-20,17:00,13146.57,135.0,13287.65
2026-07-20 18:00,2026-07-20,18:00,13033.83,160.0,13200.83
2026-07-20 19:00,2026-07-20,19:00,14270.1,199.0,14478.1
2026-07-20 19:30,2026-07-20,19:30,15332.1,171.0,15511.1
2026-07-20 20:00,2026-07-20,20:00,15213.57,36.0,15251.57
2026-07-20 21:00,2026-07-20,21:00,15284.33,14.0,15298.96
2026-07-20 22:00,2026-07-20,22:00,15068.55,24.0,15093.63
2026-07-20 23:00,2026-07-20,23:00,14825.38,32.0,14858.82
2026-07-21 00:00,2026-07-21,00:00,14808.25,208.0,15025.61
2026-07-21 01:00,2026-07-21,01:00,14286.78,209.0,14504.78
2026-07-21 02:00,2026-07-21,02:00,13683.18,187.0,13878.6
2026-07-21 03:00,2026-07-21,03:00,13264.3,179.0,13451.3
2026-07-21 04:00,2026-07-21,04:00,13036.47,122.0,13163.47
2026-07-21 05:00,2026-07-21,05:00,12904.65,119.0,13028.65
2026-07-21 06:00,2026-07-21,06:00,12696.74,131.0,12833.74
2026-07-21 07:00,2026-07-21,07:00,12832.84,158.0,12997.84
2026-07-21 08:00,2026-07-21,08:00,12959.81,152.0,13118.81
2026-07-21 09:00,2026-07-21,09:00,13227.63,132.0,13365.63
2026-07-21 10:00,2026-07-21,10:00,13345.6,70.0,13418.6
2026-07-21 11:00,2026-07-21,11:00,13624.9,40.0,13666.9
2026-07-21 12:00,2026-07-21,12:00,13992.75,15.0,14008.75
2026-07-21 13:00,2026-07-21,13:00,14232.17,75.0,14310.55
2026-07-21 14:00,2026-07-21,14:00,14182.28,154.0,14343.21
2026-07-21 15:00,2026-07-21,15:00,14058.22,240.0,14309.02
2026-07-21 16:00,2026-07-21,16:00,13864.1,137.0,14007.27
2026-07-21 17:00,2026-07-21,17:00,13639.52,224.0,13873.6
2026-07-21 18:00,2026-07-21,18:00,13376.86,216.0,13602.58
2026-07-21 19:00,2026-07-21,19:00,14666.14,147.0,14819.76
2026-07-21 19:30,2026-07-21,19:30,15777.52,214.0,16001.15
2026-07-21 20:00,2026-07-21,20:00,15833.95,341.0,16189.95
2026-07-21 21:00,2026-07-21,21:00,15647.85,126.0,15779.85
2026-07-21 22:00,2026-07-21,22:00,15455.42,123.0,15583.96
2026-07-21 23:00,2026-07-21,23:00,15293.21,192.0,15493.85
2026-07-22 00:00,2026-07-22,00:00,14891.37,488.0,15401.33
2026-07-22 01:00,2026-07-22,01:00,14510.78,470.0,15001.93
2026-07-22 02:00,2026-07-22,02:00,14194.02,382.0,14593.21
2026-07-22 03:00,2026-07-22,03:00,13808.96,320.0,14143.36
2026-07-22 04:00,2026-07-22,04:00,13592.82,327.0,13934.54
2026-07-22 05:00,2026-07-22,05:00,13298.47,372.0,13687.21
2026-07-22 06:00,2026-07-22,06:00,12626.25,351.0,12993.05
2026-07-22 07:00,2026-07-22,07:00,12949.54,371.0,13337.54
2026-07-22 08:00,2026-07-22,08:00,12881.26,374.0,13272.26
2026-07-22 09:00,2026-07-22,09:00,13199.42,232.0,13441.42
2026-07-22 10:00,2026-07-22,10:00,13759.3,30.0,13790.3
2026-07-22 11:00,2026-07-22,11:00,13947.34,18.0,13966.34
2026-07-22 12:00,2026-07-22,12:00,14290.4,176.0,14474.4
2026-07-22 13:00,2026-07-22,13:00,14392.02,343.0,14750.02
2026-07-22 14:00,2026-07-22,14:00,13635.44,560.0,14220.44
2026-07-22 15:00,2026-07-22,15:00,13912.12,659.0,14601.12
2026-07-22 16:00,2026-07-22,16:00,13479.63,564.0,14068.63
2026-07-22 17:00,2026-07-22,17:00,13290.53,385.0,13692.53
2026-07-22 18:00,2026-07-22,18:00,13183.25,321.0,13518.25
2026-07-22 19:00,2026-07-22,19:00,14464.44,158.0,14629.44
2026-07-22 19:30,2026-07-22,19:30,15371.1,210.0,15590.1
2026-07-22 20:00,2026-07-22,20:00,15310.4,172.0,15490.14
2026-07-22 21:00,2026-07-22,21:00,15384.75,218.0,15612.75
2026-07-22 22:00,2026-07-22,22:00,15204.52,142.0,15352.52
2026-07-22 23:00,2026-07-22,23:00,15077.08,302.0,15392.67
2026-07-23 00:00,2026-07-23,00:00,14726.23,553.0,15304.12
2026-07-23 01:00,2026-07-23,01:00,14194.93,480.0,14696.93
2026-07-23 02:00,2026-07-23,02:00,13840.65,457.0,14318.65
2026-07-23 03:00,2026-07-23,03:00,13592.8,418.0,14029.8
2026-07-23 04:00,2026-07-23,04:00,13237.02,368.0,13622.02
2026-07-23 05:00,2026-07-23,05:00,12939.6,321.0,13274.6
2026-07-23 06:00,2026-07-23,06:00,12638.64,309.0,12961.64
2026-07-23 07:00,2026-07-23,07:00,12775.05,318.0,13107.05
2026-07-23 08:00,2026-07-23,08:00,12870.34,295.0,13178.34
2026-07-23 09:00,2026-07-23,09:00,13237.93,323.0,13575.93
2026-07-23 10:00,2026-07-23,10:00,13513.59,83.0,13600.59
2026-07-23 11:00,2026-07-23,11:00,13618.99,98.0,13720.99
2026-07-23 12:00,2026-07-23,12:00,14107.12,360.0,14483.12
2026-07-23 13:00,2026-07-23,13:00,14346.59,301.0,14661.59
2026-07-23 14:00,2026-07-23,14:00,13971.27,322.0,14307.27
2026-07-23 15:00,2026-07-23,15:00,14082.79,382.0,14481.79
2026-07-23 16:00,2026-07-23,16:00,13586.77,392.0,13996.77
2026-07-23 17:00,2026-07-23,17:00,13236.59,246.0,13493.59
2026-07-23 18:00,2026-07-23,18:00,13301.62,135.0,13442.62
2026-07-23 19:00,2026-07-23,19:00,14604.23,131.0,14741.23
2026-07-23 19:30,2026-07-23,19:30,15449.3,213.0,15672.3
2026-07-23 20:00,2026-07-23,20:00,15393.14,201.0,15603.14
2026-07-23 21:00,2026-07-23,21:00,15411.55,212.0,15633.55
2026-07-23 22:00,2026-07-23,22:00,15090.51,232.0,15332.51
2026-07-23 23:00,2026-07-23,23:00,14985.29,271.0,15268.29
2026-07-24 00:00,2026-07-24,00:00,14462.91,683.0,15176.91
2026-07-24 01:00,2026-07-24,01:00,13715.23,924.0,14681.23
2026-07-24 02:00,2026-07-24,02:00,13476.84,514.0,14013.84
2026-07-24 03:00,2026-07-24,03:00,13045.83,486.0,13553.83
2026-07-24 04:00,2026-07-24,04:00,12751.77,557.0,13333.77
2026-07-24 05:00,2026-07-24,05:00,12551.21,511.0,13085.21
2026-07-24 06:00,2026-07-24,06:00,11952.89,439.0,12411.89
2026-07-24 07:00,2026-07-24,07:00,11833.74,486.0,12341.74
2026-07-24 08:00,2026-07-24,08:00,11634.05,410.0,12062.05
2026-07-24 09:00,2026-07-24,09:00,11688.06,402.0,12108.15
2026-07-24 10:00,2026-07-24,10:00,11558.02,254.0,11823.02
2026-07-24 11:00,2026-07-24,11:00,11802.83,238.0,12051.83
2026-07-24 12:00,2026-07-24,12:00,12541.95,186.0,12735.95
2026-07-24 13:00,2026-07-24,13:00,13066.98,248.0,13325.98
2026-07-24 14:00,2026-07-24,14:00,12602.85,245.0,12858.85
2026-07-24 15:00,2026-07-24,15:00,12487.82,166.0,12660.82
2026-07-24 16:00,2026-07-24,16:00,12090.92,176.0,12274.92
2026-07-24 17:00,2026-07-24,17:00,11736.61,173.0,11917.61
2026-07-24 18:00,2026-07-24,18:00,11611.98,171.0,11790.98
2026-07-24 19:00,2026-07-24,19:00,12932.68,320.0,13267.08
2026-07-24 19:30,2026-07-24,19:30,13917.28,340.0,14272.28
2026-07-24 20:00,2026-07-24,20:00,14227.04,310.0,14551.04
2026-07-24 21:00,2026-07-24,21:00,14450.72,222.0,14682.72
2026-07-24 22:00,2026-07-24,22:00,14484.5,323.0,14822.5
2026-07-24 23:00,2026-07-24,23:00,14505.28,424.0,14948.36
2026-07-25 00:00,2026-07-25,00:00,14481.87,454.0,14956.3
2026-07-25 01:00,2026-07-25,01:00,14074.72,471.0,14566.92
2026-07-25 02:00,2026-07-25,02:00,13651.6,462.0,14134.6
2026-07-25 03:00,2026-07-25,03:00,13171.55,452.0,13643.55
2026-07-25 04:00,2026-07-25,04:00,12864.8,443.0,13327.8
2026-07-25 05:00,2026-07-25,05:00,12737.02,406.0,13161.02
2026-07-25 06:00,2026-07-25,06:00,12274.06,417.0,12710.06
2026-07-25 07:00,2026-07-25,07:00,12391.41,396.0,12805.41
2026-07-25 08:00,2026-07-25,08:00,12593.99,400.0,13011.99
2026-07-25 09:00,2026-07-25,09:00,12917.75,448.0,13385.75
2026-07-25 10:00,2026-07-25,10:00,13161.8,347.0,13524.8
2026-07-25 11:00,2026-07-25,11:00,13435.84,367.0,13819.84
2026-07-25 12:00,2026-07-25,12:00,14007.39,483.0,14512.39
2026-07-25 13:00,2026-07-25,13:00,14108.06,479.0,14609.06
2026-07-25 14:00,2026-07-25,14:00,14190.12,623.0,14841.12
2026-07-25 15:00,2026-07-25,15:00,14198.42,796.0,15030.42
2026-07-25 16:00,2026-07-25,16:00,14146.68,821.0,15004.68
2026-07-25 17:00,2026-07-25,17:00,13903.29,668.0,14601.29
2026-07-25 18:00,2026-07-25,18:00,13676.63,550.0,14251.63
2026-07-25 19:00,2026-07-25,19:00,14857.59,605.0,15489.59
2026-07-25 19:30,2026-07-25,19:30,15732.37,793.0,16561.37
2026-07-25 20:00,2026-07-25,20:00,15784.71,869.0,16692.71
2026-07-25 21:00,2026-07-25,21:00,15686.13,847.0,16571.13
2026-07-25 22:00,2026-07-25,22:00,15326.18,958.0,16327.18
2026-07-25 23:00,2026-07-25,23:00,15322.74,962.0,16327.74
2026-07-26 00:00,2026-07-26,00:00,15088.09,1377.0,16527.06
2026-07-26 01:00,2026-07-26,01:00,14645.64,1523.0,16237.64
2026-07-26 02:00,2026-07-26,02:00,14465.19,1210.0,15729.19
2026-07-26 03:00,2026-07-26,03:00,14140.4,943.0,15125.4
2026-07-26 04:00,2026-07-26,04:00,14039.95,889.0,14968.95
2026-07-26 05:00,2026-07-26,05:00,13858.45,782.0,14675.45
2026-07-26 06:00,2026-07-26,06:00,13383.25,721.0,14136.25
2026-07-26 07:00,2026-07-26,07:00,13422.19,660.0,14112.19
2026-07-26 08:00,2026-07-26,08:00,13547.25,671.0,14248.25
2026-07-26 09:00,2026-07-26,09:00,13595.38,648.0,14272.38
2026-07-26 10:00,2026-07-26,10:00,14014.68,717.0,14763.68
2026-07-26 11:00,2026-07-26,11:00,14185.69,726.0,14944.69
2026-07-26 12:00,2026-07-26,12:00,14388.39,1157.0,15597.39
2026-07-26 13:00,2026-07-26,13:00,14500.5,1166.0,15718.5
2026-07-26 14:00,2026-07-26,14:00,14525.54,1222.0,15802.54
2026-07-26 15:00,2026-07-26,15:00,14593.14,1290.0,15941.14
2026-07-26 16:00,2026-07-26,16:00,14351.52,1208.0,15613.52
2026-07-26 17:00,2026-07-26,17:00,14171.89,1111.0,15332.89
2026-07-26 18:00,2026-07-26,18:00,13997.37,878.0,14914.88
2026-07-26 19:00,2026-07-26,19:00,15039.64,749.0,15822.64
2026-07-26 19:30,2026-07-26,19:30,16021.24,882.0,16943.24
2026-07-26 20:00,2026-07-26,20:00,16062.94,1005.0,17112.94
2026-07-26 21:00,2026-07-26,21:00,16080.7,1135.0,17266.7
2026-07-26 22:00,2026-07-26,22:00,15787.88,992.0,16824.88
2026-07-26 23:00,2026-07-26,23:00,15933.28,1121.0,17104.28
2026-07-27 00:00,2026-07-27,00:00,15275.17,1669.0,17019.28
2026-07-27 01:00,2026-07-27,01:00,14854.29,1707.0,16638.11
2026-07-27 02:00,2026-07-27,02:00,14650.26,1640.0,16364.06
2026-07-27 03:00,2026-07-27,03:00,14465.65,1297.0,15821.02
2026-07-27 04:00,2026-07-27,04:00,14254.56,761.0,15049.81
2026-07-27 05:00,2026-07-27,05:00,14099.65,741.0,14874.0
2026-07-27 06:00,2026-07-27,06:00,13654.3,690.0,14375.35
2026-07-27 07:00,2026-07-27,07:00,13594.49,625.0,14247.49
2026-07-27 08:00,2026-07-27,08:00,13501.32,625.0,14154.32
2026-07-27 09:00,2026-07-27,09:00,13453.47,650.0,14132.47
2026-07-27 10:00,2026-07-27,10:00,13773.57,404.0,14195.57
2026-07-27 11:00,2026-07-27,11:00,13821.2,780.0,14636.2
2026-07-27 12:00,2026-07-27,12:00,14259.88,783.0,15077.88
2026-07-27 13:00,2026-07-27,13:00,14436.4,896.0,15372.4
2026-07-27 14:00,2026-07-27,14:00,14497.87,943.0,15482.87
2026-07-27 15:00,2026-07-27,15:00,14478.69,1149.0,15679.69
2026-07-27 16:00,2026-07-27,16:00,14252.21,1025.0,15323.21
2026-07-27 17:00,2026-07-27,17:00,14038.47,999.0,15082.47
2026-07-27 18:00,2026-07-27,18:00,13779.61,750.0,14563.61
2026-07-27 19:00,2026-07-27,19:00,15010.89,507.0,15540.89
2026-07-27 19:30,2026-07-27,19:30,15924.01,676.0,16630.01
2026-07-27 20:00,2026-07-27,20:00,15991.57,715.0,16738.57
2026-07-27 21:00,2026-07-27,21:00,16080.45,782.0,16897.45
2026-07-27 22:00,2026-07-27,22:00,15881.76,682.0,16594.45
2026-07-27 23:00,2026-07-27,23:00,15823.8,727.0,16583.8
2026-07-28 00:00,2026-07-28,00:00,15227.79,1690.0,16993.79
2026-07-28 01:00,2026-07-28,01:00,14847.84,1230.0,16133.19
2026-07-28 02:00,2026-07-28,02:00,14694.03,1022.0,15762.03
2026-07-28 03:00,2026-07-28,03:00,14410.63,720.0,15162.63
2026-07-28 04:00,2026-07-28,04:00,14259.21,676.0,14965.21
2026-07-28 05:00,2026-07-28,05:00,13937.74,561.0,14523.74
2026-07-28 06:00,2026-07-28,06:00,13696.46,546.0,14267.46
2026-07-28 07:00,2026-07-28,07:00,13689.36,591.0,14307.36
2026-07-28 08:00,2026-07-28,08:00,13555.33,535.0,14114.33
2026-07-28 09:00,2026-07-28,09:00,13414.89,512.0,13949.89
2026-07-28 10:00,2026-07-28,10:00,13530.75,703.0,14265.75
2026-07-28 11:00,2026-07-28,11:00,13553.76,833.0,14423.76
2026-07-28 12:00,2026-07-28,12:00,13996.92,1384.0,15442.92
2026-07-28 13:00,2026-07-28,13:00,14160.8,1227.0,15442.8
2026-07-28 14:00,2026-07-28,14:00,14348.22,1352.0,15761.22
2026-07-28 15:00,2026-07-28,15:00,14372.95,1326.0,15758.95
2026-07-28 16:00,2026-07-28,16:00,14287.36,1040.0,15374.36
2026-07-28 17:00,2026-07-28,17:00,14110.96,951.0,15104.96
2026-07-28 18:00,2026-07-28,18:00,13932.44,432.0,14383.44
2026-07-28 19:00,2026-07-28,19:00,14943.55,1093.0,16085.55
2026-07-28 19:30,2026-07-28,19:30,15244.8,1551.0,16865.8
2026-07-28 20:00,2026-07-28,20:00,15332.93,1625.0,17030.93
2026-07-28 21:00,2026-07-28,21:00,15636.28,1437.0,17138.28
2026-07-28 22:00,2026-07-28,22:00,15548.92,1116.0,16714.92
2026-07-28 23:00,2026-07-28,23:00,15296.69,1636.0,17006.69
2026-07-29 00:00,2026-07-29,00:00,14539.52,2478.0,17129.52
2026-07-29 01:00,2026-07-29,01:00,13943.32,2566.0,16624.32
2026-07-29 02:00,2026-07-29,02:00,13737.59,2552.0,16404.59
2026-07-29 03:00,2026-07-29,03:00,13691.65,2429.0,16229.65
2026-07-29 04:00,2026-07-29,04:00,13580.59,2349.0,16035.59
2026-07-29 05:00,2026-07-29,05:00,13561.99,2237.0,15899.99
2026-07-29 06:00,2026-07-29,06:00,13319.27,1916.0,15321.27
2026-07-29 07:00,2026-07-29,07:00,13518.99,1596.0,15186.99
2026-07-29 08:00,2026-07-29,08:00,13591.59,1632.0,15296.59
2026-07-29 09:00,2026-07-29,09:00,13577.71,1511.0,15156.71
2026-07-29 10:00,2026-07-29,10:00,14068.67,1341.0,15469.67
2026-07-29 11:00,2026-07-29,11:00,14478.25,633.0,15139.25
2026-07-29 12:00,2026-07-29,12:00,14761.4,1118.0,15929.4
2026-07-29 13:00,2026-07-29,13:00,14603.05,1346.0,16010.05
2026-07-29 14:00,2026-07-29,14:00,14140.22,1594.0,15806.22
2026-07-29 15:00,2026-07-29,15:00,14162.26,1781.0,16023.26
2026-07-29 16:00,2026-07-29,16:00,13996.07,1790.0,15867.07
2026-07-29 17:00,2026-07-29,17:00,13786.99,1639.0,15499.99
2026-07-29 18:00,2026-07-29,18:00,13962.61,440.0,14422.61
2026-07-29 19:00,2026-07-29,19:00,14532.69,1536.0,16137.69
2026-07-29 19:30,2026-07-29,19:30,14713.9,1899.0,16697.9
2026-07-29 20:00,2026-07-29,20:00,14720.74,2039.0,16851.74
2026-07-29 21:00,2026-07-29,21:00,14798.75,2335.0,17238.75
2026-07-29 22:00,2026-07-29,22:00,14777.65,2141.0,17014.65
2026-07-29 23:00,2026-07-29,23:00,14774.31,2266.0,17142.31
2026-07-30 00:00,2026-07-30,00:00,14435.51,2465.0,17011.44
2026-07-30 01:00,2026-07-30,01:00,13906.1,2334.0,16345.1
2026-07-30 02:00,2026-07-30,02:00,13740.79,2191.0,16030.39
2026-07-30 03:00,2026-07-30,03:00,13689.2,2115.0,15899.38
2026-07-30 04:00,2026-07-30,04:00,13623.02,2045.0,15760.05
2026-07-30 05:00,2026-07-30,05:00,13536.46,1170.0,14759.46
2026-07-30 06:00,2026-07-30,06:00,13147.93,413.0,13579.93
2026-07-30 07:00,2026-07-30,07:00,13282.86,467.0,13770.86
2026-07-30 08:00,2026-07-30,08:00,13362.91,444.0,13826.89
2026-07-30 09:00,2026-07-30,09:00,13080.48,576.0,13682.4
2026-07-30 10:00,2026-07-30,10:00,13425.6,990.0,14460.15
2026-07-30 11:00,2026-07-30,11:00,13473.16,1354.0,14888.09
2026-07-30 12:00,2026-07-30,12:00,13611.74,1949.0,15648.45
2026-07-30 13:00,2026-07-30,13:00,13738.11,1987.0,15814.11
2026-07-30 14:00,2026-07-30,14:00,13435.16,2002.0,15527.16
2026-07-30 15:00,2026-07-30,15:00,13481.23,2330.0,15916.23
2026-07-30 16:00,2026-07-30,16:00,13421.15,1829.0,15332.15
2026-07-30 17:00,2026-07-30,17:00,13403.34,1637.0,15114.34
2026-07-30 18:00,2026-07-30,18:00,13431.83,1232.0,14718.83
2026-07-30 19:00,2026-07-30,19:00,14788.97,1406.0,16258.24
2026-07-30 19:30,2026-07-30,19:30,14964.27,1643.0,16681.27
2026-07-30 20:00,2026-07-30,20:00,14940.79,1371.0,16373.79
2026-07-30 21:00,2026-07-30,21:00,15322.59,1479.0,16868.59
2026-07-30 22:00,2026-07-30,22:00,15207.1,1054.0,16308.1
2026-07-30 23:00,2026-07-30,23:00,14812.99,1484.0,16363.99
2026-07-31 00:00,2026-07-31,00:00,14027.63,2238.0,16366.34
2026-07-31 01:00,2026-07-31,01:00,13662.17,2161.0,15920.17
2026-07-31 02:00,2026-07-31,02:00,13629.24,2072.0,15794.24
2026-07-31 03:00,2026-07-31,03:00,13458.03,2054.0,15604.03
2026-07-31 04:00,2026-07-31,04:00,13382.92,1951.0,15421.92
2026-07-31 05:00,2026-07-31,05:00,13336.05,1918.0,15340.05
2026-07-31 06:00,2026-07-31,06:00,13097.48,579.0,13702.48
2026-07-31 07:00,2026-07-31,07:00,12957.01,325.0,13297.01
2026-07-31 08:00,2026-07-31,08:00,12911.39,206.0,13126.39
2026-07-31 09:00,2026-07-31,09:00,12836.33,223.0,13069.33
2026-07-31 10:00,2026-07-31,10:00,12814.01,172.0,12994.01
2026-07-31 11:00,2026-07-31,11:00,13023.16,44.0,13069.16
2026-07-31 12:00,2026-07-31,12:00,13543.01,364.0,13923.01
2026-07-31 13:00,2026-07-31,13:00,13709.18,660.0,14399.18
2026-07-31 14:00,2026-07-31,14:00,13565.38,527.0,14116.1
2026-07-31 15:00,2026-07-31,15:00,13153.63,1066.0,14267.6
2026-07-31 16:00,2026-07-31,16:00,13079.16,632.0,13739.6
2026-07-31 17:00,2026-07-31,17:00,12968.29,0.0,12968.29
2026-07-31 18:00,2026-07-31,18:00,12755.01,0.0,12755.01
2026-07-31 19:00,2026-07-31,19:00,13873.32,117.0,13995.32
2026-07-31 19:30,2026-07-31,19:30,14575.19,1013.0,15634.19
2026-07-31 20:00,2026-07-31,20:00,14446.94,1303.0,15808.94
2026-07-31 21:00,2026-07-31,21:00,14702.52,1516.0,16286.52
2026-07-31 22:00,2026-07-31,22:00,14775.74,1249.0,16080.74
2026-07-31 23:00,2026-07-31,23:00,14769.57,1688.0,16533.57
2026-08-01 00:00,2026-08-01,00:00,14087.26,2746.0,16956.83
2026-08-01 01:00,2026-08-01,01:00,13237.9,2790.0,16153.9
2026-08-01 02:00,2026-08-01,02:00,13037.86,2740.0,15900.86
2026-08-01 03:00,2026-08-01,03:00,12854.08,2680.0,15655.08
2026-08-01 04:00,2026-08-01,04:00,12771.26,2606.0,15494.26
2026-08-01 05:00,2026-08-01,05:00,12841.78,2559.0,15515.78
2026-08-01 06:00,2026-08-01,06:00,12787.27,2220.0,15107.27
2026-08-01 07:00,2026-08-01,07:00,12898.41,1856.0,14838.41
2026-08-01 08:00,2026-08-01,08:00,12944.71,1893.0,14922.71
2026-08-01 09:00,2026-08-01,09:00,13087.4,2000.0,15177.4
2026-08-01 10:00,2026-08-01,10:00,13356.95,2046.0,15494.95
2026-08-01 11:00,2026-08-01,11:00,13521.66,1887.0,15493.66
2026-08-01 12:00,2026-08-01,12:00,13618.42,2651.0,16388.42
2026-08-01 13:00,2026-08-01,13:00,13591.36,2457.0,16159.36
2026-08-01 14:00,2026-08-01,14:00,13660.5,2514.0,16287.5
2026-08-01 15:00,2026-08-01,15:00,13808.18,2515.0,16436.18
2026-08-01 16:00,2026-08-01,16:00,13748.85,2378.0,16233.85
2026-08-01 17:00,2026-08-01,17:00,13811.5,1729.0,15618.31
2026-08-01 18:00,2026-08-01,18:00,14109.67,1051.0,15207.67
2026-08-01 19:00,2026-08-01,19:00,15005.58,1686.0,16767.58
2026-08-01 19:30,2026-08-01,19:30,15138.64,1886.0,17109.64
2026-08-01 20:00,2026-08-01,20:00,15131.15,1948.0,17167.15
2026-08-01 21:00,2026-08-01,21:00,15355.19,2072.0,17520.19
2026-08-01 22:00,2026-08-01,22:00,15345.21,1580.0,16996.21
2026-08-01 23:00,2026-08-01,23:00,15243.71,1874.0,17201.71
2026-08-02 00:00,2026-08-02,00:00,14272.5,3053.0,17462.5
2026-08-02 01:00,2026-08-02,01:00,13248.81,2953.0,16334.7
2026-08-02 02:00,2026-08-02,02:00,13220.42,2980.0,16334.52
2026-08-02 03:00,2026-08-02,03:00,13102.86,3014.0,16252.49
2026-08-02 04:00,2026-08-02,04:00,13070.82,2932.0,16134.76
2026-08-02 05:00,2026-08-02,05:00,13063.41,2838.0,16029.12
2026-08-02 06:00,2026-08-02,06:00,13073.61,2629.0,15820.92
2026-08-02 07:00,2026-08-02,07:00,13084.73,2476.0,15672.15
2026-08-02 08:00,2026-08-02,08:00,12863.93,2690.0,15674.98
2026-08-02 09:00,2026-08-02,09:00,13001.66,2786.0,15913.03
2026-08-02 10:00,2026-08-02,10:00,13610.7,1800.0,15491.7
2026-08-02 11:00,2026-08-02,11:00,14128.27,1572.0,15771.01
2026-08-02 12:00,2026-08-02,12:00,14425.58,2165.0,16688.01
2026-08-02 13:00,2026-08-02,13:00,14119.67,2251.0,16471.97
2026-08-02 14:00,2026-08-02,14:00,14025.04,2373.0,16504.83
2026-08-02 15:00,2026-08-02,15:00,14087.64,2634.0,16840.17
2026-08-02 16:00,2026-08-02,16:00,13897.24,2419.0,16425.1
2026-08-02 17:00,2026-08-02,17:00,13645.27,2063.0,15801.11
2026-08-02 18:00,2026-08-02,18:00,13955.28,1548.0,15572.94
2026-08-02 19:00,2026-08-02,19:00,14938.59,1782.0,16800.78
2026-08-02 19:30,2026-08-02,19:30,15315.94,1821.0,17218.89
2026-08-02 20:00,2026-08-02,20:00,15394.58,1588.0,17054.04
2026-08-02 21:00,2026-08-02,21:00,15562.5,2216.0,17878.22
2026-08-02 22:00,2026-08-02,22:00,15176.07,1866.0,17126.04
2026-08-02 23:00,2026-08-02,23:00,14846.12,2381.0,17334.27
2026-08-03 00:00,2026-08-03,00:00,13977.58,3251.0,17374.58
2026-08-03 01:00,2026-08-03,01:00,13236.91,3512.0,16906.91
2026-08-03 02:00,2026-08-03,02:00,13169.43,3484.0,16810.43
2026-08-03 03:00,2026-08-03,03:00,13137.86,3398.0,16688.86
2026-08-03 04:00,2026-08-03,04:00,13015.89,3311.0,16475.89
2026-08-03 05:00,2026-08-03,05:00,12895.82,3234.0,16275.82
2026-08-03 06:00,2026-08-03,06:00,12551.34,3294.0,15993.34
2026-08-03 07:00,2026-08-03,07:00,12336.59,3039.0,15512.59
2026-08-03 08:00,2026-08-03,08:00,12374.09,3031.0,15541.09
2026-08-03 09:00,2026-08-03,09:00,12487.83,3004.0,15626.83
2026-08-03 10:00,2026-08-03,10:00,12964.26,2656.0,15739.78
2026-08-03 11:00,2026-08-03,11:00,13383.3,2074.0,15550.63
2026-08-03 12:00,2026-08-03,12:00,13663.58,2716.0,16501.58
2026-08-03 13:00,2026-08-03,13:00,13902.64,2623.0,16643.64
2026-08-03 14:00,2026-08-03,14:00,14018.83,2412.0,16539.83
2026-08-03 15:00,2026-08-03,15:00,14017.73,2577.0,16710.73
2026-08-03 16:00,2026-08-03,16:00,14062.55,2211.0,16372.55
2026-08-03 17:00,2026-08-03,17:00,13861.7,2112.0,16068.7
2026-08-03 18:00,2026-08-03,18:00,13879.94,1916.0,15881.94
2026-08-03 19:00,2026-08-03,19:00,14975.07,2345.0,17426.07
2026-08-03 19:30,2026-08-03,19:30,15194.18,2359.0,17659.18
2026-08-03 20:00,2026-08-03,20:00,15230.75,2094.0,17418.75
2026-08-03 21:00,2026-08-03,21:00,15373.78,2333.0,17811.78
2026-08-03 22:00,2026-08-03,22:00,15306.63,1853.0,17242.63
2026-08-03 23:00,2026-08-03,23:00,14815.53,2665.0,17600.53
2026-08-04 00:00,2026-08-04,00:00,14098.59,3232.0,17475.59
2026-08-04 01:00,2026-08-04,01:00,13635.92,3006.0,16776.92
2026-08-04 02:00,2026-08-04,02:00,13594.18,2799.0,16519.18
2026-08-04 03:00,2026-08-04,03:00,13553.47,2684.0,16358.47
2026-08-04 04:00,2026-08-04,04:00,13513.33,2563.0,16191.33
2026-08-04 05:00,2026-08-04,05:00,13564.99,2306.0,15974.99
2026-08-04 06:00,2026-08-04,06:00,13381.67,2083.0,15558.67
2026-08-04 07:00,2026-08-04,07:00,13355.79,1887.0,15327.79
2026-08-04 08:00,2026-08-04,08:00,13216.86,1762.0,15058.15
2026-08-04 09:00,2026-08-04,09:00,13428.7,1839.0,15350.46
2026-08-04 10:00,2026-08-04,10:00,13731.41,1226.0,15012.58
2026-08-04 11:00,2026-08-04,11:00,13917.12,1347.0,15324.74
2026-08-04 12:00,2026-08-04,12:00,14070.23,2021.0,16182.23
2026-08-04 13:00,2026-08-04,13:00,14207.3,1843.0,16133.3
2026-08-04 14:00,2026-08-04,14:00,13975.21,2020.0,16086.21
2026-08-04 15:00,2026-08-04,15:00,13873.97,2284.0,16260.97
2026-08-04 16:00,2026-08-04,16:00,13808.8,1995.0,15893.8
2026-08-04 17:00,2026-08-04,17:00,13612.54,1508.0,15188.54
2026-08-04 18:00,2026-08-04,18:00,13810.03,1194.0,15058.03
2026-08-04 19:00,2026-08-04,19:00,14842.03,1880.0,16807.03
2026-08-04 19:30,2026-08-04,19:30,15048.96,1955.0,17091.96
2026-08-04 20:00,2026-08-04,20:00,15085.64,1928.0,17100.64
2026-08-04 21:00,2026-08-04,21:00,15195.18,2185.0,17478.18
2026-08-04 22:00,2026-08-04,22:00,15052.78,1809.0,16942.78
2026-08-04 23:00,2026-08-04,23:00,14925.51,1961.0,16974.51
2026-08-05 00:00,2026-08-05,00:00,13780.53,2931.0,16843.43
2026-08-05 01:00,2026-08-05,01:00,13334.84,2970.0,16438.84
2026-08-05 02:00,2026-08-05,02:00,13207.65,2877.0,16213.65
2026-08-05 03:00,2026-08-05,03:00,13124.88,2746.0,15994.88
2026-08-05 04:00,2026-08-05,04:00,13017.41,2665.0,15802.41
2026-08-05 05:00,2026-08-05,05:00,12965.44,2604.0,15686.44
2026-08-05 06:00,2026-08-05,06:00,12666.73,1904.0,14656.73
2026-08-05 07:00,2026-08-05,07:00,12791.18,929.0,13762.18
2026-08-05 08:00,2026-08-05,08:00,12758.17,419.0,13196.17
2026-08-05 09:00,2026-08-05,09:00,12452.45,259.0,12723.45
2026-08-05 10:00,2026-08-05,10:00,12385.58,120.0,12510.58
2026-08-05 11:00,2026-08-05,11:00,12504.57,119.0,12628.57
2026-08-05 12:00,2026-08-05,12:00,12931.85,95.0,13030.85
2026-08-05 13:00,2026-08-05,13:00,13160.88,0.0,13160.88
2026-08-05 14:00,2026-08-05,14:00,12952.6,0.0,12952.6
2026-08-05 15:00,2026-08-05,15:00,12587.62,0.0,12587.62
2026-08-05 16:00,2026-08-05,16:00,12211.83,0.0,12211.83
2026-08-05 17:00,2026-08-05,17:00,11967.94,0.0,11967.94
2026-08-05 18:00,2026-08-05,18:00,12086.62,0.0,12086.62
2026-08-05 19:00,2026-08-05,19:00,13673.82,10.0,13683.82
2026-08-05 19:30,2026-08-05,19:30,14501.62,10.0,14511.62
2026-08-05 20:00,2026-08-05,20:00,14233.23,0.0,14233.23
2026-08-05 21:00,2026-08-05,21:00,14553.75,0.0,14553.75
2026-08-05 22:00,2026-08-05,22:00,14531.0,0.0,14531.0
2026-08-05 23:00,2026-08-05,23:00,14580.57,0.0,14580.57
2026-08-06 00:00,2026-08-06,00:00,14198.6,101.0,14304.6
2026-08-06 01:00,2026-08-06,01:00,13827.02,45.0,13874.05
2026-08-06 02:00,2026-08-06,02:00,13372.01,36.0,13410.01
2026-08-06 03:00,2026-08-06,03:00,12852.21,0.0,12852.21
2026-08-06 04:00,2026-08-06,04:00,12521.64,0.0,12521.64
2026-08-06 05:00,2026-08-06,05:00,12389.6,0.0,12389.6
2026-08-06 06:00,2026-08-06,06:00,12107.64,0.0,12107.64
2026-08-06 07:00,2026-08-06,07:00,12294.32,0.0,12294.32
2026-08-06 08:00,2026-08-06,08:00,12756.69,0.0,12756.69
2026-08-06 09:00,2026-08-06,09:00,13112.67,0.0,13112.67
2026-08-06 10:00,2026-08-06,10:00,13334.74,48.0,13384.74
2026-08-06 11:00,2026-08-06,11:00,13455.44,91.0,13550.44
2026-08-06 12:00,2026-08-06,12:00,14159.71,201.0,14369.71
2026-08-06 13:00,2026-08-06,13:00,14438.72,325.0,14778.72
2026-08-06 14:00,2026-08-06,14:00,14146.31,258.0,14416.31
2026-08-06 15:00,2026-08-06,15:00,14195.03,139.0,14340.03
2026-08-06 16:00,2026-08-06,16:00,13908.18,102.0,14015.18
2026-08-06 17:00,2026-08-06,17:00,13463.62,45.0,13510.62
2026-08-06 18:00,2026-08-06,18:00,13287.44,0.0,13287.44
2026-08-06 19:00,2026-08-06,19:00,14225.92,1081.0,15355.92
2026-08-06 19:30,2026-08-06,19:30,14496.76,1171.0,15720.76
2026-08-06 20:00,2026-08-06,20:00,14510.17,849.0,15397.17
2026-08-06 21:00,2026-08-06,21:00,14894.74,1405.0,16362.74
2026-08-06 22:00,2026-08-06,22:00,14723.7,1019.0,15788.7
2026-08-06 23:00,2026-08-06,23:00,14228.8,1475.0,15769.8
2026-08-07 00:00,2026-08-07,00:00,13663.82,2027.0,15781.82
2026-08-07 01:00,2026-08-07,01:00,13217.69,1887.0,15189.69
2026-08-07 02:00,2026-08-07,02:00,13085.26,1787.0,14952.26
2026-08-07 03:00,2026-08-07,03:00,12964.78,1739.0,14781.78
2026-08-07 04:00,2026-08-07,04:00,12926.89,1667.0,14668.89
2026-08-07 05:00,2026-08-07,05:00,12661.91,1248.0,13965.91
2026-08-07 06:00,2026-08-07,06:00,12229.1,629.0,12886.41
2026-08-07 07:00,2026-08-07,07:00,12039.41,668.0,12737.47
2026-08-07 08:00,2026-08-07,08:00,11893.95,206.0,12109.22
2026-08-07 09:00,2026-08-07,09:00,11539.62,136.0,11681.74
2026-08-07 10:00,2026-08-07,10:00,11760.28,26.0,11787.45
2026-08-07 11:00,2026-08-07,11:00,11797.21,0.0,11797.21
2026-08-07 12:00,2026-08-07,12:00,12500.51,39.0,12541.27
2026-08-07 13:00,2026-08-07,13:00,13170.03,512.0,13705.07
2026-08-07 14:00,2026-08-07,14:00,12551.98,193.0,12753.67
2026-08-07 15:00,2026-08-07,15:00,12546.4,248.0,12805.56
2026-08-07 16:00,2026-08-07,16:00,12333.63,125.0,12464.26
2026-08-07 17:00,2026-08-07,17:00,11852.72,81.0,11937.37
2026-08-07 18:00,2026-08-07,18:00,11818.24,76.0,11897.66
2026-08-07 19:00,2026-08-07,19:00,13208.7,330.0,13553.7
2026-08-07 19:30,2026-08-07,19:30,14354.01,471.0,14846.01
2026-08-07 20:00,2026-08-07,20:00,14313.85,897.0,15250.85
2026-08-07 21:00,2026-08-07,21:00,14534.38,1042.0,15623.38
2026-08-07 22:00,2026-08-07,22:00,14536.52,994.0,15575.52
2026-08-07 23:00,2026-08-07,23:00,14390.76,1484.0,15941.76
2026-08-08 00:00,2026-08-08,00:00,13479.77,2370.0,15956.77
2026-08-08 01:00,2026-08-08,01:00,12909.51,2632.0,15659.95
2026-08-08 02:00,2026-08-08,02:00,12820.77,2531.0,15465.67
2026-08-08 03:00,2026-08-08,03:00,12755.88,2432.0,15297.32
2026-08-08 04:00,2026-08-08,04:00,12702.46,2180.0,14980.56
2026-08-08 05:00,2026-08-08,05:00,12697.86,2021.0,14809.81
2026-08-08 06:00,2026-08-08,06:00,12474.55,1734.0,14286.58
2026-08-08 07:00,2026-08-08,07:00,12411.23,1566.0,14047.7
2026-08-08 08:00,2026-08-08,08:00,12748.24,1427.0,14239.46
2026-08-08 09:00,2026-08-08,09:00,12802.27,1505.0,14375.0
2026-08-08 10:00,2026-08-08,10:00,13210.63,911.0,14162.63
2026-08-08 11:00,2026-08-08,11:00,13329.58,1272.0,14658.58
2026-08-08 12:00,2026-08-08,12:00,13435.88,1810.0,15326.88
2026-08-08 13:00,2026-08-08,13:00,13569.49,2003.0,15662.49
2026-08-08 14:00,2026-08-08,14:00,13375.42,2127.0,15598.42
2026-08-08 15:00,2026-08-08,15:00,13078.48,2958.0,16169.48
2026-08-08 16:00,2026-08-08,16:00,12847.77,2778.0,15750.77
2026-08-08 17:00,2026-08-08,17:00,12904.87,2534.0,15552.9
2026-08-08 18:00,2026-08-08,18:00,12926.29,2190.0,15215.29
2026-08-08 19:00,2026-08-08,19:00,14025.19,2575.0,16716.19
2026-08-08 19:30,2026-08-08,19:30,14506.56,2681.0,17308.56
2026-08-08 20:00,2026-08-08,20:00,14701.96,1969.0,16759.96
2026-08-08 21:00,2026-08-08,21:00,15076.62,2655.0,17850.62
2026-08-08 22:00,2026-08-08,22:00,14665.33,2442.0,17217.33
2026-08-08 23:00,2026-08-08,23:00,14151.4,2878.0,17159.4
2026-08-09 00:00,2026-08-09,00:00,13544.13,3604.0,17310.31
2026-08-09 01:00,2026-08-09,01:00,13001.34,3505.0,16664.34
2026-08-09 02:00,2026-08-09,02:00,12950.8,3407.0,16510.8
2026-08-09 03:00,2026-08-09,03:00,12973.16,3315.0,16437.16
2026-08-09 04:00,2026-08-09,04:00,12847.3,3232.0,16224.3
2026-08-09 05:00,2026-08-09,05:00,12927.31,3140.0,16208.31
2026-08-09 06:00,2026-08-09,06:00,12724.06,2928.0,15784.06
2026-08-09 07:00,2026-08-09,07:00,12666.38,2736.0,15525.38
2026-08-09 08:00,2026-08-09,08:00,12649.21,2795.0,15570.21
2026-08-09 09:00,2026-08-09,09:00,12952.86,2866.0,15947.83
2026-08-09 10:00,2026-08-09,10:00,13046.08,2847.0,16021.08
2026-08-09 11:00,2026-08-09,11:00,13277.17,2864.0,16270.17
2026-08-09 12:00,2026-08-09,12:00,13335.69,3312.0,16796.69
2026-08-09 13:00,2026-08-09,13:00,13314.17,3141.0,16596.17
2026-08-09 14:00,2026-08-09,14:00,13403.71,3133.0,16677.71
2026-08-09 15:00,2026-08-09,15:00,13240.92,3671.0,17076.92
2026-08-09 16:00,2026-08-09,16:00,13294.29,3363.0,16808.29
2026-08-09 17:00,2026-08-09,17:00,13278.4,2967.0,16379.4
2026-08-09 18:00,2026-08-09,18:00,13549.99,2475.0,16135.99
2026-08-09 19:00,2026-08-09,19:00,14786.27,2618.0,17522.27
2026-08-09 19:30,2026-08-09,19:30,15159.93,2437.0,17706.93
2026-08-09 20:00,2026-08-09,20:00,15312.82,2722.0,18156.82
2026-08-09 21:00,2026-08-09,21:00,15246.85,2265.0,17613.85
2026-08-09 22:00,2026-08-09,22:00,15056.79,2278.0,17437.79
2026-08-09 23:00,2026-08-09,23:00,14683.95,2592.0,17392.95
2026-08-10 00:00,2026-08-10,00:00,13756.26,3656.0,17576.78
2026-08-10 01:00,2026-08-10,01:00,13162.1,3757.0,17088.1
2026-08-10 02:00,2026-08-10,02:00,13021.04,3751.0,16941.04
2026-08-10 03:00,2026-08-10,03:00,13082.12,3639.0,16885.12
2026-08-10 04:00,2026-08-10,04:00,12926.5,3463.0,16545.5
2026-08-10 05:00,2026-08-10,05:00,12918.46,3372.0,16442.46
2026-08-10 06:00,2026-08-10,06:00,12916.55,2916.0,15963.55
2026-08-10 07:00,2026-08-10,07:00,12934.2,2703.0,15759.2
2026-08-10 08:00,2026-08-10,08:00,13018.27,2474.0,15603.27
2026-08-10 09:00,2026-08-10,09:00,13435.5,2337.0,15877.5
2026-08-10 10:00,2026-08-10,10:00,13720.9,2473.0,16304.9
2026-08-10 11:00,2026-08-10,11:00,13750.13,2579.0,16445.13
2026-08-10 12:00,2026-08-10,12:00,14075.95,2932.0,17139.95
2026-08-10 13:00,2026-08-10,13:00,14254.54,2541.0,16909.54
2026-08-10 14:00,2026-08-10,14:00,14154.7,2613.0,16885.29
2026-08-10 15:00,2026-08-10,15:00,13924.65,3408.0,17486.01
2026-08-10 16:00,2026-08-10,16:00,13858.94,3193.0,17195.63
2026-08-10 17:00,2026-08-10,17:00,13803.62,3123.0,17067.16
2026-08-10 18:00,2026-08-10,18:00,14039.88,2577.0,16732.85
2026-08-10 19:00,2026-08-10,19:00,15393.73,2599.0,18109.69
2026-08-10 19:30,2026-08-10,19:30,15684.17,2038.0,17813.88
2026-08-10 20:00,2026-08-10,20:00,15620.89,1999.0,17709.85
2026-08-10 21:00,2026-08-10,21:00,15706.04,2692.0,18519.18
2026-08-10 22:00,2026-08-10,22:00,15305.1,2217.0,17621.87
2026-08-10 23:00,2026-08-10,23:00,14940.18,2471.0,17522.38
2026-08-11 00:00,2026-08-11,00:00,14178.13,3537.0,17874.3
2026-08-11 01:00,2026-08-11,01:00,13858.97,2690.0,16670.02
2026-08-11 02:00,2026-08-11,02:00,13757.05,2474.0,16342.38
2026-08-11 03:00,2026-08-11,03:00,13686.63,2243.0,16030.57
2026-08-11 04:00,2026-08-11,04:00,13592.63,1827.0,15501.85
2026-08-11 05:00,2026-08-11,05:00,13519.19,1223.0,14797.23
2026-08-11 06:00,2026-08-11,06:00,13226.23,1037.0,14309.9
2026-08-11 07:00,2026-08-11,07:00,13412.69,1141.0,14604.69
2026-08-11 08:00,2026-08-11,08:00,13336.68,1100.0,14486.68
2026-08-11 09:00,2026-08-11,09:00,13525.6,1818.0,15425.6
2026-08-11 10:00,2026-08-11,10:00,13712.47,2104.0,15911.47
2026-08-11 11:00,2026-08-11,11:00,14023.19,2372.0,16501.93
2026-08-11 12:00,2026-08-11,12:00,14114.98,3056.0,17308.98
2026-08-11 13:00,2026-08-11,13:00,14251.92,2669.0,17040.92
2026-08-11 14:00,2026-08-11,14:00,14152.74,2812.0,17091.74
2026-08-11 15:00,2026-08-11,15:00,13989.46,3465.0,17610.46
2026-08-11 16:00,2026-08-11,16:00,13816.65,3270.0,17233.65
2026-08-11 17:00,2026-08-11,17:00,13818.45,3055.0,17010.45
2026-08-11 18:00,2026-08-11,18:00,14105.81,2499.0,16716.81
2026-08-11 19:00,2026-08-11,19:00,15224.0,2677.0,18021.0
2026-08-11 19:30,2026-08-11,19:30,15357.2,2489.0,17958.2
2026-08-11 20:00,2026-08-11,20:00,15457.32,2520.0,18090.32
2026-08-11 21:00,2026-08-11,21:00,15833.37,3007.0,18975.37
2026-08-11 22:00,2026-08-11,22:00,15833.02,2215.0,18148.02
2026-08-11 23:00,2026-08-11,23:00,15536.19,2695.0,18352.19
2026-08-12 00:00,2026-08-12,00:00,14654.16,3592.0,18408.16
2026-08-12 01:00,2026-08-12,01:00,13996.09,3194.0,17334.09
2026-08-12 02:00,2026-08-12,02:00,13745.2,3116.0,17001.2
2026-08-12 03:00,2026-08-12,03:00,13409.31,3056.0,16603.31
2026-08-12 04:00,2026-08-12,04:00,13598.22,2951.0,16682.22
2026-08-12 05:00,2026-08-12,05:00,13504.25,2873.0,16506.25
2026-08-12 06:00,2026-08-12,06:00,13407.97,2626.0,16151.97
2026-08-12 07:00,2026-08-12,07:00,13371.2,2319.0,15794.2
2026-08-12 08:00,2026-08-12,08:00,13440.92,2323.0,15868.92
2026-08-12 09:00,2026-08-12,09:00,13632.43,2589.0,16338.43
2026-08-12 10:00,2026-08-12,10:00,13808.23,2510.0,16431.23
2026-08-12 11:00,2026-08-12,11:00,14279.04,1900.0,16265.04
2026-08-12 12:00,2026-08-12,12:00,14635.83,2688.0,17444.83
2026-08-12 13:00,2026-08-12,13:00,14610.28,2438.0,17158.28
2026-08-12 14:00,2026-08-12,14:00,14544.35,2464.0,17119.35
2026-08-12 15:00,2026-08-12,15:00,14594.19,3382.0,18128.19
2026-08-12 16:00,2026-08-12,16:00,14174.26,2717.0,17013.26
2026-08-12 17:00,2026-08-12,17:00,14324.01,2664.0,17108.01
2026-08-12 18:00,2026-08-12,18:00,14577.29,1321.0,15957.29
2026-08-12 19:00,2026-08-12,19:00,15487.57,2422.0,18018.57
2026-08-12 19:30,2026-08-12,19:30,15332.59,2448.0,17890.75
2026-08-12 20:00,2026-08-12,20:00,15657.69,1941.0,17685.69
2026-08-12 21:00,2026-08-12,21:00,16092.99,2538.0,18744.99
2026-08-12 22:00,2026-08-12,22:00,16171.77,1168.0,17392.33
2026-08-12 23:00,2026-08-12,23:00,16099.39,1339.0,17498.65
2026-08-13 00:00,2026-08-13,00:00,15700.79,2330.0,18135.64
2026-08-13 01:00,2026-08-13,01:00,14585.08,2411.0,17104.08
2026-08-13 02:00,2026-08-13,02:00,14213.79,2637.0,16969.79
2026-08-13 03:00,2026-08-13,03:00,14201.0,2498.0,16811.0
2026-08-13 04:00,2026-08-13,04:00,14114.53,2025.0,16230.53
2026-08-13 05:00,2026-08-13,05:00,14249.1,1790.0,16120.1
2026-08-13 06:00,2026-08-13,06:00,14072.74,1500.0,15640.74
2026-08-13 07:00,2026-08-13,07:00,14119.93,1095.0,15263.93
2026-08-13 08:00,2026-08-13,08:00,14175.44,709.0,14916.44
2026-08-13 09:00,2026-08-13,09:00,14083.06,525.0,14632.06
2026-08-13 10:00,2026-08-13,10:00,14453.94,471.0,14945.94
2026-08-13 11:00,2026-08-13,11:00,14619.7,380.0,15016.7
2026-08-13 12:00,2026-08-13,12:00,15053.0,410.0,15481.0
2026-08-13 13:00,2026-08-13,13:00,15226.61,458.0,15705.61
2026-08-13 14:00,2026-08-13,14:00,15056.9,371.0,15444.9
2026-08-13 15:00,2026-08-13,15:00,15136.81,377.0,15530.81
2026-08-13 16:00,2026-08-13,16:00,15047.8,195.0,15251.8
2026-08-13 17:00,2026-08-13,17:00,14847.17,282.0,15142.17
2026-08-13 18:00,2026-08-13,18:00,14476.26,376.0,14869.26
2026-08-13 19:00,2026-08-13,19:00,15713.58,1094.0,16856.81
2026-08-13 19:30,2026-08-13,19:30,16280.28,935.0,17257.28
2026-08-13 20:00,2026-08-13,20:00,16248.54,538.0,16810.54
2026-08-13 21:00,2026-08-13,21:00,16189.18,603.0,16819.18
2026-08-13 22:00,2026-08-13,22:00,16112.08,662.0,16804.08
2026-08-13 23:00,2026-08-13,23:00,16069.5,654.0,16752.5
2026-08-14 00:00,2026-08-14,00:00,15732.3,1473.0,17271.59
2026-08-14 01:00,2026-08-14,01:00,14967.99,1644.0,16685.97
2026-08-14 02:00,2026-08-14,02:00,14478.8,1809.0,16369.21
2026-08-14 03:00,2026-08-14,03:00,14302.79,1773.0,16155.58
2026-08-14 04:00,2026-08-14,04:00,14161.93,1728.0,15967.69
2026-08-14 05:00,2026-08-14,05:00,13975.79,1590.0,15637.34
2026-08-14 06:00,2026-08-14,06:00,13661.97,642.0,14332.86
2026-08-14 07:00,2026-08-14,07:00,13551.55,304.0,13869.23
2026-08-14 08:00,2026-08-14,08:00,13436.3,185.0,13629.63
2026-08-14 09:00,2026-08-14,09:00,13182.52,169.0,13359.13
2026-08-14 10:00,2026-08-14,10:00,13308.06,0.0,13308.06
2026-08-14 11:00,2026-08-14,11:00,13586.57,0.0,13586.57
2026-08-14 12:00,2026-08-14,12:00,14174.33,0.0,14174.33
2026-08-14 13:00,2026-08-14,13:00,14933.05,52.0,14987.05
2026-08-14 14:00,2026-08-14,14:00,14280.45,22.0,14303.45
2026-08-14 15:00,2026-08-14,15:00,14477.81,0.0,14477.81
2026-08-14 16:00,2026-08-14,16:00,14078.5,48.0,14128.5
2026-08-14 17:00,2026-08-14,17:00,13723.59,48.0,13773.59
2026-08-14 18:00,2026-08-14,18:00,13244.77,20.0,13265.67
2026-08-14 19:00,2026-08-14,19:00,15238.05,273.0,15523.05
2026-08-14 19:30,2026-08-14,19:30,16059.33,186.0,16253.33
2026-08-14 20:00,2026-08-14,20:00,16071.11,211.0,16291.11
2026-08-14 21:00,2026-08-14,21:00,16293.03,396.0,16707.03
2026-08-14 22:00,2026-08-14,22:00,16027.26,411.0,16456.26
2026-08-14 23:00,2026-08-14,23:00,15583.13,1496.0,17146.13
2026-08-15 00:00,2026-08-15,00:00,15070.8,2003.0,17163.94
2026-08-15 01:00,2026-08-15,01:00,14556.24,2087.0,16737.24
2026-08-15 02:00,2026-08-15,02:00,14168.09,2017.0,16276.09
2026-08-15 03:00,2026-08-15,03:00,14124.67,1978.0,16191.67
2026-08-15 04:00,2026-08-15,04:00,13875.5,1898.0,15858.5
2026-08-15 05:00,2026-08-15,05:00,13830.39,1778.0,15688.39
2026-08-15 06:00,2026-08-15,06:00,13670.48,1254.0,14980.48
2026-08-15 07:00,2026-08-15,07:00,13874.88,1058.0,14980.88
2026-08-15 08:00,2026-08-15,08:00,13826.19,971.0,14841.19
2026-08-15 09:00,2026-08-15,09:00,13793.42,974.0,14811.25
2026-08-15 10:00,2026-08-15,10:00,14274.8,281.0,14568.45
2026-08-15 11:00,2026-08-15,11:00,14699.71,167.0,14874.71
2026-08-15 12:00,2026-08-15,12:00,15091.25,607.0,15725.25
2026-08-15 13:00,2026-08-15,13:00,14763.1,1128.0,15942.1
2026-08-15 14:00,2026-08-15,14:00,14634.0,1321.0,16014.45
2026-08-15 15:00,2026-08-15,15:00,14983.58,1616.0,16672.3
2026-08-15 16:00,2026-08-15,16:00,14774.35,1374.0,16210.18
2026-08-15 17:00,2026-08-15,17:00,15050.66,770.0,15855.31
2026-08-15 18:00,2026-08-15,18:00,14617.03,442.0,15078.92
2026-08-15 19:00,2026-08-15,19:00,15629.12,1427.0,17120.34
2026-08-15 19:30,2026-08-15,19:30,15911.98,1602.0,17586.07
2026-08-15 20:00,2026-08-15,20:00,16114.53,1335.0,17509.61
2026-08-15 21:00,2026-08-15,21:00,16190.24,1553.0,17813.24
2026-08-15 22:00,2026-08-15,22:00,16171.53,969.0,17184.53
2026-08-15 23:00,2026-08-15,23:00,16211.28,945.0,17199.28
2026-08-16 00:00,2026-08-16,00:00,15929.67,1615.0,17617.35
2026-08-16 01:00,2026-08-16,01:00,15398.88,1592.0,17062.88
2026-08-16 02:00,2026-08-16,02:00,15043.78,1549.0,16662.78
2026-08-16 03:00,2026-08-16,03:00,14893.76,1370.0,16325.76
2026-08-16 04:00,2026-08-16,04:00,14813.58,1009.0,15867.58
2026-08-16 05:00,2026-08-16,05:00,14837.11,643.0,15509.11
2026-08-16 06:00,2026-08-16,06:00,14261.57,485.0,14768.57
2026-08-16 07:00,2026-08-16,07:00,14295.15,469.0,14785.15
2026-08-16 08:00,2026-08-16,08:00,14182.61,490.0,14694.61
2026-08-16 09:00,2026-08-16,09:00,14241.94,474.0,14736.94
2026-08-16 10:00,2026-08-16,10:00,14255.1,490.0,14767.1
2026-08-16 11:00,2026-08-16,11:00,14591.47,392.0,15001.47
2026-08-16 12:00,2026-08-16,12:00,14951.75,718.0,15701.75
2026-08-16 13:00,2026-08-16,13:00,14894.26,602.0,15523.26
2026-08-16 14:00,2026-08-16,14:00,14852.78,552.0,15429.78
2026-08-16 15:00,2026-08-16,15:00,14864.0,819.0,15720.0
2026-08-16 16:00,2026-08-16,16:00,14495.21,703.0,15230.21
2026-08-16 17:00,2026-08-16,17:00,14464.77,365.0,14845.77
2026-08-16 18:00,2026-08-16,18:00,14424.79,373.0,14814.79
2026-08-16 19:00,2026-08-16,19:00,15435.83,1358.0,16854.83
2026-08-16 19:30,2026-08-16,19:30,15402.84,1237.0,16695.84
2026-08-16 20:00,2026-08-16,20:00,15789.39,440.0,16249.39
2026-08-16 21:00,2026-08-16,21:00,16120.55,629.0,16777.55
2026-08-16 22:00,2026-08-16,22:00,16100.56,497.0,16619.56
2026-08-16 23:00,2026-08-16,23:00,15963.11,487.0,16472.11
2026-08-17 00:00,2026-08-17,00:00,15631.0,635.0,16295.0
2026-08-17 01:00,2026-08-17,01:00,15141.64,802.0,15979.64
2026-08-17 02:00,2026-08-17,02:00,14952.6,602.0,15581.6
2026-08-17 03:00,2026-08-17,03:00,14581.91,349.0,14946.91
2026-08-17 04:00,2026-08-17,04:00,14265.14,322.0,14601.14
2026-08-17 05:00,2026-08-17,05:00,14132.55,302.0,14448.55
2026-08-17 06:00,2026-08-17,06:00,13727.32,291.0,14031.32
2026-08-17 07:00,2026-08-17,07:00,13622.55,303.0,13939.55
2026-08-17 08:00,2026-08-17,08:00,13575.12,258.0,13845.12
2026-08-17 09:00,2026-08-17,09:00,13567.55,499.0,14088.55
2026-08-17 10:00,2026-08-17,10:00,13880.32,526.0,14430.32
2026-08-17 11:00,2026-08-17,11:00,14283.79,98.0,14385.79
2026-08-17 12:00,2026-08-17,12:00,14356.77,893.0,15289.77
2026-08-17 13:00,2026-08-17,13:00,14366.35,547.0,14938.35
2026-08-17 14:00,2026-08-17,14:00,14466.45,90.0,14560.45
2026-08-17 15:00,2026-08-17,15:00,14410.76,119.0,14534.76
2026-08-17 16:00,2026-08-17,16:00,14073.73,58.0,14134.73
2026-08-17 17:00,2026-08-17,17:00,13894.61,73.0,13970.61
2026-08-17 18:00,2026-08-17,18:00,14232.44,28.0,14261.7
2026-08-17 19:00,2026-08-17,19:00,15682.11,182.0,15872.11
2026-08-17 19:30,2026-08-17,19:30,15891.47,302.0,16207.47
2026-08-17 20:00,2026-08-17,20:00,15717.31,169.0,15894.31
2026-08-17 21:00,2026-08-17,21:00,15748.97,202.0,15959.97
2026-08-17 22:00,2026-08-17,22:00,15654.33,223.0,15887.37
2026-08-17 23:00,2026-08-17,23:00,15519.32,268.0,15799.38
2026-08-18 00:00,2026-08-18,00:00,15355.99,308.0,15677.99
2026-08-18 01:00,2026-08-18,01:00,14783.73,392.0,15193.37
2026-08-18 02:00,2026-08-18,02:00,14393.29,367.0,14776.81
2026-08-18 03:00,2026-08-18,03:00,13900.79,340.0,14256.09
2026-08-18 04:00,2026-08-18,04:00,13624.19,276.0,13912.61
2026-08-18 05:00,2026-08-18,05:00,13407.71,273.0,13693.0
2026-08-18 06:00,2026-08-18,06:00,13100.64,259.0,13371.3
2026-08-18 07:00,2026-08-18,07:00,13216.67,330.0,13561.67
2026-08-18 08:00,2026-08-18,08:00,13381.28,389.0,13787.79
2026-08-18 09:00,2026-08-18,09:00,13635.27,376.0,14028.27
2026-08-18 10:00,2026-08-18,10:00,13711.64,296.0,14020.64
2026-08-18 11:00,2026-08-18,11:00,14136.62,211.0,14356.62
2026-08-18 12:00,2026-08-18,12:00,14871.51,170.0,15049.51
2026-08-18 13:00,2026-08-18,13:00,14826.49,226.0,15062.49
2026-08-18 14:00,2026-08-18,14:00,14735.23,132.0,14873.23
2026-08-18 15:00,2026-08-18,15:00,14890.12,184.0,15082.12
2026-08-18 16:00,2026-08-18,16:00,14400.58,198.0,14607.58
2026-08-18 17:00,2026-08-18,17:00,14451.47,248.0,14710.63
2026-08-18 18:00,2026-08-18,18:00,14133.95,250.0,14395.2
2026-08-18 19:00,2026-08-18,19:00,15772.35,445.0,16237.35
2026-08-18 19:30,2026-08-18,19:30,16208.16,529.0,16761.16
2026-08-18 20:00,2026-08-18,20:00,16021.04,295.0,16329.04
2026-08-18 21:00,2026-08-18,21:00,16096.49,334.0,16445.49
2026-08-18 22:00,2026-08-18,22:00,15927.7,398.0,16343.7
2026-08-18 23:00,2026-08-18,23:00,15813.06,412.0,16244.06
2026-08-19 00:00,2026-08-19,00:00,15857.79,325.0,16197.42
2026-08-19 01:00,2026-08-19,01:00,15275.21,428.0,15722.47
2026-08-19 02:00,2026-08-19,02:00,14899.93,426.0,15345.1
2026-08-19 03:00,2026-08-19,03:00,14576.12,406.0,15000.39
2026-08-19 04:00,2026-08-19,04:00,14242.02,343.0,14600.02
2026-08-19 05:00,2026-08-19,05:00,14000.78,333.0,14348.78
2026-08-19 06:00,2026-08-19,06:00,13711.06,298.0,14022.06
2026-08-19 07:00,2026-08-19,07:00,13902.24,261.0,14175.24
2026-08-19 08:00,2026-08-19,08:00,13854.37,357.0,14227.44
2026-08-19 09:00,2026-08-19,09:00,13967.08,329.0,14310.89
2026-08-19 10:00,2026-08-19,10:00,14366.74,117.0,14489.01
2026-08-19 11:00,2026-08-19,11:00,14183.65,123.0,14312.19
2026-08-19 12:00,2026-08-19,12:00,14322.35,563.0,14910.35
2026-08-19 13:00,2026-08-19,13:00,14567.64,1191.0,15812.64
2026-08-19 14:00,2026-08-19,14:00,14642.87,1067.0,15757.87
2026-08-19 15:00,2026-08-19,15:00,14596.83,1834.0,16513.83
2026-08-19 16:00,2026-08-19,16:00,14314.37,1777.0,16171.37
2026-08-19 17:00,2026-08-19,17:00,14176.5,1804.0,16061.5
2026-08-19 18:00,2026-08-19,18:00,14300.65,1434.0,15799.65
2026-08-19 19:00,2026-08-19,19:00,15426.79,2530.0,18070.79
2026-08-19 19:30,2026-08-19,19:30,15293.87,2447.0,17850.87
2026-08-19 20:00,2026-08-19,20:00,15420.4,1883.0,17388.4
2026-08-19 21:00,2026-08-19,21:00,15680.74,2266.0,18048.74
2026-08-19 22:00,2026-08-19,22:00,16180.35,1237.0,17473.35
2026-08-19 23:00,2026-08-19,23:00,16358.39,1179.0,17590.39
2026-08-20 00:00,2026-08-20,00:00,16482.88,1138.0,17672.09
2026-08-20 01:00,2026-08-20,01:00,15833.61,912.0,16786.61
2026-08-20 02:00,2026-08-20,02:00,15584.76,696.0,16311.76
2026-08-20 03:00,2026-08-20,03:00,15346.93,480.0,15848.93
2026-08-20 04:00,2026-08-20,04:00,15009.01,291.0,15313.01
2026-08-20 05:00,2026-08-20,05:00,14726.31,272.0,15010.31
2026-08-20 06:00,2026-08-20,06:00,14274.1,260.0,14546.1
2026-08-20 07:00,2026-08-20,07:00,14414.78,292.0,14719.78
2026-08-20 08:00,2026-08-20,08:00,14434.83,322.0,14770.83
2026-08-20 09:00,2026-08-20,09:00,14584.5,272.0,14868.5
2026-08-20 10:00,2026-08-20,10:00,14840.18,179.0,15027.18
2026-08-20 11:00,2026-08-20,11:00,15013.64,308.0,15335.64
2026-08-20 12:00,2026-08-20,12:00,15306.19,652.0,15987.19
2026-08-20 13:00,2026-08-20,13:00,14992.42,1370.0,16424.42
2026-08-20 14:00,2026-08-20,14:00,15130.4,1138.0,16319.61
2026-08-20 15:00,2026-08-20,15:00,15078.85,1774.0,16932.68
2026-08-20 16:00,2026-08-20,16:00,14820.65,1399.0,16282.61
2026-08-20 17:00,2026-08-20,17:00,14799.72,1297.0,16155.09
2026-08-20 18:00,2026-08-20,18:00,14795.45,958.0,15796.56
2026-08-20 19:00,2026-08-20,19:00,16075.0,1564.0,17709.38
2026-08-20 19:30,2026-08-20,19:30,16035.26,1778.0,17893.27
2026-08-20 20:00,2026-08-20,20:00,16136.14,1598.0,17806.05
2026-08-20 21:00,2026-08-20,21:00,16174.37,1589.0,17834.88
2026-08-20 22:00,2026-08-20,22:00,15917.69,1737.0,17732.86
2026-08-20 23:00,2026-08-20,23:00,16196.9,1206.0,17457.17
2026-08-21 00:00,2026-08-21,00:00,16390.04,1449.0,17904.25
2026-08-21 01:00,2026-08-21,01:00,15727.78,1395.0,17185.56
2026-08-21 02:00,2026-08-21,02:00,15519.3,1354.0,16934.3
2026-08-21 03:00,2026-08-21,03:00,15265.55,1115.0,16430.55
2026-08-21 04:00,2026-08-21,04:00,15133.99,956.0,16132.99
2026-08-21 05:00,2026-08-21,05:00,14319.36,1649.0,16042.36
2026-08-21 06:00,2026-08-21,06:00,13708.36,1331.0,15099.36
2026-08-21 07:00,2026-08-21,07:00,13912.92,531.0,14467.92
2026-08-21 08:00,2026-08-21,08:00,13870.4,381.0,14268.55
2026-08-21 09:00,2026-08-21,09:00,13730.89,365.0,14111.89
2026-08-21 10:00,2026-08-21,10:00,13762.16,266.0,14040.13
2026-08-21 11:00,2026-08-21,11:00,13982.73,160.0,14149.93
2026-08-21 12:00,2026-08-21,12:00,14726.98,230.0,14966.98
2026-08-21 13:00,2026-08-21,13:00,15263.59,173.0,15444.59
2026-08-21 14:00,2026-08-21,14:00,14558.93,150.0,14715.93
2026-08-21 15:00,2026-08-21,15:00,14592.8,131.0,14729.8
2026-08-21 16:00,2026-08-21,16:00,14380.49,150.0,14537.49
2026-08-21 17:00,2026-08-21,17:00,13882.89,97.0,13983.89
2026-08-21 18:00,2026-08-21,18:00,13528.22,114.0,13647.22
2026-08-21 19:00,2026-08-21,19:00,15708.28,243.0,15962.28
2026-08-21 19:30,2026-08-21,19:30,16365.1,343.0,16723.1
2026-08-21 20:00,2026-08-21,20:00,16261.27,438.0,16719.27
2026-08-21 21:00,2026-08-21,21:00,16376.3,540.0,16940.3
2026-08-21 22:00,2026-08-21,22:00,16245.81,1056.0,17349.33
2026-08-21 23:00,2026-08-21,23:00,15924.48,1531.0,17524.38
2026-08-22 00:00,2026-08-22,00:00,15706.33,2075.0,17874.71
2026-08-22 01:00,2026-08-22,01:00,14982.42,2118.0,17195.73
2026-08-22 02:00,2026-08-22,02:00,14574.14,2099.0,16767.14
2026-08-22 03:00,2026-08-22,03:00,14466.95,2035.0,16593.95
2026-08-22 04:00,2026-08-22,04:00,14443.38,1911.0,16440.38
2026-08-22 05:00,2026-08-22,05:00,14460.85,1403.0,15926.85
2026-08-22 06:00,2026-08-22,06:00,14350.22,756.0,15140.22
2026-08-22 07:00,2026-08-22,07:00,14456.95,505.0,14984.95
2026-08-22 08:00,2026-08-22,08:00,14528.28,323.0,14866.28
2026-08-22 09:00,2026-08-22,09:00,14601.56,247.0,14859.56
2026-08-22 10:00,2026-08-22,10:00,14722.46,102.0,14829.46
2026-08-22 11:00,2026-08-22,11:00,14846.2,111.0,14962.2
2026-08-22 12:00,2026-08-22,12:00,15250.85,374.0,15641.85
2026-08-22 13:00,2026-08-22,13:00,15210.31,786.0,16031.31
2026-08-22 14:00,2026-08-22,14:00,15166.08,667.0,15863.08
2026-08-22 15:00,2026-08-22,15:00,14776.91,1891.0,16752.91
2026-08-22 16:00,2026-08-22,16:00,14737.56,1935.0,16759.56
2026-08-22 17:00,2026-08-22,17:00,14774.23,1884.0,16743.23
2026-08-22 18:00,2026-08-22,18:00,15244.38,791.0,16071.38
2026-08-22 19:00,2026-08-22,19:00,16463.19,1484.0,18014.19
2026-08-22 19:30,2026-08-22,19:30,16470.51,1636.0,18180.51
2026-08-22 20:00,2026-08-22,20:00,16523.02,2115.0,18733.02
2026-08-22 21:00,2026-08-22,21:00,16477.35,1551.0,18098.35
2026-08-22 22:00,2026-08-22,22:00,16522.39,1392.0,17977.39
2026-08-22 23:00,2026-08-22,23:00,16602.84,1183.0,17838.84
